id,unit_of_measure,parameter_name,parameter_code,statistic_id,last_modified,begin,end,computation_period_identifier,computation_identifier,thresholds,sublocation_identifier,primary,monitoring_location_id,web_description,parameter_description,parent_time_series_id,data_gap_interval,statistics_begin,variable
1cc24023436343a492c49dbdf0578737,ft,Gage height,65,11,2026-10-02T10:08:10.550288,2020-08-04T19:15:00+00:00,2026-10-02T10:00:00+00:00,Points,Instantaneous,"[{'Name': 'HIGH', 'Type': 'ThresholdAbove', 'Periods': [{'EndTime': '9999-12-31T23:59:59.9999999+00:00', 'StartTime': '0001-01-01T00:00:00.0000000+00:00', 'AppliedTime': '2020-12-01T19:11:21.9338564Z', 'SuppressData': False, 'ReferenceValue': 11}], 'Severity': 0, 'Description': 'Unspecified threshold value', 'DisplayColor': '#994700', 'ReferenceCode': 'AQUARIUS only', 'ProcessingOrder': 'Suppression'}, {'Name': 'Operational limit (maximum) Approx. elev. of instruments', 'Type': 'ThresholdAbove', 'Periods': [{'EndTime': '9999-12-31T23:59:59.9999999+00:00', 'StartTime': '0001-01-01T00:00:00.0000000+00:00', 'AppliedTime': '2020-12-01T19:11:38.3814152Z', 'SuppressData': True, 'ReferenceValue': 17, 'SecondaryReferenceValue': 15.3}], 'Severity': 0, 'Description': 'Values above a specified threshold limit', 'DisplayColor': '#990600', 'ReferenceCode': 'Operational limit - high-Public', 'ProcessingOrder': 'Suppression'}, {'Name': 'LOW', 'Type': 'ThresholdBelow', 'Periods': [{'EndTime': '9999-12-31T23:59:59.9999999+00:00', 'StartTime': '0001-01-01T00:00:00.0000000+00:00', 'AppliedTime': '2020-12-01T19:12:02.5480266Z', 'SuppressData': False, 'ReferenceValue': 1.4}], 'Severity': 0, 'Description': 'Unspecified threshold value', 'DisplayColor': '#995400', 'ReferenceCode': 'AQUARIUS only', 'ProcessingOrder': 'Suppression'}, {'Name': 'Operational limit (minimum) GZF', 'Type': 'ThresholdBelow', 'Periods': [{'EndTime': '9999-12-31T23:59:59.9999999+00:00', 'StartTime': '0001-01-01T00:00:00.0000000+00:00', 'AppliedTime': '2020-12-01T19:13:27.6570623Z', 'SuppressData': True, 'ReferenceValue': -1, 'SecondaryReferenceValue': -0.8}], 'Severity': 0, 'Description': 'Values below a specified threshold limit', 'DisplayColor': '#990600', 'ReferenceCode': 'Operational limit - low-Public', 'ProcessingOrder': 'Suppression'}, {'Name': 'CSG UPPER', 'Type': 'None', 'Periods': [{'EndTime': '9999-12-31T23:59:59.9999999+00:00', 'StartTime': '0001-01-01T00:00:00.0000000+00:00', 'AppliedTime': '2020-12-01T19:12:20.8513806Z', 'SuppressData': False, 'ReferenceValue': 9.38}], 'Severity': 0, 'Description': 'NWISWeb reference line displayed to USGS level users', 'DisplayColor': '#990600', 'ReferenceCode': 'NWISWeb ref level - USGS', 'ProcessingOrder': 'Suppression'}, {'Name': 'NWS flood stage', 'Type': 'None', 'Periods': [{'EndTime': '9999-12-31T23:59:59.9999999+00:00', 'StartTime': '0001-01-01T00:00:00.0000000+00:00', 'AppliedTime': '2020-12-01T19:12:38.7062528Z', 'SuppressData': False, 'ReferenceValue': 12}], 'Severity': 0, 'Description': 'Display reference value', 'DisplayColor': '#990600', 'ReferenceCode': 'NWISWeb ref level - Public', 'ProcessingOrder': 'Suppression'}, {'Name': 'Lower CSG index elevation 3.58 ft.', 'Type': 'None', 'Periods': [{'EndTime': '9999-12-31T23:59:59.9999999+00:00', 'StartTime': '0001-01-01T00:00:00.0000000+00:00', 'AppliedTime': '2020-12-01T19:13:06.1255461Z', 'SuppressData': False, 'ReferenceValue': 3.59}], 'Severity': 0, 'Description': 'NWISWeb reference line displayed to USGS level users', 'DisplayColor': '#990600', 'ReferenceCode': 'NWISWeb ref level - USGS', 'ProcessingOrder': 'Suppression'}]",,Primary,USGS-09070500,,"Gage height, feet",,PT1H12M,,Stage
2f49698c3ed64ffd917d8163573c9cd5,mg/l,Dissolved oxygen,300,11,2026-10-02T05:08:29.658044,2021-04-09T19:15:00+00:00,2026-10-02T05:00:00+00:00,Points,Instantaneous,"[{'Name': 'Very High', 'Type': 'ThresholdAbove', 'Periods': [{'EndTime': '9999-12-31T23:59:59.9999999+00:00', 'StartTime': '0001-01-01T00:00:00.0000000+00:00', 'AppliedTime': '2021-04-09T21:44:48.9510001Z', 'SuppressData': True, 'ReferenceValue': 20}], 'Severity': 0, 'Description': 'Unspecified threshold value', 'DisplayColor': '#990600', 'ReferenceCode': 'AQUARIUS only', 'ProcessingOrder': 'Suppression'}, {'Name': 'Very Low', 'Type': 'ThresholdBelow', 'Periods': [{'EndTime': '9999-12-31T23:59:59.9999999+00:00', 'StartTime': '0001-01-01T00:00:00.0000000+00:00', 'AppliedTime': '2021-04-09T21:45:14.3655198Z', 'SuppressData': True, 'ReferenceValue': 1}], 'Severity': 0, 'Description': 'Unspecified threshold value', 'DisplayColor': '#990600', 'ReferenceCode': 'AQUARIUS only', 'ProcessingOrder': 'Suppression'}]",,Primary,USGS-09070500,,"Dissolved oxygen, water, unfiltered, milligrams per liter",,PT1H12M,,DO concentration
612a0a44a98641538e4d2a78fd6ffd75,uS/cm,Specific cond at 25C,95,11,2026-10-02T05:08:29.313304,2021-04-09T19:15:00+00:00,2026-10-02T04:00:00+00:00,Points,Instantaneous,"[{'Name': 'Very High', 'Type': 'ThresholdAbove', 'Periods': [{'EndTime': '9999-12-31T23:59:59.9999999+00:00', 'StartTime': '0001-01-01T00:00:00.0000000+00:00', 'AppliedTime': '2021-04-09T21:39:38.0385773Z', 'SuppressData': True, 'ReferenceValue': 3000}], 'Severity': 0, 'Description': 'Unspecified threshold value', 'DisplayColor': '#990600', 'ReferenceCode': 'AQUARIUS only', 'ProcessingOrder': 'Suppression'}, {'Name': 'Very Low', 'Type': 'ThresholdBelow', 'Periods': [{'EndTime': '9999-12-31T23:59:59.9999999+00:00', 'StartTime': '0001-01-01T00:00:00.0000000+00:00', 'AppliedTime': '2021-04-09T21:40:00.2051162Z', 'SuppressData': True, 'ReferenceValue': 100}], 'Severity': 0, 'Description': 'Unspecified threshold value', 'DisplayColor': '#990600', 'ReferenceCode': 'AQUARIUS only', 'ProcessingOrder': 'Suppression'}]",,Primary,USGS-09070500,,"Specific conductance, water, unfiltered, microsiemens per centimeter at 25 degrees Celsius",,PT1H12M,,Specific conductance
82a32c2aec874e368d7a2a991ddbc466,_FNU,"Turbidity, FNU",63680,11,2026-10-02T05:08:29.528456,2021-04-09T19:15:00+00:00,2026-10-02T05:00:00+00:00,Points,Instantaneous,"[{'Name': 'Very High', 'Type': 'ThresholdAbove', 'Periods': [{'EndTime': '9999-12-31T23:59:59.9999999+00:00', 'StartTime': '0001-01-01T00:00:00.0000000+00:00', 'AppliedTime': '2021-04-09T21:41:17.7377589Z', 'SuppressData': True, 'ReferenceValue': 4000}], 'Severity': 0, 'Description': 'Unspecified threshold value', 'DisplayColor': '#990600', 'ReferenceCode': 'AQUARIUS only', 'ProcessingOrder': 'Suppression'}, {'Name': 'Very Low', 'Type': 'ThresholdBelow', 'Periods': [{'EndTime': '9999-12-31T23:59:59.9999999+00:00', 'StartTime': '0001-01-01T00:00:00.0000000+00:00', 'AppliedTime': '2021-04-09T21:41:39.5814954Z', 'SuppressData': True, 'ReferenceValue': 0}], 'Severity': 0, 'Description': 'Unspecified threshold value', 'DisplayColor': '#990600', 'ReferenceCode': 'AQUARIUS only', 'ProcessingOrder': 'Suppression'}]",,Primary,USGS-09070500,,"Turbidity, water, unfiltered, monochrome near infra-red LED light, 780-900 nm, detection angle 90 +-2.5 degrees, formazin nephelometric units (FNU)",,PT1H12M,,Turbidity
88d24440872a4b44b9c91ebc6e003e6d,ft,"Stream level, NAVD88",63160,11,2026-10-02T06:08:35.047729,2024-09-16T07:00:00+00:00,2026-10-02T06:00:00+00:00,Points,Instantaneous,[],,Primary,USGS-09070500,,"Stream water level elevation above NAVD 1988, in feet",1cc24023436343a492c49dbdf0578737,PT1H12M,,
9aee39dee9d24043897e754b3556eb5e,ft^3/s,Discharge,60,11,2026-10-02T09:08:42.807636,1986-04-11T07:00:00+00:00,2026-10-02T09:00:00+00:00,Points,Instantaneous,[],,Primary,USGS-09070500,,"Discharge, cubic feet per second",1cc24023436343a492c49dbdf0578737,PT1H12M,1941.0,Discharge
e910a872b4874264a6160d6beb251de6,pH Units,pH,400,11,2026-10-02T05:08:29.680108,2021-04-09T19:15:00+00:00,2026-10-02T04:00:00+00:00,Points,Instantaneous,"[{'Name': 'Very High', 'Type': 'ThresholdAbove', 'Periods': [{'EndTime': '9999-12-31T23:59:59.9999999+00:00', 'StartTime': '0001-01-01T00:00:00.0000000+00:00', 'AppliedTime': '2021-04-09T21:42:49.9403616Z', 'SuppressData': True, 'ReferenceValue': 12}], 'Severity': 0, 'Description': 'Unspecified threshold value', 'DisplayColor': '#990600', 'ReferenceCode': 'AQUARIUS only', 'ProcessingOrder': 'Suppression'}, {'Name': 'Very Low', 'Type': 'ThresholdBelow', 'Periods': [{'EndTime': '9999-12-31T23:59:59.9999999+00:00', 'StartTime': '0001-01-01T00:00:00.0000000+00:00', 'AppliedTime': '2021-04-09T21:43:42.7963008Z', 'SuppressData': True, 'ReferenceValue': 1}], 'Severity': 0, 'Description': 'Unspecified threshold value', 'DisplayColor': '#990600', 'ReferenceCode': 'AQUARIUS only', 'ProcessingOrder': 'Suppression'}]",,Primary,USGS-09070500,,"pH, water, unfiltered, field, standard units",,PT1H12M,,pH
ea2a06a3d50d492c8fa56141daf824a2,degC,"Temperature, water",10,11,2026-10-02T05:08:29.622242,1996-10-09T21:00:00+00:00,2026-10-02T04:00:00+00:00,Points,Instantaneous,"[{'Name': 'Very Low', 'Type': 'ThresholdBelow', 'Periods': [{'EndTime': '9999-12-31T23:59:59.9999999+00:00', 'StartTime': '2021-08-01T00:00:00.0000000-07:00', 'AppliedTime': '2021-08-17T16:47:53.5002475Z', 'SuppressData': True, 'ReferenceValue': -0.4}], 'Severity': 0, 'Description': 'Unspecified threshold value', 'DisplayColor': '#990600', 'ReferenceCode': 'AQUARIUS only', 'ProcessingOrder': 'Suppression'}, {'Name': 'Very High', 'Type': 'ThresholdAbove', 'Periods': [{'EndTime': '9999-12-31T23:59:59.9999999+00:00', 'StartTime': '2021-08-01T00:00:00.0000000-07:00', 'AppliedTime': '2021-08-17T16:48:48.3305529Z', 'SuppressData': True, 'ReferenceValue': 30}], 'Severity': 0, 'Description': 'Unspecified threshold value', 'DisplayColor': '#990600', 'ReferenceCode': 'AQUARIUS only', 'ProcessingOrder': 'Suppression'}]",,Primary,USGS-09070500,,"Temperature, water, degrees Celsius",,PT1H12M,,Water temperature
5e664de72f1a4583ae71ca16ed787a3a,mg/l,Dissolved oxygen,300,11,2026-10-02T04:56:34.946488,2020-10-29T19:30:00+00:00,2026-10-02T04:45:00+00:00,Points,Instantaneous,"[{'Name': 'VERY LOW', 'Type': 'ThresholdBelow', 'Periods': [{'EndTime': '9999-12-31T23:59:59.9999999+00:00', 'StartTime': '0001-01-01T00:00:00.0000000+00:00', 'AppliedTime': '2021-01-13T15:43:05.2575663Z', 'SuppressData': True, 'ReferenceValue': 1}], 'Severity': 0, 'Description': 'Unspecified threshold value', 'DisplayColor': '#990600', 'ReferenceCode': 'AQUARIUS only', 'ProcessingOrder': 'Suppression'}, {'Name': 'VERY HIGH', 'Type': 'ThresholdAbove', 'Periods': [{'EndTime': '9999-12-31T23:59:59.9999999+00:00', 'StartTime': '0001-01-01T00:00:00.0000000+00:00', 'AppliedTime': '2021-01-13T15:43:26.2446119Z', 'SuppressData': True, 'ReferenceValue': 20}], 'Severity': 0, 'Description': 'Unspecified threshold value', 'DisplayColor': '#990600', 'ReferenceCode': 'AQUARIUS only', 'ProcessingOrder': 'Suppression'}]",,Primary,USGS-09071750,,"Dissolved oxygen, water, unfiltered, milligrams per liter",,PT1H12M,,DO concentration
737c3552a3f5458b9f2302d0e2e2fd44,_FNU,"Turbidity, FNU",63680,11,2026-10-02T04:56:35.685360,2020-10-29T19:30:00+00:00,2026-10-02T04:45:00+00:00,Points,Instantaneous,"[{'Name': 'VERY LOW', 'Type': 'ThresholdBelow', 'Periods': [{'EndTime': '9999-12-31T23:59:59.9999999+00:00', 'StartTime': '0001-01-01T00:00:00.0000000+00:00', 'AppliedTime': '2021-01-13T15:40:47.5825392Z', 'SuppressData': True, 'ReferenceValue': 0}], 'Severity': 0, 'Description': 'Unspecified threshold value', 'DisplayColor': '#990600', 'ReferenceCode': 'AQUARIUS only', 'ProcessingOrder': 'Suppression'}, {'Name': 'VERY HIGH', 'Type': 'ThresholdAbove', 'Periods': [{'EndTime': '9999-12-31T23:59:59.9999999+00:00', 'StartTime': '0001-01-01T00:00:00.0000000+00:00', 'AppliedTime': '2021-01-13T15:41:07.8808278Z', 'SuppressData': True, 'ReferenceValue': 4000}], 'Severity': 0, 'Description': 'Unspecified threshold value', 'DisplayColor': '#990600', 'ReferenceCode': 'AQUARIUS only', 'ProcessingOrder': 'Suppression'}]",,Primary,USGS-09071750,,"Turbidity, water, unfiltered, monochrome near infra-red LED light, 780-900 nm, detection angle 90 +-2.5 degrees, formazin nephelometric units (FNU)",,PT1H12M,,Turbidity
81ef70fecba04523b54c76f5246c572d,degC,"Temperature, water",10,11,2026-10-02T09:56:34.032655,2007-10-01T07:00:00+00:00,2026-10-02T09:45:00+00:00,Points,Instantaneous,"[{'Name': 'VERY LOW', 'Type': 'ThresholdBelow', 'Periods': [{'EndTime': '2021-08-01T00:00:00.0000000-07:00', 'StartTime': '2017-04-13T00:00:00.0000000-07:00', 'AppliedTime': '2017-07-11T16:16:50.7865935Z', 'SuppressData': True, 'ReferenceValue': -1}, {'EndTime': '9999-12-31T23:59:59.9999999+00:00', 'StartTime': '2021-08-01T00:30:00.0000000-07:00', 'AppliedTime': '2021-08-17T17:24:33.5929895Z', 'SuppressData': True, 'ReferenceValue': -0.4}], 'Severity': 0, 'Description': 'Unspecified threshold value', 'DisplayColor': '#800000', 'ReferenceCode': 'AQUARIUS only', 'ProcessingOrder': 'Suppression'}, {'Name': 'VERY HIGH', 'Type': 'ThresholdAbove', 'Periods': [{'EndTime': '9999-12-31T23:59:59.9999999+00:00', 'StartTime': '2017-04-13T00:00:00.0000000-07:00', 'AppliedTime': '2017-07-11T16:16:50.6411759Z', 'SuppressData': True, 'ReferenceValue': 30}], 'Severity': 0, 'Description': 'Unspecified threshold value', 'DisplayColor': '#FF0000', 'ReferenceCode': 'AQUARIUS only', 'ProcessingOrder': 'Suppression'}]",,Primary,USGS-09071750,,"Temperature, water, degrees Celsius",,PT1H12M,1996.0,Water temperature
9ed7c014226341fead82090b034f4c00,QSE,"fDOM, water, in situ",32295,11,2026-10-02T09:56:42.347949,,,Points,Instantaneous,[],,Primary,USGS-09071750,,"Dissolved organic matter fluorescence (fDOM), water, in situ, concentration estimated from reference material, micrograms per liter as quinine sulfate equivalents (QSE)",737c3552a3f5458b9f2302d0e2e2fd44,PT1H12M,,fDOM/CDOM
d14f19c1d6e946b78485f6ad619b2da9,pH Units,pH,400,11,2026-10-02T04:56:34.984260,2020-10-29T19:30:00+00:00,2026-10-02T04:45:00+00:00,Points,Instantaneous,"[{'Name': 'VERY LOW', 'Type': 'ThresholdBelow', 'Periods': [{'EndTime': '9999-12-31T23:59:59.9999999+00:00', 'StartTime': '0001-01-01T00:00:00.0000000+00:00', 'AppliedTime': '2021-01-13T15:42:10.6640521Z', 'SuppressData': True, 'ReferenceValue': 1}], 'Severity': 0, 'Description': 'Unspecified threshold value', 'DisplayColor': '#990600', 'ReferenceCode': 'AQUARIUS only', 'ProcessingOrder': 'Suppression'}, {'Name': 'VERY HIGH', 'Type': 'ThresholdAbove', 'Periods': [{'EndTime': '9999-12-31T23:59:59.9999999+00:00', 'StartTime': '0001-01-01T00:00:00.0000000+00:00', 'AppliedTime': '2021-01-13T15:42:32.0900121Z', 'SuppressData': True, 'ReferenceValue': 12}], 'Severity': 0, 'Description': 'Unspecified threshold value', 'DisplayColor': '#990600', 'ReferenceCode': 'AQUARIUS only', 'ProcessingOrder': 'Suppression'}]",,Primary,USGS-09071750,,"pH, water, unfiltered, field, standard units",,PT1H12M,,pH
fb25e5a55d8c4a3180ef6eb4a0a590b5,uS/cm,Specific cond at 25C,95,11,2026-10-02T09:56:34.240534,1995-10-01T07:00:00+00:00,2026-10-02T09:45:00+00:00,Points,Instantaneous,"[{'Name': 'VERY LOW', 'Type': 'ThresholdBelow', 'Periods': [{'EndTime': '9999-12-31T23:59:59.9999999+00:00', 'StartTime': '2017-04-13T00:00:00.0000000-07:00', 'AppliedTime': '2017-07-11T16:16:59.0310154Z', 'SuppressData': True, 'ReferenceValue': 100}], 'Severity': 0, 'Description': 'Unspecified threshold value', 'DisplayColor': '#800000', 'ReferenceCode': 'AQUARIUS only', 'ProcessingOrder': 'Suppression'}, {'Name': 'VERY HIGH', 'Type': 'ThresholdAbove', 'Periods': [{'EndTime': '9999-12-31T23:59:59.9999999+00:00', 'StartTime': '2017-04-13T00:00:00.0000000-07:00', 'AppliedTime': '2017-07-11T16:16:58.674427Z', 'SuppressData': True, 'ReferenceValue': 3000}], 'Severity': 0, 'Description': 'Unspecified threshold value', 'DisplayColor': '#FF0000', 'ReferenceCode': 'AQUARIUS only', 'ProcessingOrder': 'Suppression'}]",,Primary,USGS-09071750,,"Specific conductance, water, unfiltered, microsiemens per centimeter at 25 degrees Celsius",,PT1H12M,,Specific conductance
165728132ad941cc9c40062d2c9b38d4,ft^3/s,Discharge,60,11,2026-10-02T09:59:43.132863,1985-10-02T06:15:00+00:00,2026-10-02T09:45:00+00:00,Points,Instantaneous,[],,Primary,USGS-09085000,,"Discharge, cubic feet per second",2d5d06ca38ae4a0584fe8c28a308a829,PT1H12M,1972.0,Discharge
237ee41e35ba4ad78b3672fde8a13bea,pH Units,pH,400,11,2026-10-02T04:59:18.182362,2021-04-24T02:45:00+00:00,2026-10-02T04:45:00+00:00,Points,Instantaneous,"[{'Name': 'VERY LOW', 'Type': 'ThresholdBelow', 'Periods': [{'EndTime': '9999-12-31T23:59:59.9999999+00:00', 'StartTime': '0001-01-01T00:00:00.0000000+00:00', 'AppliedTime': '2021-08-06T18:36:04.1903899Z', 'SuppressData': True, 'ReferenceValue': 1}], 'Severity': 0, 'Description': 'Unspecified threshold value', 'DisplayColor': '#990600', 'ReferenceCode': 'AQUARIUS only', 'ProcessingOrder': 'Suppression'}, {'Name': 'VERY HIGH', 'Type': 'ThresholdAbove', 'Periods': [{'EndTime': '9999-12-31T23:59:59.9999999+00:00', 'StartTime': '0001-01-01T00:00:00.0000000+00:00', 'AppliedTime': '2021-08-06T18:36:23.8363562Z', 'SuppressData': True, 'ReferenceValue': 12}], 'Severity': 0, 'Description': 'Unspecified threshold value', 'DisplayColor': '#990600', 'ReferenceCode': 'AQUARIUS only', 'ProcessingOrder': 'Suppression'}]",,Primary,USGS-09085000,,"pH, water, unfiltered, field, standard units",,PT1H12M,,pH
27e2f117ef184010b31c1b863220685a,mg/l,Dissolved oxygen,300,11,2026-10-02T04:59:18.642017,2021-04-24T02:45:00+00:00,2026-10-02T04:45:00+00:00,Points,Instantaneous,"[{'Name': 'VERY LOW', 'Type': 'ThresholdBelow', 'Periods': [{'EndTime': '9999-12-31T23:59:59.9999999+00:00', 'StartTime': '0001-01-01T00:00:00.0000000+00:00', 'AppliedTime': '2021-08-06T18:37:04.2504298Z', 'SuppressData': True, 'ReferenceValue': 1}], 'Severity': 0, 'Description': 'Unspecified threshold value', 'DisplayColor': '#990600', 'ReferenceCode': 'AQUARIUS only', 'ProcessingOrder': 'Suppression'}, {'Name': 'VERY HIGH', 'Type': 'ThresholdAbove', 'Periods': [{'EndTime': '9999-12-31T23:59:59.9999999+00:00', 'StartTime': '0001-01-01T00:00:00.0000000+00:00', 'AppliedTime': '2021-08-06T18:37:26.8408327Z', 'SuppressData': True, 'ReferenceValue': 20}], 'Severity': 0, 'Description': 'Unspecified threshold value', 'DisplayColor': '#990600', 'ReferenceCode': 'AQUARIUS only', 'ProcessingOrder': 'Suppression'}]",,Primary,USGS-09085000,,"Dissolved oxygen, water, unfiltered, milligrams per liter",,PT1H12M,,DO concentration
2d5d06ca38ae4a0584fe8c28a308a829,ft,Gage height,65,11,2026-10-02T09:59:37.011247,2020-10-02T13:30:00+00:00,2026-10-02T09:45:00+00:00,Points,Instantaneous,"[{'Name': 'LOW', 'Type': 'ThresholdBelow', 'Periods': [{'EndTime': '9999-12-31T23:59:59.9999999+00:00', 'StartTime': '0001-01-01T00:00:00.0000000+00:00', 'AppliedTime': '2020-12-11T18:39:37.245945Z', 'SuppressData': False, 'ReferenceValue': 2.3}], 'Severity': 0, 'Description': 'Unspecified threshold value', 'DisplayColor': '#995c00', 'ReferenceCode': 'AQUARIUS only', 'ProcessingOrder': 'Suppression'}, {'Name': 'Operational limit (maximum) Approx. elev. of equipment', 'Type': 'ThresholdAbove', 'Periods': [{'EndTime': '9999-12-31T23:59:59.9999999+00:00', 'StartTime': '0001-01-01T00:00:00.0000000+00:00', 'AppliedTime': '2020-12-11T18:40:41.9166436Z', 'SuppressData': True, 'ReferenceValue': 10, 'SecondaryReferenceValue': 9}], 'Severity': 0, 'Description': 'Values above a specified threshold limit', 'DisplayColor': '#990600', 'ReferenceCode': 'Operational limit - high-Public', 'ProcessingOrder': 'Suppression'}, {'Name': 'HIGH', 'Type': 'ThresholdAbove', 'Periods': [{'EndTime': '9999-12-31T23:59:59.9999999+00:00', 'StartTime': '0001-01-01T00:00:00.0000000+00:00', 'AppliedTime': '2020-12-11T18:40:21.0611398Z', 'SuppressData': False, 'ReferenceValue': 8.5}], 'Severity': 0, 'Description': 'Unspecified threshold value', 'DisplayColor': '#994500', 'ReferenceCode': 'AQUARIUS only', 'ProcessingOrder': 'Suppression'}, {'Name': 'NWS flood stage', 'Type': 'None', 'Periods': [{'EndTime': '9999-12-31T23:59:59.9999999+00:00', 'StartTime': '0001-01-01T00:00:00.0000000+00:00', 'AppliedTime': '2020-12-11T18:41:05.1304875Z', 'SuppressData': False, 'ReferenceValue': 9.3}], 'Severity': 0, 'Description': 'Display reference value', 'DisplayColor': '#990600', 'ReferenceCode': 'NWISWeb ref level - Public', 'ProcessingOrder': 'Suppression'}, {'Name': 'CSG Index Elev.', 'Type': 'None', 'Periods': [{'EndTime': '9999-12-31T23:59:59.9999999+00:00', 'StartTime': '0001-01-01T00:00:00.0000000+00:00', 'AppliedTime': '0001-01-01T00:00:00Z', 'SuppressData': False, 'ReferenceValue': 2.36, 'SecondaryReferenceValue': 2}], 'Severity': 0, 'Description': 'NWISWeb reference line displayed to USGS level users', 'DisplayColor': '#990600', 'ReferenceCode': 'NWISWeb ref level - USGS', 'ProcessingOrder': 'Suppression'}, {'Name': 'Operational limit (minimum) Approx. GZF elev.', 'Type': 'ThresholdBelow', 'Periods': [{'EndTime': '9999-12-31T23:59:59.9999999+00:00', 'StartTime': '2022-03-02T10:00:00.0000000-07:00', 'AppliedTime': '2022-04-21T04:18:33.7786267Z', 'SuppressData': True, 'ReferenceValue': -0.1, 'SecondaryReferenceValue': 1}, {'EndTime': '2021-05-21T09:00:00.0000000-07:00', 'StartTime': '0001-01-01T00:00:00.0000000+00:00', 'AppliedTime': '2020-12-11T18:39:11.3510125Z', 'SuppressData': True, 'ReferenceValue': 2, 'SecondaryReferenceValue': 2.2}], 'Severity': 0, 'Description': 'Values below a specified threshold limit', 'DisplayColor': '#990600', 'ReferenceCode': 'Operational limit - low-Public', 'ProcessingOrder': 'Suppression'}]",,Primary,USGS-09085000,,"Gage height, feet",,PT1H12M,,Stage
32630205771848a98b6856c1dc5b526c,degC,"Temperature, water",10,11,2026-10-02T05:59:20.649755,2007-10-01T07:00:00+00:00,2026-10-02T05:45:00+00:00,Points,Instantaneous,"[{'Name': 'VERY LOW', 'Type': 'ThresholdBelow', 'Periods': [{'EndTime': '9999-12-31T23:59:59.9999999+00:00', 'StartTime': '2017-05-09T00:00:00.0000000-07:00', 'AppliedTime': '2017-07-11T16:23:50.5829099Z', 'SuppressData': True, 'ReferenceValue': -0.1}], 'Severity': 0, 'Description': 'Unspecified threshold value', 'DisplayColor': '#800000', 'ReferenceCode': 'AQUARIUS only', 'ProcessingOrder': 'Suppression'}, {'Name': 'VERY HIGH', 'Type': 'ThresholdAbove', 'Periods': [{'EndTime': '9999-12-31T23:59:59.9999999+00:00', 'StartTime': '2017-05-09T00:00:00.0000000-07:00', 'AppliedTime': '2017-07-11T16:23:50.4130182Z', 'SuppressData': True, 'ReferenceValue': 30}], 'Severity': 0, 'Description': 'Unspecified threshold value', 'DisplayColor': '#FF0000', 'ReferenceCode': 'AQUARIUS only', 'ProcessingOrder': 'Suppression'}]",,Primary,USGS-09085000,,"Temperature, water, degrees Celsius",,PT1H12M,,Water temperature
aa3158ef7beb4451886342177c60108a,_FNU,"Turbidity, FNU",63680,11,2026-10-02T04:59:18.414197,2021-04-24T02:45:00+00:00,2026-10-02T04:45:00+00:00,Points,Instantaneous,"[{'Name': 'VERY LOW', 'Type': 'ThresholdBelow', 'Periods': [{'EndTime': '9999-12-31T23:59:59.9999999+00:00', 'StartTime': '0001-01-01T00:00:00.0000000+00:00', 'AppliedTime': '2021-08-06T18:38:13.9710108Z', 'SuppressData': True, 'ReferenceValue': 0}], 'Severity': 0, 'Description': 'Unspecified threshold value', 'DisplayColor': '#990600', 'ReferenceCode': 'AQUARIUS only', 'ProcessingOrder': 'Suppression'}, {'Name': 'VERY HIGH', 'Type': 'ThresholdAbove', 'Periods': [{'EndTime': '9999-12-31T23:59:59.9999999+00:00', 'StartTime': '0001-01-01T00:00:00.0000000+00:00', 'AppliedTime': '2021-08-06T18:38:32.3563018Z', 'SuppressData': True, 'ReferenceValue': 4000}], 'Severity': 0, 'Description': 'Unspecified threshold value', 'DisplayColor': '#990600', 'ReferenceCode': 'AQUARIUS only', 'ProcessingOrder': 'Suppression'}]",,Primary,USGS-09085000,,"Turbidity, water, unfiltered, monochrome near infra-red LED light, 780-900 nm, detection angle 90 +-2.5 degrees, formazin nephelometric units (FNU)",,PT1H12M,,Turbidity
af75996d7c7f4121acc12821fd59d903,uS/cm,Specific cond at 25C,95,11,2026-10-02T04:59:18.319963,2021-04-24T02:45:00+00:00,2026-10-02T04:45:00+00:00,Points,Instantaneous,"[{'Name': 'VERY LOW', 'Type': 'ThresholdBelow', 'Periods': [{'EndTime': '9999-12-31T23:59:59.9999999+00:00', 'StartTime': '0001-01-01T00:00:00.0000000+00:00', 'AppliedTime': '2021-08-06T18:34:40.4511519Z', 'SuppressData': True, 'ReferenceValue': 100}], 'Severity': 0, 'Description': 'Unspecified threshold value', 'DisplayColor': '#990600', 'ReferenceCode': 'AQUARIUS only', 'ProcessingOrder': 'Suppression'}, {'Name': 'VERY HIGH', 'Type': 'ThresholdAbove', 'Periods': [{'EndTime': '9999-12-31T23:59:59.9999999+00:00', 'StartTime': '0001-01-01T00:00:00.0000000+00:00', 'AppliedTime': '2021-08-06T18:35:00.2710102Z', 'SuppressData': True, 'ReferenceValue': 3000}], 'Severity': 0, 'Description': 'Unspecified threshold value', 'DisplayColor': '#990600', 'ReferenceCode': 'AQUARIUS only', 'ProcessingOrder': 'Suppression'}]",,Primary,USGS-09085000,,"Specific conductance, water, unfiltered, microsiemens per centimeter at 25 degrees Celsius",,PT1H12M,,Specific conductance
150bdca1a6dc47a8a76c7f93e250edf2,_FNU,"Turbidity, FNU",63680,11,2025-06-04T21:58:32.227822,2020-10-28T19:44:00.927186+00:00,2025-05-07T17:25:00+00:00,Points,Instantaneous,"[{'Name': 'VERY HIGH', 'Type': 'ThresholdAbove', 'Periods': [{'EndTime': '9999-12-31T23:59:59.9999999+00:00', 'StartTime': '0001-01-01T00:00:00.0000000+00:00', 'AppliedTime': '2021-01-13T15:36:29.7159105Z', 'SuppressData': True, 'ReferenceValue': 4000}], 'Severity': 0, 'Description': 'Unspecified threshold value', 'DisplayColor': '#990600', 'ReferenceCode': 'AQUARIUS only', 'ProcessingOrder': 'Suppression'}, {'Name': 'VERY LOW', 'Type': 'ThresholdBelow', 'Periods': [{'EndTime': '2021-08-01T00:00:00.0000000-07:00', 'StartTime': '0001-01-01T00:00:00.0000000+00:00', 'AppliedTime': '2021-01-13T15:35:58.8473098Z', 'SuppressData': True, 'ReferenceValue': -0.1}, {'EndTime': '9999-12-31T23:59:59.9999999+00:00', 'StartTime': '2021-08-01T00:30:00.0000000-07:00', 'AppliedTime': '2021-08-17T17:52:15.0136024Z', 'SuppressData': True, 'ReferenceValue': 0}], 'Severity': 0, 'Description': 'Unspecified threshold value', 'DisplayColor': '#990600', 'ReferenceCode': 'AQUARIUS only', 'ProcessingOrder': 'Suppression'}]",,Primary,USGS-09085150,,"Turbidity, water, unfiltered, monochrome near infra-red LED light, 780-900 nm, detection angle 90 +-2.5 degrees, formazin nephelometric units (FNU)",,PT1H12M,,Turbidity
3c0666da21a149569037c0fcacf673a2,pH Units,pH,400,11,2025-06-04T21:42:34.766863,2020-10-28T19:00:00+00:00,2025-05-07T17:25:00+00:00,Points,Instantaneous,"[{'Name': 'VERY LOW', 'Type': 'ThresholdBelow', 'Periods': [{'EndTime': '9999-12-31T23:59:59.9999999+00:00', 'StartTime': '0001-01-01T00:00:00.0000000+00:00', 'AppliedTime': '2021-01-13T15:37:20.2064988Z', 'SuppressData': True, 'ReferenceValue': 1}], 'Severity': 0, 'Description': 'Unspecified threshold value', 'DisplayColor': '#990600', 'ReferenceCode': 'AQUARIUS only', 'ProcessingOrder': 'Suppression'}, {'Name': 'VERY HIGH', 'Type': 'ThresholdAbove', 'Periods': [{'EndTime': '9999-12-31T23:59:59.9999999+00:00', 'StartTime': '0001-01-01T00:00:00.0000000+00:00', 'AppliedTime': '2021-01-13T15:37:45.4639191Z', 'SuppressData': True, 'ReferenceValue': 12}], 'Severity': 0, 'Description': 'Unspecified threshold value', 'DisplayColor': '#990600', 'ReferenceCode': 'AQUARIUS only', 'ProcessingOrder': 'Suppression'}]",,Primary,USGS-09085150,,"pH, water, unfiltered, field, standard units",,PT1H12M,,pH
4cd47afbda334ba0a6698624eed027d6,uS/cm,Specific cond at 25C,95,11,2025-06-04T15:23:47.563505,2006-05-13T06:00:00+00:00,2025-05-07T17:25:00+00:00,Points,Instantaneous,"[{'Name': 'VERY HIGH', 'Type': 'ThresholdAbove', 'Periods': [{'EndTime': '9999-12-31T23:59:59.9999999+00:00', 'StartTime': '2017-04-13T00:00:00.0000000-07:00', 'AppliedTime': '2017-07-11T16:22:59.5190439Z', 'SuppressData': True, 'ReferenceValue': 5000}], 'Severity': 0, 'Description': 'Unspecified threshold value', 'DisplayColor': '#FF0000', 'ReferenceCode': 'AQUARIUS only', 'ProcessingOrder': 'Suppression'}, {'Name': 'LOW', 'Type': 'ThresholdBelow', 'Periods': [{'EndTime': '2021-03-18T00:00:00.0000000-07:00', 'StartTime': '2017-04-13T00:00:00.0000000-07:00', 'AppliedTime': '0001-01-01T00:00:00Z', 'SuppressData': False, 'ReferenceValue': 50}], 'Severity': 0, 'Description': 'Unspecified threshold value', 'DisplayColor': '#CC6600', 'ReferenceCode': 'AQUARIUS only', 'ProcessingOrder': 'Suppression'}, {'Name': 'VERY LOW', 'Type': 'ThresholdBelow', 'Periods': [{'EndTime': '9999-12-31T23:59:59.9999999+00:00', 'StartTime': '2017-04-13T00:00:00.0000000-07:00', 'AppliedTime': '2017-07-11T16:22:59.8235436Z', 'SuppressData': True, 'ReferenceValue': 0}], 'Severity': 0, 'Description': 'Unspecified threshold value', 'DisplayColor': '#800000', 'ReferenceCode': 'AQUARIUS only', 'ProcessingOrder': 'Suppression'}]",,Primary,USGS-09085150,,"Specific conductance, water, unfiltered, microsiemens per centimeter at 25 degrees Celsius",,PT1H12M,,Specific conductance
5c46fcaa1c28484bad8b5555463a73ea,degC,"Temperature, water",10,11,2025-06-03T22:52:20.820586,2006-05-13T06:00:00+00:00,2025-05-07T17:25:00+00:00,Points,Instantaneous,"[{'Name': 'VERY LOW', 'Type': 'ThresholdBelow', 'Periods': [{'EndTime': '2021-08-01T00:00:00.0000000-07:00', 'StartTime': '2017-04-13T00:00:00.0000000-07:00', 'AppliedTime': '2017-07-11T16:22:55.0551734Z', 'SuppressData': True, 'ReferenceValue': -5}, {'EndTime': '9999-12-31T23:59:59.9999999+00:00', 'StartTime': '2021-08-01T00:30:00.0000000-07:00', 'AppliedTime': '2021-08-17T17:50:20.4375321Z', 'SuppressData': True, 'ReferenceValue': -0.4}], 'Severity': 0, 'Description': 'Unspecified threshold value', 'DisplayColor': '#800000', 'ReferenceCode': 'AQUARIUS only', 'ProcessingOrder': 'Suppression'}, {'Name': 'VERY HIGH', 'Type': 'ThresholdAbove', 'Periods': [{'EndTime': '2021-08-01T00:00:00.0000000-07:00', 'StartTime': '2017-04-13T00:00:00.0000000-07:00', 'AppliedTime': '2017-07-11T16:22:54.8281044Z', 'SuppressData': True, 'ReferenceValue': 50}, {'EndTime': '9999-12-31T23:59:59.9999999+00:00', 'StartTime': '2021-08-01T00:30:00.0000000-07:00', 'AppliedTime': '2021-08-17T17:49:46.6654631Z', 'SuppressData': True, 'ReferenceValue': 30}], 'Severity': 0, 'Description': 'Unspecified threshold value', 'DisplayColor': '#FF0000', 'ReferenceCode': 'AQUARIUS only', 'ProcessingOrder': 'Suppression'}]",,Primary,USGS-09085150,,"Temperature, water, degrees Celsius",,PT1H12M,,Water temperature
d1081030a9ae49588cd4fd5e6b9917e3,mg/l,Dissolved oxygen,300,11,2025-06-04T15:50:59.302725,2020-10-28T19:00:00+00:00,2025-05-07T17:25:00+00:00,Points,Instantaneous,"[{'Name': 'VERY LOW', 'Type': 'ThresholdBelow', 'Periods': [{'EndTime': '9999-12-31T23:59:59.9999999+00:00', 'StartTime': '0001-01-01T00:00:00.0000000+00:00', 'AppliedTime': '2021-01-13T15:39:37.6946916Z', 'SuppressData': True, 'ReferenceValue': 1}], 'Severity': 0, 'Description': 'Unspecified threshold value', 'DisplayColor': '#990600', 'ReferenceCode': 'AQUARIUS only', 'ProcessingOrder': 'Suppression'}, {'Name': 'VERY HIGH', 'Type': 'ThresholdAbove', 'Periods': [{'EndTime': '9999-12-31T23:59:59.9999999+00:00', 'StartTime': '0001-01-01T00:00:00.0000000+00:00', 'AppliedTime': '2021-01-13T15:39:59.3411205Z', 'SuppressData': True, 'ReferenceValue': 20}], 'Severity': 0, 'Description': 'Unspecified threshold value', 'DisplayColor': '#990600', 'ReferenceCode': 'AQUARIUS only', 'ProcessingOrder': 'Suppression'}]",,Primary,USGS-09085150,,"Dissolved oxygen, water, unfiltered, milligrams per liter",,PT1H12M,,DO concentration
1778d783e00b4cfba8ba47f9d99b67c7,pH Units,pH,400,11,2026-10-02T07:26:00.809095,2024-10-30T22:05:00+00:00,2026-10-02T07:20:00+00:00,Points,Instantaneous,"[{'Name': 'VERY HIGH', 'Type': 'ThresholdAbove', 'Periods': [{'EndTime': '9999-12-31T23:59:59.9999999+00:00', 'StartTime': '0001-01-01T00:00:00.0000000+00:00', 'AppliedTime': '2024-10-31T17:28:14.6704091Z', 'SuppressData': True, 'ReferenceValue': 12}], 'Severity': 0, 'Description': 'Unspecified threshold value', 'DisplayColor': '#990600', 'ReferenceCode': 'AQUARIUS only', 'ProcessingOrder': 'Suppression'}, {'Name': 'VERY LOW', 'Type': 'ThresholdBelow', 'Periods': [{'EndTime': '9999-12-31T23:59:59.9999999+00:00', 'StartTime': '0001-01-01T00:00:00.0000000+00:00', 'AppliedTime': '2024-10-31T17:28:30.852267Z', 'SuppressData': True, 'ReferenceValue': 1}], 'Severity': 0, 'Description': 'Unspecified threshold value', 'DisplayColor': '#990600', 'ReferenceCode': 'AQUARIUS only', 'ProcessingOrder': 'Suppression'}]",,Primary,USGS-09085160,,"pH, water, unfiltered, field, standard units",,PT1H12M,,pH
39f7f0280a4b49cd96a47bcb812c934a,_FNU,"Turbidity, FNU",63680,11,2026-10-02T07:26:00.765210,2024-10-30T22:05:00+00:00,2026-10-02T07:20:00+00:00,Points,Instantaneous,"[{'Name': 'VERY HIGH', 'Type': 'ThresholdAbove', 'Periods': [{'EndTime': '9999-12-31T23:59:59.9999999+00:00', 'StartTime': '0001-01-01T00:00:00.0000000+00:00', 'AppliedTime': '2024-10-31T17:27:38.1033534Z', 'SuppressData': True, 'ReferenceValue': 4000}], 'Severity': 0, 'Description': 'Unspecified threshold value', 'DisplayColor': '#990600', 'ReferenceCode': 'AQUARIUS only', 'ProcessingOrder': 'Suppression'}, {'Name': 'VERY LOW', 'Type': 'ThresholdBelow', 'Periods': [{'EndTime': '9999-12-31T23:59:59.9999999+00:00', 'StartTime': '0001-01-01T00:00:00.0000000+00:00', 'AppliedTime': '2024-10-31T17:27:51.3638554Z', 'SuppressData': True, 'ReferenceValue': 0}], 'Severity': 0, 'Description': 'Unspecified threshold value', 'DisplayColor': '#990600', 'ReferenceCode': 'AQUARIUS only', 'ProcessingOrder': 'Suppression'}]",,Primary,USGS-09085160,,"Turbidity, water, unfiltered, monochrome near infra-red LED light, 780-900 nm, detection angle 90 +-2.5 degrees, formazin nephelometric units (FNU)",,PT1H12M,,Turbidity
9aa96fc61eb04814aed67ee4fe6ad0db,degC,"Temperature, water",10,11,2026-10-02T07:26:00.739209,2024-10-30T22:00:00+00:00,2026-10-02T07:20:00+00:00,Points,Instantaneous,"[{'Name': 'VERY HIGH', 'Type': 'ThresholdAbove', 'Periods': [{'EndTime': '9999-12-31T23:59:59.9999999+00:00', 'StartTime': '0001-01-01T00:00:00.0000000+00:00', 'AppliedTime': '2024-10-31T17:26:49.4235951Z', 'SuppressData': True, 'ReferenceValue': 30}], 'Severity': 0, 'Description': 'Unspecified threshold value', 'DisplayColor': '#990600', 'ReferenceCode': 'AQUARIUS only', 'ProcessingOrder': 'Suppression'}, {'Name': 'VERY LOW', 'Type': 'ThresholdBelow', 'Periods': [{'EndTime': '9999-12-31T23:59:59.9999999+00:00', 'StartTime': '0001-01-01T00:00:00.0000000+00:00', 'AppliedTime': '2024-10-31T17:27:03.985438Z', 'SuppressData': True, 'ReferenceValue': -0.4}], 'Severity': 0, 'Description': 'Unspecified threshold value', 'DisplayColor': '#990600', 'ReferenceCode': 'AQUARIUS only', 'ProcessingOrder': 'Suppression'}]",,Primary,USGS-09085160,,"Temperature, water, degrees Celsius",,PT1H12M,,Water temperature
c5bd9fbaa2a545eaa614518c3cd5aa2b,mg/l,Dissolved oxygen,300,11,2026-10-02T06:40:24.937117,2024-10-30T22:05:00+00:00,2026-10-02T06:35:00+00:00,Points,Instantaneous,"[{'Name': 'VERY HIGH', 'Type': 'ThresholdAbove', 'Periods': [{'EndTime': '9999-12-31T23:59:59.9999999+00:00', 'StartTime': '0001-01-01T00:00:00.0000000+00:00', 'AppliedTime': '2024-10-31T17:14:48.1556537Z', 'SuppressData': True, 'ReferenceValue': 20}], 'Severity': 0, 'Description': 'Unspecified threshold value', 'DisplayColor': '#990600', 'ReferenceCode': 'AQUARIUS only', 'ProcessingOrder': 'Suppression'}, {'Name': 'VERY LOW', 'Type': 'ThresholdBelow', 'Periods': [{'EndTime': '9999-12-31T23:59:59.9999999+00:00', 'StartTime': '0001-01-01T00:00:00.0000000+00:00', 'AppliedTime': '2024-10-31T17:15:11.400769Z', 'SuppressData': True, 'ReferenceValue': 1}], 'Severity': 0, 'Description': 'Unspecified threshold value', 'DisplayColor': '#990600', 'ReferenceCode': 'AQUARIUS only', 'ProcessingOrder': 'Suppression'}]",,Primary,USGS-09085160,,"Dissolved oxygen, water, unfiltered, milligrams per liter",,PT1H12M,,DO concentration
d2caf0edf29d45c3876ae62cd569ba10,uS/cm,Specific cond at 25C,95,11,2026-10-02T07:26:00.828949,2024-10-30T22:05:00+00:00,2026-10-02T07:20:00+00:00,Points,Instantaneous,"[{'Name': 'LOW', 'Type': 'ThresholdBelow', 'Periods': [{'EndTime': '9999-12-31T23:59:59.9999999+00:00', 'StartTime': '0001-01-01T00:00:00.0000000+00:00', 'AppliedTime': '2024-10-31T17:25:50.6827029Z', 'SuppressData': True, 'ReferenceValue': 50}], 'Severity': 0, 'Description': 'Unspecified threshold value', 'DisplayColor': '#990600', 'ReferenceCode': 'AQUARIUS only', 'ProcessingOrder': 'Suppression'}, {'Name': 'VERY HIGH', 'Type': 'ThresholdAbove', 'Periods': [{'EndTime': '9999-12-31T23:59:59.9999999+00:00', 'StartTime': '0001-01-01T00:00:00.0000000+00:00', 'AppliedTime': '2024-10-31T17:26:08.3030922Z', 'SuppressData': True, 'ReferenceValue': 5000}], 'Severity': 0, 'Description': 'Unspecified threshold value', 'DisplayColor': '#990600', 'ReferenceCode': 'AQUARIUS only', 'ProcessingOrder': 'Suppression'}]",,Primary,USGS-09085160,,"Specific conductance, water, unfiltered, microsiemens per centimeter at 25 degrees Celsius",,PT1H12M,,Specific conductance
1295addf9aae4acc86059b0615cee91b,uS/cm,Specific cond at 25C,95,11,2025-05-21T16:40:20.727991,2022-06-10T15:30:00+00:00,2024-11-01T06:45:00+00:00,Points,Instantaneous,"[{'Name': 'VERY LOW', 'Type': 'ThresholdBelow', 'Periods': [{'EndTime': '9999-12-31T23:59:59.9999999+00:00', 'StartTime': '0001-01-01T00:00:00.0000000+00:00', 'AppliedTime': '2022-06-10T19:43:51.8538216Z', 'SuppressData': True, 'ReferenceValue': 100}], 'Severity': 0, 'Description': 'Unspecified threshold value', 'DisplayColor': '#990600', 'ReferenceCode': 'AQUARIUS only', 'ProcessingOrder': 'Suppression'}, {'Name': 'VERY HIGH', 'Type': 'ThresholdAbove', 'Periods': [{'EndTime': '9999-12-31T23:59:59.9999999+00:00', 'StartTime': '0001-01-01T00:00:00.0000000+00:00', 'AppliedTime': '2022-06-10T19:44:28.4721105Z', 'SuppressData': True, 'ReferenceValue': 3000}], 'Severity': 0, 'Description': 'Unspecified threshold value', 'DisplayColor': '#990600', 'ReferenceCode': 'AQUARIUS only', 'ProcessingOrder': 'Suppression'}]",,Primary,USGS-09092570,,"Specific conductance, water, unfiltered, microsiemens per centimeter at 25 degrees Celsius",,PT1H12M,,Specific conductance
1f94ce7fcf834e89ae93ecf42856b0fc,pH Units,pH,400,11,2025-05-22T13:59:16.755558,2022-06-10T15:30:00+00:00,2024-11-01T06:45:00+00:00,Points,Instantaneous,"[{'Name': 'VERY LOW', 'Type': 'ThresholdBelow', 'Periods': [{'EndTime': '9999-12-31T23:59:59.9999999+00:00', 'StartTime': '0001-01-01T00:00:00.0000000+00:00', 'AppliedTime': '2022-06-10T19:45:26.6581386Z', 'SuppressData': True, 'ReferenceValue': 0.1}], 'Severity': 0, 'Description': 'Unspecified threshold value', 'DisplayColor': '#990600', 'ReferenceCode': 'AQUARIUS only', 'ProcessingOrder': 'Suppression'}, {'Name': 'VERY HIGH', 'Type': 'ThresholdAbove', 'Periods': [{'EndTime': '9999-12-31T23:59:59.9999999+00:00', 'StartTime': '0001-01-01T00:00:00.0000000+00:00', 'AppliedTime': '2022-06-10T19:45:52.4215477Z', 'SuppressData': True, 'ReferenceValue': 12}], 'Severity': 0, 'Description': 'Unspecified threshold value', 'DisplayColor': '#990600', 'ReferenceCode': 'AQUARIUS only', 'ProcessingOrder': 'Suppression'}]",,Primary,USGS-09092570,,"pH, water, unfiltered, field, standard units",,PT1H12M,,pH
2699fe96613b40c1b9527dc6d6fc25cf,degC,"Temperature, water",10,11,2025-05-20T20:30:08.838136,2022-06-10T15:30:00+00:00,2024-11-01T06:45:00+00:00,Points,Instantaneous,"[{'Name': 'VERY LOW', 'Type': 'ThresholdBelow', 'Periods': [{'EndTime': '9999-12-31T23:59:59.9999999+00:00', 'StartTime': '0001-01-01T00:00:00.0000000+00:00', 'AppliedTime': '2022-06-10T19:42:13.4965986Z', 'SuppressData': True, 'ReferenceValue': -0.4}], 'Severity': 0, 'Description': 'Unspecified threshold value', 'DisplayColor': '#990600', 'ReferenceCode': 'AQUARIUS only', 'ProcessingOrder': 'Suppression'}, {'Name': 'VERY HIGH', 'Type': 'ThresholdAbove', 'Periods': [{'EndTime': '9999-12-31T23:59:59.9999999+00:00', 'StartTime': '0001-01-01T00:00:00.0000000+00:00', 'AppliedTime': '2022-06-10T19:42:55.5401246Z', 'SuppressData': True, 'ReferenceValue': 30}], 'Severity': 0, 'Description': 'Unspecified threshold value', 'DisplayColor': '#990600', 'ReferenceCode': 'AQUARIUS only', 'ProcessingOrder': 'Suppression'}]",,Primary,USGS-09092570,,"Temperature, water, degrees Celsius",,PT1H12M,,Water temperature
43ed50fdf7cc4ae684a50eb059457e8e,ft^3/s,Discharge,60,11,2025-12-23T16:08:29.947336,2022-06-03T23:45:00+00:00,2024-11-01T07:15:00+00:00,Points,Instantaneous,[],,Primary,USGS-09092570,,"Discharge, cubic feet per second",db0c166529e94f71afacb429900fc89b,PT1H12M,,Discharge
45165a44b6dc4dca85429a87a8b29926,ft,"Stream level, NAVD88",63160,11,2025-06-10T16:17:13.564377,2024-04-02T07:00:00+00:00,2024-11-01T07:15:00+00:00,Points,Instantaneous,[],,Primary,USGS-09092570,,"Stream water level elevation above NAVD 1988, in feet",db0c166529e94f71afacb429900fc89b,PT1H12M,,
a61137afd88440d6b31872530e072e6d,_FNU,"Turbidity, FNU",63680,11,2025-06-04T16:46:33.523034,2023-09-11T00:00:00+00:00,2024-11-01T06:45:00+00:00,Points,Instantaneous,"[{'Name': 'VERY LOW', 'Type': 'ThresholdBelow', 'Periods': [{'EndTime': '9999-12-31T23:59:59.9999999+00:00', 'StartTime': '0001-01-01T00:00:00.0000000+00:00', 'AppliedTime': '2022-06-10T19:54:11.786631Z', 'SuppressData': True, 'ReferenceValue': 0}], 'Severity': 0, 'Description': 'Unspecified threshold value', 'DisplayColor': '#990600', 'ReferenceCode': 'AQUARIUS only', 'ProcessingOrder': 'Suppression'}, {'Name': 'VERY HIGH', 'Type': 'ThresholdAbove', 'Periods': [{'EndTime': '9999-12-31T23:59:59.9999999+00:00', 'StartTime': '0001-01-01T00:00:00.0000000+00:00', 'AppliedTime': '2022-06-10T19:54:37.6621636Z', 'SuppressData': True, 'ReferenceValue': 4000}], 'Severity': 0, 'Description': 'Unspecified threshold value', 'DisplayColor': '#990600', 'ReferenceCode': 'AQUARIUS only', 'ProcessingOrder': 'Suppression'}]",,Primary,USGS-09092570,,"Turbidity, water, unfiltered, monochrome near infra-red LED light, 780-900 nm, detection angle 90 +-2.5 degrees, formazin nephelometric units (FNU)",,PT1H12M,,Turbidity
db0c166529e94f71afacb429900fc89b,ft,Gage height,65,11,2025-12-23T16:08:29.931050,2022-06-03T23:30:00+00:00,2024-11-01T07:15:00+00:00,Points,Instantaneous,"[{'Name': 'lower limit', 'Type': 'ThresholdBelow', 'Periods': [{'EndTime': '9999-12-31T23:59:59.9999999+00:00', 'StartTime': '0001-01-01T00:00:00.0000000+00:00', 'AppliedTime': '2022-06-10T15:00:30.2566317Z', 'SuppressData': True, 'ReferenceValue': 0, 'SecondaryReferenceValue': 1}], 'Severity': 0, 'Description': 'Values below a specified threshold limit', 'DisplayColor': '#990600', 'ReferenceCode': 'Operational limit - low-Public', 'ProcessingOrder': 'Suppression'}]",,Primary,USGS-09092570,,"Gage height, feet",,PT1H12M,,Stage
e8972f21cf514943bec71dedd0c226d3,mg/l,Dissolved oxygen,300,11,2025-05-22T19:00:34.606256,2022-06-10T15:45:00+00:00,2024-11-01T06:45:00+00:00,Points,Instantaneous,"[{'Name': 'VERY LOW', 'Type': 'ThresholdBelow', 'Periods': [{'EndTime': '9999-12-31T23:59:59.9999999+00:00', 'StartTime': '0001-01-01T00:00:00.0000000+00:00', 'AppliedTime': '2022-06-10T19:52:49.6738365Z', 'SuppressData': True, 'ReferenceValue': 0.2}], 'Severity': 0, 'Description': 'Unspecified threshold value', 'DisplayColor': '#990600', 'ReferenceCode': 'AQUARIUS only', 'ProcessingOrder': 'Suppression'}, {'Name': 'VERY HIGH', 'Type': 'ThresholdAbove', 'Periods': [{'EndTime': '9999-12-31T23:59:59.9999999+00:00', 'StartTime': '0001-01-01T00:00:00.0000000+00:00', 'AppliedTime': '2022-06-10T19:53:23.7382771Z', 'SuppressData': True, 'ReferenceValue': 20}], 'Severity': 0, 'Description': 'Unspecified threshold value', 'DisplayColor': '#990600', 'ReferenceCode': 'AQUARIUS only', 'ProcessingOrder': 'Suppression'}]",,Primary,USGS-09092570,,"Dissolved oxygen, water, unfiltered, milligrams per liter",,PT1H12M,,DO concentration
14178bd3caae4186b62feb3c24673279,ft,"Stream level, NAVD88",63160,11,2026-10-02T10:55:21.425042,2025-01-03T07:00:00+00:00,2026-10-02T10:45:00+00:00,Points,Instantaneous,[],,Primary,USGS-09095500,,"Stream water level elevation above NAVD 1988, in feet",9eb874ddd3e54022979473547fb4a26a,PT1H12M,,
7bd93c7ca5fa4ccebc0dd5af1480f28f,ft^3/s,Discharge,60,11,2026-10-02T09:55:17.715667,1985-12-03T07:00:00+00:00,2026-10-02T09:45:00+00:00,Points,Instantaneous,[],,Primary,USGS-09095500,,"Discharge, cubic feet per second",9eb874ddd3e54022979473547fb4a26a,PT1H12M,1934.0,Discharge
9eb874ddd3e54022979473547fb4a26a,ft,Gage height,65,11,2026-10-02T09:55:15.788427,2020-11-09T19:00:00+00:00,2026-10-02T09:45:00+00:00,Points,Instantaneous,"[{'Name': 'CSG Index Elev.', 'Type': 'None', 'Periods': [{'EndTime': '9999-12-31T23:59:59.9999999+00:00', 'StartTime': '0001-01-01T00:00:00.0000000+00:00', 'AppliedTime': '2020-11-20T21:28:05.0500116Z', 'SuppressData': False, 'ReferenceValue': 8.98}], 'Severity': 0, 'Description': 'NWISWeb reference line displayed to USGS level users', 'DisplayColor': '#990600', 'ReferenceCode': 'NWISWeb ref level - USGS', 'ProcessingOrder': 'Suppression'}, {'Name': 'NWS Flood Stage', 'Type': 'None', 'Periods': [{'EndTime': '9999-12-31T23:59:59.9999999+00:00', 'StartTime': '0001-01-01T00:00:00.0000000+00:00', 'AppliedTime': '2020-11-20T21:29:24.2881371Z', 'SuppressData': False, 'ReferenceValue': 12.5}], 'Severity': 0, 'Description': 'Display reference value', 'DisplayColor': '#990600', 'ReferenceCode': 'NWISWeb ref level - Public', 'ProcessingOrder': 'Suppression'}, {'Name': 'Operational limit (maximum) Approx. elev. of instruments', 'Type': 'ThresholdAbove', 'Periods': [{'EndTime': '9999-12-31T23:59:59.9999999+00:00', 'StartTime': '0001-01-01T00:00:00.0000000+00:00', 'AppliedTime': '2020-11-20T21:31:08.2891439Z', 'SuppressData': True, 'ReferenceValue': 16.5, 'SecondaryReferenceValue': 14.85}], 'Severity': 0, 'Description': 'Values above a specified threshold limit', 'DisplayColor': '#990600', 'ReferenceCode': 'Operational limit - high-Public', 'ProcessingOrder': 'Suppression'}, {'Name': 'Operational limit (minimum) Orifice', 'Type': 'ThresholdBelow', 'Periods': [{'EndTime': '2026-02-03T12:00:00.0000000-07:00', 'StartTime': '0001-01-01T00:00:00.0000000+00:00', 'AppliedTime': '2020-11-20T21:30:18.0979114Z', 'SuppressData': True, 'ReferenceValue': 3, 'SecondaryReferenceValue': 3.2}, {'EndTime': '9999-12-31T23:59:59.9999999+00:00', 'StartTime': '2026-02-03T12:01:00.0000000-07:00', 'AppliedTime': '2026-02-11T23:39:00.2218943Z', 'SuppressData': True, 'ReferenceValue': 2.6, 'SecondaryReferenceValue': 2.85}], 'Severity': 0, 'Description': 'Values below a specified threshold limit', 'DisplayColor': '#990600', 'ReferenceCode': 'Operational limit - low-Public', 'ProcessingOrder': 'Suppression'}]",,Primary,USGS-09095500,,"Gage height, feet",,PT1H12M,,Stage
ad343296d3064d3ba376deaeed2a6fb7,degC,"Temperature, water",10,11,2026-10-02T09:55:16.453079,2007-10-01T07:00:00+00:00,2026-10-02T09:45:00+00:00,Points,Instantaneous,"[{'Name': 'VERY HIGH', 'Type': 'ThresholdAbove', 'Periods': [{'EndTime': '9999-12-31T23:59:59.9999999+00:00', 'StartTime': '2017-04-12T00:00:00.0000000-07:00', 'AppliedTime': '2017-07-11T16:27:44.2539755Z', 'SuppressData': True, 'ReferenceValue': 30}], 'Severity': 0, 'Description': 'Unspecified threshold value', 'DisplayColor': '#FF0000', 'ReferenceCode': 'AQUARIUS only', 'ProcessingOrder': 'Suppression'}, {'Name': 'VERY LOW', 'Type': 'ThresholdBelow', 'Periods': [{'EndTime': '2021-08-01T00:00:00.0000000-07:00', 'StartTime': '2017-04-12T00:00:00.0000000-07:00', 'AppliedTime': '2017-07-11T16:27:44.5316626Z', 'SuppressData': True, 'ReferenceValue': -0.5}, {'EndTime': '9999-12-31T23:59:59.9999999+00:00', 'StartTime': '2021-08-01T00:00:00.0000000-07:00', 'AppliedTime': '2021-08-17T18:21:13.7196552Z', 'SuppressData': True, 'ReferenceValue': -0.4}], 'Severity': 0, 'Description': 'Unspecified threshold value', 'DisplayColor': '#800000', 'ReferenceCode': 'AQUARIUS only', 'ProcessingOrder': 'Suppression'}]",,Primary,USGS-09095500,,"Temperature, water, degrees Celsius",,PT1H12M,1983.0,Water temperature
b3289803e4be4699b3eed2bd3722084d,mg/l,Dissolved oxygen,300,11,2026-10-02T10:25:28.618929,2020-08-27T18:15:00+00:00,2026-10-02T10:15:00+00:00,Points,Instantaneous,"[{'Name': 'Same max listed as 06711565', 'Type': 'ThresholdAbove', 'Periods': [{'EndTime': '9999-12-31T23:59:59.9999999+00:00', 'StartTime': '0001-01-01T00:00:00.0000000+00:00', 'AppliedTime': '2020-09-02T17:47:52.7796684Z', 'SuppressData': False, 'ReferenceValue': 19, 'SecondaryReferenceValue': 18.8}], 'Severity': 0, 'Description': 'Unspecified threshold value', 'DisplayColor': '#990600', 'ReferenceCode': 'AQUARIUS only', 'ProcessingOrder': 'Suppression'}, {'Name': 'Low listed for 06711565', 'Type': 'None', 'Periods': [{'EndTime': '9999-12-31T23:59:59.9999999+00:00', 'StartTime': '0001-01-01T00:00:00.0000000+00:00', 'AppliedTime': '2020-09-02T17:49:23.8226854Z', 'SuppressData': False, 'ReferenceValue': 0.2}], 'Severity': 0, 'Description': 'NWISWeb reference line displayed to USGS level users', 'DisplayColor': '#008099', 'ReferenceCode': 'NWISWeb ref level - USGS', 'ProcessingOrder': 'Suppression'}, {'Name': 'Very Low', 'Type': 'ThresholdBelow', 'Periods': [{'EndTime': '9999-12-31T23:59:59.9999999+00:00', 'StartTime': '0001-01-01T00:00:00.0000000+00:00', 'AppliedTime': '2020-09-02T17:58:16.0771837Z', 'SuppressData': True, 'ReferenceValue': 1}], 'Severity': 0, 'Description': 'Unspecified threshold value', 'DisplayColor': '#990600', 'ReferenceCode': 'AQUARIUS only', 'ProcessingOrder': 'Suppression'}, {'Name': 'Very High', 'Type': 'ThresholdAbove', 'Periods': [{'EndTime': '9999-12-31T23:59:59.9999999+00:00', 'StartTime': '0001-01-01T00:00:00.0000000+00:00', 'AppliedTime': '2020-09-02T18:00:15.5350562Z', 'SuppressData': True, 'ReferenceValue': 20}], 'Severity': 0, 'Description': 'Unspecified threshold value', 'DisplayColor': '#99001f', 'ReferenceCode': 'AQUARIUS only', 'ProcessingOrder': 'Suppression'}, {'Name': 'Min same as 06711565', 'Type': 'ThresholdBelow', 'Periods': [{'EndTime': '9999-12-31T23:59:59.9999999+00:00', 'StartTime': '0001-01-01T00:00:00.0000000+00:00', 'AppliedTime': '2020-09-02T18:01:59.9480264Z', 'SuppressData': False, 'ReferenceValue': 0.2, 'SecondaryReferenceValue': 0.3}], 'Severity': 0, 'Description': 'Unspecified threshold value', 'DisplayColor': '#997500', 'ReferenceCode': 'AQUARIUS only', 'ProcessingOrder': 'Suppression'}]",,Primary,USGS-09095500,,"Dissolved oxygen, water, unfiltered, milligrams per liter",,PT2H,,DO concentration
b48dab121ab94aa4b771aefbfe9e7275,uS/cm,Specific cond at 25C,95,11,2026-10-02T09:55:16.289775,2007-10-01T07:00:00+00:00,2026-10-02T09:45:00+00:00,Points,Instantaneous,"[{'Name': 'VERY HIGH', 'Type': 'ThresholdAbove', 'Periods': [{'EndTime': '9999-12-31T23:59:59.9999999+00:00', 'StartTime': '2017-04-12T00:00:00.0000000-07:00', 'AppliedTime': '2017-07-11T16:28:02.5406631Z', 'SuppressData': True, 'ReferenceValue': 3000}], 'Severity': 0, 'Description': 'Unspecified threshold value', 'DisplayColor': '#FF0000', 'ReferenceCode': 'AQUARIUS only', 'ProcessingOrder': 'Suppression'}, {'Name': 'HIGH', 'Type': 'ThresholdAbove', 'Periods': [{'EndTime': '9999-12-31T23:59:59.9999999+00:00', 'StartTime': '2017-04-12T00:00:00.0000000-07:00', 'AppliedTime': '2017-07-11T16:28:01.4972777Z', 'SuppressData': False, 'ReferenceValue': 2500}], 'Severity': 0, 'Description': 'Unspecified threshold value', 'DisplayColor': '#FF9933', 'ReferenceCode': 'AQUARIUS only', 'ProcessingOrder': 'Suppression'}, {'Name': 'VERY LOW', 'Type': 'ThresholdBelow', 'Periods': [{'EndTime': '9999-12-31T23:59:59.9999999+00:00', 'StartTime': '2017-04-12T00:00:00.0000000-07:00', 'AppliedTime': '2017-07-11T16:28:04.1998858Z', 'SuppressData': True, 'ReferenceValue': 100}], 'Severity': 0, 'Description': 'Unspecified threshold value', 'DisplayColor': '#800000', 'ReferenceCode': 'AQUARIUS only', 'ProcessingOrder': 'Suppression'}, {'Name': 'LOW', 'Type': 'ThresholdBelow', 'Periods': [{'EndTime': '9999-12-31T23:59:59.9999999+00:00', 'StartTime': '2017-04-12T00:00:00.0000000-07:00', 'AppliedTime': '2017-07-11T16:28:02.2405937Z', 'SuppressData': False, 'ReferenceValue': 200}], 'Severity': 0, 'Description': 'Unspecified threshold value', 'DisplayColor': '#CC6600', 'ReferenceCode': 'AQUARIUS only', 'ProcessingOrder': 'Suppression'}]",,Primary,USGS-09095500,,"Specific conductance, water, unfiltered, microsiemens per centimeter at 25 degrees Celsius",,PT1H12M,,Specific conductance
df320431be054e769f106ee981ce3aed,pH Units,pH,400,11,2026-10-02T10:25:28.010795,2020-08-27T19:30:00+00:00,2026-10-02T10:15:00+00:00,Points,Instantaneous,"[{'Name': 'Very High', 'Type': 'ThresholdAbove', 'Periods': [{'EndTime': '9999-12-31T23:59:59.9999999+00:00', 'StartTime': '0001-01-01T00:00:00.0000000+00:00', 'AppliedTime': '2020-09-02T18:05:59.1516678Z', 'SuppressData': True, 'ReferenceValue': 12}], 'Severity': 0, 'Description': 'Unspecified threshold value', 'DisplayColor': '#990054', 'ReferenceCode': 'AQUARIUS only', 'ProcessingOrder': 'Suppression'}, {'Name': 'VERY LOW', 'Type': 'ThresholdBelow', 'Periods': [{'EndTime': '9999-12-31T23:59:59.9999999+00:00', 'StartTime': '0001-01-01T00:00:00.0000000+00:00', 'AppliedTime': '2020-09-02T18:07:15.590064Z', 'SuppressData': True, 'ReferenceValue': 0.1}], 'Severity': 0, 'Description': 'Unspecified threshold value', 'DisplayColor': '#850099', 'ReferenceCode': 'AQUARIUS only', 'ProcessingOrder': 'Suppression'}, {'Name': 'Operational limit (maximum)', 'Type': 'ThresholdAbove', 'Periods': [{'EndTime': '9999-12-31T23:59:59.9999999+00:00', 'StartTime': '0001-01-01T00:00:00.0000000+00:00', 'AppliedTime': '2020-09-02T18:10:11.1895414Z', 'SuppressData': True, 'ReferenceValue': 12}], 'Severity': 0, 'Description': 'Values above a specified threshold limit', 'DisplayColor': '#00995e', 'ReferenceCode': 'Operational limit - high-Public', 'ProcessingOrder': 'Suppression'}, {'Name': 'Operational limit (minimum)', 'Type': 'ThresholdBelow', 'Periods': [{'EndTime': '9999-12-31T23:59:59.9999999+00:00', 'StartTime': '0001-01-01T00:00:00.0000000+00:00', 'AppliedTime': '2020-09-02T18:11:09.3711701Z', 'SuppressData': True, 'ReferenceValue': 3}], 'Severity': 0, 'Description': 'Values below a specified threshold limit', 'DisplayColor': '#008299', 'ReferenceCode': 'Operational limit - low-Public', 'ProcessingOrder': 'Suppression'}]",,Primary,USGS-09095500,,"pH, water, unfiltered, field, standard units",,PT2H,,pH
fbf4c20a845040d7bea490fb6cfbac97,_FNU,"Turbidity, FNU",63680,11,2026-10-02T10:10:31.841418,2020-08-27T18:15:00+00:00,2026-10-02T10:00:00+00:00,Points,Instantaneous,"[{'Name': 'Very Low', 'Type': 'ThresholdBelow', 'Periods': [{'EndTime': '9999-12-31T23:59:59.9999999+00:00', 'StartTime': '0001-01-01T00:00:00.0000000+00:00', 'AppliedTime': '2020-09-02T18:20:14.8545194Z', 'SuppressData': True, 'ReferenceValue': 0}], 'Severity': 0, 'Description': 'Unspecified threshold value', 'DisplayColor': '#99003d', 'ReferenceCode': 'AQUARIUS only', 'ProcessingOrder': 'Suppression'}, {'Name': 'Very High', 'Type': 'ThresholdAbove', 'Periods': [{'EndTime': '9999-12-31T23:59:59.9999999+00:00', 'StartTime': '0001-01-01T00:00:00.0000000+00:00', 'AppliedTime': '2020-09-02T18:21:16.050951Z', 'SuppressData': True, 'ReferenceValue': 4000}], 'Severity': 0, 'Description': 'Unspecified threshold value', 'DisplayColor': '#7f9900', 'ReferenceCode': 'AQUARIUS only', 'ProcessingOrder': 'Suppression'}]",,Primary,USGS-09095500,,"Turbidity, water, unfiltered, monochrome near infra-red LED light, 780-900 nm, detection angle 90 +-2.5 degrees, formazin nephelometric units (FNU)",,PT2H,,Turbidity
02f00cbc89eb4dacb0e47cb0769ae7c9,degC,"Temperature, water",10,11,2026-10-02T09:00:10.635465,2025-02-26T17:15:00+00:00,2026-10-02T08:45:00+00:00,Points,Instantaneous,"[{'Name': 'VERYHIGH', 'Type': 'ThresholdAbove', 'Periods': [{'EndTime': '9999-12-31T23:59:59.9999999+00:00', 'StartTime': '2025-06-01T00:00:00.0000000-07:00', 'AppliedTime': '2025-08-19T20:30:25.1242604Z', 'SuppressData': True, 'ReferenceValue': 35}], 'Severity': 0, 'Description': 'Unspecified threshold value', 'DisplayColor': '#990600', 'ReferenceCode': 'AQUARIUS only', 'ProcessingOrder': 'Suppression'}, {'Name': 'VERYLOW', 'Type': 'ThresholdBelow', 'Periods': [{'EndTime': '9999-12-31T23:59:59.9999999+00:00', 'StartTime': '2025-06-01T00:00:00.0000000-07:00', 'AppliedTime': '2025-08-19T20:30:52.1077624Z', 'SuppressData': True, 'ReferenceValue': -0.3}], 'Severity': 0, 'Description': 'Unspecified threshold value', 'DisplayColor': '#990600', 'ReferenceCode': 'AQUARIUS only', 'ProcessingOrder': 'Suppression'}]",,Primary,USGS-09106485,,"Temperature, water, degrees Celsius",,PT1H12M,,Water temperature
0b8902230c284c73b2fb5eb54d313a20,ft,Gage height,65,11,2026-10-02T09:00:10.689370,2024-10-21T22:45:00+00:00,2026-10-02T08:45:00+00:00,Points,Instantaneous,"[{'Name': 'operational high limit (maximum)', 'Type': 'ThresholdAbove', 'Periods': [{'EndTime': '9999-12-31T23:59:59.9999999+00:00', 'StartTime': '0001-01-01T00:00:00.0000000+00:00', 'AppliedTime': '2025-04-03T18:43:48.6855758Z', 'SuppressData': True, 'ReferenceValue': 17.5, 'SecondaryReferenceValue': 17}], 'Severity': 0, 'Description': 'Values above a specified threshold limit', 'DisplayColor': '#990600', 'ReferenceCode': 'Operational limit - high-Public', 'ProcessingOrder': 'Suppression'}, {'Name': 'CSG Index Cap', 'Type': 'None', 'Periods': [{'EndTime': '9999-12-31T23:59:59.9999999+00:00', 'StartTime': '0001-01-01T00:00:00.0000000+00:00', 'AppliedTime': '2025-04-03T18:52:05.9671778Z', 'SuppressData': False, 'ReferenceValue': 7.342}], 'Severity': 0, 'Description': 'NWISWeb reference line displayed to USGS level users', 'DisplayColor': '#990600', 'ReferenceCode': 'NWISWeb ref level - USGS', 'ProcessingOrder': 'Suppression'}, {'Name': 'Operational Limit (minimum) just blw orifice elevation', 'Type': 'ThresholdBelow', 'Periods': [{'EndTime': '9999-12-31T23:59:59.9999999+00:00', 'StartTime': '2026-04-10T00:30:00.0000000-07:00', 'AppliedTime': '2026-04-15T16:38:46.7338319Z', 'SuppressData': True, 'ReferenceValue': 1.45, 'SecondaryReferenceValue': 2.2}, {'EndTime': '2026-04-10T00:00:00.0000000-07:00', 'StartTime': '2026-01-06T12:30:00.0000000-07:00', 'AppliedTime': '2026-04-10T15:51:24.3005453Z', 'SuppressData': True, 'ReferenceValue': 2.4, 'SecondaryReferenceValue': 2.5}, {'EndTime': '2026-01-06T12:00:00.0000000-07:00', 'StartTime': '0001-01-01T00:00:00.0000000+00:00', 'AppliedTime': '2025-04-03T18:33:47.6900588Z', 'SuppressData': True, 'ReferenceValue': 2.46, 'SecondaryReferenceValue': 2.5}], 'Severity': 0, 'Description': 'Values below a specified threshold limit', 'DisplayColor': '#990600', 'ReferenceCode': 'Operational limit - low-Public', 'ProcessingOrder': 'Suppression'}]",,Primary,USGS-09106485,,"Gage height, feet",,PT1H12M,,Stage
1d06fa5a4fc848678aadd1f7b11bc1d7,mg/l,Dissolved oxygen,300,11,2026-10-02T09:59:35.740156,2026-07-15T20:15:00+00:00,2026-10-02T09:45:00+00:00,Points,Instantaneous,"[{'Name': 'VERYHIGH', 'Type': 'ThresholdAbove', 'Periods': [{'EndTime': '9999-12-31T23:59:59.9999999+00:00', 'StartTime': '0001-01-01T00:00:00.0000000+00:00', 'AppliedTime': '2026-09-30T18:19:36.6464163Z', 'SuppressData': True, 'ReferenceValue': 20}], 'Severity': 0, 'Description': 'Unspecified threshold value', 'DisplayColor': '#990600', 'ReferenceCode': 'AQUARIUS only', 'ProcessingOrder': 'Suppression'}, {'Name': 'VERYLOW', 'Type': 'ThresholdBelow', 'Periods': [{'EndTime': '9999-12-31T23:59:59.9999999+00:00', 'StartTime': '0001-01-01T00:00:00.0000000+00:00', 'AppliedTime': '2026-09-30T18:19:57.8955623Z', 'SuppressData': True, 'ReferenceValue': 0}], 'Severity': 0, 'Description': 'Unspecified threshold value', 'DisplayColor': '#990600', 'ReferenceCode': 'AQUARIUS only', 'ProcessingOrder': 'Suppression'}]",,Primary,USGS-09106485,,"Dissolved oxygen, water, unfiltered, milligrams per liter",,PT1H12M,,DO concentration
36a7e5bd6f1248fb8380c39312b04914,ft^3/s,Discharge,60,11,2026-10-02T09:00:30.436756,2024-10-21T22:45:00+00:00,2026-10-02T08:45:00+00:00,Points,Instantaneous,[],,Primary,USGS-09106485,,"Discharge, cubic feet per second",0b8902230c284c73b2fb5eb54d313a20,PT1H12M,,Discharge
3994ed4bfecd4422b3b92c7ad60e1532,uS/cm,Specific cond at 25C,95,11,2026-10-02T09:00:10.703234,2025-02-26T17:15:00+00:00,2026-10-02T08:45:00+00:00,Points,Instantaneous,"[{'Name': 'VERY LOW', 'Type': 'ThresholdBelow', 'Periods': [{'EndTime': '9999-12-31T23:59:59.9999999+00:00', 'StartTime': '2025-06-01T00:00:00.0000000-07:00', 'AppliedTime': '2025-08-19T20:22:37.2049404Z', 'SuppressData': True, 'ReferenceValue': 50}], 'Severity': 0, 'Description': 'Unspecified threshold value', 'DisplayColor': '#990600', 'ReferenceCode': 'AQUARIUS only', 'ProcessingOrder': 'Suppression'}, {'Name': 'VERYHIGH', 'Type': 'ThresholdAbove', 'Periods': [{'EndTime': '9999-12-31T23:59:59.9999999+00:00', 'StartTime': '2025-06-01T00:00:00.0000000-07:00', 'AppliedTime': '2025-08-19T20:26:16.536901Z', 'SuppressData': True, 'ReferenceValue': 3000}], 'Severity': 0, 'Description': 'Unspecified threshold value', 'DisplayColor': '#990600', 'ReferenceCode': 'AQUARIUS only', 'ProcessingOrder': 'Suppression'}]",,Primary,USGS-09106485,,"Specific conductance, water, unfiltered, microsiemens per centimeter at 25 degrees Celsius",,PT1H12M,,Specific conductance
0498e3d8d7724cf0aac426231f64a17c,ft^3/s,Discharge,60,11,2026-10-02T09:28:13.994768,1985-10-02T06:15:00+00:00,2026-10-02T09:15:00+00:00,Points,Instantaneous,[],,Primary,USGS-09144250,,"Discharge, cubic feet per second",0ce9d7ea387543bea74d6cdec60d2ff6,PT1H12M,1976.0,Discharge
0ce9d7ea387543bea74d6cdec60d2ff6,ft,Gage height,65,11,2026-10-02T06:27:18.279469,2020-10-08T18:15:00+00:00,2026-10-02T06:15:00+00:00,Points,Instantaneous,"[{'Name': 'Operational limit (minimum) GZF', 'Type': 'ThresholdBelow', 'Periods': [{'EndTime': '9999-12-31T23:59:59.9999999+00:00', 'StartTime': '0001-01-01T00:00:00.0000000+00:00', 'AppliedTime': '2020-11-30T17:27:31.2211191Z', 'SuppressData': True, 'ReferenceValue': 0.6, 'SecondaryReferenceValue': 0.8}], 'Severity': 0, 'Description': 'Values below a specified threshold limit', 'DisplayColor': '#990600', 'ReferenceCode': 'Operational limit - low-Public', 'ProcessingOrder': 'Suppression'}, {'Name': 'Operational limit (maximum) Approx. height of instrumentation', 'Type': 'ThresholdAbove', 'Periods': [{'EndTime': '9999-12-31T23:59:59.9999999+00:00', 'StartTime': '0001-01-01T00:00:00.0000000+00:00', 'AppliedTime': '2020-11-30T17:28:40.8632296Z', 'SuppressData': True, 'ReferenceValue': 19, 'SecondaryReferenceValue': 17.1}], 'Severity': 0, 'Description': 'Values above a specified threshold limit', 'DisplayColor': '#990600', 'ReferenceCode': 'Operational limit - high-Public', 'ProcessingOrder': 'Suppression'}, {'Name': 'CSG Index Elev.', 'Type': 'None', 'Periods': [{'EndTime': '9999-12-31T23:59:59.9999999+00:00', 'StartTime': '0001-01-01T00:00:00.0000000+00:00', 'AppliedTime': '2020-11-30T17:27:54.0280269Z', 'SuppressData': False, 'ReferenceValue': 6.47}], 'Severity': 0, 'Description': 'NWISWeb reference line displayed to USGS level users', 'DisplayColor': '#990600', 'ReferenceCode': 'NWISWeb ref level - USGS', 'ProcessingOrder': 'Suppression'}, {'Name': 'NWS flood stage', 'Type': 'None', 'Periods': [{'EndTime': '9999-12-31T23:59:59.9999999+00:00', 'StartTime': '0001-01-01T00:00:00.0000000+00:00', 'AppliedTime': '2020-11-30T17:28:15.2502418Z', 'SuppressData': False, 'ReferenceValue': 12}], 'Severity': 0, 'Description': 'Display reference value', 'DisplayColor': '#990600', 'ReferenceCode': 'NWISWeb ref level - Public', 'ProcessingOrder': 'Suppression'}]",,Primary,USGS-09144250,,"Gage height, feet",,PT1H12M,,Stage
34a9c56030a34aa181fa88b9ee6e42a0,_FNU,"Turbidity, FNU",63680,11,2026-10-02T08:29:57.151758,2021-06-23T22:30:00+00:00,2026-10-02T08:15:00+00:00,Points,Instantaneous,"[{'Name': 'VERY LOW', 'Type': 'ThresholdBelow', 'Periods': [{'EndTime': '9999-12-31T23:59:59.9999999+00:00', 'StartTime': '0001-01-01T00:00:00.0000000+00:00', 'AppliedTime': '2021-08-06T18:30:52.8512053Z', 'SuppressData': True, 'ReferenceValue': 0}], 'Severity': 0, 'Description': 'Unspecified threshold value', 'DisplayColor': '#990600', 'ReferenceCode': 'AQUARIUS only', 'ProcessingOrder': 'Suppression'}, {'Name': 'VERY HIGH', 'Type': 'ThresholdAbove', 'Periods': [{'EndTime': '9999-12-31T23:59:59.9999999+00:00', 'StartTime': '0001-01-01T00:00:00.0000000+00:00', 'AppliedTime': '2021-08-06T18:31:18.3273376Z', 'SuppressData': True, 'ReferenceValue': 4000}], 'Severity': 0, 'Description': 'Unspecified threshold value', 'DisplayColor': '#990600', 'ReferenceCode': 'AQUARIUS only', 'ProcessingOrder': 'Suppression'}]",,Primary,USGS-09144250,,"Turbidity, water, unfiltered, monochrome near infra-red LED light, 780-900 nm, detection angle 90 +-2.5 degrees, formazin nephelometric units (FNU)",,PT1H12M,,Turbidity
570673529b124f3c95ad305ae5d0b4c1,uS/cm,Specific cond at 25C,95,11,2026-10-02T09:27:55.927660,2009-07-02T06:00:00+00:00,2026-10-02T09:15:00+00:00,Points,Instantaneous,"[{'Name': 'VERY LOW', 'Type': 'ThresholdBelow', 'Periods': [{'EndTime': '9999-12-31T23:59:59.9999999+00:00', 'StartTime': '2017-04-12T00:00:00.0000000-07:00', 'AppliedTime': '2017-07-11T16:42:12.8462482Z', 'SuppressData': True, 'ReferenceValue': 0}], 'Severity': 0, 'Description': 'Unspecified threshold value', 'DisplayColor': '#800000', 'ReferenceCode': 'AQUARIUS only', 'ProcessingOrder': 'Suppression'}, {'Name': 'VERY HIGH', 'Type': 'ThresholdAbove', 'Periods': [{'EndTime': '9999-12-31T23:59:59.9999999+00:00', 'StartTime': '2017-04-12T00:00:00.0000000-07:00', 'AppliedTime': '2017-07-11T16:42:12.4769833Z', 'SuppressData': True, 'ReferenceValue': 5000}], 'Severity': 0, 'Description': 'Unspecified threshold value', 'DisplayColor': '#FF0000', 'ReferenceCode': 'AQUARIUS only', 'ProcessingOrder': 'Suppression'}, {'Name': 'HIGH', 'Type': 'ThresholdAbove', 'Periods': [{'EndTime': '9999-12-31T23:59:59.9999999+00:00', 'StartTime': '2017-04-12T00:00:00.0000000-07:00', 'AppliedTime': '2017-07-11T16:42:12.3337309Z', 'SuppressData': False, 'ReferenceValue': 4000}], 'Severity': 0, 'Description': 'Unspecified threshold value', 'DisplayColor': '#FF9933', 'ReferenceCode': 'AQUARIUS only', 'ProcessingOrder': 'Suppression'}, {'Name': 'LOW', 'Type': 'ThresholdBelow', 'Periods': [{'EndTime': '9999-12-31T23:59:59.9999999+00:00', 'StartTime': '2017-04-12T00:00:00.0000000-07:00', 'AppliedTime': '2017-07-11T16:42:12.4891026Z', 'SuppressData': False, 'ReferenceValue': 200}], 'Severity': 0, 'Description': 'Unspecified threshold value', 'DisplayColor': '#CC6600', 'ReferenceCode': 'AQUARIUS only', 'ProcessingOrder': 'Suppression'}]",,Primary,USGS-09144250,,"Specific conductance, water, unfiltered, microsiemens per centimeter at 25 degrees Celsius",,PT1H12M,,Specific conductance
668c56c4941749359fed4bf287528fa9,ft,"Depth, sensor",72147,11,2018-01-24T20:13:26.820202,,,Points,Instantaneous,"[{'Name': 'VERY HIGH bottom of sensor', 'Type': 'ThresholdAbove', 'Periods': [{'EndTime': '9999-12-31T23:59:59.9999999+00:00', 'StartTime': '0001-01-01T00:00:00.0000000+00:00', 'AppliedTime': '2017-07-11T16:42:00.3218001Z', 'SuppressData': True, 'ReferenceValue': 4924.73}], 'Severity': 0, 'Description': 'Unspecified threshold value', 'DisplayColor': '#FF0000', 'ReferenceCode': 'AQUARIUS only', 'ProcessingOrder': 'Suppression'}, {'Name': 'VERY LOW arbitrary, unlikely number', 'Type': 'ThresholdBelow', 'Periods': [{'EndTime': '9999-12-31T23:59:59.9999999+00:00', 'StartTime': '0001-01-01T00:00:00.0000000+00:00', 'AppliedTime': '2017-07-11T16:42:00.5584235Z', 'SuppressData': True, 'ReferenceValue': 4914.73}], 'Severity': 0, 'Description': 'Unspecified threshold value', 'DisplayColor': '#800000', 'ReferenceCode': 'AQUARIUS only', 'ProcessingOrder': 'Suppression'}]",,Primary,USGS-09144250,UP STREAM PIER 3,"Depth of sensor below water surface, feet",,PT1H12M,,
9a2810fa2373425f980331c57016fd11,degC,"Temperature, water",10,11,2026-10-02T09:27:55.558658,2009-07-02T06:00:00+00:00,2026-10-02T09:15:00+00:00,Points,Instantaneous,"[{'Name': 'VERY LOW', 'Type': 'ThresholdBelow', 'Periods': [{'EndTime': '9999-12-31T23:59:59.9999999+00:00', 'StartTime': '2017-04-12T00:00:00.0000000-07:00', 'AppliedTime': '2017-07-11T16:42:06.5842671Z', 'SuppressData': True, 'ReferenceValue': -0.5}], 'Severity': 0, 'Description': 'Unspecified threshold value', 'DisplayColor': '#800000', 'ReferenceCode': 'AQUARIUS only', 'ProcessingOrder': 'Suppression'}, {'Name': 'VERY HIGH', 'Type': 'ThresholdAbove', 'Periods': [{'EndTime': '9999-12-31T23:59:59.9999999+00:00', 'StartTime': '2017-04-12T00:00:00.0000000-07:00', 'AppliedTime': '2017-07-11T16:42:06.3133478Z', 'SuppressData': True, 'ReferenceValue': 40}], 'Severity': 0, 'Description': 'Unspecified threshold value', 'DisplayColor': '#FF0000', 'ReferenceCode': 'AQUARIUS only', 'ProcessingOrder': 'Suppression'}]",,Primary,USGS-09144250,,"Temperature, water, degrees Celsius",,PT1H12M,,Water temperature
a4325323ff774520b109ef4542f78b96,mg/l,Dissolved oxygen,300,11,2026-10-02T09:27:55.579399,2021-06-23T22:30:00+00:00,2026-10-02T09:15:00+00:00,Points,Instantaneous,"[{'Name': 'VERY LOW', 'Type': 'ThresholdBelow', 'Periods': [{'EndTime': '9999-12-31T23:59:59.9999999+00:00', 'StartTime': '0001-01-01T00:00:00.0000000+00:00', 'AppliedTime': '2021-08-06T18:15:36.4962793Z', 'SuppressData': True, 'ReferenceValue': 1}], 'Severity': 0, 'Description': 'Unspecified threshold value', 'DisplayColor': '#990600', 'ReferenceCode': 'AQUARIUS only', 'ProcessingOrder': 'Suppression'}, {'Name': 'VERY HIGH', 'Type': 'ThresholdAbove', 'Periods': [{'EndTime': '9999-12-31T23:59:59.9999999+00:00', 'StartTime': '0001-01-01T00:00:00.0000000+00:00', 'AppliedTime': '2021-08-06T18:17:14.0407262Z', 'SuppressData': True, 'ReferenceValue': 20}], 'Severity': 0, 'Description': 'Unspecified threshold value', 'DisplayColor': '#990600', 'ReferenceCode': 'AQUARIUS only', 'ProcessingOrder': 'Suppression'}]",,Primary,USGS-09144250,,"Dissolved oxygen, water, unfiltered, milligrams per liter",,PT1H12M,,DO concentration
a4e8995479724b6cba992da253ccc03a,ft,"Stream level, NAVD88",63160,11,2026-10-02T10:27:28.469573,2024-04-03T07:00:00+00:00,2026-10-02T10:15:00+00:00,Points,Instantaneous,[],,Primary,USGS-09144250,,"Stream water level elevation above NAVD 1988, in feet",0ce9d7ea387543bea74d6cdec60d2ff6,PT1H12M,,
aed96ce40532475d8bd0d3793ea4cd3b,pH Units,pH,400,11,2026-10-02T08:29:56.446652,2021-06-23T22:00:00+00:00,2026-10-02T08:15:00+00:00,Points,Instantaneous,"[{'Name': 'VERY LOW', 'Type': 'ThresholdBelow', 'Periods': [{'EndTime': '9999-12-31T23:59:59.9999999+00:00', 'StartTime': '0001-01-01T00:00:00.0000000+00:00', 'AppliedTime': '2021-08-06T18:01:23.5468603Z', 'SuppressData': True, 'ReferenceValue': 0.1}], 'Severity': 0, 'Description': 'Unspecified threshold value', 'DisplayColor': '#990099', 'ReferenceCode': 'AQUARIUS only', 'ProcessingOrder': 'Suppression'}, {'Name': 'VERY HIGH', 'Type': 'ThresholdAbove', 'Periods': [{'EndTime': '9999-12-31T23:59:59.9999999+00:00', 'StartTime': '0001-01-01T00:00:00.0000000+00:00', 'AppliedTime': '2021-08-06T18:13:08.0956722Z', 'SuppressData': True, 'ReferenceValue': 12}], 'Severity': 0, 'Description': 'Unspecified threshold value', 'DisplayColor': '#990099', 'ReferenceCode': 'AQUARIUS only', 'ProcessingOrder': 'Suppression'}]",,Primary,USGS-09144250,,"pH, water, unfiltered, field, standard units",,PT1H12M,,pH
d3ad8dad1ae84d6289eebb1466992d52,ft,"Depth, sensor",72147,11,2018-08-23T20:53:31.858336,2016-05-01T06:15:00+00:00,2017-07-01T06:45:00+00:00,Points,Instantaneous,"[{'Name': 'VERY LOW arbitrary, unlikely', 'Type': 'ThresholdBelow', 'Periods': [{'EndTime': '9999-12-31T23:59:59.9999999+00:00', 'StartTime': '0001-01-01T00:00:00.0000000+00:00', 'AppliedTime': '2017-07-11T16:42:22.3847464Z', 'SuppressData': True, 'ReferenceValue': 4914.76}], 'Severity': 0, 'Description': 'Unspecified threshold value', 'DisplayColor': '#800000', 'ReferenceCode': 'AQUARIUS only', 'ProcessingOrder': 'Suppression'}, {'Name': 'VERY HIGH bottom of sensor', 'Type': 'ThresholdAbove', 'Periods': [{'EndTime': '9999-12-31T23:59:59.9999999+00:00', 'StartTime': '0001-01-01T00:00:00.0000000+00:00', 'AppliedTime': '2017-07-11T16:42:22.0705798Z', 'SuppressData': True, 'ReferenceValue': 4924.76}], 'Severity': 0, 'Description': 'Unspecified threshold value', 'DisplayColor': '#FF0000', 'ReferenceCode': 'AQUARIUS only', 'ProcessingOrder': 'Suppression'}]",,Primary,USGS-09144250,DOWN STREAM PIER 3,"Depth of sensor below water surface, feet",,PT1H12M,,
0dd538ee54cb4eaa8de6fb957a71c703,_FNU,"Turbidity, FNU",63680,11,2026-10-02T09:40:29.743850,2021-06-30T18:45:00+00:00,2026-10-02T09:30:00+00:00,Points,Instantaneous,"[{'Name': 'Threshold suppression', 'Type': 'ThresholdAbove', 'Periods': [{'EndTime': '9999-12-31T23:59:59.9999999+00:00', 'StartTime': '0001-01-01T00:00:00.0000000+00:00', 'AppliedTime': '2021-08-06T16:50:28.6314647Z', 'SuppressData': True, 'ReferenceValue': 4000}], 'Severity': 0, 'Description': 'Unspecified threshold value', 'DisplayColor': '#990600', 'ReferenceCode': 'AQUARIUS only', 'ProcessingOrder': 'Suppression'}, {'Name': 'Threshold below 0 FNU', 'Type': 'ThresholdBelow', 'Periods': [{'EndTime': '9999-12-31T23:59:59.9999999+00:00', 'StartTime': '0001-01-01T00:00:00.0000000+00:00', 'AppliedTime': '2021-08-06T16:51:19.1185605Z', 'SuppressData': False, 'ReferenceValue': 0}], 'Severity': 0, 'Description': 'Unspecified threshold value', 'DisplayColor': '#990600', 'ReferenceCode': 'AQUARIUS only', 'ProcessingOrder': 'Suppression'}, {'Name': 'VERY LOW', 'Type': 'ThresholdBelow', 'Periods': [{'EndTime': '9999-12-31T23:59:59.9999999+00:00', 'StartTime': '2025-04-28T00:00:00.0000000-07:00', 'AppliedTime': '2025-04-29T14:24:40.6865961Z', 'SuppressData': True, 'ReferenceValue': -1}], 'Severity': 0, 'Description': 'Unspecified threshold value', 'DisplayColor': '#990600', 'ReferenceCode': 'AQUARIUS only', 'ProcessingOrder': 'Suppression'}]",,Primary,USGS-09152500,,"Turbidity, water, unfiltered, monochrome near infra-red LED light, 780-900 nm, detection angle 90 +-2.5 degrees, formazin nephelometric units (FNU)",,PT1H12M,,Turbidity
1b09d1f94b534a2589e9a400fcb36741,mg/l,Dissolved oxygen,300,11,2026-10-02T09:40:29.140693,2021-06-30T18:45:00+00:00,2026-10-02T09:30:00+00:00,Points,Instantaneous,"[{'Name': 'VERY LOW', 'Type': 'ThresholdBelow', 'Periods': [{'EndTime': '9999-12-31T23:59:59.9999999+00:00', 'StartTime': '2025-04-28T00:00:00.0000000-07:00', 'AppliedTime': '2025-04-29T14:26:33.0196264Z', 'SuppressData': True, 'ReferenceValue': 0}], 'Severity': 0, 'Description': 'Unspecified threshold value', 'DisplayColor': '#990600', 'ReferenceCode': 'AQUARIUS only', 'ProcessingOrder': 'Suppression'}]",,Primary,USGS-09152500,,"Dissolved oxygen, water, unfiltered, milligrams per liter",,PT1H12M,,DO concentration
4883cd56d29546088635122562b9dcb1,ft^3/s,Discharge,60,11,2026-10-02T09:40:40.878285,1986-06-21T06:30:00+00:00,2026-10-02T09:30:00+00:00,Points,Instantaneous,[],,Primary,USGS-09152500,,"Discharge, cubic feet per second",ae439b7315ec476faafd3f5c562bfd64,PT1H12M,1966.0,Discharge
56a1b0e92c8e4760bb8755da810f2bd1,ft,"Stream level, NAVD88",63160,11,2026-10-02T10:40:20.434839,2024-04-03T07:00:00+00:00,2026-10-02T10:30:00+00:00,Points,Instantaneous,[],,Primary,USGS-09152500,,"Stream water level elevation above NAVD 1988, in feet",ae439b7315ec476faafd3f5c562bfd64,PT1H12M,,
766fa158bc6f43d9b49a464ecb077b8a,ft,"Depth, sensor",72147,11,2021-09-30T16:39:36.360560,,,Points,Instantaneous,"[{'Name': 'VERY LOW arbitrary, unlikely', 'Type': 'ThresholdBelow', 'Periods': [{'EndTime': '9999-12-31T23:59:59.9999999+00:00', 'StartTime': '0001-01-01T00:00:00.0000000+00:00', 'AppliedTime': '2017-07-11T16:47:01.5204204Z', 'SuppressData': True, 'ReferenceValue': 4612.55}], 'Severity': 0, 'Description': 'Unspecified threshold value', 'DisplayColor': '#800000', 'ReferenceCode': 'AQUARIUS only', 'ProcessingOrder': 'Suppression'}, {'Name': 'VERY HIGH bottom of sensor', 'Type': 'ThresholdAbove', 'Periods': [{'EndTime': '9999-12-31T23:59:59.9999999+00:00', 'StartTime': '0001-01-01T00:00:00.0000000+00:00', 'AppliedTime': '2017-07-11T16:47:01.6466347Z', 'SuppressData': True, 'ReferenceValue': 4632.55}], 'Severity': 0, 'Description': 'Unspecified threshold value', 'DisplayColor': '#FF0000', 'ReferenceCode': 'AQUARIUS only', 'ProcessingOrder': 'Suppression'}]",,,USGS-09152500,WEST PIER 4,"Depth of sensor below water surface, feet",,PT1H12M,,
7dedf6fdcbb54649a19f7fc66811800a,uS/cm,Specific cond at 25C,95,11,2026-10-02T09:40:30.395497,2007-10-01T07:00:00+00:00,2026-10-02T09:30:00+00:00,Points,Instantaneous,"[{'Name': 'VERY HIGH', 'Type': 'ThresholdAbove', 'Periods': [{'EndTime': '9999-12-31T23:59:59.9999999+00:00', 'StartTime': '2017-04-12T00:00:00.0000000-07:00', 'AppliedTime': '2017-07-11T16:46:58.2434408Z', 'SuppressData': True, 'ReferenceValue': 3500}], 'Severity': 0, 'Description': 'Unspecified threshold value', 'DisplayColor': '#FF0000', 'ReferenceCode': 'AQUARIUS only', 'ProcessingOrder': 'Suppression'}, {'Name': 'VERY LOW', 'Type': 'ThresholdBelow', 'Periods': [{'EndTime': '9999-12-31T23:59:59.9999999+00:00', 'StartTime': '2017-04-12T00:00:00.0000000-07:00', 'AppliedTime': '2017-07-11T16:46:58.6757004Z', 'SuppressData': True, 'ReferenceValue': 100}], 'Severity': 0, 'Description': 'Unspecified threshold value', 'DisplayColor': '#800000', 'ReferenceCode': 'AQUARIUS only', 'ProcessingOrder': 'Suppression'}]",,Primary,USGS-09152500,,"Specific conductance, water, unfiltered, microsiemens per centimeter at 25 degrees Celsius",,PT1H12M,,Specific conductance
ae439b7315ec476faafd3f5c562bfd64,ft,Gage height,65,11,2026-10-02T04:40:36.824258,2020-10-02T15:30:00+00:00,2026-10-02T04:30:00+00:00,Points,Instantaneous,"[{'Name': 'NWS flood stage', 'Type': 'None', 'Periods': [{'EndTime': '9999-12-31T23:59:59.9999999+00:00', 'StartTime': '0001-01-01T00:00:00.0000000+00:00', 'AppliedTime': '2020-12-02T15:44:01.2865376Z', 'SuppressData': False, 'ReferenceValue': 13}], 'Severity': 0, 'Description': 'Display reference value', 'DisplayColor': '#990600', 'ReferenceCode': 'NWISWeb ref level - Public', 'ProcessingOrder': 'Suppression'}, {'Name': 'Operational limit (maximum) Approx. height of instrumentation', 'Type': 'ThresholdAbove', 'Periods': [{'EndTime': '9999-12-31T23:59:59.9999999+00:00', 'StartTime': '0001-01-01T00:00:00.0000000+00:00', 'AppliedTime': '2020-12-02T15:42:46.7332755Z', 'SuppressData': True, 'ReferenceValue': 20, 'SecondaryReferenceValue': 18}], 'Severity': 0, 'Description': 'Values above a specified threshold limit', 'DisplayColor': '#990600', 'ReferenceCode': 'Operational limit - high-Public', 'ProcessingOrder': 'Suppression'}, {'Name': 'Operational limit (minimum) GZF', 'Type': 'ThresholdBelow', 'Periods': [{'EndTime': '9999-12-31T23:59:59.9999999+00:00', 'StartTime': '0001-01-01T00:00:00.0000000+00:00', 'AppliedTime': '2020-12-02T15:43:40.9670719Z', 'SuppressData': True, 'ReferenceValue': 1.5, 'SecondaryReferenceValue': 1.7}], 'Severity': 0, 'Description': 'Values below a specified threshold limit', 'DisplayColor': '#990600', 'ReferenceCode': 'Operational limit - low-Public', 'ProcessingOrder': 'Suppression'}, {'Name': 'CSG Index Elev.', 'Type': 'None', 'Periods': [{'EndTime': '9999-12-31T23:59:59.9999999+00:00', 'StartTime': '0001-01-01T00:00:00.0000000+00:00', 'AppliedTime': '0001-01-01T00:00:00Z', 'SuppressData': False, 'ReferenceValue': 10.21}], 'Severity': 0, 'Description': 'NWISWeb reference line displayed to USGS level users', 'DisplayColor': '#990600', 'ReferenceCode': 'NWISWeb ref level - USGS', 'ProcessingOrder': 'Suppression'}, {'Name': 'CSG Index Elev., lower', 'Type': 'None', 'Periods': [{'EndTime': '9999-12-31T23:59:59.9999999+00:00', 'StartTime': '0001-01-01T00:00:00.0000000+00:00', 'AppliedTime': '2023-02-10T19:37:41.7287812Z', 'SuppressData': False, 'ReferenceValue': 6.44, 'SecondaryReferenceValue': 6}], 'Severity': 0, 'Description': 'NWISWeb reference line displayed to USGS level users', 'DisplayColor': '#990600', 'ReferenceCode': 'NWISWeb ref level - USGS', 'ProcessingOrder': 'Suppression'}]",,Primary,USGS-09152500,,"Gage height, feet",,PT1H12M,,Stage
bd08d15886df4883a326382fc7a74b08,ft,"Depth, sensor",72147,11,2022-02-01T15:51:13.341254,2016-05-01T06:00:00+00:00,2019-07-08T18:30:00+00:00,Points,Instantaneous,"[{'Name': 'VERY LOW arbitrary, unlikely', 'Type': 'ThresholdBelow', 'Periods': [{'EndTime': '9999-12-31T23:59:59.9999999+00:00', 'StartTime': '0001-01-01T00:00:00.0000000+00:00', 'AppliedTime': '2017-07-11T16:47:12.1374837Z', 'SuppressData': True, 'ReferenceValue': 4612.55}], 'Severity': 0, 'Description': 'Unspecified threshold value', 'DisplayColor': '#800000', 'ReferenceCode': 'AQUARIUS only', 'ProcessingOrder': 'Suppression'}, {'Name': 'VERY HIGH bottom of sensor', 'Type': 'ThresholdAbove', 'Periods': [{'EndTime': '9999-12-31T23:59:59.9999999+00:00', 'StartTime': '0001-01-01T00:00:00.0000000+00:00', 'AppliedTime': '2017-07-11T16:47:11.6984729Z', 'SuppressData': True, 'ReferenceValue': 4632.83}], 'Severity': 0, 'Description': 'Unspecified threshold value', 'DisplayColor': '#FF0000', 'ReferenceCode': 'AQUARIUS only', 'ProcessingOrder': 'Suppression'}]",,Primary,USGS-09152500,EAST PIER 4,"Depth of sensor below water surface, feet",,PT1H12M,,
cc18da1f7ac747f7a5c4298563434fc4,pH Units,pH,400,11,2026-10-02T09:40:29.508341,2021-06-30T18:45:00+00:00,2026-10-02T09:30:00+00:00,Points,Instantaneous,"[{'Name': 'VERY LOW', 'Type': 'ThresholdBelow', 'Periods': [{'EndTime': '9999-12-31T23:59:59.9999999+00:00', 'StartTime': '2025-04-28T00:00:00.0000000-07:00', 'AppliedTime': '2025-04-29T14:25:45.1236248Z', 'SuppressData': True, 'ReferenceValue': 0}], 'Severity': 0, 'Description': 'Unspecified threshold value', 'DisplayColor': '#990600', 'ReferenceCode': 'AQUARIUS only', 'ProcessingOrder': 'Suppression'}]",,Primary,USGS-09152500,,"pH, water, unfiltered, field, standard units",,PT1H12M,,pH
ceb997e998c14034941d4168bd2eac70,degC,"Temperature, water",10,11,2026-10-02T09:40:29.840239,2007-10-01T07:00:00+00:00,2026-10-02T09:30:00+00:00,Points,Instantaneous,"[{'Name': 'VERY HIGH', 'Type': 'ThresholdAbove', 'Periods': [{'EndTime': '9999-12-31T23:59:59.9999999+00:00', 'StartTime': '2017-04-12T00:00:00.0000000-07:00', 'AppliedTime': '2017-07-11T16:46:42.2462032Z', 'SuppressData': True, 'ReferenceValue': 35}], 'Severity': 0, 'Description': 'Unspecified threshold value', 'DisplayColor': '#FF0000', 'ReferenceCode': 'AQUARIUS only', 'ProcessingOrder': 'Suppression'}, {'Name': 'VERY LOW', 'Type': 'ThresholdBelow', 'Periods': [{'EndTime': '9999-12-31T23:59:59.9999999+00:00', 'StartTime': '2017-04-12T00:00:00.0000000-07:00', 'AppliedTime': '2017-07-11T16:46:42.6296906Z', 'SuppressData': True, 'ReferenceValue': -0.5}], 'Severity': 0, 'Description': 'Unspecified threshold value', 'DisplayColor': '#800000', 'ReferenceCode': 'AQUARIUS only', 'ProcessingOrder': 'Suppression'}]",,Primary,USGS-09152500,,"Temperature, water, degrees Celsius",,PT1H12M,,Water temperature
159097e9e2f240189adbcdf63c86e229,pH Units,pH,400,11,2026-10-02T07:53:01.406196,2021-05-27T18:45:00+00:00,2026-10-02T07:45:00+00:00,Points,Instantaneous,"[{'Name': 'Very Low', 'Type': 'ThresholdBelow', 'Periods': [{'EndTime': '9999-12-31T23:59:59.9999999+00:00', 'StartTime': '0001-01-01T00:00:00.0000000+00:00', 'AppliedTime': '2021-08-17T19:34:22.7321257Z', 'SuppressData': True, 'ReferenceValue': 1}], 'Severity': 0, 'Description': 'Unspecified threshold value', 'DisplayColor': '#990600', 'ReferenceCode': 'AQUARIUS only', 'ProcessingOrder': 'Suppression'}, {'Name': 'Very High', 'Type': 'ThresholdAbove', 'Periods': [{'EndTime': '9999-12-31T23:59:59.9999999+00:00', 'StartTime': '0001-01-01T00:00:00.0000000+00:00', 'AppliedTime': '2021-08-17T19:34:40.8301009Z', 'SuppressData': True, 'ReferenceValue': 12}], 'Severity': 0, 'Description': 'Unspecified threshold value', 'DisplayColor': '#990600', 'ReferenceCode': 'AQUARIUS only', 'ProcessingOrder': 'Suppression'}]",,Primary,USGS-09163500,,"pH, water, unfiltered, field, standard units",,PT1H12M,,pH
31f73dab38ac483cbd84574a52a8d5a0,mg/l,Dissolved oxygen,300,11,2026-10-02T07:53:01.430307,2021-05-27T18:45:00+00:00,2026-10-02T07:45:00+00:00,Points,Instantaneous,"[{'Name': 'Very Low', 'Type': 'ThresholdBelow', 'Periods': [{'EndTime': '9999-12-31T23:59:59.9999999+00:00', 'StartTime': '0001-01-01T00:00:00.0000000+00:00', 'AppliedTime': '2021-08-17T19:39:01.0423911Z', 'SuppressData': True, 'ReferenceValue': 1}], 'Severity': 0, 'Description': 'Unspecified threshold value', 'DisplayColor': '#990600', 'ReferenceCode': 'AQUARIUS only', 'ProcessingOrder': 'Suppression'}, {'Name': 'Very High', 'Type': 'ThresholdAbove', 'Periods': [{'EndTime': '9999-12-31T23:59:59.9999999+00:00', 'StartTime': '0001-01-01T00:00:00.0000000+00:00', 'AppliedTime': '2021-08-17T19:39:26.8440139Z', 'SuppressData': True, 'ReferenceValue': 20}], 'Severity': 0, 'Description': 'Unspecified threshold value', 'DisplayColor': '#990600', 'ReferenceCode': 'AQUARIUS only', 'ProcessingOrder': 'Suppression'}]",,Primary,USGS-09163500,,"Dissolved oxygen, water, unfiltered, milligrams per liter",,PT1H12M,,DO concentration
6095691fa5d043cabbd7c082ef7714b9,uS/cm,Specific cond at 25C,95,11,2026-10-02T09:53:24.275290,1992-10-01T07:00:00+00:00,2026-10-02T09:45:00+00:00,Points,Instantaneous,"[{'Name': 'VERY LOW', 'Type': 'ThresholdBelow', 'Periods': [{'EndTime': '9999-12-31T23:59:59.9999999+00:00', 'StartTime': '2017-04-03T00:00:00.0000000-07:00', 'AppliedTime': '2017-07-11T16:49:44.3867259Z', 'SuppressData': True, 'ReferenceValue': 200}], 'Severity': 0, 'Description': 'Unspecified threshold value', 'DisplayColor': '#800000', 'ReferenceCode': 'AQUARIUS only', 'ProcessingOrder': 'Suppression'}, {'Name': 'LOW', 'Type': 'ThresholdBelow', 'Periods': [{'EndTime': '9999-12-31T23:59:59.9999999+00:00', 'StartTime': '2017-04-03T00:00:00.0000000-07:00', 'AppliedTime': '2017-07-11T16:49:43.9274443Z', 'SuppressData': False, 'ReferenceValue': 250}], 'Severity': 0, 'Description': 'Unspecified threshold value', 'DisplayColor': '#CC6600', 'ReferenceCode': 'AQUARIUS only', 'ProcessingOrder': 'Suppression'}, {'Name': 'HIGH', 'Type': 'ThresholdAbove', 'Periods': [{'EndTime': '9999-12-31T23:59:59.9999999+00:00', 'StartTime': '2017-04-03T00:00:00.0000000-07:00', 'AppliedTime': '2017-07-11T16:49:43.4660743Z', 'SuppressData': False, 'ReferenceValue': 2500}], 'Severity': 0, 'Description': 'Unspecified threshold value', 'DisplayColor': '#FF9933', 'ReferenceCode': 'AQUARIUS only', 'ProcessingOrder': 'Suppression'}, {'Name': 'VERY HIGH', 'Type': 'ThresholdAbove', 'Periods': [{'EndTime': '9999-12-31T23:59:59.9999999+00:00', 'StartTime': '2017-04-03T00:00:00.0000000-07:00', 'AppliedTime': '2017-07-11T16:49:44.1271067Z', 'SuppressData': True, 'ReferenceValue': 5000}], 'Severity': 0, 'Description': 'Unspecified threshold value', 'DisplayColor': '#FF0000', 'ReferenceCode': 'AQUARIUS only', 'ProcessingOrder': 'Suppression'}]",,Primary,USGS-09163500,,"Specific conductance, water, unfiltered, microsiemens per centimeter at 25 degrees Celsius",d191cfa8d9b3415187b0543ee4da0148,PT1H12M,,Specific conductance
629e05372f1c472a9a6e269a0811cd34,_FNU,"Turbidity, FNU",63680,11,2026-10-02T07:53:01.374987,2021-05-27T18:45:00+00:00,2026-10-02T07:45:00+00:00,Points,Instantaneous,"[{'Name': 'Very low', 'Type': 'ThresholdBelow', 'Periods': [{'EndTime': '9999-12-31T23:59:59.9999999+00:00', 'StartTime': '0001-01-01T00:00:00.0000000+00:00', 'AppliedTime': '2021-08-17T19:41:00.6272547Z', 'SuppressData': True, 'ReferenceValue': 0}], 'Severity': 0, 'Description': 'Unspecified threshold value', 'DisplayColor': '#990600', 'ReferenceCode': 'AQUARIUS only', 'ProcessingOrder': 'Suppression'}, {'Name': 'Very High', 'Type': 'ThresholdAbove', 'Periods': [{'EndTime': '9999-12-31T23:59:59.9999999+00:00', 'Comments': 'sensor limitation unknown ; edit &gt;4K values to &gt;4K', 'StartTime': '0001-01-01T00:00:00.0000000+00:00', 'AppliedTime': '2021-08-17T19:41:20.0298978Z', 'SuppressData': True, 'ReferenceValue': 4000}], 'Severity': 0, 'Description': 'Unspecified threshold value', 'DisplayColor': '#990600', 'ReferenceCode': 'AQUARIUS only', 'ProcessingOrder': 'Suppression'}]",,Primary,USGS-09163500,,"Turbidity, water, unfiltered, monochrome near infra-red LED light, 780-900 nm, detection angle 90 +-2.5 degrees, formazin nephelometric units (FNU)",,PT1H12M,,Turbidity
95044a61d19a4f19ad6f55f20c0e2c75,ft^3/s,Discharge,60,11,2026-10-02T09:53:30.295999,1985-10-02T06:15:00+00:00,2026-10-02T09:45:00+00:00,Points,Instantaneous,[],,Primary,USGS-09163500,,"Discharge, cubic feet per second",bb2041ad476f40d69a7ef2e33a934220,PT1H12M,1951.0,Discharge
bb2041ad476f40d69a7ef2e33a934220,ft,Gage height,65,11,2026-10-02T06:53:30.132730,2020-07-21T19:15:00+00:00,2026-10-02T06:45:00+00:00,Points,Instantaneous,"[{'Name': 'CSG Index Elev.', 'Type': 'None', 'Periods': [{'EndTime': '9999-12-31T23:59:59.9999999+00:00', 'StartTime': '0001-01-01T00:00:00.0000000+00:00', 'AppliedTime': '0001-01-01T00:00:00Z', 'SuppressData': False, 'ReferenceValue': 10.11}], 'Severity': 0, 'Description': 'NWISWeb reference line displayed to USGS level users', 'DisplayColor': '#990600', 'ReferenceCode': 'NWISWeb ref level - USGS', 'ProcessingOrder': 'Suppression'}, {'Name': 'Operational limit (maximum) Approx. height instrumentation shelf', 'Type': 'ThresholdAbove', 'Periods': [{'EndTime': '9999-12-31T23:59:59.9999999+00:00', 'StartTime': '0001-01-01T00:00:00.0000000+00:00', 'AppliedTime': '2020-11-30T16:27:54.0176749Z', 'SuppressData': True, 'ReferenceValue': 17, 'SecondaryReferenceValue': 15.3}], 'Severity': 0, 'Description': 'Values above a specified threshold limit', 'DisplayColor': '#990600', 'ReferenceCode': 'Operational limit - high-Public', 'ProcessingOrder': 'Suppression'}, {'Name': 'HIGH', 'Type': 'ThresholdAbove', 'Periods': [{'EndTime': '9999-12-31T23:59:59.9999999+00:00', 'StartTime': '0001-01-01T00:00:00.0000000+00:00', 'AppliedTime': '0001-01-01T00:00:00Z', 'SuppressData': False, 'ReferenceValue': 16}], 'Severity': 0, 'Description': 'Unspecified threshold value', 'DisplayColor': '#993b00', 'ReferenceCode': 'AQUARIUS only', 'ProcessingOrder': 'Suppression'}, {'Name': 'Operational limit (minimum) PZF', 'Type': 'ThresholdBelow', 'Periods': [{'EndTime': '9999-12-31T23:59:59.9999999+00:00', 'StartTime': '0001-01-01T00:00:00.0000000+00:00', 'AppliedTime': '2020-11-30T16:28:22.8433607Z', 'SuppressData': True, 'ReferenceValue': 2, 'SecondaryReferenceValue': 2.05}], 'Severity': 0, 'Description': 'Values below a specified threshold limit', 'DisplayColor': '#990600', 'ReferenceCode': 'Operational limit - low-Public', 'ProcessingOrder': 'Suppression'}, {'Name': 'NWS flood stage', 'Type': 'None', 'Periods': [{'EndTime': '9999-12-31T23:59:59.9999999+00:00', 'StartTime': '0001-01-01T00:00:00.0000000+00:00', 'AppliedTime': '0001-01-01T00:00:00Z', 'SuppressData': False, 'ReferenceValue': 15, 'SecondaryReferenceValue': 14.8}], 'Severity': 0, 'Description': 'Display reference value', 'DisplayColor': '#990600', 'ReferenceCode': 'NWISWeb ref level - Public', 'ProcessingOrder': 'Suppression'}, {'Name': 'LOW', 'Type': 'ThresholdBelow', 'Periods': [{'EndTime': '9999-12-31T23:59:59.9999999+00:00', 'StartTime': '0001-01-01T00:00:00.0000000+00:00', 'AppliedTime': '2020-11-30T16:44:08.8005869Z', 'SuppressData': False, 'ReferenceValue': 2}], 'Severity': 0, 'Description': 'Unspecified threshold value', 'DisplayColor': '#993b00', 'ReferenceCode': 'AQUARIUS only', 'ProcessingOrder': 'Suppression'}]",,Primary,USGS-09163500,,"Gage height, feet",,PT1H12M,,Stage
d191cfa8d9b3415187b0543ee4da0148,degC,"Temperature, water",10,11,2026-10-02T09:53:24.482749,1992-10-01T07:00:00+00:00,2026-10-02T09:45:00+00:00,Points,Instantaneous,"[{'Name': 'VERY HIGH', 'Type': 'ThresholdAbove', 'Periods': [{'EndTime': '2021-08-01T00:00:00.0000000-07:00', 'StartTime': '2017-05-03T00:00:00.0000000-07:00', 'AppliedTime': '2017-07-11T16:49:27.5991913Z', 'SuppressData': True, 'ReferenceValue': 40}, {'EndTime': '9999-12-31T23:59:59.9999999+00:00', 'StartTime': '2021-08-01T00:30:00.0000000-07:00', 'AppliedTime': '2021-08-17T19:33:17.5309276Z', 'SuppressData': True, 'ReferenceValue': 30}], 'Severity': 0, 'Description': 'Unspecified threshold value', 'DisplayColor': '#FF0000', 'ReferenceCode': 'AQUARIUS only', 'ProcessingOrder': 'Suppression'}, {'Name': 'VERY LOW', 'Type': 'ThresholdBelow', 'Periods': [{'EndTime': '9999-12-31T23:59:59.9999999+00:00', 'StartTime': '2017-05-03T00:00:00.0000000-07:00', 'AppliedTime': '2017-07-11T16:49:28.0129911Z', 'SuppressData': True, 'ReferenceValue': -0.4}], 'Severity': 0, 'Description': 'Unspecified threshold value', 'DisplayColor': '#800000', 'ReferenceCode': 'AQUARIUS only', 'ProcessingOrder': 'Suppression'}]",,Primary,USGS-09163500,,"Temperature, water, degrees Celsius",,PT1H12M,,Water temperature
76182f88dc70447d8c37736d3f3e2e84,ft^3/s,Discharge,60,11,2026-10-02T05:37:20.145466,1986-10-01T06:06:09+00:00,2026-10-02T05:30:00+00:00,Points,Instantaneous,[],,Primary,USGS-09180000,,"Discharge, cubic feet per second",9308b207a17c40ef9e47b935c2f880de,PT1H12M,1987.0,Discharge
9308b207a17c40ef9e47b935c2f880de,ft,Gage height,65,11,2026-10-02T10:51:05.212338,2007-10-01T07:00:00+00:00,2026-10-02T10:45:00+00:00,Points,Instantaneous,"[{'Name': 'NWS Action Stage', 'Type': 'None', 'Periods': [{'EndTime': '9999-12-31T23:59:59.9999999+00:00', 'StartTime': '0001-01-01T00:00:00.0000000+00:00', 'AppliedTime': '2024-05-02T21:47:07.7765418Z', 'SuppressData': False, 'ReferenceValue': 13, 'SecondaryReferenceValue': 12}], 'Severity': 0, 'Description': 'Display reference value', 'DisplayColor': '#49ff0c', 'ReferenceCode': 'NWISWeb ref level - Public', 'ProcessingOrder': 'Normal'}, {'Name': 'NWS Minor Flooding Stage', 'Type': 'None', 'Periods': [{'EndTime': '9999-12-31T23:59:59.9999999+00:00', 'StartTime': '0001-01-01T00:00:00.0000000+00:00', 'AppliedTime': '2024-05-02T21:48:28.7275312Z', 'SuppressData': False, 'ReferenceValue': 14, 'SecondaryReferenceValue': 13}], 'Severity': 0, 'Description': 'Display reference value', 'DisplayColor': '#3569fa', 'ReferenceCode': 'NWISWeb ref level - Public', 'ProcessingOrder': 'Normal'}, {'Name': 'Operational limit (maximum)', 'Type': 'ThresholdAbove', 'Periods': [{'EndTime': '9999-12-31T23:59:59.9999999+00:00', 'StartTime': '2016-11-18T00:00:00.0000000-07:00', 'AppliedTime': '2017-04-09T18:02:42.9278439Z', 'SuppressData': True, 'ReferenceValue': 19, 'SecondaryReferenceValue': 17.1}], 'Severity': 0, 'Description': 'Values above a specified threshold limit', 'DisplayColor': '#CCCCCC', 'ReferenceCode': 'Operational limit - high-Public', 'ProcessingOrder': 'Suppression'}, {'Name': 'Operational limit (minimum)', 'Type': 'ThresholdBelow', 'Periods': [{'EndTime': '2018-06-01T00:00:00.0000000-07:00', 'StartTime': '2016-11-18T00:00:00.0000000-07:00', 'AppliedTime': '2017-04-09T18:02:43.0808462Z', 'SuppressData': True, 'ReferenceValue': 6.5, 'SecondaryReferenceValue': 6.7}, {'EndTime': '9999-12-31T23:59:59.9999999+00:00', 'StartTime': '2018-06-01T00:15:00.0000000-07:00', 'AppliedTime': '2018-06-27T15:55:29.6698867Z', 'SuppressData': True, 'ReferenceValue': 5.6, 'SecondaryReferenceValue': 5.7}], 'Severity': 0, 'Description': 'Values below a specified threshold limit', 'DisplayColor': '#666666', 'ReferenceCode': 'Operational limit - low-Public', 'ProcessingOrder': 'Suppression'}, {'Name': 'CSG', 'Type': 'None', 'Periods': [{'EndTime': '9999-12-31T23:59:59.9999999+00:00', 'StartTime': '0001-01-01T00:00:00.0000000+00:00', 'AppliedTime': '2020-02-07T17:39:31.8233076Z', 'SuppressData': False, 'ReferenceValue': 10.504, 'SecondaryReferenceValue': 9.5}], 'Severity': 0, 'Description': 'NWISWeb reference line displayed to WSC level users', 'DisplayColor': '#bfff00', 'ReferenceCode': 'NWISWeb ref level - WSC', 'ProcessingOrder': 'Suppression'}]",,Primary,USGS-09180000,,"Gage height, feet",,PT1H12M,,Stage
d80607ed05f042189d61a8d140ee9bea,uS/cm,Specific cond at 25C,95,11,2026-10-02T10:51:04.211784,2007-10-01T07:00:00+00:00,2026-10-02T10:45:00+00:00,Points,Instantaneous,"[{'Name': 'VERY LOW', 'Type': 'ThresholdBelow', 'Periods': [{'EndTime': '9999-12-31T23:59:59.9999999+00:00', 'StartTime': '2016-11-04T00:00:00.0000000-07:00', 'AppliedTime': '2017-04-09T18:02:52.5815994Z', 'SuppressData': True, 'ReferenceValue': 100}], 'Severity': 0, 'Description': 'Unspecified threshold value', 'DisplayColor': '#800000', 'ReferenceCode': 'AQUARIUS only', 'ProcessingOrder': 'Suppression'}, {'Name': 'VERY HIGH', 'Type': 'ThresholdAbove', 'Periods': [{'EndTime': '9999-12-31T23:59:59.9999999+00:00', 'StartTime': '2021-07-01T00:00:00.0000000-07:00', 'AppliedTime': '2021-07-20T17:15:31.9341714Z', 'SuppressData': True, 'ReferenceValue': 40000}, {'EndTime': '2021-07-01T00:00:00.0000000-07:00', 'StartTime': '2018-06-01T00:00:00.0000000-07:00', 'AppliedTime': '2018-07-24T12:05:00.1672041Z', 'SuppressData': True, 'ReferenceValue': 25000}, {'EndTime': '2018-06-01T00:00:00.0000000-07:00', 'StartTime': '2016-11-04T00:00:00.0000000-07:00', 'AppliedTime': '2017-04-09T18:02:52.2589131Z', 'SuppressData': True, 'ReferenceValue': 10000}], 'Severity': 0, 'Description': 'Unspecified threshold value', 'DisplayColor': '#FF0000', 'ReferenceCode': 'AQUARIUS only', 'ProcessingOrder': 'Suppression'}]",,Primary,USGS-09180000,,"Specific conductance, water, unfiltered, microsiemens per centimeter at 25 degrees Celsius",,PT1H12M,,Specific conductance
e870c21880da4a85a7beb270fd80a35f,degC,"Temperature, water",10,11,2026-10-02T10:51:04.500519,2007-10-01T07:00:00+00:00,2026-10-02T10:45:00+00:00,Points,Instantaneous,"[{'Name': 'VERY HIGH', 'Type': 'ThresholdAbove', 'Periods': [{'EndTime': '9999-12-31T23:59:59.9999999+00:00', 'StartTime': '2016-11-04T00:00:00.0000000-07:00', 'AppliedTime': '2017-04-09T18:02:31.3018983Z', 'SuppressData': True, 'ReferenceValue': 40}], 'Severity': 0, 'Description': 'Unspecified threshold value', 'DisplayColor': '#FF0000', 'ReferenceCode': 'AQUARIUS only', 'ProcessingOrder': 'Suppression'}, {'Name': 'VERY LOW', 'Type': 'ThresholdBelow', 'Periods': [{'EndTime': '9999-12-31T23:59:59.9999999+00:00', 'StartTime': '2016-11-04T00:00:00.0000000-07:00', 'AppliedTime': '2017-04-09T18:02:31.6281589Z', 'SuppressData': True, 'ReferenceValue': -0.5}], 'Severity': 0, 'Description': 'Unspecified threshold value', 'DisplayColor': '#800000', 'ReferenceCode': 'AQUARIUS only', 'ProcessingOrder': 'Suppression'}]",,Primary,USGS-09180000,,"Temperature, water, degrees Celsius",,PT1H12M,,Water temperature
11ae8e7cfcdf40f3a178b55128f8a445,degC,"Temperature, air",20,11,2026-10-02T08:12:36.662669,2022-06-29T19:15:00+00:00,2026-10-02T08:00:00+00:00,Points,Instantaneous,[],,Primary,USGS-09180500,,"Temperature, air, degrees Celsius",,PT1H12M,,
697f030191d24b6da8b17ec137eed95d,%,Relative humidity,52,11,2026-10-02T09:11:56.198911,2022-06-29T19:15:00+00:00,2026-10-02T09:00:00+00:00,Points,Instantaneous,[],,Primary,USGS-09180500,,"Relative humidity, percent",,PT1H12M,,
72cfd41fc0374d349442be90ab7c07cd,uS/cm,Specific cond at 25C,95,11,2026-10-02T09:11:43.404111,2007-10-01T07:00:00+00:00,2026-10-02T09:00:00+00:00,Points,Instantaneous,"[{'Name': 'VERY HIGH', 'Type': 'ThresholdAbove', 'Periods': [{'EndTime': '9999-12-31T23:59:59.9999999+00:00', 'StartTime': '2016-11-04T00:00:00.0000000-07:00', 'AppliedTime': '2017-04-09T18:03:32.8939195Z', 'SuppressData': True, 'ReferenceValue': 5000}], 'Severity': 0, 'Description': 'Unspecified threshold value', 'DisplayColor': '#FF0000', 'ReferenceCode': 'AQUARIUS only', 'ProcessingOrder': 'Suppression'}, {'Name': 'VERY LOW', 'Type': 'ThresholdBelow', 'Periods': [{'EndTime': '9999-12-31T23:59:59.9999999+00:00', 'StartTime': '2016-11-04T00:00:00.0000000-07:00', 'AppliedTime': '2017-04-09T18:03:33.5338376Z', 'SuppressData': True, 'ReferenceValue': 50}], 'Severity': 0, 'Description': 'Unspecified threshold value', 'DisplayColor': '#800000', 'ReferenceCode': 'AQUARIUS only', 'ProcessingOrder': 'Suppression'}]",,Primary,USGS-09180500,,"Specific conductance, water, unfiltered, microsiemens per centimeter at 25 degrees Celsius",,PT1H12M,,Specific conductance
8a7acd8e3a9b4f8c9c69d81a7e40e9b0,deg,Wind direction,36,11,2026-10-02T08:12:36.787903,2022-11-01T19:45:00+00:00,2026-10-02T08:00:00+00:00,Points,Instantaneous,"[{'Name': 'high threshold', 'Type': 'ThresholdAbove', 'Periods': [{'EndTime': '9999-12-31T23:59:59.9999999+00:00', 'StartTime': '2023-11-17T08:44:00.0000000-07:00', 'AppliedTime': '2024-05-02T14:46:55.5434209Z', 'SuppressData': True, 'ReferenceValue': 360}], 'Severity': 0, 'Description': 'Unspecified threshold value', 'DisplayColor': '#990600', 'ReferenceCode': 'AQUARIUS only', 'ProcessingOrder': 'Suppression'}, {'Name': 'low threshold', 'Type': 'ThresholdBelow', 'Periods': [{'EndTime': '9999-12-31T23:59:59.9999999+00:00', 'StartTime': '2023-11-17T08:44:00.0000000-07:00', 'AppliedTime': '2024-05-02T14:47:29.486346Z', 'SuppressData': True, 'ReferenceValue': 0}], 'Severity': 0, 'Description': 'Unspecified threshold value', 'DisplayColor': '#990600', 'ReferenceCode': 'AQUARIUS only', 'ProcessingOrder': 'Suppression'}]",,Primary,USGS-09180500,,"Wind direction, degrees clockwise from true north",,PT1H12M,,
95bb9c5e73654757bdb951f6ace2a15c,mph,Wind speed,35,11,2026-10-02T08:12:36.710895,2022-11-01T19:45:00+00:00,2026-10-02T08:00:00+00:00,Points,Instantaneous,[],,Primary,USGS-09180500,,"Wind speed, miles per hour",,PT1H12M,,
a21d620cba644537a6c017b54f64f323,mbar,Air pressure,75969,11,2026-10-02T09:11:56.077701,2022-06-29T19:15:00+00:00,2026-10-02T09:00:00+00:00,Points,Instantaneous,[],,Primary,USGS-09180500,,"Barometric pressure, not corrected to sea level, millibars",,PT1H12M,,
ad276f7424a84fcebf5e8e8012560661,_FNU,"Turbidity, FNU",63680,11,2026-03-17T17:24:21.240244,2021-11-09T19:00:00+00:00,2025-12-16T18:00:00+00:00,Points,Instantaneous,"[{'Name': 'low turb limit', 'Type': 'ThresholdBelow', 'Periods': [{'EndTime': '9999-12-31T23:59:59.9999999+00:00', 'StartTime': '0001-01-01T00:00:00.0000000+00:00', 'AppliedTime': '2021-11-10T22:33:28.0061603Z', 'SuppressData': True, 'ReferenceValue': 0, 'SecondaryReferenceValue': 0.1}], 'Severity': 0, 'Description': 'Values below a specified threshold limit', 'DisplayColor': '#990600', 'ReferenceCode': 'Operational limit - low-Public', 'ProcessingOrder': 'Suppression'}, {'Name': 'max Turb limit', 'Type': 'ThresholdAbove', 'Periods': [{'EndTime': '9999-12-31T23:59:59.9999999+00:00', 'StartTime': '0001-01-01T00:00:00.0000000+00:00', 'AppliedTime': '2021-11-10T22:33:01.8884352Z', 'SuppressData': True, 'ReferenceValue': 4000, 'SecondaryReferenceValue': 3999}], 'Severity': 0, 'Description': 'Values above a specified threshold limit', 'DisplayColor': '#990600', 'ReferenceCode': 'Operational limit - high-Public', 'ProcessingOrder': 'Suppression'}]",,Primary,USGS-09180500,,"Turbidity, water, unfiltered, monochrome near infra-red LED light, 780-900 nm, detection angle 90 +-2.5 degrees, formazin nephelometric units (FNU)",,PT1H12M,,Turbidity
b14fae3a1c37417faf1ce9cbeffb3ecd,ft^3/s,Discharge,60,11,2026-10-02T06:12:49.206736,1986-10-01T06:15:00+00:00,2026-10-02T06:00:00+00:00,Points,Instantaneous,[],,Primary,USGS-09180500,,"Discharge, cubic feet per second",fdd7468b99954d3c9741f77e319ea244,PT1H12M,1986.0,Discharge
b4b4e7c215ec41638c0d164fbbc0f30b,pH Units,pH,400,11,2026-03-17T17:23:29.057229,2021-11-09T18:45:00+00:00,2025-12-16T18:00:00+00:00,Points,Instantaneous,"[{'Name': 'max pH limit', 'Type': 'ThresholdAbove', 'Periods': [{'EndTime': '9999-12-31T23:59:59.9999999+00:00', 'StartTime': '0001-01-01T00:00:00.0000000+00:00', 'AppliedTime': '2021-11-10T22:33:57.6833943Z', 'SuppressData': True, 'ReferenceValue': 9.5, 'SecondaryReferenceValue': 9.4}], 'Severity': 0, 'Description': 'Values above a specified threshold limit', 'DisplayColor': '#990600', 'ReferenceCode': 'Operational limit - high-Public', 'ProcessingOrder': 'Suppression'}, {'Name': 'low pH limit', 'Type': 'ThresholdBelow', 'Periods': [{'EndTime': '9999-12-31T23:59:59.9999999+00:00', 'StartTime': '0001-01-01T00:00:00.0000000+00:00', 'AppliedTime': '2021-11-10T22:34:15.7911501Z', 'SuppressData': True, 'ReferenceValue': 6, 'SecondaryReferenceValue': 6.1}], 'Severity': 0, 'Description': 'Values below a specified threshold limit', 'DisplayColor': '#990600', 'ReferenceCode': 'Operational limit - low-Public', 'ProcessingOrder': 'Suppression'}]",,Primary,USGS-09180500,,"pH, water, unfiltered, field, standard units",,PT1H12M,,pH
c12072c4785f48c0ad3fec38c80afee5,mg/l,Dissolved oxygen,300,11,2026-10-02T09:11:41.597215,2021-11-09T18:45:00+00:00,2026-10-02T09:00:00+00:00,Points,Instantaneous,"[{'Name': 'max DO limit', 'Type': 'ThresholdAbove', 'Periods': [{'EndTime': '9999-12-31T23:59:59.9999999+00:00', 'StartTime': '0001-01-01T00:00:00.0000000+00:00', 'AppliedTime': '2021-11-10T22:31:16.73286Z', 'SuppressData': True, 'ReferenceValue': 16, 'SecondaryReferenceValue': 15}], 'Severity': 0, 'Description': 'Values above a specified threshold limit', 'DisplayColor': '#990600', 'ReferenceCode': 'Operational limit - high-Public', 'ProcessingOrder': 'Suppression'}, {'Name': 'low DO limit', 'Type': 'ThresholdBelow', 'Periods': [{'EndTime': '9999-12-31T23:59:59.9999999+00:00', 'StartTime': '0001-01-01T00:00:00.0000000+00:00', 'AppliedTime': '2021-11-10T22:32:00.1899199Z', 'SuppressData': True, 'ReferenceValue': 1, 'SecondaryReferenceValue': 2}], 'Severity': 0, 'Description': 'Values below a specified threshold limit', 'DisplayColor': '#990600', 'ReferenceCode': 'Operational limit - low-Public', 'ProcessingOrder': 'Suppression'}]",,Primary,USGS-09180500,,"Dissolved oxygen, water, unfiltered, milligrams per liter",,PT1H12M,,DO concentration
fa6255a7321d4f53849818d091b1bbb0,degC,"Temperature, water",10,11,2026-10-02T08:13:18.312017,2007-10-01T07:00:00+00:00,2026-10-02T08:00:00+00:00,Points,Instantaneous,"[{'Name': 'VERY LOW', 'Type': 'ThresholdBelow', 'Periods': [{'EndTime': '9999-12-31T23:59:59.9999999+00:00', 'StartTime': '2016-11-04T00:00:00.0000000-07:00', 'AppliedTime': '2017-04-09T18:03:03.6213561Z', 'SuppressData': True, 'ReferenceValue': -0.5}], 'Severity': 0, 'Description': 'Unspecified threshold value', 'DisplayColor': '#800000', 'ReferenceCode': 'AQUARIUS only', 'ProcessingOrder': 'Suppression'}, {'Name': 'VERY HIGH', 'Type': 'ThresholdAbove', 'Periods': [{'EndTime': '9999-12-31T23:59:59.9999999+00:00', 'Comments': 'new high temp at site', 'StartTime': '2022-08-01T00:00:00.0000000-07:00', 'AppliedTime': '2022-08-02T22:22:00.2789374Z', 'SuppressData': True, 'ReferenceValue': 35}, {'EndTime': '2022-08-01T00:00:00.0000000-07:00', 'StartTime': '2016-11-04T00:00:00.0000000-07:00', 'AppliedTime': '2017-04-09T18:03:03.4193546Z', 'SuppressData': True, 'ReferenceValue': 30}], 'Severity': 0, 'Description': 'Unspecified threshold value', 'DisplayColor': '#FF0000', 'ReferenceCode': 'AQUARIUS only', 'ProcessingOrder': 'Suppression'}]",,Primary,USGS-09180500,,"Temperature, water, degrees Celsius",,PT1H12M,,Water temperature
fdd7468b99954d3c9741f77e319ea244,ft,Gage height,65,11,2026-10-02T09:11:59.306575,2007-10-01T07:00:00+00:00,2026-10-02T09:00:00+00:00,Points,Instantaneous,"[{'Name': 'NWS Action Stage', 'Type': 'None', 'Periods': [{'EndTime': '9999-12-31T23:59:59.9999999+00:00', 'StartTime': '0001-01-01T00:00:00.0000000+00:00', 'AppliedTime': '2024-05-02T21:45:07.9302035Z', 'SuppressData': False, 'ReferenceValue': 13.3, 'SecondaryReferenceValue': 12.3}], 'Severity': 0, 'Description': 'Display reference value', 'DisplayColor': '#52ff08', 'ReferenceCode': 'NWISWeb ref level - Public', 'ProcessingOrder': 'Normal'}, {'Name': 'NWS Minor Flooding Stage', 'Type': 'None', 'Periods': [{'EndTime': '9999-12-31T23:59:59.9999999+00:00', 'StartTime': '0001-01-01T00:00:00.0000000+00:00', 'AppliedTime': '2024-05-02T21:45:41.6894446Z', 'SuppressData': False, 'ReferenceValue': 19, 'SecondaryReferenceValue': 18}], 'Severity': 0, 'Description': 'Display reference value', 'DisplayColor': '#456aff', 'ReferenceCode': 'NWISWeb ref level - Public', 'ProcessingOrder': 'Normal'}, {'Name': 'Operational limit (minimum)', 'Type': 'ThresholdBelow', 'Periods': [{'EndTime': '9999-12-31T23:59:59.9999999+00:00', 'StartTime': '2016-11-16T00:00:00.0000000-07:00', 'AppliedTime': '2017-04-09T18:03:24.538364Z', 'SuppressData': True, 'ReferenceValue': 0.73, 'SecondaryReferenceValue': 0.93}], 'Severity': 0, 'Description': 'Values below a specified threshold limit', 'DisplayColor': '#666666', 'ReferenceCode': 'Operational limit - low-Public', 'ProcessingOrder': 'Suppression'}, {'Name': 'Operational limit (maximum)', 'Type': 'ThresholdAbove', 'Periods': [{'EndTime': '2023-10-02T10:00:00.0000000-07:00', 'StartTime': '2016-11-16T00:00:00.0000000-07:00', 'AppliedTime': '2017-04-09T18:03:23.9872619Z', 'SuppressData': True, 'ReferenceValue': 23, 'SecondaryReferenceValue': 20.7}, {'EndTime': '9999-12-31T23:59:59.9999999+00:00', 'StartTime': '2023-10-02T10:00:00.0000000-07:00', 'AppliedTime': '2023-11-24T16:28:06.7585686Z', 'SuppressData': True, 'ReferenceValue': 22.5, 'SecondaryReferenceValue': 20.7}], 'Severity': 0, 'Description': 'Values above a specified threshold limit', 'DisplayColor': '#CCCCCC', 'ReferenceCode': 'Operational limit - high-Public', 'ProcessingOrder': 'Suppression'}, {'Name': 'Lower CSG', 'Type': 'None', 'Periods': [{'EndTime': '9999-12-31T23:59:59.9999999+00:00', 'StartTime': '0001-01-01T00:00:00.0000000+00:00', 'AppliedTime': '2020-02-07T17:43:39.5327625Z', 'SuppressData': False, 'ReferenceValue': 10.504, 'SecondaryReferenceValue': 9.5}], 'Severity': 0, 'Description': 'NWISWeb reference line displayed to WSC level users', 'DisplayColor': '#bbff00', 'ReferenceCode': 'NWISWeb ref level - WSC', 'ProcessingOrder': 'Suppression'}, {'Name': 'upper CSG', 'Type': 'None', 'Periods': [{'EndTime': '9999-12-31T23:59:59.9999999+00:00', 'StartTime': '0001-01-01T00:00:00.0000000+00:00', 'AppliedTime': '2020-02-07T17:44:35.9788988Z', 'SuppressData': False, 'ReferenceValue': 14.84, 'SecondaryReferenceValue': 13.84}], 'Severity': 0, 'Description': 'NWISWeb reference line displayed to WSC level users', 'DisplayColor': '#bfff00', 'ReferenceCode': 'NWISWeb ref level - WSC', 'ProcessingOrder': 'Suppression'}]",,Primary,USGS-09180500,,"Gage height, feet",,PT1H12M,,Stage
13cbe45a619948ff91649b6addc3df80,ft^3/s,Discharge,60,11,2026-10-02T07:42:07.258956,1990-10-03T06:00:00+00:00,2026-10-02T07:30:00+00:00,Points,Instantaneous,[],,Primary,USGS-09217000,,"Discharge, cubic feet per second",4b0932917f6d4804a8c435d6e82c9a75,PT1H12M,1952.0,Discharge
3153336f3a1a4972b37d1f50161999b3,degC,"Temperature, water",10,11,2026-10-02T08:44:37.064806,2007-10-01T07:00:00+00:00,2026-10-02T08:30:00+00:00,Points,Instantaneous,"[{'Name': 'HIGH', 'Type': 'ThresholdAbove', 'Periods': [{'EndTime': '9999-12-31T23:59:59.9999999+00:00', 'StartTime': '2017-02-26T00:00:00.0000000-07:00', 'AppliedTime': '2017-03-05T02:11:19.9455948Z', 'SuppressData': False, 'ReferenceValue': 28}], 'Severity': 0, 'Description': 'Unspecified threshold value', 'DisplayColor': '#FF9933', 'ReferenceCode': 'AQUARIUS only', 'ProcessingOrder': 'Suppression'}, {'Name': 'VERY HIGH', 'Type': 'ThresholdAbove', 'Periods': [{'EndTime': '9999-12-31T23:59:59.9999999+00:00', 'StartTime': '2017-02-26T00:00:00.0000000-07:00', 'AppliedTime': '2017-03-05T02:11:20.7123245Z', 'SuppressData': True, 'ReferenceValue': 32}], 'Severity': 0, 'Description': 'Unspecified threshold value', 'DisplayColor': '#FF0000', 'ReferenceCode': 'AQUARIUS only', 'ProcessingOrder': 'Suppression'}, {'Name': 'LOW', 'Type': 'ThresholdBelow', 'Periods': [{'EndTime': '9999-12-31T23:59:59.9999999+00:00', 'StartTime': '2017-02-26T00:00:00.0000000-07:00', 'AppliedTime': '2017-03-05T02:11:20.0815975Z', 'SuppressData': False, 'ReferenceValue': 0}], 'Severity': 0, 'Description': 'Unspecified threshold value', 'DisplayColor': '#CC6600', 'ReferenceCode': 'AQUARIUS only', 'ProcessingOrder': 'Suppression'}, {'Name': 'VERY LOW', 'Type': 'ThresholdBelow', 'Periods': [{'EndTime': '9999-12-31T23:59:59.9999999+00:00', 'StartTime': '2017-02-26T00:00:00.0000000-07:00', 'AppliedTime': '2017-03-05T02:11:19.560623Z', 'SuppressData': True, 'ReferenceValue': -1}], 'Severity': 0, 'Description': 'Unspecified threshold value', 'DisplayColor': '#800000', 'ReferenceCode': 'AQUARIUS only', 'ProcessingOrder': 'Suppression'}]",,Primary,USGS-09217000,,"Temperature, water, degrees Celsius",,PT1H12M,,Water temperature
4b0932917f6d4804a8c435d6e82c9a75,ft,Gage height,65,11,2026-10-02T08:45:34.182745,2007-10-01T07:00:00+00:00,2026-10-02T08:30:00+00:00,Points,Instantaneous,"[{'Name': 'Operational limit (maximum) approx shelf height', 'Type': 'ThresholdAbove', 'Periods': [{'EndTime': '9999-12-31T23:59:59.9999999+00:00', 'StartTime': '2017-01-19T00:00:00.0000000-07:00', 'AppliedTime': '2017-03-05T02:11:16.2133245Z', 'SuppressData': True, 'ReferenceValue': 10.5, 'SecondaryReferenceValue': 9.45}], 'Severity': 0, 'Description': 'Values above a specified threshold limit', 'DisplayColor': '#CCCCCC', 'ReferenceCode': 'Operational limit - high-Public', 'ProcessingOrder': 'Suppression'}, {'Name': 'National Weather Service flood stage', 'Type': 'None', 'Periods': [{'EndTime': '9999-12-31T23:59:59.9999999+00:00', 'StartTime': '2017-01-19T00:00:00.0000000-07:00', 'AppliedTime': '2017-03-05T02:11:16.9255914Z', 'SuppressData': False, 'ReferenceValue': 7}], 'Severity': 0, 'Description': 'Display reference value', 'DisplayColor': '#00CCFF', 'ReferenceCode': 'NWISWeb ref level - Public', 'ProcessingOrder': 'Suppression'}, {'Name': 'Operational limit (minimum) Approx PZF lowest ght 0.69', 'Type': 'ThresholdBelow', 'Periods': [{'EndTime': '9999-12-31T23:59:59.9999999+00:00', 'StartTime': '2017-01-19T00:00:00.0000000-07:00', 'AppliedTime': '2017-03-05T02:11:16.2813022Z', 'SuppressData': True, 'ReferenceValue': 0.3, 'SecondaryReferenceValue': 0.5}], 'Severity': 0, 'Description': 'Values below a specified threshold limit', 'DisplayColor': '#666666', 'ReferenceCode': 'Operational limit - low-Public', 'ProcessingOrder': 'Suppression'}, {'Name': 'Peak Gage Height, 8.53 ft, September 7, 1965', 'Type': 'None', 'Periods': [{'EndTime': '9999-12-31T23:59:59.9999999+00:00', 'StartTime': '0001-01-01T00:00:00.0000000+00:00', 'AppliedTime': '2019-03-29T14:02:45.1255478Z', 'SuppressData': False, 'ReferenceValue': 8.53, 'SecondaryReferenceValue': 6}], 'Severity': 0, 'Description': 'Display reference value', 'DisplayColor': '#990600', 'ReferenceCode': 'NWISWeb ref level - Public', 'ProcessingOrder': 'Suppression'}, {'Name': 'Recent Peak Gage Height, 6.86 ft, June 25, 2017', 'Type': 'None', 'Periods': [{'EndTime': '9999-12-31T23:59:59.9999999+00:00', 'StartTime': '0001-01-01T00:00:00.0000000+00:00', 'AppliedTime': '2019-03-29T14:01:40.3240177Z', 'SuppressData': False, 'ReferenceValue': 6.86, 'SecondaryReferenceValue': 6}], 'Severity': 0, 'Description': 'Display reference value', 'DisplayColor': '#990600', 'ReferenceCode': 'NWISWeb ref level - Public', 'ProcessingOrder': 'Suppression'}]",,Primary,USGS-09217000,,"Gage height, feet",,PT1H12M,1985.0,Stage
57f402566d1149c4bfe5770eae93491d,uS/cm,Specific cond at 25C,95,11,2026-10-02T09:42:28.175279,2007-10-01T07:00:00+00:00,2026-10-02T09:30:00+00:00,Points,Instantaneous,"[{'Name': 'HIGH', 'Type': 'ThresholdAbove', 'Periods': [{'EndTime': '9999-12-31T23:59:59.9999999+00:00', 'StartTime': '2017-02-26T00:00:00.0000000-07:00', 'AppliedTime': '2017-03-05T02:11:24.9847854Z', 'SuppressData': False, 'ReferenceValue': 4000}], 'Severity': 0, 'Description': 'Unspecified threshold value', 'DisplayColor': '#FF9933', 'ReferenceCode': 'AQUARIUS only', 'ProcessingOrder': 'Suppression'}, {'Name': 'LOW', 'Type': 'ThresholdBelow', 'Periods': [{'EndTime': '9999-12-31T23:59:59.9999999+00:00', 'StartTime': '2017-02-26T00:00:00.0000000-07:00', 'AppliedTime': '2017-03-05T02:11:25.0790814Z', 'SuppressData': False, 'ReferenceValue': 100}], 'Severity': 0, 'Description': 'Unspecified threshold value', 'DisplayColor': '#CC6600', 'ReferenceCode': 'AQUARIUS only', 'ProcessingOrder': 'Suppression'}, {'Name': 'VERY HIGH', 'Type': 'ThresholdAbove', 'Periods': [{'EndTime': '9999-12-31T23:59:59.9999999+00:00', 'StartTime': '2017-02-26T00:00:00.0000000-07:00', 'AppliedTime': '2017-03-05T02:11:25.1720721Z', 'SuppressData': True, 'ReferenceValue': 8000}], 'Severity': 0, 'Description': 'Unspecified threshold value', 'DisplayColor': '#FF0000', 'ReferenceCode': 'AQUARIUS only', 'ProcessingOrder': 'Suppression'}, {'Name': 'VERY LOW', 'Type': 'ThresholdBelow', 'Periods': [{'EndTime': '9999-12-31T23:59:59.9999999+00:00', 'StartTime': '2017-02-26T00:00:00.0000000-07:00', 'AppliedTime': '2017-03-05T02:11:25.5805251Z', 'SuppressData': True, 'ReferenceValue': 50}], 'Severity': 0, 'Description': 'Unspecified threshold value', 'DisplayColor': '#800000', 'ReferenceCode': 'AQUARIUS only', 'ProcessingOrder': 'Suppression'}]",,Primary,USGS-09217000,,"Specific conductance, water, unfiltered, microsiemens per centimeter at 25 degrees Celsius",,PT1H12M,,Specific conductance
73e84dc2f44048a7977fad2a64fc9e87,mg/l,"Diss solids, estim",99401,11,2022-03-25T16:36:35.036014,2008-04-09T06:00:00+00:00,2015-10-16T05:00:00+00:00,Points,Instantaneous,"[{'Name': 'VERY HIGH', 'Type': 'ThresholdAbove', 'Periods': [{'EndTime': '9999-12-31T23:59:59.9999999+00:00', 'StartTime': '2017-02-26T00:00:00.0000000-07:00', 'AppliedTime': '2017-03-05T02:11:30.5435251Z', 'SuppressData': True, 'ReferenceValue': 10000}], 'Severity': 0, 'Description': 'Unspecified threshold value', 'DisplayColor': '#FF0000', 'ReferenceCode': 'AQUARIUS only', 'ProcessingOrder': 'Suppression'}, {'Name': 'VERY LOW', 'Type': 'ThresholdBelow', 'Periods': [{'EndTime': '9999-12-31T23:59:59.9999999+00:00', 'StartTime': '2017-02-26T00:00:00.0000000-07:00', 'AppliedTime': '2017-03-05T02:11:30.6655251Z', 'SuppressData': True, 'ReferenceValue': 100}], 'Severity': 0, 'Description': 'Unspecified threshold value', 'DisplayColor': '#800000', 'ReferenceCode': 'AQUARIUS only', 'ProcessingOrder': 'Suppression'}]",,Primary,USGS-09217000,,"Dissolved solids, water, filtered, estimated by regression equation, milligrams per liter",57f402566d1149c4bfe5770eae93491d,PT1H12M,,
07224f1678614b70991ac7cb35f36cda,ft^3/s,Discharge,60,11,2026-10-02T05:42:17.862539,1986-10-01T06:30:00+00:00,2026-10-02T05:30:00+00:00,Points,Instantaneous,[],,Primary,USGS-09234500,,"Discharge, cubic feet per second",60e71219843b49a9a4c54a820228c935,PT1H12M,1964.0,Discharge
3684194617a342718fd276b39f8a8e1d,uS/cm,Specific cond at 25C,95,11,2026-10-02T05:42:00.620105,2012-08-10T07:00:00+00:00,2026-10-02T05:30:00+00:00,Points,Instantaneous,"[{'Name': 'VERY LOW', 'Type': 'ThresholdBelow', 'Periods': [{'EndTime': '9999-12-31T23:59:59.9999999+00:00', 'StartTime': '2016-10-24T00:00:00.0000000-07:00', 'AppliedTime': '2017-04-09T18:03:37.5420265Z', 'SuppressData': True, 'ReferenceValue': 50}], 'Severity': 0, 'Description': 'Unspecified threshold value', 'DisplayColor': '#800000', 'ReferenceCode': 'AQUARIUS only', 'ProcessingOrder': 'Suppression'}, {'Name': 'VERY HIGH', 'Type': 'ThresholdAbove', 'Periods': [{'EndTime': '9999-12-31T23:59:59.9999999+00:00', 'StartTime': '2016-10-24T00:00:00.0000000-07:00', 'AppliedTime': '2017-04-09T18:03:37.2910209Z', 'SuppressData': True, 'ReferenceValue': 5000}], 'Severity': 0, 'Description': 'Unspecified threshold value', 'DisplayColor': '#FF0000', 'ReferenceCode': 'AQUARIUS only', 'ProcessingOrder': 'Suppression'}]",,Primary,USGS-09234500,,"Specific conductance, water, unfiltered, microsiemens per centimeter at 25 degrees Celsius",,PT1H12M,1983.0,Specific conductance
60e71219843b49a9a4c54a820228c935,ft,Gage height,65,11,2026-10-02T05:42:00.596939,2007-10-01T07:00:00+00:00,2026-10-02T05:30:00+00:00,Points,Instantaneous,"[{'Name': 'Operational limit (maximum) EQUIPMENT SHELF LIMITING FLOAT TAPE GAGE OPERATION', 'Type': 'ThresholdAbove', 'Periods': [{'EndTime': '9999-12-31T23:59:59.9999999+00:00', 'StartTime': '2016-10-24T00:00:00.0000000-07:00', 'AppliedTime': '2017-04-09T18:03:29.3990105Z', 'SuppressData': True, 'ReferenceValue': 22.3, 'SecondaryReferenceValue': 20.07}], 'Severity': 0, 'Description': 'Values above a specified threshold limit', 'DisplayColor': '#CCCCCC', 'ReferenceCode': 'Operational limit - high-Public', 'ProcessingOrder': 'Suppression'}, {'Name': 'Operational limit (minimum) LIMITED BY LOWER STILLING WELL INTAKE ELEVATION', 'Type': 'ThresholdBelow', 'Periods': [{'EndTime': '9999-12-31T23:59:59.9999999+00:00', 'StartTime': '2016-10-24T00:00:00.0000000-07:00', 'AppliedTime': '2017-04-09T18:03:29.5750129Z', 'SuppressData': True, 'ReferenceValue': 0.2, 'SecondaryReferenceValue': 0.4}], 'Severity': 0, 'Description': 'Values below a specified threshold limit', 'DisplayColor': '#666666', 'ReferenceCode': 'Operational limit - low-Public', 'ProcessingOrder': 'Suppression'}]",,Primary,USGS-09234500,,"Gage height, feet",,PT1H12M,,Stage
eae55f50e26b4616a3f3891ce6eddb07,degC,"Temperature, water",10,11,2026-10-02T05:42:00.728947,2004-02-05T19:33:58+00:00,2026-10-02T05:30:00+00:00,Points,Instantaneous,"[{'Name': 'VERY LOW', 'Type': 'ThresholdBelow', 'Periods': [{'EndTime': '9999-12-31T23:59:59.9999999+00:00', 'StartTime': '2016-10-24T00:00:00.0000000-07:00', 'AppliedTime': '2017-04-09T18:03:18.6362947Z', 'SuppressData': True, 'ReferenceValue': 0.7}], 'Severity': 0, 'Description': 'Unspecified threshold value', 'DisplayColor': '#800000', 'ReferenceCode': 'AQUARIUS only', 'ProcessingOrder': 'Suppression'}, {'Name': 'VERY HIGH', 'Type': 'ThresholdAbove', 'Periods': [{'EndTime': '2023-01-31T16:00:00.0000000-07:00', 'StartTime': '2016-10-24T00:00:00.0000000-07:00', 'AppliedTime': '2017-04-09T18:03:18.1941687Z', 'SuppressData': True, 'ReferenceValue': 50}, {'EndTime': '9999-12-31T23:59:59.9999999+00:00', 'StartTime': '2023-01-31T16:15:00.0000000-07:00', 'AppliedTime': '2023-07-31T15:29:36.5688763Z', 'SuppressData': True, 'ReferenceValue': 20}], 'Severity': 0, 'Description': 'Unspecified threshold value', 'DisplayColor': '#FF0000', 'ReferenceCode': 'AQUARIUS only', 'ProcessingOrder': 'Suppression'}]",,Primary,USGS-09234500,,"Temperature, water, degrees Celsius",,PT1H12M,1987.0,Water temperature
0fc94d0c98b24c218e5d067d453c69bf,ft,Gage height,65,11,2026-10-02T10:40:03.648884,2007-10-01T07:00:00+00:00,2026-10-02T10:30:00+00:00,Points,Instantaneous,"[{'Name': 'National Weather Service bankfull stage', 'Type': 'None', 'Periods': [{'EndTime': '9999-12-31T23:59:59.9999999+00:00', 'StartTime': '2016-10-25T00:00:00.0000000-07:00', 'AppliedTime': '2017-04-09T18:05:44.5279397Z', 'SuppressData': False, 'ReferenceValue': 9}], 'Severity': 0, 'Description': 'Display reference value', 'DisplayColor': '#00CCFF', 'ReferenceCode': 'NWISWeb ref level - Public', 'ProcessingOrder': 'Suppression'}, {'Name': 'National Weather Service flood stage', 'Type': 'None', 'Periods': [{'EndTime': '9999-12-31T23:59:59.9999999+00:00', 'StartTime': '2016-10-25T00:00:00.0000000-07:00', 'AppliedTime': '2017-04-09T18:05:44.3038219Z', 'SuppressData': False, 'ReferenceValue': 10.8}], 'Severity': 0, 'Description': 'Display reference value', 'DisplayColor': '#00CCFF', 'ReferenceCode': 'NWISWeb ref level - Public', 'ProcessingOrder': 'Suppression'}, {'Name': 'Operational limit (minimum) GAGE HEIGHT OF DRY RIVER BED', 'Type': 'ThresholdBelow', 'Periods': [{'EndTime': '9999-12-31T23:59:59.9999999+00:00', 'StartTime': '2016-10-25T00:00:00.0000000-07:00', 'AppliedTime': '2017-04-09T18:05:43.3291046Z', 'SuppressData': True, 'ReferenceValue': -1, 'SecondaryReferenceValue': -0.8}], 'Severity': 0, 'Description': 'Values below a specified threshold limit', 'DisplayColor': '#666666', 'ReferenceCode': 'Operational limit - low-Public', 'ProcessingOrder': 'Suppression'}, {'Name': 'Operational limit (maximum) DATA RECORDER SUBMERGED', 'Type': 'ThresholdAbove', 'Periods': [{'EndTime': '9999-12-31T23:59:59.9999999+00:00', 'StartTime': '2016-10-25T00:00:00.0000000-07:00', 'AppliedTime': '2017-04-09T18:05:42.4760278Z', 'SuppressData': True, 'ReferenceValue': 19, 'SecondaryReferenceValue': 17.1}], 'Severity': 0, 'Description': 'Values above a specified threshold limit', 'DisplayColor': '#CCCCCC', 'ReferenceCode': 'Operational limit - high-Public', 'ProcessingOrder': 'Suppression'}]",,Primary,USGS-09261000,,"Gage height, feet",,PT1H12M,,Stage
1d9cf1f8303a4c70948d85d043c6be3d,ft^3/s,Discharge,60,11,2026-10-02T06:41:46.065574,1946-12-14T07:00:00+00:00,2026-10-02T06:30:00+00:00,Points,Instantaneous,[],,Primary,USGS-09261000,,"Discharge, cubic feet per second",0fc94d0c98b24c218e5d067d453c69bf,PT1H12M,1947.0,Discharge
20b75bb72c294f4d8cad754c10571a94,mbar,Air pressure,75969,11,2026-10-02T10:40:00.492068,2023-10-06T15:00:00+00:00,2026-10-02T10:30:00+00:00,Points,Instantaneous,[],,Primary,USGS-09261000,,"Barometric pressure, not corrected to sea level, millibars",,PT1H12M,,
3be5919e1bd54716989dc30667c528da,uS/cm,Specific cond at 25C,95,11,2026-10-02T10:40:01.529827,2021-10-28T21:15:00+00:00,2026-10-02T10:30:00+00:00,Points,Instantaneous,"[{'Name': 'Low', 'Type': 'ThresholdBelow', 'Periods': [{'EndTime': '9999-12-31T23:59:59.9999999+00:00', 'StartTime': '2021-10-28T00:00:00.0000000-07:00', 'AppliedTime': '2022-01-26T15:11:24.7253436Z', 'SuppressData': True, 'ReferenceValue': 100}], 'Severity': 0, 'Description': 'Unspecified threshold value', 'DisplayColor': '#990600', 'ReferenceCode': 'AQUARIUS only', 'ProcessingOrder': 'Suppression'}, {'Name': 'High', 'Type': 'ThresholdAbove', 'Periods': [{'EndTime': '2026-09-16T00:00:00.0000000-07:00', 'StartTime': '2022-10-01T00:00:00.0000000-07:00', 'AppliedTime': '2022-10-04T13:41:07.1078821Z', 'SuppressData': True, 'ReferenceValue': 2000}, {'EndTime': '9999-12-31T23:59:59.9999999+00:00', 'StartTime': '2026-09-16T00:00:00.0000000-07:00', 'AppliedTime': '2026-09-18T12:30:49.3771595Z', 'SuppressData': True, 'ReferenceValue': 2400}, {'EndTime': '2022-10-01T00:00:00.0000000-07:00', 'StartTime': '2021-10-28T00:00:00.0000000-07:00', 'AppliedTime': '2022-01-26T15:10:00.3988087Z', 'SuppressData': True, 'ReferenceValue': 900}], 'Severity': 0, 'Description': 'Unspecified threshold value', 'DisplayColor': '#990600', 'ReferenceCode': 'AQUARIUS only', 'ProcessingOrder': 'Suppression'}]",,Primary,USGS-09261000,,"Specific conductance, water, unfiltered, microsiemens per centimeter at 25 degrees Celsius",,PT1H12M,,Specific conductance
4192990556584f16850ba5bb62e08b55,%,Relative humidity,52,11,2026-10-02T10:40:00.194481,2023-10-06T15:00:00+00:00,2026-10-02T10:30:00+00:00,Points,Instantaneous,[],,Primary,USGS-09261000,,"Relative humidity, percent",,PT1H12M,,
5f1d06962aaf4448972cc7a100ffd33a,degC,"Temperature, water",10,11,2026-10-02T10:40:04.024050,2007-10-01T07:00:00+00:00,2026-10-02T10:30:00+00:00,Points,Instantaneous,"[{'Name': 'VERY LOW', 'Type': 'ThresholdBelow', 'Periods': [{'EndTime': '9999-12-31T23:59:59.9999999+00:00', 'StartTime': '2016-10-12T00:00:00.0000000-07:00', 'AppliedTime': '2017-04-09T18:05:12.9124479Z', 'SuppressData': True, 'ReferenceValue': -1}], 'Severity': 0, 'Description': 'Unspecified threshold value', 'DisplayColor': '#800000', 'ReferenceCode': 'AQUARIUS only', 'ProcessingOrder': 'Suppression'}, {'Name': 'VERY HIGH', 'Type': 'ThresholdAbove', 'Periods': [{'EndTime': '9999-12-31T23:59:59.9999999+00:00', 'StartTime': '2016-10-12T00:00:00.0000000-07:00', 'AppliedTime': '2017-04-09T18:05:12.5658692Z', 'SuppressData': True, 'ReferenceValue': 60}], 'Severity': 0, 'Description': 'Unspecified threshold value', 'DisplayColor': '#FF0000', 'ReferenceCode': 'AQUARIUS only', 'ProcessingOrder': 'Suppression'}]",,Primary,USGS-09261000,,"Temperature, water, degrees Celsius",,PT1H12M,1998.0,Water temperature
942019bbd4ce46fdac1f8a6ca6852743,mg/l,Dissolved oxygen,300,11,2026-10-02T10:40:01.219479,2021-10-28T21:15:00+00:00,2026-10-02T10:30:00+00:00,Points,Instantaneous,"[{'Name': 'High', 'Type': 'ThresholdAbove', 'Periods': [{'EndTime': '9999-12-31T23:59:59.9999999+00:00', 'StartTime': '2021-10-28T00:00:00.0000000-07:00', 'AppliedTime': '2022-01-26T15:17:43.2970154Z', 'SuppressData': True, 'ReferenceValue': 14}], 'Severity': 0, 'Description': 'Unspecified threshold value', 'DisplayColor': '#990600', 'ReferenceCode': 'AQUARIUS only', 'ProcessingOrder': 'Suppression'}, {'Name': 'Low', 'Type': 'ThresholdBelow', 'Periods': [{'EndTime': '9999-12-31T23:59:59.9999999+00:00', 'StartTime': '2021-10-28T00:00:00.0000000-07:00', 'AppliedTime': '2022-01-26T15:18:30.019282Z', 'SuppressData': True, 'ReferenceValue': 4}], 'Severity': 0, 'Description': 'Unspecified threshold value', 'DisplayColor': '#990600', 'ReferenceCode': 'AQUARIUS only', 'ProcessingOrder': 'Suppression'}]",,Primary,USGS-09261000,,"Dissolved oxygen, water, unfiltered, milligrams per liter",,PT1H12M,,DO concentration
b0204298909543718ea6268dc0f171bc,degC,"Temperature, air",20,11,2026-10-02T10:40:00.520690,2023-10-06T14:45:00+00:00,2026-10-02T10:30:00+00:00,Points,Instantaneous,[],,Primary,USGS-09261000,,"Temperature, air, degrees Celsius",,PT1H12M,,
d8c87d5740654adab82590bac91aca1a,pH Units,pH,400,11,2026-01-13T19:12:28.509690,2021-10-28T21:15:00+00:00,2025-12-31T15:15:00+00:00,Points,Instantaneous,"[{'Name': 'Low', 'Type': 'ThresholdBelow', 'Periods': [{'EndTime': '9999-12-31T23:59:59.9999999+00:00', 'StartTime': '2021-10-28T00:00:00.0000000-07:00', 'AppliedTime': '2022-01-26T15:13:45.4849278Z', 'SuppressData': True, 'ReferenceValue': 5}], 'Severity': 0, 'Description': 'Unspecified threshold value', 'DisplayColor': '#990600', 'ReferenceCode': 'AQUARIUS only', 'ProcessingOrder': 'Suppression'}, {'Name': 'High', 'Type': 'ThresholdAbove', 'Periods': [{'EndTime': '9999-12-31T23:59:59.9999999+00:00', 'StartTime': '0001-01-01T00:00:00.0000000+00:00', 'AppliedTime': '2022-01-26T15:12:40.608564Z', 'SuppressData': True, 'ReferenceValue': 10}], 'Severity': 0, 'Description': 'Unspecified threshold value', 'DisplayColor': '#990600', 'ReferenceCode': 'AQUARIUS only', 'ProcessingOrder': 'Suppression'}]",,Primary,USGS-09261000,,"pH, water, unfiltered, field, standard units",,PT1H12M,,pH
f08c00bf902e45458b94c9f72dc834af,mph,Wind speed,35,11,2026-07-10T18:45:29.119092,2023-11-02T20:30:00+00:00,2025-12-31T15:15:00+00:00,Points,Instantaneous,[],,Primary,USGS-09261000,,"Wind speed, miles per hour",,PT1H12M,,
f462b28cdeca433f9c1de6a5cb7cb199,_FNU,"Turbidity, FNU",63680,11,2026-04-13T13:48:31.516265,2021-10-28T21:15:00+00:00,2026-01-13T22:45:00+00:00,Points,Instantaneous,"[{'Name': 'turbidity', 'Type': 'ThresholdAbove', 'Periods': [{'EndTime': '9999-12-31T23:59:59.9999999+00:00', 'StartTime': '0001-01-01T00:00:00.0000000+00:00', 'AppliedTime': '2022-05-10T19:54:39.4204262Z', 'SuppressData': True, 'ReferenceValue': 4000}], 'Severity': 0, 'Description': 'Values above a specified threshold limit', 'DisplayColor': '#990600', 'ReferenceCode': 'Operational limit - high-Public', 'ProcessingOrder': 'Suppression'}, {'Name': 'turbidity', 'Type': 'ThresholdBelow', 'Periods': [{'EndTime': '9999-12-31T23:59:59.9999999+00:00', 'StartTime': '0001-01-01T00:00:00.0000000+00:00', 'AppliedTime': '2022-05-10T19:56:19.0210311Z', 'SuppressData': True, 'ReferenceValue': 0.1}], 'Severity': 0, 'Description': 'Values below a specified threshold limit', 'DisplayColor': '#990600', 'ReferenceCode': 'Operational limit - low-Public', 'ProcessingOrder': 'Suppression'}]",,Primary,USGS-09261000,,"Turbidity, water, unfiltered, monochrome near infra-red LED light, 780-900 nm, detection angle 90 +-2.5 degrees, formazin nephelometric units (FNU)",,PT1H12M,,Turbidity
fa414c55b932448584727c0db60ec551,deg,Wind direction,36,11,2026-07-10T18:48:54.359064,2023-11-02T20:30:00+00:00,2025-12-31T15:15:00+00:00,Points,Instantaneous,[],,Primary,USGS-09261000,,"Wind direction, degrees clockwise from true north",,PT1H12M,,
0f89dfc4a3ac4e6e997efad83f6dabbe,ft^3/s,Discharge,60,11,2026-10-02T07:00:46.298936,1986-10-01T06:15:00+00:00,2026-10-02T06:45:00+00:00,Points,Instantaneous,[],,Primary,USGS-09306500,,"Discharge, cubic feet per second",8c37567004c94df78477fb6ddd64c402,PT1H12M,1924.0,Discharge
87f8ff5571ae4c508d2b41c0d0377362,uS/cm,Specific cond at 25C,95,11,2026-10-02T10:00:35.640761,2026-04-01T18:15:00+00:00,2026-10-02T09:45:00+00:00,Points,Instantaneous,"[{'Name': 'SC - High', 'Type': 'ThresholdAbove', 'Periods': [{'EndTime': '9999-12-31T23:59:59.9999999+00:00', 'StartTime': '0001-01-01T00:00:00.0000000+00:00', 'AppliedTime': '2026-04-01T18:15:27.2356068Z', 'SuppressData': True, 'ReferenceValue': 8000}], 'Severity': 0, 'Description': 'Unspecified threshold value', 'DisplayColor': '#990600', 'ReferenceCode': 'AQUARIUS only', 'ProcessingOrder': 'Suppression'}, {'Name': 'SC - Low', 'Type': 'ThresholdBelow', 'Periods': [{'EndTime': '9999-12-31T23:59:59.9999999+00:00', 'StartTime': '0001-01-01T00:00:00.0000000+00:00', 'AppliedTime': '2026-04-01T18:16:03.7402077Z', 'SuppressData': True, 'ReferenceValue': 50}], 'Severity': 0, 'Description': 'Unspecified threshold value', 'DisplayColor': '#990600', 'ReferenceCode': 'AQUARIUS only', 'ProcessingOrder': 'Suppression'}]",,Primary,USGS-09306500,,"Specific conductance, water, unfiltered, microsiemens per centimeter at 25 degrees Celsius",,PT1H12M,,Specific conductance
8c37567004c94df78477fb6ddd64c402,ft,Gage height,65,11,2026-10-02T06:00:00.673557,2007-10-01T07:00:00+00:00,2026-10-02T05:45:00+00:00,Points,Instantaneous,"[{'Name': 'Operational limit (minimum) GAGE HEIGHT OF ZERO FLOW', 'Type': 'ThresholdBelow', 'Periods': [{'EndTime': '2026-08-10T15:45:00.0000000-07:00', 'StartTime': '2020-06-05T20:15:00.0000000-07:00', 'AppliedTime': '2020-08-17T18:17:24.7380183Z', 'SuppressData': True, 'ReferenceValue': -0.02, 'SecondaryReferenceValue': 0.1}, {'EndTime': '9999-12-31T23:59:59.9999999+00:00', 'StartTime': '2026-08-10T16:00:00.0000000-07:00', 'AppliedTime': '2026-08-11T13:38:54.7202073Z', 'SuppressData': True, 'ReferenceValue': -0.3, 'SecondaryReferenceValue': -0.2}, {'EndTime': '2020-06-05T20:00:00.0000000-07:00', 'StartTime': '2018-07-31T00:00:00.0000000-07:00', 'AppliedTime': '2018-08-15T13:47:03.2877244Z', 'SuppressData': True, 'ReferenceValue': 0.58, 'SecondaryReferenceValue': 0.9}, {'EndTime': '2018-07-31T00:00:00.0000000-07:00', 'StartTime': '2016-10-25T00:00:00.0000000-07:00', 'AppliedTime': '2017-04-09T18:15:25.8382371Z', 'SuppressData': True, 'ReferenceValue': 0.7, 'SecondaryReferenceValue': 0.9}], 'Severity': 0, 'Description': 'Values below a specified threshold limit', 'DisplayColor': '#666666', 'ReferenceCode': 'Operational limit - low-Public', 'ProcessingOrder': 'Suppression'}, {'Name': 'Operational limit (maximum) DATA RECORDER SUBMERGED', 'Type': 'ThresholdAbove', 'Periods': [{'EndTime': '9999-12-31T23:59:59.9999999+00:00', 'StartTime': '2016-10-25T00:00:00.0000000-07:00', 'AppliedTime': '2017-04-09T18:15:25.5211174Z', 'SuppressData': True, 'ReferenceValue': 13.6, 'SecondaryReferenceValue': 12.24}], 'Severity': 0, 'Description': 'Values above a specified threshold limit', 'DisplayColor': '#CCCCCC', 'ReferenceCode': 'Operational limit - high-Public', 'ProcessingOrder': 'Suppression'}]",,Primary,USGS-09306500,,"Gage height, feet",,PT1H12M,,Stage
999b558ae601432c86127ba9555bc4aa,degC,"Temperature, water",10,11,2026-10-02T10:00:35.422764,2026-04-01T18:15:00+00:00,2026-10-02T09:45:00+00:00,Points,Instantaneous,"[{'Name': 'WT - High', 'Type': 'ThresholdAbove', 'Periods': [{'EndTime': '9999-12-31T23:59:59.9999999+00:00', 'StartTime': '0001-01-01T00:00:00.0000000+00:00', 'AppliedTime': '2026-04-01T18:18:37.514424Z', 'SuppressData': True, 'ReferenceValue': 50}], 'Severity': 0, 'Description': 'Unspecified threshold value', 'DisplayColor': '#990600', 'ReferenceCode': 'AQUARIUS only', 'ProcessingOrder': 'Suppression'}, {'Name': 'WT - Low', 'Type': 'ThresholdBelow', 'Periods': [{'EndTime': '9999-12-31T23:59:59.9999999+00:00', 'StartTime': '0001-01-01T00:00:00.0000000+00:00', 'AppliedTime': '2026-04-01T18:19:05.6703336Z', 'SuppressData': True, 'ReferenceValue': -0.3}], 'Severity': 0, 'Description': 'Unspecified threshold value', 'DisplayColor': '#990600', 'ReferenceCode': 'AQUARIUS only', 'ProcessingOrder': 'Suppression'}]",,Primary,USGS-09306500,,"Temperature, water, degrees Celsius",,PT1H12M,,Water temperature
07c77a601c57476a81b2fafae858d794,mph,Wind speed,35,11,2026-10-02T10:07:42.731158,2021-06-22T17:30:00+00:00,2026-10-02T10:00:00+00:00,Points,Instantaneous,"[{'Name': 'high threshold', 'Type': 'ThresholdAbove', 'Periods': [{'EndTime': '9999-12-31T23:59:59.9999999+00:00', 'StartTime': '0001-01-01T00:00:00.0000000+00:00', 'AppliedTime': '2021-06-30T13:13:12.3541879Z', 'SuppressData': True, 'ReferenceValue': 100}], 'Severity': 0, 'Description': 'Values above a specified threshold limit', 'DisplayColor': '#990600', 'ReferenceCode': 'Operational limit - high-Public', 'ProcessingOrder': 'Suppression'}, {'Name': 'Low threshold', 'Type': 'ThresholdBelow', 'Periods': [{'EndTime': '9999-12-31T23:59:59.9999999+00:00', 'StartTime': '0001-01-01T00:00:00.0000000+00:00', 'AppliedTime': '2021-06-30T13:12:57.89412Z', 'SuppressData': True, 'ReferenceValue': -0.1}], 'Severity': 0, 'Description': 'Values below a specified threshold limit', 'DisplayColor': '#990600', 'ReferenceCode': 'Operational limit - low-Public', 'ProcessingOrder': 'Suppression'}]",,Primary,USGS-09315000,,"Wind speed, miles per hour",,PT1H12M,,
185dd49a85d9454ab14ede7214007d88,%,Relative humidity,52,11,2026-10-02T10:07:42.529115,2021-06-22T17:30:00+00:00,2026-10-02T10:00:00+00:00,Points,Instantaneous,"[{'Name': 'Low threshold', 'Type': 'ThresholdBelow', 'Periods': [{'EndTime': '9999-12-31T23:59:59.9999999+00:00', 'StartTime': '0001-01-01T00:00:00.0000000+00:00', 'AppliedTime': '2021-06-30T13:14:46.3228424Z', 'SuppressData': True, 'ReferenceValue': 0}], 'Severity': 0, 'Description': 'Values below a specified threshold limit', 'DisplayColor': '#990600', 'ReferenceCode': 'Operational limit - low-Public', 'ProcessingOrder': 'Suppression'}, {'Name': 'high threshold', 'Type': 'ThresholdAbove', 'Periods': [{'EndTime': '9999-12-31T23:59:59.9999999+00:00', 'StartTime': '0001-01-01T00:00:00.0000000+00:00', 'AppliedTime': '2021-06-30T13:15:01.0162369Z', 'SuppressData': True, 'ReferenceValue': 100}], 'Severity': 0, 'Description': 'Values above a specified threshold limit', 'DisplayColor': '#990600', 'ReferenceCode': 'Operational limit - high-Public', 'ProcessingOrder': 'Suppression'}]",,Primary,USGS-09315000,,"Relative humidity, percent",,PT1H12M,,
3405963f472544649973df23461cae72,pH Units,pH,400,11,2026-03-18T15:01:10.569450,2021-06-22T18:00:00+00:00,2025-11-24T18:15:00+00:00,Points,Instantaneous,"[{'Name': 'high threshold', 'Type': 'ThresholdAbove', 'Periods': [{'EndTime': '9999-12-31T23:59:59.9999999+00:00', 'StartTime': '0001-01-01T00:00:00.0000000+00:00', 'AppliedTime': '2021-06-30T13:01:50.5402578Z', 'SuppressData': True, 'ReferenceValue': 9.5}], 'Severity': 0, 'Description': 'Values above a specified threshold limit', 'DisplayColor': '#990600', 'ReferenceCode': 'Operational limit - high-Public', 'ProcessingOrder': 'Suppression'}, {'Name': 'Low threshold', 'Type': 'ThresholdBelow', 'Periods': [{'EndTime': '9999-12-31T23:59:59.9999999+00:00', 'StartTime': '0001-01-01T00:00:00.0000000+00:00', 'AppliedTime': '2021-06-30T13:02:44.7019895Z', 'SuppressData': True, 'ReferenceValue': 6}], 'Severity': 0, 'Description': 'Values below a specified threshold limit', 'DisplayColor': '#990600', 'ReferenceCode': 'Operational limit - low-Public', 'ProcessingOrder': 'Suppression'}]",,Primary,USGS-09315000,,"pH, water, unfiltered, field, standard units",,PT1H12M,,pH
39919fbed4774741bec4a95593455a16,_FNU,"Turbidity, FNU",63680,11,2026-03-20T14:58:17.153517,2021-06-22T17:45:00+00:00,2025-11-24T18:30:00+00:00,Points,Instantaneous,"[{'Name': 'Low threshold', 'Type': 'ThresholdBelow', 'Periods': [{'EndTime': '9999-12-31T23:59:59.9999999+00:00', 'StartTime': '0001-01-01T00:00:00.0000000+00:00', 'AppliedTime': '2021-06-30T13:08:45.1646569Z', 'SuppressData': True, 'ReferenceValue': 0}], 'Severity': 0, 'Description': 'Values below a specified threshold limit', 'DisplayColor': '#990600', 'ReferenceCode': 'Operational limit - low-Public', 'ProcessingOrder': 'Suppression'}, {'Name': 'high threshold', 'Type': 'ThresholdAbove', 'Periods': [{'EndTime': '9999-12-31T23:59:59.9999999+00:00', 'StartTime': '0001-01-01T00:00:00.0000000+00:00', 'AppliedTime': '2021-06-30T13:09:07.1955114Z', 'SuppressData': True, 'ReferenceValue': 4000}], 'Severity': 0, 'Description': 'Values above a specified threshold limit', 'DisplayColor': '#990600', 'ReferenceCode': 'Operational limit - high-Public', 'ProcessingOrder': 'Suppression'}]",,Primary,USGS-09315000,,"Turbidity, water, unfiltered, monochrome near infra-red LED light, 780-900 nm, detection angle 90 +-2.5 degrees, formazin nephelometric units (FNU)",,PT1H12M,,Turbidity
3b80825053da4ff582e72501f0b4ae59,mg/l,Dissolved oxygen,300,11,2026-10-02T09:08:01.111477,2021-06-22T17:45:00+00:00,2026-10-02T09:00:00+00:00,Points,Instantaneous,"[{'Name': 'Very High', 'Type': 'ThresholdAbove', 'Periods': [{'EndTime': '9999-12-31T23:59:59.9999999+00:00', 'StartTime': '0001-01-01T00:00:00.0000000+00:00', 'AppliedTime': '2021-06-30T13:06:28.3467027Z', 'SuppressData': True, 'ReferenceValue': 16}], 'Severity': 0, 'Description': 'Values above a specified threshold limit', 'DisplayColor': '#990600', 'ReferenceCode': 'Operational limit - high-Public', 'ProcessingOrder': 'Suppression'}, {'Name': 'Low threshold', 'Type': 'ThresholdBelow', 'Periods': [{'EndTime': '9999-12-31T23:59:59.9999999+00:00', 'StartTime': '0001-01-01T00:00:00.0000000+00:00', 'AppliedTime': '2021-06-30T13:07:30.0151453Z', 'SuppressData': True, 'ReferenceValue': 1}], 'Severity': 0, 'Description': 'Values below a specified threshold limit', 'DisplayColor': '#990600', 'ReferenceCode': 'Operational limit - low-Public', 'ProcessingOrder': 'Suppression'}]",,Primary,USGS-09315000,,"Dissolved oxygen, water, unfiltered, milligrams per liter",,PT1H12M,,DO concentration
6787c0ebd6fc481c82e51d3062f20959,degC,"Temperature, water",10,11,2026-10-02T10:07:39.586697,2021-03-10T17:45:00+00:00,2026-10-02T10:00:00+00:00,Points,Instantaneous,"[{'Name': 'VERY LOW', 'Type': 'ThresholdBelow', 'Periods': [{'EndTime': '9999-12-31T23:59:59.9999999+00:00', 'StartTime': '2021-03-10T00:00:00.0000000-07:00', 'AppliedTime': '2021-03-10T18:51:37.514561Z', 'SuppressData': True, 'ReferenceValue': -0.5}], 'Severity': 0, 'Description': 'Unspecified threshold value', 'DisplayColor': '#990600', 'ReferenceCode': 'AQUARIUS only', 'ProcessingOrder': 'Suppression'}, {'Name': 'VERY HIGH', 'Type': 'ThresholdAbove', 'Periods': [{'EndTime': '9999-12-31T23:59:59.9999999+00:00', 'Comments': 'raised threshold based on new recorded max', 'StartTime': '2026-07-01T00:00:00.0000000-07:00', 'AppliedTime': '2026-07-24T12:10:35.6468628Z', 'SuppressData': True, 'ReferenceValue': 31}, {'EndTime': '2026-07-01T00:00:00.0000000-07:00', 'StartTime': '2021-03-10T00:00:00.0000000-07:00', 'AppliedTime': '2021-03-10T18:50:54.9119841Z', 'SuppressData': True, 'ReferenceValue': 30}], 'Severity': 0, 'Description': 'Unspecified threshold value', 'DisplayColor': '#990600', 'ReferenceCode': 'AQUARIUS only', 'ProcessingOrder': 'Suppression'}]",,Primary,USGS-09315000,,"Temperature, water, degrees Celsius",,PT1H12M,,Water temperature
750f76486a9445e3ac1da2cc320ece7e,uS/cm,Specific cond at 25C,95,11,2026-10-02T10:07:39.355512,2021-03-10T18:00:00+00:00,2026-10-02T10:00:00+00:00,Points,Instantaneous,"[{'Name': 'VERY HIGH', 'Type': 'ThresholdAbove', 'Periods': [{'EndTime': '9999-12-31T23:59:59.9999999+00:00', 'StartTime': '2021-03-10T00:00:00.0000000-07:00', 'AppliedTime': '2021-03-10T18:48:08.9420665Z', 'SuppressData': True, 'ReferenceValue': 2000}], 'Severity': 0, 'Description': 'Unspecified threshold value', 'DisplayColor': '#990600', 'ReferenceCode': 'AQUARIUS only', 'ProcessingOrder': 'Suppression'}, {'Name': 'VERY LOW', 'Type': 'ThresholdBelow', 'Periods': [{'EndTime': '2023-10-22T00:00:00.0000000-07:00', 'StartTime': '2021-03-10T00:00:00.0000000-07:00', 'AppliedTime': '2021-03-10T18:48:58.8525359Z', 'SuppressData': True, 'ReferenceValue': 50}, {'EndTime': '9999-12-31T23:59:59.9999999+00:00', 'Comments': 'raised threshold slightly', 'StartTime': '2023-10-22T00:00:00.0000000-07:00', 'AppliedTime': '2024-01-14T23:24:39.4974549Z', 'SuppressData': True, 'ReferenceValue': 150}], 'Severity': 0, 'Description': 'Unspecified threshold value', 'DisplayColor': '#990600', 'ReferenceCode': 'AQUARIUS only', 'ProcessingOrder': 'Suppression'}]",,Primary,USGS-09315000,,"Specific conductance, water, unfiltered, microsiemens per centimeter at 25 degrees Celsius",,PT1H12M,,Specific conductance
9af363651b964099be4b5e14f9a9394a,mbar,Air pressure,75969,11,2026-10-02T10:07:42.478448,2021-06-22T17:45:00+00:00,2026-10-02T10:00:00+00:00,Points,Instantaneous,"[{'Name': 'Low threshold', 'Type': 'ThresholdBelow', 'Periods': [{'EndTime': '9999-12-31T23:59:59.9999999+00:00', 'StartTime': '0001-01-01T00:00:00.0000000+00:00', 'AppliedTime': '2021-06-30T13:17:09.6905106Z', 'SuppressData': True, 'ReferenceValue': 600}], 'Severity': 0, 'Description': 'Values below a specified threshold limit', 'DisplayColor': '#990600', 'ReferenceCode': 'Operational limit - low-Public', 'ProcessingOrder': 'Suppression'}, {'Name': 'high threshold', 'Type': 'ThresholdAbove', 'Periods': [{'EndTime': '9999-12-31T23:59:59.9999999+00:00', 'StartTime': '0001-01-01T00:00:00.0000000+00:00', 'AppliedTime': '2021-06-30T13:17:21.8791048Z', 'SuppressData': True, 'ReferenceValue': 1050}], 'Severity': 0, 'Description': 'Values above a specified threshold limit', 'DisplayColor': '#990600', 'ReferenceCode': 'Operational limit - high-Public', 'ProcessingOrder': 'Suppression'}]",,Primary,USGS-09315000,,"Barometric pressure, not corrected to sea level, millibars",,PT1H12M,,
aa51a898653847488d45e3f368cb3803,deg,Wind direction,36,11,2026-10-02T10:07:42.741847,2021-06-22T17:30:00+00:00,2026-10-02T10:00:00+00:00,Points,Instantaneous,"[{'Name': 'Low threshold', 'Type': 'ThresholdBelow', 'Periods': [{'EndTime': '9999-12-31T23:59:59.9999999+00:00', 'StartTime': '0001-01-01T00:00:00.0000000+00:00', 'AppliedTime': '2021-06-30T13:13:51.6477069Z', 'SuppressData': True, 'ReferenceValue': 0}], 'Severity': 0, 'Description': 'Values below a specified threshold limit', 'DisplayColor': '#990600', 'ReferenceCode': 'Operational limit - low-Public', 'ProcessingOrder': 'Suppression'}, {'Name': 'high threshold', 'Type': 'ThresholdAbove', 'Periods': [{'EndTime': '9999-12-31T23:59:59.9999999+00:00', 'StartTime': '0001-01-01T00:00:00.0000000+00:00', 'AppliedTime': '2021-06-30T13:14:10.2105761Z', 'SuppressData': True, 'ReferenceValue': 360}], 'Severity': 0, 'Description': 'Values above a specified threshold limit', 'DisplayColor': '#990600', 'ReferenceCode': 'Operational limit - high-Public', 'ProcessingOrder': 'Suppression'}]",,Primary,USGS-09315000,,"Wind direction, degrees clockwise from true north",,PT1H12M,,
b67c3bd0f0674a75b2808f8825010998,ft^3/s,Discharge,60,11,2026-10-02T08:40:08.686614,1986-10-01T06:15:00+00:00,2026-10-02T08:30:00+00:00,Points,Instantaneous,[],,Primary,USGS-09315000,,"Discharge, cubic feet per second",cbb18f6eeae34ca4a1b4e0dd43825942,PT1H12M,1906.0,Discharge
cbb18f6eeae34ca4a1b4e0dd43825942,ft,Gage height,65,11,2026-10-02T10:07:38.768044,2007-10-01T07:00:00+00:00,2026-10-02T10:00:00+00:00,Points,Instantaneous,"[{'Name': 'NWS Action Stage', 'Type': 'None', 'Periods': [{'EndTime': '9999-12-31T23:59:59.9999999+00:00', 'StartTime': '0001-01-01T00:00:00.0000000+00:00', 'AppliedTime': '0001-01-01T00:00:00Z', 'SuppressData': False, 'ReferenceValue': 14, 'SecondaryReferenceValue': 13}], 'Severity': 0, 'Description': 'Display reference value', 'DisplayColor': '#990600', 'ReferenceCode': 'NWISWeb ref level - Public', 'ProcessingOrder': 'Normal'}, {'Name': 'NWS Minor Flooding Stage', 'Type': 'None', 'Periods': [{'EndTime': '9999-12-31T23:59:59.9999999+00:00', 'StartTime': '0001-01-01T00:00:00.0000000+00:00', 'AppliedTime': '2024-05-02T21:36:13.8685547Z', 'SuppressData': False, 'ReferenceValue': 15, 'SecondaryReferenceValue': 14}], 'Severity': 0, 'Description': 'Display reference value', 'DisplayColor': '#990600', 'ReferenceCode': 'NWISWeb ref level - Public', 'ProcessingOrder': 'Normal'}, {'Name': 'Operational limit (minimum)', 'Type': 'ThresholdBelow', 'Periods': [{'EndTime': '9999-12-31T23:59:59.9999999+00:00', 'StartTime': '2016-11-29T00:00:00.0000000-07:00', 'AppliedTime': '2017-04-09T18:20:46.0407657Z', 'SuppressData': True, 'ReferenceValue': 5, 'SecondaryReferenceValue': 5.2}], 'Severity': 0, 'Description': 'Values below a specified threshold limit', 'DisplayColor': '#666666', 'ReferenceCode': 'Operational limit - low-Public', 'ProcessingOrder': 'Suppression'}, {'Name': 'Operational limit (maximum)', 'Type': 'ThresholdAbove', 'Periods': [{'EndTime': '9999-12-31T23:59:59.9999999+00:00', 'StartTime': '2016-11-29T00:00:00.0000000-07:00', 'AppliedTime': '2017-04-09T18:20:45.6477711Z', 'SuppressData': True, 'ReferenceValue': 17, 'SecondaryReferenceValue': 15.3}], 'Severity': 0, 'Description': 'Values above a specified threshold limit', 'DisplayColor': '#CCCCCC', 'ReferenceCode': 'Operational limit - high-Public', 'ProcessingOrder': 'Suppression'}]",,Primary,USGS-09315000,,"Gage height, feet",,PT1H12M,,Stage
e56ee2482f42470296cc109dd51035f4,degC,"Temperature, air",20,11,2026-10-02T09:08:01.686483,2021-06-22T17:45:00+00:00,2026-10-02T09:00:00+00:00,Points,Instantaneous,"[{'Name': 'Low threshold', 'Type': 'ThresholdBelow', 'Periods': [{'EndTime': '9999-12-31T23:59:59.9999999+00:00', 'StartTime': '0001-01-01T00:00:00.0000000+00:00', 'AppliedTime': '2021-06-30T13:10:28.8705481Z', 'SuppressData': True, 'ReferenceValue': -30}], 'Severity': 0, 'Description': 'Values below a specified threshold limit', 'DisplayColor': '#990600', 'ReferenceCode': 'Operational limit - low-Public', 'ProcessingOrder': 'Suppression'}, {'Name': 'high threshold', 'Type': 'ThresholdAbove', 'Periods': [{'EndTime': '9999-12-31T23:59:59.9999999+00:00', 'StartTime': '0001-01-01T00:00:00.0000000+00:00', 'AppliedTime': '2021-06-30T13:11:18.7527889Z', 'SuppressData': True, 'ReferenceValue': 48}], 'Severity': 0, 'Description': 'Values above a specified threshold limit', 'DisplayColor': '#990600', 'ReferenceCode': 'Operational limit - high-Public', 'ProcessingOrder': 'Suppression'}]",,Primary,USGS-09315000,,"Temperature, air, degrees Celsius",,PT1H12M,,
266206052ac044678bc2af6094975152,ft,"Stream level, NAVD88",63160,11,2026-10-02T09:52:45.175929,2023-06-29T22:30:00+00:00,2026-10-02T09:45:00+00:00,Points,Instantaneous,"[{'Name': 'Radar limit', 'Type': 'None', 'Periods': [{'EndTime': '9999-12-31T23:59:59.9999999+00:00', 'StartTime': '0001-01-01T00:00:00.0000000+00:00', 'AppliedTime': '2023-11-21T19:46:51.1336397Z', 'SuppressData': False, 'ReferenceValue': 3559.2, 'SecondaryReferenceValue': 3565}], 'Severity': 0, 'Description': 'NWISWeb reference line displayed to USGS level users', 'DisplayColor': '#990600', 'ReferenceCode': 'NWISWeb ref level - USGS', 'ProcessingOrder': 'Normal'}]",,Primary,USGS-09328960,,"Stream water level elevation above NAVD 1988, in feet",ab23d21443cd4bfeb7affc5f6a1054f2,PT1H12M,,
6f577e8b2dd84376a5744eafb6763ed2,ft^3/s,Discharge,60,11,2026-10-02T07:38:18.078048,2023-06-29T20:15:00+00:00,2026-10-02T07:30:00+00:00,Points,Instantaneous,[],,Primary,USGS-09328960,,"Discharge, cubic feet per second",ab23d21443cd4bfeb7affc5f6a1054f2,PT1H12M,,Discharge
ab23d21443cd4bfeb7affc5f6a1054f2,ft,Gage height,65,11,2026-10-02T07:38:08.114208,2023-06-29T20:15:00+00:00,2026-10-02T07:15:00+00:00,Points,Instantaneous,"[{'Name': 'gage height min', 'Type': 'ThresholdBelow', 'Periods': [{'EndTime': '9999-12-31T23:59:59.9999999+00:00', 'StartTime': '0001-01-01T00:00:00.0000000+00:00', 'AppliedTime': '2023-07-03T16:00:07.5011683Z', 'SuppressData': True, 'ReferenceValue': 10, 'SecondaryReferenceValue': 11}], 'Severity': 0, 'Description': 'Values below a specified threshold limit', 'DisplayColor': '#990600', 'ReferenceCode': 'Operational limit - low-Public', 'ProcessingOrder': 'Suppression'}, {'Name': 'gage height max', 'Type': 'ThresholdAbove', 'Periods': [{'EndTime': '9999-12-31T23:59:59.9999999+00:00', 'StartTime': '0001-01-01T00:00:00.0000000+00:00', 'AppliedTime': '2023-07-03T16:13:55.6023753Z', 'SuppressData': True, 'ReferenceValue': 60, 'SecondaryReferenceValue': 55}], 'Severity': 0, 'Description': 'Values above a specified threshold limit', 'DisplayColor': '#990600', 'ReferenceCode': 'Operational limit - high-Public', 'ProcessingOrder': 'Suppression'}, {'Name': 'Gage House Elevation', 'Type': 'None', 'Periods': [{'EndTime': '9999-12-31T23:59:59.9999999+00:00', 'StartTime': '0001-01-01T00:00:00.0000000+00:00', 'AppliedTime': '2024-11-14T21:38:56.1956454Z', 'SuppressData': False, 'ReferenceValue': 53.2, 'SecondaryReferenceValue': 50}], 'Severity': 0, 'Description': 'Display reference value', 'DisplayColor': '#990600', 'ReferenceCode': 'NWISWeb ref level - Public', 'ProcessingOrder': 'Normal'}]",,Primary,USGS-09328960,,"Gage height, feet",,PT1H12M,,Stage
c27748a12d324f8fa40432ac0d21df94,uS/cm,Specific cond at 25C,95,11,2026-10-02T10:39:02.523636,2023-06-29T20:00:00+00:00,2026-10-02T10:30:00+00:00,Points,Instantaneous,"[{'Name': 'low SC', 'Type': 'ThresholdBelow', 'Periods': [{'EndTime': '9999-12-31T23:59:59.9999999+00:00', 'StartTime': '0001-01-01T00:00:00.0000000+00:00', 'AppliedTime': '2023-07-03T17:05:02.3732383Z', 'SuppressData': True, 'ReferenceValue': 50, 'SecondaryReferenceValue': 200}], 'Severity': 0, 'Description': 'Values below a specified threshold limit', 'DisplayColor': '#990600', 'ReferenceCode': 'Operational limit - low-Public', 'ProcessingOrder': 'Suppression'}, {'Name': 'high SC', 'Type': 'ThresholdAbove', 'Periods': [{'EndTime': '9999-12-31T23:59:59.9999999+00:00', 'StartTime': '0001-01-01T00:00:00.0000000+00:00', 'AppliedTime': '2023-07-03T17:06:19.8826579Z', 'SuppressData': True, 'ReferenceValue': 5000}], 'Severity': 0, 'Description': 'Values above a specified threshold limit', 'DisplayColor': '#990600', 'ReferenceCode': 'Operational limit - high-Public', 'ProcessingOrder': 'Suppression'}]",,Primary,USGS-09328960,,"Specific conductance, water, unfiltered, microsiemens per centimeter at 25 degrees Celsius",,PT1H12M,,Specific conductance
fc2c942057534e918d6a7733a91a34b5,degC,"Temperature, water",10,11,2026-10-02T07:38:08.279776,2023-06-29T22:30:00+00:00,2026-10-02T07:30:00+00:00,Points,Instantaneous,"[{'Name': 'low water temp', 'Type': 'ThresholdBelow', 'Periods': [{'EndTime': '9999-12-31T23:59:59.9999999+00:00', 'StartTime': '0001-01-01T00:00:00.0000000+00:00', 'AppliedTime': '2023-07-03T17:03:30.4228448Z', 'SuppressData': True, 'ReferenceValue': -0.5}], 'Severity': 0, 'Description': 'Values below a specified threshold limit', 'DisplayColor': '#990600', 'ReferenceCode': 'Operational limit - low-Public', 'ProcessingOrder': 'Suppression'}, {'Name': 'high water temp', 'Type': 'ThresholdAbove', 'Periods': [{'EndTime': '9999-12-31T23:59:59.9999999+00:00', 'StartTime': '0001-01-01T00:00:00.0000000+00:00', 'AppliedTime': '2023-07-03T17:04:19.0961842Z', 'SuppressData': True, 'ReferenceValue': 35, 'SecondaryReferenceValue': 33}], 'Severity': 0, 'Description': 'Values above a specified threshold limit', 'DisplayColor': '#990600', 'ReferenceCode': 'Operational limit - high-Public', 'ProcessingOrder': 'Suppression'}]",,Primary,USGS-09328960,,"Temperature, water, degrees Celsius",,PT1H12M,,Water temperature
2301b579b74c4f5fbcc6afb9ec970eb4,degC,"Temperature, water",10,11,2026-10-02T09:10:25.682825,2014-03-06T07:00:00+00:00,2026-10-02T09:00:00+00:00,Points,Instantaneous,"[{'Name': 'VERY HIGH', 'Type': 'ThresholdAbove', 'Periods': [{'EndTime': '9999-12-31T23:59:59.9999999+00:00', 'StartTime': '2015-10-07T00:00:00.0000000-07:00', 'AppliedTime': '2017-05-28T20:28:55.4732628Z', 'SuppressData': True, 'ReferenceValue': 40}], 'Severity': 0, 'Description': 'Unspecified threshold value', 'DisplayColor': '#FF0000', 'ReferenceCode': 'AQUARIUS only', 'ProcessingOrder': 'Suppression'}, {'Name': 'VERY LOW', 'Type': 'ThresholdBelow', 'Periods': [{'EndTime': '9999-12-31T23:59:59.9999999+00:00', 'StartTime': '2015-10-07T00:00:00.0000000-07:00', 'AppliedTime': '2017-05-28T20:28:56.0250083Z', 'SuppressData': True, 'ReferenceValue': -5}], 'Severity': 0, 'Description': 'Unspecified threshold value', 'DisplayColor': '#800000', 'ReferenceCode': 'AQUARIUS only', 'ProcessingOrder': 'Suppression'}, {'Name': 'Operational limit (minimum)', 'Type': 'ThresholdBelow', 'Periods': [{'EndTime': '9999-12-31T23:59:59.9999999+00:00', 'StartTime': '2018-09-01T00:00:00.0000000-07:00', 'AppliedTime': '2018-10-23T13:03:48.7715088Z', 'SuppressData': True, 'ReferenceValue': -5}], 'Severity': 0, 'Description': 'Values below a specified threshold limit', 'DisplayColor': '#990600', 'ReferenceCode': 'Operational limit - low-Public', 'ProcessingOrder': 'Suppression'}, {'Name': 'Operational limit (maximum)', 'Type': 'ThresholdAbove', 'Periods': [{'EndTime': '9999-12-31T23:59:59.9999999+00:00', 'StartTime': '2018-09-01T00:00:00.0000000-07:00', 'AppliedTime': '2018-10-23T13:02:36.3417656Z', 'SuppressData': True, 'ReferenceValue': 40}], 'Severity': 0, 'Description': 'Values above a specified threshold limit', 'DisplayColor': '#990600', 'ReferenceCode': 'Operational limit - high-Public', 'ProcessingOrder': 'Suppression'}, {'Name': 'low spike', 'Type': 'ThresholdBelow', 'Periods': [{'EndTime': '2020-08-31T00:00:00.0000000-07:00', 'StartTime': '2020-03-01T00:00:00.0000000-07:00', 'AppliedTime': '2020-03-27T15:39:41.5416599Z', 'SuppressData': True, 'ReferenceValue': 0.1}], 'Severity': 0, 'Description': 'Unspecified threshold value', 'DisplayColor': '#990600', 'ReferenceCode': 'AQUARIUS only', 'ProcessingOrder': 'Suppression'}]",,Primary,USGS-09365000,,"Temperature, water, degrees Celsius",,PT1H12M,,Water temperature
416729ef4a854d7abd8ba576d26c3f48,_FNU,"Turbidity, FNU",63680,11,2022-03-10T23:00:52.797104,2016-03-08T20:00:00+00:00,2021-10-05T19:00:00+00:00,Points,Instantaneous,"[{'Name': 'Reduced accuracy over 1000', 'Type': 'None', 'Periods': [{'EndTime': '9999-12-31T23:59:59.9999999+00:00', 'StartTime': '0001-01-01T00:00:00.0000000+00:00', 'AppliedTime': '2021-06-03T20:44:06.4187574Z', 'SuppressData': False, 'ReferenceValue': 1000}], 'Severity': 0, 'Description': 'Display reference value', 'DisplayColor': '#001c99', 'ReferenceCode': 'NWISWeb ref level - Public', 'ProcessingOrder': 'Suppression'}, {'Name': 'VERY LOW', 'Type': 'ThresholdBelow', 'Periods': [{'EndTime': '9999-12-31T23:59:59.9999999+00:00', 'StartTime': '0001-01-01T00:00:00.0000000+00:00', 'AppliedTime': '2017-05-28T20:28:57.3795673Z', 'SuppressData': True, 'ReferenceValue': 0}], 'Severity': 0, 'Description': 'Unspecified threshold value', 'DisplayColor': '#800000', 'ReferenceCode': 'AQUARIUS only', 'ProcessingOrder': 'Suppression'}, {'Name': 'VERY HIGH', 'Type': 'ThresholdAbove', 'Periods': [{'EndTime': '9999-12-31T23:59:59.9999999+00:00', 'StartTime': '0001-01-01T00:00:00.0000000+00:00', 'AppliedTime': '2017-05-28T20:28:57.1244536Z', 'SuppressData': True, 'ReferenceValue': 4000}], 'Severity': 0, 'Description': 'Unspecified threshold value', 'DisplayColor': '#FF0000', 'ReferenceCode': 'AQUARIUS only', 'ProcessingOrder': 'Suppression'}, {'Name': 'Sensor Operational Limit', 'Type': 'None', 'Periods': [{'EndTime': '9999-12-31T23:59:59.9999999+00:00', 'StartTime': '0001-01-01T00:00:00.0000000+00:00', 'AppliedTime': '2018-04-13T17:26:33.7756138Z', 'SuppressData': False, 'ReferenceValue': 4000, 'SecondaryReferenceValue': 4000}], 'Severity': 0, 'Description': 'NWISWeb reference line displayed to USGS level users', 'DisplayColor': '#990600', 'ReferenceCode': 'NWISWeb ref level - USGS', 'ProcessingOrder': 'Suppression'}, {'Name': 'Operational limit (minimum)', 'Type': 'ThresholdBelow', 'Periods': [{'EndTime': '9999-12-31T23:59:59.9999999+00:00', 'StartTime': '2018-09-01T00:00:00.0000000-07:00', 'AppliedTime': '2018-10-23T13:05:17.984262Z', 'SuppressData': True, 'ReferenceValue': 0}], 'Severity': 0, 'Description': 'Values below a specified threshold limit', 'DisplayColor': '#990600', 'ReferenceCode': 'Operational limit - low-Public', 'ProcessingOrder': 'Suppression'}, {'Name': 'Operational limit (maximum)', 'Type': 'ThresholdAbove', 'Periods': [{'EndTime': '9999-12-31T23:59:59.9999999+00:00', 'StartTime': '2018-09-01T00:00:00.0000000-07:00', 'AppliedTime': '2018-10-23T13:04:51.160301Z', 'SuppressData': True, 'ReferenceValue': 4000}], 'Severity': 0, 'Description': 'Values above a specified threshold limit', 'DisplayColor': '#990600', 'ReferenceCode': 'Operational limit - high-Public', 'ProcessingOrder': 'Suppression'}, {'Name': 'Low spike', 'Type': 'ThresholdBelow', 'Periods': [{'EndTime': '9999-12-31T23:59:59.9999999+00:00', 'StartTime': '2020-03-02T00:00:00.0000000-07:00', 'AppliedTime': '2020-03-26T16:30:03.3096191Z', 'SuppressData': True, 'ReferenceValue': 0.1}], 'Severity': 0, 'Description': 'Unspecified threshold value', 'DisplayColor': '#990600', 'ReferenceCode': 'AQUARIUS only', 'ProcessingOrder': 'Suppression'}]",,Primary,USGS-09365000,,"Turbidity, water, unfiltered, monochrome near infra-red LED light, 780-900 nm, detection angle 90 +-2.5 degrees, formazin nephelometric units (FNU)",,PT1H12M,,Turbidity
476143fd7dd2488cbace96049202ac0d,ft^3/s,Discharge,60,11,2026-10-02T09:10:43.033499,1990-10-01T06:15:00+00:00,2026-10-02T09:00:00+00:00,Points,Instantaneous,[],,Primary,USGS-09365000,,"Discharge, cubic feet per second",71e7abf53b1b4da9bad8a5d179248332,PT1H12M,1961.0,Discharge
4baf54b79a4c4e29a8691548545ba856,pH Units,pH,400,11,2022-03-10T22:20:36.034869,2016-03-08T20:00:00+00:00,2021-10-05T19:00:00+00:00,Points,Instantaneous,"[{'Name': 'VERY LOW', 'Type': 'ThresholdBelow', 'Periods': [{'EndTime': '9999-12-31T23:59:59.9999999+00:00', 'StartTime': '0001-01-01T00:00:00.0000000+00:00', 'AppliedTime': '2017-05-28T20:28:58.5149258Z', 'SuppressData': True, 'ReferenceValue': 3}], 'Severity': 0, 'Description': 'Unspecified threshold value', 'DisplayColor': '#800000', 'ReferenceCode': 'AQUARIUS only', 'ProcessingOrder': 'Suppression'}, {'Name': 'VERY HIGH', 'Type': 'ThresholdAbove', 'Periods': [{'EndTime': '9999-12-31T23:59:59.9999999+00:00', 'StartTime': '0001-01-01T00:00:00.0000000+00:00', 'AppliedTime': '2017-05-28T20:28:58.1265966Z', 'SuppressData': True, 'ReferenceValue': 12}], 'Severity': 0, 'Description': 'Unspecified threshold value', 'DisplayColor': '#FF0000', 'ReferenceCode': 'AQUARIUS only', 'ProcessingOrder': 'Suppression'}, {'Name': 'Operational limit (maximum)', 'Type': 'ThresholdAbove', 'Periods': [{'EndTime': '9999-12-31T23:59:59.9999999+00:00', 'StartTime': '2018-09-01T00:00:00.0000000-07:00', 'AppliedTime': '2018-10-23T13:05:57.3119603Z', 'SuppressData': True, 'ReferenceValue': 12}], 'Severity': 0, 'Description': 'Values above a specified threshold limit', 'DisplayColor': '#990600', 'ReferenceCode': 'Operational limit - high-Public', 'ProcessingOrder': 'Suppression'}, {'Name': 'Operational limit (minimum)', 'Type': 'ThresholdBelow', 'Periods': [{'EndTime': '9999-12-31T23:59:59.9999999+00:00', 'StartTime': '2018-09-01T00:00:00.0000000-07:00', 'AppliedTime': '2018-10-23T13:06:24.9452949Z', 'SuppressData': True, 'ReferenceValue': 3}], 'Severity': 0, 'Description': 'Values below a specified threshold limit', 'DisplayColor': '#990600', 'ReferenceCode': 'Operational limit - low-Public', 'ProcessingOrder': 'Suppression'}]",,Primary,USGS-09365000,,"pH, water, unfiltered, field, standard units",,PT1H12M,,pH
71e7abf53b1b4da9bad8a5d179248332,ft,Gage height,65,11,2026-10-02T07:10:37.322705,2007-10-01T07:00:00+00:00,2026-10-02T07:00:00+00:00,Points,Instantaneous,"[{'Name': 'Operational limit (minimum)', 'Type': 'ThresholdBelow', 'Periods': [{'EndTime': '9999-12-31T23:59:59.9999999+00:00', 'StartTime': '2016-10-11T00:00:00.0000000-07:00', 'AppliedTime': '2017-05-28T20:28:52.6147753Z', 'SuppressData': True, 'ReferenceValue': 0.2, 'SecondaryReferenceValue': 0.4}], 'Severity': 0, 'Description': 'Values below a specified threshold limit', 'DisplayColor': '#666666', 'ReferenceCode': 'Operational limit - low-Public', 'ProcessingOrder': 'Suppression'}, {'Name': 'Operational limit (maximum) Equipment shelf', 'Type': 'ThresholdAbove', 'Periods': [{'EndTime': '9999-12-31T23:59:59.9999999+00:00', 'StartTime': '2016-10-11T00:00:00.0000000-07:00', 'AppliedTime': '2017-05-28T20:28:52.4627505Z', 'SuppressData': True, 'ReferenceValue': 15, 'SecondaryReferenceValue': 13.5}], 'Severity': 0, 'Description': 'Values above a specified threshold limit', 'DisplayColor': '#CCCCCC', 'ReferenceCode': 'Operational limit - high-Public', 'ProcessingOrder': 'Suppression'}]",,Primary,USGS-09365000,,"Gage height, feet",,PT1H12M,,Stage
fc7ca2a049074a6e8d3384beea477615,uS/cm,Specific cond at 25C,95,11,2022-03-10T21:51:27.617730,2016-03-08T20:00:00+00:00,2021-10-05T19:00:00+00:00,Points,Instantaneous,"[{'Name': 'VERY HIGH', 'Type': 'ThresholdAbove', 'Periods': [{'EndTime': '9999-12-31T23:59:59.9999999+00:00', 'StartTime': '1982-10-01T00:00:00.0000000-07:00', 'AppliedTime': '2017-05-28T20:28:54.3690101Z', 'SuppressData': True, 'ReferenceValue': 5000}], 'Severity': 0, 'Description': 'Unspecified threshold value', 'DisplayColor': '#FF0000', 'ReferenceCode': 'AQUARIUS only', 'ProcessingOrder': 'Suppression'}, {'Name': 'VERY LOW', 'Type': 'ThresholdBelow', 'Periods': [{'EndTime': '9999-12-31T23:59:59.9999999+00:00', 'StartTime': '1982-10-01T00:00:00.0000000-07:00', 'AppliedTime': '2017-05-28T20:28:54.3696688Z', 'SuppressData': True, 'ReferenceValue': 0}], 'Severity': 0, 'Description': 'Unspecified threshold value', 'DisplayColor': '#800000', 'ReferenceCode': 'AQUARIUS only', 'ProcessingOrder': 'Suppression'}, {'Name': 'Operational limit (minimum)', 'Type': 'ThresholdBelow', 'Periods': [{'EndTime': '9999-12-31T23:59:59.9999999+00:00', 'StartTime': '2018-09-01T00:00:00.0000000-07:00', 'AppliedTime': '2018-10-23T12:59:59.358477Z', 'SuppressData': True, 'ReferenceValue': 0}], 'Severity': 0, 'Description': 'Values below a specified threshold limit', 'DisplayColor': '#990600', 'ReferenceCode': 'Operational limit - low-Public', 'ProcessingOrder': 'Suppression'}, {'Name': 'Operational limit (maximum)', 'Type': 'ThresholdAbove', 'Periods': [{'EndTime': '9999-12-31T23:59:59.9999999+00:00', 'StartTime': '2018-09-01T00:00:00.0000000-07:00', 'AppliedTime': '2018-10-23T12:59:32.3563874Z', 'SuppressData': True, 'ReferenceValue': 5000}], 'Severity': 0, 'Description': 'Values above a specified threshold limit', 'DisplayColor': '#990600', 'ReferenceCode': 'Operational limit - high-Public', 'ProcessingOrder': 'Suppression'}, {'Name': 'low spike', 'Type': 'ThresholdBelow', 'Periods': [{'EndTime': '9999-12-31T23:59:59.9999999+00:00', 'StartTime': '2020-03-01T00:00:00.0000000-07:00', 'AppliedTime': '2020-03-27T15:36:02.3907983Z', 'SuppressData': True, 'ReferenceValue': 0.1}], 'Severity': 0, 'Description': 'Unspecified threshold value', 'DisplayColor': '#990600', 'ReferenceCode': 'AQUARIUS only', 'ProcessingOrder': 'Suppression'}]",,Primary,USGS-09365000,,"Specific conductance, water, unfiltered, microsiemens per centimeter at 25 degrees Celsius",,PT1H12M,,Specific conductance
002d24f13a88443682e55473f62da210,uS/cm,Specific cond at 25C,95,11,2023-11-27T14:09:14.687106,2016-03-10T07:00:00+00:00,2023-11-27T14:00:00+00:00,Points,Instantaneous,"[{'Name': 'VERY HIGH', 'Type': 'ThresholdAbove', 'Periods': [{'EndTime': '9999-12-31T23:59:59.9999999+00:00', 'StartTime': '2016-09-12T00:00:00.0000000-07:00', 'AppliedTime': '2017-05-28T20:30:49.0227597Z', 'SuppressData': True, 'ReferenceValue': 5000}], 'Severity': 0, 'Description': 'Unspecified threshold value', 'DisplayColor': '#FF0000', 'ReferenceCode': 'AQUARIUS only', 'ProcessingOrder': 'Suppression'}, {'Name': 'VERY LOW', 'Type': 'ThresholdBelow', 'Periods': [{'EndTime': '9999-12-31T23:59:59.9999999+00:00', 'StartTime': '2016-09-12T00:00:00.0000000-07:00', 'AppliedTime': '2017-05-28T20:30:49.1706155Z', 'SuppressData': True, 'ReferenceValue': 0}], 'Severity': 0, 'Description': 'Unspecified threshold value', 'DisplayColor': '#800000', 'ReferenceCode': 'AQUARIUS only', 'ProcessingOrder': 'Suppression'}, {'Name': 'Operational limit (maximum)', 'Type': 'ThresholdAbove', 'Periods': [{'EndTime': '9999-12-31T23:59:59.9999999+00:00', 'StartTime': '2018-09-01T00:00:00.0000000-07:00', 'AppliedTime': '2018-10-23T15:48:59.1436087Z', 'SuppressData': True, 'ReferenceValue': 5000}], 'Severity': 0, 'Description': 'Values above a specified threshold limit', 'DisplayColor': '#990600', 'ReferenceCode': 'Operational limit - high-Public', 'ProcessingOrder': 'Suppression'}, {'Name': 'Operational limit (minimum)', 'Type': 'ThresholdBelow', 'Periods': [{'EndTime': '9999-12-31T23:59:59.9999999+00:00', 'StartTime': '2018-09-01T00:00:00.0000000-07:00', 'AppliedTime': '2018-10-23T15:48:35.9168702Z', 'SuppressData': True, 'ReferenceValue': 0}], 'Severity': 0, 'Description': 'Values below a specified threshold limit', 'DisplayColor': '#990600', 'ReferenceCode': 'Operational limit - low-Public', 'ProcessingOrder': 'Suppression'}]",,Primary,USGS-09368000,,"Specific conductance, water, unfiltered, microsiemens per centimeter at 25 degrees Celsius",,PT1H12M,,Specific conductance
3cb5f66282d6456ba2ca005d20046a65,pH Units,pH,400,11,2023-11-14T16:09:13.212559,2016-03-10T07:00:00+00:00,2023-11-14T16:00:00+00:00,Points,Instantaneous,"[{'Name': 'VERY LOW', 'Type': 'ThresholdBelow', 'Periods': [{'EndTime': '9999-12-31T23:59:59.9999999+00:00', 'StartTime': '2016-09-12T00:00:00.0000000-07:00', 'AppliedTime': '2017-05-28T20:31:13.7262882Z', 'SuppressData': True, 'ReferenceValue': 3}], 'Severity': 0, 'Description': 'Unspecified threshold value', 'DisplayColor': '#800000', 'ReferenceCode': 'AQUARIUS only', 'ProcessingOrder': 'Suppression'}, {'Name': 'VERY HIGH', 'Type': 'ThresholdAbove', 'Periods': [{'EndTime': '9999-12-31T23:59:59.9999999+00:00', 'StartTime': '2016-09-12T00:00:00.0000000-07:00', 'AppliedTime': '2017-05-28T20:31:13.4912854Z', 'SuppressData': True, 'ReferenceValue': 12}], 'Severity': 0, 'Description': 'Unspecified threshold value', 'DisplayColor': '#FF0000', 'ReferenceCode': 'AQUARIUS only', 'ProcessingOrder': 'Suppression'}, {'Name': 'Operational limit (maximum)', 'Type': 'ThresholdAbove', 'Periods': [{'EndTime': '9999-12-31T23:59:59.9999999+00:00', 'StartTime': '2018-09-01T00:00:00.0000000-07:00', 'AppliedTime': '2018-10-23T15:49:53.0901136Z', 'SuppressData': True, 'ReferenceValue': 12}], 'Severity': 0, 'Description': 'Values above a specified threshold limit', 'DisplayColor': '#990600', 'ReferenceCode': 'Operational limit - high-Public', 'ProcessingOrder': 'Suppression'}, {'Name': 'Operational limit (minimum)', 'Type': 'ThresholdBelow', 'Periods': [{'EndTime': '9999-12-31T23:59:59.9999999+00:00', 'StartTime': '2018-09-01T00:00:00.0000000-07:00', 'AppliedTime': '2018-10-23T15:50:18.114304Z', 'SuppressData': True, 'ReferenceValue': 3}], 'Severity': 0, 'Description': 'Values below a specified threshold limit', 'DisplayColor': '#990600', 'ReferenceCode': 'Operational limit - low-Public', 'ProcessingOrder': 'Suppression'}]",,Primary,USGS-09368000,,"pH, water, unfiltered, field, standard units",,PT1H12M,,pH
6c3321135f314209a5af58ce54118cc6,degC,"Temperature, water",10,11,2026-10-02T09:08:39.693135,2016-03-10T07:00:00+00:00,2026-10-01T11:30:00+00:00,Points,Instantaneous,"[{'Name': 'VERY LOW', 'Type': 'ThresholdBelow', 'Periods': [{'EndTime': '9999-12-31T23:59:59.9999999+00:00', 'StartTime': '2016-09-12T00:00:00.0000000-07:00', 'AppliedTime': '2017-05-28T20:30:46.6849214Z', 'SuppressData': True, 'ReferenceValue': -5}], 'Severity': 0, 'Description': 'Unspecified threshold value', 'DisplayColor': '#800000', 'ReferenceCode': 'AQUARIUS only', 'ProcessingOrder': 'Suppression'}, {'Name': 'VERY HIGH', 'Type': 'ThresholdAbove', 'Periods': [{'EndTime': '9999-12-31T23:59:59.9999999+00:00', 'StartTime': '2016-09-12T00:00:00.0000000-07:00', 'AppliedTime': '2017-05-28T20:30:46.2758006Z', 'SuppressData': True, 'ReferenceValue': 40}], 'Severity': 0, 'Description': 'Unspecified threshold value', 'DisplayColor': '#FF0000', 'ReferenceCode': 'AQUARIUS only', 'ProcessingOrder': 'Suppression'}, {'Name': 'Operational limit (maximum)', 'Type': 'ThresholdAbove', 'Periods': [{'EndTime': '9999-12-31T23:59:59.9999999+00:00', 'StartTime': '2018-09-01T00:00:00.0000000-07:00', 'AppliedTime': '2018-10-23T15:51:53.6269455Z', 'SuppressData': True, 'ReferenceValue': 40}], 'Severity': 0, 'Description': 'Values above a specified threshold limit', 'DisplayColor': '#990600', 'ReferenceCode': 'Operational limit - high-Public', 'ProcessingOrder': 'Suppression'}, {'Name': 'Operational limit (minimum)', 'Type': 'ThresholdBelow', 'Periods': [{'EndTime': '9999-12-31T23:59:59.9999999+00:00', 'StartTime': '2018-09-01T00:00:00.0000000-07:00', 'AppliedTime': '2018-10-23T15:52:33.5686918Z', 'SuppressData': True, 'ReferenceValue': -5}], 'Severity': 0, 'Description': 'Values below a specified threshold limit', 'DisplayColor': '#990600', 'ReferenceCode': 'Operational limit - low-Public', 'ProcessingOrder': 'Suppression'}]",,Primary,USGS-09368000,,"Temperature, water, degrees Celsius",,PT1H12M,,Water temperature
8cb77330d4df4254bde250ec2b4c44ef,ft,Gage height,65,11,2026-10-02T10:08:24.532100,2007-10-01T07:00:00+00:00,2026-10-02T10:00:00+00:00,Points,Instantaneous,"[{'Name': 'Operational limit (maximum)', 'Type': 'ThresholdAbove', 'Periods': [{'EndTime': '9999-12-31T23:59:59.9999999+00:00', 'StartTime': '2016-10-12T00:00:00.0000000-07:00', 'AppliedTime': '2017-05-28T20:31:10.5707069Z', 'SuppressData': True, 'ReferenceValue': 21, 'SecondaryReferenceValue': 18.9}], 'Severity': 0, 'Description': 'Values above a specified threshold limit', 'DisplayColor': '#CCCCCC', 'ReferenceCode': 'Operational limit - high-Public', 'ProcessingOrder': 'Suppression'}, {'Name': 'Operational limit (minimum)', 'Type': 'ThresholdBelow', 'Periods': [{'EndTime': '9999-12-31T23:59:59.9999999+00:00', 'StartTime': '2016-10-12T00:00:00.0000000-07:00', 'AppliedTime': '2017-05-28T20:31:10.8377045Z', 'SuppressData': True, 'ReferenceValue': 6.5, 'SecondaryReferenceValue': 6.7}], 'Severity': 0, 'Description': 'Values below a specified threshold limit', 'DisplayColor': '#666666', 'ReferenceCode': 'Operational limit - low-Public', 'ProcessingOrder': 'Suppression'}]",,Primary,USGS-09368000,,"Gage height, feet",,PT1H12M,,Stage
960a49670b4747b7870ac2eedef2c3cb,ft^3/s,Discharge,60,11,2026-10-02T09:08:42.034107,1990-10-01T06:15:00+00:00,2026-10-02T09:00:00+00:00,Points,Instantaneous,[],,Primary,USGS-09368000,,"Discharge, cubic feet per second",8cb77330d4df4254bde250ec2b4c44ef,PT1H12M,1984.0,Discharge
a824a74f6da841cf856ab6153031cc27,_FNU,"Turbidity, FNU",63680,11,2023-11-14T16:09:13.264603,2016-03-10T07:00:00+00:00,2023-11-14T16:00:00+00:00,Points,Instantaneous,"[{'Name': 'Reduced accuracy over 1000', 'Type': 'None', 'Periods': [{'EndTime': '9999-12-31T23:59:59.9999999+00:00', 'StartTime': '0001-01-01T00:00:00.0000000+00:00', 'AppliedTime': '2021-06-03T20:44:48.1012541Z', 'SuppressData': False, 'ReferenceValue': 1000}], 'Severity': 0, 'Description': 'Display reference value', 'DisplayColor': '#001c99', 'ReferenceCode': 'NWISWeb ref level - Public', 'ProcessingOrder': 'Normal'}, {'Name': 'VERY HIGH', 'Type': 'ThresholdAbove', 'Periods': [{'EndTime': '9999-12-31T23:59:59.9999999+00:00', 'StartTime': '2016-06-08T00:00:00.0000000-07:00', 'AppliedTime': '2017-05-28T20:31:12.5688709Z', 'SuppressData': True, 'ReferenceValue': 4000}], 'Severity': 0, 'Description': 'Unspecified threshold value', 'DisplayColor': '#FF0000', 'ReferenceCode': 'AQUARIUS only', 'ProcessingOrder': 'Suppression'}, {'Name': 'VERY LOW', 'Type': 'ThresholdBelow', 'Periods': [{'EndTime': '9999-12-31T23:59:59.9999999+00:00', 'StartTime': '2016-06-08T00:00:00.0000000-07:00', 'AppliedTime': '2017-05-28T20:31:12.5330703Z', 'SuppressData': True, 'ReferenceValue': 0}], 'Severity': 0, 'Description': 'Unspecified threshold value', 'DisplayColor': '#800000', 'ReferenceCode': 'AQUARIUS only', 'ProcessingOrder': 'Suppression'}, {'Name': 'Operational limit (minimum)', 'Type': 'ThresholdBelow', 'Periods': [{'EndTime': '9999-12-31T23:59:59.9999999+00:00', 'StartTime': '2018-09-01T00:00:00.0000000-07:00', 'AppliedTime': '2018-10-23T15:50:42.7420291Z', 'SuppressData': True, 'ReferenceValue': 0}], 'Severity': 0, 'Description': 'Values below a specified threshold limit', 'DisplayColor': '#990600', 'ReferenceCode': 'Operational limit - low-Public', 'ProcessingOrder': 'Suppression'}, {'Name': 'Operational limit (maximum)', 'Type': 'ThresholdAbove', 'Periods': [{'EndTime': '9999-12-31T23:59:59.9999999+00:00', 'StartTime': '2018-09-01T00:00:00.0000000-07:00', 'AppliedTime': '2018-10-23T15:51:06.201275Z', 'SuppressData': True, 'ReferenceValue': 4000}], 'Severity': 0, 'Description': 'Values above a specified threshold limit', 'DisplayColor': '#990600', 'ReferenceCode': 'Operational limit - high-Public', 'ProcessingOrder': 'Suppression'}]",,Primary,USGS-09368000,,"Turbidity, water, unfiltered, monochrome near infra-red LED light, 780-900 nm, detection angle 90 +-2.5 degrees, formazin nephelometric units (FNU)",,PT1H12M,,Turbidity
05c59b8b0f5541c1894759a6160cdab7,_FNU,"Turbidity, FNU",63680,11,2023-11-15T15:17:32.483843,2016-05-18T21:15:00+00:00,2023-11-15T15:00:00+00:00,Points,Instantaneous,"[{'Name': 'Reduced accuracy over 1000', 'Type': 'None', 'Periods': [{'EndTime': '9999-12-31T23:59:59.9999999+00:00', 'StartTime': '0001-01-01T00:00:00.0000000+00:00', 'AppliedTime': '2021-06-03T20:45:34.035286Z', 'SuppressData': False, 'ReferenceValue': 1000}], 'Severity': 0, 'Description': 'Display reference value', 'DisplayColor': '#001c99', 'ReferenceCode': 'NWISWeb ref level - Public', 'ProcessingOrder': 'Normal'}, {'Name': 'VERY HIGH', 'Type': 'ThresholdAbove', 'Periods': [{'EndTime': '9999-12-31T23:59:59.9999999+00:00', 'StartTime': '0001-01-01T00:00:00.0000000+00:00', 'AppliedTime': '2017-05-28T20:30:44.6296161Z', 'SuppressData': True, 'ReferenceValue': 4000}], 'Severity': 0, 'Description': 'Unspecified threshold value', 'DisplayColor': '#FF0000', 'ReferenceCode': 'AQUARIUS only', 'ProcessingOrder': 'Suppression'}, {'Name': 'VERY LOW', 'Type': 'ThresholdBelow', 'Periods': [{'EndTime': '9999-12-31T23:59:59.9999999+00:00', 'StartTime': '0001-01-01T00:00:00.0000000+00:00', 'AppliedTime': '2017-05-28T20:30:44.8075737Z', 'SuppressData': True, 'ReferenceValue': 0}], 'Severity': 0, 'Description': 'Unspecified threshold value', 'DisplayColor': '#800000', 'ReferenceCode': 'AQUARIUS only', 'ProcessingOrder': 'Suppression'}, {'Name': 'Operational limit (minimum)', 'Type': 'ThresholdBelow', 'Periods': [{'EndTime': '9999-12-31T23:59:59.9999999+00:00', 'StartTime': '2018-09-01T00:00:00.0000000-07:00', 'AppliedTime': '2018-10-23T16:40:55.6426102Z', 'SuppressData': True, 'ReferenceValue': 0}], 'Severity': 0, 'Description': 'Values below a specified threshold limit', 'DisplayColor': '#990600', 'ReferenceCode': 'Operational limit - low-Public', 'ProcessingOrder': 'Suppression'}, {'Name': 'Operational limit (maximum)', 'Type': 'ThresholdAbove', 'Periods': [{'EndTime': '9999-12-31T23:59:59.9999999+00:00', 'StartTime': '2018-09-01T00:00:00.0000000-07:00', 'AppliedTime': '2018-10-23T16:40:20.9534297Z', 'SuppressData': True, 'ReferenceValue': 4000}], 'Severity': 0, 'Description': 'Values above a specified threshold limit', 'DisplayColor': '#990600', 'ReferenceCode': 'Operational limit - high-Public', 'ProcessingOrder': 'Suppression'}, {'Name': 'low spike', 'Type': 'ThresholdBelow', 'Periods': [{'EndTime': '9999-12-31T23:59:59.9999999+00:00', 'StartTime': '2018-07-21T00:00:00.0000000-07:00', 'AppliedTime': '2018-07-31T18:24:17.8693846Z', 'SuppressData': True, 'ReferenceValue': 0.01}], 'Severity': 0, 'Description': 'Unspecified threshold value', 'DisplayColor': '#990600', 'ReferenceCode': 'AQUARIUS only', 'ProcessingOrder': 'Suppression'}]",,Primary,USGS-09371010,,"Turbidity, water, unfiltered, monochrome near infra-red LED light, 780-900 nm, detection angle 90 +-2.5 degrees, formazin nephelometric units (FNU)",,PT1H12M,,Turbidity
17d8f26057d34903b50d3411e0c242bc,pH Units,pH,400,11,2023-11-15T15:17:31.189017,2016-05-19T06:00:00+00:00,2023-11-15T15:00:00+00:00,Points,Instantaneous,"[{'Name': 'VERY HIGH', 'Type': 'ThresholdAbove', 'Periods': [{'EndTime': '9999-12-31T23:59:59.9999999+00:00', 'StartTime': '2016-09-12T00:00:00.0000000-07:00', 'AppliedTime': '2017-05-28T20:30:45.7111124Z', 'SuppressData': True, 'ReferenceValue': 12}], 'Severity': 0, 'Description': 'Unspecified threshold value', 'DisplayColor': '#FF0000', 'ReferenceCode': 'AQUARIUS only', 'ProcessingOrder': 'Suppression'}, {'Name': 'VERY LOW', 'Type': 'ThresholdBelow', 'Periods': [{'EndTime': '9999-12-31T23:59:59.9999999+00:00', 'StartTime': '2016-09-12T00:00:00.0000000-07:00', 'AppliedTime': '2017-05-28T20:30:46.2577325Z', 'SuppressData': True, 'ReferenceValue': 3}], 'Severity': 0, 'Description': 'Unspecified threshold value', 'DisplayColor': '#800000', 'ReferenceCode': 'AQUARIUS only', 'ProcessingOrder': 'Suppression'}, {'Name': 'Operational limit (minimum)', 'Type': 'ThresholdBelow', 'Periods': [{'EndTime': '9999-12-31T23:59:59.9999999+00:00', 'StartTime': '2018-09-01T00:00:00.0000000-07:00', 'AppliedTime': '2018-10-23T16:41:15.2319153Z', 'SuppressData': True, 'ReferenceValue': 3}], 'Severity': 0, 'Description': 'Values below a specified threshold limit', 'DisplayColor': '#990600', 'ReferenceCode': 'Operational limit - low-Public', 'ProcessingOrder': 'Suppression'}, {'Name': 'Operational limit (maximum)', 'Type': 'ThresholdAbove', 'Periods': [{'EndTime': '9999-12-31T23:59:59.9999999+00:00', 'StartTime': '2018-09-01T00:00:00.0000000-07:00', 'AppliedTime': '2018-10-23T16:41:39.5135595Z', 'SuppressData': True, 'ReferenceValue': 12}], 'Severity': 0, 'Description': 'Values above a specified threshold limit', 'DisplayColor': '#990600', 'ReferenceCode': 'Operational limit - high-Public', 'ProcessingOrder': 'Suppression'}]",,Primary,USGS-09371010,,"pH, water, unfiltered, field, standard units",,PT1H12M,,pH
353f35cf89aa49b09e1b9083bdad5f33,uS/cm,Specific cond at 25C,95,11,2023-11-27T14:16:51.944380,2016-05-19T06:00:00+00:00,2023-11-27T14:00:00+00:00,Points,Instantaneous,"[{'Name': 'VERY LOW', 'Type': 'ThresholdBelow', 'Periods': [{'EndTime': '9999-12-31T23:59:59.9999999+00:00', 'StartTime': '2016-09-12T00:00:00.0000000-07:00', 'AppliedTime': '2017-05-28T20:30:43.0575697Z', 'SuppressData': True, 'ReferenceValue': 0}], 'Severity': 0, 'Description': 'Unspecified threshold value', 'DisplayColor': '#800000', 'ReferenceCode': 'AQUARIUS only', 'ProcessingOrder': 'Suppression'}, {'Name': 'Operational limit (minimum)', 'Type': 'ThresholdBelow', 'Periods': [{'EndTime': '9999-12-31T23:59:59.9999999+00:00', 'StartTime': '2018-09-01T00:00:00.0000000-07:00', 'AppliedTime': '2018-10-23T16:38:46.8396324Z', 'SuppressData': True, 'ReferenceValue': 0}], 'Severity': 0, 'Description': 'Values below a specified threshold limit', 'DisplayColor': '#990600', 'ReferenceCode': 'Operational limit - low-Public', 'ProcessingOrder': 'Suppression'}, {'Name': 'Low Spike', 'Type': 'ThresholdBelow', 'Periods': [{'EndTime': '9999-12-31T23:59:59.9999999+00:00', 'StartTime': '2018-07-21T00:00:00.0000000-07:00', 'AppliedTime': '2018-07-31T18:21:14.0472882Z', 'SuppressData': True, 'ReferenceValue': 0.01}], 'Severity': 0, 'Description': 'Unspecified threshold value', 'DisplayColor': '#990600', 'ReferenceCode': 'AQUARIUS only', 'ProcessingOrder': 'Suppression'}, {'Name': 'Very HIgh', 'Type': 'ThresholdAbove', 'Periods': [{'EndTime': '9999-12-31T23:59:59.9999999+00:00', 'StartTime': '2019-05-01T00:00:00.0000000-07:00', 'AppliedTime': '2019-05-29T15:37:02.4702293Z', 'SuppressData': True, 'ReferenceValue': 5000}], 'Severity': 0, 'Description': 'Unspecified threshold value', 'DisplayColor': '#990600', 'ReferenceCode': 'AQUARIUS only', 'ProcessingOrder': 'Suppression'}]",,Primary,USGS-09371010,,"Specific conductance, water, unfiltered, microsiemens per centimeter at 25 degrees Celsius",,PT1H12M,,Specific conductance
4668ae5c629e47fdad4e0fef06360db1,ft^3/s,Discharge,60,11,2026-10-02T09:17:56.988179,1990-10-02T06:00:00+00:00,2026-10-02T09:00:00+00:00,Points,Instantaneous,[],,Primary,USGS-09371010,,"Discharge, cubic feet per second",a2746f5aab32451aa15605af05f37c8d,PT1H12M,1984.0,Discharge
a2746f5aab32451aa15605af05f37c8d,ft,Gage height,65,11,2026-10-02T09:17:22.063679,2007-10-01T07:00:00+00:00,2026-10-02T09:00:00+00:00,Points,Instantaneous,"[{'Name': 'Operational limit (maximum)', 'Type': 'ThresholdAbove', 'Periods': [{'EndTime': '9999-12-31T23:59:59.9999999+00:00', 'StartTime': '2016-10-12T00:00:00.0000000-07:00', 'AppliedTime': '2017-05-28T20:30:37.6101303Z', 'SuppressData': True, 'ReferenceValue': 23, 'SecondaryReferenceValue': 20.7}], 'Severity': 0, 'Description': 'Values above a specified threshold limit', 'DisplayColor': '#CCCCCC', 'ReferenceCode': 'Operational limit - high-Public', 'ProcessingOrder': 'Suppression'}, {'Name': 'HIGH', 'Type': 'ThresholdAbove', 'Periods': [{'EndTime': '9999-12-31T23:59:59.9999999+00:00', 'StartTime': '2016-10-12T00:00:00.0000000-07:00', 'AppliedTime': '2017-05-28T20:30:37.5409546Z', 'SuppressData': False, 'ReferenceValue': 16}], 'Severity': 0, 'Description': 'Unspecified threshold value', 'DisplayColor': '#FF9933', 'ReferenceCode': 'AQUARIUS only', 'ProcessingOrder': 'Suppression'}, {'Name': 'Operational limit (minimum)', 'Type': 'ThresholdBelow', 'Periods': [{'EndTime': '9999-12-31T23:59:59.9999999+00:00', 'StartTime': '2016-10-12T00:00:00.0000000-07:00', 'AppliedTime': '2017-05-28T20:30:37.681963Z', 'SuppressData': True, 'ReferenceValue': 4.65, 'SecondaryReferenceValue': 4.85}], 'Severity': 0, 'Description': 'Values below a specified threshold limit', 'DisplayColor': '#666666', 'ReferenceCode': 'Operational limit - low-Public', 'ProcessingOrder': 'Suppression'}]",,Primary,USGS-09371010,,"Gage height, feet",,PT1H12M,,Stage
d29f71f506f94477b5759f14650c157b,degC,"Temperature, water",10,11,2026-10-02T09:17:22.048903,2014-03-12T07:00:00+00:00,2026-09-29T11:00:00+00:00,Points,Instantaneous,"[{'Name': 'temporary low', 'Type': 'ThresholdBelow', 'Periods': [{'EndTime': '2019-06-01T00:00:00.0000000-07:00', 'StartTime': '2019-05-01T00:00:00.0000000-07:00', 'AppliedTime': '2019-05-09T22:29:03.6942266Z', 'SuppressData': True, 'ReferenceValue': 0.1}], 'Severity': 0, 'Description': 'Unspecified threshold value', 'DisplayColor': '#990600', 'ReferenceCode': 'AQUARIUS only', 'ProcessingOrder': 'Suppression'}, {'Name': 'VERY HIGH', 'Type': 'ThresholdAbove', 'Periods': [{'EndTime': '9999-12-31T23:59:59.9999999+00:00', 'StartTime': '2016-09-12T00:00:00.0000000-07:00', 'AppliedTime': '2017-05-28T20:30:41.7906844Z', 'SuppressData': True, 'ReferenceValue': 35}], 'Severity': 0, 'Description': 'Unspecified threshold value', 'DisplayColor': '#FF0000', 'ReferenceCode': 'AQUARIUS only', 'ProcessingOrder': 'Suppression'}, {'Name': 'VERY LOW', 'Type': 'ThresholdBelow', 'Periods': [{'EndTime': '9999-12-31T23:59:59.9999999+00:00', 'StartTime': '2016-09-12T00:00:00.0000000-07:00', 'AppliedTime': '2017-05-28T20:30:42.171761Z', 'SuppressData': True, 'ReferenceValue': -5}], 'Severity': 0, 'Description': 'Unspecified threshold value', 'DisplayColor': '#800000', 'ReferenceCode': 'AQUARIUS only', 'ProcessingOrder': 'Suppression'}, {'Name': 'Operational limit (minimum)', 'Type': 'ThresholdBelow', 'Periods': [{'EndTime': '9999-12-31T23:59:59.9999999+00:00', 'StartTime': '2018-09-01T00:00:00.0000000-07:00', 'AppliedTime': '2018-10-23T16:39:29.9013101Z', 'SuppressData': True, 'ReferenceValue': -5}], 'Severity': 0, 'Description': 'Values below a specified threshold limit', 'DisplayColor': '#990600', 'ReferenceCode': 'Operational limit - low-Public', 'ProcessingOrder': 'Suppression'}, {'Name': 'Operational limit (maximum)', 'Type': 'ThresholdAbove', 'Periods': [{'EndTime': '9999-12-31T23:59:59.9999999+00:00', 'StartTime': '2018-09-01T00:00:00.0000000-07:00', 'AppliedTime': '2018-10-23T16:39:53.7013584Z', 'SuppressData': True, 'ReferenceValue': 35}], 'Severity': 0, 'Description': 'Values above a specified threshold limit', 'DisplayColor': '#990600', 'ReferenceCode': 'Operational limit - high-Public', 'ProcessingOrder': 'Suppression'}]",,Primary,USGS-09371010,,"Temperature, water, degrees Celsius",,PT1H12M,,Water temperature
49332712508f49e6b909612ecb3f8b9d,degC,"Temperature, air",20,11,2026-10-02T08:40:40.566749,2021-10-18T18:45:00+00:00,2026-10-02T08:30:00+00:00,Points,Instantaneous,"[{'Name': 'Low Threshold', 'Type': 'ThresholdBelow', 'Periods': [{'EndTime': '9999-12-31T23:59:59.9999999+00:00', 'StartTime': '0001-01-01T00:00:00.0000000+00:00', 'AppliedTime': '2022-01-04T16:23:52.6251884Z', 'SuppressData': True, 'ReferenceValue': -30}], 'Severity': 0, 'Description': 'Values below a specified threshold limit', 'DisplayColor': '#990600', 'ReferenceCode': 'Operational limit - low-Public', 'ProcessingOrder': 'Suppression'}, {'Name': 'High Threshold', 'Type': 'ThresholdAbove', 'Periods': [{'EndTime': '9999-12-31T23:59:59.9999999+00:00', 'StartTime': '0001-01-01T00:00:00.0000000+00:00', 'AppliedTime': '2022-01-04T16:23:28.5909171Z', 'SuppressData': True, 'ReferenceValue': 55}], 'Severity': 0, 'Description': 'Values above a specified threshold limit', 'DisplayColor': '#990600', 'ReferenceCode': 'Operational limit - high-Public', 'ProcessingOrder': 'Suppression'}]",,Primary,USGS-09379500,,"Temperature, air, degrees Celsius",,PT1H12M,,
608f7361055d4330be649ed7cc70a0dc,tons/day,"Upper 90% limit, SSL",99252,11,2026-10-02T10:39:13.107207,,,Points,Instantaneous,[],,Primary,USGS-09379500,,"Upper 90 percent prediction limit for suspended sediment load by regression (PCODE 80297), short tons per day",6ff7452fd4134b3caa407b128c10784c,PT2H,,
687b18a92fdf49928f3f5cc8e3d3718d,tons/day,"SS load, regres ss",80297,11,2026-10-02T10:53:08.615938,,,Points,Instantaneous,[],,Primary,USGS-09379500,,"Suspended sediment load, water, unfiltered, computed, the product of regression-computed suspended sediment concentration and streamflow, short tons per day",6ff7452fd4134b3caa407b128c10784c,PT2H,,
6ff7452fd4134b3caa407b128c10784c,ft^3/s,Discharge,60,11,2026-10-02T08:41:40.561243,1986-10-01T06:15:00+00:00,2026-10-02T08:30:00+00:00,Points,Instantaneous,[],,Primary,USGS-09379500,,"Discharge, cubic feet per second",b3c76147f94844e3b817846fea18b91d,PT1H12M,1961.0,Discharge
9534b7d2048240e5ab034a1d1cbd6c96,mg/l,Dissolved oxygen,300,11,2026-10-02T08:40:40.610897,2021-10-18T18:45:00+00:00,2026-10-02T08:30:00+00:00,Points,Instantaneous,"[{'Name': 'High Threshold', 'Type': 'ThresholdAbove', 'Periods': [{'EndTime': '9999-12-31T23:59:59.9999999+00:00', 'StartTime': '0001-01-01T00:00:00.0000000+00:00', 'AppliedTime': '2022-01-04T16:36:35.3125559Z', 'SuppressData': True, 'ReferenceValue': 16}], 'Severity': 0, 'Description': 'Values above a specified threshold limit', 'DisplayColor': '#990600', 'ReferenceCode': 'Operational limit - high-Public', 'ProcessingOrder': 'Suppression'}, {'Name': 'Low Threshold', 'Type': 'ThresholdBelow', 'Periods': [{'EndTime': '9999-12-31T23:59:59.9999999+00:00', 'StartTime': '0001-01-01T00:00:00.0000000+00:00', 'AppliedTime': '2022-01-04T16:36:16.3825193Z', 'SuppressData': True, 'ReferenceValue': 1}], 'Severity': 0, 'Description': 'Values below a specified threshold limit', 'DisplayColor': '#990600', 'ReferenceCode': 'Operational limit - low-Public', 'ProcessingOrder': 'Suppression'}]",,Primary,USGS-09379500,,"Dissolved oxygen, water, unfiltered, milligrams per liter",,PT1H12M,,DO concentration
9c0fad53c071489db23a96945f93876a,degC,"Temperature, water",10,11,2026-10-02T08:54:57.964755,2007-10-01T07:00:00+00:00,2026-10-02T08:45:00+00:00,Points,Instantaneous,"[{'Name': 'VERY HIGH', 'Type': 'ThresholdAbove', 'Periods': [{'EndTime': '2022-07-26T00:00:00.0000000-07:00', 'StartTime': '2016-11-01T00:00:00.0000000-07:00', 'AppliedTime': '2017-04-09T18:34:49.3462822Z', 'SuppressData': True, 'ReferenceValue': 40}, {'EndTime': '9999-12-31T23:59:59.9999999+00:00', 'StartTime': '2022-07-26T00:00:00.0000000-07:00', 'AppliedTime': '2022-07-26T17:02:24.6829656Z', 'SuppressData': True, 'ReferenceValue': 35, 'SecondaryReferenceValue': 34}], 'Severity': 0, 'Description': 'Unspecified threshold value', 'DisplayColor': '#FF0000', 'ReferenceCode': 'AQUARIUS only', 'ProcessingOrder': 'Suppression'}, {'Name': 'VERY LOW', 'Type': 'ThresholdBelow', 'Periods': [{'EndTime': '2024-10-01T09:00:00.0000000-07:00', 'StartTime': '2016-11-01T00:00:00.0000000-07:00', 'AppliedTime': '2017-04-09T18:34:49.5782786Z', 'SuppressData': True, 'ReferenceValue': -1}, {'EndTime': '9999-12-31T23:59:59.9999999+00:00', 'StartTime': '2024-10-01T09:00:00.0000000-07:00', 'AppliedTime': '2025-01-23T15:53:00.6173177Z', 'SuppressData': True, 'ReferenceValue': -0.5}], 'Severity': 0, 'Description': 'Unspecified threshold value', 'DisplayColor': '#800000', 'ReferenceCode': 'AQUARIUS only', 'ProcessingOrder': 'Suppression'}]",,Primary,USGS-09379500,,"Temperature, water, degrees Celsius",,PT1H12M,,Water temperature
a6e7cd6dedc540fc83b0992065d6cd05,mg/l,"Lower 90% limit, SSC",99247,11,2025-12-23T19:19:51.521335,,,Points,Instantaneous,"[{'Name': 'Lower 90% operational limit', 'Type': 'ThresholdBelow', 'Periods': [{'EndTime': '9999-12-31T23:59:59.9999999+00:00', 'StartTime': '0001-01-01T00:00:00.0000000+00:00', 'AppliedTime': '2025-12-22T22:35:19.434306Z', 'SuppressData': True, 'ReferenceValue': 11.2, 'SecondaryReferenceValue': 20}], 'Severity': 0, 'Description': 'Values below a specified threshold limit', 'DisplayColor': '#990600', 'ReferenceCode': 'Operational limit - low-Public', 'ProcessingOrder': 'Suppression'}, {'Name': 'Upper 90% operational limit', 'Type': 'ThresholdAbove', 'Periods': [{'EndTime': '9999-12-31T23:59:59.9999999+00:00', 'StartTime': '0001-01-01T00:00:00.0000000+00:00', 'AppliedTime': '2025-12-22T22:36:03.7713244Z', 'SuppressData': True, 'ReferenceValue': 13062, 'SecondaryReferenceValue': 12000}], 'Severity': 0, 'Description': 'Values above a specified threshold limit', 'DisplayColor': '#990600', 'ReferenceCode': 'Operational limit - high-Public', 'ProcessingOrder': 'Suppression'}]",,Primary,USGS-09379500,,"Lower 90 percent prediction limit for SSC by regression (PCODE 99409), milligrams per liter",,PT2H,,
ae81e9692f3e4c7d8586292425bd5e3f,mbar,Air pressure,75969,11,2026-10-02T10:23:41.211508,2021-10-18T18:45:00+00:00,2026-10-02T10:15:00+00:00,Points,Instantaneous,"[{'Name': 'High Threshold', 'Type': 'ThresholdAbove', 'Periods': [{'EndTime': '9999-12-31T23:59:59.9999999+00:00', 'StartTime': '0001-01-01T00:00:00.0000000+00:00', 'AppliedTime': '2022-01-04T16:34:40.0588543Z', 'SuppressData': True, 'ReferenceValue': 1050}], 'Severity': 0, 'Description': 'Values above a specified threshold limit', 'DisplayColor': '#990600', 'ReferenceCode': 'Operational limit - high-Public', 'ProcessingOrder': 'Suppression'}, {'Name': 'Low Threshold', 'Type': 'ThresholdBelow', 'Periods': [{'EndTime': '9999-12-31T23:59:59.9999999+00:00', 'StartTime': '0001-01-01T00:00:00.0000000+00:00', 'AppliedTime': '2022-01-04T16:35:10.6761453Z', 'SuppressData': True, 'ReferenceValue': 600}], 'Severity': 0, 'Description': 'Values below a specified threshold limit', 'DisplayColor': '#990600', 'ReferenceCode': 'Operational limit - low-Public', 'ProcessingOrder': 'Suppression'}]",,Primary,USGS-09379500,,"Barometric pressure, not corrected to sea level, millibars",,PT1H12M,,
b10e20b4a07f4507a7c681d8a8c9c9f2,uS/cm,Specific cond at 25C,95,11,2026-10-02T08:54:57.169379,2007-10-01T07:00:00+00:00,2026-10-02T08:45:00+00:00,Points,Instantaneous,"[{'Name': 'VERY HIGH', 'Type': 'ThresholdAbove', 'Periods': [{'EndTime': '9999-12-31T23:59:59.9999999+00:00', 'StartTime': '2016-11-01T00:00:00.0000000-07:00', 'AppliedTime': '2017-04-09T18:35:13.6099144Z', 'SuppressData': True, 'ReferenceValue': 10000}], 'Severity': 0, 'Description': 'Unspecified threshold value', 'DisplayColor': '#FF0000', 'ReferenceCode': 'AQUARIUS only', 'ProcessingOrder': 'Suppression'}, {'Name': 'VERY LOW', 'Type': 'ThresholdBelow', 'Periods': [{'EndTime': '9999-12-31T23:59:59.9999999+00:00', 'StartTime': '2016-11-01T00:00:00.0000000-07:00', 'AppliedTime': '2017-04-09T18:35:14.0618794Z', 'SuppressData': True, 'ReferenceValue': 200}], 'Severity': 0, 'Description': 'Unspecified threshold value', 'DisplayColor': '#800000', 'ReferenceCode': 'AQUARIUS only', 'ProcessingOrder': 'Suppression'}]",,Primary,USGS-09379500,,"Specific conductance, water, unfiltered, microsiemens per centimeter at 25 degrees Celsius",,PT1H12M,1981.0,Specific conductance
b3c76147f94844e3b817846fea18b91d,ft,Gage height,65,11,2026-10-02T09:37:57.177910,2007-10-01T07:00:00+00:00,2026-10-02T09:30:00+00:00,Points,Instantaneous,"[{'Name': 'NWS Action Stage', 'Type': 'None', 'Periods': [{'EndTime': '9999-12-31T23:59:59.9999999+00:00', 'StartTime': '0001-01-01T00:00:00.0000000+00:00', 'AppliedTime': '2024-05-02T21:44:01.9396612Z', 'SuppressData': False, 'ReferenceValue': 22, 'SecondaryReferenceValue': 21}], 'Severity': 0, 'Description': 'Display reference value', 'DisplayColor': '#7cf717', 'ReferenceCode': 'NWISWeb ref level - Public', 'ProcessingOrder': 'Normal'}, {'Name': 'Operational limit (maximum)', 'Type': 'ThresholdAbove', 'Periods': [{'EndTime': '9999-12-31T23:59:59.9999999+00:00', 'StartTime': '2016-10-14T00:00:00.0000000-07:00', 'AppliedTime': '2017-04-09T18:34:56.7004599Z', 'SuppressData': True, 'ReferenceValue': 30, 'SecondaryReferenceValue': 27}], 'Severity': 0, 'Description': 'Values above a specified threshold limit', 'DisplayColor': '#CCCCCC', 'ReferenceCode': 'Operational limit - high-Public', 'ProcessingOrder': 'Suppression'}, {'Name': 'Operational limit (minimum)', 'Type': 'ThresholdBelow', 'Periods': [{'EndTime': '9999-12-31T23:59:59.9999999+00:00', 'StartTime': '2016-10-14T00:00:00.0000000-07:00', 'AppliedTime': '2017-04-09T18:34:57.1020568Z', 'SuppressData': True, 'ReferenceValue': 2.04, 'SecondaryReferenceValue': 2.24}], 'Severity': 0, 'Description': 'Values below a specified threshold limit', 'DisplayColor': '#666666', 'ReferenceCode': 'Operational limit - low-Public', 'ProcessingOrder': 'Suppression'}, {'Name': 'National Weather Service flood stage', 'Type': 'None', 'Periods': [{'EndTime': '9999-12-31T23:59:59.9999999+00:00', 'StartTime': '2016-10-14T00:00:00.0000000-07:00', 'AppliedTime': '0001-01-01T00:00:00Z', 'SuppressData': False, 'ReferenceValue': 23, 'SecondaryReferenceValue': 22}], 'Severity': 0, 'Description': 'Display reference value', 'DisplayColor': '#00CCFF', 'ReferenceCode': 'NWISWeb ref level - Public', 'ProcessingOrder': 'Suppression'}, {'Name': 'BOTTOM OF RATING GAP', 'Type': 'None', 'Periods': [{'EndTime': '9999-12-31T23:59:59.9999999+00:00', 'StartTime': '0001-01-01T00:00:00.0000000+00:00', 'AppliedTime': '2020-02-07T18:51:55.1730671Z', 'SuppressData': False, 'ReferenceValue': 8.2, 'SecondaryReferenceValue': 7.8}], 'Severity': 0, 'Description': 'NWISWeb reference line displayed to WSC level users', 'DisplayColor': '#ff0a00', 'ReferenceCode': 'NWISWeb ref level - WSC', 'ProcessingOrder': 'Suppression'}]",,Primary,USGS-09379500,,"Gage height, feet",,PT1H12M,,Stage
b523293c6a4d42a08c34115c26223863,deg,Wind direction,36,11,2026-07-10T14:25:26.203373,2021-10-18T18:45:00+00:00,2025-12-23T20:45:00+00:00,Points,Instantaneous,"[{'Name': 'High Threshold', 'Type': 'ThresholdAbove', 'Periods': [{'EndTime': '9999-12-31T23:59:59.9999999+00:00', 'StartTime': '0001-01-01T00:00:00.0000000+00:00', 'AppliedTime': '2021-12-10T15:50:25.8320601Z', 'SuppressData': True, 'ReferenceValue': 360}], 'Severity': 0, 'Description': 'Values above a specified threshold limit', 'DisplayColor': '#990600', 'ReferenceCode': 'Operational limit - high-Public', 'ProcessingOrder': 'Suppression'}, {'Name': 'Low Threshold', 'Type': 'ThresholdBelow', 'Periods': [{'EndTime': '9999-12-31T23:59:59.9999999+00:00', 'StartTime': '0001-01-01T00:00:00.0000000+00:00', 'AppliedTime': '2021-12-10T15:50:50.5158943Z', 'SuppressData': True, 'ReferenceValue': 0}], 'Severity': 0, 'Description': 'Values below a specified threshold limit', 'DisplayColor': '#990600', 'ReferenceCode': 'Operational limit - low-Public', 'ProcessingOrder': 'Suppression'}]",,Primary,USGS-09379500,,"Wind direction, degrees clockwise from true north",,PT1H12M,,
b67f402053714c09837a9ce293bc0645,mph,Wind speed,35,11,2026-07-10T14:22:58.025776,2021-10-18T18:45:00+00:00,2025-12-23T20:45:00+00:00,Points,Instantaneous,"[{'Name': 'High Threshold', 'Type': 'ThresholdAbove', 'Periods': [{'EndTime': '9999-12-31T23:59:59.9999999+00:00', 'StartTime': '0001-01-01T00:00:00.0000000+00:00', 'AppliedTime': '2021-12-10T15:49:08.9158573Z', 'SuppressData': True, 'ReferenceValue': 100, 'SecondaryReferenceValue': 80}], 'Severity': 0, 'Description': 'Values above a specified threshold limit', 'DisplayColor': '#990600', 'ReferenceCode': 'Operational limit - high-Public', 'ProcessingOrder': 'Suppression'}, {'Name': 'Low Threshold', 'Type': 'ThresholdBelow', 'Periods': [{'EndTime': '9999-12-31T23:59:59.9999999+00:00', 'StartTime': '0001-01-01T00:00:00.0000000+00:00', 'AppliedTime': '2021-12-10T15:49:48.7442358Z', 'SuppressData': True, 'ReferenceValue': -0.1}], 'Severity': 0, 'Description': 'Values below a specified threshold limit', 'DisplayColor': '#990600', 'ReferenceCode': 'Operational limit - low-Public', 'ProcessingOrder': 'Suppression'}]",,Primary,USGS-09379500,,"Wind speed, miles per hour",,PT1H12M,,
badcdf39d8f2435e86f74031e4c9d0ef,mg/l,"Susp sediment,wu,est",99409,11,2025-12-23T19:13:28.014561,,,Points,Instantaneous,"[{'Name': 'Model lower limit', 'Type': 'ThresholdBelow', 'Periods': [{'EndTime': '9999-12-31T23:59:59.9999999+00:00', 'StartTime': '0001-01-01T00:00:00.0000000+00:00', 'AppliedTime': '2025-08-01T23:25:50.3991197Z', 'SuppressData': True, 'ReferenceValue': 25.6, 'SecondaryReferenceValue': 30}], 'Severity': 0, 'Description': 'Values below a specified threshold limit', 'DisplayColor': '#990600', 'ReferenceCode': 'Operational limit - low-Public', 'ProcessingOrder': 'Suppression'}, {'Name': 'Model upper limit', 'Type': 'ThresholdAbove', 'Periods': [{'EndTime': '9999-12-31T23:59:59.9999999+00:00', 'StartTime': '0001-01-01T00:00:00.0000000+00:00', 'AppliedTime': '2025-08-01T23:26:23.0205041Z', 'SuppressData': True, 'ReferenceValue': 28920, 'SecondaryReferenceValue': 28000}], 'Severity': 0, 'Description': 'Values above a specified threshold limit', 'DisplayColor': '#990600', 'ReferenceCode': 'Operational limit - high-Public', 'ProcessingOrder': 'Suppression'}]",,Primary,USGS-09379500,,"Suspended sediment concentration, water, unfiltered, estimated by regression equation, milligrams per liter",,PT2H,,
d3427ce7e5004b6a9312b46003461a6c,pH Units,pH,400,11,2026-02-17T20:13:59.791652,2016-04-15T06:00:00+00:00,2025-12-04T21:00:00+00:00,Points,Instantaneous,"[{'Name': 'VERY HIGH', 'Type': 'ThresholdAbove', 'Periods': [{'EndTime': '9999-12-31T23:59:59.9999999+00:00', 'StartTime': '2016-10-31T00:00:00.0000000-07:00', 'AppliedTime': '2017-04-09T18:35:21.4302977Z', 'SuppressData': True, 'ReferenceValue': 10}], 'Severity': 0, 'Description': 'Unspecified threshold value', 'DisplayColor': '#FF0000', 'ReferenceCode': 'AQUARIUS only', 'ProcessingOrder': 'Suppression'}, {'Name': 'VERY LOW', 'Type': 'ThresholdBelow', 'Periods': [{'EndTime': '9999-12-31T23:59:59.9999999+00:00', 'StartTime': '2016-10-31T00:00:00.0000000-07:00', 'AppliedTime': '2017-04-09T18:35:21.5972194Z', 'SuppressData': True, 'ReferenceValue': 6.9}], 'Severity': 0, 'Description': 'Unspecified threshold value', 'DisplayColor': '#800000', 'ReferenceCode': 'AQUARIUS only', 'ProcessingOrder': 'Suppression'}]",,Primary,USGS-09379500,,"pH, water, unfiltered, field, standard units",,PT1H12M,,pH
d485da19a89c40f18e985a464efa9ff4,%,Relative humidity,52,11,2026-10-02T10:23:41.705387,2021-10-18T18:45:00+00:00,2026-10-02T10:15:00+00:00,Points,Instantaneous,"[{'Name': 'High Threshold', 'Type': 'ThresholdAbove', 'Periods': [{'EndTime': '9999-12-31T23:59:59.9999999+00:00', 'StartTime': '0001-01-01T00:00:00.0000000+00:00', 'AppliedTime': '2022-01-04T16:26:29.8070632Z', 'SuppressData': True, 'ReferenceValue': 100}], 'Severity': 0, 'Description': 'Values above a specified threshold limit', 'DisplayColor': '#990600', 'ReferenceCode': 'Operational limit - high-Public', 'ProcessingOrder': 'Suppression'}, {'Name': 'Low Threshold', 'Type': 'ThresholdBelow', 'Periods': [{'EndTime': '9999-12-31T23:59:59.9999999+00:00', 'StartTime': '0001-01-01T00:00:00.0000000+00:00', 'AppliedTime': '2022-01-04T16:28:13.7074002Z', 'SuppressData': True, 'ReferenceValue': 0}], 'Severity': 0, 'Description': 'Values below a specified threshold limit', 'DisplayColor': '#990600', 'ReferenceCode': 'Operational limit - low-Public', 'ProcessingOrder': 'Suppression'}]",,Primary,USGS-09379500,,"Relative humidity, percent",,PT1H12M,,
e8f3b090e1894bfb861960e7f41268b2,_FNU,"Turbidity, FNU",63680,11,2026-02-18T14:31:26.602009,2016-04-15T06:00:00+00:00,2025-12-04T21:00:00+00:00,Points,Instantaneous,"[{'Name': 'VERY HIGH', 'Type': 'ThresholdAbove', 'Periods': [{'EndTime': '2017-10-18T07:16:00.0000000-07:00', 'StartTime': '2016-10-31T00:00:00.0000000-07:00', 'AppliedTime': '2017-04-09T18:35:20.4278742Z', 'SuppressData': True, 'ReferenceValue': 10000}, {'EndTime': '9999-12-31T23:59:59.9999999+00:00', 'StartTime': '2017-10-18T07:17:00.0000000-07:00', 'AppliedTime': '2018-04-27T14:46:34.9662132Z', 'SuppressData': True, 'ReferenceValue': 4000}], 'Severity': 0, 'Description': 'Unspecified threshold value', 'DisplayColor': '#FF0000', 'ReferenceCode': 'AQUARIUS only', 'ProcessingOrder': 'Suppression'}, {'Name': 'VERY LOW', 'Type': 'ThresholdBelow', 'Periods': [{'EndTime': '2022-07-05T10:59:00.0000000-07:00', 'StartTime': '2018-11-28T00:00:00.0000000-07:00', 'AppliedTime': '0001-01-01T00:00:00Z', 'SuppressData': False, 'ReferenceValue': 1, 'SecondaryReferenceValue': 10}, {'EndTime': '9999-12-31T23:59:59.9999999+00:00', 'StartTime': '2022-07-05T11:00:00.0000000-07:00', 'AppliedTime': '2022-11-10T19:38:54.1714152Z', 'SuppressData': True, 'ReferenceValue': 1, 'SecondaryReferenceValue': 10}, {'EndTime': '2017-10-18T09:39:00.0000000-07:00', 'StartTime': '2016-10-31T00:00:00.0000000-07:00', 'AppliedTime': '2017-04-09T18:35:20.4367851Z', 'SuppressData': True, 'ReferenceValue': 5}, {'EndTime': '2018-11-28T00:00:00.0000000-07:00', 'StartTime': '2017-10-18T09:40:00.0000000-07:00', 'AppliedTime': '2018-03-01T15:05:49.0269654Z', 'SuppressData': True, 'ReferenceValue': -0.1, 'SecondaryReferenceValue': 1}], 'Severity': 0, 'Description': 'Unspecified threshold value', 'DisplayColor': '#800000', 'ReferenceCode': 'AQUARIUS only', 'ProcessingOrder': 'Suppression'}, {'Name': 'Turbidity value exceeding sensor maximum', 'Type': 'None', 'Periods': [{'EndTime': '9999-12-31T23:59:59.9999999+00:00', 'StartTime': '0001-01-01T00:00:00.0000000+00:00', 'AppliedTime': '0001-01-01T00:00:00Z', 'SuppressData': False, 'ReferenceValue': 4000, 'SecondaryReferenceValue': 3800}], 'Severity': 0, 'Description': 'Display reference value', 'DisplayColor': '#990600', 'ReferenceCode': 'NWISWeb ref level - Public', 'ProcessingOrder': 'Suppression'}]",,Primary,USGS-09379500,,"Turbidity, water, unfiltered, monochrome near infra-red LED light, 780-900 nm, detection angle 90 +-2.5 degrees, formazin nephelometric units (FNU)",,PT1H12M,,Turbidity
e9a275cdde034e1aa8308dfd07468a1c,mg/l,"Upper 90% limit, SSC",99246,11,2025-12-23T19:18:24.841402,,,Points,Instantaneous,[],,Primary,USGS-09379500,,"Upper 90 percent prediction limit for SSC by regression (PCODE 99409), milligrams per liter",,PT2H,,
fdb5bf876bb04c12960b0732002d0591,tons/day,"Lower 90% limit, SSL",99253,11,2026-10-02T10:53:08.405033,,,Points,Instantaneous,[],,Primary,USGS-09379500,,"Lower 90 percent prediction limit for suspended sediment load by regression (PCODE 80297), short tons per day",6ff7452fd4134b3caa407b128c10784c,PT2H,,
2995b14c17004b24894069ee6b29e487,mg/l,Dissolved oxygen,300,11,2026-10-02T10:02:58.511554,2024-02-13T22:15:00+00:00,2026-10-02T10:00:00+00:00,Points,Instantaneous,[],,Primary,USGS-09380000,,"Dissolved oxygen, water, unfiltered, milligrams per liter",,PT1H,2024.0,DO concentration
31e57b58f62c48f3b8391f9bae530152,_FNU,"Turbidity, FNU",63680,11,2026-10-02T10:02:58.716134,2024-02-13T22:15:00+00:00,2026-10-02T10:00:00+00:00,Points,Instantaneous,[],,Primary,USGS-09380000,,"Turbidity, water, unfiltered, monochrome near infra-red LED light, 780-900 nm, detection angle 90 +-2.5 degrees, formazin nephelometric units (FNU)",,PT1H,2024.0,Turbidity
622ea8526d06489e8de89d1f4827d8b6,pH Units,pH,400,11,2026-10-02T10:02:58.089645,2022-07-08T20:30:00+00:00,2026-10-02T10:00:00+00:00,Points,Instantaneous,[],,Primary,USGS-09380000,,"pH, water, unfiltered, field, standard units",,PT1H,2022.0,pH
6a001d48ca364fce846d6e4f0664d387,uS/cm,Specific cond at 25C,95,11,2026-10-02T10:02:58.118486,2007-10-01T07:00:00+00:00,2026-10-02T10:00:00+00:00,Points,Instantaneous,[],,Primary,USGS-09380000,,"Specific conductance, water, unfiltered, microsiemens per centimeter at 25 degrees Celsius",,PT1H,1986.0,Specific conductance
a62122d8ff094125b63bb2f73410b2b4,ft^3/s,Discharge,60,11,2026-10-02T10:11:00.828255,1985-10-01T07:09:00+00:00,2026-10-02T10:00:00+00:00,Points,Instantaneous,[],,Primary,USGS-09380000,,"Discharge, cubic feet per second",3f656973c0054ef696bb2192c2947e58,PT4H,1997.0,Discharge
b3c374548a8d4553868046dd9fda2582,degC,"Temperature, water",10,11,2026-10-02T10:02:58.149668,2007-10-01T07:00:00+00:00,2026-10-02T10:00:00+00:00,Points,Instantaneous,"[{'Name': 'VERY HIGH', 'Type': 'ThresholdAbove', 'Periods': [{'EndTime': '2021-10-18T12:00:00.0000000-07:00', 'StartTime': '2017-04-19T00:00:00.0000000-07:00', 'AppliedTime': '2017-06-11T17:11:12.1003489Z', 'SuppressData': True, 'ReferenceValue': 20}, {'EndTime': '9999-12-31T23:59:59.9999999+00:00', 'StartTime': '2021-10-18T12:00:00.0000000-07:00', 'AppliedTime': '2022-07-20T07:54:32.2351134Z', 'SuppressData': True, 'ReferenceValue': 30, 'SecondaryReferenceValue': 20}], 'Severity': 0, 'Description': 'Unspecified threshold value', 'DisplayColor': '#FF0000', 'ReferenceCode': 'AQUARIUS only', 'ProcessingOrder': 'Suppression'}, {'Name': 'VERY LOW', 'Type': 'ThresholdBelow', 'Periods': [{'EndTime': '9999-12-31T23:59:59.9999999+00:00', 'StartTime': '2017-04-19T00:00:00.0000000-07:00', 'AppliedTime': '2017-06-11T17:11:12.8474357Z', 'SuppressData': True, 'ReferenceValue': -40}], 'Severity': 0, 'Description': 'Unspecified threshold value', 'DisplayColor': '#800000', 'ReferenceCode': 'AQUARIUS only', 'ProcessingOrder': 'Suppression'}]",,Primary,USGS-09380000,,"Temperature, water, degrees Celsius",,PT1H,1994.0,Water temperature
c1d72c8390d144f78b51568a3755a5ad,ft,Gage height,65,11,2026-10-02T10:10:45.332569,2007-10-01T07:00:00+00:00,2026-10-02T10:00:00+00:00,Points,Instantaneous,[],,Primary,USGS-09380000,PRIMARY STAGE,"Gage height, feet",3f656973c0054ef696bb2192c2947e58,PT1H,,Stage
0202b5dd04de43289955a522a457479d,ft^3/s,Discharge,60,11,2026-10-02T09:35:58.153068,1983-10-01T08:00:00+00:00,2026-10-02T09:30:00+00:00,Points,Instantaneous,"[{'Name': 'VERY LOW', 'Type': 'ThresholdBelow', 'Periods': [{'EndTime': '9999-12-31T23:59:59.9999999+00:00', 'StartTime': '2017-01-10T00:00:00.0000000-07:00', 'AppliedTime': '2017-06-11T17:35:34.9944091Z', 'SuppressData': True, 'ReferenceValue': -0.01}], 'Severity': 0, 'Description': 'Unspecified threshold value', 'DisplayColor': '#800000', 'ReferenceCode': 'AQUARIUS only', 'ProcessingOrder': 'Suppression'}, {'Name': 'VERY HIGH', 'Type': 'ThresholdAbove', 'Periods': [{'EndTime': '9999-12-31T23:59:59.9999999+00:00', 'StartTime': '2017-01-10T00:00:00.0000000-07:00', 'AppliedTime': '2017-06-11T17:35:34.9014356Z', 'SuppressData': True, 'ReferenceValue': 70000}], 'Severity': 0, 'Description': 'Unspecified threshold value', 'DisplayColor': '#FF0000', 'ReferenceCode': 'AQUARIUS only', 'ProcessingOrder': 'Suppression'}]",,Primary,USGS-09404200,,"Discharge, cubic feet per second",3874d9d5a7f54fb8ad177fcb57b24847,PT4H1M,1983.0,Discharge
07c78c15230d4f1f95e2ad4db0328f05,degC,"Temperature, water",10,11,2026-01-26T17:49:43.004114,,,Points,Instantaneous,[],,,USGS-09404200,,"Temperature, water, degrees Celsius",,PT1H12M,,Water temperature
72768b84b8ac416f8d0ecb18de79d523,uS/cm,Specific cond at 25C,95,11,2026-01-26T17:49:32.336082,,,Points,Instantaneous,[],,,USGS-09404200,,"Specific conductance, water, unfiltered, microsiemens per centimeter at 25 degrees Celsius",,PT1H12M,,Specific conductance
c0a04414f44b4836a6deca2a0e852a0f,ft,Gage height,65,11,2026-10-02T10:36:38.508307,2007-10-01T07:00:00+00:00,2026-10-02T10:30:00+00:00,Points,Instantaneous,[],,Primary,USGS-09404200,,"Gage height, feet",3874d9d5a7f54fb8ad177fcb57b24847,PT1H12M,,Stage
0a366b2608e3476fb48bda4faadb237b,degC,"Temperature, water",10,11,2026-10-02T10:18:01.348789,2017-01-01T07:00:00+00:00,2026-10-02T10:00:00+00:00,Points,Instantaneous,"[{'Name': 'Lower T threshold', 'Type': 'ThresholdBelow', 'Periods': [{'EndTime': '9999-12-31T23:59:59.9999999+00:00', 'StartTime': '2025-09-01T12:00:00.0000000-07:00', 'AppliedTime': '2025-09-03T15:42:31.602614Z', 'SuppressData': True, 'ReferenceValue': 0.1}], 'Severity': 0, 'Description': 'Unspecified threshold value', 'DisplayColor': '#990600', 'ReferenceCode': 'AQUARIUS only', 'ProcessingOrder': 'Suppression'}, {'Name': 'Upper T threshold', 'Type': 'ThresholdAbove', 'Periods': [{'EndTime': '9999-12-31T23:59:59.9999999+00:00', 'StartTime': '2025-09-01T12:00:00.0000000-07:00', 'AppliedTime': '2025-09-03T15:43:10.0843221Z', 'SuppressData': True, 'ReferenceValue': 50}], 'Severity': 0, 'Description': 'Unspecified threshold value', 'DisplayColor': '#990600', 'ReferenceCode': 'AQUARIUS only', 'ProcessingOrder': 'Suppression'}]",,Primary,USGS-09429490,,"Temperature, water, degrees Celsius",,PT1H12M,,Water temperature
1070b57d8550472eb45d1b5fe6c579cf,%,Diss oxygen saturtn,301,11,2026-10-02T10:18:50.319863,2023-09-11T00:00:00+00:00,2026-10-02T10:00:00+00:00,Points,Instantaneous,[],,Primary,USGS-09429490,,"Dissolved oxygen, water, unfiltered, percent of saturation",dbefb9ce84c94a709cb3816c0bd2cca1,,,DO saturation
7669d9902054428685cb079caf13c6d8,uS/cm,Specific cond at 25C,95,11,2026-10-02T10:18:01.414803,2016-12-27T14:15:00+00:00,2026-10-02T10:00:00+00:00,Points,Instantaneous,"[{'Name': 'Lower SC threshold', 'Type': 'ThresholdBelow', 'Periods': [{'EndTime': '9999-12-31T23:59:59.9999999+00:00', 'StartTime': '2025-09-01T12:00:00.0000000-07:00', 'AppliedTime': '2025-09-03T15:38:20.9281223Z', 'SuppressData': True, 'ReferenceValue': -1}], 'Severity': 0, 'Description': 'Unspecified threshold value', 'DisplayColor': '#990600', 'ReferenceCode': 'AQUARIUS only', 'ProcessingOrder': 'Suppression'}, {'Name': 'Upper SC threshold', 'Type': 'ThresholdAbove', 'Periods': [{'EndTime': '9999-12-31T23:59:59.9999999+00:00', 'StartTime': '2025-09-01T12:00:00.0000000-07:00', 'AppliedTime': '2025-09-03T15:39:06.1968008Z', 'SuppressData': True, 'ReferenceValue': 5000}], 'Severity': 0, 'Description': 'Unspecified threshold value', 'DisplayColor': '#990600', 'ReferenceCode': 'AQUARIUS only', 'ProcessingOrder': 'Suppression'}]",,Primary,USGS-09429490,,"Specific conductance, water, unfiltered, microsiemens per centimeter at 25 degrees Celsius",,PT1H12M,,Specific conductance
8cf654cd8ae847f1b4bef9bdd5fe4bf0,mg/l,"Diss solids, calcd",70301,11,2026-10-02T10:18:18.832033,2017-01-01T07:00:00+00:00,2026-10-02T10:00:00+00:00,Points,Instantaneous,[],,Primary,USGS-09429490,Calc'd from SC & WT,"Dissolved solids, water, filtered, sum of constituents, milligrams per liter",0a366b2608e3476fb48bda4faadb237b,PT1H,,
dbefb9ce84c94a709cb3816c0bd2cca1,mg/l,Dissolved oxygen,300,11,2026-10-02T10:18:01.268198,2023-08-08T18:45:00+00:00,2026-10-02T10:00:00+00:00,Points,Instantaneous,"[{'Name': 'Upper DO threshold', 'Type': 'ThresholdAbove', 'Periods': [{'EndTime': '9999-12-31T23:59:59.9999999+00:00', 'StartTime': '2025-09-01T12:00:00.0000000-07:00', 'AppliedTime': '2025-09-05T16:32:36.7647645Z', 'SuppressData': True, 'ReferenceValue': 20}], 'Severity': 0, 'Description': 'Unspecified threshold value', 'DisplayColor': '#990600', 'ReferenceCode': 'AQUARIUS only', 'ProcessingOrder': 'Suppression'}, {'Name': 'Lower DO threshold', 'Type': 'ThresholdBelow', 'Periods': [{'EndTime': '9999-12-31T23:59:59.9999999+00:00', 'StartTime': '2025-09-01T12:00:00.0000000-07:00', 'AppliedTime': '2025-09-03T15:43:59.6042639Z', 'SuppressData': True, 'ReferenceValue': 0}], 'Severity': 0, 'Description': 'Unspecified threshold value', 'DisplayColor': '#990600', 'ReferenceCode': 'AQUARIUS only', 'ProcessingOrder': 'Suppression'}]",,Primary,USGS-09429490,,"Dissolved oxygen, water, unfiltered, milligrams per liter",,PT2H,,DO concentration
fd2849a8ef62489f8e4c1106708f4904,pH Units,pH,400,11,2026-10-02T10:18:01.121140,2023-08-08T18:45:00+00:00,2026-10-02T10:00:00+00:00,Points,Instantaneous,"[{'Name': 'Upper pH threshold', 'Type': 'ThresholdAbove', 'Periods': [{'EndTime': '9999-12-31T23:59:59.9999999+00:00', 'StartTime': '2025-09-01T12:00:00.0000000-07:00', 'AppliedTime': '2025-09-03T15:34:15.8825766Z', 'SuppressData': True, 'ReferenceValue': 14}], 'Severity': 0, 'Description': 'Unspecified threshold value', 'DisplayColor': '#990600', 'ReferenceCode': 'AQUARIUS only', 'ProcessingOrder': 'Suppression'}, {'Name': 'Lower pH threshold', 'Type': 'ThresholdBelow', 'Periods': [{'EndTime': '9999-12-31T23:59:59.9999999+00:00', 'StartTime': '2025-09-01T12:00:00.0000000-07:00', 'AppliedTime': '2025-09-03T15:35:44.5924038Z', 'SuppressData': True, 'ReferenceValue': 0}], 'Severity': 0, 'Description': 'Unspecified threshold value', 'DisplayColor': '#990600', 'ReferenceCode': 'AQUARIUS only', 'ProcessingOrder': 'Suppression'}]",,Primary,USGS-09429490,,"pH, water, unfiltered, field, standard units",,PT2H,,pH
1807017b5d0f40cbb9bc45432987956a,uS/cm,Specific cond at 25C,95,11,2026-10-02T10:38:33.341726,2023-08-30T22:30:00+00:00,2026-10-02T10:30:00+00:00,Points,Instantaneous,"[{'Name': 'Low threshold', 'Type': 'ThresholdBelow', 'Periods': [{'EndTime': '9999-12-31T23:59:59.9999999+00:00', 'StartTime': '2025-07-01T00:00:00.0000000-07:00', 'AppliedTime': '2025-07-04T16:08:38.6214025Z', 'SuppressData': True, 'ReferenceValue': 0.1}], 'Severity': 0, 'Description': 'Unspecified threshold value', 'DisplayColor': '#990600', 'ReferenceCode': 'AQUARIUS only', 'ProcessingOrder': 'Suppression'}, {'Name': 'high threshold', 'Type': 'ThresholdAbove', 'Periods': [{'EndTime': '9999-12-31T23:59:59.9999999+00:00', 'StartTime': '2025-07-01T00:00:00.0000000-07:00', 'AppliedTime': '2025-07-04T16:09:18.8875411Z', 'SuppressData': True, 'ReferenceValue': 5000}], 'Severity': 0, 'Description': 'Unspecified threshold value', 'DisplayColor': '#990600', 'ReferenceCode': 'AQUARIUS only', 'ProcessingOrder': 'Suppression'}]",,Primary,USGS-09510000,,"Specific conductance, water, unfiltered, microsiemens per centimeter at 25 degrees Celsius",,PT1H,2024.0,Specific conductance
2126a29ee4df4c6ca80638979da858ef,mg/l,Dissolved oxygen,300,11,2026-10-02T10:38:33.367986,2023-08-30T22:30:00+00:00,2026-10-02T10:30:00+00:00,Points,Instantaneous,"[{'Name': 'high threshold', 'Type': 'ThresholdAbove', 'Periods': [{'EndTime': '9999-12-31T23:59:59.9999999+00:00', 'StartTime': '2025-07-01T00:00:00.0000000-07:00', 'AppliedTime': '2025-07-04T16:10:11.2624631Z', 'SuppressData': True, 'ReferenceValue': 20}], 'Severity': 0, 'Description': 'Unspecified threshold value', 'DisplayColor': '#990600', 'ReferenceCode': 'AQUARIUS only', 'ProcessingOrder': 'Suppression'}, {'Name': 'low threshold', 'Type': 'ThresholdBelow', 'Periods': [{'EndTime': '9999-12-31T23:59:59.9999999+00:00', 'StartTime': '2025-07-01T00:00:00.0000000-07:00', 'AppliedTime': '2025-07-04T16:10:59.9953873Z', 'SuppressData': True, 'ReferenceValue': 0.1}], 'Severity': 0, 'Description': 'Unspecified threshold value', 'DisplayColor': '#990600', 'ReferenceCode': 'AQUARIUS only', 'ProcessingOrder': 'Suppression'}]",,Primary,USGS-09510000,,"Dissolved oxygen, water, unfiltered, milligrams per liter",,PT1H,2024.0,DO concentration
4fb50c194e3044dbbda760e41623068a,pH Units,pH,400,11,2026-10-02T06:38:12.446213,2023-08-30T22:30:00+00:00,2026-10-02T06:30:00+00:00,Points,Instantaneous,"[{'Name': 'pH Maximum', 'Type': 'ThresholdAbove', 'Periods': [{'EndTime': '9999-12-31T23:59:59.9999999+00:00', 'StartTime': '2025-07-01T00:00:00.0000000-07:00', 'AppliedTime': '2025-07-04T16:04:22.6780947Z', 'SuppressData': True, 'ReferenceValue': 14}], 'Severity': 0, 'Description': 'Unspecified threshold value', 'DisplayColor': '#990600', 'ReferenceCode': 'AQUARIUS only', 'ProcessingOrder': 'Suppression'}, {'Name': 'low threshold', 'Type': 'ThresholdBelow', 'Periods': [{'EndTime': '9999-12-31T23:59:59.9999999+00:00', 'StartTime': '2025-07-01T00:00:00.0000000-07:00', 'AppliedTime': '2025-07-04T16:05:34.222188Z', 'SuppressData': True, 'ReferenceValue': 0.1}], 'Severity': 0, 'Description': 'Unspecified threshold value', 'DisplayColor': '#990600', 'ReferenceCode': 'AQUARIUS only', 'ProcessingOrder': 'Suppression'}]",,Primary,USGS-09510000,,"pH, water, unfiltered, field, standard units",,PT1H,2023.0,pH
7a15cbbea9764806963106223e129b9e,ft^3/s,Discharge,60,11,2026-10-02T09:38:31.167700,1988-10-01T07:15:00+00:00,2026-10-02T09:30:00+00:00,Points,Instantaneous,"[{'Name': 'VERY HIGH', 'Type': 'ThresholdAbove', 'Periods': [{'EndTime': '9999-12-31T23:59:59.9999999+00:00', 'StartTime': '2017-01-02T00:00:00.0000000-07:00', 'AppliedTime': '2017-06-11T18:48:37.8054319Z', 'SuppressData': True, 'ReferenceValue': 150000}], 'Severity': 0, 'Description': 'Unspecified threshold value', 'DisplayColor': '#FF0000', 'ReferenceCode': 'AQUARIUS only', 'ProcessingOrder': 'Suppression'}, {'Name': 'VERY LOW', 'Type': 'ThresholdBelow', 'Periods': [{'EndTime': '9999-12-31T23:59:59.9999999+00:00', 'StartTime': '2017-01-02T00:00:00.0000000-07:00', 'AppliedTime': '2017-06-11T18:48:37.9464429Z', 'SuppressData': True, 'ReferenceValue': -0.01}], 'Severity': 0, 'Description': 'Unspecified threshold value', 'DisplayColor': '#800000', 'ReferenceCode': 'AQUARIUS only', 'ProcessingOrder': 'Suppression'}]",,Primary,USGS-09510000,,"Discharge, cubic feet per second",dfa1c6cc154e4216874f118d7a82e15a,PT1H12M,1990.0,Discharge
c92c2d7f7b4e43159741d1eba88c8330,%,Diss oxygen saturtn,301,11,2026-10-02T10:38:44.152838,2023-09-11T00:00:00+00:00,2026-10-02T10:30:00+00:00,Points,Instantaneous,[],,Primary,USGS-09510000,,"Dissolved oxygen, water, unfiltered, percent of saturation",2126a29ee4df4c6ca80638979da858ef,,,DO saturation
dfa1c6cc154e4216874f118d7a82e15a,ft,Gage height,65,11,2026-10-02T10:38:34.979774,2007-10-01T07:00:00+00:00,2026-10-02T10:30:00+00:00,Points,Instantaneous,"[{'Name': 'Operational limit (maximum)', 'Type': 'ThresholdAbove', 'Periods': [{'EndTime': '9999-12-31T23:59:59.9999999+00:00', 'StartTime': '2017-01-02T00:00:00.0000000-07:00', 'AppliedTime': '2017-06-11T18:48:19.0186098Z', 'SuppressData': True, 'ReferenceValue': 30, 'SecondaryReferenceValue': 27}], 'Severity': 0, 'Description': 'Values above a specified threshold limit', 'DisplayColor': '#CCCCCC', 'ReferenceCode': 'Operational limit - high-Public', 'ProcessingOrder': 'Suppression'}, {'Name': 'Operational limit (minimum)', 'Type': 'ThresholdBelow', 'Periods': [{'EndTime': '9999-12-31T23:59:59.9999999+00:00', 'StartTime': '2017-01-02T00:00:00.0000000-07:00', 'AppliedTime': '2017-06-11T18:48:19.5449867Z', 'SuppressData': True, 'ReferenceValue': -0.01, 'SecondaryReferenceValue': 0.19}], 'Severity': 0, 'Description': 'Values below a specified threshold limit', 'DisplayColor': '#666666', 'ReferenceCode': 'Operational limit - low-Public', 'ProcessingOrder': 'Suppression'}]",,Primary,USGS-09510000,,"Gage height, feet",,PT1H12M,1988.0,Stage
fc44cdcc142f41299f4f7c7323e542bc,degC,"Temperature, water",10,11,2026-10-02T10:38:33.157482,2023-08-30T22:30:00+00:00,2026-10-02T10:30:00+00:00,Points,Instantaneous,"[{'Name': 'High threshold', 'Type': 'ThresholdAbove', 'Periods': [{'EndTime': '9999-12-31T23:59:59.9999999+00:00', 'StartTime': '2025-07-01T00:00:00.0000000-07:00', 'AppliedTime': '2025-07-04T16:06:48.6743839Z', 'SuppressData': True, 'ReferenceValue': 50}], 'Severity': 0, 'Description': 'Unspecified threshold value', 'DisplayColor': '#990600', 'ReferenceCode': 'AQUARIUS only', 'ProcessingOrder': 'Suppression'}, {'Name': 'low threshold', 'Type': 'ThresholdBelow', 'Periods': [{'EndTime': '9999-12-31T23:59:59.9999999+00:00', 'StartTime': '2025-07-01T00:00:00.0000000-07:00', 'AppliedTime': '2025-07-04T16:07:32.832872Z', 'SuppressData': True, 'ReferenceValue': 0.1}], 'Severity': 0, 'Description': 'Unspecified threshold value', 'DisplayColor': '#990600', 'ReferenceCode': 'AQUARIUS only', 'ProcessingOrder': 'Suppression'}]",,Primary,USGS-09510000,,"Temperature, water, degrees Celsius",,PT1H,2024.0,Water temperature
242a5c48fc604b48af0abe8b8101d892,ft/s,Sensor velocity,72254,11,2026-09-17T14:14:17.202310,2023-09-17T14:30:00+00:00,2026-08-25T16:00:00+00:00,Points,Instantaneous,[],,Primary,USGS-393259107194801,,"Water velocity reading from field sensor, feet per second",,PT1H12M,,
2da605a56f56445f84c9a9ebf40117fc,uS/cm,Specific cond at 25C,95,11,2026-10-02T10:12:27.558184,2021-09-24T07:00:00+00:00,2026-10-02T10:05:00+00:00,Points,Instantaneous,"[{'Name': 'VERY LOW', 'Type': 'ThresholdBelow', 'Periods': [{'EndTime': '9999-12-31T23:59:59.9999999+00:00', 'StartTime': '0001-01-01T00:00:00.0000000+00:00', 'AppliedTime': '2021-10-12T18:58:48.7625051Z', 'SuppressData': True, 'ReferenceValue': 100}], 'Severity': 0, 'Description': 'Unspecified threshold value', 'DisplayColor': '#990600', 'ReferenceCode': 'AQUARIUS only', 'ProcessingOrder': 'Suppression'}, {'Name': 'VERY HIGH', 'Type': 'ThresholdAbove', 'Periods': [{'EndTime': '2025-11-20T00:00:00.0000000-07:00', 'StartTime': '0001-01-01T00:00:00.0000000+00:00', 'AppliedTime': '2021-10-12T18:59:16.0175987Z', 'SuppressData': True, 'ReferenceValue': 3000}, {'EndTime': '9999-12-31T23:59:59.9999999+00:00', 'StartTime': '2025-11-20T00:00:00.0000000-07:00', 'AppliedTime': '2026-01-28T16:00:57.856006Z', 'SuppressData': True, 'ReferenceValue': 4000}], 'Severity': 0, 'Description': 'Unspecified threshold value', 'DisplayColor': '#990600', 'ReferenceCode': 'AQUARIUS only', 'ProcessingOrder': 'Suppression'}]",,Primary,USGS-393259107194801,,"Specific conductance, water, unfiltered, microsiemens per centimeter at 25 degrees Celsius",,PT1H12M,,Specific conductance
55e49fa544ba493c864a97f7ce918fac,degC,"Temperature, water",10,11,2026-10-02T10:12:27.590123,2021-09-24T07:00:00+00:00,2026-10-02T10:05:00+00:00,Points,Instantaneous,"[{'Name': 'VERY LOW', 'Type': 'ThresholdBelow', 'Periods': [{'EndTime': '9999-12-31T23:59:59.9999999+00:00', 'StartTime': '0001-01-01T00:00:00.0000000+00:00', 'AppliedTime': '2021-10-12T18:59:46.7194651Z', 'SuppressData': True, 'ReferenceValue': -0.4}], 'Severity': 0, 'Description': 'Unspecified threshold value', 'DisplayColor': '#990600', 'ReferenceCode': 'AQUARIUS only', 'ProcessingOrder': 'Suppression'}, {'Name': 'VERY HIGH', 'Type': 'ThresholdAbove', 'Periods': [{'EndTime': '9999-12-31T23:59:59.9999999+00:00', 'StartTime': '0001-01-01T00:00:00.0000000+00:00', 'AppliedTime': '2021-10-12T19:00:07.4332737Z', 'SuppressData': True, 'ReferenceValue': 30}], 'Severity': 0, 'Description': 'Unspecified threshold value', 'DisplayColor': '#990600', 'ReferenceCode': 'AQUARIUS only', 'ProcessingOrder': 'Suppression'}]",,Primary,USGS-393259107194801,,"Temperature, water, degrees Celsius",,PT1H12M,,Water temperature
61898cc1741d4c3ea9dca2b486cd391c,mg/l,Dissolved oxygen,300,11,2026-10-02T10:27:24.895135,2021-09-24T07:00:00+00:00,2026-10-02T10:05:00+00:00,Points,Instantaneous,"[{'Name': 'VERY LOW', 'Type': 'ThresholdBelow', 'Periods': [{'EndTime': '9999-12-31T23:59:59.9999999+00:00', 'StartTime': '0001-01-01T00:00:00.0000000+00:00', 'AppliedTime': '0001-01-01T00:00:00Z', 'SuppressData': True, 'ReferenceValue': 1}], 'Severity': 0, 'Description': 'Unspecified threshold value', 'DisplayColor': '#990600', 'ReferenceCode': 'AQUARIUS only', 'ProcessingOrder': 'Suppression'}, {'Name': 'VERY HIGH', 'Type': 'ThresholdAbove', 'Periods': [{'EndTime': '9999-12-31T23:59:59.9999999+00:00', 'StartTime': '0001-01-01T00:00:00.0000000+00:00', 'AppliedTime': '0001-01-01T00:00:00Z', 'SuppressData': True, 'ReferenceValue': 20}], 'Severity': 0, 'Description': 'Unspecified threshold value', 'DisplayColor': '#990600', 'ReferenceCode': 'AQUARIUS only', 'ProcessingOrder': 'Suppression'}]",,Primary,USGS-393259107194801,,"Dissolved oxygen, water, unfiltered, milligrams per liter",,PT1H12M,,DO concentration
688ffb5202504b31829a7787ec36f8dc,ft,Gage height,65,11,2026-10-02T10:27:25.610850,2023-09-11T00:00:00+00:00,2026-10-02T10:00:00+00:00,Points,Instantaneous,"[{'Name': 'low spikes below zero', 'Type': 'ThresholdBelow', 'Periods': [{'EndTime': '9999-12-31T23:59:59.9999999+00:00', 'StartTime': '0001-01-01T00:00:00.0000000+00:00', 'AppliedTime': '2022-06-10T15:53:22.6554002Z', 'SuppressData': True, 'ReferenceValue': 0, 'SecondaryReferenceValue': 0}], 'Severity': 0, 'Description': 'Values below a specified threshold limit', 'DisplayColor': '#990600', 'ReferenceCode': 'Operational limit - low-Public', 'ProcessingOrder': 'Suppression'}, {'Name': 'Bottom of radar', 'Type': 'ThresholdAbove', 'Periods': [{'EndTime': '9999-12-31T23:59:59.9999999+00:00', 'StartTime': '0001-01-01T00:00:00.0000000+00:00', 'AppliedTime': '2026-07-15T14:35:34.8492127Z', 'SuppressData': True, 'ReferenceValue': 30}], 'Severity': 0, 'Description': 'Values above a specified threshold limit', 'DisplayColor': '#990600', 'ReferenceCode': 'Operational limit - high-Public', 'ProcessingOrder': 'Suppression'}]",,Primary,USGS-393259107194801,,"Gage height, feet",,PT1H12M,,Stage
9236985bc46b4b9da7bd4b8d3e82741f,pH Units,pH,400,11,2026-10-02T10:12:26.253367,2021-09-23T19:30:00+00:00,2026-10-02T10:05:00+00:00,Points,Instantaneous,"[{'Name': 'VERY LOW', 'Type': 'ThresholdBelow', 'Periods': [{'EndTime': '9999-12-31T23:59:59.9999999+00:00', 'StartTime': '0001-01-01T00:00:00.0000000+00:00', 'AppliedTime': '2021-10-12T19:00:57.7865232Z', 'SuppressData': True, 'ReferenceValue': 1}], 'Severity': 0, 'Description': 'Unspecified threshold value', 'DisplayColor': '#990600', 'ReferenceCode': 'AQUARIUS only', 'ProcessingOrder': 'Suppression'}, {'Name': 'VERY HIGH', 'Type': 'ThresholdAbove', 'Periods': [{'EndTime': '9999-12-31T23:59:59.9999999+00:00', 'StartTime': '0001-01-01T00:00:00.0000000+00:00', 'AppliedTime': '2021-10-12T19:01:21.1991394Z', 'SuppressData': True, 'ReferenceValue': 12}], 'Severity': 0, 'Description': 'Unspecified threshold value', 'DisplayColor': '#990600', 'ReferenceCode': 'AQUARIUS only', 'ProcessingOrder': 'Suppression'}]",,Primary,USGS-393259107194801,,"pH, water, unfiltered, field, standard units",,PT1H12M,,pH
fe3e8e93f55a4488ab96008a0a3228cd,_FNU,"Turbidity, FNU",63680,11,2026-10-02T10:12:26.344376,2021-09-24T07:00:00+00:00,2026-10-02T10:05:00+00:00,Points,Instantaneous,"[{'Name': 'VERY HIGH', 'Type': 'ThresholdAbove', 'Periods': [{'EndTime': '9999-12-31T23:59:59.9999999+00:00', 'StartTime': '0001-01-01T00:00:00.0000000+00:00', 'AppliedTime': '2021-10-12T19:02:40.2381297Z', 'SuppressData': True, 'ReferenceValue': 4000}], 'Severity': 0, 'Description': 'Unspecified threshold value', 'DisplayColor': '#990600', 'ReferenceCode': 'AQUARIUS only', 'ProcessingOrder': 'Suppression'}, {'Name': 'VERY LOW', 'Type': 'ThresholdBelow', 'Periods': [{'EndTime': '9999-12-31T23:59:59.9999999+00:00', 'StartTime': '0001-01-01T00:00:00.0000000+00:00', 'AppliedTime': '2021-10-12T19:02:20.5095134Z', 'SuppressData': True, 'ReferenceValue': 0}], 'Severity': 0, 'Description': 'Unspecified threshold value', 'DisplayColor': '#990600', 'ReferenceCode': 'AQUARIUS only', 'ProcessingOrder': 'Suppression'}]",,Primary,USGS-393259107194801,,"Turbidity, water, unfiltered, monochrome near infra-red LED light, 780-900 nm, detection angle 90 +-2.5 degrees, formazin nephelometric units (FNU)",,PT1H12M,,Turbidity
