time_series_id,monitoring_location_id,parameter_code,statistic_id,time,value,unit_of_measure,approval_status,qualifier,last_modified,method_category
05c59b8b0f5541c1894759a6160cdab7,USGS-09371010,63680,00011,2023-09-11T00:00:00+00:00,37.9,_FNU,Provisional,,2025-08-30T09:02:45.069499+00:00,STNRD
05c59b8b0f5541c1894759a6160cdab7,USGS-09371010,63680,00011,2023-09-11T00:15:00+00:00,34.2,_FNU,Provisional,,2025-08-30T09:02:45.069499+00:00,STNRD
05c59b8b0f5541c1894759a6160cdab7,USGS-09371010,63680,00011,2023-09-11T00:30:00+00:00,34.7,_FNU,Provisional,,2025-08-30T09:02:45.069499+00:00,STNRD
05c59b8b0f5541c1894759a6160cdab7,USGS-09371010,63680,00011,2023-09-11T00:45:00+00:00,38.4,_FNU,Provisional,,2025-08-30T09:02:45.069499+00:00,STNRD
05c59b8b0f5541c1894759a6160cdab7,USGS-09371010,63680,00011,2023-09-11T01:00:00+00:00,40.9,_FNU,Provisional,,2025-08-30T09:02:45.069499+00:00,STNRD
05c59b8b0f5541c1894759a6160cdab7,USGS-09371010,63680,00011,2023-09-11T01:15:00+00:00,39.4,_FNU,Provisional,,2025-08-30T09:02:45.069499+00:00,STNRD
05c59b8b0f5541c1894759a6160cdab7,USGS-09371010,63680,00011,2023-09-11T01:30:00+00:00,37.3,_FNU,Provisional,,2025-08-30T09:02:45.069499+00:00,STNRD
05c59b8b0f5541c1894759a6160cdab7,USGS-09371010,63680,00011,2023-09-11T01:45:00+00:00,33.3,_FNU,Provisional,,2025-08-30T09:02:45.069499+00:00,STNRD
05c59b8b0f5541c1894759a6160cdab7,USGS-09371010,63680,00011,2023-09-11T02:00:00+00:00,34.5,_FNU,Provisional,,2025-08-30T09:02:45.069499+00:00,STNRD
05c59b8b0f5541c1894759a6160cdab7,USGS-09371010,63680,00011,2023-09-11T02:15:00+00:00,31.9,_FNU,Provisional,,2025-08-30T09:02:45.069499+00:00,STNRD
05c59b8b0f5541c1894759a6160cdab7,USGS-09371010,63680,00011,2023-09-11T02:30:00+00:00,30.8,_FNU,Provisional,,2025-08-30T09:02:45.069499+00:00,STNRD
05c59b8b0f5541c1894759a6160cdab7,USGS-09371010,63680,00011,2023-09-11T02:45:00+00:00,32.0,_FNU,Provisional,,2025-08-30T09:02:45.069499+00:00,STNRD
05c59b8b0f5541c1894759a6160cdab7,USGS-09371010,63680,00011,2023-09-11T03:00:00+00:00,31.5,_FNU,Provisional,,2025-08-30T09:02:45.069499+00:00,STNRD
05c59b8b0f5541c1894759a6160cdab7,USGS-09371010,63680,00011,2023-09-11T03:15:00+00:00,29.8,_FNU,Provisional,,2025-08-30T09:02:45.069499+00:00,STNRD
05c59b8b0f5541c1894759a6160cdab7,USGS-09371010,63680,00011,2023-09-11T03:30:00+00:00,31.3,_FNU,Provisional,,2025-08-30T09:02:45.069499+00:00,STNRD
05c59b8b0f5541c1894759a6160cdab7,USGS-09371010,63680,00011,2023-09-11T03:45:00+00:00,34.8,_FNU,Provisional,,2025-08-30T09:02:45.069499+00:00,STNRD
05c59b8b0f5541c1894759a6160cdab7,USGS-09371010,63680,00011,2023-09-11T04:00:00+00:00,36.9,_FNU,Provisional,,2025-08-30T09:02:45.069499+00:00,STNRD
05c59b8b0f5541c1894759a6160cdab7,USGS-09371010,63680,00011,2023-09-11T04:15:00+00:00,34.9,_FNU,Provisional,,2025-08-30T09:02:45.069499+00:00,STNRD
05c59b8b0f5541c1894759a6160cdab7,USGS-09371010,63680,00011,2023-09-11T04:30:00+00:00,37.4,_FNU,Provisional,,2025-08-30T09:02:45.069499+00:00,STNRD
05c59b8b0f5541c1894759a6160cdab7,USGS-09371010,63680,00011,2023-09-11T04:45:00+00:00,37.2,_FNU,Provisional,,2025-08-30T09:02:45.069499+00:00,STNRD
05c59b8b0f5541c1894759a6160cdab7,USGS-09371010,63680,00011,2023-09-11T05:00:00+00:00,36.1,_FNU,Provisional,,2025-08-30T09:02:45.069499+00:00,STNRD
05c59b8b0f5541c1894759a6160cdab7,USGS-09371010,63680,00011,2023-09-11T05:15:00+00:00,38.3,_FNU,Provisional,,2025-08-30T09:02:45.069499+00:00,STNRD
05c59b8b0f5541c1894759a6160cdab7,USGS-09371010,63680,00011,2023-09-11T05:30:00+00:00,39.4,_FNU,Provisional,,2025-08-30T09:02:45.069499+00:00,STNRD
05c59b8b0f5541c1894759a6160cdab7,USGS-09371010,63680,00011,2023-09-11T05:45:00+00:00,36.2,_FNU,Provisional,,2025-08-30T09:02:45.069499+00:00,STNRD
05c59b8b0f5541c1894759a6160cdab7,USGS-09371010,63680,00011,2023-09-11T06:00:00+00:00,32.3,_FNU,Provisional,,2025-08-30T09:02:45.069499+00:00,STNRD
05c59b8b0f5541c1894759a6160cdab7,USGS-09371010,63680,00011,2023-09-11T06:15:00+00:00,31.4,_FNU,Provisional,,2025-08-30T09:02:45.069499+00:00,STNRD
05c59b8b0f5541c1894759a6160cdab7,USGS-09371010,63680,00011,2023-09-11T06:30:00+00:00,32.7,_FNU,Provisional,,2025-08-30T09:02:45.069499+00:00,STNRD
05c59b8b0f5541c1894759a6160cdab7,USGS-09371010,63680,00011,2023-09-11T06:45:00+00:00,33.1,_FNU,Provisional,,2025-08-30T09:02:45.069499+00:00,STNRD
05c59b8b0f5541c1894759a6160cdab7,USGS-09371010,63680,00011,2023-09-11T07:00:00+00:00,30.4,_FNU,Provisional,,2025-08-30T09:02:45.069499+00:00,STNRD
05c59b8b0f5541c1894759a6160cdab7,USGS-09371010,63680,00011,2023-09-11T07:15:00+00:00,29.4,_FNU,Provisional,,2025-08-30T09:02:45.069499+00:00,STNRD
05c59b8b0f5541c1894759a6160cdab7,USGS-09371010,63680,00011,2023-09-11T07:30:00+00:00,32.4,_FNU,Provisional,,2025-08-30T09:02:45.069499+00:00,STNRD
05c59b8b0f5541c1894759a6160cdab7,USGS-09371010,63680,00011,2023-09-11T07:45:00+00:00,30.0,_FNU,Provisional,,2025-08-30T09:02:45.069499+00:00,STNRD
05c59b8b0f5541c1894759a6160cdab7,USGS-09371010,63680,00011,2023-09-11T08:00:00+00:00,34.1,_FNU,Provisional,,2025-08-30T09:02:45.069499+00:00,STNRD
05c59b8b0f5541c1894759a6160cdab7,USGS-09371010,63680,00011,2023-09-11T08:15:00+00:00,31.1,_FNU,Provisional,,2025-08-30T09:02:45.069499+00:00,STNRD
05c59b8b0f5541c1894759a6160cdab7,USGS-09371010,63680,00011,2023-09-11T08:30:00+00:00,32.5,_FNU,Provisional,,2025-08-30T09:02:45.069499+00:00,STNRD
05c59b8b0f5541c1894759a6160cdab7,USGS-09371010,63680,00011,2023-09-11T08:45:00+00:00,31.6,_FNU,Provisional,,2025-08-30T09:02:45.069499+00:00,STNRD
05c59b8b0f5541c1894759a6160cdab7,USGS-09371010,63680,00011,2023-09-11T09:00:00+00:00,28.4,_FNU,Provisional,,2025-08-30T09:02:45.069499+00:00,STNRD
05c59b8b0f5541c1894759a6160cdab7,USGS-09371010,63680,00011,2023-09-11T09:15:00+00:00,31.8,_FNU,Provisional,,2025-08-30T09:02:45.069499+00:00,STNRD
05c59b8b0f5541c1894759a6160cdab7,USGS-09371010,63680,00011,2023-09-11T09:30:00+00:00,30.9,_FNU,Provisional,,2025-08-30T09:02:45.069499+00:00,STNRD
05c59b8b0f5541c1894759a6160cdab7,USGS-09371010,63680,00011,2023-09-11T09:45:00+00:00,30.1,_FNU,Provisional,,2025-08-30T09:02:45.069499+00:00,STNRD
05c59b8b0f5541c1894759a6160cdab7,USGS-09371010,63680,00011,2023-09-11T10:00:00+00:00,33.4,_FNU,Provisional,,2025-08-30T09:02:45.069499+00:00,STNRD
05c59b8b0f5541c1894759a6160cdab7,USGS-09371010,63680,00011,2023-09-11T10:15:00+00:00,37.3,_FNU,Provisional,,2025-08-30T09:02:45.069499+00:00,STNRD
05c59b8b0f5541c1894759a6160cdab7,USGS-09371010,63680,00011,2023-09-11T10:30:00+00:00,30.3,_FNU,Provisional,,2025-08-30T09:02:45.069499+00:00,STNRD
05c59b8b0f5541c1894759a6160cdab7,USGS-09371010,63680,00011,2023-09-11T10:45:00+00:00,32.1,_FNU,Provisional,,2025-08-30T09:02:45.069499+00:00,STNRD
05c59b8b0f5541c1894759a6160cdab7,USGS-09371010,63680,00011,2023-09-11T11:00:00+00:00,34.4,_FNU,Provisional,,2025-08-30T09:02:45.069499+00:00,STNRD
05c59b8b0f5541c1894759a6160cdab7,USGS-09371010,63680,00011,2023-09-11T11:15:00+00:00,31.5,_FNU,Provisional,,2025-08-30T09:02:45.069499+00:00,STNRD
05c59b8b0f5541c1894759a6160cdab7,USGS-09371010,63680,00011,2023-09-11T11:30:00+00:00,29.2,_FNU,Provisional,,2025-08-30T09:02:45.069499+00:00,STNRD
05c59b8b0f5541c1894759a6160cdab7,USGS-09371010,63680,00011,2023-09-11T11:45:00+00:00,31.8,_FNU,Provisional,,2025-08-30T09:02:45.069499+00:00,STNRD
05c59b8b0f5541c1894759a6160cdab7,USGS-09371010,63680,00011,2023-09-11T12:00:00+00:00,30.2,_FNU,Provisional,,2025-08-30T09:02:45.069499+00:00,STNRD
05c59b8b0f5541c1894759a6160cdab7,USGS-09371010,63680,00011,2023-09-11T12:15:00+00:00,30.7,_FNU,Provisional,,2025-08-30T09:02:45.069499+00:00,STNRD
05c59b8b0f5541c1894759a6160cdab7,USGS-09371010,63680,00011,2023-09-11T12:30:00+00:00,31.2,_FNU,Provisional,,2025-08-30T09:02:45.069499+00:00,STNRD
05c59b8b0f5541c1894759a6160cdab7,USGS-09371010,63680,00011,2023-09-11T12:45:00+00:00,32.5,_FNU,Provisional,,2025-08-30T09:02:45.069499+00:00,STNRD
05c59b8b0f5541c1894759a6160cdab7,USGS-09371010,63680,00011,2023-09-11T13:00:00+00:00,35.0,_FNU,Provisional,,2025-08-30T09:02:45.069499+00:00,STNRD
05c59b8b0f5541c1894759a6160cdab7,USGS-09371010,63680,00011,2023-09-11T13:15:00+00:00,31.9,_FNU,Provisional,,2025-08-30T09:02:45.069499+00:00,STNRD
05c59b8b0f5541c1894759a6160cdab7,USGS-09371010,63680,00011,2023-09-11T13:30:00+00:00,31.5,_FNU,Provisional,,2025-08-30T09:02:45.069499+00:00,STNRD
05c59b8b0f5541c1894759a6160cdab7,USGS-09371010,63680,00011,2023-09-11T13:45:00+00:00,31.2,_FNU,Provisional,,2025-08-30T09:02:45.069499+00:00,STNRD
05c59b8b0f5541c1894759a6160cdab7,USGS-09371010,63680,00011,2023-09-11T14:00:00+00:00,30.1,_FNU,Provisional,,2025-08-30T09:02:45.069499+00:00,STNRD
05c59b8b0f5541c1894759a6160cdab7,USGS-09371010,63680,00011,2023-09-11T14:15:00+00:00,29.3,_FNU,Provisional,,2025-08-30T09:02:45.069499+00:00,STNRD
05c59b8b0f5541c1894759a6160cdab7,USGS-09371010,63680,00011,2023-09-11T14:30:00+00:00,30.1,_FNU,Provisional,,2025-08-30T09:02:45.069499+00:00,STNRD
05c59b8b0f5541c1894759a6160cdab7,USGS-09371010,63680,00011,2023-09-11T14:45:00+00:00,30.7,_FNU,Provisional,,2025-08-30T09:02:45.069499+00:00,STNRD
05c59b8b0f5541c1894759a6160cdab7,USGS-09371010,63680,00011,2023-09-11T15:00:00+00:00,30.8,_FNU,Provisional,,2025-08-30T09:02:45.069499+00:00,STNRD
05c59b8b0f5541c1894759a6160cdab7,USGS-09371010,63680,00011,2023-09-11T15:15:00+00:00,33.0,_FNU,Provisional,,2025-08-30T09:02:45.069499+00:00,STNRD
05c59b8b0f5541c1894759a6160cdab7,USGS-09371010,63680,00011,2023-09-11T15:30:00+00:00,27.9,_FNU,Provisional,,2025-08-30T09:02:45.069499+00:00,STNRD
05c59b8b0f5541c1894759a6160cdab7,USGS-09371010,63680,00011,2023-09-11T15:45:00+00:00,26.0,_FNU,Provisional,,2025-08-30T09:02:45.069499+00:00,STNRD
05c59b8b0f5541c1894759a6160cdab7,USGS-09371010,63680,00011,2023-09-11T16:00:00+00:00,26.7,_FNU,Provisional,,2025-08-30T09:02:45.069499+00:00,STNRD
05c59b8b0f5541c1894759a6160cdab7,USGS-09371010,63680,00011,2023-09-11T16:15:00+00:00,28.4,_FNU,Provisional,,2025-08-30T09:02:45.069499+00:00,STNRD
05c59b8b0f5541c1894759a6160cdab7,USGS-09371010,63680,00011,2023-09-11T16:30:00+00:00,27.4,_FNU,Provisional,,2025-08-30T09:02:45.069499+00:00,STNRD
05c59b8b0f5541c1894759a6160cdab7,USGS-09371010,63680,00011,2023-09-11T16:45:00+00:00,28.3,_FNU,Provisional,,2025-08-30T09:02:45.069499+00:00,STNRD
05c59b8b0f5541c1894759a6160cdab7,USGS-09371010,63680,00011,2023-09-11T17:00:00+00:00,26.5,_FNU,Provisional,,2025-08-30T09:02:45.069499+00:00,STNRD
05c59b8b0f5541c1894759a6160cdab7,USGS-09371010,63680,00011,2023-09-11T17:15:00+00:00,28.1,_FNU,Provisional,,2025-08-30T09:02:45.069499+00:00,STNRD
05c59b8b0f5541c1894759a6160cdab7,USGS-09371010,63680,00011,2023-09-11T17:30:00+00:00,27.6,_FNU,Provisional,,2025-08-30T09:02:45.069499+00:00,STNRD
05c59b8b0f5541c1894759a6160cdab7,USGS-09371010,63680,00011,2023-09-11T17:45:00+00:00,26.0,_FNU,Provisional,,2025-08-30T09:02:45.069499+00:00,STNRD
05c59b8b0f5541c1894759a6160cdab7,USGS-09371010,63680,00011,2023-09-11T18:00:00+00:00,27.7,_FNU,Provisional,,2025-08-30T09:02:45.069499+00:00,STNRD
05c59b8b0f5541c1894759a6160cdab7,USGS-09371010,63680,00011,2023-09-11T18:15:00+00:00,30.7,_FNU,Provisional,,2025-08-30T09:02:45.069499+00:00,STNRD
05c59b8b0f5541c1894759a6160cdab7,USGS-09371010,63680,00011,2023-09-11T18:30:00+00:00,28.3,_FNU,Provisional,,2025-08-30T09:02:45.069499+00:00,STNRD
05c59b8b0f5541c1894759a6160cdab7,USGS-09371010,63680,00011,2023-09-11T18:45:00+00:00,30.4,_FNU,Provisional,,2025-08-30T09:02:45.069499+00:00,STNRD
05c59b8b0f5541c1894759a6160cdab7,USGS-09371010,63680,00011,2023-09-11T19:00:00+00:00,27.3,_FNU,Provisional,,2025-08-30T09:02:45.069499+00:00,STNRD
05c59b8b0f5541c1894759a6160cdab7,USGS-09371010,63680,00011,2023-09-11T19:15:00+00:00,27.3,_FNU,Provisional,,2025-08-30T09:02:45.069499+00:00,STNRD
05c59b8b0f5541c1894759a6160cdab7,USGS-09371010,63680,00011,2023-09-11T19:30:00+00:00,25.6,_FNU,Provisional,,2025-08-30T09:02:45.069499+00:00,STNRD
05c59b8b0f5541c1894759a6160cdab7,USGS-09371010,63680,00011,2023-09-11T19:45:00+00:00,27.1,_FNU,Provisional,,2025-08-30T09:02:45.069499+00:00,STNRD
05c59b8b0f5541c1894759a6160cdab7,USGS-09371010,63680,00011,2023-09-11T20:00:00+00:00,26.8,_FNU,Provisional,,2025-08-30T09:02:45.069499+00:00,STNRD
05c59b8b0f5541c1894759a6160cdab7,USGS-09371010,63680,00011,2023-09-11T20:15:00+00:00,26.9,_FNU,Provisional,,2025-08-30T09:02:45.069499+00:00,STNRD
05c59b8b0f5541c1894759a6160cdab7,USGS-09371010,63680,00011,2023-09-11T20:30:00+00:00,28.2,_FNU,Provisional,,2025-08-30T09:02:45.069499+00:00,STNRD
05c59b8b0f5541c1894759a6160cdab7,USGS-09371010,63680,00011,2023-09-11T20:45:00+00:00,25.4,_FNU,Provisional,,2025-08-30T09:02:45.069499+00:00,STNRD
05c59b8b0f5541c1894759a6160cdab7,USGS-09371010,63680,00011,2023-09-11T21:00:00+00:00,27.0,_FNU,Provisional,,2025-08-30T09:02:45.069499+00:00,STNRD
05c59b8b0f5541c1894759a6160cdab7,USGS-09371010,63680,00011,2023-09-11T21:15:00+00:00,26.6,_FNU,Provisional,,2025-08-30T09:02:45.069499+00:00,STNRD
05c59b8b0f5541c1894759a6160cdab7,USGS-09371010,63680,00011,2023-09-11T21:30:00+00:00,27.5,_FNU,Provisional,,2025-08-30T09:02:45.069499+00:00,STNRD
05c59b8b0f5541c1894759a6160cdab7,USGS-09371010,63680,00011,2023-09-11T21:45:00+00:00,29.2,_FNU,Provisional,,2025-08-30T09:02:45.069499+00:00,STNRD
05c59b8b0f5541c1894759a6160cdab7,USGS-09371010,63680,00011,2023-09-11T22:00:00+00:00,28.7,_FNU,Provisional,,2025-08-30T09:02:45.069499+00:00,STNRD
05c59b8b0f5541c1894759a6160cdab7,USGS-09371010,63680,00011,2023-09-11T22:15:00+00:00,27.0,_FNU,Provisional,,2025-08-30T09:02:45.069499+00:00,STNRD
05c59b8b0f5541c1894759a6160cdab7,USGS-09371010,63680,00011,2023-09-11T22:30:00+00:00,29.1,_FNU,Provisional,,2025-08-30T09:02:45.069499+00:00,STNRD
05c59b8b0f5541c1894759a6160cdab7,USGS-09371010,63680,00011,2023-09-11T22:45:00+00:00,25.7,_FNU,Provisional,,2025-08-30T09:02:45.069499+00:00,STNRD
05c59b8b0f5541c1894759a6160cdab7,USGS-09371010,63680,00011,2023-09-11T23:00:00+00:00,24.6,_FNU,Provisional,,2025-08-30T09:02:45.069499+00:00,STNRD
05c59b8b0f5541c1894759a6160cdab7,USGS-09371010,63680,00011,2023-09-11T23:15:00+00:00,27.9,_FNU,Provisional,,2025-08-30T09:02:45.069499+00:00,STNRD
05c59b8b0f5541c1894759a6160cdab7,USGS-09371010,63680,00011,2023-09-11T23:30:00+00:00,25.5,_FNU,Provisional,,2025-08-30T09:02:45.069499+00:00,STNRD
05c59b8b0f5541c1894759a6160cdab7,USGS-09371010,63680,00011,2023-09-11T23:45:00+00:00,25.3,_FNU,Provisional,,2025-08-30T09:02:45.069499+00:00,STNRD
05c59b8b0f5541c1894759a6160cdab7,USGS-09371010,63680,00011,2023-09-12T00:00:00+00:00,27.0,_FNU,Provisional,,2025-08-30T09:02:45.069499+00:00,STNRD
05c59b8b0f5541c1894759a6160cdab7,USGS-09371010,63680,00011,2023-09-12T00:15:00+00:00,26.8,_FNU,Provisional,,2025-08-30T09:02:45.069499+00:00,STNRD
05c59b8b0f5541c1894759a6160cdab7,USGS-09371010,63680,00011,2023-09-12T00:30:00+00:00,26.5,_FNU,Provisional,,2025-08-30T09:02:45.069499+00:00,STNRD
05c59b8b0f5541c1894759a6160cdab7,USGS-09371010,63680,00011,2023-09-12T00:45:00+00:00,28.1,_FNU,Provisional,,2025-08-30T09:02:45.069499+00:00,STNRD
05c59b8b0f5541c1894759a6160cdab7,USGS-09371010,63680,00011,2023-09-12T01:00:00+00:00,27.9,_FNU,Provisional,,2025-08-30T09:02:45.069499+00:00,STNRD
05c59b8b0f5541c1894759a6160cdab7,USGS-09371010,63680,00011,2023-09-12T01:15:00+00:00,27.4,_FNU,Provisional,,2025-08-30T09:02:45.069499+00:00,STNRD
05c59b8b0f5541c1894759a6160cdab7,USGS-09371010,63680,00011,2023-09-12T01:30:00+00:00,29.4,_FNU,Provisional,,2025-08-30T09:02:45.069499+00:00,STNRD
05c59b8b0f5541c1894759a6160cdab7,USGS-09371010,63680,00011,2023-09-12T01:45:00+00:00,23.3,_FNU,Provisional,,2025-08-30T09:02:45.069499+00:00,STNRD
05c59b8b0f5541c1894759a6160cdab7,USGS-09371010,63680,00011,2023-09-12T02:00:00+00:00,28.5,_FNU,Provisional,,2025-08-30T09:02:45.069499+00:00,STNRD
05c59b8b0f5541c1894759a6160cdab7,USGS-09371010,63680,00011,2023-09-12T02:15:00+00:00,29.1,_FNU,Provisional,,2025-08-30T09:02:45.069499+00:00,STNRD
05c59b8b0f5541c1894759a6160cdab7,USGS-09371010,63680,00011,2023-09-12T02:30:00+00:00,28.3,_FNU,Provisional,,2025-08-30T09:02:45.069499+00:00,STNRD
05c59b8b0f5541c1894759a6160cdab7,USGS-09371010,63680,00011,2023-09-12T02:45:00+00:00,28.2,_FNU,Provisional,,2025-08-30T09:02:45.069499+00:00,STNRD
05c59b8b0f5541c1894759a6160cdab7,USGS-09371010,63680,00011,2023-09-12T03:00:00+00:00,32.3,_FNU,Provisional,,2025-08-30T09:02:45.069499+00:00,STNRD
05c59b8b0f5541c1894759a6160cdab7,USGS-09371010,63680,00011,2023-09-12T03:15:00+00:00,27.9,_FNU,Provisional,,2025-08-30T09:02:45.069499+00:00,STNRD
05c59b8b0f5541c1894759a6160cdab7,USGS-09371010,63680,00011,2023-09-12T03:30:00+00:00,30.2,_FNU,Provisional,,2025-08-30T09:02:45.069499+00:00,STNRD
05c59b8b0f5541c1894759a6160cdab7,USGS-09371010,63680,00011,2023-09-12T03:45:00+00:00,27.8,_FNU,Provisional,,2025-08-30T09:02:45.069499+00:00,STNRD
05c59b8b0f5541c1894759a6160cdab7,USGS-09371010,63680,00011,2023-09-12T04:00:00+00:00,31.1,_FNU,Provisional,,2025-08-30T09:02:45.069499+00:00,STNRD
05c59b8b0f5541c1894759a6160cdab7,USGS-09371010,63680,00011,2023-09-12T04:15:00+00:00,32.5,_FNU,Provisional,,2025-08-30T09:02:45.069499+00:00,STNRD
05c59b8b0f5541c1894759a6160cdab7,USGS-09371010,63680,00011,2023-09-12T04:30:00+00:00,26.2,_FNU,Provisional,,2025-08-30T09:02:45.069499+00:00,STNRD
05c59b8b0f5541c1894759a6160cdab7,USGS-09371010,63680,00011,2023-09-12T04:45:00+00:00,29.1,_FNU,Provisional,,2025-08-30T09:02:45.069499+00:00,STNRD
05c59b8b0f5541c1894759a6160cdab7,USGS-09371010,63680,00011,2023-09-12T05:00:00+00:00,26.7,_FNU,Provisional,,2025-08-30T09:02:45.069499+00:00,STNRD
05c59b8b0f5541c1894759a6160cdab7,USGS-09371010,63680,00011,2023-09-12T05:15:00+00:00,27.9,_FNU,Provisional,,2025-08-30T09:02:45.069499+00:00,STNRD
05c59b8b0f5541c1894759a6160cdab7,USGS-09371010,63680,00011,2023-09-12T05:30:00+00:00,30.9,_FNU,Provisional,,2025-08-30T09:02:45.069499+00:00,STNRD
05c59b8b0f5541c1894759a6160cdab7,USGS-09371010,63680,00011,2023-09-12T05:45:00+00:00,29.2,_FNU,Provisional,,2025-08-30T09:02:45.069499+00:00,STNRD
05c59b8b0f5541c1894759a6160cdab7,USGS-09371010,63680,00011,2023-09-12T06:00:00+00:00,26.9,_FNU,Provisional,,2025-08-30T09:02:45.069499+00:00,STNRD
05c59b8b0f5541c1894759a6160cdab7,USGS-09371010,63680,00011,2023-09-12T06:15:00+00:00,30.2,_FNU,Provisional,,2025-08-30T09:02:45.069499+00:00,STNRD
05c59b8b0f5541c1894759a6160cdab7,USGS-09371010,63680,00011,2023-09-12T06:30:00+00:00,31.0,_FNU,Provisional,,2025-08-30T09:02:45.069499+00:00,STNRD
05c59b8b0f5541c1894759a6160cdab7,USGS-09371010,63680,00011,2023-09-12T06:45:00+00:00,27.5,_FNU,Provisional,,2025-08-30T09:02:45.069499+00:00,STNRD
05c59b8b0f5541c1894759a6160cdab7,USGS-09371010,63680,00011,2023-09-12T07:00:00+00:00,29.4,_FNU,Provisional,,2025-08-30T09:02:45.069499+00:00,STNRD
05c59b8b0f5541c1894759a6160cdab7,USGS-09371010,63680,00011,2023-09-12T07:15:00+00:00,29.1,_FNU,Provisional,,2025-08-30T09:02:45.069499+00:00,STNRD
05c59b8b0f5541c1894759a6160cdab7,USGS-09371010,63680,00011,2023-09-12T07:30:00+00:00,27.1,_FNU,Provisional,,2025-08-30T09:02:45.069499+00:00,STNRD
05c59b8b0f5541c1894759a6160cdab7,USGS-09371010,63680,00011,2023-09-12T07:45:00+00:00,28.6,_FNU,Provisional,,2025-08-30T09:02:45.069499+00:00,STNRD
05c59b8b0f5541c1894759a6160cdab7,USGS-09371010,63680,00011,2023-09-12T08:00:00+00:00,28.1,_FNU,Provisional,,2025-08-30T09:02:45.069499+00:00,STNRD
05c59b8b0f5541c1894759a6160cdab7,USGS-09371010,63680,00011,2023-09-12T08:15:00+00:00,26.5,_FNU,Provisional,,2025-08-30T09:02:45.069499+00:00,STNRD
05c59b8b0f5541c1894759a6160cdab7,USGS-09371010,63680,00011,2023-09-12T08:30:00+00:00,27.5,_FNU,Provisional,,2025-08-30T09:02:45.069499+00:00,STNRD
05c59b8b0f5541c1894759a6160cdab7,USGS-09371010,63680,00011,2023-09-12T08:45:00+00:00,28.1,_FNU,Provisional,,2025-08-30T09:02:45.069499+00:00,STNRD
05c59b8b0f5541c1894759a6160cdab7,USGS-09371010,63680,00011,2023-09-12T09:00:00+00:00,28.7,_FNU,Provisional,,2025-08-30T09:02:45.069499+00:00,STNRD
05c59b8b0f5541c1894759a6160cdab7,USGS-09371010,63680,00011,2023-09-12T09:15:00+00:00,31.7,_FNU,Provisional,,2025-08-30T09:02:45.069499+00:00,STNRD
05c59b8b0f5541c1894759a6160cdab7,USGS-09371010,63680,00011,2023-09-12T09:30:00+00:00,28.7,_FNU,Provisional,,2025-08-30T09:02:45.069499+00:00,STNRD
05c59b8b0f5541c1894759a6160cdab7,USGS-09371010,63680,00011,2023-09-12T09:45:00+00:00,28.0,_FNU,Provisional,,2025-08-30T09:02:45.069499+00:00,STNRD
05c59b8b0f5541c1894759a6160cdab7,USGS-09371010,63680,00011,2023-09-12T10:00:00+00:00,30.7,_FNU,Provisional,,2025-08-30T09:02:45.069499+00:00,STNRD
05c59b8b0f5541c1894759a6160cdab7,USGS-09371010,63680,00011,2023-09-12T10:15:00+00:00,27.3,_FNU,Provisional,,2025-08-30T09:02:45.069499+00:00,STNRD
05c59b8b0f5541c1894759a6160cdab7,USGS-09371010,63680,00011,2023-09-12T10:30:00+00:00,26.9,_FNU,Provisional,,2025-08-30T09:02:45.069499+00:00,STNRD
05c59b8b0f5541c1894759a6160cdab7,USGS-09371010,63680,00011,2023-09-12T10:45:00+00:00,26.9,_FNU,Provisional,,2025-08-30T09:02:45.069499+00:00,STNRD
05c59b8b0f5541c1894759a6160cdab7,USGS-09371010,63680,00011,2023-09-12T11:00:00+00:00,28.8,_FNU,Provisional,,2025-08-30T09:02:45.069499+00:00,STNRD
05c59b8b0f5541c1894759a6160cdab7,USGS-09371010,63680,00011,2023-09-12T11:15:00+00:00,28.7,_FNU,Provisional,,2025-08-30T09:02:45.069499+00:00,STNRD
05c59b8b0f5541c1894759a6160cdab7,USGS-09371010,63680,00011,2023-09-12T11:30:00+00:00,34.7,_FNU,Provisional,,2025-08-30T09:02:45.069499+00:00,STNRD
05c59b8b0f5541c1894759a6160cdab7,USGS-09371010,63680,00011,2023-09-12T11:45:00+00:00,29.3,_FNU,Provisional,,2025-08-30T09:02:45.069499+00:00,STNRD
05c59b8b0f5541c1894759a6160cdab7,USGS-09371010,63680,00011,2023-09-12T12:00:00+00:00,34.1,_FNU,Provisional,,2025-08-30T09:02:45.069499+00:00,STNRD
05c59b8b0f5541c1894759a6160cdab7,USGS-09371010,63680,00011,2023-09-12T12:15:00+00:00,32.4,_FNU,Provisional,,2025-08-30T09:02:45.069499+00:00,STNRD
05c59b8b0f5541c1894759a6160cdab7,USGS-09371010,63680,00011,2023-09-12T12:30:00+00:00,34.2,_FNU,Provisional,,2025-08-30T09:02:45.069499+00:00,STNRD
05c59b8b0f5541c1894759a6160cdab7,USGS-09371010,63680,00011,2023-09-12T12:45:00+00:00,34.3,_FNU,Provisional,,2025-08-30T09:02:45.069499+00:00,STNRD
05c59b8b0f5541c1894759a6160cdab7,USGS-09371010,63680,00011,2023-09-12T13:00:00+00:00,32.7,_FNU,Provisional,,2025-08-30T09:02:45.069499+00:00,STNRD
05c59b8b0f5541c1894759a6160cdab7,USGS-09371010,63680,00011,2023-09-12T13:15:00+00:00,32.1,_FNU,Provisional,,2025-08-30T09:02:45.069499+00:00,STNRD
05c59b8b0f5541c1894759a6160cdab7,USGS-09371010,63680,00011,2023-09-12T13:30:00+00:00,30.2,_FNU,Provisional,,2025-08-30T09:02:45.069499+00:00,STNRD
05c59b8b0f5541c1894759a6160cdab7,USGS-09371010,63680,00011,2023-09-12T13:45:00+00:00,34.7,_FNU,Provisional,,2025-08-30T09:02:45.069499+00:00,STNRD
05c59b8b0f5541c1894759a6160cdab7,USGS-09371010,63680,00011,2023-09-12T14:00:00+00:00,34.0,_FNU,Provisional,,2025-08-30T09:02:45.069499+00:00,STNRD
05c59b8b0f5541c1894759a6160cdab7,USGS-09371010,63680,00011,2023-09-12T14:15:00+00:00,34.5,_FNU,Provisional,,2025-08-30T09:02:45.069499+00:00,STNRD
05c59b8b0f5541c1894759a6160cdab7,USGS-09371010,63680,00011,2023-09-12T14:30:00+00:00,34.6,_FNU,Provisional,,2025-08-30T09:02:45.069499+00:00,STNRD
05c59b8b0f5541c1894759a6160cdab7,USGS-09371010,63680,00011,2023-09-12T14:45:00+00:00,35.2,_FNU,Provisional,,2025-08-30T09:02:45.069499+00:00,STNRD
05c59b8b0f5541c1894759a6160cdab7,USGS-09371010,63680,00011,2023-09-12T15:00:00+00:00,37.5,_FNU,Provisional,,2025-08-30T09:02:45.069499+00:00,STNRD
05c59b8b0f5541c1894759a6160cdab7,USGS-09371010,63680,00011,2023-09-12T15:15:00+00:00,34.8,_FNU,Provisional,,2025-08-30T09:02:45.069499+00:00,STNRD
05c59b8b0f5541c1894759a6160cdab7,USGS-09371010,63680,00011,2023-09-12T15:30:00+00:00,31.8,_FNU,Provisional,,2025-08-30T09:02:45.069499+00:00,STNRD
05c59b8b0f5541c1894759a6160cdab7,USGS-09371010,63680,00011,2023-09-12T15:45:00+00:00,36.8,_FNU,Provisional,,2025-08-30T09:02:45.069499+00:00,STNRD
05c59b8b0f5541c1894759a6160cdab7,USGS-09371010,63680,00011,2023-09-12T16:00:00+00:00,32.5,_FNU,Provisional,,2025-08-30T09:02:45.069499+00:00,STNRD
05c59b8b0f5541c1894759a6160cdab7,USGS-09371010,63680,00011,2023-09-12T16:15:00+00:00,35.2,_FNU,Provisional,,2025-08-30T09:02:45.069499+00:00,STNRD
05c59b8b0f5541c1894759a6160cdab7,USGS-09371010,63680,00011,2023-09-12T16:30:00+00:00,32.4,_FNU,Provisional,,2025-08-30T09:02:45.069499+00:00,STNRD
05c59b8b0f5541c1894759a6160cdab7,USGS-09371010,63680,00011,2023-09-12T16:45:00+00:00,35.8,_FNU,Provisional,,2025-08-30T09:02:45.069499+00:00,STNRD
05c59b8b0f5541c1894759a6160cdab7,USGS-09371010,63680,00011,2023-09-12T17:00:00+00:00,37.5,_FNU,Provisional,,2025-08-30T09:02:45.069499+00:00,STNRD
05c59b8b0f5541c1894759a6160cdab7,USGS-09371010,63680,00011,2023-09-12T17:15:00+00:00,42.0,_FNU,Provisional,,2025-08-30T09:02:45.069499+00:00,STNRD
05c59b8b0f5541c1894759a6160cdab7,USGS-09371010,63680,00011,2023-09-12T17:30:00+00:00,33.4,_FNU,Provisional,,2025-08-30T09:02:45.069499+00:00,STNRD
05c59b8b0f5541c1894759a6160cdab7,USGS-09371010,63680,00011,2023-09-12T17:45:00+00:00,31.5,_FNU,Provisional,,2025-08-30T09:02:45.069499+00:00,STNRD
05c59b8b0f5541c1894759a6160cdab7,USGS-09371010,63680,00011,2023-09-12T18:00:00+00:00,32.7,_FNU,Provisional,,2025-08-30T09:02:45.069499+00:00,STNRD
05c59b8b0f5541c1894759a6160cdab7,USGS-09371010,63680,00011,2023-09-12T18:15:00+00:00,32.7,_FNU,Provisional,,2025-08-30T09:02:45.069499+00:00,STNRD
05c59b8b0f5541c1894759a6160cdab7,USGS-09371010,63680,00011,2023-09-12T18:30:00+00:00,31.8,_FNU,Provisional,,2025-08-30T09:02:45.069499+00:00,STNRD
05c59b8b0f5541c1894759a6160cdab7,USGS-09371010,63680,00011,2023-09-12T18:45:00+00:00,34.0,_FNU,Provisional,,2025-08-30T09:02:45.069499+00:00,STNRD
05c59b8b0f5541c1894759a6160cdab7,USGS-09371010,63680,00011,2023-09-12T19:00:00+00:00,31.6,_FNU,Provisional,,2025-08-30T09:02:45.069499+00:00,STNRD
05c59b8b0f5541c1894759a6160cdab7,USGS-09371010,63680,00011,2023-09-12T19:15:00+00:00,34.7,_FNU,Provisional,,2025-08-30T09:02:45.069499+00:00,STNRD
05c59b8b0f5541c1894759a6160cdab7,USGS-09371010,63680,00011,2023-09-12T19:30:00+00:00,31.8,_FNU,Provisional,,2025-08-30T09:02:45.069499+00:00,STNRD
05c59b8b0f5541c1894759a6160cdab7,USGS-09371010,63680,00011,2023-09-12T19:45:00+00:00,29.1,_FNU,Provisional,,2025-08-30T09:02:45.069499+00:00,STNRD
05c59b8b0f5541c1894759a6160cdab7,USGS-09371010,63680,00011,2023-09-12T20:00:00+00:00,35.4,_FNU,Provisional,,2025-08-30T09:02:45.069499+00:00,STNRD
05c59b8b0f5541c1894759a6160cdab7,USGS-09371010,63680,00011,2023-09-12T20:15:00+00:00,32.6,_FNU,Provisional,,2025-08-30T09:02:45.069499+00:00,STNRD
05c59b8b0f5541c1894759a6160cdab7,USGS-09371010,63680,00011,2023-09-12T20:30:00+00:00,33.5,_FNU,Provisional,,2025-08-30T09:02:45.069499+00:00,STNRD
05c59b8b0f5541c1894759a6160cdab7,USGS-09371010,63680,00011,2023-09-12T20:45:00+00:00,36.5,_FNU,Provisional,,2025-08-30T09:02:45.069499+00:00,STNRD
05c59b8b0f5541c1894759a6160cdab7,USGS-09371010,63680,00011,2023-09-12T21:00:00+00:00,39.3,_FNU,Provisional,,2025-08-30T09:02:45.069499+00:00,STNRD
05c59b8b0f5541c1894759a6160cdab7,USGS-09371010,63680,00011,2023-09-12T21:15:00+00:00,579,_FNU,Provisional,,2025-08-30T09:02:45.069499+00:00,STNRD
05c59b8b0f5541c1894759a6160cdab7,USGS-09371010,63680,00011,2023-09-12T21:30:00+00:00,96.2,_FNU,Provisional,,2025-08-30T09:02:45.069499+00:00,STNRD
05c59b8b0f5541c1894759a6160cdab7,USGS-09371010,63680,00011,2023-09-12T21:45:00+00:00,54.1,_FNU,Provisional,,2025-08-30T09:02:45.069499+00:00,STNRD
05c59b8b0f5541c1894759a6160cdab7,USGS-09371010,63680,00011,2023-09-12T22:00:00+00:00,708,_FNU,Provisional,,2025-08-30T09:02:45.069499+00:00,STNRD
05c59b8b0f5541c1894759a6160cdab7,USGS-09371010,63680,00011,2023-09-12T23:00:00+00:00,3890,_FNU,Provisional,,2025-08-30T09:02:45.069499+00:00,STNRD
05c59b8b0f5541c1894759a6160cdab7,USGS-09371010,63680,00011,2023-09-12T23:15:00+00:00,2040,_FNU,Provisional,,2025-08-30T09:02:45.069499+00:00,STNRD
05c59b8b0f5541c1894759a6160cdab7,USGS-09371010,63680,00011,2023-09-12T23:30:00+00:00,1110,_FNU,Provisional,,2025-08-30T09:02:45.069499+00:00,STNRD
05c59b8b0f5541c1894759a6160cdab7,USGS-09371010,63680,00011,2023-09-12T23:45:00+00:00,643,_FNU,Provisional,,2025-08-30T09:02:45.069499+00:00,STNRD
05c59b8b0f5541c1894759a6160cdab7,USGS-09371010,63680,00011,2023-09-13T00:00:00+00:00,403,_FNU,Provisional,,2025-08-30T09:02:45.069499+00:00,STNRD
05c59b8b0f5541c1894759a6160cdab7,USGS-09371010,63680,00011,2023-09-13T00:15:00+00:00,263,_FNU,Provisional,,2025-08-30T09:02:45.069499+00:00,STNRD
05c59b8b0f5541c1894759a6160cdab7,USGS-09371010,63680,00011,2023-09-13T00:30:00+00:00,194,_FNU,Provisional,,2025-08-30T09:02:45.069499+00:00,STNRD
05c59b8b0f5541c1894759a6160cdab7,USGS-09371010,63680,00011,2023-09-13T00:45:00+00:00,139,_FNU,Provisional,,2025-08-30T09:02:45.069499+00:00,STNRD
05c59b8b0f5541c1894759a6160cdab7,USGS-09371010,63680,00011,2023-09-13T01:00:00+00:00,145,_FNU,Provisional,,2025-08-30T09:02:45.069499+00:00,STNRD
05c59b8b0f5541c1894759a6160cdab7,USGS-09371010,63680,00011,2023-09-13T01:15:00+00:00,1050,_FNU,Provisional,,2025-08-30T09:02:45.069499+00:00,STNRD
05c59b8b0f5541c1894759a6160cdab7,USGS-09371010,63680,00011,2023-09-13T01:30:00+00:00,2020,_FNU,Provisional,,2025-08-30T09:02:45.069499+00:00,STNRD
05c59b8b0f5541c1894759a6160cdab7,USGS-09371010,63680,00011,2023-09-13T01:45:00+00:00,2350,_FNU,Provisional,,2025-08-30T09:02:45.069499+00:00,STNRD
05c59b8b0f5541c1894759a6160cdab7,USGS-09371010,63680,00011,2023-09-13T02:00:00+00:00,2100,_FNU,Provisional,,2025-08-30T09:02:45.069499+00:00,STNRD
05c59b8b0f5541c1894759a6160cdab7,USGS-09371010,63680,00011,2023-09-13T02:15:00+00:00,1500,_FNU,Provisional,,2025-08-30T09:02:45.069499+00:00,STNRD
05c59b8b0f5541c1894759a6160cdab7,USGS-09371010,63680,00011,2023-09-13T02:30:00+00:00,1090,_FNU,Provisional,,2025-08-30T09:02:45.069499+00:00,STNRD
05c59b8b0f5541c1894759a6160cdab7,USGS-09371010,63680,00011,2023-09-13T02:45:00+00:00,796,_FNU,Provisional,,2025-08-30T09:02:45.069499+00:00,STNRD
05c59b8b0f5541c1894759a6160cdab7,USGS-09371010,63680,00011,2023-09-13T03:00:00+00:00,688,_FNU,Provisional,,2025-08-30T09:02:45.069499+00:00,STNRD
05c59b8b0f5541c1894759a6160cdab7,USGS-09371010,63680,00011,2023-09-13T03:15:00+00:00,610,_FNU,Provisional,,2025-08-30T09:02:45.069499+00:00,STNRD
05c59b8b0f5541c1894759a6160cdab7,USGS-09371010,63680,00011,2023-09-13T03:30:00+00:00,576,_FNU,Provisional,,2025-08-30T09:02:45.069499+00:00,STNRD
05c59b8b0f5541c1894759a6160cdab7,USGS-09371010,63680,00011,2023-09-13T03:45:00+00:00,527,_FNU,Provisional,,2025-08-30T09:02:45.069499+00:00,STNRD
05c59b8b0f5541c1894759a6160cdab7,USGS-09371010,63680,00011,2023-09-13T04:00:00+00:00,509,_FNU,Provisional,,2025-08-30T09:02:45.069499+00:00,STNRD
05c59b8b0f5541c1894759a6160cdab7,USGS-09371010,63680,00011,2023-09-13T04:15:00+00:00,514,_FNU,Provisional,,2025-08-30T09:02:45.069499+00:00,STNRD
05c59b8b0f5541c1894759a6160cdab7,USGS-09371010,63680,00011,2023-09-13T04:30:00+00:00,556,_FNU,Provisional,,2025-08-30T09:02:45.069499+00:00,STNRD
05c59b8b0f5541c1894759a6160cdab7,USGS-09371010,63680,00011,2023-09-13T04:45:00+00:00,705,_FNU,Provisional,,2025-08-30T09:02:45.069499+00:00,STNRD
05c59b8b0f5541c1894759a6160cdab7,USGS-09371010,63680,00011,2023-09-13T05:00:00+00:00,1140,_FNU,Provisional,,2025-08-30T09:02:45.069499+00:00,STNRD
05c59b8b0f5541c1894759a6160cdab7,USGS-09371010,63680,00011,2023-09-13T05:15:00+00:00,1640,_FNU,Provisional,,2025-08-30T09:02:45.069499+00:00,STNRD
05c59b8b0f5541c1894759a6160cdab7,USGS-09371010,63680,00011,2023-09-13T05:30:00+00:00,1980,_FNU,Provisional,,2025-08-30T09:02:45.069499+00:00,STNRD
05c59b8b0f5541c1894759a6160cdab7,USGS-09371010,63680,00011,2023-09-13T05:45:00+00:00,1950,_FNU,Provisional,,2025-08-30T09:02:45.069499+00:00,STNRD
05c59b8b0f5541c1894759a6160cdab7,USGS-09371010,63680,00011,2023-09-13T06:00:00+00:00,1610,_FNU,Provisional,,2025-08-30T09:02:45.069499+00:00,STNRD
05c59b8b0f5541c1894759a6160cdab7,USGS-09371010,63680,00011,2023-09-13T06:15:00+00:00,1210,_FNU,Provisional,,2025-08-30T09:02:45.069499+00:00,STNRD
05c59b8b0f5541c1894759a6160cdab7,USGS-09371010,63680,00011,2023-09-13T06:30:00+00:00,886,_FNU,Provisional,,2025-08-30T09:02:45.069499+00:00,STNRD
05c59b8b0f5541c1894759a6160cdab7,USGS-09371010,63680,00011,2023-09-13T06:45:00+00:00,659,_FNU,Provisional,,2025-08-30T09:02:45.069499+00:00,STNRD
05c59b8b0f5541c1894759a6160cdab7,USGS-09371010,63680,00011,2023-09-13T07:00:00+00:00,597,_FNU,Provisional,,2025-08-30T09:02:45.069499+00:00,STNRD
05c59b8b0f5541c1894759a6160cdab7,USGS-09371010,63680,00011,2023-09-13T07:15:00+00:00,472,_FNU,Provisional,,2025-08-30T09:02:45.069499+00:00,STNRD
05c59b8b0f5541c1894759a6160cdab7,USGS-09371010,63680,00011,2023-09-13T07:30:00+00:00,422,_FNU,Provisional,,2025-08-30T09:02:45.069499+00:00,STNRD
05c59b8b0f5541c1894759a6160cdab7,USGS-09371010,63680,00011,2023-09-13T07:45:00+00:00,404,_FNU,Provisional,,2025-08-30T09:02:45.069499+00:00,STNRD
05c59b8b0f5541c1894759a6160cdab7,USGS-09371010,63680,00011,2023-09-13T08:00:00+00:00,311,_FNU,Provisional,,2025-08-30T09:02:45.069499+00:00,STNRD
05c59b8b0f5541c1894759a6160cdab7,USGS-09371010,63680,00011,2023-09-13T08:15:00+00:00,288,_FNU,Provisional,,2025-08-30T09:02:45.069499+00:00,STNRD
05c59b8b0f5541c1894759a6160cdab7,USGS-09371010,63680,00011,2023-09-13T08:30:00+00:00,294,_FNU,Provisional,,2025-08-30T09:02:45.069499+00:00,STNRD
05c59b8b0f5541c1894759a6160cdab7,USGS-09371010,63680,00011,2023-09-13T08:45:00+00:00,283,_FNU,Provisional,,2025-08-30T09:02:45.069499+00:00,STNRD
05c59b8b0f5541c1894759a6160cdab7,USGS-09371010,63680,00011,2023-09-13T09:00:00+00:00,266,_FNU,Provisional,,2025-08-30T09:02:45.069499+00:00,STNRD
05c59b8b0f5541c1894759a6160cdab7,USGS-09371010,63680,00011,2023-09-13T09:15:00+00:00,245,_FNU,Provisional,,2025-08-30T09:02:45.069499+00:00,STNRD
05c59b8b0f5541c1894759a6160cdab7,USGS-09371010,63680,00011,2023-09-13T09:30:00+00:00,242,_FNU,Provisional,,2025-08-30T09:02:45.069499+00:00,STNRD
05c59b8b0f5541c1894759a6160cdab7,USGS-09371010,63680,00011,2023-09-13T09:45:00+00:00,230,_FNU,Provisional,,2025-08-30T09:02:45.069499+00:00,STNRD
05c59b8b0f5541c1894759a6160cdab7,USGS-09371010,63680,00011,2023-09-13T10:00:00+00:00,237,_FNU,Provisional,,2025-08-30T09:02:45.069499+00:00,STNRD
05c59b8b0f5541c1894759a6160cdab7,USGS-09371010,63680,00011,2023-09-13T10:15:00+00:00,216,_FNU,Provisional,,2025-08-30T09:02:45.069499+00:00,STNRD
05c59b8b0f5541c1894759a6160cdab7,USGS-09371010,63680,00011,2023-09-13T10:30:00+00:00,213,_FNU,Provisional,,2025-08-30T09:02:45.069499+00:00,STNRD
05c59b8b0f5541c1894759a6160cdab7,USGS-09371010,63680,00011,2023-09-13T10:45:00+00:00,202,_FNU,Provisional,,2025-08-30T09:02:45.069499+00:00,STNRD
05c59b8b0f5541c1894759a6160cdab7,USGS-09371010,63680,00011,2023-09-13T11:00:00+00:00,230,_FNU,Provisional,,2025-08-30T09:02:45.069499+00:00,STNRD
05c59b8b0f5541c1894759a6160cdab7,USGS-09371010,63680,00011,2023-09-13T11:15:00+00:00,284,_FNU,Provisional,,2025-08-30T09:02:45.069499+00:00,STNRD
05c59b8b0f5541c1894759a6160cdab7,USGS-09371010,63680,00011,2023-09-13T11:30:00+00:00,457,_FNU,Provisional,,2025-08-30T09:02:45.069499+00:00,STNRD
05c59b8b0f5541c1894759a6160cdab7,USGS-09371010,63680,00011,2023-09-13T11:45:00+00:00,791,_FNU,Provisional,,2025-08-30T09:02:45.069499+00:00,STNRD
05c59b8b0f5541c1894759a6160cdab7,USGS-09371010,63680,00011,2023-09-13T12:00:00+00:00,1250,_FNU,Provisional,,2025-08-30T09:02:45.069499+00:00,STNRD
05c59b8b0f5541c1894759a6160cdab7,USGS-09371010,63680,00011,2023-09-13T12:15:00+00:00,1880,_FNU,Provisional,,2025-08-30T09:02:45.069499+00:00,STNRD
05c59b8b0f5541c1894759a6160cdab7,USGS-09371010,63680,00011,2023-09-13T12:30:00+00:00,2810,_FNU,Provisional,,2025-08-30T09:02:45.069499+00:00,STNRD
05c59b8b0f5541c1894759a6160cdab7,USGS-09371010,63680,00011,2023-09-13T12:45:00+00:00,4000,_FNU,Provisional,,2025-08-30T09:02:45.069499+00:00,STNRD
05c59b8b0f5541c1894759a6160cdab7,USGS-09371010,63680,00011,2023-09-13T15:30:00+00:00,3790,_FNU,Provisional,,2025-08-30T09:02:45.069499+00:00,STNRD
05c59b8b0f5541c1894759a6160cdab7,USGS-09371010,63680,00011,2023-09-13T15:45:00+00:00,3180,_FNU,Provisional,,2025-08-30T09:02:45.069499+00:00,STNRD
05c59b8b0f5541c1894759a6160cdab7,USGS-09371010,63680,00011,2023-09-13T16:00:00+00:00,2700,_FNU,Provisional,,2025-08-30T09:02:45.069499+00:00,STNRD
05c59b8b0f5541c1894759a6160cdab7,USGS-09371010,63680,00011,2023-09-13T16:15:00+00:00,2240,_FNU,Provisional,,2025-08-30T09:02:45.069499+00:00,STNRD
05c59b8b0f5541c1894759a6160cdab7,USGS-09371010,63680,00011,2023-09-13T16:30:00+00:00,1910,_FNU,Provisional,,2025-08-30T09:02:45.069499+00:00,STNRD
05c59b8b0f5541c1894759a6160cdab7,USGS-09371010,63680,00011,2023-09-13T16:45:00+00:00,1610,_FNU,Provisional,,2025-08-30T09:02:45.069499+00:00,STNRD
05c59b8b0f5541c1894759a6160cdab7,USGS-09371010,63680,00011,2023-09-13T17:00:00+00:00,1380,_FNU,Provisional,,2025-08-30T09:02:45.069499+00:00,STNRD
05c59b8b0f5541c1894759a6160cdab7,USGS-09371010,63680,00011,2023-09-13T17:15:00+00:00,1230,_FNU,Provisional,,2025-08-30T09:02:45.069499+00:00,STNRD
05c59b8b0f5541c1894759a6160cdab7,USGS-09371010,63680,00011,2023-09-13T17:30:00+00:00,1070,_FNU,Provisional,,2025-08-30T09:02:45.069499+00:00,STNRD
05c59b8b0f5541c1894759a6160cdab7,USGS-09371010,63680,00011,2023-09-13T17:45:00+00:00,918,_FNU,Provisional,,2025-08-30T09:02:45.069499+00:00,STNRD
05c59b8b0f5541c1894759a6160cdab7,USGS-09371010,63680,00011,2023-09-13T18:00:00+00:00,824,_FNU,Provisional,,2025-08-30T09:02:45.069499+00:00,STNRD
05c59b8b0f5541c1894759a6160cdab7,USGS-09371010,63680,00011,2023-09-13T18:15:00+00:00,748,_FNU,Provisional,,2025-08-30T09:02:45.069499+00:00,STNRD
05c59b8b0f5541c1894759a6160cdab7,USGS-09371010,63680,00011,2023-09-13T18:30:00+00:00,659,_FNU,Provisional,,2025-08-30T09:02:45.069499+00:00,STNRD
05c59b8b0f5541c1894759a6160cdab7,USGS-09371010,63680,00011,2023-09-13T18:45:00+00:00,576,_FNU,Provisional,,2025-08-30T09:02:45.069499+00:00,STNRD
05c59b8b0f5541c1894759a6160cdab7,USGS-09371010,63680,00011,2023-09-13T19:00:00+00:00,556,_FNU,Provisional,,2025-08-30T09:02:45.069499+00:00,STNRD
05c59b8b0f5541c1894759a6160cdab7,USGS-09371010,63680,00011,2023-09-13T19:15:00+00:00,494,_FNU,Provisional,,2025-08-30T09:02:45.069499+00:00,STNRD
05c59b8b0f5541c1894759a6160cdab7,USGS-09371010,63680,00011,2023-09-13T19:30:00+00:00,460,_FNU,Provisional,,2025-08-30T09:02:45.069499+00:00,STNRD
05c59b8b0f5541c1894759a6160cdab7,USGS-09371010,63680,00011,2023-09-13T19:45:00+00:00,437,_FNU,Provisional,,2025-08-30T09:02:45.069499+00:00,STNRD
05c59b8b0f5541c1894759a6160cdab7,USGS-09371010,63680,00011,2023-09-13T20:00:00+00:00,377,_FNU,Provisional,,2025-08-30T09:02:45.069499+00:00,STNRD
05c59b8b0f5541c1894759a6160cdab7,USGS-09371010,63680,00011,2023-09-13T20:15:00+00:00,372,_FNU,Provisional,,2025-08-30T09:02:45.069499+00:00,STNRD
05c59b8b0f5541c1894759a6160cdab7,USGS-09371010,63680,00011,2023-09-13T20:30:00+00:00,346,_FNU,Provisional,,2025-08-30T09:02:45.069499+00:00,STNRD
05c59b8b0f5541c1894759a6160cdab7,USGS-09371010,63680,00011,2023-09-13T20:45:00+00:00,333,_FNU,Provisional,,2025-08-30T09:02:45.069499+00:00,STNRD
05c59b8b0f5541c1894759a6160cdab7,USGS-09371010,63680,00011,2023-09-13T21:00:00+00:00,314,_FNU,Provisional,,2025-08-30T09:02:45.069499+00:00,STNRD
05c59b8b0f5541c1894759a6160cdab7,USGS-09371010,63680,00011,2023-09-13T21:15:00+00:00,294,_FNU,Provisional,,2025-08-30T09:02:45.069499+00:00,STNRD
05c59b8b0f5541c1894759a6160cdab7,USGS-09371010,63680,00011,2023-09-13T21:30:00+00:00,264,_FNU,Provisional,,2025-08-30T09:02:45.069499+00:00,STNRD
05c59b8b0f5541c1894759a6160cdab7,USGS-09371010,63680,00011,2023-09-13T21:45:00+00:00,268,_FNU,Provisional,,2025-08-30T09:02:45.069499+00:00,STNRD
05c59b8b0f5541c1894759a6160cdab7,USGS-09371010,63680,00011,2023-09-13T22:00:00+00:00,250,_FNU,Provisional,,2025-08-30T09:02:45.069499+00:00,STNRD
05c59b8b0f5541c1894759a6160cdab7,USGS-09371010,63680,00011,2023-09-13T22:15:00+00:00,251,_FNU,Provisional,,2025-08-30T09:02:45.069499+00:00,STNRD
05c59b8b0f5541c1894759a6160cdab7,USGS-09371010,63680,00011,2023-09-13T22:30:00+00:00,238,_FNU,Provisional,,2025-08-30T09:02:45.069499+00:00,STNRD
05c59b8b0f5541c1894759a6160cdab7,USGS-09371010,63680,00011,2023-09-13T22:45:00+00:00,240,_FNU,Provisional,,2025-08-30T09:02:45.069499+00:00,STNRD
05c59b8b0f5541c1894759a6160cdab7,USGS-09371010,63680,00011,2023-09-13T23:00:00+00:00,234,_FNU,Provisional,,2025-08-30T09:02:45.069499+00:00,STNRD
05c59b8b0f5541c1894759a6160cdab7,USGS-09371010,63680,00011,2023-09-13T23:15:00+00:00,218,_FNU,Provisional,,2025-08-30T09:02:45.069499+00:00,STNRD
05c59b8b0f5541c1894759a6160cdab7,USGS-09371010,63680,00011,2023-09-13T23:30:00+00:00,214,_FNU,Provisional,,2025-08-30T09:02:45.069499+00:00,STNRD
05c59b8b0f5541c1894759a6160cdab7,USGS-09371010,63680,00011,2023-09-13T23:45:00+00:00,207,_FNU,Provisional,,2025-08-30T09:02:45.069499+00:00,STNRD
05c59b8b0f5541c1894759a6160cdab7,USGS-09371010,63680,00011,2023-09-14T00:00:00+00:00,207,_FNU,Provisional,,2025-08-30T09:02:45.069499+00:00,STNRD
05c59b8b0f5541c1894759a6160cdab7,USGS-09371010,63680,00011,2023-09-14T00:15:00+00:00,196,_FNU,Provisional,,2025-08-30T09:02:45.069499+00:00,STNRD
05c59b8b0f5541c1894759a6160cdab7,USGS-09371010,63680,00011,2023-09-14T00:30:00+00:00,189,_FNU,Provisional,,2025-08-30T09:02:45.069499+00:00,STNRD
05c59b8b0f5541c1894759a6160cdab7,USGS-09371010,63680,00011,2023-09-14T00:45:00+00:00,189,_FNU,Provisional,,2025-08-30T09:02:45.069499+00:00,STNRD
05c59b8b0f5541c1894759a6160cdab7,USGS-09371010,63680,00011,2023-09-14T01:00:00+00:00,170,_FNU,Provisional,,2025-08-30T09:02:45.069499+00:00,STNRD
05c59b8b0f5541c1894759a6160cdab7,USGS-09371010,63680,00011,2023-09-14T01:15:00+00:00,179,_FNU,Provisional,,2025-08-30T09:02:45.069499+00:00,STNRD
05c59b8b0f5541c1894759a6160cdab7,USGS-09371010,63680,00011,2023-09-14T01:30:00+00:00,168,_FNU,Provisional,,2025-08-30T09:02:45.069499+00:00,STNRD
05c59b8b0f5541c1894759a6160cdab7,USGS-09371010,63680,00011,2023-09-14T01:45:00+00:00,173,_FNU,Provisional,,2025-08-30T09:02:45.069499+00:00,STNRD
05c59b8b0f5541c1894759a6160cdab7,USGS-09371010,63680,00011,2023-09-14T02:00:00+00:00,186,_FNU,Provisional,,2025-08-30T09:02:45.069499+00:00,STNRD
05c59b8b0f5541c1894759a6160cdab7,USGS-09371010,63680,00011,2023-09-14T02:15:00+00:00,176,_FNU,Provisional,,2025-08-30T09:02:45.069499+00:00,STNRD
05c59b8b0f5541c1894759a6160cdab7,USGS-09371010,63680,00011,2023-09-14T02:30:00+00:00,171,_FNU,Provisional,,2025-08-30T09:02:45.069499+00:00,STNRD
05c59b8b0f5541c1894759a6160cdab7,USGS-09371010,63680,00011,2023-09-14T02:45:00+00:00,178,_FNU,Provisional,,2025-08-30T09:02:45.069499+00:00,STNRD
05c59b8b0f5541c1894759a6160cdab7,USGS-09371010,63680,00011,2023-09-14T03:00:00+00:00,175,_FNU,Provisional,,2025-08-30T09:02:45.069499+00:00,STNRD
05c59b8b0f5541c1894759a6160cdab7,USGS-09371010,63680,00011,2023-09-14T03:15:00+00:00,170,_FNU,Provisional,,2025-08-30T09:02:45.069499+00:00,STNRD
05c59b8b0f5541c1894759a6160cdab7,USGS-09371010,63680,00011,2023-09-14T03:30:00+00:00,166,_FNU,Provisional,,2025-08-30T09:02:45.069499+00:00,STNRD
05c59b8b0f5541c1894759a6160cdab7,USGS-09371010,63680,00011,2023-09-14T03:45:00+00:00,178,_FNU,Provisional,,2025-08-30T09:02:45.069499+00:00,STNRD
05c59b8b0f5541c1894759a6160cdab7,USGS-09371010,63680,00011,2023-09-14T04:00:00+00:00,167,_FNU,Provisional,,2025-08-30T09:02:45.069499+00:00,STNRD
05c59b8b0f5541c1894759a6160cdab7,USGS-09371010,63680,00011,2023-09-14T04:15:00+00:00,163,_FNU,Provisional,,2025-08-30T09:02:45.069499+00:00,STNRD
05c59b8b0f5541c1894759a6160cdab7,USGS-09371010,63680,00011,2023-09-14T04:30:00+00:00,169,_FNU,Provisional,,2025-08-30T09:02:45.069499+00:00,STNRD
05c59b8b0f5541c1894759a6160cdab7,USGS-09371010,63680,00011,2023-09-14T04:45:00+00:00,172,_FNU,Provisional,,2025-08-30T09:02:45.069499+00:00,STNRD
05c59b8b0f5541c1894759a6160cdab7,USGS-09371010,63680,00011,2023-09-14T05:00:00+00:00,162,_FNU,Provisional,,2025-08-30T09:02:45.069499+00:00,STNRD
05c59b8b0f5541c1894759a6160cdab7,USGS-09371010,63680,00011,2023-09-14T05:15:00+00:00,169,_FNU,Provisional,,2025-08-30T09:02:45.069499+00:00,STNRD
05c59b8b0f5541c1894759a6160cdab7,USGS-09371010,63680,00011,2023-09-14T05:30:00+00:00,174,_FNU,Provisional,,2025-08-30T09:02:45.069499+00:00,STNRD
05c59b8b0f5541c1894759a6160cdab7,USGS-09371010,63680,00011,2023-09-14T05:45:00+00:00,158,_FNU,Provisional,,2025-08-30T09:02:45.069499+00:00,STNRD
05c59b8b0f5541c1894759a6160cdab7,USGS-09371010,63680,00011,2023-09-14T06:00:00+00:00,173,_FNU,Provisional,,2025-08-30T09:02:45.069499+00:00,STNRD
05c59b8b0f5541c1894759a6160cdab7,USGS-09371010,63680,00011,2023-09-14T06:15:00+00:00,172,_FNU,Provisional,,2025-08-30T09:02:45.069499+00:00,STNRD
05c59b8b0f5541c1894759a6160cdab7,USGS-09371010,63680,00011,2023-09-14T06:30:00+00:00,170,_FNU,Provisional,,2025-08-30T09:02:45.069499+00:00,STNRD
05c59b8b0f5541c1894759a6160cdab7,USGS-09371010,63680,00011,2023-09-14T06:45:00+00:00,164,_FNU,Provisional,,2025-08-30T09:02:45.069499+00:00,STNRD
05c59b8b0f5541c1894759a6160cdab7,USGS-09371010,63680,00011,2023-09-14T07:00:00+00:00,165,_FNU,Provisional,,2025-08-30T09:02:45.069499+00:00,STNRD
05c59b8b0f5541c1894759a6160cdab7,USGS-09371010,63680,00011,2023-09-14T07:15:00+00:00,168,_FNU,Provisional,,2025-08-30T09:02:45.069499+00:00,STNRD
05c59b8b0f5541c1894759a6160cdab7,USGS-09371010,63680,00011,2023-09-14T07:30:00+00:00,172,_FNU,Provisional,,2025-08-30T09:02:45.069499+00:00,STNRD
05c59b8b0f5541c1894759a6160cdab7,USGS-09371010,63680,00011,2023-09-14T07:45:00+00:00,173,_FNU,Provisional,,2025-08-30T09:02:45.069499+00:00,STNRD
05c59b8b0f5541c1894759a6160cdab7,USGS-09371010,63680,00011,2023-09-14T08:00:00+00:00,168,_FNU,Provisional,,2025-08-30T09:02:45.069499+00:00,STNRD
05c59b8b0f5541c1894759a6160cdab7,USGS-09371010,63680,00011,2023-09-14T08:15:00+00:00,167,_FNU,Provisional,,2025-08-30T09:02:45.069499+00:00,STNRD
05c59b8b0f5541c1894759a6160cdab7,USGS-09371010,63680,00011,2023-09-14T08:30:00+00:00,183,_FNU,Provisional,,2025-08-30T09:02:45.069499+00:00,STNRD
05c59b8b0f5541c1894759a6160cdab7,USGS-09371010,63680,00011,2023-09-14T08:45:00+00:00,177,_FNU,Provisional,,2025-08-30T09:02:45.069499+00:00,STNRD
05c59b8b0f5541c1894759a6160cdab7,USGS-09371010,63680,00011,2023-09-14T09:00:00+00:00,176,_FNU,Provisional,,2025-08-30T09:02:45.069499+00:00,STNRD
05c59b8b0f5541c1894759a6160cdab7,USGS-09371010,63680,00011,2023-09-14T09:15:00+00:00,180,_FNU,Provisional,,2025-08-30T09:02:45.069499+00:00,STNRD
05c59b8b0f5541c1894759a6160cdab7,USGS-09371010,63680,00011,2023-09-14T09:30:00+00:00,183,_FNU,Provisional,,2025-08-30T09:02:45.069499+00:00,STNRD
05c59b8b0f5541c1894759a6160cdab7,USGS-09371010,63680,00011,2023-09-14T09:45:00+00:00,187,_FNU,Provisional,,2025-08-30T09:02:45.069499+00:00,STNRD
05c59b8b0f5541c1894759a6160cdab7,USGS-09371010,63680,00011,2023-09-14T10:00:00+00:00,200,_FNU,Provisional,,2025-08-30T09:02:45.069499+00:00,STNRD
05c59b8b0f5541c1894759a6160cdab7,USGS-09371010,63680,00011,2023-09-14T10:15:00+00:00,187,_FNU,Provisional,,2025-08-30T09:02:45.069499+00:00,STNRD
05c59b8b0f5541c1894759a6160cdab7,USGS-09371010,63680,00011,2023-09-14T10:30:00+00:00,190,_FNU,Provisional,,2025-08-30T09:02:45.069499+00:00,STNRD
05c59b8b0f5541c1894759a6160cdab7,USGS-09371010,63680,00011,2023-09-14T10:45:00+00:00,197,_FNU,Provisional,,2025-08-30T09:02:45.069499+00:00,STNRD
05c59b8b0f5541c1894759a6160cdab7,USGS-09371010,63680,00011,2023-09-14T11:00:00+00:00,192,_FNU,Provisional,,2025-08-30T09:02:45.069499+00:00,STNRD
05c59b8b0f5541c1894759a6160cdab7,USGS-09371010,63680,00011,2023-09-14T11:15:00+00:00,201,_FNU,Provisional,,2025-08-30T09:02:45.069499+00:00,STNRD
05c59b8b0f5541c1894759a6160cdab7,USGS-09371010,63680,00011,2023-09-14T11:30:00+00:00,188,_FNU,Provisional,,2025-08-30T09:02:45.069499+00:00,STNRD
05c59b8b0f5541c1894759a6160cdab7,USGS-09371010,63680,00011,2023-09-14T11:45:00+00:00,188,_FNU,Provisional,,2025-08-30T09:02:45.069499+00:00,STNRD
05c59b8b0f5541c1894759a6160cdab7,USGS-09371010,63680,00011,2023-09-14T12:00:00+00:00,201,_FNU,Provisional,,2025-08-30T09:02:45.069499+00:00,STNRD
05c59b8b0f5541c1894759a6160cdab7,USGS-09371010,63680,00011,2023-09-14T12:15:00+00:00,192,_FNU,Provisional,,2025-08-30T09:02:45.069499+00:00,STNRD
05c59b8b0f5541c1894759a6160cdab7,USGS-09371010,63680,00011,2023-09-14T12:30:00+00:00,189,_FNU,Provisional,,2025-08-30T09:02:45.069499+00:00,STNRD
05c59b8b0f5541c1894759a6160cdab7,USGS-09371010,63680,00011,2023-09-14T12:45:00+00:00,187,_FNU,Provisional,,2025-08-30T09:02:45.069499+00:00,STNRD
05c59b8b0f5541c1894759a6160cdab7,USGS-09371010,63680,00011,2023-09-14T13:00:00+00:00,206,_FNU,Provisional,,2025-08-30T09:02:45.069499+00:00,STNRD
05c59b8b0f5541c1894759a6160cdab7,USGS-09371010,63680,00011,2023-09-14T13:15:00+00:00,194,_FNU,Provisional,,2025-08-30T09:02:45.069499+00:00,STNRD
05c59b8b0f5541c1894759a6160cdab7,USGS-09371010,63680,00011,2023-09-14T13:30:00+00:00,183,_FNU,Provisional,,2025-08-30T09:02:45.069499+00:00,STNRD
05c59b8b0f5541c1894759a6160cdab7,USGS-09371010,63680,00011,2023-09-14T13:45:00+00:00,186,_FNU,Provisional,,2025-08-30T09:02:45.069499+00:00,STNRD
05c59b8b0f5541c1894759a6160cdab7,USGS-09371010,63680,00011,2023-09-14T14:00:00+00:00,174,_FNU,Provisional,,2025-08-30T09:02:45.069499+00:00,STNRD
05c59b8b0f5541c1894759a6160cdab7,USGS-09371010,63680,00011,2023-09-14T14:15:00+00:00,173,_FNU,Provisional,,2025-08-30T09:02:45.069499+00:00,STNRD
05c59b8b0f5541c1894759a6160cdab7,USGS-09371010,63680,00011,2023-09-14T14:30:00+00:00,187,_FNU,Provisional,,2025-08-30T09:02:45.069499+00:00,STNRD
05c59b8b0f5541c1894759a6160cdab7,USGS-09371010,63680,00011,2023-09-14T14:45:00+00:00,183,_FNU,Provisional,,2025-08-30T09:02:45.069499+00:00,STNRD
05c59b8b0f5541c1894759a6160cdab7,USGS-09371010,63680,00011,2023-09-14T15:00:00+00:00,165,_FNU,Provisional,,2025-08-30T09:02:45.069499+00:00,STNRD
05c59b8b0f5541c1894759a6160cdab7,USGS-09371010,63680,00011,2023-09-14T15:15:00+00:00,174,_FNU,Provisional,,2025-08-30T09:02:45.069499+00:00,STNRD
05c59b8b0f5541c1894759a6160cdab7,USGS-09371010,63680,00011,2023-09-14T15:30:00+00:00,162,_FNU,Provisional,,2025-08-30T09:02:45.069499+00:00,STNRD
05c59b8b0f5541c1894759a6160cdab7,USGS-09371010,63680,00011,2023-09-14T15:45:00+00:00,164,_FNU,Provisional,,2025-08-30T09:02:45.069499+00:00,STNRD
05c59b8b0f5541c1894759a6160cdab7,USGS-09371010,63680,00011,2023-09-14T16:00:00+00:00,162,_FNU,Provisional,,2025-08-30T09:02:45.069499+00:00,STNRD
05c59b8b0f5541c1894759a6160cdab7,USGS-09371010,63680,00011,2023-09-14T16:15:00+00:00,153,_FNU,Provisional,,2025-08-30T09:02:45.069499+00:00,STNRD
05c59b8b0f5541c1894759a6160cdab7,USGS-09371010,63680,00011,2023-09-14T16:30:00+00:00,160,_FNU,Provisional,,2025-08-30T09:02:45.069499+00:00,STNRD
05c59b8b0f5541c1894759a6160cdab7,USGS-09371010,63680,00011,2023-09-14T16:45:00+00:00,151,_FNU,Provisional,,2025-08-30T09:02:45.069499+00:00,STNRD
05c59b8b0f5541c1894759a6160cdab7,USGS-09371010,63680,00011,2023-09-14T17:00:00+00:00,161,_FNU,Provisional,,2025-08-30T09:02:45.069499+00:00,STNRD
05c59b8b0f5541c1894759a6160cdab7,USGS-09371010,63680,00011,2023-09-14T17:15:00+00:00,153,_FNU,Provisional,,2025-08-30T09:02:45.069499+00:00,STNRD
05c59b8b0f5541c1894759a6160cdab7,USGS-09371010,63680,00011,2023-09-14T17:30:00+00:00,160,_FNU,Provisional,,2025-08-30T09:02:45.069499+00:00,STNRD
05c59b8b0f5541c1894759a6160cdab7,USGS-09371010,63680,00011,2023-09-14T17:45:00+00:00,151,_FNU,Provisional,,2025-08-30T09:02:45.069499+00:00,STNRD
05c59b8b0f5541c1894759a6160cdab7,USGS-09371010,63680,00011,2023-09-14T18:00:00+00:00,168,_FNU,Provisional,,2025-08-30T09:02:45.069499+00:00,STNRD
05c59b8b0f5541c1894759a6160cdab7,USGS-09371010,63680,00011,2023-09-14T18:15:00+00:00,152,_FNU,Provisional,,2025-08-30T09:02:45.069499+00:00,STNRD
05c59b8b0f5541c1894759a6160cdab7,USGS-09371010,63680,00011,2023-09-14T18:30:00+00:00,144,_FNU,Provisional,,2025-08-30T09:02:45.069499+00:00,STNRD
05c59b8b0f5541c1894759a6160cdab7,USGS-09371010,63680,00011,2023-09-14T18:45:00+00:00,164,_FNU,Provisional,,2025-08-30T09:02:45.069499+00:00,STNRD
05c59b8b0f5541c1894759a6160cdab7,USGS-09371010,63680,00011,2023-09-14T19:00:00+00:00,159,_FNU,Provisional,,2025-08-30T09:02:45.069499+00:00,STNRD
05c59b8b0f5541c1894759a6160cdab7,USGS-09371010,63680,00011,2023-09-14T19:15:00+00:00,155,_FNU,Provisional,,2025-08-30T09:02:45.069499+00:00,STNRD
05c59b8b0f5541c1894759a6160cdab7,USGS-09371010,63680,00011,2023-09-14T19:30:00+00:00,151,_FNU,Provisional,,2025-08-30T09:02:45.069499+00:00,STNRD
05c59b8b0f5541c1894759a6160cdab7,USGS-09371010,63680,00011,2023-09-14T19:45:00+00:00,150,_FNU,Provisional,,2025-08-30T09:02:45.069499+00:00,STNRD
05c59b8b0f5541c1894759a6160cdab7,USGS-09371010,63680,00011,2023-09-14T20:00:00+00:00,161,_FNU,Provisional,,2025-08-30T09:02:45.069499+00:00,STNRD
05c59b8b0f5541c1894759a6160cdab7,USGS-09371010,63680,00011,2023-09-14T20:15:00+00:00,154,_FNU,Provisional,,2025-08-30T09:02:45.069499+00:00,STNRD
05c59b8b0f5541c1894759a6160cdab7,USGS-09371010,63680,00011,2023-09-14T20:30:00+00:00,147,_FNU,Provisional,,2025-08-30T09:02:45.069499+00:00,STNRD
05c59b8b0f5541c1894759a6160cdab7,USGS-09371010,63680,00011,2023-09-14T20:45:00+00:00,157,_FNU,Provisional,,2025-08-30T09:02:45.069499+00:00,STNRD
05c59b8b0f5541c1894759a6160cdab7,USGS-09371010,63680,00011,2023-09-14T21:00:00+00:00,158,_FNU,Provisional,,2025-08-30T09:02:45.069499+00:00,STNRD
05c59b8b0f5541c1894759a6160cdab7,USGS-09371010,63680,00011,2023-09-14T21:15:00+00:00,171,_FNU,Provisional,,2025-08-30T09:02:45.069499+00:00,STNRD
05c59b8b0f5541c1894759a6160cdab7,USGS-09371010,63680,00011,2023-09-14T21:30:00+00:00,178,_FNU,Provisional,,2025-08-30T09:02:45.069499+00:00,STNRD
05c59b8b0f5541c1894759a6160cdab7,USGS-09371010,63680,00011,2023-09-14T21:45:00+00:00,164,_FNU,Provisional,,2025-08-30T09:02:45.069499+00:00,STNRD
05c59b8b0f5541c1894759a6160cdab7,USGS-09371010,63680,00011,2023-09-14T22:00:00+00:00,161,_FNU,Provisional,,2025-08-30T09:02:45.069499+00:00,STNRD
05c59b8b0f5541c1894759a6160cdab7,USGS-09371010,63680,00011,2023-09-14T22:15:00+00:00,157,_FNU,Provisional,,2025-08-30T09:02:45.069499+00:00,STNRD
05c59b8b0f5541c1894759a6160cdab7,USGS-09371010,63680,00011,2023-09-14T22:30:00+00:00,175,_FNU,Provisional,,2025-08-30T09:02:45.069499+00:00,STNRD
05c59b8b0f5541c1894759a6160cdab7,USGS-09371010,63680,00011,2023-09-14T22:45:00+00:00,172,_FNU,Provisional,,2025-08-30T09:02:45.069499+00:00,STNRD
05c59b8b0f5541c1894759a6160cdab7,USGS-09371010,63680,00011,2023-09-14T23:00:00+00:00,165,_FNU,Provisional,,2025-08-30T09:02:45.069499+00:00,STNRD
05c59b8b0f5541c1894759a6160cdab7,USGS-09371010,63680,00011,2023-09-14T23:15:00+00:00,173,_FNU,Provisional,,2025-08-30T09:02:45.069499+00:00,STNRD
05c59b8b0f5541c1894759a6160cdab7,USGS-09371010,63680,00011,2023-09-14T23:30:00+00:00,167,_FNU,Provisional,,2025-08-30T09:02:45.069499+00:00,STNRD
05c59b8b0f5541c1894759a6160cdab7,USGS-09371010,63680,00011,2023-09-14T23:45:00+00:00,165,_FNU,Provisional,,2025-08-30T09:02:45.069499+00:00,STNRD
05c59b8b0f5541c1894759a6160cdab7,USGS-09371010,63680,00011,2023-09-15T00:00:00+00:00,152,_FNU,Provisional,,2025-08-30T09:02:45.069499+00:00,STNRD
05c59b8b0f5541c1894759a6160cdab7,USGS-09371010,63680,00011,2023-09-15T00:15:00+00:00,173,_FNU,Provisional,,2025-08-30T09:02:45.069499+00:00,STNRD
05c59b8b0f5541c1894759a6160cdab7,USGS-09371010,63680,00011,2023-09-15T00:30:00+00:00,175,_FNU,Provisional,,2025-08-30T09:02:45.069499+00:00,STNRD
05c59b8b0f5541c1894759a6160cdab7,USGS-09371010,63680,00011,2023-09-15T00:45:00+00:00,165,_FNU,Provisional,,2025-08-30T09:02:45.069499+00:00,STNRD
05c59b8b0f5541c1894759a6160cdab7,USGS-09371010,63680,00011,2023-09-15T01:00:00+00:00,171,_FNU,Provisional,,2025-08-30T09:02:45.069499+00:00,STNRD
05c59b8b0f5541c1894759a6160cdab7,USGS-09371010,63680,00011,2023-09-15T01:15:00+00:00,175,_FNU,Provisional,,2025-08-30T09:02:45.069499+00:00,STNRD
05c59b8b0f5541c1894759a6160cdab7,USGS-09371010,63680,00011,2023-09-15T01:30:00+00:00,166,_FNU,Provisional,,2025-08-30T09:02:45.069499+00:00,STNRD
05c59b8b0f5541c1894759a6160cdab7,USGS-09371010,63680,00011,2023-09-15T01:45:00+00:00,168,_FNU,Provisional,,2025-08-30T09:02:45.069499+00:00,STNRD
05c59b8b0f5541c1894759a6160cdab7,USGS-09371010,63680,00011,2023-09-15T02:00:00+00:00,191,_FNU,Provisional,,2025-08-30T09:02:45.069499+00:00,STNRD
05c59b8b0f5541c1894759a6160cdab7,USGS-09371010,63680,00011,2023-09-15T02:15:00+00:00,184,_FNU,Provisional,,2025-08-30T09:02:45.069499+00:00,STNRD
05c59b8b0f5541c1894759a6160cdab7,USGS-09371010,63680,00011,2023-09-15T02:30:00+00:00,196,_FNU,Provisional,,2025-08-30T09:02:45.069499+00:00,STNRD
05c59b8b0f5541c1894759a6160cdab7,USGS-09371010,63680,00011,2023-09-15T02:45:00+00:00,194,_FNU,Provisional,,2025-08-30T09:02:45.069499+00:00,STNRD
05c59b8b0f5541c1894759a6160cdab7,USGS-09371010,63680,00011,2023-09-15T03:00:00+00:00,189,_FNU,Provisional,,2025-08-30T09:02:45.069499+00:00,STNRD
05c59b8b0f5541c1894759a6160cdab7,USGS-09371010,63680,00011,2023-09-15T03:15:00+00:00,200,_FNU,Provisional,,2025-08-30T09:02:45.069499+00:00,STNRD
05c59b8b0f5541c1894759a6160cdab7,USGS-09371010,63680,00011,2023-09-15T03:30:00+00:00,200,_FNU,Provisional,,2025-08-30T09:02:45.069499+00:00,STNRD
05c59b8b0f5541c1894759a6160cdab7,USGS-09371010,63680,00011,2023-09-15T03:45:00+00:00,209,_FNU,Provisional,,2025-08-30T09:02:45.069499+00:00,STNRD
05c59b8b0f5541c1894759a6160cdab7,USGS-09371010,63680,00011,2023-09-15T04:00:00+00:00,209,_FNU,Provisional,,2025-08-30T09:02:45.069499+00:00,STNRD
05c59b8b0f5541c1894759a6160cdab7,USGS-09371010,63680,00011,2023-09-15T04:15:00+00:00,242,_FNU,Provisional,,2025-08-30T09:02:45.069499+00:00,STNRD
05c59b8b0f5541c1894759a6160cdab7,USGS-09371010,63680,00011,2023-09-15T04:30:00+00:00,222,_FNU,Provisional,,2025-08-30T09:02:45.069499+00:00,STNRD
05c59b8b0f5541c1894759a6160cdab7,USGS-09371010,63680,00011,2023-09-15T04:45:00+00:00,219,_FNU,Provisional,,2025-08-30T09:02:45.069499+00:00,STNRD
05c59b8b0f5541c1894759a6160cdab7,USGS-09371010,63680,00011,2023-09-15T05:00:00+00:00,230,_FNU,Provisional,,2025-08-30T09:02:45.069499+00:00,STNRD
05c59b8b0f5541c1894759a6160cdab7,USGS-09371010,63680,00011,2023-09-15T05:15:00+00:00,235,_FNU,Provisional,,2025-08-30T09:02:45.069499+00:00,STNRD
05c59b8b0f5541c1894759a6160cdab7,USGS-09371010,63680,00011,2023-09-15T05:30:00+00:00,246,_FNU,Provisional,,2025-08-30T09:02:45.069499+00:00,STNRD
05c59b8b0f5541c1894759a6160cdab7,USGS-09371010,63680,00011,2023-09-15T05:45:00+00:00,288,_FNU,Provisional,,2025-08-30T09:02:45.069499+00:00,STNRD
05c59b8b0f5541c1894759a6160cdab7,USGS-09371010,63680,00011,2023-09-15T06:00:00+00:00,851,_FNU,Provisional,,2025-08-30T09:02:45.069499+00:00,STNRD
05c59b8b0f5541c1894759a6160cdab7,USGS-09371010,63680,00011,2023-09-15T06:15:00+00:00,1290,_FNU,Provisional,,2025-08-30T09:02:45.069499+00:00,STNRD
05c59b8b0f5541c1894759a6160cdab7,USGS-09371010,63680,00011,2023-09-15T06:30:00+00:00,1570,_FNU,Provisional,,2025-08-30T09:02:45.069499+00:00,STNRD
05c59b8b0f5541c1894759a6160cdab7,USGS-09371010,63680,00011,2023-09-15T06:45:00+00:00,2020,_FNU,Provisional,,2025-08-30T09:02:45.069499+00:00,STNRD
05c59b8b0f5541c1894759a6160cdab7,USGS-09371010,63680,00011,2023-09-15T07:00:00+00:00,3590,_FNU,Provisional,,2025-08-30T09:02:45.069499+00:00,STNRD
05c59b8b0f5541c1894759a6160cdab7,USGS-09371010,63680,00011,2023-09-15T19:15:00+00:00,3920,_FNU,Provisional,,2025-08-30T09:02:45.069499+00:00,STNRD
05c59b8b0f5541c1894759a6160cdab7,USGS-09371010,63680,00011,2023-09-15T19:30:00+00:00,3560,_FNU,Provisional,,2025-08-30T09:02:45.069499+00:00,STNRD
05c59b8b0f5541c1894759a6160cdab7,USGS-09371010,63680,00011,2023-09-15T19:45:00+00:00,3340,_FNU,Provisional,,2025-08-30T09:02:45.069499+00:00,STNRD
05c59b8b0f5541c1894759a6160cdab7,USGS-09371010,63680,00011,2023-09-15T20:00:00+00:00,3120,_FNU,Provisional,,2025-08-30T09:02:45.069499+00:00,STNRD
05c59b8b0f5541c1894759a6160cdab7,USGS-09371010,63680,00011,2023-09-15T20:15:00+00:00,2920,_FNU,Provisional,,2025-08-30T09:02:45.069499+00:00,STNRD
05c59b8b0f5541c1894759a6160cdab7,USGS-09371010,63680,00011,2023-09-15T20:30:00+00:00,2740,_FNU,Provisional,,2025-08-30T09:02:45.069499+00:00,STNRD
05c59b8b0f5541c1894759a6160cdab7,USGS-09371010,63680,00011,2023-09-15T20:45:00+00:00,2580,_FNU,Provisional,,2025-08-30T09:02:45.069499+00:00,STNRD
05c59b8b0f5541c1894759a6160cdab7,USGS-09371010,63680,00011,2023-09-15T21:00:00+00:00,2480,_FNU,Provisional,,2025-08-30T09:02:45.069499+00:00,STNRD
05c59b8b0f5541c1894759a6160cdab7,USGS-09371010,63680,00011,2023-09-15T21:15:00+00:00,2400,_FNU,Provisional,,2025-08-30T09:02:45.069499+00:00,STNRD
05c59b8b0f5541c1894759a6160cdab7,USGS-09371010,63680,00011,2023-09-15T21:30:00+00:00,2370,_FNU,Provisional,,2025-08-30T09:02:45.069499+00:00,STNRD
05c59b8b0f5541c1894759a6160cdab7,USGS-09371010,63680,00011,2023-09-15T21:45:00+00:00,2380,_FNU,Provisional,,2025-08-30T09:02:45.069499+00:00,STNRD
05c59b8b0f5541c1894759a6160cdab7,USGS-09371010,63680,00011,2023-09-15T22:00:00+00:00,2450,_FNU,Provisional,,2025-08-30T09:02:45.069499+00:00,STNRD
05c59b8b0f5541c1894759a6160cdab7,USGS-09371010,63680,00011,2023-09-15T22:15:00+00:00,2560,_FNU,Provisional,,2025-08-30T09:02:45.069499+00:00,STNRD
05c59b8b0f5541c1894759a6160cdab7,USGS-09371010,63680,00011,2023-09-15T22:30:00+00:00,2700,_FNU,Provisional,,2025-08-30T09:02:45.069499+00:00,STNRD
05c59b8b0f5541c1894759a6160cdab7,USGS-09371010,63680,00011,2023-09-15T22:45:00+00:00,2920,_FNU,Provisional,,2025-08-30T09:02:45.069499+00:00,STNRD
05c59b8b0f5541c1894759a6160cdab7,USGS-09371010,63680,00011,2023-09-15T23:00:00+00:00,3150,_FNU,Provisional,,2025-08-30T09:02:45.069499+00:00,STNRD
05c59b8b0f5541c1894759a6160cdab7,USGS-09371010,63680,00011,2023-09-15T23:15:00+00:00,3380,_FNU,Provisional,,2025-08-30T09:02:45.069499+00:00,STNRD
05c59b8b0f5541c1894759a6160cdab7,USGS-09371010,63680,00011,2023-09-15T23:30:00+00:00,3570,_FNU,Provisional,,2025-08-30T09:02:45.069499+00:00,STNRD
05c59b8b0f5541c1894759a6160cdab7,USGS-09371010,63680,00011,2023-09-15T23:45:00+00:00,3750,_FNU,Provisional,,2025-08-30T09:02:45.069499+00:00,STNRD
05c59b8b0f5541c1894759a6160cdab7,USGS-09371010,63680,00011,2023-09-16T00:00:00+00:00,3920,_FNU,Provisional,,2025-08-30T09:02:45.069499+00:00,STNRD
05c59b8b0f5541c1894759a6160cdab7,USGS-09371010,63680,00011,2023-09-16T01:30:00+00:00,3990,_FNU,Provisional,,2025-08-30T09:02:45.069499+00:00,STNRD
05c59b8b0f5541c1894759a6160cdab7,USGS-09371010,63680,00011,2023-09-16T01:45:00+00:00,3800,_FNU,Provisional,,2025-08-30T09:02:45.069499+00:00,STNRD
05c59b8b0f5541c1894759a6160cdab7,USGS-09371010,63680,00011,2023-09-16T02:00:00+00:00,3700,_FNU,Provisional,,2025-08-30T09:02:45.069499+00:00,STNRD
05c59b8b0f5541c1894759a6160cdab7,USGS-09371010,63680,00011,2023-09-16T02:15:00+00:00,3540,_FNU,Provisional,,2025-08-30T09:02:45.069499+00:00,STNRD
05c59b8b0f5541c1894759a6160cdab7,USGS-09371010,63680,00011,2023-09-16T02:30:00+00:00,3340,_FNU,Provisional,,2025-08-30T09:02:45.069499+00:00,STNRD
05c59b8b0f5541c1894759a6160cdab7,USGS-09371010,63680,00011,2023-09-16T02:45:00+00:00,3160,_FNU,Provisional,,2025-08-30T09:02:45.069499+00:00,STNRD
05c59b8b0f5541c1894759a6160cdab7,USGS-09371010,63680,00011,2023-09-16T03:00:00+00:00,3010,_FNU,Provisional,,2025-08-30T09:02:45.069499+00:00,STNRD
05c59b8b0f5541c1894759a6160cdab7,USGS-09371010,63680,00011,2023-09-16T03:15:00+00:00,2850,_FNU,Provisional,,2025-08-30T09:02:45.069499+00:00,STNRD
05c59b8b0f5541c1894759a6160cdab7,USGS-09371010,63680,00011,2023-09-16T03:30:00+00:00,2660,_FNU,Provisional,,2025-08-30T09:02:45.069499+00:00,STNRD
05c59b8b0f5541c1894759a6160cdab7,USGS-09371010,63680,00011,2023-09-16T03:45:00+00:00,2530,_FNU,Provisional,,2025-08-30T09:02:45.069499+00:00,STNRD
05c59b8b0f5541c1894759a6160cdab7,USGS-09371010,63680,00011,2023-09-16T04:00:00+00:00,2420,_FNU,Provisional,,2025-08-30T09:02:45.069499+00:00,STNRD
05c59b8b0f5541c1894759a6160cdab7,USGS-09371010,63680,00011,2023-09-16T04:15:00+00:00,2330,_FNU,Provisional,,2025-08-30T09:02:45.069499+00:00,STNRD
05c59b8b0f5541c1894759a6160cdab7,USGS-09371010,63680,00011,2023-09-16T04:30:00+00:00,2280,_FNU,Provisional,,2025-08-30T09:02:45.069499+00:00,STNRD
05c59b8b0f5541c1894759a6160cdab7,USGS-09371010,63680,00011,2023-09-16T04:45:00+00:00,2240,_FNU,Provisional,,2025-08-30T09:02:45.069499+00:00,STNRD
05c59b8b0f5541c1894759a6160cdab7,USGS-09371010,63680,00011,2023-09-16T05:00:00+00:00,2220,_FNU,Provisional,,2025-08-30T09:02:45.069499+00:00,STNRD
05c59b8b0f5541c1894759a6160cdab7,USGS-09371010,63680,00011,2023-09-16T05:15:00+00:00,2330,_FNU,Provisional,,2025-08-30T09:02:45.069499+00:00,STNRD
05c59b8b0f5541c1894759a6160cdab7,USGS-09371010,63680,00011,2023-09-16T05:30:00+00:00,2470,_FNU,Provisional,,2025-08-30T09:02:45.069499+00:00,STNRD
05c59b8b0f5541c1894759a6160cdab7,USGS-09371010,63680,00011,2023-09-16T05:45:00+00:00,2650,_FNU,Provisional,,2025-08-30T09:02:45.069499+00:00,STNRD
05c59b8b0f5541c1894759a6160cdab7,USGS-09371010,63680,00011,2023-09-16T06:00:00+00:00,2810,_FNU,Provisional,,2025-08-30T09:02:45.069499+00:00,STNRD
05c59b8b0f5541c1894759a6160cdab7,USGS-09371010,63680,00011,2023-09-16T06:15:00+00:00,2920,_FNU,Provisional,,2025-08-30T09:02:45.069499+00:00,STNRD
05c59b8b0f5541c1894759a6160cdab7,USGS-09371010,63680,00011,2023-09-16T06:30:00+00:00,2970,_FNU,Provisional,,2025-08-30T09:02:45.069499+00:00,STNRD
05c59b8b0f5541c1894759a6160cdab7,USGS-09371010,63680,00011,2023-09-16T06:45:00+00:00,3010,_FNU,Provisional,,2025-08-30T09:02:45.069499+00:00,STNRD
05c59b8b0f5541c1894759a6160cdab7,USGS-09371010,63680,00011,2023-09-16T07:00:00+00:00,3050,_FNU,Provisional,,2025-08-30T09:02:45.069499+00:00,STNRD
05c59b8b0f5541c1894759a6160cdab7,USGS-09371010,63680,00011,2023-09-16T07:15:00+00:00,3190,_FNU,Provisional,,2025-08-30T09:02:45.069499+00:00,STNRD
05c59b8b0f5541c1894759a6160cdab7,USGS-09371010,63680,00011,2023-09-16T07:30:00+00:00,3300,_FNU,Provisional,,2025-08-30T09:02:45.069499+00:00,STNRD
05c59b8b0f5541c1894759a6160cdab7,USGS-09371010,63680,00011,2023-09-16T07:45:00+00:00,3530,_FNU,Provisional,,2025-08-30T09:02:45.069499+00:00,STNRD
05c59b8b0f5541c1894759a6160cdab7,USGS-09371010,63680,00011,2023-09-17T13:15:00+00:00,3980,_FNU,Provisional,,2025-08-30T09:02:45.069499+00:00,STNRD
05c59b8b0f5541c1894759a6160cdab7,USGS-09371010,63680,00011,2023-09-17T13:30:00+00:00,3900,_FNU,Provisional,,2025-08-30T09:02:45.069499+00:00,STNRD
05c59b8b0f5541c1894759a6160cdab7,USGS-09371010,63680,00011,2023-09-17T13:45:00+00:00,3790,_FNU,Provisional,,2025-08-30T09:02:45.069499+00:00,STNRD
05c59b8b0f5541c1894759a6160cdab7,USGS-09371010,63680,00011,2023-09-17T14:00:00+00:00,3660,_FNU,Provisional,,2025-08-30T09:02:45.069499+00:00,STNRD
05c59b8b0f5541c1894759a6160cdab7,USGS-09371010,63680,00011,2023-09-17T14:15:00+00:00,3590,_FNU,Provisional,,2025-08-30T09:02:45.069499+00:00,STNRD
05c59b8b0f5541c1894759a6160cdab7,USGS-09371010,63680,00011,2023-09-17T14:30:00+00:00,3480,_FNU,Provisional,,2025-08-30T09:02:45.069499+00:00,STNRD
05c59b8b0f5541c1894759a6160cdab7,USGS-09371010,63680,00011,2023-09-17T14:45:00+00:00,3380,_FNU,Provisional,,2025-08-30T09:02:45.069499+00:00,STNRD
05c59b8b0f5541c1894759a6160cdab7,USGS-09371010,63680,00011,2023-09-17T15:00:00+00:00,3270,_FNU,Provisional,,2025-08-30T09:02:45.069499+00:00,STNRD
05c59b8b0f5541c1894759a6160cdab7,USGS-09371010,63680,00011,2023-09-17T15:15:00+00:00,3170,_FNU,Provisional,,2025-08-30T09:02:45.069499+00:00,STNRD
05c59b8b0f5541c1894759a6160cdab7,USGS-09371010,63680,00011,2023-09-17T15:30:00+00:00,3100,_FNU,Provisional,,2025-08-30T09:02:45.069499+00:00,STNRD
05c59b8b0f5541c1894759a6160cdab7,USGS-09371010,63680,00011,2023-09-17T15:45:00+00:00,3020,_FNU,Provisional,,2025-08-30T09:02:45.069499+00:00,STNRD
05c59b8b0f5541c1894759a6160cdab7,USGS-09371010,63680,00011,2023-09-17T16:00:00+00:00,2920,_FNU,Provisional,,2025-08-30T09:02:45.069499+00:00,STNRD
05c59b8b0f5541c1894759a6160cdab7,USGS-09371010,63680,00011,2023-09-17T16:15:00+00:00,2780,_FNU,Provisional,,2025-08-30T09:02:45.069499+00:00,STNRD
05c59b8b0f5541c1894759a6160cdab7,USGS-09371010,63680,00011,2023-09-17T16:30:00+00:00,2660,_FNU,Provisional,,2025-08-30T09:02:45.069499+00:00,STNRD
05c59b8b0f5541c1894759a6160cdab7,USGS-09371010,63680,00011,2023-09-17T16:45:00+00:00,2600,_FNU,Provisional,,2025-08-30T09:02:45.069499+00:00,STNRD
05c59b8b0f5541c1894759a6160cdab7,USGS-09371010,63680,00011,2023-09-17T17:00:00+00:00,2450,_FNU,Provisional,,2025-08-30T09:02:45.069499+00:00,STNRD
05c59b8b0f5541c1894759a6160cdab7,USGS-09371010,63680,00011,2023-09-17T17:15:00+00:00,2400,_FNU,Provisional,,2025-08-30T09:02:45.069499+00:00,STNRD
05c59b8b0f5541c1894759a6160cdab7,USGS-09371010,63680,00011,2023-09-17T17:30:00+00:00,2290,_FNU,Provisional,,2025-08-30T09:02:45.069499+00:00,STNRD
05c59b8b0f5541c1894759a6160cdab7,USGS-09371010,63680,00011,2023-09-17T17:45:00+00:00,2190,_FNU,Provisional,,2025-08-30T09:02:45.069499+00:00,STNRD
05c59b8b0f5541c1894759a6160cdab7,USGS-09371010,63680,00011,2023-09-17T18:00:00+00:00,2170,_FNU,Provisional,,2025-08-30T09:02:45.069499+00:00,STNRD
05c59b8b0f5541c1894759a6160cdab7,USGS-09371010,63680,00011,2023-09-17T18:15:00+00:00,2060,_FNU,Provisional,,2025-08-30T09:02:45.069499+00:00,STNRD
05c59b8b0f5541c1894759a6160cdab7,USGS-09371010,63680,00011,2023-09-17T18:30:00+00:00,2020,_FNU,Provisional,,2025-08-30T09:02:45.069499+00:00,STNRD
05c59b8b0f5541c1894759a6160cdab7,USGS-09371010,63680,00011,2023-09-17T18:45:00+00:00,1950,_FNU,Provisional,,2025-08-30T09:02:45.069499+00:00,STNRD
05c59b8b0f5541c1894759a6160cdab7,USGS-09371010,63680,00011,2023-09-17T19:00:00+00:00,1920,_FNU,Provisional,,2025-08-30T09:02:45.069499+00:00,STNRD
05c59b8b0f5541c1894759a6160cdab7,USGS-09371010,63680,00011,2023-09-17T19:15:00+00:00,1860,_FNU,Provisional,,2025-08-30T09:02:45.069499+00:00,STNRD
05c59b8b0f5541c1894759a6160cdab7,USGS-09371010,63680,00011,2023-09-17T19:30:00+00:00,1820,_FNU,Provisional,,2025-08-30T09:02:45.069499+00:00,STNRD
05c59b8b0f5541c1894759a6160cdab7,USGS-09371010,63680,00011,2023-09-17T19:45:00+00:00,1780,_FNU,Provisional,,2025-08-30T09:02:45.069499+00:00,STNRD
05c59b8b0f5541c1894759a6160cdab7,USGS-09371010,63680,00011,2023-09-17T20:00:00+00:00,1750,_FNU,Provisional,,2025-08-30T09:02:45.069499+00:00,STNRD
05c59b8b0f5541c1894759a6160cdab7,USGS-09371010,63680,00011,2023-09-17T20:15:00+00:00,1780,_FNU,Provisional,,2025-08-30T09:02:45.069499+00:00,STNRD
05c59b8b0f5541c1894759a6160cdab7,USGS-09371010,63680,00011,2023-09-17T20:30:00+00:00,1750,_FNU,Provisional,,2025-08-30T09:02:45.069499+00:00,STNRD
05c59b8b0f5541c1894759a6160cdab7,USGS-09371010,63680,00011,2023-09-17T20:45:00+00:00,1750,_FNU,Provisional,,2025-08-30T09:02:45.069499+00:00,STNRD
05c59b8b0f5541c1894759a6160cdab7,USGS-09371010,63680,00011,2023-09-17T21:00:00+00:00,1760,_FNU,Provisional,,2025-08-30T09:02:45.069499+00:00,STNRD
05c59b8b0f5541c1894759a6160cdab7,USGS-09371010,63680,00011,2023-09-17T21:15:00+00:00,1780,_FNU,Provisional,,2025-08-30T09:02:45.069499+00:00,STNRD
05c59b8b0f5541c1894759a6160cdab7,USGS-09371010,63680,00011,2023-09-17T21:30:00+00:00,1780,_FNU,Provisional,,2025-08-30T09:02:45.069499+00:00,STNRD
05c59b8b0f5541c1894759a6160cdab7,USGS-09371010,63680,00011,2023-09-17T21:45:00+00:00,1810,_FNU,Provisional,,2025-08-30T09:02:45.069499+00:00,STNRD
05c59b8b0f5541c1894759a6160cdab7,USGS-09371010,63680,00011,2023-09-17T22:00:00+00:00,1840,_FNU,Provisional,,2025-08-30T09:02:45.069499+00:00,STNRD
05c59b8b0f5541c1894759a6160cdab7,USGS-09371010,63680,00011,2023-09-17T22:15:00+00:00,1910,_FNU,Provisional,,2025-08-30T09:02:45.069499+00:00,STNRD
05c59b8b0f5541c1894759a6160cdab7,USGS-09371010,63680,00011,2023-09-17T22:30:00+00:00,1960,_FNU,Provisional,,2025-08-30T09:02:45.069499+00:00,STNRD
05c59b8b0f5541c1894759a6160cdab7,USGS-09371010,63680,00011,2023-09-17T22:45:00+00:00,2030,_FNU,Provisional,,2025-08-30T09:02:45.069499+00:00,STNRD
05c59b8b0f5541c1894759a6160cdab7,USGS-09371010,63680,00011,2023-09-17T23:00:00+00:00,2150,_FNU,Provisional,,2025-08-30T09:02:45.069499+00:00,STNRD
05c59b8b0f5541c1894759a6160cdab7,USGS-09371010,63680,00011,2023-09-17T23:15:00+00:00,2290,_FNU,Provisional,,2025-08-30T09:02:45.069499+00:00,STNRD
05c59b8b0f5541c1894759a6160cdab7,USGS-09371010,63680,00011,2023-09-17T23:30:00+00:00,2450,_FNU,Provisional,,2025-08-30T09:02:45.069499+00:00,STNRD
05c59b8b0f5541c1894759a6160cdab7,USGS-09371010,63680,00011,2023-09-17T23:45:00+00:00,2640,_FNU,Provisional,,2025-08-30T09:02:45.069499+00:00,STNRD
05c59b8b0f5541c1894759a6160cdab7,USGS-09371010,63680,00011,2023-10-09T00:00:00+00:00,,_FNU,Provisional,['DISCONTINUED'],2025-08-30T09:02:45.069499+00:00,STNRD
05c59b8b0f5541c1894759a6160cdab7,USGS-09371010,63680,00011,2023-10-09T00:15:00+00:00,,_FNU,Provisional,['DISCONTINUED'],2025-08-30T09:02:45.069499+00:00,STNRD
05c59b8b0f5541c1894759a6160cdab7,USGS-09371010,63680,00011,2023-10-09T00:30:00+00:00,,_FNU,Provisional,['DISCONTINUED'],2025-08-30T09:02:45.069499+00:00,STNRD
05c59b8b0f5541c1894759a6160cdab7,USGS-09371010,63680,00011,2023-10-09T00:45:00+00:00,,_FNU,Provisional,['DISCONTINUED'],2025-08-30T09:02:45.069499+00:00,STNRD
05c59b8b0f5541c1894759a6160cdab7,USGS-09371010,63680,00011,2023-10-09T01:00:00+00:00,,_FNU,Provisional,['DISCONTINUED'],2025-08-30T09:02:45.069499+00:00,STNRD
05c59b8b0f5541c1894759a6160cdab7,USGS-09371010,63680,00011,2023-10-09T01:15:00+00:00,,_FNU,Provisional,['DISCONTINUED'],2025-08-30T09:02:45.069499+00:00,STNRD
05c59b8b0f5541c1894759a6160cdab7,USGS-09371010,63680,00011,2023-10-09T01:30:00+00:00,,_FNU,Provisional,['DISCONTINUED'],2025-08-30T09:02:45.069499+00:00,STNRD
05c59b8b0f5541c1894759a6160cdab7,USGS-09371010,63680,00011,2023-10-09T01:45:00+00:00,,_FNU,Provisional,['DISCONTINUED'],2025-08-30T09:02:45.069499+00:00,STNRD
05c59b8b0f5541c1894759a6160cdab7,USGS-09371010,63680,00011,2023-10-09T02:00:00+00:00,,_FNU,Provisional,['DISCONTINUED'],2025-08-30T09:02:45.069499+00:00,STNRD
05c59b8b0f5541c1894759a6160cdab7,USGS-09371010,63680,00011,2023-10-09T02:15:00+00:00,,_FNU,Provisional,['DISCONTINUED'],2025-08-30T09:02:45.069499+00:00,STNRD
05c59b8b0f5541c1894759a6160cdab7,USGS-09371010,63680,00011,2023-10-09T02:30:00+00:00,,_FNU,Provisional,['DISCONTINUED'],2025-08-30T09:02:45.069499+00:00,STNRD
05c59b8b0f5541c1894759a6160cdab7,USGS-09371010,63680,00011,2023-10-09T02:45:00+00:00,,_FNU,Provisional,['DISCONTINUED'],2025-08-30T09:02:45.069499+00:00,STNRD
05c59b8b0f5541c1894759a6160cdab7,USGS-09371010,63680,00011,2023-10-09T03:00:00+00:00,,_FNU,Provisional,['DISCONTINUED'],2025-08-30T09:02:45.069499+00:00,STNRD
05c59b8b0f5541c1894759a6160cdab7,USGS-09371010,63680,00011,2023-10-09T03:15:00+00:00,,_FNU,Provisional,['DISCONTINUED'],2025-08-30T09:02:45.069499+00:00,STNRD
05c59b8b0f5541c1894759a6160cdab7,USGS-09371010,63680,00011,2023-10-09T03:30:00+00:00,,_FNU,Provisional,['DISCONTINUED'],2025-08-30T09:02:45.069499+00:00,STNRD
05c59b8b0f5541c1894759a6160cdab7,USGS-09371010,63680,00011,2023-10-09T03:45:00+00:00,,_FNU,Provisional,['DISCONTINUED'],2025-08-30T09:02:45.069499+00:00,STNRD
05c59b8b0f5541c1894759a6160cdab7,USGS-09371010,63680,00011,2023-10-09T04:00:00+00:00,,_FNU,Provisional,['DISCONTINUED'],2025-08-30T09:02:45.069499+00:00,STNRD
05c59b8b0f5541c1894759a6160cdab7,USGS-09371010,63680,00011,2023-10-09T04:15:00+00:00,,_FNU,Provisional,['DISCONTINUED'],2025-08-30T09:02:45.069499+00:00,STNRD
05c59b8b0f5541c1894759a6160cdab7,USGS-09371010,63680,00011,2023-10-09T04:30:00+00:00,,_FNU,Provisional,['DISCONTINUED'],2025-08-30T09:02:45.069499+00:00,STNRD
05c59b8b0f5541c1894759a6160cdab7,USGS-09371010,63680,00011,2023-10-09T04:45:00+00:00,,_FNU,Provisional,['DISCONTINUED'],2025-08-30T09:02:45.069499+00:00,STNRD
05c59b8b0f5541c1894759a6160cdab7,USGS-09371010,63680,00011,2023-10-09T05:00:00+00:00,,_FNU,Provisional,['DISCONTINUED'],2025-08-30T09:02:45.069499+00:00,STNRD
05c59b8b0f5541c1894759a6160cdab7,USGS-09371010,63680,00011,2023-10-09T05:15:00+00:00,,_FNU,Provisional,['DISCONTINUED'],2025-08-30T09:02:45.069499+00:00,STNRD
05c59b8b0f5541c1894759a6160cdab7,USGS-09371010,63680,00011,2023-10-09T05:30:00+00:00,,_FNU,Provisional,['DISCONTINUED'],2025-08-30T09:02:45.069499+00:00,STNRD
05c59b8b0f5541c1894759a6160cdab7,USGS-09371010,63680,00011,2023-10-09T05:45:00+00:00,,_FNU,Provisional,['DISCONTINUED'],2025-08-30T09:02:45.069499+00:00,STNRD
05c59b8b0f5541c1894759a6160cdab7,USGS-09371010,63680,00011,2023-10-09T06:00:00+00:00,,_FNU,Provisional,['DISCONTINUED'],2025-08-30T09:02:45.069499+00:00,STNRD
05c59b8b0f5541c1894759a6160cdab7,USGS-09371010,63680,00011,2023-10-09T06:15:00+00:00,,_FNU,Provisional,['DISCONTINUED'],2025-08-30T09:02:45.069499+00:00,STNRD
05c59b8b0f5541c1894759a6160cdab7,USGS-09371010,63680,00011,2023-10-09T06:30:00+00:00,,_FNU,Provisional,['DISCONTINUED'],2025-08-30T09:02:45.069499+00:00,STNRD
05c59b8b0f5541c1894759a6160cdab7,USGS-09371010,63680,00011,2023-10-09T06:45:00+00:00,,_FNU,Provisional,['DISCONTINUED'],2025-08-30T09:02:45.069499+00:00,STNRD
05c59b8b0f5541c1894759a6160cdab7,USGS-09371010,63680,00011,2023-10-09T07:00:00+00:00,,_FNU,Provisional,['DISCONTINUED'],2025-08-30T09:02:45.069499+00:00,STNRD
05c59b8b0f5541c1894759a6160cdab7,USGS-09371010,63680,00011,2023-10-09T07:15:00+00:00,,_FNU,Provisional,['DISCONTINUED'],2025-08-30T09:02:45.069499+00:00,STNRD
05c59b8b0f5541c1894759a6160cdab7,USGS-09371010,63680,00011,2023-10-09T07:30:00+00:00,,_FNU,Provisional,['DISCONTINUED'],2025-08-30T09:02:45.069499+00:00,STNRD
05c59b8b0f5541c1894759a6160cdab7,USGS-09371010,63680,00011,2023-10-09T07:45:00+00:00,,_FNU,Provisional,['DISCONTINUED'],2025-08-30T09:02:45.069499+00:00,STNRD
05c59b8b0f5541c1894759a6160cdab7,USGS-09371010,63680,00011,2023-10-09T08:00:00+00:00,,_FNU,Provisional,['DISCONTINUED'],2025-08-30T09:02:45.069499+00:00,STNRD
05c59b8b0f5541c1894759a6160cdab7,USGS-09371010,63680,00011,2023-10-09T08:15:00+00:00,,_FNU,Provisional,['DISCONTINUED'],2025-08-30T09:02:45.069499+00:00,STNRD
05c59b8b0f5541c1894759a6160cdab7,USGS-09371010,63680,00011,2023-10-09T08:30:00+00:00,,_FNU,Provisional,['DISCONTINUED'],2025-08-30T09:02:45.069499+00:00,STNRD
05c59b8b0f5541c1894759a6160cdab7,USGS-09371010,63680,00011,2023-10-09T08:45:00+00:00,,_FNU,Provisional,['DISCONTINUED'],2025-08-30T09:02:45.069499+00:00,STNRD
05c59b8b0f5541c1894759a6160cdab7,USGS-09371010,63680,00011,2023-10-09T09:00:00+00:00,,_FNU,Provisional,['DISCONTINUED'],2025-08-30T09:02:45.069499+00:00,STNRD
05c59b8b0f5541c1894759a6160cdab7,USGS-09371010,63680,00011,2023-10-09T09:15:00+00:00,,_FNU,Provisional,['DISCONTINUED'],2025-08-30T09:02:45.069499+00:00,STNRD
05c59b8b0f5541c1894759a6160cdab7,USGS-09371010,63680,00011,2023-10-09T09:30:00+00:00,,_FNU,Provisional,['DISCONTINUED'],2025-08-30T09:02:45.069499+00:00,STNRD
05c59b8b0f5541c1894759a6160cdab7,USGS-09371010,63680,00011,2023-10-09T09:45:00+00:00,,_FNU,Provisional,['DISCONTINUED'],2025-08-30T09:02:45.069499+00:00,STNRD
05c59b8b0f5541c1894759a6160cdab7,USGS-09371010,63680,00011,2023-10-09T10:00:00+00:00,,_FNU,Provisional,['DISCONTINUED'],2025-08-30T09:02:45.069499+00:00,STNRD
05c59b8b0f5541c1894759a6160cdab7,USGS-09371010,63680,00011,2023-10-09T10:15:00+00:00,,_FNU,Provisional,['DISCONTINUED'],2025-08-30T09:02:45.069499+00:00,STNRD
05c59b8b0f5541c1894759a6160cdab7,USGS-09371010,63680,00011,2023-10-09T10:30:00+00:00,,_FNU,Provisional,['DISCONTINUED'],2025-08-30T09:02:45.069499+00:00,STNRD
05c59b8b0f5541c1894759a6160cdab7,USGS-09371010,63680,00011,2023-10-09T10:45:00+00:00,,_FNU,Provisional,['DISCONTINUED'],2025-08-30T09:02:45.069499+00:00,STNRD
05c59b8b0f5541c1894759a6160cdab7,USGS-09371010,63680,00011,2023-10-09T11:00:00+00:00,,_FNU,Provisional,['DISCONTINUED'],2025-08-30T09:02:45.069499+00:00,STNRD
05c59b8b0f5541c1894759a6160cdab7,USGS-09371010,63680,00011,2023-10-09T11:15:00+00:00,,_FNU,Provisional,['DISCONTINUED'],2025-08-30T09:02:45.069499+00:00,STNRD
05c59b8b0f5541c1894759a6160cdab7,USGS-09371010,63680,00011,2023-10-09T11:30:00+00:00,,_FNU,Provisional,['DISCONTINUED'],2025-08-30T09:02:45.069499+00:00,STNRD
05c59b8b0f5541c1894759a6160cdab7,USGS-09371010,63680,00011,2023-10-09T11:45:00+00:00,,_FNU,Provisional,['DISCONTINUED'],2025-08-30T09:02:45.069499+00:00,STNRD
05c59b8b0f5541c1894759a6160cdab7,USGS-09371010,63680,00011,2023-10-09T12:00:00+00:00,,_FNU,Provisional,['DISCONTINUED'],2025-08-30T09:02:45.069499+00:00,STNRD
05c59b8b0f5541c1894759a6160cdab7,USGS-09371010,63680,00011,2023-10-09T12:15:00+00:00,,_FNU,Provisional,['DISCONTINUED'],2025-08-30T09:02:45.069499+00:00,STNRD
05c59b8b0f5541c1894759a6160cdab7,USGS-09371010,63680,00011,2023-10-09T12:30:00+00:00,,_FNU,Provisional,['DISCONTINUED'],2025-08-30T09:02:45.069499+00:00,STNRD
05c59b8b0f5541c1894759a6160cdab7,USGS-09371010,63680,00011,2023-10-09T12:45:00+00:00,,_FNU,Provisional,['DISCONTINUED'],2025-08-30T09:02:45.069499+00:00,STNRD
05c59b8b0f5541c1894759a6160cdab7,USGS-09371010,63680,00011,2023-10-09T13:00:00+00:00,,_FNU,Provisional,['DISCONTINUED'],2025-08-30T09:02:45.069499+00:00,STNRD
05c59b8b0f5541c1894759a6160cdab7,USGS-09371010,63680,00011,2023-10-09T13:15:00+00:00,,_FNU,Provisional,['DISCONTINUED'],2025-08-30T09:02:45.069499+00:00,STNRD
05c59b8b0f5541c1894759a6160cdab7,USGS-09371010,63680,00011,2023-10-09T13:30:00+00:00,,_FNU,Provisional,['DISCONTINUED'],2025-08-30T09:02:45.069499+00:00,STNRD
05c59b8b0f5541c1894759a6160cdab7,USGS-09371010,63680,00011,2023-10-09T13:45:00+00:00,,_FNU,Provisional,['DISCONTINUED'],2025-08-30T09:02:45.069499+00:00,STNRD
05c59b8b0f5541c1894759a6160cdab7,USGS-09371010,63680,00011,2023-10-09T14:00:00+00:00,,_FNU,Provisional,['DISCONTINUED'],2025-08-30T09:02:45.069499+00:00,STNRD
05c59b8b0f5541c1894759a6160cdab7,USGS-09371010,63680,00011,2023-10-09T14:15:00+00:00,,_FNU,Provisional,['DISCONTINUED'],2025-08-30T09:02:45.069499+00:00,STNRD
05c59b8b0f5541c1894759a6160cdab7,USGS-09371010,63680,00011,2023-10-09T14:30:00+00:00,,_FNU,Provisional,['DISCONTINUED'],2025-08-30T09:02:45.069499+00:00,STNRD
05c59b8b0f5541c1894759a6160cdab7,USGS-09371010,63680,00011,2023-10-09T14:45:00+00:00,,_FNU,Provisional,['DISCONTINUED'],2025-08-30T09:02:45.069499+00:00,STNRD
05c59b8b0f5541c1894759a6160cdab7,USGS-09371010,63680,00011,2023-10-09T15:00:00+00:00,,_FNU,Provisional,['DISCONTINUED'],2025-08-30T09:02:45.069499+00:00,STNRD
05c59b8b0f5541c1894759a6160cdab7,USGS-09371010,63680,00011,2023-10-09T15:15:00+00:00,,_FNU,Provisional,['DISCONTINUED'],2025-08-30T09:02:45.069499+00:00,STNRD
05c59b8b0f5541c1894759a6160cdab7,USGS-09371010,63680,00011,2023-10-09T15:30:00+00:00,,_FNU,Provisional,['DISCONTINUED'],2025-08-30T09:02:45.069499+00:00,STNRD
05c59b8b0f5541c1894759a6160cdab7,USGS-09371010,63680,00011,2023-10-09T15:45:00+00:00,,_FNU,Provisional,['DISCONTINUED'],2025-08-30T09:02:45.069499+00:00,STNRD
05c59b8b0f5541c1894759a6160cdab7,USGS-09371010,63680,00011,2023-10-09T16:00:00+00:00,,_FNU,Provisional,['DISCONTINUED'],2025-08-30T09:02:45.069499+00:00,STNRD
05c59b8b0f5541c1894759a6160cdab7,USGS-09371010,63680,00011,2023-10-09T16:15:00+00:00,,_FNU,Provisional,['DISCONTINUED'],2025-08-30T09:02:45.069499+00:00,STNRD
05c59b8b0f5541c1894759a6160cdab7,USGS-09371010,63680,00011,2023-10-09T16:30:00+00:00,,_FNU,Provisional,['DISCONTINUED'],2025-08-30T09:02:45.069499+00:00,STNRD
05c59b8b0f5541c1894759a6160cdab7,USGS-09371010,63680,00011,2023-10-09T16:45:00+00:00,,_FNU,Provisional,['DISCONTINUED'],2025-08-30T09:02:45.069499+00:00,STNRD
05c59b8b0f5541c1894759a6160cdab7,USGS-09371010,63680,00011,2023-10-09T17:00:00+00:00,,_FNU,Provisional,['DISCONTINUED'],2025-08-30T09:02:45.069499+00:00,STNRD
05c59b8b0f5541c1894759a6160cdab7,USGS-09371010,63680,00011,2023-10-09T17:15:00+00:00,,_FNU,Provisional,['DISCONTINUED'],2025-08-30T09:02:45.069499+00:00,STNRD
05c59b8b0f5541c1894759a6160cdab7,USGS-09371010,63680,00011,2023-10-09T17:30:00+00:00,,_FNU,Provisional,['DISCONTINUED'],2025-08-30T09:02:45.069499+00:00,STNRD
05c59b8b0f5541c1894759a6160cdab7,USGS-09371010,63680,00011,2023-10-09T17:45:00+00:00,,_FNU,Provisional,['DISCONTINUED'],2025-08-30T09:02:45.069499+00:00,STNRD
05c59b8b0f5541c1894759a6160cdab7,USGS-09371010,63680,00011,2023-10-09T18:00:00+00:00,,_FNU,Provisional,['DISCONTINUED'],2025-08-30T09:02:45.069499+00:00,STNRD
05c59b8b0f5541c1894759a6160cdab7,USGS-09371010,63680,00011,2023-10-09T18:15:00+00:00,,_FNU,Provisional,['DISCONTINUED'],2025-08-30T09:02:45.069499+00:00,STNRD
05c59b8b0f5541c1894759a6160cdab7,USGS-09371010,63680,00011,2023-10-09T18:30:00+00:00,,_FNU,Provisional,['DISCONTINUED'],2025-08-30T09:02:45.069499+00:00,STNRD
05c59b8b0f5541c1894759a6160cdab7,USGS-09371010,63680,00011,2023-10-09T18:45:00+00:00,,_FNU,Provisional,['DISCONTINUED'],2025-08-30T09:02:45.069499+00:00,STNRD
05c59b8b0f5541c1894759a6160cdab7,USGS-09371010,63680,00011,2023-10-09T19:00:00+00:00,,_FNU,Provisional,['DISCONTINUED'],2025-08-30T09:02:45.069499+00:00,STNRD
05c59b8b0f5541c1894759a6160cdab7,USGS-09371010,63680,00011,2023-10-09T19:15:00+00:00,,_FNU,Provisional,['DISCONTINUED'],2025-08-30T09:02:45.069499+00:00,STNRD
05c59b8b0f5541c1894759a6160cdab7,USGS-09371010,63680,00011,2023-10-09T19:30:00+00:00,,_FNU,Provisional,['DISCONTINUED'],2025-08-30T09:02:45.069499+00:00,STNRD
05c59b8b0f5541c1894759a6160cdab7,USGS-09371010,63680,00011,2023-10-09T19:45:00+00:00,,_FNU,Provisional,['DISCONTINUED'],2025-08-30T09:02:45.069499+00:00,STNRD
05c59b8b0f5541c1894759a6160cdab7,USGS-09371010,63680,00011,2023-10-09T20:00:00+00:00,,_FNU,Provisional,['DISCONTINUED'],2025-08-30T09:02:45.069499+00:00,STNRD
05c59b8b0f5541c1894759a6160cdab7,USGS-09371010,63680,00011,2023-10-09T20:15:00+00:00,,_FNU,Provisional,['DISCONTINUED'],2025-08-30T09:02:45.069499+00:00,STNRD
05c59b8b0f5541c1894759a6160cdab7,USGS-09371010,63680,00011,2023-10-09T20:30:00+00:00,,_FNU,Provisional,['DISCONTINUED'],2025-08-30T09:02:45.069499+00:00,STNRD
05c59b8b0f5541c1894759a6160cdab7,USGS-09371010,63680,00011,2023-10-09T20:45:00+00:00,,_FNU,Provisional,['DISCONTINUED'],2025-08-30T09:02:45.069499+00:00,STNRD
05c59b8b0f5541c1894759a6160cdab7,USGS-09371010,63680,00011,2023-10-09T21:00:00+00:00,,_FNU,Provisional,['DISCONTINUED'],2025-08-30T09:02:45.069499+00:00,STNRD
05c59b8b0f5541c1894759a6160cdab7,USGS-09371010,63680,00011,2023-10-09T21:15:00+00:00,,_FNU,Provisional,['DISCONTINUED'],2025-08-30T09:02:45.069499+00:00,STNRD
05c59b8b0f5541c1894759a6160cdab7,USGS-09371010,63680,00011,2023-10-09T21:30:00+00:00,,_FNU,Provisional,['DISCONTINUED'],2025-08-30T09:02:45.069499+00:00,STNRD
05c59b8b0f5541c1894759a6160cdab7,USGS-09371010,63680,00011,2023-10-09T21:45:00+00:00,,_FNU,Provisional,['DISCONTINUED'],2025-08-30T09:02:45.069499+00:00,STNRD
05c59b8b0f5541c1894759a6160cdab7,USGS-09371010,63680,00011,2023-10-09T22:00:00+00:00,,_FNU,Provisional,['DISCONTINUED'],2025-08-30T09:02:45.069499+00:00,STNRD
05c59b8b0f5541c1894759a6160cdab7,USGS-09371010,63680,00011,2023-10-09T22:15:00+00:00,,_FNU,Provisional,['DISCONTINUED'],2025-08-30T09:02:45.069499+00:00,STNRD
05c59b8b0f5541c1894759a6160cdab7,USGS-09371010,63680,00011,2023-10-09T22:30:00+00:00,,_FNU,Provisional,['DISCONTINUED'],2025-08-30T09:02:45.069499+00:00,STNRD
05c59b8b0f5541c1894759a6160cdab7,USGS-09371010,63680,00011,2023-10-09T22:45:00+00:00,,_FNU,Provisional,['DISCONTINUED'],2025-08-30T09:02:45.069499+00:00,STNRD
05c59b8b0f5541c1894759a6160cdab7,USGS-09371010,63680,00011,2023-10-09T23:00:00+00:00,,_FNU,Provisional,['DISCONTINUED'],2025-08-30T09:02:45.069499+00:00,STNRD
05c59b8b0f5541c1894759a6160cdab7,USGS-09371010,63680,00011,2023-10-09T23:15:00+00:00,,_FNU,Provisional,['DISCONTINUED'],2025-08-30T09:02:45.069499+00:00,STNRD
05c59b8b0f5541c1894759a6160cdab7,USGS-09371010,63680,00011,2023-10-09T23:30:00+00:00,,_FNU,Provisional,['DISCONTINUED'],2025-08-30T09:02:45.069499+00:00,STNRD
05c59b8b0f5541c1894759a6160cdab7,USGS-09371010,63680,00011,2023-10-09T23:45:00+00:00,,_FNU,Provisional,['DISCONTINUED'],2025-08-30T09:02:45.069499+00:00,STNRD
05c59b8b0f5541c1894759a6160cdab7,USGS-09371010,63680,00011,2023-10-10T00:00:00+00:00,,_FNU,Provisional,['DISCONTINUED'],2025-08-30T09:02:45.069499+00:00,STNRD
05c59b8b0f5541c1894759a6160cdab7,USGS-09371010,63680,00011,2023-10-10T00:15:00+00:00,,_FNU,Provisional,['DISCONTINUED'],2025-08-30T09:02:45.069499+00:00,STNRD
05c59b8b0f5541c1894759a6160cdab7,USGS-09371010,63680,00011,2023-10-10T00:30:00+00:00,,_FNU,Provisional,['DISCONTINUED'],2025-08-30T09:02:45.069499+00:00,STNRD
05c59b8b0f5541c1894759a6160cdab7,USGS-09371010,63680,00011,2023-10-10T00:45:00+00:00,,_FNU,Provisional,['DISCONTINUED'],2025-08-30T09:02:45.069499+00:00,STNRD
05c59b8b0f5541c1894759a6160cdab7,USGS-09371010,63680,00011,2023-10-10T01:00:00+00:00,,_FNU,Provisional,['DISCONTINUED'],2025-08-30T09:02:45.069499+00:00,STNRD
05c59b8b0f5541c1894759a6160cdab7,USGS-09371010,63680,00011,2023-10-10T01:15:00+00:00,,_FNU,Provisional,['DISCONTINUED'],2025-08-30T09:02:45.069499+00:00,STNRD
05c59b8b0f5541c1894759a6160cdab7,USGS-09371010,63680,00011,2023-10-10T01:30:00+00:00,,_FNU,Provisional,['DISCONTINUED'],2025-08-30T09:02:45.069499+00:00,STNRD
05c59b8b0f5541c1894759a6160cdab7,USGS-09371010,63680,00011,2023-10-10T01:45:00+00:00,,_FNU,Provisional,['DISCONTINUED'],2025-08-30T09:02:45.069499+00:00,STNRD
05c59b8b0f5541c1894759a6160cdab7,USGS-09371010,63680,00011,2023-10-10T02:00:00+00:00,,_FNU,Provisional,['DISCONTINUED'],2025-08-30T09:02:45.069499+00:00,STNRD
05c59b8b0f5541c1894759a6160cdab7,USGS-09371010,63680,00011,2023-10-10T02:15:00+00:00,,_FNU,Provisional,['DISCONTINUED'],2025-08-30T09:02:45.069499+00:00,STNRD
05c59b8b0f5541c1894759a6160cdab7,USGS-09371010,63680,00011,2023-10-10T02:30:00+00:00,,_FNU,Provisional,['DISCONTINUED'],2025-08-30T09:02:45.069499+00:00,STNRD
05c59b8b0f5541c1894759a6160cdab7,USGS-09371010,63680,00011,2023-10-10T02:45:00+00:00,,_FNU,Provisional,['DISCONTINUED'],2025-08-30T09:02:45.069499+00:00,STNRD
05c59b8b0f5541c1894759a6160cdab7,USGS-09371010,63680,00011,2023-10-10T03:00:00+00:00,,_FNU,Provisional,['DISCONTINUED'],2025-08-30T09:02:45.069499+00:00,STNRD
05c59b8b0f5541c1894759a6160cdab7,USGS-09371010,63680,00011,2023-10-10T03:15:00+00:00,,_FNU,Provisional,['DISCONTINUED'],2025-08-30T09:02:45.069499+00:00,STNRD
05c59b8b0f5541c1894759a6160cdab7,USGS-09371010,63680,00011,2023-10-10T03:30:00+00:00,,_FNU,Provisional,['DISCONTINUED'],2025-08-30T09:02:45.069499+00:00,STNRD
05c59b8b0f5541c1894759a6160cdab7,USGS-09371010,63680,00011,2023-10-10T03:45:00+00:00,,_FNU,Provisional,['DISCONTINUED'],2025-08-30T09:02:45.069499+00:00,STNRD
05c59b8b0f5541c1894759a6160cdab7,USGS-09371010,63680,00011,2023-10-10T04:00:00+00:00,,_FNU,Provisional,['DISCONTINUED'],2025-08-30T09:02:45.069499+00:00,STNRD
05c59b8b0f5541c1894759a6160cdab7,USGS-09371010,63680,00011,2023-10-10T04:15:00+00:00,,_FNU,Provisional,['DISCONTINUED'],2025-08-30T09:02:45.069499+00:00,STNRD
05c59b8b0f5541c1894759a6160cdab7,USGS-09371010,63680,00011,2023-10-10T04:30:00+00:00,,_FNU,Provisional,['DISCONTINUED'],2025-08-30T09:02:45.069499+00:00,STNRD
05c59b8b0f5541c1894759a6160cdab7,USGS-09371010,63680,00011,2023-10-10T04:45:00+00:00,,_FNU,Provisional,['DISCONTINUED'],2025-08-30T09:02:45.069499+00:00,STNRD
05c59b8b0f5541c1894759a6160cdab7,USGS-09371010,63680,00011,2023-10-10T05:00:00+00:00,,_FNU,Provisional,['DISCONTINUED'],2025-08-30T09:02:45.069499+00:00,STNRD
05c59b8b0f5541c1894759a6160cdab7,USGS-09371010,63680,00011,2023-10-10T05:15:00+00:00,,_FNU,Provisional,['DISCONTINUED'],2025-08-30T09:02:45.069499+00:00,STNRD
05c59b8b0f5541c1894759a6160cdab7,USGS-09371010,63680,00011,2023-10-10T05:30:00+00:00,,_FNU,Provisional,['DISCONTINUED'],2025-08-30T09:02:45.069499+00:00,STNRD
05c59b8b0f5541c1894759a6160cdab7,USGS-09371010,63680,00011,2023-10-10T05:45:00+00:00,,_FNU,Provisional,['DISCONTINUED'],2025-08-30T09:02:45.069499+00:00,STNRD
05c59b8b0f5541c1894759a6160cdab7,USGS-09371010,63680,00011,2023-10-10T06:00:00+00:00,,_FNU,Provisional,['DISCONTINUED'],2025-08-30T09:02:45.069499+00:00,STNRD
05c59b8b0f5541c1894759a6160cdab7,USGS-09371010,63680,00011,2023-10-10T06:15:00+00:00,,_FNU,Provisional,['DISCONTINUED'],2025-08-30T09:02:45.069499+00:00,STNRD
05c59b8b0f5541c1894759a6160cdab7,USGS-09371010,63680,00011,2023-10-10T06:30:00+00:00,,_FNU,Provisional,['DISCONTINUED'],2025-08-30T09:02:45.069499+00:00,STNRD
05c59b8b0f5541c1894759a6160cdab7,USGS-09371010,63680,00011,2023-10-10T07:00:00+00:00,,_FNU,Provisional,['DISCONTINUED'],2025-08-30T09:02:45.069499+00:00,STNRD
05c59b8b0f5541c1894759a6160cdab7,USGS-09371010,63680,00011,2023-10-10T07:15:00+00:00,,_FNU,Provisional,['DISCONTINUED'],2025-08-30T09:02:45.069499+00:00,STNRD
05c59b8b0f5541c1894759a6160cdab7,USGS-09371010,63680,00011,2023-10-10T07:30:00+00:00,,_FNU,Provisional,['DISCONTINUED'],2025-08-30T09:02:45.069499+00:00,STNRD
05c59b8b0f5541c1894759a6160cdab7,USGS-09371010,63680,00011,2023-10-10T07:45:00+00:00,,_FNU,Provisional,['DISCONTINUED'],2025-08-30T09:02:45.069499+00:00,STNRD
05c59b8b0f5541c1894759a6160cdab7,USGS-09371010,63680,00011,2023-10-10T08:00:00+00:00,,_FNU,Provisional,['DISCONTINUED'],2025-08-30T09:02:45.069499+00:00,STNRD
05c59b8b0f5541c1894759a6160cdab7,USGS-09371010,63680,00011,2023-10-10T08:15:00+00:00,,_FNU,Provisional,['DISCONTINUED'],2025-08-30T09:02:45.069499+00:00,STNRD
05c59b8b0f5541c1894759a6160cdab7,USGS-09371010,63680,00011,2023-10-10T08:30:00+00:00,,_FNU,Provisional,['DISCONTINUED'],2025-08-30T09:02:45.069499+00:00,STNRD
05c59b8b0f5541c1894759a6160cdab7,USGS-09371010,63680,00011,2023-10-10T08:45:00+00:00,,_FNU,Provisional,['DISCONTINUED'],2025-08-30T09:02:45.069499+00:00,STNRD
05c59b8b0f5541c1894759a6160cdab7,USGS-09371010,63680,00011,2023-10-10T09:00:00+00:00,,_FNU,Provisional,['DISCONTINUED'],2025-08-30T09:02:45.069499+00:00,STNRD
05c59b8b0f5541c1894759a6160cdab7,USGS-09371010,63680,00011,2023-10-10T09:15:00+00:00,,_FNU,Provisional,['DISCONTINUED'],2025-08-30T09:02:45.069499+00:00,STNRD
05c59b8b0f5541c1894759a6160cdab7,USGS-09371010,63680,00011,2023-10-10T09:30:00+00:00,,_FNU,Provisional,['DISCONTINUED'],2025-08-30T09:02:45.069499+00:00,STNRD
05c59b8b0f5541c1894759a6160cdab7,USGS-09371010,63680,00011,2023-10-10T09:45:00+00:00,,_FNU,Provisional,['DISCONTINUED'],2025-08-30T09:02:45.069499+00:00,STNRD
05c59b8b0f5541c1894759a6160cdab7,USGS-09371010,63680,00011,2023-10-10T10:00:00+00:00,,_FNU,Provisional,['DISCONTINUED'],2025-08-30T09:02:45.069499+00:00,STNRD
05c59b8b0f5541c1894759a6160cdab7,USGS-09371010,63680,00011,2023-10-10T10:15:00+00:00,,_FNU,Provisional,['DISCONTINUED'],2025-08-30T09:02:45.069499+00:00,STNRD
05c59b8b0f5541c1894759a6160cdab7,USGS-09371010,63680,00011,2023-10-10T10:30:00+00:00,,_FNU,Provisional,['DISCONTINUED'],2025-08-30T09:02:45.069499+00:00,STNRD
05c59b8b0f5541c1894759a6160cdab7,USGS-09371010,63680,00011,2023-10-10T10:45:00+00:00,,_FNU,Provisional,['DISCONTINUED'],2025-08-30T09:02:45.069499+00:00,STNRD
05c59b8b0f5541c1894759a6160cdab7,USGS-09371010,63680,00011,2023-10-10T11:00:00+00:00,,_FNU,Provisional,['DISCONTINUED'],2025-08-30T09:02:45.069499+00:00,STNRD
05c59b8b0f5541c1894759a6160cdab7,USGS-09371010,63680,00011,2023-10-10T11:15:00+00:00,,_FNU,Provisional,['DISCONTINUED'],2025-08-30T09:02:45.069499+00:00,STNRD
05c59b8b0f5541c1894759a6160cdab7,USGS-09371010,63680,00011,2023-10-10T11:30:00+00:00,,_FNU,Provisional,['DISCONTINUED'],2025-08-30T09:02:45.069499+00:00,STNRD
05c59b8b0f5541c1894759a6160cdab7,USGS-09371010,63680,00011,2023-10-10T11:45:00+00:00,,_FNU,Provisional,['DISCONTINUED'],2025-08-30T09:02:45.069499+00:00,STNRD
05c59b8b0f5541c1894759a6160cdab7,USGS-09371010,63680,00011,2023-10-10T12:00:00+00:00,,_FNU,Provisional,['DISCONTINUED'],2025-08-30T09:02:45.069499+00:00,STNRD
05c59b8b0f5541c1894759a6160cdab7,USGS-09371010,63680,00011,2023-10-10T12:15:00+00:00,,_FNU,Provisional,['DISCONTINUED'],2025-08-30T09:02:45.069499+00:00,STNRD
05c59b8b0f5541c1894759a6160cdab7,USGS-09371010,63680,00011,2023-10-10T12:30:00+00:00,,_FNU,Provisional,['DISCONTINUED'],2025-08-30T09:02:45.069499+00:00,STNRD
05c59b8b0f5541c1894759a6160cdab7,USGS-09371010,63680,00011,2023-10-10T12:45:00+00:00,,_FNU,Provisional,['DISCONTINUED'],2025-08-30T09:02:45.069499+00:00,STNRD
05c59b8b0f5541c1894759a6160cdab7,USGS-09371010,63680,00011,2023-10-10T13:00:00+00:00,,_FNU,Provisional,['DISCONTINUED'],2025-08-30T09:02:45.069499+00:00,STNRD
05c59b8b0f5541c1894759a6160cdab7,USGS-09371010,63680,00011,2023-10-10T13:15:00+00:00,,_FNU,Provisional,['DISCONTINUED'],2025-08-30T09:02:45.069499+00:00,STNRD
05c59b8b0f5541c1894759a6160cdab7,USGS-09371010,63680,00011,2023-10-10T13:30:00+00:00,,_FNU,Provisional,['DISCONTINUED'],2025-08-30T09:02:45.069499+00:00,STNRD
05c59b8b0f5541c1894759a6160cdab7,USGS-09371010,63680,00011,2023-10-10T13:45:00+00:00,,_FNU,Provisional,['DISCONTINUED'],2025-08-30T09:02:45.069499+00:00,STNRD
05c59b8b0f5541c1894759a6160cdab7,USGS-09371010,63680,00011,2023-10-10T14:00:00+00:00,,_FNU,Provisional,['DISCONTINUED'],2025-08-30T09:02:45.069499+00:00,STNRD
05c59b8b0f5541c1894759a6160cdab7,USGS-09371010,63680,00011,2023-10-10T14:15:00+00:00,,_FNU,Provisional,['DISCONTINUED'],2025-08-30T09:02:45.069499+00:00,STNRD
05c59b8b0f5541c1894759a6160cdab7,USGS-09371010,63680,00011,2023-10-10T14:30:00+00:00,,_FNU,Provisional,['DISCONTINUED'],2025-08-30T09:02:45.069499+00:00,STNRD
05c59b8b0f5541c1894759a6160cdab7,USGS-09371010,63680,00011,2023-10-10T14:45:00+00:00,,_FNU,Provisional,['DISCONTINUED'],2025-08-30T09:02:45.069499+00:00,STNRD
05c59b8b0f5541c1894759a6160cdab7,USGS-09371010,63680,00011,2023-10-10T15:00:00+00:00,,_FNU,Provisional,['DISCONTINUED'],2025-08-30T09:02:45.069499+00:00,STNRD
05c59b8b0f5541c1894759a6160cdab7,USGS-09371010,63680,00011,2023-10-10T15:15:00+00:00,,_FNU,Provisional,['DISCONTINUED'],2025-08-30T09:02:45.069499+00:00,STNRD
05c59b8b0f5541c1894759a6160cdab7,USGS-09371010,63680,00011,2023-10-10T15:30:00+00:00,,_FNU,Provisional,['DISCONTINUED'],2025-08-30T09:02:45.069499+00:00,STNRD
05c59b8b0f5541c1894759a6160cdab7,USGS-09371010,63680,00011,2023-10-10T15:45:00+00:00,,_FNU,Provisional,['DISCONTINUED'],2025-08-30T09:02:45.069499+00:00,STNRD
05c59b8b0f5541c1894759a6160cdab7,USGS-09371010,63680,00011,2023-10-10T16:00:00+00:00,,_FNU,Provisional,['DISCONTINUED'],2025-08-30T09:02:45.069499+00:00,STNRD
05c59b8b0f5541c1894759a6160cdab7,USGS-09371010,63680,00011,2023-10-10T16:15:00+00:00,,_FNU,Provisional,['DISCONTINUED'],2025-08-30T09:02:45.069499+00:00,STNRD
05c59b8b0f5541c1894759a6160cdab7,USGS-09371010,63680,00011,2023-10-10T16:30:00+00:00,,_FNU,Provisional,['DISCONTINUED'],2025-08-30T09:02:45.069499+00:00,STNRD
05c59b8b0f5541c1894759a6160cdab7,USGS-09371010,63680,00011,2023-10-10T16:45:00+00:00,,_FNU,Provisional,['DISCONTINUED'],2025-08-30T09:02:45.069499+00:00,STNRD
05c59b8b0f5541c1894759a6160cdab7,USGS-09371010,63680,00011,2023-10-10T17:00:00+00:00,,_FNU,Provisional,['DISCONTINUED'],2025-08-30T09:02:45.069499+00:00,STNRD
05c59b8b0f5541c1894759a6160cdab7,USGS-09371010,63680,00011,2023-10-10T17:15:00+00:00,,_FNU,Provisional,['DISCONTINUED'],2025-08-30T09:02:45.069499+00:00,STNRD
05c59b8b0f5541c1894759a6160cdab7,USGS-09371010,63680,00011,2023-10-10T17:30:00+00:00,,_FNU,Provisional,['DISCONTINUED'],2025-08-30T09:02:45.069499+00:00,STNRD
05c59b8b0f5541c1894759a6160cdab7,USGS-09371010,63680,00011,2023-10-10T17:45:00+00:00,,_FNU,Provisional,['DISCONTINUED'],2025-08-30T09:02:45.069499+00:00,STNRD
05c59b8b0f5541c1894759a6160cdab7,USGS-09371010,63680,00011,2023-10-10T18:00:00+00:00,,_FNU,Provisional,['DISCONTINUED'],2025-08-30T09:02:45.069499+00:00,STNRD
05c59b8b0f5541c1894759a6160cdab7,USGS-09371010,63680,00011,2023-10-10T18:15:00+00:00,,_FNU,Provisional,['DISCONTINUED'],2025-08-30T09:02:45.069499+00:00,STNRD
05c59b8b0f5541c1894759a6160cdab7,USGS-09371010,63680,00011,2023-10-10T18:30:00+00:00,,_FNU,Provisional,['DISCONTINUED'],2025-08-30T09:02:45.069499+00:00,STNRD
05c59b8b0f5541c1894759a6160cdab7,USGS-09371010,63680,00011,2023-10-10T18:45:00+00:00,,_FNU,Provisional,['DISCONTINUED'],2025-08-30T09:02:45.069499+00:00,STNRD
05c59b8b0f5541c1894759a6160cdab7,USGS-09371010,63680,00011,2023-10-10T19:00:00+00:00,,_FNU,Provisional,['DISCONTINUED'],2025-08-30T09:02:45.069499+00:00,STNRD
05c59b8b0f5541c1894759a6160cdab7,USGS-09371010,63680,00011,2023-10-10T19:15:00+00:00,,_FNU,Provisional,['DISCONTINUED'],2025-08-30T09:02:45.069499+00:00,STNRD
05c59b8b0f5541c1894759a6160cdab7,USGS-09371010,63680,00011,2023-10-10T19:30:00+00:00,,_FNU,Provisional,['DISCONTINUED'],2025-08-30T09:02:45.069499+00:00,STNRD
05c59b8b0f5541c1894759a6160cdab7,USGS-09371010,63680,00011,2023-10-10T19:45:00+00:00,,_FNU,Provisional,['DISCONTINUED'],2025-08-30T09:02:45.069499+00:00,STNRD
05c59b8b0f5541c1894759a6160cdab7,USGS-09371010,63680,00011,2023-10-10T20:00:00+00:00,,_FNU,Provisional,['DISCONTINUED'],2025-08-30T09:02:45.069499+00:00,STNRD
05c59b8b0f5541c1894759a6160cdab7,USGS-09371010,63680,00011,2023-10-10T20:15:00+00:00,,_FNU,Provisional,['DISCONTINUED'],2025-08-30T09:02:45.069499+00:00,STNRD
05c59b8b0f5541c1894759a6160cdab7,USGS-09371010,63680,00011,2023-10-10T20:30:00+00:00,,_FNU,Provisional,['DISCONTINUED'],2025-08-30T09:02:45.069499+00:00,STNRD
05c59b8b0f5541c1894759a6160cdab7,USGS-09371010,63680,00011,2023-10-10T20:45:00+00:00,,_FNU,Provisional,['DISCONTINUED'],2025-08-30T09:02:45.069499+00:00,STNRD
05c59b8b0f5541c1894759a6160cdab7,USGS-09371010,63680,00011,2023-10-10T21:00:00+00:00,,_FNU,Provisional,['DISCONTINUED'],2025-08-30T09:02:45.069499+00:00,STNRD
05c59b8b0f5541c1894759a6160cdab7,USGS-09371010,63680,00011,2023-10-10T21:15:00+00:00,,_FNU,Provisional,['DISCONTINUED'],2025-08-30T09:02:45.069499+00:00,STNRD
05c59b8b0f5541c1894759a6160cdab7,USGS-09371010,63680,00011,2023-10-10T21:30:00+00:00,,_FNU,Provisional,['DISCONTINUED'],2025-08-30T09:02:45.069499+00:00,STNRD
05c59b8b0f5541c1894759a6160cdab7,USGS-09371010,63680,00011,2023-10-10T21:45:00+00:00,,_FNU,Provisional,['DISCONTINUED'],2025-08-30T09:02:45.069499+00:00,STNRD
05c59b8b0f5541c1894759a6160cdab7,USGS-09371010,63680,00011,2023-10-10T22:00:00+00:00,,_FNU,Provisional,['DISCONTINUED'],2025-08-30T09:02:45.069499+00:00,STNRD
05c59b8b0f5541c1894759a6160cdab7,USGS-09371010,63680,00011,2023-10-10T22:15:00+00:00,,_FNU,Provisional,['DISCONTINUED'],2025-08-30T09:02:45.069499+00:00,STNRD
05c59b8b0f5541c1894759a6160cdab7,USGS-09371010,63680,00011,2023-10-10T22:30:00+00:00,,_FNU,Provisional,['DISCONTINUED'],2025-08-30T09:02:45.069499+00:00,STNRD
05c59b8b0f5541c1894759a6160cdab7,USGS-09371010,63680,00011,2023-10-10T22:45:00+00:00,,_FNU,Provisional,['DISCONTINUED'],2025-08-30T09:02:45.069499+00:00,STNRD
05c59b8b0f5541c1894759a6160cdab7,USGS-09371010,63680,00011,2023-10-10T23:00:00+00:00,,_FNU,Provisional,['DISCONTINUED'],2025-08-30T09:02:45.069499+00:00,STNRD
05c59b8b0f5541c1894759a6160cdab7,USGS-09371010,63680,00011,2023-10-10T23:15:00+00:00,,_FNU,Provisional,['DISCONTINUED'],2025-08-30T09:02:45.069499+00:00,STNRD
05c59b8b0f5541c1894759a6160cdab7,USGS-09371010,63680,00011,2023-10-10T23:30:00+00:00,,_FNU,Provisional,['DISCONTINUED'],2025-08-30T09:02:45.069499+00:00,STNRD
05c59b8b0f5541c1894759a6160cdab7,USGS-09371010,63680,00011,2023-10-10T23:45:00+00:00,,_FNU,Provisional,['DISCONTINUED'],2025-08-30T09:02:45.069499+00:00,STNRD
05c59b8b0f5541c1894759a6160cdab7,USGS-09371010,63680,00011,2023-10-11T00:00:00+00:00,,_FNU,Provisional,['DISCONTINUED'],2025-08-30T09:02:45.069499+00:00,STNRD
05c59b8b0f5541c1894759a6160cdab7,USGS-09371010,63680,00011,2023-10-11T00:15:00+00:00,,_FNU,Provisional,['DISCONTINUED'],2025-08-30T09:02:45.069499+00:00,STNRD
05c59b8b0f5541c1894759a6160cdab7,USGS-09371010,63680,00011,2023-10-11T00:30:00+00:00,,_FNU,Provisional,['DISCONTINUED'],2025-08-30T09:02:45.069499+00:00,STNRD
05c59b8b0f5541c1894759a6160cdab7,USGS-09371010,63680,00011,2023-10-11T00:45:00+00:00,,_FNU,Provisional,['DISCONTINUED'],2025-08-30T09:02:45.069499+00:00,STNRD
05c59b8b0f5541c1894759a6160cdab7,USGS-09371010,63680,00011,2023-10-11T01:00:00+00:00,,_FNU,Provisional,['DISCONTINUED'],2025-08-30T09:02:45.069499+00:00,STNRD
05c59b8b0f5541c1894759a6160cdab7,USGS-09371010,63680,00011,2023-10-11T01:15:00+00:00,,_FNU,Provisional,['DISCONTINUED'],2025-08-30T09:02:45.069499+00:00,STNRD
05c59b8b0f5541c1894759a6160cdab7,USGS-09371010,63680,00011,2023-10-11T01:30:00+00:00,,_FNU,Provisional,['DISCONTINUED'],2025-08-30T09:02:45.069499+00:00,STNRD
05c59b8b0f5541c1894759a6160cdab7,USGS-09371010,63680,00011,2023-10-11T01:45:00+00:00,,_FNU,Provisional,['DISCONTINUED'],2025-08-30T09:02:45.069499+00:00,STNRD
05c59b8b0f5541c1894759a6160cdab7,USGS-09371010,63680,00011,2023-10-11T02:00:00+00:00,,_FNU,Provisional,['DISCONTINUED'],2025-08-30T09:02:45.069499+00:00,STNRD
05c59b8b0f5541c1894759a6160cdab7,USGS-09371010,63680,00011,2023-10-11T02:15:00+00:00,,_FNU,Provisional,['DISCONTINUED'],2025-08-30T09:02:45.069499+00:00,STNRD
05c59b8b0f5541c1894759a6160cdab7,USGS-09371010,63680,00011,2023-10-11T02:30:00+00:00,,_FNU,Provisional,['DISCONTINUED'],2025-08-30T09:02:45.069499+00:00,STNRD
05c59b8b0f5541c1894759a6160cdab7,USGS-09371010,63680,00011,2023-10-11T02:45:00+00:00,,_FNU,Provisional,['DISCONTINUED'],2025-08-30T09:02:45.069499+00:00,STNRD
05c59b8b0f5541c1894759a6160cdab7,USGS-09371010,63680,00011,2023-10-11T03:00:00+00:00,,_FNU,Provisional,['DISCONTINUED'],2025-08-30T09:02:45.069499+00:00,STNRD
05c59b8b0f5541c1894759a6160cdab7,USGS-09371010,63680,00011,2023-10-11T03:15:00+00:00,,_FNU,Provisional,['DISCONTINUED'],2025-08-30T09:02:45.069499+00:00,STNRD
05c59b8b0f5541c1894759a6160cdab7,USGS-09371010,63680,00011,2023-10-11T03:30:00+00:00,,_FNU,Provisional,['DISCONTINUED'],2025-08-30T09:02:45.069499+00:00,STNRD
05c59b8b0f5541c1894759a6160cdab7,USGS-09371010,63680,00011,2023-10-11T03:45:00+00:00,,_FNU,Provisional,['DISCONTINUED'],2025-08-30T09:02:45.069499+00:00,STNRD
05c59b8b0f5541c1894759a6160cdab7,USGS-09371010,63680,00011,2023-10-11T04:00:00+00:00,,_FNU,Provisional,['DISCONTINUED'],2025-08-30T09:02:45.069499+00:00,STNRD
05c59b8b0f5541c1894759a6160cdab7,USGS-09371010,63680,00011,2023-10-11T04:15:00+00:00,,_FNU,Provisional,['DISCONTINUED'],2025-08-30T09:02:45.069499+00:00,STNRD
05c59b8b0f5541c1894759a6160cdab7,USGS-09371010,63680,00011,2023-10-11T04:30:00+00:00,,_FNU,Provisional,['DISCONTINUED'],2025-08-30T09:02:45.069499+00:00,STNRD
05c59b8b0f5541c1894759a6160cdab7,USGS-09371010,63680,00011,2023-10-11T04:45:00+00:00,,_FNU,Provisional,['DISCONTINUED'],2025-08-30T09:02:45.069499+00:00,STNRD
05c59b8b0f5541c1894759a6160cdab7,USGS-09371010,63680,00011,2023-10-11T05:00:00+00:00,,_FNU,Provisional,['DISCONTINUED'],2025-08-30T09:02:45.069499+00:00,STNRD
05c59b8b0f5541c1894759a6160cdab7,USGS-09371010,63680,00011,2023-10-11T05:15:00+00:00,,_FNU,Provisional,['DISCONTINUED'],2025-08-30T09:02:45.069499+00:00,STNRD
05c59b8b0f5541c1894759a6160cdab7,USGS-09371010,63680,00011,2023-10-11T05:30:00+00:00,,_FNU,Provisional,['DISCONTINUED'],2025-08-30T09:02:45.069499+00:00,STNRD
05c59b8b0f5541c1894759a6160cdab7,USGS-09371010,63680,00011,2023-10-11T05:45:00+00:00,,_FNU,Provisional,['DISCONTINUED'],2025-08-30T09:02:45.069499+00:00,STNRD
05c59b8b0f5541c1894759a6160cdab7,USGS-09371010,63680,00011,2023-10-11T06:00:00+00:00,,_FNU,Provisional,['DISCONTINUED'],2025-08-30T09:02:45.069499+00:00,STNRD
05c59b8b0f5541c1894759a6160cdab7,USGS-09371010,63680,00011,2023-10-11T06:15:00+00:00,,_FNU,Provisional,['DISCONTINUED'],2025-08-30T09:02:45.069499+00:00,STNRD
05c59b8b0f5541c1894759a6160cdab7,USGS-09371010,63680,00011,2023-10-11T06:30:00+00:00,,_FNU,Provisional,['DISCONTINUED'],2025-08-30T09:02:45.069499+00:00,STNRD
05c59b8b0f5541c1894759a6160cdab7,USGS-09371010,63680,00011,2023-10-11T06:45:00+00:00,,_FNU,Provisional,['DISCONTINUED'],2025-08-30T09:02:45.069499+00:00,STNRD
05c59b8b0f5541c1894759a6160cdab7,USGS-09371010,63680,00011,2023-10-11T07:00:00+00:00,,_FNU,Provisional,['DISCONTINUED'],2025-08-30T09:02:45.069499+00:00,STNRD
05c59b8b0f5541c1894759a6160cdab7,USGS-09371010,63680,00011,2023-10-11T07:15:00+00:00,,_FNU,Provisional,['DISCONTINUED'],2025-08-30T09:02:45.069499+00:00,STNRD
05c59b8b0f5541c1894759a6160cdab7,USGS-09371010,63680,00011,2023-10-11T07:30:00+00:00,,_FNU,Provisional,['DISCONTINUED'],2025-08-30T09:02:45.069499+00:00,STNRD
05c59b8b0f5541c1894759a6160cdab7,USGS-09371010,63680,00011,2023-10-11T07:45:00+00:00,,_FNU,Provisional,['DISCONTINUED'],2025-08-30T09:02:45.069499+00:00,STNRD
05c59b8b0f5541c1894759a6160cdab7,USGS-09371010,63680,00011,2023-10-11T08:00:00+00:00,,_FNU,Provisional,['DISCONTINUED'],2025-08-30T09:02:45.069499+00:00,STNRD
05c59b8b0f5541c1894759a6160cdab7,USGS-09371010,63680,00011,2023-10-11T08:15:00+00:00,,_FNU,Provisional,['DISCONTINUED'],2025-08-30T09:02:45.069499+00:00,STNRD
05c59b8b0f5541c1894759a6160cdab7,USGS-09371010,63680,00011,2023-10-11T08:30:00+00:00,,_FNU,Provisional,['DISCONTINUED'],2025-08-30T09:02:45.069499+00:00,STNRD
05c59b8b0f5541c1894759a6160cdab7,USGS-09371010,63680,00011,2023-10-11T08:45:00+00:00,,_FNU,Provisional,['DISCONTINUED'],2025-08-30T09:02:45.069499+00:00,STNRD
05c59b8b0f5541c1894759a6160cdab7,USGS-09371010,63680,00011,2023-10-11T09:00:00+00:00,,_FNU,Provisional,['DISCONTINUED'],2025-08-30T09:02:45.069499+00:00,STNRD
05c59b8b0f5541c1894759a6160cdab7,USGS-09371010,63680,00011,2023-10-11T09:15:00+00:00,,_FNU,Provisional,['DISCONTINUED'],2025-08-30T09:02:45.069499+00:00,STNRD
05c59b8b0f5541c1894759a6160cdab7,USGS-09371010,63680,00011,2023-10-11T09:30:00+00:00,,_FNU,Provisional,['DISCONTINUED'],2025-08-30T09:02:45.069499+00:00,STNRD
05c59b8b0f5541c1894759a6160cdab7,USGS-09371010,63680,00011,2023-10-11T09:45:00+00:00,,_FNU,Provisional,['DISCONTINUED'],2025-08-30T09:02:45.069499+00:00,STNRD
05c59b8b0f5541c1894759a6160cdab7,USGS-09371010,63680,00011,2023-10-11T10:00:00+00:00,,_FNU,Provisional,['DISCONTINUED'],2025-08-30T09:02:45.069499+00:00,STNRD
05c59b8b0f5541c1894759a6160cdab7,USGS-09371010,63680,00011,2023-10-11T10:15:00+00:00,,_FNU,Provisional,['DISCONTINUED'],2025-08-30T09:02:45.069499+00:00,STNRD
05c59b8b0f5541c1894759a6160cdab7,USGS-09371010,63680,00011,2023-10-11T10:30:00+00:00,,_FNU,Provisional,['DISCONTINUED'],2025-08-30T09:02:45.069499+00:00,STNRD
05c59b8b0f5541c1894759a6160cdab7,USGS-09371010,63680,00011,2023-10-11T10:45:00+00:00,,_FNU,Provisional,['DISCONTINUED'],2025-08-30T09:02:45.069499+00:00,STNRD
05c59b8b0f5541c1894759a6160cdab7,USGS-09371010,63680,00011,2023-10-11T11:00:00+00:00,,_FNU,Provisional,['DISCONTINUED'],2025-08-30T09:02:45.069499+00:00,STNRD
05c59b8b0f5541c1894759a6160cdab7,USGS-09371010,63680,00011,2023-10-11T11:15:00+00:00,,_FNU,Provisional,['DISCONTINUED'],2025-08-30T09:02:45.069499+00:00,STNRD
05c59b8b0f5541c1894759a6160cdab7,USGS-09371010,63680,00011,2023-10-11T11:30:00+00:00,,_FNU,Provisional,['DISCONTINUED'],2025-08-30T09:02:45.069499+00:00,STNRD
05c59b8b0f5541c1894759a6160cdab7,USGS-09371010,63680,00011,2023-10-11T11:45:00+00:00,,_FNU,Provisional,['DISCONTINUED'],2025-08-30T09:02:45.069499+00:00,STNRD
05c59b8b0f5541c1894759a6160cdab7,USGS-09371010,63680,00011,2023-10-11T12:00:00+00:00,,_FNU,Provisional,['DISCONTINUED'],2025-08-30T09:02:45.069499+00:00,STNRD
05c59b8b0f5541c1894759a6160cdab7,USGS-09371010,63680,00011,2023-10-11T12:15:00+00:00,,_FNU,Provisional,['DISCONTINUED'],2025-08-30T09:02:45.069499+00:00,STNRD
05c59b8b0f5541c1894759a6160cdab7,USGS-09371010,63680,00011,2023-10-11T12:30:00+00:00,,_FNU,Provisional,['DISCONTINUED'],2025-08-30T09:02:45.069499+00:00,STNRD
05c59b8b0f5541c1894759a6160cdab7,USGS-09371010,63680,00011,2023-10-11T12:45:00+00:00,,_FNU,Provisional,['DISCONTINUED'],2025-08-30T09:02:45.069499+00:00,STNRD
05c59b8b0f5541c1894759a6160cdab7,USGS-09371010,63680,00011,2023-10-11T13:00:00+00:00,,_FNU,Provisional,['DISCONTINUED'],2025-08-30T09:02:45.069499+00:00,STNRD
05c59b8b0f5541c1894759a6160cdab7,USGS-09371010,63680,00011,2023-10-11T13:15:00+00:00,,_FNU,Provisional,['DISCONTINUED'],2025-08-30T09:02:45.069499+00:00,STNRD
05c59b8b0f5541c1894759a6160cdab7,USGS-09371010,63680,00011,2023-10-11T13:30:00+00:00,,_FNU,Provisional,['DISCONTINUED'],2025-08-30T09:02:45.069499+00:00,STNRD
05c59b8b0f5541c1894759a6160cdab7,USGS-09371010,63680,00011,2023-10-11T13:45:00+00:00,,_FNU,Provisional,['DISCONTINUED'],2025-08-30T09:02:45.069499+00:00,STNRD
05c59b8b0f5541c1894759a6160cdab7,USGS-09371010,63680,00011,2023-10-11T14:00:00+00:00,,_FNU,Provisional,['DISCONTINUED'],2025-08-30T09:02:45.069499+00:00,STNRD
05c59b8b0f5541c1894759a6160cdab7,USGS-09371010,63680,00011,2023-10-11T14:15:00+00:00,,_FNU,Provisional,['DISCONTINUED'],2025-08-30T09:02:45.069499+00:00,STNRD
05c59b8b0f5541c1894759a6160cdab7,USGS-09371010,63680,00011,2023-10-11T14:30:00+00:00,,_FNU,Provisional,['DISCONTINUED'],2025-08-30T09:02:45.069499+00:00,STNRD
05c59b8b0f5541c1894759a6160cdab7,USGS-09371010,63680,00011,2023-10-11T14:45:00+00:00,,_FNU,Provisional,['DISCONTINUED'],2025-08-30T09:02:45.069499+00:00,STNRD
05c59b8b0f5541c1894759a6160cdab7,USGS-09371010,63680,00011,2023-10-11T15:00:00+00:00,,_FNU,Provisional,['DISCONTINUED'],2025-08-30T09:02:45.069499+00:00,STNRD
05c59b8b0f5541c1894759a6160cdab7,USGS-09371010,63680,00011,2023-10-11T15:15:00+00:00,,_FNU,Provisional,['DISCONTINUED'],2025-08-30T09:02:45.069499+00:00,STNRD
05c59b8b0f5541c1894759a6160cdab7,USGS-09371010,63680,00011,2023-10-11T15:30:00+00:00,,_FNU,Provisional,['DISCONTINUED'],2025-08-30T09:02:45.069499+00:00,STNRD
05c59b8b0f5541c1894759a6160cdab7,USGS-09371010,63680,00011,2023-10-11T15:45:00+00:00,,_FNU,Provisional,['DISCONTINUED'],2025-08-30T09:02:45.069499+00:00,STNRD
05c59b8b0f5541c1894759a6160cdab7,USGS-09371010,63680,00011,2023-10-11T16:00:00+00:00,,_FNU,Provisional,['DISCONTINUED'],2025-08-30T09:02:45.069499+00:00,STNRD
05c59b8b0f5541c1894759a6160cdab7,USGS-09371010,63680,00011,2023-10-11T16:15:00+00:00,,_FNU,Provisional,['DISCONTINUED'],2025-08-30T09:02:45.069499+00:00,STNRD
05c59b8b0f5541c1894759a6160cdab7,USGS-09371010,63680,00011,2023-10-11T16:30:00+00:00,,_FNU,Provisional,['DISCONTINUED'],2025-08-30T09:02:45.069499+00:00,STNRD
05c59b8b0f5541c1894759a6160cdab7,USGS-09371010,63680,00011,2023-10-11T16:45:00+00:00,,_FNU,Provisional,['DISCONTINUED'],2025-08-30T09:02:45.069499+00:00,STNRD
05c59b8b0f5541c1894759a6160cdab7,USGS-09371010,63680,00011,2023-10-11T17:00:00+00:00,,_FNU,Provisional,['DISCONTINUED'],2025-08-30T09:02:45.069499+00:00,STNRD
05c59b8b0f5541c1894759a6160cdab7,USGS-09371010,63680,00011,2023-10-11T17:15:00+00:00,,_FNU,Provisional,['DISCONTINUED'],2025-08-30T09:02:45.069499+00:00,STNRD
05c59b8b0f5541c1894759a6160cdab7,USGS-09371010,63680,00011,2023-10-11T17:30:00+00:00,,_FNU,Provisional,['DISCONTINUED'],2025-08-30T09:02:45.069499+00:00,STNRD
05c59b8b0f5541c1894759a6160cdab7,USGS-09371010,63680,00011,2023-10-11T17:45:00+00:00,,_FNU,Provisional,['DISCONTINUED'],2025-08-30T09:02:45.069499+00:00,STNRD
05c59b8b0f5541c1894759a6160cdab7,USGS-09371010,63680,00011,2023-10-11T18:00:00+00:00,,_FNU,Provisional,['DISCONTINUED'],2025-08-30T09:02:45.069499+00:00,STNRD
05c59b8b0f5541c1894759a6160cdab7,USGS-09371010,63680,00011,2023-10-11T18:15:00+00:00,,_FNU,Provisional,['DISCONTINUED'],2025-08-30T09:02:45.069499+00:00,STNRD
05c59b8b0f5541c1894759a6160cdab7,USGS-09371010,63680,00011,2023-10-11T18:30:00+00:00,,_FNU,Provisional,['DISCONTINUED'],2025-08-30T09:02:45.069499+00:00,STNRD
05c59b8b0f5541c1894759a6160cdab7,USGS-09371010,63680,00011,2023-10-11T18:45:00+00:00,,_FNU,Provisional,['DISCONTINUED'],2025-08-30T09:02:45.069499+00:00,STNRD
05c59b8b0f5541c1894759a6160cdab7,USGS-09371010,63680,00011,2023-10-11T19:00:00+00:00,,_FNU,Provisional,['DISCONTINUED'],2025-08-30T09:02:45.069499+00:00,STNRD
05c59b8b0f5541c1894759a6160cdab7,USGS-09371010,63680,00011,2023-10-11T19:15:00+00:00,,_FNU,Provisional,['DISCONTINUED'],2025-08-30T09:02:45.069499+00:00,STNRD
05c59b8b0f5541c1894759a6160cdab7,USGS-09371010,63680,00011,2023-10-11T19:30:00+00:00,,_FNU,Provisional,['DISCONTINUED'],2025-08-30T09:02:45.069499+00:00,STNRD
05c59b8b0f5541c1894759a6160cdab7,USGS-09371010,63680,00011,2023-10-11T19:45:00+00:00,,_FNU,Provisional,['DISCONTINUED'],2025-08-30T09:02:45.069499+00:00,STNRD
05c59b8b0f5541c1894759a6160cdab7,USGS-09371010,63680,00011,2023-10-11T20:00:00+00:00,,_FNU,Provisional,['DISCONTINUED'],2025-08-30T09:02:45.069499+00:00,STNRD
05c59b8b0f5541c1894759a6160cdab7,USGS-09371010,63680,00011,2023-10-11T20:15:00+00:00,,_FNU,Provisional,['DISCONTINUED'],2025-08-30T09:02:45.069499+00:00,STNRD
05c59b8b0f5541c1894759a6160cdab7,USGS-09371010,63680,00011,2023-10-11T20:30:00+00:00,,_FNU,Provisional,['DISCONTINUED'],2025-08-30T09:02:45.069499+00:00,STNRD
05c59b8b0f5541c1894759a6160cdab7,USGS-09371010,63680,00011,2023-10-11T20:45:00+00:00,,_FNU,Provisional,['DISCONTINUED'],2025-08-30T09:02:45.069499+00:00,STNRD
05c59b8b0f5541c1894759a6160cdab7,USGS-09371010,63680,00011,2023-10-11T21:00:00+00:00,,_FNU,Provisional,['DISCONTINUED'],2025-08-30T09:02:45.069499+00:00,STNRD
05c59b8b0f5541c1894759a6160cdab7,USGS-09371010,63680,00011,2023-10-11T21:15:00+00:00,,_FNU,Provisional,['DISCONTINUED'],2025-08-30T09:02:45.069499+00:00,STNRD
05c59b8b0f5541c1894759a6160cdab7,USGS-09371010,63680,00011,2023-10-11T21:30:00+00:00,,_FNU,Provisional,['DISCONTINUED'],2025-08-30T09:02:45.069499+00:00,STNRD
05c59b8b0f5541c1894759a6160cdab7,USGS-09371010,63680,00011,2023-10-11T21:45:00+00:00,,_FNU,Provisional,['DISCONTINUED'],2025-08-30T09:02:45.069499+00:00,STNRD
05c59b8b0f5541c1894759a6160cdab7,USGS-09371010,63680,00011,2023-10-11T22:00:00+00:00,,_FNU,Provisional,['DISCONTINUED'],2025-08-30T09:02:45.069499+00:00,STNRD
05c59b8b0f5541c1894759a6160cdab7,USGS-09371010,63680,00011,2023-10-11T22:15:00+00:00,,_FNU,Provisional,['DISCONTINUED'],2025-08-30T09:02:45.069499+00:00,STNRD
05c59b8b0f5541c1894759a6160cdab7,USGS-09371010,63680,00011,2023-10-11T22:30:00+00:00,,_FNU,Provisional,['DISCONTINUED'],2025-08-30T09:02:45.069499+00:00,STNRD
05c59b8b0f5541c1894759a6160cdab7,USGS-09371010,63680,00011,2023-10-11T22:45:00+00:00,,_FNU,Provisional,['DISCONTINUED'],2025-08-30T09:02:45.069499+00:00,STNRD
05c59b8b0f5541c1894759a6160cdab7,USGS-09371010,63680,00011,2023-10-11T23:00:00+00:00,,_FNU,Provisional,['DISCONTINUED'],2025-08-30T09:02:45.069499+00:00,STNRD
05c59b8b0f5541c1894759a6160cdab7,USGS-09371010,63680,00011,2023-10-11T23:15:00+00:00,,_FNU,Provisional,['DISCONTINUED'],2025-08-30T09:02:45.069499+00:00,STNRD
05c59b8b0f5541c1894759a6160cdab7,USGS-09371010,63680,00011,2023-10-11T23:30:00+00:00,,_FNU,Provisional,['DISCONTINUED'],2025-08-30T09:02:45.069499+00:00,STNRD
05c59b8b0f5541c1894759a6160cdab7,USGS-09371010,63680,00011,2023-10-11T23:45:00+00:00,,_FNU,Provisional,['DISCONTINUED'],2025-08-30T09:02:45.069499+00:00,STNRD
05c59b8b0f5541c1894759a6160cdab7,USGS-09371010,63680,00011,2023-10-12T00:00:00+00:00,,_FNU,Provisional,['DISCONTINUED'],2025-08-30T09:02:45.069499+00:00,STNRD
05c59b8b0f5541c1894759a6160cdab7,USGS-09371010,63680,00011,2023-10-12T00:15:00+00:00,,_FNU,Provisional,['DISCONTINUED'],2025-08-30T09:02:45.069499+00:00,STNRD
05c59b8b0f5541c1894759a6160cdab7,USGS-09371010,63680,00011,2023-10-12T00:30:00+00:00,,_FNU,Provisional,['DISCONTINUED'],2025-08-30T09:02:45.069499+00:00,STNRD
05c59b8b0f5541c1894759a6160cdab7,USGS-09371010,63680,00011,2023-10-12T00:45:00+00:00,,_FNU,Provisional,['DISCONTINUED'],2025-08-30T09:02:45.069499+00:00,STNRD
05c59b8b0f5541c1894759a6160cdab7,USGS-09371010,63680,00011,2023-10-12T01:00:00+00:00,,_FNU,Provisional,['DISCONTINUED'],2025-08-30T09:02:45.069499+00:00,STNRD
05c59b8b0f5541c1894759a6160cdab7,USGS-09371010,63680,00011,2023-10-12T01:15:00+00:00,,_FNU,Provisional,['DISCONTINUED'],2025-08-30T09:02:45.069499+00:00,STNRD
05c59b8b0f5541c1894759a6160cdab7,USGS-09371010,63680,00011,2023-10-12T01:30:00+00:00,,_FNU,Provisional,['DISCONTINUED'],2025-08-30T09:02:45.069499+00:00,STNRD
05c59b8b0f5541c1894759a6160cdab7,USGS-09371010,63680,00011,2023-10-12T01:45:00+00:00,,_FNU,Provisional,['DISCONTINUED'],2025-08-30T09:02:45.069499+00:00,STNRD
05c59b8b0f5541c1894759a6160cdab7,USGS-09371010,63680,00011,2023-10-12T02:00:00+00:00,,_FNU,Provisional,['DISCONTINUED'],2025-08-30T09:02:45.069499+00:00,STNRD
05c59b8b0f5541c1894759a6160cdab7,USGS-09371010,63680,00011,2023-10-12T02:15:00+00:00,,_FNU,Provisional,['DISCONTINUED'],2025-08-30T09:02:45.069499+00:00,STNRD
05c59b8b0f5541c1894759a6160cdab7,USGS-09371010,63680,00011,2023-10-12T02:30:00+00:00,,_FNU,Provisional,['DISCONTINUED'],2025-08-30T09:02:45.069499+00:00,STNRD
05c59b8b0f5541c1894759a6160cdab7,USGS-09371010,63680,00011,2023-10-12T02:45:00+00:00,,_FNU,Provisional,['DISCONTINUED'],2025-08-30T09:02:45.069499+00:00,STNRD
05c59b8b0f5541c1894759a6160cdab7,USGS-09371010,63680,00011,2023-10-12T03:00:00+00:00,,_FNU,Provisional,['DISCONTINUED'],2025-08-30T09:02:45.069499+00:00,STNRD
05c59b8b0f5541c1894759a6160cdab7,USGS-09371010,63680,00011,2023-10-12T03:15:00+00:00,,_FNU,Provisional,['DISCONTINUED'],2025-08-30T09:02:45.069499+00:00,STNRD
05c59b8b0f5541c1894759a6160cdab7,USGS-09371010,63680,00011,2023-10-12T03:30:00+00:00,,_FNU,Provisional,['DISCONTINUED'],2025-08-30T09:02:45.069499+00:00,STNRD
05c59b8b0f5541c1894759a6160cdab7,USGS-09371010,63680,00011,2023-10-12T03:45:00+00:00,,_FNU,Provisional,['DISCONTINUED'],2025-08-30T09:02:45.069499+00:00,STNRD
05c59b8b0f5541c1894759a6160cdab7,USGS-09371010,63680,00011,2023-10-12T04:00:00+00:00,,_FNU,Provisional,['DISCONTINUED'],2025-08-30T09:02:45.069499+00:00,STNRD
05c59b8b0f5541c1894759a6160cdab7,USGS-09371010,63680,00011,2023-10-12T04:15:00+00:00,,_FNU,Provisional,['DISCONTINUED'],2025-08-30T09:02:45.069499+00:00,STNRD
05c59b8b0f5541c1894759a6160cdab7,USGS-09371010,63680,00011,2023-10-12T04:30:00+00:00,,_FNU,Provisional,['DISCONTINUED'],2025-08-30T09:02:45.069499+00:00,STNRD
05c59b8b0f5541c1894759a6160cdab7,USGS-09371010,63680,00011,2023-10-12T04:45:00+00:00,,_FNU,Provisional,['DISCONTINUED'],2025-08-30T09:02:45.069499+00:00,STNRD
05c59b8b0f5541c1894759a6160cdab7,USGS-09371010,63680,00011,2023-10-12T05:00:00+00:00,,_FNU,Provisional,['DISCONTINUED'],2025-08-30T09:02:45.069499+00:00,STNRD
05c59b8b0f5541c1894759a6160cdab7,USGS-09371010,63680,00011,2023-10-12T05:15:00+00:00,,_FNU,Provisional,['DISCONTINUED'],2025-08-30T09:02:45.069499+00:00,STNRD
05c59b8b0f5541c1894759a6160cdab7,USGS-09371010,63680,00011,2023-10-12T05:30:00+00:00,,_FNU,Provisional,['DISCONTINUED'],2025-08-30T09:02:45.069499+00:00,STNRD
05c59b8b0f5541c1894759a6160cdab7,USGS-09371010,63680,00011,2023-10-12T05:45:00+00:00,,_FNU,Provisional,['DISCONTINUED'],2025-08-30T09:02:45.069499+00:00,STNRD
05c59b8b0f5541c1894759a6160cdab7,USGS-09371010,63680,00011,2023-10-12T06:00:00+00:00,,_FNU,Provisional,['DISCONTINUED'],2025-08-30T09:02:45.069499+00:00,STNRD
05c59b8b0f5541c1894759a6160cdab7,USGS-09371010,63680,00011,2023-10-12T06:15:00+00:00,,_FNU,Provisional,['DISCONTINUED'],2025-08-30T09:02:45.069499+00:00,STNRD
05c59b8b0f5541c1894759a6160cdab7,USGS-09371010,63680,00011,2023-10-12T06:30:00+00:00,,_FNU,Provisional,['DISCONTINUED'],2025-08-30T09:02:45.069499+00:00,STNRD
05c59b8b0f5541c1894759a6160cdab7,USGS-09371010,63680,00011,2023-10-12T06:45:00+00:00,,_FNU,Provisional,['DISCONTINUED'],2025-08-30T09:02:45.069499+00:00,STNRD
05c59b8b0f5541c1894759a6160cdab7,USGS-09371010,63680,00011,2023-10-12T07:00:00+00:00,,_FNU,Provisional,['DISCONTINUED'],2025-08-30T09:02:45.069499+00:00,STNRD
05c59b8b0f5541c1894759a6160cdab7,USGS-09371010,63680,00011,2023-10-12T07:15:00+00:00,,_FNU,Provisional,['DISCONTINUED'],2025-08-30T09:02:45.069499+00:00,STNRD
05c59b8b0f5541c1894759a6160cdab7,USGS-09371010,63680,00011,2023-10-12T07:30:00+00:00,,_FNU,Provisional,['DISCONTINUED'],2025-08-30T09:02:45.069499+00:00,STNRD
05c59b8b0f5541c1894759a6160cdab7,USGS-09371010,63680,00011,2023-10-12T07:45:00+00:00,,_FNU,Provisional,['DISCONTINUED'],2025-08-30T09:02:45.069499+00:00,STNRD
05c59b8b0f5541c1894759a6160cdab7,USGS-09371010,63680,00011,2023-10-12T08:00:00+00:00,,_FNU,Provisional,['DISCONTINUED'],2025-08-30T09:02:45.069499+00:00,STNRD
05c59b8b0f5541c1894759a6160cdab7,USGS-09371010,63680,00011,2023-10-12T08:15:00+00:00,,_FNU,Provisional,['DISCONTINUED'],2025-08-30T09:02:45.069499+00:00,STNRD
05c59b8b0f5541c1894759a6160cdab7,USGS-09371010,63680,00011,2023-10-12T08:30:00+00:00,,_FNU,Provisional,['DISCONTINUED'],2025-08-30T09:02:45.069499+00:00,STNRD
05c59b8b0f5541c1894759a6160cdab7,USGS-09371010,63680,00011,2023-10-12T08:45:00+00:00,,_FNU,Provisional,['DISCONTINUED'],2025-08-30T09:02:45.069499+00:00,STNRD
05c59b8b0f5541c1894759a6160cdab7,USGS-09371010,63680,00011,2023-10-12T09:00:00+00:00,,_FNU,Provisional,['DISCONTINUED'],2025-08-30T09:02:45.069499+00:00,STNRD
05c59b8b0f5541c1894759a6160cdab7,USGS-09371010,63680,00011,2023-10-12T09:15:00+00:00,,_FNU,Provisional,['DISCONTINUED'],2025-08-30T09:02:45.069499+00:00,STNRD
05c59b8b0f5541c1894759a6160cdab7,USGS-09371010,63680,00011,2023-10-12T09:30:00+00:00,,_FNU,Provisional,['DISCONTINUED'],2025-08-30T09:02:45.069499+00:00,STNRD
05c59b8b0f5541c1894759a6160cdab7,USGS-09371010,63680,00011,2023-10-12T09:45:00+00:00,,_FNU,Provisional,['DISCONTINUED'],2025-08-30T09:02:45.069499+00:00,STNRD
05c59b8b0f5541c1894759a6160cdab7,USGS-09371010,63680,00011,2023-10-12T10:00:00+00:00,,_FNU,Provisional,['DISCONTINUED'],2025-08-30T09:02:45.069499+00:00,STNRD
05c59b8b0f5541c1894759a6160cdab7,USGS-09371010,63680,00011,2023-10-12T10:15:00+00:00,,_FNU,Provisional,['DISCONTINUED'],2025-08-30T09:02:45.069499+00:00,STNRD
05c59b8b0f5541c1894759a6160cdab7,USGS-09371010,63680,00011,2023-10-12T10:30:00+00:00,,_FNU,Provisional,['DISCONTINUED'],2025-08-30T09:02:45.069499+00:00,STNRD
05c59b8b0f5541c1894759a6160cdab7,USGS-09371010,63680,00011,2023-10-12T10:45:00+00:00,,_FNU,Provisional,['DISCONTINUED'],2025-08-30T09:02:45.069499+00:00,STNRD
05c59b8b0f5541c1894759a6160cdab7,USGS-09371010,63680,00011,2023-10-12T11:00:00+00:00,,_FNU,Provisional,['DISCONTINUED'],2025-08-30T09:02:45.069499+00:00,STNRD
05c59b8b0f5541c1894759a6160cdab7,USGS-09371010,63680,00011,2023-10-12T11:15:00+00:00,,_FNU,Provisional,['DISCONTINUED'],2025-08-30T09:02:45.069499+00:00,STNRD
05c59b8b0f5541c1894759a6160cdab7,USGS-09371010,63680,00011,2023-10-12T11:30:00+00:00,,_FNU,Provisional,['DISCONTINUED'],2025-08-30T09:02:45.069499+00:00,STNRD
05c59b8b0f5541c1894759a6160cdab7,USGS-09371010,63680,00011,2023-10-12T11:45:00+00:00,,_FNU,Provisional,['DISCONTINUED'],2025-08-30T09:02:45.069499+00:00,STNRD
05c59b8b0f5541c1894759a6160cdab7,USGS-09371010,63680,00011,2023-10-12T12:00:00+00:00,,_FNU,Provisional,['DISCONTINUED'],2025-08-30T09:02:45.069499+00:00,STNRD
05c59b8b0f5541c1894759a6160cdab7,USGS-09371010,63680,00011,2023-10-12T12:15:00+00:00,,_FNU,Provisional,['DISCONTINUED'],2025-08-30T09:02:45.069499+00:00,STNRD
05c59b8b0f5541c1894759a6160cdab7,USGS-09371010,63680,00011,2023-10-12T12:30:00+00:00,,_FNU,Provisional,['DISCONTINUED'],2025-08-30T09:02:45.069499+00:00,STNRD
05c59b8b0f5541c1894759a6160cdab7,USGS-09371010,63680,00011,2023-10-12T12:45:00+00:00,,_FNU,Provisional,['DISCONTINUED'],2025-08-30T09:02:45.069499+00:00,STNRD
05c59b8b0f5541c1894759a6160cdab7,USGS-09371010,63680,00011,2023-10-12T13:00:00+00:00,,_FNU,Provisional,['DISCONTINUED'],2025-08-30T09:02:45.069499+00:00,STNRD
05c59b8b0f5541c1894759a6160cdab7,USGS-09371010,63680,00011,2023-10-12T13:15:00+00:00,,_FNU,Provisional,['DISCONTINUED'],2025-08-30T09:02:45.069499+00:00,STNRD
05c59b8b0f5541c1894759a6160cdab7,USGS-09371010,63680,00011,2023-10-12T13:30:00+00:00,,_FNU,Provisional,['DISCONTINUED'],2025-08-30T09:02:45.069499+00:00,STNRD
05c59b8b0f5541c1894759a6160cdab7,USGS-09371010,63680,00011,2023-10-12T13:45:00+00:00,,_FNU,Provisional,['DISCONTINUED'],2025-08-30T09:02:45.069499+00:00,STNRD
05c59b8b0f5541c1894759a6160cdab7,USGS-09371010,63680,00011,2023-10-12T14:00:00+00:00,,_FNU,Provisional,['DISCONTINUED'],2025-08-30T09:02:45.069499+00:00,STNRD
05c59b8b0f5541c1894759a6160cdab7,USGS-09371010,63680,00011,2023-10-12T14:15:00+00:00,,_FNU,Provisional,['DISCONTINUED'],2025-08-30T09:02:45.069499+00:00,STNRD
05c59b8b0f5541c1894759a6160cdab7,USGS-09371010,63680,00011,2023-10-12T14:30:00+00:00,,_FNU,Provisional,['DISCONTINUED'],2025-08-30T09:02:45.069499+00:00,STNRD
05c59b8b0f5541c1894759a6160cdab7,USGS-09371010,63680,00011,2023-10-12T14:45:00+00:00,,_FNU,Provisional,['DISCONTINUED'],2025-08-30T09:02:45.069499+00:00,STNRD
05c59b8b0f5541c1894759a6160cdab7,USGS-09371010,63680,00011,2023-10-12T15:00:00+00:00,,_FNU,Provisional,['DISCONTINUED'],2025-08-30T09:02:45.069499+00:00,STNRD
05c59b8b0f5541c1894759a6160cdab7,USGS-09371010,63680,00011,2023-10-12T15:15:00+00:00,,_FNU,Provisional,['DISCONTINUED'],2025-08-30T09:02:45.069499+00:00,STNRD
05c59b8b0f5541c1894759a6160cdab7,USGS-09371010,63680,00011,2023-10-12T15:30:00+00:00,,_FNU,Provisional,['DISCONTINUED'],2025-08-30T09:02:45.069499+00:00,STNRD
05c59b8b0f5541c1894759a6160cdab7,USGS-09371010,63680,00011,2023-10-12T15:45:00+00:00,,_FNU,Provisional,['DISCONTINUED'],2025-08-30T09:02:45.069499+00:00,STNRD
05c59b8b0f5541c1894759a6160cdab7,USGS-09371010,63680,00011,2023-10-12T16:00:00+00:00,,_FNU,Provisional,['DISCONTINUED'],2025-08-30T09:02:45.069499+00:00,STNRD
05c59b8b0f5541c1894759a6160cdab7,USGS-09371010,63680,00011,2023-10-12T16:15:00+00:00,,_FNU,Provisional,['DISCONTINUED'],2025-08-30T09:02:45.069499+00:00,STNRD
05c59b8b0f5541c1894759a6160cdab7,USGS-09371010,63680,00011,2023-10-12T16:30:00+00:00,,_FNU,Provisional,['DISCONTINUED'],2025-08-30T09:02:45.069499+00:00,STNRD
05c59b8b0f5541c1894759a6160cdab7,USGS-09371010,63680,00011,2023-10-12T16:45:00+00:00,,_FNU,Provisional,['DISCONTINUED'],2025-08-30T09:02:45.069499+00:00,STNRD
05c59b8b0f5541c1894759a6160cdab7,USGS-09371010,63680,00011,2023-10-12T17:00:00+00:00,,_FNU,Provisional,['DISCONTINUED'],2025-08-30T09:02:45.069499+00:00,STNRD
05c59b8b0f5541c1894759a6160cdab7,USGS-09371010,63680,00011,2023-10-12T17:15:00+00:00,,_FNU,Provisional,['DISCONTINUED'],2025-08-30T09:02:45.069499+00:00,STNRD
05c59b8b0f5541c1894759a6160cdab7,USGS-09371010,63680,00011,2023-10-12T17:30:00+00:00,,_FNU,Provisional,['DISCONTINUED'],2025-08-30T09:02:45.069499+00:00,STNRD
05c59b8b0f5541c1894759a6160cdab7,USGS-09371010,63680,00011,2023-10-12T17:45:00+00:00,,_FNU,Provisional,['DISCONTINUED'],2025-08-30T09:02:45.069499+00:00,STNRD
05c59b8b0f5541c1894759a6160cdab7,USGS-09371010,63680,00011,2023-10-12T18:00:00+00:00,,_FNU,Provisional,['DISCONTINUED'],2025-08-30T09:02:45.069499+00:00,STNRD
05c59b8b0f5541c1894759a6160cdab7,USGS-09371010,63680,00011,2023-10-12T18:15:00+00:00,,_FNU,Provisional,['DISCONTINUED'],2025-08-30T09:02:45.069499+00:00,STNRD
05c59b8b0f5541c1894759a6160cdab7,USGS-09371010,63680,00011,2023-10-12T18:30:00+00:00,,_FNU,Provisional,['DISCONTINUED'],2025-08-30T09:02:45.069499+00:00,STNRD
05c59b8b0f5541c1894759a6160cdab7,USGS-09371010,63680,00011,2023-10-12T18:45:00+00:00,,_FNU,Provisional,['DISCONTINUED'],2025-08-30T09:02:45.069499+00:00,STNRD
05c59b8b0f5541c1894759a6160cdab7,USGS-09371010,63680,00011,2023-10-12T19:00:00+00:00,,_FNU,Provisional,['DISCONTINUED'],2025-08-30T09:02:45.069499+00:00,STNRD
05c59b8b0f5541c1894759a6160cdab7,USGS-09371010,63680,00011,2023-10-12T19:15:00+00:00,,_FNU,Provisional,['DISCONTINUED'],2025-08-30T09:02:45.069499+00:00,STNRD
05c59b8b0f5541c1894759a6160cdab7,USGS-09371010,63680,00011,2023-10-12T19:30:00+00:00,,_FNU,Provisional,['DISCONTINUED'],2025-08-30T09:02:45.069499+00:00,STNRD
05c59b8b0f5541c1894759a6160cdab7,USGS-09371010,63680,00011,2023-10-12T19:45:00+00:00,,_FNU,Provisional,['DISCONTINUED'],2025-08-30T09:02:45.069499+00:00,STNRD
05c59b8b0f5541c1894759a6160cdab7,USGS-09371010,63680,00011,2023-10-12T20:00:00+00:00,,_FNU,Provisional,['DISCONTINUED'],2025-08-30T09:02:45.069499+00:00,STNRD
05c59b8b0f5541c1894759a6160cdab7,USGS-09371010,63680,00011,2023-10-12T20:15:00+00:00,,_FNU,Provisional,['DISCONTINUED'],2025-08-30T09:02:45.069499+00:00,STNRD
05c59b8b0f5541c1894759a6160cdab7,USGS-09371010,63680,00011,2023-10-12T20:30:00+00:00,,_FNU,Provisional,['DISCONTINUED'],2025-08-30T09:02:45.069499+00:00,STNRD
05c59b8b0f5541c1894759a6160cdab7,USGS-09371010,63680,00011,2023-10-12T20:45:00+00:00,,_FNU,Provisional,['DISCONTINUED'],2025-08-30T09:02:45.069499+00:00,STNRD
05c59b8b0f5541c1894759a6160cdab7,USGS-09371010,63680,00011,2023-10-12T21:00:00+00:00,,_FNU,Provisional,['DISCONTINUED'],2025-08-30T09:02:45.069499+00:00,STNRD
05c59b8b0f5541c1894759a6160cdab7,USGS-09371010,63680,00011,2023-10-12T21:15:00+00:00,,_FNU,Provisional,['DISCONTINUED'],2025-08-30T09:02:45.069499+00:00,STNRD
05c59b8b0f5541c1894759a6160cdab7,USGS-09371010,63680,00011,2023-10-12T21:30:00+00:00,,_FNU,Provisional,['DISCONTINUED'],2025-08-30T09:02:45.069499+00:00,STNRD
05c59b8b0f5541c1894759a6160cdab7,USGS-09371010,63680,00011,2023-10-12T21:45:00+00:00,,_FNU,Provisional,['DISCONTINUED'],2025-08-30T09:02:45.069499+00:00,STNRD
05c59b8b0f5541c1894759a6160cdab7,USGS-09371010,63680,00011,2023-10-12T22:00:00+00:00,,_FNU,Provisional,['DISCONTINUED'],2025-08-30T09:02:45.069499+00:00,STNRD
05c59b8b0f5541c1894759a6160cdab7,USGS-09371010,63680,00011,2023-10-12T22:15:00+00:00,,_FNU,Provisional,['DISCONTINUED'],2025-08-30T09:02:45.069499+00:00,STNRD
05c59b8b0f5541c1894759a6160cdab7,USGS-09371010,63680,00011,2023-10-12T22:30:00+00:00,,_FNU,Provisional,['DISCONTINUED'],2025-08-30T09:02:45.069499+00:00,STNRD
05c59b8b0f5541c1894759a6160cdab7,USGS-09371010,63680,00011,2023-10-12T22:45:00+00:00,,_FNU,Provisional,['DISCONTINUED'],2025-08-30T09:02:45.069499+00:00,STNRD
05c59b8b0f5541c1894759a6160cdab7,USGS-09371010,63680,00011,2023-10-12T23:00:00+00:00,,_FNU,Provisional,['DISCONTINUED'],2025-08-30T09:02:45.069499+00:00,STNRD
05c59b8b0f5541c1894759a6160cdab7,USGS-09371010,63680,00011,2023-10-12T23:15:00+00:00,,_FNU,Provisional,['DISCONTINUED'],2025-08-30T09:02:45.069499+00:00,STNRD
05c59b8b0f5541c1894759a6160cdab7,USGS-09371010,63680,00011,2023-10-12T23:30:00+00:00,,_FNU,Provisional,['DISCONTINUED'],2025-08-30T09:02:45.069499+00:00,STNRD
05c59b8b0f5541c1894759a6160cdab7,USGS-09371010,63680,00011,2023-10-12T23:45:00+00:00,,_FNU,Provisional,['DISCONTINUED'],2025-08-30T09:02:45.069499+00:00,STNRD
05c59b8b0f5541c1894759a6160cdab7,USGS-09371010,63680,00011,2023-10-13T00:00:00+00:00,,_FNU,Provisional,['DISCONTINUED'],2025-08-30T09:02:45.069499+00:00,STNRD
05c59b8b0f5541c1894759a6160cdab7,USGS-09371010,63680,00011,2023-10-13T00:15:00+00:00,,_FNU,Provisional,['DISCONTINUED'],2025-08-30T09:02:45.069499+00:00,STNRD
05c59b8b0f5541c1894759a6160cdab7,USGS-09371010,63680,00011,2023-10-13T00:30:00+00:00,,_FNU,Provisional,['DISCONTINUED'],2025-08-30T09:02:45.069499+00:00,STNRD
05c59b8b0f5541c1894759a6160cdab7,USGS-09371010,63680,00011,2023-10-13T00:45:00+00:00,,_FNU,Provisional,['DISCONTINUED'],2025-08-30T09:02:45.069499+00:00,STNRD
05c59b8b0f5541c1894759a6160cdab7,USGS-09371010,63680,00011,2023-10-13T01:00:00+00:00,,_FNU,Provisional,['DISCONTINUED'],2025-08-30T09:02:45.069499+00:00,STNRD
05c59b8b0f5541c1894759a6160cdab7,USGS-09371010,63680,00011,2023-10-13T01:15:00+00:00,,_FNU,Provisional,['DISCONTINUED'],2025-08-30T09:02:45.069499+00:00,STNRD
05c59b8b0f5541c1894759a6160cdab7,USGS-09371010,63680,00011,2023-10-13T01:30:00+00:00,,_FNU,Provisional,['DISCONTINUED'],2025-08-30T09:02:45.069499+00:00,STNRD
05c59b8b0f5541c1894759a6160cdab7,USGS-09371010,63680,00011,2023-10-13T01:45:00+00:00,,_FNU,Provisional,['DISCONTINUED'],2025-08-30T09:02:45.069499+00:00,STNRD
05c59b8b0f5541c1894759a6160cdab7,USGS-09371010,63680,00011,2023-10-13T02:00:00+00:00,,_FNU,Provisional,['DISCONTINUED'],2025-08-30T09:02:45.069499+00:00,STNRD
05c59b8b0f5541c1894759a6160cdab7,USGS-09371010,63680,00011,2023-10-13T02:15:00+00:00,,_FNU,Provisional,['DISCONTINUED'],2025-08-30T09:02:45.069499+00:00,STNRD
05c59b8b0f5541c1894759a6160cdab7,USGS-09371010,63680,00011,2023-10-13T02:30:00+00:00,,_FNU,Provisional,['DISCONTINUED'],2025-08-30T09:02:45.069499+00:00,STNRD
05c59b8b0f5541c1894759a6160cdab7,USGS-09371010,63680,00011,2023-10-13T02:45:00+00:00,,_FNU,Provisional,['DISCONTINUED'],2025-08-30T09:02:45.069499+00:00,STNRD
05c59b8b0f5541c1894759a6160cdab7,USGS-09371010,63680,00011,2023-10-13T03:00:00+00:00,,_FNU,Provisional,['DISCONTINUED'],2025-08-30T09:02:45.069499+00:00,STNRD
05c59b8b0f5541c1894759a6160cdab7,USGS-09371010,63680,00011,2023-10-13T03:15:00+00:00,,_FNU,Provisional,['DISCONTINUED'],2025-08-30T09:02:45.069499+00:00,STNRD
05c59b8b0f5541c1894759a6160cdab7,USGS-09371010,63680,00011,2023-10-13T03:30:00+00:00,,_FNU,Provisional,['DISCONTINUED'],2025-08-30T09:02:45.069499+00:00,STNRD
05c59b8b0f5541c1894759a6160cdab7,USGS-09371010,63680,00011,2023-10-13T03:45:00+00:00,,_FNU,Provisional,['DISCONTINUED'],2025-08-30T09:02:45.069499+00:00,STNRD
05c59b8b0f5541c1894759a6160cdab7,USGS-09371010,63680,00011,2023-10-13T04:00:00+00:00,,_FNU,Provisional,['DISCONTINUED'],2025-08-30T09:02:45.069499+00:00,STNRD
05c59b8b0f5541c1894759a6160cdab7,USGS-09371010,63680,00011,2023-10-13T04:15:00+00:00,,_FNU,Provisional,['DISCONTINUED'],2025-08-30T09:02:45.069499+00:00,STNRD
05c59b8b0f5541c1894759a6160cdab7,USGS-09371010,63680,00011,2023-10-13T04:30:00+00:00,,_FNU,Provisional,['DISCONTINUED'],2025-08-30T09:02:45.069499+00:00,STNRD
05c59b8b0f5541c1894759a6160cdab7,USGS-09371010,63680,00011,2023-10-13T04:45:00+00:00,,_FNU,Provisional,['DISCONTINUED'],2025-08-30T09:02:45.069499+00:00,STNRD
05c59b8b0f5541c1894759a6160cdab7,USGS-09371010,63680,00011,2023-10-13T05:00:00+00:00,,_FNU,Provisional,['DISCONTINUED'],2025-08-30T09:02:45.069499+00:00,STNRD
05c59b8b0f5541c1894759a6160cdab7,USGS-09371010,63680,00011,2023-10-13T05:15:00+00:00,,_FNU,Provisional,['DISCONTINUED'],2025-08-30T09:02:45.069499+00:00,STNRD
05c59b8b0f5541c1894759a6160cdab7,USGS-09371010,63680,00011,2023-10-13T05:30:00+00:00,,_FNU,Provisional,['DISCONTINUED'],2025-08-30T09:02:45.069499+00:00,STNRD
05c59b8b0f5541c1894759a6160cdab7,USGS-09371010,63680,00011,2023-10-13T05:45:00+00:00,,_FNU,Provisional,['DISCONTINUED'],2025-08-30T09:02:45.069499+00:00,STNRD
05c59b8b0f5541c1894759a6160cdab7,USGS-09371010,63680,00011,2023-10-13T06:00:00+00:00,,_FNU,Provisional,['DISCONTINUED'],2025-08-30T09:02:45.069499+00:00,STNRD
05c59b8b0f5541c1894759a6160cdab7,USGS-09371010,63680,00011,2023-10-13T06:15:00+00:00,,_FNU,Provisional,['DISCONTINUED'],2025-08-30T09:02:45.069499+00:00,STNRD
05c59b8b0f5541c1894759a6160cdab7,USGS-09371010,63680,00011,2023-10-13T06:30:00+00:00,,_FNU,Provisional,['DISCONTINUED'],2025-08-30T09:02:45.069499+00:00,STNRD
05c59b8b0f5541c1894759a6160cdab7,USGS-09371010,63680,00011,2023-10-13T06:45:00+00:00,,_FNU,Provisional,['DISCONTINUED'],2025-08-30T09:02:45.069499+00:00,STNRD
05c59b8b0f5541c1894759a6160cdab7,USGS-09371010,63680,00011,2023-10-13T07:00:00+00:00,,_FNU,Provisional,['DISCONTINUED'],2025-08-30T09:02:45.069499+00:00,STNRD
05c59b8b0f5541c1894759a6160cdab7,USGS-09371010,63680,00011,2023-10-13T07:15:00+00:00,,_FNU,Provisional,['DISCONTINUED'],2025-08-30T09:02:45.069499+00:00,STNRD
05c59b8b0f5541c1894759a6160cdab7,USGS-09371010,63680,00011,2023-10-13T07:30:00+00:00,,_FNU,Provisional,['DISCONTINUED'],2025-08-30T09:02:45.069499+00:00,STNRD
05c59b8b0f5541c1894759a6160cdab7,USGS-09371010,63680,00011,2023-10-13T07:45:00+00:00,,_FNU,Provisional,['DISCONTINUED'],2025-08-30T09:02:45.069499+00:00,STNRD
05c59b8b0f5541c1894759a6160cdab7,USGS-09371010,63680,00011,2023-10-13T08:00:00+00:00,,_FNU,Provisional,['DISCONTINUED'],2025-08-30T09:02:45.069499+00:00,STNRD
05c59b8b0f5541c1894759a6160cdab7,USGS-09371010,63680,00011,2023-10-13T08:15:00+00:00,,_FNU,Provisional,['DISCONTINUED'],2025-08-30T09:02:45.069499+00:00,STNRD
05c59b8b0f5541c1894759a6160cdab7,USGS-09371010,63680,00011,2023-10-13T08:30:00+00:00,,_FNU,Provisional,['DISCONTINUED'],2025-08-30T09:02:45.069499+00:00,STNRD
05c59b8b0f5541c1894759a6160cdab7,USGS-09371010,63680,00011,2023-10-13T08:45:00+00:00,,_FNU,Provisional,['DISCONTINUED'],2025-08-30T09:02:45.069499+00:00,STNRD
05c59b8b0f5541c1894759a6160cdab7,USGS-09371010,63680,00011,2023-10-13T09:00:00+00:00,,_FNU,Provisional,['DISCONTINUED'],2025-08-30T09:02:45.069499+00:00,STNRD
05c59b8b0f5541c1894759a6160cdab7,USGS-09371010,63680,00011,2023-10-13T09:15:00+00:00,,_FNU,Provisional,['DISCONTINUED'],2025-08-30T09:02:45.069499+00:00,STNRD
05c59b8b0f5541c1894759a6160cdab7,USGS-09371010,63680,00011,2023-10-13T09:30:00+00:00,,_FNU,Provisional,['DISCONTINUED'],2025-08-30T09:02:45.069499+00:00,STNRD
05c59b8b0f5541c1894759a6160cdab7,USGS-09371010,63680,00011,2023-10-13T09:45:00+00:00,,_FNU,Provisional,['DISCONTINUED'],2025-08-30T09:02:45.069499+00:00,STNRD
05c59b8b0f5541c1894759a6160cdab7,USGS-09371010,63680,00011,2023-10-13T10:00:00+00:00,,_FNU,Provisional,['DISCONTINUED'],2025-08-30T09:02:45.069499+00:00,STNRD
05c59b8b0f5541c1894759a6160cdab7,USGS-09371010,63680,00011,2023-10-13T10:15:00+00:00,,_FNU,Provisional,['DISCONTINUED'],2025-08-30T09:02:45.069499+00:00,STNRD
05c59b8b0f5541c1894759a6160cdab7,USGS-09371010,63680,00011,2023-10-13T10:30:00+00:00,,_FNU,Provisional,['DISCONTINUED'],2025-08-30T09:02:45.069499+00:00,STNRD
05c59b8b0f5541c1894759a6160cdab7,USGS-09371010,63680,00011,2023-10-13T10:45:00+00:00,,_FNU,Provisional,['DISCONTINUED'],2025-08-30T09:02:45.069499+00:00,STNRD
05c59b8b0f5541c1894759a6160cdab7,USGS-09371010,63680,00011,2023-10-13T11:00:00+00:00,,_FNU,Provisional,['DISCONTINUED'],2025-08-30T09:02:45.069499+00:00,STNRD
05c59b8b0f5541c1894759a6160cdab7,USGS-09371010,63680,00011,2023-10-13T11:15:00+00:00,,_FNU,Provisional,['DISCONTINUED'],2025-08-30T09:02:45.069499+00:00,STNRD
05c59b8b0f5541c1894759a6160cdab7,USGS-09371010,63680,00011,2023-10-13T11:30:00+00:00,,_FNU,Provisional,['DISCONTINUED'],2025-08-30T09:02:45.069499+00:00,STNRD
05c59b8b0f5541c1894759a6160cdab7,USGS-09371010,63680,00011,2023-10-13T11:45:00+00:00,,_FNU,Provisional,['DISCONTINUED'],2025-08-30T09:02:45.069499+00:00,STNRD
05c59b8b0f5541c1894759a6160cdab7,USGS-09371010,63680,00011,2023-10-13T12:00:00+00:00,,_FNU,Provisional,['DISCONTINUED'],2025-08-30T09:02:45.069499+00:00,STNRD
05c59b8b0f5541c1894759a6160cdab7,USGS-09371010,63680,00011,2023-10-13T12:15:00+00:00,,_FNU,Provisional,['DISCONTINUED'],2025-08-30T09:02:45.069499+00:00,STNRD
05c59b8b0f5541c1894759a6160cdab7,USGS-09371010,63680,00011,2023-10-13T12:30:00+00:00,,_FNU,Provisional,['DISCONTINUED'],2025-08-30T09:02:45.069499+00:00,STNRD
05c59b8b0f5541c1894759a6160cdab7,USGS-09371010,63680,00011,2023-10-13T12:45:00+00:00,,_FNU,Provisional,['DISCONTINUED'],2025-08-30T09:02:45.069499+00:00,STNRD
05c59b8b0f5541c1894759a6160cdab7,USGS-09371010,63680,00011,2023-10-13T13:00:00+00:00,,_FNU,Provisional,['DISCONTINUED'],2025-08-30T09:02:45.069499+00:00,STNRD
05c59b8b0f5541c1894759a6160cdab7,USGS-09371010,63680,00011,2023-10-13T13:15:00+00:00,,_FNU,Provisional,['DISCONTINUED'],2025-08-30T09:02:45.069499+00:00,STNRD
05c59b8b0f5541c1894759a6160cdab7,USGS-09371010,63680,00011,2023-10-13T13:30:00+00:00,,_FNU,Provisional,['DISCONTINUED'],2025-08-30T09:02:45.069499+00:00,STNRD
05c59b8b0f5541c1894759a6160cdab7,USGS-09371010,63680,00011,2023-10-13T13:45:00+00:00,,_FNU,Provisional,['DISCONTINUED'],2025-08-30T09:02:45.069499+00:00,STNRD
05c59b8b0f5541c1894759a6160cdab7,USGS-09371010,63680,00011,2023-10-13T14:00:00+00:00,,_FNU,Provisional,['DISCONTINUED'],2025-08-30T09:02:45.069499+00:00,STNRD
05c59b8b0f5541c1894759a6160cdab7,USGS-09371010,63680,00011,2023-10-13T14:15:00+00:00,,_FNU,Provisional,['DISCONTINUED'],2025-08-30T09:02:45.069499+00:00,STNRD
05c59b8b0f5541c1894759a6160cdab7,USGS-09371010,63680,00011,2023-10-13T14:30:00+00:00,,_FNU,Provisional,['DISCONTINUED'],2025-08-30T09:02:45.069499+00:00,STNRD
05c59b8b0f5541c1894759a6160cdab7,USGS-09371010,63680,00011,2023-10-13T14:45:00+00:00,,_FNU,Provisional,['DISCONTINUED'],2025-08-30T09:02:45.069499+00:00,STNRD
05c59b8b0f5541c1894759a6160cdab7,USGS-09371010,63680,00011,2023-10-13T15:00:00+00:00,,_FNU,Provisional,['DISCONTINUED'],2025-08-30T09:02:45.069499+00:00,STNRD
05c59b8b0f5541c1894759a6160cdab7,USGS-09371010,63680,00011,2023-10-13T15:15:00+00:00,,_FNU,Provisional,['DISCONTINUED'],2025-08-30T09:02:45.069499+00:00,STNRD
05c59b8b0f5541c1894759a6160cdab7,USGS-09371010,63680,00011,2023-10-13T15:30:00+00:00,,_FNU,Provisional,['DISCONTINUED'],2025-08-30T09:02:45.069499+00:00,STNRD
05c59b8b0f5541c1894759a6160cdab7,USGS-09371010,63680,00011,2023-10-13T15:45:00+00:00,,_FNU,Provisional,['DISCONTINUED'],2025-08-30T09:02:45.069499+00:00,STNRD
05c59b8b0f5541c1894759a6160cdab7,USGS-09371010,63680,00011,2023-10-13T16:00:00+00:00,,_FNU,Provisional,['DISCONTINUED'],2025-08-30T09:02:45.069499+00:00,STNRD
05c59b8b0f5541c1894759a6160cdab7,USGS-09371010,63680,00011,2023-10-13T16:15:00+00:00,,_FNU,Provisional,['DISCONTINUED'],2025-08-30T09:02:45.069499+00:00,STNRD
05c59b8b0f5541c1894759a6160cdab7,USGS-09371010,63680,00011,2023-10-13T16:30:00+00:00,,_FNU,Provisional,['DISCONTINUED'],2025-08-30T09:02:45.069499+00:00,STNRD
05c59b8b0f5541c1894759a6160cdab7,USGS-09371010,63680,00011,2023-10-13T16:45:00+00:00,,_FNU,Provisional,['DISCONTINUED'],2025-08-30T09:02:45.069499+00:00,STNRD
05c59b8b0f5541c1894759a6160cdab7,USGS-09371010,63680,00011,2023-10-13T17:00:00+00:00,,_FNU,Provisional,['DISCONTINUED'],2025-08-30T09:02:45.069499+00:00,STNRD
05c59b8b0f5541c1894759a6160cdab7,USGS-09371010,63680,00011,2023-10-13T17:15:00+00:00,,_FNU,Provisional,['DISCONTINUED'],2025-08-30T09:02:45.069499+00:00,STNRD
05c59b8b0f5541c1894759a6160cdab7,USGS-09371010,63680,00011,2023-10-13T17:30:00+00:00,,_FNU,Provisional,['DISCONTINUED'],2025-08-30T09:02:45.069499+00:00,STNRD
05c59b8b0f5541c1894759a6160cdab7,USGS-09371010,63680,00011,2023-10-13T17:45:00+00:00,,_FNU,Provisional,['DISCONTINUED'],2025-08-30T09:02:45.069499+00:00,STNRD
05c59b8b0f5541c1894759a6160cdab7,USGS-09371010,63680,00011,2023-10-13T18:00:00+00:00,,_FNU,Provisional,['DISCONTINUED'],2025-08-30T09:02:45.069499+00:00,STNRD
05c59b8b0f5541c1894759a6160cdab7,USGS-09371010,63680,00011,2023-10-13T18:15:00+00:00,,_FNU,Provisional,['DISCONTINUED'],2025-08-30T09:02:45.069499+00:00,STNRD
05c59b8b0f5541c1894759a6160cdab7,USGS-09371010,63680,00011,2023-10-13T18:30:00+00:00,,_FNU,Provisional,['DISCONTINUED'],2025-08-30T09:02:45.069499+00:00,STNRD
05c59b8b0f5541c1894759a6160cdab7,USGS-09371010,63680,00011,2023-10-13T18:45:00+00:00,,_FNU,Provisional,['DISCONTINUED'],2025-08-30T09:02:45.069499+00:00,STNRD
05c59b8b0f5541c1894759a6160cdab7,USGS-09371010,63680,00011,2023-10-13T19:00:00+00:00,,_FNU,Provisional,['DISCONTINUED'],2025-08-30T09:02:45.069499+00:00,STNRD
05c59b8b0f5541c1894759a6160cdab7,USGS-09371010,63680,00011,2023-10-13T19:15:00+00:00,,_FNU,Provisional,['DISCONTINUED'],2025-08-30T09:02:45.069499+00:00,STNRD
05c59b8b0f5541c1894759a6160cdab7,USGS-09371010,63680,00011,2023-10-13T19:30:00+00:00,,_FNU,Provisional,['DISCONTINUED'],2025-08-30T09:02:45.069499+00:00,STNRD
05c59b8b0f5541c1894759a6160cdab7,USGS-09371010,63680,00011,2023-10-13T19:45:00+00:00,,_FNU,Provisional,['DISCONTINUED'],2025-08-30T09:02:45.069499+00:00,STNRD
05c59b8b0f5541c1894759a6160cdab7,USGS-09371010,63680,00011,2023-10-13T20:00:00+00:00,,_FNU,Provisional,['DISCONTINUED'],2025-08-30T09:02:45.069499+00:00,STNRD
05c59b8b0f5541c1894759a6160cdab7,USGS-09371010,63680,00011,2023-10-13T20:15:00+00:00,,_FNU,Provisional,['DISCONTINUED'],2025-08-30T09:02:45.069499+00:00,STNRD
05c59b8b0f5541c1894759a6160cdab7,USGS-09371010,63680,00011,2023-10-13T20:30:00+00:00,,_FNU,Provisional,['DISCONTINUED'],2025-08-30T09:02:45.069499+00:00,STNRD
05c59b8b0f5541c1894759a6160cdab7,USGS-09371010,63680,00011,2023-10-13T20:45:00+00:00,,_FNU,Provisional,['DISCONTINUED'],2025-08-30T09:02:45.069499+00:00,STNRD
05c59b8b0f5541c1894759a6160cdab7,USGS-09371010,63680,00011,2023-10-13T21:00:00+00:00,,_FNU,Provisional,['DISCONTINUED'],2025-08-30T09:02:45.069499+00:00,STNRD
05c59b8b0f5541c1894759a6160cdab7,USGS-09371010,63680,00011,2023-10-13T21:15:00+00:00,,_FNU,Provisional,['DISCONTINUED'],2025-08-30T09:02:45.069499+00:00,STNRD
05c59b8b0f5541c1894759a6160cdab7,USGS-09371010,63680,00011,2023-10-13T21:30:00+00:00,,_FNU,Provisional,['DISCONTINUED'],2025-08-30T09:02:45.069499+00:00,STNRD
05c59b8b0f5541c1894759a6160cdab7,USGS-09371010,63680,00011,2023-10-13T21:45:00+00:00,,_FNU,Provisional,['DISCONTINUED'],2025-08-30T09:02:45.069499+00:00,STNRD
05c59b8b0f5541c1894759a6160cdab7,USGS-09371010,63680,00011,2023-10-13T22:00:00+00:00,,_FNU,Provisional,['DISCONTINUED'],2025-08-30T09:02:45.069499+00:00,STNRD
05c59b8b0f5541c1894759a6160cdab7,USGS-09371010,63680,00011,2023-10-13T22:15:00+00:00,,_FNU,Provisional,['DISCONTINUED'],2025-08-30T09:02:45.069499+00:00,STNRD
05c59b8b0f5541c1894759a6160cdab7,USGS-09371010,63680,00011,2023-10-13T22:30:00+00:00,,_FNU,Provisional,['DISCONTINUED'],2025-08-30T09:02:45.069499+00:00,STNRD
05c59b8b0f5541c1894759a6160cdab7,USGS-09371010,63680,00011,2023-10-13T22:45:00+00:00,,_FNU,Provisional,['DISCONTINUED'],2025-08-30T09:02:45.069499+00:00,STNRD
05c59b8b0f5541c1894759a6160cdab7,USGS-09371010,63680,00011,2023-10-13T23:00:00+00:00,,_FNU,Provisional,['DISCONTINUED'],2025-08-30T09:02:45.069499+00:00,STNRD
05c59b8b0f5541c1894759a6160cdab7,USGS-09371010,63680,00011,2023-10-13T23:15:00+00:00,,_FNU,Provisional,['DISCONTINUED'],2025-08-30T09:02:45.069499+00:00,STNRD
05c59b8b0f5541c1894759a6160cdab7,USGS-09371010,63680,00011,2023-10-13T23:30:00+00:00,,_FNU,Provisional,['DISCONTINUED'],2025-08-30T09:02:45.069499+00:00,STNRD
05c59b8b0f5541c1894759a6160cdab7,USGS-09371010,63680,00011,2023-10-13T23:45:00+00:00,,_FNU,Provisional,['DISCONTINUED'],2025-08-30T09:02:45.069499+00:00,STNRD
05c59b8b0f5541c1894759a6160cdab7,USGS-09371010,63680,00011,2023-10-14T00:00:00+00:00,,_FNU,Provisional,['DISCONTINUED'],2025-08-30T09:02:45.069499+00:00,STNRD
05c59b8b0f5541c1894759a6160cdab7,USGS-09371010,63680,00011,2023-10-14T00:15:00+00:00,,_FNU,Provisional,['DISCONTINUED'],2025-08-30T09:02:45.069499+00:00,STNRD
05c59b8b0f5541c1894759a6160cdab7,USGS-09371010,63680,00011,2023-10-14T00:30:00+00:00,,_FNU,Provisional,['DISCONTINUED'],2025-08-30T09:02:45.069499+00:00,STNRD
05c59b8b0f5541c1894759a6160cdab7,USGS-09371010,63680,00011,2023-10-14T00:45:00+00:00,,_FNU,Provisional,['DISCONTINUED'],2025-08-30T09:02:45.069499+00:00,STNRD
05c59b8b0f5541c1894759a6160cdab7,USGS-09371010,63680,00011,2023-10-14T01:00:00+00:00,,_FNU,Provisional,['DISCONTINUED'],2025-08-30T09:02:45.069499+00:00,STNRD
05c59b8b0f5541c1894759a6160cdab7,USGS-09371010,63680,00011,2023-10-14T01:15:00+00:00,,_FNU,Provisional,['DISCONTINUED'],2025-08-30T09:02:45.069499+00:00,STNRD
05c59b8b0f5541c1894759a6160cdab7,USGS-09371010,63680,00011,2023-10-14T01:30:00+00:00,,_FNU,Provisional,['DISCONTINUED'],2025-08-30T09:02:45.069499+00:00,STNRD
05c59b8b0f5541c1894759a6160cdab7,USGS-09371010,63680,00011,2023-10-14T01:45:00+00:00,,_FNU,Provisional,['DISCONTINUED'],2025-08-30T09:02:45.069499+00:00,STNRD
05c59b8b0f5541c1894759a6160cdab7,USGS-09371010,63680,00011,2023-10-14T02:00:00+00:00,,_FNU,Provisional,['DISCONTINUED'],2025-08-30T09:02:45.069499+00:00,STNRD
05c59b8b0f5541c1894759a6160cdab7,USGS-09371010,63680,00011,2023-10-14T02:15:00+00:00,,_FNU,Provisional,['DISCONTINUED'],2025-08-30T09:02:45.069499+00:00,STNRD
05c59b8b0f5541c1894759a6160cdab7,USGS-09371010,63680,00011,2023-10-14T02:30:00+00:00,,_FNU,Provisional,['DISCONTINUED'],2025-08-30T09:02:45.069499+00:00,STNRD
05c59b8b0f5541c1894759a6160cdab7,USGS-09371010,63680,00011,2023-10-14T02:45:00+00:00,,_FNU,Provisional,['DISCONTINUED'],2025-08-30T09:02:45.069499+00:00,STNRD
05c59b8b0f5541c1894759a6160cdab7,USGS-09371010,63680,00011,2023-10-14T03:00:00+00:00,,_FNU,Provisional,['DISCONTINUED'],2025-08-30T09:02:45.069499+00:00,STNRD
05c59b8b0f5541c1894759a6160cdab7,USGS-09371010,63680,00011,2023-10-14T03:15:00+00:00,,_FNU,Provisional,['DISCONTINUED'],2025-08-30T09:02:45.069499+00:00,STNRD
05c59b8b0f5541c1894759a6160cdab7,USGS-09371010,63680,00011,2023-10-14T03:30:00+00:00,,_FNU,Provisional,['DISCONTINUED'],2025-08-30T09:02:45.069499+00:00,STNRD
05c59b8b0f5541c1894759a6160cdab7,USGS-09371010,63680,00011,2023-10-14T03:45:00+00:00,,_FNU,Provisional,['DISCONTINUED'],2025-08-30T09:02:45.069499+00:00,STNRD
05c59b8b0f5541c1894759a6160cdab7,USGS-09371010,63680,00011,2023-10-14T04:00:00+00:00,,_FNU,Provisional,['DISCONTINUED'],2025-08-30T09:02:45.069499+00:00,STNRD
05c59b8b0f5541c1894759a6160cdab7,USGS-09371010,63680,00011,2023-10-14T04:15:00+00:00,,_FNU,Provisional,['DISCONTINUED'],2025-08-30T09:02:45.069499+00:00,STNRD
05c59b8b0f5541c1894759a6160cdab7,USGS-09371010,63680,00011,2023-10-14T04:30:00+00:00,,_FNU,Provisional,['DISCONTINUED'],2025-08-30T09:02:45.069499+00:00,STNRD
05c59b8b0f5541c1894759a6160cdab7,USGS-09371010,63680,00011,2023-10-14T04:45:00+00:00,,_FNU,Provisional,['DISCONTINUED'],2025-08-30T09:02:45.069499+00:00,STNRD
05c59b8b0f5541c1894759a6160cdab7,USGS-09371010,63680,00011,2023-10-14T05:00:00+00:00,,_FNU,Provisional,['DISCONTINUED'],2025-08-30T09:02:45.069499+00:00,STNRD
05c59b8b0f5541c1894759a6160cdab7,USGS-09371010,63680,00011,2023-10-14T05:15:00+00:00,,_FNU,Provisional,['DISCONTINUED'],2025-08-30T09:02:45.069499+00:00,STNRD
05c59b8b0f5541c1894759a6160cdab7,USGS-09371010,63680,00011,2023-10-14T05:30:00+00:00,,_FNU,Provisional,['DISCONTINUED'],2025-08-30T09:02:45.069499+00:00,STNRD
05c59b8b0f5541c1894759a6160cdab7,USGS-09371010,63680,00011,2023-10-14T05:45:00+00:00,,_FNU,Provisional,['DISCONTINUED'],2025-08-30T09:02:45.069499+00:00,STNRD
05c59b8b0f5541c1894759a6160cdab7,USGS-09371010,63680,00011,2023-10-14T06:00:00+00:00,,_FNU,Provisional,['DISCONTINUED'],2025-08-30T09:02:45.069499+00:00,STNRD
05c59b8b0f5541c1894759a6160cdab7,USGS-09371010,63680,00011,2023-10-14T06:15:00+00:00,,_FNU,Provisional,['DISCONTINUED'],2025-08-30T09:02:45.069499+00:00,STNRD
05c59b8b0f5541c1894759a6160cdab7,USGS-09371010,63680,00011,2023-10-14T06:30:00+00:00,,_FNU,Provisional,['DISCONTINUED'],2025-08-30T09:02:45.069499+00:00,STNRD
05c59b8b0f5541c1894759a6160cdab7,USGS-09371010,63680,00011,2023-10-14T06:45:00+00:00,,_FNU,Provisional,['DISCONTINUED'],2025-08-30T09:02:45.069499+00:00,STNRD
05c59b8b0f5541c1894759a6160cdab7,USGS-09371010,63680,00011,2023-10-14T07:00:00+00:00,,_FNU,Provisional,['DISCONTINUED'],2025-08-30T09:02:45.069499+00:00,STNRD
05c59b8b0f5541c1894759a6160cdab7,USGS-09371010,63680,00011,2023-10-14T07:15:00+00:00,,_FNU,Provisional,['DISCONTINUED'],2025-08-30T09:02:45.069499+00:00,STNRD
05c59b8b0f5541c1894759a6160cdab7,USGS-09371010,63680,00011,2023-10-14T07:30:00+00:00,,_FNU,Provisional,['DISCONTINUED'],2025-08-30T09:02:45.069499+00:00,STNRD
05c59b8b0f5541c1894759a6160cdab7,USGS-09371010,63680,00011,2023-10-14T07:45:00+00:00,,_FNU,Provisional,['DISCONTINUED'],2025-08-30T09:02:45.069499+00:00,STNRD
05c59b8b0f5541c1894759a6160cdab7,USGS-09371010,63680,00011,2023-10-14T08:00:00+00:00,,_FNU,Provisional,['DISCONTINUED'],2025-08-30T09:02:45.069499+00:00,STNRD
05c59b8b0f5541c1894759a6160cdab7,USGS-09371010,63680,00011,2023-10-14T08:15:00+00:00,,_FNU,Provisional,['DISCONTINUED'],2025-08-30T09:02:45.069499+00:00,STNRD
05c59b8b0f5541c1894759a6160cdab7,USGS-09371010,63680,00011,2023-10-14T08:30:00+00:00,,_FNU,Provisional,['DISCONTINUED'],2025-08-30T09:02:45.069499+00:00,STNRD
05c59b8b0f5541c1894759a6160cdab7,USGS-09371010,63680,00011,2023-10-14T08:45:00+00:00,,_FNU,Provisional,['DISCONTINUED'],2025-08-30T09:02:45.069499+00:00,STNRD
05c59b8b0f5541c1894759a6160cdab7,USGS-09371010,63680,00011,2023-10-14T09:00:00+00:00,,_FNU,Provisional,['DISCONTINUED'],2025-08-30T09:02:45.069499+00:00,STNRD
05c59b8b0f5541c1894759a6160cdab7,USGS-09371010,63680,00011,2023-10-14T09:15:00+00:00,,_FNU,Provisional,['DISCONTINUED'],2025-08-30T09:02:45.069499+00:00,STNRD
05c59b8b0f5541c1894759a6160cdab7,USGS-09371010,63680,00011,2023-10-14T09:30:00+00:00,,_FNU,Provisional,['DISCONTINUED'],2025-08-30T09:02:45.069499+00:00,STNRD
05c59b8b0f5541c1894759a6160cdab7,USGS-09371010,63680,00011,2023-10-14T09:45:00+00:00,,_FNU,Provisional,['DISCONTINUED'],2025-08-30T09:02:45.069499+00:00,STNRD
05c59b8b0f5541c1894759a6160cdab7,USGS-09371010,63680,00011,2023-10-14T10:00:00+00:00,,_FNU,Provisional,['DISCONTINUED'],2025-08-30T09:02:45.069499+00:00,STNRD
05c59b8b0f5541c1894759a6160cdab7,USGS-09371010,63680,00011,2023-10-14T10:15:00+00:00,,_FNU,Provisional,['DISCONTINUED'],2025-08-30T09:02:45.069499+00:00,STNRD
05c59b8b0f5541c1894759a6160cdab7,USGS-09371010,63680,00011,2023-10-14T10:30:00+00:00,,_FNU,Provisional,['DISCONTINUED'],2025-08-30T09:02:45.069499+00:00,STNRD
05c59b8b0f5541c1894759a6160cdab7,USGS-09371010,63680,00011,2023-10-14T10:45:00+00:00,,_FNU,Provisional,['DISCONTINUED'],2025-08-30T09:02:45.069499+00:00,STNRD
05c59b8b0f5541c1894759a6160cdab7,USGS-09371010,63680,00011,2023-10-14T11:00:00+00:00,,_FNU,Provisional,['DISCONTINUED'],2025-08-30T09:02:45.069499+00:00,STNRD
05c59b8b0f5541c1894759a6160cdab7,USGS-09371010,63680,00011,2023-10-14T11:15:00+00:00,,_FNU,Provisional,['DISCONTINUED'],2025-08-30T09:02:45.069499+00:00,STNRD
05c59b8b0f5541c1894759a6160cdab7,USGS-09371010,63680,00011,2023-10-14T11:30:00+00:00,,_FNU,Provisional,['DISCONTINUED'],2025-08-30T09:02:45.069499+00:00,STNRD
05c59b8b0f5541c1894759a6160cdab7,USGS-09371010,63680,00011,2023-10-14T11:45:00+00:00,,_FNU,Provisional,['DISCONTINUED'],2025-08-30T09:02:45.069499+00:00,STNRD
05c59b8b0f5541c1894759a6160cdab7,USGS-09371010,63680,00011,2023-10-14T12:00:00+00:00,,_FNU,Provisional,['DISCONTINUED'],2025-08-30T09:02:45.069499+00:00,STNRD
05c59b8b0f5541c1894759a6160cdab7,USGS-09371010,63680,00011,2023-10-14T12:15:00+00:00,,_FNU,Provisional,['DISCONTINUED'],2025-08-30T09:02:45.069499+00:00,STNRD
05c59b8b0f5541c1894759a6160cdab7,USGS-09371010,63680,00011,2023-10-14T12:30:00+00:00,,_FNU,Provisional,['DISCONTINUED'],2025-08-30T09:02:45.069499+00:00,STNRD
05c59b8b0f5541c1894759a6160cdab7,USGS-09371010,63680,00011,2023-10-14T12:45:00+00:00,,_FNU,Provisional,['DISCONTINUED'],2025-08-30T09:02:45.069499+00:00,STNRD
05c59b8b0f5541c1894759a6160cdab7,USGS-09371010,63680,00011,2023-10-14T13:00:00+00:00,,_FNU,Provisional,['DISCONTINUED'],2025-08-30T09:02:45.069499+00:00,STNRD
05c59b8b0f5541c1894759a6160cdab7,USGS-09371010,63680,00011,2023-10-14T13:15:00+00:00,,_FNU,Provisional,['DISCONTINUED'],2025-08-30T09:02:45.069499+00:00,STNRD
05c59b8b0f5541c1894759a6160cdab7,USGS-09371010,63680,00011,2023-10-14T13:30:00+00:00,,_FNU,Provisional,['DISCONTINUED'],2025-08-30T09:02:45.069499+00:00,STNRD
05c59b8b0f5541c1894759a6160cdab7,USGS-09371010,63680,00011,2023-10-14T13:45:00+00:00,,_FNU,Provisional,['DISCONTINUED'],2025-08-30T09:02:45.069499+00:00,STNRD
05c59b8b0f5541c1894759a6160cdab7,USGS-09371010,63680,00011,2023-10-14T14:00:00+00:00,,_FNU,Provisional,['DISCONTINUED'],2025-08-30T09:02:45.069499+00:00,STNRD
05c59b8b0f5541c1894759a6160cdab7,USGS-09371010,63680,00011,2023-10-14T14:15:00+00:00,,_FNU,Provisional,['DISCONTINUED'],2025-08-30T09:02:45.069499+00:00,STNRD
05c59b8b0f5541c1894759a6160cdab7,USGS-09371010,63680,00011,2023-10-14T14:30:00+00:00,,_FNU,Provisional,['DISCONTINUED'],2025-08-30T09:02:45.069499+00:00,STNRD
05c59b8b0f5541c1894759a6160cdab7,USGS-09371010,63680,00011,2023-10-14T14:45:00+00:00,,_FNU,Provisional,['DISCONTINUED'],2025-08-30T09:02:45.069499+00:00,STNRD
05c59b8b0f5541c1894759a6160cdab7,USGS-09371010,63680,00011,2023-10-14T15:00:00+00:00,,_FNU,Provisional,['DISCONTINUED'],2025-08-30T09:02:45.069499+00:00,STNRD
05c59b8b0f5541c1894759a6160cdab7,USGS-09371010,63680,00011,2023-10-14T15:15:00+00:00,,_FNU,Provisional,['DISCONTINUED'],2025-08-30T09:02:45.069499+00:00,STNRD
05c59b8b0f5541c1894759a6160cdab7,USGS-09371010,63680,00011,2023-10-14T15:30:00+00:00,,_FNU,Provisional,['DISCONTINUED'],2025-08-30T09:02:45.069499+00:00,STNRD
05c59b8b0f5541c1894759a6160cdab7,USGS-09371010,63680,00011,2023-10-14T15:45:00+00:00,,_FNU,Provisional,['DISCONTINUED'],2025-08-30T09:02:45.069499+00:00,STNRD
05c59b8b0f5541c1894759a6160cdab7,USGS-09371010,63680,00011,2023-10-14T16:00:00+00:00,,_FNU,Provisional,['DISCONTINUED'],2025-08-30T09:02:45.069499+00:00,STNRD
05c59b8b0f5541c1894759a6160cdab7,USGS-09371010,63680,00011,2023-10-14T16:15:00+00:00,,_FNU,Provisional,['DISCONTINUED'],2025-08-30T09:02:45.069499+00:00,STNRD
05c59b8b0f5541c1894759a6160cdab7,USGS-09371010,63680,00011,2023-10-14T16:30:00+00:00,,_FNU,Provisional,['DISCONTINUED'],2025-08-30T09:02:45.069499+00:00,STNRD
05c59b8b0f5541c1894759a6160cdab7,USGS-09371010,63680,00011,2023-10-14T16:45:00+00:00,,_FNU,Provisional,['DISCONTINUED'],2025-08-30T09:02:45.069499+00:00,STNRD
05c59b8b0f5541c1894759a6160cdab7,USGS-09371010,63680,00011,2023-10-14T17:00:00+00:00,,_FNU,Provisional,['DISCONTINUED'],2025-08-30T09:02:45.069499+00:00,STNRD
05c59b8b0f5541c1894759a6160cdab7,USGS-09371010,63680,00011,2023-10-14T17:15:00+00:00,,_FNU,Provisional,['DISCONTINUED'],2025-08-30T09:02:45.069499+00:00,STNRD
05c59b8b0f5541c1894759a6160cdab7,USGS-09371010,63680,00011,2023-10-14T17:30:00+00:00,,_FNU,Provisional,['DISCONTINUED'],2025-08-30T09:02:45.069499+00:00,STNRD
05c59b8b0f5541c1894759a6160cdab7,USGS-09371010,63680,00011,2023-10-14T17:45:00+00:00,,_FNU,Provisional,['DISCONTINUED'],2025-08-30T09:02:45.069499+00:00,STNRD
05c59b8b0f5541c1894759a6160cdab7,USGS-09371010,63680,00011,2023-10-14T18:00:00+00:00,,_FNU,Provisional,['DISCONTINUED'],2025-08-30T09:02:45.069499+00:00,STNRD
05c59b8b0f5541c1894759a6160cdab7,USGS-09371010,63680,00011,2023-10-14T18:15:00+00:00,,_FNU,Provisional,['DISCONTINUED'],2025-08-30T09:02:45.069499+00:00,STNRD
05c59b8b0f5541c1894759a6160cdab7,USGS-09371010,63680,00011,2023-10-14T18:30:00+00:00,,_FNU,Provisional,['DISCONTINUED'],2025-08-30T09:02:45.069499+00:00,STNRD
05c59b8b0f5541c1894759a6160cdab7,USGS-09371010,63680,00011,2023-10-14T18:45:00+00:00,,_FNU,Provisional,['DISCONTINUED'],2025-08-30T09:02:45.069499+00:00,STNRD
05c59b8b0f5541c1894759a6160cdab7,USGS-09371010,63680,00011,2023-10-14T19:00:00+00:00,,_FNU,Provisional,['DISCONTINUED'],2025-08-30T09:02:45.069499+00:00,STNRD
05c59b8b0f5541c1894759a6160cdab7,USGS-09371010,63680,00011,2023-10-14T19:15:00+00:00,,_FNU,Provisional,['DISCONTINUED'],2025-08-30T09:02:45.069499+00:00,STNRD
05c59b8b0f5541c1894759a6160cdab7,USGS-09371010,63680,00011,2023-10-14T19:30:00+00:00,,_FNU,Provisional,['DISCONTINUED'],2025-08-30T09:02:45.069499+00:00,STNRD
05c59b8b0f5541c1894759a6160cdab7,USGS-09371010,63680,00011,2023-10-14T19:45:00+00:00,,_FNU,Provisional,['DISCONTINUED'],2025-08-30T09:02:45.069499+00:00,STNRD
05c59b8b0f5541c1894759a6160cdab7,USGS-09371010,63680,00011,2023-10-14T20:00:00+00:00,,_FNU,Provisional,['DISCONTINUED'],2025-08-30T09:02:45.069499+00:00,STNRD
05c59b8b0f5541c1894759a6160cdab7,USGS-09371010,63680,00011,2023-10-14T20:15:00+00:00,,_FNU,Provisional,['DISCONTINUED'],2025-08-30T09:02:45.069499+00:00,STNRD
05c59b8b0f5541c1894759a6160cdab7,USGS-09371010,63680,00011,2023-10-14T20:30:00+00:00,,_FNU,Provisional,['DISCONTINUED'],2025-08-30T09:02:45.069499+00:00,STNRD
05c59b8b0f5541c1894759a6160cdab7,USGS-09371010,63680,00011,2023-10-14T20:45:00+00:00,,_FNU,Provisional,['DISCONTINUED'],2025-08-30T09:02:45.069499+00:00,STNRD
05c59b8b0f5541c1894759a6160cdab7,USGS-09371010,63680,00011,2023-10-14T21:00:00+00:00,,_FNU,Provisional,['DISCONTINUED'],2025-08-30T09:02:45.069499+00:00,STNRD
05c59b8b0f5541c1894759a6160cdab7,USGS-09371010,63680,00011,2023-10-14T21:15:00+00:00,,_FNU,Provisional,['DISCONTINUED'],2025-08-30T09:02:45.069499+00:00,STNRD
05c59b8b0f5541c1894759a6160cdab7,USGS-09371010,63680,00011,2023-10-14T21:30:00+00:00,,_FNU,Provisional,['DISCONTINUED'],2025-08-30T09:02:45.069499+00:00,STNRD
05c59b8b0f5541c1894759a6160cdab7,USGS-09371010,63680,00011,2023-10-14T21:45:00+00:00,,_FNU,Provisional,['DISCONTINUED'],2025-08-30T09:02:45.069499+00:00,STNRD
05c59b8b0f5541c1894759a6160cdab7,USGS-09371010,63680,00011,2023-10-14T22:00:00+00:00,,_FNU,Provisional,['DISCONTINUED'],2025-08-30T09:02:45.069499+00:00,STNRD
05c59b8b0f5541c1894759a6160cdab7,USGS-09371010,63680,00011,2023-10-14T22:15:00+00:00,,_FNU,Provisional,['DISCONTINUED'],2025-08-30T09:02:45.069499+00:00,STNRD
05c59b8b0f5541c1894759a6160cdab7,USGS-09371010,63680,00011,2023-10-14T22:30:00+00:00,,_FNU,Provisional,['DISCONTINUED'],2025-08-30T09:02:45.069499+00:00,STNRD
05c59b8b0f5541c1894759a6160cdab7,USGS-09371010,63680,00011,2023-10-14T22:45:00+00:00,,_FNU,Provisional,['DISCONTINUED'],2025-08-30T09:02:45.069499+00:00,STNRD
05c59b8b0f5541c1894759a6160cdab7,USGS-09371010,63680,00011,2023-10-14T23:00:00+00:00,,_FNU,Provisional,['DISCONTINUED'],2025-08-30T09:02:45.069499+00:00,STNRD
05c59b8b0f5541c1894759a6160cdab7,USGS-09371010,63680,00011,2023-10-14T23:15:00+00:00,,_FNU,Provisional,['DISCONTINUED'],2025-08-30T09:02:45.069499+00:00,STNRD
05c59b8b0f5541c1894759a6160cdab7,USGS-09371010,63680,00011,2023-10-14T23:30:00+00:00,,_FNU,Provisional,['DISCONTINUED'],2025-08-30T09:02:45.069499+00:00,STNRD
05c59b8b0f5541c1894759a6160cdab7,USGS-09371010,63680,00011,2023-10-14T23:45:00+00:00,,_FNU,Provisional,['DISCONTINUED'],2025-08-30T09:02:45.069499+00:00,STNRD
05c59b8b0f5541c1894759a6160cdab7,USGS-09371010,63680,00011,2023-10-15T00:00:00+00:00,,_FNU,Provisional,['DISCONTINUED'],2025-08-30T09:02:45.069499+00:00,STNRD
05c59b8b0f5541c1894759a6160cdab7,USGS-09371010,63680,00011,2023-10-15T00:15:00+00:00,,_FNU,Provisional,['DISCONTINUED'],2025-08-30T09:02:45.069499+00:00,STNRD
05c59b8b0f5541c1894759a6160cdab7,USGS-09371010,63680,00011,2023-10-15T00:30:00+00:00,,_FNU,Provisional,['DISCONTINUED'],2025-08-30T09:02:45.069499+00:00,STNRD
05c59b8b0f5541c1894759a6160cdab7,USGS-09371010,63680,00011,2023-10-15T00:45:00+00:00,,_FNU,Provisional,['DISCONTINUED'],2025-08-30T09:02:45.069499+00:00,STNRD
05c59b8b0f5541c1894759a6160cdab7,USGS-09371010,63680,00011,2023-10-15T01:00:00+00:00,,_FNU,Provisional,['DISCONTINUED'],2025-08-30T09:02:45.069499+00:00,STNRD
05c59b8b0f5541c1894759a6160cdab7,USGS-09371010,63680,00011,2023-10-15T01:15:00+00:00,,_FNU,Provisional,['DISCONTINUED'],2025-08-30T09:02:45.069499+00:00,STNRD
05c59b8b0f5541c1894759a6160cdab7,USGS-09371010,63680,00011,2023-10-15T01:30:00+00:00,,_FNU,Provisional,['DISCONTINUED'],2025-08-30T09:02:45.069499+00:00,STNRD
05c59b8b0f5541c1894759a6160cdab7,USGS-09371010,63680,00011,2023-10-15T01:45:00+00:00,,_FNU,Provisional,['DISCONTINUED'],2025-08-30T09:02:45.069499+00:00,STNRD
05c59b8b0f5541c1894759a6160cdab7,USGS-09371010,63680,00011,2023-10-15T02:00:00+00:00,,_FNU,Provisional,['DISCONTINUED'],2025-08-30T09:02:45.069499+00:00,STNRD
05c59b8b0f5541c1894759a6160cdab7,USGS-09371010,63680,00011,2023-10-15T02:15:00+00:00,,_FNU,Provisional,['DISCONTINUED'],2025-08-30T09:02:45.069499+00:00,STNRD
05c59b8b0f5541c1894759a6160cdab7,USGS-09371010,63680,00011,2023-10-15T02:30:00+00:00,,_FNU,Provisional,['DISCONTINUED'],2025-08-30T09:02:45.069499+00:00,STNRD
05c59b8b0f5541c1894759a6160cdab7,USGS-09371010,63680,00011,2023-10-15T02:45:00+00:00,,_FNU,Provisional,['DISCONTINUED'],2025-08-30T09:02:45.069499+00:00,STNRD
05c59b8b0f5541c1894759a6160cdab7,USGS-09371010,63680,00011,2023-10-15T03:00:00+00:00,,_FNU,Provisional,['DISCONTINUED'],2025-08-30T09:02:45.069499+00:00,STNRD
05c59b8b0f5541c1894759a6160cdab7,USGS-09371010,63680,00011,2023-10-15T03:15:00+00:00,,_FNU,Provisional,['DISCONTINUED'],2025-08-30T09:02:45.069499+00:00,STNRD
05c59b8b0f5541c1894759a6160cdab7,USGS-09371010,63680,00011,2023-10-15T03:30:00+00:00,,_FNU,Provisional,['DISCONTINUED'],2025-08-30T09:02:45.069499+00:00,STNRD
05c59b8b0f5541c1894759a6160cdab7,USGS-09371010,63680,00011,2023-10-15T03:45:00+00:00,,_FNU,Provisional,['DISCONTINUED'],2025-08-30T09:02:45.069499+00:00,STNRD
05c59b8b0f5541c1894759a6160cdab7,USGS-09371010,63680,00011,2023-10-15T04:00:00+00:00,,_FNU,Provisional,['DISCONTINUED'],2025-08-30T09:02:45.069499+00:00,STNRD
05c59b8b0f5541c1894759a6160cdab7,USGS-09371010,63680,00011,2023-10-15T04:15:00+00:00,,_FNU,Provisional,['DISCONTINUED'],2025-08-30T09:02:45.069499+00:00,STNRD
05c59b8b0f5541c1894759a6160cdab7,USGS-09371010,63680,00011,2023-10-15T04:30:00+00:00,,_FNU,Provisional,['DISCONTINUED'],2025-08-30T09:02:45.069499+00:00,STNRD
05c59b8b0f5541c1894759a6160cdab7,USGS-09371010,63680,00011,2023-10-15T04:45:00+00:00,,_FNU,Provisional,['DISCONTINUED'],2025-08-30T09:02:45.069499+00:00,STNRD
05c59b8b0f5541c1894759a6160cdab7,USGS-09371010,63680,00011,2023-10-15T05:00:00+00:00,,_FNU,Provisional,['DISCONTINUED'],2025-08-30T09:02:45.069499+00:00,STNRD
05c59b8b0f5541c1894759a6160cdab7,USGS-09371010,63680,00011,2023-10-15T05:15:00+00:00,,_FNU,Provisional,['DISCONTINUED'],2025-08-30T09:02:45.069499+00:00,STNRD
05c59b8b0f5541c1894759a6160cdab7,USGS-09371010,63680,00011,2023-10-15T05:30:00+00:00,,_FNU,Provisional,['DISCONTINUED'],2025-08-30T09:02:45.069499+00:00,STNRD
05c59b8b0f5541c1894759a6160cdab7,USGS-09371010,63680,00011,2023-10-15T05:45:00+00:00,,_FNU,Provisional,['DISCONTINUED'],2025-08-30T09:02:45.069499+00:00,STNRD
05c59b8b0f5541c1894759a6160cdab7,USGS-09371010,63680,00011,2023-10-15T06:00:00+00:00,,_FNU,Provisional,['DISCONTINUED'],2025-08-30T09:02:45.069499+00:00,STNRD
05c59b8b0f5541c1894759a6160cdab7,USGS-09371010,63680,00011,2023-10-15T06:15:00+00:00,,_FNU,Provisional,['DISCONTINUED'],2025-08-30T09:02:45.069499+00:00,STNRD
05c59b8b0f5541c1894759a6160cdab7,USGS-09371010,63680,00011,2023-10-15T06:30:00+00:00,,_FNU,Provisional,['DISCONTINUED'],2025-08-30T09:02:45.069499+00:00,STNRD
05c59b8b0f5541c1894759a6160cdab7,USGS-09371010,63680,00011,2023-10-15T06:45:00+00:00,,_FNU,Provisional,['DISCONTINUED'],2025-08-30T09:02:45.069499+00:00,STNRD
05c59b8b0f5541c1894759a6160cdab7,USGS-09371010,63680,00011,2023-10-15T07:00:00+00:00,,_FNU,Provisional,['DISCONTINUED'],2025-08-30T09:02:45.069499+00:00,STNRD
05c59b8b0f5541c1894759a6160cdab7,USGS-09371010,63680,00011,2023-10-15T07:15:00+00:00,,_FNU,Provisional,['DISCONTINUED'],2025-08-30T09:02:45.069499+00:00,STNRD
05c59b8b0f5541c1894759a6160cdab7,USGS-09371010,63680,00011,2023-10-15T07:30:00+00:00,,_FNU,Provisional,['DISCONTINUED'],2025-08-30T09:02:45.069499+00:00,STNRD
05c59b8b0f5541c1894759a6160cdab7,USGS-09371010,63680,00011,2023-10-15T07:45:00+00:00,,_FNU,Provisional,['DISCONTINUED'],2025-08-30T09:02:45.069499+00:00,STNRD
05c59b8b0f5541c1894759a6160cdab7,USGS-09371010,63680,00011,2023-10-15T08:00:00+00:00,,_FNU,Provisional,['DISCONTINUED'],2025-08-30T09:02:45.069499+00:00,STNRD
05c59b8b0f5541c1894759a6160cdab7,USGS-09371010,63680,00011,2023-10-15T08:15:00+00:00,,_FNU,Provisional,['DISCONTINUED'],2025-08-30T09:02:45.069499+00:00,STNRD
05c59b8b0f5541c1894759a6160cdab7,USGS-09371010,63680,00011,2023-10-15T08:30:00+00:00,,_FNU,Provisional,['DISCONTINUED'],2025-08-30T09:02:45.069499+00:00,STNRD
05c59b8b0f5541c1894759a6160cdab7,USGS-09371010,63680,00011,2023-10-15T08:45:00+00:00,,_FNU,Provisional,['DISCONTINUED'],2025-08-30T09:02:45.069499+00:00,STNRD
05c59b8b0f5541c1894759a6160cdab7,USGS-09371010,63680,00011,2023-10-15T09:00:00+00:00,,_FNU,Provisional,['DISCONTINUED'],2025-08-30T09:02:45.069499+00:00,STNRD
05c59b8b0f5541c1894759a6160cdab7,USGS-09371010,63680,00011,2023-10-15T09:15:00+00:00,,_FNU,Provisional,['DISCONTINUED'],2025-08-30T09:02:45.069499+00:00,STNRD
05c59b8b0f5541c1894759a6160cdab7,USGS-09371010,63680,00011,2023-10-15T09:30:00+00:00,,_FNU,Provisional,['DISCONTINUED'],2025-08-30T09:02:45.069499+00:00,STNRD
05c59b8b0f5541c1894759a6160cdab7,USGS-09371010,63680,00011,2023-10-15T09:45:00+00:00,,_FNU,Provisional,['DISCONTINUED'],2025-08-30T09:02:45.069499+00:00,STNRD
05c59b8b0f5541c1894759a6160cdab7,USGS-09371010,63680,00011,2023-10-15T10:00:00+00:00,,_FNU,Provisional,['DISCONTINUED'],2025-08-30T09:02:45.069499+00:00,STNRD
05c59b8b0f5541c1894759a6160cdab7,USGS-09371010,63680,00011,2023-10-15T10:15:00+00:00,,_FNU,Provisional,['DISCONTINUED'],2025-08-30T09:02:45.069499+00:00,STNRD
05c59b8b0f5541c1894759a6160cdab7,USGS-09371010,63680,00011,2023-10-15T10:30:00+00:00,,_FNU,Provisional,['DISCONTINUED'],2025-08-30T09:02:45.069499+00:00,STNRD
05c59b8b0f5541c1894759a6160cdab7,USGS-09371010,63680,00011,2023-10-15T10:45:00+00:00,,_FNU,Provisional,['DISCONTINUED'],2025-08-30T09:02:45.069499+00:00,STNRD
05c59b8b0f5541c1894759a6160cdab7,USGS-09371010,63680,00011,2023-10-15T11:00:00+00:00,,_FNU,Provisional,['DISCONTINUED'],2025-08-30T09:02:45.069499+00:00,STNRD
05c59b8b0f5541c1894759a6160cdab7,USGS-09371010,63680,00011,2023-10-15T11:15:00+00:00,,_FNU,Provisional,['DISCONTINUED'],2025-08-30T09:02:45.069499+00:00,STNRD
05c59b8b0f5541c1894759a6160cdab7,USGS-09371010,63680,00011,2023-10-15T11:30:00+00:00,,_FNU,Provisional,['DISCONTINUED'],2025-08-30T09:02:45.069499+00:00,STNRD
05c59b8b0f5541c1894759a6160cdab7,USGS-09371010,63680,00011,2023-10-15T11:45:00+00:00,,_FNU,Provisional,['DISCONTINUED'],2025-08-30T09:02:45.069499+00:00,STNRD
05c59b8b0f5541c1894759a6160cdab7,USGS-09371010,63680,00011,2023-10-15T12:00:00+00:00,,_FNU,Provisional,['DISCONTINUED'],2025-08-30T09:02:45.069499+00:00,STNRD
05c59b8b0f5541c1894759a6160cdab7,USGS-09371010,63680,00011,2023-10-15T12:15:00+00:00,,_FNU,Provisional,['DISCONTINUED'],2025-08-30T09:02:45.069499+00:00,STNRD
05c59b8b0f5541c1894759a6160cdab7,USGS-09371010,63680,00011,2023-10-15T12:30:00+00:00,,_FNU,Provisional,['DISCONTINUED'],2025-08-30T09:02:45.069499+00:00,STNRD
05c59b8b0f5541c1894759a6160cdab7,USGS-09371010,63680,00011,2023-10-15T12:45:00+00:00,,_FNU,Provisional,['DISCONTINUED'],2025-08-30T09:02:45.069499+00:00,STNRD
05c59b8b0f5541c1894759a6160cdab7,USGS-09371010,63680,00011,2023-10-15T13:00:00+00:00,,_FNU,Provisional,['DISCONTINUED'],2025-08-30T09:02:45.069499+00:00,STNRD
05c59b8b0f5541c1894759a6160cdab7,USGS-09371010,63680,00011,2023-10-15T13:15:00+00:00,,_FNU,Provisional,['DISCONTINUED'],2025-08-30T09:02:45.069499+00:00,STNRD
05c59b8b0f5541c1894759a6160cdab7,USGS-09371010,63680,00011,2023-10-15T13:30:00+00:00,,_FNU,Provisional,['DISCONTINUED'],2025-08-30T09:02:45.069499+00:00,STNRD
05c59b8b0f5541c1894759a6160cdab7,USGS-09371010,63680,00011,2023-10-15T13:45:00+00:00,,_FNU,Provisional,['DISCONTINUED'],2025-08-30T09:02:45.069499+00:00,STNRD
05c59b8b0f5541c1894759a6160cdab7,USGS-09371010,63680,00011,2023-10-15T14:00:00+00:00,,_FNU,Provisional,['DISCONTINUED'],2025-08-30T09:02:45.069499+00:00,STNRD
05c59b8b0f5541c1894759a6160cdab7,USGS-09371010,63680,00011,2023-10-15T14:15:00+00:00,,_FNU,Provisional,['DISCONTINUED'],2025-08-30T09:02:45.069499+00:00,STNRD
05c59b8b0f5541c1894759a6160cdab7,USGS-09371010,63680,00011,2023-10-15T14:30:00+00:00,,_FNU,Provisional,['DISCONTINUED'],2025-08-30T09:02:45.069499+00:00,STNRD
05c59b8b0f5541c1894759a6160cdab7,USGS-09371010,63680,00011,2023-10-15T14:45:00+00:00,,_FNU,Provisional,['DISCONTINUED'],2025-08-30T09:02:45.069499+00:00,STNRD
05c59b8b0f5541c1894759a6160cdab7,USGS-09371010,63680,00011,2023-10-15T15:00:00+00:00,,_FNU,Provisional,['DISCONTINUED'],2025-08-30T09:02:45.069499+00:00,STNRD
05c59b8b0f5541c1894759a6160cdab7,USGS-09371010,63680,00011,2023-10-15T15:15:00+00:00,,_FNU,Provisional,['DISCONTINUED'],2025-08-30T09:02:45.069499+00:00,STNRD
05c59b8b0f5541c1894759a6160cdab7,USGS-09371010,63680,00011,2023-10-15T15:30:00+00:00,,_FNU,Provisional,['DISCONTINUED'],2025-08-30T09:02:45.069499+00:00,STNRD
05c59b8b0f5541c1894759a6160cdab7,USGS-09371010,63680,00011,2023-10-15T15:45:00+00:00,,_FNU,Provisional,['DISCONTINUED'],2025-08-30T09:02:45.069499+00:00,STNRD
05c59b8b0f5541c1894759a6160cdab7,USGS-09371010,63680,00011,2023-10-15T16:00:00+00:00,,_FNU,Provisional,['DISCONTINUED'],2025-08-30T09:02:45.069499+00:00,STNRD
05c59b8b0f5541c1894759a6160cdab7,USGS-09371010,63680,00011,2023-10-15T16:15:00+00:00,,_FNU,Provisional,['DISCONTINUED'],2025-08-30T09:02:45.069499+00:00,STNRD
05c59b8b0f5541c1894759a6160cdab7,USGS-09371010,63680,00011,2023-10-15T16:30:00+00:00,,_FNU,Provisional,['DISCONTINUED'],2025-08-30T09:02:45.069499+00:00,STNRD
05c59b8b0f5541c1894759a6160cdab7,USGS-09371010,63680,00011,2023-10-15T16:45:00+00:00,,_FNU,Provisional,['DISCONTINUED'],2025-08-30T09:02:45.069499+00:00,STNRD
05c59b8b0f5541c1894759a6160cdab7,USGS-09371010,63680,00011,2023-10-15T17:00:00+00:00,,_FNU,Provisional,['DISCONTINUED'],2025-08-30T09:02:45.069499+00:00,STNRD
05c59b8b0f5541c1894759a6160cdab7,USGS-09371010,63680,00011,2023-10-15T17:15:00+00:00,,_FNU,Provisional,['DISCONTINUED'],2025-08-30T09:02:45.069499+00:00,STNRD
05c59b8b0f5541c1894759a6160cdab7,USGS-09371010,63680,00011,2023-10-15T17:30:00+00:00,,_FNU,Provisional,['DISCONTINUED'],2025-08-30T09:02:45.069499+00:00,STNRD
05c59b8b0f5541c1894759a6160cdab7,USGS-09371010,63680,00011,2023-10-15T17:45:00+00:00,,_FNU,Provisional,['DISCONTINUED'],2025-08-30T09:02:45.069499+00:00,STNRD
05c59b8b0f5541c1894759a6160cdab7,USGS-09371010,63680,00011,2023-10-15T18:00:00+00:00,,_FNU,Provisional,['DISCONTINUED'],2025-08-30T09:02:45.069499+00:00,STNRD
05c59b8b0f5541c1894759a6160cdab7,USGS-09371010,63680,00011,2023-10-15T18:15:00+00:00,,_FNU,Provisional,['DISCONTINUED'],2025-08-30T09:02:45.069499+00:00,STNRD
05c59b8b0f5541c1894759a6160cdab7,USGS-09371010,63680,00011,2023-10-15T18:30:00+00:00,,_FNU,Provisional,['DISCONTINUED'],2025-08-30T09:02:45.069499+00:00,STNRD
05c59b8b0f5541c1894759a6160cdab7,USGS-09371010,63680,00011,2023-10-15T18:45:00+00:00,,_FNU,Provisional,['DISCONTINUED'],2025-08-30T09:02:45.069499+00:00,STNRD
05c59b8b0f5541c1894759a6160cdab7,USGS-09371010,63680,00011,2023-10-15T19:00:00+00:00,,_FNU,Provisional,['DISCONTINUED'],2025-08-30T09:02:45.069499+00:00,STNRD
05c59b8b0f5541c1894759a6160cdab7,USGS-09371010,63680,00011,2023-10-15T19:15:00+00:00,,_FNU,Provisional,['DISCONTINUED'],2025-08-30T09:02:45.069499+00:00,STNRD
05c59b8b0f5541c1894759a6160cdab7,USGS-09371010,63680,00011,2023-10-15T19:30:00+00:00,,_FNU,Provisional,['DISCONTINUED'],2025-08-30T09:02:45.069499+00:00,STNRD
05c59b8b0f5541c1894759a6160cdab7,USGS-09371010,63680,00011,2023-10-15T19:45:00+00:00,,_FNU,Provisional,['DISCONTINUED'],2025-08-30T09:02:45.069499+00:00,STNRD
05c59b8b0f5541c1894759a6160cdab7,USGS-09371010,63680,00011,2023-10-15T20:00:00+00:00,,_FNU,Provisional,['DISCONTINUED'],2025-08-30T09:02:45.069499+00:00,STNRD
05c59b8b0f5541c1894759a6160cdab7,USGS-09371010,63680,00011,2023-10-15T20:15:00+00:00,,_FNU,Provisional,['DISCONTINUED'],2025-08-30T09:02:45.069499+00:00,STNRD
05c59b8b0f5541c1894759a6160cdab7,USGS-09371010,63680,00011,2023-10-15T20:30:00+00:00,,_FNU,Provisional,['DISCONTINUED'],2025-08-30T09:02:45.069499+00:00,STNRD
05c59b8b0f5541c1894759a6160cdab7,USGS-09371010,63680,00011,2023-10-15T20:45:00+00:00,,_FNU,Provisional,['DISCONTINUED'],2025-08-30T09:02:45.069499+00:00,STNRD
05c59b8b0f5541c1894759a6160cdab7,USGS-09371010,63680,00011,2023-10-15T21:00:00+00:00,,_FNU,Provisional,['DISCONTINUED'],2025-08-30T09:02:45.069499+00:00,STNRD
05c59b8b0f5541c1894759a6160cdab7,USGS-09371010,63680,00011,2023-10-15T21:15:00+00:00,,_FNU,Provisional,['DISCONTINUED'],2025-08-30T09:02:45.069499+00:00,STNRD
05c59b8b0f5541c1894759a6160cdab7,USGS-09371010,63680,00011,2023-10-15T21:30:00+00:00,,_FNU,Provisional,['DISCONTINUED'],2025-08-30T09:02:45.069499+00:00,STNRD
05c59b8b0f5541c1894759a6160cdab7,USGS-09371010,63680,00011,2023-10-15T21:45:00+00:00,,_FNU,Provisional,['DISCONTINUED'],2025-08-30T09:02:45.069499+00:00,STNRD
05c59b8b0f5541c1894759a6160cdab7,USGS-09371010,63680,00011,2023-10-15T22:00:00+00:00,,_FNU,Provisional,['DISCONTINUED'],2025-08-30T09:02:45.069499+00:00,STNRD
05c59b8b0f5541c1894759a6160cdab7,USGS-09371010,63680,00011,2023-10-15T22:15:00+00:00,,_FNU,Provisional,['DISCONTINUED'],2025-08-30T09:02:45.069499+00:00,STNRD
05c59b8b0f5541c1894759a6160cdab7,USGS-09371010,63680,00011,2023-10-15T22:30:00+00:00,,_FNU,Provisional,['DISCONTINUED'],2025-08-30T09:02:45.069499+00:00,STNRD
05c59b8b0f5541c1894759a6160cdab7,USGS-09371010,63680,00011,2023-10-15T22:45:00+00:00,,_FNU,Provisional,['DISCONTINUED'],2025-08-30T09:02:45.069499+00:00,STNRD
05c59b8b0f5541c1894759a6160cdab7,USGS-09371010,63680,00011,2023-10-15T23:00:00+00:00,,_FNU,Provisional,['DISCONTINUED'],2025-08-30T09:02:45.069499+00:00,STNRD
05c59b8b0f5541c1894759a6160cdab7,USGS-09371010,63680,00011,2023-10-15T23:15:00+00:00,,_FNU,Provisional,['DISCONTINUED'],2025-08-30T09:02:45.069499+00:00,STNRD
05c59b8b0f5541c1894759a6160cdab7,USGS-09371010,63680,00011,2023-10-15T23:30:00+00:00,,_FNU,Provisional,['DISCONTINUED'],2025-08-30T09:02:45.069499+00:00,STNRD
05c59b8b0f5541c1894759a6160cdab7,USGS-09371010,63680,00011,2023-10-15T23:45:00+00:00,,_FNU,Provisional,['DISCONTINUED'],2025-08-30T09:02:45.069499+00:00,STNRD
05c59b8b0f5541c1894759a6160cdab7,USGS-09371010,63680,00011,2023-10-16T00:00:00+00:00,,_FNU,Provisional,['DISCONTINUED'],2025-08-30T09:02:45.069499+00:00,STNRD
05c59b8b0f5541c1894759a6160cdab7,USGS-09371010,63680,00011,2023-10-16T00:15:00+00:00,,_FNU,Provisional,['DISCONTINUED'],2025-08-30T09:02:45.069499+00:00,STNRD
05c59b8b0f5541c1894759a6160cdab7,USGS-09371010,63680,00011,2023-10-16T00:30:00+00:00,,_FNU,Provisional,['DISCONTINUED'],2025-08-30T09:02:45.069499+00:00,STNRD
05c59b8b0f5541c1894759a6160cdab7,USGS-09371010,63680,00011,2023-10-16T00:45:00+00:00,,_FNU,Provisional,['DISCONTINUED'],2025-08-30T09:02:45.069499+00:00,STNRD
05c59b8b0f5541c1894759a6160cdab7,USGS-09371010,63680,00011,2023-10-16T01:00:00+00:00,,_FNU,Provisional,['DISCONTINUED'],2025-08-30T09:02:45.069499+00:00,STNRD
05c59b8b0f5541c1894759a6160cdab7,USGS-09371010,63680,00011,2023-10-16T01:15:00+00:00,,_FNU,Provisional,['DISCONTINUED'],2025-08-30T09:02:45.069499+00:00,STNRD
05c59b8b0f5541c1894759a6160cdab7,USGS-09371010,63680,00011,2023-10-16T01:30:00+00:00,,_FNU,Provisional,['DISCONTINUED'],2025-08-30T09:02:45.069499+00:00,STNRD
05c59b8b0f5541c1894759a6160cdab7,USGS-09371010,63680,00011,2023-10-16T01:45:00+00:00,,_FNU,Provisional,['DISCONTINUED'],2025-08-30T09:02:45.069499+00:00,STNRD
05c59b8b0f5541c1894759a6160cdab7,USGS-09371010,63680,00011,2023-10-16T02:00:00+00:00,,_FNU,Provisional,['DISCONTINUED'],2025-08-30T09:02:45.069499+00:00,STNRD
05c59b8b0f5541c1894759a6160cdab7,USGS-09371010,63680,00011,2023-10-16T02:15:00+00:00,,_FNU,Provisional,['DISCONTINUED'],2025-08-30T09:02:45.069499+00:00,STNRD
05c59b8b0f5541c1894759a6160cdab7,USGS-09371010,63680,00011,2023-10-16T02:30:00+00:00,,_FNU,Provisional,['DISCONTINUED'],2025-08-30T09:02:45.069499+00:00,STNRD
05c59b8b0f5541c1894759a6160cdab7,USGS-09371010,63680,00011,2023-10-16T02:45:00+00:00,,_FNU,Provisional,['DISCONTINUED'],2025-08-30T09:02:45.069499+00:00,STNRD
05c59b8b0f5541c1894759a6160cdab7,USGS-09371010,63680,00011,2023-10-16T03:00:00+00:00,,_FNU,Provisional,['DISCONTINUED'],2025-08-30T09:02:45.069499+00:00,STNRD
05c59b8b0f5541c1894759a6160cdab7,USGS-09371010,63680,00011,2023-10-16T03:15:00+00:00,,_FNU,Provisional,['DISCONTINUED'],2025-08-30T09:02:45.069499+00:00,STNRD
05c59b8b0f5541c1894759a6160cdab7,USGS-09371010,63680,00011,2023-10-16T03:30:00+00:00,,_FNU,Provisional,['DISCONTINUED'],2025-08-30T09:02:45.069499+00:00,STNRD
05c59b8b0f5541c1894759a6160cdab7,USGS-09371010,63680,00011,2023-10-16T03:45:00+00:00,,_FNU,Provisional,['DISCONTINUED'],2025-08-30T09:02:45.069499+00:00,STNRD
05c59b8b0f5541c1894759a6160cdab7,USGS-09371010,63680,00011,2023-10-16T04:00:00+00:00,,_FNU,Provisional,['DISCONTINUED'],2025-08-30T09:02:45.069499+00:00,STNRD
05c59b8b0f5541c1894759a6160cdab7,USGS-09371010,63680,00011,2023-10-16T04:15:00+00:00,,_FNU,Provisional,['DISCONTINUED'],2025-08-30T09:02:45.069499+00:00,STNRD
05c59b8b0f5541c1894759a6160cdab7,USGS-09371010,63680,00011,2023-10-16T04:30:00+00:00,,_FNU,Provisional,['DISCONTINUED'],2025-08-30T09:02:45.069499+00:00,STNRD
05c59b8b0f5541c1894759a6160cdab7,USGS-09371010,63680,00011,2023-10-16T04:45:00+00:00,,_FNU,Provisional,['DISCONTINUED'],2025-08-30T09:02:45.069499+00:00,STNRD
05c59b8b0f5541c1894759a6160cdab7,USGS-09371010,63680,00011,2023-10-16T05:00:00+00:00,,_FNU,Provisional,['DISCONTINUED'],2025-08-30T09:02:45.069499+00:00,STNRD
05c59b8b0f5541c1894759a6160cdab7,USGS-09371010,63680,00011,2023-10-16T05:15:00+00:00,,_FNU,Provisional,['DISCONTINUED'],2025-08-30T09:02:45.069499+00:00,STNRD
05c59b8b0f5541c1894759a6160cdab7,USGS-09371010,63680,00011,2023-10-16T05:30:00+00:00,,_FNU,Provisional,['DISCONTINUED'],2025-08-30T09:02:45.069499+00:00,STNRD
05c59b8b0f5541c1894759a6160cdab7,USGS-09371010,63680,00011,2023-10-16T05:45:00+00:00,,_FNU,Provisional,['DISCONTINUED'],2025-08-30T09:02:45.069499+00:00,STNRD
05c59b8b0f5541c1894759a6160cdab7,USGS-09371010,63680,00011,2023-10-16T06:00:00+00:00,,_FNU,Provisional,['DISCONTINUED'],2025-08-30T09:02:45.069499+00:00,STNRD
05c59b8b0f5541c1894759a6160cdab7,USGS-09371010,63680,00011,2023-10-16T06:15:00+00:00,,_FNU,Provisional,['DISCONTINUED'],2025-08-30T09:02:45.069499+00:00,STNRD
05c59b8b0f5541c1894759a6160cdab7,USGS-09371010,63680,00011,2023-10-16T06:30:00+00:00,,_FNU,Provisional,['DISCONTINUED'],2025-08-30T09:02:45.069499+00:00,STNRD
05c59b8b0f5541c1894759a6160cdab7,USGS-09371010,63680,00011,2023-10-16T06:45:00+00:00,,_FNU,Provisional,['DISCONTINUED'],2025-08-30T09:02:45.069499+00:00,STNRD
05c59b8b0f5541c1894759a6160cdab7,USGS-09371010,63680,00011,2023-10-16T07:00:00+00:00,,_FNU,Provisional,['DISCONTINUED'],2025-08-30T09:02:45.069499+00:00,STNRD
05c59b8b0f5541c1894759a6160cdab7,USGS-09371010,63680,00011,2023-10-16T07:15:00+00:00,,_FNU,Provisional,['DISCONTINUED'],2025-08-30T09:02:45.069499+00:00,STNRD
05c59b8b0f5541c1894759a6160cdab7,USGS-09371010,63680,00011,2023-10-16T07:30:00+00:00,,_FNU,Provisional,['DISCONTINUED'],2025-08-30T09:02:45.069499+00:00,STNRD
05c59b8b0f5541c1894759a6160cdab7,USGS-09371010,63680,00011,2023-10-16T07:45:00+00:00,,_FNU,Provisional,['DISCONTINUED'],2025-08-30T09:02:45.069499+00:00,STNRD
05c59b8b0f5541c1894759a6160cdab7,USGS-09371010,63680,00011,2023-10-16T08:00:00+00:00,,_FNU,Provisional,['DISCONTINUED'],2025-08-30T09:02:45.069499+00:00,STNRD
05c59b8b0f5541c1894759a6160cdab7,USGS-09371010,63680,00011,2023-10-16T08:15:00+00:00,,_FNU,Provisional,['DISCONTINUED'],2025-08-30T09:02:45.069499+00:00,STNRD
05c59b8b0f5541c1894759a6160cdab7,USGS-09371010,63680,00011,2023-10-16T08:30:00+00:00,,_FNU,Provisional,['DISCONTINUED'],2025-08-30T09:02:45.069499+00:00,STNRD
05c59b8b0f5541c1894759a6160cdab7,USGS-09371010,63680,00011,2023-10-16T08:45:00+00:00,,_FNU,Provisional,['DISCONTINUED'],2025-08-30T09:02:45.069499+00:00,STNRD
05c59b8b0f5541c1894759a6160cdab7,USGS-09371010,63680,00011,2023-10-16T09:00:00+00:00,,_FNU,Provisional,['DISCONTINUED'],2025-08-30T09:02:45.069499+00:00,STNRD
05c59b8b0f5541c1894759a6160cdab7,USGS-09371010,63680,00011,2023-10-16T09:15:00+00:00,,_FNU,Provisional,['DISCONTINUED'],2025-08-30T09:02:45.069499+00:00,STNRD
05c59b8b0f5541c1894759a6160cdab7,USGS-09371010,63680,00011,2023-10-16T09:30:00+00:00,,_FNU,Provisional,['DISCONTINUED'],2025-08-30T09:02:45.069499+00:00,STNRD
05c59b8b0f5541c1894759a6160cdab7,USGS-09371010,63680,00011,2023-10-16T09:45:00+00:00,,_FNU,Provisional,['DISCONTINUED'],2025-08-30T09:02:45.069499+00:00,STNRD
05c59b8b0f5541c1894759a6160cdab7,USGS-09371010,63680,00011,2023-10-16T10:00:00+00:00,,_FNU,Provisional,['DISCONTINUED'],2025-08-30T09:02:45.069499+00:00,STNRD
05c59b8b0f5541c1894759a6160cdab7,USGS-09371010,63680,00011,2023-10-16T10:15:00+00:00,,_FNU,Provisional,['DISCONTINUED'],2025-08-30T09:02:45.069499+00:00,STNRD
05c59b8b0f5541c1894759a6160cdab7,USGS-09371010,63680,00011,2023-10-16T10:30:00+00:00,,_FNU,Provisional,['DISCONTINUED'],2025-08-30T09:02:45.069499+00:00,STNRD
05c59b8b0f5541c1894759a6160cdab7,USGS-09371010,63680,00011,2023-10-16T10:45:00+00:00,,_FNU,Provisional,['DISCONTINUED'],2025-08-30T09:02:45.069499+00:00,STNRD
05c59b8b0f5541c1894759a6160cdab7,USGS-09371010,63680,00011,2023-10-16T11:00:00+00:00,,_FNU,Provisional,['DISCONTINUED'],2025-08-30T09:02:45.069499+00:00,STNRD
05c59b8b0f5541c1894759a6160cdab7,USGS-09371010,63680,00011,2023-10-16T11:15:00+00:00,,_FNU,Provisional,['DISCONTINUED'],2025-08-30T09:02:45.069499+00:00,STNRD
05c59b8b0f5541c1894759a6160cdab7,USGS-09371010,63680,00011,2023-10-16T11:30:00+00:00,,_FNU,Provisional,['DISCONTINUED'],2025-08-30T09:02:45.069499+00:00,STNRD
05c59b8b0f5541c1894759a6160cdab7,USGS-09371010,63680,00011,2023-10-16T11:45:00+00:00,,_FNU,Provisional,['DISCONTINUED'],2025-08-30T09:02:45.069499+00:00,STNRD
05c59b8b0f5541c1894759a6160cdab7,USGS-09371010,63680,00011,2023-10-16T12:00:00+00:00,,_FNU,Provisional,['DISCONTINUED'],2025-08-30T09:02:45.069499+00:00,STNRD
05c59b8b0f5541c1894759a6160cdab7,USGS-09371010,63680,00011,2023-10-16T12:15:00+00:00,,_FNU,Provisional,['DISCONTINUED'],2025-08-30T09:02:45.069499+00:00,STNRD
05c59b8b0f5541c1894759a6160cdab7,USGS-09371010,63680,00011,2023-10-16T12:30:00+00:00,,_FNU,Provisional,['DISCONTINUED'],2025-08-30T09:02:45.069499+00:00,STNRD
05c59b8b0f5541c1894759a6160cdab7,USGS-09371010,63680,00011,2023-10-16T12:45:00+00:00,,_FNU,Provisional,['DISCONTINUED'],2025-08-30T09:02:45.069499+00:00,STNRD
05c59b8b0f5541c1894759a6160cdab7,USGS-09371010,63680,00011,2023-10-16T13:00:00+00:00,,_FNU,Provisional,['DISCONTINUED'],2025-08-30T09:02:45.069499+00:00,STNRD
05c59b8b0f5541c1894759a6160cdab7,USGS-09371010,63680,00011,2023-10-16T13:15:00+00:00,,_FNU,Provisional,['DISCONTINUED'],2025-08-30T09:02:45.069499+00:00,STNRD
05c59b8b0f5541c1894759a6160cdab7,USGS-09371010,63680,00011,2023-10-16T13:30:00+00:00,,_FNU,Provisional,['DISCONTINUED'],2025-08-30T09:02:45.069499+00:00,STNRD
05c59b8b0f5541c1894759a6160cdab7,USGS-09371010,63680,00011,2023-10-16T13:45:00+00:00,,_FNU,Provisional,['DISCONTINUED'],2025-08-30T09:02:45.069499+00:00,STNRD
05c59b8b0f5541c1894759a6160cdab7,USGS-09371010,63680,00011,2023-10-16T14:00:00+00:00,,_FNU,Provisional,['DISCONTINUED'],2025-08-30T09:02:45.069499+00:00,STNRD
05c59b8b0f5541c1894759a6160cdab7,USGS-09371010,63680,00011,2023-10-16T14:15:00+00:00,,_FNU,Provisional,['DISCONTINUED'],2025-08-30T09:02:45.069499+00:00,STNRD
05c59b8b0f5541c1894759a6160cdab7,USGS-09371010,63680,00011,2023-10-16T14:30:00+00:00,,_FNU,Provisional,['DISCONTINUED'],2025-08-30T09:02:45.069499+00:00,STNRD
05c59b8b0f5541c1894759a6160cdab7,USGS-09371010,63680,00011,2023-10-16T14:45:00+00:00,,_FNU,Provisional,['DISCONTINUED'],2025-08-30T09:02:45.069499+00:00,STNRD
05c59b8b0f5541c1894759a6160cdab7,USGS-09371010,63680,00011,2023-10-16T15:00:00+00:00,,_FNU,Provisional,['DISCONTINUED'],2025-08-30T09:02:45.069499+00:00,STNRD
05c59b8b0f5541c1894759a6160cdab7,USGS-09371010,63680,00011,2023-10-16T15:15:00+00:00,,_FNU,Provisional,['DISCONTINUED'],2025-08-30T09:02:45.069499+00:00,STNRD
05c59b8b0f5541c1894759a6160cdab7,USGS-09371010,63680,00011,2023-10-16T15:30:00+00:00,,_FNU,Provisional,['DISCONTINUED'],2025-08-30T09:02:45.069499+00:00,STNRD
05c59b8b0f5541c1894759a6160cdab7,USGS-09371010,63680,00011,2023-10-16T15:45:00+00:00,,_FNU,Provisional,['DISCONTINUED'],2025-08-30T09:02:45.069499+00:00,STNRD
05c59b8b0f5541c1894759a6160cdab7,USGS-09371010,63680,00011,2023-10-16T16:00:00+00:00,,_FNU,Provisional,['DISCONTINUED'],2025-08-30T09:02:45.069499+00:00,STNRD
05c59b8b0f5541c1894759a6160cdab7,USGS-09371010,63680,00011,2023-10-16T16:15:00+00:00,,_FNU,Provisional,['DISCONTINUED'],2025-08-30T09:02:45.069499+00:00,STNRD
05c59b8b0f5541c1894759a6160cdab7,USGS-09371010,63680,00011,2023-10-16T16:30:00+00:00,,_FNU,Provisional,['DISCONTINUED'],2025-08-30T09:02:45.069499+00:00,STNRD
05c59b8b0f5541c1894759a6160cdab7,USGS-09371010,63680,00011,2023-10-16T16:45:00+00:00,,_FNU,Provisional,['DISCONTINUED'],2025-08-30T09:02:45.069499+00:00,STNRD
05c59b8b0f5541c1894759a6160cdab7,USGS-09371010,63680,00011,2023-10-16T17:00:00+00:00,,_FNU,Provisional,['DISCONTINUED'],2025-08-30T09:02:45.069499+00:00,STNRD
05c59b8b0f5541c1894759a6160cdab7,USGS-09371010,63680,00011,2023-10-16T17:15:00+00:00,,_FNU,Provisional,['DISCONTINUED'],2025-08-30T09:02:45.069499+00:00,STNRD
05c59b8b0f5541c1894759a6160cdab7,USGS-09371010,63680,00011,2023-10-16T17:30:00+00:00,,_FNU,Provisional,['DISCONTINUED'],2025-08-30T09:02:45.069499+00:00,STNRD
05c59b8b0f5541c1894759a6160cdab7,USGS-09371010,63680,00011,2023-10-16T17:45:00+00:00,,_FNU,Provisional,['DISCONTINUED'],2025-08-30T09:02:45.069499+00:00,STNRD
05c59b8b0f5541c1894759a6160cdab7,USGS-09371010,63680,00011,2023-10-16T18:00:00+00:00,,_FNU,Provisional,['DISCONTINUED'],2025-08-30T09:02:45.069499+00:00,STNRD
05c59b8b0f5541c1894759a6160cdab7,USGS-09371010,63680,00011,2023-10-16T18:15:00+00:00,,_FNU,Provisional,['DISCONTINUED'],2025-08-30T09:02:45.069499+00:00,STNRD
05c59b8b0f5541c1894759a6160cdab7,USGS-09371010,63680,00011,2023-10-16T18:30:00+00:00,,_FNU,Provisional,['DISCONTINUED'],2025-08-30T09:02:45.069499+00:00,STNRD
05c59b8b0f5541c1894759a6160cdab7,USGS-09371010,63680,00011,2023-10-16T18:45:00+00:00,,_FNU,Provisional,['DISCONTINUED'],2025-08-30T09:02:45.069499+00:00,STNRD
05c59b8b0f5541c1894759a6160cdab7,USGS-09371010,63680,00011,2023-10-16T19:00:00+00:00,,_FNU,Provisional,['DISCONTINUED'],2025-08-30T09:02:45.069499+00:00,STNRD
05c59b8b0f5541c1894759a6160cdab7,USGS-09371010,63680,00011,2023-10-16T19:15:00+00:00,,_FNU,Provisional,['DISCONTINUED'],2025-08-30T09:02:45.069499+00:00,STNRD
05c59b8b0f5541c1894759a6160cdab7,USGS-09371010,63680,00011,2023-10-16T19:30:00+00:00,,_FNU,Provisional,['DISCONTINUED'],2025-08-30T09:02:45.069499+00:00,STNRD
05c59b8b0f5541c1894759a6160cdab7,USGS-09371010,63680,00011,2023-10-16T19:45:00+00:00,,_FNU,Provisional,['DISCONTINUED'],2025-08-30T09:02:45.069499+00:00,STNRD
05c59b8b0f5541c1894759a6160cdab7,USGS-09371010,63680,00011,2023-10-16T20:00:00+00:00,,_FNU,Provisional,['DISCONTINUED'],2025-08-30T09:02:45.069499+00:00,STNRD
05c59b8b0f5541c1894759a6160cdab7,USGS-09371010,63680,00011,2023-10-16T20:15:00+00:00,,_FNU,Provisional,['DISCONTINUED'],2025-08-30T09:02:45.069499+00:00,STNRD
05c59b8b0f5541c1894759a6160cdab7,USGS-09371010,63680,00011,2023-10-16T20:30:00+00:00,,_FNU,Provisional,['DISCONTINUED'],2025-08-30T09:02:45.069499+00:00,STNRD
05c59b8b0f5541c1894759a6160cdab7,USGS-09371010,63680,00011,2023-10-16T20:45:00+00:00,,_FNU,Provisional,['DISCONTINUED'],2025-08-30T09:02:45.069499+00:00,STNRD
05c59b8b0f5541c1894759a6160cdab7,USGS-09371010,63680,00011,2023-10-16T21:00:00+00:00,,_FNU,Provisional,['DISCONTINUED'],2025-08-30T09:02:45.069499+00:00,STNRD
05c59b8b0f5541c1894759a6160cdab7,USGS-09371010,63680,00011,2023-10-16T21:15:00+00:00,,_FNU,Provisional,['DISCONTINUED'],2025-08-30T09:02:45.069499+00:00,STNRD
05c59b8b0f5541c1894759a6160cdab7,USGS-09371010,63680,00011,2023-10-16T21:30:00+00:00,,_FNU,Provisional,['DISCONTINUED'],2025-08-30T09:02:45.069499+00:00,STNRD
05c59b8b0f5541c1894759a6160cdab7,USGS-09371010,63680,00011,2023-10-16T21:45:00+00:00,,_FNU,Provisional,['DISCONTINUED'],2025-08-30T09:02:45.069499+00:00,STNRD
05c59b8b0f5541c1894759a6160cdab7,USGS-09371010,63680,00011,2023-10-16T22:00:00+00:00,,_FNU,Provisional,['DISCONTINUED'],2025-08-30T09:02:45.069499+00:00,STNRD
05c59b8b0f5541c1894759a6160cdab7,USGS-09371010,63680,00011,2023-10-16T22:15:00+00:00,,_FNU,Provisional,['DISCONTINUED'],2025-08-30T09:02:45.069499+00:00,STNRD
05c59b8b0f5541c1894759a6160cdab7,USGS-09371010,63680,00011,2023-10-16T22:30:00+00:00,,_FNU,Provisional,['DISCONTINUED'],2025-08-30T09:02:45.069499+00:00,STNRD
05c59b8b0f5541c1894759a6160cdab7,USGS-09371010,63680,00011,2023-10-16T22:45:00+00:00,,_FNU,Provisional,['DISCONTINUED'],2025-08-30T09:02:45.069499+00:00,STNRD
05c59b8b0f5541c1894759a6160cdab7,USGS-09371010,63680,00011,2023-10-16T23:00:00+00:00,,_FNU,Provisional,['DISCONTINUED'],2025-08-30T09:02:45.069499+00:00,STNRD
05c59b8b0f5541c1894759a6160cdab7,USGS-09371010,63680,00011,2023-10-16T23:15:00+00:00,,_FNU,Provisional,['DISCONTINUED'],2025-08-30T09:02:45.069499+00:00,STNRD
05c59b8b0f5541c1894759a6160cdab7,USGS-09371010,63680,00011,2023-10-16T23:30:00+00:00,,_FNU,Provisional,['DISCONTINUED'],2025-08-30T09:02:45.069499+00:00,STNRD
05c59b8b0f5541c1894759a6160cdab7,USGS-09371010,63680,00011,2023-10-16T23:45:00+00:00,,_FNU,Provisional,['DISCONTINUED'],2025-08-30T09:02:45.069499+00:00,STNRD
05c59b8b0f5541c1894759a6160cdab7,USGS-09371010,63680,00011,2023-10-17T00:00:00+00:00,,_FNU,Provisional,['DISCONTINUED'],2025-08-30T09:02:45.069499+00:00,STNRD
05c59b8b0f5541c1894759a6160cdab7,USGS-09371010,63680,00011,2023-10-17T00:15:00+00:00,,_FNU,Provisional,['DISCONTINUED'],2025-08-30T09:02:45.069499+00:00,STNRD
05c59b8b0f5541c1894759a6160cdab7,USGS-09371010,63680,00011,2023-10-17T00:30:00+00:00,,_FNU,Provisional,['DISCONTINUED'],2025-08-30T09:02:45.069499+00:00,STNRD
05c59b8b0f5541c1894759a6160cdab7,USGS-09371010,63680,00011,2023-10-17T00:45:00+00:00,,_FNU,Provisional,['DISCONTINUED'],2025-08-30T09:02:45.069499+00:00,STNRD
05c59b8b0f5541c1894759a6160cdab7,USGS-09371010,63680,00011,2023-10-17T01:00:00+00:00,,_FNU,Provisional,['DISCONTINUED'],2025-08-30T09:02:45.069499+00:00,STNRD
05c59b8b0f5541c1894759a6160cdab7,USGS-09371010,63680,00011,2023-10-17T01:15:00+00:00,,_FNU,Provisional,['DISCONTINUED'],2025-08-30T09:02:45.069499+00:00,STNRD
05c59b8b0f5541c1894759a6160cdab7,USGS-09371010,63680,00011,2023-10-17T01:30:00+00:00,,_FNU,Provisional,['DISCONTINUED'],2025-08-30T09:02:45.069499+00:00,STNRD
05c59b8b0f5541c1894759a6160cdab7,USGS-09371010,63680,00011,2023-10-17T01:45:00+00:00,,_FNU,Provisional,['DISCONTINUED'],2025-08-30T09:02:45.069499+00:00,STNRD
05c59b8b0f5541c1894759a6160cdab7,USGS-09371010,63680,00011,2023-10-17T02:00:00+00:00,,_FNU,Provisional,['DISCONTINUED'],2025-08-30T09:02:45.069499+00:00,STNRD
05c59b8b0f5541c1894759a6160cdab7,USGS-09371010,63680,00011,2023-10-17T02:15:00+00:00,,_FNU,Provisional,['DISCONTINUED'],2025-08-30T09:02:45.069499+00:00,STNRD
05c59b8b0f5541c1894759a6160cdab7,USGS-09371010,63680,00011,2023-10-17T02:30:00+00:00,,_FNU,Provisional,['DISCONTINUED'],2025-08-30T09:02:45.069499+00:00,STNRD
05c59b8b0f5541c1894759a6160cdab7,USGS-09371010,63680,00011,2023-10-17T02:45:00+00:00,,_FNU,Provisional,['DISCONTINUED'],2025-08-30T09:02:45.069499+00:00,STNRD
05c59b8b0f5541c1894759a6160cdab7,USGS-09371010,63680,00011,2023-10-17T03:00:00+00:00,,_FNU,Provisional,['DISCONTINUED'],2025-08-30T09:02:45.069499+00:00,STNRD
05c59b8b0f5541c1894759a6160cdab7,USGS-09371010,63680,00011,2023-10-17T03:15:00+00:00,,_FNU,Provisional,['DISCONTINUED'],2025-08-30T09:02:45.069499+00:00,STNRD
05c59b8b0f5541c1894759a6160cdab7,USGS-09371010,63680,00011,2023-10-17T03:30:00+00:00,,_FNU,Provisional,['DISCONTINUED'],2025-08-30T09:02:45.069499+00:00,STNRD
05c59b8b0f5541c1894759a6160cdab7,USGS-09371010,63680,00011,2023-10-17T03:45:00+00:00,,_FNU,Provisional,['DISCONTINUED'],2025-08-30T09:02:45.069499+00:00,STNRD
05c59b8b0f5541c1894759a6160cdab7,USGS-09371010,63680,00011,2023-10-17T04:00:00+00:00,,_FNU,Provisional,['DISCONTINUED'],2025-08-30T09:02:45.069499+00:00,STNRD
05c59b8b0f5541c1894759a6160cdab7,USGS-09371010,63680,00011,2023-10-17T04:15:00+00:00,,_FNU,Provisional,['DISCONTINUED'],2025-08-30T09:02:45.069499+00:00,STNRD
05c59b8b0f5541c1894759a6160cdab7,USGS-09371010,63680,00011,2023-10-17T04:30:00+00:00,,_FNU,Provisional,['DISCONTINUED'],2025-08-30T09:02:45.069499+00:00,STNRD
05c59b8b0f5541c1894759a6160cdab7,USGS-09371010,63680,00011,2023-10-17T04:45:00+00:00,,_FNU,Provisional,['DISCONTINUED'],2025-08-30T09:02:45.069499+00:00,STNRD
05c59b8b0f5541c1894759a6160cdab7,USGS-09371010,63680,00011,2023-10-17T05:00:00+00:00,,_FNU,Provisional,['DISCONTINUED'],2025-08-30T09:02:45.069499+00:00,STNRD
05c59b8b0f5541c1894759a6160cdab7,USGS-09371010,63680,00011,2023-10-17T05:15:00+00:00,,_FNU,Provisional,['DISCONTINUED'],2025-08-30T09:02:45.069499+00:00,STNRD
05c59b8b0f5541c1894759a6160cdab7,USGS-09371010,63680,00011,2023-10-17T05:30:00+00:00,,_FNU,Provisional,['DISCONTINUED'],2025-08-30T09:02:45.069499+00:00,STNRD
05c59b8b0f5541c1894759a6160cdab7,USGS-09371010,63680,00011,2023-10-17T05:45:00+00:00,,_FNU,Provisional,['DISCONTINUED'],2025-08-30T09:02:45.069499+00:00,STNRD
05c59b8b0f5541c1894759a6160cdab7,USGS-09371010,63680,00011,2023-10-17T06:00:00+00:00,,_FNU,Provisional,['DISCONTINUED'],2025-08-30T09:02:45.069499+00:00,STNRD
05c59b8b0f5541c1894759a6160cdab7,USGS-09371010,63680,00011,2023-10-17T06:15:00+00:00,,_FNU,Provisional,['DISCONTINUED'],2025-08-30T09:02:45.069499+00:00,STNRD
05c59b8b0f5541c1894759a6160cdab7,USGS-09371010,63680,00011,2023-10-17T06:30:00+00:00,,_FNU,Provisional,['DISCONTINUED'],2025-08-30T09:02:45.069499+00:00,STNRD
05c59b8b0f5541c1894759a6160cdab7,USGS-09371010,63680,00011,2023-10-17T06:45:00+00:00,,_FNU,Provisional,['DISCONTINUED'],2025-08-30T09:02:45.069499+00:00,STNRD
05c59b8b0f5541c1894759a6160cdab7,USGS-09371010,63680,00011,2023-10-17T07:00:00+00:00,,_FNU,Provisional,['DISCONTINUED'],2025-08-30T09:02:45.069499+00:00,STNRD
05c59b8b0f5541c1894759a6160cdab7,USGS-09371010,63680,00011,2023-10-17T07:15:00+00:00,,_FNU,Provisional,['DISCONTINUED'],2025-08-30T09:02:45.069499+00:00,STNRD
05c59b8b0f5541c1894759a6160cdab7,USGS-09371010,63680,00011,2023-10-17T07:30:00+00:00,,_FNU,Provisional,['DISCONTINUED'],2025-08-30T09:02:45.069499+00:00,STNRD
05c59b8b0f5541c1894759a6160cdab7,USGS-09371010,63680,00011,2023-10-17T07:45:00+00:00,,_FNU,Provisional,['DISCONTINUED'],2025-08-30T09:02:45.069499+00:00,STNRD
05c59b8b0f5541c1894759a6160cdab7,USGS-09371010,63680,00011,2023-10-17T08:00:00+00:00,,_FNU,Provisional,['DISCONTINUED'],2025-08-30T09:02:45.069499+00:00,STNRD
05c59b8b0f5541c1894759a6160cdab7,USGS-09371010,63680,00011,2023-10-17T08:15:00+00:00,,_FNU,Provisional,['DISCONTINUED'],2025-08-30T09:02:45.069499+00:00,STNRD
05c59b8b0f5541c1894759a6160cdab7,USGS-09371010,63680,00011,2023-10-17T08:30:00+00:00,,_FNU,Provisional,['DISCONTINUED'],2025-08-30T09:02:45.069499+00:00,STNRD
05c59b8b0f5541c1894759a6160cdab7,USGS-09371010,63680,00011,2023-10-17T08:45:00+00:00,,_FNU,Provisional,['DISCONTINUED'],2025-08-30T09:02:45.069499+00:00,STNRD
05c59b8b0f5541c1894759a6160cdab7,USGS-09371010,63680,00011,2023-10-17T09:00:00+00:00,,_FNU,Provisional,['DISCONTINUED'],2025-08-30T09:02:45.069499+00:00,STNRD
05c59b8b0f5541c1894759a6160cdab7,USGS-09371010,63680,00011,2023-10-17T09:15:00+00:00,,_FNU,Provisional,['DISCONTINUED'],2025-08-30T09:02:45.069499+00:00,STNRD
05c59b8b0f5541c1894759a6160cdab7,USGS-09371010,63680,00011,2023-10-17T09:30:00+00:00,,_FNU,Provisional,['DISCONTINUED'],2025-08-30T09:02:45.069499+00:00,STNRD
05c59b8b0f5541c1894759a6160cdab7,USGS-09371010,63680,00011,2023-10-17T09:45:00+00:00,,_FNU,Provisional,['DISCONTINUED'],2025-08-30T09:02:45.069499+00:00,STNRD
05c59b8b0f5541c1894759a6160cdab7,USGS-09371010,63680,00011,2023-10-17T10:00:00+00:00,,_FNU,Provisional,['DISCONTINUED'],2025-08-30T09:02:45.069499+00:00,STNRD
05c59b8b0f5541c1894759a6160cdab7,USGS-09371010,63680,00011,2023-10-17T10:15:00+00:00,,_FNU,Provisional,['DISCONTINUED'],2025-08-30T09:02:45.069499+00:00,STNRD
05c59b8b0f5541c1894759a6160cdab7,USGS-09371010,63680,00011,2023-10-17T10:30:00+00:00,,_FNU,Provisional,['DISCONTINUED'],2025-08-30T09:02:45.069499+00:00,STNRD
05c59b8b0f5541c1894759a6160cdab7,USGS-09371010,63680,00011,2023-10-17T10:45:00+00:00,,_FNU,Provisional,['DISCONTINUED'],2025-08-30T09:02:45.069499+00:00,STNRD
05c59b8b0f5541c1894759a6160cdab7,USGS-09371010,63680,00011,2023-10-17T11:00:00+00:00,,_FNU,Provisional,['DISCONTINUED'],2025-08-30T09:02:45.069499+00:00,STNRD
05c59b8b0f5541c1894759a6160cdab7,USGS-09371010,63680,00011,2023-10-17T11:15:00+00:00,,_FNU,Provisional,['DISCONTINUED'],2025-08-30T09:02:45.069499+00:00,STNRD
05c59b8b0f5541c1894759a6160cdab7,USGS-09371010,63680,00011,2023-10-17T11:30:00+00:00,,_FNU,Provisional,['DISCONTINUED'],2025-08-30T09:02:45.069499+00:00,STNRD
05c59b8b0f5541c1894759a6160cdab7,USGS-09371010,63680,00011,2023-10-17T11:45:00+00:00,,_FNU,Provisional,['DISCONTINUED'],2025-08-30T09:02:45.069499+00:00,STNRD
05c59b8b0f5541c1894759a6160cdab7,USGS-09371010,63680,00011,2023-10-17T12:00:00+00:00,,_FNU,Provisional,['DISCONTINUED'],2025-08-30T09:02:45.069499+00:00,STNRD
05c59b8b0f5541c1894759a6160cdab7,USGS-09371010,63680,00011,2023-10-17T12:15:00+00:00,,_FNU,Provisional,['DISCONTINUED'],2025-08-30T09:02:45.069499+00:00,STNRD
05c59b8b0f5541c1894759a6160cdab7,USGS-09371010,63680,00011,2023-10-17T12:30:00+00:00,,_FNU,Provisional,['DISCONTINUED'],2025-08-30T09:02:45.069499+00:00,STNRD
05c59b8b0f5541c1894759a6160cdab7,USGS-09371010,63680,00011,2023-10-17T12:45:00+00:00,,_FNU,Provisional,['DISCONTINUED'],2025-08-30T09:02:45.069499+00:00,STNRD
05c59b8b0f5541c1894759a6160cdab7,USGS-09371010,63680,00011,2023-10-17T13:00:00+00:00,,_FNU,Provisional,['DISCONTINUED'],2025-08-30T09:02:45.069499+00:00,STNRD
05c59b8b0f5541c1894759a6160cdab7,USGS-09371010,63680,00011,2023-10-17T13:15:00+00:00,,_FNU,Provisional,['DISCONTINUED'],2025-08-30T09:02:45.069499+00:00,STNRD
05c59b8b0f5541c1894759a6160cdab7,USGS-09371010,63680,00011,2023-10-17T13:30:00+00:00,,_FNU,Provisional,['DISCONTINUED'],2025-08-30T09:02:45.069499+00:00,STNRD
05c59b8b0f5541c1894759a6160cdab7,USGS-09371010,63680,00011,2023-10-17T13:45:00+00:00,,_FNU,Provisional,['DISCONTINUED'],2025-08-30T09:02:45.069499+00:00,STNRD
05c59b8b0f5541c1894759a6160cdab7,USGS-09371010,63680,00011,2023-10-17T14:00:00+00:00,,_FNU,Provisional,['DISCONTINUED'],2025-08-30T09:02:45.069499+00:00,STNRD
05c59b8b0f5541c1894759a6160cdab7,USGS-09371010,63680,00011,2023-10-17T14:15:00+00:00,,_FNU,Provisional,['DISCONTINUED'],2025-08-30T09:02:45.069499+00:00,STNRD
05c59b8b0f5541c1894759a6160cdab7,USGS-09371010,63680,00011,2023-10-17T14:30:00+00:00,,_FNU,Provisional,['DISCONTINUED'],2025-08-30T09:02:45.069499+00:00,STNRD
05c59b8b0f5541c1894759a6160cdab7,USGS-09371010,63680,00011,2023-10-17T14:45:00+00:00,,_FNU,Provisional,['DISCONTINUED'],2025-08-30T09:02:45.069499+00:00,STNRD
05c59b8b0f5541c1894759a6160cdab7,USGS-09371010,63680,00011,2023-10-17T15:00:00+00:00,,_FNU,Provisional,['DISCONTINUED'],2025-08-30T09:02:45.069499+00:00,STNRD
05c59b8b0f5541c1894759a6160cdab7,USGS-09371010,63680,00011,2023-10-17T15:15:00+00:00,,_FNU,Provisional,['DISCONTINUED'],2025-08-30T09:02:45.069499+00:00,STNRD
05c59b8b0f5541c1894759a6160cdab7,USGS-09371010,63680,00011,2023-10-17T15:30:00+00:00,,_FNU,Provisional,['DISCONTINUED'],2025-08-30T09:02:45.069499+00:00,STNRD
05c59b8b0f5541c1894759a6160cdab7,USGS-09371010,63680,00011,2023-10-17T15:45:00+00:00,,_FNU,Provisional,['DISCONTINUED'],2025-08-30T09:02:45.069499+00:00,STNRD
05c59b8b0f5541c1894759a6160cdab7,USGS-09371010,63680,00011,2023-10-17T16:00:00+00:00,,_FNU,Provisional,['DISCONTINUED'],2025-08-30T09:02:45.069499+00:00,STNRD
05c59b8b0f5541c1894759a6160cdab7,USGS-09371010,63680,00011,2023-10-17T16:15:00+00:00,,_FNU,Provisional,['DISCONTINUED'],2025-08-30T09:02:45.069499+00:00,STNRD
05c59b8b0f5541c1894759a6160cdab7,USGS-09371010,63680,00011,2023-10-17T16:30:00+00:00,,_FNU,Provisional,['DISCONTINUED'],2025-08-30T09:02:45.069499+00:00,STNRD
05c59b8b0f5541c1894759a6160cdab7,USGS-09371010,63680,00011,2023-10-17T16:45:00+00:00,,_FNU,Provisional,['DISCONTINUED'],2025-08-30T09:02:45.069499+00:00,STNRD
05c59b8b0f5541c1894759a6160cdab7,USGS-09371010,63680,00011,2023-10-17T17:00:00+00:00,,_FNU,Provisional,['DISCONTINUED'],2025-08-30T09:02:45.069499+00:00,STNRD
05c59b8b0f5541c1894759a6160cdab7,USGS-09371010,63680,00011,2023-10-17T17:15:00+00:00,,_FNU,Provisional,['DISCONTINUED'],2025-08-30T09:02:45.069499+00:00,STNRD
05c59b8b0f5541c1894759a6160cdab7,USGS-09371010,63680,00011,2023-10-17T17:30:00+00:00,,_FNU,Provisional,['DISCONTINUED'],2025-08-30T09:02:45.069499+00:00,STNRD
05c59b8b0f5541c1894759a6160cdab7,USGS-09371010,63680,00011,2023-10-17T17:45:00+00:00,,_FNU,Provisional,['DISCONTINUED'],2025-08-30T09:02:45.069499+00:00,STNRD
05c59b8b0f5541c1894759a6160cdab7,USGS-09371010,63680,00011,2023-10-17T18:00:00+00:00,,_FNU,Provisional,['DISCONTINUED'],2025-08-30T09:02:45.069499+00:00,STNRD
05c59b8b0f5541c1894759a6160cdab7,USGS-09371010,63680,00011,2023-10-17T18:15:00+00:00,,_FNU,Provisional,['DISCONTINUED'],2025-08-30T09:02:45.069499+00:00,STNRD
05c59b8b0f5541c1894759a6160cdab7,USGS-09371010,63680,00011,2023-10-17T18:30:00+00:00,,_FNU,Provisional,['DISCONTINUED'],2025-08-30T09:02:45.069499+00:00,STNRD
05c59b8b0f5541c1894759a6160cdab7,USGS-09371010,63680,00011,2023-10-17T18:45:00+00:00,,_FNU,Provisional,['DISCONTINUED'],2025-08-30T09:02:45.069499+00:00,STNRD
05c59b8b0f5541c1894759a6160cdab7,USGS-09371010,63680,00011,2023-10-17T19:00:00+00:00,,_FNU,Provisional,['DISCONTINUED'],2025-08-30T09:02:45.069499+00:00,STNRD
05c59b8b0f5541c1894759a6160cdab7,USGS-09371010,63680,00011,2023-10-17T19:15:00+00:00,,_FNU,Provisional,['DISCONTINUED'],2025-08-30T09:02:45.069499+00:00,STNRD
05c59b8b0f5541c1894759a6160cdab7,USGS-09371010,63680,00011,2023-10-17T19:30:00+00:00,,_FNU,Provisional,['DISCONTINUED'],2025-08-30T09:02:45.069499+00:00,STNRD
05c59b8b0f5541c1894759a6160cdab7,USGS-09371010,63680,00011,2023-10-17T19:45:00+00:00,,_FNU,Provisional,['DISCONTINUED'],2025-08-30T09:02:45.069499+00:00,STNRD
05c59b8b0f5541c1894759a6160cdab7,USGS-09371010,63680,00011,2023-10-17T20:00:00+00:00,,_FNU,Provisional,['DISCONTINUED'],2025-08-30T09:02:45.069499+00:00,STNRD
05c59b8b0f5541c1894759a6160cdab7,USGS-09371010,63680,00011,2023-10-17T20:15:00+00:00,,_FNU,Provisional,['DISCONTINUED'],2025-08-30T09:02:45.069499+00:00,STNRD
05c59b8b0f5541c1894759a6160cdab7,USGS-09371010,63680,00011,2023-10-17T20:30:00+00:00,,_FNU,Provisional,['DISCONTINUED'],2025-08-30T09:02:45.069499+00:00,STNRD
05c59b8b0f5541c1894759a6160cdab7,USGS-09371010,63680,00011,2023-10-17T20:45:00+00:00,,_FNU,Provisional,['DISCONTINUED'],2025-08-30T09:02:45.069499+00:00,STNRD
05c59b8b0f5541c1894759a6160cdab7,USGS-09371010,63680,00011,2023-10-17T21:00:00+00:00,,_FNU,Provisional,['DISCONTINUED'],2025-08-30T09:02:45.069499+00:00,STNRD
05c59b8b0f5541c1894759a6160cdab7,USGS-09371010,63680,00011,2023-10-17T21:15:00+00:00,,_FNU,Provisional,['DISCONTINUED'],2025-08-30T09:02:45.069499+00:00,STNRD
05c59b8b0f5541c1894759a6160cdab7,USGS-09371010,63680,00011,2023-10-17T21:30:00+00:00,,_FNU,Provisional,['DISCONTINUED'],2025-08-30T09:02:45.069499+00:00,STNRD
05c59b8b0f5541c1894759a6160cdab7,USGS-09371010,63680,00011,2023-10-17T21:45:00+00:00,,_FNU,Provisional,['DISCONTINUED'],2025-08-30T09:02:45.069499+00:00,STNRD
05c59b8b0f5541c1894759a6160cdab7,USGS-09371010,63680,00011,2023-10-17T22:00:00+00:00,,_FNU,Provisional,['DISCONTINUED'],2025-08-30T09:02:45.069499+00:00,STNRD
05c59b8b0f5541c1894759a6160cdab7,USGS-09371010,63680,00011,2023-10-17T22:15:00+00:00,,_FNU,Provisional,['DISCONTINUED'],2025-08-30T09:02:45.069499+00:00,STNRD
05c59b8b0f5541c1894759a6160cdab7,USGS-09371010,63680,00011,2023-10-17T22:30:00+00:00,,_FNU,Provisional,['DISCONTINUED'],2025-08-30T09:02:45.069499+00:00,STNRD
05c59b8b0f5541c1894759a6160cdab7,USGS-09371010,63680,00011,2023-10-17T22:45:00+00:00,,_FNU,Provisional,['DISCONTINUED'],2025-08-30T09:02:45.069499+00:00,STNRD
05c59b8b0f5541c1894759a6160cdab7,USGS-09371010,63680,00011,2023-10-17T23:00:00+00:00,,_FNU,Provisional,['DISCONTINUED'],2025-08-30T09:02:45.069499+00:00,STNRD
05c59b8b0f5541c1894759a6160cdab7,USGS-09371010,63680,00011,2023-10-17T23:15:00+00:00,,_FNU,Provisional,['DISCONTINUED'],2025-08-30T09:02:45.069499+00:00,STNRD
05c59b8b0f5541c1894759a6160cdab7,USGS-09371010,63680,00011,2023-10-17T23:30:00+00:00,,_FNU,Provisional,['DISCONTINUED'],2025-08-30T09:02:45.069499+00:00,STNRD
05c59b8b0f5541c1894759a6160cdab7,USGS-09371010,63680,00011,2023-10-17T23:45:00+00:00,,_FNU,Provisional,['DISCONTINUED'],2025-08-30T09:02:45.069499+00:00,STNRD
05c59b8b0f5541c1894759a6160cdab7,USGS-09371010,63680,00011,2023-10-18T00:00:00+00:00,,_FNU,Provisional,['DISCONTINUED'],2025-08-30T09:02:45.069499+00:00,STNRD
05c59b8b0f5541c1894759a6160cdab7,USGS-09371010,63680,00011,2023-10-18T00:15:00+00:00,,_FNU,Provisional,['DISCONTINUED'],2025-08-30T09:02:45.069499+00:00,STNRD
05c59b8b0f5541c1894759a6160cdab7,USGS-09371010,63680,00011,2023-10-18T00:30:00+00:00,,_FNU,Provisional,['DISCONTINUED'],2025-08-30T09:02:45.069499+00:00,STNRD
05c59b8b0f5541c1894759a6160cdab7,USGS-09371010,63680,00011,2023-10-18T00:45:00+00:00,,_FNU,Provisional,['DISCONTINUED'],2025-08-30T09:02:45.069499+00:00,STNRD
05c59b8b0f5541c1894759a6160cdab7,USGS-09371010,63680,00011,2023-10-18T01:00:00+00:00,,_FNU,Provisional,['DISCONTINUED'],2025-08-30T09:02:45.069499+00:00,STNRD
05c59b8b0f5541c1894759a6160cdab7,USGS-09371010,63680,00011,2023-10-18T01:15:00+00:00,,_FNU,Provisional,['DISCONTINUED'],2025-08-30T09:02:45.069499+00:00,STNRD
05c59b8b0f5541c1894759a6160cdab7,USGS-09371010,63680,00011,2023-10-18T01:30:00+00:00,,_FNU,Provisional,['DISCONTINUED'],2025-08-30T09:02:45.069499+00:00,STNRD
05c59b8b0f5541c1894759a6160cdab7,USGS-09371010,63680,00011,2023-10-18T01:45:00+00:00,,_FNU,Provisional,['DISCONTINUED'],2025-08-30T09:02:45.069499+00:00,STNRD
05c59b8b0f5541c1894759a6160cdab7,USGS-09371010,63680,00011,2023-10-18T02:00:00+00:00,,_FNU,Provisional,['DISCONTINUED'],2025-08-30T09:02:45.069499+00:00,STNRD
05c59b8b0f5541c1894759a6160cdab7,USGS-09371010,63680,00011,2023-10-18T02:15:00+00:00,,_FNU,Provisional,['DISCONTINUED'],2025-08-30T09:02:45.069499+00:00,STNRD
05c59b8b0f5541c1894759a6160cdab7,USGS-09371010,63680,00011,2023-10-18T02:30:00+00:00,,_FNU,Provisional,['DISCONTINUED'],2025-08-30T09:02:45.069499+00:00,STNRD
05c59b8b0f5541c1894759a6160cdab7,USGS-09371010,63680,00011,2023-10-18T02:45:00+00:00,,_FNU,Provisional,['DISCONTINUED'],2025-08-30T09:02:45.069499+00:00,STNRD
05c59b8b0f5541c1894759a6160cdab7,USGS-09371010,63680,00011,2023-10-18T03:00:00+00:00,,_FNU,Provisional,['DISCONTINUED'],2025-08-30T09:02:45.069499+00:00,STNRD
05c59b8b0f5541c1894759a6160cdab7,USGS-09371010,63680,00011,2023-10-18T03:15:00+00:00,,_FNU,Provisional,['DISCONTINUED'],2025-08-30T09:02:45.069499+00:00,STNRD
05c59b8b0f5541c1894759a6160cdab7,USGS-09371010,63680,00011,2023-10-18T03:30:00+00:00,,_FNU,Provisional,['DISCONTINUED'],2025-08-30T09:02:45.069499+00:00,STNRD
05c59b8b0f5541c1894759a6160cdab7,USGS-09371010,63680,00011,2023-10-18T03:45:00+00:00,,_FNU,Provisional,['DISCONTINUED'],2025-08-30T09:02:45.069499+00:00,STNRD
05c59b8b0f5541c1894759a6160cdab7,USGS-09371010,63680,00011,2023-10-18T04:00:00+00:00,,_FNU,Provisional,['DISCONTINUED'],2025-08-30T09:02:45.069499+00:00,STNRD
05c59b8b0f5541c1894759a6160cdab7,USGS-09371010,63680,00011,2023-10-18T04:15:00+00:00,,_FNU,Provisional,['DISCONTINUED'],2025-08-30T09:02:45.069499+00:00,STNRD
05c59b8b0f5541c1894759a6160cdab7,USGS-09371010,63680,00011,2023-10-18T04:30:00+00:00,,_FNU,Provisional,['DISCONTINUED'],2025-08-30T09:02:45.069499+00:00,STNRD
05c59b8b0f5541c1894759a6160cdab7,USGS-09371010,63680,00011,2023-10-18T04:45:00+00:00,,_FNU,Provisional,['DISCONTINUED'],2025-08-30T09:02:45.069499+00:00,STNRD
05c59b8b0f5541c1894759a6160cdab7,USGS-09371010,63680,00011,2023-10-18T05:00:00+00:00,,_FNU,Provisional,['DISCONTINUED'],2025-08-30T09:02:45.069499+00:00,STNRD
05c59b8b0f5541c1894759a6160cdab7,USGS-09371010,63680,00011,2023-10-18T05:15:00+00:00,,_FNU,Provisional,['DISCONTINUED'],2025-08-30T09:02:45.069499+00:00,STNRD
05c59b8b0f5541c1894759a6160cdab7,USGS-09371010,63680,00011,2023-10-18T05:30:00+00:00,,_FNU,Provisional,['DISCONTINUED'],2025-08-30T09:02:45.069499+00:00,STNRD
05c59b8b0f5541c1894759a6160cdab7,USGS-09371010,63680,00011,2023-10-18T05:45:00+00:00,,_FNU,Provisional,['DISCONTINUED'],2025-08-30T09:02:45.069499+00:00,STNRD
05c59b8b0f5541c1894759a6160cdab7,USGS-09371010,63680,00011,2023-10-18T06:00:00+00:00,,_FNU,Provisional,['DISCONTINUED'],2025-08-30T09:02:45.069499+00:00,STNRD
05c59b8b0f5541c1894759a6160cdab7,USGS-09371010,63680,00011,2023-10-18T06:15:00+00:00,,_FNU,Provisional,['DISCONTINUED'],2025-08-30T09:02:45.069499+00:00,STNRD
05c59b8b0f5541c1894759a6160cdab7,USGS-09371010,63680,00011,2023-10-18T06:30:00+00:00,,_FNU,Provisional,['DISCONTINUED'],2025-08-30T09:02:45.069499+00:00,STNRD
05c59b8b0f5541c1894759a6160cdab7,USGS-09371010,63680,00011,2023-10-18T06:45:00+00:00,,_FNU,Provisional,['DISCONTINUED'],2025-08-30T09:02:45.069499+00:00,STNRD
05c59b8b0f5541c1894759a6160cdab7,USGS-09371010,63680,00011,2023-10-18T07:00:00+00:00,,_FNU,Provisional,['DISCONTINUED'],2025-08-30T09:02:45.069499+00:00,STNRD
05c59b8b0f5541c1894759a6160cdab7,USGS-09371010,63680,00011,2023-10-18T07:15:00+00:00,,_FNU,Provisional,['DISCONTINUED'],2025-08-30T09:02:45.069499+00:00,STNRD
05c59b8b0f5541c1894759a6160cdab7,USGS-09371010,63680,00011,2023-10-18T07:30:00+00:00,,_FNU,Provisional,['DISCONTINUED'],2025-08-30T09:02:45.069499+00:00,STNRD
05c59b8b0f5541c1894759a6160cdab7,USGS-09371010,63680,00011,2023-10-18T07:45:00+00:00,,_FNU,Provisional,['DISCONTINUED'],2025-08-30T09:02:45.069499+00:00,STNRD
05c59b8b0f5541c1894759a6160cdab7,USGS-09371010,63680,00011,2023-10-18T08:00:00+00:00,,_FNU,Provisional,['DISCONTINUED'],2025-08-30T09:02:45.069499+00:00,STNRD
05c59b8b0f5541c1894759a6160cdab7,USGS-09371010,63680,00011,2023-10-18T08:15:00+00:00,,_FNU,Provisional,['DISCONTINUED'],2025-08-30T09:02:45.069499+00:00,STNRD
05c59b8b0f5541c1894759a6160cdab7,USGS-09371010,63680,00011,2023-10-18T08:30:00+00:00,,_FNU,Provisional,['DISCONTINUED'],2025-08-30T09:02:45.069499+00:00,STNRD
05c59b8b0f5541c1894759a6160cdab7,USGS-09371010,63680,00011,2023-10-18T08:45:00+00:00,,_FNU,Provisional,['DISCONTINUED'],2025-08-30T09:02:45.069499+00:00,STNRD
05c59b8b0f5541c1894759a6160cdab7,USGS-09371010,63680,00011,2023-10-18T09:00:00+00:00,,_FNU,Provisional,['DISCONTINUED'],2025-08-30T09:02:45.069499+00:00,STNRD
05c59b8b0f5541c1894759a6160cdab7,USGS-09371010,63680,00011,2023-10-18T09:15:00+00:00,,_FNU,Provisional,['DISCONTINUED'],2025-08-30T09:02:45.069499+00:00,STNRD
05c59b8b0f5541c1894759a6160cdab7,USGS-09371010,63680,00011,2023-10-18T09:30:00+00:00,,_FNU,Provisional,['DISCONTINUED'],2025-08-30T09:02:45.069499+00:00,STNRD
05c59b8b0f5541c1894759a6160cdab7,USGS-09371010,63680,00011,2023-10-18T09:45:00+00:00,,_FNU,Provisional,['DISCONTINUED'],2025-08-30T09:02:45.069499+00:00,STNRD
05c59b8b0f5541c1894759a6160cdab7,USGS-09371010,63680,00011,2023-10-18T10:00:00+00:00,,_FNU,Provisional,['DISCONTINUED'],2025-08-30T09:02:45.069499+00:00,STNRD
05c59b8b0f5541c1894759a6160cdab7,USGS-09371010,63680,00011,2023-10-18T10:15:00+00:00,,_FNU,Provisional,['DISCONTINUED'],2025-08-30T09:02:45.069499+00:00,STNRD
05c59b8b0f5541c1894759a6160cdab7,USGS-09371010,63680,00011,2023-10-18T10:30:00+00:00,,_FNU,Provisional,['DISCONTINUED'],2025-08-30T09:02:45.069499+00:00,STNRD
05c59b8b0f5541c1894759a6160cdab7,USGS-09371010,63680,00011,2023-10-18T10:45:00+00:00,,_FNU,Provisional,['DISCONTINUED'],2025-08-30T09:02:45.069499+00:00,STNRD
05c59b8b0f5541c1894759a6160cdab7,USGS-09371010,63680,00011,2023-10-18T11:00:00+00:00,,_FNU,Provisional,['DISCONTINUED'],2025-08-30T09:02:45.069499+00:00,STNRD
05c59b8b0f5541c1894759a6160cdab7,USGS-09371010,63680,00011,2023-10-18T11:15:00+00:00,,_FNU,Provisional,['DISCONTINUED'],2025-08-30T09:02:45.069499+00:00,STNRD
05c59b8b0f5541c1894759a6160cdab7,USGS-09371010,63680,00011,2023-10-18T11:30:00+00:00,,_FNU,Provisional,['DISCONTINUED'],2025-08-30T09:02:45.069499+00:00,STNRD
05c59b8b0f5541c1894759a6160cdab7,USGS-09371010,63680,00011,2023-10-18T11:45:00+00:00,,_FNU,Provisional,['DISCONTINUED'],2025-08-30T09:02:45.069499+00:00,STNRD
05c59b8b0f5541c1894759a6160cdab7,USGS-09371010,63680,00011,2023-10-18T12:00:00+00:00,,_FNU,Provisional,['DISCONTINUED'],2025-08-30T09:02:45.069499+00:00,STNRD
05c59b8b0f5541c1894759a6160cdab7,USGS-09371010,63680,00011,2023-10-18T12:15:00+00:00,,_FNU,Provisional,['DISCONTINUED'],2025-08-30T09:02:45.069499+00:00,STNRD
05c59b8b0f5541c1894759a6160cdab7,USGS-09371010,63680,00011,2023-10-18T12:30:00+00:00,,_FNU,Provisional,['DISCONTINUED'],2025-08-30T09:02:45.069499+00:00,STNRD
05c59b8b0f5541c1894759a6160cdab7,USGS-09371010,63680,00011,2023-10-18T12:45:00+00:00,,_FNU,Provisional,['DISCONTINUED'],2025-08-30T09:02:45.069499+00:00,STNRD
05c59b8b0f5541c1894759a6160cdab7,USGS-09371010,63680,00011,2023-10-18T13:00:00+00:00,,_FNU,Provisional,['DISCONTINUED'],2025-08-30T09:02:45.069499+00:00,STNRD
05c59b8b0f5541c1894759a6160cdab7,USGS-09371010,63680,00011,2023-10-18T13:15:00+00:00,,_FNU,Provisional,['DISCONTINUED'],2025-08-30T09:02:45.069499+00:00,STNRD
05c59b8b0f5541c1894759a6160cdab7,USGS-09371010,63680,00011,2023-10-18T13:30:00+00:00,,_FNU,Provisional,['DISCONTINUED'],2025-08-30T09:02:45.069499+00:00,STNRD
05c59b8b0f5541c1894759a6160cdab7,USGS-09371010,63680,00011,2023-10-18T13:45:00+00:00,,_FNU,Provisional,['DISCONTINUED'],2025-08-30T09:02:45.069499+00:00,STNRD
05c59b8b0f5541c1894759a6160cdab7,USGS-09371010,63680,00011,2023-10-18T14:00:00+00:00,,_FNU,Provisional,['DISCONTINUED'],2025-08-30T09:02:45.069499+00:00,STNRD
05c59b8b0f5541c1894759a6160cdab7,USGS-09371010,63680,00011,2023-10-18T14:15:00+00:00,,_FNU,Provisional,['DISCONTINUED'],2025-08-30T09:02:45.069499+00:00,STNRD
05c59b8b0f5541c1894759a6160cdab7,USGS-09371010,63680,00011,2023-10-18T14:30:00+00:00,,_FNU,Provisional,['DISCONTINUED'],2025-08-30T09:02:45.069499+00:00,STNRD
05c59b8b0f5541c1894759a6160cdab7,USGS-09371010,63680,00011,2023-10-18T14:45:00+00:00,,_FNU,Provisional,['DISCONTINUED'],2025-08-30T09:02:45.069499+00:00,STNRD
05c59b8b0f5541c1894759a6160cdab7,USGS-09371010,63680,00011,2023-10-18T15:00:00+00:00,,_FNU,Provisional,['DISCONTINUED'],2025-08-30T09:02:45.069499+00:00,STNRD
05c59b8b0f5541c1894759a6160cdab7,USGS-09371010,63680,00011,2023-10-18T15:15:00+00:00,,_FNU,Provisional,['DISCONTINUED'],2025-08-30T09:02:45.069499+00:00,STNRD
05c59b8b0f5541c1894759a6160cdab7,USGS-09371010,63680,00011,2023-10-18T15:30:00+00:00,,_FNU,Provisional,['DISCONTINUED'],2025-08-30T09:02:45.069499+00:00,STNRD
05c59b8b0f5541c1894759a6160cdab7,USGS-09371010,63680,00011,2023-10-18T15:45:00+00:00,,_FNU,Provisional,['DISCONTINUED'],2025-08-30T09:02:45.069499+00:00,STNRD
05c59b8b0f5541c1894759a6160cdab7,USGS-09371010,63680,00011,2023-10-18T16:00:00+00:00,,_FNU,Provisional,['DISCONTINUED'],2025-08-30T09:02:45.069499+00:00,STNRD
05c59b8b0f5541c1894759a6160cdab7,USGS-09371010,63680,00011,2023-10-18T16:15:00+00:00,,_FNU,Provisional,['DISCONTINUED'],2025-08-30T09:02:45.069499+00:00,STNRD
05c59b8b0f5541c1894759a6160cdab7,USGS-09371010,63680,00011,2023-10-18T16:30:00+00:00,,_FNU,Provisional,['DISCONTINUED'],2025-08-30T09:02:45.069499+00:00,STNRD
05c59b8b0f5541c1894759a6160cdab7,USGS-09371010,63680,00011,2023-10-18T16:45:00+00:00,,_FNU,Provisional,['DISCONTINUED'],2025-08-30T09:02:45.069499+00:00,STNRD
05c59b8b0f5541c1894759a6160cdab7,USGS-09371010,63680,00011,2023-10-18T17:00:00+00:00,,_FNU,Provisional,['DISCONTINUED'],2025-08-30T09:02:45.069499+00:00,STNRD
05c59b8b0f5541c1894759a6160cdab7,USGS-09371010,63680,00011,2023-10-18T17:15:00+00:00,,_FNU,Provisional,['DISCONTINUED'],2025-08-30T09:02:45.069499+00:00,STNRD
05c59b8b0f5541c1894759a6160cdab7,USGS-09371010,63680,00011,2023-10-18T17:30:00+00:00,,_FNU,Provisional,['DISCONTINUED'],2025-08-30T09:02:45.069499+00:00,STNRD
05c59b8b0f5541c1894759a6160cdab7,USGS-09371010,63680,00011,2023-10-18T17:45:00+00:00,,_FNU,Provisional,['DISCONTINUED'],2025-08-30T09:02:45.069499+00:00,STNRD
05c59b8b0f5541c1894759a6160cdab7,USGS-09371010,63680,00011,2023-10-18T18:00:00+00:00,,_FNU,Provisional,['DISCONTINUED'],2025-08-30T09:02:45.069499+00:00,STNRD
05c59b8b0f5541c1894759a6160cdab7,USGS-09371010,63680,00011,2023-10-18T18:15:00+00:00,,_FNU,Provisional,['DISCONTINUED'],2025-08-30T09:02:45.069499+00:00,STNRD
05c59b8b0f5541c1894759a6160cdab7,USGS-09371010,63680,00011,2023-10-18T18:30:00+00:00,,_FNU,Provisional,['DISCONTINUED'],2025-08-30T09:02:45.069499+00:00,STNRD
05c59b8b0f5541c1894759a6160cdab7,USGS-09371010,63680,00011,2023-10-18T18:45:00+00:00,,_FNU,Provisional,['DISCONTINUED'],2025-08-30T09:02:45.069499+00:00,STNRD
05c59b8b0f5541c1894759a6160cdab7,USGS-09371010,63680,00011,2023-10-18T19:00:00+00:00,,_FNU,Provisional,['DISCONTINUED'],2025-08-30T09:02:45.069499+00:00,STNRD
05c59b8b0f5541c1894759a6160cdab7,USGS-09371010,63680,00011,2023-10-18T19:15:00+00:00,,_FNU,Provisional,['DISCONTINUED'],2025-08-30T09:02:45.069499+00:00,STNRD
05c59b8b0f5541c1894759a6160cdab7,USGS-09371010,63680,00011,2023-10-18T19:30:00+00:00,,_FNU,Provisional,['DISCONTINUED'],2025-08-30T09:02:45.069499+00:00,STNRD
05c59b8b0f5541c1894759a6160cdab7,USGS-09371010,63680,00011,2023-10-18T19:45:00+00:00,,_FNU,Provisional,['DISCONTINUED'],2025-08-30T09:02:45.069499+00:00,STNRD
05c59b8b0f5541c1894759a6160cdab7,USGS-09371010,63680,00011,2023-10-18T20:00:00+00:00,,_FNU,Provisional,['DISCONTINUED'],2025-08-30T09:02:45.069499+00:00,STNRD
05c59b8b0f5541c1894759a6160cdab7,USGS-09371010,63680,00011,2023-10-18T20:15:00+00:00,,_FNU,Provisional,['DISCONTINUED'],2025-08-30T09:02:45.069499+00:00,STNRD
05c59b8b0f5541c1894759a6160cdab7,USGS-09371010,63680,00011,2023-10-18T20:30:00+00:00,,_FNU,Provisional,['DISCONTINUED'],2025-08-30T09:02:45.069499+00:00,STNRD
05c59b8b0f5541c1894759a6160cdab7,USGS-09371010,63680,00011,2023-10-18T20:45:00+00:00,,_FNU,Provisional,['DISCONTINUED'],2025-08-30T09:02:45.069499+00:00,STNRD
05c59b8b0f5541c1894759a6160cdab7,USGS-09371010,63680,00011,2023-10-18T21:00:00+00:00,,_FNU,Provisional,['DISCONTINUED'],2025-08-30T09:02:45.069499+00:00,STNRD
05c59b8b0f5541c1894759a6160cdab7,USGS-09371010,63680,00011,2023-10-18T21:15:00+00:00,,_FNU,Provisional,['DISCONTINUED'],2025-08-30T09:02:45.069499+00:00,STNRD
05c59b8b0f5541c1894759a6160cdab7,USGS-09371010,63680,00011,2023-10-18T21:30:00+00:00,,_FNU,Provisional,['DISCONTINUED'],2025-08-30T09:02:45.069499+00:00,STNRD
05c59b8b0f5541c1894759a6160cdab7,USGS-09371010,63680,00011,2023-10-18T21:45:00+00:00,,_FNU,Provisional,['DISCONTINUED'],2025-08-30T09:02:45.069499+00:00,STNRD
05c59b8b0f5541c1894759a6160cdab7,USGS-09371010,63680,00011,2023-10-18T22:00:00+00:00,,_FNU,Provisional,['DISCONTINUED'],2025-08-30T09:02:45.069499+00:00,STNRD
05c59b8b0f5541c1894759a6160cdab7,USGS-09371010,63680,00011,2023-10-18T22:15:00+00:00,,_FNU,Provisional,['DISCONTINUED'],2025-08-30T09:02:45.069499+00:00,STNRD
05c59b8b0f5541c1894759a6160cdab7,USGS-09371010,63680,00011,2023-10-18T22:30:00+00:00,,_FNU,Provisional,['DISCONTINUED'],2025-08-30T09:02:45.069499+00:00,STNRD
05c59b8b0f5541c1894759a6160cdab7,USGS-09371010,63680,00011,2023-10-18T22:45:00+00:00,,_FNU,Provisional,['DISCONTINUED'],2025-08-30T09:02:45.069499+00:00,STNRD
05c59b8b0f5541c1894759a6160cdab7,USGS-09371010,63680,00011,2023-10-18T23:00:00+00:00,,_FNU,Provisional,['DISCONTINUED'],2025-08-30T09:02:45.069499+00:00,STNRD
05c59b8b0f5541c1894759a6160cdab7,USGS-09371010,63680,00011,2023-10-18T23:15:00+00:00,,_FNU,Provisional,['DISCONTINUED'],2025-08-30T09:02:45.069499+00:00,STNRD
05c59b8b0f5541c1894759a6160cdab7,USGS-09371010,63680,00011,2023-10-18T23:30:00+00:00,,_FNU,Provisional,['DISCONTINUED'],2025-08-30T09:02:45.069499+00:00,STNRD
05c59b8b0f5541c1894759a6160cdab7,USGS-09371010,63680,00011,2023-10-18T23:45:00+00:00,,_FNU,Provisional,['DISCONTINUED'],2025-08-30T09:02:45.069499+00:00,STNRD
05c59b8b0f5541c1894759a6160cdab7,USGS-09371010,63680,00011,2023-10-19T00:00:00+00:00,,_FNU,Provisional,['DISCONTINUED'],2025-08-30T09:02:45.069499+00:00,STNRD
05c59b8b0f5541c1894759a6160cdab7,USGS-09371010,63680,00011,2023-10-19T00:15:00+00:00,,_FNU,Provisional,['DISCONTINUED'],2025-08-30T09:02:45.069499+00:00,STNRD
05c59b8b0f5541c1894759a6160cdab7,USGS-09371010,63680,00011,2023-10-19T00:30:00+00:00,,_FNU,Provisional,['DISCONTINUED'],2025-08-30T09:02:45.069499+00:00,STNRD
05c59b8b0f5541c1894759a6160cdab7,USGS-09371010,63680,00011,2023-10-19T00:45:00+00:00,,_FNU,Provisional,['DISCONTINUED'],2025-08-30T09:02:45.069499+00:00,STNRD
05c59b8b0f5541c1894759a6160cdab7,USGS-09371010,63680,00011,2023-10-19T01:00:00+00:00,,_FNU,Provisional,['DISCONTINUED'],2025-08-30T09:02:45.069499+00:00,STNRD
05c59b8b0f5541c1894759a6160cdab7,USGS-09371010,63680,00011,2023-10-19T01:15:00+00:00,,_FNU,Provisional,['DISCONTINUED'],2025-08-30T09:02:45.069499+00:00,STNRD
05c59b8b0f5541c1894759a6160cdab7,USGS-09371010,63680,00011,2023-10-19T01:30:00+00:00,,_FNU,Provisional,['DISCONTINUED'],2025-08-30T09:02:45.069499+00:00,STNRD
05c59b8b0f5541c1894759a6160cdab7,USGS-09371010,63680,00011,2023-10-19T01:45:00+00:00,,_FNU,Provisional,['DISCONTINUED'],2025-08-30T09:02:45.069499+00:00,STNRD
05c59b8b0f5541c1894759a6160cdab7,USGS-09371010,63680,00011,2023-10-19T02:00:00+00:00,,_FNU,Provisional,['DISCONTINUED'],2025-08-30T09:02:45.069499+00:00,STNRD
05c59b8b0f5541c1894759a6160cdab7,USGS-09371010,63680,00011,2023-10-19T02:15:00+00:00,,_FNU,Provisional,['DISCONTINUED'],2025-08-30T09:02:45.069499+00:00,STNRD
05c59b8b0f5541c1894759a6160cdab7,USGS-09371010,63680,00011,2023-10-19T02:30:00+00:00,,_FNU,Provisional,['DISCONTINUED'],2025-08-30T09:02:45.069499+00:00,STNRD
05c59b8b0f5541c1894759a6160cdab7,USGS-09371010,63680,00011,2023-10-19T02:45:00+00:00,,_FNU,Provisional,['DISCONTINUED'],2025-08-30T09:02:45.069499+00:00,STNRD
05c59b8b0f5541c1894759a6160cdab7,USGS-09371010,63680,00011,2023-10-19T03:00:00+00:00,,_FNU,Provisional,['DISCONTINUED'],2025-08-30T09:02:45.069499+00:00,STNRD
05c59b8b0f5541c1894759a6160cdab7,USGS-09371010,63680,00011,2023-10-19T03:15:00+00:00,,_FNU,Provisional,['DISCONTINUED'],2025-08-30T09:02:45.069499+00:00,STNRD
05c59b8b0f5541c1894759a6160cdab7,USGS-09371010,63680,00011,2023-10-19T03:30:00+00:00,,_FNU,Provisional,['DISCONTINUED'],2025-08-30T09:02:45.069499+00:00,STNRD
05c59b8b0f5541c1894759a6160cdab7,USGS-09371010,63680,00011,2023-10-19T03:45:00+00:00,,_FNU,Provisional,['DISCONTINUED'],2025-08-30T09:02:45.069499+00:00,STNRD
05c59b8b0f5541c1894759a6160cdab7,USGS-09371010,63680,00011,2023-10-19T04:00:00+00:00,,_FNU,Provisional,['DISCONTINUED'],2025-08-30T09:02:45.069499+00:00,STNRD
05c59b8b0f5541c1894759a6160cdab7,USGS-09371010,63680,00011,2023-10-19T04:15:00+00:00,,_FNU,Provisional,['DISCONTINUED'],2025-08-30T09:02:45.069499+00:00,STNRD
05c59b8b0f5541c1894759a6160cdab7,USGS-09371010,63680,00011,2023-10-19T04:30:00+00:00,,_FNU,Provisional,['DISCONTINUED'],2025-08-30T09:02:45.069499+00:00,STNRD
05c59b8b0f5541c1894759a6160cdab7,USGS-09371010,63680,00011,2023-10-19T04:45:00+00:00,,_FNU,Provisional,['DISCONTINUED'],2025-08-30T09:02:45.069499+00:00,STNRD
05c59b8b0f5541c1894759a6160cdab7,USGS-09371010,63680,00011,2023-10-19T05:00:00+00:00,,_FNU,Provisional,['DISCONTINUED'],2025-08-30T09:02:45.069499+00:00,STNRD
05c59b8b0f5541c1894759a6160cdab7,USGS-09371010,63680,00011,2023-10-19T05:15:00+00:00,,_FNU,Provisional,['DISCONTINUED'],2025-08-30T09:02:45.069499+00:00,STNRD
05c59b8b0f5541c1894759a6160cdab7,USGS-09371010,63680,00011,2023-10-19T05:30:00+00:00,,_FNU,Provisional,['DISCONTINUED'],2025-08-30T09:02:45.069499+00:00,STNRD
05c59b8b0f5541c1894759a6160cdab7,USGS-09371010,63680,00011,2023-10-19T05:45:00+00:00,,_FNU,Provisional,['DISCONTINUED'],2025-08-30T09:02:45.069499+00:00,STNRD
05c59b8b0f5541c1894759a6160cdab7,USGS-09371010,63680,00011,2023-10-19T06:00:00+00:00,,_FNU,Provisional,['DISCONTINUED'],2025-08-30T09:02:45.069499+00:00,STNRD
05c59b8b0f5541c1894759a6160cdab7,USGS-09371010,63680,00011,2023-10-19T06:15:00+00:00,,_FNU,Provisional,['DISCONTINUED'],2025-08-30T09:02:45.069499+00:00,STNRD
05c59b8b0f5541c1894759a6160cdab7,USGS-09371010,63680,00011,2023-10-19T06:30:00+00:00,,_FNU,Provisional,['DISCONTINUED'],2025-08-30T09:02:45.069499+00:00,STNRD
05c59b8b0f5541c1894759a6160cdab7,USGS-09371010,63680,00011,2023-10-19T06:45:00+00:00,,_FNU,Provisional,['DISCONTINUED'],2025-08-30T09:02:45.069499+00:00,STNRD
05c59b8b0f5541c1894759a6160cdab7,USGS-09371010,63680,00011,2023-10-19T07:00:00+00:00,,_FNU,Provisional,['DISCONTINUED'],2025-08-30T09:02:45.069499+00:00,STNRD
05c59b8b0f5541c1894759a6160cdab7,USGS-09371010,63680,00011,2023-10-19T07:15:00+00:00,,_FNU,Provisional,['DISCONTINUED'],2025-08-30T09:02:45.069499+00:00,STNRD
05c59b8b0f5541c1894759a6160cdab7,USGS-09371010,63680,00011,2023-10-19T07:30:00+00:00,,_FNU,Provisional,['DISCONTINUED'],2025-08-30T09:02:45.069499+00:00,STNRD
05c59b8b0f5541c1894759a6160cdab7,USGS-09371010,63680,00011,2023-10-19T07:45:00+00:00,,_FNU,Provisional,['DISCONTINUED'],2025-08-30T09:02:45.069499+00:00,STNRD
05c59b8b0f5541c1894759a6160cdab7,USGS-09371010,63680,00011,2023-10-19T08:00:00+00:00,,_FNU,Provisional,['DISCONTINUED'],2025-08-30T09:02:45.069499+00:00,STNRD
05c59b8b0f5541c1894759a6160cdab7,USGS-09371010,63680,00011,2023-10-19T08:15:00+00:00,,_FNU,Provisional,['DISCONTINUED'],2025-08-30T09:02:45.069499+00:00,STNRD
05c59b8b0f5541c1894759a6160cdab7,USGS-09371010,63680,00011,2023-10-19T08:30:00+00:00,,_FNU,Provisional,['DISCONTINUED'],2025-08-30T09:02:45.069499+00:00,STNRD
05c59b8b0f5541c1894759a6160cdab7,USGS-09371010,63680,00011,2023-10-19T08:45:00+00:00,,_FNU,Provisional,['DISCONTINUED'],2025-08-30T09:02:45.069499+00:00,STNRD
05c59b8b0f5541c1894759a6160cdab7,USGS-09371010,63680,00011,2023-10-19T09:00:00+00:00,,_FNU,Provisional,['DISCONTINUED'],2025-08-30T09:02:45.069499+00:00,STNRD
05c59b8b0f5541c1894759a6160cdab7,USGS-09371010,63680,00011,2023-10-19T09:15:00+00:00,,_FNU,Provisional,['DISCONTINUED'],2025-08-30T09:02:45.069499+00:00,STNRD
05c59b8b0f5541c1894759a6160cdab7,USGS-09371010,63680,00011,2023-10-19T09:30:00+00:00,,_FNU,Provisional,['DISCONTINUED'],2025-08-30T09:02:45.069499+00:00,STNRD
05c59b8b0f5541c1894759a6160cdab7,USGS-09371010,63680,00011,2023-10-19T09:45:00+00:00,,_FNU,Provisional,['DISCONTINUED'],2025-08-30T09:02:45.069499+00:00,STNRD
05c59b8b0f5541c1894759a6160cdab7,USGS-09371010,63680,00011,2023-10-19T10:00:00+00:00,,_FNU,Provisional,['DISCONTINUED'],2025-08-30T09:02:45.069499+00:00,STNRD
05c59b8b0f5541c1894759a6160cdab7,USGS-09371010,63680,00011,2023-10-19T10:15:00+00:00,,_FNU,Provisional,['DISCONTINUED'],2025-08-30T09:02:45.069499+00:00,STNRD
05c59b8b0f5541c1894759a6160cdab7,USGS-09371010,63680,00011,2023-10-19T10:30:00+00:00,,_FNU,Provisional,['DISCONTINUED'],2025-08-30T09:02:45.069499+00:00,STNRD
05c59b8b0f5541c1894759a6160cdab7,USGS-09371010,63680,00011,2023-10-19T10:45:00+00:00,,_FNU,Provisional,['DISCONTINUED'],2025-08-30T09:02:45.069499+00:00,STNRD
05c59b8b0f5541c1894759a6160cdab7,USGS-09371010,63680,00011,2023-10-19T11:00:00+00:00,,_FNU,Provisional,['DISCONTINUED'],2025-08-30T09:02:45.069499+00:00,STNRD
05c59b8b0f5541c1894759a6160cdab7,USGS-09371010,63680,00011,2023-10-19T11:15:00+00:00,,_FNU,Provisional,['DISCONTINUED'],2025-08-30T09:02:45.069499+00:00,STNRD
05c59b8b0f5541c1894759a6160cdab7,USGS-09371010,63680,00011,2023-10-19T11:30:00+00:00,,_FNU,Provisional,['DISCONTINUED'],2025-08-30T09:02:45.069499+00:00,STNRD
05c59b8b0f5541c1894759a6160cdab7,USGS-09371010,63680,00011,2023-10-19T11:45:00+00:00,,_FNU,Provisional,['DISCONTINUED'],2025-08-30T09:02:45.069499+00:00,STNRD
05c59b8b0f5541c1894759a6160cdab7,USGS-09371010,63680,00011,2023-10-19T12:00:00+00:00,,_FNU,Provisional,['DISCONTINUED'],2025-08-30T09:02:45.069499+00:00,STNRD
05c59b8b0f5541c1894759a6160cdab7,USGS-09371010,63680,00011,2023-10-19T12:15:00+00:00,,_FNU,Provisional,['DISCONTINUED'],2025-08-30T09:02:45.069499+00:00,STNRD
05c59b8b0f5541c1894759a6160cdab7,USGS-09371010,63680,00011,2023-10-19T12:30:00+00:00,,_FNU,Provisional,['DISCONTINUED'],2025-08-30T09:02:45.069499+00:00,STNRD
05c59b8b0f5541c1894759a6160cdab7,USGS-09371010,63680,00011,2023-10-19T12:45:00+00:00,,_FNU,Provisional,['DISCONTINUED'],2025-08-30T09:02:45.069499+00:00,STNRD
05c59b8b0f5541c1894759a6160cdab7,USGS-09371010,63680,00011,2023-10-19T13:00:00+00:00,,_FNU,Provisional,['DISCONTINUED'],2025-08-30T09:02:45.069499+00:00,STNRD
05c59b8b0f5541c1894759a6160cdab7,USGS-09371010,63680,00011,2023-10-19T13:15:00+00:00,,_FNU,Provisional,['DISCONTINUED'],2025-08-30T09:02:45.069499+00:00,STNRD
05c59b8b0f5541c1894759a6160cdab7,USGS-09371010,63680,00011,2023-10-19T13:30:00+00:00,,_FNU,Provisional,['DISCONTINUED'],2025-08-30T09:02:45.069499+00:00,STNRD
05c59b8b0f5541c1894759a6160cdab7,USGS-09371010,63680,00011,2023-10-19T13:45:00+00:00,,_FNU,Provisional,['DISCONTINUED'],2025-08-30T09:02:45.069499+00:00,STNRD
05c59b8b0f5541c1894759a6160cdab7,USGS-09371010,63680,00011,2023-10-19T14:00:00+00:00,,_FNU,Provisional,['DISCONTINUED'],2025-08-30T09:02:45.069499+00:00,STNRD
05c59b8b0f5541c1894759a6160cdab7,USGS-09371010,63680,00011,2023-10-19T14:15:00+00:00,,_FNU,Provisional,['DISCONTINUED'],2025-08-30T09:02:45.069499+00:00,STNRD
05c59b8b0f5541c1894759a6160cdab7,USGS-09371010,63680,00011,2023-10-19T14:30:00+00:00,,_FNU,Provisional,['DISCONTINUED'],2025-08-30T09:02:45.069499+00:00,STNRD
05c59b8b0f5541c1894759a6160cdab7,USGS-09371010,63680,00011,2023-10-19T14:45:00+00:00,,_FNU,Provisional,['DISCONTINUED'],2025-08-30T09:02:45.069499+00:00,STNRD
05c59b8b0f5541c1894759a6160cdab7,USGS-09371010,63680,00011,2023-10-19T15:00:00+00:00,,_FNU,Provisional,['DISCONTINUED'],2025-08-30T09:02:45.069499+00:00,STNRD
05c59b8b0f5541c1894759a6160cdab7,USGS-09371010,63680,00011,2023-10-19T15:15:00+00:00,,_FNU,Provisional,['DISCONTINUED'],2025-08-30T09:02:45.069499+00:00,STNRD
05c59b8b0f5541c1894759a6160cdab7,USGS-09371010,63680,00011,2023-10-19T15:30:00+00:00,,_FNU,Provisional,['DISCONTINUED'],2025-08-30T09:02:45.069499+00:00,STNRD
05c59b8b0f5541c1894759a6160cdab7,USGS-09371010,63680,00011,2023-10-19T15:45:00+00:00,,_FNU,Provisional,['DISCONTINUED'],2025-08-30T09:02:45.069499+00:00,STNRD
05c59b8b0f5541c1894759a6160cdab7,USGS-09371010,63680,00011,2023-10-19T16:00:00+00:00,,_FNU,Provisional,['DISCONTINUED'],2025-08-30T09:02:45.069499+00:00,STNRD
05c59b8b0f5541c1894759a6160cdab7,USGS-09371010,63680,00011,2023-10-19T16:15:00+00:00,,_FNU,Provisional,['DISCONTINUED'],2025-08-30T09:02:45.069499+00:00,STNRD
05c59b8b0f5541c1894759a6160cdab7,USGS-09371010,63680,00011,2023-10-19T16:30:00+00:00,,_FNU,Provisional,['DISCONTINUED'],2025-08-30T09:02:45.069499+00:00,STNRD
05c59b8b0f5541c1894759a6160cdab7,USGS-09371010,63680,00011,2023-10-19T16:45:00+00:00,,_FNU,Provisional,['DISCONTINUED'],2025-08-30T09:02:45.069499+00:00,STNRD
05c59b8b0f5541c1894759a6160cdab7,USGS-09371010,63680,00011,2023-10-19T17:00:00+00:00,,_FNU,Provisional,['DISCONTINUED'],2025-08-30T09:02:45.069499+00:00,STNRD
05c59b8b0f5541c1894759a6160cdab7,USGS-09371010,63680,00011,2023-10-19T17:15:00+00:00,,_FNU,Provisional,['DISCONTINUED'],2025-08-30T09:02:45.069499+00:00,STNRD
05c59b8b0f5541c1894759a6160cdab7,USGS-09371010,63680,00011,2023-10-19T17:30:00+00:00,,_FNU,Provisional,['DISCONTINUED'],2025-08-30T09:02:45.069499+00:00,STNRD
05c59b8b0f5541c1894759a6160cdab7,USGS-09371010,63680,00011,2023-10-19T17:45:00+00:00,,_FNU,Provisional,['DISCONTINUED'],2025-08-30T09:02:45.069499+00:00,STNRD
05c59b8b0f5541c1894759a6160cdab7,USGS-09371010,63680,00011,2023-10-19T18:00:00+00:00,,_FNU,Provisional,['DISCONTINUED'],2025-08-30T09:02:45.069499+00:00,STNRD
05c59b8b0f5541c1894759a6160cdab7,USGS-09371010,63680,00011,2023-10-19T18:15:00+00:00,,_FNU,Provisional,['DISCONTINUED'],2025-08-30T09:02:45.069499+00:00,STNRD
05c59b8b0f5541c1894759a6160cdab7,USGS-09371010,63680,00011,2023-10-19T18:30:00+00:00,,_FNU,Provisional,['DISCONTINUED'],2025-08-30T09:02:45.069499+00:00,STNRD
05c59b8b0f5541c1894759a6160cdab7,USGS-09371010,63680,00011,2023-10-19T18:45:00+00:00,,_FNU,Provisional,['DISCONTINUED'],2025-08-30T09:02:45.069499+00:00,STNRD
05c59b8b0f5541c1894759a6160cdab7,USGS-09371010,63680,00011,2023-10-19T19:00:00+00:00,,_FNU,Provisional,['DISCONTINUED'],2025-08-30T09:02:45.069499+00:00,STNRD
05c59b8b0f5541c1894759a6160cdab7,USGS-09371010,63680,00011,2023-10-19T19:15:00+00:00,,_FNU,Provisional,['DISCONTINUED'],2025-08-30T09:02:45.069499+00:00,STNRD
05c59b8b0f5541c1894759a6160cdab7,USGS-09371010,63680,00011,2023-10-19T19:30:00+00:00,,_FNU,Provisional,['DISCONTINUED'],2025-08-30T09:02:45.069499+00:00,STNRD
05c59b8b0f5541c1894759a6160cdab7,USGS-09371010,63680,00011,2023-10-19T19:45:00+00:00,,_FNU,Provisional,['DISCONTINUED'],2025-08-30T09:02:45.069499+00:00,STNRD
05c59b8b0f5541c1894759a6160cdab7,USGS-09371010,63680,00011,2023-10-19T20:00:00+00:00,,_FNU,Provisional,['DISCONTINUED'],2025-08-30T09:02:45.069499+00:00,STNRD
05c59b8b0f5541c1894759a6160cdab7,USGS-09371010,63680,00011,2023-10-19T20:15:00+00:00,,_FNU,Provisional,['DISCONTINUED'],2025-08-30T09:02:45.069499+00:00,STNRD
05c59b8b0f5541c1894759a6160cdab7,USGS-09371010,63680,00011,2023-10-19T20:30:00+00:00,,_FNU,Provisional,['DISCONTINUED'],2025-08-30T09:02:45.069499+00:00,STNRD
05c59b8b0f5541c1894759a6160cdab7,USGS-09371010,63680,00011,2023-10-19T20:45:00+00:00,,_FNU,Provisional,['DISCONTINUED'],2025-08-30T09:02:45.069499+00:00,STNRD
05c59b8b0f5541c1894759a6160cdab7,USGS-09371010,63680,00011,2023-10-19T21:00:00+00:00,,_FNU,Provisional,['DISCONTINUED'],2025-08-30T09:02:45.069499+00:00,STNRD
05c59b8b0f5541c1894759a6160cdab7,USGS-09371010,63680,00011,2023-10-19T21:15:00+00:00,,_FNU,Provisional,['DISCONTINUED'],2025-08-30T09:02:45.069499+00:00,STNRD
05c59b8b0f5541c1894759a6160cdab7,USGS-09371010,63680,00011,2023-10-19T21:30:00+00:00,,_FNU,Provisional,['DISCONTINUED'],2025-08-30T09:02:45.069499+00:00,STNRD
05c59b8b0f5541c1894759a6160cdab7,USGS-09371010,63680,00011,2023-10-19T21:45:00+00:00,,_FNU,Provisional,['DISCONTINUED'],2025-08-30T09:02:45.069499+00:00,STNRD
05c59b8b0f5541c1894759a6160cdab7,USGS-09371010,63680,00011,2023-10-19T22:00:00+00:00,,_FNU,Provisional,['DISCONTINUED'],2025-08-30T09:02:45.069499+00:00,STNRD
05c59b8b0f5541c1894759a6160cdab7,USGS-09371010,63680,00011,2023-10-19T22:15:00+00:00,,_FNU,Provisional,['DISCONTINUED'],2025-08-30T09:02:45.069499+00:00,STNRD
05c59b8b0f5541c1894759a6160cdab7,USGS-09371010,63680,00011,2023-10-19T22:30:00+00:00,,_FNU,Provisional,['DISCONTINUED'],2025-08-30T09:02:45.069499+00:00,STNRD
05c59b8b0f5541c1894759a6160cdab7,USGS-09371010,63680,00011,2023-10-19T22:45:00+00:00,,_FNU,Provisional,['DISCONTINUED'],2025-08-30T09:02:45.069499+00:00,STNRD
05c59b8b0f5541c1894759a6160cdab7,USGS-09371010,63680,00011,2023-10-19T23:00:00+00:00,,_FNU,Provisional,['DISCONTINUED'],2025-08-30T09:02:45.069499+00:00,STNRD
05c59b8b0f5541c1894759a6160cdab7,USGS-09371010,63680,00011,2023-10-19T23:15:00+00:00,,_FNU,Provisional,['DISCONTINUED'],2025-08-30T09:02:45.069499+00:00,STNRD
05c59b8b0f5541c1894759a6160cdab7,USGS-09371010,63680,00011,2023-10-19T23:30:00+00:00,,_FNU,Provisional,['DISCONTINUED'],2025-08-30T09:02:45.069499+00:00,STNRD
05c59b8b0f5541c1894759a6160cdab7,USGS-09371010,63680,00011,2023-10-19T23:45:00+00:00,,_FNU,Provisional,['DISCONTINUED'],2025-08-30T09:02:45.069499+00:00,STNRD
05c59b8b0f5541c1894759a6160cdab7,USGS-09371010,63680,00011,2023-10-20T00:00:00+00:00,,_FNU,Provisional,['DISCONTINUED'],2025-08-30T09:02:45.069499+00:00,STNRD
05c59b8b0f5541c1894759a6160cdab7,USGS-09371010,63680,00011,2023-10-20T00:15:00+00:00,,_FNU,Provisional,['DISCONTINUED'],2025-08-30T09:02:45.069499+00:00,STNRD
05c59b8b0f5541c1894759a6160cdab7,USGS-09371010,63680,00011,2023-10-20T00:30:00+00:00,,_FNU,Provisional,['DISCONTINUED'],2025-08-30T09:02:45.069499+00:00,STNRD
05c59b8b0f5541c1894759a6160cdab7,USGS-09371010,63680,00011,2023-10-20T00:45:00+00:00,,_FNU,Provisional,['DISCONTINUED'],2025-08-30T09:02:45.069499+00:00,STNRD
05c59b8b0f5541c1894759a6160cdab7,USGS-09371010,63680,00011,2023-10-20T01:00:00+00:00,,_FNU,Provisional,['DISCONTINUED'],2025-08-30T09:02:45.069499+00:00,STNRD
05c59b8b0f5541c1894759a6160cdab7,USGS-09371010,63680,00011,2023-10-20T01:15:00+00:00,,_FNU,Provisional,['DISCONTINUED'],2025-08-30T09:02:45.069499+00:00,STNRD
05c59b8b0f5541c1894759a6160cdab7,USGS-09371010,63680,00011,2023-10-20T01:30:00+00:00,,_FNU,Provisional,['DISCONTINUED'],2025-08-30T09:02:45.069499+00:00,STNRD
05c59b8b0f5541c1894759a6160cdab7,USGS-09371010,63680,00011,2023-10-20T01:45:00+00:00,,_FNU,Provisional,['DISCONTINUED'],2025-08-30T09:02:45.069499+00:00,STNRD
05c59b8b0f5541c1894759a6160cdab7,USGS-09371010,63680,00011,2023-10-20T02:00:00+00:00,,_FNU,Provisional,['DISCONTINUED'],2025-08-30T09:02:45.069499+00:00,STNRD
05c59b8b0f5541c1894759a6160cdab7,USGS-09371010,63680,00011,2023-10-20T02:15:00+00:00,,_FNU,Provisional,['DISCONTINUED'],2025-08-30T09:02:45.069499+00:00,STNRD
05c59b8b0f5541c1894759a6160cdab7,USGS-09371010,63680,00011,2023-10-20T02:30:00+00:00,,_FNU,Provisional,['DISCONTINUED'],2025-08-30T09:02:45.069499+00:00,STNRD
05c59b8b0f5541c1894759a6160cdab7,USGS-09371010,63680,00011,2023-10-20T02:45:00+00:00,,_FNU,Provisional,['DISCONTINUED'],2025-08-30T09:02:45.069499+00:00,STNRD
05c59b8b0f5541c1894759a6160cdab7,USGS-09371010,63680,00011,2023-10-20T03:00:00+00:00,,_FNU,Provisional,['DISCONTINUED'],2025-08-30T09:02:45.069499+00:00,STNRD
05c59b8b0f5541c1894759a6160cdab7,USGS-09371010,63680,00011,2023-10-20T03:15:00+00:00,,_FNU,Provisional,['DISCONTINUED'],2025-08-30T09:02:45.069499+00:00,STNRD
05c59b8b0f5541c1894759a6160cdab7,USGS-09371010,63680,00011,2023-10-20T03:30:00+00:00,,_FNU,Provisional,['DISCONTINUED'],2025-08-30T09:02:45.069499+00:00,STNRD
05c59b8b0f5541c1894759a6160cdab7,USGS-09371010,63680,00011,2023-10-20T03:45:00+00:00,,_FNU,Provisional,['DISCONTINUED'],2025-08-30T09:02:45.069499+00:00,STNRD
05c59b8b0f5541c1894759a6160cdab7,USGS-09371010,63680,00011,2023-10-20T04:00:00+00:00,,_FNU,Provisional,['DISCONTINUED'],2025-08-30T09:02:45.069499+00:00,STNRD
05c59b8b0f5541c1894759a6160cdab7,USGS-09371010,63680,00011,2023-10-20T04:15:00+00:00,,_FNU,Provisional,['DISCONTINUED'],2025-08-30T09:02:45.069499+00:00,STNRD
05c59b8b0f5541c1894759a6160cdab7,USGS-09371010,63680,00011,2023-10-20T04:30:00+00:00,,_FNU,Provisional,['DISCONTINUED'],2025-08-30T09:02:45.069499+00:00,STNRD
05c59b8b0f5541c1894759a6160cdab7,USGS-09371010,63680,00011,2023-10-20T04:45:00+00:00,,_FNU,Provisional,['DISCONTINUED'],2025-08-30T09:02:45.069499+00:00,STNRD
05c59b8b0f5541c1894759a6160cdab7,USGS-09371010,63680,00011,2023-10-20T05:00:00+00:00,,_FNU,Provisional,['DISCONTINUED'],2025-08-30T09:02:45.069499+00:00,STNRD
05c59b8b0f5541c1894759a6160cdab7,USGS-09371010,63680,00011,2023-10-20T05:15:00+00:00,,_FNU,Provisional,['DISCONTINUED'],2025-08-30T09:02:45.069499+00:00,STNRD
05c59b8b0f5541c1894759a6160cdab7,USGS-09371010,63680,00011,2023-10-20T05:30:00+00:00,,_FNU,Provisional,['DISCONTINUED'],2025-08-30T09:02:45.069499+00:00,STNRD
05c59b8b0f5541c1894759a6160cdab7,USGS-09371010,63680,00011,2023-10-20T05:45:00+00:00,,_FNU,Provisional,['DISCONTINUED'],2025-08-30T09:02:45.069499+00:00,STNRD
05c59b8b0f5541c1894759a6160cdab7,USGS-09371010,63680,00011,2023-10-20T06:00:00+00:00,,_FNU,Provisional,['DISCONTINUED'],2025-08-30T09:02:45.069499+00:00,STNRD
05c59b8b0f5541c1894759a6160cdab7,USGS-09371010,63680,00011,2023-10-20T06:15:00+00:00,,_FNU,Provisional,['DISCONTINUED'],2025-08-30T09:02:45.069499+00:00,STNRD
05c59b8b0f5541c1894759a6160cdab7,USGS-09371010,63680,00011,2023-10-20T06:30:00+00:00,,_FNU,Provisional,['DISCONTINUED'],2025-08-30T09:02:45.069499+00:00,STNRD
05c59b8b0f5541c1894759a6160cdab7,USGS-09371010,63680,00011,2023-10-20T06:45:00+00:00,,_FNU,Provisional,['DISCONTINUED'],2025-08-30T09:02:45.069499+00:00,STNRD
05c59b8b0f5541c1894759a6160cdab7,USGS-09371010,63680,00011,2023-10-20T07:00:00+00:00,,_FNU,Provisional,['DISCONTINUED'],2025-08-30T09:02:45.069499+00:00,STNRD
05c59b8b0f5541c1894759a6160cdab7,USGS-09371010,63680,00011,2023-10-20T07:15:00+00:00,,_FNU,Provisional,['DISCONTINUED'],2025-08-30T09:02:45.069499+00:00,STNRD
05c59b8b0f5541c1894759a6160cdab7,USGS-09371010,63680,00011,2023-10-20T07:30:00+00:00,,_FNU,Provisional,['DISCONTINUED'],2025-08-30T09:02:45.069499+00:00,STNRD
05c59b8b0f5541c1894759a6160cdab7,USGS-09371010,63680,00011,2023-10-20T07:45:00+00:00,,_FNU,Provisional,['DISCONTINUED'],2025-08-30T09:02:45.069499+00:00,STNRD
05c59b8b0f5541c1894759a6160cdab7,USGS-09371010,63680,00011,2023-10-20T08:00:00+00:00,,_FNU,Provisional,['DISCONTINUED'],2025-08-30T09:02:45.069499+00:00,STNRD
05c59b8b0f5541c1894759a6160cdab7,USGS-09371010,63680,00011,2023-10-20T08:15:00+00:00,,_FNU,Provisional,['DISCONTINUED'],2025-08-30T09:02:45.069499+00:00,STNRD
05c59b8b0f5541c1894759a6160cdab7,USGS-09371010,63680,00011,2023-10-20T08:30:00+00:00,,_FNU,Provisional,['DISCONTINUED'],2025-08-30T09:02:45.069499+00:00,STNRD
05c59b8b0f5541c1894759a6160cdab7,USGS-09371010,63680,00011,2023-10-20T08:45:00+00:00,,_FNU,Provisional,['DISCONTINUED'],2025-08-30T09:02:45.069499+00:00,STNRD
05c59b8b0f5541c1894759a6160cdab7,USGS-09371010,63680,00011,2023-10-20T09:00:00+00:00,,_FNU,Provisional,['DISCONTINUED'],2025-08-30T09:02:45.069499+00:00,STNRD
05c59b8b0f5541c1894759a6160cdab7,USGS-09371010,63680,00011,2023-10-20T09:15:00+00:00,,_FNU,Provisional,['DISCONTINUED'],2025-08-30T09:02:45.069499+00:00,STNRD
05c59b8b0f5541c1894759a6160cdab7,USGS-09371010,63680,00011,2023-10-20T09:30:00+00:00,,_FNU,Provisional,['DISCONTINUED'],2025-08-30T09:02:45.069499+00:00,STNRD
05c59b8b0f5541c1894759a6160cdab7,USGS-09371010,63680,00011,2023-10-20T09:45:00+00:00,,_FNU,Provisional,['DISCONTINUED'],2025-08-30T09:02:45.069499+00:00,STNRD
05c59b8b0f5541c1894759a6160cdab7,USGS-09371010,63680,00011,2023-10-20T10:00:00+00:00,,_FNU,Provisional,['DISCONTINUED'],2025-08-30T09:02:45.069499+00:00,STNRD
05c59b8b0f5541c1894759a6160cdab7,USGS-09371010,63680,00011,2023-10-20T10:15:00+00:00,,_FNU,Provisional,['DISCONTINUED'],2025-08-30T09:02:45.069499+00:00,STNRD
05c59b8b0f5541c1894759a6160cdab7,USGS-09371010,63680,00011,2023-10-20T10:30:00+00:00,,_FNU,Provisional,['DISCONTINUED'],2025-08-30T09:02:45.069499+00:00,STNRD
05c59b8b0f5541c1894759a6160cdab7,USGS-09371010,63680,00011,2023-10-20T10:45:00+00:00,,_FNU,Provisional,['DISCONTINUED'],2025-08-30T09:02:45.069499+00:00,STNRD
05c59b8b0f5541c1894759a6160cdab7,USGS-09371010,63680,00011,2023-10-20T11:00:00+00:00,,_FNU,Provisional,['DISCONTINUED'],2025-08-30T09:02:45.069499+00:00,STNRD
05c59b8b0f5541c1894759a6160cdab7,USGS-09371010,63680,00011,2023-10-20T11:15:00+00:00,,_FNU,Provisional,['DISCONTINUED'],2025-08-30T09:02:45.069499+00:00,STNRD
05c59b8b0f5541c1894759a6160cdab7,USGS-09371010,63680,00011,2023-10-20T11:30:00+00:00,,_FNU,Provisional,['DISCONTINUED'],2025-08-30T09:02:45.069499+00:00,STNRD
05c59b8b0f5541c1894759a6160cdab7,USGS-09371010,63680,00011,2023-10-20T11:45:00+00:00,,_FNU,Provisional,['DISCONTINUED'],2025-08-30T09:02:45.069499+00:00,STNRD
05c59b8b0f5541c1894759a6160cdab7,USGS-09371010,63680,00011,2023-10-20T12:00:00+00:00,,_FNU,Provisional,['DISCONTINUED'],2025-08-30T09:02:45.069499+00:00,STNRD
05c59b8b0f5541c1894759a6160cdab7,USGS-09371010,63680,00011,2023-10-20T12:15:00+00:00,,_FNU,Provisional,['DISCONTINUED'],2025-08-30T09:02:45.069499+00:00,STNRD
05c59b8b0f5541c1894759a6160cdab7,USGS-09371010,63680,00011,2023-10-20T12:30:00+00:00,,_FNU,Provisional,['DISCONTINUED'],2025-08-30T09:02:45.069499+00:00,STNRD
05c59b8b0f5541c1894759a6160cdab7,USGS-09371010,63680,00011,2023-10-20T12:45:00+00:00,,_FNU,Provisional,['DISCONTINUED'],2025-08-30T09:02:45.069499+00:00,STNRD
05c59b8b0f5541c1894759a6160cdab7,USGS-09371010,63680,00011,2023-10-20T13:00:00+00:00,,_FNU,Provisional,['DISCONTINUED'],2025-08-30T09:02:45.069499+00:00,STNRD
05c59b8b0f5541c1894759a6160cdab7,USGS-09371010,63680,00011,2023-10-20T13:15:00+00:00,,_FNU,Provisional,['DISCONTINUED'],2025-08-30T09:02:45.069499+00:00,STNRD
05c59b8b0f5541c1894759a6160cdab7,USGS-09371010,63680,00011,2023-10-20T13:30:00+00:00,,_FNU,Provisional,['DISCONTINUED'],2025-08-30T09:02:45.069499+00:00,STNRD
05c59b8b0f5541c1894759a6160cdab7,USGS-09371010,63680,00011,2023-10-20T13:45:00+00:00,,_FNU,Provisional,['DISCONTINUED'],2025-08-30T09:02:45.069499+00:00,STNRD
05c59b8b0f5541c1894759a6160cdab7,USGS-09371010,63680,00011,2023-10-20T14:00:00+00:00,,_FNU,Provisional,['DISCONTINUED'],2025-08-30T09:02:45.069499+00:00,STNRD
05c59b8b0f5541c1894759a6160cdab7,USGS-09371010,63680,00011,2023-10-20T14:15:00+00:00,,_FNU,Provisional,['DISCONTINUED'],2025-08-30T09:02:45.069499+00:00,STNRD
05c59b8b0f5541c1894759a6160cdab7,USGS-09371010,63680,00011,2023-10-20T14:30:00+00:00,,_FNU,Provisional,['DISCONTINUED'],2025-08-30T09:02:45.069499+00:00,STNRD
05c59b8b0f5541c1894759a6160cdab7,USGS-09371010,63680,00011,2023-10-20T14:45:00+00:00,,_FNU,Provisional,['DISCONTINUED'],2025-08-30T09:02:45.069499+00:00,STNRD
05c59b8b0f5541c1894759a6160cdab7,USGS-09371010,63680,00011,2023-10-20T15:00:00+00:00,,_FNU,Provisional,['DISCONTINUED'],2025-08-30T09:02:45.069499+00:00,STNRD
05c59b8b0f5541c1894759a6160cdab7,USGS-09371010,63680,00011,2023-10-20T15:15:00+00:00,,_FNU,Provisional,['DISCONTINUED'],2025-08-30T09:02:45.069499+00:00,STNRD
05c59b8b0f5541c1894759a6160cdab7,USGS-09371010,63680,00011,2023-10-20T15:30:00+00:00,,_FNU,Provisional,['DISCONTINUED'],2025-08-30T09:02:45.069499+00:00,STNRD
05c59b8b0f5541c1894759a6160cdab7,USGS-09371010,63680,00011,2023-10-20T15:45:00+00:00,,_FNU,Provisional,['DISCONTINUED'],2025-08-30T09:02:45.069499+00:00,STNRD
05c59b8b0f5541c1894759a6160cdab7,USGS-09371010,63680,00011,2023-10-20T16:00:00+00:00,,_FNU,Provisional,['DISCONTINUED'],2025-08-30T09:02:45.069499+00:00,STNRD
05c59b8b0f5541c1894759a6160cdab7,USGS-09371010,63680,00011,2023-10-20T16:15:00+00:00,,_FNU,Provisional,['DISCONTINUED'],2025-08-30T09:02:45.069499+00:00,STNRD
05c59b8b0f5541c1894759a6160cdab7,USGS-09371010,63680,00011,2023-10-20T16:30:00+00:00,,_FNU,Provisional,['DISCONTINUED'],2025-08-30T09:02:45.069499+00:00,STNRD
05c59b8b0f5541c1894759a6160cdab7,USGS-09371010,63680,00011,2023-10-20T16:45:00+00:00,,_FNU,Provisional,['DISCONTINUED'],2025-08-30T09:02:45.069499+00:00,STNRD
05c59b8b0f5541c1894759a6160cdab7,USGS-09371010,63680,00011,2023-10-20T17:00:00+00:00,,_FNU,Provisional,['DISCONTINUED'],2025-08-30T09:02:45.069499+00:00,STNRD
05c59b8b0f5541c1894759a6160cdab7,USGS-09371010,63680,00011,2023-10-20T17:15:00+00:00,,_FNU,Provisional,['DISCONTINUED'],2025-08-30T09:02:45.069499+00:00,STNRD
05c59b8b0f5541c1894759a6160cdab7,USGS-09371010,63680,00011,2023-10-20T17:30:00+00:00,,_FNU,Provisional,['DISCONTINUED'],2025-08-30T09:02:45.069499+00:00,STNRD
05c59b8b0f5541c1894759a6160cdab7,USGS-09371010,63680,00011,2023-10-20T17:45:00+00:00,,_FNU,Provisional,['DISCONTINUED'],2025-08-30T09:02:45.069499+00:00,STNRD
05c59b8b0f5541c1894759a6160cdab7,USGS-09371010,63680,00011,2023-10-20T18:00:00+00:00,,_FNU,Provisional,['DISCONTINUED'],2025-08-30T09:02:45.069499+00:00,STNRD
05c59b8b0f5541c1894759a6160cdab7,USGS-09371010,63680,00011,2023-10-20T18:15:00+00:00,,_FNU,Provisional,['DISCONTINUED'],2025-08-30T09:02:45.069499+00:00,STNRD
05c59b8b0f5541c1894759a6160cdab7,USGS-09371010,63680,00011,2023-10-20T18:30:00+00:00,,_FNU,Provisional,['DISCONTINUED'],2025-08-30T09:02:45.069499+00:00,STNRD
05c59b8b0f5541c1894759a6160cdab7,USGS-09371010,63680,00011,2023-10-20T18:45:00+00:00,,_FNU,Provisional,['DISCONTINUED'],2025-08-30T09:02:45.069499+00:00,STNRD
05c59b8b0f5541c1894759a6160cdab7,USGS-09371010,63680,00011,2023-10-20T19:00:00+00:00,,_FNU,Provisional,['DISCONTINUED'],2025-08-30T09:02:45.069499+00:00,STNRD
05c59b8b0f5541c1894759a6160cdab7,USGS-09371010,63680,00011,2023-10-20T19:15:00+00:00,,_FNU,Provisional,['DISCONTINUED'],2025-08-30T09:02:45.069499+00:00,STNRD
05c59b8b0f5541c1894759a6160cdab7,USGS-09371010,63680,00011,2023-10-20T19:30:00+00:00,,_FNU,Provisional,['DISCONTINUED'],2025-08-30T09:02:45.069499+00:00,STNRD
05c59b8b0f5541c1894759a6160cdab7,USGS-09371010,63680,00011,2023-10-20T19:45:00+00:00,,_FNU,Provisional,['DISCONTINUED'],2025-08-30T09:02:45.069499+00:00,STNRD
05c59b8b0f5541c1894759a6160cdab7,USGS-09371010,63680,00011,2023-10-20T20:00:00+00:00,,_FNU,Provisional,['DISCONTINUED'],2025-08-30T09:02:45.069499+00:00,STNRD
05c59b8b0f5541c1894759a6160cdab7,USGS-09371010,63680,00011,2023-10-20T20:15:00+00:00,,_FNU,Provisional,['DISCONTINUED'],2025-08-30T09:02:45.069499+00:00,STNRD
05c59b8b0f5541c1894759a6160cdab7,USGS-09371010,63680,00011,2023-10-20T20:30:00+00:00,,_FNU,Provisional,['DISCONTINUED'],2025-08-30T09:02:45.069499+00:00,STNRD
05c59b8b0f5541c1894759a6160cdab7,USGS-09371010,63680,00011,2023-10-20T20:45:00+00:00,,_FNU,Provisional,['DISCONTINUED'],2025-08-30T09:02:45.069499+00:00,STNRD
05c59b8b0f5541c1894759a6160cdab7,USGS-09371010,63680,00011,2023-10-20T21:00:00+00:00,,_FNU,Provisional,['DISCONTINUED'],2025-08-30T09:02:45.069499+00:00,STNRD
05c59b8b0f5541c1894759a6160cdab7,USGS-09371010,63680,00011,2023-10-20T21:15:00+00:00,,_FNU,Provisional,['DISCONTINUED'],2025-08-30T09:02:45.069499+00:00,STNRD
05c59b8b0f5541c1894759a6160cdab7,USGS-09371010,63680,00011,2023-10-20T21:30:00+00:00,,_FNU,Provisional,['DISCONTINUED'],2025-08-30T09:02:45.069499+00:00,STNRD
05c59b8b0f5541c1894759a6160cdab7,USGS-09371010,63680,00011,2023-10-20T21:45:00+00:00,,_FNU,Provisional,['DISCONTINUED'],2025-08-30T09:02:45.069499+00:00,STNRD
05c59b8b0f5541c1894759a6160cdab7,USGS-09371010,63680,00011,2023-10-20T22:00:00+00:00,,_FNU,Provisional,['DISCONTINUED'],2025-08-30T09:02:45.069499+00:00,STNRD
05c59b8b0f5541c1894759a6160cdab7,USGS-09371010,63680,00011,2023-10-20T22:15:00+00:00,,_FNU,Provisional,['DISCONTINUED'],2025-08-30T09:02:45.069499+00:00,STNRD
05c59b8b0f5541c1894759a6160cdab7,USGS-09371010,63680,00011,2023-10-20T22:30:00+00:00,,_FNU,Provisional,['DISCONTINUED'],2025-08-30T09:02:45.069499+00:00,STNRD
05c59b8b0f5541c1894759a6160cdab7,USGS-09371010,63680,00011,2023-10-20T22:45:00+00:00,,_FNU,Provisional,['DISCONTINUED'],2025-08-30T09:02:45.069499+00:00,STNRD
05c59b8b0f5541c1894759a6160cdab7,USGS-09371010,63680,00011,2023-10-20T23:00:00+00:00,,_FNU,Provisional,['DISCONTINUED'],2025-08-30T09:02:45.069499+00:00,STNRD
05c59b8b0f5541c1894759a6160cdab7,USGS-09371010,63680,00011,2023-10-20T23:15:00+00:00,,_FNU,Provisional,['DISCONTINUED'],2025-08-30T09:02:45.069499+00:00,STNRD
05c59b8b0f5541c1894759a6160cdab7,USGS-09371010,63680,00011,2023-10-20T23:30:00+00:00,,_FNU,Provisional,['DISCONTINUED'],2025-08-30T09:02:45.069499+00:00,STNRD
05c59b8b0f5541c1894759a6160cdab7,USGS-09371010,63680,00011,2023-10-20T23:45:00+00:00,,_FNU,Provisional,['DISCONTINUED'],2025-08-30T09:02:45.069499+00:00,STNRD
05c59b8b0f5541c1894759a6160cdab7,USGS-09371010,63680,00011,2023-10-21T00:00:00+00:00,,_FNU,Provisional,['DISCONTINUED'],2025-08-30T09:02:45.069499+00:00,STNRD
05c59b8b0f5541c1894759a6160cdab7,USGS-09371010,63680,00011,2023-10-21T00:15:00+00:00,,_FNU,Provisional,['DISCONTINUED'],2025-08-30T09:02:45.069499+00:00,STNRD
05c59b8b0f5541c1894759a6160cdab7,USGS-09371010,63680,00011,2023-10-21T00:30:00+00:00,,_FNU,Provisional,['DISCONTINUED'],2025-08-30T09:02:45.069499+00:00,STNRD
05c59b8b0f5541c1894759a6160cdab7,USGS-09371010,63680,00011,2023-10-21T00:45:00+00:00,,_FNU,Provisional,['DISCONTINUED'],2025-08-30T09:02:45.069499+00:00,STNRD
05c59b8b0f5541c1894759a6160cdab7,USGS-09371010,63680,00011,2023-10-21T01:00:00+00:00,,_FNU,Provisional,['DISCONTINUED'],2025-08-30T09:02:45.069499+00:00,STNRD
05c59b8b0f5541c1894759a6160cdab7,USGS-09371010,63680,00011,2023-10-21T01:15:00+00:00,,_FNU,Provisional,['DISCONTINUED'],2025-08-30T09:02:45.069499+00:00,STNRD
05c59b8b0f5541c1894759a6160cdab7,USGS-09371010,63680,00011,2023-10-21T01:30:00+00:00,,_FNU,Provisional,['DISCONTINUED'],2025-08-30T09:02:45.069499+00:00,STNRD
05c59b8b0f5541c1894759a6160cdab7,USGS-09371010,63680,00011,2023-10-21T01:45:00+00:00,,_FNU,Provisional,['DISCONTINUED'],2025-08-30T09:02:45.069499+00:00,STNRD
05c59b8b0f5541c1894759a6160cdab7,USGS-09371010,63680,00011,2023-10-21T02:00:00+00:00,,_FNU,Provisional,['DISCONTINUED'],2025-08-30T09:02:45.069499+00:00,STNRD
05c59b8b0f5541c1894759a6160cdab7,USGS-09371010,63680,00011,2023-10-21T02:15:00+00:00,,_FNU,Provisional,['DISCONTINUED'],2025-08-30T09:02:45.069499+00:00,STNRD
05c59b8b0f5541c1894759a6160cdab7,USGS-09371010,63680,00011,2023-10-21T02:30:00+00:00,,_FNU,Provisional,['DISCONTINUED'],2025-08-30T09:02:45.069499+00:00,STNRD
05c59b8b0f5541c1894759a6160cdab7,USGS-09371010,63680,00011,2023-10-21T02:45:00+00:00,,_FNU,Provisional,['DISCONTINUED'],2025-08-30T09:02:45.069499+00:00,STNRD
05c59b8b0f5541c1894759a6160cdab7,USGS-09371010,63680,00011,2023-10-21T03:00:00+00:00,,_FNU,Provisional,['DISCONTINUED'],2025-08-30T09:02:45.069499+00:00,STNRD
05c59b8b0f5541c1894759a6160cdab7,USGS-09371010,63680,00011,2023-10-21T03:15:00+00:00,,_FNU,Provisional,['DISCONTINUED'],2025-08-30T09:02:45.069499+00:00,STNRD
05c59b8b0f5541c1894759a6160cdab7,USGS-09371010,63680,00011,2023-10-21T03:30:00+00:00,,_FNU,Provisional,['DISCONTINUED'],2025-08-30T09:02:45.069499+00:00,STNRD
05c59b8b0f5541c1894759a6160cdab7,USGS-09371010,63680,00011,2023-10-21T03:45:00+00:00,,_FNU,Provisional,['DISCONTINUED'],2025-08-30T09:02:45.069499+00:00,STNRD
05c59b8b0f5541c1894759a6160cdab7,USGS-09371010,63680,00011,2023-10-21T04:00:00+00:00,,_FNU,Provisional,['DISCONTINUED'],2025-08-30T09:02:45.069499+00:00,STNRD
05c59b8b0f5541c1894759a6160cdab7,USGS-09371010,63680,00011,2023-10-21T04:15:00+00:00,,_FNU,Provisional,['DISCONTINUED'],2025-08-30T09:02:45.069499+00:00,STNRD
05c59b8b0f5541c1894759a6160cdab7,USGS-09371010,63680,00011,2023-10-21T04:30:00+00:00,,_FNU,Provisional,['DISCONTINUED'],2025-08-30T09:02:45.069499+00:00,STNRD
05c59b8b0f5541c1894759a6160cdab7,USGS-09371010,63680,00011,2023-10-21T04:45:00+00:00,,_FNU,Provisional,['DISCONTINUED'],2025-08-30T09:02:45.069499+00:00,STNRD
05c59b8b0f5541c1894759a6160cdab7,USGS-09371010,63680,00011,2023-10-21T05:00:00+00:00,,_FNU,Provisional,['DISCONTINUED'],2025-08-30T09:02:45.069499+00:00,STNRD
05c59b8b0f5541c1894759a6160cdab7,USGS-09371010,63680,00011,2023-10-21T05:15:00+00:00,,_FNU,Provisional,['DISCONTINUED'],2025-08-30T09:02:45.069499+00:00,STNRD
05c59b8b0f5541c1894759a6160cdab7,USGS-09371010,63680,00011,2023-10-21T05:30:00+00:00,,_FNU,Provisional,['DISCONTINUED'],2025-08-30T09:02:45.069499+00:00,STNRD
05c59b8b0f5541c1894759a6160cdab7,USGS-09371010,63680,00011,2023-10-21T05:45:00+00:00,,_FNU,Provisional,['DISCONTINUED'],2025-08-30T09:02:45.069499+00:00,STNRD
05c59b8b0f5541c1894759a6160cdab7,USGS-09371010,63680,00011,2023-10-21T06:00:00+00:00,,_FNU,Provisional,['DISCONTINUED'],2025-08-30T09:02:45.069499+00:00,STNRD
05c59b8b0f5541c1894759a6160cdab7,USGS-09371010,63680,00011,2023-10-21T06:15:00+00:00,,_FNU,Provisional,['DISCONTINUED'],2025-08-30T09:02:45.069499+00:00,STNRD
05c59b8b0f5541c1894759a6160cdab7,USGS-09371010,63680,00011,2023-10-21T06:30:00+00:00,,_FNU,Provisional,['DISCONTINUED'],2025-08-30T09:02:45.069499+00:00,STNRD
05c59b8b0f5541c1894759a6160cdab7,USGS-09371010,63680,00011,2023-10-21T06:45:00+00:00,,_FNU,Provisional,['DISCONTINUED'],2025-08-30T09:02:45.069499+00:00,STNRD
05c59b8b0f5541c1894759a6160cdab7,USGS-09371010,63680,00011,2023-10-21T07:00:00+00:00,,_FNU,Provisional,['DISCONTINUED'],2025-08-30T09:02:45.069499+00:00,STNRD
05c59b8b0f5541c1894759a6160cdab7,USGS-09371010,63680,00011,2023-10-21T07:15:00+00:00,,_FNU,Provisional,['DISCONTINUED'],2025-08-30T09:02:45.069499+00:00,STNRD
05c59b8b0f5541c1894759a6160cdab7,USGS-09371010,63680,00011,2023-10-21T07:30:00+00:00,,_FNU,Provisional,['DISCONTINUED'],2025-08-30T09:02:45.069499+00:00,STNRD
05c59b8b0f5541c1894759a6160cdab7,USGS-09371010,63680,00011,2023-10-21T07:45:00+00:00,,_FNU,Provisional,['DISCONTINUED'],2025-08-30T09:02:45.069499+00:00,STNRD
05c59b8b0f5541c1894759a6160cdab7,USGS-09371010,63680,00011,2023-10-21T08:00:00+00:00,,_FNU,Provisional,['DISCONTINUED'],2025-08-30T09:02:45.069499+00:00,STNRD
05c59b8b0f5541c1894759a6160cdab7,USGS-09371010,63680,00011,2023-10-21T08:15:00+00:00,,_FNU,Provisional,['DISCONTINUED'],2025-08-30T09:02:45.069499+00:00,STNRD
05c59b8b0f5541c1894759a6160cdab7,USGS-09371010,63680,00011,2023-10-21T08:30:00+00:00,,_FNU,Provisional,['DISCONTINUED'],2025-08-30T09:02:45.069499+00:00,STNRD
05c59b8b0f5541c1894759a6160cdab7,USGS-09371010,63680,00011,2023-10-21T08:45:00+00:00,,_FNU,Provisional,['DISCONTINUED'],2025-08-30T09:02:45.069499+00:00,STNRD
05c59b8b0f5541c1894759a6160cdab7,USGS-09371010,63680,00011,2023-10-21T09:00:00+00:00,,_FNU,Provisional,['DISCONTINUED'],2025-08-30T09:02:45.069499+00:00,STNRD
05c59b8b0f5541c1894759a6160cdab7,USGS-09371010,63680,00011,2023-10-21T09:15:00+00:00,,_FNU,Provisional,['DISCONTINUED'],2025-08-30T09:02:45.069499+00:00,STNRD
05c59b8b0f5541c1894759a6160cdab7,USGS-09371010,63680,00011,2023-10-21T09:30:00+00:00,,_FNU,Provisional,['DISCONTINUED'],2025-08-30T09:02:45.069499+00:00,STNRD
05c59b8b0f5541c1894759a6160cdab7,USGS-09371010,63680,00011,2023-10-21T09:45:00+00:00,,_FNU,Provisional,['DISCONTINUED'],2025-08-30T09:02:45.069499+00:00,STNRD
05c59b8b0f5541c1894759a6160cdab7,USGS-09371010,63680,00011,2023-10-21T10:00:00+00:00,,_FNU,Provisional,['DISCONTINUED'],2025-08-30T09:02:45.069499+00:00,STNRD
05c59b8b0f5541c1894759a6160cdab7,USGS-09371010,63680,00011,2023-10-21T10:15:00+00:00,,_FNU,Provisional,['DISCONTINUED'],2025-08-30T09:02:45.069499+00:00,STNRD
05c59b8b0f5541c1894759a6160cdab7,USGS-09371010,63680,00011,2023-10-21T10:30:00+00:00,,_FNU,Provisional,['DISCONTINUED'],2025-08-30T09:02:45.069499+00:00,STNRD
05c59b8b0f5541c1894759a6160cdab7,USGS-09371010,63680,00011,2023-10-21T10:45:00+00:00,,_FNU,Provisional,['DISCONTINUED'],2025-08-30T09:02:45.069499+00:00,STNRD
05c59b8b0f5541c1894759a6160cdab7,USGS-09371010,63680,00011,2023-10-21T11:00:00+00:00,,_FNU,Provisional,['DISCONTINUED'],2025-08-30T09:02:45.069499+00:00,STNRD
05c59b8b0f5541c1894759a6160cdab7,USGS-09371010,63680,00011,2023-10-21T11:15:00+00:00,,_FNU,Provisional,['DISCONTINUED'],2025-08-30T09:02:45.069499+00:00,STNRD
05c59b8b0f5541c1894759a6160cdab7,USGS-09371010,63680,00011,2023-10-21T11:30:00+00:00,,_FNU,Provisional,['DISCONTINUED'],2025-08-30T09:02:45.069499+00:00,STNRD
05c59b8b0f5541c1894759a6160cdab7,USGS-09371010,63680,00011,2023-10-21T11:45:00+00:00,,_FNU,Provisional,['DISCONTINUED'],2025-08-30T09:02:45.069499+00:00,STNRD
05c59b8b0f5541c1894759a6160cdab7,USGS-09371010,63680,00011,2023-10-21T12:00:00+00:00,,_FNU,Provisional,['DISCONTINUED'],2025-08-30T09:02:45.069499+00:00,STNRD
05c59b8b0f5541c1894759a6160cdab7,USGS-09371010,63680,00011,2023-10-21T12:15:00+00:00,,_FNU,Provisional,['DISCONTINUED'],2025-08-30T09:02:45.069499+00:00,STNRD
05c59b8b0f5541c1894759a6160cdab7,USGS-09371010,63680,00011,2023-10-21T12:30:00+00:00,,_FNU,Provisional,['DISCONTINUED'],2025-08-30T09:02:45.069499+00:00,STNRD
05c59b8b0f5541c1894759a6160cdab7,USGS-09371010,63680,00011,2023-10-21T12:45:00+00:00,,_FNU,Provisional,['DISCONTINUED'],2025-08-30T09:02:45.069499+00:00,STNRD
05c59b8b0f5541c1894759a6160cdab7,USGS-09371010,63680,00011,2023-10-21T13:00:00+00:00,,_FNU,Provisional,['DISCONTINUED'],2025-08-30T09:02:45.069499+00:00,STNRD
05c59b8b0f5541c1894759a6160cdab7,USGS-09371010,63680,00011,2023-10-21T13:15:00+00:00,,_FNU,Provisional,['DISCONTINUED'],2025-08-30T09:02:45.069499+00:00,STNRD
05c59b8b0f5541c1894759a6160cdab7,USGS-09371010,63680,00011,2023-10-21T13:30:00+00:00,,_FNU,Provisional,['DISCONTINUED'],2025-08-30T09:02:45.069499+00:00,STNRD
05c59b8b0f5541c1894759a6160cdab7,USGS-09371010,63680,00011,2023-10-21T13:45:00+00:00,,_FNU,Provisional,['DISCONTINUED'],2025-08-30T09:02:45.069499+00:00,STNRD
05c59b8b0f5541c1894759a6160cdab7,USGS-09371010,63680,00011,2023-10-21T14:00:00+00:00,,_FNU,Provisional,['DISCONTINUED'],2025-08-30T09:02:45.069499+00:00,STNRD
05c59b8b0f5541c1894759a6160cdab7,USGS-09371010,63680,00011,2023-10-21T14:15:00+00:00,,_FNU,Provisional,['DISCONTINUED'],2025-08-30T09:02:45.069499+00:00,STNRD
05c59b8b0f5541c1894759a6160cdab7,USGS-09371010,63680,00011,2023-10-21T14:30:00+00:00,,_FNU,Provisional,['DISCONTINUED'],2025-08-30T09:02:45.069499+00:00,STNRD
05c59b8b0f5541c1894759a6160cdab7,USGS-09371010,63680,00011,2023-10-21T14:45:00+00:00,,_FNU,Provisional,['DISCONTINUED'],2025-08-30T09:02:45.069499+00:00,STNRD
05c59b8b0f5541c1894759a6160cdab7,USGS-09371010,63680,00011,2023-10-21T15:00:00+00:00,,_FNU,Provisional,['DISCONTINUED'],2025-08-30T09:02:45.069499+00:00,STNRD
05c59b8b0f5541c1894759a6160cdab7,USGS-09371010,63680,00011,2023-10-21T15:15:00+00:00,,_FNU,Provisional,['DISCONTINUED'],2025-08-30T09:02:45.069499+00:00,STNRD
05c59b8b0f5541c1894759a6160cdab7,USGS-09371010,63680,00011,2023-10-21T15:30:00+00:00,,_FNU,Provisional,['DISCONTINUED'],2025-08-30T09:02:45.069499+00:00,STNRD
05c59b8b0f5541c1894759a6160cdab7,USGS-09371010,63680,00011,2023-10-21T15:45:00+00:00,,_FNU,Provisional,['DISCONTINUED'],2025-08-30T09:02:45.069499+00:00,STNRD
05c59b8b0f5541c1894759a6160cdab7,USGS-09371010,63680,00011,2023-10-21T16:00:00+00:00,,_FNU,Provisional,['DISCONTINUED'],2025-08-30T09:02:45.069499+00:00,STNRD
05c59b8b0f5541c1894759a6160cdab7,USGS-09371010,63680,00011,2023-10-21T16:15:00+00:00,,_FNU,Provisional,['DISCONTINUED'],2025-08-30T09:02:45.069499+00:00,STNRD
05c59b8b0f5541c1894759a6160cdab7,USGS-09371010,63680,00011,2023-10-21T16:30:00+00:00,,_FNU,Provisional,['DISCONTINUED'],2025-08-30T09:02:45.069499+00:00,STNRD
05c59b8b0f5541c1894759a6160cdab7,USGS-09371010,63680,00011,2023-10-21T16:45:00+00:00,,_FNU,Provisional,['DISCONTINUED'],2025-08-30T09:02:45.069499+00:00,STNRD
05c59b8b0f5541c1894759a6160cdab7,USGS-09371010,63680,00011,2023-10-21T17:00:00+00:00,,_FNU,Provisional,['DISCONTINUED'],2025-08-30T09:02:45.069499+00:00,STNRD
05c59b8b0f5541c1894759a6160cdab7,USGS-09371010,63680,00011,2023-10-21T17:15:00+00:00,,_FNU,Provisional,['DISCONTINUED'],2025-08-30T09:02:45.069499+00:00,STNRD
05c59b8b0f5541c1894759a6160cdab7,USGS-09371010,63680,00011,2023-10-21T17:30:00+00:00,,_FNU,Provisional,['DISCONTINUED'],2025-08-30T09:02:45.069499+00:00,STNRD
05c59b8b0f5541c1894759a6160cdab7,USGS-09371010,63680,00011,2023-10-21T17:45:00+00:00,,_FNU,Provisional,['DISCONTINUED'],2025-08-30T09:02:45.069499+00:00,STNRD
05c59b8b0f5541c1894759a6160cdab7,USGS-09371010,63680,00011,2023-10-21T18:00:00+00:00,,_FNU,Provisional,['DISCONTINUED'],2025-08-30T09:02:45.069499+00:00,STNRD
05c59b8b0f5541c1894759a6160cdab7,USGS-09371010,63680,00011,2023-10-21T18:15:00+00:00,,_FNU,Provisional,['DISCONTINUED'],2025-08-30T09:02:45.069499+00:00,STNRD
05c59b8b0f5541c1894759a6160cdab7,USGS-09371010,63680,00011,2023-10-21T18:30:00+00:00,,_FNU,Provisional,['DISCONTINUED'],2025-08-30T09:02:45.069499+00:00,STNRD
05c59b8b0f5541c1894759a6160cdab7,USGS-09371010,63680,00011,2023-10-21T18:45:00+00:00,,_FNU,Provisional,['DISCONTINUED'],2025-08-30T09:02:45.069499+00:00,STNRD
05c59b8b0f5541c1894759a6160cdab7,USGS-09371010,63680,00011,2023-10-21T19:00:00+00:00,,_FNU,Provisional,['DISCONTINUED'],2025-08-30T09:02:45.069499+00:00,STNRD
05c59b8b0f5541c1894759a6160cdab7,USGS-09371010,63680,00011,2023-10-21T19:15:00+00:00,,_FNU,Provisional,['DISCONTINUED'],2025-08-30T09:02:45.069499+00:00,STNRD
05c59b8b0f5541c1894759a6160cdab7,USGS-09371010,63680,00011,2023-10-21T19:30:00+00:00,,_FNU,Provisional,['DISCONTINUED'],2025-08-30T09:02:45.069499+00:00,STNRD
05c59b8b0f5541c1894759a6160cdab7,USGS-09371010,63680,00011,2023-10-21T19:45:00+00:00,,_FNU,Provisional,['DISCONTINUED'],2025-08-30T09:02:45.069499+00:00,STNRD
05c59b8b0f5541c1894759a6160cdab7,USGS-09371010,63680,00011,2023-10-21T20:00:00+00:00,,_FNU,Provisional,['DISCONTINUED'],2025-08-30T09:02:45.069499+00:00,STNRD
05c59b8b0f5541c1894759a6160cdab7,USGS-09371010,63680,00011,2023-10-21T20:15:00+00:00,,_FNU,Provisional,['DISCONTINUED'],2025-08-30T09:02:45.069499+00:00,STNRD
05c59b8b0f5541c1894759a6160cdab7,USGS-09371010,63680,00011,2023-10-21T20:30:00+00:00,,_FNU,Provisional,['DISCONTINUED'],2025-08-30T09:02:45.069499+00:00,STNRD
05c59b8b0f5541c1894759a6160cdab7,USGS-09371010,63680,00011,2023-10-21T20:45:00+00:00,,_FNU,Provisional,['DISCONTINUED'],2025-08-30T09:02:45.069499+00:00,STNRD
05c59b8b0f5541c1894759a6160cdab7,USGS-09371010,63680,00011,2023-10-21T21:00:00+00:00,,_FNU,Provisional,['DISCONTINUED'],2025-08-30T09:02:45.069499+00:00,STNRD
05c59b8b0f5541c1894759a6160cdab7,USGS-09371010,63680,00011,2023-10-21T21:15:00+00:00,,_FNU,Provisional,['DISCONTINUED'],2025-08-30T09:02:45.069499+00:00,STNRD
05c59b8b0f5541c1894759a6160cdab7,USGS-09371010,63680,00011,2023-10-21T21:30:00+00:00,,_FNU,Provisional,['DISCONTINUED'],2025-08-30T09:02:45.069499+00:00,STNRD
05c59b8b0f5541c1894759a6160cdab7,USGS-09371010,63680,00011,2023-10-21T21:45:00+00:00,,_FNU,Provisional,['DISCONTINUED'],2025-08-30T09:02:45.069499+00:00,STNRD
05c59b8b0f5541c1894759a6160cdab7,USGS-09371010,63680,00011,2023-10-21T22:00:00+00:00,,_FNU,Provisional,['DISCONTINUED'],2025-08-30T09:02:45.069499+00:00,STNRD
05c59b8b0f5541c1894759a6160cdab7,USGS-09371010,63680,00011,2023-10-21T22:15:00+00:00,,_FNU,Provisional,['DISCONTINUED'],2025-08-30T09:02:45.069499+00:00,STNRD
05c59b8b0f5541c1894759a6160cdab7,USGS-09371010,63680,00011,2023-10-21T22:30:00+00:00,,_FNU,Provisional,['DISCONTINUED'],2025-08-30T09:02:45.069499+00:00,STNRD
05c59b8b0f5541c1894759a6160cdab7,USGS-09371010,63680,00011,2023-10-21T22:45:00+00:00,,_FNU,Provisional,['DISCONTINUED'],2025-08-30T09:02:45.069499+00:00,STNRD
05c59b8b0f5541c1894759a6160cdab7,USGS-09371010,63680,00011,2023-10-21T23:00:00+00:00,,_FNU,Provisional,['DISCONTINUED'],2025-08-30T09:02:45.069499+00:00,STNRD
05c59b8b0f5541c1894759a6160cdab7,USGS-09371010,63680,00011,2023-10-21T23:15:00+00:00,,_FNU,Provisional,['DISCONTINUED'],2025-08-30T09:02:45.069499+00:00,STNRD
05c59b8b0f5541c1894759a6160cdab7,USGS-09371010,63680,00011,2023-10-21T23:30:00+00:00,,_FNU,Provisional,['DISCONTINUED'],2025-08-30T09:02:45.069499+00:00,STNRD
05c59b8b0f5541c1894759a6160cdab7,USGS-09371010,63680,00011,2023-10-21T23:45:00+00:00,,_FNU,Provisional,['DISCONTINUED'],2025-08-30T09:02:45.069499+00:00,STNRD
05c59b8b0f5541c1894759a6160cdab7,USGS-09371010,63680,00011,2023-10-22T00:00:00+00:00,,_FNU,Provisional,['DISCONTINUED'],2025-08-30T09:02:45.069499+00:00,STNRD
05c59b8b0f5541c1894759a6160cdab7,USGS-09371010,63680,00011,2023-10-22T00:15:00+00:00,,_FNU,Provisional,['DISCONTINUED'],2025-08-30T09:02:45.069499+00:00,STNRD
05c59b8b0f5541c1894759a6160cdab7,USGS-09371010,63680,00011,2023-10-22T00:30:00+00:00,,_FNU,Provisional,['DISCONTINUED'],2025-08-30T09:02:45.069499+00:00,STNRD
05c59b8b0f5541c1894759a6160cdab7,USGS-09371010,63680,00011,2023-10-22T00:45:00+00:00,,_FNU,Provisional,['DISCONTINUED'],2025-08-30T09:02:45.069499+00:00,STNRD
05c59b8b0f5541c1894759a6160cdab7,USGS-09371010,63680,00011,2023-10-22T01:00:00+00:00,,_FNU,Provisional,['DISCONTINUED'],2025-08-30T09:02:45.069499+00:00,STNRD
05c59b8b0f5541c1894759a6160cdab7,USGS-09371010,63680,00011,2023-10-22T01:15:00+00:00,,_FNU,Provisional,['DISCONTINUED'],2025-08-30T09:02:45.069499+00:00,STNRD
05c59b8b0f5541c1894759a6160cdab7,USGS-09371010,63680,00011,2023-10-22T01:30:00+00:00,,_FNU,Provisional,['DISCONTINUED'],2025-08-30T09:02:45.069499+00:00,STNRD
05c59b8b0f5541c1894759a6160cdab7,USGS-09371010,63680,00011,2023-10-22T01:45:00+00:00,,_FNU,Provisional,['DISCONTINUED'],2025-08-30T09:02:45.069499+00:00,STNRD
05c59b8b0f5541c1894759a6160cdab7,USGS-09371010,63680,00011,2023-10-22T02:00:00+00:00,,_FNU,Provisional,['DISCONTINUED'],2025-08-30T09:02:45.069499+00:00,STNRD
05c59b8b0f5541c1894759a6160cdab7,USGS-09371010,63680,00011,2023-10-22T02:15:00+00:00,,_FNU,Provisional,['DISCONTINUED'],2025-08-30T09:02:45.069499+00:00,STNRD
05c59b8b0f5541c1894759a6160cdab7,USGS-09371010,63680,00011,2023-10-22T02:30:00+00:00,,_FNU,Provisional,['DISCONTINUED'],2025-08-30T09:02:45.069499+00:00,STNRD
05c59b8b0f5541c1894759a6160cdab7,USGS-09371010,63680,00011,2023-10-22T02:45:00+00:00,,_FNU,Provisional,['DISCONTINUED'],2025-08-30T09:02:45.069499+00:00,STNRD
05c59b8b0f5541c1894759a6160cdab7,USGS-09371010,63680,00011,2023-10-22T03:00:00+00:00,,_FNU,Provisional,['DISCONTINUED'],2025-08-30T09:02:45.069499+00:00,STNRD
05c59b8b0f5541c1894759a6160cdab7,USGS-09371010,63680,00011,2023-10-22T03:15:00+00:00,,_FNU,Provisional,['DISCONTINUED'],2025-08-30T09:02:45.069499+00:00,STNRD
05c59b8b0f5541c1894759a6160cdab7,USGS-09371010,63680,00011,2023-10-22T03:30:00+00:00,,_FNU,Provisional,['DISCONTINUED'],2025-08-30T09:02:45.069499+00:00,STNRD
05c59b8b0f5541c1894759a6160cdab7,USGS-09371010,63680,00011,2023-10-22T03:45:00+00:00,,_FNU,Provisional,['DISCONTINUED'],2025-08-30T09:02:45.069499+00:00,STNRD
05c59b8b0f5541c1894759a6160cdab7,USGS-09371010,63680,00011,2023-10-22T04:00:00+00:00,,_FNU,Provisional,['DISCONTINUED'],2025-08-30T09:02:45.069499+00:00,STNRD
05c59b8b0f5541c1894759a6160cdab7,USGS-09371010,63680,00011,2023-10-22T04:15:00+00:00,,_FNU,Provisional,['DISCONTINUED'],2025-08-30T09:02:45.069499+00:00,STNRD
05c59b8b0f5541c1894759a6160cdab7,USGS-09371010,63680,00011,2023-10-22T04:30:00+00:00,,_FNU,Provisional,['DISCONTINUED'],2025-08-30T09:02:45.069499+00:00,STNRD
05c59b8b0f5541c1894759a6160cdab7,USGS-09371010,63680,00011,2023-10-22T04:45:00+00:00,,_FNU,Provisional,['DISCONTINUED'],2025-08-30T09:02:45.069499+00:00,STNRD
05c59b8b0f5541c1894759a6160cdab7,USGS-09371010,63680,00011,2023-10-22T05:00:00+00:00,,_FNU,Provisional,['DISCONTINUED'],2025-08-30T09:02:45.069499+00:00,STNRD
05c59b8b0f5541c1894759a6160cdab7,USGS-09371010,63680,00011,2023-10-22T05:15:00+00:00,,_FNU,Provisional,['DISCONTINUED'],2025-08-30T09:02:45.069499+00:00,STNRD
05c59b8b0f5541c1894759a6160cdab7,USGS-09371010,63680,00011,2023-10-22T05:30:00+00:00,,_FNU,Provisional,['DISCONTINUED'],2025-08-30T09:02:45.069499+00:00,STNRD
05c59b8b0f5541c1894759a6160cdab7,USGS-09371010,63680,00011,2023-10-22T05:45:00+00:00,,_FNU,Provisional,['DISCONTINUED'],2025-08-30T09:02:45.069499+00:00,STNRD
05c59b8b0f5541c1894759a6160cdab7,USGS-09371010,63680,00011,2023-10-22T06:00:00+00:00,,_FNU,Provisional,['DISCONTINUED'],2025-08-30T09:02:45.069499+00:00,STNRD
05c59b8b0f5541c1894759a6160cdab7,USGS-09371010,63680,00011,2023-10-22T06:15:00+00:00,,_FNU,Provisional,['DISCONTINUED'],2025-08-30T09:02:45.069499+00:00,STNRD
05c59b8b0f5541c1894759a6160cdab7,USGS-09371010,63680,00011,2023-10-22T06:30:00+00:00,,_FNU,Provisional,['DISCONTINUED'],2025-08-30T09:02:45.069499+00:00,STNRD
05c59b8b0f5541c1894759a6160cdab7,USGS-09371010,63680,00011,2023-10-22T06:45:00+00:00,,_FNU,Provisional,['DISCONTINUED'],2025-08-30T09:02:45.069499+00:00,STNRD
05c59b8b0f5541c1894759a6160cdab7,USGS-09371010,63680,00011,2023-10-22T07:00:00+00:00,,_FNU,Provisional,['DISCONTINUED'],2025-08-30T09:02:45.069499+00:00,STNRD
05c59b8b0f5541c1894759a6160cdab7,USGS-09371010,63680,00011,2023-10-22T07:15:00+00:00,,_FNU,Provisional,['DISCONTINUED'],2025-08-30T09:02:45.069499+00:00,STNRD
05c59b8b0f5541c1894759a6160cdab7,USGS-09371010,63680,00011,2023-10-22T07:30:00+00:00,,_FNU,Provisional,['DISCONTINUED'],2025-08-30T09:02:45.069499+00:00,STNRD
05c59b8b0f5541c1894759a6160cdab7,USGS-09371010,63680,00011,2023-10-22T07:45:00+00:00,,_FNU,Provisional,['DISCONTINUED'],2025-08-30T09:02:45.069499+00:00,STNRD
05c59b8b0f5541c1894759a6160cdab7,USGS-09371010,63680,00011,2023-10-22T08:00:00+00:00,,_FNU,Provisional,['DISCONTINUED'],2025-08-30T09:02:45.069499+00:00,STNRD
05c59b8b0f5541c1894759a6160cdab7,USGS-09371010,63680,00011,2023-10-22T08:15:00+00:00,,_FNU,Provisional,['DISCONTINUED'],2025-08-30T09:02:45.069499+00:00,STNRD
05c59b8b0f5541c1894759a6160cdab7,USGS-09371010,63680,00011,2023-10-22T08:30:00+00:00,,_FNU,Provisional,['DISCONTINUED'],2025-08-30T09:02:45.069499+00:00,STNRD
05c59b8b0f5541c1894759a6160cdab7,USGS-09371010,63680,00011,2023-10-22T08:45:00+00:00,,_FNU,Provisional,['DISCONTINUED'],2025-08-30T09:02:45.069499+00:00,STNRD
05c59b8b0f5541c1894759a6160cdab7,USGS-09371010,63680,00011,2023-10-22T09:00:00+00:00,,_FNU,Provisional,['DISCONTINUED'],2025-08-30T09:02:45.069499+00:00,STNRD
05c59b8b0f5541c1894759a6160cdab7,USGS-09371010,63680,00011,2023-10-22T09:15:00+00:00,,_FNU,Provisional,['DISCONTINUED'],2025-08-30T09:02:45.069499+00:00,STNRD
05c59b8b0f5541c1894759a6160cdab7,USGS-09371010,63680,00011,2023-10-22T09:30:00+00:00,,_FNU,Provisional,['DISCONTINUED'],2025-08-30T09:02:45.069499+00:00,STNRD
05c59b8b0f5541c1894759a6160cdab7,USGS-09371010,63680,00011,2023-10-22T09:45:00+00:00,,_FNU,Provisional,['DISCONTINUED'],2025-08-30T09:02:45.069499+00:00,STNRD
05c59b8b0f5541c1894759a6160cdab7,USGS-09371010,63680,00011,2023-10-22T10:00:00+00:00,,_FNU,Provisional,['DISCONTINUED'],2025-08-30T09:02:45.069499+00:00,STNRD
05c59b8b0f5541c1894759a6160cdab7,USGS-09371010,63680,00011,2023-10-22T10:15:00+00:00,,_FNU,Provisional,['DISCONTINUED'],2025-08-30T09:02:45.069499+00:00,STNRD
05c59b8b0f5541c1894759a6160cdab7,USGS-09371010,63680,00011,2023-10-22T10:30:00+00:00,,_FNU,Provisional,['DISCONTINUED'],2025-08-30T09:02:45.069499+00:00,STNRD
05c59b8b0f5541c1894759a6160cdab7,USGS-09371010,63680,00011,2023-10-22T10:45:00+00:00,,_FNU,Provisional,['DISCONTINUED'],2025-08-30T09:02:45.069499+00:00,STNRD
05c59b8b0f5541c1894759a6160cdab7,USGS-09371010,63680,00011,2023-10-22T11:00:00+00:00,,_FNU,Provisional,['DISCONTINUED'],2025-08-30T09:02:45.069499+00:00,STNRD
05c59b8b0f5541c1894759a6160cdab7,USGS-09371010,63680,00011,2023-10-22T11:15:00+00:00,,_FNU,Provisional,['DISCONTINUED'],2025-08-30T09:02:45.069499+00:00,STNRD
05c59b8b0f5541c1894759a6160cdab7,USGS-09371010,63680,00011,2023-10-22T11:30:00+00:00,,_FNU,Provisional,['DISCONTINUED'],2025-08-30T09:02:45.069499+00:00,STNRD
05c59b8b0f5541c1894759a6160cdab7,USGS-09371010,63680,00011,2023-10-22T11:45:00+00:00,,_FNU,Provisional,['DISCONTINUED'],2025-08-30T09:02:45.069499+00:00,STNRD
05c59b8b0f5541c1894759a6160cdab7,USGS-09371010,63680,00011,2023-10-22T12:00:00+00:00,,_FNU,Provisional,['DISCONTINUED'],2025-08-30T09:02:45.069499+00:00,STNRD
05c59b8b0f5541c1894759a6160cdab7,USGS-09371010,63680,00011,2023-10-22T12:15:00+00:00,,_FNU,Provisional,['DISCONTINUED'],2025-08-30T09:02:45.069499+00:00,STNRD
05c59b8b0f5541c1894759a6160cdab7,USGS-09371010,63680,00011,2023-10-22T12:30:00+00:00,,_FNU,Provisional,['DISCONTINUED'],2025-08-30T09:02:45.069499+00:00,STNRD
05c59b8b0f5541c1894759a6160cdab7,USGS-09371010,63680,00011,2023-10-22T12:45:00+00:00,,_FNU,Provisional,['DISCONTINUED'],2025-08-30T09:02:45.069499+00:00,STNRD
05c59b8b0f5541c1894759a6160cdab7,USGS-09371010,63680,00011,2023-10-22T13:00:00+00:00,,_FNU,Provisional,['DISCONTINUED'],2025-08-30T09:02:45.069499+00:00,STNRD
05c59b8b0f5541c1894759a6160cdab7,USGS-09371010,63680,00011,2023-10-22T13:15:00+00:00,,_FNU,Provisional,['DISCONTINUED'],2025-08-30T09:02:45.069499+00:00,STNRD
05c59b8b0f5541c1894759a6160cdab7,USGS-09371010,63680,00011,2023-10-22T13:30:00+00:00,,_FNU,Provisional,['DISCONTINUED'],2025-08-30T09:02:45.069499+00:00,STNRD
05c59b8b0f5541c1894759a6160cdab7,USGS-09371010,63680,00011,2023-10-22T13:45:00+00:00,,_FNU,Provisional,['DISCONTINUED'],2025-08-30T09:02:45.069499+00:00,STNRD
05c59b8b0f5541c1894759a6160cdab7,USGS-09371010,63680,00011,2023-10-22T14:00:00+00:00,,_FNU,Provisional,['DISCONTINUED'],2025-08-30T09:02:45.069499+00:00,STNRD
05c59b8b0f5541c1894759a6160cdab7,USGS-09371010,63680,00011,2023-10-22T14:15:00+00:00,,_FNU,Provisional,['DISCONTINUED'],2025-08-30T09:02:45.069499+00:00,STNRD
05c59b8b0f5541c1894759a6160cdab7,USGS-09371010,63680,00011,2023-10-22T14:30:00+00:00,,_FNU,Provisional,['DISCONTINUED'],2025-08-30T09:02:45.069499+00:00,STNRD
05c59b8b0f5541c1894759a6160cdab7,USGS-09371010,63680,00011,2023-10-22T14:45:00+00:00,,_FNU,Provisional,['DISCONTINUED'],2025-08-30T09:02:45.069499+00:00,STNRD
05c59b8b0f5541c1894759a6160cdab7,USGS-09371010,63680,00011,2023-10-22T15:00:00+00:00,,_FNU,Provisional,['DISCONTINUED'],2025-08-30T09:02:45.069499+00:00,STNRD
05c59b8b0f5541c1894759a6160cdab7,USGS-09371010,63680,00011,2023-10-22T15:15:00+00:00,,_FNU,Provisional,['DISCONTINUED'],2025-08-30T09:02:45.069499+00:00,STNRD
05c59b8b0f5541c1894759a6160cdab7,USGS-09371010,63680,00011,2023-10-22T15:30:00+00:00,,_FNU,Provisional,['DISCONTINUED'],2025-08-30T09:02:45.069499+00:00,STNRD
05c59b8b0f5541c1894759a6160cdab7,USGS-09371010,63680,00011,2023-10-22T15:45:00+00:00,,_FNU,Provisional,['DISCONTINUED'],2025-08-30T09:02:45.069499+00:00,STNRD
05c59b8b0f5541c1894759a6160cdab7,USGS-09371010,63680,00011,2023-10-22T16:00:00+00:00,,_FNU,Provisional,['DISCONTINUED'],2025-08-30T09:02:45.069499+00:00,STNRD
05c59b8b0f5541c1894759a6160cdab7,USGS-09371010,63680,00011,2023-10-22T16:15:00+00:00,,_FNU,Provisional,['DISCONTINUED'],2025-08-30T09:02:45.069499+00:00,STNRD
05c59b8b0f5541c1894759a6160cdab7,USGS-09371010,63680,00011,2023-10-22T16:30:00+00:00,,_FNU,Provisional,['DISCONTINUED'],2025-08-30T09:02:45.069499+00:00,STNRD
05c59b8b0f5541c1894759a6160cdab7,USGS-09371010,63680,00011,2023-10-22T16:45:00+00:00,,_FNU,Provisional,['DISCONTINUED'],2025-08-30T09:02:45.069499+00:00,STNRD
05c59b8b0f5541c1894759a6160cdab7,USGS-09371010,63680,00011,2023-10-22T17:00:00+00:00,,_FNU,Provisional,['DISCONTINUED'],2025-08-30T09:02:45.069499+00:00,STNRD
05c59b8b0f5541c1894759a6160cdab7,USGS-09371010,63680,00011,2023-10-22T17:15:00+00:00,,_FNU,Provisional,['DISCONTINUED'],2025-08-30T09:02:45.069499+00:00,STNRD
05c59b8b0f5541c1894759a6160cdab7,USGS-09371010,63680,00011,2023-10-22T17:30:00+00:00,,_FNU,Provisional,['DISCONTINUED'],2025-08-30T09:02:45.069499+00:00,STNRD
05c59b8b0f5541c1894759a6160cdab7,USGS-09371010,63680,00011,2023-10-22T17:45:00+00:00,,_FNU,Provisional,['DISCONTINUED'],2025-08-30T09:02:45.069499+00:00,STNRD
05c59b8b0f5541c1894759a6160cdab7,USGS-09371010,63680,00011,2023-10-22T18:00:00+00:00,,_FNU,Provisional,['DISCONTINUED'],2025-08-30T09:02:45.069499+00:00,STNRD
05c59b8b0f5541c1894759a6160cdab7,USGS-09371010,63680,00011,2023-10-22T18:15:00+00:00,,_FNU,Provisional,['DISCONTINUED'],2025-08-30T09:02:45.069499+00:00,STNRD
05c59b8b0f5541c1894759a6160cdab7,USGS-09371010,63680,00011,2023-10-22T18:30:00+00:00,,_FNU,Provisional,['DISCONTINUED'],2025-08-30T09:02:45.069499+00:00,STNRD
05c59b8b0f5541c1894759a6160cdab7,USGS-09371010,63680,00011,2023-10-22T18:45:00+00:00,,_FNU,Provisional,['DISCONTINUED'],2025-08-30T09:02:45.069499+00:00,STNRD
05c59b8b0f5541c1894759a6160cdab7,USGS-09371010,63680,00011,2023-10-22T19:00:00+00:00,,_FNU,Provisional,['DISCONTINUED'],2025-08-30T09:02:45.069499+00:00,STNRD
05c59b8b0f5541c1894759a6160cdab7,USGS-09371010,63680,00011,2023-10-22T19:15:00+00:00,,_FNU,Provisional,['DISCONTINUED'],2025-08-30T09:02:45.069499+00:00,STNRD
05c59b8b0f5541c1894759a6160cdab7,USGS-09371010,63680,00011,2023-10-22T19:30:00+00:00,,_FNU,Provisional,['DISCONTINUED'],2025-08-30T09:02:45.069499+00:00,STNRD
05c59b8b0f5541c1894759a6160cdab7,USGS-09371010,63680,00011,2023-10-22T19:45:00+00:00,,_FNU,Provisional,['DISCONTINUED'],2025-08-30T09:02:45.069499+00:00,STNRD
05c59b8b0f5541c1894759a6160cdab7,USGS-09371010,63680,00011,2023-10-22T20:00:00+00:00,,_FNU,Provisional,['DISCONTINUED'],2025-08-30T09:02:45.069499+00:00,STNRD
05c59b8b0f5541c1894759a6160cdab7,USGS-09371010,63680,00011,2023-10-22T20:15:00+00:00,,_FNU,Provisional,['DISCONTINUED'],2025-08-30T09:02:45.069499+00:00,STNRD
05c59b8b0f5541c1894759a6160cdab7,USGS-09371010,63680,00011,2023-10-22T20:30:00+00:00,,_FNU,Provisional,['DISCONTINUED'],2025-08-30T09:02:45.069499+00:00,STNRD
05c59b8b0f5541c1894759a6160cdab7,USGS-09371010,63680,00011,2023-10-22T20:45:00+00:00,,_FNU,Provisional,['DISCONTINUED'],2025-08-30T09:02:45.069499+00:00,STNRD
05c59b8b0f5541c1894759a6160cdab7,USGS-09371010,63680,00011,2023-10-22T21:00:00+00:00,,_FNU,Provisional,['DISCONTINUED'],2025-08-30T09:02:45.069499+00:00,STNRD
05c59b8b0f5541c1894759a6160cdab7,USGS-09371010,63680,00011,2023-10-22T21:15:00+00:00,,_FNU,Provisional,['DISCONTINUED'],2025-08-30T09:02:45.069499+00:00,STNRD
05c59b8b0f5541c1894759a6160cdab7,USGS-09371010,63680,00011,2023-10-22T21:30:00+00:00,,_FNU,Provisional,['DISCONTINUED'],2025-08-30T09:02:45.069499+00:00,STNRD
05c59b8b0f5541c1894759a6160cdab7,USGS-09371010,63680,00011,2023-10-22T21:45:00+00:00,,_FNU,Provisional,['DISCONTINUED'],2025-08-30T09:02:45.069499+00:00,STNRD
05c59b8b0f5541c1894759a6160cdab7,USGS-09371010,63680,00011,2023-10-22T22:00:00+00:00,,_FNU,Provisional,['DISCONTINUED'],2025-08-30T09:02:45.069499+00:00,STNRD
05c59b8b0f5541c1894759a6160cdab7,USGS-09371010,63680,00011,2023-10-22T22:15:00+00:00,,_FNU,Provisional,['DISCONTINUED'],2025-08-30T09:02:45.069499+00:00,STNRD
05c59b8b0f5541c1894759a6160cdab7,USGS-09371010,63680,00011,2023-10-22T22:30:00+00:00,,_FNU,Provisional,['DISCONTINUED'],2025-08-30T09:02:45.069499+00:00,STNRD
05c59b8b0f5541c1894759a6160cdab7,USGS-09371010,63680,00011,2023-10-22T22:45:00+00:00,,_FNU,Provisional,['DISCONTINUED'],2025-08-30T09:02:45.069499+00:00,STNRD
05c59b8b0f5541c1894759a6160cdab7,USGS-09371010,63680,00011,2023-10-22T23:00:00+00:00,,_FNU,Provisional,['DISCONTINUED'],2025-08-30T09:02:45.069499+00:00,STNRD
05c59b8b0f5541c1894759a6160cdab7,USGS-09371010,63680,00011,2023-10-22T23:15:00+00:00,,_FNU,Provisional,['DISCONTINUED'],2025-08-30T09:02:45.069499+00:00,STNRD
05c59b8b0f5541c1894759a6160cdab7,USGS-09371010,63680,00011,2023-10-22T23:30:00+00:00,,_FNU,Provisional,['DISCONTINUED'],2025-08-30T09:02:45.069499+00:00,STNRD
05c59b8b0f5541c1894759a6160cdab7,USGS-09371010,63680,00011,2023-10-22T23:45:00+00:00,,_FNU,Provisional,['DISCONTINUED'],2025-08-30T09:02:45.069499+00:00,STNRD
05c59b8b0f5541c1894759a6160cdab7,USGS-09371010,63680,00011,2023-10-23T00:00:00+00:00,,_FNU,Provisional,['DISCONTINUED'],2025-08-30T09:02:45.069499+00:00,STNRD
05c59b8b0f5541c1894759a6160cdab7,USGS-09371010,63680,00011,2023-10-23T00:15:00+00:00,,_FNU,Provisional,['DISCONTINUED'],2025-08-30T09:02:45.069499+00:00,STNRD
05c59b8b0f5541c1894759a6160cdab7,USGS-09371010,63680,00011,2023-10-23T00:30:00+00:00,,_FNU,Provisional,['DISCONTINUED'],2025-08-30T09:02:45.069499+00:00,STNRD
05c59b8b0f5541c1894759a6160cdab7,USGS-09371010,63680,00011,2023-10-23T00:45:00+00:00,,_FNU,Provisional,['DISCONTINUED'],2025-08-30T09:02:45.069499+00:00,STNRD
05c59b8b0f5541c1894759a6160cdab7,USGS-09371010,63680,00011,2023-10-23T01:00:00+00:00,,_FNU,Provisional,['DISCONTINUED'],2025-08-30T09:02:45.069499+00:00,STNRD
05c59b8b0f5541c1894759a6160cdab7,USGS-09371010,63680,00011,2023-10-23T01:15:00+00:00,,_FNU,Provisional,['DISCONTINUED'],2025-08-30T09:02:45.069499+00:00,STNRD
05c59b8b0f5541c1894759a6160cdab7,USGS-09371010,63680,00011,2023-10-23T01:30:00+00:00,,_FNU,Provisional,['DISCONTINUED'],2025-08-30T09:02:45.069499+00:00,STNRD
05c59b8b0f5541c1894759a6160cdab7,USGS-09371010,63680,00011,2023-10-23T01:45:00+00:00,,_FNU,Provisional,['DISCONTINUED'],2025-08-30T09:02:45.069499+00:00,STNRD
05c59b8b0f5541c1894759a6160cdab7,USGS-09371010,63680,00011,2023-10-23T02:00:00+00:00,,_FNU,Provisional,['DISCONTINUED'],2025-08-30T09:02:45.069499+00:00,STNRD
05c59b8b0f5541c1894759a6160cdab7,USGS-09371010,63680,00011,2023-10-23T02:15:00+00:00,,_FNU,Provisional,['DISCONTINUED'],2025-08-30T09:02:45.069499+00:00,STNRD
05c59b8b0f5541c1894759a6160cdab7,USGS-09371010,63680,00011,2023-10-23T02:30:00+00:00,,_FNU,Provisional,['DISCONTINUED'],2025-08-30T09:02:45.069499+00:00,STNRD
05c59b8b0f5541c1894759a6160cdab7,USGS-09371010,63680,00011,2023-10-23T02:45:00+00:00,,_FNU,Provisional,['DISCONTINUED'],2025-08-30T09:02:45.069499+00:00,STNRD
05c59b8b0f5541c1894759a6160cdab7,USGS-09371010,63680,00011,2023-10-23T03:00:00+00:00,,_FNU,Provisional,['DISCONTINUED'],2025-08-30T09:02:45.069499+00:00,STNRD
05c59b8b0f5541c1894759a6160cdab7,USGS-09371010,63680,00011,2023-10-23T03:15:00+00:00,,_FNU,Provisional,['DISCONTINUED'],2025-08-30T09:02:45.069499+00:00,STNRD
05c59b8b0f5541c1894759a6160cdab7,USGS-09371010,63680,00011,2023-10-23T03:30:00+00:00,,_FNU,Provisional,['DISCONTINUED'],2025-08-30T09:02:45.069499+00:00,STNRD
05c59b8b0f5541c1894759a6160cdab7,USGS-09371010,63680,00011,2023-10-23T03:45:00+00:00,,_FNU,Provisional,['DISCONTINUED'],2025-08-30T09:02:45.069499+00:00,STNRD
05c59b8b0f5541c1894759a6160cdab7,USGS-09371010,63680,00011,2023-10-23T04:00:00+00:00,,_FNU,Provisional,['DISCONTINUED'],2025-08-30T09:02:45.069499+00:00,STNRD
05c59b8b0f5541c1894759a6160cdab7,USGS-09371010,63680,00011,2023-10-23T04:15:00+00:00,,_FNU,Provisional,['DISCONTINUED'],2025-08-30T09:02:45.069499+00:00,STNRD
05c59b8b0f5541c1894759a6160cdab7,USGS-09371010,63680,00011,2023-10-23T04:30:00+00:00,,_FNU,Provisional,['DISCONTINUED'],2025-08-30T09:02:45.069499+00:00,STNRD
05c59b8b0f5541c1894759a6160cdab7,USGS-09371010,63680,00011,2023-10-23T04:45:00+00:00,,_FNU,Provisional,['DISCONTINUED'],2025-08-30T09:02:45.069499+00:00,STNRD
05c59b8b0f5541c1894759a6160cdab7,USGS-09371010,63680,00011,2023-10-23T05:00:00+00:00,,_FNU,Provisional,['DISCONTINUED'],2025-08-30T09:02:45.069499+00:00,STNRD
05c59b8b0f5541c1894759a6160cdab7,USGS-09371010,63680,00011,2023-10-23T05:15:00+00:00,,_FNU,Provisional,['DISCONTINUED'],2025-08-30T09:02:45.069499+00:00,STNRD
05c59b8b0f5541c1894759a6160cdab7,USGS-09371010,63680,00011,2023-10-23T05:30:00+00:00,,_FNU,Provisional,['DISCONTINUED'],2025-08-30T09:02:45.069499+00:00,STNRD
05c59b8b0f5541c1894759a6160cdab7,USGS-09371010,63680,00011,2023-10-23T05:45:00+00:00,,_FNU,Provisional,['DISCONTINUED'],2025-08-30T09:02:45.069499+00:00,STNRD
05c59b8b0f5541c1894759a6160cdab7,USGS-09371010,63680,00011,2023-10-23T06:00:00+00:00,,_FNU,Provisional,['DISCONTINUED'],2025-08-30T09:02:45.069499+00:00,STNRD
05c59b8b0f5541c1894759a6160cdab7,USGS-09371010,63680,00011,2023-10-23T06:15:00+00:00,,_FNU,Provisional,['DISCONTINUED'],2025-08-30T09:02:45.069499+00:00,STNRD
05c59b8b0f5541c1894759a6160cdab7,USGS-09371010,63680,00011,2023-10-23T06:30:00+00:00,,_FNU,Provisional,['DISCONTINUED'],2025-08-30T09:02:45.069499+00:00,STNRD
05c59b8b0f5541c1894759a6160cdab7,USGS-09371010,63680,00011,2023-10-23T06:45:00+00:00,,_FNU,Provisional,['DISCONTINUED'],2025-08-30T09:02:45.069499+00:00,STNRD
05c59b8b0f5541c1894759a6160cdab7,USGS-09371010,63680,00011,2023-10-23T07:00:00+00:00,,_FNU,Provisional,['DISCONTINUED'],2025-08-30T09:02:45.069499+00:00,STNRD
05c59b8b0f5541c1894759a6160cdab7,USGS-09371010,63680,00011,2023-10-23T07:15:00+00:00,,_FNU,Provisional,['DISCONTINUED'],2025-08-30T09:02:45.069499+00:00,STNRD
05c59b8b0f5541c1894759a6160cdab7,USGS-09371010,63680,00011,2023-10-23T07:30:00+00:00,,_FNU,Provisional,['DISCONTINUED'],2025-08-30T09:02:45.069499+00:00,STNRD
05c59b8b0f5541c1894759a6160cdab7,USGS-09371010,63680,00011,2023-10-23T07:45:00+00:00,,_FNU,Provisional,['DISCONTINUED'],2025-08-30T09:02:45.069499+00:00,STNRD
05c59b8b0f5541c1894759a6160cdab7,USGS-09371010,63680,00011,2023-10-23T08:00:00+00:00,,_FNU,Provisional,['DISCONTINUED'],2025-08-30T09:02:45.069499+00:00,STNRD
05c59b8b0f5541c1894759a6160cdab7,USGS-09371010,63680,00011,2023-10-23T08:15:00+00:00,,_FNU,Provisional,['DISCONTINUED'],2025-08-30T09:02:45.069499+00:00,STNRD
05c59b8b0f5541c1894759a6160cdab7,USGS-09371010,63680,00011,2023-10-23T08:30:00+00:00,,_FNU,Provisional,['DISCONTINUED'],2025-08-30T09:02:45.069499+00:00,STNRD
05c59b8b0f5541c1894759a6160cdab7,USGS-09371010,63680,00011,2023-10-23T08:45:00+00:00,,_FNU,Provisional,['DISCONTINUED'],2025-08-30T09:02:45.069499+00:00,STNRD
05c59b8b0f5541c1894759a6160cdab7,USGS-09371010,63680,00011,2023-10-23T09:00:00+00:00,,_FNU,Provisional,['DISCONTINUED'],2025-08-30T09:02:45.069499+00:00,STNRD
05c59b8b0f5541c1894759a6160cdab7,USGS-09371010,63680,00011,2023-10-23T09:15:00+00:00,,_FNU,Provisional,['DISCONTINUED'],2025-08-30T09:02:45.069499+00:00,STNRD
05c59b8b0f5541c1894759a6160cdab7,USGS-09371010,63680,00011,2023-10-23T09:30:00+00:00,,_FNU,Provisional,['DISCONTINUED'],2025-08-30T09:02:45.069499+00:00,STNRD
05c59b8b0f5541c1894759a6160cdab7,USGS-09371010,63680,00011,2023-10-23T09:45:00+00:00,,_FNU,Provisional,['DISCONTINUED'],2025-08-30T09:02:45.069499+00:00,STNRD
05c59b8b0f5541c1894759a6160cdab7,USGS-09371010,63680,00011,2023-10-23T10:00:00+00:00,,_FNU,Provisional,['DISCONTINUED'],2025-08-30T09:02:45.069499+00:00,STNRD
05c59b8b0f5541c1894759a6160cdab7,USGS-09371010,63680,00011,2023-10-23T10:15:00+00:00,,_FNU,Provisional,['DISCONTINUED'],2025-08-30T09:02:45.069499+00:00,STNRD
05c59b8b0f5541c1894759a6160cdab7,USGS-09371010,63680,00011,2023-10-23T10:30:00+00:00,,_FNU,Provisional,['DISCONTINUED'],2025-08-30T09:02:45.069499+00:00,STNRD
05c59b8b0f5541c1894759a6160cdab7,USGS-09371010,63680,00011,2023-10-23T10:45:00+00:00,,_FNU,Provisional,['DISCONTINUED'],2025-08-30T09:02:45.069499+00:00,STNRD
05c59b8b0f5541c1894759a6160cdab7,USGS-09371010,63680,00011,2023-10-23T11:00:00+00:00,,_FNU,Provisional,['DISCONTINUED'],2025-08-30T09:02:45.069499+00:00,STNRD
05c59b8b0f5541c1894759a6160cdab7,USGS-09371010,63680,00011,2023-10-23T11:15:00+00:00,,_FNU,Provisional,['DISCONTINUED'],2025-08-30T09:02:45.069499+00:00,STNRD
05c59b8b0f5541c1894759a6160cdab7,USGS-09371010,63680,00011,2023-10-23T11:30:00+00:00,,_FNU,Provisional,['DISCONTINUED'],2025-08-30T09:02:45.069499+00:00,STNRD
05c59b8b0f5541c1894759a6160cdab7,USGS-09371010,63680,00011,2023-10-23T11:45:00+00:00,,_FNU,Provisional,['DISCONTINUED'],2025-08-30T09:02:45.069499+00:00,STNRD
05c59b8b0f5541c1894759a6160cdab7,USGS-09371010,63680,00011,2023-10-23T12:00:00+00:00,,_FNU,Provisional,['DISCONTINUED'],2025-08-30T09:02:45.069499+00:00,STNRD
05c59b8b0f5541c1894759a6160cdab7,USGS-09371010,63680,00011,2023-10-23T12:15:00+00:00,,_FNU,Provisional,['DISCONTINUED'],2025-08-30T09:02:45.069499+00:00,STNRD
05c59b8b0f5541c1894759a6160cdab7,USGS-09371010,63680,00011,2023-10-23T12:30:00+00:00,,_FNU,Provisional,['DISCONTINUED'],2025-08-30T09:02:45.069499+00:00,STNRD
05c59b8b0f5541c1894759a6160cdab7,USGS-09371010,63680,00011,2023-10-23T12:45:00+00:00,,_FNU,Provisional,['DISCONTINUED'],2025-08-30T09:02:45.069499+00:00,STNRD
05c59b8b0f5541c1894759a6160cdab7,USGS-09371010,63680,00011,2023-10-23T13:00:00+00:00,,_FNU,Provisional,['DISCONTINUED'],2025-08-30T09:02:45.069499+00:00,STNRD
05c59b8b0f5541c1894759a6160cdab7,USGS-09371010,63680,00011,2023-10-23T13:15:00+00:00,,_FNU,Provisional,['DISCONTINUED'],2025-08-30T09:02:45.069499+00:00,STNRD
05c59b8b0f5541c1894759a6160cdab7,USGS-09371010,63680,00011,2023-10-23T13:30:00+00:00,,_FNU,Provisional,['DISCONTINUED'],2025-08-30T09:02:45.069499+00:00,STNRD
05c59b8b0f5541c1894759a6160cdab7,USGS-09371010,63680,00011,2023-10-23T13:45:00+00:00,,_FNU,Provisional,['DISCONTINUED'],2025-08-30T09:02:45.069499+00:00,STNRD
05c59b8b0f5541c1894759a6160cdab7,USGS-09371010,63680,00011,2023-10-23T14:00:00+00:00,,_FNU,Provisional,['DISCONTINUED'],2025-08-30T09:02:45.069499+00:00,STNRD
05c59b8b0f5541c1894759a6160cdab7,USGS-09371010,63680,00011,2023-10-23T14:15:00+00:00,,_FNU,Provisional,['DISCONTINUED'],2025-08-30T09:02:45.069499+00:00,STNRD
05c59b8b0f5541c1894759a6160cdab7,USGS-09371010,63680,00011,2023-10-23T14:30:00+00:00,,_FNU,Provisional,['DISCONTINUED'],2025-08-30T09:02:45.069499+00:00,STNRD
05c59b8b0f5541c1894759a6160cdab7,USGS-09371010,63680,00011,2023-10-23T14:45:00+00:00,,_FNU,Provisional,['DISCONTINUED'],2025-08-30T09:02:45.069499+00:00,STNRD
05c59b8b0f5541c1894759a6160cdab7,USGS-09371010,63680,00011,2023-10-23T15:00:00+00:00,,_FNU,Provisional,['DISCONTINUED'],2025-08-30T09:02:45.069499+00:00,STNRD
05c59b8b0f5541c1894759a6160cdab7,USGS-09371010,63680,00011,2023-10-23T15:15:00+00:00,,_FNU,Provisional,['DISCONTINUED'],2025-08-30T09:02:45.069499+00:00,STNRD
05c59b8b0f5541c1894759a6160cdab7,USGS-09371010,63680,00011,2023-10-23T15:30:00+00:00,,_FNU,Provisional,['DISCONTINUED'],2025-08-30T09:02:45.069499+00:00,STNRD
05c59b8b0f5541c1894759a6160cdab7,USGS-09371010,63680,00011,2023-10-23T15:45:00+00:00,,_FNU,Provisional,['DISCONTINUED'],2025-08-30T09:02:45.069499+00:00,STNRD
05c59b8b0f5541c1894759a6160cdab7,USGS-09371010,63680,00011,2023-10-23T16:00:00+00:00,,_FNU,Provisional,['DISCONTINUED'],2025-08-30T09:02:45.069499+00:00,STNRD
05c59b8b0f5541c1894759a6160cdab7,USGS-09371010,63680,00011,2023-10-23T16:15:00+00:00,,_FNU,Provisional,['DISCONTINUED'],2025-08-30T09:02:45.069499+00:00,STNRD
05c59b8b0f5541c1894759a6160cdab7,USGS-09371010,63680,00011,2023-10-23T16:30:00+00:00,,_FNU,Provisional,['DISCONTINUED'],2025-08-30T09:02:45.069499+00:00,STNRD
05c59b8b0f5541c1894759a6160cdab7,USGS-09371010,63680,00011,2023-10-23T16:45:00+00:00,,_FNU,Provisional,['DISCONTINUED'],2025-08-30T09:02:45.069499+00:00,STNRD
05c59b8b0f5541c1894759a6160cdab7,USGS-09371010,63680,00011,2023-10-23T17:00:00+00:00,,_FNU,Provisional,['DISCONTINUED'],2025-08-30T09:02:45.069499+00:00,STNRD
05c59b8b0f5541c1894759a6160cdab7,USGS-09371010,63680,00011,2023-10-23T17:15:00+00:00,,_FNU,Provisional,['DISCONTINUED'],2025-08-30T09:02:45.069499+00:00,STNRD
05c59b8b0f5541c1894759a6160cdab7,USGS-09371010,63680,00011,2023-10-23T17:30:00+00:00,,_FNU,Provisional,['DISCONTINUED'],2025-08-30T09:02:45.069499+00:00,STNRD
05c59b8b0f5541c1894759a6160cdab7,USGS-09371010,63680,00011,2023-10-23T17:45:00+00:00,,_FNU,Provisional,['DISCONTINUED'],2025-08-30T09:02:45.069499+00:00,STNRD
05c59b8b0f5541c1894759a6160cdab7,USGS-09371010,63680,00011,2023-10-23T18:00:00+00:00,,_FNU,Provisional,['DISCONTINUED'],2025-08-30T09:02:45.069499+00:00,STNRD
05c59b8b0f5541c1894759a6160cdab7,USGS-09371010,63680,00011,2023-10-23T18:15:00+00:00,,_FNU,Provisional,['DISCONTINUED'],2025-08-30T09:02:45.069499+00:00,STNRD
05c59b8b0f5541c1894759a6160cdab7,USGS-09371010,63680,00011,2023-10-23T18:30:00+00:00,,_FNU,Provisional,['DISCONTINUED'],2025-08-30T09:02:45.069499+00:00,STNRD
05c59b8b0f5541c1894759a6160cdab7,USGS-09371010,63680,00011,2023-10-23T18:45:00+00:00,,_FNU,Provisional,['DISCONTINUED'],2025-08-30T09:02:45.069499+00:00,STNRD
05c59b8b0f5541c1894759a6160cdab7,USGS-09371010,63680,00011,2023-10-23T19:00:00+00:00,,_FNU,Provisional,['DISCONTINUED'],2025-08-30T09:02:45.069499+00:00,STNRD
05c59b8b0f5541c1894759a6160cdab7,USGS-09371010,63680,00011,2023-10-23T19:15:00+00:00,,_FNU,Provisional,['DISCONTINUED'],2025-08-30T09:02:45.069499+00:00,STNRD
05c59b8b0f5541c1894759a6160cdab7,USGS-09371010,63680,00011,2023-10-23T19:30:00+00:00,,_FNU,Provisional,['DISCONTINUED'],2025-08-30T09:02:45.069499+00:00,STNRD
05c59b8b0f5541c1894759a6160cdab7,USGS-09371010,63680,00011,2023-10-23T19:45:00+00:00,,_FNU,Provisional,['DISCONTINUED'],2025-08-30T09:02:45.069499+00:00,STNRD
05c59b8b0f5541c1894759a6160cdab7,USGS-09371010,63680,00011,2023-10-23T20:00:00+00:00,,_FNU,Provisional,['DISCONTINUED'],2025-08-30T09:02:45.069499+00:00,STNRD
05c59b8b0f5541c1894759a6160cdab7,USGS-09371010,63680,00011,2023-10-23T20:15:00+00:00,,_FNU,Provisional,['DISCONTINUED'],2025-08-30T09:02:45.069499+00:00,STNRD
05c59b8b0f5541c1894759a6160cdab7,USGS-09371010,63680,00011,2023-10-23T20:30:00+00:00,,_FNU,Provisional,['DISCONTINUED'],2025-08-30T09:02:45.069499+00:00,STNRD
05c59b8b0f5541c1894759a6160cdab7,USGS-09371010,63680,00011,2023-10-23T20:45:00+00:00,,_FNU,Provisional,['DISCONTINUED'],2025-08-30T09:02:45.069499+00:00,STNRD
05c59b8b0f5541c1894759a6160cdab7,USGS-09371010,63680,00011,2023-10-23T21:00:00+00:00,,_FNU,Provisional,['DISCONTINUED'],2025-08-30T09:02:45.069499+00:00,STNRD
05c59b8b0f5541c1894759a6160cdab7,USGS-09371010,63680,00011,2023-10-23T21:15:00+00:00,,_FNU,Provisional,['DISCONTINUED'],2025-08-30T09:02:45.069499+00:00,STNRD
05c59b8b0f5541c1894759a6160cdab7,USGS-09371010,63680,00011,2023-10-23T21:30:00+00:00,,_FNU,Provisional,['DISCONTINUED'],2025-08-30T09:02:45.069499+00:00,STNRD
05c59b8b0f5541c1894759a6160cdab7,USGS-09371010,63680,00011,2023-10-23T21:45:00+00:00,,_FNU,Provisional,['DISCONTINUED'],2025-08-30T09:02:45.069499+00:00,STNRD
05c59b8b0f5541c1894759a6160cdab7,USGS-09371010,63680,00011,2023-10-23T22:00:00+00:00,,_FNU,Provisional,['DISCONTINUED'],2025-08-30T09:02:45.069499+00:00,STNRD
05c59b8b0f5541c1894759a6160cdab7,USGS-09371010,63680,00011,2023-10-23T22:15:00+00:00,,_FNU,Provisional,['DISCONTINUED'],2025-08-30T09:02:45.069499+00:00,STNRD
05c59b8b0f5541c1894759a6160cdab7,USGS-09371010,63680,00011,2023-10-23T22:30:00+00:00,,_FNU,Provisional,['DISCONTINUED'],2025-08-30T09:02:45.069499+00:00,STNRD
05c59b8b0f5541c1894759a6160cdab7,USGS-09371010,63680,00011,2023-10-23T22:45:00+00:00,,_FNU,Provisional,['DISCONTINUED'],2025-08-30T09:02:45.069499+00:00,STNRD
05c59b8b0f5541c1894759a6160cdab7,USGS-09371010,63680,00011,2023-10-23T23:00:00+00:00,,_FNU,Provisional,['DISCONTINUED'],2025-08-30T09:02:45.069499+00:00,STNRD
05c59b8b0f5541c1894759a6160cdab7,USGS-09371010,63680,00011,2023-10-23T23:15:00+00:00,,_FNU,Provisional,['DISCONTINUED'],2025-08-30T09:02:45.069499+00:00,STNRD
05c59b8b0f5541c1894759a6160cdab7,USGS-09371010,63680,00011,2023-10-23T23:30:00+00:00,,_FNU,Provisional,['DISCONTINUED'],2025-08-30T09:02:45.069499+00:00,STNRD
05c59b8b0f5541c1894759a6160cdab7,USGS-09371010,63680,00011,2023-10-23T23:45:00+00:00,,_FNU,Provisional,['DISCONTINUED'],2025-08-30T09:02:45.069499+00:00,STNRD
05c59b8b0f5541c1894759a6160cdab7,USGS-09371010,63680,00011,2023-10-24T00:00:00+00:00,,_FNU,Provisional,['DISCONTINUED'],2025-08-30T09:02:45.069499+00:00,STNRD
05c59b8b0f5541c1894759a6160cdab7,USGS-09371010,63680,00011,2023-10-24T00:15:00+00:00,,_FNU,Provisional,['DISCONTINUED'],2025-08-30T09:02:45.069499+00:00,STNRD
05c59b8b0f5541c1894759a6160cdab7,USGS-09371010,63680,00011,2023-10-24T00:30:00+00:00,,_FNU,Provisional,['DISCONTINUED'],2025-08-30T09:02:45.069499+00:00,STNRD
05c59b8b0f5541c1894759a6160cdab7,USGS-09371010,63680,00011,2023-10-24T00:45:00+00:00,,_FNU,Provisional,['DISCONTINUED'],2025-08-30T09:02:45.069499+00:00,STNRD
05c59b8b0f5541c1894759a6160cdab7,USGS-09371010,63680,00011,2023-10-24T01:00:00+00:00,,_FNU,Provisional,['DISCONTINUED'],2025-08-30T09:02:45.069499+00:00,STNRD
05c59b8b0f5541c1894759a6160cdab7,USGS-09371010,63680,00011,2023-10-24T01:15:00+00:00,,_FNU,Provisional,['DISCONTINUED'],2025-08-30T09:02:45.069499+00:00,STNRD
05c59b8b0f5541c1894759a6160cdab7,USGS-09371010,63680,00011,2023-10-24T01:30:00+00:00,,_FNU,Provisional,['DISCONTINUED'],2025-08-30T09:02:45.069499+00:00,STNRD
05c59b8b0f5541c1894759a6160cdab7,USGS-09371010,63680,00011,2023-10-24T01:45:00+00:00,,_FNU,Provisional,['DISCONTINUED'],2025-08-30T09:02:45.069499+00:00,STNRD
05c59b8b0f5541c1894759a6160cdab7,USGS-09371010,63680,00011,2023-10-24T02:00:00+00:00,,_FNU,Provisional,['DISCONTINUED'],2025-08-30T09:02:45.069499+00:00,STNRD
05c59b8b0f5541c1894759a6160cdab7,USGS-09371010,63680,00011,2023-10-24T02:15:00+00:00,,_FNU,Provisional,['DISCONTINUED'],2025-08-30T09:02:45.069499+00:00,STNRD
05c59b8b0f5541c1894759a6160cdab7,USGS-09371010,63680,00011,2023-10-24T02:30:00+00:00,,_FNU,Provisional,['DISCONTINUED'],2025-08-30T09:02:45.069499+00:00,STNRD
05c59b8b0f5541c1894759a6160cdab7,USGS-09371010,63680,00011,2023-10-24T02:45:00+00:00,,_FNU,Provisional,['DISCONTINUED'],2025-08-30T09:02:45.069499+00:00,STNRD
05c59b8b0f5541c1894759a6160cdab7,USGS-09371010,63680,00011,2023-10-24T03:00:00+00:00,,_FNU,Provisional,['DISCONTINUED'],2025-08-30T09:02:45.069499+00:00,STNRD
05c59b8b0f5541c1894759a6160cdab7,USGS-09371010,63680,00011,2023-10-24T03:15:00+00:00,,_FNU,Provisional,['DISCONTINUED'],2025-08-30T09:02:45.069499+00:00,STNRD
05c59b8b0f5541c1894759a6160cdab7,USGS-09371010,63680,00011,2023-10-24T03:30:00+00:00,,_FNU,Provisional,['DISCONTINUED'],2025-08-30T09:02:45.069499+00:00,STNRD
05c59b8b0f5541c1894759a6160cdab7,USGS-09371010,63680,00011,2023-10-24T03:45:00+00:00,,_FNU,Provisional,['DISCONTINUED'],2025-08-30T09:02:45.069499+00:00,STNRD
05c59b8b0f5541c1894759a6160cdab7,USGS-09371010,63680,00011,2023-10-24T04:00:00+00:00,,_FNU,Provisional,['DISCONTINUED'],2025-08-30T09:02:45.069499+00:00,STNRD
05c59b8b0f5541c1894759a6160cdab7,USGS-09371010,63680,00011,2023-10-24T04:15:00+00:00,,_FNU,Provisional,['DISCONTINUED'],2025-08-30T09:02:45.069499+00:00,STNRD
05c59b8b0f5541c1894759a6160cdab7,USGS-09371010,63680,00011,2023-10-24T04:30:00+00:00,,_FNU,Provisional,['DISCONTINUED'],2025-08-30T09:02:45.069499+00:00,STNRD
05c59b8b0f5541c1894759a6160cdab7,USGS-09371010,63680,00011,2023-10-24T04:45:00+00:00,,_FNU,Provisional,['DISCONTINUED'],2025-08-30T09:02:45.069499+00:00,STNRD
05c59b8b0f5541c1894759a6160cdab7,USGS-09371010,63680,00011,2023-10-24T05:00:00+00:00,,_FNU,Provisional,['DISCONTINUED'],2025-08-30T09:02:45.069499+00:00,STNRD
05c59b8b0f5541c1894759a6160cdab7,USGS-09371010,63680,00011,2023-10-24T05:15:00+00:00,,_FNU,Provisional,['DISCONTINUED'],2025-08-30T09:02:45.069499+00:00,STNRD
05c59b8b0f5541c1894759a6160cdab7,USGS-09371010,63680,00011,2023-10-24T05:30:00+00:00,,_FNU,Provisional,['DISCONTINUED'],2025-08-30T09:02:45.069499+00:00,STNRD
05c59b8b0f5541c1894759a6160cdab7,USGS-09371010,63680,00011,2023-10-24T05:45:00+00:00,,_FNU,Provisional,['DISCONTINUED'],2025-08-30T09:02:45.069499+00:00,STNRD
05c59b8b0f5541c1894759a6160cdab7,USGS-09371010,63680,00011,2023-10-24T06:00:00+00:00,,_FNU,Provisional,['DISCONTINUED'],2025-08-30T09:02:45.069499+00:00,STNRD
05c59b8b0f5541c1894759a6160cdab7,USGS-09371010,63680,00011,2023-10-24T06:15:00+00:00,,_FNU,Provisional,['DISCONTINUED'],2025-08-30T09:02:45.069499+00:00,STNRD
05c59b8b0f5541c1894759a6160cdab7,USGS-09371010,63680,00011,2023-10-24T06:30:00+00:00,,_FNU,Provisional,['DISCONTINUED'],2025-08-30T09:02:45.069499+00:00,STNRD
05c59b8b0f5541c1894759a6160cdab7,USGS-09371010,63680,00011,2023-10-24T06:45:00+00:00,,_FNU,Provisional,['DISCONTINUED'],2025-08-30T09:02:45.069499+00:00,STNRD
05c59b8b0f5541c1894759a6160cdab7,USGS-09371010,63680,00011,2023-10-24T07:00:00+00:00,,_FNU,Provisional,['DISCONTINUED'],2025-08-30T09:02:45.069499+00:00,STNRD
05c59b8b0f5541c1894759a6160cdab7,USGS-09371010,63680,00011,2023-10-24T07:15:00+00:00,,_FNU,Provisional,['DISCONTINUED'],2025-08-30T09:02:45.069499+00:00,STNRD
05c59b8b0f5541c1894759a6160cdab7,USGS-09371010,63680,00011,2023-10-24T07:30:00+00:00,,_FNU,Provisional,['DISCONTINUED'],2025-08-30T09:02:45.069499+00:00,STNRD
05c59b8b0f5541c1894759a6160cdab7,USGS-09371010,63680,00011,2023-10-24T07:45:00+00:00,,_FNU,Provisional,['DISCONTINUED'],2025-08-30T09:02:45.069499+00:00,STNRD
05c59b8b0f5541c1894759a6160cdab7,USGS-09371010,63680,00011,2023-10-24T08:00:00+00:00,,_FNU,Provisional,['DISCONTINUED'],2025-08-30T09:02:45.069499+00:00,STNRD
05c59b8b0f5541c1894759a6160cdab7,USGS-09371010,63680,00011,2023-10-24T08:15:00+00:00,,_FNU,Provisional,['DISCONTINUED'],2025-08-30T09:02:45.069499+00:00,STNRD
05c59b8b0f5541c1894759a6160cdab7,USGS-09371010,63680,00011,2023-10-24T08:30:00+00:00,,_FNU,Provisional,['DISCONTINUED'],2025-08-30T09:02:45.069499+00:00,STNRD
05c59b8b0f5541c1894759a6160cdab7,USGS-09371010,63680,00011,2023-10-24T08:45:00+00:00,,_FNU,Provisional,['DISCONTINUED'],2025-08-30T09:02:45.069499+00:00,STNRD
05c59b8b0f5541c1894759a6160cdab7,USGS-09371010,63680,00011,2023-10-24T09:00:00+00:00,,_FNU,Provisional,['DISCONTINUED'],2025-08-30T09:02:45.069499+00:00,STNRD
05c59b8b0f5541c1894759a6160cdab7,USGS-09371010,63680,00011,2023-10-24T09:15:00+00:00,,_FNU,Provisional,['DISCONTINUED'],2025-08-30T09:02:45.069499+00:00,STNRD
05c59b8b0f5541c1894759a6160cdab7,USGS-09371010,63680,00011,2023-10-24T09:30:00+00:00,,_FNU,Provisional,['DISCONTINUED'],2025-08-30T09:02:45.069499+00:00,STNRD
05c59b8b0f5541c1894759a6160cdab7,USGS-09371010,63680,00011,2023-10-24T09:45:00+00:00,,_FNU,Provisional,['DISCONTINUED'],2025-08-30T09:02:45.069499+00:00,STNRD
05c59b8b0f5541c1894759a6160cdab7,USGS-09371010,63680,00011,2023-10-24T10:00:00+00:00,,_FNU,Provisional,['DISCONTINUED'],2025-08-30T09:02:45.069499+00:00,STNRD
05c59b8b0f5541c1894759a6160cdab7,USGS-09371010,63680,00011,2023-10-24T10:15:00+00:00,,_FNU,Provisional,['DISCONTINUED'],2025-08-30T09:02:45.069499+00:00,STNRD
05c59b8b0f5541c1894759a6160cdab7,USGS-09371010,63680,00011,2023-10-24T10:30:00+00:00,,_FNU,Provisional,['DISCONTINUED'],2025-08-30T09:02:45.069499+00:00,STNRD
05c59b8b0f5541c1894759a6160cdab7,USGS-09371010,63680,00011,2023-10-24T10:45:00+00:00,,_FNU,Provisional,['DISCONTINUED'],2025-08-30T09:02:45.069499+00:00,STNRD
05c59b8b0f5541c1894759a6160cdab7,USGS-09371010,63680,00011,2023-10-24T11:00:00+00:00,,_FNU,Provisional,['DISCONTINUED'],2025-08-30T09:02:45.069499+00:00,STNRD
05c59b8b0f5541c1894759a6160cdab7,USGS-09371010,63680,00011,2023-10-24T11:15:00+00:00,,_FNU,Provisional,['DISCONTINUED'],2025-08-30T09:02:45.069499+00:00,STNRD
05c59b8b0f5541c1894759a6160cdab7,USGS-09371010,63680,00011,2023-10-24T11:30:00+00:00,,_FNU,Provisional,['DISCONTINUED'],2025-08-30T09:02:45.069499+00:00,STNRD
05c59b8b0f5541c1894759a6160cdab7,USGS-09371010,63680,00011,2023-10-24T11:45:00+00:00,,_FNU,Provisional,['DISCONTINUED'],2025-08-30T09:02:45.069499+00:00,STNRD
05c59b8b0f5541c1894759a6160cdab7,USGS-09371010,63680,00011,2023-10-24T12:00:00+00:00,,_FNU,Provisional,['DISCONTINUED'],2025-08-30T09:02:45.069499+00:00,STNRD
05c59b8b0f5541c1894759a6160cdab7,USGS-09371010,63680,00011,2023-10-24T12:15:00+00:00,,_FNU,Provisional,['DISCONTINUED'],2025-08-30T09:02:45.069499+00:00,STNRD
05c59b8b0f5541c1894759a6160cdab7,USGS-09371010,63680,00011,2023-10-24T12:30:00+00:00,,_FNU,Provisional,['DISCONTINUED'],2025-08-30T09:02:45.069499+00:00,STNRD
05c59b8b0f5541c1894759a6160cdab7,USGS-09371010,63680,00011,2023-10-24T12:45:00+00:00,,_FNU,Provisional,['DISCONTINUED'],2025-08-30T09:02:45.069499+00:00,STNRD
05c59b8b0f5541c1894759a6160cdab7,USGS-09371010,63680,00011,2023-10-24T13:00:00+00:00,,_FNU,Provisional,['DISCONTINUED'],2025-08-30T09:02:45.069499+00:00,STNRD
05c59b8b0f5541c1894759a6160cdab7,USGS-09371010,63680,00011,2023-10-24T13:15:00+00:00,,_FNU,Provisional,['DISCONTINUED'],2025-08-30T09:02:45.069499+00:00,STNRD
05c59b8b0f5541c1894759a6160cdab7,USGS-09371010,63680,00011,2023-10-24T13:30:00+00:00,,_FNU,Provisional,['DISCONTINUED'],2025-08-30T09:02:45.069499+00:00,STNRD
05c59b8b0f5541c1894759a6160cdab7,USGS-09371010,63680,00011,2023-10-24T13:45:00+00:00,,_FNU,Provisional,['DISCONTINUED'],2025-08-30T09:02:45.069499+00:00,STNRD
05c59b8b0f5541c1894759a6160cdab7,USGS-09371010,63680,00011,2023-10-24T14:00:00+00:00,,_FNU,Provisional,['DISCONTINUED'],2025-08-30T09:02:45.069499+00:00,STNRD
05c59b8b0f5541c1894759a6160cdab7,USGS-09371010,63680,00011,2023-10-24T14:15:00+00:00,,_FNU,Provisional,['DISCONTINUED'],2025-08-30T09:02:45.069499+00:00,STNRD
05c59b8b0f5541c1894759a6160cdab7,USGS-09371010,63680,00011,2023-10-24T14:30:00+00:00,,_FNU,Provisional,['DISCONTINUED'],2025-08-30T09:02:45.069499+00:00,STNRD
05c59b8b0f5541c1894759a6160cdab7,USGS-09371010,63680,00011,2023-10-24T14:45:00+00:00,,_FNU,Provisional,['DISCONTINUED'],2025-08-30T09:02:45.069499+00:00,STNRD
05c59b8b0f5541c1894759a6160cdab7,USGS-09371010,63680,00011,2023-10-24T15:00:00+00:00,,_FNU,Provisional,['DISCONTINUED'],2025-08-30T09:02:45.069499+00:00,STNRD
05c59b8b0f5541c1894759a6160cdab7,USGS-09371010,63680,00011,2023-10-24T15:15:00+00:00,,_FNU,Provisional,['DISCONTINUED'],2025-08-30T09:02:45.069499+00:00,STNRD
05c59b8b0f5541c1894759a6160cdab7,USGS-09371010,63680,00011,2023-10-24T15:30:00+00:00,,_FNU,Provisional,['DISCONTINUED'],2025-08-30T09:02:45.069499+00:00,STNRD
05c59b8b0f5541c1894759a6160cdab7,USGS-09371010,63680,00011,2023-10-24T15:45:00+00:00,,_FNU,Provisional,['DISCONTINUED'],2025-08-30T09:02:45.069499+00:00,STNRD
05c59b8b0f5541c1894759a6160cdab7,USGS-09371010,63680,00011,2023-10-24T16:00:00+00:00,,_FNU,Provisional,['DISCONTINUED'],2025-08-30T09:02:45.069499+00:00,STNRD
05c59b8b0f5541c1894759a6160cdab7,USGS-09371010,63680,00011,2023-10-24T16:15:00+00:00,,_FNU,Provisional,['DISCONTINUED'],2025-08-30T09:02:45.069499+00:00,STNRD
05c59b8b0f5541c1894759a6160cdab7,USGS-09371010,63680,00011,2023-10-24T16:30:00+00:00,,_FNU,Provisional,['DISCONTINUED'],2025-08-30T09:02:45.069499+00:00,STNRD
05c59b8b0f5541c1894759a6160cdab7,USGS-09371010,63680,00011,2023-10-24T16:45:00+00:00,,_FNU,Provisional,['DISCONTINUED'],2025-08-30T09:02:45.069499+00:00,STNRD
05c59b8b0f5541c1894759a6160cdab7,USGS-09371010,63680,00011,2023-10-24T17:00:00+00:00,,_FNU,Provisional,['DISCONTINUED'],2025-08-30T09:02:45.069499+00:00,STNRD
05c59b8b0f5541c1894759a6160cdab7,USGS-09371010,63680,00011,2023-10-24T17:15:00+00:00,,_FNU,Provisional,['DISCONTINUED'],2025-08-30T09:02:45.069499+00:00,STNRD
05c59b8b0f5541c1894759a6160cdab7,USGS-09371010,63680,00011,2023-10-24T17:30:00+00:00,,_FNU,Provisional,['DISCONTINUED'],2025-08-30T09:02:45.069499+00:00,STNRD
05c59b8b0f5541c1894759a6160cdab7,USGS-09371010,63680,00011,2023-10-24T17:45:00+00:00,,_FNU,Provisional,['DISCONTINUED'],2025-08-30T09:02:45.069499+00:00,STNRD
05c59b8b0f5541c1894759a6160cdab7,USGS-09371010,63680,00011,2023-10-24T18:00:00+00:00,,_FNU,Provisional,['DISCONTINUED'],2025-08-30T09:02:45.069499+00:00,STNRD
05c59b8b0f5541c1894759a6160cdab7,USGS-09371010,63680,00011,2023-10-24T18:15:00+00:00,,_FNU,Provisional,['DISCONTINUED'],2025-08-30T09:02:45.069499+00:00,STNRD
05c59b8b0f5541c1894759a6160cdab7,USGS-09371010,63680,00011,2023-10-24T18:30:00+00:00,,_FNU,Provisional,['DISCONTINUED'],2025-08-30T09:02:45.069499+00:00,STNRD
05c59b8b0f5541c1894759a6160cdab7,USGS-09371010,63680,00011,2023-10-24T18:45:00+00:00,,_FNU,Provisional,['DISCONTINUED'],2025-08-30T09:02:45.069499+00:00,STNRD
05c59b8b0f5541c1894759a6160cdab7,USGS-09371010,63680,00011,2023-10-24T19:00:00+00:00,,_FNU,Provisional,['DISCONTINUED'],2025-08-30T09:02:45.069499+00:00,STNRD
05c59b8b0f5541c1894759a6160cdab7,USGS-09371010,63680,00011,2023-10-24T19:15:00+00:00,,_FNU,Provisional,['DISCONTINUED'],2025-08-30T09:02:45.069499+00:00,STNRD
05c59b8b0f5541c1894759a6160cdab7,USGS-09371010,63680,00011,2023-10-24T19:30:00+00:00,,_FNU,Provisional,['DISCONTINUED'],2025-08-30T09:02:45.069499+00:00,STNRD
05c59b8b0f5541c1894759a6160cdab7,USGS-09371010,63680,00011,2023-10-24T19:45:00+00:00,,_FNU,Provisional,['DISCONTINUED'],2025-08-30T09:02:45.069499+00:00,STNRD
05c59b8b0f5541c1894759a6160cdab7,USGS-09371010,63680,00011,2023-10-24T20:00:00+00:00,,_FNU,Provisional,['DISCONTINUED'],2025-08-30T09:02:45.069499+00:00,STNRD
05c59b8b0f5541c1894759a6160cdab7,USGS-09371010,63680,00011,2023-10-24T20:15:00+00:00,,_FNU,Provisional,['DISCONTINUED'],2025-08-30T09:02:45.069499+00:00,STNRD
05c59b8b0f5541c1894759a6160cdab7,USGS-09371010,63680,00011,2023-10-24T20:30:00+00:00,,_FNU,Provisional,['DISCONTINUED'],2025-08-30T09:02:45.069499+00:00,STNRD
05c59b8b0f5541c1894759a6160cdab7,USGS-09371010,63680,00011,2023-10-24T20:45:00+00:00,,_FNU,Provisional,['DISCONTINUED'],2025-08-30T09:02:45.069499+00:00,STNRD
05c59b8b0f5541c1894759a6160cdab7,USGS-09371010,63680,00011,2023-10-24T21:00:00+00:00,,_FNU,Provisional,['DISCONTINUED'],2025-08-30T09:02:45.069499+00:00,STNRD
05c59b8b0f5541c1894759a6160cdab7,USGS-09371010,63680,00011,2023-10-24T21:15:00+00:00,,_FNU,Provisional,['DISCONTINUED'],2025-08-30T09:02:45.069499+00:00,STNRD
05c59b8b0f5541c1894759a6160cdab7,USGS-09371010,63680,00011,2023-10-24T21:30:00+00:00,,_FNU,Provisional,['DISCONTINUED'],2025-08-30T09:02:45.069499+00:00,STNRD
05c59b8b0f5541c1894759a6160cdab7,USGS-09371010,63680,00011,2023-10-24T21:45:00+00:00,,_FNU,Provisional,['DISCONTINUED'],2025-08-30T09:02:45.069499+00:00,STNRD
05c59b8b0f5541c1894759a6160cdab7,USGS-09371010,63680,00011,2023-10-24T22:00:00+00:00,,_FNU,Provisional,['DISCONTINUED'],2025-08-30T09:02:45.069499+00:00,STNRD
05c59b8b0f5541c1894759a6160cdab7,USGS-09371010,63680,00011,2023-10-24T22:15:00+00:00,,_FNU,Provisional,['DISCONTINUED'],2025-08-30T09:02:45.069499+00:00,STNRD
05c59b8b0f5541c1894759a6160cdab7,USGS-09371010,63680,00011,2023-10-24T22:30:00+00:00,,_FNU,Provisional,['DISCONTINUED'],2025-08-30T09:02:45.069499+00:00,STNRD
05c59b8b0f5541c1894759a6160cdab7,USGS-09371010,63680,00011,2023-10-24T22:45:00+00:00,,_FNU,Provisional,['DISCONTINUED'],2025-08-30T09:02:45.069499+00:00,STNRD
05c59b8b0f5541c1894759a6160cdab7,USGS-09371010,63680,00011,2023-10-24T23:00:00+00:00,,_FNU,Provisional,['DISCONTINUED'],2025-08-30T09:02:45.069499+00:00,STNRD
05c59b8b0f5541c1894759a6160cdab7,USGS-09371010,63680,00011,2023-10-24T23:15:00+00:00,,_FNU,Provisional,['DISCONTINUED'],2025-08-30T09:02:45.069499+00:00,STNRD
05c59b8b0f5541c1894759a6160cdab7,USGS-09371010,63680,00011,2023-10-24T23:30:00+00:00,,_FNU,Provisional,['DISCONTINUED'],2025-08-30T09:02:45.069499+00:00,STNRD
05c59b8b0f5541c1894759a6160cdab7,USGS-09371010,63680,00011,2023-10-24T23:45:00+00:00,,_FNU,Provisional,['DISCONTINUED'],2025-08-30T09:02:45.069499+00:00,STNRD
05c59b8b0f5541c1894759a6160cdab7,USGS-09371010,63680,00011,2023-10-25T00:00:00+00:00,,_FNU,Provisional,['DISCONTINUED'],2025-08-30T09:02:45.069499+00:00,STNRD
05c59b8b0f5541c1894759a6160cdab7,USGS-09371010,63680,00011,2023-10-25T00:15:00+00:00,,_FNU,Provisional,['DISCONTINUED'],2025-08-30T09:02:45.069499+00:00,STNRD
05c59b8b0f5541c1894759a6160cdab7,USGS-09371010,63680,00011,2023-10-25T00:30:00+00:00,,_FNU,Provisional,['DISCONTINUED'],2025-08-30T09:02:45.069499+00:00,STNRD
05c59b8b0f5541c1894759a6160cdab7,USGS-09371010,63680,00011,2023-10-25T00:45:00+00:00,,_FNU,Provisional,['DISCONTINUED'],2025-08-30T09:02:45.069499+00:00,STNRD
05c59b8b0f5541c1894759a6160cdab7,USGS-09371010,63680,00011,2023-10-25T01:00:00+00:00,,_FNU,Provisional,['DISCONTINUED'],2025-08-30T09:02:45.069499+00:00,STNRD
05c59b8b0f5541c1894759a6160cdab7,USGS-09371010,63680,00011,2023-10-25T01:15:00+00:00,,_FNU,Provisional,['DISCONTINUED'],2025-08-30T09:02:45.069499+00:00,STNRD
05c59b8b0f5541c1894759a6160cdab7,USGS-09371010,63680,00011,2023-10-25T01:30:00+00:00,,_FNU,Provisional,['DISCONTINUED'],2025-08-30T09:02:45.069499+00:00,STNRD
05c59b8b0f5541c1894759a6160cdab7,USGS-09371010,63680,00011,2023-10-25T01:45:00+00:00,,_FNU,Provisional,['DISCONTINUED'],2025-08-30T09:02:45.069499+00:00,STNRD
05c59b8b0f5541c1894759a6160cdab7,USGS-09371010,63680,00011,2023-10-25T02:00:00+00:00,,_FNU,Provisional,['DISCONTINUED'],2025-08-30T09:02:45.069499+00:00,STNRD
05c59b8b0f5541c1894759a6160cdab7,USGS-09371010,63680,00011,2023-10-25T02:15:00+00:00,,_FNU,Provisional,['DISCONTINUED'],2025-08-30T09:02:45.069499+00:00,STNRD
05c59b8b0f5541c1894759a6160cdab7,USGS-09371010,63680,00011,2023-10-25T02:30:00+00:00,,_FNU,Provisional,['DISCONTINUED'],2025-08-30T09:02:45.069499+00:00,STNRD
05c59b8b0f5541c1894759a6160cdab7,USGS-09371010,63680,00011,2023-10-25T02:45:00+00:00,,_FNU,Provisional,['DISCONTINUED'],2025-08-30T09:02:45.069499+00:00,STNRD
05c59b8b0f5541c1894759a6160cdab7,USGS-09371010,63680,00011,2023-10-25T03:00:00+00:00,,_FNU,Provisional,['DISCONTINUED'],2025-08-30T09:02:45.069499+00:00,STNRD
05c59b8b0f5541c1894759a6160cdab7,USGS-09371010,63680,00011,2023-10-25T03:15:00+00:00,,_FNU,Provisional,['DISCONTINUED'],2025-08-30T09:02:45.069499+00:00,STNRD
05c59b8b0f5541c1894759a6160cdab7,USGS-09371010,63680,00011,2023-10-25T03:30:00+00:00,,_FNU,Provisional,['DISCONTINUED'],2025-08-30T09:02:45.069499+00:00,STNRD
05c59b8b0f5541c1894759a6160cdab7,USGS-09371010,63680,00011,2023-10-25T03:45:00+00:00,,_FNU,Provisional,['DISCONTINUED'],2025-08-30T09:02:45.069499+00:00,STNRD
05c59b8b0f5541c1894759a6160cdab7,USGS-09371010,63680,00011,2023-10-25T04:00:00+00:00,,_FNU,Provisional,['DISCONTINUED'],2025-08-30T09:02:45.069499+00:00,STNRD
05c59b8b0f5541c1894759a6160cdab7,USGS-09371010,63680,00011,2023-10-25T04:15:00+00:00,,_FNU,Provisional,['DISCONTINUED'],2025-08-30T09:02:45.069499+00:00,STNRD
05c59b8b0f5541c1894759a6160cdab7,USGS-09371010,63680,00011,2023-10-25T04:30:00+00:00,,_FNU,Provisional,['DISCONTINUED'],2025-08-30T09:02:45.069499+00:00,STNRD
05c59b8b0f5541c1894759a6160cdab7,USGS-09371010,63680,00011,2023-10-25T04:45:00+00:00,,_FNU,Provisional,['DISCONTINUED'],2025-08-30T09:02:45.069499+00:00,STNRD
05c59b8b0f5541c1894759a6160cdab7,USGS-09371010,63680,00011,2023-10-25T05:00:00+00:00,,_FNU,Provisional,['DISCONTINUED'],2025-08-30T09:02:45.069499+00:00,STNRD
05c59b8b0f5541c1894759a6160cdab7,USGS-09371010,63680,00011,2023-10-25T05:15:00+00:00,,_FNU,Provisional,['DISCONTINUED'],2025-08-30T09:02:45.069499+00:00,STNRD
05c59b8b0f5541c1894759a6160cdab7,USGS-09371010,63680,00011,2023-10-25T05:30:00+00:00,,_FNU,Provisional,['DISCONTINUED'],2025-08-30T09:02:45.069499+00:00,STNRD
05c59b8b0f5541c1894759a6160cdab7,USGS-09371010,63680,00011,2023-10-25T05:45:00+00:00,,_FNU,Provisional,['DISCONTINUED'],2025-08-30T09:02:45.069499+00:00,STNRD
05c59b8b0f5541c1894759a6160cdab7,USGS-09371010,63680,00011,2023-10-25T06:00:00+00:00,,_FNU,Provisional,['DISCONTINUED'],2025-08-30T09:02:45.069499+00:00,STNRD
05c59b8b0f5541c1894759a6160cdab7,USGS-09371010,63680,00011,2023-10-25T06:15:00+00:00,,_FNU,Provisional,['DISCONTINUED'],2025-08-30T09:02:45.069499+00:00,STNRD
05c59b8b0f5541c1894759a6160cdab7,USGS-09371010,63680,00011,2023-10-25T06:30:00+00:00,,_FNU,Provisional,['DISCONTINUED'],2025-08-30T09:02:45.069499+00:00,STNRD
05c59b8b0f5541c1894759a6160cdab7,USGS-09371010,63680,00011,2023-10-25T06:45:00+00:00,,_FNU,Provisional,['DISCONTINUED'],2025-08-30T09:02:45.069499+00:00,STNRD
05c59b8b0f5541c1894759a6160cdab7,USGS-09371010,63680,00011,2023-10-25T07:00:00+00:00,,_FNU,Provisional,['DISCONTINUED'],2025-08-30T09:02:45.069499+00:00,STNRD
05c59b8b0f5541c1894759a6160cdab7,USGS-09371010,63680,00011,2023-10-25T07:15:00+00:00,,_FNU,Provisional,['DISCONTINUED'],2025-08-30T09:02:45.069499+00:00,STNRD
05c59b8b0f5541c1894759a6160cdab7,USGS-09371010,63680,00011,2023-10-25T07:30:00+00:00,,_FNU,Provisional,['DISCONTINUED'],2025-08-30T09:02:45.069499+00:00,STNRD
05c59b8b0f5541c1894759a6160cdab7,USGS-09371010,63680,00011,2023-10-25T07:45:00+00:00,,_FNU,Provisional,['DISCONTINUED'],2025-08-30T09:02:45.069499+00:00,STNRD
05c59b8b0f5541c1894759a6160cdab7,USGS-09371010,63680,00011,2023-10-25T08:00:00+00:00,,_FNU,Provisional,['DISCONTINUED'],2025-08-30T09:02:45.069499+00:00,STNRD
05c59b8b0f5541c1894759a6160cdab7,USGS-09371010,63680,00011,2023-10-25T08:15:00+00:00,,_FNU,Provisional,['DISCONTINUED'],2025-08-30T09:02:45.069499+00:00,STNRD
05c59b8b0f5541c1894759a6160cdab7,USGS-09371010,63680,00011,2023-10-25T08:30:00+00:00,,_FNU,Provisional,['DISCONTINUED'],2025-08-30T09:02:45.069499+00:00,STNRD
05c59b8b0f5541c1894759a6160cdab7,USGS-09371010,63680,00011,2023-10-25T08:45:00+00:00,,_FNU,Provisional,['DISCONTINUED'],2025-08-30T09:02:45.069499+00:00,STNRD
05c59b8b0f5541c1894759a6160cdab7,USGS-09371010,63680,00011,2023-10-25T09:00:00+00:00,,_FNU,Provisional,['DISCONTINUED'],2025-08-30T09:02:45.069499+00:00,STNRD
05c59b8b0f5541c1894759a6160cdab7,USGS-09371010,63680,00011,2023-10-25T09:15:00+00:00,,_FNU,Provisional,['DISCONTINUED'],2025-08-30T09:02:45.069499+00:00,STNRD
05c59b8b0f5541c1894759a6160cdab7,USGS-09371010,63680,00011,2023-10-25T09:30:00+00:00,,_FNU,Provisional,['DISCONTINUED'],2025-08-30T09:02:45.069499+00:00,STNRD
05c59b8b0f5541c1894759a6160cdab7,USGS-09371010,63680,00011,2023-10-25T09:45:00+00:00,,_FNU,Provisional,['DISCONTINUED'],2025-08-30T09:02:45.069499+00:00,STNRD
05c59b8b0f5541c1894759a6160cdab7,USGS-09371010,63680,00011,2023-10-25T10:00:00+00:00,,_FNU,Provisional,['DISCONTINUED'],2025-08-30T09:02:45.069499+00:00,STNRD
05c59b8b0f5541c1894759a6160cdab7,USGS-09371010,63680,00011,2023-10-25T10:15:00+00:00,,_FNU,Provisional,['DISCONTINUED'],2025-08-30T09:02:45.069499+00:00,STNRD
05c59b8b0f5541c1894759a6160cdab7,USGS-09371010,63680,00011,2023-10-25T10:30:00+00:00,,_FNU,Provisional,['DISCONTINUED'],2025-08-30T09:02:45.069499+00:00,STNRD
05c59b8b0f5541c1894759a6160cdab7,USGS-09371010,63680,00011,2023-10-25T10:45:00+00:00,,_FNU,Provisional,['DISCONTINUED'],2025-08-30T09:02:45.069499+00:00,STNRD
05c59b8b0f5541c1894759a6160cdab7,USGS-09371010,63680,00011,2023-10-25T11:00:00+00:00,,_FNU,Provisional,['DISCONTINUED'],2025-08-30T09:02:45.069499+00:00,STNRD
05c59b8b0f5541c1894759a6160cdab7,USGS-09371010,63680,00011,2023-10-25T11:15:00+00:00,,_FNU,Provisional,['DISCONTINUED'],2025-08-30T09:02:45.069499+00:00,STNRD
05c59b8b0f5541c1894759a6160cdab7,USGS-09371010,63680,00011,2023-10-25T11:30:00+00:00,,_FNU,Provisional,['DISCONTINUED'],2025-08-30T09:02:45.069499+00:00,STNRD
05c59b8b0f5541c1894759a6160cdab7,USGS-09371010,63680,00011,2023-10-25T11:45:00+00:00,,_FNU,Provisional,['DISCONTINUED'],2025-08-30T09:02:45.069499+00:00,STNRD
05c59b8b0f5541c1894759a6160cdab7,USGS-09371010,63680,00011,2023-10-25T12:00:00+00:00,,_FNU,Provisional,['DISCONTINUED'],2025-08-30T09:02:45.069499+00:00,STNRD
05c59b8b0f5541c1894759a6160cdab7,USGS-09371010,63680,00011,2023-10-25T12:15:00+00:00,,_FNU,Provisional,['DISCONTINUED'],2025-08-30T09:02:45.069499+00:00,STNRD
05c59b8b0f5541c1894759a6160cdab7,USGS-09371010,63680,00011,2023-10-25T12:30:00+00:00,,_FNU,Provisional,['DISCONTINUED'],2025-08-30T09:02:45.069499+00:00,STNRD
05c59b8b0f5541c1894759a6160cdab7,USGS-09371010,63680,00011,2023-10-25T12:45:00+00:00,,_FNU,Provisional,['DISCONTINUED'],2025-08-30T09:02:45.069499+00:00,STNRD
05c59b8b0f5541c1894759a6160cdab7,USGS-09371010,63680,00011,2023-10-25T13:00:00+00:00,,_FNU,Provisional,['DISCONTINUED'],2025-08-30T09:02:45.069499+00:00,STNRD
05c59b8b0f5541c1894759a6160cdab7,USGS-09371010,63680,00011,2023-10-25T13:15:00+00:00,,_FNU,Provisional,['DISCONTINUED'],2025-08-30T09:02:45.069499+00:00,STNRD
05c59b8b0f5541c1894759a6160cdab7,USGS-09371010,63680,00011,2023-10-25T13:30:00+00:00,,_FNU,Provisional,['DISCONTINUED'],2025-08-30T09:02:45.069499+00:00,STNRD
05c59b8b0f5541c1894759a6160cdab7,USGS-09371010,63680,00011,2023-10-25T13:45:00+00:00,,_FNU,Provisional,['DISCONTINUED'],2025-08-30T09:02:45.069499+00:00,STNRD
05c59b8b0f5541c1894759a6160cdab7,USGS-09371010,63680,00011,2023-10-25T14:00:00+00:00,,_FNU,Provisional,['DISCONTINUED'],2025-08-30T09:02:45.069499+00:00,STNRD
05c59b8b0f5541c1894759a6160cdab7,USGS-09371010,63680,00011,2023-10-25T14:15:00+00:00,,_FNU,Provisional,['DISCONTINUED'],2025-08-30T09:02:45.069499+00:00,STNRD
05c59b8b0f5541c1894759a6160cdab7,USGS-09371010,63680,00011,2023-10-25T14:30:00+00:00,,_FNU,Provisional,['DISCONTINUED'],2025-08-30T09:02:45.069499+00:00,STNRD
05c59b8b0f5541c1894759a6160cdab7,USGS-09371010,63680,00011,2023-10-25T14:45:00+00:00,,_FNU,Provisional,['DISCONTINUED'],2025-08-30T09:02:45.069499+00:00,STNRD
05c59b8b0f5541c1894759a6160cdab7,USGS-09371010,63680,00011,2023-10-25T15:00:00+00:00,,_FNU,Provisional,['DISCONTINUED'],2025-08-30T09:02:45.069499+00:00,STNRD
05c59b8b0f5541c1894759a6160cdab7,USGS-09371010,63680,00011,2023-10-25T15:15:00+00:00,,_FNU,Provisional,['DISCONTINUED'],2025-08-30T09:02:45.069499+00:00,STNRD
05c59b8b0f5541c1894759a6160cdab7,USGS-09371010,63680,00011,2023-10-25T15:30:00+00:00,,_FNU,Provisional,['DISCONTINUED'],2025-08-30T09:02:45.069499+00:00,STNRD
05c59b8b0f5541c1894759a6160cdab7,USGS-09371010,63680,00011,2023-10-25T15:45:00+00:00,,_FNU,Provisional,['DISCONTINUED'],2025-08-30T09:02:45.069499+00:00,STNRD
05c59b8b0f5541c1894759a6160cdab7,USGS-09371010,63680,00011,2023-10-25T16:00:00+00:00,,_FNU,Provisional,['DISCONTINUED'],2025-08-30T09:02:45.069499+00:00,STNRD
05c59b8b0f5541c1894759a6160cdab7,USGS-09371010,63680,00011,2023-10-25T16:15:00+00:00,,_FNU,Provisional,['DISCONTINUED'],2025-08-30T09:02:45.069499+00:00,STNRD
05c59b8b0f5541c1894759a6160cdab7,USGS-09371010,63680,00011,2023-10-25T16:30:00+00:00,,_FNU,Provisional,['DISCONTINUED'],2025-08-30T09:02:45.069499+00:00,STNRD
05c59b8b0f5541c1894759a6160cdab7,USGS-09371010,63680,00011,2023-10-25T16:45:00+00:00,,_FNU,Provisional,['DISCONTINUED'],2025-08-30T09:02:45.069499+00:00,STNRD
05c59b8b0f5541c1894759a6160cdab7,USGS-09371010,63680,00011,2023-10-25T17:00:00+00:00,,_FNU,Provisional,['DISCONTINUED'],2025-08-30T09:02:45.069499+00:00,STNRD
05c59b8b0f5541c1894759a6160cdab7,USGS-09371010,63680,00011,2023-10-25T17:15:00+00:00,,_FNU,Provisional,['DISCONTINUED'],2025-08-30T09:02:45.069499+00:00,STNRD
05c59b8b0f5541c1894759a6160cdab7,USGS-09371010,63680,00011,2023-10-25T17:30:00+00:00,,_FNU,Provisional,['DISCONTINUED'],2025-08-30T09:02:45.069499+00:00,STNRD
05c59b8b0f5541c1894759a6160cdab7,USGS-09371010,63680,00011,2023-10-25T17:45:00+00:00,,_FNU,Provisional,['DISCONTINUED'],2025-08-30T09:02:45.069499+00:00,STNRD
05c59b8b0f5541c1894759a6160cdab7,USGS-09371010,63680,00011,2023-10-25T18:00:00+00:00,,_FNU,Provisional,['DISCONTINUED'],2025-08-30T09:02:45.069499+00:00,STNRD
05c59b8b0f5541c1894759a6160cdab7,USGS-09371010,63680,00011,2023-10-25T18:15:00+00:00,,_FNU,Provisional,['DISCONTINUED'],2025-08-30T09:02:45.069499+00:00,STNRD
05c59b8b0f5541c1894759a6160cdab7,USGS-09371010,63680,00011,2023-10-25T18:30:00+00:00,,_FNU,Provisional,['DISCONTINUED'],2025-08-30T09:02:45.069499+00:00,STNRD
05c59b8b0f5541c1894759a6160cdab7,USGS-09371010,63680,00011,2023-10-25T18:45:00+00:00,,_FNU,Provisional,['DISCONTINUED'],2025-08-30T09:02:45.069499+00:00,STNRD
05c59b8b0f5541c1894759a6160cdab7,USGS-09371010,63680,00011,2023-10-25T19:00:00+00:00,,_FNU,Provisional,['DISCONTINUED'],2025-08-30T09:02:45.069499+00:00,STNRD
05c59b8b0f5541c1894759a6160cdab7,USGS-09371010,63680,00011,2023-10-25T19:15:00+00:00,,_FNU,Provisional,['DISCONTINUED'],2025-08-30T09:02:45.069499+00:00,STNRD
05c59b8b0f5541c1894759a6160cdab7,USGS-09371010,63680,00011,2023-10-25T19:30:00+00:00,,_FNU,Provisional,['DISCONTINUED'],2025-08-30T09:02:45.069499+00:00,STNRD
05c59b8b0f5541c1894759a6160cdab7,USGS-09371010,63680,00011,2023-10-25T19:45:00+00:00,,_FNU,Provisional,['DISCONTINUED'],2025-08-30T09:02:45.069499+00:00,STNRD
05c59b8b0f5541c1894759a6160cdab7,USGS-09371010,63680,00011,2023-10-25T20:00:00+00:00,,_FNU,Provisional,['DISCONTINUED'],2025-08-30T09:02:45.069499+00:00,STNRD
05c59b8b0f5541c1894759a6160cdab7,USGS-09371010,63680,00011,2023-10-25T20:15:00+00:00,,_FNU,Provisional,['DISCONTINUED'],2025-08-30T09:02:45.069499+00:00,STNRD
05c59b8b0f5541c1894759a6160cdab7,USGS-09371010,63680,00011,2023-10-25T20:30:00+00:00,,_FNU,Provisional,['DISCONTINUED'],2025-08-30T09:02:45.069499+00:00,STNRD
05c59b8b0f5541c1894759a6160cdab7,USGS-09371010,63680,00011,2023-10-25T20:45:00+00:00,,_FNU,Provisional,['DISCONTINUED'],2025-08-30T09:02:45.069499+00:00,STNRD
05c59b8b0f5541c1894759a6160cdab7,USGS-09371010,63680,00011,2023-10-25T21:00:00+00:00,,_FNU,Provisional,['DISCONTINUED'],2025-08-30T09:02:45.069499+00:00,STNRD
05c59b8b0f5541c1894759a6160cdab7,USGS-09371010,63680,00011,2023-10-25T21:15:00+00:00,,_FNU,Provisional,['DISCONTINUED'],2025-08-30T09:02:45.069499+00:00,STNRD
05c59b8b0f5541c1894759a6160cdab7,USGS-09371010,63680,00011,2023-10-25T21:30:00+00:00,,_FNU,Provisional,['DISCONTINUED'],2025-08-30T09:02:45.069499+00:00,STNRD
05c59b8b0f5541c1894759a6160cdab7,USGS-09371010,63680,00011,2023-10-25T21:45:00+00:00,,_FNU,Provisional,['DISCONTINUED'],2025-08-30T09:02:45.069499+00:00,STNRD
05c59b8b0f5541c1894759a6160cdab7,USGS-09371010,63680,00011,2023-10-25T22:00:00+00:00,,_FNU,Provisional,['DISCONTINUED'],2025-08-30T09:02:45.069499+00:00,STNRD
05c59b8b0f5541c1894759a6160cdab7,USGS-09371010,63680,00011,2023-10-25T22:15:00+00:00,,_FNU,Provisional,['DISCONTINUED'],2025-08-30T09:02:45.069499+00:00,STNRD
05c59b8b0f5541c1894759a6160cdab7,USGS-09371010,63680,00011,2023-10-25T22:30:00+00:00,,_FNU,Provisional,['DISCONTINUED'],2025-08-30T09:02:45.069499+00:00,STNRD
05c59b8b0f5541c1894759a6160cdab7,USGS-09371010,63680,00011,2023-10-25T22:45:00+00:00,,_FNU,Provisional,['DISCONTINUED'],2025-08-30T09:02:45.069499+00:00,STNRD
05c59b8b0f5541c1894759a6160cdab7,USGS-09371010,63680,00011,2023-10-25T23:00:00+00:00,,_FNU,Provisional,['DISCONTINUED'],2025-08-30T09:02:45.069499+00:00,STNRD
05c59b8b0f5541c1894759a6160cdab7,USGS-09371010,63680,00011,2023-10-25T23:15:00+00:00,,_FNU,Provisional,['DISCONTINUED'],2025-08-30T09:02:45.069499+00:00,STNRD
05c59b8b0f5541c1894759a6160cdab7,USGS-09371010,63680,00011,2023-10-25T23:30:00+00:00,,_FNU,Provisional,['DISCONTINUED'],2025-08-30T09:02:45.069499+00:00,STNRD
05c59b8b0f5541c1894759a6160cdab7,USGS-09371010,63680,00011,2023-10-25T23:45:00+00:00,,_FNU,Provisional,['DISCONTINUED'],2025-08-30T09:02:45.069499+00:00,STNRD
05c59b8b0f5541c1894759a6160cdab7,USGS-09371010,63680,00011,2023-10-26T00:00:00+00:00,,_FNU,Provisional,['DISCONTINUED'],2025-08-30T09:02:45.069499+00:00,STNRD
05c59b8b0f5541c1894759a6160cdab7,USGS-09371010,63680,00011,2023-10-26T00:15:00+00:00,,_FNU,Provisional,['DISCONTINUED'],2025-08-30T09:02:45.069499+00:00,STNRD
05c59b8b0f5541c1894759a6160cdab7,USGS-09371010,63680,00011,2023-10-26T00:30:00+00:00,,_FNU,Provisional,['DISCONTINUED'],2025-08-30T09:02:45.069499+00:00,STNRD
05c59b8b0f5541c1894759a6160cdab7,USGS-09371010,63680,00011,2023-10-26T00:45:00+00:00,,_FNU,Provisional,['DISCONTINUED'],2025-08-30T09:02:45.069499+00:00,STNRD
05c59b8b0f5541c1894759a6160cdab7,USGS-09371010,63680,00011,2023-10-26T01:00:00+00:00,,_FNU,Provisional,['DISCONTINUED'],2025-08-30T09:02:45.069499+00:00,STNRD
05c59b8b0f5541c1894759a6160cdab7,USGS-09371010,63680,00011,2023-10-26T01:15:00+00:00,,_FNU,Provisional,['DISCONTINUED'],2025-08-30T09:02:45.069499+00:00,STNRD
05c59b8b0f5541c1894759a6160cdab7,USGS-09371010,63680,00011,2023-10-26T01:30:00+00:00,,_FNU,Provisional,['DISCONTINUED'],2025-08-30T09:02:45.069499+00:00,STNRD
05c59b8b0f5541c1894759a6160cdab7,USGS-09371010,63680,00011,2023-10-26T01:45:00+00:00,,_FNU,Provisional,['DISCONTINUED'],2025-08-30T09:02:45.069499+00:00,STNRD
05c59b8b0f5541c1894759a6160cdab7,USGS-09371010,63680,00011,2023-10-26T02:00:00+00:00,,_FNU,Provisional,['DISCONTINUED'],2025-08-30T09:02:45.069499+00:00,STNRD
05c59b8b0f5541c1894759a6160cdab7,USGS-09371010,63680,00011,2023-10-26T02:15:00+00:00,,_FNU,Provisional,['DISCONTINUED'],2025-08-30T09:02:45.069499+00:00,STNRD
05c59b8b0f5541c1894759a6160cdab7,USGS-09371010,63680,00011,2023-10-26T02:30:00+00:00,,_FNU,Provisional,['DISCONTINUED'],2025-08-30T09:02:45.069499+00:00,STNRD
05c59b8b0f5541c1894759a6160cdab7,USGS-09371010,63680,00011,2023-10-26T02:45:00+00:00,,_FNU,Provisional,['DISCONTINUED'],2025-08-30T09:02:45.069499+00:00,STNRD
05c59b8b0f5541c1894759a6160cdab7,USGS-09371010,63680,00011,2023-10-26T03:00:00+00:00,,_FNU,Provisional,['DISCONTINUED'],2025-08-30T09:02:45.069499+00:00,STNRD
05c59b8b0f5541c1894759a6160cdab7,USGS-09371010,63680,00011,2023-10-26T03:15:00+00:00,,_FNU,Provisional,['DISCONTINUED'],2025-08-30T09:02:45.069499+00:00,STNRD
05c59b8b0f5541c1894759a6160cdab7,USGS-09371010,63680,00011,2023-10-26T03:30:00+00:00,,_FNU,Provisional,['DISCONTINUED'],2025-08-30T09:02:45.069499+00:00,STNRD
05c59b8b0f5541c1894759a6160cdab7,USGS-09371010,63680,00011,2023-10-26T03:45:00+00:00,,_FNU,Provisional,['DISCONTINUED'],2025-08-30T09:02:45.069499+00:00,STNRD
05c59b8b0f5541c1894759a6160cdab7,USGS-09371010,63680,00011,2023-10-26T04:00:00+00:00,,_FNU,Provisional,['DISCONTINUED'],2025-08-30T09:02:45.069499+00:00,STNRD
05c59b8b0f5541c1894759a6160cdab7,USGS-09371010,63680,00011,2023-10-26T04:15:00+00:00,,_FNU,Provisional,['DISCONTINUED'],2025-08-30T09:02:45.069499+00:00,STNRD
05c59b8b0f5541c1894759a6160cdab7,USGS-09371010,63680,00011,2023-10-26T04:30:00+00:00,,_FNU,Provisional,['DISCONTINUED'],2025-08-30T09:02:45.069499+00:00,STNRD
05c59b8b0f5541c1894759a6160cdab7,USGS-09371010,63680,00011,2023-10-26T04:45:00+00:00,,_FNU,Provisional,['DISCONTINUED'],2025-08-30T09:02:45.069499+00:00,STNRD
05c59b8b0f5541c1894759a6160cdab7,USGS-09371010,63680,00011,2023-10-26T05:00:00+00:00,,_FNU,Provisional,['DISCONTINUED'],2025-08-30T09:02:45.069499+00:00,STNRD
05c59b8b0f5541c1894759a6160cdab7,USGS-09371010,63680,00011,2023-10-26T05:15:00+00:00,,_FNU,Provisional,['DISCONTINUED'],2025-08-30T09:02:45.069499+00:00,STNRD
05c59b8b0f5541c1894759a6160cdab7,USGS-09371010,63680,00011,2023-10-26T05:30:00+00:00,,_FNU,Provisional,['DISCONTINUED'],2025-08-30T09:02:45.069499+00:00,STNRD
05c59b8b0f5541c1894759a6160cdab7,USGS-09371010,63680,00011,2023-10-26T05:45:00+00:00,,_FNU,Provisional,['DISCONTINUED'],2025-08-30T09:02:45.069499+00:00,STNRD
05c59b8b0f5541c1894759a6160cdab7,USGS-09371010,63680,00011,2023-10-26T06:00:00+00:00,,_FNU,Provisional,['DISCONTINUED'],2025-08-30T09:02:45.069499+00:00,STNRD
05c59b8b0f5541c1894759a6160cdab7,USGS-09371010,63680,00011,2023-10-26T06:15:00+00:00,,_FNU,Provisional,['DISCONTINUED'],2025-08-30T09:02:45.069499+00:00,STNRD
05c59b8b0f5541c1894759a6160cdab7,USGS-09371010,63680,00011,2023-10-26T06:30:00+00:00,,_FNU,Provisional,['DISCONTINUED'],2025-08-30T09:02:45.069499+00:00,STNRD
05c59b8b0f5541c1894759a6160cdab7,USGS-09371010,63680,00011,2023-10-26T06:45:00+00:00,,_FNU,Provisional,['DISCONTINUED'],2025-08-30T09:02:45.069499+00:00,STNRD
05c59b8b0f5541c1894759a6160cdab7,USGS-09371010,63680,00011,2023-10-26T07:00:00+00:00,,_FNU,Provisional,['DISCONTINUED'],2025-08-30T09:02:45.069499+00:00,STNRD
05c59b8b0f5541c1894759a6160cdab7,USGS-09371010,63680,00011,2023-10-26T07:15:00+00:00,,_FNU,Provisional,['DISCONTINUED'],2025-08-30T09:02:45.069499+00:00,STNRD
05c59b8b0f5541c1894759a6160cdab7,USGS-09371010,63680,00011,2023-10-26T07:30:00+00:00,,_FNU,Provisional,['DISCONTINUED'],2025-08-30T09:02:45.069499+00:00,STNRD
05c59b8b0f5541c1894759a6160cdab7,USGS-09371010,63680,00011,2023-10-26T07:45:00+00:00,,_FNU,Provisional,['DISCONTINUED'],2025-08-30T09:02:45.069499+00:00,STNRD
05c59b8b0f5541c1894759a6160cdab7,USGS-09371010,63680,00011,2023-10-26T08:00:00+00:00,,_FNU,Provisional,['DISCONTINUED'],2025-08-30T09:02:45.069499+00:00,STNRD
05c59b8b0f5541c1894759a6160cdab7,USGS-09371010,63680,00011,2023-10-26T08:15:00+00:00,,_FNU,Provisional,['DISCONTINUED'],2025-08-30T09:02:45.069499+00:00,STNRD
05c59b8b0f5541c1894759a6160cdab7,USGS-09371010,63680,00011,2023-10-26T08:30:00+00:00,,_FNU,Provisional,['DISCONTINUED'],2025-08-30T09:02:45.069499+00:00,STNRD
05c59b8b0f5541c1894759a6160cdab7,USGS-09371010,63680,00011,2023-10-26T08:45:00+00:00,,_FNU,Provisional,['DISCONTINUED'],2025-08-30T09:02:45.069499+00:00,STNRD
05c59b8b0f5541c1894759a6160cdab7,USGS-09371010,63680,00011,2023-10-26T09:00:00+00:00,,_FNU,Provisional,['DISCONTINUED'],2025-08-30T09:02:45.069499+00:00,STNRD
05c59b8b0f5541c1894759a6160cdab7,USGS-09371010,63680,00011,2023-10-26T09:15:00+00:00,,_FNU,Provisional,['DISCONTINUED'],2025-08-30T09:02:45.069499+00:00,STNRD
05c59b8b0f5541c1894759a6160cdab7,USGS-09371010,63680,00011,2023-10-26T09:30:00+00:00,,_FNU,Provisional,['DISCONTINUED'],2025-08-30T09:02:45.069499+00:00,STNRD
05c59b8b0f5541c1894759a6160cdab7,USGS-09371010,63680,00011,2023-10-26T09:45:00+00:00,,_FNU,Provisional,['DISCONTINUED'],2025-08-30T09:02:45.069499+00:00,STNRD
05c59b8b0f5541c1894759a6160cdab7,USGS-09371010,63680,00011,2023-10-26T10:00:00+00:00,,_FNU,Provisional,['DISCONTINUED'],2025-08-30T09:02:45.069499+00:00,STNRD
05c59b8b0f5541c1894759a6160cdab7,USGS-09371010,63680,00011,2023-10-26T10:15:00+00:00,,_FNU,Provisional,['DISCONTINUED'],2025-08-30T09:02:45.069499+00:00,STNRD
05c59b8b0f5541c1894759a6160cdab7,USGS-09371010,63680,00011,2023-10-26T10:30:00+00:00,,_FNU,Provisional,['DISCONTINUED'],2025-08-30T09:02:45.069499+00:00,STNRD
05c59b8b0f5541c1894759a6160cdab7,USGS-09371010,63680,00011,2023-10-26T10:45:00+00:00,,_FNU,Provisional,['DISCONTINUED'],2025-08-30T09:02:45.069499+00:00,STNRD
05c59b8b0f5541c1894759a6160cdab7,USGS-09371010,63680,00011,2023-10-26T11:00:00+00:00,,_FNU,Provisional,['DISCONTINUED'],2025-08-30T09:02:45.069499+00:00,STNRD
05c59b8b0f5541c1894759a6160cdab7,USGS-09371010,63680,00011,2023-10-26T11:15:00+00:00,,_FNU,Provisional,['DISCONTINUED'],2025-08-30T09:02:45.069499+00:00,STNRD
05c59b8b0f5541c1894759a6160cdab7,USGS-09371010,63680,00011,2023-10-26T11:30:00+00:00,,_FNU,Provisional,['DISCONTINUED'],2025-08-30T09:02:45.069499+00:00,STNRD
05c59b8b0f5541c1894759a6160cdab7,USGS-09371010,63680,00011,2023-10-26T11:45:00+00:00,,_FNU,Provisional,['DISCONTINUED'],2025-08-30T09:02:45.069499+00:00,STNRD
05c59b8b0f5541c1894759a6160cdab7,USGS-09371010,63680,00011,2023-10-26T12:00:00+00:00,,_FNU,Provisional,['DISCONTINUED'],2025-08-30T09:02:45.069499+00:00,STNRD
05c59b8b0f5541c1894759a6160cdab7,USGS-09371010,63680,00011,2023-10-26T12:15:00+00:00,,_FNU,Provisional,['DISCONTINUED'],2025-08-30T09:02:45.069499+00:00,STNRD
05c59b8b0f5541c1894759a6160cdab7,USGS-09371010,63680,00011,2023-10-26T12:30:00+00:00,,_FNU,Provisional,['DISCONTINUED'],2025-08-30T09:02:45.069499+00:00,STNRD
05c59b8b0f5541c1894759a6160cdab7,USGS-09371010,63680,00011,2023-10-26T12:45:00+00:00,,_FNU,Provisional,['DISCONTINUED'],2025-08-30T09:02:45.069499+00:00,STNRD
05c59b8b0f5541c1894759a6160cdab7,USGS-09371010,63680,00011,2023-10-26T13:00:00+00:00,,_FNU,Provisional,['DISCONTINUED'],2025-08-30T09:02:45.069499+00:00,STNRD
05c59b8b0f5541c1894759a6160cdab7,USGS-09371010,63680,00011,2023-10-26T13:15:00+00:00,,_FNU,Provisional,['DISCONTINUED'],2025-08-30T09:02:45.069499+00:00,STNRD
05c59b8b0f5541c1894759a6160cdab7,USGS-09371010,63680,00011,2023-10-26T13:30:00+00:00,,_FNU,Provisional,['DISCONTINUED'],2025-08-30T09:02:45.069499+00:00,STNRD
05c59b8b0f5541c1894759a6160cdab7,USGS-09371010,63680,00011,2023-10-26T13:45:00+00:00,,_FNU,Provisional,['DISCONTINUED'],2025-08-30T09:02:45.069499+00:00,STNRD
05c59b8b0f5541c1894759a6160cdab7,USGS-09371010,63680,00011,2023-10-26T14:00:00+00:00,,_FNU,Provisional,['DISCONTINUED'],2025-08-30T09:02:45.069499+00:00,STNRD
05c59b8b0f5541c1894759a6160cdab7,USGS-09371010,63680,00011,2023-10-26T14:15:00+00:00,,_FNU,Provisional,['DISCONTINUED'],2025-08-30T09:02:45.069499+00:00,STNRD
05c59b8b0f5541c1894759a6160cdab7,USGS-09371010,63680,00011,2023-10-26T14:30:00+00:00,,_FNU,Provisional,['DISCONTINUED'],2025-08-30T09:02:45.069499+00:00,STNRD
05c59b8b0f5541c1894759a6160cdab7,USGS-09371010,63680,00011,2023-10-26T14:45:00+00:00,,_FNU,Provisional,['DISCONTINUED'],2025-08-30T09:02:45.069499+00:00,STNRD
05c59b8b0f5541c1894759a6160cdab7,USGS-09371010,63680,00011,2023-10-26T15:00:00+00:00,,_FNU,Provisional,['DISCONTINUED'],2025-08-30T09:02:45.069499+00:00,STNRD
05c59b8b0f5541c1894759a6160cdab7,USGS-09371010,63680,00011,2023-10-26T15:15:00+00:00,,_FNU,Provisional,['DISCONTINUED'],2025-08-30T09:02:45.069499+00:00,STNRD
05c59b8b0f5541c1894759a6160cdab7,USGS-09371010,63680,00011,2023-10-26T15:30:00+00:00,,_FNU,Provisional,['DISCONTINUED'],2025-08-30T09:02:45.069499+00:00,STNRD
05c59b8b0f5541c1894759a6160cdab7,USGS-09371010,63680,00011,2023-10-26T15:45:00+00:00,,_FNU,Provisional,['DISCONTINUED'],2025-08-30T09:02:45.069499+00:00,STNRD
05c59b8b0f5541c1894759a6160cdab7,USGS-09371010,63680,00011,2023-10-26T16:00:00+00:00,,_FNU,Provisional,['DISCONTINUED'],2025-08-30T09:02:45.069499+00:00,STNRD
05c59b8b0f5541c1894759a6160cdab7,USGS-09371010,63680,00011,2023-10-26T16:15:00+00:00,,_FNU,Provisional,['DISCONTINUED'],2025-08-30T09:02:45.069499+00:00,STNRD
05c59b8b0f5541c1894759a6160cdab7,USGS-09371010,63680,00011,2023-10-26T16:30:00+00:00,,_FNU,Provisional,['DISCONTINUED'],2025-08-30T09:02:45.069499+00:00,STNRD
05c59b8b0f5541c1894759a6160cdab7,USGS-09371010,63680,00011,2023-10-26T16:45:00+00:00,,_FNU,Provisional,['DISCONTINUED'],2025-08-30T09:02:45.069499+00:00,STNRD
05c59b8b0f5541c1894759a6160cdab7,USGS-09371010,63680,00011,2023-10-26T17:00:00+00:00,,_FNU,Provisional,['DISCONTINUED'],2025-08-30T09:02:45.069499+00:00,STNRD
05c59b8b0f5541c1894759a6160cdab7,USGS-09371010,63680,00011,2023-10-26T17:15:00+00:00,,_FNU,Provisional,['DISCONTINUED'],2025-08-30T09:02:45.069499+00:00,STNRD
05c59b8b0f5541c1894759a6160cdab7,USGS-09371010,63680,00011,2023-10-26T17:30:00+00:00,,_FNU,Provisional,['DISCONTINUED'],2025-08-30T09:02:45.069499+00:00,STNRD
05c59b8b0f5541c1894759a6160cdab7,USGS-09371010,63680,00011,2023-10-26T17:45:00+00:00,,_FNU,Provisional,['DISCONTINUED'],2025-08-30T09:02:45.069499+00:00,STNRD
05c59b8b0f5541c1894759a6160cdab7,USGS-09371010,63680,00011,2023-10-26T18:00:00+00:00,,_FNU,Provisional,['DISCONTINUED'],2025-08-30T09:02:45.069499+00:00,STNRD
05c59b8b0f5541c1894759a6160cdab7,USGS-09371010,63680,00011,2023-10-26T18:15:00+00:00,,_FNU,Provisional,['DISCONTINUED'],2025-08-30T09:02:45.069499+00:00,STNRD
05c59b8b0f5541c1894759a6160cdab7,USGS-09371010,63680,00011,2023-10-26T18:30:00+00:00,,_FNU,Provisional,['DISCONTINUED'],2025-08-30T09:02:45.069499+00:00,STNRD
05c59b8b0f5541c1894759a6160cdab7,USGS-09371010,63680,00011,2023-10-26T18:45:00+00:00,,_FNU,Provisional,['DISCONTINUED'],2025-08-30T09:02:45.069499+00:00,STNRD
05c59b8b0f5541c1894759a6160cdab7,USGS-09371010,63680,00011,2023-10-26T19:00:00+00:00,,_FNU,Provisional,['DISCONTINUED'],2025-08-30T09:02:45.069499+00:00,STNRD
05c59b8b0f5541c1894759a6160cdab7,USGS-09371010,63680,00011,2023-10-26T19:15:00+00:00,,_FNU,Provisional,['DISCONTINUED'],2025-08-30T09:02:45.069499+00:00,STNRD
05c59b8b0f5541c1894759a6160cdab7,USGS-09371010,63680,00011,2023-10-26T19:30:00+00:00,,_FNU,Provisional,['DISCONTINUED'],2025-08-30T09:02:45.069499+00:00,STNRD
05c59b8b0f5541c1894759a6160cdab7,USGS-09371010,63680,00011,2023-10-26T19:45:00+00:00,,_FNU,Provisional,['DISCONTINUED'],2025-08-30T09:02:45.069499+00:00,STNRD
05c59b8b0f5541c1894759a6160cdab7,USGS-09371010,63680,00011,2023-10-26T20:00:00+00:00,,_FNU,Provisional,['DISCONTINUED'],2025-08-30T09:02:45.069499+00:00,STNRD
05c59b8b0f5541c1894759a6160cdab7,USGS-09371010,63680,00011,2023-10-26T20:15:00+00:00,,_FNU,Provisional,['DISCONTINUED'],2025-08-30T09:02:45.069499+00:00,STNRD
05c59b8b0f5541c1894759a6160cdab7,USGS-09371010,63680,00011,2023-10-26T20:30:00+00:00,,_FNU,Provisional,['DISCONTINUED'],2025-08-30T09:02:45.069499+00:00,STNRD
05c59b8b0f5541c1894759a6160cdab7,USGS-09371010,63680,00011,2023-10-26T20:45:00+00:00,,_FNU,Provisional,['DISCONTINUED'],2025-08-30T09:02:45.069499+00:00,STNRD
05c59b8b0f5541c1894759a6160cdab7,USGS-09371010,63680,00011,2023-10-26T21:00:00+00:00,,_FNU,Provisional,['DISCONTINUED'],2025-08-30T09:02:45.069499+00:00,STNRD
05c59b8b0f5541c1894759a6160cdab7,USGS-09371010,63680,00011,2023-10-26T21:15:00+00:00,,_FNU,Provisional,['DISCONTINUED'],2025-08-30T09:02:45.069499+00:00,STNRD
05c59b8b0f5541c1894759a6160cdab7,USGS-09371010,63680,00011,2023-10-26T21:30:00+00:00,,_FNU,Provisional,['DISCONTINUED'],2025-08-30T09:02:45.069499+00:00,STNRD
05c59b8b0f5541c1894759a6160cdab7,USGS-09371010,63680,00011,2023-10-26T21:45:00+00:00,,_FNU,Provisional,['DISCONTINUED'],2025-08-30T09:02:45.069499+00:00,STNRD
05c59b8b0f5541c1894759a6160cdab7,USGS-09371010,63680,00011,2023-10-26T22:00:00+00:00,,_FNU,Provisional,['DISCONTINUED'],2025-08-30T09:02:45.069499+00:00,STNRD
05c59b8b0f5541c1894759a6160cdab7,USGS-09371010,63680,00011,2023-10-26T22:15:00+00:00,,_FNU,Provisional,['DISCONTINUED'],2025-08-30T09:02:45.069499+00:00,STNRD
05c59b8b0f5541c1894759a6160cdab7,USGS-09371010,63680,00011,2023-10-26T22:30:00+00:00,,_FNU,Provisional,['DISCONTINUED'],2025-08-30T09:02:45.069499+00:00,STNRD
05c59b8b0f5541c1894759a6160cdab7,USGS-09371010,63680,00011,2023-10-26T22:45:00+00:00,,_FNU,Provisional,['DISCONTINUED'],2025-08-30T09:02:45.069499+00:00,STNRD
05c59b8b0f5541c1894759a6160cdab7,USGS-09371010,63680,00011,2023-10-26T23:00:00+00:00,,_FNU,Provisional,['DISCONTINUED'],2025-08-30T09:02:45.069499+00:00,STNRD
05c59b8b0f5541c1894759a6160cdab7,USGS-09371010,63680,00011,2023-10-26T23:15:00+00:00,,_FNU,Provisional,['DISCONTINUED'],2025-08-30T09:02:45.069499+00:00,STNRD
05c59b8b0f5541c1894759a6160cdab7,USGS-09371010,63680,00011,2023-10-26T23:30:00+00:00,,_FNU,Provisional,['DISCONTINUED'],2025-08-30T09:02:45.069499+00:00,STNRD
05c59b8b0f5541c1894759a6160cdab7,USGS-09371010,63680,00011,2023-10-26T23:45:00+00:00,,_FNU,Provisional,['DISCONTINUED'],2025-08-30T09:02:45.069499+00:00,STNRD
05c59b8b0f5541c1894759a6160cdab7,USGS-09371010,63680,00011,2023-10-27T00:00:00+00:00,,_FNU,Provisional,['DISCONTINUED'],2025-08-30T09:02:45.069499+00:00,STNRD
05c59b8b0f5541c1894759a6160cdab7,USGS-09371010,63680,00011,2023-10-27T00:15:00+00:00,,_FNU,Provisional,['DISCONTINUED'],2025-08-30T09:02:45.069499+00:00,STNRD
05c59b8b0f5541c1894759a6160cdab7,USGS-09371010,63680,00011,2023-10-27T00:30:00+00:00,,_FNU,Provisional,['DISCONTINUED'],2025-08-30T09:02:45.069499+00:00,STNRD
05c59b8b0f5541c1894759a6160cdab7,USGS-09371010,63680,00011,2023-10-27T00:45:00+00:00,,_FNU,Provisional,['DISCONTINUED'],2025-08-30T09:02:45.069499+00:00,STNRD
05c59b8b0f5541c1894759a6160cdab7,USGS-09371010,63680,00011,2023-10-27T01:00:00+00:00,,_FNU,Provisional,['DISCONTINUED'],2025-08-30T09:02:45.069499+00:00,STNRD
05c59b8b0f5541c1894759a6160cdab7,USGS-09371010,63680,00011,2023-10-27T01:15:00+00:00,,_FNU,Provisional,['DISCONTINUED'],2025-08-30T09:02:45.069499+00:00,STNRD
05c59b8b0f5541c1894759a6160cdab7,USGS-09371010,63680,00011,2023-10-27T01:30:00+00:00,,_FNU,Provisional,['DISCONTINUED'],2025-08-30T09:02:45.069499+00:00,STNRD
05c59b8b0f5541c1894759a6160cdab7,USGS-09371010,63680,00011,2023-10-27T01:45:00+00:00,,_FNU,Provisional,['DISCONTINUED'],2025-08-30T09:02:45.069499+00:00,STNRD
05c59b8b0f5541c1894759a6160cdab7,USGS-09371010,63680,00011,2023-10-27T02:00:00+00:00,,_FNU,Provisional,['DISCONTINUED'],2025-08-30T09:02:45.069499+00:00,STNRD
05c59b8b0f5541c1894759a6160cdab7,USGS-09371010,63680,00011,2023-10-27T02:15:00+00:00,,_FNU,Provisional,['DISCONTINUED'],2025-08-30T09:02:45.069499+00:00,STNRD
05c59b8b0f5541c1894759a6160cdab7,USGS-09371010,63680,00011,2023-10-27T02:30:00+00:00,,_FNU,Provisional,['DISCONTINUED'],2025-08-30T09:02:45.069499+00:00,STNRD
05c59b8b0f5541c1894759a6160cdab7,USGS-09371010,63680,00011,2023-10-27T02:45:00+00:00,,_FNU,Provisional,['DISCONTINUED'],2025-08-30T09:02:45.069499+00:00,STNRD
05c59b8b0f5541c1894759a6160cdab7,USGS-09371010,63680,00011,2023-10-27T03:00:00+00:00,,_FNU,Provisional,['DISCONTINUED'],2025-08-30T09:02:45.069499+00:00,STNRD
05c59b8b0f5541c1894759a6160cdab7,USGS-09371010,63680,00011,2023-10-27T03:15:00+00:00,,_FNU,Provisional,['DISCONTINUED'],2025-08-30T09:02:45.069499+00:00,STNRD
05c59b8b0f5541c1894759a6160cdab7,USGS-09371010,63680,00011,2023-10-27T03:30:00+00:00,,_FNU,Provisional,['DISCONTINUED'],2025-08-30T09:02:45.069499+00:00,STNRD
05c59b8b0f5541c1894759a6160cdab7,USGS-09371010,63680,00011,2023-10-27T03:45:00+00:00,,_FNU,Provisional,['DISCONTINUED'],2025-08-30T09:02:45.069499+00:00,STNRD
05c59b8b0f5541c1894759a6160cdab7,USGS-09371010,63680,00011,2023-10-27T04:00:00+00:00,,_FNU,Provisional,['DISCONTINUED'],2025-08-30T09:02:45.069499+00:00,STNRD
05c59b8b0f5541c1894759a6160cdab7,USGS-09371010,63680,00011,2023-10-27T04:15:00+00:00,,_FNU,Provisional,['DISCONTINUED'],2025-08-30T09:02:45.069499+00:00,STNRD
05c59b8b0f5541c1894759a6160cdab7,USGS-09371010,63680,00011,2023-10-27T04:30:00+00:00,,_FNU,Provisional,['DISCONTINUED'],2025-08-30T09:02:45.069499+00:00,STNRD
05c59b8b0f5541c1894759a6160cdab7,USGS-09371010,63680,00011,2023-10-27T04:45:00+00:00,,_FNU,Provisional,['DISCONTINUED'],2025-08-30T09:02:45.069499+00:00,STNRD
05c59b8b0f5541c1894759a6160cdab7,USGS-09371010,63680,00011,2023-10-27T05:00:00+00:00,,_FNU,Provisional,['DISCONTINUED'],2025-08-30T09:02:45.069499+00:00,STNRD
05c59b8b0f5541c1894759a6160cdab7,USGS-09371010,63680,00011,2023-10-27T05:15:00+00:00,,_FNU,Provisional,['DISCONTINUED'],2025-08-30T09:02:45.069499+00:00,STNRD
05c59b8b0f5541c1894759a6160cdab7,USGS-09371010,63680,00011,2023-10-27T05:30:00+00:00,,_FNU,Provisional,['DISCONTINUED'],2025-08-30T09:02:45.069499+00:00,STNRD
05c59b8b0f5541c1894759a6160cdab7,USGS-09371010,63680,00011,2023-10-27T05:45:00+00:00,,_FNU,Provisional,['DISCONTINUED'],2025-08-30T09:02:45.069499+00:00,STNRD
05c59b8b0f5541c1894759a6160cdab7,USGS-09371010,63680,00011,2023-10-27T06:00:00+00:00,,_FNU,Provisional,['DISCONTINUED'],2025-08-30T09:02:45.069499+00:00,STNRD
05c59b8b0f5541c1894759a6160cdab7,USGS-09371010,63680,00011,2023-10-27T06:15:00+00:00,,_FNU,Provisional,['DISCONTINUED'],2025-08-30T09:02:45.069499+00:00,STNRD
05c59b8b0f5541c1894759a6160cdab7,USGS-09371010,63680,00011,2023-10-27T06:30:00+00:00,,_FNU,Provisional,['DISCONTINUED'],2025-08-30T09:02:45.069499+00:00,STNRD
05c59b8b0f5541c1894759a6160cdab7,USGS-09371010,63680,00011,2023-10-27T06:45:00+00:00,,_FNU,Provisional,['DISCONTINUED'],2025-08-30T09:02:45.069499+00:00,STNRD
05c59b8b0f5541c1894759a6160cdab7,USGS-09371010,63680,00011,2023-10-27T07:00:00+00:00,,_FNU,Provisional,['DISCONTINUED'],2025-08-30T09:02:45.069499+00:00,STNRD
05c59b8b0f5541c1894759a6160cdab7,USGS-09371010,63680,00011,2023-10-27T07:15:00+00:00,,_FNU,Provisional,['DISCONTINUED'],2025-08-30T09:02:45.069499+00:00,STNRD
05c59b8b0f5541c1894759a6160cdab7,USGS-09371010,63680,00011,2023-10-27T07:30:00+00:00,,_FNU,Provisional,['DISCONTINUED'],2025-08-30T09:02:45.069499+00:00,STNRD
05c59b8b0f5541c1894759a6160cdab7,USGS-09371010,63680,00011,2023-10-27T07:45:00+00:00,,_FNU,Provisional,['DISCONTINUED'],2025-08-30T09:02:45.069499+00:00,STNRD
05c59b8b0f5541c1894759a6160cdab7,USGS-09371010,63680,00011,2023-10-27T08:00:00+00:00,,_FNU,Provisional,['DISCONTINUED'],2025-08-30T09:02:45.069499+00:00,STNRD
05c59b8b0f5541c1894759a6160cdab7,USGS-09371010,63680,00011,2023-10-27T08:15:00+00:00,,_FNU,Provisional,['DISCONTINUED'],2025-08-30T09:02:45.069499+00:00,STNRD
05c59b8b0f5541c1894759a6160cdab7,USGS-09371010,63680,00011,2023-10-27T08:30:00+00:00,,_FNU,Provisional,['DISCONTINUED'],2025-08-30T09:02:45.069499+00:00,STNRD
05c59b8b0f5541c1894759a6160cdab7,USGS-09371010,63680,00011,2023-10-27T08:45:00+00:00,,_FNU,Provisional,['DISCONTINUED'],2025-08-30T09:02:45.069499+00:00,STNRD
05c59b8b0f5541c1894759a6160cdab7,USGS-09371010,63680,00011,2023-10-27T09:00:00+00:00,,_FNU,Provisional,['DISCONTINUED'],2025-08-30T09:02:45.069499+00:00,STNRD
05c59b8b0f5541c1894759a6160cdab7,USGS-09371010,63680,00011,2023-10-27T09:15:00+00:00,,_FNU,Provisional,['DISCONTINUED'],2025-08-30T09:02:45.069499+00:00,STNRD
05c59b8b0f5541c1894759a6160cdab7,USGS-09371010,63680,00011,2023-10-27T09:30:00+00:00,,_FNU,Provisional,['DISCONTINUED'],2025-08-30T09:02:45.069499+00:00,STNRD
05c59b8b0f5541c1894759a6160cdab7,USGS-09371010,63680,00011,2023-10-27T09:45:00+00:00,,_FNU,Provisional,['DISCONTINUED'],2025-08-30T09:02:45.069499+00:00,STNRD
05c59b8b0f5541c1894759a6160cdab7,USGS-09371010,63680,00011,2023-10-27T10:00:00+00:00,,_FNU,Provisional,['DISCONTINUED'],2025-08-30T09:02:45.069499+00:00,STNRD
05c59b8b0f5541c1894759a6160cdab7,USGS-09371010,63680,00011,2023-10-27T10:15:00+00:00,,_FNU,Provisional,['DISCONTINUED'],2025-08-30T09:02:45.069499+00:00,STNRD
05c59b8b0f5541c1894759a6160cdab7,USGS-09371010,63680,00011,2023-10-27T10:30:00+00:00,,_FNU,Provisional,['DISCONTINUED'],2025-08-30T09:02:45.069499+00:00,STNRD
05c59b8b0f5541c1894759a6160cdab7,USGS-09371010,63680,00011,2023-10-27T10:45:00+00:00,,_FNU,Provisional,['DISCONTINUED'],2025-08-30T09:02:45.069499+00:00,STNRD
05c59b8b0f5541c1894759a6160cdab7,USGS-09371010,63680,00011,2023-10-27T11:00:00+00:00,,_FNU,Provisional,['DISCONTINUED'],2025-08-30T09:02:45.069499+00:00,STNRD
05c59b8b0f5541c1894759a6160cdab7,USGS-09371010,63680,00011,2023-10-27T11:15:00+00:00,,_FNU,Provisional,['DISCONTINUED'],2025-08-30T09:02:45.069499+00:00,STNRD
05c59b8b0f5541c1894759a6160cdab7,USGS-09371010,63680,00011,2023-10-27T11:30:00+00:00,,_FNU,Provisional,['DISCONTINUED'],2025-08-30T09:02:45.069499+00:00,STNRD
05c59b8b0f5541c1894759a6160cdab7,USGS-09371010,63680,00011,2023-10-27T11:45:00+00:00,,_FNU,Provisional,['DISCONTINUED'],2025-08-30T09:02:45.069499+00:00,STNRD
05c59b8b0f5541c1894759a6160cdab7,USGS-09371010,63680,00011,2023-10-27T12:00:00+00:00,,_FNU,Provisional,['DISCONTINUED'],2025-08-30T09:02:45.069499+00:00,STNRD
05c59b8b0f5541c1894759a6160cdab7,USGS-09371010,63680,00011,2023-10-27T12:15:00+00:00,,_FNU,Provisional,['DISCONTINUED'],2025-08-30T09:02:45.069499+00:00,STNRD
05c59b8b0f5541c1894759a6160cdab7,USGS-09371010,63680,00011,2023-10-27T12:30:00+00:00,,_FNU,Provisional,['DISCONTINUED'],2025-08-30T09:02:45.069499+00:00,STNRD
05c59b8b0f5541c1894759a6160cdab7,USGS-09371010,63680,00011,2023-10-27T12:45:00+00:00,,_FNU,Provisional,['DISCONTINUED'],2025-08-30T09:02:45.069499+00:00,STNRD
05c59b8b0f5541c1894759a6160cdab7,USGS-09371010,63680,00011,2023-10-27T13:00:00+00:00,,_FNU,Provisional,['DISCONTINUED'],2025-08-30T09:02:45.069499+00:00,STNRD
05c59b8b0f5541c1894759a6160cdab7,USGS-09371010,63680,00011,2023-10-27T13:15:00+00:00,,_FNU,Provisional,['DISCONTINUED'],2025-08-30T09:02:45.069499+00:00,STNRD
05c59b8b0f5541c1894759a6160cdab7,USGS-09371010,63680,00011,2023-10-27T13:30:00+00:00,,_FNU,Provisional,['DISCONTINUED'],2025-08-30T09:02:45.069499+00:00,STNRD
05c59b8b0f5541c1894759a6160cdab7,USGS-09371010,63680,00011,2023-10-27T13:45:00+00:00,,_FNU,Provisional,['DISCONTINUED'],2025-08-30T09:02:45.069499+00:00,STNRD
05c59b8b0f5541c1894759a6160cdab7,USGS-09371010,63680,00011,2023-10-27T14:00:00+00:00,,_FNU,Provisional,['DISCONTINUED'],2025-08-30T09:02:45.069499+00:00,STNRD
05c59b8b0f5541c1894759a6160cdab7,USGS-09371010,63680,00011,2023-10-27T14:15:00+00:00,,_FNU,Provisional,['DISCONTINUED'],2025-08-30T09:02:45.069499+00:00,STNRD
05c59b8b0f5541c1894759a6160cdab7,USGS-09371010,63680,00011,2023-10-27T14:30:00+00:00,,_FNU,Provisional,['DISCONTINUED'],2025-08-30T09:02:45.069499+00:00,STNRD
05c59b8b0f5541c1894759a6160cdab7,USGS-09371010,63680,00011,2023-10-27T14:45:00+00:00,,_FNU,Provisional,['DISCONTINUED'],2025-08-30T09:02:45.069499+00:00,STNRD
05c59b8b0f5541c1894759a6160cdab7,USGS-09371010,63680,00011,2023-10-27T15:00:00+00:00,,_FNU,Provisional,['DISCONTINUED'],2025-08-30T09:02:45.069499+00:00,STNRD
05c59b8b0f5541c1894759a6160cdab7,USGS-09371010,63680,00011,2023-10-27T15:15:00+00:00,,_FNU,Provisional,['DISCONTINUED'],2025-08-30T09:02:45.069499+00:00,STNRD
05c59b8b0f5541c1894759a6160cdab7,USGS-09371010,63680,00011,2023-10-27T15:30:00+00:00,,_FNU,Provisional,['DISCONTINUED'],2025-08-30T09:02:45.069499+00:00,STNRD
05c59b8b0f5541c1894759a6160cdab7,USGS-09371010,63680,00011,2023-10-27T15:45:00+00:00,,_FNU,Provisional,['DISCONTINUED'],2025-08-30T09:02:45.069499+00:00,STNRD
05c59b8b0f5541c1894759a6160cdab7,USGS-09371010,63680,00011,2023-10-27T16:00:00+00:00,,_FNU,Provisional,['DISCONTINUED'],2025-08-30T09:02:45.069499+00:00,STNRD
05c59b8b0f5541c1894759a6160cdab7,USGS-09371010,63680,00011,2023-10-27T16:15:00+00:00,,_FNU,Provisional,['DISCONTINUED'],2025-08-30T09:02:45.069499+00:00,STNRD
05c59b8b0f5541c1894759a6160cdab7,USGS-09371010,63680,00011,2023-10-27T16:30:00+00:00,,_FNU,Provisional,['DISCONTINUED'],2025-08-30T09:02:45.069499+00:00,STNRD
05c59b8b0f5541c1894759a6160cdab7,USGS-09371010,63680,00011,2023-10-27T16:45:00+00:00,,_FNU,Provisional,['DISCONTINUED'],2025-08-30T09:02:45.069499+00:00,STNRD
05c59b8b0f5541c1894759a6160cdab7,USGS-09371010,63680,00011,2023-10-27T17:00:00+00:00,,_FNU,Provisional,['DISCONTINUED'],2025-08-30T09:02:45.069499+00:00,STNRD
05c59b8b0f5541c1894759a6160cdab7,USGS-09371010,63680,00011,2023-10-27T17:15:00+00:00,,_FNU,Provisional,['DISCONTINUED'],2025-08-30T09:02:45.069499+00:00,STNRD
05c59b8b0f5541c1894759a6160cdab7,USGS-09371010,63680,00011,2023-10-27T17:30:00+00:00,,_FNU,Provisional,['DISCONTINUED'],2025-08-30T09:02:45.069499+00:00,STNRD
05c59b8b0f5541c1894759a6160cdab7,USGS-09371010,63680,00011,2023-10-27T17:45:00+00:00,,_FNU,Provisional,['DISCONTINUED'],2025-08-30T09:02:45.069499+00:00,STNRD
05c59b8b0f5541c1894759a6160cdab7,USGS-09371010,63680,00011,2023-10-27T18:00:00+00:00,,_FNU,Provisional,['DISCONTINUED'],2025-08-30T09:02:45.069499+00:00,STNRD
05c59b8b0f5541c1894759a6160cdab7,USGS-09371010,63680,00011,2023-10-27T18:15:00+00:00,,_FNU,Provisional,['DISCONTINUED'],2025-08-30T09:02:45.069499+00:00,STNRD
05c59b8b0f5541c1894759a6160cdab7,USGS-09371010,63680,00011,2023-10-27T18:30:00+00:00,,_FNU,Provisional,['DISCONTINUED'],2025-08-30T09:02:45.069499+00:00,STNRD
05c59b8b0f5541c1894759a6160cdab7,USGS-09371010,63680,00011,2023-10-27T18:45:00+00:00,,_FNU,Provisional,['DISCONTINUED'],2025-08-30T09:02:45.069499+00:00,STNRD
05c59b8b0f5541c1894759a6160cdab7,USGS-09371010,63680,00011,2023-10-27T19:00:00+00:00,,_FNU,Provisional,['DISCONTINUED'],2025-08-30T09:02:45.069499+00:00,STNRD
05c59b8b0f5541c1894759a6160cdab7,USGS-09371010,63680,00011,2023-10-27T19:15:00+00:00,,_FNU,Provisional,['DISCONTINUED'],2025-08-30T09:02:45.069499+00:00,STNRD
05c59b8b0f5541c1894759a6160cdab7,USGS-09371010,63680,00011,2023-10-27T19:30:00+00:00,,_FNU,Provisional,['DISCONTINUED'],2025-08-30T09:02:45.069499+00:00,STNRD
05c59b8b0f5541c1894759a6160cdab7,USGS-09371010,63680,00011,2023-10-27T19:45:00+00:00,,_FNU,Provisional,['DISCONTINUED'],2025-08-30T09:02:45.069499+00:00,STNRD
05c59b8b0f5541c1894759a6160cdab7,USGS-09371010,63680,00011,2023-10-27T20:00:00+00:00,,_FNU,Provisional,['DISCONTINUED'],2025-08-30T09:02:45.069499+00:00,STNRD
05c59b8b0f5541c1894759a6160cdab7,USGS-09371010,63680,00011,2023-10-27T20:15:00+00:00,,_FNU,Provisional,['DISCONTINUED'],2025-08-30T09:02:45.069499+00:00,STNRD
05c59b8b0f5541c1894759a6160cdab7,USGS-09371010,63680,00011,2023-10-27T20:30:00+00:00,,_FNU,Provisional,['DISCONTINUED'],2025-08-30T09:02:45.069499+00:00,STNRD
05c59b8b0f5541c1894759a6160cdab7,USGS-09371010,63680,00011,2023-10-27T20:45:00+00:00,,_FNU,Provisional,['DISCONTINUED'],2025-08-30T09:02:45.069499+00:00,STNRD
05c59b8b0f5541c1894759a6160cdab7,USGS-09371010,63680,00011,2023-10-27T21:00:00+00:00,,_FNU,Provisional,['DISCONTINUED'],2025-08-30T09:02:45.069499+00:00,STNRD
05c59b8b0f5541c1894759a6160cdab7,USGS-09371010,63680,00011,2023-10-27T21:15:00+00:00,,_FNU,Provisional,['DISCONTINUED'],2025-08-30T09:02:45.069499+00:00,STNRD
05c59b8b0f5541c1894759a6160cdab7,USGS-09371010,63680,00011,2023-10-27T21:30:00+00:00,,_FNU,Provisional,['DISCONTINUED'],2025-08-30T09:02:45.069499+00:00,STNRD
05c59b8b0f5541c1894759a6160cdab7,USGS-09371010,63680,00011,2023-10-27T21:45:00+00:00,,_FNU,Provisional,['DISCONTINUED'],2025-08-30T09:02:45.069499+00:00,STNRD
05c59b8b0f5541c1894759a6160cdab7,USGS-09371010,63680,00011,2023-10-27T22:00:00+00:00,,_FNU,Provisional,['DISCONTINUED'],2025-08-30T09:02:45.069499+00:00,STNRD
05c59b8b0f5541c1894759a6160cdab7,USGS-09371010,63680,00011,2023-10-27T22:15:00+00:00,,_FNU,Provisional,['DISCONTINUED'],2025-08-30T09:02:45.069499+00:00,STNRD
05c59b8b0f5541c1894759a6160cdab7,USGS-09371010,63680,00011,2023-10-27T22:30:00+00:00,,_FNU,Provisional,['DISCONTINUED'],2025-08-30T09:02:45.069499+00:00,STNRD
05c59b8b0f5541c1894759a6160cdab7,USGS-09371010,63680,00011,2023-10-27T22:45:00+00:00,,_FNU,Provisional,['DISCONTINUED'],2025-08-30T09:02:45.069499+00:00,STNRD
05c59b8b0f5541c1894759a6160cdab7,USGS-09371010,63680,00011,2023-10-27T23:00:00+00:00,,_FNU,Provisional,['DISCONTINUED'],2025-08-30T09:02:45.069499+00:00,STNRD
05c59b8b0f5541c1894759a6160cdab7,USGS-09371010,63680,00011,2023-10-27T23:15:00+00:00,,_FNU,Provisional,['DISCONTINUED'],2025-08-30T09:02:45.069499+00:00,STNRD
05c59b8b0f5541c1894759a6160cdab7,USGS-09371010,63680,00011,2023-10-27T23:30:00+00:00,,_FNU,Provisional,['DISCONTINUED'],2025-08-30T09:02:45.069499+00:00,STNRD
05c59b8b0f5541c1894759a6160cdab7,USGS-09371010,63680,00011,2023-10-27T23:45:00+00:00,,_FNU,Provisional,['DISCONTINUED'],2025-08-30T09:02:45.069499+00:00,STNRD
05c59b8b0f5541c1894759a6160cdab7,USGS-09371010,63680,00011,2023-10-28T00:00:00+00:00,,_FNU,Provisional,['DISCONTINUED'],2025-08-30T09:02:45.069499+00:00,STNRD
05c59b8b0f5541c1894759a6160cdab7,USGS-09371010,63680,00011,2023-10-28T00:15:00+00:00,,_FNU,Provisional,['DISCONTINUED'],2025-08-30T09:02:45.069499+00:00,STNRD
05c59b8b0f5541c1894759a6160cdab7,USGS-09371010,63680,00011,2023-10-28T00:30:00+00:00,,_FNU,Provisional,['DISCONTINUED'],2025-08-30T09:02:45.069499+00:00,STNRD
05c59b8b0f5541c1894759a6160cdab7,USGS-09371010,63680,00011,2023-10-28T00:45:00+00:00,,_FNU,Provisional,['DISCONTINUED'],2025-08-30T09:02:45.069499+00:00,STNRD
05c59b8b0f5541c1894759a6160cdab7,USGS-09371010,63680,00011,2023-10-28T01:00:00+00:00,,_FNU,Provisional,['DISCONTINUED'],2025-08-30T09:02:45.069499+00:00,STNRD
05c59b8b0f5541c1894759a6160cdab7,USGS-09371010,63680,00011,2023-10-28T01:15:00+00:00,,_FNU,Provisional,['DISCONTINUED'],2025-08-30T09:02:45.069499+00:00,STNRD
05c59b8b0f5541c1894759a6160cdab7,USGS-09371010,63680,00011,2023-10-28T01:30:00+00:00,,_FNU,Provisional,['DISCONTINUED'],2025-08-30T09:02:45.069499+00:00,STNRD
05c59b8b0f5541c1894759a6160cdab7,USGS-09371010,63680,00011,2023-10-28T01:45:00+00:00,,_FNU,Provisional,['DISCONTINUED'],2025-08-30T09:02:45.069499+00:00,STNRD
05c59b8b0f5541c1894759a6160cdab7,USGS-09371010,63680,00011,2023-10-28T02:00:00+00:00,,_FNU,Provisional,['DISCONTINUED'],2025-08-30T09:02:45.069499+00:00,STNRD
05c59b8b0f5541c1894759a6160cdab7,USGS-09371010,63680,00011,2023-10-28T02:15:00+00:00,,_FNU,Provisional,['DISCONTINUED'],2025-08-30T09:02:45.069499+00:00,STNRD
05c59b8b0f5541c1894759a6160cdab7,USGS-09371010,63680,00011,2023-10-28T02:30:00+00:00,,_FNU,Provisional,['DISCONTINUED'],2025-08-30T09:02:45.069499+00:00,STNRD
05c59b8b0f5541c1894759a6160cdab7,USGS-09371010,63680,00011,2023-10-28T02:45:00+00:00,,_FNU,Provisional,['DISCONTINUED'],2025-08-30T09:02:45.069499+00:00,STNRD
05c59b8b0f5541c1894759a6160cdab7,USGS-09371010,63680,00011,2023-10-28T03:00:00+00:00,,_FNU,Provisional,['DISCONTINUED'],2025-08-30T09:02:45.069499+00:00,STNRD
05c59b8b0f5541c1894759a6160cdab7,USGS-09371010,63680,00011,2023-10-28T03:15:00+00:00,,_FNU,Provisional,['DISCONTINUED'],2025-08-30T09:02:45.069499+00:00,STNRD
05c59b8b0f5541c1894759a6160cdab7,USGS-09371010,63680,00011,2023-10-28T03:30:00+00:00,,_FNU,Provisional,['DISCONTINUED'],2025-08-30T09:02:45.069499+00:00,STNRD
05c59b8b0f5541c1894759a6160cdab7,USGS-09371010,63680,00011,2023-10-28T03:45:00+00:00,,_FNU,Provisional,['DISCONTINUED'],2025-08-30T09:02:45.069499+00:00,STNRD
05c59b8b0f5541c1894759a6160cdab7,USGS-09371010,63680,00011,2023-10-28T04:00:00+00:00,,_FNU,Provisional,['DISCONTINUED'],2025-08-30T09:02:45.069499+00:00,STNRD
05c59b8b0f5541c1894759a6160cdab7,USGS-09371010,63680,00011,2023-10-28T04:15:00+00:00,,_FNU,Provisional,['DISCONTINUED'],2025-08-30T09:02:45.069499+00:00,STNRD
05c59b8b0f5541c1894759a6160cdab7,USGS-09371010,63680,00011,2023-10-28T04:30:00+00:00,,_FNU,Provisional,['DISCONTINUED'],2025-08-30T09:02:45.069499+00:00,STNRD
05c59b8b0f5541c1894759a6160cdab7,USGS-09371010,63680,00011,2023-10-28T04:45:00+00:00,,_FNU,Provisional,['DISCONTINUED'],2025-08-30T09:02:45.069499+00:00,STNRD
05c59b8b0f5541c1894759a6160cdab7,USGS-09371010,63680,00011,2023-10-28T05:00:00+00:00,,_FNU,Provisional,['DISCONTINUED'],2025-08-30T09:02:45.069499+00:00,STNRD
05c59b8b0f5541c1894759a6160cdab7,USGS-09371010,63680,00011,2023-10-28T05:15:00+00:00,,_FNU,Provisional,['DISCONTINUED'],2025-08-30T09:02:45.069499+00:00,STNRD
05c59b8b0f5541c1894759a6160cdab7,USGS-09371010,63680,00011,2023-10-28T05:30:00+00:00,,_FNU,Provisional,['DISCONTINUED'],2025-08-30T09:02:45.069499+00:00,STNRD
05c59b8b0f5541c1894759a6160cdab7,USGS-09371010,63680,00011,2023-10-28T05:45:00+00:00,,_FNU,Provisional,['DISCONTINUED'],2025-08-30T09:02:45.069499+00:00,STNRD
05c59b8b0f5541c1894759a6160cdab7,USGS-09371010,63680,00011,2023-10-28T06:00:00+00:00,,_FNU,Provisional,['DISCONTINUED'],2025-08-30T09:02:45.069499+00:00,STNRD
05c59b8b0f5541c1894759a6160cdab7,USGS-09371010,63680,00011,2023-10-28T06:15:00+00:00,,_FNU,Provisional,['DISCONTINUED'],2025-08-30T09:02:45.069499+00:00,STNRD
05c59b8b0f5541c1894759a6160cdab7,USGS-09371010,63680,00011,2023-10-28T06:30:00+00:00,,_FNU,Provisional,['DISCONTINUED'],2025-08-30T09:02:45.069499+00:00,STNRD
05c59b8b0f5541c1894759a6160cdab7,USGS-09371010,63680,00011,2023-10-28T06:45:00+00:00,,_FNU,Provisional,['DISCONTINUED'],2025-08-30T09:02:45.069499+00:00,STNRD
05c59b8b0f5541c1894759a6160cdab7,USGS-09371010,63680,00011,2023-10-28T07:00:00+00:00,,_FNU,Provisional,['DISCONTINUED'],2025-08-30T09:02:45.069499+00:00,STNRD
05c59b8b0f5541c1894759a6160cdab7,USGS-09371010,63680,00011,2023-10-28T07:15:00+00:00,,_FNU,Provisional,['DISCONTINUED'],2025-08-30T09:02:45.069499+00:00,STNRD
05c59b8b0f5541c1894759a6160cdab7,USGS-09371010,63680,00011,2023-10-28T07:30:00+00:00,,_FNU,Provisional,['DISCONTINUED'],2025-08-30T09:02:45.069499+00:00,STNRD
05c59b8b0f5541c1894759a6160cdab7,USGS-09371010,63680,00011,2023-10-28T07:45:00+00:00,,_FNU,Provisional,['DISCONTINUED'],2025-08-30T09:02:45.069499+00:00,STNRD
05c59b8b0f5541c1894759a6160cdab7,USGS-09371010,63680,00011,2023-10-28T08:00:00+00:00,,_FNU,Provisional,['DISCONTINUED'],2025-08-30T09:02:45.069499+00:00,STNRD
05c59b8b0f5541c1894759a6160cdab7,USGS-09371010,63680,00011,2023-10-28T08:15:00+00:00,,_FNU,Provisional,['DISCONTINUED'],2025-08-30T09:02:45.069499+00:00,STNRD
05c59b8b0f5541c1894759a6160cdab7,USGS-09371010,63680,00011,2023-10-28T08:30:00+00:00,,_FNU,Provisional,['DISCONTINUED'],2025-08-30T09:02:45.069499+00:00,STNRD
05c59b8b0f5541c1894759a6160cdab7,USGS-09371010,63680,00011,2023-10-28T08:45:00+00:00,,_FNU,Provisional,['DISCONTINUED'],2025-08-30T09:02:45.069499+00:00,STNRD
05c59b8b0f5541c1894759a6160cdab7,USGS-09371010,63680,00011,2023-10-28T09:00:00+00:00,,_FNU,Provisional,['DISCONTINUED'],2025-08-30T09:02:45.069499+00:00,STNRD
05c59b8b0f5541c1894759a6160cdab7,USGS-09371010,63680,00011,2023-10-28T09:15:00+00:00,,_FNU,Provisional,['DISCONTINUED'],2025-08-30T09:02:45.069499+00:00,STNRD
05c59b8b0f5541c1894759a6160cdab7,USGS-09371010,63680,00011,2023-10-28T09:30:00+00:00,,_FNU,Provisional,['DISCONTINUED'],2025-08-30T09:02:45.069499+00:00,STNRD
05c59b8b0f5541c1894759a6160cdab7,USGS-09371010,63680,00011,2023-10-28T09:45:00+00:00,,_FNU,Provisional,['DISCONTINUED'],2025-08-30T09:02:45.069499+00:00,STNRD
05c59b8b0f5541c1894759a6160cdab7,USGS-09371010,63680,00011,2023-10-28T10:00:00+00:00,,_FNU,Provisional,['DISCONTINUED'],2025-08-30T09:02:45.069499+00:00,STNRD
05c59b8b0f5541c1894759a6160cdab7,USGS-09371010,63680,00011,2023-10-28T10:15:00+00:00,,_FNU,Provisional,['DISCONTINUED'],2025-08-30T09:02:45.069499+00:00,STNRD
05c59b8b0f5541c1894759a6160cdab7,USGS-09371010,63680,00011,2023-10-28T10:30:00+00:00,,_FNU,Provisional,['DISCONTINUED'],2025-08-30T09:02:45.069499+00:00,STNRD
05c59b8b0f5541c1894759a6160cdab7,USGS-09371010,63680,00011,2023-10-28T10:45:00+00:00,,_FNU,Provisional,['DISCONTINUED'],2025-08-30T09:02:45.069499+00:00,STNRD
05c59b8b0f5541c1894759a6160cdab7,USGS-09371010,63680,00011,2023-10-28T11:00:00+00:00,,_FNU,Provisional,['DISCONTINUED'],2025-08-30T09:02:45.069499+00:00,STNRD
05c59b8b0f5541c1894759a6160cdab7,USGS-09371010,63680,00011,2023-10-28T11:15:00+00:00,,_FNU,Provisional,['DISCONTINUED'],2025-08-30T09:02:45.069499+00:00,STNRD
05c59b8b0f5541c1894759a6160cdab7,USGS-09371010,63680,00011,2023-10-28T11:30:00+00:00,,_FNU,Provisional,['DISCONTINUED'],2025-08-30T09:02:45.069499+00:00,STNRD
05c59b8b0f5541c1894759a6160cdab7,USGS-09371010,63680,00011,2023-10-28T11:45:00+00:00,,_FNU,Provisional,['DISCONTINUED'],2025-08-30T09:02:45.069499+00:00,STNRD
05c59b8b0f5541c1894759a6160cdab7,USGS-09371010,63680,00011,2023-10-28T12:00:00+00:00,,_FNU,Provisional,['DISCONTINUED'],2025-08-30T09:02:45.069499+00:00,STNRD
05c59b8b0f5541c1894759a6160cdab7,USGS-09371010,63680,00011,2023-10-28T12:15:00+00:00,,_FNU,Provisional,['DISCONTINUED'],2025-08-30T09:02:45.069499+00:00,STNRD
05c59b8b0f5541c1894759a6160cdab7,USGS-09371010,63680,00011,2023-10-28T12:30:00+00:00,,_FNU,Provisional,['DISCONTINUED'],2025-08-30T09:02:45.069499+00:00,STNRD
05c59b8b0f5541c1894759a6160cdab7,USGS-09371010,63680,00011,2023-10-28T12:45:00+00:00,,_FNU,Provisional,['DISCONTINUED'],2025-08-30T09:02:45.069499+00:00,STNRD
05c59b8b0f5541c1894759a6160cdab7,USGS-09371010,63680,00011,2023-10-28T13:00:00+00:00,,_FNU,Provisional,['DISCONTINUED'],2025-08-30T09:02:45.069499+00:00,STNRD
05c59b8b0f5541c1894759a6160cdab7,USGS-09371010,63680,00011,2023-10-28T13:15:00+00:00,,_FNU,Provisional,['DISCONTINUED'],2025-08-30T09:02:45.069499+00:00,STNRD
05c59b8b0f5541c1894759a6160cdab7,USGS-09371010,63680,00011,2023-10-28T13:30:00+00:00,,_FNU,Provisional,['DISCONTINUED'],2025-08-30T09:02:45.069499+00:00,STNRD
05c59b8b0f5541c1894759a6160cdab7,USGS-09371010,63680,00011,2023-10-28T13:45:00+00:00,,_FNU,Provisional,['DISCONTINUED'],2025-08-30T09:02:45.069499+00:00,STNRD
05c59b8b0f5541c1894759a6160cdab7,USGS-09371010,63680,00011,2023-10-28T14:00:00+00:00,,_FNU,Provisional,['DISCONTINUED'],2025-08-30T09:02:45.069499+00:00,STNRD
05c59b8b0f5541c1894759a6160cdab7,USGS-09371010,63680,00011,2023-10-28T14:15:00+00:00,,_FNU,Provisional,['DISCONTINUED'],2025-08-30T09:02:45.069499+00:00,STNRD
05c59b8b0f5541c1894759a6160cdab7,USGS-09371010,63680,00011,2023-10-28T14:30:00+00:00,,_FNU,Provisional,['DISCONTINUED'],2025-08-30T09:02:45.069499+00:00,STNRD
05c59b8b0f5541c1894759a6160cdab7,USGS-09371010,63680,00011,2023-10-28T14:45:00+00:00,,_FNU,Provisional,['DISCONTINUED'],2025-08-30T09:02:45.069499+00:00,STNRD
05c59b8b0f5541c1894759a6160cdab7,USGS-09371010,63680,00011,2023-10-28T15:00:00+00:00,,_FNU,Provisional,['DISCONTINUED'],2025-08-30T09:02:45.069499+00:00,STNRD
05c59b8b0f5541c1894759a6160cdab7,USGS-09371010,63680,00011,2023-10-28T15:15:00+00:00,,_FNU,Provisional,['DISCONTINUED'],2025-08-30T09:02:45.069499+00:00,STNRD
05c59b8b0f5541c1894759a6160cdab7,USGS-09371010,63680,00011,2023-10-28T15:30:00+00:00,,_FNU,Provisional,['DISCONTINUED'],2025-08-30T09:02:45.069499+00:00,STNRD
05c59b8b0f5541c1894759a6160cdab7,USGS-09371010,63680,00011,2023-10-28T15:45:00+00:00,,_FNU,Provisional,['DISCONTINUED'],2025-08-30T09:02:45.069499+00:00,STNRD
05c59b8b0f5541c1894759a6160cdab7,USGS-09371010,63680,00011,2023-10-28T16:00:00+00:00,,_FNU,Provisional,['DISCONTINUED'],2025-08-30T09:02:45.069499+00:00,STNRD
05c59b8b0f5541c1894759a6160cdab7,USGS-09371010,63680,00011,2023-10-28T16:15:00+00:00,,_FNU,Provisional,['DISCONTINUED'],2025-08-30T09:02:45.069499+00:00,STNRD
05c59b8b0f5541c1894759a6160cdab7,USGS-09371010,63680,00011,2023-10-28T16:30:00+00:00,,_FNU,Provisional,['DISCONTINUED'],2025-08-30T09:02:45.069499+00:00,STNRD
05c59b8b0f5541c1894759a6160cdab7,USGS-09371010,63680,00011,2023-10-28T16:45:00+00:00,,_FNU,Provisional,['DISCONTINUED'],2025-08-30T09:02:45.069499+00:00,STNRD
05c59b8b0f5541c1894759a6160cdab7,USGS-09371010,63680,00011,2023-10-28T17:00:00+00:00,,_FNU,Provisional,['DISCONTINUED'],2025-08-30T09:02:45.069499+00:00,STNRD
05c59b8b0f5541c1894759a6160cdab7,USGS-09371010,63680,00011,2023-10-28T17:15:00+00:00,,_FNU,Provisional,['DISCONTINUED'],2025-08-30T09:02:45.069499+00:00,STNRD
05c59b8b0f5541c1894759a6160cdab7,USGS-09371010,63680,00011,2023-10-28T17:30:00+00:00,,_FNU,Provisional,['DISCONTINUED'],2025-08-30T09:02:45.069499+00:00,STNRD
05c59b8b0f5541c1894759a6160cdab7,USGS-09371010,63680,00011,2023-10-28T17:45:00+00:00,,_FNU,Provisional,['DISCONTINUED'],2025-08-30T09:02:45.069499+00:00,STNRD
05c59b8b0f5541c1894759a6160cdab7,USGS-09371010,63680,00011,2023-10-28T18:00:00+00:00,,_FNU,Provisional,['DISCONTINUED'],2025-08-30T09:02:45.069499+00:00,STNRD
05c59b8b0f5541c1894759a6160cdab7,USGS-09371010,63680,00011,2023-10-28T18:15:00+00:00,,_FNU,Provisional,['DISCONTINUED'],2025-08-30T09:02:45.069499+00:00,STNRD
05c59b8b0f5541c1894759a6160cdab7,USGS-09371010,63680,00011,2023-10-28T18:30:00+00:00,,_FNU,Provisional,['DISCONTINUED'],2025-08-30T09:02:45.069499+00:00,STNRD
05c59b8b0f5541c1894759a6160cdab7,USGS-09371010,63680,00011,2023-10-28T18:45:00+00:00,,_FNU,Provisional,['DISCONTINUED'],2025-08-30T09:02:45.069499+00:00,STNRD
05c59b8b0f5541c1894759a6160cdab7,USGS-09371010,63680,00011,2023-10-28T19:00:00+00:00,,_FNU,Provisional,['DISCONTINUED'],2025-08-30T09:02:45.069499+00:00,STNRD
05c59b8b0f5541c1894759a6160cdab7,USGS-09371010,63680,00011,2023-10-28T19:15:00+00:00,,_FNU,Provisional,['DISCONTINUED'],2025-08-30T09:02:45.069499+00:00,STNRD
05c59b8b0f5541c1894759a6160cdab7,USGS-09371010,63680,00011,2023-10-28T19:30:00+00:00,,_FNU,Provisional,['DISCONTINUED'],2025-08-30T09:02:45.069499+00:00,STNRD
05c59b8b0f5541c1894759a6160cdab7,USGS-09371010,63680,00011,2023-10-28T19:45:00+00:00,,_FNU,Provisional,['DISCONTINUED'],2025-08-30T09:02:45.069499+00:00,STNRD
05c59b8b0f5541c1894759a6160cdab7,USGS-09371010,63680,00011,2023-10-28T20:00:00+00:00,,_FNU,Provisional,['DISCONTINUED'],2025-08-30T09:02:45.069499+00:00,STNRD
05c59b8b0f5541c1894759a6160cdab7,USGS-09371010,63680,00011,2023-10-28T20:15:00+00:00,,_FNU,Provisional,['DISCONTINUED'],2025-08-30T09:02:45.069499+00:00,STNRD
05c59b8b0f5541c1894759a6160cdab7,USGS-09371010,63680,00011,2023-10-28T20:30:00+00:00,,_FNU,Provisional,['DISCONTINUED'],2025-08-30T09:02:45.069499+00:00,STNRD
05c59b8b0f5541c1894759a6160cdab7,USGS-09371010,63680,00011,2023-10-28T20:45:00+00:00,,_FNU,Provisional,['DISCONTINUED'],2025-08-30T09:02:45.069499+00:00,STNRD
05c59b8b0f5541c1894759a6160cdab7,USGS-09371010,63680,00011,2023-10-28T21:00:00+00:00,,_FNU,Provisional,['DISCONTINUED'],2025-08-30T09:02:45.069499+00:00,STNRD
05c59b8b0f5541c1894759a6160cdab7,USGS-09371010,63680,00011,2023-10-28T21:15:00+00:00,,_FNU,Provisional,['DISCONTINUED'],2025-08-30T09:02:45.069499+00:00,STNRD
05c59b8b0f5541c1894759a6160cdab7,USGS-09371010,63680,00011,2023-10-28T21:30:00+00:00,,_FNU,Provisional,['DISCONTINUED'],2025-08-30T09:02:45.069499+00:00,STNRD
05c59b8b0f5541c1894759a6160cdab7,USGS-09371010,63680,00011,2023-10-28T21:45:00+00:00,,_FNU,Provisional,['DISCONTINUED'],2025-08-30T09:02:45.069499+00:00,STNRD
05c59b8b0f5541c1894759a6160cdab7,USGS-09371010,63680,00011,2023-10-28T22:00:00+00:00,,_FNU,Provisional,['DISCONTINUED'],2025-08-30T09:02:45.069499+00:00,STNRD
05c59b8b0f5541c1894759a6160cdab7,USGS-09371010,63680,00011,2023-10-28T22:15:00+00:00,,_FNU,Provisional,['DISCONTINUED'],2025-08-30T09:02:45.069499+00:00,STNRD
05c59b8b0f5541c1894759a6160cdab7,USGS-09371010,63680,00011,2023-10-28T22:30:00+00:00,,_FNU,Provisional,['DISCONTINUED'],2025-08-30T09:02:45.069499+00:00,STNRD
05c59b8b0f5541c1894759a6160cdab7,USGS-09371010,63680,00011,2023-10-28T22:45:00+00:00,,_FNU,Provisional,['DISCONTINUED'],2025-08-30T09:02:45.069499+00:00,STNRD
05c59b8b0f5541c1894759a6160cdab7,USGS-09371010,63680,00011,2023-10-28T23:00:00+00:00,,_FNU,Provisional,['DISCONTINUED'],2025-08-30T09:02:45.069499+00:00,STNRD
05c59b8b0f5541c1894759a6160cdab7,USGS-09371010,63680,00011,2023-10-28T23:15:00+00:00,,_FNU,Provisional,['DISCONTINUED'],2025-08-30T09:02:45.069499+00:00,STNRD
05c59b8b0f5541c1894759a6160cdab7,USGS-09371010,63680,00011,2023-10-28T23:30:00+00:00,,_FNU,Provisional,['DISCONTINUED'],2025-08-30T09:02:45.069499+00:00,STNRD
05c59b8b0f5541c1894759a6160cdab7,USGS-09371010,63680,00011,2023-10-28T23:45:00+00:00,,_FNU,Provisional,['DISCONTINUED'],2025-08-30T09:02:45.069499+00:00,STNRD
05c59b8b0f5541c1894759a6160cdab7,USGS-09371010,63680,00011,2023-10-29T00:00:00+00:00,,_FNU,Provisional,['DISCONTINUED'],2025-08-30T09:02:45.069499+00:00,STNRD
05c59b8b0f5541c1894759a6160cdab7,USGS-09371010,63680,00011,2023-10-29T00:15:00+00:00,,_FNU,Provisional,['DISCONTINUED'],2025-08-30T09:02:45.069499+00:00,STNRD
05c59b8b0f5541c1894759a6160cdab7,USGS-09371010,63680,00011,2023-10-29T00:30:00+00:00,,_FNU,Provisional,['DISCONTINUED'],2025-08-30T09:02:45.069499+00:00,STNRD
05c59b8b0f5541c1894759a6160cdab7,USGS-09371010,63680,00011,2023-10-29T00:45:00+00:00,,_FNU,Provisional,['DISCONTINUED'],2025-08-30T09:02:45.069499+00:00,STNRD
05c59b8b0f5541c1894759a6160cdab7,USGS-09371010,63680,00011,2023-10-29T01:00:00+00:00,,_FNU,Provisional,['DISCONTINUED'],2025-08-30T09:02:45.069499+00:00,STNRD
05c59b8b0f5541c1894759a6160cdab7,USGS-09371010,63680,00011,2023-10-29T01:15:00+00:00,,_FNU,Provisional,['DISCONTINUED'],2025-08-30T09:02:45.069499+00:00,STNRD
05c59b8b0f5541c1894759a6160cdab7,USGS-09371010,63680,00011,2023-10-29T01:30:00+00:00,,_FNU,Provisional,['DISCONTINUED'],2025-08-30T09:02:45.069499+00:00,STNRD
05c59b8b0f5541c1894759a6160cdab7,USGS-09371010,63680,00011,2023-10-29T01:45:00+00:00,,_FNU,Provisional,['DISCONTINUED'],2025-08-30T09:02:45.069499+00:00,STNRD
05c59b8b0f5541c1894759a6160cdab7,USGS-09371010,63680,00011,2023-10-29T02:00:00+00:00,,_FNU,Provisional,['DISCONTINUED'],2025-08-30T09:02:45.069499+00:00,STNRD
05c59b8b0f5541c1894759a6160cdab7,USGS-09371010,63680,00011,2023-10-29T02:15:00+00:00,,_FNU,Provisional,['DISCONTINUED'],2025-08-30T09:02:45.069499+00:00,STNRD
05c59b8b0f5541c1894759a6160cdab7,USGS-09371010,63680,00011,2023-10-29T02:30:00+00:00,,_FNU,Provisional,['DISCONTINUED'],2025-08-30T09:02:45.069499+00:00,STNRD
05c59b8b0f5541c1894759a6160cdab7,USGS-09371010,63680,00011,2023-10-29T02:45:00+00:00,,_FNU,Provisional,['DISCONTINUED'],2025-08-30T09:02:45.069499+00:00,STNRD
05c59b8b0f5541c1894759a6160cdab7,USGS-09371010,63680,00011,2023-10-29T03:00:00+00:00,,_FNU,Provisional,['DISCONTINUED'],2025-08-30T09:02:45.069499+00:00,STNRD
05c59b8b0f5541c1894759a6160cdab7,USGS-09371010,63680,00011,2023-10-29T03:15:00+00:00,,_FNU,Provisional,['DISCONTINUED'],2025-08-30T09:02:45.069499+00:00,STNRD
05c59b8b0f5541c1894759a6160cdab7,USGS-09371010,63680,00011,2023-10-29T03:30:00+00:00,,_FNU,Provisional,['DISCONTINUED'],2025-08-30T09:02:45.069499+00:00,STNRD
05c59b8b0f5541c1894759a6160cdab7,USGS-09371010,63680,00011,2023-10-29T03:45:00+00:00,,_FNU,Provisional,['DISCONTINUED'],2025-08-30T09:02:45.069499+00:00,STNRD
05c59b8b0f5541c1894759a6160cdab7,USGS-09371010,63680,00011,2023-10-29T04:00:00+00:00,,_FNU,Provisional,['DISCONTINUED'],2025-08-30T09:02:45.069499+00:00,STNRD
05c59b8b0f5541c1894759a6160cdab7,USGS-09371010,63680,00011,2023-10-29T04:15:00+00:00,,_FNU,Provisional,['DISCONTINUED'],2025-08-30T09:02:45.069499+00:00,STNRD
05c59b8b0f5541c1894759a6160cdab7,USGS-09371010,63680,00011,2023-10-29T04:30:00+00:00,,_FNU,Provisional,['DISCONTINUED'],2025-08-30T09:02:45.069499+00:00,STNRD
05c59b8b0f5541c1894759a6160cdab7,USGS-09371010,63680,00011,2023-10-29T04:45:00+00:00,,_FNU,Provisional,['DISCONTINUED'],2025-08-30T09:02:45.069499+00:00,STNRD
05c59b8b0f5541c1894759a6160cdab7,USGS-09371010,63680,00011,2023-10-29T05:00:00+00:00,,_FNU,Provisional,['DISCONTINUED'],2025-08-30T09:02:45.069499+00:00,STNRD
05c59b8b0f5541c1894759a6160cdab7,USGS-09371010,63680,00011,2023-10-29T05:15:00+00:00,,_FNU,Provisional,['DISCONTINUED'],2025-08-30T09:02:45.069499+00:00,STNRD
05c59b8b0f5541c1894759a6160cdab7,USGS-09371010,63680,00011,2023-10-29T05:30:00+00:00,,_FNU,Provisional,['DISCONTINUED'],2025-08-30T09:02:45.069499+00:00,STNRD
05c59b8b0f5541c1894759a6160cdab7,USGS-09371010,63680,00011,2023-10-29T05:45:00+00:00,,_FNU,Provisional,['DISCONTINUED'],2025-08-30T09:02:45.069499+00:00,STNRD
05c59b8b0f5541c1894759a6160cdab7,USGS-09371010,63680,00011,2023-10-29T06:00:00+00:00,,_FNU,Provisional,['DISCONTINUED'],2025-08-30T09:02:45.069499+00:00,STNRD
05c59b8b0f5541c1894759a6160cdab7,USGS-09371010,63680,00011,2023-10-29T06:15:00+00:00,,_FNU,Provisional,['DISCONTINUED'],2025-08-30T09:02:45.069499+00:00,STNRD
05c59b8b0f5541c1894759a6160cdab7,USGS-09371010,63680,00011,2023-10-29T06:30:00+00:00,,_FNU,Provisional,['DISCONTINUED'],2025-08-30T09:02:45.069499+00:00,STNRD
05c59b8b0f5541c1894759a6160cdab7,USGS-09371010,63680,00011,2023-10-29T06:45:00+00:00,,_FNU,Provisional,['DISCONTINUED'],2025-08-30T09:02:45.069499+00:00,STNRD
05c59b8b0f5541c1894759a6160cdab7,USGS-09371010,63680,00011,2023-10-29T07:00:00+00:00,,_FNU,Provisional,['DISCONTINUED'],2025-08-30T09:02:45.069499+00:00,STNRD
05c59b8b0f5541c1894759a6160cdab7,USGS-09371010,63680,00011,2023-10-29T07:15:00+00:00,,_FNU,Provisional,['DISCONTINUED'],2025-08-30T09:02:45.069499+00:00,STNRD
05c59b8b0f5541c1894759a6160cdab7,USGS-09371010,63680,00011,2023-10-29T07:30:00+00:00,,_FNU,Provisional,['DISCONTINUED'],2025-08-30T09:02:45.069499+00:00,STNRD
05c59b8b0f5541c1894759a6160cdab7,USGS-09371010,63680,00011,2023-10-29T07:45:00+00:00,,_FNU,Provisional,['DISCONTINUED'],2025-08-30T09:02:45.069499+00:00,STNRD
05c59b8b0f5541c1894759a6160cdab7,USGS-09371010,63680,00011,2023-10-29T08:00:00+00:00,,_FNU,Provisional,['DISCONTINUED'],2025-08-30T09:02:45.069499+00:00,STNRD
05c59b8b0f5541c1894759a6160cdab7,USGS-09371010,63680,00011,2023-10-29T08:15:00+00:00,,_FNU,Provisional,['DISCONTINUED'],2025-08-30T09:02:45.069499+00:00,STNRD
05c59b8b0f5541c1894759a6160cdab7,USGS-09371010,63680,00011,2023-10-29T08:30:00+00:00,,_FNU,Provisional,['DISCONTINUED'],2025-08-30T09:02:45.069499+00:00,STNRD
05c59b8b0f5541c1894759a6160cdab7,USGS-09371010,63680,00011,2023-10-29T08:45:00+00:00,,_FNU,Provisional,['DISCONTINUED'],2025-08-30T09:02:45.069499+00:00,STNRD
05c59b8b0f5541c1894759a6160cdab7,USGS-09371010,63680,00011,2023-10-29T09:00:00+00:00,,_FNU,Provisional,['DISCONTINUED'],2025-08-30T09:02:45.069499+00:00,STNRD
05c59b8b0f5541c1894759a6160cdab7,USGS-09371010,63680,00011,2023-10-29T09:15:00+00:00,,_FNU,Provisional,['DISCONTINUED'],2025-08-30T09:02:45.069499+00:00,STNRD
05c59b8b0f5541c1894759a6160cdab7,USGS-09371010,63680,00011,2023-10-29T09:30:00+00:00,,_FNU,Provisional,['DISCONTINUED'],2025-08-30T09:02:45.069499+00:00,STNRD
05c59b8b0f5541c1894759a6160cdab7,USGS-09371010,63680,00011,2023-10-29T09:45:00+00:00,,_FNU,Provisional,['DISCONTINUED'],2025-08-30T09:02:45.069499+00:00,STNRD
05c59b8b0f5541c1894759a6160cdab7,USGS-09371010,63680,00011,2023-10-29T10:00:00+00:00,,_FNU,Provisional,['DISCONTINUED'],2025-08-30T09:02:45.069499+00:00,STNRD
05c59b8b0f5541c1894759a6160cdab7,USGS-09371010,63680,00011,2023-10-29T10:15:00+00:00,,_FNU,Provisional,['DISCONTINUED'],2025-08-30T09:02:45.069499+00:00,STNRD
05c59b8b0f5541c1894759a6160cdab7,USGS-09371010,63680,00011,2023-10-29T10:30:00+00:00,,_FNU,Provisional,['DISCONTINUED'],2025-08-30T09:02:45.069499+00:00,STNRD
05c59b8b0f5541c1894759a6160cdab7,USGS-09371010,63680,00011,2023-10-29T10:45:00+00:00,,_FNU,Provisional,['DISCONTINUED'],2025-08-30T09:02:45.069499+00:00,STNRD
05c59b8b0f5541c1894759a6160cdab7,USGS-09371010,63680,00011,2023-10-29T11:00:00+00:00,,_FNU,Provisional,['DISCONTINUED'],2025-08-30T09:02:45.069499+00:00,STNRD
05c59b8b0f5541c1894759a6160cdab7,USGS-09371010,63680,00011,2023-10-29T11:15:00+00:00,,_FNU,Provisional,['DISCONTINUED'],2025-08-30T09:02:45.069499+00:00,STNRD
05c59b8b0f5541c1894759a6160cdab7,USGS-09371010,63680,00011,2023-10-29T11:30:00+00:00,,_FNU,Provisional,['DISCONTINUED'],2025-08-30T09:02:45.069499+00:00,STNRD
05c59b8b0f5541c1894759a6160cdab7,USGS-09371010,63680,00011,2023-10-29T11:45:00+00:00,,_FNU,Provisional,['DISCONTINUED'],2025-08-30T09:02:45.069499+00:00,STNRD
05c59b8b0f5541c1894759a6160cdab7,USGS-09371010,63680,00011,2023-10-29T12:00:00+00:00,,_FNU,Provisional,['DISCONTINUED'],2025-08-30T09:02:45.069499+00:00,STNRD
05c59b8b0f5541c1894759a6160cdab7,USGS-09371010,63680,00011,2023-10-29T12:15:00+00:00,,_FNU,Provisional,['DISCONTINUED'],2025-08-30T09:02:45.069499+00:00,STNRD
05c59b8b0f5541c1894759a6160cdab7,USGS-09371010,63680,00011,2023-10-29T12:30:00+00:00,,_FNU,Provisional,['DISCONTINUED'],2025-08-30T09:02:45.069499+00:00,STNRD
05c59b8b0f5541c1894759a6160cdab7,USGS-09371010,63680,00011,2023-10-29T12:45:00+00:00,,_FNU,Provisional,['DISCONTINUED'],2025-08-30T09:02:45.069499+00:00,STNRD
05c59b8b0f5541c1894759a6160cdab7,USGS-09371010,63680,00011,2023-10-29T13:00:00+00:00,,_FNU,Provisional,['DISCONTINUED'],2025-08-30T09:02:45.069499+00:00,STNRD
05c59b8b0f5541c1894759a6160cdab7,USGS-09371010,63680,00011,2023-10-29T13:15:00+00:00,,_FNU,Provisional,['DISCONTINUED'],2025-08-30T09:02:45.069499+00:00,STNRD
05c59b8b0f5541c1894759a6160cdab7,USGS-09371010,63680,00011,2023-10-29T13:30:00+00:00,,_FNU,Provisional,['DISCONTINUED'],2025-08-30T09:02:45.069499+00:00,STNRD
05c59b8b0f5541c1894759a6160cdab7,USGS-09371010,63680,00011,2023-10-29T13:45:00+00:00,,_FNU,Provisional,['DISCONTINUED'],2025-08-30T09:02:45.069499+00:00,STNRD
05c59b8b0f5541c1894759a6160cdab7,USGS-09371010,63680,00011,2023-10-29T14:00:00+00:00,,_FNU,Provisional,['DISCONTINUED'],2025-08-30T09:02:45.069499+00:00,STNRD
05c59b8b0f5541c1894759a6160cdab7,USGS-09371010,63680,00011,2023-10-29T14:15:00+00:00,,_FNU,Provisional,['DISCONTINUED'],2025-08-30T09:02:45.069499+00:00,STNRD
05c59b8b0f5541c1894759a6160cdab7,USGS-09371010,63680,00011,2023-10-29T14:30:00+00:00,,_FNU,Provisional,['DISCONTINUED'],2025-08-30T09:02:45.069499+00:00,STNRD
05c59b8b0f5541c1894759a6160cdab7,USGS-09371010,63680,00011,2023-10-29T14:45:00+00:00,,_FNU,Provisional,['DISCONTINUED'],2025-08-30T09:02:45.069499+00:00,STNRD
05c59b8b0f5541c1894759a6160cdab7,USGS-09371010,63680,00011,2023-10-29T15:00:00+00:00,,_FNU,Provisional,['DISCONTINUED'],2025-08-30T09:02:45.069499+00:00,STNRD
05c59b8b0f5541c1894759a6160cdab7,USGS-09371010,63680,00011,2023-10-29T15:15:00+00:00,,_FNU,Provisional,['DISCONTINUED'],2025-08-30T09:02:45.069499+00:00,STNRD
05c59b8b0f5541c1894759a6160cdab7,USGS-09371010,63680,00011,2023-10-29T15:30:00+00:00,,_FNU,Provisional,['DISCONTINUED'],2025-08-30T09:02:45.069499+00:00,STNRD
05c59b8b0f5541c1894759a6160cdab7,USGS-09371010,63680,00011,2023-10-29T15:45:00+00:00,,_FNU,Provisional,['DISCONTINUED'],2025-08-30T09:02:45.069499+00:00,STNRD
05c59b8b0f5541c1894759a6160cdab7,USGS-09371010,63680,00011,2023-10-29T16:00:00+00:00,,_FNU,Provisional,['DISCONTINUED'],2025-08-30T09:02:45.069499+00:00,STNRD
05c59b8b0f5541c1894759a6160cdab7,USGS-09371010,63680,00011,2023-10-29T16:15:00+00:00,,_FNU,Provisional,['DISCONTINUED'],2025-08-30T09:02:45.069499+00:00,STNRD
05c59b8b0f5541c1894759a6160cdab7,USGS-09371010,63680,00011,2023-10-29T16:30:00+00:00,,_FNU,Provisional,['DISCONTINUED'],2025-08-30T09:02:45.069499+00:00,STNRD
05c59b8b0f5541c1894759a6160cdab7,USGS-09371010,63680,00011,2023-10-29T16:45:00+00:00,,_FNU,Provisional,['DISCONTINUED'],2025-08-30T09:02:45.069499+00:00,STNRD
05c59b8b0f5541c1894759a6160cdab7,USGS-09371010,63680,00011,2023-10-29T17:00:00+00:00,,_FNU,Provisional,['DISCONTINUED'],2025-08-30T09:02:45.069499+00:00,STNRD
05c59b8b0f5541c1894759a6160cdab7,USGS-09371010,63680,00011,2023-10-29T17:15:00+00:00,,_FNU,Provisional,['DISCONTINUED'],2025-08-30T09:02:45.069499+00:00,STNRD
05c59b8b0f5541c1894759a6160cdab7,USGS-09371010,63680,00011,2023-10-29T17:30:00+00:00,,_FNU,Provisional,['DISCONTINUED'],2025-08-30T09:02:45.069499+00:00,STNRD
05c59b8b0f5541c1894759a6160cdab7,USGS-09371010,63680,00011,2023-10-29T17:45:00+00:00,,_FNU,Provisional,['DISCONTINUED'],2025-08-30T09:02:45.069499+00:00,STNRD
05c59b8b0f5541c1894759a6160cdab7,USGS-09371010,63680,00011,2023-10-29T18:00:00+00:00,,_FNU,Provisional,['DISCONTINUED'],2025-08-30T09:02:45.069499+00:00,STNRD
05c59b8b0f5541c1894759a6160cdab7,USGS-09371010,63680,00011,2023-10-29T18:15:00+00:00,,_FNU,Provisional,['DISCONTINUED'],2025-08-30T09:02:45.069499+00:00,STNRD
05c59b8b0f5541c1894759a6160cdab7,USGS-09371010,63680,00011,2023-10-29T18:30:00+00:00,,_FNU,Provisional,['DISCONTINUED'],2025-08-30T09:02:45.069499+00:00,STNRD
05c59b8b0f5541c1894759a6160cdab7,USGS-09371010,63680,00011,2023-10-29T18:45:00+00:00,,_FNU,Provisional,['DISCONTINUED'],2025-08-30T09:02:45.069499+00:00,STNRD
05c59b8b0f5541c1894759a6160cdab7,USGS-09371010,63680,00011,2023-10-29T19:00:00+00:00,,_FNU,Provisional,['DISCONTINUED'],2025-08-30T09:02:45.069499+00:00,STNRD
05c59b8b0f5541c1894759a6160cdab7,USGS-09371010,63680,00011,2023-10-29T19:15:00+00:00,,_FNU,Provisional,['DISCONTINUED'],2025-08-30T09:02:45.069499+00:00,STNRD
05c59b8b0f5541c1894759a6160cdab7,USGS-09371010,63680,00011,2023-10-29T19:30:00+00:00,,_FNU,Provisional,['DISCONTINUED'],2025-08-30T09:02:45.069499+00:00,STNRD
05c59b8b0f5541c1894759a6160cdab7,USGS-09371010,63680,00011,2023-10-29T19:45:00+00:00,,_FNU,Provisional,['DISCONTINUED'],2025-08-30T09:02:45.069499+00:00,STNRD
05c59b8b0f5541c1894759a6160cdab7,USGS-09371010,63680,00011,2023-10-29T20:00:00+00:00,,_FNU,Provisional,['DISCONTINUED'],2025-08-30T09:02:45.069499+00:00,STNRD
05c59b8b0f5541c1894759a6160cdab7,USGS-09371010,63680,00011,2023-10-29T20:15:00+00:00,,_FNU,Provisional,['DISCONTINUED'],2025-08-30T09:02:45.069499+00:00,STNRD
05c59b8b0f5541c1894759a6160cdab7,USGS-09371010,63680,00011,2023-10-29T20:30:00+00:00,,_FNU,Provisional,['DISCONTINUED'],2025-08-30T09:02:45.069499+00:00,STNRD
05c59b8b0f5541c1894759a6160cdab7,USGS-09371010,63680,00011,2023-10-29T20:45:00+00:00,,_FNU,Provisional,['DISCONTINUED'],2025-08-30T09:02:45.069499+00:00,STNRD
05c59b8b0f5541c1894759a6160cdab7,USGS-09371010,63680,00011,2023-10-29T21:00:00+00:00,,_FNU,Provisional,['DISCONTINUED'],2025-08-30T09:02:45.069499+00:00,STNRD
05c59b8b0f5541c1894759a6160cdab7,USGS-09371010,63680,00011,2023-10-29T21:15:00+00:00,,_FNU,Provisional,['DISCONTINUED'],2025-08-30T09:02:45.069499+00:00,STNRD
05c59b8b0f5541c1894759a6160cdab7,USGS-09371010,63680,00011,2023-10-29T21:30:00+00:00,,_FNU,Provisional,['DISCONTINUED'],2025-08-30T09:02:45.069499+00:00,STNRD
05c59b8b0f5541c1894759a6160cdab7,USGS-09371010,63680,00011,2023-10-29T21:45:00+00:00,,_FNU,Provisional,['DISCONTINUED'],2025-08-30T09:02:45.069499+00:00,STNRD
05c59b8b0f5541c1894759a6160cdab7,USGS-09371010,63680,00011,2023-10-29T22:00:00+00:00,,_FNU,Provisional,['DISCONTINUED'],2025-08-30T09:02:45.069499+00:00,STNRD
05c59b8b0f5541c1894759a6160cdab7,USGS-09371010,63680,00011,2023-10-29T22:15:00+00:00,,_FNU,Provisional,['DISCONTINUED'],2025-08-30T09:02:45.069499+00:00,STNRD
05c59b8b0f5541c1894759a6160cdab7,USGS-09371010,63680,00011,2023-10-29T22:30:00+00:00,,_FNU,Provisional,['DISCONTINUED'],2025-08-30T09:02:45.069499+00:00,STNRD
05c59b8b0f5541c1894759a6160cdab7,USGS-09371010,63680,00011,2023-10-29T22:45:00+00:00,,_FNU,Provisional,['DISCONTINUED'],2025-08-30T09:02:45.069499+00:00,STNRD
05c59b8b0f5541c1894759a6160cdab7,USGS-09371010,63680,00011,2023-10-29T23:00:00+00:00,,_FNU,Provisional,['DISCONTINUED'],2025-08-30T09:02:45.069499+00:00,STNRD
05c59b8b0f5541c1894759a6160cdab7,USGS-09371010,63680,00011,2023-10-29T23:15:00+00:00,,_FNU,Provisional,['DISCONTINUED'],2025-08-30T09:02:45.069499+00:00,STNRD
05c59b8b0f5541c1894759a6160cdab7,USGS-09371010,63680,00011,2023-10-29T23:30:00+00:00,,_FNU,Provisional,['DISCONTINUED'],2025-08-30T09:02:45.069499+00:00,STNRD
05c59b8b0f5541c1894759a6160cdab7,USGS-09371010,63680,00011,2023-10-29T23:45:00+00:00,,_FNU,Provisional,['DISCONTINUED'],2025-08-30T09:02:45.069499+00:00,STNRD
05c59b8b0f5541c1894759a6160cdab7,USGS-09371010,63680,00011,2023-10-30T00:00:00+00:00,,_FNU,Provisional,['DISCONTINUED'],2025-08-30T09:02:45.069499+00:00,STNRD
05c59b8b0f5541c1894759a6160cdab7,USGS-09371010,63680,00011,2023-10-30T00:15:00+00:00,,_FNU,Provisional,['DISCONTINUED'],2025-08-30T09:02:45.069499+00:00,STNRD
05c59b8b0f5541c1894759a6160cdab7,USGS-09371010,63680,00011,2023-10-30T00:30:00+00:00,,_FNU,Provisional,['DISCONTINUED'],2025-08-30T09:02:45.069499+00:00,STNRD
05c59b8b0f5541c1894759a6160cdab7,USGS-09371010,63680,00011,2023-10-30T00:45:00+00:00,,_FNU,Provisional,['DISCONTINUED'],2025-08-30T09:02:45.069499+00:00,STNRD
05c59b8b0f5541c1894759a6160cdab7,USGS-09371010,63680,00011,2023-10-30T01:00:00+00:00,,_FNU,Provisional,['DISCONTINUED'],2025-08-30T09:02:45.069499+00:00,STNRD
05c59b8b0f5541c1894759a6160cdab7,USGS-09371010,63680,00011,2023-10-30T01:15:00+00:00,,_FNU,Provisional,['DISCONTINUED'],2025-08-30T09:02:45.069499+00:00,STNRD
05c59b8b0f5541c1894759a6160cdab7,USGS-09371010,63680,00011,2023-10-30T01:30:00+00:00,,_FNU,Provisional,['DISCONTINUED'],2025-08-30T09:02:45.069499+00:00,STNRD
05c59b8b0f5541c1894759a6160cdab7,USGS-09371010,63680,00011,2023-10-30T01:45:00+00:00,,_FNU,Provisional,['DISCONTINUED'],2025-08-30T09:02:45.069499+00:00,STNRD
05c59b8b0f5541c1894759a6160cdab7,USGS-09371010,63680,00011,2023-10-30T02:00:00+00:00,,_FNU,Provisional,['DISCONTINUED'],2025-08-30T09:02:45.069499+00:00,STNRD
05c59b8b0f5541c1894759a6160cdab7,USGS-09371010,63680,00011,2023-10-30T02:15:00+00:00,,_FNU,Provisional,['DISCONTINUED'],2025-08-30T09:02:45.069499+00:00,STNRD
05c59b8b0f5541c1894759a6160cdab7,USGS-09371010,63680,00011,2023-10-30T02:30:00+00:00,,_FNU,Provisional,['DISCONTINUED'],2025-08-30T09:02:45.069499+00:00,STNRD
05c59b8b0f5541c1894759a6160cdab7,USGS-09371010,63680,00011,2023-10-30T02:45:00+00:00,,_FNU,Provisional,['DISCONTINUED'],2025-08-30T09:02:45.069499+00:00,STNRD
05c59b8b0f5541c1894759a6160cdab7,USGS-09371010,63680,00011,2023-10-30T03:00:00+00:00,,_FNU,Provisional,['DISCONTINUED'],2025-08-30T09:02:45.069499+00:00,STNRD
05c59b8b0f5541c1894759a6160cdab7,USGS-09371010,63680,00011,2023-10-30T03:15:00+00:00,,_FNU,Provisional,['DISCONTINUED'],2025-08-30T09:02:45.069499+00:00,STNRD
05c59b8b0f5541c1894759a6160cdab7,USGS-09371010,63680,00011,2023-10-30T03:30:00+00:00,,_FNU,Provisional,['DISCONTINUED'],2025-08-30T09:02:45.069499+00:00,STNRD
05c59b8b0f5541c1894759a6160cdab7,USGS-09371010,63680,00011,2023-10-30T03:45:00+00:00,,_FNU,Provisional,['DISCONTINUED'],2025-08-30T09:02:45.069499+00:00,STNRD
05c59b8b0f5541c1894759a6160cdab7,USGS-09371010,63680,00011,2023-10-30T04:00:00+00:00,,_FNU,Provisional,['DISCONTINUED'],2025-08-30T09:02:45.069499+00:00,STNRD
05c59b8b0f5541c1894759a6160cdab7,USGS-09371010,63680,00011,2023-10-30T04:15:00+00:00,,_FNU,Provisional,['DISCONTINUED'],2025-08-30T09:02:45.069499+00:00,STNRD
05c59b8b0f5541c1894759a6160cdab7,USGS-09371010,63680,00011,2023-10-30T04:30:00+00:00,,_FNU,Provisional,['DISCONTINUED'],2025-08-30T09:02:45.069499+00:00,STNRD
05c59b8b0f5541c1894759a6160cdab7,USGS-09371010,63680,00011,2023-10-30T04:45:00+00:00,,_FNU,Provisional,['DISCONTINUED'],2025-08-30T09:02:45.069499+00:00,STNRD
05c59b8b0f5541c1894759a6160cdab7,USGS-09371010,63680,00011,2023-10-30T05:00:00+00:00,,_FNU,Provisional,['DISCONTINUED'],2025-08-30T09:02:45.069499+00:00,STNRD
05c59b8b0f5541c1894759a6160cdab7,USGS-09371010,63680,00011,2023-10-30T05:15:00+00:00,,_FNU,Provisional,['DISCONTINUED'],2025-08-30T09:02:45.069499+00:00,STNRD
05c59b8b0f5541c1894759a6160cdab7,USGS-09371010,63680,00011,2023-10-30T05:30:00+00:00,,_FNU,Provisional,['DISCONTINUED'],2025-08-30T09:02:45.069499+00:00,STNRD
05c59b8b0f5541c1894759a6160cdab7,USGS-09371010,63680,00011,2023-10-30T05:45:00+00:00,,_FNU,Provisional,['DISCONTINUED'],2025-08-30T09:02:45.069499+00:00,STNRD
05c59b8b0f5541c1894759a6160cdab7,USGS-09371010,63680,00011,2023-10-30T06:00:00+00:00,,_FNU,Provisional,['DISCONTINUED'],2025-08-30T09:02:45.069499+00:00,STNRD
05c59b8b0f5541c1894759a6160cdab7,USGS-09371010,63680,00011,2023-10-30T06:15:00+00:00,,_FNU,Provisional,['DISCONTINUED'],2025-08-30T09:02:45.069499+00:00,STNRD
05c59b8b0f5541c1894759a6160cdab7,USGS-09371010,63680,00011,2023-10-30T06:30:00+00:00,,_FNU,Provisional,['DISCONTINUED'],2025-08-30T09:02:45.069499+00:00,STNRD
05c59b8b0f5541c1894759a6160cdab7,USGS-09371010,63680,00011,2023-10-30T06:45:00+00:00,,_FNU,Provisional,['DISCONTINUED'],2025-08-30T09:02:45.069499+00:00,STNRD
05c59b8b0f5541c1894759a6160cdab7,USGS-09371010,63680,00011,2023-10-30T07:00:00+00:00,,_FNU,Provisional,['DISCONTINUED'],2025-08-30T09:02:45.069499+00:00,STNRD
05c59b8b0f5541c1894759a6160cdab7,USGS-09371010,63680,00011,2023-10-30T07:15:00+00:00,,_FNU,Provisional,['DISCONTINUED'],2025-08-30T09:02:45.069499+00:00,STNRD
05c59b8b0f5541c1894759a6160cdab7,USGS-09371010,63680,00011,2023-10-30T07:30:00+00:00,,_FNU,Provisional,['DISCONTINUED'],2025-08-30T09:02:45.069499+00:00,STNRD
05c59b8b0f5541c1894759a6160cdab7,USGS-09371010,63680,00011,2023-10-30T07:45:00+00:00,,_FNU,Provisional,['DISCONTINUED'],2025-08-30T09:02:45.069499+00:00,STNRD
05c59b8b0f5541c1894759a6160cdab7,USGS-09371010,63680,00011,2023-10-30T08:00:00+00:00,,_FNU,Provisional,['DISCONTINUED'],2025-08-30T09:02:45.069499+00:00,STNRD
05c59b8b0f5541c1894759a6160cdab7,USGS-09371010,63680,00011,2023-10-30T08:15:00+00:00,,_FNU,Provisional,['DISCONTINUED'],2025-08-30T09:02:45.069499+00:00,STNRD
05c59b8b0f5541c1894759a6160cdab7,USGS-09371010,63680,00011,2023-10-30T08:30:00+00:00,,_FNU,Provisional,['DISCONTINUED'],2025-08-30T09:02:45.069499+00:00,STNRD
05c59b8b0f5541c1894759a6160cdab7,USGS-09371010,63680,00011,2023-10-30T08:45:00+00:00,,_FNU,Provisional,['DISCONTINUED'],2025-08-30T09:02:45.069499+00:00,STNRD
05c59b8b0f5541c1894759a6160cdab7,USGS-09371010,63680,00011,2023-10-30T09:00:00+00:00,,_FNU,Provisional,['DISCONTINUED'],2025-08-30T09:02:45.069499+00:00,STNRD
05c59b8b0f5541c1894759a6160cdab7,USGS-09371010,63680,00011,2023-10-30T09:15:00+00:00,,_FNU,Provisional,['DISCONTINUED'],2025-08-30T09:02:45.069499+00:00,STNRD
05c59b8b0f5541c1894759a6160cdab7,USGS-09371010,63680,00011,2023-10-30T09:30:00+00:00,,_FNU,Provisional,['DISCONTINUED'],2025-08-30T09:02:45.069499+00:00,STNRD
05c59b8b0f5541c1894759a6160cdab7,USGS-09371010,63680,00011,2023-10-30T09:45:00+00:00,,_FNU,Provisional,['DISCONTINUED'],2025-08-30T09:02:45.069499+00:00,STNRD
05c59b8b0f5541c1894759a6160cdab7,USGS-09371010,63680,00011,2023-10-30T10:00:00+00:00,,_FNU,Provisional,['DISCONTINUED'],2025-08-30T09:02:45.069499+00:00,STNRD
05c59b8b0f5541c1894759a6160cdab7,USGS-09371010,63680,00011,2023-10-30T10:15:00+00:00,,_FNU,Provisional,['DISCONTINUED'],2025-08-30T09:02:45.069499+00:00,STNRD
05c59b8b0f5541c1894759a6160cdab7,USGS-09371010,63680,00011,2023-10-30T10:30:00+00:00,,_FNU,Provisional,['DISCONTINUED'],2025-08-30T09:02:45.069499+00:00,STNRD
05c59b8b0f5541c1894759a6160cdab7,USGS-09371010,63680,00011,2023-10-30T10:45:00+00:00,,_FNU,Provisional,['DISCONTINUED'],2025-08-30T09:02:45.069499+00:00,STNRD
05c59b8b0f5541c1894759a6160cdab7,USGS-09371010,63680,00011,2023-10-30T11:00:00+00:00,,_FNU,Provisional,['DISCONTINUED'],2025-08-30T09:02:45.069499+00:00,STNRD
05c59b8b0f5541c1894759a6160cdab7,USGS-09371010,63680,00011,2023-10-30T11:15:00+00:00,,_FNU,Provisional,['DISCONTINUED'],2025-08-30T09:02:45.069499+00:00,STNRD
05c59b8b0f5541c1894759a6160cdab7,USGS-09371010,63680,00011,2023-10-30T11:30:00+00:00,,_FNU,Provisional,['DISCONTINUED'],2025-08-30T09:02:45.069499+00:00,STNRD
05c59b8b0f5541c1894759a6160cdab7,USGS-09371010,63680,00011,2023-10-30T11:45:00+00:00,,_FNU,Provisional,['DISCONTINUED'],2025-08-30T09:02:45.069499+00:00,STNRD
05c59b8b0f5541c1894759a6160cdab7,USGS-09371010,63680,00011,2023-10-30T12:00:00+00:00,,_FNU,Provisional,['DISCONTINUED'],2025-08-30T09:02:45.069499+00:00,STNRD
05c59b8b0f5541c1894759a6160cdab7,USGS-09371010,63680,00011,2023-10-30T12:15:00+00:00,,_FNU,Provisional,['DISCONTINUED'],2025-08-30T09:02:45.069499+00:00,STNRD
05c59b8b0f5541c1894759a6160cdab7,USGS-09371010,63680,00011,2023-10-30T12:30:00+00:00,,_FNU,Provisional,['DISCONTINUED'],2025-08-30T09:02:45.069499+00:00,STNRD
05c59b8b0f5541c1894759a6160cdab7,USGS-09371010,63680,00011,2023-10-30T12:45:00+00:00,,_FNU,Provisional,['DISCONTINUED'],2025-08-30T09:02:45.069499+00:00,STNRD
05c59b8b0f5541c1894759a6160cdab7,USGS-09371010,63680,00011,2023-10-30T13:00:00+00:00,,_FNU,Provisional,['DISCONTINUED'],2025-08-30T09:02:45.069499+00:00,STNRD
05c59b8b0f5541c1894759a6160cdab7,USGS-09371010,63680,00011,2023-10-30T13:15:00+00:00,,_FNU,Provisional,['DISCONTINUED'],2025-08-30T09:02:45.069499+00:00,STNRD
05c59b8b0f5541c1894759a6160cdab7,USGS-09371010,63680,00011,2023-10-30T13:30:00+00:00,,_FNU,Provisional,['DISCONTINUED'],2025-08-30T09:02:45.069499+00:00,STNRD
05c59b8b0f5541c1894759a6160cdab7,USGS-09371010,63680,00011,2023-10-30T13:45:00+00:00,,_FNU,Provisional,['DISCONTINUED'],2025-08-30T09:02:45.069499+00:00,STNRD
05c59b8b0f5541c1894759a6160cdab7,USGS-09371010,63680,00011,2023-10-30T14:00:00+00:00,,_FNU,Provisional,['DISCONTINUED'],2025-08-30T09:02:45.069499+00:00,STNRD
05c59b8b0f5541c1894759a6160cdab7,USGS-09371010,63680,00011,2023-10-30T14:15:00+00:00,,_FNU,Provisional,['DISCONTINUED'],2025-08-30T09:02:45.069499+00:00,STNRD
05c59b8b0f5541c1894759a6160cdab7,USGS-09371010,63680,00011,2023-10-30T14:30:00+00:00,,_FNU,Provisional,['DISCONTINUED'],2025-08-30T09:02:45.069499+00:00,STNRD
05c59b8b0f5541c1894759a6160cdab7,USGS-09371010,63680,00011,2023-10-30T14:45:00+00:00,,_FNU,Provisional,['DISCONTINUED'],2025-08-30T09:02:45.069499+00:00,STNRD
05c59b8b0f5541c1894759a6160cdab7,USGS-09371010,63680,00011,2023-10-30T15:00:00+00:00,,_FNU,Provisional,['DISCONTINUED'],2025-08-30T09:02:45.069499+00:00,STNRD
05c59b8b0f5541c1894759a6160cdab7,USGS-09371010,63680,00011,2023-10-30T15:15:00+00:00,,_FNU,Provisional,['DISCONTINUED'],2025-08-30T09:02:45.069499+00:00,STNRD
05c59b8b0f5541c1894759a6160cdab7,USGS-09371010,63680,00011,2023-10-30T15:30:00+00:00,,_FNU,Provisional,['DISCONTINUED'],2025-08-30T09:02:45.069499+00:00,STNRD
05c59b8b0f5541c1894759a6160cdab7,USGS-09371010,63680,00011,2023-10-30T15:45:00+00:00,,_FNU,Provisional,['DISCONTINUED'],2025-08-30T09:02:45.069499+00:00,STNRD
05c59b8b0f5541c1894759a6160cdab7,USGS-09371010,63680,00011,2023-10-30T16:00:00+00:00,,_FNU,Provisional,['DISCONTINUED'],2025-08-30T09:02:45.069499+00:00,STNRD
05c59b8b0f5541c1894759a6160cdab7,USGS-09371010,63680,00011,2023-10-30T16:15:00+00:00,,_FNU,Provisional,['DISCONTINUED'],2025-08-30T09:02:45.069499+00:00,STNRD
05c59b8b0f5541c1894759a6160cdab7,USGS-09371010,63680,00011,2023-10-30T16:30:00+00:00,,_FNU,Provisional,['DISCONTINUED'],2025-08-30T09:02:45.069499+00:00,STNRD
05c59b8b0f5541c1894759a6160cdab7,USGS-09371010,63680,00011,2023-10-30T16:45:00+00:00,,_FNU,Provisional,['DISCONTINUED'],2025-08-30T09:02:45.069499+00:00,STNRD
05c59b8b0f5541c1894759a6160cdab7,USGS-09371010,63680,00011,2023-10-30T17:00:00+00:00,,_FNU,Provisional,['DISCONTINUED'],2025-08-30T09:02:45.069499+00:00,STNRD
05c59b8b0f5541c1894759a6160cdab7,USGS-09371010,63680,00011,2023-10-30T17:15:00+00:00,,_FNU,Provisional,['DISCONTINUED'],2025-08-30T09:02:45.069499+00:00,STNRD
05c59b8b0f5541c1894759a6160cdab7,USGS-09371010,63680,00011,2023-10-30T17:30:00+00:00,,_FNU,Provisional,['DISCONTINUED'],2025-08-30T09:02:45.069499+00:00,STNRD
05c59b8b0f5541c1894759a6160cdab7,USGS-09371010,63680,00011,2023-10-30T17:45:00+00:00,,_FNU,Provisional,['DISCONTINUED'],2025-08-30T09:02:45.069499+00:00,STNRD
05c59b8b0f5541c1894759a6160cdab7,USGS-09371010,63680,00011,2023-10-30T18:00:00+00:00,,_FNU,Provisional,['DISCONTINUED'],2025-08-30T09:02:45.069499+00:00,STNRD
05c59b8b0f5541c1894759a6160cdab7,USGS-09371010,63680,00011,2023-10-30T18:15:00+00:00,,_FNU,Provisional,['DISCONTINUED'],2025-08-30T09:02:45.069499+00:00,STNRD
05c59b8b0f5541c1894759a6160cdab7,USGS-09371010,63680,00011,2023-10-30T18:30:00+00:00,,_FNU,Provisional,['DISCONTINUED'],2025-08-30T09:02:45.069499+00:00,STNRD
05c59b8b0f5541c1894759a6160cdab7,USGS-09371010,63680,00011,2023-10-30T18:45:00+00:00,,_FNU,Provisional,['DISCONTINUED'],2025-08-30T09:02:45.069499+00:00,STNRD
05c59b8b0f5541c1894759a6160cdab7,USGS-09371010,63680,00011,2023-10-30T19:00:00+00:00,,_FNU,Provisional,['DISCONTINUED'],2025-08-30T09:02:45.069499+00:00,STNRD
05c59b8b0f5541c1894759a6160cdab7,USGS-09371010,63680,00011,2023-10-30T19:15:00+00:00,,_FNU,Provisional,['DISCONTINUED'],2025-08-30T09:02:45.069499+00:00,STNRD
05c59b8b0f5541c1894759a6160cdab7,USGS-09371010,63680,00011,2023-10-30T19:30:00+00:00,,_FNU,Provisional,['DISCONTINUED'],2025-08-30T09:02:45.069499+00:00,STNRD
05c59b8b0f5541c1894759a6160cdab7,USGS-09371010,63680,00011,2023-10-30T19:45:00+00:00,,_FNU,Provisional,['DISCONTINUED'],2025-08-30T09:02:45.069499+00:00,STNRD
05c59b8b0f5541c1894759a6160cdab7,USGS-09371010,63680,00011,2023-10-30T20:00:00+00:00,,_FNU,Provisional,['DISCONTINUED'],2025-08-30T09:02:45.069499+00:00,STNRD
05c59b8b0f5541c1894759a6160cdab7,USGS-09371010,63680,00011,2023-10-30T20:15:00+00:00,,_FNU,Provisional,['DISCONTINUED'],2025-08-30T09:02:45.069499+00:00,STNRD
05c59b8b0f5541c1894759a6160cdab7,USGS-09371010,63680,00011,2023-10-30T20:30:00+00:00,,_FNU,Provisional,['DISCONTINUED'],2025-08-30T09:02:45.069499+00:00,STNRD
05c59b8b0f5541c1894759a6160cdab7,USGS-09371010,63680,00011,2023-10-30T20:45:00+00:00,,_FNU,Provisional,['DISCONTINUED'],2025-08-30T09:02:45.069499+00:00,STNRD
05c59b8b0f5541c1894759a6160cdab7,USGS-09371010,63680,00011,2023-10-30T21:00:00+00:00,,_FNU,Provisional,['DISCONTINUED'],2025-08-30T09:02:45.069499+00:00,STNRD
05c59b8b0f5541c1894759a6160cdab7,USGS-09371010,63680,00011,2023-10-30T21:15:00+00:00,,_FNU,Provisional,['DISCONTINUED'],2025-08-30T09:02:45.069499+00:00,STNRD
05c59b8b0f5541c1894759a6160cdab7,USGS-09371010,63680,00011,2023-10-30T21:30:00+00:00,,_FNU,Provisional,['DISCONTINUED'],2025-08-30T09:02:45.069499+00:00,STNRD
05c59b8b0f5541c1894759a6160cdab7,USGS-09371010,63680,00011,2023-10-30T21:45:00+00:00,,_FNU,Provisional,['DISCONTINUED'],2025-08-30T09:02:45.069499+00:00,STNRD
05c59b8b0f5541c1894759a6160cdab7,USGS-09371010,63680,00011,2023-10-30T22:00:00+00:00,,_FNU,Provisional,['DISCONTINUED'],2025-08-30T09:02:45.069499+00:00,STNRD
05c59b8b0f5541c1894759a6160cdab7,USGS-09371010,63680,00011,2023-10-30T22:15:00+00:00,,_FNU,Provisional,['DISCONTINUED'],2025-08-30T09:02:45.069499+00:00,STNRD
05c59b8b0f5541c1894759a6160cdab7,USGS-09371010,63680,00011,2023-10-30T22:30:00+00:00,,_FNU,Provisional,['DISCONTINUED'],2025-08-30T09:02:45.069499+00:00,STNRD
05c59b8b0f5541c1894759a6160cdab7,USGS-09371010,63680,00011,2023-10-30T22:45:00+00:00,,_FNU,Provisional,['DISCONTINUED'],2025-08-30T09:02:45.069499+00:00,STNRD
05c59b8b0f5541c1894759a6160cdab7,USGS-09371010,63680,00011,2023-10-30T23:00:00+00:00,,_FNU,Provisional,['DISCONTINUED'],2025-08-30T09:02:45.069499+00:00,STNRD
05c59b8b0f5541c1894759a6160cdab7,USGS-09371010,63680,00011,2023-10-30T23:15:00+00:00,,_FNU,Provisional,['DISCONTINUED'],2025-08-30T09:02:45.069499+00:00,STNRD
05c59b8b0f5541c1894759a6160cdab7,USGS-09371010,63680,00011,2023-10-30T23:30:00+00:00,,_FNU,Provisional,['DISCONTINUED'],2025-08-30T09:02:45.069499+00:00,STNRD
05c59b8b0f5541c1894759a6160cdab7,USGS-09371010,63680,00011,2023-10-30T23:45:00+00:00,,_FNU,Provisional,['DISCONTINUED'],2025-08-30T09:02:45.069499+00:00,STNRD
05c59b8b0f5541c1894759a6160cdab7,USGS-09371010,63680,00011,2023-10-31T00:00:00+00:00,,_FNU,Provisional,['DISCONTINUED'],2025-08-30T09:02:45.069499+00:00,STNRD
05c59b8b0f5541c1894759a6160cdab7,USGS-09371010,63680,00011,2023-10-31T00:15:00+00:00,,_FNU,Provisional,['DISCONTINUED'],2025-08-30T09:02:45.069499+00:00,STNRD
05c59b8b0f5541c1894759a6160cdab7,USGS-09371010,63680,00011,2023-10-31T00:30:00+00:00,,_FNU,Provisional,['DISCONTINUED'],2025-08-30T09:02:45.069499+00:00,STNRD
05c59b8b0f5541c1894759a6160cdab7,USGS-09371010,63680,00011,2023-10-31T00:45:00+00:00,,_FNU,Provisional,['DISCONTINUED'],2025-08-30T09:02:45.069499+00:00,STNRD
05c59b8b0f5541c1894759a6160cdab7,USGS-09371010,63680,00011,2023-10-31T01:00:00+00:00,,_FNU,Provisional,['DISCONTINUED'],2025-08-30T09:02:45.069499+00:00,STNRD
05c59b8b0f5541c1894759a6160cdab7,USGS-09371010,63680,00011,2023-10-31T01:15:00+00:00,,_FNU,Provisional,['DISCONTINUED'],2025-08-30T09:02:45.069499+00:00,STNRD
05c59b8b0f5541c1894759a6160cdab7,USGS-09371010,63680,00011,2023-10-31T01:30:00+00:00,,_FNU,Provisional,['DISCONTINUED'],2025-08-30T09:02:45.069499+00:00,STNRD
05c59b8b0f5541c1894759a6160cdab7,USGS-09371010,63680,00011,2023-10-31T01:45:00+00:00,,_FNU,Provisional,['DISCONTINUED'],2025-08-30T09:02:45.069499+00:00,STNRD
05c59b8b0f5541c1894759a6160cdab7,USGS-09371010,63680,00011,2023-10-31T02:00:00+00:00,,_FNU,Provisional,['DISCONTINUED'],2025-08-30T09:02:45.069499+00:00,STNRD
05c59b8b0f5541c1894759a6160cdab7,USGS-09371010,63680,00011,2023-10-31T02:15:00+00:00,,_FNU,Provisional,['DISCONTINUED'],2025-08-30T09:02:45.069499+00:00,STNRD
05c59b8b0f5541c1894759a6160cdab7,USGS-09371010,63680,00011,2023-10-31T02:30:00+00:00,,_FNU,Provisional,['DISCONTINUED'],2025-08-30T09:02:45.069499+00:00,STNRD
05c59b8b0f5541c1894759a6160cdab7,USGS-09371010,63680,00011,2023-10-31T02:45:00+00:00,,_FNU,Provisional,['DISCONTINUED'],2025-08-30T09:02:45.069499+00:00,STNRD
05c59b8b0f5541c1894759a6160cdab7,USGS-09371010,63680,00011,2023-10-31T03:00:00+00:00,,_FNU,Provisional,['DISCONTINUED'],2025-08-30T09:02:45.069499+00:00,STNRD
05c59b8b0f5541c1894759a6160cdab7,USGS-09371010,63680,00011,2023-10-31T03:15:00+00:00,,_FNU,Provisional,['DISCONTINUED'],2025-08-30T09:02:45.069499+00:00,STNRD
05c59b8b0f5541c1894759a6160cdab7,USGS-09371010,63680,00011,2023-10-31T03:30:00+00:00,,_FNU,Provisional,['DISCONTINUED'],2025-08-30T09:02:45.069499+00:00,STNRD
05c59b8b0f5541c1894759a6160cdab7,USGS-09371010,63680,00011,2023-10-31T03:45:00+00:00,,_FNU,Provisional,['DISCONTINUED'],2025-08-30T09:02:45.069499+00:00,STNRD
05c59b8b0f5541c1894759a6160cdab7,USGS-09371010,63680,00011,2023-10-31T04:00:00+00:00,,_FNU,Provisional,['DISCONTINUED'],2025-08-30T09:02:45.069499+00:00,STNRD
05c59b8b0f5541c1894759a6160cdab7,USGS-09371010,63680,00011,2023-10-31T04:15:00+00:00,,_FNU,Provisional,['DISCONTINUED'],2025-08-30T09:02:45.069499+00:00,STNRD
05c59b8b0f5541c1894759a6160cdab7,USGS-09371010,63680,00011,2023-10-31T04:30:00+00:00,,_FNU,Provisional,['DISCONTINUED'],2025-08-30T09:02:45.069499+00:00,STNRD
05c59b8b0f5541c1894759a6160cdab7,USGS-09371010,63680,00011,2023-10-31T04:45:00+00:00,,_FNU,Provisional,['DISCONTINUED'],2025-08-30T09:02:45.069499+00:00,STNRD
05c59b8b0f5541c1894759a6160cdab7,USGS-09371010,63680,00011,2023-10-31T05:00:00+00:00,,_FNU,Provisional,['DISCONTINUED'],2025-08-30T09:02:45.069499+00:00,STNRD
05c59b8b0f5541c1894759a6160cdab7,USGS-09371010,63680,00011,2023-10-31T05:15:00+00:00,,_FNU,Provisional,['DISCONTINUED'],2025-08-30T09:02:45.069499+00:00,STNRD
05c59b8b0f5541c1894759a6160cdab7,USGS-09371010,63680,00011,2023-10-31T05:30:00+00:00,,_FNU,Provisional,['DISCONTINUED'],2025-08-30T09:02:45.069499+00:00,STNRD
05c59b8b0f5541c1894759a6160cdab7,USGS-09371010,63680,00011,2023-10-31T05:45:00+00:00,,_FNU,Provisional,['DISCONTINUED'],2025-08-30T09:02:45.069499+00:00,STNRD
05c59b8b0f5541c1894759a6160cdab7,USGS-09371010,63680,00011,2023-10-31T06:00:00+00:00,,_FNU,Provisional,['DISCONTINUED'],2025-08-30T09:02:45.069499+00:00,STNRD
05c59b8b0f5541c1894759a6160cdab7,USGS-09371010,63680,00011,2023-10-31T06:15:00+00:00,,_FNU,Provisional,['DISCONTINUED'],2025-08-30T09:02:45.069499+00:00,STNRD
05c59b8b0f5541c1894759a6160cdab7,USGS-09371010,63680,00011,2023-10-31T06:30:00+00:00,,_FNU,Provisional,['DISCONTINUED'],2025-08-30T09:02:45.069499+00:00,STNRD
05c59b8b0f5541c1894759a6160cdab7,USGS-09371010,63680,00011,2023-10-31T06:45:00+00:00,,_FNU,Provisional,['DISCONTINUED'],2025-08-30T09:02:45.069499+00:00,STNRD
05c59b8b0f5541c1894759a6160cdab7,USGS-09371010,63680,00011,2023-10-31T07:00:00+00:00,,_FNU,Provisional,['DISCONTINUED'],2025-08-30T09:02:45.069499+00:00,STNRD
05c59b8b0f5541c1894759a6160cdab7,USGS-09371010,63680,00011,2023-10-31T07:15:00+00:00,,_FNU,Provisional,['DISCONTINUED'],2025-08-30T09:02:45.069499+00:00,STNRD
05c59b8b0f5541c1894759a6160cdab7,USGS-09371010,63680,00011,2023-10-31T07:30:00+00:00,,_FNU,Provisional,['DISCONTINUED'],2025-08-30T09:02:45.069499+00:00,STNRD
05c59b8b0f5541c1894759a6160cdab7,USGS-09371010,63680,00011,2023-10-31T07:45:00+00:00,,_FNU,Provisional,['DISCONTINUED'],2025-08-30T09:02:45.069499+00:00,STNRD
05c59b8b0f5541c1894759a6160cdab7,USGS-09371010,63680,00011,2023-10-31T08:00:00+00:00,,_FNU,Provisional,['DISCONTINUED'],2025-08-30T09:02:45.069499+00:00,STNRD
05c59b8b0f5541c1894759a6160cdab7,USGS-09371010,63680,00011,2023-10-31T08:15:00+00:00,,_FNU,Provisional,['DISCONTINUED'],2025-08-30T09:02:45.069499+00:00,STNRD
05c59b8b0f5541c1894759a6160cdab7,USGS-09371010,63680,00011,2023-10-31T08:30:00+00:00,,_FNU,Provisional,['DISCONTINUED'],2025-08-30T09:02:45.069499+00:00,STNRD
05c59b8b0f5541c1894759a6160cdab7,USGS-09371010,63680,00011,2023-10-31T08:45:00+00:00,,_FNU,Provisional,['DISCONTINUED'],2025-08-30T09:02:45.069499+00:00,STNRD
05c59b8b0f5541c1894759a6160cdab7,USGS-09371010,63680,00011,2023-10-31T09:00:00+00:00,,_FNU,Provisional,['DISCONTINUED'],2025-08-30T09:02:45.069499+00:00,STNRD
05c59b8b0f5541c1894759a6160cdab7,USGS-09371010,63680,00011,2023-10-31T09:15:00+00:00,,_FNU,Provisional,['DISCONTINUED'],2025-08-30T09:02:45.069499+00:00,STNRD
05c59b8b0f5541c1894759a6160cdab7,USGS-09371010,63680,00011,2023-10-31T09:30:00+00:00,,_FNU,Provisional,['DISCONTINUED'],2025-08-30T09:02:45.069499+00:00,STNRD
05c59b8b0f5541c1894759a6160cdab7,USGS-09371010,63680,00011,2023-10-31T09:45:00+00:00,,_FNU,Provisional,['DISCONTINUED'],2025-08-30T09:02:45.069499+00:00,STNRD
05c59b8b0f5541c1894759a6160cdab7,USGS-09371010,63680,00011,2023-10-31T10:00:00+00:00,,_FNU,Provisional,['DISCONTINUED'],2025-08-30T09:02:45.069499+00:00,STNRD
05c59b8b0f5541c1894759a6160cdab7,USGS-09371010,63680,00011,2023-10-31T10:15:00+00:00,,_FNU,Provisional,['DISCONTINUED'],2025-08-30T09:02:45.069499+00:00,STNRD
05c59b8b0f5541c1894759a6160cdab7,USGS-09371010,63680,00011,2023-10-31T10:30:00+00:00,,_FNU,Provisional,['DISCONTINUED'],2025-08-30T09:02:45.069499+00:00,STNRD
05c59b8b0f5541c1894759a6160cdab7,USGS-09371010,63680,00011,2023-10-31T10:45:00+00:00,,_FNU,Provisional,['DISCONTINUED'],2025-08-30T09:02:45.069499+00:00,STNRD
05c59b8b0f5541c1894759a6160cdab7,USGS-09371010,63680,00011,2023-10-31T11:00:00+00:00,,_FNU,Provisional,['DISCONTINUED'],2025-08-30T09:02:45.069499+00:00,STNRD
05c59b8b0f5541c1894759a6160cdab7,USGS-09371010,63680,00011,2023-10-31T11:15:00+00:00,,_FNU,Provisional,['DISCONTINUED'],2025-08-30T09:02:45.069499+00:00,STNRD
05c59b8b0f5541c1894759a6160cdab7,USGS-09371010,63680,00011,2023-10-31T11:30:00+00:00,,_FNU,Provisional,['DISCONTINUED'],2025-08-30T09:02:45.069499+00:00,STNRD
05c59b8b0f5541c1894759a6160cdab7,USGS-09371010,63680,00011,2023-10-31T11:45:00+00:00,,_FNU,Provisional,['DISCONTINUED'],2025-08-30T09:02:45.069499+00:00,STNRD
05c59b8b0f5541c1894759a6160cdab7,USGS-09371010,63680,00011,2023-10-31T12:00:00+00:00,,_FNU,Provisional,['DISCONTINUED'],2025-08-30T09:02:45.069499+00:00,STNRD
05c59b8b0f5541c1894759a6160cdab7,USGS-09371010,63680,00011,2023-10-31T12:15:00+00:00,,_FNU,Provisional,['DISCONTINUED'],2025-08-30T09:02:45.069499+00:00,STNRD
05c59b8b0f5541c1894759a6160cdab7,USGS-09371010,63680,00011,2023-10-31T12:30:00+00:00,,_FNU,Provisional,['DISCONTINUED'],2025-08-30T09:02:45.069499+00:00,STNRD
05c59b8b0f5541c1894759a6160cdab7,USGS-09371010,63680,00011,2023-10-31T12:45:00+00:00,,_FNU,Provisional,['DISCONTINUED'],2025-08-30T09:02:45.069499+00:00,STNRD
05c59b8b0f5541c1894759a6160cdab7,USGS-09371010,63680,00011,2023-10-31T13:00:00+00:00,,_FNU,Provisional,['DISCONTINUED'],2025-08-30T09:02:45.069499+00:00,STNRD
05c59b8b0f5541c1894759a6160cdab7,USGS-09371010,63680,00011,2023-10-31T13:15:00+00:00,,_FNU,Provisional,['DISCONTINUED'],2025-08-30T09:02:45.069499+00:00,STNRD
05c59b8b0f5541c1894759a6160cdab7,USGS-09371010,63680,00011,2023-10-31T13:30:00+00:00,,_FNU,Provisional,['DISCONTINUED'],2025-08-30T09:02:45.069499+00:00,STNRD
05c59b8b0f5541c1894759a6160cdab7,USGS-09371010,63680,00011,2023-10-31T13:45:00+00:00,,_FNU,Provisional,['DISCONTINUED'],2025-08-30T09:02:45.069499+00:00,STNRD
05c59b8b0f5541c1894759a6160cdab7,USGS-09371010,63680,00011,2023-10-31T14:00:00+00:00,,_FNU,Provisional,['DISCONTINUED'],2025-08-30T09:02:45.069499+00:00,STNRD
05c59b8b0f5541c1894759a6160cdab7,USGS-09371010,63680,00011,2023-10-31T14:15:00+00:00,,_FNU,Provisional,['DISCONTINUED'],2025-08-30T09:02:45.069499+00:00,STNRD
05c59b8b0f5541c1894759a6160cdab7,USGS-09371010,63680,00011,2023-10-31T14:30:00+00:00,,_FNU,Provisional,['DISCONTINUED'],2025-08-30T09:02:45.069499+00:00,STNRD
05c59b8b0f5541c1894759a6160cdab7,USGS-09371010,63680,00011,2023-10-31T14:45:00+00:00,,_FNU,Provisional,['DISCONTINUED'],2025-08-30T09:02:45.069499+00:00,STNRD
05c59b8b0f5541c1894759a6160cdab7,USGS-09371010,63680,00011,2023-10-31T15:00:00+00:00,,_FNU,Provisional,['DISCONTINUED'],2025-08-30T09:02:45.069499+00:00,STNRD
05c59b8b0f5541c1894759a6160cdab7,USGS-09371010,63680,00011,2023-10-31T15:15:00+00:00,,_FNU,Provisional,['DISCONTINUED'],2025-08-30T09:02:45.069499+00:00,STNRD
05c59b8b0f5541c1894759a6160cdab7,USGS-09371010,63680,00011,2023-10-31T15:30:00+00:00,,_FNU,Provisional,['DISCONTINUED'],2025-08-30T09:02:45.069499+00:00,STNRD
05c59b8b0f5541c1894759a6160cdab7,USGS-09371010,63680,00011,2023-10-31T15:45:00+00:00,,_FNU,Provisional,['DISCONTINUED'],2025-08-30T09:02:45.069499+00:00,STNRD
05c59b8b0f5541c1894759a6160cdab7,USGS-09371010,63680,00011,2023-10-31T16:00:00+00:00,,_FNU,Provisional,['DISCONTINUED'],2025-08-30T09:02:45.069499+00:00,STNRD
05c59b8b0f5541c1894759a6160cdab7,USGS-09371010,63680,00011,2023-10-31T16:15:00+00:00,,_FNU,Provisional,['DISCONTINUED'],2025-08-30T09:02:45.069499+00:00,STNRD
05c59b8b0f5541c1894759a6160cdab7,USGS-09371010,63680,00011,2023-10-31T16:30:00+00:00,,_FNU,Provisional,['DISCONTINUED'],2025-08-30T09:02:45.069499+00:00,STNRD
05c59b8b0f5541c1894759a6160cdab7,USGS-09371010,63680,00011,2023-10-31T16:45:00+00:00,,_FNU,Provisional,['DISCONTINUED'],2025-08-30T09:02:45.069499+00:00,STNRD
05c59b8b0f5541c1894759a6160cdab7,USGS-09371010,63680,00011,2023-10-31T17:00:00+00:00,,_FNU,Provisional,['DISCONTINUED'],2025-08-30T09:02:45.069499+00:00,STNRD
05c59b8b0f5541c1894759a6160cdab7,USGS-09371010,63680,00011,2023-10-31T17:15:00+00:00,,_FNU,Provisional,['DISCONTINUED'],2025-08-30T09:02:45.069499+00:00,STNRD
05c59b8b0f5541c1894759a6160cdab7,USGS-09371010,63680,00011,2023-10-31T17:30:00+00:00,,_FNU,Provisional,['DISCONTINUED'],2025-08-30T09:02:45.069499+00:00,STNRD
05c59b8b0f5541c1894759a6160cdab7,USGS-09371010,63680,00011,2023-10-31T17:45:00+00:00,,_FNU,Provisional,['DISCONTINUED'],2025-08-30T09:02:45.069499+00:00,STNRD
05c59b8b0f5541c1894759a6160cdab7,USGS-09371010,63680,00011,2023-10-31T18:00:00+00:00,,_FNU,Provisional,['DISCONTINUED'],2025-08-30T09:02:45.069499+00:00,STNRD
05c59b8b0f5541c1894759a6160cdab7,USGS-09371010,63680,00011,2023-10-31T18:15:00+00:00,,_FNU,Provisional,['DISCONTINUED'],2025-08-30T09:02:45.069499+00:00,STNRD
05c59b8b0f5541c1894759a6160cdab7,USGS-09371010,63680,00011,2023-10-31T18:30:00+00:00,,_FNU,Provisional,['DISCONTINUED'],2025-08-30T09:02:45.069499+00:00,STNRD
05c59b8b0f5541c1894759a6160cdab7,USGS-09371010,63680,00011,2023-10-31T18:45:00+00:00,,_FNU,Provisional,['DISCONTINUED'],2025-08-30T09:02:45.069499+00:00,STNRD
05c59b8b0f5541c1894759a6160cdab7,USGS-09371010,63680,00011,2023-10-31T19:00:00+00:00,,_FNU,Provisional,['DISCONTINUED'],2025-08-30T09:02:45.069499+00:00,STNRD
05c59b8b0f5541c1894759a6160cdab7,USGS-09371010,63680,00011,2023-10-31T19:15:00+00:00,,_FNU,Provisional,['DISCONTINUED'],2025-08-30T09:02:45.069499+00:00,STNRD
05c59b8b0f5541c1894759a6160cdab7,USGS-09371010,63680,00011,2023-10-31T19:30:00+00:00,,_FNU,Provisional,['DISCONTINUED'],2025-08-30T09:02:45.069499+00:00,STNRD
05c59b8b0f5541c1894759a6160cdab7,USGS-09371010,63680,00011,2023-10-31T19:45:00+00:00,,_FNU,Provisional,['DISCONTINUED'],2025-08-30T09:02:45.069499+00:00,STNRD
05c59b8b0f5541c1894759a6160cdab7,USGS-09371010,63680,00011,2023-10-31T20:00:00+00:00,,_FNU,Provisional,['DISCONTINUED'],2025-08-30T09:02:45.069499+00:00,STNRD
05c59b8b0f5541c1894759a6160cdab7,USGS-09371010,63680,00011,2023-10-31T20:15:00+00:00,,_FNU,Provisional,['DISCONTINUED'],2025-08-30T09:02:45.069499+00:00,STNRD
05c59b8b0f5541c1894759a6160cdab7,USGS-09371010,63680,00011,2023-10-31T20:30:00+00:00,,_FNU,Provisional,['DISCONTINUED'],2025-08-30T09:02:45.069499+00:00,STNRD
05c59b8b0f5541c1894759a6160cdab7,USGS-09371010,63680,00011,2023-10-31T20:45:00+00:00,,_FNU,Provisional,['DISCONTINUED'],2025-08-30T09:02:45.069499+00:00,STNRD
05c59b8b0f5541c1894759a6160cdab7,USGS-09371010,63680,00011,2023-10-31T21:00:00+00:00,,_FNU,Provisional,['DISCONTINUED'],2025-08-30T09:02:45.069499+00:00,STNRD
05c59b8b0f5541c1894759a6160cdab7,USGS-09371010,63680,00011,2023-10-31T21:15:00+00:00,,_FNU,Provisional,['DISCONTINUED'],2025-08-30T09:02:45.069499+00:00,STNRD
05c59b8b0f5541c1894759a6160cdab7,USGS-09371010,63680,00011,2023-10-31T21:30:00+00:00,,_FNU,Provisional,['DISCONTINUED'],2025-08-30T09:02:45.069499+00:00,STNRD
05c59b8b0f5541c1894759a6160cdab7,USGS-09371010,63680,00011,2023-10-31T21:45:00+00:00,,_FNU,Provisional,['DISCONTINUED'],2025-08-30T09:02:45.069499+00:00,STNRD
05c59b8b0f5541c1894759a6160cdab7,USGS-09371010,63680,00011,2023-10-31T22:00:00+00:00,,_FNU,Provisional,['DISCONTINUED'],2025-08-30T09:02:45.069499+00:00,STNRD
05c59b8b0f5541c1894759a6160cdab7,USGS-09371010,63680,00011,2023-10-31T22:15:00+00:00,,_FNU,Provisional,['DISCONTINUED'],2025-08-30T09:02:45.069499+00:00,STNRD
05c59b8b0f5541c1894759a6160cdab7,USGS-09371010,63680,00011,2023-10-31T22:30:00+00:00,,_FNU,Provisional,['DISCONTINUED'],2025-08-30T09:02:45.069499+00:00,STNRD
05c59b8b0f5541c1894759a6160cdab7,USGS-09371010,63680,00011,2023-10-31T22:45:00+00:00,,_FNU,Provisional,['DISCONTINUED'],2025-08-30T09:02:45.069499+00:00,STNRD
05c59b8b0f5541c1894759a6160cdab7,USGS-09371010,63680,00011,2023-10-31T23:00:00+00:00,,_FNU,Provisional,['DISCONTINUED'],2025-08-30T09:02:45.069499+00:00,STNRD
05c59b8b0f5541c1894759a6160cdab7,USGS-09371010,63680,00011,2023-10-31T23:15:00+00:00,,_FNU,Provisional,['DISCONTINUED'],2025-08-30T09:02:45.069499+00:00,STNRD
05c59b8b0f5541c1894759a6160cdab7,USGS-09371010,63680,00011,2023-10-31T23:30:00+00:00,,_FNU,Provisional,['DISCONTINUED'],2025-08-30T09:02:45.069499+00:00,STNRD
05c59b8b0f5541c1894759a6160cdab7,USGS-09371010,63680,00011,2023-10-31T23:45:00+00:00,,_FNU,Provisional,['DISCONTINUED'],2025-08-30T09:02:45.069499+00:00,STNRD
05c59b8b0f5541c1894759a6160cdab7,USGS-09371010,63680,00011,2023-11-01T00:00:00+00:00,,_FNU,Provisional,['DISCONTINUED'],2025-08-30T09:02:45.069499+00:00,STNRD
05c59b8b0f5541c1894759a6160cdab7,USGS-09371010,63680,00011,2023-11-01T00:15:00+00:00,,_FNU,Provisional,['DISCONTINUED'],2025-08-30T09:02:45.069499+00:00,STNRD
05c59b8b0f5541c1894759a6160cdab7,USGS-09371010,63680,00011,2023-11-01T00:30:00+00:00,,_FNU,Provisional,['DISCONTINUED'],2025-08-30T09:02:45.069499+00:00,STNRD
05c59b8b0f5541c1894759a6160cdab7,USGS-09371010,63680,00011,2023-11-01T00:45:00+00:00,,_FNU,Provisional,['DISCONTINUED'],2025-08-30T09:02:45.069499+00:00,STNRD
05c59b8b0f5541c1894759a6160cdab7,USGS-09371010,63680,00011,2023-11-01T01:00:00+00:00,,_FNU,Provisional,['DISCONTINUED'],2025-08-30T09:02:45.069499+00:00,STNRD
05c59b8b0f5541c1894759a6160cdab7,USGS-09371010,63680,00011,2023-11-01T01:15:00+00:00,,_FNU,Provisional,['DISCONTINUED'],2025-08-30T09:02:45.069499+00:00,STNRD
05c59b8b0f5541c1894759a6160cdab7,USGS-09371010,63680,00011,2023-11-01T01:30:00+00:00,,_FNU,Provisional,['DISCONTINUED'],2025-08-30T09:02:45.069499+00:00,STNRD
05c59b8b0f5541c1894759a6160cdab7,USGS-09371010,63680,00011,2023-11-01T01:45:00+00:00,,_FNU,Provisional,['DISCONTINUED'],2025-08-30T09:02:45.069499+00:00,STNRD
05c59b8b0f5541c1894759a6160cdab7,USGS-09371010,63680,00011,2023-11-01T02:00:00+00:00,,_FNU,Provisional,['DISCONTINUED'],2025-08-30T09:02:45.069499+00:00,STNRD
05c59b8b0f5541c1894759a6160cdab7,USGS-09371010,63680,00011,2023-11-01T02:15:00+00:00,,_FNU,Provisional,['DISCONTINUED'],2025-08-30T09:02:45.069499+00:00,STNRD
05c59b8b0f5541c1894759a6160cdab7,USGS-09371010,63680,00011,2023-11-01T02:30:00+00:00,,_FNU,Provisional,['DISCONTINUED'],2025-08-30T09:02:45.069499+00:00,STNRD
05c59b8b0f5541c1894759a6160cdab7,USGS-09371010,63680,00011,2023-11-01T02:45:00+00:00,,_FNU,Provisional,['DISCONTINUED'],2025-08-30T09:02:45.069499+00:00,STNRD
05c59b8b0f5541c1894759a6160cdab7,USGS-09371010,63680,00011,2023-11-01T03:00:00+00:00,,_FNU,Provisional,['DISCONTINUED'],2025-08-30T09:02:45.069499+00:00,STNRD
05c59b8b0f5541c1894759a6160cdab7,USGS-09371010,63680,00011,2023-11-01T03:15:00+00:00,,_FNU,Provisional,['DISCONTINUED'],2025-08-30T09:02:45.069499+00:00,STNRD
05c59b8b0f5541c1894759a6160cdab7,USGS-09371010,63680,00011,2023-11-01T03:30:00+00:00,,_FNU,Provisional,['DISCONTINUED'],2025-08-30T09:02:45.069499+00:00,STNRD
05c59b8b0f5541c1894759a6160cdab7,USGS-09371010,63680,00011,2023-11-01T03:45:00+00:00,,_FNU,Provisional,['DISCONTINUED'],2025-08-30T09:02:45.069499+00:00,STNRD
05c59b8b0f5541c1894759a6160cdab7,USGS-09371010,63680,00011,2023-11-01T04:00:00+00:00,,_FNU,Provisional,['DISCONTINUED'],2025-08-30T09:02:45.069499+00:00,STNRD
05c59b8b0f5541c1894759a6160cdab7,USGS-09371010,63680,00011,2023-11-01T04:15:00+00:00,,_FNU,Provisional,['DISCONTINUED'],2025-08-30T09:02:45.069499+00:00,STNRD
05c59b8b0f5541c1894759a6160cdab7,USGS-09371010,63680,00011,2023-11-01T04:30:00+00:00,,_FNU,Provisional,['DISCONTINUED'],2025-08-30T09:02:45.069499+00:00,STNRD
05c59b8b0f5541c1894759a6160cdab7,USGS-09371010,63680,00011,2023-11-01T04:45:00+00:00,,_FNU,Provisional,['DISCONTINUED'],2025-08-30T09:02:45.069499+00:00,STNRD
05c59b8b0f5541c1894759a6160cdab7,USGS-09371010,63680,00011,2023-11-01T05:00:00+00:00,,_FNU,Provisional,['DISCONTINUED'],2025-08-30T09:02:45.069499+00:00,STNRD
05c59b8b0f5541c1894759a6160cdab7,USGS-09371010,63680,00011,2023-11-01T05:15:00+00:00,,_FNU,Provisional,['DISCONTINUED'],2025-08-30T09:02:45.069499+00:00,STNRD
05c59b8b0f5541c1894759a6160cdab7,USGS-09371010,63680,00011,2023-11-01T05:30:00+00:00,,_FNU,Provisional,['DISCONTINUED'],2025-08-30T09:02:45.069499+00:00,STNRD
05c59b8b0f5541c1894759a6160cdab7,USGS-09371010,63680,00011,2023-11-01T05:45:00+00:00,,_FNU,Provisional,['DISCONTINUED'],2025-08-30T09:02:45.069499+00:00,STNRD
05c59b8b0f5541c1894759a6160cdab7,USGS-09371010,63680,00011,2023-11-01T06:00:00+00:00,,_FNU,Provisional,['DISCONTINUED'],2025-08-30T09:02:45.069499+00:00,STNRD
05c59b8b0f5541c1894759a6160cdab7,USGS-09371010,63680,00011,2023-11-01T06:15:00+00:00,,_FNU,Provisional,['DISCONTINUED'],2025-08-30T09:02:45.069499+00:00,STNRD
05c59b8b0f5541c1894759a6160cdab7,USGS-09371010,63680,00011,2023-11-01T06:30:00+00:00,,_FNU,Provisional,['DISCONTINUED'],2025-08-30T09:02:45.069499+00:00,STNRD
05c59b8b0f5541c1894759a6160cdab7,USGS-09371010,63680,00011,2023-11-01T06:45:00+00:00,,_FNU,Provisional,['DISCONTINUED'],2025-08-30T09:02:45.069499+00:00,STNRD
05c59b8b0f5541c1894759a6160cdab7,USGS-09371010,63680,00011,2023-11-01T07:00:00+00:00,,_FNU,Provisional,['DISCONTINUED'],2025-08-30T09:02:45.069499+00:00,STNRD
05c59b8b0f5541c1894759a6160cdab7,USGS-09371010,63680,00011,2023-11-01T07:15:00+00:00,,_FNU,Provisional,['DISCONTINUED'],2025-08-30T09:02:45.069499+00:00,STNRD
05c59b8b0f5541c1894759a6160cdab7,USGS-09371010,63680,00011,2023-11-01T07:30:00+00:00,,_FNU,Provisional,['DISCONTINUED'],2025-08-30T09:02:45.069499+00:00,STNRD
05c59b8b0f5541c1894759a6160cdab7,USGS-09371010,63680,00011,2023-11-01T07:45:00+00:00,,_FNU,Provisional,['DISCONTINUED'],2025-08-30T09:02:45.069499+00:00,STNRD
05c59b8b0f5541c1894759a6160cdab7,USGS-09371010,63680,00011,2023-11-01T08:00:00+00:00,,_FNU,Provisional,['DISCONTINUED'],2025-08-30T09:02:45.069499+00:00,STNRD
05c59b8b0f5541c1894759a6160cdab7,USGS-09371010,63680,00011,2023-11-01T08:15:00+00:00,,_FNU,Provisional,['DISCONTINUED'],2025-08-30T09:02:45.069499+00:00,STNRD
05c59b8b0f5541c1894759a6160cdab7,USGS-09371010,63680,00011,2023-11-01T08:30:00+00:00,,_FNU,Provisional,['DISCONTINUED'],2025-08-30T09:02:45.069499+00:00,STNRD
05c59b8b0f5541c1894759a6160cdab7,USGS-09371010,63680,00011,2023-11-01T08:45:00+00:00,,_FNU,Provisional,['DISCONTINUED'],2025-08-30T09:02:45.069499+00:00,STNRD
05c59b8b0f5541c1894759a6160cdab7,USGS-09371010,63680,00011,2023-11-01T09:00:00+00:00,,_FNU,Provisional,['DISCONTINUED'],2025-08-30T09:02:45.069499+00:00,STNRD
05c59b8b0f5541c1894759a6160cdab7,USGS-09371010,63680,00011,2023-11-01T09:15:00+00:00,,_FNU,Provisional,['DISCONTINUED'],2025-08-30T09:02:45.069499+00:00,STNRD
05c59b8b0f5541c1894759a6160cdab7,USGS-09371010,63680,00011,2023-11-01T09:30:00+00:00,,_FNU,Provisional,['DISCONTINUED'],2025-08-30T09:02:45.069499+00:00,STNRD
05c59b8b0f5541c1894759a6160cdab7,USGS-09371010,63680,00011,2023-11-01T09:45:00+00:00,,_FNU,Provisional,['DISCONTINUED'],2025-08-30T09:02:45.069499+00:00,STNRD
05c59b8b0f5541c1894759a6160cdab7,USGS-09371010,63680,00011,2023-11-01T10:00:00+00:00,,_FNU,Provisional,['DISCONTINUED'],2025-08-30T09:02:45.069499+00:00,STNRD
05c59b8b0f5541c1894759a6160cdab7,USGS-09371010,63680,00011,2023-11-01T10:15:00+00:00,,_FNU,Provisional,['DISCONTINUED'],2025-08-30T09:02:45.069499+00:00,STNRD
05c59b8b0f5541c1894759a6160cdab7,USGS-09371010,63680,00011,2023-11-01T10:30:00+00:00,,_FNU,Provisional,['DISCONTINUED'],2025-08-30T09:02:45.069499+00:00,STNRD
05c59b8b0f5541c1894759a6160cdab7,USGS-09371010,63680,00011,2023-11-01T10:45:00+00:00,,_FNU,Provisional,['DISCONTINUED'],2025-08-30T09:02:45.069499+00:00,STNRD
05c59b8b0f5541c1894759a6160cdab7,USGS-09371010,63680,00011,2023-11-01T11:00:00+00:00,,_FNU,Provisional,['DISCONTINUED'],2025-08-30T09:02:45.069499+00:00,STNRD
05c59b8b0f5541c1894759a6160cdab7,USGS-09371010,63680,00011,2023-11-01T11:15:00+00:00,,_FNU,Provisional,['DISCONTINUED'],2025-08-30T09:02:45.069499+00:00,STNRD
05c59b8b0f5541c1894759a6160cdab7,USGS-09371010,63680,00011,2023-11-01T11:30:00+00:00,,_FNU,Provisional,['DISCONTINUED'],2025-08-30T09:02:45.069499+00:00,STNRD
05c59b8b0f5541c1894759a6160cdab7,USGS-09371010,63680,00011,2023-11-01T11:45:00+00:00,,_FNU,Provisional,['DISCONTINUED'],2025-08-30T09:02:45.069499+00:00,STNRD
05c59b8b0f5541c1894759a6160cdab7,USGS-09371010,63680,00011,2023-11-01T12:00:00+00:00,,_FNU,Provisional,['DISCONTINUED'],2025-08-30T09:02:45.069499+00:00,STNRD
05c59b8b0f5541c1894759a6160cdab7,USGS-09371010,63680,00011,2023-11-01T12:15:00+00:00,,_FNU,Provisional,['DISCONTINUED'],2025-08-30T09:02:45.069499+00:00,STNRD
05c59b8b0f5541c1894759a6160cdab7,USGS-09371010,63680,00011,2023-11-01T12:30:00+00:00,,_FNU,Provisional,['DISCONTINUED'],2025-08-30T09:02:45.069499+00:00,STNRD
05c59b8b0f5541c1894759a6160cdab7,USGS-09371010,63680,00011,2023-11-01T12:45:00+00:00,,_FNU,Provisional,['DISCONTINUED'],2025-08-30T09:02:45.069499+00:00,STNRD
05c59b8b0f5541c1894759a6160cdab7,USGS-09371010,63680,00011,2023-11-01T13:00:00+00:00,,_FNU,Provisional,['DISCONTINUED'],2025-08-30T09:02:45.069499+00:00,STNRD
05c59b8b0f5541c1894759a6160cdab7,USGS-09371010,63680,00011,2023-11-01T13:15:00+00:00,,_FNU,Provisional,['DISCONTINUED'],2025-08-30T09:02:45.069499+00:00,STNRD
05c59b8b0f5541c1894759a6160cdab7,USGS-09371010,63680,00011,2023-11-01T13:30:00+00:00,,_FNU,Provisional,['DISCONTINUED'],2025-08-30T09:02:45.069499+00:00,STNRD
05c59b8b0f5541c1894759a6160cdab7,USGS-09371010,63680,00011,2023-11-01T13:45:00+00:00,,_FNU,Provisional,['DISCONTINUED'],2025-08-30T09:02:45.069499+00:00,STNRD
05c59b8b0f5541c1894759a6160cdab7,USGS-09371010,63680,00011,2023-11-01T14:00:00+00:00,,_FNU,Provisional,['DISCONTINUED'],2025-08-30T09:02:45.069499+00:00,STNRD
05c59b8b0f5541c1894759a6160cdab7,USGS-09371010,63680,00011,2023-11-01T14:15:00+00:00,,_FNU,Provisional,['DISCONTINUED'],2025-08-30T09:02:45.069499+00:00,STNRD
05c59b8b0f5541c1894759a6160cdab7,USGS-09371010,63680,00011,2023-11-01T14:30:00+00:00,,_FNU,Provisional,['DISCONTINUED'],2025-08-30T09:02:45.069499+00:00,STNRD
05c59b8b0f5541c1894759a6160cdab7,USGS-09371010,63680,00011,2023-11-01T14:45:00+00:00,,_FNU,Provisional,['DISCONTINUED'],2025-08-30T09:02:45.069499+00:00,STNRD
05c59b8b0f5541c1894759a6160cdab7,USGS-09371010,63680,00011,2023-11-01T15:00:00+00:00,,_FNU,Provisional,['DISCONTINUED'],2025-08-30T09:02:45.069499+00:00,STNRD
05c59b8b0f5541c1894759a6160cdab7,USGS-09371010,63680,00011,2023-11-01T15:15:00+00:00,,_FNU,Provisional,['DISCONTINUED'],2025-08-30T09:02:45.069499+00:00,STNRD
05c59b8b0f5541c1894759a6160cdab7,USGS-09371010,63680,00011,2023-11-01T15:30:00+00:00,,_FNU,Provisional,['DISCONTINUED'],2025-08-30T09:02:45.069499+00:00,STNRD
05c59b8b0f5541c1894759a6160cdab7,USGS-09371010,63680,00011,2023-11-01T15:45:00+00:00,,_FNU,Provisional,['DISCONTINUED'],2025-08-30T09:02:45.069499+00:00,STNRD
05c59b8b0f5541c1894759a6160cdab7,USGS-09371010,63680,00011,2023-11-01T16:00:00+00:00,,_FNU,Provisional,['DISCONTINUED'],2025-08-30T09:02:45.069499+00:00,STNRD
05c59b8b0f5541c1894759a6160cdab7,USGS-09371010,63680,00011,2023-11-01T16:15:00+00:00,,_FNU,Provisional,['DISCONTINUED'],2025-08-30T09:02:45.069499+00:00,STNRD
05c59b8b0f5541c1894759a6160cdab7,USGS-09371010,63680,00011,2023-11-01T16:30:00+00:00,,_FNU,Provisional,['DISCONTINUED'],2025-08-30T09:02:45.069499+00:00,STNRD
05c59b8b0f5541c1894759a6160cdab7,USGS-09371010,63680,00011,2023-11-01T16:45:00+00:00,,_FNU,Provisional,['DISCONTINUED'],2025-08-30T09:02:45.069499+00:00,STNRD
05c59b8b0f5541c1894759a6160cdab7,USGS-09371010,63680,00011,2023-11-01T17:00:00+00:00,,_FNU,Provisional,['DISCONTINUED'],2025-08-30T09:02:45.069499+00:00,STNRD
05c59b8b0f5541c1894759a6160cdab7,USGS-09371010,63680,00011,2023-11-01T17:15:00+00:00,,_FNU,Provisional,['DISCONTINUED'],2025-08-30T09:02:45.069499+00:00,STNRD
05c59b8b0f5541c1894759a6160cdab7,USGS-09371010,63680,00011,2023-11-01T17:30:00+00:00,,_FNU,Provisional,['DISCONTINUED'],2025-08-30T09:02:45.069499+00:00,STNRD
05c59b8b0f5541c1894759a6160cdab7,USGS-09371010,63680,00011,2023-11-01T17:45:00+00:00,,_FNU,Provisional,['DISCONTINUED'],2025-08-30T09:02:45.069499+00:00,STNRD
05c59b8b0f5541c1894759a6160cdab7,USGS-09371010,63680,00011,2023-11-01T18:00:00+00:00,,_FNU,Provisional,['DISCONTINUED'],2025-08-30T09:02:45.069499+00:00,STNRD
05c59b8b0f5541c1894759a6160cdab7,USGS-09371010,63680,00011,2023-11-01T18:15:00+00:00,,_FNU,Provisional,['DISCONTINUED'],2025-08-30T09:02:45.069499+00:00,STNRD
05c59b8b0f5541c1894759a6160cdab7,USGS-09371010,63680,00011,2023-11-01T18:30:00+00:00,,_FNU,Provisional,['DISCONTINUED'],2025-08-30T09:02:45.069499+00:00,STNRD
05c59b8b0f5541c1894759a6160cdab7,USGS-09371010,63680,00011,2023-11-01T18:45:00+00:00,,_FNU,Provisional,['DISCONTINUED'],2025-08-30T09:02:45.069499+00:00,STNRD
05c59b8b0f5541c1894759a6160cdab7,USGS-09371010,63680,00011,2023-11-01T19:00:00+00:00,,_FNU,Provisional,['DISCONTINUED'],2025-08-30T09:02:45.069499+00:00,STNRD
05c59b8b0f5541c1894759a6160cdab7,USGS-09371010,63680,00011,2023-11-01T19:15:00+00:00,,_FNU,Provisional,['DISCONTINUED'],2025-08-30T09:02:45.069499+00:00,STNRD
05c59b8b0f5541c1894759a6160cdab7,USGS-09371010,63680,00011,2023-11-01T19:30:00+00:00,,_FNU,Provisional,['DISCONTINUED'],2025-08-30T09:02:45.069499+00:00,STNRD
05c59b8b0f5541c1894759a6160cdab7,USGS-09371010,63680,00011,2023-11-01T19:45:00+00:00,,_FNU,Provisional,['DISCONTINUED'],2025-08-30T09:02:45.069499+00:00,STNRD
05c59b8b0f5541c1894759a6160cdab7,USGS-09371010,63680,00011,2023-11-01T20:00:00+00:00,,_FNU,Provisional,['DISCONTINUED'],2025-08-30T09:02:45.069499+00:00,STNRD
05c59b8b0f5541c1894759a6160cdab7,USGS-09371010,63680,00011,2023-11-01T20:15:00+00:00,,_FNU,Provisional,['DISCONTINUED'],2025-08-30T09:02:45.069499+00:00,STNRD
05c59b8b0f5541c1894759a6160cdab7,USGS-09371010,63680,00011,2023-11-01T20:30:00+00:00,,_FNU,Provisional,['DISCONTINUED'],2025-08-30T09:02:45.069499+00:00,STNRD
05c59b8b0f5541c1894759a6160cdab7,USGS-09371010,63680,00011,2023-11-01T20:45:00+00:00,,_FNU,Provisional,['DISCONTINUED'],2025-08-30T09:02:45.069499+00:00,STNRD
05c59b8b0f5541c1894759a6160cdab7,USGS-09371010,63680,00011,2023-11-01T21:00:00+00:00,,_FNU,Provisional,['DISCONTINUED'],2025-08-30T09:02:45.069499+00:00,STNRD
05c59b8b0f5541c1894759a6160cdab7,USGS-09371010,63680,00011,2023-11-01T21:15:00+00:00,,_FNU,Provisional,['DISCONTINUED'],2025-08-30T09:02:45.069499+00:00,STNRD
05c59b8b0f5541c1894759a6160cdab7,USGS-09371010,63680,00011,2023-11-01T21:30:00+00:00,,_FNU,Provisional,['DISCONTINUED'],2025-08-30T09:02:45.069499+00:00,STNRD
05c59b8b0f5541c1894759a6160cdab7,USGS-09371010,63680,00011,2023-11-01T21:45:00+00:00,,_FNU,Provisional,['DISCONTINUED'],2025-08-30T09:02:45.069499+00:00,STNRD
05c59b8b0f5541c1894759a6160cdab7,USGS-09371010,63680,00011,2023-11-01T22:00:00+00:00,,_FNU,Provisional,['DISCONTINUED'],2025-08-30T09:02:45.069499+00:00,STNRD
05c59b8b0f5541c1894759a6160cdab7,USGS-09371010,63680,00011,2023-11-01T22:15:00+00:00,,_FNU,Provisional,['DISCONTINUED'],2025-08-30T09:02:45.069499+00:00,STNRD
05c59b8b0f5541c1894759a6160cdab7,USGS-09371010,63680,00011,2023-11-01T22:30:00+00:00,,_FNU,Provisional,['DISCONTINUED'],2025-08-30T09:02:45.069499+00:00,STNRD
05c59b8b0f5541c1894759a6160cdab7,USGS-09371010,63680,00011,2023-11-01T22:45:00+00:00,,_FNU,Provisional,['DISCONTINUED'],2025-08-30T09:02:45.069499+00:00,STNRD
05c59b8b0f5541c1894759a6160cdab7,USGS-09371010,63680,00011,2023-11-01T23:00:00+00:00,,_FNU,Provisional,['DISCONTINUED'],2025-08-30T09:02:45.069499+00:00,STNRD
05c59b8b0f5541c1894759a6160cdab7,USGS-09371010,63680,00011,2023-11-01T23:15:00+00:00,,_FNU,Provisional,['DISCONTINUED'],2025-08-30T09:02:45.069499+00:00,STNRD
05c59b8b0f5541c1894759a6160cdab7,USGS-09371010,63680,00011,2023-11-01T23:30:00+00:00,,_FNU,Provisional,['DISCONTINUED'],2025-08-30T09:02:45.069499+00:00,STNRD
05c59b8b0f5541c1894759a6160cdab7,USGS-09371010,63680,00011,2023-11-01T23:45:00+00:00,,_FNU,Provisional,['DISCONTINUED'],2025-08-30T09:02:45.069499+00:00,STNRD
05c59b8b0f5541c1894759a6160cdab7,USGS-09371010,63680,00011,2023-11-02T00:00:00+00:00,,_FNU,Provisional,['DISCONTINUED'],2025-08-30T09:02:45.069499+00:00,STNRD
05c59b8b0f5541c1894759a6160cdab7,USGS-09371010,63680,00011,2023-11-02T00:15:00+00:00,,_FNU,Provisional,['DISCONTINUED'],2025-08-30T09:02:45.069499+00:00,STNRD
05c59b8b0f5541c1894759a6160cdab7,USGS-09371010,63680,00011,2023-11-02T00:30:00+00:00,,_FNU,Provisional,['DISCONTINUED'],2025-08-30T09:02:45.069499+00:00,STNRD
05c59b8b0f5541c1894759a6160cdab7,USGS-09371010,63680,00011,2023-11-02T00:45:00+00:00,,_FNU,Provisional,['DISCONTINUED'],2025-08-30T09:02:45.069499+00:00,STNRD
05c59b8b0f5541c1894759a6160cdab7,USGS-09371010,63680,00011,2023-11-02T01:00:00+00:00,,_FNU,Provisional,['DISCONTINUED'],2025-08-30T09:02:45.069499+00:00,STNRD
05c59b8b0f5541c1894759a6160cdab7,USGS-09371010,63680,00011,2023-11-02T01:15:00+00:00,,_FNU,Provisional,['DISCONTINUED'],2025-08-30T09:02:45.069499+00:00,STNRD
05c59b8b0f5541c1894759a6160cdab7,USGS-09371010,63680,00011,2023-11-02T01:30:00+00:00,,_FNU,Provisional,['DISCONTINUED'],2025-08-30T09:02:45.069499+00:00,STNRD
05c59b8b0f5541c1894759a6160cdab7,USGS-09371010,63680,00011,2023-11-02T01:45:00+00:00,,_FNU,Provisional,['DISCONTINUED'],2025-08-30T09:02:45.069499+00:00,STNRD
05c59b8b0f5541c1894759a6160cdab7,USGS-09371010,63680,00011,2023-11-02T02:00:00+00:00,,_FNU,Provisional,['DISCONTINUED'],2025-08-30T09:02:45.069499+00:00,STNRD
05c59b8b0f5541c1894759a6160cdab7,USGS-09371010,63680,00011,2023-11-02T02:15:00+00:00,,_FNU,Provisional,['DISCONTINUED'],2025-08-30T09:02:45.069499+00:00,STNRD
05c59b8b0f5541c1894759a6160cdab7,USGS-09371010,63680,00011,2023-11-02T02:30:00+00:00,,_FNU,Provisional,['DISCONTINUED'],2025-08-30T09:02:45.069499+00:00,STNRD
05c59b8b0f5541c1894759a6160cdab7,USGS-09371010,63680,00011,2023-11-02T02:45:00+00:00,,_FNU,Provisional,['DISCONTINUED'],2025-08-30T09:02:45.069499+00:00,STNRD
05c59b8b0f5541c1894759a6160cdab7,USGS-09371010,63680,00011,2023-11-02T03:00:00+00:00,,_FNU,Provisional,['DISCONTINUED'],2025-08-30T09:02:45.069499+00:00,STNRD
05c59b8b0f5541c1894759a6160cdab7,USGS-09371010,63680,00011,2023-11-02T03:15:00+00:00,,_FNU,Provisional,['DISCONTINUED'],2025-08-30T09:02:45.069499+00:00,STNRD
05c59b8b0f5541c1894759a6160cdab7,USGS-09371010,63680,00011,2023-11-02T03:30:00+00:00,,_FNU,Provisional,['DISCONTINUED'],2025-08-30T09:02:45.069499+00:00,STNRD
05c59b8b0f5541c1894759a6160cdab7,USGS-09371010,63680,00011,2023-11-02T03:45:00+00:00,,_FNU,Provisional,['DISCONTINUED'],2025-08-30T09:02:45.069499+00:00,STNRD
05c59b8b0f5541c1894759a6160cdab7,USGS-09371010,63680,00011,2023-11-02T04:00:00+00:00,,_FNU,Provisional,['DISCONTINUED'],2025-08-30T09:02:45.069499+00:00,STNRD
05c59b8b0f5541c1894759a6160cdab7,USGS-09371010,63680,00011,2023-11-02T04:15:00+00:00,,_FNU,Provisional,['DISCONTINUED'],2025-08-30T09:02:45.069499+00:00,STNRD
05c59b8b0f5541c1894759a6160cdab7,USGS-09371010,63680,00011,2023-11-02T04:30:00+00:00,,_FNU,Provisional,['DISCONTINUED'],2025-08-30T09:02:45.069499+00:00,STNRD
05c59b8b0f5541c1894759a6160cdab7,USGS-09371010,63680,00011,2023-11-02T04:45:00+00:00,,_FNU,Provisional,['DISCONTINUED'],2025-08-30T09:02:45.069499+00:00,STNRD
05c59b8b0f5541c1894759a6160cdab7,USGS-09371010,63680,00011,2023-11-02T05:00:00+00:00,,_FNU,Provisional,['DISCONTINUED'],2025-08-30T09:02:45.069499+00:00,STNRD
05c59b8b0f5541c1894759a6160cdab7,USGS-09371010,63680,00011,2023-11-02T05:15:00+00:00,,_FNU,Provisional,['DISCONTINUED'],2025-08-30T09:02:45.069499+00:00,STNRD
05c59b8b0f5541c1894759a6160cdab7,USGS-09371010,63680,00011,2023-11-02T05:30:00+00:00,,_FNU,Provisional,['DISCONTINUED'],2025-08-30T09:02:45.069499+00:00,STNRD
05c59b8b0f5541c1894759a6160cdab7,USGS-09371010,63680,00011,2023-11-02T05:45:00+00:00,,_FNU,Provisional,['DISCONTINUED'],2025-08-30T09:02:45.069499+00:00,STNRD
05c59b8b0f5541c1894759a6160cdab7,USGS-09371010,63680,00011,2023-11-02T06:00:00+00:00,,_FNU,Provisional,['DISCONTINUED'],2025-08-30T09:02:45.069499+00:00,STNRD
05c59b8b0f5541c1894759a6160cdab7,USGS-09371010,63680,00011,2023-11-02T06:15:00+00:00,,_FNU,Provisional,['DISCONTINUED'],2025-08-30T09:02:45.069499+00:00,STNRD
05c59b8b0f5541c1894759a6160cdab7,USGS-09371010,63680,00011,2023-11-02T06:30:00+00:00,,_FNU,Provisional,['DISCONTINUED'],2025-08-30T09:02:45.069499+00:00,STNRD
05c59b8b0f5541c1894759a6160cdab7,USGS-09371010,63680,00011,2023-11-02T06:45:00+00:00,,_FNU,Provisional,['DISCONTINUED'],2025-08-30T09:02:45.069499+00:00,STNRD
05c59b8b0f5541c1894759a6160cdab7,USGS-09371010,63680,00011,2023-11-02T07:00:00+00:00,,_FNU,Provisional,['DISCONTINUED'],2025-08-30T09:02:45.069499+00:00,STNRD
05c59b8b0f5541c1894759a6160cdab7,USGS-09371010,63680,00011,2023-11-02T07:15:00+00:00,,_FNU,Provisional,['DISCONTINUED'],2025-08-30T09:02:45.069499+00:00,STNRD
05c59b8b0f5541c1894759a6160cdab7,USGS-09371010,63680,00011,2023-11-02T07:30:00+00:00,,_FNU,Provisional,['DISCONTINUED'],2025-08-30T09:02:45.069499+00:00,STNRD
05c59b8b0f5541c1894759a6160cdab7,USGS-09371010,63680,00011,2023-11-02T07:45:00+00:00,,_FNU,Provisional,['DISCONTINUED'],2025-08-30T09:02:45.069499+00:00,STNRD
05c59b8b0f5541c1894759a6160cdab7,USGS-09371010,63680,00011,2023-11-02T08:00:00+00:00,,_FNU,Provisional,['DISCONTINUED'],2025-08-30T09:02:45.069499+00:00,STNRD
05c59b8b0f5541c1894759a6160cdab7,USGS-09371010,63680,00011,2023-11-02T08:15:00+00:00,,_FNU,Provisional,['DISCONTINUED'],2025-08-30T09:02:45.069499+00:00,STNRD
05c59b8b0f5541c1894759a6160cdab7,USGS-09371010,63680,00011,2023-11-02T08:30:00+00:00,,_FNU,Provisional,['DISCONTINUED'],2025-08-30T09:02:45.069499+00:00,STNRD
05c59b8b0f5541c1894759a6160cdab7,USGS-09371010,63680,00011,2023-11-02T08:45:00+00:00,,_FNU,Provisional,['DISCONTINUED'],2025-08-30T09:02:45.069499+00:00,STNRD
05c59b8b0f5541c1894759a6160cdab7,USGS-09371010,63680,00011,2023-11-02T09:00:00+00:00,,_FNU,Provisional,['DISCONTINUED'],2025-08-30T09:02:45.069499+00:00,STNRD
05c59b8b0f5541c1894759a6160cdab7,USGS-09371010,63680,00011,2023-11-02T09:15:00+00:00,,_FNU,Provisional,['DISCONTINUED'],2025-08-30T09:02:45.069499+00:00,STNRD
05c59b8b0f5541c1894759a6160cdab7,USGS-09371010,63680,00011,2023-11-02T09:30:00+00:00,,_FNU,Provisional,['DISCONTINUED'],2025-08-30T09:02:45.069499+00:00,STNRD
05c59b8b0f5541c1894759a6160cdab7,USGS-09371010,63680,00011,2023-11-02T09:45:00+00:00,,_FNU,Provisional,['DISCONTINUED'],2025-08-30T09:02:45.069499+00:00,STNRD
05c59b8b0f5541c1894759a6160cdab7,USGS-09371010,63680,00011,2023-11-02T10:00:00+00:00,,_FNU,Provisional,['DISCONTINUED'],2025-08-30T09:02:45.069499+00:00,STNRD
05c59b8b0f5541c1894759a6160cdab7,USGS-09371010,63680,00011,2023-11-02T10:15:00+00:00,,_FNU,Provisional,['DISCONTINUED'],2025-08-30T09:02:45.069499+00:00,STNRD
05c59b8b0f5541c1894759a6160cdab7,USGS-09371010,63680,00011,2023-11-02T10:30:00+00:00,,_FNU,Provisional,['DISCONTINUED'],2025-08-30T09:02:45.069499+00:00,STNRD
05c59b8b0f5541c1894759a6160cdab7,USGS-09371010,63680,00011,2023-11-02T10:45:00+00:00,,_FNU,Provisional,['DISCONTINUED'],2025-08-30T09:02:45.069499+00:00,STNRD
05c59b8b0f5541c1894759a6160cdab7,USGS-09371010,63680,00011,2023-11-02T11:00:00+00:00,,_FNU,Provisional,['DISCONTINUED'],2025-08-30T09:02:45.069499+00:00,STNRD
05c59b8b0f5541c1894759a6160cdab7,USGS-09371010,63680,00011,2023-11-02T11:15:00+00:00,,_FNU,Provisional,['DISCONTINUED'],2025-08-30T09:02:45.069499+00:00,STNRD
05c59b8b0f5541c1894759a6160cdab7,USGS-09371010,63680,00011,2023-11-02T11:30:00+00:00,,_FNU,Provisional,['DISCONTINUED'],2025-08-30T09:02:45.069499+00:00,STNRD
05c59b8b0f5541c1894759a6160cdab7,USGS-09371010,63680,00011,2023-11-02T11:45:00+00:00,,_FNU,Provisional,['DISCONTINUED'],2025-08-30T09:02:45.069499+00:00,STNRD
05c59b8b0f5541c1894759a6160cdab7,USGS-09371010,63680,00011,2023-11-02T12:00:00+00:00,,_FNU,Provisional,['DISCONTINUED'],2025-08-30T09:02:45.069499+00:00,STNRD
05c59b8b0f5541c1894759a6160cdab7,USGS-09371010,63680,00011,2023-11-02T12:15:00+00:00,,_FNU,Provisional,['DISCONTINUED'],2025-08-30T09:02:45.069499+00:00,STNRD
05c59b8b0f5541c1894759a6160cdab7,USGS-09371010,63680,00011,2023-11-02T12:30:00+00:00,,_FNU,Provisional,['DISCONTINUED'],2025-08-30T09:02:45.069499+00:00,STNRD
05c59b8b0f5541c1894759a6160cdab7,USGS-09371010,63680,00011,2023-11-02T12:45:00+00:00,,_FNU,Provisional,['DISCONTINUED'],2025-08-30T09:02:45.069499+00:00,STNRD
05c59b8b0f5541c1894759a6160cdab7,USGS-09371010,63680,00011,2023-11-02T13:00:00+00:00,,_FNU,Provisional,['DISCONTINUED'],2025-08-30T09:02:45.069499+00:00,STNRD
05c59b8b0f5541c1894759a6160cdab7,USGS-09371010,63680,00011,2023-11-02T13:15:00+00:00,,_FNU,Provisional,['DISCONTINUED'],2025-08-30T09:02:45.069499+00:00,STNRD
05c59b8b0f5541c1894759a6160cdab7,USGS-09371010,63680,00011,2023-11-02T13:30:00+00:00,,_FNU,Provisional,['DISCONTINUED'],2025-08-30T09:02:45.069499+00:00,STNRD
05c59b8b0f5541c1894759a6160cdab7,USGS-09371010,63680,00011,2023-11-02T13:45:00+00:00,,_FNU,Provisional,['DISCONTINUED'],2025-08-30T09:02:45.069499+00:00,STNRD
05c59b8b0f5541c1894759a6160cdab7,USGS-09371010,63680,00011,2023-11-02T14:00:00+00:00,,_FNU,Provisional,['DISCONTINUED'],2025-08-30T09:02:45.069499+00:00,STNRD
05c59b8b0f5541c1894759a6160cdab7,USGS-09371010,63680,00011,2023-11-02T14:15:00+00:00,,_FNU,Provisional,['DISCONTINUED'],2025-08-30T09:02:45.069499+00:00,STNRD
05c59b8b0f5541c1894759a6160cdab7,USGS-09371010,63680,00011,2023-11-02T14:30:00+00:00,,_FNU,Provisional,['DISCONTINUED'],2025-08-30T09:02:45.069499+00:00,STNRD
05c59b8b0f5541c1894759a6160cdab7,USGS-09371010,63680,00011,2023-11-02T14:45:00+00:00,,_FNU,Provisional,['DISCONTINUED'],2025-08-30T09:02:45.069499+00:00,STNRD
05c59b8b0f5541c1894759a6160cdab7,USGS-09371010,63680,00011,2023-11-02T15:00:00+00:00,,_FNU,Provisional,['DISCONTINUED'],2025-08-30T09:02:45.069499+00:00,STNRD
05c59b8b0f5541c1894759a6160cdab7,USGS-09371010,63680,00011,2023-11-02T15:15:00+00:00,,_FNU,Provisional,['DISCONTINUED'],2025-08-30T09:02:45.069499+00:00,STNRD
05c59b8b0f5541c1894759a6160cdab7,USGS-09371010,63680,00011,2023-11-02T15:30:00+00:00,,_FNU,Provisional,['DISCONTINUED'],2025-08-30T09:02:45.069499+00:00,STNRD
05c59b8b0f5541c1894759a6160cdab7,USGS-09371010,63680,00011,2023-11-02T15:45:00+00:00,,_FNU,Provisional,['DISCONTINUED'],2025-08-30T09:02:45.069499+00:00,STNRD
05c59b8b0f5541c1894759a6160cdab7,USGS-09371010,63680,00011,2023-11-02T16:00:00+00:00,,_FNU,Provisional,['DISCONTINUED'],2025-08-30T09:02:45.069499+00:00,STNRD
05c59b8b0f5541c1894759a6160cdab7,USGS-09371010,63680,00011,2023-11-02T16:15:00+00:00,,_FNU,Provisional,['DISCONTINUED'],2025-08-30T09:02:45.069499+00:00,STNRD
05c59b8b0f5541c1894759a6160cdab7,USGS-09371010,63680,00011,2023-11-02T16:30:00+00:00,,_FNU,Provisional,['DISCONTINUED'],2025-08-30T09:02:45.069499+00:00,STNRD
05c59b8b0f5541c1894759a6160cdab7,USGS-09371010,63680,00011,2023-11-02T16:45:00+00:00,,_FNU,Provisional,['DISCONTINUED'],2025-08-30T09:02:45.069499+00:00,STNRD
05c59b8b0f5541c1894759a6160cdab7,USGS-09371010,63680,00011,2023-11-02T17:00:00+00:00,,_FNU,Provisional,['DISCONTINUED'],2025-08-30T09:02:45.069499+00:00,STNRD
05c59b8b0f5541c1894759a6160cdab7,USGS-09371010,63680,00011,2023-11-02T17:15:00+00:00,,_FNU,Provisional,['DISCONTINUED'],2025-08-30T09:02:45.069499+00:00,STNRD
05c59b8b0f5541c1894759a6160cdab7,USGS-09371010,63680,00011,2023-11-02T17:30:00+00:00,,_FNU,Provisional,['DISCONTINUED'],2025-08-30T09:02:45.069499+00:00,STNRD
05c59b8b0f5541c1894759a6160cdab7,USGS-09371010,63680,00011,2023-11-02T17:45:00+00:00,,_FNU,Provisional,['DISCONTINUED'],2025-08-30T09:02:45.069499+00:00,STNRD
05c59b8b0f5541c1894759a6160cdab7,USGS-09371010,63680,00011,2023-11-02T18:00:00+00:00,,_FNU,Provisional,['DISCONTINUED'],2025-08-30T09:02:45.069499+00:00,STNRD
05c59b8b0f5541c1894759a6160cdab7,USGS-09371010,63680,00011,2023-11-02T18:15:00+00:00,,_FNU,Provisional,['DISCONTINUED'],2025-08-30T09:02:45.069499+00:00,STNRD
05c59b8b0f5541c1894759a6160cdab7,USGS-09371010,63680,00011,2023-11-02T18:30:00+00:00,,_FNU,Provisional,['DISCONTINUED'],2025-08-30T09:02:45.069499+00:00,STNRD
05c59b8b0f5541c1894759a6160cdab7,USGS-09371010,63680,00011,2023-11-02T18:45:00+00:00,,_FNU,Provisional,['DISCONTINUED'],2025-08-30T09:02:45.069499+00:00,STNRD
05c59b8b0f5541c1894759a6160cdab7,USGS-09371010,63680,00011,2023-11-02T19:00:00+00:00,,_FNU,Provisional,['DISCONTINUED'],2025-08-30T09:02:45.069499+00:00,STNRD
05c59b8b0f5541c1894759a6160cdab7,USGS-09371010,63680,00011,2023-11-02T19:15:00+00:00,,_FNU,Provisional,['DISCONTINUED'],2025-08-30T09:02:45.069499+00:00,STNRD
05c59b8b0f5541c1894759a6160cdab7,USGS-09371010,63680,00011,2023-11-02T19:30:00+00:00,,_FNU,Provisional,['DISCONTINUED'],2025-08-30T09:02:45.069499+00:00,STNRD
05c59b8b0f5541c1894759a6160cdab7,USGS-09371010,63680,00011,2023-11-02T19:45:00+00:00,,_FNU,Provisional,['DISCONTINUED'],2025-08-30T09:02:45.069499+00:00,STNRD
05c59b8b0f5541c1894759a6160cdab7,USGS-09371010,63680,00011,2023-11-02T20:00:00+00:00,,_FNU,Provisional,['DISCONTINUED'],2025-08-30T09:02:45.069499+00:00,STNRD
05c59b8b0f5541c1894759a6160cdab7,USGS-09371010,63680,00011,2023-11-02T20:15:00+00:00,,_FNU,Provisional,['DISCONTINUED'],2025-08-30T09:02:45.069499+00:00,STNRD
05c59b8b0f5541c1894759a6160cdab7,USGS-09371010,63680,00011,2023-11-02T20:30:00+00:00,,_FNU,Provisional,['DISCONTINUED'],2025-08-30T09:02:45.069499+00:00,STNRD
05c59b8b0f5541c1894759a6160cdab7,USGS-09371010,63680,00011,2023-11-02T20:45:00+00:00,,_FNU,Provisional,['DISCONTINUED'],2025-08-30T09:02:45.069499+00:00,STNRD
05c59b8b0f5541c1894759a6160cdab7,USGS-09371010,63680,00011,2023-11-02T21:00:00+00:00,,_FNU,Provisional,['DISCONTINUED'],2025-08-30T09:02:45.069499+00:00,STNRD
05c59b8b0f5541c1894759a6160cdab7,USGS-09371010,63680,00011,2023-11-02T21:15:00+00:00,,_FNU,Provisional,['DISCONTINUED'],2025-08-30T09:02:45.069499+00:00,STNRD
05c59b8b0f5541c1894759a6160cdab7,USGS-09371010,63680,00011,2023-11-02T21:30:00+00:00,,_FNU,Provisional,['DISCONTINUED'],2025-08-30T09:02:45.069499+00:00,STNRD
05c59b8b0f5541c1894759a6160cdab7,USGS-09371010,63680,00011,2023-11-02T21:45:00+00:00,,_FNU,Provisional,['DISCONTINUED'],2025-08-30T09:02:45.069499+00:00,STNRD
05c59b8b0f5541c1894759a6160cdab7,USGS-09371010,63680,00011,2023-11-02T22:00:00+00:00,,_FNU,Provisional,['DISCONTINUED'],2025-08-30T09:02:45.069499+00:00,STNRD
05c59b8b0f5541c1894759a6160cdab7,USGS-09371010,63680,00011,2023-11-02T22:15:00+00:00,,_FNU,Provisional,['DISCONTINUED'],2025-08-30T09:02:45.069499+00:00,STNRD
05c59b8b0f5541c1894759a6160cdab7,USGS-09371010,63680,00011,2023-11-02T22:30:00+00:00,,_FNU,Provisional,['DISCONTINUED'],2025-08-30T09:02:45.069499+00:00,STNRD
05c59b8b0f5541c1894759a6160cdab7,USGS-09371010,63680,00011,2023-11-02T22:45:00+00:00,,_FNU,Provisional,['DISCONTINUED'],2025-08-30T09:02:45.069499+00:00,STNRD
05c59b8b0f5541c1894759a6160cdab7,USGS-09371010,63680,00011,2023-11-02T23:00:00+00:00,,_FNU,Provisional,['DISCONTINUED'],2025-08-30T09:02:45.069499+00:00,STNRD
05c59b8b0f5541c1894759a6160cdab7,USGS-09371010,63680,00011,2023-11-02T23:15:00+00:00,,_FNU,Provisional,['DISCONTINUED'],2025-08-30T09:02:45.069499+00:00,STNRD
05c59b8b0f5541c1894759a6160cdab7,USGS-09371010,63680,00011,2023-11-02T23:30:00+00:00,,_FNU,Provisional,['DISCONTINUED'],2025-08-30T09:02:45.069499+00:00,STNRD
05c59b8b0f5541c1894759a6160cdab7,USGS-09371010,63680,00011,2023-11-02T23:45:00+00:00,,_FNU,Provisional,['DISCONTINUED'],2025-08-30T09:02:45.069499+00:00,STNRD
05c59b8b0f5541c1894759a6160cdab7,USGS-09371010,63680,00011,2023-11-03T00:00:00+00:00,,_FNU,Provisional,['DISCONTINUED'],2025-08-30T09:02:45.069499+00:00,STNRD
05c59b8b0f5541c1894759a6160cdab7,USGS-09371010,63680,00011,2023-11-03T00:15:00+00:00,,_FNU,Provisional,['DISCONTINUED'],2025-08-30T09:02:45.069499+00:00,STNRD
05c59b8b0f5541c1894759a6160cdab7,USGS-09371010,63680,00011,2023-11-03T00:30:00+00:00,,_FNU,Provisional,['DISCONTINUED'],2025-08-30T09:02:45.069499+00:00,STNRD
05c59b8b0f5541c1894759a6160cdab7,USGS-09371010,63680,00011,2023-11-03T00:45:00+00:00,,_FNU,Provisional,['DISCONTINUED'],2025-08-30T09:02:45.069499+00:00,STNRD
05c59b8b0f5541c1894759a6160cdab7,USGS-09371010,63680,00011,2023-11-03T01:00:00+00:00,,_FNU,Provisional,['DISCONTINUED'],2025-08-30T09:02:45.069499+00:00,STNRD
05c59b8b0f5541c1894759a6160cdab7,USGS-09371010,63680,00011,2023-11-03T01:15:00+00:00,,_FNU,Provisional,['DISCONTINUED'],2025-08-30T09:02:45.069499+00:00,STNRD
05c59b8b0f5541c1894759a6160cdab7,USGS-09371010,63680,00011,2023-11-03T01:30:00+00:00,,_FNU,Provisional,['DISCONTINUED'],2025-08-30T09:02:45.069499+00:00,STNRD
05c59b8b0f5541c1894759a6160cdab7,USGS-09371010,63680,00011,2023-11-03T01:45:00+00:00,,_FNU,Provisional,['DISCONTINUED'],2025-08-30T09:02:45.069499+00:00,STNRD
05c59b8b0f5541c1894759a6160cdab7,USGS-09371010,63680,00011,2023-11-03T02:00:00+00:00,,_FNU,Provisional,['DISCONTINUED'],2025-08-30T09:02:45.069499+00:00,STNRD
05c59b8b0f5541c1894759a6160cdab7,USGS-09371010,63680,00011,2023-11-03T02:15:00+00:00,,_FNU,Provisional,['DISCONTINUED'],2025-08-30T09:02:45.069499+00:00,STNRD
05c59b8b0f5541c1894759a6160cdab7,USGS-09371010,63680,00011,2023-11-03T02:30:00+00:00,,_FNU,Provisional,['DISCONTINUED'],2025-08-30T09:02:45.069499+00:00,STNRD
05c59b8b0f5541c1894759a6160cdab7,USGS-09371010,63680,00011,2023-11-03T02:45:00+00:00,,_FNU,Provisional,['DISCONTINUED'],2025-08-30T09:02:45.069499+00:00,STNRD
05c59b8b0f5541c1894759a6160cdab7,USGS-09371010,63680,00011,2023-11-03T03:00:00+00:00,,_FNU,Provisional,['DISCONTINUED'],2025-08-30T09:02:45.069499+00:00,STNRD
05c59b8b0f5541c1894759a6160cdab7,USGS-09371010,63680,00011,2023-11-03T03:15:00+00:00,,_FNU,Provisional,['DISCONTINUED'],2025-08-30T09:02:45.069499+00:00,STNRD
05c59b8b0f5541c1894759a6160cdab7,USGS-09371010,63680,00011,2023-11-03T03:30:00+00:00,,_FNU,Provisional,['DISCONTINUED'],2025-08-30T09:02:45.069499+00:00,STNRD
05c59b8b0f5541c1894759a6160cdab7,USGS-09371010,63680,00011,2023-11-03T03:45:00+00:00,,_FNU,Provisional,['DISCONTINUED'],2025-08-30T09:02:45.069499+00:00,STNRD
05c59b8b0f5541c1894759a6160cdab7,USGS-09371010,63680,00011,2023-11-03T04:00:00+00:00,,_FNU,Provisional,['DISCONTINUED'],2025-08-30T09:02:45.069499+00:00,STNRD
05c59b8b0f5541c1894759a6160cdab7,USGS-09371010,63680,00011,2023-11-03T04:15:00+00:00,,_FNU,Provisional,['DISCONTINUED'],2025-08-30T09:02:45.069499+00:00,STNRD
05c59b8b0f5541c1894759a6160cdab7,USGS-09371010,63680,00011,2023-11-03T04:30:00+00:00,,_FNU,Provisional,['DISCONTINUED'],2025-08-30T09:02:45.069499+00:00,STNRD
05c59b8b0f5541c1894759a6160cdab7,USGS-09371010,63680,00011,2023-11-03T04:45:00+00:00,,_FNU,Provisional,['DISCONTINUED'],2025-08-30T09:02:45.069499+00:00,STNRD
05c59b8b0f5541c1894759a6160cdab7,USGS-09371010,63680,00011,2023-11-03T05:00:00+00:00,,_FNU,Provisional,['DISCONTINUED'],2025-08-30T09:02:45.069499+00:00,STNRD
05c59b8b0f5541c1894759a6160cdab7,USGS-09371010,63680,00011,2023-11-03T05:15:00+00:00,,_FNU,Provisional,['DISCONTINUED'],2025-08-30T09:02:45.069499+00:00,STNRD
05c59b8b0f5541c1894759a6160cdab7,USGS-09371010,63680,00011,2023-11-03T05:30:00+00:00,,_FNU,Provisional,['DISCONTINUED'],2025-08-30T09:02:45.069499+00:00,STNRD
05c59b8b0f5541c1894759a6160cdab7,USGS-09371010,63680,00011,2023-11-03T05:45:00+00:00,,_FNU,Provisional,['DISCONTINUED'],2025-08-30T09:02:45.069499+00:00,STNRD
05c59b8b0f5541c1894759a6160cdab7,USGS-09371010,63680,00011,2023-11-03T06:00:00+00:00,,_FNU,Provisional,['DISCONTINUED'],2025-08-30T09:02:45.069499+00:00,STNRD
05c59b8b0f5541c1894759a6160cdab7,USGS-09371010,63680,00011,2023-11-03T06:15:00+00:00,,_FNU,Provisional,['DISCONTINUED'],2025-08-30T09:02:45.069499+00:00,STNRD
05c59b8b0f5541c1894759a6160cdab7,USGS-09371010,63680,00011,2023-11-03T06:30:00+00:00,,_FNU,Provisional,['DISCONTINUED'],2025-08-30T09:02:45.069499+00:00,STNRD
05c59b8b0f5541c1894759a6160cdab7,USGS-09371010,63680,00011,2023-11-03T06:45:00+00:00,,_FNU,Provisional,['DISCONTINUED'],2025-08-30T09:02:45.069499+00:00,STNRD
05c59b8b0f5541c1894759a6160cdab7,USGS-09371010,63680,00011,2023-11-03T07:00:00+00:00,,_FNU,Provisional,['DISCONTINUED'],2025-08-30T09:02:45.069499+00:00,STNRD
05c59b8b0f5541c1894759a6160cdab7,USGS-09371010,63680,00011,2023-11-03T07:15:00+00:00,,_FNU,Provisional,['DISCONTINUED'],2025-08-30T09:02:45.069499+00:00,STNRD
05c59b8b0f5541c1894759a6160cdab7,USGS-09371010,63680,00011,2023-11-03T07:30:00+00:00,,_FNU,Provisional,['DISCONTINUED'],2025-08-30T09:02:45.069499+00:00,STNRD
05c59b8b0f5541c1894759a6160cdab7,USGS-09371010,63680,00011,2023-11-03T07:45:00+00:00,,_FNU,Provisional,['DISCONTINUED'],2025-08-30T09:02:45.069499+00:00,STNRD
05c59b8b0f5541c1894759a6160cdab7,USGS-09371010,63680,00011,2023-11-03T08:00:00+00:00,,_FNU,Provisional,['DISCONTINUED'],2025-08-30T09:02:45.069499+00:00,STNRD
05c59b8b0f5541c1894759a6160cdab7,USGS-09371010,63680,00011,2023-11-03T08:15:00+00:00,,_FNU,Provisional,['DISCONTINUED'],2025-08-30T09:02:45.069499+00:00,STNRD
05c59b8b0f5541c1894759a6160cdab7,USGS-09371010,63680,00011,2023-11-03T08:30:00+00:00,,_FNU,Provisional,['DISCONTINUED'],2025-08-30T09:02:45.069499+00:00,STNRD
05c59b8b0f5541c1894759a6160cdab7,USGS-09371010,63680,00011,2023-11-03T08:45:00+00:00,,_FNU,Provisional,['DISCONTINUED'],2025-08-30T09:02:45.069499+00:00,STNRD
05c59b8b0f5541c1894759a6160cdab7,USGS-09371010,63680,00011,2023-11-03T09:00:00+00:00,,_FNU,Provisional,['DISCONTINUED'],2025-08-30T09:02:45.069499+00:00,STNRD
05c59b8b0f5541c1894759a6160cdab7,USGS-09371010,63680,00011,2023-11-03T09:15:00+00:00,,_FNU,Provisional,['DISCONTINUED'],2025-08-30T09:02:45.069499+00:00,STNRD
05c59b8b0f5541c1894759a6160cdab7,USGS-09371010,63680,00011,2023-11-03T09:30:00+00:00,,_FNU,Provisional,['DISCONTINUED'],2025-08-30T09:02:45.069499+00:00,STNRD
05c59b8b0f5541c1894759a6160cdab7,USGS-09371010,63680,00011,2023-11-03T09:45:00+00:00,,_FNU,Provisional,['DISCONTINUED'],2025-08-30T09:02:45.069499+00:00,STNRD
05c59b8b0f5541c1894759a6160cdab7,USGS-09371010,63680,00011,2023-11-03T10:00:00+00:00,,_FNU,Provisional,['DISCONTINUED'],2025-08-30T09:02:45.069499+00:00,STNRD
05c59b8b0f5541c1894759a6160cdab7,USGS-09371010,63680,00011,2023-11-03T10:15:00+00:00,,_FNU,Provisional,['DISCONTINUED'],2025-08-30T09:02:45.069499+00:00,STNRD
05c59b8b0f5541c1894759a6160cdab7,USGS-09371010,63680,00011,2023-11-03T10:30:00+00:00,,_FNU,Provisional,['DISCONTINUED'],2025-08-30T09:02:45.069499+00:00,STNRD
05c59b8b0f5541c1894759a6160cdab7,USGS-09371010,63680,00011,2023-11-03T10:45:00+00:00,,_FNU,Provisional,['DISCONTINUED'],2025-08-30T09:02:45.069499+00:00,STNRD
05c59b8b0f5541c1894759a6160cdab7,USGS-09371010,63680,00011,2023-11-03T11:00:00+00:00,,_FNU,Provisional,['DISCONTINUED'],2025-08-30T09:02:45.069499+00:00,STNRD
05c59b8b0f5541c1894759a6160cdab7,USGS-09371010,63680,00011,2023-11-03T11:15:00+00:00,,_FNU,Provisional,['DISCONTINUED'],2025-08-30T09:02:45.069499+00:00,STNRD
05c59b8b0f5541c1894759a6160cdab7,USGS-09371010,63680,00011,2023-11-03T11:30:00+00:00,,_FNU,Provisional,['DISCONTINUED'],2025-08-30T09:02:45.069499+00:00,STNRD
05c59b8b0f5541c1894759a6160cdab7,USGS-09371010,63680,00011,2023-11-03T11:45:00+00:00,,_FNU,Provisional,['DISCONTINUED'],2025-08-30T09:02:45.069499+00:00,STNRD
05c59b8b0f5541c1894759a6160cdab7,USGS-09371010,63680,00011,2023-11-03T12:00:00+00:00,,_FNU,Provisional,['DISCONTINUED'],2025-08-30T09:02:45.069499+00:00,STNRD
05c59b8b0f5541c1894759a6160cdab7,USGS-09371010,63680,00011,2023-11-03T12:15:00+00:00,,_FNU,Provisional,['DISCONTINUED'],2025-08-30T09:02:45.069499+00:00,STNRD
05c59b8b0f5541c1894759a6160cdab7,USGS-09371010,63680,00011,2023-11-03T12:30:00+00:00,,_FNU,Provisional,['DISCONTINUED'],2025-08-30T09:02:45.069499+00:00,STNRD
05c59b8b0f5541c1894759a6160cdab7,USGS-09371010,63680,00011,2023-11-03T12:45:00+00:00,,_FNU,Provisional,['DISCONTINUED'],2025-08-30T09:02:45.069499+00:00,STNRD
05c59b8b0f5541c1894759a6160cdab7,USGS-09371010,63680,00011,2023-11-03T13:00:00+00:00,,_FNU,Provisional,['DISCONTINUED'],2025-08-30T09:02:45.069499+00:00,STNRD
05c59b8b0f5541c1894759a6160cdab7,USGS-09371010,63680,00011,2023-11-03T13:15:00+00:00,,_FNU,Provisional,['DISCONTINUED'],2025-08-30T09:02:45.069499+00:00,STNRD
05c59b8b0f5541c1894759a6160cdab7,USGS-09371010,63680,00011,2023-11-03T13:30:00+00:00,,_FNU,Provisional,['DISCONTINUED'],2025-08-30T09:02:45.069499+00:00,STNRD
05c59b8b0f5541c1894759a6160cdab7,USGS-09371010,63680,00011,2023-11-03T13:45:00+00:00,,_FNU,Provisional,['DISCONTINUED'],2025-08-30T09:02:45.069499+00:00,STNRD
05c59b8b0f5541c1894759a6160cdab7,USGS-09371010,63680,00011,2023-11-03T14:00:00+00:00,,_FNU,Provisional,['DISCONTINUED'],2025-08-30T09:02:45.069499+00:00,STNRD
05c59b8b0f5541c1894759a6160cdab7,USGS-09371010,63680,00011,2023-11-03T14:15:00+00:00,,_FNU,Provisional,['DISCONTINUED'],2025-08-30T09:02:45.069499+00:00,STNRD
05c59b8b0f5541c1894759a6160cdab7,USGS-09371010,63680,00011,2023-11-03T14:30:00+00:00,,_FNU,Provisional,['DISCONTINUED'],2025-08-30T09:02:45.069499+00:00,STNRD
05c59b8b0f5541c1894759a6160cdab7,USGS-09371010,63680,00011,2023-11-03T14:45:00+00:00,,_FNU,Provisional,['DISCONTINUED'],2025-08-30T09:02:45.069499+00:00,STNRD
05c59b8b0f5541c1894759a6160cdab7,USGS-09371010,63680,00011,2023-11-03T15:00:00+00:00,,_FNU,Provisional,['DISCONTINUED'],2025-08-30T09:02:45.069499+00:00,STNRD
05c59b8b0f5541c1894759a6160cdab7,USGS-09371010,63680,00011,2023-11-03T15:15:00+00:00,,_FNU,Provisional,['DISCONTINUED'],2025-08-30T09:02:45.069499+00:00,STNRD
05c59b8b0f5541c1894759a6160cdab7,USGS-09371010,63680,00011,2023-11-03T15:30:00+00:00,,_FNU,Provisional,['DISCONTINUED'],2025-08-30T09:02:45.069499+00:00,STNRD
05c59b8b0f5541c1894759a6160cdab7,USGS-09371010,63680,00011,2023-11-03T15:45:00+00:00,,_FNU,Provisional,['DISCONTINUED'],2025-08-30T09:02:45.069499+00:00,STNRD
05c59b8b0f5541c1894759a6160cdab7,USGS-09371010,63680,00011,2023-11-03T16:00:00+00:00,,_FNU,Provisional,['DISCONTINUED'],2025-08-30T09:02:45.069499+00:00,STNRD
05c59b8b0f5541c1894759a6160cdab7,USGS-09371010,63680,00011,2023-11-03T16:15:00+00:00,,_FNU,Provisional,['DISCONTINUED'],2025-08-30T09:02:45.069499+00:00,STNRD
05c59b8b0f5541c1894759a6160cdab7,USGS-09371010,63680,00011,2023-11-03T16:30:00+00:00,,_FNU,Provisional,['DISCONTINUED'],2025-08-30T09:02:45.069499+00:00,STNRD
05c59b8b0f5541c1894759a6160cdab7,USGS-09371010,63680,00011,2023-11-03T16:45:00+00:00,,_FNU,Provisional,['DISCONTINUED'],2025-08-30T09:02:45.069499+00:00,STNRD
05c59b8b0f5541c1894759a6160cdab7,USGS-09371010,63680,00011,2023-11-03T17:00:00+00:00,,_FNU,Provisional,['DISCONTINUED'],2025-08-30T09:02:45.069499+00:00,STNRD
05c59b8b0f5541c1894759a6160cdab7,USGS-09371010,63680,00011,2023-11-03T17:15:00+00:00,,_FNU,Provisional,['DISCONTINUED'],2025-08-30T09:02:45.069499+00:00,STNRD
05c59b8b0f5541c1894759a6160cdab7,USGS-09371010,63680,00011,2023-11-03T17:30:00+00:00,,_FNU,Provisional,['DISCONTINUED'],2025-08-30T09:02:45.069499+00:00,STNRD
05c59b8b0f5541c1894759a6160cdab7,USGS-09371010,63680,00011,2023-11-03T17:45:00+00:00,,_FNU,Provisional,['DISCONTINUED'],2025-08-30T09:02:45.069499+00:00,STNRD
05c59b8b0f5541c1894759a6160cdab7,USGS-09371010,63680,00011,2023-11-03T18:00:00+00:00,,_FNU,Provisional,['DISCONTINUED'],2025-08-30T09:02:45.069499+00:00,STNRD
05c59b8b0f5541c1894759a6160cdab7,USGS-09371010,63680,00011,2023-11-03T18:15:00+00:00,,_FNU,Provisional,['DISCONTINUED'],2025-08-30T09:02:45.069499+00:00,STNRD
05c59b8b0f5541c1894759a6160cdab7,USGS-09371010,63680,00011,2023-11-03T18:30:00+00:00,,_FNU,Provisional,['DISCONTINUED'],2025-08-30T09:02:45.069499+00:00,STNRD
05c59b8b0f5541c1894759a6160cdab7,USGS-09371010,63680,00011,2023-11-03T18:45:00+00:00,,_FNU,Provisional,['DISCONTINUED'],2025-08-30T09:02:45.069499+00:00,STNRD
05c59b8b0f5541c1894759a6160cdab7,USGS-09371010,63680,00011,2023-11-03T19:00:00+00:00,,_FNU,Provisional,['DISCONTINUED'],2025-08-30T09:02:45.069499+00:00,STNRD
05c59b8b0f5541c1894759a6160cdab7,USGS-09371010,63680,00011,2023-11-03T19:15:00+00:00,,_FNU,Provisional,['DISCONTINUED'],2025-08-30T09:02:45.069499+00:00,STNRD
05c59b8b0f5541c1894759a6160cdab7,USGS-09371010,63680,00011,2023-11-03T19:30:00+00:00,,_FNU,Provisional,['DISCONTINUED'],2025-08-30T09:02:45.069499+00:00,STNRD
05c59b8b0f5541c1894759a6160cdab7,USGS-09371010,63680,00011,2023-11-03T19:45:00+00:00,,_FNU,Provisional,['DISCONTINUED'],2025-08-30T09:02:45.069499+00:00,STNRD
05c59b8b0f5541c1894759a6160cdab7,USGS-09371010,63680,00011,2023-11-03T20:00:00+00:00,,_FNU,Provisional,['DISCONTINUED'],2025-08-30T09:02:45.069499+00:00,STNRD
05c59b8b0f5541c1894759a6160cdab7,USGS-09371010,63680,00011,2023-11-03T20:15:00+00:00,,_FNU,Provisional,['DISCONTINUED'],2025-08-30T09:02:45.069499+00:00,STNRD
05c59b8b0f5541c1894759a6160cdab7,USGS-09371010,63680,00011,2023-11-03T20:30:00+00:00,,_FNU,Provisional,['DISCONTINUED'],2025-08-30T09:02:45.069499+00:00,STNRD
05c59b8b0f5541c1894759a6160cdab7,USGS-09371010,63680,00011,2023-11-03T20:45:00+00:00,,_FNU,Provisional,['DISCONTINUED'],2025-08-30T09:02:45.069499+00:00,STNRD
05c59b8b0f5541c1894759a6160cdab7,USGS-09371010,63680,00011,2023-11-03T21:00:00+00:00,,_FNU,Provisional,['DISCONTINUED'],2025-08-30T09:02:45.069499+00:00,STNRD
05c59b8b0f5541c1894759a6160cdab7,USGS-09371010,63680,00011,2023-11-03T21:15:00+00:00,,_FNU,Provisional,['DISCONTINUED'],2025-08-30T09:02:45.069499+00:00,STNRD
05c59b8b0f5541c1894759a6160cdab7,USGS-09371010,63680,00011,2023-11-03T21:30:00+00:00,,_FNU,Provisional,['DISCONTINUED'],2025-08-30T09:02:45.069499+00:00,STNRD
05c59b8b0f5541c1894759a6160cdab7,USGS-09371010,63680,00011,2023-11-03T21:45:00+00:00,,_FNU,Provisional,['DISCONTINUED'],2025-08-30T09:02:45.069499+00:00,STNRD
05c59b8b0f5541c1894759a6160cdab7,USGS-09371010,63680,00011,2023-11-03T22:00:00+00:00,,_FNU,Provisional,['DISCONTINUED'],2025-08-30T09:02:45.069499+00:00,STNRD
05c59b8b0f5541c1894759a6160cdab7,USGS-09371010,63680,00011,2023-11-03T22:15:00+00:00,,_FNU,Provisional,['DISCONTINUED'],2025-08-30T09:02:45.069499+00:00,STNRD
05c59b8b0f5541c1894759a6160cdab7,USGS-09371010,63680,00011,2023-11-03T22:30:00+00:00,,_FNU,Provisional,['DISCONTINUED'],2025-08-30T09:02:45.069499+00:00,STNRD
05c59b8b0f5541c1894759a6160cdab7,USGS-09371010,63680,00011,2023-11-03T22:45:00+00:00,,_FNU,Provisional,['DISCONTINUED'],2025-08-30T09:02:45.069499+00:00,STNRD
05c59b8b0f5541c1894759a6160cdab7,USGS-09371010,63680,00011,2023-11-03T23:00:00+00:00,,_FNU,Provisional,['DISCONTINUED'],2025-08-30T09:02:45.069499+00:00,STNRD
05c59b8b0f5541c1894759a6160cdab7,USGS-09371010,63680,00011,2023-11-03T23:15:00+00:00,,_FNU,Provisional,['DISCONTINUED'],2025-08-30T09:02:45.069499+00:00,STNRD
05c59b8b0f5541c1894759a6160cdab7,USGS-09371010,63680,00011,2023-11-03T23:30:00+00:00,,_FNU,Provisional,['DISCONTINUED'],2025-08-30T09:02:45.069499+00:00,STNRD
05c59b8b0f5541c1894759a6160cdab7,USGS-09371010,63680,00011,2023-11-03T23:45:00+00:00,,_FNU,Provisional,['DISCONTINUED'],2025-08-30T09:02:45.069499+00:00,STNRD
05c59b8b0f5541c1894759a6160cdab7,USGS-09371010,63680,00011,2023-11-04T00:00:00+00:00,,_FNU,Provisional,['DISCONTINUED'],2025-08-30T09:02:45.069499+00:00,STNRD
05c59b8b0f5541c1894759a6160cdab7,USGS-09371010,63680,00011,2023-11-04T00:15:00+00:00,,_FNU,Provisional,['DISCONTINUED'],2025-08-30T09:02:45.069499+00:00,STNRD
05c59b8b0f5541c1894759a6160cdab7,USGS-09371010,63680,00011,2023-11-04T00:30:00+00:00,,_FNU,Provisional,['DISCONTINUED'],2025-08-30T09:02:45.069499+00:00,STNRD
05c59b8b0f5541c1894759a6160cdab7,USGS-09371010,63680,00011,2023-11-04T00:45:00+00:00,,_FNU,Provisional,['DISCONTINUED'],2025-08-30T09:02:45.069499+00:00,STNRD
05c59b8b0f5541c1894759a6160cdab7,USGS-09371010,63680,00011,2023-11-04T01:00:00+00:00,,_FNU,Provisional,['DISCONTINUED'],2025-08-30T09:02:45.069499+00:00,STNRD
05c59b8b0f5541c1894759a6160cdab7,USGS-09371010,63680,00011,2023-11-04T01:15:00+00:00,,_FNU,Provisional,['DISCONTINUED'],2025-08-30T09:02:45.069499+00:00,STNRD
05c59b8b0f5541c1894759a6160cdab7,USGS-09371010,63680,00011,2023-11-04T01:30:00+00:00,,_FNU,Provisional,['DISCONTINUED'],2025-08-30T09:02:45.069499+00:00,STNRD
05c59b8b0f5541c1894759a6160cdab7,USGS-09371010,63680,00011,2023-11-04T01:45:00+00:00,,_FNU,Provisional,['DISCONTINUED'],2025-08-30T09:02:45.069499+00:00,STNRD
05c59b8b0f5541c1894759a6160cdab7,USGS-09371010,63680,00011,2023-11-04T02:00:00+00:00,,_FNU,Provisional,['DISCONTINUED'],2025-08-30T09:02:45.069499+00:00,STNRD
05c59b8b0f5541c1894759a6160cdab7,USGS-09371010,63680,00011,2023-11-04T02:15:00+00:00,,_FNU,Provisional,['DISCONTINUED'],2025-08-30T09:02:45.069499+00:00,STNRD
05c59b8b0f5541c1894759a6160cdab7,USGS-09371010,63680,00011,2023-11-04T02:30:00+00:00,,_FNU,Provisional,['DISCONTINUED'],2025-08-30T09:02:45.069499+00:00,STNRD
05c59b8b0f5541c1894759a6160cdab7,USGS-09371010,63680,00011,2023-11-04T02:45:00+00:00,,_FNU,Provisional,['DISCONTINUED'],2025-08-30T09:02:45.069499+00:00,STNRD
05c59b8b0f5541c1894759a6160cdab7,USGS-09371010,63680,00011,2023-11-04T03:00:00+00:00,,_FNU,Provisional,['DISCONTINUED'],2025-08-30T09:02:45.069499+00:00,STNRD
05c59b8b0f5541c1894759a6160cdab7,USGS-09371010,63680,00011,2023-11-04T03:15:00+00:00,,_FNU,Provisional,['DISCONTINUED'],2025-08-30T09:02:45.069499+00:00,STNRD
05c59b8b0f5541c1894759a6160cdab7,USGS-09371010,63680,00011,2023-11-04T03:30:00+00:00,,_FNU,Provisional,['DISCONTINUED'],2025-08-30T09:02:45.069499+00:00,STNRD
05c59b8b0f5541c1894759a6160cdab7,USGS-09371010,63680,00011,2023-11-04T03:45:00+00:00,,_FNU,Provisional,['DISCONTINUED'],2025-08-30T09:02:45.069499+00:00,STNRD
05c59b8b0f5541c1894759a6160cdab7,USGS-09371010,63680,00011,2023-11-04T04:00:00+00:00,,_FNU,Provisional,['DISCONTINUED'],2025-08-30T09:02:45.069499+00:00,STNRD
05c59b8b0f5541c1894759a6160cdab7,USGS-09371010,63680,00011,2023-11-04T04:15:00+00:00,,_FNU,Provisional,['DISCONTINUED'],2025-08-30T09:02:45.069499+00:00,STNRD
05c59b8b0f5541c1894759a6160cdab7,USGS-09371010,63680,00011,2023-11-04T04:30:00+00:00,,_FNU,Provisional,['DISCONTINUED'],2025-08-30T09:02:45.069499+00:00,STNRD
05c59b8b0f5541c1894759a6160cdab7,USGS-09371010,63680,00011,2023-11-04T04:45:00+00:00,,_FNU,Provisional,['DISCONTINUED'],2025-08-30T09:02:45.069499+00:00,STNRD
05c59b8b0f5541c1894759a6160cdab7,USGS-09371010,63680,00011,2023-11-04T05:00:00+00:00,,_FNU,Provisional,['DISCONTINUED'],2025-08-30T09:02:45.069499+00:00,STNRD
05c59b8b0f5541c1894759a6160cdab7,USGS-09371010,63680,00011,2023-11-04T05:15:00+00:00,,_FNU,Provisional,['DISCONTINUED'],2025-08-30T09:02:45.069499+00:00,STNRD
05c59b8b0f5541c1894759a6160cdab7,USGS-09371010,63680,00011,2023-11-04T05:30:00+00:00,,_FNU,Provisional,['DISCONTINUED'],2025-08-30T09:02:45.069499+00:00,STNRD
05c59b8b0f5541c1894759a6160cdab7,USGS-09371010,63680,00011,2023-11-04T05:45:00+00:00,,_FNU,Provisional,['DISCONTINUED'],2025-08-30T09:02:45.069499+00:00,STNRD
05c59b8b0f5541c1894759a6160cdab7,USGS-09371010,63680,00011,2023-11-04T06:00:00+00:00,,_FNU,Provisional,['DISCONTINUED'],2025-08-30T09:02:45.069499+00:00,STNRD
05c59b8b0f5541c1894759a6160cdab7,USGS-09371010,63680,00011,2023-11-04T06:15:00+00:00,,_FNU,Provisional,['DISCONTINUED'],2025-08-30T09:02:45.069499+00:00,STNRD
05c59b8b0f5541c1894759a6160cdab7,USGS-09371010,63680,00011,2023-11-04T06:30:00+00:00,,_FNU,Provisional,['DISCONTINUED'],2025-08-30T09:02:45.069499+00:00,STNRD
05c59b8b0f5541c1894759a6160cdab7,USGS-09371010,63680,00011,2023-11-04T06:45:00+00:00,,_FNU,Provisional,['DISCONTINUED'],2025-08-30T09:02:45.069499+00:00,STNRD
05c59b8b0f5541c1894759a6160cdab7,USGS-09371010,63680,00011,2023-11-04T07:00:00+00:00,,_FNU,Provisional,['DISCONTINUED'],2025-08-30T09:02:45.069499+00:00,STNRD
05c59b8b0f5541c1894759a6160cdab7,USGS-09371010,63680,00011,2023-11-04T07:15:00+00:00,,_FNU,Provisional,['DISCONTINUED'],2025-08-30T09:02:45.069499+00:00,STNRD
05c59b8b0f5541c1894759a6160cdab7,USGS-09371010,63680,00011,2023-11-04T07:30:00+00:00,,_FNU,Provisional,['DISCONTINUED'],2025-08-30T09:02:45.069499+00:00,STNRD
05c59b8b0f5541c1894759a6160cdab7,USGS-09371010,63680,00011,2023-11-04T07:45:00+00:00,,_FNU,Provisional,['DISCONTINUED'],2025-08-30T09:02:45.069499+00:00,STNRD
05c59b8b0f5541c1894759a6160cdab7,USGS-09371010,63680,00011,2023-11-04T08:00:00+00:00,,_FNU,Provisional,['DISCONTINUED'],2025-08-30T09:02:45.069499+00:00,STNRD
05c59b8b0f5541c1894759a6160cdab7,USGS-09371010,63680,00011,2023-11-04T08:15:00+00:00,,_FNU,Provisional,['DISCONTINUED'],2025-08-30T09:02:45.069499+00:00,STNRD
05c59b8b0f5541c1894759a6160cdab7,USGS-09371010,63680,00011,2023-11-04T08:30:00+00:00,,_FNU,Provisional,['DISCONTINUED'],2025-08-30T09:02:45.069499+00:00,STNRD
05c59b8b0f5541c1894759a6160cdab7,USGS-09371010,63680,00011,2023-11-04T08:45:00+00:00,,_FNU,Provisional,['DISCONTINUED'],2025-08-30T09:02:45.069499+00:00,STNRD
05c59b8b0f5541c1894759a6160cdab7,USGS-09371010,63680,00011,2023-11-04T09:00:00+00:00,,_FNU,Provisional,['DISCONTINUED'],2025-08-30T09:02:45.069499+00:00,STNRD
05c59b8b0f5541c1894759a6160cdab7,USGS-09371010,63680,00011,2023-11-04T09:15:00+00:00,,_FNU,Provisional,['DISCONTINUED'],2025-08-30T09:02:45.069499+00:00,STNRD
05c59b8b0f5541c1894759a6160cdab7,USGS-09371010,63680,00011,2023-11-04T09:30:00+00:00,,_FNU,Provisional,['DISCONTINUED'],2025-08-30T09:02:45.069499+00:00,STNRD
05c59b8b0f5541c1894759a6160cdab7,USGS-09371010,63680,00011,2023-11-04T09:45:00+00:00,,_FNU,Provisional,['DISCONTINUED'],2025-08-30T09:02:45.069499+00:00,STNRD
05c59b8b0f5541c1894759a6160cdab7,USGS-09371010,63680,00011,2023-11-04T10:00:00+00:00,,_FNU,Provisional,['DISCONTINUED'],2025-08-30T09:02:45.069499+00:00,STNRD
05c59b8b0f5541c1894759a6160cdab7,USGS-09371010,63680,00011,2023-11-04T10:15:00+00:00,,_FNU,Provisional,['DISCONTINUED'],2025-08-30T09:02:45.069499+00:00,STNRD
05c59b8b0f5541c1894759a6160cdab7,USGS-09371010,63680,00011,2023-11-04T10:30:00+00:00,,_FNU,Provisional,['DISCONTINUED'],2025-08-30T09:02:45.069499+00:00,STNRD
05c59b8b0f5541c1894759a6160cdab7,USGS-09371010,63680,00011,2023-11-04T10:45:00+00:00,,_FNU,Provisional,['DISCONTINUED'],2025-08-30T09:02:45.069499+00:00,STNRD
05c59b8b0f5541c1894759a6160cdab7,USGS-09371010,63680,00011,2023-11-04T11:00:00+00:00,,_FNU,Provisional,['DISCONTINUED'],2025-08-30T09:02:45.069499+00:00,STNRD
05c59b8b0f5541c1894759a6160cdab7,USGS-09371010,63680,00011,2023-11-04T11:15:00+00:00,,_FNU,Provisional,['DISCONTINUED'],2025-08-30T09:02:45.069499+00:00,STNRD
05c59b8b0f5541c1894759a6160cdab7,USGS-09371010,63680,00011,2023-11-04T11:30:00+00:00,,_FNU,Provisional,['DISCONTINUED'],2025-08-30T09:02:45.069499+00:00,STNRD
05c59b8b0f5541c1894759a6160cdab7,USGS-09371010,63680,00011,2023-11-04T11:45:00+00:00,,_FNU,Provisional,['DISCONTINUED'],2025-08-30T09:02:45.069499+00:00,STNRD
05c59b8b0f5541c1894759a6160cdab7,USGS-09371010,63680,00011,2023-11-04T12:00:00+00:00,,_FNU,Provisional,['DISCONTINUED'],2025-08-30T09:02:45.069499+00:00,STNRD
05c59b8b0f5541c1894759a6160cdab7,USGS-09371010,63680,00011,2023-11-04T12:15:00+00:00,,_FNU,Provisional,['DISCONTINUED'],2025-08-30T09:02:45.069499+00:00,STNRD
05c59b8b0f5541c1894759a6160cdab7,USGS-09371010,63680,00011,2023-11-04T12:30:00+00:00,,_FNU,Provisional,['DISCONTINUED'],2025-08-30T09:02:45.069499+00:00,STNRD
05c59b8b0f5541c1894759a6160cdab7,USGS-09371010,63680,00011,2023-11-04T12:45:00+00:00,,_FNU,Provisional,['DISCONTINUED'],2025-08-30T09:02:45.069499+00:00,STNRD
05c59b8b0f5541c1894759a6160cdab7,USGS-09371010,63680,00011,2023-11-04T13:00:00+00:00,,_FNU,Provisional,['DISCONTINUED'],2025-08-30T09:02:45.069499+00:00,STNRD
05c59b8b0f5541c1894759a6160cdab7,USGS-09371010,63680,00011,2023-11-04T13:15:00+00:00,,_FNU,Provisional,['DISCONTINUED'],2025-08-30T09:02:45.069499+00:00,STNRD
05c59b8b0f5541c1894759a6160cdab7,USGS-09371010,63680,00011,2023-11-04T13:30:00+00:00,,_FNU,Provisional,['DISCONTINUED'],2025-08-30T09:02:45.069499+00:00,STNRD
05c59b8b0f5541c1894759a6160cdab7,USGS-09371010,63680,00011,2023-11-04T13:45:00+00:00,,_FNU,Provisional,['DISCONTINUED'],2025-08-30T09:02:45.069499+00:00,STNRD
05c59b8b0f5541c1894759a6160cdab7,USGS-09371010,63680,00011,2023-11-04T14:00:00+00:00,,_FNU,Provisional,['DISCONTINUED'],2025-08-30T09:02:45.069499+00:00,STNRD
05c59b8b0f5541c1894759a6160cdab7,USGS-09371010,63680,00011,2023-11-04T14:15:00+00:00,,_FNU,Provisional,['DISCONTINUED'],2025-08-30T09:02:45.069499+00:00,STNRD
05c59b8b0f5541c1894759a6160cdab7,USGS-09371010,63680,00011,2023-11-04T14:30:00+00:00,,_FNU,Provisional,['DISCONTINUED'],2025-08-30T09:02:45.069499+00:00,STNRD
05c59b8b0f5541c1894759a6160cdab7,USGS-09371010,63680,00011,2023-11-04T14:45:00+00:00,,_FNU,Provisional,['DISCONTINUED'],2025-08-30T09:02:45.069499+00:00,STNRD
05c59b8b0f5541c1894759a6160cdab7,USGS-09371010,63680,00011,2023-11-04T15:00:00+00:00,,_FNU,Provisional,['DISCONTINUED'],2025-08-30T09:02:45.069499+00:00,STNRD
05c59b8b0f5541c1894759a6160cdab7,USGS-09371010,63680,00011,2023-11-04T15:15:00+00:00,,_FNU,Provisional,['DISCONTINUED'],2025-08-30T09:02:45.069499+00:00,STNRD
05c59b8b0f5541c1894759a6160cdab7,USGS-09371010,63680,00011,2023-11-04T15:30:00+00:00,,_FNU,Provisional,['DISCONTINUED'],2025-08-30T09:02:45.069499+00:00,STNRD
05c59b8b0f5541c1894759a6160cdab7,USGS-09371010,63680,00011,2023-11-04T15:45:00+00:00,,_FNU,Provisional,['DISCONTINUED'],2025-08-30T09:02:45.069499+00:00,STNRD
05c59b8b0f5541c1894759a6160cdab7,USGS-09371010,63680,00011,2023-11-04T16:00:00+00:00,,_FNU,Provisional,['DISCONTINUED'],2025-08-30T09:02:45.069499+00:00,STNRD
05c59b8b0f5541c1894759a6160cdab7,USGS-09371010,63680,00011,2023-11-04T16:15:00+00:00,,_FNU,Provisional,['DISCONTINUED'],2025-08-30T09:02:45.069499+00:00,STNRD
05c59b8b0f5541c1894759a6160cdab7,USGS-09371010,63680,00011,2023-11-04T16:30:00+00:00,,_FNU,Provisional,['DISCONTINUED'],2025-08-30T09:02:45.069499+00:00,STNRD
05c59b8b0f5541c1894759a6160cdab7,USGS-09371010,63680,00011,2023-11-04T16:45:00+00:00,,_FNU,Provisional,['DISCONTINUED'],2025-08-30T09:02:45.069499+00:00,STNRD
05c59b8b0f5541c1894759a6160cdab7,USGS-09371010,63680,00011,2023-11-04T17:00:00+00:00,,_FNU,Provisional,['DISCONTINUED'],2025-08-30T09:02:45.069499+00:00,STNRD
05c59b8b0f5541c1894759a6160cdab7,USGS-09371010,63680,00011,2023-11-04T17:15:00+00:00,,_FNU,Provisional,['DISCONTINUED'],2025-08-30T09:02:45.069499+00:00,STNRD
05c59b8b0f5541c1894759a6160cdab7,USGS-09371010,63680,00011,2023-11-04T17:30:00+00:00,,_FNU,Provisional,['DISCONTINUED'],2025-08-30T09:02:45.069499+00:00,STNRD
05c59b8b0f5541c1894759a6160cdab7,USGS-09371010,63680,00011,2023-11-04T17:45:00+00:00,,_FNU,Provisional,['DISCONTINUED'],2025-08-30T09:02:45.069499+00:00,STNRD
05c59b8b0f5541c1894759a6160cdab7,USGS-09371010,63680,00011,2023-11-04T18:00:00+00:00,,_FNU,Provisional,['DISCONTINUED'],2025-08-30T09:02:45.069499+00:00,STNRD
05c59b8b0f5541c1894759a6160cdab7,USGS-09371010,63680,00011,2023-11-04T18:15:00+00:00,,_FNU,Provisional,['DISCONTINUED'],2025-08-30T09:02:45.069499+00:00,STNRD
05c59b8b0f5541c1894759a6160cdab7,USGS-09371010,63680,00011,2023-11-04T18:30:00+00:00,,_FNU,Provisional,['DISCONTINUED'],2025-08-30T09:02:45.069499+00:00,STNRD
05c59b8b0f5541c1894759a6160cdab7,USGS-09371010,63680,00011,2023-11-04T18:45:00+00:00,,_FNU,Provisional,['DISCONTINUED'],2025-08-30T09:02:45.069499+00:00,STNRD
05c59b8b0f5541c1894759a6160cdab7,USGS-09371010,63680,00011,2023-11-04T19:00:00+00:00,,_FNU,Provisional,['DISCONTINUED'],2025-08-30T09:02:45.069499+00:00,STNRD
05c59b8b0f5541c1894759a6160cdab7,USGS-09371010,63680,00011,2023-11-04T19:15:00+00:00,,_FNU,Provisional,['DISCONTINUED'],2025-08-30T09:02:45.069499+00:00,STNRD
05c59b8b0f5541c1894759a6160cdab7,USGS-09371010,63680,00011,2023-11-04T19:30:00+00:00,,_FNU,Provisional,['DISCONTINUED'],2025-08-30T09:02:45.069499+00:00,STNRD
05c59b8b0f5541c1894759a6160cdab7,USGS-09371010,63680,00011,2023-11-04T19:45:00+00:00,,_FNU,Provisional,['DISCONTINUED'],2025-08-30T09:02:45.069499+00:00,STNRD
05c59b8b0f5541c1894759a6160cdab7,USGS-09371010,63680,00011,2023-11-04T20:00:00+00:00,,_FNU,Provisional,['DISCONTINUED'],2025-08-30T09:02:45.069499+00:00,STNRD
05c59b8b0f5541c1894759a6160cdab7,USGS-09371010,63680,00011,2023-11-04T20:15:00+00:00,,_FNU,Provisional,['DISCONTINUED'],2025-08-30T09:02:45.069499+00:00,STNRD
05c59b8b0f5541c1894759a6160cdab7,USGS-09371010,63680,00011,2023-11-04T20:30:00+00:00,,_FNU,Provisional,['DISCONTINUED'],2025-08-30T09:02:45.069499+00:00,STNRD
05c59b8b0f5541c1894759a6160cdab7,USGS-09371010,63680,00011,2023-11-04T20:45:00+00:00,,_FNU,Provisional,['DISCONTINUED'],2025-08-30T09:02:45.069499+00:00,STNRD
05c59b8b0f5541c1894759a6160cdab7,USGS-09371010,63680,00011,2023-11-04T21:00:00+00:00,,_FNU,Provisional,['DISCONTINUED'],2025-08-30T09:02:45.069499+00:00,STNRD
05c59b8b0f5541c1894759a6160cdab7,USGS-09371010,63680,00011,2023-11-04T21:15:00+00:00,,_FNU,Provisional,['DISCONTINUED'],2025-08-30T09:02:45.069499+00:00,STNRD
05c59b8b0f5541c1894759a6160cdab7,USGS-09371010,63680,00011,2023-11-04T21:30:00+00:00,,_FNU,Provisional,['DISCONTINUED'],2025-08-30T09:02:45.069499+00:00,STNRD
05c59b8b0f5541c1894759a6160cdab7,USGS-09371010,63680,00011,2023-11-04T21:45:00+00:00,,_FNU,Provisional,['DISCONTINUED'],2025-08-30T09:02:45.069499+00:00,STNRD
05c59b8b0f5541c1894759a6160cdab7,USGS-09371010,63680,00011,2023-11-04T22:00:00+00:00,,_FNU,Provisional,['DISCONTINUED'],2025-08-30T09:02:45.069499+00:00,STNRD
05c59b8b0f5541c1894759a6160cdab7,USGS-09371010,63680,00011,2023-11-04T22:15:00+00:00,,_FNU,Provisional,['DISCONTINUED'],2025-08-30T09:02:45.069499+00:00,STNRD
05c59b8b0f5541c1894759a6160cdab7,USGS-09371010,63680,00011,2023-11-04T22:30:00+00:00,,_FNU,Provisional,['DISCONTINUED'],2025-08-30T09:02:45.069499+00:00,STNRD
05c59b8b0f5541c1894759a6160cdab7,USGS-09371010,63680,00011,2023-11-04T22:45:00+00:00,,_FNU,Provisional,['DISCONTINUED'],2025-08-30T09:02:45.069499+00:00,STNRD
05c59b8b0f5541c1894759a6160cdab7,USGS-09371010,63680,00011,2023-11-04T23:00:00+00:00,,_FNU,Provisional,['DISCONTINUED'],2025-08-30T09:02:45.069499+00:00,STNRD
05c59b8b0f5541c1894759a6160cdab7,USGS-09371010,63680,00011,2023-11-04T23:15:00+00:00,,_FNU,Provisional,['DISCONTINUED'],2025-08-30T09:02:45.069499+00:00,STNRD
05c59b8b0f5541c1894759a6160cdab7,USGS-09371010,63680,00011,2023-11-04T23:30:00+00:00,,_FNU,Provisional,['DISCONTINUED'],2025-08-30T09:02:45.069499+00:00,STNRD
05c59b8b0f5541c1894759a6160cdab7,USGS-09371010,63680,00011,2023-11-04T23:45:00+00:00,,_FNU,Provisional,['DISCONTINUED'],2025-08-30T09:02:45.069499+00:00,STNRD
05c59b8b0f5541c1894759a6160cdab7,USGS-09371010,63680,00011,2023-11-05T00:00:00+00:00,,_FNU,Provisional,['DISCONTINUED'],2025-08-30T09:02:45.069499+00:00,STNRD
05c59b8b0f5541c1894759a6160cdab7,USGS-09371010,63680,00011,2023-11-05T00:15:00+00:00,,_FNU,Provisional,['DISCONTINUED'],2025-08-30T09:02:45.069499+00:00,STNRD
05c59b8b0f5541c1894759a6160cdab7,USGS-09371010,63680,00011,2023-11-05T00:30:00+00:00,,_FNU,Provisional,['DISCONTINUED'],2025-08-30T09:02:45.069499+00:00,STNRD
05c59b8b0f5541c1894759a6160cdab7,USGS-09371010,63680,00011,2023-11-05T00:45:00+00:00,,_FNU,Provisional,['DISCONTINUED'],2025-08-30T09:02:45.069499+00:00,STNRD
05c59b8b0f5541c1894759a6160cdab7,USGS-09371010,63680,00011,2023-11-05T01:00:00+00:00,,_FNU,Provisional,['DISCONTINUED'],2025-08-30T09:02:45.069499+00:00,STNRD
05c59b8b0f5541c1894759a6160cdab7,USGS-09371010,63680,00011,2023-11-05T01:15:00+00:00,,_FNU,Provisional,['DISCONTINUED'],2025-08-30T09:02:45.069499+00:00,STNRD
05c59b8b0f5541c1894759a6160cdab7,USGS-09371010,63680,00011,2023-11-05T01:30:00+00:00,,_FNU,Provisional,['DISCONTINUED'],2025-08-30T09:02:45.069499+00:00,STNRD
05c59b8b0f5541c1894759a6160cdab7,USGS-09371010,63680,00011,2023-11-05T01:45:00+00:00,,_FNU,Provisional,['DISCONTINUED'],2025-08-30T09:02:45.069499+00:00,STNRD
05c59b8b0f5541c1894759a6160cdab7,USGS-09371010,63680,00011,2023-11-05T02:00:00+00:00,,_FNU,Provisional,['DISCONTINUED'],2025-08-30T09:02:45.069499+00:00,STNRD
05c59b8b0f5541c1894759a6160cdab7,USGS-09371010,63680,00011,2023-11-05T02:15:00+00:00,,_FNU,Provisional,['DISCONTINUED'],2025-08-30T09:02:45.069499+00:00,STNRD
05c59b8b0f5541c1894759a6160cdab7,USGS-09371010,63680,00011,2023-11-05T02:30:00+00:00,,_FNU,Provisional,['DISCONTINUED'],2025-08-30T09:02:45.069499+00:00,STNRD
05c59b8b0f5541c1894759a6160cdab7,USGS-09371010,63680,00011,2023-11-05T02:45:00+00:00,,_FNU,Provisional,['DISCONTINUED'],2025-08-30T09:02:45.069499+00:00,STNRD
05c59b8b0f5541c1894759a6160cdab7,USGS-09371010,63680,00011,2023-11-05T03:00:00+00:00,,_FNU,Provisional,['DISCONTINUED'],2025-08-30T09:02:45.069499+00:00,STNRD
05c59b8b0f5541c1894759a6160cdab7,USGS-09371010,63680,00011,2023-11-05T03:15:00+00:00,,_FNU,Provisional,['DISCONTINUED'],2025-08-30T09:02:45.069499+00:00,STNRD
05c59b8b0f5541c1894759a6160cdab7,USGS-09371010,63680,00011,2023-11-05T03:30:00+00:00,,_FNU,Provisional,['DISCONTINUED'],2025-08-30T09:02:45.069499+00:00,STNRD
05c59b8b0f5541c1894759a6160cdab7,USGS-09371010,63680,00011,2023-11-05T03:45:00+00:00,,_FNU,Provisional,['DISCONTINUED'],2025-08-30T09:02:45.069499+00:00,STNRD
05c59b8b0f5541c1894759a6160cdab7,USGS-09371010,63680,00011,2023-11-05T04:00:00+00:00,,_FNU,Provisional,['DISCONTINUED'],2025-08-30T09:02:45.069499+00:00,STNRD
05c59b8b0f5541c1894759a6160cdab7,USGS-09371010,63680,00011,2023-11-05T04:15:00+00:00,,_FNU,Provisional,['DISCONTINUED'],2025-08-30T09:02:45.069499+00:00,STNRD
05c59b8b0f5541c1894759a6160cdab7,USGS-09371010,63680,00011,2023-11-05T04:30:00+00:00,,_FNU,Provisional,['DISCONTINUED'],2025-08-30T09:02:45.069499+00:00,STNRD
05c59b8b0f5541c1894759a6160cdab7,USGS-09371010,63680,00011,2023-11-05T04:45:00+00:00,,_FNU,Provisional,['DISCONTINUED'],2025-08-30T09:02:45.069499+00:00,STNRD
05c59b8b0f5541c1894759a6160cdab7,USGS-09371010,63680,00011,2023-11-05T05:00:00+00:00,,_FNU,Provisional,['DISCONTINUED'],2025-08-30T09:02:45.069499+00:00,STNRD
05c59b8b0f5541c1894759a6160cdab7,USGS-09371010,63680,00011,2023-11-05T05:15:00+00:00,,_FNU,Provisional,['DISCONTINUED'],2025-08-30T09:02:45.069499+00:00,STNRD
05c59b8b0f5541c1894759a6160cdab7,USGS-09371010,63680,00011,2023-11-05T05:30:00+00:00,,_FNU,Provisional,['DISCONTINUED'],2025-08-30T09:02:45.069499+00:00,STNRD
05c59b8b0f5541c1894759a6160cdab7,USGS-09371010,63680,00011,2023-11-05T05:45:00+00:00,,_FNU,Provisional,['DISCONTINUED'],2025-08-30T09:02:45.069499+00:00,STNRD
05c59b8b0f5541c1894759a6160cdab7,USGS-09371010,63680,00011,2023-11-05T06:00:00+00:00,,_FNU,Provisional,['DISCONTINUED'],2025-08-30T09:02:45.069499+00:00,STNRD
05c59b8b0f5541c1894759a6160cdab7,USGS-09371010,63680,00011,2023-11-05T06:15:00+00:00,,_FNU,Provisional,['DISCONTINUED'],2025-08-30T09:02:45.069499+00:00,STNRD
05c59b8b0f5541c1894759a6160cdab7,USGS-09371010,63680,00011,2023-11-05T06:30:00+00:00,,_FNU,Provisional,['DISCONTINUED'],2025-08-30T09:02:45.069499+00:00,STNRD
05c59b8b0f5541c1894759a6160cdab7,USGS-09371010,63680,00011,2023-11-05T06:45:00+00:00,,_FNU,Provisional,['DISCONTINUED'],2025-08-30T09:02:45.069499+00:00,STNRD
05c59b8b0f5541c1894759a6160cdab7,USGS-09371010,63680,00011,2023-11-05T07:00:00+00:00,,_FNU,Provisional,['DISCONTINUED'],2025-08-30T09:02:45.069499+00:00,STNRD
05c59b8b0f5541c1894759a6160cdab7,USGS-09371010,63680,00011,2023-11-05T07:15:00+00:00,,_FNU,Provisional,['DISCONTINUED'],2025-08-30T09:02:45.069499+00:00,STNRD
05c59b8b0f5541c1894759a6160cdab7,USGS-09371010,63680,00011,2023-11-05T07:30:00+00:00,,_FNU,Provisional,['DISCONTINUED'],2025-08-30T09:02:45.069499+00:00,STNRD
05c59b8b0f5541c1894759a6160cdab7,USGS-09371010,63680,00011,2023-11-05T07:45:00+00:00,,_FNU,Provisional,['DISCONTINUED'],2025-08-30T09:02:45.069499+00:00,STNRD
05c59b8b0f5541c1894759a6160cdab7,USGS-09371010,63680,00011,2023-11-05T08:00:00+00:00,,_FNU,Provisional,['DISCONTINUED'],2025-08-30T09:02:45.069499+00:00,STNRD
05c59b8b0f5541c1894759a6160cdab7,USGS-09371010,63680,00011,2023-11-05T08:15:00+00:00,,_FNU,Provisional,['DISCONTINUED'],2025-08-30T09:02:45.069499+00:00,STNRD
05c59b8b0f5541c1894759a6160cdab7,USGS-09371010,63680,00011,2023-11-05T08:30:00+00:00,,_FNU,Provisional,['DISCONTINUED'],2025-08-30T09:02:45.069499+00:00,STNRD
05c59b8b0f5541c1894759a6160cdab7,USGS-09371010,63680,00011,2023-11-05T08:45:00+00:00,,_FNU,Provisional,['DISCONTINUED'],2025-08-30T09:02:45.069499+00:00,STNRD
05c59b8b0f5541c1894759a6160cdab7,USGS-09371010,63680,00011,2023-11-05T09:00:00+00:00,,_FNU,Provisional,['DISCONTINUED'],2025-08-30T09:02:45.069499+00:00,STNRD
05c59b8b0f5541c1894759a6160cdab7,USGS-09371010,63680,00011,2023-11-05T09:15:00+00:00,,_FNU,Provisional,['DISCONTINUED'],2025-08-30T09:02:45.069499+00:00,STNRD
05c59b8b0f5541c1894759a6160cdab7,USGS-09371010,63680,00011,2023-11-05T09:30:00+00:00,,_FNU,Provisional,['DISCONTINUED'],2025-08-30T09:02:45.069499+00:00,STNRD
05c59b8b0f5541c1894759a6160cdab7,USGS-09371010,63680,00011,2023-11-05T09:45:00+00:00,,_FNU,Provisional,['DISCONTINUED'],2025-08-30T09:02:45.069499+00:00,STNRD
05c59b8b0f5541c1894759a6160cdab7,USGS-09371010,63680,00011,2023-11-05T10:00:00+00:00,,_FNU,Provisional,['DISCONTINUED'],2025-08-30T09:02:45.069499+00:00,STNRD
05c59b8b0f5541c1894759a6160cdab7,USGS-09371010,63680,00011,2023-11-05T10:15:00+00:00,,_FNU,Provisional,['DISCONTINUED'],2025-08-30T09:02:45.069499+00:00,STNRD
05c59b8b0f5541c1894759a6160cdab7,USGS-09371010,63680,00011,2023-11-05T10:30:00+00:00,,_FNU,Provisional,['DISCONTINUED'],2025-08-30T09:02:45.069499+00:00,STNRD
05c59b8b0f5541c1894759a6160cdab7,USGS-09371010,63680,00011,2023-11-05T10:45:00+00:00,,_FNU,Provisional,['DISCONTINUED'],2025-08-30T09:02:45.069499+00:00,STNRD
05c59b8b0f5541c1894759a6160cdab7,USGS-09371010,63680,00011,2023-11-05T11:00:00+00:00,,_FNU,Provisional,['DISCONTINUED'],2025-08-30T09:02:45.069499+00:00,STNRD
05c59b8b0f5541c1894759a6160cdab7,USGS-09371010,63680,00011,2023-11-05T11:15:00+00:00,,_FNU,Provisional,['DISCONTINUED'],2025-08-30T09:02:45.069499+00:00,STNRD
05c59b8b0f5541c1894759a6160cdab7,USGS-09371010,63680,00011,2023-11-05T11:30:00+00:00,,_FNU,Provisional,['DISCONTINUED'],2025-08-30T09:02:45.069499+00:00,STNRD
05c59b8b0f5541c1894759a6160cdab7,USGS-09371010,63680,00011,2023-11-05T11:45:00+00:00,,_FNU,Provisional,['DISCONTINUED'],2025-08-30T09:02:45.069499+00:00,STNRD
05c59b8b0f5541c1894759a6160cdab7,USGS-09371010,63680,00011,2023-11-05T12:00:00+00:00,,_FNU,Provisional,['DISCONTINUED'],2025-08-30T09:02:45.069499+00:00,STNRD
05c59b8b0f5541c1894759a6160cdab7,USGS-09371010,63680,00011,2023-11-05T12:15:00+00:00,,_FNU,Provisional,['DISCONTINUED'],2025-08-30T09:02:45.069499+00:00,STNRD
05c59b8b0f5541c1894759a6160cdab7,USGS-09371010,63680,00011,2023-11-05T12:30:00+00:00,,_FNU,Provisional,['DISCONTINUED'],2025-08-30T09:02:45.069499+00:00,STNRD
05c59b8b0f5541c1894759a6160cdab7,USGS-09371010,63680,00011,2023-11-05T12:45:00+00:00,,_FNU,Provisional,['DISCONTINUED'],2025-08-30T09:02:45.069499+00:00,STNRD
05c59b8b0f5541c1894759a6160cdab7,USGS-09371010,63680,00011,2023-11-05T13:00:00+00:00,,_FNU,Provisional,['DISCONTINUED'],2025-08-30T09:02:45.069499+00:00,STNRD
05c59b8b0f5541c1894759a6160cdab7,USGS-09371010,63680,00011,2023-11-05T13:15:00+00:00,,_FNU,Provisional,['DISCONTINUED'],2025-08-30T09:02:45.069499+00:00,STNRD
05c59b8b0f5541c1894759a6160cdab7,USGS-09371010,63680,00011,2023-11-05T13:30:00+00:00,,_FNU,Provisional,['DISCONTINUED'],2025-08-30T09:02:45.069499+00:00,STNRD
05c59b8b0f5541c1894759a6160cdab7,USGS-09371010,63680,00011,2023-11-05T13:45:00+00:00,,_FNU,Provisional,['DISCONTINUED'],2025-08-30T09:02:45.069499+00:00,STNRD
05c59b8b0f5541c1894759a6160cdab7,USGS-09371010,63680,00011,2023-11-05T14:00:00+00:00,,_FNU,Provisional,['DISCONTINUED'],2025-08-30T09:02:45.069499+00:00,STNRD
05c59b8b0f5541c1894759a6160cdab7,USGS-09371010,63680,00011,2023-11-05T14:15:00+00:00,,_FNU,Provisional,['DISCONTINUED'],2025-08-30T09:02:45.069499+00:00,STNRD
05c59b8b0f5541c1894759a6160cdab7,USGS-09371010,63680,00011,2023-11-05T14:30:00+00:00,,_FNU,Provisional,['DISCONTINUED'],2025-08-30T09:02:45.069499+00:00,STNRD
05c59b8b0f5541c1894759a6160cdab7,USGS-09371010,63680,00011,2023-11-05T14:45:00+00:00,,_FNU,Provisional,['DISCONTINUED'],2025-08-30T09:02:45.069499+00:00,STNRD
05c59b8b0f5541c1894759a6160cdab7,USGS-09371010,63680,00011,2023-11-05T15:00:00+00:00,,_FNU,Provisional,['DISCONTINUED'],2025-08-30T09:02:45.069499+00:00,STNRD
05c59b8b0f5541c1894759a6160cdab7,USGS-09371010,63680,00011,2023-11-05T15:15:00+00:00,,_FNU,Provisional,['DISCONTINUED'],2025-08-30T09:02:45.069499+00:00,STNRD
05c59b8b0f5541c1894759a6160cdab7,USGS-09371010,63680,00011,2023-11-05T15:30:00+00:00,,_FNU,Provisional,['DISCONTINUED'],2025-08-30T09:02:45.069499+00:00,STNRD
05c59b8b0f5541c1894759a6160cdab7,USGS-09371010,63680,00011,2023-11-05T15:45:00+00:00,,_FNU,Provisional,['DISCONTINUED'],2025-08-30T09:02:45.069499+00:00,STNRD
05c59b8b0f5541c1894759a6160cdab7,USGS-09371010,63680,00011,2023-11-05T16:00:00+00:00,,_FNU,Provisional,['DISCONTINUED'],2025-08-30T09:02:45.069499+00:00,STNRD
05c59b8b0f5541c1894759a6160cdab7,USGS-09371010,63680,00011,2023-11-05T16:15:00+00:00,,_FNU,Provisional,['DISCONTINUED'],2025-08-30T09:02:45.069499+00:00,STNRD
05c59b8b0f5541c1894759a6160cdab7,USGS-09371010,63680,00011,2023-11-05T16:30:00+00:00,,_FNU,Provisional,['DISCONTINUED'],2025-08-30T09:02:45.069499+00:00,STNRD
05c59b8b0f5541c1894759a6160cdab7,USGS-09371010,63680,00011,2023-11-05T16:45:00+00:00,,_FNU,Provisional,['DISCONTINUED'],2025-08-30T09:02:45.069499+00:00,STNRD
05c59b8b0f5541c1894759a6160cdab7,USGS-09371010,63680,00011,2023-11-05T17:00:00+00:00,,_FNU,Provisional,['DISCONTINUED'],2025-08-30T09:02:45.069499+00:00,STNRD
05c59b8b0f5541c1894759a6160cdab7,USGS-09371010,63680,00011,2023-11-05T17:15:00+00:00,,_FNU,Provisional,['DISCONTINUED'],2025-08-30T09:02:45.069499+00:00,STNRD
05c59b8b0f5541c1894759a6160cdab7,USGS-09371010,63680,00011,2023-11-05T17:30:00+00:00,,_FNU,Provisional,['DISCONTINUED'],2025-08-30T09:02:45.069499+00:00,STNRD
05c59b8b0f5541c1894759a6160cdab7,USGS-09371010,63680,00011,2023-11-05T17:45:00+00:00,,_FNU,Provisional,['DISCONTINUED'],2025-08-30T09:02:45.069499+00:00,STNRD
05c59b8b0f5541c1894759a6160cdab7,USGS-09371010,63680,00011,2023-11-05T18:00:00+00:00,,_FNU,Provisional,['DISCONTINUED'],2025-08-30T09:02:45.069499+00:00,STNRD
05c59b8b0f5541c1894759a6160cdab7,USGS-09371010,63680,00011,2023-11-05T18:15:00+00:00,,_FNU,Provisional,['DISCONTINUED'],2025-08-30T09:02:45.069499+00:00,STNRD
05c59b8b0f5541c1894759a6160cdab7,USGS-09371010,63680,00011,2023-11-05T18:30:00+00:00,,_FNU,Provisional,['DISCONTINUED'],2025-08-30T09:02:45.069499+00:00,STNRD
05c59b8b0f5541c1894759a6160cdab7,USGS-09371010,63680,00011,2023-11-05T18:45:00+00:00,,_FNU,Provisional,['DISCONTINUED'],2025-08-30T09:02:45.069499+00:00,STNRD
05c59b8b0f5541c1894759a6160cdab7,USGS-09371010,63680,00011,2023-11-05T19:00:00+00:00,,_FNU,Provisional,['DISCONTINUED'],2025-08-30T09:02:45.069499+00:00,STNRD
05c59b8b0f5541c1894759a6160cdab7,USGS-09371010,63680,00011,2023-11-05T19:15:00+00:00,,_FNU,Provisional,['DISCONTINUED'],2025-08-30T09:02:45.069499+00:00,STNRD
05c59b8b0f5541c1894759a6160cdab7,USGS-09371010,63680,00011,2023-11-05T19:30:00+00:00,,_FNU,Provisional,['DISCONTINUED'],2025-08-30T09:02:45.069499+00:00,STNRD
05c59b8b0f5541c1894759a6160cdab7,USGS-09371010,63680,00011,2023-11-05T19:45:00+00:00,,_FNU,Provisional,['DISCONTINUED'],2025-08-30T09:02:45.069499+00:00,STNRD
05c59b8b0f5541c1894759a6160cdab7,USGS-09371010,63680,00011,2023-11-05T20:00:00+00:00,,_FNU,Provisional,['DISCONTINUED'],2025-08-30T09:02:45.069499+00:00,STNRD
05c59b8b0f5541c1894759a6160cdab7,USGS-09371010,63680,00011,2023-11-05T20:15:00+00:00,,_FNU,Provisional,['DISCONTINUED'],2025-08-30T09:02:45.069499+00:00,STNRD
05c59b8b0f5541c1894759a6160cdab7,USGS-09371010,63680,00011,2023-11-05T20:30:00+00:00,,_FNU,Provisional,['DISCONTINUED'],2025-08-30T09:02:45.069499+00:00,STNRD
05c59b8b0f5541c1894759a6160cdab7,USGS-09371010,63680,00011,2023-11-05T20:45:00+00:00,,_FNU,Provisional,['DISCONTINUED'],2025-08-30T09:02:45.069499+00:00,STNRD
05c59b8b0f5541c1894759a6160cdab7,USGS-09371010,63680,00011,2023-11-05T21:00:00+00:00,,_FNU,Provisional,['DISCONTINUED'],2025-08-30T09:02:45.069499+00:00,STNRD
05c59b8b0f5541c1894759a6160cdab7,USGS-09371010,63680,00011,2023-11-05T21:15:00+00:00,,_FNU,Provisional,['DISCONTINUED'],2025-08-30T09:02:45.069499+00:00,STNRD
05c59b8b0f5541c1894759a6160cdab7,USGS-09371010,63680,00011,2023-11-05T21:30:00+00:00,,_FNU,Provisional,['DISCONTINUED'],2025-08-30T09:02:45.069499+00:00,STNRD
05c59b8b0f5541c1894759a6160cdab7,USGS-09371010,63680,00011,2023-11-05T21:45:00+00:00,,_FNU,Provisional,['DISCONTINUED'],2025-08-30T09:02:45.069499+00:00,STNRD
05c59b8b0f5541c1894759a6160cdab7,USGS-09371010,63680,00011,2023-11-05T22:00:00+00:00,,_FNU,Provisional,['DISCONTINUED'],2025-08-30T09:02:45.069499+00:00,STNRD
05c59b8b0f5541c1894759a6160cdab7,USGS-09371010,63680,00011,2023-11-05T22:15:00+00:00,,_FNU,Provisional,['DISCONTINUED'],2025-08-30T09:02:45.069499+00:00,STNRD
05c59b8b0f5541c1894759a6160cdab7,USGS-09371010,63680,00011,2023-11-05T22:30:00+00:00,,_FNU,Provisional,['DISCONTINUED'],2025-08-30T09:02:45.069499+00:00,STNRD
05c59b8b0f5541c1894759a6160cdab7,USGS-09371010,63680,00011,2023-11-05T22:45:00+00:00,,_FNU,Provisional,['DISCONTINUED'],2025-08-30T09:02:45.069499+00:00,STNRD
05c59b8b0f5541c1894759a6160cdab7,USGS-09371010,63680,00011,2023-11-05T23:00:00+00:00,,_FNU,Provisional,['DISCONTINUED'],2025-08-30T09:02:45.069499+00:00,STNRD
05c59b8b0f5541c1894759a6160cdab7,USGS-09371010,63680,00011,2023-11-05T23:15:00+00:00,,_FNU,Provisional,['DISCONTINUED'],2025-08-30T09:02:45.069499+00:00,STNRD
05c59b8b0f5541c1894759a6160cdab7,USGS-09371010,63680,00011,2023-11-05T23:30:00+00:00,,_FNU,Provisional,['DISCONTINUED'],2025-08-30T09:02:45.069499+00:00,STNRD
05c59b8b0f5541c1894759a6160cdab7,USGS-09371010,63680,00011,2023-11-05T23:45:00+00:00,,_FNU,Provisional,['DISCONTINUED'],2025-08-30T09:02:45.069499+00:00,STNRD
05c59b8b0f5541c1894759a6160cdab7,USGS-09371010,63680,00011,2023-11-06T00:00:00+00:00,,_FNU,Provisional,['DISCONTINUED'],2025-08-30T09:02:45.069499+00:00,STNRD
05c59b8b0f5541c1894759a6160cdab7,USGS-09371010,63680,00011,2023-11-06T00:15:00+00:00,,_FNU,Provisional,['DISCONTINUED'],2025-08-30T09:02:45.069499+00:00,STNRD
05c59b8b0f5541c1894759a6160cdab7,USGS-09371010,63680,00011,2023-11-06T00:30:00+00:00,,_FNU,Provisional,['DISCONTINUED'],2025-08-30T09:02:45.069499+00:00,STNRD
05c59b8b0f5541c1894759a6160cdab7,USGS-09371010,63680,00011,2023-11-06T00:45:00+00:00,,_FNU,Provisional,['DISCONTINUED'],2025-08-30T09:02:45.069499+00:00,STNRD
05c59b8b0f5541c1894759a6160cdab7,USGS-09371010,63680,00011,2023-11-06T01:00:00+00:00,,_FNU,Provisional,['DISCONTINUED'],2025-08-30T09:02:45.069499+00:00,STNRD
05c59b8b0f5541c1894759a6160cdab7,USGS-09371010,63680,00011,2023-11-06T01:15:00+00:00,,_FNU,Provisional,['DISCONTINUED'],2025-08-30T09:02:45.069499+00:00,STNRD
05c59b8b0f5541c1894759a6160cdab7,USGS-09371010,63680,00011,2023-11-06T01:30:00+00:00,,_FNU,Provisional,['DISCONTINUED'],2025-08-30T09:02:45.069499+00:00,STNRD
05c59b8b0f5541c1894759a6160cdab7,USGS-09371010,63680,00011,2023-11-06T01:45:00+00:00,,_FNU,Provisional,['DISCONTINUED'],2025-08-30T09:02:45.069499+00:00,STNRD
05c59b8b0f5541c1894759a6160cdab7,USGS-09371010,63680,00011,2023-11-06T02:00:00+00:00,,_FNU,Provisional,['DISCONTINUED'],2025-08-30T09:02:45.069499+00:00,STNRD
05c59b8b0f5541c1894759a6160cdab7,USGS-09371010,63680,00011,2023-11-06T02:15:00+00:00,,_FNU,Provisional,['DISCONTINUED'],2025-08-30T09:02:45.069499+00:00,STNRD
05c59b8b0f5541c1894759a6160cdab7,USGS-09371010,63680,00011,2023-11-06T02:30:00+00:00,,_FNU,Provisional,['DISCONTINUED'],2025-08-30T09:02:45.069499+00:00,STNRD
05c59b8b0f5541c1894759a6160cdab7,USGS-09371010,63680,00011,2023-11-06T02:45:00+00:00,,_FNU,Provisional,['DISCONTINUED'],2025-08-30T09:02:45.069499+00:00,STNRD
05c59b8b0f5541c1894759a6160cdab7,USGS-09371010,63680,00011,2023-11-06T03:00:00+00:00,,_FNU,Provisional,['DISCONTINUED'],2025-08-30T09:02:45.069499+00:00,STNRD
05c59b8b0f5541c1894759a6160cdab7,USGS-09371010,63680,00011,2023-11-06T03:15:00+00:00,,_FNU,Provisional,['DISCONTINUED'],2025-08-30T09:02:45.069499+00:00,STNRD
05c59b8b0f5541c1894759a6160cdab7,USGS-09371010,63680,00011,2023-11-06T03:30:00+00:00,,_FNU,Provisional,['DISCONTINUED'],2025-08-30T09:02:45.069499+00:00,STNRD
05c59b8b0f5541c1894759a6160cdab7,USGS-09371010,63680,00011,2023-11-06T03:45:00+00:00,,_FNU,Provisional,['DISCONTINUED'],2025-08-30T09:02:45.069499+00:00,STNRD
05c59b8b0f5541c1894759a6160cdab7,USGS-09371010,63680,00011,2023-11-06T04:00:00+00:00,,_FNU,Provisional,['DISCONTINUED'],2025-08-30T09:02:45.069499+00:00,STNRD
05c59b8b0f5541c1894759a6160cdab7,USGS-09371010,63680,00011,2023-11-06T04:15:00+00:00,,_FNU,Provisional,['DISCONTINUED'],2025-08-30T09:02:45.069499+00:00,STNRD
05c59b8b0f5541c1894759a6160cdab7,USGS-09371010,63680,00011,2023-11-06T04:30:00+00:00,,_FNU,Provisional,['DISCONTINUED'],2025-08-30T09:02:45.069499+00:00,STNRD
05c59b8b0f5541c1894759a6160cdab7,USGS-09371010,63680,00011,2023-11-06T04:45:00+00:00,,_FNU,Provisional,['DISCONTINUED'],2025-08-30T09:02:45.069499+00:00,STNRD
05c59b8b0f5541c1894759a6160cdab7,USGS-09371010,63680,00011,2023-11-06T05:00:00+00:00,,_FNU,Provisional,['DISCONTINUED'],2025-08-30T09:02:45.069499+00:00,STNRD
05c59b8b0f5541c1894759a6160cdab7,USGS-09371010,63680,00011,2023-11-06T05:15:00+00:00,,_FNU,Provisional,['DISCONTINUED'],2025-08-30T09:02:45.069499+00:00,STNRD
05c59b8b0f5541c1894759a6160cdab7,USGS-09371010,63680,00011,2023-11-06T05:30:00+00:00,,_FNU,Provisional,['DISCONTINUED'],2025-08-30T09:02:45.069499+00:00,STNRD
05c59b8b0f5541c1894759a6160cdab7,USGS-09371010,63680,00011,2023-11-06T05:45:00+00:00,,_FNU,Provisional,['DISCONTINUED'],2025-08-30T09:02:45.069499+00:00,STNRD
05c59b8b0f5541c1894759a6160cdab7,USGS-09371010,63680,00011,2023-11-06T06:00:00+00:00,,_FNU,Provisional,['DISCONTINUED'],2025-08-30T09:02:45.069499+00:00,STNRD
05c59b8b0f5541c1894759a6160cdab7,USGS-09371010,63680,00011,2023-11-06T06:15:00+00:00,,_FNU,Provisional,['DISCONTINUED'],2025-08-30T09:02:45.069499+00:00,STNRD
05c59b8b0f5541c1894759a6160cdab7,USGS-09371010,63680,00011,2023-11-06T06:30:00+00:00,,_FNU,Provisional,['DISCONTINUED'],2025-08-30T09:02:45.069499+00:00,STNRD
05c59b8b0f5541c1894759a6160cdab7,USGS-09371010,63680,00011,2023-11-06T06:45:00+00:00,,_FNU,Provisional,['DISCONTINUED'],2025-08-30T09:02:45.069499+00:00,STNRD
05c59b8b0f5541c1894759a6160cdab7,USGS-09371010,63680,00011,2023-11-06T07:00:00+00:00,,_FNU,Provisional,['DISCONTINUED'],2025-08-30T09:02:45.069499+00:00,STNRD
05c59b8b0f5541c1894759a6160cdab7,USGS-09371010,63680,00011,2023-11-06T07:15:00+00:00,,_FNU,Provisional,['DISCONTINUED'],2025-08-30T09:02:45.069499+00:00,STNRD
05c59b8b0f5541c1894759a6160cdab7,USGS-09371010,63680,00011,2023-11-06T07:30:00+00:00,,_FNU,Provisional,['DISCONTINUED'],2025-08-30T09:02:45.069499+00:00,STNRD
05c59b8b0f5541c1894759a6160cdab7,USGS-09371010,63680,00011,2023-11-06T07:45:00+00:00,,_FNU,Provisional,['DISCONTINUED'],2025-08-30T09:02:45.069499+00:00,STNRD
05c59b8b0f5541c1894759a6160cdab7,USGS-09371010,63680,00011,2023-11-06T08:00:00+00:00,,_FNU,Provisional,['DISCONTINUED'],2025-08-30T09:02:45.069499+00:00,STNRD
05c59b8b0f5541c1894759a6160cdab7,USGS-09371010,63680,00011,2023-11-06T08:15:00+00:00,,_FNU,Provisional,['DISCONTINUED'],2025-08-30T09:02:45.069499+00:00,STNRD
05c59b8b0f5541c1894759a6160cdab7,USGS-09371010,63680,00011,2023-11-06T08:30:00+00:00,,_FNU,Provisional,['DISCONTINUED'],2025-08-30T09:02:45.069499+00:00,STNRD
05c59b8b0f5541c1894759a6160cdab7,USGS-09371010,63680,00011,2023-11-06T08:45:00+00:00,,_FNU,Provisional,['DISCONTINUED'],2025-08-30T09:02:45.069499+00:00,STNRD
05c59b8b0f5541c1894759a6160cdab7,USGS-09371010,63680,00011,2023-11-06T09:00:00+00:00,,_FNU,Provisional,['DISCONTINUED'],2025-08-30T09:02:45.069499+00:00,STNRD
05c59b8b0f5541c1894759a6160cdab7,USGS-09371010,63680,00011,2023-11-06T09:15:00+00:00,,_FNU,Provisional,['DISCONTINUED'],2025-08-30T09:02:45.069499+00:00,STNRD
05c59b8b0f5541c1894759a6160cdab7,USGS-09371010,63680,00011,2023-11-06T09:30:00+00:00,,_FNU,Provisional,['DISCONTINUED'],2025-08-30T09:02:45.069499+00:00,STNRD
05c59b8b0f5541c1894759a6160cdab7,USGS-09371010,63680,00011,2023-11-06T09:45:00+00:00,,_FNU,Provisional,['DISCONTINUED'],2025-08-30T09:02:45.069499+00:00,STNRD
05c59b8b0f5541c1894759a6160cdab7,USGS-09371010,63680,00011,2023-11-06T10:00:00+00:00,,_FNU,Provisional,['DISCONTINUED'],2025-08-30T09:02:45.069499+00:00,STNRD
05c59b8b0f5541c1894759a6160cdab7,USGS-09371010,63680,00011,2023-11-06T10:15:00+00:00,,_FNU,Provisional,['DISCONTINUED'],2025-08-30T09:02:45.069499+00:00,STNRD
05c59b8b0f5541c1894759a6160cdab7,USGS-09371010,63680,00011,2023-11-06T10:30:00+00:00,,_FNU,Provisional,['DISCONTINUED'],2025-08-30T09:02:45.069499+00:00,STNRD
05c59b8b0f5541c1894759a6160cdab7,USGS-09371010,63680,00011,2023-11-06T10:45:00+00:00,,_FNU,Provisional,['DISCONTINUED'],2025-08-30T09:02:45.069499+00:00,STNRD
05c59b8b0f5541c1894759a6160cdab7,USGS-09371010,63680,00011,2023-11-06T11:00:00+00:00,,_FNU,Provisional,['DISCONTINUED'],2025-08-30T09:02:45.069499+00:00,STNRD
05c59b8b0f5541c1894759a6160cdab7,USGS-09371010,63680,00011,2023-11-06T11:15:00+00:00,,_FNU,Provisional,['DISCONTINUED'],2025-08-30T09:02:45.069499+00:00,STNRD
05c59b8b0f5541c1894759a6160cdab7,USGS-09371010,63680,00011,2023-11-06T11:30:00+00:00,,_FNU,Provisional,['DISCONTINUED'],2025-08-30T09:02:45.069499+00:00,STNRD
05c59b8b0f5541c1894759a6160cdab7,USGS-09371010,63680,00011,2023-11-06T11:45:00+00:00,,_FNU,Provisional,['DISCONTINUED'],2025-08-30T09:02:45.069499+00:00,STNRD
05c59b8b0f5541c1894759a6160cdab7,USGS-09371010,63680,00011,2023-11-06T12:00:00+00:00,,_FNU,Provisional,['DISCONTINUED'],2025-08-30T09:02:45.069499+00:00,STNRD
05c59b8b0f5541c1894759a6160cdab7,USGS-09371010,63680,00011,2023-11-06T12:15:00+00:00,,_FNU,Provisional,['DISCONTINUED'],2025-08-30T09:02:45.069499+00:00,STNRD
05c59b8b0f5541c1894759a6160cdab7,USGS-09371010,63680,00011,2023-11-06T12:30:00+00:00,,_FNU,Provisional,['DISCONTINUED'],2025-08-30T09:02:45.069499+00:00,STNRD
05c59b8b0f5541c1894759a6160cdab7,USGS-09371010,63680,00011,2023-11-06T12:45:00+00:00,,_FNU,Provisional,['DISCONTINUED'],2025-08-30T09:02:45.069499+00:00,STNRD
05c59b8b0f5541c1894759a6160cdab7,USGS-09371010,63680,00011,2023-11-06T13:00:00+00:00,,_FNU,Provisional,['DISCONTINUED'],2025-08-30T09:02:45.069499+00:00,STNRD
05c59b8b0f5541c1894759a6160cdab7,USGS-09371010,63680,00011,2023-11-06T13:15:00+00:00,,_FNU,Provisional,['DISCONTINUED'],2025-08-30T09:02:45.069499+00:00,STNRD
05c59b8b0f5541c1894759a6160cdab7,USGS-09371010,63680,00011,2023-11-06T13:30:00+00:00,,_FNU,Provisional,['DISCONTINUED'],2025-08-30T09:02:45.069499+00:00,STNRD
05c59b8b0f5541c1894759a6160cdab7,USGS-09371010,63680,00011,2023-11-06T13:45:00+00:00,,_FNU,Provisional,['DISCONTINUED'],2025-08-30T09:02:45.069499+00:00,STNRD
05c59b8b0f5541c1894759a6160cdab7,USGS-09371010,63680,00011,2023-11-06T14:00:00+00:00,,_FNU,Provisional,['DISCONTINUED'],2025-08-30T09:02:45.069499+00:00,STNRD
05c59b8b0f5541c1894759a6160cdab7,USGS-09371010,63680,00011,2023-11-06T14:15:00+00:00,,_FNU,Provisional,['DISCONTINUED'],2025-08-30T09:02:45.069499+00:00,STNRD
05c59b8b0f5541c1894759a6160cdab7,USGS-09371010,63680,00011,2023-11-06T14:30:00+00:00,,_FNU,Provisional,['DISCONTINUED'],2025-08-30T09:02:45.069499+00:00,STNRD
05c59b8b0f5541c1894759a6160cdab7,USGS-09371010,63680,00011,2023-11-06T14:45:00+00:00,,_FNU,Provisional,['DISCONTINUED'],2025-08-30T09:02:45.069499+00:00,STNRD
05c59b8b0f5541c1894759a6160cdab7,USGS-09371010,63680,00011,2023-11-06T15:00:00+00:00,,_FNU,Provisional,['DISCONTINUED'],2025-08-30T09:02:45.069499+00:00,STNRD
05c59b8b0f5541c1894759a6160cdab7,USGS-09371010,63680,00011,2023-11-06T15:15:00+00:00,,_FNU,Provisional,['DISCONTINUED'],2025-08-30T09:02:45.069499+00:00,STNRD
05c59b8b0f5541c1894759a6160cdab7,USGS-09371010,63680,00011,2023-11-06T15:30:00+00:00,,_FNU,Provisional,['DISCONTINUED'],2025-08-30T09:02:45.069499+00:00,STNRD
05c59b8b0f5541c1894759a6160cdab7,USGS-09371010,63680,00011,2023-11-06T15:45:00+00:00,,_FNU,Provisional,['DISCONTINUED'],2025-08-30T09:02:45.069499+00:00,STNRD
05c59b8b0f5541c1894759a6160cdab7,USGS-09371010,63680,00011,2023-11-06T16:00:00+00:00,,_FNU,Provisional,['DISCONTINUED'],2025-08-30T09:02:45.069499+00:00,STNRD
05c59b8b0f5541c1894759a6160cdab7,USGS-09371010,63680,00011,2023-11-06T16:15:00+00:00,,_FNU,Provisional,['DISCONTINUED'],2025-08-30T09:02:45.069499+00:00,STNRD
05c59b8b0f5541c1894759a6160cdab7,USGS-09371010,63680,00011,2023-11-06T16:30:00+00:00,,_FNU,Provisional,['DISCONTINUED'],2025-08-30T09:02:45.069499+00:00,STNRD
05c59b8b0f5541c1894759a6160cdab7,USGS-09371010,63680,00011,2023-11-06T16:45:00+00:00,,_FNU,Provisional,['DISCONTINUED'],2025-08-30T09:02:45.069499+00:00,STNRD
05c59b8b0f5541c1894759a6160cdab7,USGS-09371010,63680,00011,2023-11-06T17:00:00+00:00,,_FNU,Provisional,['DISCONTINUED'],2025-08-30T09:02:45.069499+00:00,STNRD
05c59b8b0f5541c1894759a6160cdab7,USGS-09371010,63680,00011,2023-11-06T17:15:00+00:00,,_FNU,Provisional,['DISCONTINUED'],2025-08-30T09:02:45.069499+00:00,STNRD
05c59b8b0f5541c1894759a6160cdab7,USGS-09371010,63680,00011,2023-11-06T17:30:00+00:00,,_FNU,Provisional,['DISCONTINUED'],2025-08-30T09:02:45.069499+00:00,STNRD
05c59b8b0f5541c1894759a6160cdab7,USGS-09371010,63680,00011,2023-11-06T17:45:00+00:00,,_FNU,Provisional,['DISCONTINUED'],2025-08-30T09:02:45.069499+00:00,STNRD
05c59b8b0f5541c1894759a6160cdab7,USGS-09371010,63680,00011,2023-11-06T18:00:00+00:00,,_FNU,Provisional,['DISCONTINUED'],2025-08-30T09:02:45.069499+00:00,STNRD
05c59b8b0f5541c1894759a6160cdab7,USGS-09371010,63680,00011,2023-11-06T18:15:00+00:00,,_FNU,Provisional,['DISCONTINUED'],2025-08-30T09:02:45.069499+00:00,STNRD
05c59b8b0f5541c1894759a6160cdab7,USGS-09371010,63680,00011,2023-11-06T18:30:00+00:00,,_FNU,Provisional,['DISCONTINUED'],2025-08-30T09:02:45.069499+00:00,STNRD
05c59b8b0f5541c1894759a6160cdab7,USGS-09371010,63680,00011,2023-11-06T18:45:00+00:00,,_FNU,Provisional,['DISCONTINUED'],2025-08-30T09:02:45.069499+00:00,STNRD
05c59b8b0f5541c1894759a6160cdab7,USGS-09371010,63680,00011,2023-11-06T19:00:00+00:00,,_FNU,Provisional,['DISCONTINUED'],2025-08-30T09:02:45.069499+00:00,STNRD
05c59b8b0f5541c1894759a6160cdab7,USGS-09371010,63680,00011,2023-11-06T19:15:00+00:00,,_FNU,Provisional,['DISCONTINUED'],2025-08-30T09:02:45.069499+00:00,STNRD
05c59b8b0f5541c1894759a6160cdab7,USGS-09371010,63680,00011,2023-11-06T19:30:00+00:00,,_FNU,Provisional,['DISCONTINUED'],2025-08-30T09:02:45.069499+00:00,STNRD
05c59b8b0f5541c1894759a6160cdab7,USGS-09371010,63680,00011,2023-11-06T19:45:00+00:00,,_FNU,Provisional,['DISCONTINUED'],2025-08-30T09:02:45.069499+00:00,STNRD
05c59b8b0f5541c1894759a6160cdab7,USGS-09371010,63680,00011,2023-11-06T20:00:00+00:00,,_FNU,Provisional,['DISCONTINUED'],2025-08-30T09:02:45.069499+00:00,STNRD
05c59b8b0f5541c1894759a6160cdab7,USGS-09371010,63680,00011,2023-11-06T20:15:00+00:00,,_FNU,Provisional,['DISCONTINUED'],2025-08-30T09:02:45.069499+00:00,STNRD
05c59b8b0f5541c1894759a6160cdab7,USGS-09371010,63680,00011,2023-11-06T20:30:00+00:00,,_FNU,Provisional,['DISCONTINUED'],2025-08-30T09:02:45.069499+00:00,STNRD
05c59b8b0f5541c1894759a6160cdab7,USGS-09371010,63680,00011,2023-11-06T20:45:00+00:00,,_FNU,Provisional,['DISCONTINUED'],2025-08-30T09:02:45.069499+00:00,STNRD
05c59b8b0f5541c1894759a6160cdab7,USGS-09371010,63680,00011,2023-11-06T21:00:00+00:00,,_FNU,Provisional,['DISCONTINUED'],2025-08-30T09:02:45.069499+00:00,STNRD
05c59b8b0f5541c1894759a6160cdab7,USGS-09371010,63680,00011,2023-11-06T21:15:00+00:00,,_FNU,Provisional,['DISCONTINUED'],2025-08-30T09:02:45.069499+00:00,STNRD
05c59b8b0f5541c1894759a6160cdab7,USGS-09371010,63680,00011,2023-11-06T21:30:00+00:00,,_FNU,Provisional,['DISCONTINUED'],2025-08-30T09:02:45.069499+00:00,STNRD
05c59b8b0f5541c1894759a6160cdab7,USGS-09371010,63680,00011,2023-11-06T21:45:00+00:00,,_FNU,Provisional,['DISCONTINUED'],2025-08-30T09:02:45.069499+00:00,STNRD
05c59b8b0f5541c1894759a6160cdab7,USGS-09371010,63680,00011,2023-11-06T22:00:00+00:00,,_FNU,Provisional,['DISCONTINUED'],2025-08-30T09:02:45.069499+00:00,STNRD
05c59b8b0f5541c1894759a6160cdab7,USGS-09371010,63680,00011,2023-11-06T22:15:00+00:00,,_FNU,Provisional,['DISCONTINUED'],2025-08-30T09:02:45.069499+00:00,STNRD
05c59b8b0f5541c1894759a6160cdab7,USGS-09371010,63680,00011,2023-11-06T22:30:00+00:00,,_FNU,Provisional,['DISCONTINUED'],2025-08-30T09:02:45.069499+00:00,STNRD
05c59b8b0f5541c1894759a6160cdab7,USGS-09371010,63680,00011,2023-11-06T22:45:00+00:00,,_FNU,Provisional,['DISCONTINUED'],2025-08-30T09:02:45.069499+00:00,STNRD
05c59b8b0f5541c1894759a6160cdab7,USGS-09371010,63680,00011,2023-11-06T23:00:00+00:00,,_FNU,Provisional,['DISCONTINUED'],2025-08-30T09:02:45.069499+00:00,STNRD
05c59b8b0f5541c1894759a6160cdab7,USGS-09371010,63680,00011,2023-11-06T23:15:00+00:00,,_FNU,Provisional,['DISCONTINUED'],2025-08-30T09:02:45.069499+00:00,STNRD
05c59b8b0f5541c1894759a6160cdab7,USGS-09371010,63680,00011,2023-11-06T23:30:00+00:00,,_FNU,Provisional,['DISCONTINUED'],2025-08-30T09:02:45.069499+00:00,STNRD
05c59b8b0f5541c1894759a6160cdab7,USGS-09371010,63680,00011,2023-11-06T23:45:00+00:00,,_FNU,Provisional,['DISCONTINUED'],2025-08-30T09:02:45.069499+00:00,STNRD
05c59b8b0f5541c1894759a6160cdab7,USGS-09371010,63680,00011,2023-11-07T00:00:00+00:00,,_FNU,Provisional,['DISCONTINUED'],2025-08-30T09:02:45.069499+00:00,STNRD
05c59b8b0f5541c1894759a6160cdab7,USGS-09371010,63680,00011,2023-11-07T00:15:00+00:00,,_FNU,Provisional,['DISCONTINUED'],2025-08-30T09:02:45.069499+00:00,STNRD
05c59b8b0f5541c1894759a6160cdab7,USGS-09371010,63680,00011,2023-11-07T00:30:00+00:00,,_FNU,Provisional,['DISCONTINUED'],2025-08-30T09:02:45.069499+00:00,STNRD
05c59b8b0f5541c1894759a6160cdab7,USGS-09371010,63680,00011,2023-11-07T00:45:00+00:00,,_FNU,Provisional,['DISCONTINUED'],2025-08-30T09:02:45.069499+00:00,STNRD
05c59b8b0f5541c1894759a6160cdab7,USGS-09371010,63680,00011,2023-11-07T01:00:00+00:00,,_FNU,Provisional,['DISCONTINUED'],2025-08-30T09:02:45.069499+00:00,STNRD
05c59b8b0f5541c1894759a6160cdab7,USGS-09371010,63680,00011,2023-11-07T01:15:00+00:00,,_FNU,Provisional,['DISCONTINUED'],2025-08-30T09:02:45.069499+00:00,STNRD
05c59b8b0f5541c1894759a6160cdab7,USGS-09371010,63680,00011,2023-11-07T01:30:00+00:00,,_FNU,Provisional,['DISCONTINUED'],2025-08-30T09:02:45.069499+00:00,STNRD
05c59b8b0f5541c1894759a6160cdab7,USGS-09371010,63680,00011,2023-11-07T01:45:00+00:00,,_FNU,Provisional,['DISCONTINUED'],2025-08-30T09:02:45.069499+00:00,STNRD
05c59b8b0f5541c1894759a6160cdab7,USGS-09371010,63680,00011,2023-11-07T02:00:00+00:00,,_FNU,Provisional,['DISCONTINUED'],2025-08-30T09:02:45.069499+00:00,STNRD
05c59b8b0f5541c1894759a6160cdab7,USGS-09371010,63680,00011,2023-11-07T02:15:00+00:00,,_FNU,Provisional,['DISCONTINUED'],2025-08-30T09:02:45.069499+00:00,STNRD
05c59b8b0f5541c1894759a6160cdab7,USGS-09371010,63680,00011,2023-11-07T02:30:00+00:00,,_FNU,Provisional,['DISCONTINUED'],2025-08-30T09:02:45.069499+00:00,STNRD
05c59b8b0f5541c1894759a6160cdab7,USGS-09371010,63680,00011,2023-11-07T02:45:00+00:00,,_FNU,Provisional,['DISCONTINUED'],2025-08-30T09:02:45.069499+00:00,STNRD
05c59b8b0f5541c1894759a6160cdab7,USGS-09371010,63680,00011,2023-11-07T03:00:00+00:00,,_FNU,Provisional,['DISCONTINUED'],2025-08-30T09:02:45.069499+00:00,STNRD
05c59b8b0f5541c1894759a6160cdab7,USGS-09371010,63680,00011,2023-11-07T03:15:00+00:00,,_FNU,Provisional,['DISCONTINUED'],2025-08-30T09:02:45.069499+00:00,STNRD
05c59b8b0f5541c1894759a6160cdab7,USGS-09371010,63680,00011,2023-11-07T03:30:00+00:00,,_FNU,Provisional,['DISCONTINUED'],2025-08-30T09:02:45.069499+00:00,STNRD
05c59b8b0f5541c1894759a6160cdab7,USGS-09371010,63680,00011,2023-11-07T03:45:00+00:00,,_FNU,Provisional,['DISCONTINUED'],2025-08-30T09:02:45.069499+00:00,STNRD
05c59b8b0f5541c1894759a6160cdab7,USGS-09371010,63680,00011,2023-11-07T04:00:00+00:00,,_FNU,Provisional,['DISCONTINUED'],2025-08-30T09:02:45.069499+00:00,STNRD
05c59b8b0f5541c1894759a6160cdab7,USGS-09371010,63680,00011,2023-11-07T04:15:00+00:00,,_FNU,Provisional,['DISCONTINUED'],2025-08-30T09:02:45.069499+00:00,STNRD
05c59b8b0f5541c1894759a6160cdab7,USGS-09371010,63680,00011,2023-11-07T04:30:00+00:00,,_FNU,Provisional,['DISCONTINUED'],2025-08-30T09:02:45.069499+00:00,STNRD
05c59b8b0f5541c1894759a6160cdab7,USGS-09371010,63680,00011,2023-11-07T04:45:00+00:00,,_FNU,Provisional,['DISCONTINUED'],2025-08-30T09:02:45.069499+00:00,STNRD
05c59b8b0f5541c1894759a6160cdab7,USGS-09371010,63680,00011,2023-11-07T05:00:00+00:00,,_FNU,Provisional,['DISCONTINUED'],2025-08-30T09:02:45.069499+00:00,STNRD
05c59b8b0f5541c1894759a6160cdab7,USGS-09371010,63680,00011,2023-11-07T05:15:00+00:00,,_FNU,Provisional,['DISCONTINUED'],2025-08-30T09:02:45.069499+00:00,STNRD
05c59b8b0f5541c1894759a6160cdab7,USGS-09371010,63680,00011,2023-11-07T05:30:00+00:00,,_FNU,Provisional,['DISCONTINUED'],2025-08-30T09:02:45.069499+00:00,STNRD
05c59b8b0f5541c1894759a6160cdab7,USGS-09371010,63680,00011,2023-11-07T05:45:00+00:00,,_FNU,Provisional,['DISCONTINUED'],2025-08-30T09:02:45.069499+00:00,STNRD
05c59b8b0f5541c1894759a6160cdab7,USGS-09371010,63680,00011,2023-11-07T06:00:00+00:00,,_FNU,Provisional,['DISCONTINUED'],2025-08-30T09:02:45.069499+00:00,STNRD
05c59b8b0f5541c1894759a6160cdab7,USGS-09371010,63680,00011,2023-11-07T06:15:00+00:00,,_FNU,Provisional,['DISCONTINUED'],2025-08-30T09:02:45.069499+00:00,STNRD
05c59b8b0f5541c1894759a6160cdab7,USGS-09371010,63680,00011,2023-11-07T06:30:00+00:00,,_FNU,Provisional,['DISCONTINUED'],2025-08-30T09:02:45.069499+00:00,STNRD
05c59b8b0f5541c1894759a6160cdab7,USGS-09371010,63680,00011,2023-11-07T06:45:00+00:00,,_FNU,Provisional,['DISCONTINUED'],2025-08-30T09:02:45.069499+00:00,STNRD
05c59b8b0f5541c1894759a6160cdab7,USGS-09371010,63680,00011,2023-11-07T07:00:00+00:00,,_FNU,Provisional,['DISCONTINUED'],2025-08-30T09:02:45.069499+00:00,STNRD
05c59b8b0f5541c1894759a6160cdab7,USGS-09371010,63680,00011,2023-11-07T07:15:00+00:00,,_FNU,Provisional,['DISCONTINUED'],2025-08-30T09:02:45.069499+00:00,STNRD
05c59b8b0f5541c1894759a6160cdab7,USGS-09371010,63680,00011,2023-11-07T07:30:00+00:00,,_FNU,Provisional,['DISCONTINUED'],2025-08-30T09:02:45.069499+00:00,STNRD
05c59b8b0f5541c1894759a6160cdab7,USGS-09371010,63680,00011,2023-11-07T07:45:00+00:00,,_FNU,Provisional,['DISCONTINUED'],2025-08-30T09:02:45.069499+00:00,STNRD
05c59b8b0f5541c1894759a6160cdab7,USGS-09371010,63680,00011,2023-11-07T08:00:00+00:00,,_FNU,Provisional,['DISCONTINUED'],2025-08-30T09:02:45.069499+00:00,STNRD
05c59b8b0f5541c1894759a6160cdab7,USGS-09371010,63680,00011,2023-11-07T08:15:00+00:00,,_FNU,Provisional,['DISCONTINUED'],2025-08-30T09:02:45.069499+00:00,STNRD
05c59b8b0f5541c1894759a6160cdab7,USGS-09371010,63680,00011,2023-11-07T08:30:00+00:00,,_FNU,Provisional,['DISCONTINUED'],2025-08-30T09:02:45.069499+00:00,STNRD
05c59b8b0f5541c1894759a6160cdab7,USGS-09371010,63680,00011,2023-11-07T08:45:00+00:00,,_FNU,Provisional,['DISCONTINUED'],2025-08-30T09:02:45.069499+00:00,STNRD
05c59b8b0f5541c1894759a6160cdab7,USGS-09371010,63680,00011,2023-11-07T09:00:00+00:00,,_FNU,Provisional,['DISCONTINUED'],2025-08-30T09:02:45.069499+00:00,STNRD
05c59b8b0f5541c1894759a6160cdab7,USGS-09371010,63680,00011,2023-11-07T09:15:00+00:00,,_FNU,Provisional,['DISCONTINUED'],2025-08-30T09:02:45.069499+00:00,STNRD
05c59b8b0f5541c1894759a6160cdab7,USGS-09371010,63680,00011,2023-11-07T09:30:00+00:00,,_FNU,Provisional,['DISCONTINUED'],2025-08-30T09:02:45.069499+00:00,STNRD
05c59b8b0f5541c1894759a6160cdab7,USGS-09371010,63680,00011,2023-11-07T09:45:00+00:00,,_FNU,Provisional,['DISCONTINUED'],2025-08-30T09:02:45.069499+00:00,STNRD
05c59b8b0f5541c1894759a6160cdab7,USGS-09371010,63680,00011,2023-11-07T10:00:00+00:00,,_FNU,Provisional,['DISCONTINUED'],2025-08-30T09:02:45.069499+00:00,STNRD
05c59b8b0f5541c1894759a6160cdab7,USGS-09371010,63680,00011,2023-11-07T10:15:00+00:00,,_FNU,Provisional,['DISCONTINUED'],2025-08-30T09:02:45.069499+00:00,STNRD
05c59b8b0f5541c1894759a6160cdab7,USGS-09371010,63680,00011,2023-11-07T10:30:00+00:00,,_FNU,Provisional,['DISCONTINUED'],2025-08-30T09:02:45.069499+00:00,STNRD
05c59b8b0f5541c1894759a6160cdab7,USGS-09371010,63680,00011,2023-11-07T10:45:00+00:00,,_FNU,Provisional,['DISCONTINUED'],2025-08-30T09:02:45.069499+00:00,STNRD
05c59b8b0f5541c1894759a6160cdab7,USGS-09371010,63680,00011,2023-11-07T11:00:00+00:00,,_FNU,Provisional,['DISCONTINUED'],2025-08-30T09:02:45.069499+00:00,STNRD
05c59b8b0f5541c1894759a6160cdab7,USGS-09371010,63680,00011,2023-11-07T11:15:00+00:00,,_FNU,Provisional,['DISCONTINUED'],2025-08-30T09:02:45.069499+00:00,STNRD
05c59b8b0f5541c1894759a6160cdab7,USGS-09371010,63680,00011,2023-11-07T11:30:00+00:00,,_FNU,Provisional,['DISCONTINUED'],2025-08-30T09:02:45.069499+00:00,STNRD
05c59b8b0f5541c1894759a6160cdab7,USGS-09371010,63680,00011,2023-11-07T11:45:00+00:00,,_FNU,Provisional,['DISCONTINUED'],2025-08-30T09:02:45.069499+00:00,STNRD
05c59b8b0f5541c1894759a6160cdab7,USGS-09371010,63680,00011,2023-11-07T12:00:00+00:00,,_FNU,Provisional,['DISCONTINUED'],2025-08-30T09:02:45.069499+00:00,STNRD
05c59b8b0f5541c1894759a6160cdab7,USGS-09371010,63680,00011,2023-11-07T12:15:00+00:00,,_FNU,Provisional,['DISCONTINUED'],2025-08-30T09:02:45.069499+00:00,STNRD
05c59b8b0f5541c1894759a6160cdab7,USGS-09371010,63680,00011,2023-11-07T12:30:00+00:00,,_FNU,Provisional,['DISCONTINUED'],2025-08-30T09:02:45.069499+00:00,STNRD
05c59b8b0f5541c1894759a6160cdab7,USGS-09371010,63680,00011,2023-11-07T12:45:00+00:00,,_FNU,Provisional,['DISCONTINUED'],2025-08-30T09:02:45.069499+00:00,STNRD
05c59b8b0f5541c1894759a6160cdab7,USGS-09371010,63680,00011,2023-11-07T13:00:00+00:00,,_FNU,Provisional,['DISCONTINUED'],2025-08-30T09:02:45.069499+00:00,STNRD
05c59b8b0f5541c1894759a6160cdab7,USGS-09371010,63680,00011,2023-11-07T13:15:00+00:00,,_FNU,Provisional,['DISCONTINUED'],2025-08-30T09:02:45.069499+00:00,STNRD
05c59b8b0f5541c1894759a6160cdab7,USGS-09371010,63680,00011,2023-11-07T13:30:00+00:00,,_FNU,Provisional,['DISCONTINUED'],2025-08-30T09:02:45.069499+00:00,STNRD
05c59b8b0f5541c1894759a6160cdab7,USGS-09371010,63680,00011,2023-11-07T13:45:00+00:00,,_FNU,Provisional,['DISCONTINUED'],2025-08-30T09:02:45.069499+00:00,STNRD
05c59b8b0f5541c1894759a6160cdab7,USGS-09371010,63680,00011,2023-11-07T14:00:00+00:00,,_FNU,Provisional,['DISCONTINUED'],2025-08-30T09:02:45.069499+00:00,STNRD
05c59b8b0f5541c1894759a6160cdab7,USGS-09371010,63680,00011,2023-11-07T14:15:00+00:00,,_FNU,Provisional,['DISCONTINUED'],2025-08-30T09:02:45.069499+00:00,STNRD
05c59b8b0f5541c1894759a6160cdab7,USGS-09371010,63680,00011,2023-11-07T14:30:00+00:00,,_FNU,Provisional,['DISCONTINUED'],2025-08-30T09:02:45.069499+00:00,STNRD
05c59b8b0f5541c1894759a6160cdab7,USGS-09371010,63680,00011,2023-11-07T14:45:00+00:00,,_FNU,Provisional,['DISCONTINUED'],2025-08-30T09:02:45.069499+00:00,STNRD
05c59b8b0f5541c1894759a6160cdab7,USGS-09371010,63680,00011,2023-11-07T15:00:00+00:00,,_FNU,Provisional,['DISCONTINUED'],2025-08-30T09:02:45.069499+00:00,STNRD
05c59b8b0f5541c1894759a6160cdab7,USGS-09371010,63680,00011,2023-11-07T15:15:00+00:00,,_FNU,Provisional,['DISCONTINUED'],2025-08-30T09:02:45.069499+00:00,STNRD
05c59b8b0f5541c1894759a6160cdab7,USGS-09371010,63680,00011,2023-11-07T15:30:00+00:00,,_FNU,Provisional,['DISCONTINUED'],2025-08-30T09:02:45.069499+00:00,STNRD
05c59b8b0f5541c1894759a6160cdab7,USGS-09371010,63680,00011,2023-11-07T15:45:00+00:00,,_FNU,Provisional,['DISCONTINUED'],2025-08-30T09:02:45.069499+00:00,STNRD
05c59b8b0f5541c1894759a6160cdab7,USGS-09371010,63680,00011,2023-11-07T16:00:00+00:00,,_FNU,Provisional,['DISCONTINUED'],2025-08-30T09:02:45.069499+00:00,STNRD
05c59b8b0f5541c1894759a6160cdab7,USGS-09371010,63680,00011,2023-11-07T16:15:00+00:00,,_FNU,Provisional,['DISCONTINUED'],2025-08-30T09:02:45.069499+00:00,STNRD
05c59b8b0f5541c1894759a6160cdab7,USGS-09371010,63680,00011,2023-11-07T16:30:00+00:00,,_FNU,Provisional,['DISCONTINUED'],2025-08-30T09:02:45.069499+00:00,STNRD
05c59b8b0f5541c1894759a6160cdab7,USGS-09371010,63680,00011,2023-11-07T16:45:00+00:00,,_FNU,Provisional,['DISCONTINUED'],2025-08-30T09:02:45.069499+00:00,STNRD
05c59b8b0f5541c1894759a6160cdab7,USGS-09371010,63680,00011,2023-11-07T17:00:00+00:00,,_FNU,Provisional,['DISCONTINUED'],2025-08-30T09:02:45.069499+00:00,STNRD
05c59b8b0f5541c1894759a6160cdab7,USGS-09371010,63680,00011,2023-11-07T17:15:00+00:00,,_FNU,Provisional,['DISCONTINUED'],2025-08-30T09:02:45.069499+00:00,STNRD
05c59b8b0f5541c1894759a6160cdab7,USGS-09371010,63680,00011,2023-11-07T17:30:00+00:00,,_FNU,Provisional,['DISCONTINUED'],2025-08-30T09:02:45.069499+00:00,STNRD
05c59b8b0f5541c1894759a6160cdab7,USGS-09371010,63680,00011,2023-11-07T17:45:00+00:00,,_FNU,Provisional,['DISCONTINUED'],2025-08-30T09:02:45.069499+00:00,STNRD
05c59b8b0f5541c1894759a6160cdab7,USGS-09371010,63680,00011,2023-11-07T18:00:00+00:00,,_FNU,Provisional,['DISCONTINUED'],2025-08-30T09:02:45.069499+00:00,STNRD
05c59b8b0f5541c1894759a6160cdab7,USGS-09371010,63680,00011,2023-11-07T18:15:00+00:00,,_FNU,Provisional,['DISCONTINUED'],2025-08-30T09:02:45.069499+00:00,STNRD
05c59b8b0f5541c1894759a6160cdab7,USGS-09371010,63680,00011,2023-11-07T18:30:00+00:00,,_FNU,Provisional,['DISCONTINUED'],2025-08-30T09:02:45.069499+00:00,STNRD
05c59b8b0f5541c1894759a6160cdab7,USGS-09371010,63680,00011,2023-11-07T18:45:00+00:00,,_FNU,Provisional,['DISCONTINUED'],2025-08-30T09:02:45.069499+00:00,STNRD
05c59b8b0f5541c1894759a6160cdab7,USGS-09371010,63680,00011,2023-11-07T19:00:00+00:00,,_FNU,Provisional,['DISCONTINUED'],2025-08-30T09:02:45.069499+00:00,STNRD
05c59b8b0f5541c1894759a6160cdab7,USGS-09371010,63680,00011,2023-11-07T19:15:00+00:00,,_FNU,Provisional,['DISCONTINUED'],2025-08-30T09:02:45.069499+00:00,STNRD
05c59b8b0f5541c1894759a6160cdab7,USGS-09371010,63680,00011,2023-11-07T19:30:00+00:00,,_FNU,Provisional,['DISCONTINUED'],2025-08-30T09:02:45.069499+00:00,STNRD
05c59b8b0f5541c1894759a6160cdab7,USGS-09371010,63680,00011,2023-11-07T19:45:00+00:00,,_FNU,Provisional,['DISCONTINUED'],2025-08-30T09:02:45.069499+00:00,STNRD
05c59b8b0f5541c1894759a6160cdab7,USGS-09371010,63680,00011,2023-11-07T20:00:00+00:00,,_FNU,Provisional,['DISCONTINUED'],2025-08-30T09:02:45.069499+00:00,STNRD
05c59b8b0f5541c1894759a6160cdab7,USGS-09371010,63680,00011,2023-11-07T20:15:00+00:00,,_FNU,Provisional,['DISCONTINUED'],2025-08-30T09:02:45.069499+00:00,STNRD
05c59b8b0f5541c1894759a6160cdab7,USGS-09371010,63680,00011,2023-11-07T20:30:00+00:00,,_FNU,Provisional,['DISCONTINUED'],2025-08-30T09:02:45.069499+00:00,STNRD
05c59b8b0f5541c1894759a6160cdab7,USGS-09371010,63680,00011,2023-11-07T20:45:00+00:00,,_FNU,Provisional,['DISCONTINUED'],2025-08-30T09:02:45.069499+00:00,STNRD
05c59b8b0f5541c1894759a6160cdab7,USGS-09371010,63680,00011,2023-11-07T21:00:00+00:00,,_FNU,Provisional,['DISCONTINUED'],2025-08-30T09:02:45.069499+00:00,STNRD
05c59b8b0f5541c1894759a6160cdab7,USGS-09371010,63680,00011,2023-11-07T21:15:00+00:00,,_FNU,Provisional,['DISCONTINUED'],2025-08-30T09:02:45.069499+00:00,STNRD
05c59b8b0f5541c1894759a6160cdab7,USGS-09371010,63680,00011,2023-11-07T21:30:00+00:00,,_FNU,Provisional,['DISCONTINUED'],2025-08-30T09:02:45.069499+00:00,STNRD
05c59b8b0f5541c1894759a6160cdab7,USGS-09371010,63680,00011,2023-11-07T21:45:00+00:00,,_FNU,Provisional,['DISCONTINUED'],2025-08-30T09:02:45.069499+00:00,STNRD
05c59b8b0f5541c1894759a6160cdab7,USGS-09371010,63680,00011,2023-11-07T22:00:00+00:00,,_FNU,Provisional,['DISCONTINUED'],2025-08-30T09:02:45.069499+00:00,STNRD
05c59b8b0f5541c1894759a6160cdab7,USGS-09371010,63680,00011,2023-11-07T22:15:00+00:00,,_FNU,Provisional,['DISCONTINUED'],2025-08-30T09:02:45.069499+00:00,STNRD
05c59b8b0f5541c1894759a6160cdab7,USGS-09371010,63680,00011,2023-11-07T22:30:00+00:00,,_FNU,Provisional,['DISCONTINUED'],2025-08-30T09:02:45.069499+00:00,STNRD
05c59b8b0f5541c1894759a6160cdab7,USGS-09371010,63680,00011,2023-11-07T22:45:00+00:00,,_FNU,Provisional,['DISCONTINUED'],2025-08-30T09:02:45.069499+00:00,STNRD
05c59b8b0f5541c1894759a6160cdab7,USGS-09371010,63680,00011,2023-11-07T23:00:00+00:00,,_FNU,Provisional,['DISCONTINUED'],2025-08-30T09:02:45.069499+00:00,STNRD
05c59b8b0f5541c1894759a6160cdab7,USGS-09371010,63680,00011,2023-11-07T23:15:00+00:00,,_FNU,Provisional,['DISCONTINUED'],2025-08-30T09:02:45.069499+00:00,STNRD
05c59b8b0f5541c1894759a6160cdab7,USGS-09371010,63680,00011,2023-11-07T23:30:00+00:00,,_FNU,Provisional,['DISCONTINUED'],2025-08-30T09:02:45.069499+00:00,STNRD
05c59b8b0f5541c1894759a6160cdab7,USGS-09371010,63680,00011,2023-11-07T23:45:00+00:00,,_FNU,Provisional,['DISCONTINUED'],2025-08-30T09:02:45.069499+00:00,STNRD
05c59b8b0f5541c1894759a6160cdab7,USGS-09371010,63680,00011,2023-11-08T00:00:00+00:00,,_FNU,Provisional,['DISCONTINUED'],2025-08-30T09:02:45.069499+00:00,STNRD
05c59b8b0f5541c1894759a6160cdab7,USGS-09371010,63680,00011,2023-11-08T00:15:00+00:00,,_FNU,Provisional,['DISCONTINUED'],2025-08-30T09:02:45.069499+00:00,STNRD
05c59b8b0f5541c1894759a6160cdab7,USGS-09371010,63680,00011,2023-11-08T00:30:00+00:00,,_FNU,Provisional,['DISCONTINUED'],2025-08-30T09:02:45.069499+00:00,STNRD
05c59b8b0f5541c1894759a6160cdab7,USGS-09371010,63680,00011,2023-11-08T00:45:00+00:00,,_FNU,Provisional,['DISCONTINUED'],2025-08-30T09:02:45.069499+00:00,STNRD
05c59b8b0f5541c1894759a6160cdab7,USGS-09371010,63680,00011,2023-11-08T01:00:00+00:00,,_FNU,Provisional,['DISCONTINUED'],2025-08-30T09:02:45.069499+00:00,STNRD
05c59b8b0f5541c1894759a6160cdab7,USGS-09371010,63680,00011,2023-11-08T01:15:00+00:00,,_FNU,Provisional,['DISCONTINUED'],2025-08-30T09:02:45.069499+00:00,STNRD
05c59b8b0f5541c1894759a6160cdab7,USGS-09371010,63680,00011,2023-11-08T01:30:00+00:00,,_FNU,Provisional,['DISCONTINUED'],2025-08-30T09:02:45.069499+00:00,STNRD
05c59b8b0f5541c1894759a6160cdab7,USGS-09371010,63680,00011,2023-11-08T01:45:00+00:00,,_FNU,Provisional,['DISCONTINUED'],2025-08-30T09:02:45.069499+00:00,STNRD
05c59b8b0f5541c1894759a6160cdab7,USGS-09371010,63680,00011,2023-11-08T02:00:00+00:00,,_FNU,Provisional,['DISCONTINUED'],2025-08-30T09:02:45.069499+00:00,STNRD
05c59b8b0f5541c1894759a6160cdab7,USGS-09371010,63680,00011,2023-11-08T02:15:00+00:00,,_FNU,Provisional,['DISCONTINUED'],2025-08-30T09:02:45.069499+00:00,STNRD
05c59b8b0f5541c1894759a6160cdab7,USGS-09371010,63680,00011,2023-11-08T02:30:00+00:00,,_FNU,Provisional,['DISCONTINUED'],2025-08-30T09:02:45.069499+00:00,STNRD
05c59b8b0f5541c1894759a6160cdab7,USGS-09371010,63680,00011,2023-11-08T02:45:00+00:00,,_FNU,Provisional,['DISCONTINUED'],2025-08-30T09:02:45.069499+00:00,STNRD
05c59b8b0f5541c1894759a6160cdab7,USGS-09371010,63680,00011,2023-11-08T03:00:00+00:00,,_FNU,Provisional,['DISCONTINUED'],2025-08-30T09:02:45.069499+00:00,STNRD
05c59b8b0f5541c1894759a6160cdab7,USGS-09371010,63680,00011,2023-11-08T03:15:00+00:00,,_FNU,Provisional,['DISCONTINUED'],2025-08-30T09:02:45.069499+00:00,STNRD
05c59b8b0f5541c1894759a6160cdab7,USGS-09371010,63680,00011,2023-11-08T03:30:00+00:00,,_FNU,Provisional,['DISCONTINUED'],2025-08-30T09:02:45.069499+00:00,STNRD
05c59b8b0f5541c1894759a6160cdab7,USGS-09371010,63680,00011,2023-11-08T03:45:00+00:00,,_FNU,Provisional,['DISCONTINUED'],2025-08-30T09:02:45.069499+00:00,STNRD
05c59b8b0f5541c1894759a6160cdab7,USGS-09371010,63680,00011,2023-11-08T04:00:00+00:00,,_FNU,Provisional,['DISCONTINUED'],2025-08-30T09:02:45.069499+00:00,STNRD
05c59b8b0f5541c1894759a6160cdab7,USGS-09371010,63680,00011,2023-11-08T04:15:00+00:00,,_FNU,Provisional,['DISCONTINUED'],2025-08-30T09:02:45.069499+00:00,STNRD
05c59b8b0f5541c1894759a6160cdab7,USGS-09371010,63680,00011,2023-11-08T04:30:00+00:00,,_FNU,Provisional,['DISCONTINUED'],2025-08-30T09:02:45.069499+00:00,STNRD
05c59b8b0f5541c1894759a6160cdab7,USGS-09371010,63680,00011,2023-11-08T04:45:00+00:00,,_FNU,Provisional,['DISCONTINUED'],2025-08-30T09:02:45.069499+00:00,STNRD
05c59b8b0f5541c1894759a6160cdab7,USGS-09371010,63680,00011,2023-11-08T05:00:00+00:00,,_FNU,Provisional,['DISCONTINUED'],2025-08-30T09:02:45.069499+00:00,STNRD
05c59b8b0f5541c1894759a6160cdab7,USGS-09371010,63680,00011,2023-11-08T05:15:00+00:00,,_FNU,Provisional,['DISCONTINUED'],2025-08-30T09:02:45.069499+00:00,STNRD
05c59b8b0f5541c1894759a6160cdab7,USGS-09371010,63680,00011,2023-11-08T05:30:00+00:00,,_FNU,Provisional,['DISCONTINUED'],2025-08-30T09:02:45.069499+00:00,STNRD
05c59b8b0f5541c1894759a6160cdab7,USGS-09371010,63680,00011,2023-11-08T05:45:00+00:00,,_FNU,Provisional,['DISCONTINUED'],2025-08-30T09:02:45.069499+00:00,STNRD
05c59b8b0f5541c1894759a6160cdab7,USGS-09371010,63680,00011,2023-11-08T06:00:00+00:00,,_FNU,Provisional,['DISCONTINUED'],2025-08-30T09:02:45.069499+00:00,STNRD
05c59b8b0f5541c1894759a6160cdab7,USGS-09371010,63680,00011,2023-11-08T06:15:00+00:00,,_FNU,Provisional,['DISCONTINUED'],2025-08-30T09:02:45.069499+00:00,STNRD
05c59b8b0f5541c1894759a6160cdab7,USGS-09371010,63680,00011,2023-11-08T06:30:00+00:00,,_FNU,Provisional,['DISCONTINUED'],2025-08-30T09:02:45.069499+00:00,STNRD
05c59b8b0f5541c1894759a6160cdab7,USGS-09371010,63680,00011,2023-11-08T06:45:00+00:00,,_FNU,Provisional,['DISCONTINUED'],2025-08-30T09:02:45.069499+00:00,STNRD
05c59b8b0f5541c1894759a6160cdab7,USGS-09371010,63680,00011,2023-11-08T07:00:00+00:00,,_FNU,Provisional,['DISCONTINUED'],2025-08-30T09:02:45.069499+00:00,STNRD
05c59b8b0f5541c1894759a6160cdab7,USGS-09371010,63680,00011,2023-11-08T07:15:00+00:00,,_FNU,Provisional,['DISCONTINUED'],2025-08-30T09:02:45.069499+00:00,STNRD
05c59b8b0f5541c1894759a6160cdab7,USGS-09371010,63680,00011,2023-11-08T07:30:00+00:00,,_FNU,Provisional,['DISCONTINUED'],2025-08-30T09:02:45.069499+00:00,STNRD
05c59b8b0f5541c1894759a6160cdab7,USGS-09371010,63680,00011,2023-11-08T07:45:00+00:00,,_FNU,Provisional,['DISCONTINUED'],2025-08-30T09:02:45.069499+00:00,STNRD
05c59b8b0f5541c1894759a6160cdab7,USGS-09371010,63680,00011,2023-11-08T08:00:00+00:00,,_FNU,Provisional,['DISCONTINUED'],2025-08-30T09:02:45.069499+00:00,STNRD
05c59b8b0f5541c1894759a6160cdab7,USGS-09371010,63680,00011,2023-11-08T08:15:00+00:00,,_FNU,Provisional,['DISCONTINUED'],2025-08-30T09:02:45.069499+00:00,STNRD
05c59b8b0f5541c1894759a6160cdab7,USGS-09371010,63680,00011,2023-11-08T08:30:00+00:00,,_FNU,Provisional,['DISCONTINUED'],2025-08-30T09:02:45.069499+00:00,STNRD
05c59b8b0f5541c1894759a6160cdab7,USGS-09371010,63680,00011,2023-11-08T08:45:00+00:00,,_FNU,Provisional,['DISCONTINUED'],2025-08-30T09:02:45.069499+00:00,STNRD
05c59b8b0f5541c1894759a6160cdab7,USGS-09371010,63680,00011,2023-11-08T09:00:00+00:00,,_FNU,Provisional,['DISCONTINUED'],2025-08-30T09:02:45.069499+00:00,STNRD
05c59b8b0f5541c1894759a6160cdab7,USGS-09371010,63680,00011,2023-11-08T09:15:00+00:00,,_FNU,Provisional,['DISCONTINUED'],2025-08-30T09:02:45.069499+00:00,STNRD
05c59b8b0f5541c1894759a6160cdab7,USGS-09371010,63680,00011,2023-11-08T09:30:00+00:00,,_FNU,Provisional,['DISCONTINUED'],2025-08-30T09:02:45.069499+00:00,STNRD
05c59b8b0f5541c1894759a6160cdab7,USGS-09371010,63680,00011,2023-11-08T09:45:00+00:00,,_FNU,Provisional,['DISCONTINUED'],2025-08-30T09:02:45.069499+00:00,STNRD
05c59b8b0f5541c1894759a6160cdab7,USGS-09371010,63680,00011,2023-11-08T10:00:00+00:00,,_FNU,Provisional,['DISCONTINUED'],2025-08-30T09:02:45.069499+00:00,STNRD
05c59b8b0f5541c1894759a6160cdab7,USGS-09371010,63680,00011,2023-11-08T10:15:00+00:00,,_FNU,Provisional,['DISCONTINUED'],2025-08-30T09:02:45.069499+00:00,STNRD
05c59b8b0f5541c1894759a6160cdab7,USGS-09371010,63680,00011,2023-11-08T10:30:00+00:00,,_FNU,Provisional,['DISCONTINUED'],2025-08-30T09:02:45.069499+00:00,STNRD
05c59b8b0f5541c1894759a6160cdab7,USGS-09371010,63680,00011,2023-11-08T10:45:00+00:00,,_FNU,Provisional,['DISCONTINUED'],2025-08-30T09:02:45.069499+00:00,STNRD
05c59b8b0f5541c1894759a6160cdab7,USGS-09371010,63680,00011,2023-11-08T11:00:00+00:00,,_FNU,Provisional,['DISCONTINUED'],2025-08-30T09:02:45.069499+00:00,STNRD
05c59b8b0f5541c1894759a6160cdab7,USGS-09371010,63680,00011,2023-11-08T11:15:00+00:00,,_FNU,Provisional,['DISCONTINUED'],2025-08-30T09:02:45.069499+00:00,STNRD
05c59b8b0f5541c1894759a6160cdab7,USGS-09371010,63680,00011,2023-11-08T11:30:00+00:00,,_FNU,Provisional,['DISCONTINUED'],2025-08-30T09:02:45.069499+00:00,STNRD
05c59b8b0f5541c1894759a6160cdab7,USGS-09371010,63680,00011,2023-11-08T11:45:00+00:00,,_FNU,Provisional,['DISCONTINUED'],2025-08-30T09:02:45.069499+00:00,STNRD
05c59b8b0f5541c1894759a6160cdab7,USGS-09371010,63680,00011,2023-11-08T12:00:00+00:00,,_FNU,Provisional,['DISCONTINUED'],2025-08-30T09:02:45.069499+00:00,STNRD
05c59b8b0f5541c1894759a6160cdab7,USGS-09371010,63680,00011,2023-11-08T12:15:00+00:00,,_FNU,Provisional,['DISCONTINUED'],2025-08-30T09:02:45.069499+00:00,STNRD
05c59b8b0f5541c1894759a6160cdab7,USGS-09371010,63680,00011,2023-11-08T12:30:00+00:00,,_FNU,Provisional,['DISCONTINUED'],2025-08-30T09:02:45.069499+00:00,STNRD
05c59b8b0f5541c1894759a6160cdab7,USGS-09371010,63680,00011,2023-11-08T12:45:00+00:00,,_FNU,Provisional,['DISCONTINUED'],2025-08-30T09:02:45.069499+00:00,STNRD
05c59b8b0f5541c1894759a6160cdab7,USGS-09371010,63680,00011,2023-11-08T13:00:00+00:00,,_FNU,Provisional,['DISCONTINUED'],2025-08-30T09:02:45.069499+00:00,STNRD
05c59b8b0f5541c1894759a6160cdab7,USGS-09371010,63680,00011,2023-11-08T13:15:00+00:00,,_FNU,Provisional,['DISCONTINUED'],2025-08-30T09:02:45.069499+00:00,STNRD
05c59b8b0f5541c1894759a6160cdab7,USGS-09371010,63680,00011,2023-11-08T13:30:00+00:00,,_FNU,Provisional,['DISCONTINUED'],2025-08-30T09:02:45.069499+00:00,STNRD
05c59b8b0f5541c1894759a6160cdab7,USGS-09371010,63680,00011,2023-11-08T13:45:00+00:00,,_FNU,Provisional,['DISCONTINUED'],2025-08-30T09:02:45.069499+00:00,STNRD
05c59b8b0f5541c1894759a6160cdab7,USGS-09371010,63680,00011,2023-11-08T14:00:00+00:00,,_FNU,Provisional,['DISCONTINUED'],2025-08-30T09:02:45.069499+00:00,STNRD
05c59b8b0f5541c1894759a6160cdab7,USGS-09371010,63680,00011,2023-11-08T14:15:00+00:00,,_FNU,Provisional,['DISCONTINUED'],2025-08-30T09:02:45.069499+00:00,STNRD
05c59b8b0f5541c1894759a6160cdab7,USGS-09371010,63680,00011,2023-11-08T14:30:00+00:00,,_FNU,Provisional,['DISCONTINUED'],2025-08-30T09:02:45.069499+00:00,STNRD
05c59b8b0f5541c1894759a6160cdab7,USGS-09371010,63680,00011,2023-11-08T14:45:00+00:00,,_FNU,Provisional,['DISCONTINUED'],2025-08-30T09:02:45.069499+00:00,STNRD
05c59b8b0f5541c1894759a6160cdab7,USGS-09371010,63680,00011,2023-11-08T15:00:00+00:00,,_FNU,Provisional,['DISCONTINUED'],2025-08-30T09:02:45.069499+00:00,STNRD
05c59b8b0f5541c1894759a6160cdab7,USGS-09371010,63680,00011,2023-11-08T15:15:00+00:00,,_FNU,Provisional,['DISCONTINUED'],2025-08-30T09:02:45.069499+00:00,STNRD
05c59b8b0f5541c1894759a6160cdab7,USGS-09371010,63680,00011,2023-11-08T15:30:00+00:00,,_FNU,Provisional,['DISCONTINUED'],2025-08-30T09:02:45.069499+00:00,STNRD
05c59b8b0f5541c1894759a6160cdab7,USGS-09371010,63680,00011,2023-11-08T15:45:00+00:00,,_FNU,Provisional,['DISCONTINUED'],2025-08-30T09:02:45.069499+00:00,STNRD
05c59b8b0f5541c1894759a6160cdab7,USGS-09371010,63680,00011,2023-11-08T16:00:00+00:00,,_FNU,Provisional,['DISCONTINUED'],2025-08-30T09:02:45.069499+00:00,STNRD
05c59b8b0f5541c1894759a6160cdab7,USGS-09371010,63680,00011,2023-11-08T16:15:00+00:00,,_FNU,Provisional,['DISCONTINUED'],2025-08-30T09:02:45.069499+00:00,STNRD
05c59b8b0f5541c1894759a6160cdab7,USGS-09371010,63680,00011,2023-11-08T16:30:00+00:00,,_FNU,Provisional,['DISCONTINUED'],2025-08-30T09:02:45.069499+00:00,STNRD
05c59b8b0f5541c1894759a6160cdab7,USGS-09371010,63680,00011,2023-11-08T16:45:00+00:00,,_FNU,Provisional,['DISCONTINUED'],2025-08-30T09:02:45.069499+00:00,STNRD
05c59b8b0f5541c1894759a6160cdab7,USGS-09371010,63680,00011,2023-11-08T17:00:00+00:00,,_FNU,Provisional,['DISCONTINUED'],2025-08-30T09:02:45.069499+00:00,STNRD
05c59b8b0f5541c1894759a6160cdab7,USGS-09371010,63680,00011,2023-11-08T17:15:00+00:00,,_FNU,Provisional,['DISCONTINUED'],2025-08-30T09:02:45.069499+00:00,STNRD
05c59b8b0f5541c1894759a6160cdab7,USGS-09371010,63680,00011,2023-11-08T17:30:00+00:00,,_FNU,Provisional,['DISCONTINUED'],2025-08-30T09:02:45.069499+00:00,STNRD
05c59b8b0f5541c1894759a6160cdab7,USGS-09371010,63680,00011,2023-11-08T17:45:00+00:00,,_FNU,Provisional,['DISCONTINUED'],2025-08-30T09:02:45.069499+00:00,STNRD
05c59b8b0f5541c1894759a6160cdab7,USGS-09371010,63680,00011,2023-11-08T18:00:00+00:00,,_FNU,Provisional,['DISCONTINUED'],2025-08-30T09:02:45.069499+00:00,STNRD
05c59b8b0f5541c1894759a6160cdab7,USGS-09371010,63680,00011,2023-11-08T18:15:00+00:00,,_FNU,Provisional,['DISCONTINUED'],2025-08-30T09:02:45.069499+00:00,STNRD
05c59b8b0f5541c1894759a6160cdab7,USGS-09371010,63680,00011,2023-11-08T18:30:00+00:00,,_FNU,Provisional,['DISCONTINUED'],2025-08-30T09:02:45.069499+00:00,STNRD
05c59b8b0f5541c1894759a6160cdab7,USGS-09371010,63680,00011,2023-11-08T18:45:00+00:00,,_FNU,Provisional,['DISCONTINUED'],2025-08-30T09:02:45.069499+00:00,STNRD
05c59b8b0f5541c1894759a6160cdab7,USGS-09371010,63680,00011,2023-11-08T19:00:00+00:00,,_FNU,Provisional,['DISCONTINUED'],2025-08-30T09:02:45.069499+00:00,STNRD
05c59b8b0f5541c1894759a6160cdab7,USGS-09371010,63680,00011,2023-11-08T19:15:00+00:00,,_FNU,Provisional,['DISCONTINUED'],2025-08-30T09:02:45.069499+00:00,STNRD
05c59b8b0f5541c1894759a6160cdab7,USGS-09371010,63680,00011,2023-11-08T19:30:00+00:00,,_FNU,Provisional,['DISCONTINUED'],2025-08-30T09:02:45.069499+00:00,STNRD
05c59b8b0f5541c1894759a6160cdab7,USGS-09371010,63680,00011,2023-11-08T19:45:00+00:00,,_FNU,Provisional,['DISCONTINUED'],2025-08-30T09:02:45.069499+00:00,STNRD
05c59b8b0f5541c1894759a6160cdab7,USGS-09371010,63680,00011,2023-11-08T20:00:00+00:00,,_FNU,Provisional,['DISCONTINUED'],2025-08-30T09:02:45.069499+00:00,STNRD
05c59b8b0f5541c1894759a6160cdab7,USGS-09371010,63680,00011,2023-11-08T20:15:00+00:00,,_FNU,Provisional,['DISCONTINUED'],2025-08-30T09:02:45.069499+00:00,STNRD
05c59b8b0f5541c1894759a6160cdab7,USGS-09371010,63680,00011,2023-11-08T20:30:00+00:00,,_FNU,Provisional,['DISCONTINUED'],2025-08-30T09:02:45.069499+00:00,STNRD
05c59b8b0f5541c1894759a6160cdab7,USGS-09371010,63680,00011,2023-11-08T20:45:00+00:00,,_FNU,Provisional,['DISCONTINUED'],2025-08-30T09:02:45.069499+00:00,STNRD
05c59b8b0f5541c1894759a6160cdab7,USGS-09371010,63680,00011,2023-11-08T21:00:00+00:00,,_FNU,Provisional,['DISCONTINUED'],2025-08-30T09:02:45.069499+00:00,STNRD
05c59b8b0f5541c1894759a6160cdab7,USGS-09371010,63680,00011,2023-11-08T21:15:00+00:00,,_FNU,Provisional,['DISCONTINUED'],2025-08-30T09:02:45.069499+00:00,STNRD
05c59b8b0f5541c1894759a6160cdab7,USGS-09371010,63680,00011,2023-11-08T21:30:00+00:00,,_FNU,Provisional,['DISCONTINUED'],2025-08-30T09:02:45.069499+00:00,STNRD
05c59b8b0f5541c1894759a6160cdab7,USGS-09371010,63680,00011,2023-11-08T21:45:00+00:00,,_FNU,Provisional,['DISCONTINUED'],2025-08-30T09:02:45.069499+00:00,STNRD
05c59b8b0f5541c1894759a6160cdab7,USGS-09371010,63680,00011,2023-11-08T22:00:00+00:00,,_FNU,Provisional,['DISCONTINUED'],2025-08-30T09:02:45.069499+00:00,STNRD
05c59b8b0f5541c1894759a6160cdab7,USGS-09371010,63680,00011,2023-11-08T22:15:00+00:00,,_FNU,Provisional,['DISCONTINUED'],2025-08-30T09:02:45.069499+00:00,STNRD
05c59b8b0f5541c1894759a6160cdab7,USGS-09371010,63680,00011,2023-11-08T22:30:00+00:00,,_FNU,Provisional,['DISCONTINUED'],2025-08-30T09:02:45.069499+00:00,STNRD
05c59b8b0f5541c1894759a6160cdab7,USGS-09371010,63680,00011,2023-11-08T22:45:00+00:00,,_FNU,Provisional,['DISCONTINUED'],2025-08-30T09:02:45.069499+00:00,STNRD
05c59b8b0f5541c1894759a6160cdab7,USGS-09371010,63680,00011,2023-11-08T23:00:00+00:00,,_FNU,Provisional,['DISCONTINUED'],2025-08-30T09:02:45.069499+00:00,STNRD
05c59b8b0f5541c1894759a6160cdab7,USGS-09371010,63680,00011,2023-11-08T23:15:00+00:00,,_FNU,Provisional,['DISCONTINUED'],2025-08-30T09:02:45.069499+00:00,STNRD
05c59b8b0f5541c1894759a6160cdab7,USGS-09371010,63680,00011,2023-11-08T23:30:00+00:00,,_FNU,Provisional,['DISCONTINUED'],2025-08-30T09:02:45.069499+00:00,STNRD
05c59b8b0f5541c1894759a6160cdab7,USGS-09371010,63680,00011,2023-11-08T23:45:00+00:00,,_FNU,Provisional,['DISCONTINUED'],2025-08-30T09:02:45.069499+00:00,STNRD
05c59b8b0f5541c1894759a6160cdab7,USGS-09371010,63680,00011,2023-11-09T00:00:00+00:00,,_FNU,Provisional,['DISCONTINUED'],2025-08-30T09:02:45.069499+00:00,STNRD
05c59b8b0f5541c1894759a6160cdab7,USGS-09371010,63680,00011,2023-11-09T00:15:00+00:00,,_FNU,Provisional,['DISCONTINUED'],2025-08-30T09:02:45.069499+00:00,STNRD
05c59b8b0f5541c1894759a6160cdab7,USGS-09371010,63680,00011,2023-11-09T00:30:00+00:00,,_FNU,Provisional,['DISCONTINUED'],2025-08-30T09:02:45.069499+00:00,STNRD
05c59b8b0f5541c1894759a6160cdab7,USGS-09371010,63680,00011,2023-11-09T00:45:00+00:00,,_FNU,Provisional,['DISCONTINUED'],2025-08-30T09:02:45.069499+00:00,STNRD
05c59b8b0f5541c1894759a6160cdab7,USGS-09371010,63680,00011,2023-11-09T01:00:00+00:00,,_FNU,Provisional,['DISCONTINUED'],2025-08-30T09:02:45.069499+00:00,STNRD
05c59b8b0f5541c1894759a6160cdab7,USGS-09371010,63680,00011,2023-11-09T01:15:00+00:00,,_FNU,Provisional,['DISCONTINUED'],2025-08-30T09:02:45.069499+00:00,STNRD
05c59b8b0f5541c1894759a6160cdab7,USGS-09371010,63680,00011,2023-11-09T01:30:00+00:00,,_FNU,Provisional,['DISCONTINUED'],2025-08-30T09:02:45.069499+00:00,STNRD
05c59b8b0f5541c1894759a6160cdab7,USGS-09371010,63680,00011,2023-11-09T01:45:00+00:00,,_FNU,Provisional,['DISCONTINUED'],2025-08-30T09:02:45.069499+00:00,STNRD
05c59b8b0f5541c1894759a6160cdab7,USGS-09371010,63680,00011,2023-11-09T02:00:00+00:00,,_FNU,Provisional,['DISCONTINUED'],2025-08-30T09:02:45.069499+00:00,STNRD
05c59b8b0f5541c1894759a6160cdab7,USGS-09371010,63680,00011,2023-11-09T02:15:00+00:00,,_FNU,Provisional,['DISCONTINUED'],2025-08-30T09:02:45.069499+00:00,STNRD
05c59b8b0f5541c1894759a6160cdab7,USGS-09371010,63680,00011,2023-11-09T02:30:00+00:00,,_FNU,Provisional,['DISCONTINUED'],2025-08-30T09:02:45.069499+00:00,STNRD
05c59b8b0f5541c1894759a6160cdab7,USGS-09371010,63680,00011,2023-11-09T02:45:00+00:00,,_FNU,Provisional,['DISCONTINUED'],2025-08-30T09:02:45.069499+00:00,STNRD
05c59b8b0f5541c1894759a6160cdab7,USGS-09371010,63680,00011,2023-11-09T03:00:00+00:00,,_FNU,Provisional,['DISCONTINUED'],2025-08-30T09:02:45.069499+00:00,STNRD
05c59b8b0f5541c1894759a6160cdab7,USGS-09371010,63680,00011,2023-11-09T03:15:00+00:00,,_FNU,Provisional,['DISCONTINUED'],2025-08-30T09:02:45.069499+00:00,STNRD
05c59b8b0f5541c1894759a6160cdab7,USGS-09371010,63680,00011,2023-11-09T03:30:00+00:00,,_FNU,Provisional,['DISCONTINUED'],2025-08-30T09:02:45.069499+00:00,STNRD
05c59b8b0f5541c1894759a6160cdab7,USGS-09371010,63680,00011,2023-11-09T03:45:00+00:00,,_FNU,Provisional,['DISCONTINUED'],2025-08-30T09:02:45.069499+00:00,STNRD
05c59b8b0f5541c1894759a6160cdab7,USGS-09371010,63680,00011,2023-11-09T04:00:00+00:00,,_FNU,Provisional,['DISCONTINUED'],2025-08-30T09:02:45.069499+00:00,STNRD
05c59b8b0f5541c1894759a6160cdab7,USGS-09371010,63680,00011,2023-11-09T04:15:00+00:00,,_FNU,Provisional,['DISCONTINUED'],2025-08-30T09:02:45.069499+00:00,STNRD
05c59b8b0f5541c1894759a6160cdab7,USGS-09371010,63680,00011,2023-11-09T04:30:00+00:00,,_FNU,Provisional,['DISCONTINUED'],2025-08-30T09:02:45.069499+00:00,STNRD
05c59b8b0f5541c1894759a6160cdab7,USGS-09371010,63680,00011,2023-11-09T04:45:00+00:00,,_FNU,Provisional,['DISCONTINUED'],2025-08-30T09:02:45.069499+00:00,STNRD
05c59b8b0f5541c1894759a6160cdab7,USGS-09371010,63680,00011,2023-11-09T05:00:00+00:00,,_FNU,Provisional,['DISCONTINUED'],2025-08-30T09:02:45.069499+00:00,STNRD
05c59b8b0f5541c1894759a6160cdab7,USGS-09371010,63680,00011,2023-11-09T05:15:00+00:00,,_FNU,Provisional,['DISCONTINUED'],2025-08-30T09:02:45.069499+00:00,STNRD
05c59b8b0f5541c1894759a6160cdab7,USGS-09371010,63680,00011,2023-11-09T05:30:00+00:00,,_FNU,Provisional,['DISCONTINUED'],2025-08-30T09:02:45.069499+00:00,STNRD
05c59b8b0f5541c1894759a6160cdab7,USGS-09371010,63680,00011,2023-11-09T05:45:00+00:00,,_FNU,Provisional,['DISCONTINUED'],2025-08-30T09:02:45.069499+00:00,STNRD
05c59b8b0f5541c1894759a6160cdab7,USGS-09371010,63680,00011,2023-11-09T06:00:00+00:00,,_FNU,Provisional,['DISCONTINUED'],2025-08-30T09:02:45.069499+00:00,STNRD
05c59b8b0f5541c1894759a6160cdab7,USGS-09371010,63680,00011,2023-11-09T06:15:00+00:00,,_FNU,Provisional,['DISCONTINUED'],2025-08-30T09:02:45.069499+00:00,STNRD
05c59b8b0f5541c1894759a6160cdab7,USGS-09371010,63680,00011,2023-11-09T06:30:00+00:00,,_FNU,Provisional,['DISCONTINUED'],2025-08-30T09:02:45.069499+00:00,STNRD
05c59b8b0f5541c1894759a6160cdab7,USGS-09371010,63680,00011,2023-11-09T06:45:00+00:00,,_FNU,Provisional,['DISCONTINUED'],2025-08-30T09:02:45.069499+00:00,STNRD
05c59b8b0f5541c1894759a6160cdab7,USGS-09371010,63680,00011,2023-11-09T07:00:00+00:00,,_FNU,Provisional,['DISCONTINUED'],2025-08-30T09:02:45.069499+00:00,STNRD
05c59b8b0f5541c1894759a6160cdab7,USGS-09371010,63680,00011,2023-11-09T07:15:00+00:00,,_FNU,Provisional,['DISCONTINUED'],2025-08-30T09:02:45.069499+00:00,STNRD
05c59b8b0f5541c1894759a6160cdab7,USGS-09371010,63680,00011,2023-11-09T07:30:00+00:00,,_FNU,Provisional,['DISCONTINUED'],2025-08-30T09:02:45.069499+00:00,STNRD
05c59b8b0f5541c1894759a6160cdab7,USGS-09371010,63680,00011,2023-11-09T07:45:00+00:00,,_FNU,Provisional,['DISCONTINUED'],2025-08-30T09:02:45.069499+00:00,STNRD
05c59b8b0f5541c1894759a6160cdab7,USGS-09371010,63680,00011,2023-11-09T08:00:00+00:00,,_FNU,Provisional,['DISCONTINUED'],2025-08-30T09:02:45.069499+00:00,STNRD
05c59b8b0f5541c1894759a6160cdab7,USGS-09371010,63680,00011,2023-11-09T08:15:00+00:00,,_FNU,Provisional,['DISCONTINUED'],2025-08-30T09:02:45.069499+00:00,STNRD
05c59b8b0f5541c1894759a6160cdab7,USGS-09371010,63680,00011,2023-11-09T08:30:00+00:00,,_FNU,Provisional,['DISCONTINUED'],2025-08-30T09:02:45.069499+00:00,STNRD
05c59b8b0f5541c1894759a6160cdab7,USGS-09371010,63680,00011,2023-11-09T08:45:00+00:00,,_FNU,Provisional,['DISCONTINUED'],2025-08-30T09:02:45.069499+00:00,STNRD
05c59b8b0f5541c1894759a6160cdab7,USGS-09371010,63680,00011,2023-11-09T09:00:00+00:00,,_FNU,Provisional,['DISCONTINUED'],2025-08-30T09:02:45.069499+00:00,STNRD
05c59b8b0f5541c1894759a6160cdab7,USGS-09371010,63680,00011,2023-11-09T09:15:00+00:00,,_FNU,Provisional,['DISCONTINUED'],2025-08-30T09:02:45.069499+00:00,STNRD
05c59b8b0f5541c1894759a6160cdab7,USGS-09371010,63680,00011,2023-11-09T09:30:00+00:00,,_FNU,Provisional,['DISCONTINUED'],2025-08-30T09:02:45.069499+00:00,STNRD
05c59b8b0f5541c1894759a6160cdab7,USGS-09371010,63680,00011,2023-11-09T09:45:00+00:00,,_FNU,Provisional,['DISCONTINUED'],2025-08-30T09:02:45.069499+00:00,STNRD
05c59b8b0f5541c1894759a6160cdab7,USGS-09371010,63680,00011,2023-11-09T10:00:00+00:00,,_FNU,Provisional,['DISCONTINUED'],2025-08-30T09:02:45.069499+00:00,STNRD
05c59b8b0f5541c1894759a6160cdab7,USGS-09371010,63680,00011,2023-11-09T10:15:00+00:00,,_FNU,Provisional,['DISCONTINUED'],2025-08-30T09:02:45.069499+00:00,STNRD
05c59b8b0f5541c1894759a6160cdab7,USGS-09371010,63680,00011,2023-11-09T10:30:00+00:00,,_FNU,Provisional,['DISCONTINUED'],2025-08-30T09:02:45.069499+00:00,STNRD
05c59b8b0f5541c1894759a6160cdab7,USGS-09371010,63680,00011,2023-11-09T10:45:00+00:00,,_FNU,Provisional,['DISCONTINUED'],2025-08-30T09:02:45.069499+00:00,STNRD
05c59b8b0f5541c1894759a6160cdab7,USGS-09371010,63680,00011,2023-11-09T11:00:00+00:00,,_FNU,Provisional,['DISCONTINUED'],2025-08-30T09:02:45.069499+00:00,STNRD
05c59b8b0f5541c1894759a6160cdab7,USGS-09371010,63680,00011,2023-11-09T11:15:00+00:00,,_FNU,Provisional,['DISCONTINUED'],2025-08-30T09:02:45.069499+00:00,STNRD
05c59b8b0f5541c1894759a6160cdab7,USGS-09371010,63680,00011,2023-11-09T11:30:00+00:00,,_FNU,Provisional,['DISCONTINUED'],2025-08-30T09:02:45.069499+00:00,STNRD
05c59b8b0f5541c1894759a6160cdab7,USGS-09371010,63680,00011,2023-11-09T11:45:00+00:00,,_FNU,Provisional,['DISCONTINUED'],2025-08-30T09:02:45.069499+00:00,STNRD
05c59b8b0f5541c1894759a6160cdab7,USGS-09371010,63680,00011,2023-11-09T12:00:00+00:00,,_FNU,Provisional,['DISCONTINUED'],2025-08-30T09:02:45.069499+00:00,STNRD
05c59b8b0f5541c1894759a6160cdab7,USGS-09371010,63680,00011,2023-11-09T12:15:00+00:00,,_FNU,Provisional,['DISCONTINUED'],2025-08-30T09:02:45.069499+00:00,STNRD
05c59b8b0f5541c1894759a6160cdab7,USGS-09371010,63680,00011,2023-11-09T12:30:00+00:00,,_FNU,Provisional,['DISCONTINUED'],2025-08-30T09:02:45.069499+00:00,STNRD
05c59b8b0f5541c1894759a6160cdab7,USGS-09371010,63680,00011,2023-11-09T12:45:00+00:00,,_FNU,Provisional,['DISCONTINUED'],2025-08-30T09:02:45.069499+00:00,STNRD
05c59b8b0f5541c1894759a6160cdab7,USGS-09371010,63680,00011,2023-11-09T13:00:00+00:00,,_FNU,Provisional,['DISCONTINUED'],2025-08-30T09:02:45.069499+00:00,STNRD
05c59b8b0f5541c1894759a6160cdab7,USGS-09371010,63680,00011,2023-11-09T13:15:00+00:00,,_FNU,Provisional,['DISCONTINUED'],2025-08-30T09:02:45.069499+00:00,STNRD
05c59b8b0f5541c1894759a6160cdab7,USGS-09371010,63680,00011,2023-11-09T13:30:00+00:00,,_FNU,Provisional,['DISCONTINUED'],2025-08-30T09:02:45.069499+00:00,STNRD
05c59b8b0f5541c1894759a6160cdab7,USGS-09371010,63680,00011,2023-11-09T13:45:00+00:00,,_FNU,Provisional,['DISCONTINUED'],2025-08-30T09:02:45.069499+00:00,STNRD
05c59b8b0f5541c1894759a6160cdab7,USGS-09371010,63680,00011,2023-11-09T14:00:00+00:00,,_FNU,Provisional,['DISCONTINUED'],2025-08-30T09:02:45.069499+00:00,STNRD
05c59b8b0f5541c1894759a6160cdab7,USGS-09371010,63680,00011,2023-11-09T14:15:00+00:00,,_FNU,Provisional,['DISCONTINUED'],2025-08-30T09:02:45.069499+00:00,STNRD
05c59b8b0f5541c1894759a6160cdab7,USGS-09371010,63680,00011,2023-11-09T14:30:00+00:00,,_FNU,Provisional,['DISCONTINUED'],2025-08-30T09:02:45.069499+00:00,STNRD
05c59b8b0f5541c1894759a6160cdab7,USGS-09371010,63680,00011,2023-11-09T14:45:00+00:00,,_FNU,Provisional,['DISCONTINUED'],2025-08-30T09:02:45.069499+00:00,STNRD
05c59b8b0f5541c1894759a6160cdab7,USGS-09371010,63680,00011,2023-11-09T15:00:00+00:00,,_FNU,Provisional,['DISCONTINUED'],2025-08-30T09:02:45.069499+00:00,STNRD
05c59b8b0f5541c1894759a6160cdab7,USGS-09371010,63680,00011,2023-11-09T15:15:00+00:00,,_FNU,Provisional,['DISCONTINUED'],2025-08-30T09:02:45.069499+00:00,STNRD
05c59b8b0f5541c1894759a6160cdab7,USGS-09371010,63680,00011,2023-11-09T15:30:00+00:00,,_FNU,Provisional,['DISCONTINUED'],2025-08-30T09:02:45.069499+00:00,STNRD
05c59b8b0f5541c1894759a6160cdab7,USGS-09371010,63680,00011,2023-11-09T15:45:00+00:00,,_FNU,Provisional,['DISCONTINUED'],2025-08-30T09:02:45.069499+00:00,STNRD
05c59b8b0f5541c1894759a6160cdab7,USGS-09371010,63680,00011,2023-11-09T16:00:00+00:00,,_FNU,Provisional,['DISCONTINUED'],2025-08-30T09:02:45.069499+00:00,STNRD
05c59b8b0f5541c1894759a6160cdab7,USGS-09371010,63680,00011,2023-11-09T16:15:00+00:00,,_FNU,Provisional,['DISCONTINUED'],2025-08-30T09:02:45.069499+00:00,STNRD
05c59b8b0f5541c1894759a6160cdab7,USGS-09371010,63680,00011,2023-11-09T16:30:00+00:00,,_FNU,Provisional,['DISCONTINUED'],2025-08-30T09:02:45.069499+00:00,STNRD
05c59b8b0f5541c1894759a6160cdab7,USGS-09371010,63680,00011,2023-11-09T16:45:00+00:00,,_FNU,Provisional,['DISCONTINUED'],2025-08-30T09:02:45.069499+00:00,STNRD
05c59b8b0f5541c1894759a6160cdab7,USGS-09371010,63680,00011,2023-11-09T17:00:00+00:00,,_FNU,Provisional,['DISCONTINUED'],2025-08-30T09:02:45.069499+00:00,STNRD
05c59b8b0f5541c1894759a6160cdab7,USGS-09371010,63680,00011,2023-11-09T17:15:00+00:00,,_FNU,Provisional,['DISCONTINUED'],2025-08-30T09:02:45.069499+00:00,STNRD
05c59b8b0f5541c1894759a6160cdab7,USGS-09371010,63680,00011,2023-11-09T17:30:00+00:00,,_FNU,Provisional,['DISCONTINUED'],2025-08-30T09:02:45.069499+00:00,STNRD
05c59b8b0f5541c1894759a6160cdab7,USGS-09371010,63680,00011,2023-11-09T17:45:00+00:00,,_FNU,Provisional,['DISCONTINUED'],2025-08-30T09:02:45.069499+00:00,STNRD
05c59b8b0f5541c1894759a6160cdab7,USGS-09371010,63680,00011,2023-11-09T18:00:00+00:00,,_FNU,Provisional,['DISCONTINUED'],2025-08-30T09:02:45.069499+00:00,STNRD
05c59b8b0f5541c1894759a6160cdab7,USGS-09371010,63680,00011,2023-11-09T18:15:00+00:00,,_FNU,Provisional,['DISCONTINUED'],2025-08-30T09:02:45.069499+00:00,STNRD
05c59b8b0f5541c1894759a6160cdab7,USGS-09371010,63680,00011,2023-11-09T18:30:00+00:00,,_FNU,Provisional,['DISCONTINUED'],2025-08-30T09:02:45.069499+00:00,STNRD
05c59b8b0f5541c1894759a6160cdab7,USGS-09371010,63680,00011,2023-11-09T18:45:00+00:00,,_FNU,Provisional,['DISCONTINUED'],2025-08-30T09:02:45.069499+00:00,STNRD
05c59b8b0f5541c1894759a6160cdab7,USGS-09371010,63680,00011,2023-11-09T19:00:00+00:00,,_FNU,Provisional,['DISCONTINUED'],2025-08-30T09:02:45.069499+00:00,STNRD
05c59b8b0f5541c1894759a6160cdab7,USGS-09371010,63680,00011,2023-11-09T19:15:00+00:00,,_FNU,Provisional,['DISCONTINUED'],2025-08-30T09:02:45.069499+00:00,STNRD
05c59b8b0f5541c1894759a6160cdab7,USGS-09371010,63680,00011,2023-11-09T19:30:00+00:00,,_FNU,Provisional,['DISCONTINUED'],2025-08-30T09:02:45.069499+00:00,STNRD
05c59b8b0f5541c1894759a6160cdab7,USGS-09371010,63680,00011,2023-11-09T19:45:00+00:00,,_FNU,Provisional,['DISCONTINUED'],2025-08-30T09:02:45.069499+00:00,STNRD
05c59b8b0f5541c1894759a6160cdab7,USGS-09371010,63680,00011,2023-11-09T20:00:00+00:00,,_FNU,Provisional,['DISCONTINUED'],2025-08-30T09:02:45.069499+00:00,STNRD
05c59b8b0f5541c1894759a6160cdab7,USGS-09371010,63680,00011,2023-11-09T20:15:00+00:00,,_FNU,Provisional,['DISCONTINUED'],2025-08-30T09:02:45.069499+00:00,STNRD
05c59b8b0f5541c1894759a6160cdab7,USGS-09371010,63680,00011,2023-11-09T20:30:00+00:00,,_FNU,Provisional,['DISCONTINUED'],2025-08-30T09:02:45.069499+00:00,STNRD
05c59b8b0f5541c1894759a6160cdab7,USGS-09371010,63680,00011,2023-11-09T20:45:00+00:00,,_FNU,Provisional,['DISCONTINUED'],2025-08-30T09:02:45.069499+00:00,STNRD
05c59b8b0f5541c1894759a6160cdab7,USGS-09371010,63680,00011,2023-11-09T21:00:00+00:00,,_FNU,Provisional,['DISCONTINUED'],2025-08-30T09:02:45.069499+00:00,STNRD
05c59b8b0f5541c1894759a6160cdab7,USGS-09371010,63680,00011,2023-11-09T21:15:00+00:00,,_FNU,Provisional,['DISCONTINUED'],2025-08-30T09:02:45.069499+00:00,STNRD
05c59b8b0f5541c1894759a6160cdab7,USGS-09371010,63680,00011,2023-11-09T21:30:00+00:00,,_FNU,Provisional,['DISCONTINUED'],2025-08-30T09:02:45.069499+00:00,STNRD
05c59b8b0f5541c1894759a6160cdab7,USGS-09371010,63680,00011,2023-11-09T21:45:00+00:00,,_FNU,Provisional,['DISCONTINUED'],2025-08-30T09:02:45.069499+00:00,STNRD
05c59b8b0f5541c1894759a6160cdab7,USGS-09371010,63680,00011,2023-11-09T22:00:00+00:00,,_FNU,Provisional,['DISCONTINUED'],2025-08-30T09:02:45.069499+00:00,STNRD
05c59b8b0f5541c1894759a6160cdab7,USGS-09371010,63680,00011,2023-11-09T22:15:00+00:00,,_FNU,Provisional,['DISCONTINUED'],2025-08-30T09:02:45.069499+00:00,STNRD
05c59b8b0f5541c1894759a6160cdab7,USGS-09371010,63680,00011,2023-11-09T22:30:00+00:00,,_FNU,Provisional,['DISCONTINUED'],2025-08-30T09:02:45.069499+00:00,STNRD
05c59b8b0f5541c1894759a6160cdab7,USGS-09371010,63680,00011,2023-11-09T22:45:00+00:00,,_FNU,Provisional,['DISCONTINUED'],2025-08-30T09:02:45.069499+00:00,STNRD
05c59b8b0f5541c1894759a6160cdab7,USGS-09371010,63680,00011,2023-11-09T23:00:00+00:00,,_FNU,Provisional,['DISCONTINUED'],2025-08-30T09:02:45.069499+00:00,STNRD
05c59b8b0f5541c1894759a6160cdab7,USGS-09371010,63680,00011,2023-11-09T23:15:00+00:00,,_FNU,Provisional,['DISCONTINUED'],2025-08-30T09:02:45.069499+00:00,STNRD
05c59b8b0f5541c1894759a6160cdab7,USGS-09371010,63680,00011,2023-11-09T23:30:00+00:00,,_FNU,Provisional,['DISCONTINUED'],2025-08-30T09:02:45.069499+00:00,STNRD
05c59b8b0f5541c1894759a6160cdab7,USGS-09371010,63680,00011,2023-11-09T23:45:00+00:00,,_FNU,Provisional,['DISCONTINUED'],2025-08-30T09:02:45.069499+00:00,STNRD
05c59b8b0f5541c1894759a6160cdab7,USGS-09371010,63680,00011,2023-11-10T00:00:00+00:00,,_FNU,Provisional,['DISCONTINUED'],2025-08-30T09:02:45.069499+00:00,STNRD
05c59b8b0f5541c1894759a6160cdab7,USGS-09371010,63680,00011,2023-11-10T00:15:00+00:00,,_FNU,Provisional,['DISCONTINUED'],2025-08-30T09:02:45.069499+00:00,STNRD
05c59b8b0f5541c1894759a6160cdab7,USGS-09371010,63680,00011,2023-11-10T00:30:00+00:00,,_FNU,Provisional,['DISCONTINUED'],2025-08-30T09:02:45.069499+00:00,STNRD
05c59b8b0f5541c1894759a6160cdab7,USGS-09371010,63680,00011,2023-11-10T00:45:00+00:00,,_FNU,Provisional,['DISCONTINUED'],2025-08-30T09:02:45.069499+00:00,STNRD
05c59b8b0f5541c1894759a6160cdab7,USGS-09371010,63680,00011,2023-11-10T01:00:00+00:00,,_FNU,Provisional,['DISCONTINUED'],2025-08-30T09:02:45.069499+00:00,STNRD
05c59b8b0f5541c1894759a6160cdab7,USGS-09371010,63680,00011,2023-11-10T01:15:00+00:00,,_FNU,Provisional,['DISCONTINUED'],2025-08-30T09:02:45.069499+00:00,STNRD
05c59b8b0f5541c1894759a6160cdab7,USGS-09371010,63680,00011,2023-11-10T01:30:00+00:00,,_FNU,Provisional,['DISCONTINUED'],2025-08-30T09:02:45.069499+00:00,STNRD
05c59b8b0f5541c1894759a6160cdab7,USGS-09371010,63680,00011,2023-11-10T01:45:00+00:00,,_FNU,Provisional,['DISCONTINUED'],2025-08-30T09:02:45.069499+00:00,STNRD
05c59b8b0f5541c1894759a6160cdab7,USGS-09371010,63680,00011,2023-11-10T02:00:00+00:00,,_FNU,Provisional,['DISCONTINUED'],2025-08-30T09:02:45.069499+00:00,STNRD
05c59b8b0f5541c1894759a6160cdab7,USGS-09371010,63680,00011,2023-11-10T02:15:00+00:00,,_FNU,Provisional,['DISCONTINUED'],2025-08-30T09:02:45.069499+00:00,STNRD
05c59b8b0f5541c1894759a6160cdab7,USGS-09371010,63680,00011,2023-11-10T02:30:00+00:00,,_FNU,Provisional,['DISCONTINUED'],2025-08-30T09:02:45.069499+00:00,STNRD
05c59b8b0f5541c1894759a6160cdab7,USGS-09371010,63680,00011,2023-11-10T02:45:00+00:00,,_FNU,Provisional,['DISCONTINUED'],2025-08-30T09:02:45.069499+00:00,STNRD
05c59b8b0f5541c1894759a6160cdab7,USGS-09371010,63680,00011,2023-11-10T03:00:00+00:00,,_FNU,Provisional,['DISCONTINUED'],2025-08-30T09:02:45.069499+00:00,STNRD
05c59b8b0f5541c1894759a6160cdab7,USGS-09371010,63680,00011,2023-11-10T03:15:00+00:00,,_FNU,Provisional,['DISCONTINUED'],2025-08-30T09:02:45.069499+00:00,STNRD
05c59b8b0f5541c1894759a6160cdab7,USGS-09371010,63680,00011,2023-11-10T03:30:00+00:00,,_FNU,Provisional,['DISCONTINUED'],2025-08-30T09:02:45.069499+00:00,STNRD
05c59b8b0f5541c1894759a6160cdab7,USGS-09371010,63680,00011,2023-11-10T03:45:00+00:00,,_FNU,Provisional,['DISCONTINUED'],2025-08-30T09:02:45.069499+00:00,STNRD
05c59b8b0f5541c1894759a6160cdab7,USGS-09371010,63680,00011,2023-11-10T04:00:00+00:00,,_FNU,Provisional,['DISCONTINUED'],2025-08-30T09:02:45.069499+00:00,STNRD
05c59b8b0f5541c1894759a6160cdab7,USGS-09371010,63680,00011,2023-11-10T04:15:00+00:00,,_FNU,Provisional,['DISCONTINUED'],2025-08-30T09:02:45.069499+00:00,STNRD
05c59b8b0f5541c1894759a6160cdab7,USGS-09371010,63680,00011,2023-11-10T04:30:00+00:00,,_FNU,Provisional,['DISCONTINUED'],2025-08-30T09:02:45.069499+00:00,STNRD
05c59b8b0f5541c1894759a6160cdab7,USGS-09371010,63680,00011,2023-11-10T04:45:00+00:00,,_FNU,Provisional,['DISCONTINUED'],2025-08-30T09:02:45.069499+00:00,STNRD
05c59b8b0f5541c1894759a6160cdab7,USGS-09371010,63680,00011,2023-11-10T05:00:00+00:00,,_FNU,Provisional,['DISCONTINUED'],2025-08-30T09:02:45.069499+00:00,STNRD
05c59b8b0f5541c1894759a6160cdab7,USGS-09371010,63680,00011,2023-11-10T05:15:00+00:00,,_FNU,Provisional,['DISCONTINUED'],2025-08-30T09:02:45.069499+00:00,STNRD
05c59b8b0f5541c1894759a6160cdab7,USGS-09371010,63680,00011,2023-11-10T05:30:00+00:00,,_FNU,Provisional,['DISCONTINUED'],2025-08-30T09:02:45.069499+00:00,STNRD
05c59b8b0f5541c1894759a6160cdab7,USGS-09371010,63680,00011,2023-11-10T05:45:00+00:00,,_FNU,Provisional,['DISCONTINUED'],2025-08-30T09:02:45.069499+00:00,STNRD
05c59b8b0f5541c1894759a6160cdab7,USGS-09371010,63680,00011,2023-11-10T06:00:00+00:00,,_FNU,Provisional,['DISCONTINUED'],2025-08-30T09:02:45.069499+00:00,STNRD
05c59b8b0f5541c1894759a6160cdab7,USGS-09371010,63680,00011,2023-11-10T06:15:00+00:00,,_FNU,Provisional,['DISCONTINUED'],2025-08-30T09:02:45.069499+00:00,STNRD
05c59b8b0f5541c1894759a6160cdab7,USGS-09371010,63680,00011,2023-11-10T06:30:00+00:00,,_FNU,Provisional,['DISCONTINUED'],2025-08-30T09:02:45.069499+00:00,STNRD
05c59b8b0f5541c1894759a6160cdab7,USGS-09371010,63680,00011,2023-11-10T06:45:00+00:00,,_FNU,Provisional,['DISCONTINUED'],2025-08-30T09:02:45.069499+00:00,STNRD
05c59b8b0f5541c1894759a6160cdab7,USGS-09371010,63680,00011,2023-11-10T07:00:00+00:00,,_FNU,Provisional,['DISCONTINUED'],2025-08-30T09:02:45.069499+00:00,STNRD
05c59b8b0f5541c1894759a6160cdab7,USGS-09371010,63680,00011,2023-11-10T07:15:00+00:00,,_FNU,Provisional,['DISCONTINUED'],2025-08-30T09:02:45.069499+00:00,STNRD
05c59b8b0f5541c1894759a6160cdab7,USGS-09371010,63680,00011,2023-11-10T07:30:00+00:00,,_FNU,Provisional,['DISCONTINUED'],2025-08-30T09:02:45.069499+00:00,STNRD
05c59b8b0f5541c1894759a6160cdab7,USGS-09371010,63680,00011,2023-11-10T07:45:00+00:00,,_FNU,Provisional,['DISCONTINUED'],2025-08-30T09:02:45.069499+00:00,STNRD
05c59b8b0f5541c1894759a6160cdab7,USGS-09371010,63680,00011,2023-11-10T08:00:00+00:00,,_FNU,Provisional,['DISCONTINUED'],2025-08-30T09:02:45.069499+00:00,STNRD
05c59b8b0f5541c1894759a6160cdab7,USGS-09371010,63680,00011,2023-11-10T08:15:00+00:00,,_FNU,Provisional,['DISCONTINUED'],2025-08-30T09:02:45.069499+00:00,STNRD
05c59b8b0f5541c1894759a6160cdab7,USGS-09371010,63680,00011,2023-11-10T08:30:00+00:00,,_FNU,Provisional,['DISCONTINUED'],2025-08-30T09:02:45.069499+00:00,STNRD
05c59b8b0f5541c1894759a6160cdab7,USGS-09371010,63680,00011,2023-11-10T08:45:00+00:00,,_FNU,Provisional,['DISCONTINUED'],2025-08-30T09:02:45.069499+00:00,STNRD
05c59b8b0f5541c1894759a6160cdab7,USGS-09371010,63680,00011,2023-11-10T09:00:00+00:00,,_FNU,Provisional,['DISCONTINUED'],2025-08-30T09:02:45.069499+00:00,STNRD
05c59b8b0f5541c1894759a6160cdab7,USGS-09371010,63680,00011,2023-11-10T09:15:00+00:00,,_FNU,Provisional,['DISCONTINUED'],2025-08-30T09:02:45.069499+00:00,STNRD
05c59b8b0f5541c1894759a6160cdab7,USGS-09371010,63680,00011,2023-11-10T09:30:00+00:00,,_FNU,Provisional,['DISCONTINUED'],2025-08-30T09:02:45.069499+00:00,STNRD
05c59b8b0f5541c1894759a6160cdab7,USGS-09371010,63680,00011,2023-11-10T09:45:00+00:00,,_FNU,Provisional,['DISCONTINUED'],2025-08-30T09:02:45.069499+00:00,STNRD
05c59b8b0f5541c1894759a6160cdab7,USGS-09371010,63680,00011,2023-11-10T10:00:00+00:00,,_FNU,Provisional,['DISCONTINUED'],2025-08-30T09:02:45.069499+00:00,STNRD
05c59b8b0f5541c1894759a6160cdab7,USGS-09371010,63680,00011,2023-11-10T10:15:00+00:00,,_FNU,Provisional,['DISCONTINUED'],2025-08-30T09:02:45.069499+00:00,STNRD
05c59b8b0f5541c1894759a6160cdab7,USGS-09371010,63680,00011,2023-11-10T10:30:00+00:00,,_FNU,Provisional,['DISCONTINUED'],2025-08-30T09:02:45.069499+00:00,STNRD
05c59b8b0f5541c1894759a6160cdab7,USGS-09371010,63680,00011,2023-11-10T10:45:00+00:00,,_FNU,Provisional,['DISCONTINUED'],2025-08-30T09:02:45.069499+00:00,STNRD
05c59b8b0f5541c1894759a6160cdab7,USGS-09371010,63680,00011,2023-11-10T11:00:00+00:00,,_FNU,Provisional,['DISCONTINUED'],2025-08-30T09:02:45.069499+00:00,STNRD
05c59b8b0f5541c1894759a6160cdab7,USGS-09371010,63680,00011,2023-11-10T11:15:00+00:00,,_FNU,Provisional,['DISCONTINUED'],2025-08-30T09:02:45.069499+00:00,STNRD
05c59b8b0f5541c1894759a6160cdab7,USGS-09371010,63680,00011,2023-11-10T11:30:00+00:00,,_FNU,Provisional,['DISCONTINUED'],2025-08-30T09:02:45.069499+00:00,STNRD
05c59b8b0f5541c1894759a6160cdab7,USGS-09371010,63680,00011,2023-11-10T11:45:00+00:00,,_FNU,Provisional,['DISCONTINUED'],2025-08-30T09:02:45.069499+00:00,STNRD
05c59b8b0f5541c1894759a6160cdab7,USGS-09371010,63680,00011,2023-11-10T12:00:00+00:00,,_FNU,Provisional,['DISCONTINUED'],2025-08-30T09:02:45.069499+00:00,STNRD
05c59b8b0f5541c1894759a6160cdab7,USGS-09371010,63680,00011,2023-11-10T12:15:00+00:00,,_FNU,Provisional,['DISCONTINUED'],2025-08-30T09:02:45.069499+00:00,STNRD
05c59b8b0f5541c1894759a6160cdab7,USGS-09371010,63680,00011,2023-11-10T12:30:00+00:00,,_FNU,Provisional,['DISCONTINUED'],2025-08-30T09:02:45.069499+00:00,STNRD
05c59b8b0f5541c1894759a6160cdab7,USGS-09371010,63680,00011,2023-11-10T12:45:00+00:00,,_FNU,Provisional,['DISCONTINUED'],2025-08-30T09:02:45.069499+00:00,STNRD
05c59b8b0f5541c1894759a6160cdab7,USGS-09371010,63680,00011,2023-11-10T13:00:00+00:00,,_FNU,Provisional,['DISCONTINUED'],2025-08-30T09:02:45.069499+00:00,STNRD
05c59b8b0f5541c1894759a6160cdab7,USGS-09371010,63680,00011,2023-11-10T13:15:00+00:00,,_FNU,Provisional,['DISCONTINUED'],2025-08-30T09:02:45.069499+00:00,STNRD
05c59b8b0f5541c1894759a6160cdab7,USGS-09371010,63680,00011,2023-11-10T13:30:00+00:00,,_FNU,Provisional,['DISCONTINUED'],2025-08-30T09:02:45.069499+00:00,STNRD
05c59b8b0f5541c1894759a6160cdab7,USGS-09371010,63680,00011,2023-11-10T13:45:00+00:00,,_FNU,Provisional,['DISCONTINUED'],2025-08-30T09:02:45.069499+00:00,STNRD
05c59b8b0f5541c1894759a6160cdab7,USGS-09371010,63680,00011,2023-11-10T14:00:00+00:00,,_FNU,Provisional,['DISCONTINUED'],2025-08-30T09:02:45.069499+00:00,STNRD
05c59b8b0f5541c1894759a6160cdab7,USGS-09371010,63680,00011,2023-11-10T14:15:00+00:00,,_FNU,Provisional,['DISCONTINUED'],2025-08-30T09:02:45.069499+00:00,STNRD
05c59b8b0f5541c1894759a6160cdab7,USGS-09371010,63680,00011,2023-11-10T14:30:00+00:00,,_FNU,Provisional,['DISCONTINUED'],2025-08-30T09:02:45.069499+00:00,STNRD
05c59b8b0f5541c1894759a6160cdab7,USGS-09371010,63680,00011,2023-11-10T14:45:00+00:00,,_FNU,Provisional,['DISCONTINUED'],2025-08-30T09:02:45.069499+00:00,STNRD
05c59b8b0f5541c1894759a6160cdab7,USGS-09371010,63680,00011,2023-11-10T15:00:00+00:00,,_FNU,Provisional,['DISCONTINUED'],2025-08-30T09:02:45.069499+00:00,STNRD
05c59b8b0f5541c1894759a6160cdab7,USGS-09371010,63680,00011,2023-11-10T15:15:00+00:00,,_FNU,Provisional,['DISCONTINUED'],2025-08-30T09:02:45.069499+00:00,STNRD
05c59b8b0f5541c1894759a6160cdab7,USGS-09371010,63680,00011,2023-11-10T15:30:00+00:00,,_FNU,Provisional,['DISCONTINUED'],2025-08-30T09:02:45.069499+00:00,STNRD
05c59b8b0f5541c1894759a6160cdab7,USGS-09371010,63680,00011,2023-11-10T15:45:00+00:00,,_FNU,Provisional,['DISCONTINUED'],2025-08-30T09:02:45.069499+00:00,STNRD
05c59b8b0f5541c1894759a6160cdab7,USGS-09371010,63680,00011,2023-11-10T16:00:00+00:00,,_FNU,Provisional,['DISCONTINUED'],2025-08-30T09:02:45.069499+00:00,STNRD
05c59b8b0f5541c1894759a6160cdab7,USGS-09371010,63680,00011,2023-11-10T16:15:00+00:00,,_FNU,Provisional,['DISCONTINUED'],2025-08-30T09:02:45.069499+00:00,STNRD
05c59b8b0f5541c1894759a6160cdab7,USGS-09371010,63680,00011,2023-11-10T16:30:00+00:00,,_FNU,Provisional,['DISCONTINUED'],2025-08-30T09:02:45.069499+00:00,STNRD
05c59b8b0f5541c1894759a6160cdab7,USGS-09371010,63680,00011,2023-11-10T16:45:00+00:00,,_FNU,Provisional,['DISCONTINUED'],2025-08-30T09:02:45.069499+00:00,STNRD
05c59b8b0f5541c1894759a6160cdab7,USGS-09371010,63680,00011,2023-11-10T17:00:00+00:00,,_FNU,Provisional,['DISCONTINUED'],2025-08-30T09:02:45.069499+00:00,STNRD
05c59b8b0f5541c1894759a6160cdab7,USGS-09371010,63680,00011,2023-11-10T17:15:00+00:00,,_FNU,Provisional,['DISCONTINUED'],2025-08-30T09:02:45.069499+00:00,STNRD
05c59b8b0f5541c1894759a6160cdab7,USGS-09371010,63680,00011,2023-11-10T17:30:00+00:00,,_FNU,Provisional,['DISCONTINUED'],2025-08-30T09:02:45.069499+00:00,STNRD
05c59b8b0f5541c1894759a6160cdab7,USGS-09371010,63680,00011,2023-11-10T17:45:00+00:00,,_FNU,Provisional,['DISCONTINUED'],2025-08-30T09:02:45.069499+00:00,STNRD
05c59b8b0f5541c1894759a6160cdab7,USGS-09371010,63680,00011,2023-11-10T18:00:00+00:00,,_FNU,Provisional,['DISCONTINUED'],2025-08-30T09:02:45.069499+00:00,STNRD
05c59b8b0f5541c1894759a6160cdab7,USGS-09371010,63680,00011,2023-11-10T18:15:00+00:00,,_FNU,Provisional,['DISCONTINUED'],2025-08-30T09:02:45.069499+00:00,STNRD
05c59b8b0f5541c1894759a6160cdab7,USGS-09371010,63680,00011,2023-11-10T18:30:00+00:00,,_FNU,Provisional,['DISCONTINUED'],2025-08-30T09:02:45.069499+00:00,STNRD
05c59b8b0f5541c1894759a6160cdab7,USGS-09371010,63680,00011,2023-11-10T18:45:00+00:00,,_FNU,Provisional,['DISCONTINUED'],2025-08-30T09:02:45.069499+00:00,STNRD
05c59b8b0f5541c1894759a6160cdab7,USGS-09371010,63680,00011,2023-11-10T19:00:00+00:00,,_FNU,Provisional,['DISCONTINUED'],2025-08-30T09:02:45.069499+00:00,STNRD
05c59b8b0f5541c1894759a6160cdab7,USGS-09371010,63680,00011,2023-11-10T19:15:00+00:00,,_FNU,Provisional,['DISCONTINUED'],2025-08-30T09:02:45.069499+00:00,STNRD
05c59b8b0f5541c1894759a6160cdab7,USGS-09371010,63680,00011,2023-11-10T19:30:00+00:00,,_FNU,Provisional,['DISCONTINUED'],2025-08-30T09:02:45.069499+00:00,STNRD
05c59b8b0f5541c1894759a6160cdab7,USGS-09371010,63680,00011,2023-11-10T19:45:00+00:00,,_FNU,Provisional,['DISCONTINUED'],2025-08-30T09:02:45.069499+00:00,STNRD
05c59b8b0f5541c1894759a6160cdab7,USGS-09371010,63680,00011,2023-11-10T20:00:00+00:00,,_FNU,Provisional,['DISCONTINUED'],2025-08-30T09:02:45.069499+00:00,STNRD
05c59b8b0f5541c1894759a6160cdab7,USGS-09371010,63680,00011,2023-11-10T20:15:00+00:00,,_FNU,Provisional,['DISCONTINUED'],2025-08-30T09:02:45.069499+00:00,STNRD
05c59b8b0f5541c1894759a6160cdab7,USGS-09371010,63680,00011,2023-11-10T20:30:00+00:00,,_FNU,Provisional,['DISCONTINUED'],2025-08-30T09:02:45.069499+00:00,STNRD
05c59b8b0f5541c1894759a6160cdab7,USGS-09371010,63680,00011,2023-11-10T20:45:00+00:00,,_FNU,Provisional,['DISCONTINUED'],2025-08-30T09:02:45.069499+00:00,STNRD
05c59b8b0f5541c1894759a6160cdab7,USGS-09371010,63680,00011,2023-11-10T21:00:00+00:00,,_FNU,Provisional,['DISCONTINUED'],2025-08-30T09:02:45.069499+00:00,STNRD
05c59b8b0f5541c1894759a6160cdab7,USGS-09371010,63680,00011,2023-11-10T21:15:00+00:00,,_FNU,Provisional,['DISCONTINUED'],2025-08-30T09:02:45.069499+00:00,STNRD
05c59b8b0f5541c1894759a6160cdab7,USGS-09371010,63680,00011,2023-11-10T21:30:00+00:00,,_FNU,Provisional,['DISCONTINUED'],2025-08-30T09:02:45.069499+00:00,STNRD
05c59b8b0f5541c1894759a6160cdab7,USGS-09371010,63680,00011,2023-11-10T21:45:00+00:00,,_FNU,Provisional,['DISCONTINUED'],2025-08-30T09:02:45.069499+00:00,STNRD
05c59b8b0f5541c1894759a6160cdab7,USGS-09371010,63680,00011,2023-11-10T22:00:00+00:00,,_FNU,Provisional,['DISCONTINUED'],2025-08-30T09:02:45.069499+00:00,STNRD
05c59b8b0f5541c1894759a6160cdab7,USGS-09371010,63680,00011,2023-11-10T22:15:00+00:00,,_FNU,Provisional,['DISCONTINUED'],2025-08-30T09:02:45.069499+00:00,STNRD
05c59b8b0f5541c1894759a6160cdab7,USGS-09371010,63680,00011,2023-11-10T22:30:00+00:00,,_FNU,Provisional,['DISCONTINUED'],2025-08-30T09:02:45.069499+00:00,STNRD
05c59b8b0f5541c1894759a6160cdab7,USGS-09371010,63680,00011,2023-11-10T22:45:00+00:00,,_FNU,Provisional,['DISCONTINUED'],2025-08-30T09:02:45.069499+00:00,STNRD
05c59b8b0f5541c1894759a6160cdab7,USGS-09371010,63680,00011,2023-11-10T23:00:00+00:00,,_FNU,Provisional,['DISCONTINUED'],2025-08-30T09:02:45.069499+00:00,STNRD
05c59b8b0f5541c1894759a6160cdab7,USGS-09371010,63680,00011,2023-11-10T23:15:00+00:00,,_FNU,Provisional,['DISCONTINUED'],2025-08-30T09:02:45.069499+00:00,STNRD
05c59b8b0f5541c1894759a6160cdab7,USGS-09371010,63680,00011,2023-11-10T23:30:00+00:00,,_FNU,Provisional,['DISCONTINUED'],2025-08-30T09:02:45.069499+00:00,STNRD
05c59b8b0f5541c1894759a6160cdab7,USGS-09371010,63680,00011,2023-11-10T23:45:00+00:00,,_FNU,Provisional,['DISCONTINUED'],2025-08-30T09:02:45.069499+00:00,STNRD
05c59b8b0f5541c1894759a6160cdab7,USGS-09371010,63680,00011,2023-11-11T00:00:00+00:00,,_FNU,Provisional,['DISCONTINUED'],2025-08-30T09:02:45.069499+00:00,STNRD
05c59b8b0f5541c1894759a6160cdab7,USGS-09371010,63680,00011,2023-11-11T00:15:00+00:00,,_FNU,Provisional,['DISCONTINUED'],2025-08-30T09:02:45.069499+00:00,STNRD
05c59b8b0f5541c1894759a6160cdab7,USGS-09371010,63680,00011,2023-11-11T00:30:00+00:00,,_FNU,Provisional,['DISCONTINUED'],2025-08-30T09:02:45.069499+00:00,STNRD
05c59b8b0f5541c1894759a6160cdab7,USGS-09371010,63680,00011,2023-11-11T00:45:00+00:00,,_FNU,Provisional,['DISCONTINUED'],2025-08-30T09:02:45.069499+00:00,STNRD
05c59b8b0f5541c1894759a6160cdab7,USGS-09371010,63680,00011,2023-11-11T01:00:00+00:00,,_FNU,Provisional,['DISCONTINUED'],2025-08-30T09:02:45.069499+00:00,STNRD
05c59b8b0f5541c1894759a6160cdab7,USGS-09371010,63680,00011,2023-11-11T01:15:00+00:00,,_FNU,Provisional,['DISCONTINUED'],2025-08-30T09:02:45.069499+00:00,STNRD
05c59b8b0f5541c1894759a6160cdab7,USGS-09371010,63680,00011,2023-11-11T01:30:00+00:00,,_FNU,Provisional,['DISCONTINUED'],2025-08-30T09:02:45.069499+00:00,STNRD
05c59b8b0f5541c1894759a6160cdab7,USGS-09371010,63680,00011,2023-11-11T01:45:00+00:00,,_FNU,Provisional,['DISCONTINUED'],2025-08-30T09:02:45.069499+00:00,STNRD
05c59b8b0f5541c1894759a6160cdab7,USGS-09371010,63680,00011,2023-11-11T02:00:00+00:00,,_FNU,Provisional,['DISCONTINUED'],2025-08-30T09:02:45.069499+00:00,STNRD
05c59b8b0f5541c1894759a6160cdab7,USGS-09371010,63680,00011,2023-11-11T02:15:00+00:00,,_FNU,Provisional,['DISCONTINUED'],2025-08-30T09:02:45.069499+00:00,STNRD
05c59b8b0f5541c1894759a6160cdab7,USGS-09371010,63680,00011,2023-11-11T02:30:00+00:00,,_FNU,Provisional,['DISCONTINUED'],2025-08-30T09:02:45.069499+00:00,STNRD
05c59b8b0f5541c1894759a6160cdab7,USGS-09371010,63680,00011,2023-11-11T02:45:00+00:00,,_FNU,Provisional,['DISCONTINUED'],2025-08-30T09:02:45.069499+00:00,STNRD
05c59b8b0f5541c1894759a6160cdab7,USGS-09371010,63680,00011,2023-11-11T03:00:00+00:00,,_FNU,Provisional,['DISCONTINUED'],2025-08-30T09:02:45.069499+00:00,STNRD
05c59b8b0f5541c1894759a6160cdab7,USGS-09371010,63680,00011,2023-11-11T03:15:00+00:00,,_FNU,Provisional,['DISCONTINUED'],2025-08-30T09:02:45.069499+00:00,STNRD
05c59b8b0f5541c1894759a6160cdab7,USGS-09371010,63680,00011,2023-11-11T03:30:00+00:00,,_FNU,Provisional,['DISCONTINUED'],2025-08-30T09:02:45.069499+00:00,STNRD
05c59b8b0f5541c1894759a6160cdab7,USGS-09371010,63680,00011,2023-11-11T03:45:00+00:00,,_FNU,Provisional,['DISCONTINUED'],2025-08-30T09:02:45.069499+00:00,STNRD
05c59b8b0f5541c1894759a6160cdab7,USGS-09371010,63680,00011,2023-11-11T04:00:00+00:00,,_FNU,Provisional,['DISCONTINUED'],2025-08-30T09:02:45.069499+00:00,STNRD
05c59b8b0f5541c1894759a6160cdab7,USGS-09371010,63680,00011,2023-11-11T04:15:00+00:00,,_FNU,Provisional,['DISCONTINUED'],2025-08-30T09:02:45.069499+00:00,STNRD
05c59b8b0f5541c1894759a6160cdab7,USGS-09371010,63680,00011,2023-11-11T04:30:00+00:00,,_FNU,Provisional,['DISCONTINUED'],2025-08-30T09:02:45.069499+00:00,STNRD
05c59b8b0f5541c1894759a6160cdab7,USGS-09371010,63680,00011,2023-11-11T04:45:00+00:00,,_FNU,Provisional,['DISCONTINUED'],2025-08-30T09:02:45.069499+00:00,STNRD
05c59b8b0f5541c1894759a6160cdab7,USGS-09371010,63680,00011,2023-11-11T05:00:00+00:00,,_FNU,Provisional,['DISCONTINUED'],2025-08-30T09:02:45.069499+00:00,STNRD
05c59b8b0f5541c1894759a6160cdab7,USGS-09371010,63680,00011,2023-11-11T05:15:00+00:00,,_FNU,Provisional,['DISCONTINUED'],2025-08-30T09:02:45.069499+00:00,STNRD
05c59b8b0f5541c1894759a6160cdab7,USGS-09371010,63680,00011,2023-11-11T05:30:00+00:00,,_FNU,Provisional,['DISCONTINUED'],2025-08-30T09:02:45.069499+00:00,STNRD
05c59b8b0f5541c1894759a6160cdab7,USGS-09371010,63680,00011,2023-11-11T05:45:00+00:00,,_FNU,Provisional,['DISCONTINUED'],2025-08-30T09:02:45.069499+00:00,STNRD
05c59b8b0f5541c1894759a6160cdab7,USGS-09371010,63680,00011,2023-11-11T06:00:00+00:00,,_FNU,Provisional,['DISCONTINUED'],2025-08-30T09:02:45.069499+00:00,STNRD
05c59b8b0f5541c1894759a6160cdab7,USGS-09371010,63680,00011,2023-11-11T06:15:00+00:00,,_FNU,Provisional,['DISCONTINUED'],2025-08-30T09:02:45.069499+00:00,STNRD
05c59b8b0f5541c1894759a6160cdab7,USGS-09371010,63680,00011,2023-11-11T06:30:00+00:00,,_FNU,Provisional,['DISCONTINUED'],2025-08-30T09:02:45.069499+00:00,STNRD
05c59b8b0f5541c1894759a6160cdab7,USGS-09371010,63680,00011,2023-11-11T06:45:00+00:00,,_FNU,Provisional,['DISCONTINUED'],2025-08-30T09:02:45.069499+00:00,STNRD
05c59b8b0f5541c1894759a6160cdab7,USGS-09371010,63680,00011,2023-11-11T07:00:00+00:00,,_FNU,Provisional,['DISCONTINUED'],2025-08-30T09:02:45.069499+00:00,STNRD
05c59b8b0f5541c1894759a6160cdab7,USGS-09371010,63680,00011,2023-11-11T07:15:00+00:00,,_FNU,Provisional,['DISCONTINUED'],2025-08-30T09:02:45.069499+00:00,STNRD
05c59b8b0f5541c1894759a6160cdab7,USGS-09371010,63680,00011,2023-11-11T07:30:00+00:00,,_FNU,Provisional,['DISCONTINUED'],2025-08-30T09:02:45.069499+00:00,STNRD
05c59b8b0f5541c1894759a6160cdab7,USGS-09371010,63680,00011,2023-11-11T07:45:00+00:00,,_FNU,Provisional,['DISCONTINUED'],2025-08-30T09:02:45.069499+00:00,STNRD
05c59b8b0f5541c1894759a6160cdab7,USGS-09371010,63680,00011,2023-11-11T08:00:00+00:00,,_FNU,Provisional,['DISCONTINUED'],2025-08-30T09:02:45.069499+00:00,STNRD
05c59b8b0f5541c1894759a6160cdab7,USGS-09371010,63680,00011,2023-11-11T08:15:00+00:00,,_FNU,Provisional,['DISCONTINUED'],2025-08-30T09:02:45.069499+00:00,STNRD
05c59b8b0f5541c1894759a6160cdab7,USGS-09371010,63680,00011,2023-11-11T08:30:00+00:00,,_FNU,Provisional,['DISCONTINUED'],2025-08-30T09:02:45.069499+00:00,STNRD
05c59b8b0f5541c1894759a6160cdab7,USGS-09371010,63680,00011,2023-11-11T08:45:00+00:00,,_FNU,Provisional,['DISCONTINUED'],2025-08-30T09:02:45.069499+00:00,STNRD
05c59b8b0f5541c1894759a6160cdab7,USGS-09371010,63680,00011,2023-11-11T09:00:00+00:00,,_FNU,Provisional,['DISCONTINUED'],2025-08-30T09:02:45.069499+00:00,STNRD
05c59b8b0f5541c1894759a6160cdab7,USGS-09371010,63680,00011,2023-11-11T09:15:00+00:00,,_FNU,Provisional,['DISCONTINUED'],2025-08-30T09:02:45.069499+00:00,STNRD
05c59b8b0f5541c1894759a6160cdab7,USGS-09371010,63680,00011,2023-11-11T09:30:00+00:00,,_FNU,Provisional,['DISCONTINUED'],2025-08-30T09:02:45.069499+00:00,STNRD
05c59b8b0f5541c1894759a6160cdab7,USGS-09371010,63680,00011,2023-11-11T09:45:00+00:00,,_FNU,Provisional,['DISCONTINUED'],2025-08-30T09:02:45.069499+00:00,STNRD
05c59b8b0f5541c1894759a6160cdab7,USGS-09371010,63680,00011,2023-11-11T10:00:00+00:00,,_FNU,Provisional,['DISCONTINUED'],2025-08-30T09:02:45.069499+00:00,STNRD
05c59b8b0f5541c1894759a6160cdab7,USGS-09371010,63680,00011,2023-11-11T10:15:00+00:00,,_FNU,Provisional,['DISCONTINUED'],2025-08-30T09:02:45.069499+00:00,STNRD
05c59b8b0f5541c1894759a6160cdab7,USGS-09371010,63680,00011,2023-11-11T10:30:00+00:00,,_FNU,Provisional,['DISCONTINUED'],2025-08-30T09:02:45.069499+00:00,STNRD
05c59b8b0f5541c1894759a6160cdab7,USGS-09371010,63680,00011,2023-11-11T10:45:00+00:00,,_FNU,Provisional,['DISCONTINUED'],2025-08-30T09:02:45.069499+00:00,STNRD
05c59b8b0f5541c1894759a6160cdab7,USGS-09371010,63680,00011,2023-11-11T11:00:00+00:00,,_FNU,Provisional,['DISCONTINUED'],2025-08-30T09:02:45.069499+00:00,STNRD
05c59b8b0f5541c1894759a6160cdab7,USGS-09371010,63680,00011,2023-11-11T11:15:00+00:00,,_FNU,Provisional,['DISCONTINUED'],2025-08-30T09:02:45.069499+00:00,STNRD
05c59b8b0f5541c1894759a6160cdab7,USGS-09371010,63680,00011,2023-11-11T11:30:00+00:00,,_FNU,Provisional,['DISCONTINUED'],2025-08-30T09:02:45.069499+00:00,STNRD
05c59b8b0f5541c1894759a6160cdab7,USGS-09371010,63680,00011,2023-11-11T11:45:00+00:00,,_FNU,Provisional,['DISCONTINUED'],2025-08-30T09:02:45.069499+00:00,STNRD
05c59b8b0f5541c1894759a6160cdab7,USGS-09371010,63680,00011,2023-11-11T12:00:00+00:00,,_FNU,Provisional,['DISCONTINUED'],2025-08-30T09:02:45.069499+00:00,STNRD
05c59b8b0f5541c1894759a6160cdab7,USGS-09371010,63680,00011,2023-11-11T12:15:00+00:00,,_FNU,Provisional,['DISCONTINUED'],2025-08-30T09:02:45.069499+00:00,STNRD
05c59b8b0f5541c1894759a6160cdab7,USGS-09371010,63680,00011,2023-11-11T12:30:00+00:00,,_FNU,Provisional,['DISCONTINUED'],2025-08-30T09:02:45.069499+00:00,STNRD
05c59b8b0f5541c1894759a6160cdab7,USGS-09371010,63680,00011,2023-11-11T12:45:00+00:00,,_FNU,Provisional,['DISCONTINUED'],2025-08-30T09:02:45.069499+00:00,STNRD
05c59b8b0f5541c1894759a6160cdab7,USGS-09371010,63680,00011,2023-11-11T13:00:00+00:00,,_FNU,Provisional,['DISCONTINUED'],2025-08-30T09:02:45.069499+00:00,STNRD
05c59b8b0f5541c1894759a6160cdab7,USGS-09371010,63680,00011,2023-11-11T13:15:00+00:00,,_FNU,Provisional,['DISCONTINUED'],2025-08-30T09:02:45.069499+00:00,STNRD
05c59b8b0f5541c1894759a6160cdab7,USGS-09371010,63680,00011,2023-11-11T13:30:00+00:00,,_FNU,Provisional,['DISCONTINUED'],2025-08-30T09:02:45.069499+00:00,STNRD
05c59b8b0f5541c1894759a6160cdab7,USGS-09371010,63680,00011,2023-11-11T13:45:00+00:00,,_FNU,Provisional,['DISCONTINUED'],2025-08-30T09:02:45.069499+00:00,STNRD
05c59b8b0f5541c1894759a6160cdab7,USGS-09371010,63680,00011,2023-11-11T14:00:00+00:00,,_FNU,Provisional,['DISCONTINUED'],2025-08-30T09:02:45.069499+00:00,STNRD
05c59b8b0f5541c1894759a6160cdab7,USGS-09371010,63680,00011,2023-11-11T14:15:00+00:00,,_FNU,Provisional,['DISCONTINUED'],2025-08-30T09:02:45.069499+00:00,STNRD
05c59b8b0f5541c1894759a6160cdab7,USGS-09371010,63680,00011,2023-11-11T14:30:00+00:00,,_FNU,Provisional,['DISCONTINUED'],2025-08-30T09:02:45.069499+00:00,STNRD
05c59b8b0f5541c1894759a6160cdab7,USGS-09371010,63680,00011,2023-11-11T14:45:00+00:00,,_FNU,Provisional,['DISCONTINUED'],2025-08-30T09:02:45.069499+00:00,STNRD
05c59b8b0f5541c1894759a6160cdab7,USGS-09371010,63680,00011,2023-11-11T15:00:00+00:00,,_FNU,Provisional,['DISCONTINUED'],2025-08-30T09:02:45.069499+00:00,STNRD
05c59b8b0f5541c1894759a6160cdab7,USGS-09371010,63680,00011,2023-11-11T15:15:00+00:00,,_FNU,Provisional,['DISCONTINUED'],2025-08-30T09:02:45.069499+00:00,STNRD
05c59b8b0f5541c1894759a6160cdab7,USGS-09371010,63680,00011,2023-11-11T15:30:00+00:00,,_FNU,Provisional,['DISCONTINUED'],2025-08-30T09:02:45.069499+00:00,STNRD
05c59b8b0f5541c1894759a6160cdab7,USGS-09371010,63680,00011,2023-11-11T15:45:00+00:00,,_FNU,Provisional,['DISCONTINUED'],2025-08-30T09:02:45.069499+00:00,STNRD
05c59b8b0f5541c1894759a6160cdab7,USGS-09371010,63680,00011,2023-11-11T16:00:00+00:00,,_FNU,Provisional,['DISCONTINUED'],2025-08-30T09:02:45.069499+00:00,STNRD
05c59b8b0f5541c1894759a6160cdab7,USGS-09371010,63680,00011,2023-11-11T16:15:00+00:00,,_FNU,Provisional,['DISCONTINUED'],2025-08-30T09:02:45.069499+00:00,STNRD
05c59b8b0f5541c1894759a6160cdab7,USGS-09371010,63680,00011,2023-11-11T16:30:00+00:00,,_FNU,Provisional,['DISCONTINUED'],2025-08-30T09:02:45.069499+00:00,STNRD
05c59b8b0f5541c1894759a6160cdab7,USGS-09371010,63680,00011,2023-11-11T16:45:00+00:00,,_FNU,Provisional,['DISCONTINUED'],2025-08-30T09:02:45.069499+00:00,STNRD
05c59b8b0f5541c1894759a6160cdab7,USGS-09371010,63680,00011,2023-11-11T17:00:00+00:00,,_FNU,Provisional,['DISCONTINUED'],2025-08-30T09:02:45.069499+00:00,STNRD
05c59b8b0f5541c1894759a6160cdab7,USGS-09371010,63680,00011,2023-11-11T17:15:00+00:00,,_FNU,Provisional,['DISCONTINUED'],2025-08-30T09:02:45.069499+00:00,STNRD
05c59b8b0f5541c1894759a6160cdab7,USGS-09371010,63680,00011,2023-11-11T17:30:00+00:00,,_FNU,Provisional,['DISCONTINUED'],2025-08-30T09:02:45.069499+00:00,STNRD
05c59b8b0f5541c1894759a6160cdab7,USGS-09371010,63680,00011,2023-11-11T17:45:00+00:00,,_FNU,Provisional,['DISCONTINUED'],2025-08-30T09:02:45.069499+00:00,STNRD
05c59b8b0f5541c1894759a6160cdab7,USGS-09371010,63680,00011,2023-11-11T18:00:00+00:00,,_FNU,Provisional,['DISCONTINUED'],2025-08-30T09:02:45.069499+00:00,STNRD
05c59b8b0f5541c1894759a6160cdab7,USGS-09371010,63680,00011,2023-11-11T18:15:00+00:00,,_FNU,Provisional,['DISCONTINUED'],2025-08-30T09:02:45.069499+00:00,STNRD
05c59b8b0f5541c1894759a6160cdab7,USGS-09371010,63680,00011,2023-11-11T18:30:00+00:00,,_FNU,Provisional,['DISCONTINUED'],2025-08-30T09:02:45.069499+00:00,STNRD
05c59b8b0f5541c1894759a6160cdab7,USGS-09371010,63680,00011,2023-11-11T18:45:00+00:00,,_FNU,Provisional,['DISCONTINUED'],2025-08-30T09:02:45.069499+00:00,STNRD
05c59b8b0f5541c1894759a6160cdab7,USGS-09371010,63680,00011,2023-11-11T19:00:00+00:00,,_FNU,Provisional,['DISCONTINUED'],2025-08-30T09:02:45.069499+00:00,STNRD
05c59b8b0f5541c1894759a6160cdab7,USGS-09371010,63680,00011,2023-11-11T19:15:00+00:00,,_FNU,Provisional,['DISCONTINUED'],2025-08-30T09:02:45.069499+00:00,STNRD
05c59b8b0f5541c1894759a6160cdab7,USGS-09371010,63680,00011,2023-11-11T19:30:00+00:00,,_FNU,Provisional,['DISCONTINUED'],2025-08-30T09:02:45.069499+00:00,STNRD
05c59b8b0f5541c1894759a6160cdab7,USGS-09371010,63680,00011,2023-11-11T19:45:00+00:00,,_FNU,Provisional,['DISCONTINUED'],2025-08-30T09:02:45.069499+00:00,STNRD
05c59b8b0f5541c1894759a6160cdab7,USGS-09371010,63680,00011,2023-11-11T20:00:00+00:00,,_FNU,Provisional,['DISCONTINUED'],2025-08-30T09:02:45.069499+00:00,STNRD
05c59b8b0f5541c1894759a6160cdab7,USGS-09371010,63680,00011,2023-11-11T20:15:00+00:00,,_FNU,Provisional,['DISCONTINUED'],2025-08-30T09:02:45.069499+00:00,STNRD
05c59b8b0f5541c1894759a6160cdab7,USGS-09371010,63680,00011,2023-11-11T20:30:00+00:00,,_FNU,Provisional,['DISCONTINUED'],2025-08-30T09:02:45.069499+00:00,STNRD
05c59b8b0f5541c1894759a6160cdab7,USGS-09371010,63680,00011,2023-11-11T20:45:00+00:00,,_FNU,Provisional,['DISCONTINUED'],2025-08-30T09:02:45.069499+00:00,STNRD
05c59b8b0f5541c1894759a6160cdab7,USGS-09371010,63680,00011,2023-11-11T21:00:00+00:00,,_FNU,Provisional,['DISCONTINUED'],2025-08-30T09:02:45.069499+00:00,STNRD
05c59b8b0f5541c1894759a6160cdab7,USGS-09371010,63680,00011,2023-11-11T21:15:00+00:00,,_FNU,Provisional,['DISCONTINUED'],2025-08-30T09:02:45.069499+00:00,STNRD
05c59b8b0f5541c1894759a6160cdab7,USGS-09371010,63680,00011,2023-11-11T21:30:00+00:00,,_FNU,Provisional,['DISCONTINUED'],2025-08-30T09:02:45.069499+00:00,STNRD
05c59b8b0f5541c1894759a6160cdab7,USGS-09371010,63680,00011,2023-11-11T21:45:00+00:00,,_FNU,Provisional,['DISCONTINUED'],2025-08-30T09:02:45.069499+00:00,STNRD
05c59b8b0f5541c1894759a6160cdab7,USGS-09371010,63680,00011,2023-11-11T22:00:00+00:00,,_FNU,Provisional,['DISCONTINUED'],2025-08-30T09:02:45.069499+00:00,STNRD
05c59b8b0f5541c1894759a6160cdab7,USGS-09371010,63680,00011,2023-11-11T22:15:00+00:00,,_FNU,Provisional,['DISCONTINUED'],2025-08-30T09:02:45.069499+00:00,STNRD
05c59b8b0f5541c1894759a6160cdab7,USGS-09371010,63680,00011,2023-11-11T22:30:00+00:00,,_FNU,Provisional,['DISCONTINUED'],2025-08-30T09:02:45.069499+00:00,STNRD
05c59b8b0f5541c1894759a6160cdab7,USGS-09371010,63680,00011,2023-11-11T22:45:00+00:00,,_FNU,Provisional,['DISCONTINUED'],2025-08-30T09:02:45.069499+00:00,STNRD
05c59b8b0f5541c1894759a6160cdab7,USGS-09371010,63680,00011,2023-11-11T23:00:00+00:00,,_FNU,Provisional,['DISCONTINUED'],2025-08-30T09:02:45.069499+00:00,STNRD
05c59b8b0f5541c1894759a6160cdab7,USGS-09371010,63680,00011,2023-11-11T23:15:00+00:00,,_FNU,Provisional,['DISCONTINUED'],2025-08-30T09:02:45.069499+00:00,STNRD
05c59b8b0f5541c1894759a6160cdab7,USGS-09371010,63680,00011,2023-11-11T23:30:00+00:00,,_FNU,Provisional,['DISCONTINUED'],2025-08-30T09:02:45.069499+00:00,STNRD
05c59b8b0f5541c1894759a6160cdab7,USGS-09371010,63680,00011,2023-11-11T23:45:00+00:00,,_FNU,Provisional,['DISCONTINUED'],2025-08-30T09:02:45.069499+00:00,STNRD
05c59b8b0f5541c1894759a6160cdab7,USGS-09371010,63680,00011,2023-11-12T00:00:00+00:00,,_FNU,Provisional,['DISCONTINUED'],2025-08-30T09:02:45.069499+00:00,STNRD
05c59b8b0f5541c1894759a6160cdab7,USGS-09371010,63680,00011,2023-11-12T00:15:00+00:00,,_FNU,Provisional,['DISCONTINUED'],2025-08-30T09:02:45.069499+00:00,STNRD
05c59b8b0f5541c1894759a6160cdab7,USGS-09371010,63680,00011,2023-11-12T00:30:00+00:00,,_FNU,Provisional,['DISCONTINUED'],2025-08-30T09:02:45.069499+00:00,STNRD
05c59b8b0f5541c1894759a6160cdab7,USGS-09371010,63680,00011,2023-11-12T00:45:00+00:00,,_FNU,Provisional,['DISCONTINUED'],2025-08-30T09:02:45.069499+00:00,STNRD
05c59b8b0f5541c1894759a6160cdab7,USGS-09371010,63680,00011,2023-11-12T01:00:00+00:00,,_FNU,Provisional,['DISCONTINUED'],2025-08-30T09:02:45.069499+00:00,STNRD
05c59b8b0f5541c1894759a6160cdab7,USGS-09371010,63680,00011,2023-11-12T01:15:00+00:00,,_FNU,Provisional,['DISCONTINUED'],2025-08-30T09:02:45.069499+00:00,STNRD
05c59b8b0f5541c1894759a6160cdab7,USGS-09371010,63680,00011,2023-11-12T01:30:00+00:00,,_FNU,Provisional,['DISCONTINUED'],2025-08-30T09:02:45.069499+00:00,STNRD
05c59b8b0f5541c1894759a6160cdab7,USGS-09371010,63680,00011,2023-11-12T01:45:00+00:00,,_FNU,Provisional,['DISCONTINUED'],2025-08-30T09:02:45.069499+00:00,STNRD
05c59b8b0f5541c1894759a6160cdab7,USGS-09371010,63680,00011,2023-11-12T02:00:00+00:00,,_FNU,Provisional,['DISCONTINUED'],2025-08-30T09:02:45.069499+00:00,STNRD
05c59b8b0f5541c1894759a6160cdab7,USGS-09371010,63680,00011,2023-11-12T02:15:00+00:00,,_FNU,Provisional,['DISCONTINUED'],2025-08-30T09:02:45.069499+00:00,STNRD
05c59b8b0f5541c1894759a6160cdab7,USGS-09371010,63680,00011,2023-11-12T02:30:00+00:00,,_FNU,Provisional,['DISCONTINUED'],2025-08-30T09:02:45.069499+00:00,STNRD
05c59b8b0f5541c1894759a6160cdab7,USGS-09371010,63680,00011,2023-11-12T02:45:00+00:00,,_FNU,Provisional,['DISCONTINUED'],2025-08-30T09:02:45.069499+00:00,STNRD
05c59b8b0f5541c1894759a6160cdab7,USGS-09371010,63680,00011,2023-11-12T03:00:00+00:00,,_FNU,Provisional,['DISCONTINUED'],2025-08-30T09:02:45.069499+00:00,STNRD
05c59b8b0f5541c1894759a6160cdab7,USGS-09371010,63680,00011,2023-11-12T03:30:00+00:00,,_FNU,Provisional,['DISCONTINUED'],2025-08-30T09:02:45.069499+00:00,STNRD
05c59b8b0f5541c1894759a6160cdab7,USGS-09371010,63680,00011,2023-11-12T03:45:00+00:00,,_FNU,Provisional,['DISCONTINUED'],2025-08-30T09:02:45.069499+00:00,STNRD
05c59b8b0f5541c1894759a6160cdab7,USGS-09371010,63680,00011,2023-11-12T04:00:00+00:00,,_FNU,Provisional,['DISCONTINUED'],2025-08-30T09:02:45.069499+00:00,STNRD
05c59b8b0f5541c1894759a6160cdab7,USGS-09371010,63680,00011,2023-11-12T04:15:00+00:00,,_FNU,Provisional,['DISCONTINUED'],2025-08-30T09:02:45.069499+00:00,STNRD
05c59b8b0f5541c1894759a6160cdab7,USGS-09371010,63680,00011,2023-11-12T04:30:00+00:00,,_FNU,Provisional,['DISCONTINUED'],2025-08-30T09:02:45.069499+00:00,STNRD
05c59b8b0f5541c1894759a6160cdab7,USGS-09371010,63680,00011,2023-11-12T04:45:00+00:00,,_FNU,Provisional,['DISCONTINUED'],2025-08-30T09:02:45.069499+00:00,STNRD
05c59b8b0f5541c1894759a6160cdab7,USGS-09371010,63680,00011,2023-11-12T05:00:00+00:00,,_FNU,Provisional,['DISCONTINUED'],2025-08-30T09:02:45.069499+00:00,STNRD
05c59b8b0f5541c1894759a6160cdab7,USGS-09371010,63680,00011,2023-11-12T05:15:00+00:00,,_FNU,Provisional,['DISCONTINUED'],2025-08-30T09:02:45.069499+00:00,STNRD
05c59b8b0f5541c1894759a6160cdab7,USGS-09371010,63680,00011,2023-11-12T05:30:00+00:00,,_FNU,Provisional,['DISCONTINUED'],2025-08-30T09:02:45.069499+00:00,STNRD
05c59b8b0f5541c1894759a6160cdab7,USGS-09371010,63680,00011,2023-11-12T05:45:00+00:00,,_FNU,Provisional,['DISCONTINUED'],2025-08-30T09:02:45.069499+00:00,STNRD
05c59b8b0f5541c1894759a6160cdab7,USGS-09371010,63680,00011,2023-11-12T06:00:00+00:00,,_FNU,Provisional,['DISCONTINUED'],2025-08-30T09:02:45.069499+00:00,STNRD
05c59b8b0f5541c1894759a6160cdab7,USGS-09371010,63680,00011,2023-11-12T06:15:00+00:00,,_FNU,Provisional,['DISCONTINUED'],2025-08-30T09:02:45.069499+00:00,STNRD
05c59b8b0f5541c1894759a6160cdab7,USGS-09371010,63680,00011,2023-11-12T06:30:00+00:00,,_FNU,Provisional,['DISCONTINUED'],2025-08-30T09:02:45.069499+00:00,STNRD
05c59b8b0f5541c1894759a6160cdab7,USGS-09371010,63680,00011,2023-11-12T06:45:00+00:00,,_FNU,Provisional,['DISCONTINUED'],2025-08-30T09:02:45.069499+00:00,STNRD
05c59b8b0f5541c1894759a6160cdab7,USGS-09371010,63680,00011,2023-11-12T07:00:00+00:00,,_FNU,Provisional,['DISCONTINUED'],2025-08-30T09:02:45.069499+00:00,STNRD
05c59b8b0f5541c1894759a6160cdab7,USGS-09371010,63680,00011,2023-11-12T07:15:00+00:00,,_FNU,Provisional,['DISCONTINUED'],2025-08-30T09:02:45.069499+00:00,STNRD
05c59b8b0f5541c1894759a6160cdab7,USGS-09371010,63680,00011,2023-11-12T07:30:00+00:00,,_FNU,Provisional,['DISCONTINUED'],2025-08-30T09:02:45.069499+00:00,STNRD
05c59b8b0f5541c1894759a6160cdab7,USGS-09371010,63680,00011,2023-11-12T07:45:00+00:00,,_FNU,Provisional,['DISCONTINUED'],2025-08-30T09:02:45.069499+00:00,STNRD
05c59b8b0f5541c1894759a6160cdab7,USGS-09371010,63680,00011,2023-11-12T08:00:00+00:00,,_FNU,Provisional,['DISCONTINUED'],2025-08-30T09:02:45.069499+00:00,STNRD
05c59b8b0f5541c1894759a6160cdab7,USGS-09371010,63680,00011,2023-11-12T08:15:00+00:00,,_FNU,Provisional,['DISCONTINUED'],2025-08-30T09:02:45.069499+00:00,STNRD
05c59b8b0f5541c1894759a6160cdab7,USGS-09371010,63680,00011,2023-11-12T08:30:00+00:00,,_FNU,Provisional,['DISCONTINUED'],2025-08-30T09:02:45.069499+00:00,STNRD
05c59b8b0f5541c1894759a6160cdab7,USGS-09371010,63680,00011,2023-11-12T08:45:00+00:00,,_FNU,Provisional,['DISCONTINUED'],2025-08-30T09:02:45.069499+00:00,STNRD
05c59b8b0f5541c1894759a6160cdab7,USGS-09371010,63680,00011,2023-11-12T09:00:00+00:00,,_FNU,Provisional,['DISCONTINUED'],2025-08-30T09:02:45.069499+00:00,STNRD
05c59b8b0f5541c1894759a6160cdab7,USGS-09371010,63680,00011,2023-11-12T09:15:00+00:00,,_FNU,Provisional,['DISCONTINUED'],2025-08-30T09:02:45.069499+00:00,STNRD
05c59b8b0f5541c1894759a6160cdab7,USGS-09371010,63680,00011,2023-11-12T09:30:00+00:00,,_FNU,Provisional,['DISCONTINUED'],2025-08-30T09:02:45.069499+00:00,STNRD
05c59b8b0f5541c1894759a6160cdab7,USGS-09371010,63680,00011,2023-11-12T09:45:00+00:00,,_FNU,Provisional,['DISCONTINUED'],2025-08-30T09:02:45.069499+00:00,STNRD
05c59b8b0f5541c1894759a6160cdab7,USGS-09371010,63680,00011,2023-11-12T10:00:00+00:00,,_FNU,Provisional,['DISCONTINUED'],2025-08-30T09:02:45.069499+00:00,STNRD
05c59b8b0f5541c1894759a6160cdab7,USGS-09371010,63680,00011,2023-11-12T10:15:00+00:00,,_FNU,Provisional,['DISCONTINUED'],2025-08-30T09:02:45.069499+00:00,STNRD
05c59b8b0f5541c1894759a6160cdab7,USGS-09371010,63680,00011,2023-11-12T10:30:00+00:00,,_FNU,Provisional,['DISCONTINUED'],2025-08-30T09:02:45.069499+00:00,STNRD
05c59b8b0f5541c1894759a6160cdab7,USGS-09371010,63680,00011,2023-11-12T10:45:00+00:00,,_FNU,Provisional,['DISCONTINUED'],2025-08-30T09:02:45.069499+00:00,STNRD
05c59b8b0f5541c1894759a6160cdab7,USGS-09371010,63680,00011,2023-11-12T11:00:00+00:00,,_FNU,Provisional,['DISCONTINUED'],2025-08-30T09:02:45.069499+00:00,STNRD
05c59b8b0f5541c1894759a6160cdab7,USGS-09371010,63680,00011,2023-11-12T11:15:00+00:00,,_FNU,Provisional,['DISCONTINUED'],2025-08-30T09:02:45.069499+00:00,STNRD
05c59b8b0f5541c1894759a6160cdab7,USGS-09371010,63680,00011,2023-11-12T11:30:00+00:00,,_FNU,Provisional,['DISCONTINUED'],2025-08-30T09:02:45.069499+00:00,STNRD
05c59b8b0f5541c1894759a6160cdab7,USGS-09371010,63680,00011,2023-11-12T11:45:00+00:00,,_FNU,Provisional,['DISCONTINUED'],2025-08-30T09:02:45.069499+00:00,STNRD
05c59b8b0f5541c1894759a6160cdab7,USGS-09371010,63680,00011,2023-11-12T12:00:00+00:00,,_FNU,Provisional,['DISCONTINUED'],2025-08-30T09:02:45.069499+00:00,STNRD
05c59b8b0f5541c1894759a6160cdab7,USGS-09371010,63680,00011,2023-11-12T12:15:00+00:00,,_FNU,Provisional,['DISCONTINUED'],2025-08-30T09:02:45.069499+00:00,STNRD
05c59b8b0f5541c1894759a6160cdab7,USGS-09371010,63680,00011,2023-11-12T12:30:00+00:00,,_FNU,Provisional,['DISCONTINUED'],2025-08-30T09:02:45.069499+00:00,STNRD
05c59b8b0f5541c1894759a6160cdab7,USGS-09371010,63680,00011,2023-11-12T12:45:00+00:00,,_FNU,Provisional,['DISCONTINUED'],2025-08-30T09:02:45.069499+00:00,STNRD
05c59b8b0f5541c1894759a6160cdab7,USGS-09371010,63680,00011,2023-11-12T13:00:00+00:00,,_FNU,Provisional,['DISCONTINUED'],2025-08-30T09:02:45.069499+00:00,STNRD
05c59b8b0f5541c1894759a6160cdab7,USGS-09371010,63680,00011,2023-11-12T13:15:00+00:00,,_FNU,Provisional,['DISCONTINUED'],2025-08-30T09:02:45.069499+00:00,STNRD
05c59b8b0f5541c1894759a6160cdab7,USGS-09371010,63680,00011,2023-11-12T13:30:00+00:00,,_FNU,Provisional,['DISCONTINUED'],2025-08-30T09:02:45.069499+00:00,STNRD
05c59b8b0f5541c1894759a6160cdab7,USGS-09371010,63680,00011,2023-11-12T13:45:00+00:00,,_FNU,Provisional,['DISCONTINUED'],2025-08-30T09:02:45.069499+00:00,STNRD
05c59b8b0f5541c1894759a6160cdab7,USGS-09371010,63680,00011,2023-11-12T14:00:00+00:00,,_FNU,Provisional,['DISCONTINUED'],2025-08-30T09:02:45.069499+00:00,STNRD
05c59b8b0f5541c1894759a6160cdab7,USGS-09371010,63680,00011,2023-11-12T14:15:00+00:00,,_FNU,Provisional,['DISCONTINUED'],2025-08-30T09:02:45.069499+00:00,STNRD
05c59b8b0f5541c1894759a6160cdab7,USGS-09371010,63680,00011,2023-11-12T14:30:00+00:00,,_FNU,Provisional,['DISCONTINUED'],2025-08-30T09:02:45.069499+00:00,STNRD
05c59b8b0f5541c1894759a6160cdab7,USGS-09371010,63680,00011,2023-11-12T14:45:00+00:00,,_FNU,Provisional,['DISCONTINUED'],2025-08-30T09:02:45.069499+00:00,STNRD
05c59b8b0f5541c1894759a6160cdab7,USGS-09371010,63680,00011,2023-11-12T15:00:00+00:00,,_FNU,Provisional,['DISCONTINUED'],2025-08-30T09:02:45.069499+00:00,STNRD
05c59b8b0f5541c1894759a6160cdab7,USGS-09371010,63680,00011,2023-11-12T15:15:00+00:00,,_FNU,Provisional,['DISCONTINUED'],2025-08-30T09:02:45.069499+00:00,STNRD
05c59b8b0f5541c1894759a6160cdab7,USGS-09371010,63680,00011,2023-11-12T15:30:00+00:00,,_FNU,Provisional,['DISCONTINUED'],2025-08-30T09:02:45.069499+00:00,STNRD
05c59b8b0f5541c1894759a6160cdab7,USGS-09371010,63680,00011,2023-11-12T15:45:00+00:00,,_FNU,Provisional,['DISCONTINUED'],2025-08-30T09:02:45.069499+00:00,STNRD
05c59b8b0f5541c1894759a6160cdab7,USGS-09371010,63680,00011,2023-11-12T16:00:00+00:00,,_FNU,Provisional,['DISCONTINUED'],2025-08-30T09:02:45.069499+00:00,STNRD
05c59b8b0f5541c1894759a6160cdab7,USGS-09371010,63680,00011,2023-11-12T16:15:00+00:00,,_FNU,Provisional,['DISCONTINUED'],2025-08-30T09:02:45.069499+00:00,STNRD
05c59b8b0f5541c1894759a6160cdab7,USGS-09371010,63680,00011,2023-11-12T16:30:00+00:00,,_FNU,Provisional,['DISCONTINUED'],2025-08-30T09:02:45.069499+00:00,STNRD
05c59b8b0f5541c1894759a6160cdab7,USGS-09371010,63680,00011,2023-11-12T16:45:00+00:00,,_FNU,Provisional,['DISCONTINUED'],2025-08-30T09:02:45.069499+00:00,STNRD
05c59b8b0f5541c1894759a6160cdab7,USGS-09371010,63680,00011,2023-11-12T17:00:00+00:00,,_FNU,Provisional,['DISCONTINUED'],2025-08-30T09:02:45.069499+00:00,STNRD
05c59b8b0f5541c1894759a6160cdab7,USGS-09371010,63680,00011,2023-11-12T17:15:00+00:00,,_FNU,Provisional,['DISCONTINUED'],2025-08-30T09:02:45.069499+00:00,STNRD
05c59b8b0f5541c1894759a6160cdab7,USGS-09371010,63680,00011,2023-11-12T17:30:00+00:00,,_FNU,Provisional,['DISCONTINUED'],2025-08-30T09:02:45.069499+00:00,STNRD
05c59b8b0f5541c1894759a6160cdab7,USGS-09371010,63680,00011,2023-11-12T17:45:00+00:00,,_FNU,Provisional,['DISCONTINUED'],2025-08-30T09:02:45.069499+00:00,STNRD
05c59b8b0f5541c1894759a6160cdab7,USGS-09371010,63680,00011,2023-11-12T18:00:00+00:00,,_FNU,Provisional,['DISCONTINUED'],2025-08-30T09:02:45.069499+00:00,STNRD
05c59b8b0f5541c1894759a6160cdab7,USGS-09371010,63680,00011,2023-11-12T18:15:00+00:00,,_FNU,Provisional,['DISCONTINUED'],2025-08-30T09:02:45.069499+00:00,STNRD
05c59b8b0f5541c1894759a6160cdab7,USGS-09371010,63680,00011,2023-11-12T18:30:00+00:00,,_FNU,Provisional,['DISCONTINUED'],2025-08-30T09:02:45.069499+00:00,STNRD
05c59b8b0f5541c1894759a6160cdab7,USGS-09371010,63680,00011,2023-11-12T18:45:00+00:00,,_FNU,Provisional,['DISCONTINUED'],2025-08-30T09:02:45.069499+00:00,STNRD
05c59b8b0f5541c1894759a6160cdab7,USGS-09371010,63680,00011,2023-11-12T19:00:00+00:00,,_FNU,Provisional,['DISCONTINUED'],2025-08-30T09:02:45.069499+00:00,STNRD
05c59b8b0f5541c1894759a6160cdab7,USGS-09371010,63680,00011,2023-11-12T19:15:00+00:00,,_FNU,Provisional,['DISCONTINUED'],2025-08-30T09:02:45.069499+00:00,STNRD
05c59b8b0f5541c1894759a6160cdab7,USGS-09371010,63680,00011,2023-11-12T19:30:00+00:00,,_FNU,Provisional,['DISCONTINUED'],2025-08-30T09:02:45.069499+00:00,STNRD
05c59b8b0f5541c1894759a6160cdab7,USGS-09371010,63680,00011,2023-11-12T19:45:00+00:00,,_FNU,Provisional,['DISCONTINUED'],2025-08-30T09:02:45.069499+00:00,STNRD
05c59b8b0f5541c1894759a6160cdab7,USGS-09371010,63680,00011,2023-11-12T20:00:00+00:00,,_FNU,Provisional,['DISCONTINUED'],2025-08-30T09:02:45.069499+00:00,STNRD
05c59b8b0f5541c1894759a6160cdab7,USGS-09371010,63680,00011,2023-11-12T20:15:00+00:00,,_FNU,Provisional,['DISCONTINUED'],2025-08-30T09:02:45.069499+00:00,STNRD
05c59b8b0f5541c1894759a6160cdab7,USGS-09371010,63680,00011,2023-11-12T20:30:00+00:00,,_FNU,Provisional,['DISCONTINUED'],2025-08-30T09:02:45.069499+00:00,STNRD
05c59b8b0f5541c1894759a6160cdab7,USGS-09371010,63680,00011,2023-11-12T20:45:00+00:00,,_FNU,Provisional,['DISCONTINUED'],2025-08-30T09:02:45.069499+00:00,STNRD
05c59b8b0f5541c1894759a6160cdab7,USGS-09371010,63680,00011,2023-11-12T21:00:00+00:00,,_FNU,Provisional,['DISCONTINUED'],2025-08-30T09:02:45.069499+00:00,STNRD
05c59b8b0f5541c1894759a6160cdab7,USGS-09371010,63680,00011,2023-11-12T21:15:00+00:00,,_FNU,Provisional,['DISCONTINUED'],2025-08-30T09:02:45.069499+00:00,STNRD
05c59b8b0f5541c1894759a6160cdab7,USGS-09371010,63680,00011,2023-11-12T21:30:00+00:00,,_FNU,Provisional,['DISCONTINUED'],2025-08-30T09:02:45.069499+00:00,STNRD
05c59b8b0f5541c1894759a6160cdab7,USGS-09371010,63680,00011,2023-11-12T21:45:00+00:00,,_FNU,Provisional,['DISCONTINUED'],2025-08-30T09:02:45.069499+00:00,STNRD
05c59b8b0f5541c1894759a6160cdab7,USGS-09371010,63680,00011,2023-11-12T22:00:00+00:00,,_FNU,Provisional,['DISCONTINUED'],2025-08-30T09:02:45.069499+00:00,STNRD
05c59b8b0f5541c1894759a6160cdab7,USGS-09371010,63680,00011,2023-11-12T22:15:00+00:00,,_FNU,Provisional,['DISCONTINUED'],2025-08-30T09:02:45.069499+00:00,STNRD
05c59b8b0f5541c1894759a6160cdab7,USGS-09371010,63680,00011,2023-11-12T22:30:00+00:00,,_FNU,Provisional,['DISCONTINUED'],2025-08-30T09:02:45.069499+00:00,STNRD
05c59b8b0f5541c1894759a6160cdab7,USGS-09371010,63680,00011,2023-11-12T22:45:00+00:00,,_FNU,Provisional,['DISCONTINUED'],2025-08-30T09:02:45.069499+00:00,STNRD
05c59b8b0f5541c1894759a6160cdab7,USGS-09371010,63680,00011,2023-11-12T23:00:00+00:00,,_FNU,Provisional,['DISCONTINUED'],2025-08-30T09:02:45.069499+00:00,STNRD
05c59b8b0f5541c1894759a6160cdab7,USGS-09371010,63680,00011,2023-11-12T23:15:00+00:00,,_FNU,Provisional,['DISCONTINUED'],2025-08-30T09:02:45.069499+00:00,STNRD
05c59b8b0f5541c1894759a6160cdab7,USGS-09371010,63680,00011,2023-11-12T23:30:00+00:00,,_FNU,Provisional,['DISCONTINUED'],2025-08-30T09:02:45.069499+00:00,STNRD
05c59b8b0f5541c1894759a6160cdab7,USGS-09371010,63680,00011,2023-11-12T23:45:00+00:00,,_FNU,Provisional,['DISCONTINUED'],2025-08-30T09:02:45.069499+00:00,STNRD
05c59b8b0f5541c1894759a6160cdab7,USGS-09371010,63680,00011,2023-11-13T00:00:00+00:00,,_FNU,Provisional,['DISCONTINUED'],2025-08-30T09:02:45.069499+00:00,STNRD
05c59b8b0f5541c1894759a6160cdab7,USGS-09371010,63680,00011,2023-11-13T00:15:00+00:00,,_FNU,Provisional,['DISCONTINUED'],2025-08-30T09:02:45.069499+00:00,STNRD
05c59b8b0f5541c1894759a6160cdab7,USGS-09371010,63680,00011,2023-11-13T00:30:00+00:00,,_FNU,Provisional,['DISCONTINUED'],2025-08-30T09:02:45.069499+00:00,STNRD
05c59b8b0f5541c1894759a6160cdab7,USGS-09371010,63680,00011,2023-11-13T00:45:00+00:00,,_FNU,Provisional,['DISCONTINUED'],2025-08-30T09:02:45.069499+00:00,STNRD
05c59b8b0f5541c1894759a6160cdab7,USGS-09371010,63680,00011,2023-11-13T01:00:00+00:00,,_FNU,Provisional,['DISCONTINUED'],2025-08-30T09:02:45.069499+00:00,STNRD
05c59b8b0f5541c1894759a6160cdab7,USGS-09371010,63680,00011,2023-11-13T01:15:00+00:00,,_FNU,Provisional,['DISCONTINUED'],2025-08-30T09:02:45.069499+00:00,STNRD
05c59b8b0f5541c1894759a6160cdab7,USGS-09371010,63680,00011,2023-11-13T01:30:00+00:00,,_FNU,Provisional,['DISCONTINUED'],2025-08-30T09:02:45.069499+00:00,STNRD
05c59b8b0f5541c1894759a6160cdab7,USGS-09371010,63680,00011,2023-11-13T01:45:00+00:00,,_FNU,Provisional,['DISCONTINUED'],2025-08-30T09:02:45.069499+00:00,STNRD
05c59b8b0f5541c1894759a6160cdab7,USGS-09371010,63680,00011,2023-11-13T02:00:00+00:00,,_FNU,Provisional,['DISCONTINUED'],2025-08-30T09:02:45.069499+00:00,STNRD
05c59b8b0f5541c1894759a6160cdab7,USGS-09371010,63680,00011,2023-11-13T02:15:00+00:00,,_FNU,Provisional,['DISCONTINUED'],2025-08-30T09:02:45.069499+00:00,STNRD
05c59b8b0f5541c1894759a6160cdab7,USGS-09371010,63680,00011,2023-11-13T02:30:00+00:00,,_FNU,Provisional,['DISCONTINUED'],2025-08-30T09:02:45.069499+00:00,STNRD
05c59b8b0f5541c1894759a6160cdab7,USGS-09371010,63680,00011,2023-11-13T02:45:00+00:00,,_FNU,Provisional,['DISCONTINUED'],2025-08-30T09:02:45.069499+00:00,STNRD
05c59b8b0f5541c1894759a6160cdab7,USGS-09371010,63680,00011,2023-11-13T03:00:00+00:00,,_FNU,Provisional,['DISCONTINUED'],2025-08-30T09:02:45.069499+00:00,STNRD
05c59b8b0f5541c1894759a6160cdab7,USGS-09371010,63680,00011,2023-11-13T03:15:00+00:00,,_FNU,Provisional,['DISCONTINUED'],2025-08-30T09:02:45.069499+00:00,STNRD
05c59b8b0f5541c1894759a6160cdab7,USGS-09371010,63680,00011,2023-11-13T03:30:00+00:00,,_FNU,Provisional,['DISCONTINUED'],2025-08-30T09:02:45.069499+00:00,STNRD
05c59b8b0f5541c1894759a6160cdab7,USGS-09371010,63680,00011,2023-11-13T03:45:00+00:00,,_FNU,Provisional,['DISCONTINUED'],2025-08-30T09:02:45.069499+00:00,STNRD
05c59b8b0f5541c1894759a6160cdab7,USGS-09371010,63680,00011,2023-11-13T04:00:00+00:00,,_FNU,Provisional,['DISCONTINUED'],2025-08-30T09:02:45.069499+00:00,STNRD
05c59b8b0f5541c1894759a6160cdab7,USGS-09371010,63680,00011,2023-11-13T04:15:00+00:00,,_FNU,Provisional,['DISCONTINUED'],2025-08-30T09:02:45.069499+00:00,STNRD
05c59b8b0f5541c1894759a6160cdab7,USGS-09371010,63680,00011,2023-11-13T04:30:00+00:00,,_FNU,Provisional,['DISCONTINUED'],2025-08-30T09:02:45.069499+00:00,STNRD
05c59b8b0f5541c1894759a6160cdab7,USGS-09371010,63680,00011,2023-11-13T04:45:00+00:00,,_FNU,Provisional,['DISCONTINUED'],2025-08-30T09:02:45.069499+00:00,STNRD
05c59b8b0f5541c1894759a6160cdab7,USGS-09371010,63680,00011,2023-11-13T05:00:00+00:00,,_FNU,Provisional,['DISCONTINUED'],2025-08-30T09:02:45.069499+00:00,STNRD
05c59b8b0f5541c1894759a6160cdab7,USGS-09371010,63680,00011,2023-11-13T05:15:00+00:00,,_FNU,Provisional,['DISCONTINUED'],2025-08-30T09:02:45.069499+00:00,STNRD
05c59b8b0f5541c1894759a6160cdab7,USGS-09371010,63680,00011,2023-11-13T05:30:00+00:00,,_FNU,Provisional,['DISCONTINUED'],2025-08-30T09:02:45.069499+00:00,STNRD
05c59b8b0f5541c1894759a6160cdab7,USGS-09371010,63680,00011,2023-11-13T05:45:00+00:00,,_FNU,Provisional,['DISCONTINUED'],2025-08-30T09:02:45.069499+00:00,STNRD
05c59b8b0f5541c1894759a6160cdab7,USGS-09371010,63680,00011,2023-11-13T06:00:00+00:00,,_FNU,Provisional,['DISCONTINUED'],2025-08-30T09:02:45.069499+00:00,STNRD
05c59b8b0f5541c1894759a6160cdab7,USGS-09371010,63680,00011,2023-11-13T06:15:00+00:00,,_FNU,Provisional,['DISCONTINUED'],2025-08-30T09:02:45.069499+00:00,STNRD
05c59b8b0f5541c1894759a6160cdab7,USGS-09371010,63680,00011,2023-11-13T06:30:00+00:00,,_FNU,Provisional,['DISCONTINUED'],2025-08-30T09:02:45.069499+00:00,STNRD
05c59b8b0f5541c1894759a6160cdab7,USGS-09371010,63680,00011,2023-11-13T06:45:00+00:00,,_FNU,Provisional,['DISCONTINUED'],2025-08-30T09:02:45.069499+00:00,STNRD
05c59b8b0f5541c1894759a6160cdab7,USGS-09371010,63680,00011,2023-11-13T07:00:00+00:00,,_FNU,Provisional,['DISCONTINUED'],2025-08-30T09:02:45.069499+00:00,STNRD
05c59b8b0f5541c1894759a6160cdab7,USGS-09371010,63680,00011,2023-11-13T07:15:00+00:00,,_FNU,Provisional,['DISCONTINUED'],2025-08-30T09:02:45.069499+00:00,STNRD
05c59b8b0f5541c1894759a6160cdab7,USGS-09371010,63680,00011,2023-11-13T07:30:00+00:00,,_FNU,Provisional,['DISCONTINUED'],2025-08-30T09:02:45.069499+00:00,STNRD
05c59b8b0f5541c1894759a6160cdab7,USGS-09371010,63680,00011,2023-11-13T07:45:00+00:00,,_FNU,Provisional,['DISCONTINUED'],2025-08-30T09:02:45.069499+00:00,STNRD
05c59b8b0f5541c1894759a6160cdab7,USGS-09371010,63680,00011,2023-11-13T08:00:00+00:00,,_FNU,Provisional,['DISCONTINUED'],2025-08-30T09:02:45.069499+00:00,STNRD
05c59b8b0f5541c1894759a6160cdab7,USGS-09371010,63680,00011,2023-11-13T08:15:00+00:00,,_FNU,Provisional,['DISCONTINUED'],2025-08-30T09:02:45.069499+00:00,STNRD
05c59b8b0f5541c1894759a6160cdab7,USGS-09371010,63680,00011,2023-11-13T08:30:00+00:00,,_FNU,Provisional,['DISCONTINUED'],2025-08-30T09:02:45.069499+00:00,STNRD
05c59b8b0f5541c1894759a6160cdab7,USGS-09371010,63680,00011,2023-11-13T08:45:00+00:00,,_FNU,Provisional,['DISCONTINUED'],2025-08-30T09:02:45.069499+00:00,STNRD
05c59b8b0f5541c1894759a6160cdab7,USGS-09371010,63680,00011,2023-11-13T09:00:00+00:00,,_FNU,Provisional,['DISCONTINUED'],2025-08-30T09:02:45.069499+00:00,STNRD
05c59b8b0f5541c1894759a6160cdab7,USGS-09371010,63680,00011,2023-11-13T09:15:00+00:00,,_FNU,Provisional,['DISCONTINUED'],2025-08-30T09:02:45.069499+00:00,STNRD
05c59b8b0f5541c1894759a6160cdab7,USGS-09371010,63680,00011,2023-11-13T09:30:00+00:00,,_FNU,Provisional,['DISCONTINUED'],2025-08-30T09:02:45.069499+00:00,STNRD
05c59b8b0f5541c1894759a6160cdab7,USGS-09371010,63680,00011,2023-11-13T09:45:00+00:00,,_FNU,Provisional,['DISCONTINUED'],2025-08-30T09:02:45.069499+00:00,STNRD
05c59b8b0f5541c1894759a6160cdab7,USGS-09371010,63680,00011,2023-11-13T10:00:00+00:00,,_FNU,Provisional,['DISCONTINUED'],2025-08-30T09:02:45.069499+00:00,STNRD
05c59b8b0f5541c1894759a6160cdab7,USGS-09371010,63680,00011,2023-11-13T10:15:00+00:00,,_FNU,Provisional,['DISCONTINUED'],2025-08-30T09:02:45.069499+00:00,STNRD
05c59b8b0f5541c1894759a6160cdab7,USGS-09371010,63680,00011,2023-11-13T10:30:00+00:00,,_FNU,Provisional,['DISCONTINUED'],2025-08-30T09:02:45.069499+00:00,STNRD
05c59b8b0f5541c1894759a6160cdab7,USGS-09371010,63680,00011,2023-11-13T10:45:00+00:00,,_FNU,Provisional,['DISCONTINUED'],2025-08-30T09:02:45.069499+00:00,STNRD
05c59b8b0f5541c1894759a6160cdab7,USGS-09371010,63680,00011,2023-11-13T11:00:00+00:00,,_FNU,Provisional,['DISCONTINUED'],2025-08-30T09:02:45.069499+00:00,STNRD
05c59b8b0f5541c1894759a6160cdab7,USGS-09371010,63680,00011,2023-11-13T11:15:00+00:00,,_FNU,Provisional,['DISCONTINUED'],2025-08-30T09:02:45.069499+00:00,STNRD
05c59b8b0f5541c1894759a6160cdab7,USGS-09371010,63680,00011,2023-11-13T11:30:00+00:00,,_FNU,Provisional,['DISCONTINUED'],2025-08-30T09:02:45.069499+00:00,STNRD
05c59b8b0f5541c1894759a6160cdab7,USGS-09371010,63680,00011,2023-11-13T11:45:00+00:00,,_FNU,Provisional,['DISCONTINUED'],2025-08-30T09:02:45.069499+00:00,STNRD
05c59b8b0f5541c1894759a6160cdab7,USGS-09371010,63680,00011,2023-11-13T12:00:00+00:00,,_FNU,Provisional,['DISCONTINUED'],2025-08-30T09:02:45.069499+00:00,STNRD
05c59b8b0f5541c1894759a6160cdab7,USGS-09371010,63680,00011,2023-11-13T12:15:00+00:00,,_FNU,Provisional,['DISCONTINUED'],2025-08-30T09:02:45.069499+00:00,STNRD
05c59b8b0f5541c1894759a6160cdab7,USGS-09371010,63680,00011,2023-11-13T12:30:00+00:00,,_FNU,Provisional,['DISCONTINUED'],2025-08-30T09:02:45.069499+00:00,STNRD
05c59b8b0f5541c1894759a6160cdab7,USGS-09371010,63680,00011,2023-11-13T12:45:00+00:00,,_FNU,Provisional,['DISCONTINUED'],2025-08-30T09:02:45.069499+00:00,STNRD
05c59b8b0f5541c1894759a6160cdab7,USGS-09371010,63680,00011,2023-11-13T13:00:00+00:00,,_FNU,Provisional,['DISCONTINUED'],2025-08-30T09:02:45.069499+00:00,STNRD
05c59b8b0f5541c1894759a6160cdab7,USGS-09371010,63680,00011,2023-11-13T13:15:00+00:00,,_FNU,Provisional,['DISCONTINUED'],2025-08-30T09:02:45.069499+00:00,STNRD
05c59b8b0f5541c1894759a6160cdab7,USGS-09371010,63680,00011,2023-11-13T13:30:00+00:00,,_FNU,Provisional,['DISCONTINUED'],2025-08-30T09:02:45.069499+00:00,STNRD
05c59b8b0f5541c1894759a6160cdab7,USGS-09371010,63680,00011,2023-11-13T13:45:00+00:00,,_FNU,Provisional,['DISCONTINUED'],2025-08-30T09:02:45.069499+00:00,STNRD
05c59b8b0f5541c1894759a6160cdab7,USGS-09371010,63680,00011,2023-11-13T14:00:00+00:00,,_FNU,Provisional,['DISCONTINUED'],2025-08-30T09:02:45.069499+00:00,STNRD
05c59b8b0f5541c1894759a6160cdab7,USGS-09371010,63680,00011,2023-11-13T14:15:00+00:00,,_FNU,Provisional,['DISCONTINUED'],2025-08-30T09:02:45.069499+00:00,STNRD
05c59b8b0f5541c1894759a6160cdab7,USGS-09371010,63680,00011,2023-11-13T14:30:00+00:00,,_FNU,Provisional,['DISCONTINUED'],2025-08-30T09:02:45.069499+00:00,STNRD
05c59b8b0f5541c1894759a6160cdab7,USGS-09371010,63680,00011,2023-11-13T14:45:00+00:00,,_FNU,Provisional,['DISCONTINUED'],2025-08-30T09:02:45.069499+00:00,STNRD
05c59b8b0f5541c1894759a6160cdab7,USGS-09371010,63680,00011,2023-11-13T15:00:00+00:00,,_FNU,Provisional,['DISCONTINUED'],2025-08-30T09:02:45.069499+00:00,STNRD
05c59b8b0f5541c1894759a6160cdab7,USGS-09371010,63680,00011,2023-11-13T15:15:00+00:00,,_FNU,Provisional,['DISCONTINUED'],2025-08-30T09:02:45.069499+00:00,STNRD
05c59b8b0f5541c1894759a6160cdab7,USGS-09371010,63680,00011,2023-11-13T15:30:00+00:00,,_FNU,Provisional,['DISCONTINUED'],2025-08-30T09:02:45.069499+00:00,STNRD
05c59b8b0f5541c1894759a6160cdab7,USGS-09371010,63680,00011,2023-11-13T15:45:00+00:00,,_FNU,Provisional,['DISCONTINUED'],2025-08-30T09:02:45.069499+00:00,STNRD
05c59b8b0f5541c1894759a6160cdab7,USGS-09371010,63680,00011,2023-11-13T16:00:00+00:00,,_FNU,Provisional,['DISCONTINUED'],2025-08-30T09:02:45.069499+00:00,STNRD
05c59b8b0f5541c1894759a6160cdab7,USGS-09371010,63680,00011,2023-11-13T16:15:00+00:00,,_FNU,Provisional,['DISCONTINUED'],2025-08-30T09:02:45.069499+00:00,STNRD
05c59b8b0f5541c1894759a6160cdab7,USGS-09371010,63680,00011,2023-11-13T16:30:00+00:00,,_FNU,Provisional,['DISCONTINUED'],2025-08-30T09:02:45.069499+00:00,STNRD
05c59b8b0f5541c1894759a6160cdab7,USGS-09371010,63680,00011,2023-11-13T16:45:00+00:00,,_FNU,Provisional,['DISCONTINUED'],2025-08-30T09:02:45.069499+00:00,STNRD
05c59b8b0f5541c1894759a6160cdab7,USGS-09371010,63680,00011,2023-11-13T17:00:00+00:00,,_FNU,Provisional,['DISCONTINUED'],2025-08-30T09:02:45.069499+00:00,STNRD
05c59b8b0f5541c1894759a6160cdab7,USGS-09371010,63680,00011,2023-11-13T17:15:00+00:00,,_FNU,Provisional,['DISCONTINUED'],2025-08-30T09:02:45.069499+00:00,STNRD
05c59b8b0f5541c1894759a6160cdab7,USGS-09371010,63680,00011,2023-11-13T17:30:00+00:00,,_FNU,Provisional,['DISCONTINUED'],2025-08-30T09:02:45.069499+00:00,STNRD
05c59b8b0f5541c1894759a6160cdab7,USGS-09371010,63680,00011,2023-11-13T17:45:00+00:00,,_FNU,Provisional,['DISCONTINUED'],2025-08-30T09:02:45.069499+00:00,STNRD
05c59b8b0f5541c1894759a6160cdab7,USGS-09371010,63680,00011,2023-11-13T18:00:00+00:00,,_FNU,Provisional,['DISCONTINUED'],2025-08-30T09:02:45.069499+00:00,STNRD
05c59b8b0f5541c1894759a6160cdab7,USGS-09371010,63680,00011,2023-11-13T18:15:00+00:00,,_FNU,Provisional,['DISCONTINUED'],2025-08-30T09:02:45.069499+00:00,STNRD
05c59b8b0f5541c1894759a6160cdab7,USGS-09371010,63680,00011,2023-11-13T18:30:00+00:00,,_FNU,Provisional,['DISCONTINUED'],2025-08-30T09:02:45.069499+00:00,STNRD
05c59b8b0f5541c1894759a6160cdab7,USGS-09371010,63680,00011,2023-11-13T18:45:00+00:00,,_FNU,Provisional,['DISCONTINUED'],2025-08-30T09:02:45.069499+00:00,STNRD
05c59b8b0f5541c1894759a6160cdab7,USGS-09371010,63680,00011,2023-11-13T19:00:00+00:00,,_FNU,Provisional,['DISCONTINUED'],2025-08-30T09:02:45.069499+00:00,STNRD
05c59b8b0f5541c1894759a6160cdab7,USGS-09371010,63680,00011,2023-11-13T19:15:00+00:00,,_FNU,Provisional,['DISCONTINUED'],2025-08-30T09:02:45.069499+00:00,STNRD
05c59b8b0f5541c1894759a6160cdab7,USGS-09371010,63680,00011,2023-11-13T19:30:00+00:00,,_FNU,Provisional,['DISCONTINUED'],2025-08-30T09:02:45.069499+00:00,STNRD
05c59b8b0f5541c1894759a6160cdab7,USGS-09371010,63680,00011,2023-11-13T19:45:00+00:00,,_FNU,Provisional,['DISCONTINUED'],2025-08-30T09:02:45.069499+00:00,STNRD
05c59b8b0f5541c1894759a6160cdab7,USGS-09371010,63680,00011,2023-11-13T20:00:00+00:00,,_FNU,Provisional,['DISCONTINUED'],2025-08-30T09:02:45.069499+00:00,STNRD
05c59b8b0f5541c1894759a6160cdab7,USGS-09371010,63680,00011,2023-11-13T20:15:00+00:00,,_FNU,Provisional,['DISCONTINUED'],2025-08-30T09:02:45.069499+00:00,STNRD
05c59b8b0f5541c1894759a6160cdab7,USGS-09371010,63680,00011,2023-11-13T20:30:00+00:00,,_FNU,Provisional,['DISCONTINUED'],2025-08-30T09:02:45.069499+00:00,STNRD
05c59b8b0f5541c1894759a6160cdab7,USGS-09371010,63680,00011,2023-11-13T20:45:00+00:00,,_FNU,Provisional,['DISCONTINUED'],2025-08-30T09:02:45.069499+00:00,STNRD
05c59b8b0f5541c1894759a6160cdab7,USGS-09371010,63680,00011,2023-11-13T21:00:00+00:00,,_FNU,Provisional,['DISCONTINUED'],2025-08-30T09:02:45.069499+00:00,STNRD
05c59b8b0f5541c1894759a6160cdab7,USGS-09371010,63680,00011,2023-11-13T21:15:00+00:00,,_FNU,Provisional,['DISCONTINUED'],2025-08-30T09:02:45.069499+00:00,STNRD
05c59b8b0f5541c1894759a6160cdab7,USGS-09371010,63680,00011,2023-11-13T21:30:00+00:00,,_FNU,Provisional,['DISCONTINUED'],2025-08-30T09:02:45.069499+00:00,STNRD
05c59b8b0f5541c1894759a6160cdab7,USGS-09371010,63680,00011,2023-11-13T21:45:00+00:00,,_FNU,Provisional,['DISCONTINUED'],2025-08-30T09:02:45.069499+00:00,STNRD
05c59b8b0f5541c1894759a6160cdab7,USGS-09371010,63680,00011,2023-11-13T22:00:00+00:00,,_FNU,Provisional,['DISCONTINUED'],2025-08-30T09:02:45.069499+00:00,STNRD
05c59b8b0f5541c1894759a6160cdab7,USGS-09371010,63680,00011,2023-11-13T22:15:00+00:00,,_FNU,Provisional,['DISCONTINUED'],2025-08-30T09:02:45.069499+00:00,STNRD
05c59b8b0f5541c1894759a6160cdab7,USGS-09371010,63680,00011,2023-11-13T22:30:00+00:00,,_FNU,Provisional,['DISCONTINUED'],2025-08-30T09:02:45.069499+00:00,STNRD
05c59b8b0f5541c1894759a6160cdab7,USGS-09371010,63680,00011,2023-11-13T22:45:00+00:00,,_FNU,Provisional,['DISCONTINUED'],2025-08-30T09:02:45.069499+00:00,STNRD
05c59b8b0f5541c1894759a6160cdab7,USGS-09371010,63680,00011,2023-11-13T23:00:00+00:00,,_FNU,Provisional,['DISCONTINUED'],2025-08-30T09:02:45.069499+00:00,STNRD
05c59b8b0f5541c1894759a6160cdab7,USGS-09371010,63680,00011,2023-11-13T23:15:00+00:00,,_FNU,Provisional,['DISCONTINUED'],2025-08-30T09:02:45.069499+00:00,STNRD
05c59b8b0f5541c1894759a6160cdab7,USGS-09371010,63680,00011,2023-11-13T23:30:00+00:00,,_FNU,Provisional,['DISCONTINUED'],2025-08-30T09:02:45.069499+00:00,STNRD
05c59b8b0f5541c1894759a6160cdab7,USGS-09371010,63680,00011,2023-11-13T23:45:00+00:00,,_FNU,Provisional,['DISCONTINUED'],2025-08-30T09:02:45.069499+00:00,STNRD
05c59b8b0f5541c1894759a6160cdab7,USGS-09371010,63680,00011,2023-11-14T00:00:00+00:00,,_FNU,Provisional,['DISCONTINUED'],2025-08-30T09:02:45.069499+00:00,STNRD
05c59b8b0f5541c1894759a6160cdab7,USGS-09371010,63680,00011,2023-11-14T00:15:00+00:00,,_FNU,Provisional,['DISCONTINUED'],2025-08-30T09:02:45.069499+00:00,STNRD
05c59b8b0f5541c1894759a6160cdab7,USGS-09371010,63680,00011,2023-11-14T00:30:00+00:00,,_FNU,Provisional,['DISCONTINUED'],2025-08-30T09:02:45.069499+00:00,STNRD
05c59b8b0f5541c1894759a6160cdab7,USGS-09371010,63680,00011,2023-11-14T00:45:00+00:00,,_FNU,Provisional,['DISCONTINUED'],2025-08-30T09:02:45.069499+00:00,STNRD
05c59b8b0f5541c1894759a6160cdab7,USGS-09371010,63680,00011,2023-11-14T01:00:00+00:00,,_FNU,Provisional,['DISCONTINUED'],2025-08-30T09:02:45.069499+00:00,STNRD
05c59b8b0f5541c1894759a6160cdab7,USGS-09371010,63680,00011,2023-11-14T01:15:00+00:00,,_FNU,Provisional,['DISCONTINUED'],2025-08-30T09:02:45.069499+00:00,STNRD
05c59b8b0f5541c1894759a6160cdab7,USGS-09371010,63680,00011,2023-11-14T01:30:00+00:00,,_FNU,Provisional,['DISCONTINUED'],2025-08-30T09:02:45.069499+00:00,STNRD
05c59b8b0f5541c1894759a6160cdab7,USGS-09371010,63680,00011,2023-11-14T01:45:00+00:00,,_FNU,Provisional,['DISCONTINUED'],2025-08-30T09:02:45.069499+00:00,STNRD
05c59b8b0f5541c1894759a6160cdab7,USGS-09371010,63680,00011,2023-11-14T02:00:00+00:00,,_FNU,Provisional,['DISCONTINUED'],2025-08-30T09:02:45.069499+00:00,STNRD
05c59b8b0f5541c1894759a6160cdab7,USGS-09371010,63680,00011,2023-11-14T02:15:00+00:00,,_FNU,Provisional,['DISCONTINUED'],2025-08-30T09:02:45.069499+00:00,STNRD
05c59b8b0f5541c1894759a6160cdab7,USGS-09371010,63680,00011,2023-11-14T02:30:00+00:00,,_FNU,Provisional,['DISCONTINUED'],2025-08-30T09:02:45.069499+00:00,STNRD
05c59b8b0f5541c1894759a6160cdab7,USGS-09371010,63680,00011,2023-11-14T02:45:00+00:00,,_FNU,Provisional,['DISCONTINUED'],2025-08-30T09:02:45.069499+00:00,STNRD
05c59b8b0f5541c1894759a6160cdab7,USGS-09371010,63680,00011,2023-11-14T03:00:00+00:00,,_FNU,Provisional,['DISCONTINUED'],2025-08-30T09:02:45.069499+00:00,STNRD
05c59b8b0f5541c1894759a6160cdab7,USGS-09371010,63680,00011,2023-11-14T03:15:00+00:00,,_FNU,Provisional,['DISCONTINUED'],2025-08-30T09:02:45.069499+00:00,STNRD
05c59b8b0f5541c1894759a6160cdab7,USGS-09371010,63680,00011,2023-11-14T03:30:00+00:00,,_FNU,Provisional,['DISCONTINUED'],2025-08-30T09:02:45.069499+00:00,STNRD
05c59b8b0f5541c1894759a6160cdab7,USGS-09371010,63680,00011,2023-11-14T03:45:00+00:00,,_FNU,Provisional,['DISCONTINUED'],2025-08-30T09:02:45.069499+00:00,STNRD
05c59b8b0f5541c1894759a6160cdab7,USGS-09371010,63680,00011,2023-11-14T04:00:00+00:00,,_FNU,Provisional,['DISCONTINUED'],2025-08-30T09:02:45.069499+00:00,STNRD
05c59b8b0f5541c1894759a6160cdab7,USGS-09371010,63680,00011,2023-11-14T04:15:00+00:00,,_FNU,Provisional,['DISCONTINUED'],2025-08-30T09:02:45.069499+00:00,STNRD
05c59b8b0f5541c1894759a6160cdab7,USGS-09371010,63680,00011,2023-11-14T04:30:00+00:00,,_FNU,Provisional,['DISCONTINUED'],2025-08-30T09:02:45.069499+00:00,STNRD
05c59b8b0f5541c1894759a6160cdab7,USGS-09371010,63680,00011,2023-11-14T04:45:00+00:00,,_FNU,Provisional,['DISCONTINUED'],2025-08-30T09:02:45.069499+00:00,STNRD
05c59b8b0f5541c1894759a6160cdab7,USGS-09371010,63680,00011,2023-11-14T05:00:00+00:00,,_FNU,Provisional,['DISCONTINUED'],2025-08-30T09:02:45.069499+00:00,STNRD
05c59b8b0f5541c1894759a6160cdab7,USGS-09371010,63680,00011,2023-11-14T05:15:00+00:00,,_FNU,Provisional,['DISCONTINUED'],2025-08-30T09:02:45.069499+00:00,STNRD
05c59b8b0f5541c1894759a6160cdab7,USGS-09371010,63680,00011,2023-11-14T05:30:00+00:00,,_FNU,Provisional,['DISCONTINUED'],2025-08-30T09:02:45.069499+00:00,STNRD
05c59b8b0f5541c1894759a6160cdab7,USGS-09371010,63680,00011,2023-11-14T05:45:00+00:00,,_FNU,Provisional,['DISCONTINUED'],2025-08-30T09:02:45.069499+00:00,STNRD
05c59b8b0f5541c1894759a6160cdab7,USGS-09371010,63680,00011,2023-11-14T06:00:00+00:00,,_FNU,Provisional,['DISCONTINUED'],2025-08-30T09:02:45.069499+00:00,STNRD
05c59b8b0f5541c1894759a6160cdab7,USGS-09371010,63680,00011,2023-11-14T06:15:00+00:00,,_FNU,Provisional,['DISCONTINUED'],2025-08-30T09:02:45.069499+00:00,STNRD
05c59b8b0f5541c1894759a6160cdab7,USGS-09371010,63680,00011,2023-11-14T06:30:00+00:00,,_FNU,Provisional,['DISCONTINUED'],2025-08-30T09:02:45.069499+00:00,STNRD
05c59b8b0f5541c1894759a6160cdab7,USGS-09371010,63680,00011,2023-11-14T06:45:00+00:00,,_FNU,Provisional,['DISCONTINUED'],2025-08-30T09:02:45.069499+00:00,STNRD
05c59b8b0f5541c1894759a6160cdab7,USGS-09371010,63680,00011,2023-11-14T07:00:00+00:00,,_FNU,Provisional,['DISCONTINUED'],2025-08-30T09:02:45.069499+00:00,STNRD
05c59b8b0f5541c1894759a6160cdab7,USGS-09371010,63680,00011,2023-11-14T07:15:00+00:00,,_FNU,Provisional,['DISCONTINUED'],2025-08-30T09:02:45.069499+00:00,STNRD
05c59b8b0f5541c1894759a6160cdab7,USGS-09371010,63680,00011,2023-11-14T07:30:00+00:00,,_FNU,Provisional,['DISCONTINUED'],2025-08-30T09:02:45.069499+00:00,STNRD
05c59b8b0f5541c1894759a6160cdab7,USGS-09371010,63680,00011,2023-11-14T07:45:00+00:00,,_FNU,Provisional,['DISCONTINUED'],2025-08-30T09:02:45.069499+00:00,STNRD
05c59b8b0f5541c1894759a6160cdab7,USGS-09371010,63680,00011,2023-11-14T08:00:00+00:00,,_FNU,Provisional,['DISCONTINUED'],2025-08-30T09:02:45.069499+00:00,STNRD
05c59b8b0f5541c1894759a6160cdab7,USGS-09371010,63680,00011,2023-11-14T08:15:00+00:00,,_FNU,Provisional,['DISCONTINUED'],2025-08-30T09:02:45.069499+00:00,STNRD
05c59b8b0f5541c1894759a6160cdab7,USGS-09371010,63680,00011,2023-11-14T08:30:00+00:00,,_FNU,Provisional,['DISCONTINUED'],2025-08-30T09:02:45.069499+00:00,STNRD
05c59b8b0f5541c1894759a6160cdab7,USGS-09371010,63680,00011,2023-11-14T08:45:00+00:00,,_FNU,Provisional,['DISCONTINUED'],2025-08-30T09:02:45.069499+00:00,STNRD
05c59b8b0f5541c1894759a6160cdab7,USGS-09371010,63680,00011,2023-11-14T09:00:00+00:00,,_FNU,Provisional,['DISCONTINUED'],2025-08-30T09:02:45.069499+00:00,STNRD
05c59b8b0f5541c1894759a6160cdab7,USGS-09371010,63680,00011,2023-11-14T09:15:00+00:00,,_FNU,Provisional,['DISCONTINUED'],2025-08-30T09:02:45.069499+00:00,STNRD
05c59b8b0f5541c1894759a6160cdab7,USGS-09371010,63680,00011,2023-11-14T09:30:00+00:00,,_FNU,Provisional,['DISCONTINUED'],2025-08-30T09:02:45.069499+00:00,STNRD
05c59b8b0f5541c1894759a6160cdab7,USGS-09371010,63680,00011,2023-11-14T09:45:00+00:00,,_FNU,Provisional,['DISCONTINUED'],2025-08-30T09:02:45.069499+00:00,STNRD
05c59b8b0f5541c1894759a6160cdab7,USGS-09371010,63680,00011,2023-11-14T10:00:00+00:00,,_FNU,Provisional,['DISCONTINUED'],2025-08-30T09:02:45.069499+00:00,STNRD
05c59b8b0f5541c1894759a6160cdab7,USGS-09371010,63680,00011,2023-11-14T10:15:00+00:00,,_FNU,Provisional,['DISCONTINUED'],2025-08-30T09:02:45.069499+00:00,STNRD
05c59b8b0f5541c1894759a6160cdab7,USGS-09371010,63680,00011,2023-11-14T10:30:00+00:00,,_FNU,Provisional,['DISCONTINUED'],2025-08-30T09:02:45.069499+00:00,STNRD
05c59b8b0f5541c1894759a6160cdab7,USGS-09371010,63680,00011,2023-11-14T10:45:00+00:00,,_FNU,Provisional,['DISCONTINUED'],2025-08-30T09:02:45.069499+00:00,STNRD
05c59b8b0f5541c1894759a6160cdab7,USGS-09371010,63680,00011,2023-11-14T11:00:00+00:00,,_FNU,Provisional,['DISCONTINUED'],2025-08-30T09:02:45.069499+00:00,STNRD
05c59b8b0f5541c1894759a6160cdab7,USGS-09371010,63680,00011,2023-11-14T11:15:00+00:00,,_FNU,Provisional,['DISCONTINUED'],2025-08-30T09:02:45.069499+00:00,STNRD
05c59b8b0f5541c1894759a6160cdab7,USGS-09371010,63680,00011,2023-11-14T11:30:00+00:00,,_FNU,Provisional,['DISCONTINUED'],2025-08-30T09:02:45.069499+00:00,STNRD
05c59b8b0f5541c1894759a6160cdab7,USGS-09371010,63680,00011,2023-11-14T11:45:00+00:00,,_FNU,Provisional,['DISCONTINUED'],2025-08-30T09:02:45.069499+00:00,STNRD
05c59b8b0f5541c1894759a6160cdab7,USGS-09371010,63680,00011,2023-11-14T12:00:00+00:00,,_FNU,Provisional,['DISCONTINUED'],2025-08-30T09:02:45.069499+00:00,STNRD
05c59b8b0f5541c1894759a6160cdab7,USGS-09371010,63680,00011,2023-11-14T12:15:00+00:00,,_FNU,Provisional,['DISCONTINUED'],2025-08-30T09:02:45.069499+00:00,STNRD
05c59b8b0f5541c1894759a6160cdab7,USGS-09371010,63680,00011,2023-11-14T12:30:00+00:00,,_FNU,Provisional,['DISCONTINUED'],2025-08-30T09:02:45.069499+00:00,STNRD
05c59b8b0f5541c1894759a6160cdab7,USGS-09371010,63680,00011,2023-11-14T12:45:00+00:00,,_FNU,Provisional,['DISCONTINUED'],2025-08-30T09:02:45.069499+00:00,STNRD
05c59b8b0f5541c1894759a6160cdab7,USGS-09371010,63680,00011,2023-11-14T13:00:00+00:00,,_FNU,Provisional,['DISCONTINUED'],2025-08-30T09:02:45.069499+00:00,STNRD
05c59b8b0f5541c1894759a6160cdab7,USGS-09371010,63680,00011,2023-11-14T13:15:00+00:00,,_FNU,Provisional,['DISCONTINUED'],2025-08-30T09:02:45.069499+00:00,STNRD
05c59b8b0f5541c1894759a6160cdab7,USGS-09371010,63680,00011,2023-11-14T13:30:00+00:00,,_FNU,Provisional,['DISCONTINUED'],2025-08-30T09:02:45.069499+00:00,STNRD
05c59b8b0f5541c1894759a6160cdab7,USGS-09371010,63680,00011,2023-11-14T13:45:00+00:00,,_FNU,Provisional,['DISCONTINUED'],2025-08-30T09:02:45.069499+00:00,STNRD
05c59b8b0f5541c1894759a6160cdab7,USGS-09371010,63680,00011,2023-11-14T14:00:00+00:00,,_FNU,Provisional,['DISCONTINUED'],2025-08-30T09:02:45.069499+00:00,STNRD
05c59b8b0f5541c1894759a6160cdab7,USGS-09371010,63680,00011,2023-11-14T14:15:00+00:00,,_FNU,Provisional,['DISCONTINUED'],2025-08-30T09:02:45.069499+00:00,STNRD
05c59b8b0f5541c1894759a6160cdab7,USGS-09371010,63680,00011,2023-11-14T14:30:00+00:00,,_FNU,Provisional,['DISCONTINUED'],2025-08-30T09:02:45.069499+00:00,STNRD
05c59b8b0f5541c1894759a6160cdab7,USGS-09371010,63680,00011,2023-11-14T14:45:00+00:00,,_FNU,Provisional,['DISCONTINUED'],2025-08-30T09:02:45.069499+00:00,STNRD
05c59b8b0f5541c1894759a6160cdab7,USGS-09371010,63680,00011,2023-11-14T15:00:00+00:00,,_FNU,Provisional,['DISCONTINUED'],2025-08-30T09:02:45.069499+00:00,STNRD
05c59b8b0f5541c1894759a6160cdab7,USGS-09371010,63680,00011,2023-11-14T15:15:00+00:00,,_FNU,Provisional,['DISCONTINUED'],2025-08-30T09:02:45.069499+00:00,STNRD
05c59b8b0f5541c1894759a6160cdab7,USGS-09371010,63680,00011,2023-11-14T15:30:00+00:00,,_FNU,Provisional,['DISCONTINUED'],2025-08-30T09:02:45.069499+00:00,STNRD
05c59b8b0f5541c1894759a6160cdab7,USGS-09371010,63680,00011,2023-11-14T15:45:00+00:00,,_FNU,Provisional,['DISCONTINUED'],2025-08-30T09:02:45.069499+00:00,STNRD
05c59b8b0f5541c1894759a6160cdab7,USGS-09371010,63680,00011,2023-11-14T16:00:00+00:00,,_FNU,Provisional,['DISCONTINUED'],2025-08-30T09:02:45.069499+00:00,STNRD
05c59b8b0f5541c1894759a6160cdab7,USGS-09371010,63680,00011,2023-11-14T16:15:00+00:00,,_FNU,Provisional,['DISCONTINUED'],2025-08-30T09:02:45.069499+00:00,STNRD
05c59b8b0f5541c1894759a6160cdab7,USGS-09371010,63680,00011,2023-11-14T16:30:00+00:00,,_FNU,Provisional,['DISCONTINUED'],2025-08-30T09:02:45.069499+00:00,STNRD
05c59b8b0f5541c1894759a6160cdab7,USGS-09371010,63680,00011,2023-11-14T16:45:00+00:00,,_FNU,Provisional,['DISCONTINUED'],2025-08-30T09:02:45.069499+00:00,STNRD
05c59b8b0f5541c1894759a6160cdab7,USGS-09371010,63680,00011,2023-11-14T17:00:00+00:00,,_FNU,Provisional,['DISCONTINUED'],2025-08-30T09:02:45.069499+00:00,STNRD
05c59b8b0f5541c1894759a6160cdab7,USGS-09371010,63680,00011,2023-11-14T17:15:00+00:00,,_FNU,Provisional,['DISCONTINUED'],2025-08-30T09:02:45.069499+00:00,STNRD
05c59b8b0f5541c1894759a6160cdab7,USGS-09371010,63680,00011,2023-11-14T17:30:00+00:00,,_FNU,Provisional,['DISCONTINUED'],2025-08-30T09:02:45.069499+00:00,STNRD
05c59b8b0f5541c1894759a6160cdab7,USGS-09371010,63680,00011,2023-11-14T17:45:00+00:00,,_FNU,Provisional,['DISCONTINUED'],2025-08-30T09:02:45.069499+00:00,STNRD
05c59b8b0f5541c1894759a6160cdab7,USGS-09371010,63680,00011,2023-11-14T18:00:00+00:00,,_FNU,Provisional,['DISCONTINUED'],2025-08-30T09:02:45.069499+00:00,STNRD
05c59b8b0f5541c1894759a6160cdab7,USGS-09371010,63680,00011,2023-11-14T18:15:00+00:00,,_FNU,Provisional,['DISCONTINUED'],2025-08-30T09:02:45.069499+00:00,STNRD
05c59b8b0f5541c1894759a6160cdab7,USGS-09371010,63680,00011,2023-11-14T18:30:00+00:00,,_FNU,Provisional,['DISCONTINUED'],2025-08-30T09:02:45.069499+00:00,STNRD
05c59b8b0f5541c1894759a6160cdab7,USGS-09371010,63680,00011,2023-11-14T18:45:00+00:00,,_FNU,Provisional,['DISCONTINUED'],2025-08-30T09:02:45.069499+00:00,STNRD
05c59b8b0f5541c1894759a6160cdab7,USGS-09371010,63680,00011,2023-11-14T19:00:00+00:00,,_FNU,Provisional,['DISCONTINUED'],2025-08-30T09:02:45.069499+00:00,STNRD
05c59b8b0f5541c1894759a6160cdab7,USGS-09371010,63680,00011,2023-11-14T19:15:00+00:00,,_FNU,Provisional,['DISCONTINUED'],2025-08-30T09:02:45.069499+00:00,STNRD
05c59b8b0f5541c1894759a6160cdab7,USGS-09371010,63680,00011,2023-11-14T19:30:00+00:00,,_FNU,Provisional,['DISCONTINUED'],2025-08-30T09:02:45.069499+00:00,STNRD
05c59b8b0f5541c1894759a6160cdab7,USGS-09371010,63680,00011,2023-11-14T19:45:00+00:00,,_FNU,Provisional,['DISCONTINUED'],2025-08-30T09:02:45.069499+00:00,STNRD
05c59b8b0f5541c1894759a6160cdab7,USGS-09371010,63680,00011,2023-11-14T20:00:00+00:00,,_FNU,Provisional,['DISCONTINUED'],2025-08-30T09:02:45.069499+00:00,STNRD
05c59b8b0f5541c1894759a6160cdab7,USGS-09371010,63680,00011,2023-11-14T20:15:00+00:00,,_FNU,Provisional,['DISCONTINUED'],2025-08-30T09:02:45.069499+00:00,STNRD
05c59b8b0f5541c1894759a6160cdab7,USGS-09371010,63680,00011,2023-11-14T20:30:00+00:00,,_FNU,Provisional,['DISCONTINUED'],2025-08-30T09:02:45.069499+00:00,STNRD
05c59b8b0f5541c1894759a6160cdab7,USGS-09371010,63680,00011,2023-11-14T20:45:00+00:00,,_FNU,Provisional,['DISCONTINUED'],2025-08-30T09:02:45.069499+00:00,STNRD
05c59b8b0f5541c1894759a6160cdab7,USGS-09371010,63680,00011,2023-11-14T21:00:00+00:00,,_FNU,Provisional,['DISCONTINUED'],2025-08-30T09:02:45.069499+00:00,STNRD
05c59b8b0f5541c1894759a6160cdab7,USGS-09371010,63680,00011,2023-11-14T21:15:00+00:00,,_FNU,Provisional,['DISCONTINUED'],2025-08-30T09:02:45.069499+00:00,STNRD
05c59b8b0f5541c1894759a6160cdab7,USGS-09371010,63680,00011,2023-11-14T21:30:00+00:00,,_FNU,Provisional,['DISCONTINUED'],2025-08-30T09:02:45.069499+00:00,STNRD
05c59b8b0f5541c1894759a6160cdab7,USGS-09371010,63680,00011,2023-11-14T21:45:00+00:00,,_FNU,Provisional,['DISCONTINUED'],2025-08-30T09:02:45.069499+00:00,STNRD
05c59b8b0f5541c1894759a6160cdab7,USGS-09371010,63680,00011,2023-11-14T22:00:00+00:00,,_FNU,Provisional,['DISCONTINUED'],2025-08-30T09:02:45.069499+00:00,STNRD
05c59b8b0f5541c1894759a6160cdab7,USGS-09371010,63680,00011,2023-11-14T22:15:00+00:00,,_FNU,Provisional,['DISCONTINUED'],2025-08-30T09:02:45.069499+00:00,STNRD
05c59b8b0f5541c1894759a6160cdab7,USGS-09371010,63680,00011,2023-11-14T22:30:00+00:00,,_FNU,Provisional,['DISCONTINUED'],2025-08-30T09:02:45.069499+00:00,STNRD
05c59b8b0f5541c1894759a6160cdab7,USGS-09371010,63680,00011,2023-11-14T22:45:00+00:00,,_FNU,Provisional,['DISCONTINUED'],2025-08-30T09:02:45.069499+00:00,STNRD
05c59b8b0f5541c1894759a6160cdab7,USGS-09371010,63680,00011,2023-11-14T23:00:00+00:00,,_FNU,Provisional,['DISCONTINUED'],2025-08-30T09:02:45.069499+00:00,STNRD
05c59b8b0f5541c1894759a6160cdab7,USGS-09371010,63680,00011,2023-11-14T23:15:00+00:00,,_FNU,Provisional,['DISCONTINUED'],2025-08-30T09:02:45.069499+00:00,STNRD
05c59b8b0f5541c1894759a6160cdab7,USGS-09371010,63680,00011,2023-11-14T23:30:00+00:00,,_FNU,Provisional,['DISCONTINUED'],2025-08-30T09:02:45.069499+00:00,STNRD
05c59b8b0f5541c1894759a6160cdab7,USGS-09371010,63680,00011,2023-11-14T23:45:00+00:00,,_FNU,Provisional,['DISCONTINUED'],2025-08-30T09:02:45.069499+00:00,STNRD
05c59b8b0f5541c1894759a6160cdab7,USGS-09371010,63680,00011,2023-11-15T00:00:00+00:00,,_FNU,Provisional,['DISCONTINUED'],2025-08-30T09:02:45.069499+00:00,STNRD
05c59b8b0f5541c1894759a6160cdab7,USGS-09371010,63680,00011,2023-11-15T00:15:00+00:00,,_FNU,Provisional,['DISCONTINUED'],2025-08-30T09:02:45.069499+00:00,STNRD
05c59b8b0f5541c1894759a6160cdab7,USGS-09371010,63680,00011,2023-11-15T00:30:00+00:00,,_FNU,Provisional,['DISCONTINUED'],2025-08-30T09:02:45.069499+00:00,STNRD
05c59b8b0f5541c1894759a6160cdab7,USGS-09371010,63680,00011,2023-11-15T00:45:00+00:00,,_FNU,Provisional,['DISCONTINUED'],2025-08-30T09:02:45.069499+00:00,STNRD
05c59b8b0f5541c1894759a6160cdab7,USGS-09371010,63680,00011,2023-11-15T01:00:00+00:00,,_FNU,Provisional,['DISCONTINUED'],2025-08-30T09:02:45.069499+00:00,STNRD
05c59b8b0f5541c1894759a6160cdab7,USGS-09371010,63680,00011,2023-11-15T01:15:00+00:00,,_FNU,Provisional,['DISCONTINUED'],2025-08-30T09:02:45.069499+00:00,STNRD
05c59b8b0f5541c1894759a6160cdab7,USGS-09371010,63680,00011,2023-11-15T01:30:00+00:00,,_FNU,Provisional,['DISCONTINUED'],2025-08-30T09:02:45.069499+00:00,STNRD
05c59b8b0f5541c1894759a6160cdab7,USGS-09371010,63680,00011,2023-11-15T01:45:00+00:00,,_FNU,Provisional,['DISCONTINUED'],2025-08-30T09:02:45.069499+00:00,STNRD
05c59b8b0f5541c1894759a6160cdab7,USGS-09371010,63680,00011,2023-11-15T02:00:00+00:00,,_FNU,Provisional,['DISCONTINUED'],2025-08-30T09:02:45.069499+00:00,STNRD
05c59b8b0f5541c1894759a6160cdab7,USGS-09371010,63680,00011,2023-11-15T02:15:00+00:00,,_FNU,Provisional,['DISCONTINUED'],2025-08-30T09:02:45.069499+00:00,STNRD
05c59b8b0f5541c1894759a6160cdab7,USGS-09371010,63680,00011,2023-11-15T02:30:00+00:00,,_FNU,Provisional,['DISCONTINUED'],2025-08-30T09:02:45.069499+00:00,STNRD
05c59b8b0f5541c1894759a6160cdab7,USGS-09371010,63680,00011,2023-11-15T02:45:00+00:00,,_FNU,Provisional,['DISCONTINUED'],2025-08-30T09:02:45.069499+00:00,STNRD
05c59b8b0f5541c1894759a6160cdab7,USGS-09371010,63680,00011,2023-11-15T03:00:00+00:00,,_FNU,Provisional,['DISCONTINUED'],2025-08-30T09:02:45.069499+00:00,STNRD
05c59b8b0f5541c1894759a6160cdab7,USGS-09371010,63680,00011,2023-11-15T03:15:00+00:00,,_FNU,Provisional,['DISCONTINUED'],2025-08-30T09:02:45.069499+00:00,STNRD
05c59b8b0f5541c1894759a6160cdab7,USGS-09371010,63680,00011,2023-11-15T03:30:00+00:00,,_FNU,Provisional,['DISCONTINUED'],2025-08-30T09:02:45.069499+00:00,STNRD
05c59b8b0f5541c1894759a6160cdab7,USGS-09371010,63680,00011,2023-11-15T03:45:00+00:00,,_FNU,Provisional,['DISCONTINUED'],2025-08-30T09:02:45.069499+00:00,STNRD
05c59b8b0f5541c1894759a6160cdab7,USGS-09371010,63680,00011,2023-11-15T04:00:00+00:00,,_FNU,Provisional,['DISCONTINUED'],2025-08-30T09:02:45.069499+00:00,STNRD
05c59b8b0f5541c1894759a6160cdab7,USGS-09371010,63680,00011,2023-11-15T04:15:00+00:00,,_FNU,Provisional,['DISCONTINUED'],2025-08-30T09:02:45.069499+00:00,STNRD
05c59b8b0f5541c1894759a6160cdab7,USGS-09371010,63680,00011,2023-11-15T04:30:00+00:00,,_FNU,Provisional,['DISCONTINUED'],2025-08-30T09:02:45.069499+00:00,STNRD
05c59b8b0f5541c1894759a6160cdab7,USGS-09371010,63680,00011,2023-11-15T04:45:00+00:00,,_FNU,Provisional,['DISCONTINUED'],2025-08-30T09:02:45.069499+00:00,STNRD
05c59b8b0f5541c1894759a6160cdab7,USGS-09371010,63680,00011,2023-11-15T05:00:00+00:00,,_FNU,Provisional,['DISCONTINUED'],2025-08-30T09:02:45.069499+00:00,STNRD
05c59b8b0f5541c1894759a6160cdab7,USGS-09371010,63680,00011,2023-11-15T05:15:00+00:00,,_FNU,Provisional,['DISCONTINUED'],2025-08-30T09:02:45.069499+00:00,STNRD
05c59b8b0f5541c1894759a6160cdab7,USGS-09371010,63680,00011,2023-11-15T05:30:00+00:00,,_FNU,Provisional,['DISCONTINUED'],2025-08-30T09:02:45.069499+00:00,STNRD
05c59b8b0f5541c1894759a6160cdab7,USGS-09371010,63680,00011,2023-11-15T05:45:00+00:00,,_FNU,Provisional,['DISCONTINUED'],2025-08-30T09:02:45.069499+00:00,STNRD
05c59b8b0f5541c1894759a6160cdab7,USGS-09371010,63680,00011,2023-11-15T06:00:00+00:00,,_FNU,Provisional,['DISCONTINUED'],2025-08-30T09:02:45.069499+00:00,STNRD
05c59b8b0f5541c1894759a6160cdab7,USGS-09371010,63680,00011,2023-11-15T06:15:00+00:00,,_FNU,Provisional,['DISCONTINUED'],2025-08-30T09:02:45.069499+00:00,STNRD
05c59b8b0f5541c1894759a6160cdab7,USGS-09371010,63680,00011,2023-11-15T06:30:00+00:00,,_FNU,Provisional,['DISCONTINUED'],2025-08-30T09:02:45.069499+00:00,STNRD
05c59b8b0f5541c1894759a6160cdab7,USGS-09371010,63680,00011,2023-11-15T06:45:00+00:00,,_FNU,Provisional,['DISCONTINUED'],2025-08-30T09:02:45.069499+00:00,STNRD
05c59b8b0f5541c1894759a6160cdab7,USGS-09371010,63680,00011,2023-11-15T07:00:00+00:00,,_FNU,Provisional,['DISCONTINUED'],2025-08-30T09:02:45.069499+00:00,STNRD
05c59b8b0f5541c1894759a6160cdab7,USGS-09371010,63680,00011,2023-11-15T07:15:00+00:00,,_FNU,Provisional,['DISCONTINUED'],2025-08-30T09:02:45.069499+00:00,STNRD
05c59b8b0f5541c1894759a6160cdab7,USGS-09371010,63680,00011,2023-11-15T07:30:00+00:00,,_FNU,Provisional,['DISCONTINUED'],2025-08-30T09:02:45.069499+00:00,STNRD
05c59b8b0f5541c1894759a6160cdab7,USGS-09371010,63680,00011,2023-11-15T07:45:00+00:00,,_FNU,Provisional,['DISCONTINUED'],2025-08-30T09:02:45.069499+00:00,STNRD
05c59b8b0f5541c1894759a6160cdab7,USGS-09371010,63680,00011,2023-11-15T08:00:00+00:00,,_FNU,Provisional,['DISCONTINUED'],2025-08-30T09:02:45.069499+00:00,STNRD
05c59b8b0f5541c1894759a6160cdab7,USGS-09371010,63680,00011,2023-11-15T08:15:00+00:00,,_FNU,Provisional,['DISCONTINUED'],2025-08-30T09:02:45.069499+00:00,STNRD
05c59b8b0f5541c1894759a6160cdab7,USGS-09371010,63680,00011,2023-11-15T08:30:00+00:00,,_FNU,Provisional,['DISCONTINUED'],2025-08-30T09:02:45.069499+00:00,STNRD
05c59b8b0f5541c1894759a6160cdab7,USGS-09371010,63680,00011,2023-11-15T08:45:00+00:00,,_FNU,Provisional,['DISCONTINUED'],2025-08-30T09:02:45.069499+00:00,STNRD
05c59b8b0f5541c1894759a6160cdab7,USGS-09371010,63680,00011,2023-11-15T09:00:00+00:00,,_FNU,Provisional,['DISCONTINUED'],2025-08-30T09:02:45.069499+00:00,STNRD
05c59b8b0f5541c1894759a6160cdab7,USGS-09371010,63680,00011,2023-11-15T09:15:00+00:00,,_FNU,Provisional,['DISCONTINUED'],2025-08-30T09:02:45.069499+00:00,STNRD
05c59b8b0f5541c1894759a6160cdab7,USGS-09371010,63680,00011,2023-11-15T09:30:00+00:00,,_FNU,Provisional,['DISCONTINUED'],2025-08-30T09:02:45.069499+00:00,STNRD
05c59b8b0f5541c1894759a6160cdab7,USGS-09371010,63680,00011,2023-11-15T09:45:00+00:00,,_FNU,Provisional,['DISCONTINUED'],2025-08-30T09:02:45.069499+00:00,STNRD
05c59b8b0f5541c1894759a6160cdab7,USGS-09371010,63680,00011,2023-11-15T10:00:00+00:00,,_FNU,Provisional,['DISCONTINUED'],2025-08-30T09:02:45.069499+00:00,STNRD
05c59b8b0f5541c1894759a6160cdab7,USGS-09371010,63680,00011,2023-11-15T10:15:00+00:00,,_FNU,Provisional,['DISCONTINUED'],2025-08-30T09:02:45.069499+00:00,STNRD
05c59b8b0f5541c1894759a6160cdab7,USGS-09371010,63680,00011,2023-11-15T10:30:00+00:00,,_FNU,Provisional,['DISCONTINUED'],2025-08-30T09:02:45.069499+00:00,STNRD
05c59b8b0f5541c1894759a6160cdab7,USGS-09371010,63680,00011,2023-11-15T10:45:00+00:00,,_FNU,Provisional,['DISCONTINUED'],2025-08-30T09:02:45.069499+00:00,STNRD
05c59b8b0f5541c1894759a6160cdab7,USGS-09371010,63680,00011,2023-11-15T11:00:00+00:00,,_FNU,Provisional,['DISCONTINUED'],2025-08-30T09:02:45.069499+00:00,STNRD
05c59b8b0f5541c1894759a6160cdab7,USGS-09371010,63680,00011,2023-11-15T11:15:00+00:00,,_FNU,Provisional,['DISCONTINUED'],2025-08-30T09:02:45.069499+00:00,STNRD
05c59b8b0f5541c1894759a6160cdab7,USGS-09371010,63680,00011,2023-11-15T11:30:00+00:00,,_FNU,Provisional,['DISCONTINUED'],2025-08-30T09:02:45.069499+00:00,STNRD
05c59b8b0f5541c1894759a6160cdab7,USGS-09371010,63680,00011,2023-11-15T11:45:00+00:00,,_FNU,Provisional,['DISCONTINUED'],2025-08-30T09:02:45.069499+00:00,STNRD
05c59b8b0f5541c1894759a6160cdab7,USGS-09371010,63680,00011,2023-11-15T12:00:00+00:00,,_FNU,Provisional,['DISCONTINUED'],2025-08-30T09:02:45.069499+00:00,STNRD
05c59b8b0f5541c1894759a6160cdab7,USGS-09371010,63680,00011,2023-11-15T12:15:00+00:00,,_FNU,Provisional,['DISCONTINUED'],2025-08-30T09:02:45.069499+00:00,STNRD
05c59b8b0f5541c1894759a6160cdab7,USGS-09371010,63680,00011,2023-11-15T12:30:00+00:00,,_FNU,Provisional,['DISCONTINUED'],2025-08-30T09:02:45.069499+00:00,STNRD
05c59b8b0f5541c1894759a6160cdab7,USGS-09371010,63680,00011,2023-11-15T12:45:00+00:00,,_FNU,Provisional,['DISCONTINUED'],2025-08-30T09:02:45.069499+00:00,STNRD
05c59b8b0f5541c1894759a6160cdab7,USGS-09371010,63680,00011,2023-11-15T13:00:00+00:00,,_FNU,Provisional,['DISCONTINUED'],2025-08-30T09:02:45.069499+00:00,STNRD
05c59b8b0f5541c1894759a6160cdab7,USGS-09371010,63680,00011,2023-11-15T13:15:00+00:00,,_FNU,Provisional,['DISCONTINUED'],2025-08-30T09:02:45.069499+00:00,STNRD
05c59b8b0f5541c1894759a6160cdab7,USGS-09371010,63680,00011,2023-11-15T13:30:00+00:00,,_FNU,Provisional,['DISCONTINUED'],2025-08-30T09:02:45.069499+00:00,STNRD
05c59b8b0f5541c1894759a6160cdab7,USGS-09371010,63680,00011,2023-11-15T13:45:00+00:00,,_FNU,Provisional,['DISCONTINUED'],2025-08-30T09:02:45.069499+00:00,STNRD
05c59b8b0f5541c1894759a6160cdab7,USGS-09371010,63680,00011,2023-11-15T14:00:00+00:00,,_FNU,Provisional,['DISCONTINUED'],2025-08-30T09:02:45.069499+00:00,STNRD
05c59b8b0f5541c1894759a6160cdab7,USGS-09371010,63680,00011,2023-11-15T14:15:00+00:00,,_FNU,Provisional,['DISCONTINUED'],2025-08-30T09:02:45.069499+00:00,STNRD
05c59b8b0f5541c1894759a6160cdab7,USGS-09371010,63680,00011,2023-11-15T14:30:00+00:00,,_FNU,Provisional,['DISCONTINUED'],2025-08-30T09:02:45.069499+00:00,STNRD
05c59b8b0f5541c1894759a6160cdab7,USGS-09371010,63680,00011,2023-11-15T14:45:00+00:00,,_FNU,Provisional,['DISCONTINUED'],2025-08-30T09:02:45.069499+00:00,STNRD
05c59b8b0f5541c1894759a6160cdab7,USGS-09371010,63680,00011,2023-11-15T15:00:00+00:00,,_FNU,Provisional,['DISCONTINUED'],2025-08-30T09:02:45.069499+00:00,STNRD
