time,station,DO concentration,Water temperature,Specific conductance,Turbidity,pH,Discharge,Stage
2024-04-01 05:00:00+00:00,USGS-09092570,,,,,,1830.0,8.39
2024-04-01 06:00:00+00:00,USGS-09092570,,,,,,1820.0,8.38
2024-04-01 07:00:00+00:00,USGS-09092570,9.05,7.05,1090.0,,8.2,1830.0,8.39
2024-04-01 08:00:00+00:00,USGS-09092570,9.1,6.9,1090.0,,8.2,1830.0,8.39
2024-04-01 09:00:00+00:00,USGS-09092570,9.1,6.8,1090.0,,8.2,1830.0,8.39
2024-04-01 10:00:00+00:00,USGS-09092570,9.1,6.7,1090.0,,8.1,1830.0,8.39
2024-04-01 11:00:00+00:00,USGS-09092570,9.1,6.55,1090.0,,8.1,1825.0,8.385000000000002
2024-04-01 12:00:00+00:00,USGS-09092570,9.1,6.35,1090.0,,8.1,1830.0,8.39
2024-04-01 13:00:00+00:00,USGS-09092570,9.2,6.25,1090.0,,8.1,1850.0,8.4
2024-04-01 14:00:00+00:00,USGS-09092570,9.25,6.2,1100.0,,8.1,1850.0,8.4
2024-04-01 15:00:00+00:00,USGS-09092570,9.45,6.3,1100.0,,8.1,1850.0,8.4
2024-04-01 16:00:00+00:00,USGS-09092570,9.75,6.55,1100.0,,8.149999999999999,1850.0,8.4
2024-04-01 17:00:00+00:00,USGS-09092570,10.149999999999999,7.5,1090.0,,8.25,1850.0,8.4
2024-04-01 18:00:00+00:00,USGS-09092570,10.4,7.95,1090.0,,8.3,1860.0,8.41
2024-04-01 19:00:00+00:00,USGS-09092570,10.5,8.4,1080.0,,8.4,1860.0,8.41
2024-04-01 20:00:00+00:00,USGS-09092570,10.6,8.9,1080.0,,8.4,1865.0,8.41
2024-04-01 21:00:00+00:00,USGS-09092570,10.5,9.149999999999999,1080.0,,8.45,1880.0,8.42
2024-04-01 22:00:00+00:00,USGS-09092570,10.4,9.4,1080.0,,8.5,1890.0,8.43
2024-04-01 23:00:00+00:00,USGS-09092570,10.0,9.2,1080.0,,8.45,1885.0,8.425
2024-04-02 00:00:00+00:00,USGS-09092570,9.9,9.1,1080.0,,8.4,1880.0,8.42
2024-04-02 01:00:00+00:00,USGS-09092570,9.7,9.1,1080.0,,8.4,1880.0,8.42
2024-04-02 02:00:00+00:00,USGS-09092570,9.45,9.2,1080.0,,8.4,1890.0,8.43
2024-04-02 03:00:00+00:00,USGS-09092570,9.25,9.2,1080.0,,8.4,1880.0,8.42
2024-04-02 04:00:00+00:00,USGS-09092570,9.1,9.3,1080.0,,8.4,1890.0,8.43
2024-04-02 05:00:00+00:00,USGS-09092570,8.9,9.3,1080.0,,8.4,1890.0,8.43
2024-04-02 06:00:00+00:00,USGS-09092570,8.8,9.3,1080.0,,8.4,1890.0,8.43
2024-04-02 07:00:00+00:00,USGS-09092570,8.7,9.25,1080.0,,8.4,1880.0,8.42
2024-04-02 08:00:00+00:00,USGS-09092570,8.6,8.95,1080.0,,8.3,1880.0,8.42
2024-04-02 09:00:00+00:00,USGS-09092570,8.7,8.55,1080.0,,8.25,1880.0,8.42
2024-04-02 10:00:00+00:00,USGS-09092570,8.75,8.149999999999999,1080.0,,8.2,1880.0,8.42
2024-04-02 11:00:00+00:00,USGS-09092570,8.8,7.75,1080.0,,8.2,1880.0,8.42
2024-04-02 12:00:00+00:00,USGS-09092570,8.9,7.45,1080.0,,8.1,1880.0,8.42
2024-04-02 13:00:00+00:00,USGS-09092570,8.95,7.15,1080.0,,8.1,1880.0,8.42
2024-04-02 14:00:00+00:00,USGS-09092570,9.149999999999999,7.1,1090.0,,8.1,1880.0,8.42
2024-04-02 15:00:00+00:00,USGS-09092570,9.350000000000001,7.25,1090.0,,8.1,1880.0,8.42
2024-04-02 16:00:00+00:00,USGS-09092570,9.649999999999999,7.65,1090.0,,8.2,1880.0,8.42
2024-04-02 17:00:00+00:00,USGS-09092570,10.05,8.2,1090.0,,8.25,1880.0,8.42
2024-04-02 18:00:00+00:00,USGS-09092570,10.45,8.8,1080.0,,8.3,1890.0,8.43
2024-04-02 19:00:00+00:00,USGS-09092570,10.7,9.350000000000001,1080.0,,8.4,1890.0,8.43
2024-04-02 20:00:00+00:00,USGS-09092570,11.0,9.95,1070.0,,8.5,1900.0,8.434999999999999
2024-04-02 21:00:00+00:00,USGS-09092570,11.0,10.3,1060.0,,8.55,1890.0,8.43
2024-04-02 22:00:00+00:00,USGS-09092570,11.0,10.6,1060.0,,8.6,1860.0,8.41
2024-04-02 23:00:00+00:00,USGS-09092570,10.8,10.8,1060.0,,8.6,1880.0,8.42
2024-04-03 00:00:00+00:00,USGS-09092570,10.55,10.8,1060.0,,8.6,1880.0,8.42
2024-04-03 01:00:00+00:00,USGS-09092570,10.05,10.7,1060.0,,8.6,1880.0,8.42
2024-04-03 02:00:00+00:00,USGS-09092570,9.649999999999999,10.6,1060.0,,8.6,1880.0,8.42
2024-04-03 03:00:00+00:00,USGS-09092570,9.350000000000001,10.5,1060.0,,8.6,1880.0,8.42
2024-04-03 04:00:00+00:00,USGS-09092570,9.0,10.4,1060.0,,8.5,1860.0,8.41
2024-04-03 05:00:00+00:00,USGS-09092570,8.8,10.4,1060.0,,8.5,1860.0,8.41
2024-04-03 06:00:00+00:00,USGS-09092570,8.6,10.3,1060.0,,8.5,1860.0,8.41
2024-04-03 07:00:00+00:00,USGS-09092570,8.5,10.149999999999999,1060.0,,8.4,1860.0,8.41
2024-04-03 08:00:00+00:00,USGS-09092570,8.45,9.95,1060.0,,8.4,1860.0,8.41
2024-04-03 09:00:00+00:00,USGS-09092570,8.4,9.649999999999999,1060.0,,8.3,1860.0,8.41
2024-04-03 10:00:00+00:00,USGS-09092570,8.4,9.350000000000001,1060.0,,8.2,1850.0,8.4
2024-04-03 11:00:00+00:00,USGS-09092570,8.5,9.0,1060.0,,8.2,1850.0,8.4
2024-04-03 12:00:00+00:00,USGS-09092570,8.6,8.649999999999999,1060.0,,8.1,1850.0,8.4
2024-04-03 13:00:00+00:00,USGS-09092570,8.6,8.350000000000001,1060.0,,8.1,1850.0,8.4
2024-04-03 14:00:00+00:00,USGS-09092570,8.8,8.2,1060.0,,8.1,1850.0,8.4
2024-04-03 15:00:00+00:00,USGS-09092570,9.149999999999999,8.25,1070.0,,8.1,1850.0,8.4
2024-04-03 16:00:00+00:00,USGS-09092570,9.55,8.649999999999999,1080.0,,8.2,1850.0,8.4
2024-04-03 17:00:00+00:00,USGS-09092570,9.95,9.2,1080.0,,8.25,1850.0,8.4
2024-04-03 18:00:00+00:00,USGS-09092570,10.350000000000001,9.8,1070.0,,8.350000000000001,1855.0,8.405000000000001
2024-04-03 19:00:00+00:00,USGS-09092570,10.649999999999999,10.5,1060.0,,8.4,1860.0,8.41
2024-04-03 20:00:00+00:00,USGS-09092570,10.8,11.1,1055.0,,8.5,1860.0,8.41
2024-04-03 21:00:00+00:00,USGS-09092570,11.0,11.55,1050.0,,8.6,1870.0,8.415
2024-04-03 22:00:00+00:00,USGS-09092570,10.9,11.9,1050.0,,8.6,1880.0,8.42
2024-04-03 23:00:00+00:00,USGS-09092570,10.7,12.1,1060.0,,8.6,1880.0,8.42
2024-04-04 00:00:00+00:00,USGS-09092570,10.350000000000001,12.1,1085.0,,8.6,1880.0,8.42
2024-04-04 01:00:00+00:00,USGS-09092570,9.9,12.05,1115.0,,8.6,1880.0,8.42
2024-04-04 02:00:00+00:00,USGS-09092570,9.350000000000001,11.95,1105.0,,8.6,1880.0,8.42
2024-04-04 03:00:00+00:00,USGS-09092570,8.95,11.850000000000001,1075.0,,8.6,1880.0,8.42
2024-04-04 04:00:00+00:00,USGS-09092570,8.6,11.75,1045.0,,8.5,1880.0,8.42
2024-04-04 05:00:00+00:00,USGS-09092570,8.4,11.649999999999999,1040.0,,8.5,1880.0,8.42
2024-04-04 06:00:00+00:00,USGS-09092570,8.2,11.55,1040.0,,8.4,1880.0,8.42
2024-04-04 07:00:00+00:00,USGS-09092570,8.1,11.4,1045.0,,8.4,1880.0,8.42
2024-04-04 08:00:00+00:00,USGS-09092570,8.0,11.2,1050.0,,8.3,1880.0,8.42
2024-04-04 09:00:00+00:00,USGS-09092570,8.0,10.95,1050.0,,8.3,1880.0,8.42
2024-04-04 10:00:00+00:00,USGS-09092570,8.0,10.6,1060.0,,8.2,1870.0,8.415
2024-04-04 11:00:00+00:00,USGS-09092570,8.0,10.25,1060.0,,8.1,1860.0,8.41
2024-04-04 12:00:00+00:00,USGS-09092570,8.1,9.850000000000001,1060.0,,8.1,1860.0,8.41
2024-04-04 13:00:00+00:00,USGS-09092570,8.2,9.5,1060.0,,8.1,1860.0,8.41
2024-04-04 14:00:00+00:00,USGS-09092570,8.4,9.3,1065.0,,8.1,1860.0,8.41
2024-04-04 15:00:00+00:00,USGS-09092570,8.649999999999999,9.4,1070.0,,8.1,1860.0,8.41
2024-04-04 16:00:00+00:00,USGS-09092570,9.05,9.75,1070.0,,8.149999999999999,1880.0,8.42
2024-04-04 17:00:00+00:00,USGS-09092570,9.45,10.25,1070.0,,8.2,1880.0,8.42
2024-04-04 18:00:00+00:00,USGS-09092570,9.8,10.850000000000001,1070.0,,8.3,1890.0,8.43
2024-04-04 19:00:00+00:00,USGS-09092570,10.05,11.45,1060.0,,8.4,1850.0,8.4
2024-04-04 20:00:00+00:00,USGS-09092570,10.2,11.95,1060.0,,8.4,1860.0,8.41
2024-04-04 21:00:00+00:00,USGS-09092570,10.1,12.25,1060.0,,8.5,1860.0,8.41
2024-04-04 22:00:00+00:00,USGS-09092570,10.0,12.45,1060.0,,8.5,1870.0,8.415
2024-04-04 23:00:00+00:00,USGS-09092570,9.75,12.45,1060.0,,8.5,1910.0,8.44
2024-04-05 00:00:00+00:00,USGS-09092570,9.4,12.4,1060.0,,8.5,1905.0,8.44
2024-04-05 01:00:00+00:00,USGS-09092570,9.05,12.3,1050.0,,8.5,1940.0,8.46
2024-04-05 02:00:00+00:00,USGS-09092570,8.75,12.2,1050.0,,8.4,1940.0,8.46
2024-04-05 03:00:00+00:00,USGS-09092570,8.45,12.05,1050.0,,8.4,1940.0,8.46
2024-04-05 04:00:00+00:00,USGS-09092570,8.25,12.0,1050.0,,8.4,1940.0,8.46
2024-04-05 05:00:00+00:00,USGS-09092570,8.1,11.9,1050.0,,8.4,1940.0,8.46
2024-04-05 06:00:00+00:00,USGS-09092570,8.0,11.8,1050.0,,8.350000000000001,1945.0,8.465
2024-04-05 07:00:00+00:00,USGS-09092570,7.9,11.7,1050.0,,8.3,1950.0,8.47
2024-04-05 08:00:00+00:00,USGS-09092570,7.9,11.55,1050.0,,8.3,1950.0,8.47
2024-04-05 09:00:00+00:00,USGS-09092570,7.85,11.25,1050.0,,8.2,1940.0,8.46
2024-04-05 10:00:00+00:00,USGS-09092570,7.9,10.95,1050.0,,8.2,1950.0,8.47
2024-04-05 11:00:00+00:00,USGS-09092570,7.9,10.649999999999999,1050.0,,8.1,1970.0,8.48
2024-04-05 12:00:00+00:00,USGS-09092570,8.0,10.4,1050.0,,8.1,1970.0,8.48
2024-04-05 13:00:00+00:00,USGS-09092570,8.0,10.2,1050.0,,8.1,1990.0,8.49
2024-04-05 14:00:00+00:00,USGS-09092570,8.149999999999999,10.2,1055.0,,8.1,1995.0,8.495000000000001
2024-04-05 15:00:00+00:00,USGS-09092570,8.350000000000001,10.4,1060.0,,8.1,1970.0,8.48
2024-04-05 16:00:00+00:00,USGS-09092570,8.6,10.75,1060.0,,8.1,1990.0,8.49
2024-04-05 17:00:00+00:00,USGS-09092570,8.75,11.2,1060.0,,8.2,1970.0,8.48
2024-04-05 18:00:00+00:00,USGS-09092570,8.9,11.649999999999999,1060.0,,8.2,1980.0,8.485
2024-04-05 19:00:00+00:00,USGS-09092570,9.0,12.05,1050.0,,8.2,2005.0,8.5
2024-04-05 20:00:00+00:00,USGS-09092570,8.95,12.350000000000001,1050.0,,8.3,2025.0,8.515
2024-04-05 21:00:00+00:00,USGS-09092570,8.8,12.5,1040.0,,8.3,2045.0,8.53
2024-04-05 22:00:00+00:00,USGS-09092570,8.6,12.350000000000001,1040.0,,8.25,2030.0,8.52
2024-04-05 23:00:00+00:00,USGS-09092570,8.55,12.2,1030.0,,8.2,2050.0,8.53
2024-04-06 00:00:00+00:00,USGS-09092570,8.4,12.149999999999999,1025.0,,8.2,2115.0,8.57
2024-04-06 01:00:00+00:00,USGS-09092570,8.2,12.25,1020.0,,8.2,2130.0,8.58
2024-04-06 02:00:00+00:00,USGS-09092570,8.1,12.2,1020.0,,8.25,2080.0,8.55
2024-04-06 03:00:00+00:00,USGS-09092570,8.0,12.1,1020.0,,8.2,2140.0,8.59
2024-04-06 04:00:00+00:00,USGS-09092570,7.9,11.95,1010.0,,8.2,2120.0,8.575
2024-04-06 05:00:00+00:00,USGS-09092570,7.9,11.7,1010.0,,8.2,2140.0,8.59
2024-04-06 06:00:00+00:00,USGS-09092570,7.9,11.45,1000.0,,8.2,2110.0,8.57
2024-04-06 07:00:00+00:00,USGS-09092570,7.9,11.149999999999999,998.0,,8.149999999999999,2160.0,8.6
2024-04-06 08:00:00+00:00,USGS-09092570,7.9,10.95,994.5,,8.1,2190.0,8.62
2024-04-06 09:00:00+00:00,USGS-09092570,8.0,10.649999999999999,996.0,,8.1,2150.0,8.594999999999999
2024-04-06 10:00:00+00:00,USGS-09092570,8.0,10.25,1005.0,,8.1,2140.0,8.59
2024-04-06 11:00:00+00:00,USGS-09092570,8.1,10.0,1010.0,,8.1,2200.0,8.625
2024-04-06 12:00:00+00:00,USGS-09092570,8.2,9.649999999999999,1010.0,,8.1,2180.0,8.61
2024-04-06 13:00:00+00:00,USGS-09092570,8.3,9.3,1000.0,,8.1,2200.0,8.625
2024-04-06 14:00:00+00:00,USGS-09092570,8.4,9.1,999.5,,8.1,2240.0,8.65
2024-04-06 15:00:00+00:00,USGS-09092570,8.5,9.2,993.5,,8.1,2260.0,8.66
2024-04-06 16:00:00+00:00,USGS-09092570,8.6,9.45,989.5,,8.1,2280.0,8.67
2024-04-06 17:00:00+00:00,USGS-09092570,8.8,9.7,984.5,,8.1,2280.0,8.67
2024-04-06 18:00:00+00:00,USGS-09092570,8.8,9.7,978.5,,8.1,2285.0,8.675
2024-04-06 19:00:00+00:00,USGS-09092570,8.9,9.649999999999999,972.5,,8.1,2290.0,8.68
2024-04-06 20:00:00+00:00,USGS-09092570,8.9,9.6,966.5,,8.1,2290.0,8.68
2024-04-06 21:00:00+00:00,USGS-09092570,8.9,9.7,960.0,,8.2,2310.0,8.69
2024-04-06 22:00:00+00:00,USGS-09092570,8.9,9.7,953.5,,8.2,2330.0,8.7
2024-04-06 23:00:00+00:00,USGS-09092570,8.9,9.5,949.5,,8.2,2320.0,8.695
2024-04-07 00:00:00+00:00,USGS-09092570,8.850000000000001,9.4,945.0,,8.2,2350.0,8.715
2024-04-07 01:00:00+00:00,USGS-09092570,8.75,9.3,941.5,,8.1,2360.0,8.72
2024-04-07 02:00:00+00:00,USGS-09092570,8.7,9.05,938.0,,8.1,2400.0,8.745000000000001
2024-04-07 03:00:00+00:00,USGS-09092570,8.7,8.649999999999999,936.0,,8.1,2380.0,8.73
2024-04-07 04:00:00+00:00,USGS-09092570,8.8,8.25,934.5,,8.1,2430.0,8.76
2024-04-07 05:00:00+00:00,USGS-09092570,8.8,7.95,933.5,,8.1,2450.0,8.77
2024-04-07 06:00:00+00:00,USGS-09092570,8.9,7.6,932.0,,8.1,2450.0,8.77
2024-04-07 07:00:00+00:00,USGS-09092570,9.0,7.35,930.0,,8.1,2460.0,8.78
2024-04-07 08:00:00+00:00,USGS-09092570,9.05,7.05,928.0,,8.1,2460.0,8.78
2024-04-07 09:00:00+00:00,USGS-09092570,9.1,6.85,926.0,,8.1,2480.0,8.79
2024-04-07 10:00:00+00:00,USGS-09092570,9.1,6.55,926.0,,8.05,2480.0,8.79
2024-04-07 11:00:00+00:00,USGS-09092570,9.2,6.35,925.5,,8.0,2480.0,8.79
2024-04-07 12:00:00+00:00,USGS-09092570,9.2,6.2,922.5,,8.0,2480.0,8.79
2024-04-07 13:00:00+00:00,USGS-09092570,9.3,6.2,919.0,,8.0,2480.0,8.79
2024-04-07 14:00:00+00:00,USGS-09092570,9.350000000000001,6.2,914.0,,8.0,2480.0,8.79
2024-04-07 15:00:00+00:00,USGS-09092570,9.45,6.35,909.5,,8.1,2480.0,8.79
2024-04-07 16:00:00+00:00,USGS-09092570,9.6,6.55,905.0,,8.1,2455.0,8.774999999999999
2024-04-07 17:00:00+00:00,USGS-09092570,9.7,6.85,899.5,,8.1,2455.0,8.774999999999999
2024-04-07 18:00:00+00:00,USGS-09092570,9.8,7.1,895.5,,8.1,2455.0,8.774999999999999
2024-04-07 19:00:00+00:00,USGS-09092570,9.850000000000001,7.65,891.0,,8.2,2465.0,8.78
2024-04-07 20:00:00+00:00,USGS-09092570,9.95,8.1,885.5,,8.2,2430.0,8.76
2024-04-07 21:00:00+00:00,USGS-09092570,10.0,8.55,881.5,,8.2,2460.0,8.78
2024-04-07 22:00:00+00:00,USGS-09092570,9.9,9.05,879.0,,8.3,2470.0,8.785
2024-04-07 23:00:00+00:00,USGS-09092570,9.8,9.3,878.5,,8.3,2480.0,8.79
2024-04-08 00:00:00+00:00,USGS-09092570,9.6,9.3,878.0,,8.3,2480.0,8.79
2024-04-08 01:00:00+00:00,USGS-09092570,9.4,9.25,878.0,,8.3,2490.0,8.795
2024-04-08 02:00:00+00:00,USGS-09092570,9.3,9.149999999999999,879.0,,8.3,2500.0,8.8
2024-04-08 03:00:00+00:00,USGS-09092570,9.149999999999999,9.1,879.0,,8.3,2490.0,8.795
2024-04-08 04:00:00+00:00,USGS-09092570,9.0,9.0,879.0,,8.3,2500.0,8.8
2024-04-08 05:00:00+00:00,USGS-09092570,9.0,8.850000000000001,879.0,,8.2,2480.0,8.79
2024-04-08 06:00:00+00:00,USGS-09092570,8.9,8.6,879.0,,8.2,2480.0,8.79
2024-04-08 07:00:00+00:00,USGS-09092570,8.9,8.350000000000001,880.0,,8.2,2460.0,8.78
2024-04-08 08:00:00+00:00,USGS-09092570,8.95,7.95,883.5,,8.149999999999999,2450.0,8.77
2024-04-08 09:00:00+00:00,USGS-09092570,9.0,7.65,887.5,,8.1,2440.0,8.765
2024-04-08 10:00:00+00:00,USGS-09092570,9.0,7.25,889.0,,8.1,2430.0,8.76
2024-04-08 11:00:00+00:00,USGS-09092570,9.1,6.95,886.5,,8.1,2430.0,8.76
2024-04-08 12:00:00+00:00,USGS-09092570,9.2,6.65,881.5,,8.1,2430.0,8.76
2024-04-08 13:00:00+00:00,USGS-09092570,9.25,6.35,876.5,,8.0,2400.0,8.745000000000001
2024-04-08 14:00:00+00:00,USGS-09092570,9.4,6.2,873.0,,8.0,2380.0,8.73
2024-04-08 15:00:00+00:00,USGS-09092570,9.55,6.3,870.0,,8.1,2380.0,8.73
2024-04-08 16:00:00+00:00,USGS-09092570,9.75,6.6,868.0,,8.1,2360.0,8.72
2024-04-08 17:00:00+00:00,USGS-09092570,10.0,7.05,866.5,,8.2,2340.0,8.71
2024-04-08 18:00:00+00:00,USGS-09092570,10.2,7.4,864.0,,8.2,2330.0,8.7
2024-04-08 19:00:00+00:00,USGS-09092570,10.2,7.65,864.5,,8.2,2320.0,8.695
2024-04-08 20:00:00+00:00,USGS-09092570,10.3,8.149999999999999,864.5,,8.3,2310.0,8.69
2024-04-08 21:00:00+00:00,USGS-09092570,10.4,8.649999999999999,865.0,,8.3,2310.0,8.69
2024-04-08 22:00:00+00:00,USGS-09092570,10.4,9.05,865.0,,8.4,2290.0,8.68
2024-04-08 23:00:00+00:00,USGS-09092570,10.3,9.3,867.0,,8.4,2285.0,8.675
2024-04-09 00:00:00+00:00,USGS-09092570,10.149999999999999,9.5,868.5,,8.4,2260.0,8.66
2024-04-09 01:00:00+00:00,USGS-09092570,9.850000000000001,9.5,871.0,,8.4,2260.0,8.66
2024-04-09 02:00:00+00:00,USGS-09092570,9.6,9.3,874.0,,8.4,2260.0,8.66
2024-04-09 03:00:00+00:00,USGS-09092570,9.350000000000001,9.3,879.5,,8.4,2260.0,8.66
2024-04-09 04:00:00+00:00,USGS-09092570,9.2,9.2,885.5,,8.4,2260.0,8.66
2024-04-09 05:00:00+00:00,USGS-09092570,9.05,9.05,894.0,,8.3,2260.0,8.66
2024-04-09 06:00:00+00:00,USGS-09092570,9.0,8.8,908.0,,8.3,2260.0,8.66
2024-04-09 07:00:00+00:00,USGS-09092570,8.9,8.55,927.5,,8.25,2260.0,8.66
2024-04-09 08:00:00+00:00,USGS-09092570,8.9,8.25,937.0,,8.2,2250.0,8.655000000000001
2024-04-09 09:00:00+00:00,USGS-09092570,9.0,7.95,922.0,,8.2,2240.0,8.65
2024-04-09 10:00:00+00:00,USGS-09092570,9.0,7.55,903.5,,8.1,2230.0,8.64
2024-04-09 11:00:00+00:00,USGS-09092570,9.05,7.25,895.5,,8.1,2230.0,8.64
2024-04-09 12:00:00+00:00,USGS-09092570,9.1,6.85,896.5,,8.1,2230.0,8.64
2024-04-09 13:00:00+00:00,USGS-09092570,9.2,6.55,899.0,,8.1,2230.0,8.64
2024-04-09 14:00:00+00:00,USGS-09092570,9.4,6.4,901.0,,8.1,2240.0,8.65
2024-04-09 15:00:00+00:00,USGS-09092570,9.6,6.5,902.0,,8.1,2260.0,8.66
2024-04-09 16:00:00+00:00,USGS-09092570,9.8,6.7,901.0,,8.1,2270.0,8.665
2024-04-09 17:00:00+00:00,USGS-09092570,10.2,7.45,900.0,20.2,8.149999999999999,2280.0,8.67
2024-04-09 18:00:00+00:00,USGS-09092570,10.4,7.85,900.5,21.25,8.25,2280.0,8.67
2024-04-09 19:00:00+00:00,USGS-09092570,10.6,8.45,902.5,20.4,8.3,2290.0,8.68
2024-04-09 20:00:00+00:00,USGS-09092570,10.7,9.0,904.0,21.35,8.4,2285.0,8.675
2024-04-09 21:00:00+00:00,USGS-09092570,10.7,9.55,911.0,20.25,8.4,2230.0,8.64
2024-04-09 22:00:00+00:00,USGS-09092570,10.649999999999999,9.95,929.0,21.299999999999997,8.5,2235.0,8.645
2024-04-09 23:00:00+00:00,USGS-09092570,10.45,10.25,934.0,20.45,8.5,2260.0,8.66
2024-04-10 00:00:00+00:00,USGS-09092570,10.2,10.4,913.5,21.5,8.5,2260.0,8.66
2024-04-10 01:00:00+00:00,USGS-09092570,9.850000000000001,10.4,890.0,19.700000000000003,8.5,2260.0,8.66
2024-04-10 02:00:00+00:00,USGS-09092570,9.45,10.4,881.0,22.0,8.5,2240.0,8.65
2024-04-10 03:00:00+00:00,USGS-09092570,9.2,10.4,883.5,21.25,8.4,2240.0,8.65
2024-04-10 04:00:00+00:00,USGS-09092570,8.95,10.4,889.0,21.9,8.4,2240.0,8.65
2024-04-10 05:00:00+00:00,USGS-09092570,8.8,10.3,891.5,22.15,8.4,2250.0,8.655000000000001
2024-04-10 06:00:00+00:00,USGS-09092570,8.7,10.2,893.0,24.45,8.3,2240.0,8.65
2024-04-10 07:00:00+00:00,USGS-09092570,8.6,10.0,895.0,22.85,8.3,2240.0,8.65
2024-04-10 08:00:00+00:00,USGS-09092570,8.6,9.75,897.5,22.3,8.2,2240.0,8.65
2024-04-10 09:00:00+00:00,USGS-09092570,8.6,9.45,901.0,22.05,8.2,2230.0,8.64
2024-04-10 10:00:00+00:00,USGS-09092570,8.649999999999999,9.05,903.0,22.4,8.1,2230.0,8.64
2024-04-10 11:00:00+00:00,USGS-09092570,8.7,8.649999999999999,905.0,24.15,8.1,2230.0,8.64
2024-04-10 12:00:00+00:00,USGS-09092570,8.8,8.350000000000001,907.0,21.200000000000003,8.1,2230.0,8.64
2024-04-10 13:00:00+00:00,USGS-09092570,8.850000000000001,8.05,908.0,20.55,8.0,2230.0,8.64
2024-04-10 14:00:00+00:00,USGS-09092570,9.05,7.9,908.5,21.05,8.0,2210.0,8.63
2024-04-10 15:00:00+00:00,USGS-09092570,9.25,8.0,908.0,19.35,8.1,2210.0,8.63
2024-04-10 16:00:00+00:00,USGS-09092570,9.6,8.350000000000001,907.0,19.950000000000003,8.1,2230.0,8.64
2024-04-10 17:00:00+00:00,USGS-09092570,9.9,8.8,906.0,20.0,8.2,2230.0,8.64
2024-04-10 18:00:00+00:00,USGS-09092570,10.149999999999999,9.149999999999999,904.5,19.5,8.3,2230.0,8.64
2024-04-10 19:00:00+00:00,USGS-09092570,10.350000000000001,9.6,901.5,20.0,8.350000000000001,2230.0,8.64
2024-04-10 20:00:00+00:00,USGS-09092570,10.5,10.0,899.0,18.35,8.4,2230.0,8.64
2024-04-10 21:00:00+00:00,USGS-09092570,10.5,10.1,898.0,18.4,8.4,2230.0,8.64
2024-04-10 22:00:00+00:00,USGS-09092570,10.45,10.6,897.0,18.799999999999997,8.5,2230.0,8.64
2024-04-10 23:00:00+00:00,USGS-09092570,10.350000000000001,11.0,898.0,20.1,8.5,2210.0,8.629999999999999
2024-04-11 00:00:00+00:00,USGS-09092570,10.05,11.1,900.5,17.9,8.5,2230.0,8.64
2024-04-11 01:00:00+00:00,USGS-09092570,9.649999999999999,11.0,904.0,20.25,8.5,2230.0,8.64
2024-04-11 02:00:00+00:00,USGS-09092570,9.350000000000001,10.850000000000001,908.5,19.3,8.4,2230.0,8.64
2024-04-11 03:00:00+00:00,USGS-09092570,9.05,10.8,911.5,21.0,8.4,2240.0,8.65
2024-04-11 04:00:00+00:00,USGS-09092570,8.8,10.8,913.5,22.3,8.4,2240.0,8.65
2024-04-11 05:00:00+00:00,USGS-09092570,8.649999999999999,10.8,916.0,23.549999999999997,8.4,2240.0,8.65
2024-04-11 06:00:00+00:00,USGS-09092570,8.55,10.7,917.0,21.3,8.3,2240.0,8.65
2024-04-11 07:00:00+00:00,USGS-09092570,8.5,10.350000000000001,918.0,22.45,8.3,2240.0,8.65
2024-04-11 08:00:00+00:00,USGS-09092570,8.5,10.0,920.0,22.4,8.2,2240.0,8.65
2024-04-11 09:00:00+00:00,USGS-09092570,8.5,9.649999999999999,923.5,20.799999999999997,8.149999999999999,2235.0,8.645
2024-04-11 10:00:00+00:00,USGS-09092570,8.55,9.25,929.0,21.7,8.1,2230.0,8.64
2024-04-11 11:00:00+00:00,USGS-09092570,8.6,8.95,933.0,21.1,8.1,2230.0,8.64
2024-04-11 12:00:00+00:00,USGS-09092570,8.6,8.7,931.0,20.200000000000003,8.1,2220.0,8.635000000000002
2024-04-11 13:00:00+00:00,USGS-09092570,8.7,8.5,927.5,19.4,8.0,2220.0,8.635000000000002
2024-04-11 14:00:00+00:00,USGS-09092570,8.850000000000001,8.45,923.5,19.2,8.05,2210.0,8.63
2024-04-11 15:00:00+00:00,USGS-09092570,9.1,8.55,919.5,20.15,8.1,2210.0,8.63
2024-04-11 16:00:00+00:00,USGS-09092570,9.45,8.850000000000001,916.0,19.700000000000003,8.149999999999999,2210.0,8.63
2024-04-11 17:00:00+00:00,USGS-09092570,9.850000000000001,9.25,912.5,19.25,8.2,2210.0,8.63
2024-04-11 18:00:00+00:00,USGS-09092570,10.149999999999999,9.75,910.5,17.4,8.3,2230.0,8.64
2024-04-11 19:00:00+00:00,USGS-09092570,10.4,10.3,908.5,19.75,8.4,2190.0,8.62
2024-04-11 20:00:00+00:00,USGS-09092570,10.5,10.850000000000001,908.0,19.75,8.4,2185.0,8.614999999999998
2024-04-11 21:00:00+00:00,USGS-09092570,10.6,11.3,907.0,19.4,8.5,2230.0,8.64
2024-04-11 22:00:00+00:00,USGS-09092570,10.5,11.75,905.0,19.2,8.5,2210.0,8.63
2024-04-11 23:00:00+00:00,USGS-09092570,10.3,12.05,905.0,21.05,8.6,2210.0,8.63
2024-04-12 00:00:00+00:00,USGS-09092570,9.95,12.2,906.5,20.9,8.6,2210.0,8.63
2024-04-12 01:00:00+00:00,USGS-09092570,9.55,12.2,909.5,20.6,8.6,2210.0,8.63
2024-04-12 02:00:00+00:00,USGS-09092570,9.149999999999999,12.2,911.5,20.6,8.5,2210.0,8.63
2024-04-12 03:00:00+00:00,USGS-09092570,8.8,12.1,915.0,22.2,8.5,2210.0,8.63
2024-04-12 04:00:00+00:00,USGS-09092570,8.55,12.0,919.0,21.9,8.45,2230.0,8.64
2024-04-12 05:00:00+00:00,USGS-09092570,8.4,11.850000000000001,925.0,22.3,8.4,2230.0,8.64
2024-04-12 06:00:00+00:00,USGS-09092570,8.3,11.7,930.5,23.7,8.350000000000001,2230.0,8.64
2024-04-12 07:00:00+00:00,USGS-09092570,8.2,11.45,934.0,22.8,8.3,2220.0,8.635000000000002
2024-04-12 08:00:00+00:00,USGS-09092570,8.2,11.149999999999999,938.0,22.2,8.2,2210.0,8.63
2024-04-12 09:00:00+00:00,USGS-09092570,8.2,10.75,942.0,22.8,8.2,2210.0,8.63
2024-04-12 10:00:00+00:00,USGS-09092570,8.2,10.350000000000001,948.5,22.35,8.1,2210.0,8.63
2024-04-12 11:00:00+00:00,USGS-09092570,8.3,9.95,951.0,22.25,8.1,2210.0,8.63
2024-04-12 12:00:00+00:00,USGS-09092570,8.4,9.6,951.0,22.200000000000003,8.1,2210.0,8.63
2024-04-12 13:00:00+00:00,USGS-09092570,8.45,9.3,952.5,21.95,8.0,2200.0,8.625
2024-04-12 14:00:00+00:00,USGS-09092570,8.649999999999999,9.2,957.0,21.15,8.05,2190.0,8.62
2024-04-12 15:00:00+00:00,USGS-09092570,8.95,9.25,961.5,20.45,8.1,2190.0,8.62
2024-04-12 16:00:00+00:00,USGS-09092570,9.25,9.55,964.0,19.9,8.1,2210.0,8.63
2024-04-12 17:00:00+00:00,USGS-09092570,9.55,10.05,961.5,20.45,8.2,2210.0,8.63
2024-04-12 18:00:00+00:00,USGS-09092570,9.850000000000001,10.55,956.5,19.299999999999997,8.3,2210.0,8.63
2024-04-12 19:00:00+00:00,USGS-09092570,10.1,11.149999999999999,951.5,19.75,8.4,2230.0,8.64
2024-04-12 20:00:00+00:00,USGS-09092570,10.2,11.649999999999999,948.5,19.5,8.4,2185.0,8.614999999999998
2024-04-12 21:00:00+00:00,USGS-09092570,10.2,12.05,945.5,21.85,8.45,2190.0,8.62
2024-04-12 22:00:00+00:00,USGS-09092570,10.1,12.5,941.5,22.799999999999997,8.5,2210.0,8.629999999999999
2024-04-12 23:00:00+00:00,USGS-09092570,9.75,12.55,936.5,23.6,8.5,2235.0,8.645
2024-04-13 00:00:00+00:00,USGS-09092570,9.4,12.6,934.5,25.15,8.45,2235.0,8.645
2024-04-13 01:00:00+00:00,USGS-09092570,9.05,12.6,935.0,25.25,8.4,2235.0,8.645
2024-04-13 02:00:00+00:00,USGS-09092570,8.75,12.7,937.5,27.25,8.4,2230.0,8.64
2024-04-13 03:00:00+00:00,USGS-09092570,8.45,12.6,939.0,29.65,8.4,2230.0,8.64
2024-04-13 04:00:00+00:00,USGS-09092570,8.2,12.6,940.0,29.85,8.3,2230.0,8.64
2024-04-13 05:00:00+00:00,USGS-09092570,8.1,12.5,939.5,31.25,8.3,2235.0,8.645
2024-04-13 06:00:00+00:00,USGS-09092570,8.0,12.4,939.0,32.1,8.2,2240.0,8.65
2024-04-13 07:00:00+00:00,USGS-09092570,7.95,12.3,938.0,32.55,8.2,2240.0,8.65
2024-04-13 08:00:00+00:00,USGS-09092570,7.9,12.149999999999999,938.0,36.7,8.2,2260.0,8.66
2024-04-13 09:00:00+00:00,USGS-09092570,8.0,11.8,938.0,31.65,8.1,2285.0,8.675
2024-04-13 10:00:00+00:00,USGS-09092570,8.0,11.45,941.5,30.7,8.1,2310.0,8.69
2024-04-13 11:00:00+00:00,USGS-09092570,8.0,11.149999999999999,947.0,31.1,8.1,2330.0,8.7
2024-04-13 12:00:00+00:00,USGS-09092570,8.1,10.9,948.5,34.85,8.1,2340.0,8.71
2024-04-13 13:00:00+00:00,USGS-09092570,8.149999999999999,10.75,947.0,30.65,8.0,2360.0,8.72
2024-04-13 14:00:00+00:00,USGS-09092570,8.25,10.75,942.5,30.3,8.0,2380.0,8.73
2024-04-13 15:00:00+00:00,USGS-09092570,8.4,10.95,938.5,30.0,8.1,2410.0,8.75
2024-04-13 16:00:00+00:00,USGS-09092570,8.6,11.350000000000001,935.0,33.55,8.1,2385.0,8.735
2024-04-13 17:00:00+00:00,USGS-09092570,8.75,11.75,933.0,32.650000000000006,8.1,2410.0,8.75
2024-04-13 18:00:00+00:00,USGS-09092570,8.95,12.25,927.5,32.65,8.2,2430.0,8.76
2024-04-13 19:00:00+00:00,USGS-09092570,9.0,12.75,918.5,35.900000000000006,8.2,2445.0,8.77
2024-04-13 20:00:00+00:00,USGS-09092570,9.0,13.149999999999999,908.0,37.599999999999994,8.2,2480.0,8.79
2024-04-13 21:00:00+00:00,USGS-09092570,8.9,13.6,899.0,41.3,8.2,2450.0,8.77
2024-04-13 22:00:00+00:00,USGS-09092570,8.649999999999999,13.95,892.5,48.2,8.2,2460.0,8.78
2024-04-13 23:00:00+00:00,USGS-09092570,8.350000000000001,14.1,889.5,59.849999999999994,8.2,2450.0,8.77
2024-04-14 00:00:00+00:00,USGS-09092570,8.149999999999999,14.2,885.5,66.19999999999999,8.149999999999999,2480.0,8.79
2024-04-14 01:00:00+00:00,USGS-09092570,8.0,14.2,883.0,68.75,8.1,2500.0,8.8
2024-04-14 02:00:00+00:00,USGS-09092570,7.9,14.1,880.0,69.0,8.1,2500.0,8.8
2024-04-14 03:00:00+00:00,USGS-09092570,7.8,14.1,878.0,70.9,8.2,2520.0,8.81
2024-04-14 04:00:00+00:00,USGS-09092570,7.7,14.0,877.0,73.15,8.2,2530.0,8.82
2024-04-14 05:00:00+00:00,USGS-09092570,7.7,13.850000000000001,876.0,71.3,8.2,2570.0,8.84
2024-04-14 06:00:00+00:00,USGS-09092570,7.7,13.649999999999999,875.0,67.15,8.149999999999999,2600.0,8.86
2024-04-14 07:00:00+00:00,USGS-09092570,7.7,13.350000000000001,875.0,62.5,8.1,2620.0,8.87
2024-04-14 08:00:00+00:00,USGS-09092570,7.7,12.95,878.5,63.0,8.1,2660.0,8.89
2024-04-14 09:00:00+00:00,USGS-09092570,7.8,12.55,881.5,59.75,8.1,2680.0,8.905000000000001
2024-04-14 10:00:00+00:00,USGS-09092570,7.8,12.149999999999999,883.0,57.3,8.1,2720.0,8.925
2024-04-14 11:00:00+00:00,USGS-09092570,7.9,11.850000000000001,882.5,53.0,8.0,2760.0,8.945
2024-04-14 12:00:00+00:00,USGS-09092570,8.0,11.45,881.0,55.7,8.0,2790.0,8.965
2024-04-14 13:00:00+00:00,USGS-09092570,8.05,11.149999999999999,877.5,56.7,8.0,2820.0,8.98
2024-04-14 14:00:00+00:00,USGS-09092570,8.149999999999999,11.0,872.0,54.900000000000006,8.0,2850.0,8.995000000000001
2024-04-14 15:00:00+00:00,USGS-09092570,8.25,11.1,863.5,56.15,8.0,2880.0,9.01
2024-04-14 16:00:00+00:00,USGS-09092570,8.350000000000001,11.25,848.5,60.650000000000006,8.0,2890.0,9.015
2024-04-14 17:00:00+00:00,USGS-09092570,8.4,11.5,831.5,70.65,8.0,2880.0,9.01
2024-04-14 18:00:00+00:00,USGS-09092570,8.4,11.850000000000001,817.0,74.8,8.0,2890.0,9.015
2024-04-14 19:00:00+00:00,USGS-09092570,8.4,12.25,804.5,82.8,8.0,2900.0,9.02
2024-04-14 20:00:00+00:00,USGS-09092570,8.3,12.649999999999999,795.0,103.25,8.0,2900.0,9.02
2024-04-14 21:00:00+00:00,USGS-09092570,8.2,13.149999999999999,791.0,121.0,8.0,2970.0,9.06
2024-04-14 22:00:00+00:00,USGS-09092570,8.1,13.55,789.0,124.0,8.0,2990.0,9.07
2024-04-14 23:00:00+00:00,USGS-09092570,8.0,13.95,787.5,122.5,8.0,2970.0,9.06
2024-04-15 00:00:00+00:00,USGS-09092570,7.9,14.1,786.0,114.0,8.1,2970.0,9.06
2024-04-15 01:00:00+00:00,USGS-09092570,7.8,14.1,785.5,109.0,8.1,3030.0,9.09
2024-04-15 02:00:00+00:00,USGS-09092570,7.75,14.0,784.5,110.0,8.1,3040.0,9.094999999999999
2024-04-15 03:00:00+00:00,USGS-09092570,7.7,13.9,783.0,97.4,8.1,3070.0,9.11
2024-04-15 04:00:00+00:00,USGS-09092570,7.7,13.7,780.5,92.0,8.1,3100.0,9.13
2024-04-15 05:00:00+00:00,USGS-09092570,7.7,13.45,779.0,101.8,8.1,3120.0,9.14
2024-04-15 06:00:00+00:00,USGS-09092570,7.7,13.149999999999999,778.0,95.44999999999999,8.0,3160.0,9.16
2024-04-15 07:00:00+00:00,USGS-09092570,7.8,12.75,779.0,101.1,8.0,3190.0,9.175
2024-04-15 08:00:00+00:00,USGS-09092570,7.8,12.350000000000001,782.0,98.25,8.0,3200.0,9.18
2024-04-15 09:00:00+00:00,USGS-09092570,7.8,11.95,783.0,87.4,8.0,3210.0,9.184999999999999
2024-04-15 10:00:00+00:00,USGS-09092570,7.9,11.649999999999999,780.0,96.05,8.0,3260.0,9.21
2024-04-15 11:00:00+00:00,USGS-09092570,8.0,11.25,774.0,89.1,8.0,3280.0,9.22
2024-04-15 12:00:00+00:00,USGS-09092570,8.05,10.95,766.0,87.75,8.0,3320.0,9.24
2024-04-15 13:00:00+00:00,USGS-09092570,8.1,10.7,758.0,82.45,8.0,3360.0,9.26
2024-04-15 14:00:00+00:00,USGS-09092570,8.2,10.55,749.5,85.55,8.0,3400.0,9.28
2024-04-15 15:00:00+00:00,USGS-09092570,8.2,10.649999999999999,738.5,84.6,8.0,3380.0,9.27
2024-04-15 16:00:00+00:00,USGS-09092570,8.3,10.95,726.5,99.5,8.0,3400.0,9.28
2024-04-15 17:00:00+00:00,USGS-09092570,8.3,10.9,716.0,99.1,8.0,3430.0,9.295
2024-04-15 18:00:00+00:00,USGS-09092570,8.3,10.75,716.5,125.0,8.0,3480.0,9.32
2024-04-15 19:00:00+00:00,USGS-09092570,8.3,10.7,730.5,123.0,8.0,3440.0,9.3
2024-04-15 20:00:00+00:00,USGS-09092570,8.3,10.75,727.0,134.0,8.0,3460.0,9.31
2024-04-15 21:00:00+00:00,USGS-09092570,8.3,10.95,699.0,132.5,8.0,3500.0,9.33
2024-04-15 22:00:00+00:00,USGS-09092570,8.2,11.1,682.0,142.5,8.0,3550.0,9.355
2024-04-15 23:00:00+00:00,USGS-09092570,8.2,11.149999999999999,683.5,138.0,8.0,3600.0,9.38
2024-04-16 00:00:00+00:00,USGS-09092570,8.3,11.0,691.0,130.0,8.0,3650.0,9.4
2024-04-16 01:00:00+00:00,USGS-09092570,8.3,10.8,692.0,135.0,8.0,3710.0,9.43
2024-04-16 02:00:00+00:00,USGS-09092570,8.3,10.6,690.0,133.0,8.0,3750.0,9.45
2024-04-16 03:00:00+00:00,USGS-09092570,8.350000000000001,10.350000000000001,688.0,129.5,8.0,3750.0,9.45
2024-04-16 04:00:00+00:00,USGS-09092570,8.4,10.149999999999999,685.5,136.0,8.0,3760.0,9.455
2024-04-16 05:00:00+00:00,USGS-09092570,8.4,9.95,681.5,,8.0,3760.0,9.455
2024-04-16 06:00:00+00:00,USGS-09092570,8.45,9.850000000000001,679.5,,8.0,3770.0,9.46
2024-04-16 07:00:00+00:00,USGS-09092570,8.5,9.7,675.0,125.0,8.0,3770.0,9.46
2024-04-16 08:00:00+00:00,USGS-09092570,8.55,9.5,669.0,119.5,8.0,3760.0,9.455
2024-04-16 09:00:00+00:00,USGS-09092570,8.6,9.25,660.5,107.5,8.0,3730.0,9.44
2024-04-16 10:00:00+00:00,USGS-09092570,8.7,9.0,651.5,109.0,8.0,3710.0,9.43
2024-04-16 11:00:00+00:00,USGS-09092570,8.8,8.8,645.0,90.4,8.0,3690.0,9.42
2024-04-16 12:00:00+00:00,USGS-09092570,8.8,8.6,640.5,89.5,8.0,3670.0,9.41
2024-04-16 13:00:00+00:00,USGS-09092570,8.850000000000001,8.5,637.0,93.3,8.0,3670.0,9.41
2024-04-16 14:00:00+00:00,USGS-09092570,8.9,8.4,636.0,80.25,8.0,3650.0,9.4
2024-04-16 15:00:00+00:00,USGS-09092570,8.9,8.55,636.0,84.3,8.0,3650.0,9.4
2024-04-16 16:00:00+00:00,USGS-09092570,8.9,8.6,637.5,79.2,8.0,3690.0,9.42
2024-04-16 17:00:00+00:00,USGS-09092570,9.0,8.75,638.5,78.7,8.0,3690.0,9.42
2024-04-16 18:00:00+00:00,USGS-09092570,8.9,9.149999999999999,641.0,81.5,8.0,3730.0,9.44
2024-04-16 19:00:00+00:00,USGS-09092570,8.9,9.6,642.5,88.85,8.0,3720.0,9.434999999999999
2024-04-16 20:00:00+00:00,USGS-09092570,8.9,10.2,643.5,85.94999999999999,8.0,3730.0,9.44
2024-04-16 21:00:00+00:00,USGS-09092570,8.8,10.5,645.0,85.1,8.0,3720.0,9.434999999999999
2024-04-16 22:00:00+00:00,USGS-09092570,8.8,10.7,646.0,90.1,8.0,3750.0,9.45
2024-04-16 23:00:00+00:00,USGS-09092570,8.8,10.9,645.5,85.2,8.0,3750.0,9.45
2024-04-17 00:00:00+00:00,USGS-09092570,8.7,10.75,644.5,88.5,8.0,3750.0,9.45
2024-04-17 01:00:00+00:00,USGS-09092570,8.7,10.8,644.0,92.8,8.0,3740.0,9.445
2024-04-17 02:00:00+00:00,USGS-09092570,8.6,10.8,643.0,78.9,8.0,3710.0,9.43
2024-04-17 03:00:00+00:00,USGS-09092570,8.6,10.649999999999999,641.5,87.25,8.0,3710.0,9.43
2024-04-17 04:00:00+00:00,USGS-09092570,8.6,10.4,640.0,91.4,8.0,3690.0,9.42
2024-04-17 05:00:00+00:00,USGS-09092570,8.6,10.149999999999999,639.0,90.5,8.0,3670.0,9.41
2024-04-17 06:00:00+00:00,USGS-09092570,8.649999999999999,9.850000000000001,638.0,77.6,8.0,3670.0,9.41
2024-04-17 07:00:00+00:00,USGS-09092570,8.7,9.6,636.0,79.69999999999999,8.0,3670.0,9.41
2024-04-17 08:00:00+00:00,USGS-09092570,8.7,9.350000000000001,635.0,76.19999999999999,8.0,3670.0,9.41
2024-04-17 09:00:00+00:00,USGS-09092570,8.8,9.1,635.0,73.9,8.0,3650.0,9.4
2024-04-17 10:00:00+00:00,USGS-09092570,8.8,8.850000000000001,635.0,77.4,8.0,3640.0,9.395
2024-04-17 11:00:00+00:00,USGS-09092570,8.9,8.649999999999999,635.5,64.35,8.0,3630.0,9.39
2024-04-17 12:00:00+00:00,USGS-09092570,8.95,8.45,635.0,63.0,8.0,3600.0,9.38
2024-04-17 13:00:00+00:00,USGS-09092570,9.0,8.3,635.0,60.3,8.0,3600.0,9.38
2024-04-17 14:00:00+00:00,USGS-09092570,9.0,8.3,635.5,63.95,8.0,3580.0,9.37
2024-04-17 15:00:00+00:00,USGS-09092570,9.1,8.5,637.0,65.1,8.0,3560.0,9.36
2024-04-17 16:00:00+00:00,USGS-09092570,9.1,8.75,639.0,63.7,8.0,,
2024-04-17 17:00:00+00:00,USGS-09092570,9.149999999999999,9.149999999999999,638.5,63.900000000000006,8.0,3480.0,9.32
2024-04-17 18:00:00+00:00,USGS-09092570,9.2,9.649999999999999,639.0,59.6,8.0,3480.0,9.32
2024-04-17 19:00:00+00:00,USGS-09092570,9.1,10.25,639.5,58.6,8.0,,
2024-04-17 20:00:00+00:00,USGS-09092570,9.1,10.850000000000001,640.5,63.1,8.1,3440.0,9.3
2024-04-17 21:00:00+00:00,USGS-09092570,9.0,11.45,641.5,65.25,8.1,3430.0,9.295
2024-04-17 22:00:00+00:00,USGS-09092570,8.9,11.850000000000001,642.0,57.599999999999994,8.1,3440.0,9.3
2024-04-17 23:00:00+00:00,USGS-09092570,8.8,12.05,644.0,55.75,8.1,,
2024-04-18 00:00:00+00:00,USGS-09092570,8.649999999999999,12.1,645.0,53.5,8.1,3420.0,9.29
2024-04-18 01:00:00+00:00,USGS-09092570,8.55,12.1,646.0,53.25,8.1,3420.0,9.29
2024-04-18 02:00:00+00:00,USGS-09092570,8.5,11.95,646.0,55.7,8.1,3430.0,9.295
2024-04-18 03:00:00+00:00,USGS-09092570,8.4,11.7,647.5,54.1,8.1,,
2024-04-18 04:00:00+00:00,USGS-09092570,8.4,11.45,648.0,65.9,8.1,3380.0,
2024-04-18 05:00:00+00:00,USGS-09092570,8.4,11.2,649.0,60.5,8.0,,
2024-04-18 06:00:00+00:00,USGS-09092570,8.4,10.95,653.5,59.8,8.0,3350.0,9.26
2024-04-18 07:00:00+00:00,USGS-09092570,8.5,10.75,658.0,53.7,8.0,,
2024-04-18 08:00:00+00:00,USGS-09092570,8.5,10.55,659.0,53.85,8.0,3310.0,9.235
2024-04-18 09:00:00+00:00,USGS-09092570,8.5,10.25,658.0,63.1,8.0,3300.0,9.23
2024-04-18 10:00:00+00:00,USGS-09092570,8.6,9.95,658.0,50.1,8.0,3280.0,9.22
2024-04-18 11:00:00+00:00,USGS-09092570,8.6,9.7,659.5,66.45,8.0,3280.0,9.22
2024-04-18 12:00:00+00:00,USGS-09092570,8.7,9.45,662.5,64.4,8.0,3270.0,9.215
2024-04-18 13:00:00+00:00,USGS-09092570,8.8,9.25,666.0,59.9,8.0,3270.0,9.215
2024-04-18 14:00:00+00:00,USGS-09092570,8.8,9.1,668.0,63.65,8.0,3280.0,9.22
2024-04-18 15:00:00+00:00,USGS-09092570,8.9,9.149999999999999,668.0,54.150000000000006,8.0,3310.0,9.235
2024-04-18 16:00:00+00:00,USGS-09092570,9.0,9.350000000000001,668.0,59.0,8.0,,
2024-04-18 17:00:00+00:00,USGS-09092570,9.0,9.9,668.0,51.8,8.0,3320.0,
2024-04-18 18:00:00+00:00,USGS-09092570,9.0,10.3,668.0,58.7,8.0,3340.0,9.245000000000001
2024-04-18 19:00:00+00:00,USGS-09092570,9.0,10.9,668.5,68.3,8.0,3320.0,9.24
2024-04-18 20:00:00+00:00,USGS-09092570,8.9,11.55,670.0,65.5,8.1,3300.0,9.23
2024-04-18 21:00:00+00:00,USGS-09092570,8.8,11.95,670.5,66.8,8.1,3300.0,9.23
2024-04-18 22:00:00+00:00,USGS-09092570,8.75,12.350000000000001,671.0,59.3,8.1,3280.0,9.22
2024-04-18 23:00:00+00:00,USGS-09092570,8.649999999999999,12.5,672.0,62.8,8.1,3300.0,9.23
2024-04-19 00:00:00+00:00,USGS-09092570,8.6,12.5,673.0,60.3,8.1,3320.0,9.24
2024-04-19 01:00:00+00:00,USGS-09092570,8.5,12.5,674.0,62.4,8.1,3340.0,9.25
2024-04-19 02:00:00+00:00,USGS-09092570,8.4,12.4,675.0,67.25,8.1,3340.0,9.25
2024-04-19 03:00:00+00:00,USGS-09092570,8.350000000000001,12.2,675.0,56.5,8.1,3340.0,9.25
2024-04-19 04:00:00+00:00,USGS-09092570,8.3,11.95,675.0,66.8,8.1,3330.0,9.245000000000001
2024-04-19 05:00:00+00:00,USGS-09092570,8.4,11.649999999999999,675.0,62.85,8.05,3320.0,9.24
2024-04-19 06:00:00+00:00,USGS-09092570,8.4,11.350000000000001,677.5,73.7,8.0,3320.0,9.24
2024-04-19 07:00:00+00:00,USGS-09092570,8.4,11.149999999999999,679.0,65.1,8.0,3320.0,9.24
2024-04-19 08:00:00+00:00,USGS-09092570,8.4,10.9,679.5,65.6,8.0,3340.0,9.25
2024-04-19 09:00:00+00:00,USGS-09092570,8.4,10.649999999999999,681.0,62.0,8.0,3360.0,9.26
2024-04-19 10:00:00+00:00,USGS-09092570,8.5,10.5,681.0,60.9,8.0,3370.0,9.265
2024-04-19 11:00:00+00:00,USGS-09092570,8.5,10.4,681.0,74.1,8.0,3380.0,9.27
2024-04-19 12:00:00+00:00,USGS-09092570,8.5,10.25,680.0,61.0,8.0,3380.0,9.27
2024-04-19 13:00:00+00:00,USGS-09092570,8.6,10.149999999999999,679.0,60.0,8.0,3420.0,9.29
2024-04-19 14:00:00+00:00,USGS-09092570,8.6,10.1,678.5,64.80000000000001,8.0,3460.0,9.31
2024-04-19 15:00:00+00:00,USGS-09092570,8.7,10.1,677.0,68.6,8.0,3480.0,9.32
2024-04-19 16:00:00+00:00,USGS-09092570,8.75,10.2,675.0,69.7,8.0,,
2024-04-19 17:00:00+00:00,USGS-09092570,8.8,10.55,673.5,73.0,8.0,3480.0,9.32
2024-04-19 18:00:00+00:00,USGS-09092570,8.8,10.95,670.5,61.3,8.0,3480.0,9.32
2024-04-19 19:00:00+00:00,USGS-09092570,8.8,11.350000000000001,669.5,65.3,8.0,3430.0,9.295
2024-04-19 20:00:00+00:00,USGS-09092570,8.8,11.75,667.5,66.6,8.1,3430.0,9.295
2024-04-19 21:00:00+00:00,USGS-09092570,8.7,12.05,667.0,74.0,8.1,3420.0,9.29
2024-04-19 22:00:00+00:00,USGS-09092570,8.6,12.2,668.0,68.7,8.1,3440.0,9.3
2024-04-19 23:00:00+00:00,USGS-09092570,8.55,12.1,668.0,76.3,8.1,3440.0,9.3
2024-04-20 00:00:00+00:00,USGS-09092570,8.5,12.1,670.0,77.69999999999999,8.1,3440.0,9.3
2024-04-20 01:00:00+00:00,USGS-09092570,8.4,12.1,670.5,69.4,8.1,3440.0,9.3
2024-04-20 02:00:00+00:00,USGS-09092570,8.4,12.0,671.5,79.8,8.1,3440.0,9.3
2024-04-20 03:00:00+00:00,USGS-09092570,8.4,11.850000000000001,672.5,67.9,8.0,3440.0,9.3
2024-04-20 04:00:00+00:00,USGS-09092570,8.4,11.649999999999999,673.0,77.8,8.0,3440.0,9.3
2024-04-20 05:00:00+00:00,USGS-09092570,8.4,11.350000000000001,674.0,67.35,8.0,3440.0,9.3
2024-04-20 06:00:00+00:00,USGS-09092570,8.4,11.149999999999999,676.5,57.6,8.0,3440.0,9.3
2024-04-20 07:00:00+00:00,USGS-09092570,8.4,11.0,679.0,56.7,8.0,3420.0,9.29
2024-04-20 08:00:00+00:00,USGS-09092570,8.4,10.9,678.0,65.1,8.0,3430.0,9.295
2024-04-20 09:00:00+00:00,USGS-09092570,8.5,10.75,677.0,60.7,8.0,3440.0,9.3
2024-04-20 10:00:00+00:00,USGS-09092570,8.5,10.6,675.5,53.7,8.0,3440.0,9.3
2024-04-20 11:00:00+00:00,USGS-09092570,8.5,10.45,675.0,52.95,8.0,3440.0,9.3
2024-04-20 12:00:00+00:00,USGS-09092570,8.6,10.2,674.0,52.5,8.0,3440.0,9.3
2024-04-20 13:00:00+00:00,USGS-09092570,8.6,10.0,673.0,54.65,8.0,3460.0,9.31
2024-04-20 14:00:00+00:00,USGS-09092570,8.7,9.9,672.0,56.45,8.0,,
2024-04-20 15:00:00+00:00,USGS-09092570,8.8,10.0,671.0,55.5,8.0,3470.0,
2024-04-20 16:00:00+00:00,USGS-09092570,8.9,10.350000000000001,671.0,44.4,8.0,,9.32
2024-04-20 17:00:00+00:00,USGS-09092570,8.9,10.7,668.5,48.0,8.0,3480.0,9.32
2024-04-20 18:00:00+00:00,USGS-09092570,8.9,10.9,668.5,41.7,8.0,,
2024-04-20 19:00:00+00:00,USGS-09092570,8.9,11.1,674.5,50.35,8.1,3450.0,
2024-04-20 20:00:00+00:00,USGS-09092570,8.9,11.55,673.5,53.0,8.1,,9.3
2024-04-20 21:00:00+00:00,USGS-09092570,8.8,11.95,666.0,55.55,8.1,3440.0,9.3
2024-04-20 22:00:00+00:00,USGS-09092570,8.75,12.1,660.0,49.25,8.1,3440.0,9.3
2024-04-20 23:00:00+00:00,USGS-09092570,8.7,12.45,658.5,51.5,8.1,,
2024-04-21 00:00:00+00:00,USGS-09092570,8.6,12.5,659.0,56.55,8.1,3440.0,9.3
2024-04-21 01:00:00+00:00,USGS-09092570,8.55,12.5,662.5,58.5,8.1,3420.0,9.29
2024-04-21 02:00:00+00:00,USGS-09092570,8.5,12.4,666.5,54.05,8.1,3420.0,9.29
2024-04-21 03:00:00+00:00,USGS-09092570,8.4,12.3,670.5,56.85,8.1,3430.0,9.295
2024-04-21 04:00:00+00:00,USGS-09092570,8.4,11.95,677.0,55.55,8.1,3440.0,9.3
2024-04-21 05:00:00+00:00,USGS-09092570,8.4,11.649999999999999,681.5,63.949999999999996,8.1,3440.0,9.3
2024-04-21 06:00:00+00:00,USGS-09092570,8.4,11.350000000000001,683.5,60.7,8.05,3460.0,9.31
2024-04-21 07:00:00+00:00,USGS-09092570,8.4,11.05,683.0,51.0,8.0,3480.0,9.32
2024-04-21 08:00:00+00:00,USGS-09092570,8.5,10.75,681.0,46.25,8.0,3480.0,9.32
2024-04-21 09:00:00+00:00,USGS-09092570,8.5,10.45,678.5,52.3,8.0,3480.0,9.32
2024-04-21 10:00:00+00:00,USGS-09092570,8.6,10.2,675.5,44.8,8.0,3480.0,9.32
2024-04-21 11:00:00+00:00,USGS-09092570,8.6,9.95,673.5,46.85,8.0,3490.0,9.325
2024-04-21 12:00:00+00:00,USGS-09092570,8.7,9.649999999999999,671.5,47.7,8.0,3500.0,9.33
2024-04-21 13:00:00+00:00,USGS-09092570,8.8,9.45,669.5,55.3,8.0,3500.0,9.33
2024-04-21 14:00:00+00:00,USGS-09092570,8.850000000000001,9.4,667.5,58.9,8.0,3500.0,9.33
2024-04-21 15:00:00+00:00,USGS-09092570,8.95,9.45,664.5,52.5,8.0,,
2024-04-21 16:00:00+00:00,USGS-09092570,9.05,9.75,663.0,45.8,8.0,3500.0,9.33
2024-04-21 17:00:00+00:00,USGS-09092570,9.1,10.149999999999999,661.0,48.2,8.0,,
2024-04-21 18:00:00+00:00,USGS-09092570,9.2,10.6,659.5,52.2,8.1,3480.0,9.32
2024-04-21 19:00:00+00:00,USGS-09092570,9.2,11.149999999999999,659.0,40.349999999999994,8.1,3480.0,9.32
2024-04-21 20:00:00+00:00,USGS-09092570,9.2,11.649999999999999,659.0,44.2,8.1,3500.0,9.33
2024-04-21 21:00:00+00:00,USGS-09092570,9.1,12.149999999999999,658.5,46.1,8.1,3470.0,9.315000000000001
2024-04-21 22:00:00+00:00,USGS-09092570,9.0,12.649999999999999,657.5,44.05,8.149999999999999,,
2024-04-21 23:00:00+00:00,USGS-09092570,8.9,13.05,659.0,49.4,8.2,3460.0,9.31
2024-04-22 00:00:00+00:00,USGS-09092570,8.75,13.149999999999999,661.0,51.3,8.2,3460.0,9.31
2024-04-22 01:00:00+00:00,USGS-09092570,8.6,13.2,663.0,56.2,8.2,3460.0,9.31
2024-04-22 02:00:00+00:00,USGS-09092570,8.45,13.1,664.0,44.3,8.149999999999999,,
2024-04-22 03:00:00+00:00,USGS-09092570,8.4,12.95,665.0,53.05,8.1,3460.0,9.31
2024-04-22 04:00:00+00:00,USGS-09092570,8.3,12.649999999999999,666.0,50.75,8.1,3440.0,9.3
2024-04-22 05:00:00+00:00,USGS-09092570,8.3,12.350000000000001,666.0,52.4,8.1,3460.0,9.31
2024-04-22 06:00:00+00:00,USGS-09092570,8.3,12.05,668.5,50.0,8.1,3460.0,9.31
2024-04-22 07:00:00+00:00,USGS-09092570,8.3,11.649999999999999,674.5,48.4,8.05,3460.0,9.31
2024-04-22 08:00:00+00:00,USGS-09092570,8.4,11.3,676.0,48.85,8.0,3480.0,9.32
2024-04-22 09:00:00+00:00,USGS-09092570,8.4,11.0,676.0,56.5,8.0,3480.0,9.32
2024-04-22 10:00:00+00:00,USGS-09092570,8.4,10.75,675.5,52.2,8.0,3500.0,9.33
2024-04-22 11:00:00+00:00,USGS-09092570,8.5,10.45,675.0,50.1,8.0,3520.0,9.34
2024-04-22 12:00:00+00:00,USGS-09092570,8.55,10.2,675.0,44.25,8.0,3540.0,9.35
2024-04-22 13:00:00+00:00,USGS-09092570,8.6,9.95,673.5,47.1,8.0,3570.0,9.364999999999998
2024-04-22 14:00:00+00:00,USGS-09092570,8.7,9.9,670.5,54.349999999999994,8.0,3650.0,9.4
2024-04-22 15:00:00+00:00,USGS-09092570,8.8,10.0,665.5,53.7,8.0,,
2024-04-22 16:00:00+00:00,USGS-09092570,8.8,10.2,662.0,43.65,8.0,3710.0,
2024-04-22 17:00:00+00:00,USGS-09092570,8.9,10.45,658.0,50.75,8.0,3730.0,9.44
2024-04-22 18:00:00+00:00,USGS-09092570,8.9,10.850000000000001,653.0,58.1,8.0,3710.0,9.43
2024-04-22 19:00:00+00:00,USGS-09092570,8.9,11.4,648.5,47.95,8.1,3740.0,9.445
2024-04-22 20:00:00+00:00,USGS-09092570,8.850000000000001,11.95,642.5,60.3,8.1,3750.0,9.45
2024-04-22 21:00:00+00:00,USGS-09092570,8.8,12.45,640.0,63.6,8.1,3770.0,9.46
2024-04-22 22:00:00+00:00,USGS-09092570,8.649999999999999,12.8,640.0,55.1,8.1,3770.0,9.46
2024-04-22 23:00:00+00:00,USGS-09092570,8.6,12.9,639.0,52.3,8.1,3780.0,9.465
2024-04-23 00:00:00+00:00,USGS-09092570,8.5,13.0,636.5,58.85,8.1,3820.0,9.48
2024-04-23 01:00:00+00:00,USGS-09092570,8.4,12.9,634.5,50.2,8.1,3820.0,9.48
2024-04-23 02:00:00+00:00,USGS-09092570,8.350000000000001,12.649999999999999,633.5,58.05,8.1,3820.0,9.48
2024-04-23 03:00:00+00:00,USGS-09092570,8.3,12.350000000000001,632.0,55.45,8.1,3820.0,9.48
2024-04-23 04:00:00+00:00,USGS-09092570,8.3,12.149999999999999,630.0,56.75,8.0,3840.0,9.49
2024-04-23 05:00:00+00:00,USGS-09092570,8.3,11.95,628.0,63.550000000000004,8.0,3840.0,9.49
2024-04-23 06:00:00+00:00,USGS-09092570,8.3,11.7,628.0,68.6,8.0,3860.0,9.5
2024-04-23 07:00:00+00:00,USGS-09092570,8.4,11.45,629.5,60.05,8.0,3880.0,9.51
2024-04-23 08:00:00+00:00,USGS-09092570,8.4,11.1,631.0,55.75,8.0,3880.0,9.51
2024-04-23 09:00:00+00:00,USGS-09092570,8.45,10.850000000000001,631.0,50.7,8.0,3880.0,9.51
2024-04-23 10:00:00+00:00,USGS-09092570,8.5,10.649999999999999,631.0,51.45,8.0,3880.0,9.51
2024-04-23 11:00:00+00:00,USGS-09092570,8.5,10.55,630.0,53.6,8.0,3910.0,9.524999999999999
2024-04-23 12:00:00+00:00,USGS-09092570,8.5,10.45,628.5,49.1,8.0,3940.0,9.54
2024-04-23 13:00:00+00:00,USGS-09092570,8.55,10.4,626.5,49.9,8.0,3970.0,9.55
2024-04-23 14:00:00+00:00,USGS-09092570,8.6,10.4,623.5,48.0,8.0,,
2024-04-23 15:00:00+00:00,USGS-09092570,8.6,10.649999999999999,622.0,53.0,8.0,4020.0,
2024-04-23 16:00:00+00:00,USGS-09092570,8.6,11.05,619.5,50.6,8.0,,
2024-04-23 17:00:00+00:00,USGS-09092570,8.6,11.55,625.0,50.5,8.0,,9.6
2024-04-23 18:00:00+00:00,USGS-09092570,8.6,12.149999999999999,653.5,56.55,8.0,4070.0,9.6
2024-04-23 19:00:00+00:00,USGS-09092570,8.5,12.75,672.0,58.95,8.0,4070.0,9.6
2024-04-23 20:00:00+00:00,USGS-09092570,8.4,13.350000000000001,673.5,64.25,8.0,,
2024-04-23 21:00:00+00:00,USGS-09092570,8.3,13.850000000000001,669.5,69.8,8.0,4100.0,9.61
2024-04-23 22:00:00+00:00,USGS-09092570,8.2,14.350000000000001,664.5,70.5,8.0,4050.0,9.59
2024-04-23 23:00:00+00:00,USGS-09092570,8.149999999999999,14.55,658.5,69.65,8.0,,
2024-04-24 00:00:00+00:00,USGS-09092570,8.05,14.6,657.0,67.15,8.0,4120.0,9.62
2024-04-24 01:00:00+00:00,USGS-09092570,8.0,14.4,649.5,75.5,8.0,4140.0,9.63
2024-04-24 02:00:00+00:00,USGS-09092570,7.9,14.149999999999999,635.5,85.19999999999999,8.0,4160.0,9.64
2024-04-24 03:00:00+00:00,USGS-09092570,7.9,13.850000000000001,622.5,86.55,8.0,4175.0,9.645
2024-04-24 04:00:00+00:00,USGS-09092570,8.0,13.6,615.5,86.6,8.0,4190.0,9.65
2024-04-24 05:00:00+00:00,USGS-09092570,8.0,13.3,611.5,77.95,8.0,4220.0,9.665
2024-04-24 06:00:00+00:00,USGS-09092570,8.0,13.0,609.5,78.35,8.0,4230.0,9.67
2024-04-24 07:00:00+00:00,USGS-09092570,8.05,12.649999999999999,609.5,83.65,8.0,4270.0,9.69
2024-04-24 08:00:00+00:00,USGS-09092570,8.1,12.350000000000001,611.0,70.55000000000001,8.0,4300.0,9.7
2024-04-24 09:00:00+00:00,USGS-09092570,8.2,12.05,608.0,68.0,8.0,4330.0,9.715
2024-04-24 10:00:00+00:00,USGS-09092570,8.2,11.75,603.5,63.949999999999996,8.0,4380.0,9.735
2024-04-24 11:00:00+00:00,USGS-09092570,8.3,11.45,598.5,63.75,8.0,4430.0,9.76
2024-04-24 12:00:00+00:00,USGS-09092570,8.3,11.149999999999999,595.0,68.65,7.9,4490.0,9.785
2024-04-24 13:00:00+00:00,USGS-09092570,8.4,10.95,591.5,65.85,7.9,4550.0,9.81
2024-04-24 14:00:00+00:00,USGS-09092570,8.4,10.8,588.0,67.25,7.9,4620.0,9.84
2024-04-24 15:00:00+00:00,USGS-09092570,8.5,10.95,583.5,77.15,7.9,,
2024-04-24 16:00:00+00:00,USGS-09092570,8.4,11.25,578.5,81.1,7.9,4680.0,
2024-04-24 17:00:00+00:00,USGS-09092570,8.4,11.649999999999999,574.0,81.7,7.9,4725.0,9.88
2024-04-24 18:00:00+00:00,USGS-09092570,8.4,12.149999999999999,570.5,84.94999999999999,7.9,4760.0,9.9
2024-04-24 19:00:00+00:00,USGS-09092570,8.350000000000001,12.75,566.0,86.6,7.9,4760.0,9.9
2024-04-24 20:00:00+00:00,USGS-09092570,8.25,13.350000000000001,562.5,89.4,8.0,4780.0,9.91
2024-04-24 21:00:00+00:00,USGS-09092570,8.2,13.75,559.0,84.1,8.0,4770.0,9.905000000000001
2024-04-24 22:00:00+00:00,USGS-09092570,8.1,14.1,555.5,81.25,8.0,4830.0,9.93
2024-04-24 23:00:00+00:00,USGS-09092570,8.05,14.149999999999999,551.5,80.4,8.0,,
2024-04-25 00:00:00+00:00,USGS-09092570,8.0,14.2,549.0,89.4,8.0,4880.0,9.95
2024-04-25 01:00:00+00:00,USGS-09092570,7.9,14.149999999999999,547.5,93.2,8.0,4880.0,9.95
2024-04-25 02:00:00+00:00,USGS-09092570,7.9,13.95,543.5,96.69999999999999,8.0,,
2024-04-25 03:00:00+00:00,USGS-09092570,7.9,13.649999999999999,542.0,97.3,7.9,4900.0,9.96
2024-04-25 04:00:00+00:00,USGS-09092570,7.9,13.350000000000001,540.0,90.9,7.9,4900.0,9.96
2024-04-25 05:00:00+00:00,USGS-09092570,8.0,13.05,537.5,84.05,7.9,4900.0,9.96
2024-04-25 06:00:00+00:00,USGS-09092570,8.0,12.75,538.0,82.2,7.9,4915.0,9.965
2024-04-25 07:00:00+00:00,USGS-09092570,8.1,12.350000000000001,532.0,87.0,7.9,4930.0,9.97
2024-04-25 08:00:00+00:00,USGS-09092570,8.1,12.05,512.5,80.85,7.9,4960.0,9.985
2024-04-25 09:00:00+00:00,USGS-09092570,8.2,11.649999999999999,500.0,83.05,7.9,5000.0,10.0
2024-04-25 10:00:00+00:00,USGS-09092570,8.25,11.4,494.5,77.94999999999999,7.9,5075.0,10.03
2024-04-25 11:00:00+00:00,USGS-09092570,8.3,11.2,489.5,75.6,7.9,5180.0,10.075
2024-04-25 12:00:00+00:00,USGS-09092570,8.3,11.0,487.0,78.75,7.9,5290.0,10.12
2024-04-25 13:00:00+00:00,USGS-09092570,8.3,10.9,489.5,81.3,7.9,5340.0,10.14
2024-04-25 14:00:00+00:00,USGS-09092570,8.3,11.0,491.0,85.0,7.9,5370.0,10.15
2024-04-25 15:00:00+00:00,USGS-09092570,8.3,11.149999999999999,489.0,92.65,7.9,5470.0,10.19
2024-04-25 16:00:00+00:00,USGS-09092570,8.3,11.45,493.5,92.1,7.9,5440.0,10.18
2024-04-25 17:00:00+00:00,USGS-09092570,8.3,11.8,492.5,100.8,7.9,5520.0,10.21
2024-04-25 18:00:00+00:00,USGS-09092570,8.3,12.350000000000001,487.0,100.7,7.9,5540.0,10.22
2024-04-25 19:00:00+00:00,USGS-09092570,8.2,12.8,487.5,99.0,7.9,5585.0,10.235
2024-04-25 20:00:00+00:00,USGS-09092570,8.2,12.8,492.0,102.0,7.9,5625.0,10.25
2024-04-25 21:00:00+00:00,USGS-09092570,8.2,12.75,490.5,113.0,7.9,5700.0,10.28
2024-04-25 22:00:00+00:00,USGS-09092570,8.2,12.55,484.5,123.0,7.9,5750.0,10.3
2024-04-25 23:00:00+00:00,USGS-09092570,8.2,12.45,483.0,137.0,7.9,5780.0,10.31
2024-04-26 00:00:00+00:00,USGS-09092570,8.2,12.5,479.0,150.0,7.9,5880.0,10.35
2024-04-26 01:00:00+00:00,USGS-09092570,8.2,12.350000000000001,478.0,140.0,7.9,5880.0,10.35
2024-04-26 02:00:00+00:00,USGS-09092570,8.2,12.05,477.0,131.0,7.9,5850.0,10.34
2024-04-26 03:00:00+00:00,USGS-09092570,8.3,11.649999999999999,476.0,122.5,7.9,5840.0,10.335
2024-04-26 04:00:00+00:00,USGS-09092570,8.3,11.4,475.5,116.0,7.9,5815.0,10.325
2024-04-26 05:00:00+00:00,USGS-09092570,8.3,11.3,475.0,106.0,7.9,5780.0,10.31
2024-04-26 06:00:00+00:00,USGS-09092570,8.350000000000001,11.2,474.5,107.0,7.9,5780.0,10.31
2024-04-26 07:00:00+00:00,USGS-09092570,8.4,11.0,474.0,98.1,7.9,5750.0,10.3
2024-04-26 08:00:00+00:00,USGS-09092570,8.4,10.75,473.0,102.0,7.9,5750.0,10.3
2024-04-26 09:00:00+00:00,USGS-09092570,8.5,10.5,473.0,78.4,7.9,5750.0,10.3
2024-04-26 10:00:00+00:00,USGS-09092570,8.5,10.3,473.0,89.15,7.9,5765.0,10.305
2024-04-26 11:00:00+00:00,USGS-09092570,8.6,10.2,473.5,85.4,7.9,5765.0,10.305
2024-04-26 12:00:00+00:00,USGS-09092570,8.6,10.149999999999999,474.0,87.9,7.9,5780.0,10.31
2024-04-26 13:00:00+00:00,USGS-09092570,8.6,10.1,474.0,87.85,7.9,5800.0,10.32
2024-04-26 14:00:00+00:00,USGS-09092570,8.6,10.149999999999999,473.0,85.25,7.9,5830.0,10.33
2024-04-26 15:00:00+00:00,USGS-09092570,8.6,10.350000000000001,472.0,80.5,7.9,5850.0,10.34
2024-04-26 16:00:00+00:00,USGS-09092570,8.6,10.649999999999999,471.0,75.69999999999999,7.9,5880.0,10.35
2024-04-26 17:00:00+00:00,USGS-09092570,8.6,10.95,469.5,76.69999999999999,7.9,5910.0,10.36
2024-04-26 18:00:00+00:00,USGS-09092570,8.5,11.350000000000001,467.5,78.5,7.9,5930.0,10.37
2024-04-26 19:00:00+00:00,USGS-09092570,8.5,11.5,465.5,78.3,7.9,5930.0,10.37
2024-04-26 20:00:00+00:00,USGS-09092570,8.5,11.7,464.0,78.05,7.9,5980.0,10.39
2024-04-26 21:00:00+00:00,USGS-09092570,8.4,11.850000000000001,462.5,79.2,7.9,6010.0,10.4
2024-04-26 22:00:00+00:00,USGS-09092570,8.4,11.9,460.5,80.5,7.9,6025.0,10.405000000000001
2024-04-26 23:00:00+00:00,USGS-09092570,8.4,11.649999999999999,458.5,85.35,7.9,6075.0,10.425
2024-04-27 00:00:00+00:00,USGS-09092570,8.4,11.5,454.5,82.1,7.9,6120.0,10.44
2024-04-27 01:00:00+00:00,USGS-09092570,8.4,11.3,454.0,78.4,7.9,6120.0,10.44
2024-04-27 02:00:00+00:00,USGS-09092570,8.5,10.9,454.0,83.44999999999999,7.9,6075.0,10.425
2024-04-27 03:00:00+00:00,USGS-09092570,8.5,10.649999999999999,455.0,81.8,7.9,5980.0,10.39
2024-04-27 04:00:00+00:00,USGS-09092570,8.55,10.45,454.0,80.65,7.9,5960.0,10.38
2024-04-27 05:00:00+00:00,USGS-09092570,8.6,10.2,453.0,79.8,7.9,5930.0,10.37
2024-04-27 06:00:00+00:00,USGS-09092570,8.649999999999999,9.95,454.0,78.35,7.9,5945.0,10.375
2024-04-27 07:00:00+00:00,USGS-09092570,8.7,9.649999999999999,455.5,77.95,7.9,5930.0,10.37
2024-04-27 08:00:00+00:00,USGS-09092570,8.8,9.350000000000001,457.0,71.25,7.9,5930.0,10.37
2024-04-27 09:00:00+00:00,USGS-09092570,8.8,9.2,457.0,71.85,7.9,5910.0,10.36
2024-04-27 10:00:00+00:00,USGS-09092570,8.8,9.2,457.5,68.5,7.9,5850.0,10.34
2024-04-27 11:00:00+00:00,USGS-09092570,8.8,9.1,457.0,68.35,7.9,5830.0,10.33
2024-04-27 12:00:00+00:00,USGS-09092570,8.8,9.1,458.0,66.45,7.9,5780.0,10.31
2024-04-27 13:00:00+00:00,USGS-09092570,8.8,9.1,458.0,63.3,7.9,5780.0,10.31
2024-04-27 14:00:00+00:00,USGS-09092570,8.850000000000001,9.1,458.0,66.4,7.9,5800.0,10.32
2024-04-27 15:00:00+00:00,USGS-09092570,8.9,9.1,462.5,68.30000000000001,7.9,5780.0,10.31
2024-04-27 16:00:00+00:00,USGS-09092570,8.9,9.1,478.0,69.4,7.9,5780.0,10.31
2024-04-27 17:00:00+00:00,USGS-09092570,8.9,9.1,469.5,71.7,7.9,5800.0,10.32
2024-04-27 18:00:00+00:00,USGS-09092570,8.9,9.1,456.0,81.1,7.9,5830.0,10.33
2024-04-27 19:00:00+00:00,USGS-09092570,9.0,9.1,453.0,71.1,7.9,5830.0,10.33
2024-04-27 20:00:00+00:00,USGS-09092570,9.0,9.1,456.5,74.05000000000001,7.9,5910.0,10.36
2024-04-27 21:00:00+00:00,USGS-09092570,9.0,9.2,459.0,78.5,7.9,5945.0,10.375
2024-04-27 22:00:00+00:00,USGS-09092570,9.0,9.3,460.0,155.0,7.9,6010.0,10.4
2024-04-27 23:00:00+00:00,USGS-09092570,9.0,9.4,458.0,155.0,7.9,5995.0,10.395
2024-04-28 00:00:00+00:00,USGS-09092570,9.0,9.3,457.0,201.0,7.9,5980.0,10.39
2024-04-28 01:00:00+00:00,USGS-09092570,9.0,9.1,456.0,161.0,7.9,5970.0,10.385000000000002
2024-04-28 02:00:00+00:00,USGS-09092570,9.0,8.95,457.0,135.5,7.9,5960.0,10.38
2024-04-28 03:00:00+00:00,USGS-09092570,9.0,8.9,459.5,167.5,7.9,5930.0,10.37
2024-04-28 04:00:00+00:00,USGS-09092570,9.0,8.8,460.0,189.0,7.9,5910.0,10.36
2024-04-28 05:00:00+00:00,USGS-09092570,9.0,8.75,461.5,175.5,7.9,5880.0,10.35
2024-04-28 06:00:00+00:00,USGS-09092570,9.0,8.7,463.5,127.0,7.9,5830.0,10.33
2024-04-28 07:00:00+00:00,USGS-09092570,9.1,8.55,465.0,114.0,7.9,5800.0,10.32
2024-04-28 08:00:00+00:00,USGS-09092570,9.1,8.4,465.0,103.5,7.9,5750.0,10.3
2024-04-28 09:00:00+00:00,USGS-09092570,9.1,8.3,468.0,93.9,7.9,5710.0,10.285
2024-04-28 10:00:00+00:00,USGS-09092570,9.2,8.149999999999999,469.0,96.0,7.9,5685.0,10.274999999999999
2024-04-28 11:00:00+00:00,USGS-09092570,9.2,8.05,469.5,97.25,7.9,5670.0,10.27
2024-04-28 12:00:00+00:00,USGS-09092570,9.2,8.0,471.0,94.15,7.9,5650.0,10.26
2024-04-28 13:00:00+00:00,USGS-09092570,9.2,7.9,472.5,89.85,7.9,5620.0,10.25
2024-04-28 14:00:00+00:00,USGS-09092570,9.2,7.9,474.0,86.9,7.9,5600.0,10.24
2024-04-28 15:00:00+00:00,USGS-09092570,9.3,7.95,474.5,84.95,7.9,5600.0,10.24
2024-04-28 16:00:00+00:00,USGS-09092570,9.3,8.1,475.0,83.15,7.9,5570.0,10.23
2024-04-28 17:00:00+00:00,USGS-09092570,9.3,8.350000000000001,476.0,79.4,7.9,5570.0,10.23
2024-04-28 18:00:00+00:00,USGS-09092570,9.3,8.6,477.0,72.80000000000001,7.9,5520.0,10.21
2024-04-28 19:00:00+00:00,USGS-09092570,9.2,9.05,477.0,67.95,7.9,5520.0,10.21
2024-04-28 20:00:00+00:00,USGS-09092570,9.2,9.25,478.0,65.9,7.9,5495.0,10.2
2024-04-28 21:00:00+00:00,USGS-09092570,9.2,9.75,479.0,63.0,7.95,5470.0,10.19
2024-04-28 22:00:00+00:00,USGS-09092570,9.1,10.05,480.0,58.1,8.0,5455.0,10.184999999999999
2024-04-28 23:00:00+00:00,USGS-09092570,9.05,10.3,481.0,57.6,8.0,5420.0,10.17
2024-04-29 00:00:00+00:00,USGS-09092570,9.0,10.4,482.0,58.25,8.0,5420.0,10.17
2024-04-29 01:00:00+00:00,USGS-09092570,9.0,10.3,484.0,56.3,8.0,5370.0,10.15
2024-04-29 02:00:00+00:00,USGS-09092570,8.9,10.1,487.5,80.0,8.0,5330.0,10.135000000000002
2024-04-29 03:00:00+00:00,USGS-09092570,8.95,9.850000000000001,489.5,72.4,8.0,5290.0,10.12
2024-04-29 04:00:00+00:00,USGS-09092570,9.0,9.55,491.5,68.3,8.0,5290.0,10.12
2024-04-29 05:00:00+00:00,USGS-09092570,9.0,9.25,493.0,84.95,8.0,5255.0,10.105
2024-04-29 06:00:00+00:00,USGS-09092570,9.1,9.0,492.5,176.5,7.9,5205.0,10.085
2024-04-29 07:00:00+00:00,USGS-09092570,9.1,8.75,494.5,125.0,7.9,5180.0,10.075
2024-04-29 08:00:00+00:00,USGS-09092570,9.1,8.6,497.5,87.35,7.9,5140.0,10.06
2024-04-29 09:00:00+00:00,USGS-09092570,9.1,8.5,500.0,72.5,7.9,5130.0,10.055
2024-04-29 10:00:00+00:00,USGS-09092570,9.2,8.4,502.5,60.5,7.9,5140.0,10.06
2024-04-29 11:00:00+00:00,USGS-09092570,9.2,8.3,504.0,56.0,7.9,5120.0,10.05
2024-04-29 12:00:00+00:00,USGS-09092570,9.2,8.149999999999999,505.0,53.5,7.9,5100.0,10.04
2024-04-29 13:00:00+00:00,USGS-09092570,9.2,8.1,506.0,49.8,7.9,5070.0,10.03
2024-04-29 14:00:00+00:00,USGS-09092570,9.2,8.149999999999999,506.0,46.2,7.9,,
2024-04-29 15:00:00+00:00,USGS-09092570,9.2,8.350000000000001,506.0,45.65,7.9,5020.0,10.01
2024-04-29 16:00:00+00:00,USGS-09092570,9.2,8.75,507.0,44.349999999999994,7.9,,
2024-04-29 17:00:00+00:00,USGS-09092570,9.2,9.25,508.0,48.0,7.9,4990.0,
2024-04-29 18:00:00+00:00,USGS-09092570,9.2,9.8,510.0,55.1,7.95,,
2024-04-29 19:00:00+00:00,USGS-09092570,9.1,10.350000000000001,511.5,57.95,8.0,4960.0,
2024-04-29 20:00:00+00:00,USGS-09092570,9.0,10.7,513.0,52.8,8.0,,
2024-04-29 21:00:00+00:00,USGS-09092570,9.0,10.95,515.0,47.6,8.0,4890.0,
2024-04-29 22:00:00+00:00,USGS-09092570,8.9,11.25,515.5,46.05,8.0,,
2024-04-29 23:00:00+00:00,USGS-09092570,8.850000000000001,11.4,517.0,45.3,8.0,4820.0,
2024-04-30 00:00:00+00:00,USGS-09092570,8.8,11.5,518.0,46.9,8.0,,
2024-04-30 01:00:00+00:00,USGS-09092570,8.7,11.5,519.0,46.7,8.0,4780.0,
2024-04-30 02:00:00+00:00,USGS-09092570,8.7,11.25,519.0,46.0,8.0,,9.9
2024-04-30 03:00:00+00:00,USGS-09092570,8.7,10.850000000000001,519.5,43.0,8.0,4740.0,9.89
2024-04-30 04:00:00+00:00,USGS-09092570,8.7,10.6,522.5,41.5,8.0,4690.0,9.87
2024-04-30 05:00:00+00:00,USGS-09092570,8.7,10.4,526.5,41.2,8.0,4670.0,9.86
2024-04-30 06:00:00+00:00,USGS-09092570,8.75,10.2,530.0,38.2,8.0,4640.0,9.85
2024-04-30 07:00:00+00:00,USGS-09092570,8.8,10.0,533.5,44.2,8.0,4620.0,9.84
2024-04-30 08:00:00+00:00,USGS-09092570,8.8,9.75,537.0,41.0,8.0,4590.0,9.83
2024-04-30 09:00:00+00:00,USGS-09092570,8.8,9.5,539.0,40.15,8.0,4580.0,9.825
2024-04-30 10:00:00+00:00,USGS-09092570,8.9,9.25,540.0,39.35,8.0,4550.0,9.81
2024-04-30 11:00:00+00:00,USGS-09092570,8.9,9.05,540.0,37.599999999999994,8.0,4530.0,9.8
2024-04-30 12:00:00+00:00,USGS-09092570,9.0,8.95,541.0,38.8,7.95,4515.0,9.795
2024-04-30 13:00:00+00:00,USGS-09092570,9.0,8.9,543.0,38.349999999999994,8.0,4500.0,9.79
2024-04-30 14:00:00+00:00,USGS-09092570,9.0,8.95,545.5,34.35,8.0,,
2024-04-30 15:00:00+00:00,USGS-09092570,9.0,9.149999999999999,548.0,35.8,8.0,4460.0,
2024-04-30 16:00:00+00:00,USGS-09092570,9.0,9.649999999999999,549.5,39.65,8.0,,
2024-04-30 17:00:00+00:00,USGS-09092570,9.0,10.25,552.5,39.6,8.0,4430.0,
2024-04-30 18:00:00+00:00,USGS-09092570,9.0,10.850000000000001,555.0,38.0,8.0,,
2024-04-30 19:00:00+00:00,USGS-09092570,9.0,11.5,556.0,37.7,8.0,4410.0,9.75
2024-04-30 20:00:00+00:00,USGS-09092570,8.9,12.0,556.0,36.55,8.1,4370.0,9.73
2024-04-30 21:00:00+00:00,USGS-09092570,8.9,12.45,557.0,34.8,8.1,4340.0,9.72
2024-04-30 22:00:00+00:00,USGS-09092570,8.8,12.8,558.0,36.5,8.1,4390.0,9.74
2024-04-30 23:00:00+00:00,USGS-09092570,8.7,12.8,559.0,34.650000000000006,8.1,4380.0,9.735
2024-05-01 00:00:00+00:00,USGS-09092570,8.6,12.8,560.0,34.2,8.1,4370.0,9.73
2024-05-01 01:00:00+00:00,USGS-09092570,8.6,12.6,561.5,34.75,8.1,4330.0,9.715
2024-05-01 02:00:00+00:00,USGS-09092570,8.5,12.350000000000001,562.0,36.4,8.1,4310.0,9.705
2024-05-01 03:00:00+00:00,USGS-09092570,8.5,12.149999999999999,564.0,34.8,8.1,4300.0,9.7
2024-05-01 04:00:00+00:00,USGS-09092570,8.5,11.95,566.0,34.2,8.1,4270.0,9.69
2024-05-01 05:00:00+00:00,USGS-09092570,8.4,11.7,566.0,32.6,8.0,4300.0,9.7
2024-05-01 06:00:00+00:00,USGS-09092570,8.4,11.5,567.0,33.75,8.0,4300.0,9.7
2024-05-01 07:00:00+00:00,USGS-09092570,8.45,11.25,568.0,31.950000000000003,8.0,4270.0,9.69
2024-05-01 08:00:00+00:00,USGS-09092570,8.5,11.1,569.5,31.65,8.0,4270.0,9.69
2024-05-01 09:00:00+00:00,USGS-09092570,8.5,10.95,572.0,32.6,8.0,4260.0,9.684999999999999
2024-05-01 10:00:00+00:00,USGS-09092570,8.5,10.8,574.5,31.700000000000003,8.0,4270.0,9.69
2024-05-01 11:00:00+00:00,USGS-09092570,8.5,10.649999999999999,576.5,32.4,8.0,4270.0,9.69
2024-05-01 12:00:00+00:00,USGS-09092570,8.6,10.45,577.0,31.95,8.0,4260.0,9.684999999999999
2024-05-01 13:00:00+00:00,USGS-09092570,8.6,10.3,576.0,33.400000000000006,8.0,4250.0,9.68
2024-05-01 14:00:00+00:00,USGS-09092570,8.7,10.3,576.0,31.2,8.0,4250.0,9.68
2024-05-01 15:00:00+00:00,USGS-09092570,8.7,10.3,576.0,31.3,8.0,4250.0,9.68
2024-05-01 16:00:00+00:00,USGS-09092570,8.7,10.4,581.5,32.25,8.0,,
2024-05-01 17:00:00+00:00,USGS-09092570,8.8,10.55,600.0,31.3,8.0,4250.0,
2024-05-01 18:00:00+00:00,USGS-09092570,8.8,10.6,597.5,30.9,8.0,,9.68
2024-05-01 19:00:00+00:00,USGS-09092570,8.8,10.6,573.5,30.2,8.0,4260.0,
2024-05-01 20:00:00+00:00,USGS-09092570,8.8,10.649999999999999,562.0,31.950000000000003,8.0,,
2024-05-01 21:00:00+00:00,USGS-09092570,8.8,10.95,567.5,28.65,8.05,4270.0,
2024-05-01 22:00:00+00:00,USGS-09092570,8.850000000000001,11.350000000000001,574.5,28.55,8.1,,
2024-05-01 23:00:00+00:00,USGS-09092570,8.8,11.7,577.0,29.5,8.1,4280.0,9.69
2024-05-02 00:00:00+00:00,USGS-09092570,8.8,11.7,579.0,29.65,8.1,,
2024-05-02 01:00:00+00:00,USGS-09092570,8.75,11.649999999999999,579.0,27.549999999999997,8.1,4330.0,9.715
2024-05-02 02:00:00+00:00,USGS-09092570,8.7,11.45,578.0,27.700000000000003,8.1,,9.725000000000001
2024-05-02 03:00:00+00:00,USGS-09092570,8.7,11.25,578.5,28.15,8.1,4370.0,9.73
2024-05-02 04:00:00+00:00,USGS-09092570,8.7,10.95,580.0,28.85,8.1,,
2024-05-02 05:00:00+00:00,USGS-09092570,8.7,10.649999999999999,581.0,28.9,8.0,4390.0,9.745000000000001
2024-05-02 06:00:00+00:00,USGS-09092570,8.7,10.350000000000001,579.5,29.45,8.0,4410.0,9.75
2024-05-02 07:00:00+00:00,USGS-09092570,8.7,10.05,578.0,28.7,8.0,4410.0,9.75
2024-05-02 08:00:00+00:00,USGS-09092570,8.8,9.75,576.5,28.9,8.0,4410.0,9.75
2024-05-02 09:00:00+00:00,USGS-09092570,8.8,9.45,574.5,28.25,8.0,4410.0,9.75
2024-05-02 10:00:00+00:00,USGS-09092570,8.9,9.149999999999999,571.5,29.35,8.0,4390.0,9.74
2024-05-02 11:00:00+00:00,USGS-09092570,8.95,8.850000000000001,569.0,28.65,8.0,4390.0,9.74
2024-05-02 12:00:00+00:00,USGS-09092570,9.0,8.7,569.0,26.3,8.0,4390.0,9.74
2024-05-02 13:00:00+00:00,USGS-09092570,9.0,8.6,567.5,26.950000000000003,8.0,4410.0,9.75
2024-05-02 14:00:00+00:00,USGS-09092570,9.1,8.6,565.0,30.15,8.0,,
2024-05-02 15:00:00+00:00,USGS-09092570,9.2,8.75,564.0,27.6,8.0,4540.0,
2024-05-02 16:00:00+00:00,USGS-09092570,9.2,9.05,565.0,29.85,8.0,,9.81
2024-05-02 17:00:00+00:00,USGS-09092570,9.3,9.45,566.0,29.25,8.0,,
2024-05-02 18:00:00+00:00,USGS-09092570,9.3,9.850000000000001,567.0,26.9,8.0,4700.0,9.875
2024-05-02 19:00:00+00:00,USGS-09092570,9.3,10.350000000000001,566.5,26.6,8.1,,
2024-05-02 20:00:00+00:00,USGS-09092570,9.2,10.850000000000001,563.5,29.0,8.1,4790.0,
2024-05-02 21:00:00+00:00,USGS-09092570,9.2,11.25,560.0,28.450000000000003,8.1,,9.94
2024-05-02 22:00:00+00:00,USGS-09092570,9.1,11.6,558.0,31.85,8.1,4870.0,
2024-05-02 23:00:00+00:00,USGS-09092570,9.0,11.7,557.5,30.0,8.1,4930.0,9.97
2024-05-03 00:00:00+00:00,USGS-09092570,8.9,11.7,553.0,30.8,8.1,4950.0,9.98
2024-05-03 01:00:00+00:00,USGS-09092570,8.9,11.45,545.0,29.1,8.1,4930.0,9.97
2024-05-03 02:00:00+00:00,USGS-09092570,8.8,11.149999999999999,538.5,30.25,8.1,4930.0,9.97
2024-05-03 03:00:00+00:00,USGS-09092570,8.8,10.850000000000001,535.0,30.9,8.1,4930.0,9.97
2024-05-03 04:00:00+00:00,USGS-09092570,8.8,10.55,531.5,30.299999999999997,8.0,4930.0,9.97
2024-05-03 05:00:00+00:00,USGS-09092570,8.8,10.25,528.5,30.7,8.0,4930.0,9.97
2024-05-03 06:00:00+00:00,USGS-09092570,8.8,9.95,525.0,30.8,8.0,4930.0,9.97
2024-05-03 07:00:00+00:00,USGS-09092570,8.8,9.75,524.0,30.7,8.0,4900.0,9.96
2024-05-03 08:00:00+00:00,USGS-09092570,8.8,9.55,523.0,31.0,8.0,4880.0,9.95
2024-05-03 09:00:00+00:00,USGS-09092570,8.9,9.4,522.0,32.8,8.0,4880.0,9.95
2024-05-03 10:00:00+00:00,USGS-09092570,8.9,9.2,522.0,32.05,8.0,4850.0,9.94
2024-05-03 11:00:00+00:00,USGS-09092570,8.9,9.05,524.5,32.8,8.0,4850.0,9.94
2024-05-03 12:00:00+00:00,USGS-09092570,8.9,8.9,527.0,31.6,8.0,4850.0,9.94
2024-05-03 13:00:00+00:00,USGS-09092570,9.0,8.8,528.0,30.6,8.0,4850.0,9.94
2024-05-03 14:00:00+00:00,USGS-09092570,9.0,8.8,525.5,30.6,8.0,4850.0,9.94
2024-05-03 15:00:00+00:00,USGS-09092570,9.0,9.05,522.0,32.5,8.0,4850.0,9.94
2024-05-03 16:00:00+00:00,USGS-09092570,9.1,9.350000000000001,520.0,31.299999999999997,8.0,,
2024-05-03 17:00:00+00:00,USGS-09092570,9.1,9.850000000000001,520.0,30.9,8.0,4820.0,9.925
2024-05-03 18:00:00+00:00,USGS-09092570,9.0,10.25,520.0,30.85,8.0,4830.0,9.93
2024-05-03 19:00:00+00:00,USGS-09092570,9.0,10.7,519.0,32.2,8.0,4830.0,9.93
2024-05-03 20:00:00+00:00,USGS-09092570,9.0,10.95,518.5,35.05,8.0,,
2024-05-03 21:00:00+00:00,USGS-09092570,8.9,11.45,518.0,35.2,8.0,4830.0,
2024-05-03 22:00:00+00:00,USGS-09092570,8.8,11.850000000000001,517.0,33.65,8.0,,
2024-05-03 23:00:00+00:00,USGS-09092570,8.8,12.0,515.0,33.7,8.0,4830.0,
2024-05-04 00:00:00+00:00,USGS-09092570,8.7,12.0,515.0,35.2,8.0,,9.93
2024-05-04 01:00:00+00:00,USGS-09092570,8.7,11.850000000000001,514.0,37.9,8.0,4850.0,9.94
2024-05-04 02:00:00+00:00,USGS-09092570,8.7,11.55,514.0,35.55,8.0,,
2024-05-04 03:00:00+00:00,USGS-09092570,8.7,11.149999999999999,515.0,35.15,8.0,5000.0,10.0
2024-05-04 04:00:00+00:00,USGS-09092570,8.7,10.850000000000001,518.0,38.150000000000006,8.0,4900.0,9.96
2024-05-04 05:00:00+00:00,USGS-09092570,8.7,10.5,520.5,34.95,8.0,4840.0,9.934999999999999
2024-05-04 06:00:00+00:00,USGS-09092570,8.8,10.149999999999999,521.0,35.65,8.0,4810.0,9.92
2024-05-04 07:00:00+00:00,USGS-09092570,8.8,9.75,519.0,35.3,8.0,4780.0,9.91
2024-05-04 08:00:00+00:00,USGS-09092570,8.9,9.4,514.0,33.7,8.0,4760.0,9.9
2024-05-04 09:00:00+00:00,USGS-09092570,8.9,9.149999999999999,510.0,33.349999999999994,8.0,4760.0,9.9
2024-05-04 10:00:00+00:00,USGS-09092570,9.0,9.0,511.5,34.6,7.9,4740.0,9.89
2024-05-04 11:00:00+00:00,USGS-09092570,9.0,8.850000000000001,515.5,33.25,7.9,4740.0,9.89
2024-05-04 12:00:00+00:00,USGS-09092570,9.0,8.8,518.5,34.5,7.9,4710.0,9.88
2024-05-04 13:00:00+00:00,USGS-09092570,9.0,8.7,520.5,32.900000000000006,7.9,4710.0,9.88
2024-05-04 14:00:00+00:00,USGS-09092570,9.1,8.75,522.0,32.0,7.9,,
2024-05-04 15:00:00+00:00,USGS-09092570,9.1,9.0,522.0,30.0,8.0,4710.0,
2024-05-04 16:00:00+00:00,USGS-09092570,9.1,9.45,525.0,31.7,8.0,,
2024-05-04 17:00:00+00:00,USGS-09092570,9.1,10.0,543.0,31.4,8.0,4710.0,9.88
2024-05-04 18:00:00+00:00,USGS-09092570,9.1,10.649999999999999,538.5,34.9,8.0,,
2024-05-04 19:00:00+00:00,USGS-09092570,9.1,11.3,519.5,30.2,8.0,4720.0,
2024-05-04 20:00:00+00:00,USGS-09092570,9.0,11.95,515.0,30.4,8.1,,9.89
2024-05-04 21:00:00+00:00,USGS-09092570,8.9,12.45,519.0,31.6,8.1,,
2024-05-04 22:00:00+00:00,USGS-09092570,8.850000000000001,12.9,525.5,30.55,8.1,4690.0,9.87
2024-05-04 23:00:00+00:00,USGS-09092570,8.8,13.25,529.0,29.799999999999997,8.1,4740.0,9.89
2024-05-05 00:00:00+00:00,USGS-09092570,8.7,13.3,528.5,29.8,8.1,,
2024-05-05 01:00:00+00:00,USGS-09092570,8.6,13.05,525.5,30.3,8.1,4760.0,9.9
2024-05-05 02:00:00+00:00,USGS-09092570,8.5,12.75,522.5,29.4,8.1,4780.0,9.91
2024-05-05 03:00:00+00:00,USGS-09092570,8.45,12.55,522.0,29.2,8.1,4780.0,9.91
2024-05-05 04:00:00+00:00,USGS-09092570,8.4,12.350000000000001,522.0,28.25,8.0,4760.0,9.9
2024-05-05 05:00:00+00:00,USGS-09092570,8.4,12.1,522.0,29.7,8.0,4760.0,9.9
2024-05-05 06:00:00+00:00,USGS-09092570,8.4,11.850000000000001,523.5,30.3,8.0,4760.0,9.9
2024-05-05 07:00:00+00:00,USGS-09092570,8.4,11.55,527.5,29.7,8.0,4760.0,9.9
2024-05-05 08:00:00+00:00,USGS-09092570,8.4,11.3,528.5,29.549999999999997,8.0,4740.0,9.89
2024-05-05 09:00:00+00:00,USGS-09092570,8.45,11.1,526.5,29.9,8.0,4740.0,9.89
2024-05-05 10:00:00+00:00,USGS-09092570,8.5,10.9,525.0,29.2,8.0,4760.0,9.9
2024-05-05 11:00:00+00:00,USGS-09092570,8.5,10.649999999999999,524.0,29.0,8.0,4760.0,9.9
2024-05-05 12:00:00+00:00,USGS-09092570,8.6,10.45,524.0,29.8,8.0,4760.0,9.9
2024-05-05 13:00:00+00:00,USGS-09092570,8.6,10.3,523.0,30.5,8.0,4780.0,9.91
2024-05-05 14:00:00+00:00,USGS-09092570,8.7,10.2,524.0,30.35,8.0,4780.0,9.91
2024-05-05 15:00:00+00:00,USGS-09092570,8.7,10.25,524.0,29.75,8.0,,
2024-05-05 16:00:00+00:00,USGS-09092570,8.8,10.45,524.0,30.1,8.0,4830.0,9.93
2024-05-05 17:00:00+00:00,USGS-09092570,8.8,10.7,524.0,30.8,8.0,4820.0,9.925
2024-05-05 18:00:00+00:00,USGS-09092570,8.8,10.95,523.5,32.9,8.0,4850.0,9.94
2024-05-05 19:00:00+00:00,USGS-09092570,8.7,11.1,523.0,35.3,8.0,,
2024-05-05 20:00:00+00:00,USGS-09092570,8.7,11.350000000000001,522.0,34.65,8.0,4940.0,9.975000000000001
2024-05-05 21:00:00+00:00,USGS-09092570,8.7,11.4,521.0,34.4,8.0,4960.0,9.985
2024-05-05 22:00:00+00:00,USGS-09092570,8.649999999999999,11.5,520.0,35.3,8.0,,
2024-05-05 23:00:00+00:00,USGS-09092570,8.6,11.6,519.0,33.8,8.0,4980.0,
2024-05-06 00:00:00+00:00,USGS-09092570,8.6,11.55,518.0,33.2,8.0,,
2024-05-06 01:00:00+00:00,USGS-09092570,8.6,11.25,516.0,33.15,8.0,5090.0,
2024-05-06 02:00:00+00:00,USGS-09092570,8.6,10.95,512.5,34.55,8.0,,
2024-05-06 03:00:00+00:00,USGS-09092570,8.6,10.8,511.0,33.9,8.0,5170.0,10.07
2024-05-06 04:00:00+00:00,USGS-09092570,8.6,10.7,508.5,33.8,8.0,5170.0,10.07
2024-05-06 05:00:00+00:00,USGS-09092570,8.6,10.55,503.5,33.8,8.0,,
2024-05-06 06:00:00+00:00,USGS-09092570,8.6,10.350000000000001,501.0,32.8,8.0,5130.0,10.05
2024-05-06 07:00:00+00:00,USGS-09092570,8.6,10.2,500.0,32.4,8.0,5155.0,10.065000000000001
2024-05-06 08:00:00+00:00,USGS-09092570,8.6,10.0,499.0,46.45,8.0,5205.0,10.085
2024-05-06 09:00:00+00:00,USGS-09092570,8.7,9.75,498.0,178.0,8.0,5205.0,10.085
2024-05-06 10:00:00+00:00,USGS-09092570,8.7,9.55,496.0,163.5,8.0,5205.0,10.085
2024-05-06 11:00:00+00:00,USGS-09092570,8.7,9.4,497.0,133.0,8.0,5180.0,10.075
2024-05-06 12:00:00+00:00,USGS-09092570,8.8,9.2,498.0,118.5,8.0,5180.0,10.075
2024-05-06 13:00:00+00:00,USGS-09092570,8.8,9.0,498.5,98.05,8.0,5240.0,10.1
2024-05-06 14:00:00+00:00,USGS-09092570,8.850000000000001,9.0,500.0,93.25,8.0,5240.0,10.1
2024-05-06 15:00:00+00:00,USGS-09092570,8.9,9.1,502.0,76.85,8.0,5320.0,10.13
2024-05-06 16:00:00+00:00,USGS-09092570,8.9,9.350000000000001,503.0,64.5,8.0,5320.0,10.13
2024-05-06 17:00:00+00:00,USGS-09092570,8.9,9.5,504.0,74.0,8.0,5340.0,10.14
2024-05-06 18:00:00+00:00,USGS-09092570,8.9,9.850000000000001,504.0,109.0,8.0,5390.0,10.16
2024-05-06 19:00:00+00:00,USGS-09092570,8.9,10.3,503.5,137.0,8.0,5440.0,10.18
2024-05-06 20:00:00+00:00,USGS-09092570,8.9,10.5,502.5,165.0,8.0,5500.0,10.205
2024-05-06 21:00:00+00:00,USGS-09092570,8.9,10.4,499.5,145.0,8.0,5550.0,10.225000000000001
2024-05-06 22:00:00+00:00,USGS-09092570,8.9,10.45,498.0,110.0,8.0,5610.0,10.25
2024-05-06 23:00:00+00:00,USGS-09092570,8.9,10.3,498.0,88.35,8.0,5650.0,10.27
2024-05-07 00:00:00+00:00,USGS-09092570,8.9,10.3,494.0,77.65,8.0,5715.0,10.295
2024-05-07 01:00:00+00:00,USGS-09092570,8.9,10.149999999999999,488.5,72.0,8.0,5785.0,10.325
2024-05-07 02:00:00+00:00,USGS-09092570,8.9,9.9,484.0,63.2,8.0,5820.0,10.34
2024-05-07 03:00:00+00:00,USGS-09092570,8.9,9.7,481.0,58.9,8.0,5850.0,10.35
2024-05-07 04:00:00+00:00,USGS-09092570,9.0,9.4,479.0,55.05,8.0,5850.0,10.35
2024-05-07 05:00:00+00:00,USGS-09092570,9.0,9.1,476.0,52.4,8.0,5850.0,10.35
2024-05-07 06:00:00+00:00,USGS-09092570,9.0,8.850000000000001,473.5,49.349999999999994,8.0,5850.0,10.35
2024-05-07 07:00:00+00:00,USGS-09092570,9.1,8.6,472.5,47.2,7.9,5820.0,10.34
2024-05-07 08:00:00+00:00,USGS-09092570,9.1,8.4,471.5,47.35,7.9,5810.0,10.335
2024-05-07 09:00:00+00:00,USGS-09092570,9.1,8.2,470.5,47.4,7.9,5800.0,10.33
2024-05-07 10:00:00+00:00,USGS-09092570,9.2,8.1,470.0,47.0,7.9,5785.0,10.325
2024-05-07 11:00:00+00:00,USGS-09092570,9.2,8.0,470.0,44.2,7.9,5760.0,10.315000000000001
2024-05-07 12:00:00+00:00,USGS-09092570,9.2,8.0,470.0,43.8,7.9,5750.0,10.31
2024-05-07 13:00:00+00:00,USGS-09092570,9.2,8.05,472.0,43.2,7.9,5730.0,10.3
2024-05-07 14:00:00+00:00,USGS-09092570,9.2,8.1,475.5,46.349999999999994,7.9,5715.0,10.295
2024-05-07 15:00:00+00:00,USGS-09092570,9.1,8.2,476.0,45.3,7.9,5730.0,10.3
2024-05-07 16:00:00+00:00,USGS-09092570,9.149999999999999,8.3,475.0,44.55,7.9,5750.0,10.31
2024-05-07 17:00:00+00:00,USGS-09092570,9.2,8.4,473.5,43.8,7.9,5750.0,10.31
2024-05-07 18:00:00+00:00,USGS-09092570,9.2,8.4,473.0,47.5,7.9,5785.0,10.325
2024-05-07 19:00:00+00:00,USGS-09092570,9.2,8.4,471.5,56.900000000000006,7.9,5850.0,10.35
2024-05-07 20:00:00+00:00,USGS-09092570,9.2,8.5,471.0,137.5,7.9,5870.0,10.36
2024-05-07 21:00:00+00:00,USGS-09092570,9.3,8.6,468.5,104.5,7.9,5890.0,10.37
2024-05-07 22:00:00+00:00,USGS-09092570,9.3,8.7,466.5,108.5,7.9,6005.0,10.415
2024-05-07 23:00:00+00:00,USGS-09092570,9.3,8.7,465.0,84.95,8.0,6110.0,10.46
2024-05-08 00:00:00+00:00,USGS-09092570,9.3,8.8,464.0,81.95,8.0,5990.0,10.41
2024-05-08 01:00:00+00:00,USGS-09092570,9.3,8.649999999999999,463.0,76.05,8.0,5895.0,10.370000000000001
2024-05-08 02:00:00+00:00,USGS-09092570,9.3,8.45,462.5,72.0,8.0,5850.0,10.35
2024-05-08 03:00:00+00:00,USGS-09092570,9.3,8.149999999999999,460.5,59.8,8.0,5785.0,10.325
2024-05-08 04:00:00+00:00,USGS-09092570,9.4,7.85,459.0,55.05,7.9,5750.0,10.31
2024-05-08 05:00:00+00:00,USGS-09092570,9.4,7.45,462.5,51.6,7.9,5730.0,10.3
2024-05-08 06:00:00+00:00,USGS-09092570,9.5,7.1,465.5,53.5,7.9,5700.0,10.29
2024-05-08 07:00:00+00:00,USGS-09092570,9.5,6.85,468.0,57.349999999999994,7.9,5680.0,10.28
2024-05-08 08:00:00+00:00,USGS-09092570,9.6,6.65,470.0,58.0,7.9,5640.0,10.265
2024-05-08 09:00:00+00:00,USGS-09092570,9.6,6.5,471.5,53.35,7.9,5610.0,10.25
2024-05-08 10:00:00+00:00,USGS-09092570,9.6,6.35,473.5,49.9,7.9,5610.0,10.25
2024-05-08 11:00:00+00:00,USGS-09092570,9.7,6.15,475.0,46.95,7.9,5580.0,10.24
2024-05-08 12:00:00+00:00,USGS-09092570,9.7,5.95,476.0,43.75,7.9,5570.0,10.235
2024-05-08 13:00:00+00:00,USGS-09092570,9.8,5.9,477.0,42.2,7.9,5560.0,10.23
2024-05-08 14:00:00+00:00,USGS-09092570,9.8,5.95,478.0,38.7,7.9,5540.0,10.22
2024-05-08 15:00:00+00:00,USGS-09092570,9.8,6.15,488.5,36.55,7.9,5510.0,10.21
2024-05-08 16:00:00+00:00,USGS-09092570,9.8,6.6,505.0,34.45,7.9,5510.0,10.21
2024-05-08 17:00:00+00:00,USGS-09092570,9.8,7.05,491.0,32.4,8.0,5500.0,10.205
2024-05-08 18:00:00+00:00,USGS-09092570,9.8,7.35,470.5,31.200000000000003,8.0,5480.0,10.195
2024-05-08 19:00:00+00:00,USGS-09092570,9.8,7.6,466.5,30.9,8.0,5470.0,10.19
2024-05-08 20:00:00+00:00,USGS-09092570,9.75,7.85,473.0,30.75,8.0,5440.0,10.18
2024-05-08 21:00:00+00:00,USGS-09092570,9.7,8.1,478.0,31.3,8.0,5420.0,10.17
2024-05-08 22:00:00+00:00,USGS-09092570,9.7,8.1,480.5,30.45,8.0,5400.0,10.16
2024-05-08 23:00:00+00:00,USGS-09092570,9.7,8.1,482.0,30.15,8.0,5370.0,10.15
2024-05-09 00:00:00+00:00,USGS-09092570,9.6,8.1,484.5,29.3,8.0,5350.0,10.14
2024-05-09 01:00:00+00:00,USGS-09092570,9.6,8.0,485.0,28.8,8.0,5315.0,10.125
2024-05-09 02:00:00+00:00,USGS-09092570,9.6,7.9,485.0,28.549999999999997,8.0,5290.0,10.114999999999998
2024-05-09 03:00:00+00:00,USGS-09092570,9.6,7.7,486.5,28.5,8.0,5280.0,10.11
2024-05-09 04:00:00+00:00,USGS-09092570,9.6,7.6,489.5,26.7,8.0,5245.0,10.094999999999999
2024-05-09 05:00:00+00:00,USGS-09092570,9.6,7.4,492.0,26.55,8.0,5210.0,10.08
2024-05-09 06:00:00+00:00,USGS-09092570,9.6,7.1,493.5,26.75,8.0,5190.0,10.07
2024-05-09 07:00:00+00:00,USGS-09092570,9.6,6.9,495.0,24.0,8.0,5160.0,10.06
2024-05-09 08:00:00+00:00,USGS-09092570,9.6,6.75,496.0,24.5,8.0,5160.0,10.06
2024-05-09 09:00:00+00:00,USGS-09092570,9.6,6.6,497.0,25.25,7.9,5130.0,10.045
2024-05-09 10:00:00+00:00,USGS-09092570,9.6,6.5,498.0,25.450000000000003,7.9,5100.0,10.03
2024-05-09 11:00:00+00:00,USGS-09092570,9.7,6.4,498.5,25.45,7.9,5070.0,10.02
2024-05-09 12:00:00+00:00,USGS-09092570,9.7,6.25,500.5,23.75,7.9,5050.0,10.01
2024-05-09 13:00:00+00:00,USGS-09092570,9.8,6.15,502.0,23.55,7.9,5050.0,10.01
2024-05-09 14:00:00+00:00,USGS-09092570,9.8,6.2,503.0,24.0,7.9,5050.0,10.01
2024-05-09 15:00:00+00:00,USGS-09092570,9.9,6.35,504.0,23.25,8.0,5030.0,10.0
2024-05-09 16:00:00+00:00,USGS-09092570,9.9,6.699999999999999,505.5,23.75,8.0,5000.0,9.99
2024-05-09 17:00:00+00:00,USGS-09092570,9.9,7.2,509.5,23.7,8.0,5000.0,9.99
2024-05-09 18:00:00+00:00,USGS-09092570,9.9,7.65,509.5,23.2,8.0,4980.0,9.98
2024-05-09 19:00:00+00:00,USGS-09092570,9.9,8.0,509.0,22.6,8.0,4980.0,9.98
2024-05-09 20:00:00+00:00,USGS-09092570,9.8,8.25,509.5,25.6,8.0,4960.0,9.97
2024-05-09 21:00:00+00:00,USGS-09092570,9.8,8.649999999999999,511.0,178.0,8.1,4960.0,9.97
2024-05-09 22:00:00+00:00,USGS-09092570,9.649999999999999,9.0,512.5,138.5,8.1,4940.0,9.96
2024-05-09 23:00:00+00:00,USGS-09092570,9.5,9.25,513.0,105.95,8.0,4900.0,9.945
2024-05-10 00:00:00+00:00,USGS-09092570,9.4,9.3,514.5,85.0,8.0,4870.0,9.93
2024-05-10 01:00:00+00:00,USGS-09092570,9.4,9.2,514.5,74.3,8.0,4850.0,9.92
2024-05-10 02:00:00+00:00,USGS-09092570,9.4,8.95,515.5,85.35,8.0,4810.0,9.905000000000001
2024-05-10 03:00:00+00:00,USGS-09092570,9.4,8.6,517.0,54.45,8.0,4800.0,9.9
2024-05-10 04:00:00+00:00,USGS-09092570,9.4,8.350000000000001,518.5,41.0,8.0,4780.0,9.89
2024-05-10 05:00:00+00:00,USGS-09092570,9.4,8.2,522.0,42.0,8.0,4760.0,9.88
2024-05-10 06:00:00+00:00,USGS-09092570,9.4,8.149999999999999,524.5,37.4,8.0,4730.0,9.87
2024-05-10 07:00:00+00:00,USGS-09092570,9.4,8.0,527.0,48.75,8.0,4710.0,9.86
2024-05-10 08:00:00+00:00,USGS-09092570,9.4,7.8,531.0,54.65,8.0,4690.0,9.85
2024-05-10 09:00:00+00:00,USGS-09092570,9.4,7.65,534.5,42.2,8.0,4680.0,9.844999999999999
2024-05-10 10:00:00+00:00,USGS-09092570,9.4,7.55,536.5,33.15,8.0,4640.0,9.83
2024-05-10 11:00:00+00:00,USGS-09092570,9.45,7.45,536.0,30.6,8.0,4620.0,9.82
2024-05-10 12:00:00+00:00,USGS-09092570,9.5,7.4,536.0,29.2,8.0,4620.0,9.82
2024-05-10 13:00:00+00:00,USGS-09092570,9.5,7.35,536.0,28.85,8.0,4610.0,9.815000000000001
2024-05-10 14:00:00+00:00,USGS-09092570,9.5,7.4,536.0,29.0,8.0,4590.0,9.805
2024-05-10 15:00:00+00:00,USGS-09092570,9.5,7.6,536.5,29.25,8.0,4590.0,9.805
2024-05-10 16:00:00+00:00,USGS-09092570,9.6,7.85,537.5,28.95,8.0,4580.0,9.8
2024-05-10 17:00:00+00:00,USGS-09092570,9.5,8.2,540.0,31.3,8.0,4580.0,9.8
2024-05-10 18:00:00+00:00,USGS-09092570,9.5,8.55,541.0,31.75,8.0,4580.0,9.8
2024-05-10 19:00:00+00:00,USGS-09092570,9.5,9.149999999999999,541.0,30.049999999999997,8.0,4580.0,9.8
2024-05-10 20:00:00+00:00,USGS-09092570,9.5,9.3,541.5,27.5,8.1,4580.0,9.8
2024-05-10 21:00:00+00:00,USGS-09092570,9.5,9.4,543.0,26.1,8.1,4580.0,9.8
2024-05-10 22:00:00+00:00,USGS-09092570,9.5,9.5,544.0,24.6,8.1,4545.0,9.785
2024-05-10 23:00:00+00:00,USGS-09092570,9.4,9.75,544.0,24.15,8.1,4560.0,9.79
2024-05-11 00:00:00+00:00,USGS-09092570,9.4,9.9,544.5,23.65,8.1,4560.0,9.79
2024-05-11 01:00:00+00:00,USGS-09092570,9.350000000000001,10.0,545.0,23.8,8.1,4560.0,9.79
2024-05-11 02:00:00+00:00,USGS-09092570,9.3,9.850000000000001,546.0,24.0,8.1,4560.0,9.79
2024-05-11 03:00:00+00:00,USGS-09092570,9.3,9.55,546.0,23.6,8.1,4530.0,9.78
2024-05-11 04:00:00+00:00,USGS-09092570,9.2,9.3,546.5,23.0,8.1,4510.0,9.77
2024-05-11 05:00:00+00:00,USGS-09092570,9.2,9.1,549.5,22.8,8.05,4470.0,9.75
2024-05-11 06:00:00+00:00,USGS-09092570,9.2,9.0,552.0,22.35,8.0,4470.0,9.75
2024-05-11 07:00:00+00:00,USGS-09092570,9.1,9.0,553.0,21.25,8.0,4470.0,9.75
2024-05-11 08:00:00+00:00,USGS-09092570,9.1,9.0,554.5,22.6,8.0,4420.0,9.73
2024-05-11 09:00:00+00:00,USGS-09092570,9.1,8.9,556.0,22.200000000000003,8.0,4420.0,9.73
2024-05-11 10:00:00+00:00,USGS-09092570,9.1,8.649999999999999,557.5,21.45,8.0,4400.0,9.72
2024-05-11 11:00:00+00:00,USGS-09092570,9.2,8.4,559.5,22.6,8.0,4400.0,9.72
2024-05-11 12:00:00+00:00,USGS-09092570,9.2,8.2,561.0,22.9,8.0,4400.0,9.72
2024-05-11 13:00:00+00:00,USGS-09092570,9.2,8.1,562.0,23.6,8.0,4370.0,9.705
2024-05-11 14:00:00+00:00,USGS-09092570,9.3,8.1,562.0,23.65,8.0,4370.0,9.705
2024-05-11 15:00:00+00:00,USGS-09092570,9.3,8.25,563.0,23.799999999999997,8.0,4360.0,9.7
2024-05-11 16:00:00+00:00,USGS-09092570,9.4,8.55,565.5,22.35,8.0,4360.0,9.7
2024-05-11 17:00:00+00:00,USGS-09092570,9.4,8.95,583.0,22.3,8.0,4340.0,9.69
2024-05-11 18:00:00+00:00,USGS-09092570,9.4,9.149999999999999,580.5,22.25,8.1,4350.0,9.695
2024-05-11 19:00:00+00:00,USGS-09092570,9.4,9.6,560.5,23.1,8.1,4350.0,9.695
2024-05-11 20:00:00+00:00,USGS-09092570,9.4,9.9,552.0,22.4,8.1,4360.0,9.7
2024-05-11 21:00:00+00:00,USGS-09092570,9.3,10.25,557.0,22.2,8.1,4340.0,9.69
2024-05-11 22:00:00+00:00,USGS-09092570,9.3,10.6,566.5,21.799999999999997,8.1,4360.0,9.7
2024-05-11 23:00:00+00:00,USGS-09092570,9.2,10.9,569.0,21.9,8.2,4305.0,9.675
2024-05-12 00:00:00+00:00,USGS-09092570,9.149999999999999,10.9,566.0,20.8,8.2,4320.0,9.68
2024-05-12 01:00:00+00:00,USGS-09092570,9.1,10.75,566.0,21.25,8.1,4290.0,9.67
2024-05-12 02:00:00+00:00,USGS-09092570,9.0,10.5,567.5,20.65,8.1,4290.0,9.67
2024-05-12 03:00:00+00:00,USGS-09092570,9.0,10.350000000000001,568.0,20.45,8.1,4280.0,9.665
2024-05-12 04:00:00+00:00,USGS-09092570,8.9,10.149999999999999,567.0,20.55,8.1,4270.0,9.66
2024-05-12 05:00:00+00:00,USGS-09092570,8.9,9.95,569.0,21.3,8.1,4270.0,9.66
2024-05-12 06:00:00+00:00,USGS-09092570,8.9,9.8,571.0,21.25,8.0,4250.0,9.65
2024-05-12 07:00:00+00:00,USGS-09092570,8.9,9.649999999999999,571.0,21.8,8.0,4250.0,9.65
2024-05-12 08:00:00+00:00,USGS-09092570,8.9,9.45,571.0,21.6,8.0,4230.0,9.64
2024-05-12 09:00:00+00:00,USGS-09092570,9.0,9.3,572.0,21.25,8.0,4230.0,9.64
2024-05-12 10:00:00+00:00,USGS-09092570,9.0,9.1,574.5,21.5,8.0,4230.0,9.64
2024-05-12 11:00:00+00:00,USGS-09092570,9.0,9.0,576.5,20.85,8.0,4230.0,9.64
2024-05-12 12:00:00+00:00,USGS-09092570,9.0,8.850000000000001,579.0,22.450000000000003,8.0,4210.0,9.63
2024-05-12 13:00:00+00:00,USGS-09092570,9.05,8.8,581.0,21.8,8.0,4210.0,9.63
2024-05-12 14:00:00+00:00,USGS-09092570,9.1,8.95,581.0,20.4,8.0,4210.0,9.63
2024-05-12 15:00:00+00:00,USGS-09092570,9.2,9.25,581.0,20.35,8.0,4190.0,9.62
2024-05-12 16:00:00+00:00,USGS-09092570,9.2,9.649999999999999,580.5,21.6,8.0,4190.0,9.62
2024-05-12 17:00:00+00:00,USGS-09092570,9.3,10.2,581.0,19.75,8.1,4210.0,9.63
2024-05-12 18:00:00+00:00,USGS-09092570,9.3,10.8,583.5,20.8,8.1,4210.0,9.63
2024-05-12 19:00:00+00:00,USGS-09092570,9.25,11.3,584.0,20.45,8.1,4210.0,9.63
2024-05-12 20:00:00+00:00,USGS-09092570,9.2,11.75,584.0,20.799999999999997,8.1,4210.0,9.63
2024-05-12 21:00:00+00:00,USGS-09092570,9.1,12.2,584.0,21.4,8.2,4210.0,9.63
2024-05-12 22:00:00+00:00,USGS-09092570,9.0,12.25,584.5,20.8,8.2,4230.0,9.64
2024-05-12 23:00:00+00:00,USGS-09092570,8.9,12.5,585.0,21.0,8.2,4230.0,9.64
2024-05-13 00:00:00+00:00,USGS-09092570,8.9,12.75,585.0,20.2,8.2,4230.0,9.64
2024-05-13 01:00:00+00:00,USGS-09092570,8.8,13.05,584.5,20.6,8.2,4230.0,9.64
2024-05-13 02:00:00+00:00,USGS-09092570,8.649999999999999,12.850000000000001,581.0,20.55,8.2,4250.0,9.65
2024-05-13 03:00:00+00:00,USGS-09092570,8.6,12.55,582.5,21.0,8.149999999999999,4240.0,9.645
2024-05-13 04:00:00+00:00,USGS-09092570,8.5,12.3,587.5,22.35,8.1,4250.0,9.65
2024-05-13 05:00:00+00:00,USGS-09092570,8.5,12.1,590.0,23.4,8.1,4230.0,9.64
2024-05-13 06:00:00+00:00,USGS-09092570,8.4,12.05,591.0,22.75,8.1,4230.0,9.64
2024-05-13 07:00:00+00:00,USGS-09092570,8.4,12.0,591.0,22.7,8.1,4230.0,9.64
2024-05-13 08:00:00+00:00,USGS-09092570,8.4,11.8,592.0,22.0,8.0,4230.0,9.64
2024-05-13 09:00:00+00:00,USGS-09092570,8.4,11.45,592.0,22.35,8.0,4210.0,9.63
2024-05-13 10:00:00+00:00,USGS-09092570,8.5,11.05,591.5,22.0,8.0,4210.0,9.63
2024-05-13 11:00:00+00:00,USGS-09092570,8.6,10.7,590.0,21.299999999999997,8.0,4210.0,9.63
2024-05-13 12:00:00+00:00,USGS-09092570,8.649999999999999,10.4,590.0,21.1,8.0,4210.0,9.63
2024-05-13 13:00:00+00:00,USGS-09092570,8.7,10.3,588.5,21.0,8.0,4210.0,9.63
2024-05-13 14:00:00+00:00,USGS-09092570,8.8,10.3,584.5,20.1,8.0,4210.0,9.63
2024-05-13 15:00:00+00:00,USGS-09092570,8.9,10.5,584.0,19.35,8.0,4210.0,9.63
2024-05-13 16:00:00+00:00,USGS-09092570,8.9,10.850000000000001,583.0,19.8,8.0,4220.0,9.635000000000002
2024-05-13 17:00:00+00:00,USGS-09092570,9.0,11.5,582.0,21.0,8.1,4230.0,9.64
2024-05-13 18:00:00+00:00,USGS-09092570,9.0,11.95,584.0,19.85,8.1,4230.0,9.64
2024-05-13 19:00:00+00:00,USGS-09092570,9.0,12.350000000000001,585.0,20.0,8.1,4230.0,9.64
2024-05-13 20:00:00+00:00,USGS-09092570,9.0,12.850000000000001,585.0,19.35,8.2,4240.0,9.645
2024-05-13 21:00:00+00:00,USGS-09092570,8.9,13.149999999999999,585.0,20.3,8.2,4250.0,9.65
2024-05-13 22:00:00+00:00,USGS-09092570,8.8,13.8,586.0,20.15,8.2,4270.0,9.66
2024-05-13 23:00:00+00:00,USGS-09092570,8.75,13.8,586.0,19.6,8.2,4270.0,9.66
2024-05-14 00:00:00+00:00,USGS-09092570,8.6,13.9,585.0,19.9,8.2,4290.0,9.67
2024-05-14 01:00:00+00:00,USGS-09092570,8.5,13.8,585.0,20.25,8.2,4320.0,9.68
2024-05-14 02:00:00+00:00,USGS-09092570,8.4,13.55,585.0,20.200000000000003,8.2,4320.0,9.68
2024-05-14 03:00:00+00:00,USGS-09092570,8.4,13.3,585.0,21.0,8.1,4340.0,9.69
2024-05-14 04:00:00+00:00,USGS-09092570,8.3,13.05,586.0,20.8,8.1,4340.0,9.69
2024-05-14 05:00:00+00:00,USGS-09092570,8.3,12.75,587.0,20.3,8.1,4340.0,9.69
2024-05-14 06:00:00+00:00,USGS-09092570,8.3,12.4,586.0,20.799999999999997,8.1,4320.0,9.68
2024-05-14 07:00:00+00:00,USGS-09092570,8.3,12.2,584.0,20.75,8.0,4320.0,9.68
2024-05-14 08:00:00+00:00,USGS-09092570,8.3,12.1,582.0,21.799999999999997,8.0,4320.0,9.68
2024-05-14 09:00:00+00:00,USGS-09092570,8.3,12.0,580.0,24.35,8.0,4320.0,9.68
2024-05-14 10:00:00+00:00,USGS-09092570,8.3,12.0,578.0,23.6,8.0,4320.0,9.68
2024-05-14 11:00:00+00:00,USGS-09092570,8.3,11.9,577.0,23.6,8.0,4320.0,9.68
2024-05-14 12:00:00+00:00,USGS-09092570,8.3,11.8,577.0,22.799999999999997,8.0,4330.0,9.684999999999999
2024-05-14 13:00:00+00:00,USGS-09092570,8.4,11.8,576.5,21.9,8.0,4350.0,9.695
2024-05-14 14:00:00+00:00,USGS-09092570,8.45,11.8,577.5,22.6,8.0,4360.0,9.7
2024-05-14 15:00:00+00:00,USGS-09092570,8.55,11.95,578.5,22.15,8.0,4400.0,9.72
2024-05-14 16:00:00+00:00,USGS-09092570,8.6,12.350000000000001,578.0,21.5,8.0,4420.0,9.73
2024-05-14 17:00:00+00:00,USGS-09092570,8.7,12.850000000000001,578.0,21.6,8.1,4460.0,9.745000000000001
2024-05-14 18:00:00+00:00,USGS-09092570,8.7,13.45,578.0,22.2,8.1,4490.0,9.76
2024-05-14 19:00:00+00:00,USGS-09092570,8.649999999999999,13.850000000000001,578.0,23.55,8.1,4510.0,9.77
2024-05-14 20:00:00+00:00,USGS-09092570,8.55,14.0,575.0,22.7,8.2,4530.0,9.78
2024-05-14 21:00:00+00:00,USGS-09092570,8.5,14.3,572.5,23.6,8.2,4580.0,9.8
2024-05-14 22:00:00+00:00,USGS-09092570,8.4,14.3,569.0,22.9,8.2,4630.0,9.825
2024-05-14 23:00:00+00:00,USGS-09092570,8.350000000000001,14.3,566.5,23.1,8.2,4680.0,9.844999999999999
2024-05-15 00:00:00+00:00,USGS-09092570,8.3,14.25,563.0,23.1,8.2,4745.0,9.875
2024-05-15 01:00:00+00:00,USGS-09092570,8.3,14.0,560.5,23.4,8.1,4780.0,9.89
2024-05-15 02:00:00+00:00,USGS-09092570,8.2,13.75,556.5,23.5,8.1,4820.0,9.91
2024-05-15 03:00:00+00:00,USGS-09092570,8.2,13.45,553.5,24.1,8.1,4870.0,9.93
2024-05-15 04:00:00+00:00,USGS-09092570,8.2,13.149999999999999,551.5,24.799999999999997,8.1,4910.0,9.95
2024-05-15 05:00:00+00:00,USGS-09092570,8.2,13.0,548.5,24.45,8.0,4925.0,9.955
2024-05-15 06:00:00+00:00,USGS-09092570,8.2,12.850000000000001,544.5,25.799999999999997,8.0,4940.0,9.96
2024-05-15 07:00:00+00:00,USGS-09092570,8.2,12.7,541.5,26.9,8.0,4960.0,9.97
2024-05-15 08:00:00+00:00,USGS-09092570,8.2,12.5,538.5,27.05,8.0,4980.0,9.98
2024-05-15 09:00:00+00:00,USGS-09092570,8.3,12.3,535.0,28.2,8.0,4980.0,9.98
2024-05-15 10:00:00+00:00,USGS-09092570,8.3,12.1,530.5,28.700000000000003,8.0,5000.0,9.99
2024-05-15 11:00:00+00:00,USGS-09092570,8.3,11.9,526.5,27.9,8.0,5030.0,10.0
2024-05-15 12:00:00+00:00,USGS-09092570,8.4,11.7,523.5,27.450000000000003,8.0,5060.0,10.015
2024-05-15 13:00:00+00:00,USGS-09092570,8.4,11.6,522.0,27.5,8.0,5100.0,10.03
2024-05-15 14:00:00+00:00,USGS-09092570,8.45,11.7,521.0,28.1,8.0,5130.0,10.045
2024-05-15 15:00:00+00:00,USGS-09092570,8.5,11.9,527.0,27.25,8.0,5160.0,10.06
2024-05-15 16:00:00+00:00,USGS-09092570,8.6,12.25,546.0,28.3,8.0,5210.0,10.08
2024-05-15 17:00:00+00:00,USGS-09092570,8.6,12.75,545.5,28.9,8.0,5260.0,10.1
2024-05-15 18:00:00+00:00,USGS-09092570,8.6,13.25,517.0,29.2,8.0,5300.0,10.12
2024-05-15 19:00:00+00:00,USGS-09092570,8.6,13.649999999999999,501.0,29.700000000000003,8.1,5350.0,10.14
2024-05-15 20:00:00+00:00,USGS-09092570,8.6,14.149999999999999,498.5,29.4,8.1,5410.0,10.165
2024-05-15 21:00:00+00:00,USGS-09092570,8.55,14.4,503.5,31.4,8.1,5470.0,10.19
2024-05-15 22:00:00+00:00,USGS-09092570,8.5,14.850000000000001,503.5,30.9,8.1,5510.0,10.21
2024-05-15 23:00:00+00:00,USGS-09092570,8.4,14.9,500.5,32.3,8.1,5560.0,10.23
2024-05-16 00:00:00+00:00,USGS-09092570,8.3,14.9,495.5,32.3,8.1,5610.0,10.25
2024-05-16 01:00:00+00:00,USGS-09092570,8.2,14.8,492.5,34.5,8.1,5640.0,10.265
2024-05-16 02:00:00+00:00,USGS-09092570,8.2,14.5,490.5,35.3,8.1,5680.0,10.28
2024-05-16 03:00:00+00:00,USGS-09092570,8.1,14.2,486.5,37.6,8.1,5700.0,10.29
2024-05-16 04:00:00+00:00,USGS-09092570,8.1,13.95,482.5,37.5,8.0,5730.0,10.3
2024-05-16 05:00:00+00:00,USGS-09092570,8.1,13.649999999999999,480.0,37.2,8.0,5740.0,10.305
2024-05-16 06:00:00+00:00,USGS-09092570,8.1,13.350000000000001,477.5,36.900000000000006,8.0,5760.0,10.315000000000001
2024-05-16 07:00:00+00:00,USGS-09092570,8.1,13.05,475.0,37.9,8.0,5800.0,10.33
2024-05-16 08:00:00+00:00,USGS-09092570,8.2,12.850000000000001,476.0,35.9,8.0,5800.0,10.33
2024-05-16 09:00:00+00:00,USGS-09092570,8.2,12.6,474.5,36.2,8.0,5820.0,10.34
2024-05-16 10:00:00+00:00,USGS-09092570,8.2,12.4,470.5,36.349999999999994,8.0,5870.0,10.36
2024-05-16 11:00:00+00:00,USGS-09092570,8.2,12.25,468.0,36.9,7.9,5920.0,10.38
2024-05-16 12:00:00+00:00,USGS-09092570,8.3,12.05,466.5,37.3,7.9,5980.0,10.405000000000001
2024-05-16 13:00:00+00:00,USGS-09092570,8.3,12.0,464.5,39.25,7.9,6000.0,10.415
2024-05-16 14:00:00+00:00,USGS-09092570,8.3,12.05,462.5,40.099999999999994,7.9,6050.0,10.434999999999999
2024-05-16 15:00:00+00:00,USGS-09092570,8.4,12.25,461.0,42.7,7.9,6090.0,10.45
2024-05-16 16:00:00+00:00,USGS-09092570,8.4,12.55,460.0,43.35,7.9,6110.0,10.46
2024-05-16 17:00:00+00:00,USGS-09092570,8.4,12.95,459.5,45.5,7.9,6160.0,10.48
2024-05-16 18:00:00+00:00,USGS-09092570,8.4,13.350000000000001,455.5,46.85,8.0,6180.0,10.49
2024-05-16 19:00:00+00:00,USGS-09092570,8.4,13.75,453.0,48.1,8.0,6230.0,10.51
2024-05-16 20:00:00+00:00,USGS-09092570,8.350000000000001,14.149999999999999,455.0,50.75,8.0,6260.0,10.52
2024-05-16 21:00:00+00:00,USGS-09092570,8.3,14.45,453.5,52.05,8.0,6310.0,10.54
2024-05-16 22:00:00+00:00,USGS-09092570,8.2,14.75,448.5,52.55,8.0,6330.0,10.55
2024-05-16 23:00:00+00:00,USGS-09092570,8.2,14.8,444.5,52.45,8.0,6380.0,10.57
2024-05-17 00:00:00+00:00,USGS-09092570,8.149999999999999,14.8,441.5,52.75,8.0,6465.0,10.605
2024-05-17 01:00:00+00:00,USGS-09092570,8.1,14.649999999999999,440.0,52.45,8.0,6450.0,10.6
2024-05-17 02:00:00+00:00,USGS-09092570,8.1,14.350000000000001,441.0,51.650000000000006,8.0,6480.0,10.61
2024-05-17 03:00:00+00:00,USGS-09092570,8.1,14.05,442.0,52.5,8.0,6480.0,10.61
2024-05-17 04:00:00+00:00,USGS-09092570,8.1,13.75,441.5,52.8,8.0,6500.0,10.62
2024-05-17 05:00:00+00:00,USGS-09092570,8.1,13.45,438.0,53.05,7.95,6530.0,10.63
2024-05-17 06:00:00+00:00,USGS-09092570,8.1,13.149999999999999,437.0,51.75,7.9,6540.0,10.635000000000002
2024-05-17 07:00:00+00:00,USGS-09092570,8.1,12.9,435.5,50.599999999999994,7.9,6565.0,10.645
2024-05-17 08:00:00+00:00,USGS-09092570,8.2,12.7,433.0,49.85,7.9,6600.0,10.66
2024-05-17 09:00:00+00:00,USGS-09092570,8.2,12.45,432.0,50.85,7.9,6630.0,10.67
2024-05-17 10:00:00+00:00,USGS-09092570,8.2,12.2,430.5,50.8,7.9,6680.0,10.69
2024-05-17 11:00:00+00:00,USGS-09092570,8.3,11.95,428.0,51.650000000000006,7.9,6750.0,10.72
2024-05-17 12:00:00+00:00,USGS-09092570,8.3,11.75,424.5,53.7,7.9,6800.0,10.74
2024-05-17 13:00:00+00:00,USGS-09092570,8.4,11.6,420.5,55.7,7.9,6850.0,10.76
2024-05-17 14:00:00+00:00,USGS-09092570,8.4,11.7,417.0,55.3,7.9,6910.0,10.78
2024-05-17 15:00:00+00:00,USGS-09092570,8.4,11.9,414.5,56.75,7.9,6960.0,10.8
2024-05-17 16:00:00+00:00,USGS-09092570,8.4,12.149999999999999,411.5,56.349999999999994,7.9,6980.0,10.81
2024-05-17 17:00:00+00:00,USGS-09092570,8.4,12.55,408.5,56.7,7.9,7020.0,10.825
2024-05-17 18:00:00+00:00,USGS-09092570,8.4,12.95,407.0,58.25,7.9,7070.0,10.844999999999999
2024-05-17 19:00:00+00:00,USGS-09092570,8.350000000000001,13.350000000000001,405.5,59.5,7.9,7130.0,10.87
2024-05-17 20:00:00+00:00,USGS-09092570,8.3,13.850000000000001,403.5,59.8,7.9,7190.0,10.89
2024-05-17 21:00:00+00:00,USGS-09092570,8.2,14.2,402.5,61.6,7.9,7240.0,10.91
2024-05-17 22:00:00+00:00,USGS-09092570,8.2,14.4,401.0,63.9,7.9,7300.0,10.934999999999999
2024-05-17 23:00:00+00:00,USGS-09092570,8.1,14.4,398.5,66.0,7.9,7340.0,10.95
2024-05-18 00:00:00+00:00,USGS-09092570,8.1,14.05,396.5,69.45,7.9,7340.0,10.95
2024-05-18 01:00:00+00:00,USGS-09092570,8.0,13.75,397.0,74.55,7.85,7340.0,10.95
2024-05-18 02:00:00+00:00,USGS-09092570,8.1,13.45,397.0,68.65,7.9,7340.0,10.95
2024-05-18 03:00:00+00:00,USGS-09092570,8.1,13.2,395.0,64.95,7.9,7370.0,10.96
2024-05-18 04:00:00+00:00,USGS-09092570,8.2,12.95,394.0,62.6,7.9,7355.0,10.955
2024-05-18 05:00:00+00:00,USGS-09092570,8.2,12.75,393.5,59.849999999999994,7.9,7370.0,10.96
2024-05-18 06:00:00+00:00,USGS-09092570,8.2,12.6,393.0,58.05,7.9,7340.0,10.95
2024-05-18 07:00:00+00:00,USGS-09092570,8.2,12.4,392.5,57.55,7.9,7340.0,10.95
2024-05-18 08:00:00+00:00,USGS-09092570,8.2,12.3,387.0,57.9,7.9,7370.0,10.96
2024-05-18 09:00:00+00:00,USGS-09092570,8.25,12.2,387.0,56.95,7.9,7390.0,10.97
2024-05-18 10:00:00+00:00,USGS-09092570,8.3,12.1,385.5,57.150000000000006,7.9,7430.0,10.985
2024-05-18 11:00:00+00:00,USGS-09092570,8.3,12.05,386.0,58.2,7.9,7485.0,11.004999999999999
2024-05-18 12:00:00+00:00,USGS-09092570,8.3,11.95,388.0,59.5,7.9,7550.0,11.03
2024-05-18 13:00:00+00:00,USGS-09092570,8.3,11.9,389.0,59.7,7.9,7570.0,11.04
2024-05-18 14:00:00+00:00,USGS-09092570,8.4,11.9,399.5,60.45,7.9,7650.0,11.07
2024-05-18 15:00:00+00:00,USGS-09092570,8.4,11.95,380.5,61.2,7.9,7690.0,11.085
2024-05-18 16:00:00+00:00,USGS-09092570,8.4,12.149999999999999,371.5,62.55,7.9,7755.0,11.11
2024-05-18 17:00:00+00:00,USGS-09092570,8.4,12.45,373.5,65.25,7.9,7840.0,11.14
2024-05-18 18:00:00+00:00,USGS-09092570,8.4,12.850000000000001,377.0,68.7,7.9,7875.0,11.155000000000001
2024-05-18 19:00:00+00:00,USGS-09092570,8.4,13.149999999999999,377.0,70.7,7.9,7970.0,11.19
2024-05-18 20:00:00+00:00,USGS-09092570,8.3,13.4,377.0,76.7,7.9,8020.0,11.21
2024-05-18 21:00:00+00:00,USGS-09092570,8.3,13.7,374.5,79.75,7.9,8065.0,11.225000000000001
2024-05-18 22:00:00+00:00,USGS-09092570,8.25,13.9,370.5,82.9,7.9,8115.0,11.245000000000001
2024-05-18 23:00:00+00:00,USGS-09092570,8.2,14.0,368.0,82.4,7.9,8130.0,11.25
2024-05-19 00:00:00+00:00,USGS-09092570,8.2,14.05,367.5,80.19999999999999,7.9,8180.0,11.27
2024-05-19 01:00:00+00:00,USGS-09092570,8.2,13.75,366.0,77.3,7.9,8180.0,11.27
2024-05-19 02:00:00+00:00,USGS-09092570,8.2,13.45,365.0,73.95,7.9,8180.0,11.27
2024-05-19 03:00:00+00:00,USGS-09092570,8.2,13.25,363.0,71.1,7.9,8180.0,11.27
2024-05-19 04:00:00+00:00,USGS-09092570,8.2,12.95,363.0,69.35,7.9,8180.0,11.27
2024-05-19 05:00:00+00:00,USGS-09092570,8.3,12.649999999999999,363.0,69.6,7.9,8210.0,11.28
2024-05-19 06:00:00+00:00,USGS-09092570,8.3,12.350000000000001,362.0,68.7,7.9,8210.0,11.28
2024-05-19 07:00:00+00:00,USGS-09092570,8.3,12.2,361.0,67.3,7.9,8210.0,11.28
2024-05-19 08:00:00+00:00,USGS-09092570,8.3,12.1,359.5,66.1,7.9,8225.0,11.285
2024-05-19 09:00:00+00:00,USGS-09092570,8.4,12.0,358.5,66.6,7.9,8260.0,11.3
2024-05-19 10:00:00+00:00,USGS-09092570,8.4,11.8,358.0,65.4,7.9,8260.0,11.3
2024-05-19 11:00:00+00:00,USGS-09092570,8.4,11.7,358.0,64.5,7.9,8305.0,11.315000000000001
2024-05-19 12:00:00+00:00,USGS-09092570,8.4,11.55,356.5,63.8,7.9,8340.0,11.33
2024-05-19 13:00:00+00:00,USGS-09092570,8.4,11.5,355.5,63.9,7.9,8400.0,11.35
2024-05-19 14:00:00+00:00,USGS-09092570,8.5,11.5,355.0,63.75,7.9,8450.0,11.37
2024-05-19 15:00:00+00:00,USGS-09092570,8.5,11.6,355.0,63.599999999999994,7.9,8510.0,11.39
2024-05-19 16:00:00+00:00,USGS-09092570,8.5,11.850000000000001,354.0,64.35,7.9,8560.0,11.41
2024-05-19 17:00:00+00:00,USGS-09092570,8.5,12.149999999999999,353.0,64.05,7.9,8655.0,11.445
2024-05-19 18:00:00+00:00,USGS-09092570,8.5,12.55,353.0,65.0,7.9,8735.0,11.475000000000001
2024-05-19 19:00:00+00:00,USGS-09092570,8.4,12.95,351.5,66.05,7.9,8765.0,11.485
2024-05-19 20:00:00+00:00,USGS-09092570,8.4,13.25,350.0,69.55,7.9,8810.0,11.5
2024-05-19 21:00:00+00:00,USGS-09092570,8.3,13.45,348.5,68.05000000000001,7.9,8845.0,11.515
2024-05-19 22:00:00+00:00,USGS-09092570,8.3,13.5,347.0,69.25,7.9,8890.0,11.53
2024-05-19 23:00:00+00:00,USGS-09092570,8.3,13.5,346.0,71.0,7.9,8890.0,11.53
2024-05-20 00:00:00+00:00,USGS-09092570,8.3,13.350000000000001,344.5,70.65,7.9,8920.0,11.54
2024-05-20 01:00:00+00:00,USGS-09092570,8.3,13.149999999999999,344.5,69.35,7.9,8930.0,11.545
2024-05-20 02:00:00+00:00,USGS-09092570,8.3,12.9,345.0,67.75,7.9,8940.0,11.55
2024-05-20 03:00:00+00:00,USGS-09092570,8.3,12.7,345.0,67.9,7.9,8970.0,11.56
2024-05-20 04:00:00+00:00,USGS-09092570,8.3,12.6,344.5,68.4,7.9,9000.0,11.57
2024-05-20 05:00:00+00:00,USGS-09092570,8.3,12.4,343.0,68.5,7.9,9030.0,11.58
2024-05-20 06:00:00+00:00,USGS-09092570,8.3,12.149999999999999,341.5,67.9,7.9,9040.0,11.585
2024-05-20 07:00:00+00:00,USGS-09092570,8.4,11.9,340.0,66.6,7.9,9080.0,11.6
2024-05-20 08:00:00+00:00,USGS-09092570,8.4,11.75,339.0,65.3,7.9,9095.0,11.605
2024-05-20 09:00:00+00:00,USGS-09092570,8.4,11.6,338.0,65.3,7.9,9125.0,11.614999999999998
2024-05-20 10:00:00+00:00,USGS-09092570,8.4,11.5,337.0,64.75,7.9,9170.0,11.63
2024-05-20 11:00:00+00:00,USGS-09092570,8.4,11.4,336.5,65.6,7.9,9190.0,11.64
2024-05-20 12:00:00+00:00,USGS-09092570,8.5,11.3,336.0,65.5,7.9,9235.0,11.655000000000001
2024-05-20 13:00:00+00:00,USGS-09092570,8.5,11.149999999999999,335.0,66.4,7.9,9280.0,11.67
2024-05-20 14:00:00+00:00,USGS-09092570,8.5,11.1,334.0,65.95,7.9,9300.0,11.68
2024-05-20 15:00:00+00:00,USGS-09092570,8.6,11.2,333.0,64.6,7.9,9375.0,11.705
2024-05-20 16:00:00+00:00,USGS-09092570,8.6,11.4,332.0,65.05000000000001,7.9,9430.0,11.725000000000001
2024-05-20 17:00:00+00:00,USGS-09092570,8.6,11.5,331.0,64.7,7.9,9500.0,11.75
2024-05-20 18:00:00+00:00,USGS-09092570,8.6,11.649999999999999,330.0,66.7,7.9,9530.0,11.76
2024-05-20 19:00:00+00:00,USGS-09092570,8.6,11.850000000000001,330.0,67.5,7.9,9560.0,11.77
2024-05-20 20:00:00+00:00,USGS-09092570,8.5,12.2,329.0,68.1,7.9,9610.0,11.79
2024-05-20 21:00:00+00:00,USGS-09092570,8.5,12.3,329.0,68.80000000000001,7.9,9655.0,11.805
2024-05-20 22:00:00+00:00,USGS-09092570,8.5,12.4,327.5,68.8,7.9,9760.0,11.84
2024-05-20 23:00:00+00:00,USGS-09092570,8.5,12.25,327.0,68.94999999999999,7.9,9685.0,11.815000000000001
2024-05-21 00:00:00+00:00,USGS-09092570,8.5,12.05,327.0,66.2,7.9,9625.0,11.795
2024-05-21 01:00:00+00:00,USGS-09092570,8.5,11.9,325.5,64.6,7.9,9575.0,11.774999999999999
2024-05-21 02:00:00+00:00,USGS-09092570,8.5,11.9,324.5,64.19999999999999,7.9,9560.0,11.77
2024-05-21 03:00:00+00:00,USGS-09092570,8.5,11.7,328.0,63.15,7.9,9530.0,11.76
2024-05-21 04:00:00+00:00,USGS-09092570,8.5,11.5,329.0,61.95,7.9,9500.0,11.75
2024-05-21 05:00:00+00:00,USGS-09092570,8.5,11.350000000000001,329.0,60.45,7.9,9470.0,11.74
2024-05-21 06:00:00+00:00,USGS-09092570,8.5,11.25,328.5,58.7,7.9,9470.0,11.74
2024-05-21 07:00:00+00:00,USGS-09092570,8.5,11.2,327.5,57.3,7.9,9500.0,11.75
2024-05-21 08:00:00+00:00,USGS-09092570,8.5,11.1,327.0,56.349999999999994,7.9,9515.0,11.754999999999999
2024-05-21 09:00:00+00:00,USGS-09092570,8.6,11.0,328.0,55.85,7.9,9560.0,11.77
2024-05-21 10:00:00+00:00,USGS-09092570,8.6,10.9,328.0,55.9,7.9,9560.0,11.77
2024-05-21 11:00:00+00:00,USGS-09092570,8.6,10.8,328.0,55.0,7.9,9560.0,11.77
2024-05-21 12:00:00+00:00,USGS-09092570,8.6,10.8,328.0,53.95,7.9,9590.0,11.78
2024-05-21 13:00:00+00:00,USGS-09092570,8.6,10.7,328.0,55.150000000000006,7.9,9640.0,11.8
2024-05-21 14:00:00+00:00,USGS-09092570,8.649999999999999,10.649999999999999,327.5,55.1,7.9,9700.0,11.82
2024-05-21 15:00:00+00:00,USGS-09092570,8.7,10.55,327.0,53.65,7.9,9730.0,11.83
2024-05-21 16:00:00+00:00,USGS-09092570,8.7,10.5,327.0,56.3,7.9,9770.0,11.844999999999999
2024-05-21 17:00:00+00:00,USGS-09092570,8.7,10.5,327.0,57.3,7.9,9780.0,11.85
2024-05-21 18:00:00+00:00,USGS-09092570,8.8,10.6,327.0,61.75,7.9,9915.0,11.895
2024-05-21 19:00:00+00:00,USGS-09092570,8.8,10.75,326.5,63.3,7.9,9950.0,11.91
2024-05-21 20:00:00+00:00,USGS-09092570,8.8,10.95,326.0,62.5,7.9,9990.0,11.925
2024-05-21 21:00:00+00:00,USGS-09092570,8.8,10.850000000000001,326.5,61.75,7.9,10000.0,11.94
2024-05-21 22:00:00+00:00,USGS-09092570,8.8,10.7,333.5,63.3,7.9,10100.0,11.955
2024-05-21 23:00:00+00:00,USGS-09092570,8.8,10.6,324.0,62.2,7.9,10100.0,11.955
2024-05-22 00:00:00+00:00,USGS-09092570,8.8,10.6,323.5,60.7,7.9,10100.0,11.955
2024-05-22 01:00:00+00:00,USGS-09092570,8.850000000000001,10.45,323.5,62.65,7.9,10100.0,11.96
2024-05-22 02:00:00+00:00,USGS-09092570,8.9,10.149999999999999,323.0,58.5,7.9,10000.0,11.94
2024-05-22 03:00:00+00:00,USGS-09092570,8.9,10.0,322.0,58.3,7.9,10000.0,11.94
2024-05-22 04:00:00+00:00,USGS-09092570,8.9,9.9,321.0,59.9,7.9,10000.0,11.93
2024-05-22 05:00:00+00:00,USGS-09092570,9.0,9.7,321.0,55.6,7.9,9965.0,11.915
2024-05-22 06:00:00+00:00,USGS-09092570,9.0,9.5,322.0,57.2,7.9,9930.0,11.9
2024-05-22 07:00:00+00:00,USGS-09092570,9.0,9.3,322.0,58.5,7.9,9870.0,11.88
2024-05-22 08:00:00+00:00,USGS-09092570,9.1,9.05,322.0,61.75,7.9,9810.0,11.86
2024-05-22 09:00:00+00:00,USGS-09092570,9.1,8.8,323.0,59.7,7.9,9730.0,11.83
2024-05-22 10:00:00+00:00,USGS-09092570,9.2,8.649999999999999,324.0,55.55,7.9,9670.0,11.81
2024-05-22 11:00:00+00:00,USGS-09092570,9.2,8.5,325.0,52.1,7.9,9610.0,11.79
2024-05-22 12:00:00+00:00,USGS-09092570,9.2,8.3,326.0,49.349999999999994,7.85,9560.0,11.77
2024-05-22 13:00:00+00:00,USGS-09092570,9.3,8.3,327.0,47.65,7.8,9500.0,11.75
2024-05-22 14:00:00+00:00,USGS-09092570,9.3,8.3,328.0,46.099999999999994,7.8,9440.0,11.73
2024-05-22 15:00:00+00:00,USGS-09092570,9.3,8.4,330.0,45.25,7.9,9420.0,11.72
2024-05-22 16:00:00+00:00,USGS-09092570,9.3,8.6,331.0,43.1,7.9,9330.0,11.69
2024-05-22 17:00:00+00:00,USGS-09092570,9.3,8.95,333.0,42.7,7.9,9315.0,11.684999999999999
2024-05-22 18:00:00+00:00,USGS-09092570,9.3,9.25,335.0,41.85,7.9,9250.0,11.66
2024-05-22 19:00:00+00:00,USGS-09092570,9.3,9.55,337.0,40.8,7.9,9220.0,11.65
2024-05-22 20:00:00+00:00,USGS-09092570,9.2,10.05,338.0,39.3,7.9,9190.0,11.64
2024-05-22 21:00:00+00:00,USGS-09092570,9.2,10.3,339.5,39.25,7.9,9170.0,11.63
2024-05-22 22:00:00+00:00,USGS-09092570,9.1,10.55,341.0,38.2,7.9,9110.0,11.61
2024-05-22 23:00:00+00:00,USGS-09092570,9.1,10.7,341.0,37.5,7.9,9050.0,11.59
2024-05-23 00:00:00+00:00,USGS-09092570,9.0,10.75,342.0,36.5,7.9,9000.0,11.57
2024-05-23 01:00:00+00:00,USGS-09092570,9.0,10.649999999999999,343.0,36.35,8.0,8940.0,11.55
2024-05-23 02:00:00+00:00,USGS-09092570,9.0,10.5,344.0,35.95,8.0,8875.0,11.524999999999999
2024-05-23 03:00:00+00:00,USGS-09092570,9.0,10.25,344.0,35.400000000000006,7.9,8820.0,11.504999999999999
2024-05-23 04:00:00+00:00,USGS-09092570,9.0,10.05,345.5,34.349999999999994,7.9,8795.0,11.495000000000001
2024-05-23 05:00:00+00:00,USGS-09092570,9.0,9.8,347.5,33.4,7.9,8720.0,11.47
2024-05-23 06:00:00+00:00,USGS-09092570,9.0,9.6,350.5,33.45,7.9,8700.0,11.46
2024-05-23 07:00:00+00:00,USGS-09092570,9.0,9.45,353.0,33.3,7.9,8685.0,11.455
2024-05-23 08:00:00+00:00,USGS-09092570,9.0,9.350000000000001,354.0,32.2,7.9,8655.0,11.445
2024-05-23 09:00:00+00:00,USGS-09092570,9.0,9.2,355.5,32.9,7.9,8610.0,11.43
2024-05-23 10:00:00+00:00,USGS-09092570,9.0,9.1,357.0,32.3,7.9,8590.0,11.42
2024-05-23 11:00:00+00:00,USGS-09092570,9.0,9.0,358.5,32.15,7.9,8560.0,11.41
2024-05-23 12:00:00+00:00,USGS-09092570,9.0,9.0,359.0,32.2,7.9,8545.0,11.405000000000001
2024-05-23 13:00:00+00:00,USGS-09092570,9.0,9.0,359.5,31.3,7.9,8520.0,11.395
2024-05-23 14:00:00+00:00,USGS-09092570,9.0,9.149999999999999,361.0,31.1,7.9,8510.0,11.39
2024-05-23 15:00:00+00:00,USGS-09092570,9.0,9.45,362.0,30.95,7.9,8495.0,11.385000000000002
2024-05-23 16:00:00+00:00,USGS-09092570,9.0,9.7,362.0,30.700000000000003,7.9,8510.0,11.39
2024-05-23 17:00:00+00:00,USGS-09092570,9.0,9.95,364.5,30.6,7.9,8480.0,11.38
2024-05-23 18:00:00+00:00,USGS-09092570,9.0,10.149999999999999,365.0,30.2,7.9,8510.0,11.39
2024-05-23 19:00:00+00:00,USGS-09092570,9.0,10.4,365.0,30.15,7.9,8465.0,11.375
2024-05-23 20:00:00+00:00,USGS-09092570,8.9,10.5,365.5,30.450000000000003,8.0,8450.0,11.37
2024-05-23 21:00:00+00:00,USGS-09092570,8.9,10.45,366.0,29.4,8.0,8420.0,11.36
2024-05-23 22:00:00+00:00,USGS-09092570,8.9,10.4,365.5,30.2,8.0,8400.0,11.35
2024-05-23 23:00:00+00:00,USGS-09092570,8.95,10.4,366.0,29.55,8.0,8370.0,11.34
2024-05-24 00:00:00+00:00,USGS-09092570,9.0,10.2,366.5,28.7,8.0,8340.0,11.33
2024-05-24 01:00:00+00:00,USGS-09092570,9.0,10.0,369.5,29.5,8.0,8290.0,11.31
2024-05-24 02:00:00+00:00,USGS-09092570,9.0,9.8,371.0,27.200000000000003,8.0,8240.0,11.29
2024-05-24 03:00:00+00:00,USGS-09092570,9.0,9.55,371.0,28.4,8.0,8195.0,11.274999999999999
2024-05-24 04:00:00+00:00,USGS-09092570,9.05,9.3,372.0,27.6,8.0,8160.0,11.26
2024-05-24 05:00:00+00:00,USGS-09092570,9.1,9.1,374.5,27.549999999999997,7.9,8115.0,11.245000000000001
2024-05-24 06:00:00+00:00,USGS-09092570,9.1,9.0,376.0,27.4,7.9,8080.0,11.23
2024-05-24 07:00:00+00:00,USGS-09092570,9.1,8.9,379.5,26.700000000000003,7.9,8050.0,11.22
2024-05-24 08:00:00+00:00,USGS-09092570,9.1,8.9,382.5,27.4,7.9,8000.0,11.2
2024-05-24 09:00:00+00:00,USGS-09092570,9.1,8.8,385.5,27.5,7.9,7955.0,11.184999999999999
2024-05-24 10:00:00+00:00,USGS-09092570,9.1,8.8,388.5,26.8,7.9,7890.0,11.16
2024-05-24 11:00:00+00:00,USGS-09092570,9.1,8.8,391.0,26.0,7.9,7850.0,11.145
2024-05-24 12:00:00+00:00,USGS-09092570,9.1,8.8,392.0,26.75,7.9,7825.0,11.135000000000002
2024-05-24 13:00:00+00:00,USGS-09092570,9.1,8.8,393.0,26.0,7.9,7780.0,11.12
2024-05-24 14:00:00+00:00,USGS-09092570,9.1,8.95,395.0,25.549999999999997,7.9,7730.0,11.1
2024-05-24 15:00:00+00:00,USGS-09092570,9.1,9.25,397.5,27.0,7.9,7730.0,11.1
2024-05-24 16:00:00+00:00,USGS-09092570,9.1,9.649999999999999,400.0,25.15,7.9,7760.0,11.11
2024-05-24 17:00:00+00:00,USGS-09092570,9.1,10.05,402.0,25.05,8.0,7780.0,11.12
2024-05-24 18:00:00+00:00,USGS-09092570,9.1,10.5,403.0,24.9,8.0,7760.0,11.11
2024-05-24 19:00:00+00:00,USGS-09092570,9.1,10.95,407.0,24.25,8.0,7730.0,11.1
2024-05-24 20:00:00+00:00,USGS-09092570,9.0,11.2,407.0,25.299999999999997,8.0,7730.0,11.1
2024-05-24 21:00:00+00:00,USGS-09092570,9.0,11.2,407.5,23.55,8.0,7700.0,11.09
2024-05-24 22:00:00+00:00,USGS-09092570,9.0,11.3,408.5,24.7,8.0,7690.0,11.085
2024-05-24 23:00:00+00:00,USGS-09092570,8.9,11.350000000000001,408.0,23.5,8.0,7650.0,11.07
2024-05-25 00:00:00+00:00,USGS-09092570,8.9,11.2,406.5,23.05,8.0,7630.0,11.06
2024-05-25 01:00:00+00:00,USGS-09092570,8.9,10.9,409.0,23.7,8.0,7600.0,11.05
2024-05-25 02:00:00+00:00,USGS-09092570,8.9,10.7,410.0,24.0,8.0,7560.0,11.035
2024-05-25 03:00:00+00:00,USGS-09092570,8.850000000000001,10.649999999999999,411.5,24.9,8.0,7520.0,11.02
2024-05-25 04:00:00+00:00,USGS-09092570,8.8,10.5,413.0,22.7,8.0,7520.0,11.02
2024-05-25 05:00:00+00:00,USGS-09092570,8.8,10.4,415.5,22.6,8.0,7485.0,11.004999999999999
2024-05-25 06:00:00+00:00,USGS-09092570,8.8,10.3,417.0,25.7,8.0,7440.0,10.99
2024-05-25 07:00:00+00:00,USGS-09092570,8.8,10.149999999999999,418.0,23.65,8.0,7420.0,10.98
2024-05-25 08:00:00+00:00,USGS-09092570,8.8,10.0,418.0,23.7,8.0,7390.0,10.97
2024-05-25 09:00:00+00:00,USGS-09092570,8.8,9.9,,23.65,8.0,7370.0,10.96
2024-05-25 10:00:00+00:00,USGS-09092570,8.8,9.8,,22.4,7.9,7340.0,10.95
2024-05-25 11:00:00+00:00,USGS-09092570,8.8,9.8,,22.6,7.9,7325.0,10.945
2024-05-25 12:00:00+00:00,USGS-09092570,8.8,9.8,,23.25,7.9,7300.0,10.934999999999999
2024-05-25 13:00:00+00:00,USGS-09092570,8.8,9.8,420.0,22.0,7.9,7290.0,10.93
2024-05-25 14:00:00+00:00,USGS-09092570,8.8,9.9,420.0,22.1,7.9,7260.0,10.92
2024-05-25 15:00:00+00:00,USGS-09092570,8.8,10.149999999999999,430.5,22.8,7.9,7250.0,10.915
2024-05-25 16:00:00+00:00,USGS-09092570,8.8,10.45,428.5,22.35,7.95,7240.0,10.91
2024-05-25 17:00:00+00:00,USGS-09092570,8.8,10.75,416.5,22.05,8.0,7260.0,10.92
2024-05-25 18:00:00+00:00,USGS-09092570,8.9,11.1,414.0,22.1,8.0,7260.0,10.92
2024-05-25 19:00:00+00:00,USGS-09092570,8.9,11.45,417.5,20.4,8.0,7290.0,10.93
2024-05-25 20:00:00+00:00,USGS-09092570,8.8,11.850000000000001,421.5,20.5,8.0,7290.0,10.93
2024-05-25 21:00:00+00:00,USGS-09092570,8.8,12.0,427.5,20.4,8.1,7275.0,10.925
2024-05-25 22:00:00+00:00,USGS-09092570,8.8,11.95,428.0,21.3,8.1,7290.0,10.93
2024-05-25 23:00:00+00:00,USGS-09092570,8.8,11.649999999999999,426.0,20.3,8.1,7275.0,10.925
2024-05-26 00:00:00+00:00,USGS-09092570,8.75,11.55,424.0,18.799999999999997,8.05,7250.0,10.915
2024-05-26 01:00:00+00:00,USGS-09092570,8.7,11.350000000000001,423.0,21.25,8.0,7240.0,10.91
2024-05-26 02:00:00+00:00,USGS-09092570,8.7,11.1,422.0,20.3,8.0,7275.0,10.925
2024-05-26 03:00:00+00:00,USGS-09092570,8.7,10.9,423.0,21.55,8.0,7290.0,10.93
2024-05-26 04:00:00+00:00,USGS-09092570,8.7,10.8,423.0,20.1,8.0,7325.0,10.945
2024-05-26 05:00:00+00:00,USGS-09092570,8.7,10.649999999999999,423.0,19.6,8.0,7340.0,10.95
2024-05-26 06:00:00+00:00,USGS-09092570,8.8,10.5,422.0,20.200000000000003,8.0,7340.0,10.95
2024-05-26 07:00:00+00:00,USGS-09092570,8.8,10.4,422.5,21.9,8.0,7340.0,10.95
2024-05-26 08:00:00+00:00,USGS-09092570,8.8,10.4,423.0,22.1,8.0,7340.0,10.95
2024-05-26 09:00:00+00:00,USGS-09092570,8.8,10.2,424.0,22.9,7.9,7290.0,10.93
2024-05-26 10:00:00+00:00,USGS-09092570,8.8,10.1,424.0,23.4,7.9,7260.0,10.92
2024-05-26 11:00:00+00:00,USGS-09092570,8.8,10.0,424.0,22.1,7.9,7260.0,10.92
2024-05-26 12:00:00+00:00,USGS-09092570,8.8,10.0,423.0,23.3,7.9,7260.0,10.92
2024-05-26 13:00:00+00:00,USGS-09092570,8.8,9.95,424.5,21.9,7.9,7250.0,10.915
2024-05-26 14:00:00+00:00,USGS-09092570,8.9,10.05,426.0,21.4,7.9,7260.0,10.92
2024-05-26 15:00:00+00:00,USGS-09092570,8.9,10.25,427.5,21.9,7.9,7260.0,10.92
2024-05-26 16:00:00+00:00,USGS-09092570,8.95,10.55,429.0,22.200000000000003,8.0,7290.0,10.93
2024-05-26 17:00:00+00:00,USGS-09092570,9.0,10.95,429.5,21.65,8.0,7310.0,10.94
2024-05-26 18:00:00+00:00,USGS-09092570,9.0,11.45,431.0,21.9,8.0,7300.0,10.934999999999999
2024-05-26 19:00:00+00:00,USGS-09092570,8.9,11.850000000000001,432.0,21.700000000000003,8.0,7310.0,10.94
2024-05-26 20:00:00+00:00,USGS-09092570,8.9,12.149999999999999,430.5,21.1,8.0,7325.0,10.945
2024-05-26 21:00:00+00:00,USGS-09092570,8.9,12.649999999999999,429.0,20.45,8.1,7340.0,10.95
2024-05-26 22:00:00+00:00,USGS-09092570,8.8,12.9,429.0,20.8,8.1,7340.0,10.95
2024-05-26 23:00:00+00:00,USGS-09092570,8.8,12.8,427.0,21.5,8.1,7340.0,10.95
2024-05-27 00:00:00+00:00,USGS-09092570,8.7,12.8,428.0,19.9,8.1,7340.0,10.95
2024-05-27 01:00:00+00:00,USGS-09092570,8.7,12.8,429.0,20.0,8.1,7310.0,10.94
2024-05-27 02:00:00+00:00,USGS-09092570,8.6,12.7,429.0,19.75,8.1,7300.0,10.934999999999999
2024-05-27 03:00:00+00:00,USGS-09092570,8.6,12.350000000000001,429.0,20.4,8.1,7275.0,10.925
2024-05-27 04:00:00+00:00,USGS-09092570,8.6,12.05,428.0,20.5,8.0,7260.0,10.92
2024-05-27 05:00:00+00:00,USGS-09092570,8.6,11.75,429.0,20.0,8.0,7240.0,10.91
2024-05-27 06:00:00+00:00,USGS-09092570,8.6,11.350000000000001,430.0,21.4,8.0,7210.0,10.9
2024-05-27 07:00:00+00:00,USGS-09092570,8.7,11.05,431.0,21.9,8.0,7210.0,10.9
2024-05-27 08:00:00+00:00,USGS-09092570,8.7,10.9,432.0,21.9,8.0,7190.0,10.89
2024-05-27 09:00:00+00:00,USGS-09092570,8.7,10.8,432.0,21.95,8.0,7175.0,10.885000000000002
2024-05-27 10:00:00+00:00,USGS-09092570,8.7,10.7,431.0,20.8,7.95,7160.0,10.88
2024-05-27 11:00:00+00:00,USGS-09092570,8.7,10.5,431.5,21.7,7.9,7160.0,10.88
2024-05-27 12:00:00+00:00,USGS-09092570,8.8,10.4,432.0,20.9,7.9,7160.0,10.88
2024-05-27 13:00:00+00:00,USGS-09092570,8.8,10.4,433.0,20.35,7.9,7130.0,10.87
2024-05-27 14:00:00+00:00,USGS-09092570,8.8,10.5,433.5,21.3,7.9,7145.0,10.875
2024-05-27 15:00:00+00:00,USGS-09092570,8.8,10.75,433.0,20.3,7.9,7130.0,10.87
2024-05-27 16:00:00+00:00,USGS-09092570,8.9,11.05,433.0,21.1,8.0,7160.0,10.88
2024-05-27 17:00:00+00:00,USGS-09092570,8.9,11.4,433.0,19.450000000000003,8.0,7190.0,10.89
2024-05-27 18:00:00+00:00,USGS-09092570,8.9,11.9,432.0,19.15,8.0,7190.0,10.89
2024-05-27 19:00:00+00:00,USGS-09092570,8.9,12.45,432.0,19.8,8.0,7190.0,10.89
2024-05-27 20:00:00+00:00,USGS-09092570,8.9,12.95,433.0,17.9,8.05,7210.0,10.9
2024-05-27 21:00:00+00:00,USGS-09092570,8.850000000000001,13.350000000000001,432.0,20.35,8.1,7210.0,10.9
2024-05-27 22:00:00+00:00,USGS-09092570,8.8,13.649999999999999,430.5,19.0,8.1,7210.0,10.9
2024-05-27 23:00:00+00:00,USGS-09092570,8.7,13.8,429.0,19.5,8.1,7190.0,10.89
2024-05-28 00:00:00+00:00,USGS-09092570,8.649999999999999,13.8,427.5,18.2,8.1,7190.0,10.89
2024-05-28 01:00:00+00:00,USGS-09092570,8.6,13.7,427.5,19.1,8.1,7160.0,10.88
2024-05-28 02:00:00+00:00,USGS-09092570,8.55,13.55,429.0,19.15,8.1,7120.0,10.864999999999998
2024-05-28 03:00:00+00:00,USGS-09092570,8.5,13.350000000000001,430.0,18.9,8.1,7110.0,10.86
2024-05-28 04:00:00+00:00,USGS-09092570,8.5,12.95,430.0,19.2,8.1,7110.0,10.86
2024-05-28 05:00:00+00:00,USGS-09092570,8.4,12.7,430.5,18.25,8.0,7080.0,10.85
2024-05-28 06:00:00+00:00,USGS-09092570,8.4,12.5,431.5,19.2,8.0,7070.0,10.844999999999999
2024-05-28 07:00:00+00:00,USGS-09092570,8.4,12.3,432.0,18.35,8.0,7070.0,10.844999999999999
2024-05-28 08:00:00+00:00,USGS-09092570,8.4,12.05,432.0,19.45,8.0,7080.0,10.85
2024-05-28 09:00:00+00:00,USGS-09092570,8.5,11.9,432.0,19.1,8.0,7110.0,10.86
2024-05-28 10:00:00+00:00,USGS-09092570,8.5,11.75,431.5,17.65,8.0,7120.0,10.864999999999998
2024-05-28 11:00:00+00:00,USGS-09092570,8.5,11.6,432.0,18.6,8.0,7130.0,10.87
2024-05-28 12:00:00+00:00,USGS-09092570,8.5,11.45,433.0,17.9,8.0,7160.0,10.88
2024-05-28 13:00:00+00:00,USGS-09092570,8.6,11.4,432.0,17.75,8.0,7210.0,10.9
2024-05-28 14:00:00+00:00,USGS-09092570,8.6,11.55,431.0,18.3,8.0,7260.0,10.92
2024-05-28 15:00:00+00:00,USGS-09092570,8.6,11.75,431.5,19.950000000000003,8.0,7325.0,10.945
2024-05-28 16:00:00+00:00,USGS-09092570,8.649999999999999,12.149999999999999,432.0,17.6,8.0,7370.0,10.96
2024-05-28 17:00:00+00:00,USGS-09092570,8.7,12.55,432.0,18.299999999999997,8.0,7405.0,10.975000000000001
2024-05-28 18:00:00+00:00,USGS-09092570,8.7,13.1,431.0,19.3,8.0,7440.0,10.99
2024-05-28 19:00:00+00:00,USGS-09092570,8.7,13.649999999999999,430.0,19.9,8.0,7500.0,11.01
2024-05-28 20:00:00+00:00,USGS-09092570,8.6,14.149999999999999,427.5,18.65,8.1,7550.0,11.03
2024-05-28 21:00:00+00:00,USGS-09092570,8.6,14.45,424.0,19.700000000000003,8.1,7550.0,11.03
2024-05-28 22:00:00+00:00,USGS-09092570,8.55,14.55,424.0,20.65,8.1,7570.0,11.04
2024-05-28 23:00:00+00:00,USGS-09092570,8.5,14.5,423.5,22.75,8.1,7570.0,11.04
2024-05-29 00:00:00+00:00,USGS-09092570,8.5,14.4,422.0,21.35,8.1,7615.0,11.055
2024-05-29 01:00:00+00:00,USGS-09092570,8.4,14.2,421.5,19.65,8.1,7615.0,11.055
2024-05-29 02:00:00+00:00,USGS-09092570,8.4,13.95,423.0,22.65,8.1,7630.0,11.06
2024-05-29 03:00:00+00:00,USGS-09092570,8.350000000000001,13.75,422.0,22.0,8.1,7650.0,11.07
2024-05-29 04:00:00+00:00,USGS-09092570,8.3,13.45,420.0,21.15,8.0,7680.0,11.08
2024-05-29 05:00:00+00:00,USGS-09092570,8.3,13.2,419.0,20.8,8.0,7680.0,11.08
2024-05-29 06:00:00+00:00,USGS-09092570,8.3,13.05,419.0,21.799999999999997,8.0,7680.0,11.08
2024-05-29 07:00:00+00:00,USGS-09092570,8.3,12.850000000000001,419.0,20.4,8.0,7700.0,11.09
2024-05-29 08:00:00+00:00,USGS-09092570,8.3,12.649999999999999,417.0,20.85,8.0,7700.0,11.09
2024-05-29 09:00:00+00:00,USGS-09092570,8.3,12.5,416.0,21.65,8.0,7700.0,11.09
2024-05-29 10:00:00+00:00,USGS-09092570,8.3,12.350000000000001,415.5,21.799999999999997,8.0,7730.0,11.1
2024-05-29 11:00:00+00:00,USGS-09092570,8.4,12.2,415.0,20.4,8.0,7760.0,11.11
2024-05-29 12:00:00+00:00,USGS-09092570,8.4,12.2,415.0,21.6,7.9,7840.0,11.14
2024-05-29 13:00:00+00:00,USGS-09092570,8.4,12.2,414.0,21.2,7.9,7890.0,11.16
2024-05-29 14:00:00+00:00,USGS-09092570,8.4,12.25,413.0,23.4,7.95,8010.0,11.205
2024-05-29 15:00:00+00:00,USGS-09092570,8.4,12.45,416.0,25.8,8.0,8065.0,11.225000000000001
2024-05-29 16:00:00+00:00,USGS-09092570,8.5,12.7,419.0,23.8,8.0,8130.0,11.25
2024-05-29 17:00:00+00:00,USGS-09092570,8.5,13.05,426.5,23.35,8.0,8180.0,11.27
2024-05-29 18:00:00+00:00,USGS-09092570,8.5,13.45,410.0,24.0,8.0,8260.0,11.3
2024-05-29 19:00:00+00:00,USGS-09092570,8.5,13.95,392.5,24.6,8.0,8330.0,11.325
2024-05-29 20:00:00+00:00,USGS-09092570,8.5,14.350000000000001,388.0,24.1,8.0,8370.0,11.34
2024-05-29 21:00:00+00:00,USGS-09092570,8.4,14.7,391.0,28.049999999999997,8.1,8410.0,11.355
2024-05-29 22:00:00+00:00,USGS-09092570,8.4,14.6,395.5,29.0,8.05,8450.0,11.37
2024-05-29 23:00:00+00:00,USGS-09092570,8.3,14.45,395.0,29.7,8.0,8465.0,11.375
2024-05-30 00:00:00+00:00,USGS-09092570,8.3,14.05,393.0,29.4,8.0,8495.0,11.385000000000002
2024-05-30 01:00:00+00:00,USGS-09092570,8.3,13.850000000000001,393.0,30.7,8.0,8520.0,11.395
2024-05-30 02:00:00+00:00,USGS-09092570,8.3,13.55,392.0,29.25,8.0,8530.0,11.4
2024-05-30 03:00:00+00:00,USGS-09092570,8.3,13.149999999999999,391.0,29.1,8.0,8560.0,11.41
2024-05-30 04:00:00+00:00,USGS-09092570,8.350000000000001,12.75,389.0,28.45,8.0,8600.0,11.425
2024-05-30 05:00:00+00:00,USGS-09092570,8.4,12.45,385.0,29.0,8.0,8640.0,11.44
2024-05-30 06:00:00+00:00,USGS-09092570,8.4,12.3,384.0,27.5,8.0,8640.0,11.44
2024-05-30 07:00:00+00:00,USGS-09092570,8.4,12.1,384.0,26.1,7.9,8670.0,11.45
2024-05-30 08:00:00+00:00,USGS-09092570,8.4,12.0,382.0,28.1,7.9,8700.0,11.46
2024-05-30 09:00:00+00:00,USGS-09092570,8.4,11.9,379.5,25.5,7.9,8720.0,11.47
2024-05-30 10:00:00+00:00,USGS-09092570,8.4,11.9,378.0,25.95,7.9,8735.0,11.475000000000001
2024-05-30 11:00:00+00:00,USGS-09092570,8.4,11.8,377.0,26.4,7.9,8810.0,11.5
2024-05-30 12:00:00+00:00,USGS-09092570,8.45,11.75,377.0,28.7,7.9,8830.0,11.51
2024-05-30 13:00:00+00:00,USGS-09092570,8.5,11.7,376.0,29.700000000000003,7.9,8890.0,11.53
2024-05-30 14:00:00+00:00,USGS-09092570,8.5,11.7,375.5,31.1,7.9,8970.0,11.56
2024-05-30 15:00:00+00:00,USGS-09092570,8.6,11.75,372.0,31.700000000000003,7.9,9030.0,11.58
2024-05-30 16:00:00+00:00,USGS-09092570,8.6,11.95,370.5,32.4,7.9,9080.0,11.6
2024-05-30 17:00:00+00:00,USGS-09092570,8.6,12.25,369.5,30.4,7.9,9170.0,11.63
2024-05-30 18:00:00+00:00,USGS-09092570,8.6,12.6,368.0,33.0,7.9,9235.0,11.655000000000001
2024-05-30 19:00:00+00:00,USGS-09092570,8.6,12.95,366.5,33.95,8.0,9280.0,11.67
2024-05-30 20:00:00+00:00,USGS-09092570,8.6,13.3,364.0,37.95,8.0,9290.0,11.675
2024-05-30 21:00:00+00:00,USGS-09092570,8.5,13.55,363.0,42.3,8.0,9290.0,11.675
2024-05-30 22:00:00+00:00,USGS-09092570,8.5,13.75,361.5,44.3,8.0,9330.0,11.69
2024-05-30 23:00:00+00:00,USGS-09092570,8.4,13.8,361.0,44.2,8.0,9330.0,11.69
2024-05-31 00:00:00+00:00,USGS-09092570,8.4,13.7,361.0,41.599999999999994,8.0,9330.0,11.69
2024-05-31 01:00:00+00:00,USGS-09092570,8.4,13.55,361.0,39.4,8.0,9330.0,11.69
2024-05-31 02:00:00+00:00,USGS-09092570,8.4,13.3,360.5,37.1,8.0,9330.0,11.69
2024-05-31 03:00:00+00:00,USGS-09092570,8.4,13.1,360.0,35.5,8.0,9375.0,11.705
2024-05-31 04:00:00+00:00,USGS-09092570,8.4,12.95,359.0,34.05,8.0,9390.0,11.71
2024-05-31 05:00:00+00:00,USGS-09092570,8.4,12.75,358.0,32.4,8.0,9405.0,11.715
2024-05-31 06:00:00+00:00,USGS-09092570,8.4,12.6,358.0,32.1,8.0,9430.0,11.725000000000001
2024-05-31 07:00:00+00:00,USGS-09092570,8.4,12.4,357.0,31.6,8.0,9440.0,11.73
2024-05-31 08:00:00+00:00,USGS-09092570,8.4,12.25,355.5,30.6,7.9,9470.0,11.74
2024-05-31 09:00:00+00:00,USGS-09092570,8.4,12.1,355.0,32.5,7.9,9590.0,11.78
2024-05-31 10:00:00+00:00,USGS-09092570,8.4,11.9,353.5,34.65,7.9,9625.0,11.795
2024-05-31 11:00:00+00:00,USGS-09092570,8.45,11.75,352.0,36.9,7.9,9715.0,11.825
2024-05-31 12:00:00+00:00,USGS-09092570,8.5,11.6,351.0,39.85,7.9,9780.0,11.85
2024-05-31 13:00:00+00:00,USGS-09092570,8.5,11.5,351.0,40.8,7.9,9870.0,11.88
2024-05-31 14:00:00+00:00,USGS-09092570,8.55,11.5,349.0,41.4,7.9,9930.0,11.9
2024-05-31 15:00:00+00:00,USGS-09092570,8.6,11.649999999999999,347.0,40.45,7.9,9990.0,11.925
2024-05-31 16:00:00+00:00,USGS-09092570,8.6,11.8,345.0,42.3,7.9,10100.0,11.95
2024-05-31 17:00:00+00:00,USGS-09092570,8.6,12.05,343.0,46.25,7.9,10200.0,11.98
2024-05-31 18:00:00+00:00,USGS-09092570,8.6,12.350000000000001,341.0,49.900000000000006,7.9,10200.0,12.01
2024-05-31 19:00:00+00:00,USGS-09092570,8.6,12.6,340.0,53.2,7.9,10300.0,12.035
2024-05-31 20:00:00+00:00,USGS-09092570,8.6,12.8,339.5,54.349999999999994,7.9,10400.0,12.055
2024-05-31 21:00:00+00:00,USGS-09092570,8.6,12.8,338.0,53.25,7.9,10400.0,12.065000000000001
2024-05-31 22:00:00+00:00,USGS-09092570,8.6,12.8,336.5,51.45,7.9,10400.0,12.07
2024-05-31 23:00:00+00:00,USGS-09092570,8.6,12.8,334.5,49.05,7.9,10400.0,12.08
2024-06-01 00:00:00+00:00,USGS-09092570,8.55,12.649999999999999,335.0,48.15,7.9,10400.0,12.07
2024-06-01 01:00:00+00:00,USGS-09092570,8.5,12.5,337.0,46.9,7.9,10450.0,12.09
2024-06-01 02:00:00+00:00,USGS-09092570,8.5,12.4,337.0,43.4,7.9,10500.0,12.094999999999999
2024-06-01 03:00:00+00:00,USGS-09092570,8.5,12.25,336.0,42.0,7.9,10400.0,12.065000000000001
2024-06-01 04:00:00+00:00,USGS-09092570,8.5,12.2,335.5,41.400000000000006,7.9,10400.0,12.05
2024-06-01 05:00:00+00:00,USGS-09092570,8.5,12.1,332.5,40.6,7.9,10400.0,12.05
2024-06-01 06:00:00+00:00,USGS-09092570,8.5,11.95,333.0,41.25,7.9,10300.0,12.04
2024-06-01 07:00:00+00:00,USGS-09092570,8.5,11.7,332.5,41.6,7.9,10300.0,12.03
2024-06-01 08:00:00+00:00,USGS-09092570,8.5,11.55,330.5,41.05,7.9,10300.0,12.02
2024-06-01 09:00:00+00:00,USGS-09092570,8.6,11.4,330.0,39.1,7.9,10300.0,12.02
2024-06-01 10:00:00+00:00,USGS-09092570,8.6,11.3,330.0,38.5,7.9,10250.0,12.015
2024-06-01 11:00:00+00:00,USGS-09092570,8.6,11.25,331.0,38.55,7.9,10300.0,12.02
2024-06-01 12:00:00+00:00,USGS-09092570,8.6,11.149999999999999,330.0,38.05,7.9,10250.0,12.015
2024-06-01 13:00:00+00:00,USGS-09092570,8.6,11.1,332.0,37.25,7.9,10300.0,12.02
2024-06-01 14:00:00+00:00,USGS-09092570,8.6,11.149999999999999,340.5,34.95,7.9,10300.0,12.024999999999999
2024-06-01 15:00:00+00:00,USGS-09092570,8.7,11.25,331.0,35.2,7.9,10300.0,12.03
2024-06-01 16:00:00+00:00,USGS-09092570,8.7,11.4,323.5,34.8,7.9,10400.0,12.05
2024-06-01 17:00:00+00:00,USGS-09092570,8.7,11.649999999999999,324.5,34.75,7.9,10400.0,12.06
2024-06-01 18:00:00+00:00,USGS-09092570,8.7,11.95,328.5,33.5,7.9,10400.0,12.07
2024-06-01 19:00:00+00:00,USGS-09092570,8.7,12.350000000000001,330.0,34.0,7.9,10450.0,12.085
2024-06-01 20:00:00+00:00,USGS-09092570,8.7,12.649999999999999,330.5,34.3,7.9,10500.0,12.094999999999999
2024-06-01 21:00:00+00:00,USGS-09092570,8.7,12.9,329.0,32.4,8.0,10500.0,12.1
2024-06-01 22:00:00+00:00,USGS-09092570,8.6,13.149999999999999,328.5,32.25,8.0,10400.0,12.08
2024-06-01 23:00:00+00:00,USGS-09092570,8.6,13.25,329.0,31.35,8.0,10400.0,12.08
2024-06-02 00:00:00+00:00,USGS-09092570,8.55,13.25,330.5,31.95,8.0,10400.0,12.07
2024-06-02 01:00:00+00:00,USGS-09092570,8.5,13.05,333.0,30.15,8.0,10400.0,12.05
2024-06-02 02:00:00+00:00,USGS-09092570,8.5,12.7,332.0,30.35,8.0,10400.0,12.05
2024-06-02 03:00:00+00:00,USGS-09092570,8.5,12.45,330.5,30.95,8.0,10300.0,12.04
2024-06-02 04:00:00+00:00,USGS-09092570,8.45,12.350000000000001,330.0,29.0,8.0,10400.0,12.05
2024-06-02 05:00:00+00:00,USGS-09092570,8.4,12.3,331.5,28.45,8.0,10300.0,12.04
2024-06-02 06:00:00+00:00,USGS-09092570,8.4,12.1,330.5,28.65,7.9,10400.0,12.05
2024-06-02 07:00:00+00:00,USGS-09092570,8.4,11.95,328.5,28.950000000000003,7.9,10300.0,12.03
2024-06-02 08:00:00+00:00,USGS-09092570,8.4,11.9,326.5,28.7,7.9,10400.0,12.05
2024-06-02 09:00:00+00:00,USGS-09092570,8.4,11.8,325.5,29.5,7.9,10400.0,12.06
2024-06-02 10:00:00+00:00,USGS-09092570,8.4,11.7,325.0,30.15,7.9,10450.0,12.09
2024-06-02 11:00:00+00:00,USGS-09092570,8.45,11.6,326.0,30.35,7.9,10500.0,12.105
2024-06-02 12:00:00+00:00,USGS-09092570,8.5,11.5,325.5,31.65,7.9,10600.0,12.135000000000002
2024-06-02 13:00:00+00:00,USGS-09092570,8.5,11.4,325.0,34.9,7.9,10700.0,12.16
2024-06-02 14:00:00+00:00,USGS-09092570,8.5,11.4,324.5,40.15,7.9,10700.0,12.175
2024-06-02 15:00:00+00:00,USGS-09092570,8.5,11.6,324.0,43.0,7.9,10850.0,12.21
2024-06-02 16:00:00+00:00,USGS-09092570,8.6,11.850000000000001,323.0,40.7,7.9,10900.0,12.25
2024-06-02 17:00:00+00:00,USGS-09092570,8.6,12.149999999999999,323.0,40.4,7.9,11000.0,12.28
2024-06-02 18:00:00+00:00,USGS-09092570,8.5,12.5,322.0,44.25,7.9,11100.0,12.3
2024-06-02 19:00:00+00:00,USGS-09092570,8.5,12.75,320.5,44.900000000000006,7.9,11100.0,12.31
2024-06-02 20:00:00+00:00,USGS-09092570,8.5,12.8,318.5,46.8,7.9,11200.0,12.335
2024-06-02 21:00:00+00:00,USGS-09092570,8.5,12.95,317.0,46.95,7.9,11200.0,12.34
2024-06-02 22:00:00+00:00,USGS-09092570,8.5,13.1,316.5,46.3,7.9,11200.0,12.35
2024-06-02 23:00:00+00:00,USGS-09092570,8.5,13.1,315.5,45.3,7.9,11200.0,12.34
2024-06-03 00:00:00+00:00,USGS-09092570,8.4,13.0,315.0,42.75,7.9,11200.0,12.33
2024-06-03 01:00:00+00:00,USGS-09092570,8.4,13.0,315.0,41.849999999999994,7.9,11100.0,12.31
2024-06-03 02:00:00+00:00,USGS-09092570,8.4,12.9,315.0,39.849999999999994,7.9,11100.0,12.31
2024-06-03 03:00:00+00:00,USGS-09092570,8.4,12.75,315.0,36.5,7.9,10850.0,12.22
2024-06-03 04:00:00+00:00,USGS-09092570,8.4,12.649999999999999,315.0,36.900000000000006,7.9,10950.0,12.25
2024-06-03 05:00:00+00:00,USGS-09092570,8.4,12.5,314.0,36.3,7.9,11200.0,12.33
2024-06-03 06:00:00+00:00,USGS-09092570,8.4,12.350000000000001,316.5,37.8,7.9,11350.0,12.385000000000002
2024-06-03 07:00:00+00:00,USGS-09092570,8.4,12.2,314.5,37.9,7.9,11200.0,12.344999999999999
2024-06-03 08:00:00+00:00,USGS-09092570,8.4,12.1,311.5,37.55,7.9,11150.0,12.325
2024-06-03 09:00:00+00:00,USGS-09092570,8.4,12.0,309.0,36.95,7.9,10900.0,12.25
2024-06-03 10:00:00+00:00,USGS-09092570,8.4,11.9,311.0,36.6,7.9,11100.0,12.31
2024-06-03 11:00:00+00:00,USGS-09092570,8.4,11.8,311.0,36.1,7.9,11300.0,12.375
2024-06-03 12:00:00+00:00,USGS-09092570,8.5,11.7,313.5,38.05,7.9,11400.0,12.4
2024-06-03 13:00:00+00:00,USGS-09092570,8.5,11.7,312.0,39.2,7.9,11500.0,12.43
2024-06-03 14:00:00+00:00,USGS-09092570,8.5,11.7,308.5,41.4,7.9,11550.0,12.455
2024-06-03 15:00:00+00:00,USGS-09092570,8.5,11.8,307.0,40.9,7.9,11650.0,12.485
2024-06-03 16:00:00+00:00,USGS-09092570,8.5,11.8,307.0,44.3,7.9,11700.0,12.515
2024-06-03 17:00:00+00:00,USGS-09092570,8.6,11.95,306.0,47.75,7.9,11800.0,12.535
2024-06-03 18:00:00+00:00,USGS-09092570,8.6,12.1,306.0,51.45,7.9,11800.0,12.545
2024-06-03 19:00:00+00:00,USGS-09092570,8.6,12.1,305.0,49.5,7.9,11850.0,12.555
2024-06-03 20:00:00+00:00,USGS-09092570,8.6,12.350000000000001,305.0,50.9,7.9,11900.0,12.57
2024-06-03 21:00:00+00:00,USGS-09092570,8.6,12.45,304.0,49.8,7.9,12000.0,12.6
2024-06-03 22:00:00+00:00,USGS-09092570,8.6,12.4,303.0,47.8,7.9,12000.0,12.61
2024-06-03 23:00:00+00:00,USGS-09092570,8.5,12.3,304.0,44.2,7.9,11850.0,12.555
2024-06-04 00:00:00+00:00,USGS-09092570,8.5,12.2,302.5,43.05,7.9,11800.0,12.53
2024-06-04 01:00:00+00:00,USGS-09092570,8.5,12.1,303.0,40.0,7.9,11700.0,12.52
2024-06-04 02:00:00+00:00,USGS-09092570,8.5,12.0,303.0,39.05,7.9,11700.0,12.515
2024-06-04 03:00:00+00:00,USGS-09092570,8.5,12.0,303.0,37.6,7.9,11700.0,12.52
2024-06-04 04:00:00+00:00,USGS-09092570,8.5,11.850000000000001,303.0,36.3,7.9,11700.0,12.51
2024-06-04 05:00:00+00:00,USGS-09092570,8.5,11.7,304.0,37.150000000000006,7.9,11700.0,12.504999999999999
2024-06-04 06:00:00+00:00,USGS-09092570,8.5,11.649999999999999,303.0,36.9,7.9,11700.0,12.5
2024-06-04 07:00:00+00:00,USGS-09092570,8.5,11.6,303.0,35.1,7.9,11700.0,12.5
2024-06-04 08:00:00+00:00,USGS-09092570,8.5,11.6,303.0,35.15,7.9,11600.0,12.47
2024-06-04 09:00:00+00:00,USGS-09092570,8.5,11.55,303.0,34.9,7.9,11600.0,12.47
2024-06-04 10:00:00+00:00,USGS-09092570,8.5,11.5,303.0,35.6,7.9,11600.0,12.47
2024-06-04 11:00:00+00:00,USGS-09092570,8.5,11.5,302.0,33.6,7.9,11600.0,12.47
2024-06-04 12:00:00+00:00,USGS-09092570,8.5,11.5,302.0,34.0,7.9,11600.0,12.48
2024-06-04 13:00:00+00:00,USGS-09092570,8.55,11.45,302.0,33.7,7.9,11700.0,12.5
2024-06-04 14:00:00+00:00,USGS-09092570,8.6,11.4,302.0,34.3,7.9,11750.0,12.524999999999999
2024-06-04 15:00:00+00:00,USGS-09092570,8.6,11.5,302.0,34.4,7.9,11800.0,12.55
2024-06-04 16:00:00+00:00,USGS-09092570,8.6,11.75,302.0,34.0,7.9,11900.0,12.58
2024-06-04 17:00:00+00:00,USGS-09092570,8.6,12.05,302.0,33.85,7.9,12000.0,12.6
2024-06-04 18:00:00+00:00,USGS-09092570,8.6,12.350000000000001,301.5,35.3,7.9,12100.0,12.62
2024-06-04 19:00:00+00:00,USGS-09092570,8.6,12.8,301.5,34.7,7.9,12100.0,12.65
2024-06-04 20:00:00+00:00,USGS-09092570,8.6,12.9,302.0,34.2,7.9,12200.0,12.665
2024-06-04 21:00:00+00:00,USGS-09092570,8.5,13.2,301.5,36.5,7.9,12200.0,12.66
2024-06-04 22:00:00+00:00,USGS-09092570,8.5,13.3,301.0,34.9,8.0,12200.0,12.66
2024-06-04 23:00:00+00:00,USGS-09092570,8.5,13.3,300.5,34.099999999999994,8.0,12200.0,12.66
2024-06-05 00:00:00+00:00,USGS-09092570,8.5,13.149999999999999,300.0,33.5,8.0,12200.0,12.665
2024-06-05 01:00:00+00:00,USGS-09092570,8.4,13.1,300.0,34.8,8.0,12200.0,12.68
2024-06-05 02:00:00+00:00,USGS-09092570,8.4,12.9,299.0,34.15,8.0,12250.0,12.684999999999999
2024-06-05 03:00:00+00:00,USGS-09092570,8.4,12.75,299.0,33.8,7.9,12200.0,12.675
2024-06-05 04:00:00+00:00,USGS-09092570,8.4,12.6,299.0,36.7,7.9,12300.0,12.69
2024-06-05 05:00:00+00:00,USGS-09092570,8.4,12.6,298.0,36.15,7.9,12400.0,12.725000000000001
2024-06-05 06:00:00+00:00,USGS-09092570,8.4,12.5,295.5,36.85,7.9,12400.0,12.745000000000001
2024-06-05 07:00:00+00:00,USGS-09092570,8.4,12.350000000000001,293.5,35.599999999999994,7.9,12500.0,12.77
2024-06-05 08:00:00+00:00,USGS-09092570,8.4,12.2,292.0,39.3,7.9,12650.0,12.815000000000001
2024-06-05 09:00:00+00:00,USGS-09092570,8.4,12.0,290.5,42.05,7.9,12750.0,12.84
2024-06-05 10:00:00+00:00,USGS-09092570,8.5,11.850000000000001,288.5,42.75,7.9,12900.0,12.905000000000001
2024-06-05 11:00:00+00:00,USGS-09092570,8.5,11.7,286.5,45.349999999999994,7.9,13000.0,12.934999999999999
2024-06-05 12:00:00+00:00,USGS-09092570,8.5,11.7,285.5,49.6,7.9,13150.0,12.985
2024-06-05 13:00:00+00:00,USGS-09092570,8.5,11.6,295.0,52.2,7.8,13350.0,13.035
2024-06-05 14:00:00+00:00,USGS-09092570,8.6,11.6,293.5,57.15,7.8,13500.0,13.09
2024-06-05 15:00:00+00:00,USGS-09092570,8.6,11.6,277.5,67.1,7.8,13550.0,13.11
2024-06-05 16:00:00+00:00,USGS-09092570,8.6,11.7,269.5,75.25,7.8,13800.0,13.184999999999999
2024-06-05 17:00:00+00:00,USGS-09092570,8.6,11.9,269.5,81.3,7.8,14000.0,13.25
2024-06-05 18:00:00+00:00,USGS-09092570,8.6,12.149999999999999,274.5,83.9,7.8,14050.0,13.25
2024-06-05 19:00:00+00:00,USGS-09092570,8.6,12.4,276.0,83.1,7.8,14000.0,13.235
2024-06-05 20:00:00+00:00,USGS-09092570,8.6,12.6,275.0,79.85,7.9,13900.0,13.22
2024-06-05 21:00:00+00:00,USGS-09092570,8.6,12.8,272.5,74.19999999999999,7.9,14000.0,13.24
2024-06-05 22:00:00+00:00,USGS-09092570,8.6,12.95,271.0,69.7,7.9,14000.0,13.24
2024-06-05 23:00:00+00:00,USGS-09092570,8.6,13.0,271.0,65.35,7.9,14050.0,13.25
2024-06-06 00:00:00+00:00,USGS-09092570,8.5,13.05,270.5,63.2,7.9,13900.0,13.22
2024-06-06 01:00:00+00:00,USGS-09092570,8.5,13.0,270.0,61.349999999999994,7.9,14000.0,13.24
2024-06-06 02:00:00+00:00,USGS-09092570,8.5,12.9,270.5,60.05,7.9,13900.0,13.22
2024-06-06 03:00:00+00:00,USGS-09092570,8.4,12.7,272.0,59.55,7.9,13950.0,13.225000000000001
2024-06-06 04:00:00+00:00,USGS-09092570,8.4,12.6,272.0,59.3,7.9,13900.0,13.2
2024-06-06 05:00:00+00:00,USGS-09092570,8.4,12.45,272.0,58.9,7.9,13950.0,13.22
2024-06-06 06:00:00+00:00,USGS-09092570,8.4,12.4,272.0,59.5,7.9,13950.0,13.219999999999999
2024-06-06 07:00:00+00:00,USGS-09092570,8.4,12.3,272.0,58.2,7.9,13950.0,13.215
2024-06-06 08:00:00+00:00,USGS-09092570,8.4,12.3,272.0,59.3,7.9,13850.0,13.184999999999999
2024-06-06 09:00:00+00:00,USGS-09092570,8.4,12.2,272.0,57.099999999999994,7.9,13800.0,13.18
2024-06-06 10:00:00+00:00,USGS-09092570,8.4,12.149999999999999,272.0,59.0,7.8,13900.0,13.21
2024-06-06 11:00:00+00:00,USGS-09092570,8.4,12.1,271.5,62.8,7.8,14050.0,13.254999999999999
2024-06-06 12:00:00+00:00,USGS-09092570,8.4,12.1,271.0,60.2,7.8,14100.0,13.28
2024-06-06 13:00:00+00:00,USGS-09092570,8.45,12.0,270.0,58.599999999999994,7.8,14200.0,13.31
2024-06-06 14:00:00+00:00,USGS-09092570,8.5,12.0,269.5,61.05,7.8,14400.0,13.375
2024-06-06 15:00:00+00:00,USGS-09092570,8.5,12.0,268.5,73.7,7.8,14700.0,13.46
2024-06-06 16:00:00+00:00,USGS-09092570,8.6,12.1,267.0,77.6,7.8,14900.0,13.51
2024-06-06 17:00:00+00:00,USGS-09092570,8.6,12.25,266.5,83.6,7.8,15150.0,13.594999999999999
2024-06-06 18:00:00+00:00,USGS-09092570,8.6,12.45,265.0,82.44999999999999,7.8,15100.0,13.57
2024-06-06 19:00:00+00:00,USGS-09092570,8.6,12.649999999999999,264.0,80.65,7.8,15000.0,13.57
2024-06-06 20:00:00+00:00,USGS-09092570,8.6,12.850000000000001,262.5,78.45,7.8,,
2024-06-06 21:00:00+00:00,USGS-09092570,8.6,13.05,262.0,75.65,7.9,14900.0,
2024-06-06 22:00:00+00:00,USGS-09092570,8.5,13.2,261.5,73.55,7.9,,
2024-06-06 23:00:00+00:00,USGS-09092570,8.5,13.3,261.0,69.3,7.9,14900.0,
2024-06-07 00:00:00+00:00,USGS-09092570,8.5,13.3,260.0,69.0,7.9,,
2024-06-07 01:00:00+00:00,USGS-09092570,8.4,13.2,260.0,69.5,7.9,14900.0,
2024-06-07 02:00:00+00:00,USGS-09092570,8.4,13.1,259.0,66.85,7.9,15050.0,13.57
2024-06-07 03:00:00+00:00,USGS-09092570,8.4,12.9,259.0,65.75,7.9,15050.0,13.57
2024-06-07 04:00:00+00:00,USGS-09092570,8.4,12.8,259.5,66.45,7.9,15150.0,13.59
2024-06-07 05:00:00+00:00,USGS-09092570,8.350000000000001,12.7,259.0,65.85,7.9,15000.0,13.555
2024-06-07 06:00:00+00:00,USGS-09092570,8.3,12.649999999999999,259.0,64.4,7.9,15300.0,13.645
2024-06-07 07:00:00+00:00,USGS-09092570,8.3,12.6,259.0,64.25,7.8,15300.0,13.635000000000002
2024-06-07 08:00:00+00:00,USGS-09092570,8.3,12.6,259.0,63.55,7.8,15100.0,13.59
2024-06-07 09:00:00+00:00,USGS-09092570,8.3,12.5,259.0,61.9,7.8,15250.0,13.625
2024-06-07 10:00:00+00:00,USGS-09092570,8.3,12.5,259.0,64.25,7.8,15550.0,13.705
2024-06-07 11:00:00+00:00,USGS-09092570,8.3,12.5,258.5,66.2,7.8,15450.0,13.69
2024-06-07 12:00:00+00:00,USGS-09092570,8.3,12.5,260.0,69.15,7.8,15550.0,13.715
2024-06-07 13:00:00+00:00,USGS-09092570,8.3,12.4,258.0,77.15,7.8,15800.0,13.795
2024-06-07 14:00:00+00:00,USGS-09092570,8.4,12.3,256.5,89.0,7.8,16050.0,13.865
2024-06-07 15:00:00+00:00,USGS-09092570,8.4,12.25,255.5,98.05000000000001,7.8,16100.0,13.875
2024-06-07 16:00:00+00:00,USGS-09092570,8.45,12.2,254.5,108.0,7.8,16350.0,13.95
2024-06-07 17:00:00+00:00,USGS-09092570,8.5,12.2,253.0,110.5,7.8,16700.0,14.07
2024-06-07 18:00:00+00:00,USGS-09092570,8.5,12.2,252.0,110.5,7.8,16850.0,14.1
2024-06-07 19:00:00+00:00,USGS-09092570,8.5,12.3,252.0,110.5,7.8,17000.0,14.15
2024-06-07 20:00:00+00:00,USGS-09092570,8.5,12.3,251.5,104.5,7.8,17200.0,14.21
2024-06-07 21:00:00+00:00,USGS-09092570,8.5,12.45,251.0,98.4,7.8,17000.0,14.15
2024-06-07 22:00:00+00:00,USGS-09092570,8.5,12.5,251.0,95.05000000000001,7.8,16900.0,14.120000000000001
2024-06-07 23:00:00+00:00,USGS-09092570,8.5,12.6,251.0,91.19999999999999,7.8,16900.0,14.12
2024-06-08 00:00:00+00:00,USGS-09092570,8.5,12.6,251.0,87.15,7.8,17000.0,14.14
2024-06-08 01:00:00+00:00,USGS-09092570,8.5,12.6,251.0,82.7,7.8,16800.0,14.08
2024-06-08 02:00:00+00:00,USGS-09092570,8.45,12.5,251.0,81.6,7.8,17050.0,14.165
2024-06-08 03:00:00+00:00,USGS-09092570,8.4,12.5,252.0,80.15,7.8,17000.0,14.15
2024-06-08 04:00:00+00:00,USGS-09092570,8.4,12.4,252.0,77.6,7.8,17000.0,14.15
2024-06-08 05:00:00+00:00,USGS-09092570,8.4,12.3,252.0,76.9,7.8,17100.0,14.175
2024-06-08 06:00:00+00:00,USGS-09092570,8.4,12.3,253.0,74.44999999999999,7.8,16900.0,14.114999999999998
2024-06-08 07:00:00+00:00,USGS-09092570,8.4,12.2,254.0,72.35,7.8,16800.0,14.1
2024-06-08 08:00:00+00:00,USGS-09092570,8.4,12.2,254.0,68.75,7.8,16700.0,14.055
2024-06-08 09:00:00+00:00,USGS-09092570,8.4,12.2,254.0,68.6,7.8,16600.0,14.035
2024-06-08 10:00:00+00:00,USGS-09092570,8.4,12.149999999999999,254.0,62.599999999999994,7.8,16700.0,14.065000000000001
2024-06-08 11:00:00+00:00,USGS-09092570,8.4,12.0,254.0,62.3,7.8,16900.0,14.120000000000001
2024-06-08 12:00:00+00:00,USGS-09092570,8.5,11.850000000000001,257.0,61.5,7.8,17150.0,14.184999999999999
2024-06-08 13:00:00+00:00,USGS-09092570,8.5,11.7,258.0,63.7,7.8,17200.0,14.215
2024-06-08 14:00:00+00:00,USGS-09092570,8.6,11.649999999999999,249.5,62.6,7.8,17300.0,14.235
2024-06-08 15:00:00+00:00,USGS-09092570,8.6,11.6,250.5,65.1,7.8,17400.0,14.265
2024-06-08 16:00:00+00:00,USGS-09092570,8.6,11.7,252.0,67.4,7.8,17300.0,14.24
2024-06-08 17:00:00+00:00,USGS-09092570,8.6,11.9,251.5,66.4,7.8,17350.0,14.25
2024-06-08 18:00:00+00:00,USGS-09092570,8.6,12.149999999999999,251.0,67.4,7.8,17400.0,14.274999999999999
2024-06-08 19:00:00+00:00,USGS-09092570,8.6,12.350000000000001,251.0,66.25,7.8,17300.0,14.25
2024-06-08 20:00:00+00:00,USGS-09092570,8.6,12.6,250.5,65.5,7.8,,
2024-06-08 21:00:00+00:00,USGS-09092570,8.6,12.6,250.0,66.6,7.8,,
2024-06-08 22:00:00+00:00,USGS-09092570,8.6,12.6,250.0,64.5,7.8,,
2024-06-08 23:00:00+00:00,USGS-09092570,8.55,12.55,250.0,65.15,7.8,,
2024-06-09 00:00:00+00:00,USGS-09092570,8.5,12.4,251.0,66.05,7.8,,
2024-06-09 01:00:00+00:00,USGS-09092570,8.5,12.4,251.0,66.25,7.8,,
2024-06-09 02:00:00+00:00,USGS-09092570,8.5,12.3,252.0,66.5,7.8,,
2024-06-09 03:00:00+00:00,USGS-09092570,8.4,12.3,252.0,67.5,7.8,,
2024-06-09 04:00:00+00:00,USGS-09092570,8.4,12.3,252.0,66.80000000000001,7.8,,
2024-06-09 05:00:00+00:00,USGS-09092570,8.4,12.2,252.0,68.55,7.8,,
2024-06-09 06:00:00+00:00,USGS-09092570,8.4,12.3,252.0,67.65,7.8,,
2024-06-09 07:00:00+00:00,USGS-09092570,8.4,12.3,251.0,67.5,7.8,17100.0,
2024-06-09 08:00:00+00:00,USGS-09092570,8.4,12.4,251.0,66.4,7.8,,
2024-06-09 09:00:00+00:00,USGS-09092570,8.4,12.3,251.0,60.2,7.8,,
2024-06-09 10:00:00+00:00,USGS-09092570,8.4,12.2,250.0,62.7,7.8,,
2024-06-09 11:00:00+00:00,USGS-09092570,8.4,12.05,250.0,59.35,7.8,,
2024-06-09 12:00:00+00:00,USGS-09092570,8.4,11.9,249.0,61.35,7.8,,
2024-06-09 13:00:00+00:00,USGS-09092570,8.5,11.8,249.0,61.55,7.8,,
2024-06-09 14:00:00+00:00,USGS-09092570,8.5,11.649999999999999,248.0,71.35,7.8,,
2024-06-09 15:00:00+00:00,USGS-09092570,8.6,11.6,247.0,76.85,7.8,,
2024-06-09 16:00:00+00:00,USGS-09092570,8.6,11.649999999999999,247.0,82.19999999999999,7.8,,
2024-06-09 17:00:00+00:00,USGS-09092570,8.6,11.8,246.0,86.65,7.8,,
2024-06-09 18:00:00+00:00,USGS-09092570,8.6,11.9,246.0,87.1,7.8,,
2024-06-09 19:00:00+00:00,USGS-09092570,8.6,12.149999999999999,245.0,84.75,7.8,18900.0,
2024-06-09 20:00:00+00:00,USGS-09092570,8.6,12.2,245.0,83.6,7.8,,
2024-06-09 21:00:00+00:00,USGS-09092570,8.6,12.350000000000001,245.0,81.05000000000001,7.8,,
2024-06-09 22:00:00+00:00,USGS-09092570,8.6,12.4,245.0,76.55000000000001,7.8,,
2024-06-09 23:00:00+00:00,USGS-09092570,8.6,12.4,244.0,74.9,7.8,,
2024-06-10 00:00:00+00:00,USGS-09092570,8.6,12.4,245.0,72.6,7.8,,
2024-06-10 01:00:00+00:00,USGS-09092570,8.6,12.3,245.0,72.05,7.8,,
2024-06-10 02:00:00+00:00,USGS-09092570,8.5,12.149999999999999,247.0,67.0,7.8,,
2024-06-10 03:00:00+00:00,USGS-09092570,8.5,12.1,247.0,65.25,7.8,,
2024-06-10 04:00:00+00:00,USGS-09092570,8.5,12.1,247.0,62.95,7.8,,
2024-06-10 05:00:00+00:00,USGS-09092570,8.5,12.1,248.0,61.25,7.8,,
2024-06-10 06:00:00+00:00,USGS-09092570,8.4,12.1,248.0,57.3,7.8,,
2024-06-10 07:00:00+00:00,USGS-09092570,8.4,12.2,247.5,54.95,7.8,17800.0,
2024-06-10 08:00:00+00:00,USGS-09092570,8.4,12.25,248.0,54.95,7.8,,
2024-06-10 09:00:00+00:00,USGS-09092570,8.4,12.3,249.0,54.099999999999994,7.8,,
2024-06-10 10:00:00+00:00,USGS-09092570,8.4,12.3,248.0,54.0,7.8,,
2024-06-10 11:00:00+00:00,USGS-09092570,8.4,12.25,247.0,53.4,7.8,,
2024-06-10 12:00:00+00:00,USGS-09092570,8.4,12.1,247.0,52.599999999999994,7.8,,
2024-06-10 13:00:00+00:00,USGS-09092570,8.5,11.95,247.0,54.7,7.8,,
2024-06-10 14:00:00+00:00,USGS-09092570,8.5,11.9,247.0,54.2,7.8,,
2024-06-10 15:00:00+00:00,USGS-09092570,8.5,11.8,247.0,55.45,7.8,,
2024-06-10 16:00:00+00:00,USGS-09092570,8.6,11.9,246.0,57.95,7.8,,
2024-06-10 17:00:00+00:00,USGS-09092570,8.6,12.1,246.0,60.2,7.8,,
2024-06-10 18:00:00+00:00,USGS-09092570,8.6,12.2,245.0,60.3,7.8,,
2024-06-10 19:00:00+00:00,USGS-09092570,8.6,12.3,245.0,59.2,7.8,17800.0,
2024-06-10 20:00:00+00:00,USGS-09092570,8.6,12.55,245.0,57.7,7.8,,
2024-06-10 21:00:00+00:00,USGS-09092570,8.6,12.7,245.0,57.099999999999994,7.8,,
2024-06-10 22:00:00+00:00,USGS-09092570,8.6,12.5,245.0,53.7,7.8,,
2024-06-10 23:00:00+00:00,USGS-09092570,8.6,12.350000000000001,245.0,56.2,7.8,,
2024-06-11 00:00:00+00:00,USGS-09092570,8.6,12.25,244.0,52.1,7.8,,
2024-06-11 01:00:00+00:00,USGS-09092570,8.6,12.2,245.0,54.25,7.8,18100.0,14.46
2024-06-11 02:00:00+00:00,USGS-09092570,8.55,12.1,245.5,52.25,7.8,18000.0,14.44
2024-06-11 03:00:00+00:00,USGS-09092570,8.5,12.1,246.0,51.849999999999994,7.8,18100.0,14.47
2024-06-11 04:00:00+00:00,USGS-09092570,8.5,12.1,246.0,49.35,7.8,18000.0,14.45
2024-06-11 05:00:00+00:00,USGS-09092570,8.5,12.1,247.0,48.650000000000006,7.8,17950.0,14.425
2024-06-11 06:00:00+00:00,USGS-09092570,8.5,12.1,247.0,49.5,7.8,17850.0,14.395
2024-06-11 07:00:00+00:00,USGS-09092570,8.5,12.1,247.5,51.9,7.8,17600.0,14.325
2024-06-11 08:00:00+00:00,USGS-09092570,8.5,12.1,248.0,47.55,7.8,17700.0,14.35
2024-06-11 09:00:00+00:00,USGS-09092570,8.5,12.1,249.0,46.9,7.8,17600.0,14.33
2024-06-11 10:00:00+00:00,USGS-09092570,8.5,12.0,250.0,44.2,7.8,17550.0,14.305
2024-06-11 11:00:00+00:00,USGS-09092570,8.5,11.9,251.0,45.8,7.8,17500.0,14.29
2024-06-11 12:00:00+00:00,USGS-09092570,8.5,11.9,251.0,44.1,7.8,17400.0,14.28
2024-06-11 13:00:00+00:00,USGS-09092570,8.55,11.8,251.5,42.4,7.8,17500.0,14.29
2024-06-11 14:00:00+00:00,USGS-09092570,8.6,11.8,251.0,42.95,7.8,17500.0,14.29
2024-06-11 15:00:00+00:00,USGS-09092570,8.6,11.9,251.0,42.95,7.8,17600.0,14.325
2024-06-11 16:00:00+00:00,USGS-09092570,8.6,12.0,251.0,44.400000000000006,7.8,17700.0,14.34
2024-06-11 17:00:00+00:00,USGS-09092570,8.6,12.25,251.0,42.9,7.8,17800.0,14.37
2024-06-11 18:00:00+00:00,USGS-09092570,8.6,12.5,250.0,44.25,7.8,17800.0,14.37
2024-06-11 19:00:00+00:00,USGS-09092570,8.6,12.75,250.0,42.900000000000006,7.8,17700.0,14.36
2024-06-11 20:00:00+00:00,USGS-09092570,8.6,13.0,249.0,41.8,7.9,17700.0,14.36
2024-06-11 21:00:00+00:00,USGS-09092570,8.6,13.149999999999999,249.5,41.55,7.9,17750.0,14.364999999999998
2024-06-11 22:00:00+00:00,USGS-09092570,8.6,13.25,251.0,41.3,7.9,17650.0,14.335
2024-06-11 23:00:00+00:00,USGS-09092570,8.5,13.3,252.0,42.099999999999994,7.9,17500.0,14.29
2024-06-12 00:00:00+00:00,USGS-09092570,8.5,13.3,252.5,39.099999999999994,7.9,17350.0,14.254999999999999
2024-06-12 01:00:00+00:00,USGS-09092570,8.5,13.25,254.0,40.8,7.9,17300.0,14.24
2024-06-12 02:00:00+00:00,USGS-09092570,8.4,13.1,254.5,40.65,7.9,17200.0,14.205
2024-06-12 03:00:00+00:00,USGS-09092570,8.4,13.1,255.0,39.2,7.9,17200.0,14.205
2024-06-12 04:00:00+00:00,USGS-09092570,8.4,13.0,255.0,39.55,7.9,17100.0,14.17
2024-06-12 05:00:00+00:00,USGS-09092570,8.3,13.0,256.0,40.1,7.9,17000.0,14.15
2024-06-12 06:00:00+00:00,USGS-09092570,8.3,13.0,257.0,37.95,7.9,16900.0,14.12
2024-06-12 07:00:00+00:00,USGS-09092570,8.3,13.0,257.5,36.8,7.9,16900.0,14.11
2024-06-12 08:00:00+00:00,USGS-09092570,8.3,13.0,258.0,37.0,7.9,16900.0,14.114999999999998
2024-06-12 09:00:00+00:00,USGS-09092570,8.3,13.0,259.0,34.2,7.9,16900.0,14.13
2024-06-12 10:00:00+00:00,USGS-09092570,8.3,13.0,258.0,34.85,7.8,17000.0,14.16
2024-06-12 11:00:00+00:00,USGS-09092570,8.3,13.0,258.0,38.25,7.8,17100.0,14.175
2024-06-12 12:00:00+00:00,USGS-09092570,8.3,12.850000000000001,258.0,37.2,7.8,17100.0,14.19
2024-06-12 13:00:00+00:00,USGS-09092570,8.350000000000001,12.7,257.5,37.8,7.8,17250.0,14.225000000000001
2024-06-12 14:00:00+00:00,USGS-09092570,8.4,12.55,256.0,40.7,7.8,17350.0,14.25
2024-06-12 15:00:00+00:00,USGS-09092570,8.45,12.5,256.0,40.15,7.8,17500.0,14.29
2024-06-12 16:00:00+00:00,USGS-09092570,8.5,12.6,254.5,42.2,7.8,17650.0,14.34
2024-06-12 17:00:00+00:00,USGS-09092570,8.5,12.7,253.5,40.8,7.8,17800.0,14.39
2024-06-12 18:00:00+00:00,USGS-09092570,8.5,12.9,252.5,45.45,7.8,17900.0,14.42
2024-06-12 19:00:00+00:00,USGS-09092570,8.5,13.1,252.0,43.0,7.8,17900.0,14.42
2024-06-12 20:00:00+00:00,USGS-09092570,8.5,13.3,251.0,44.150000000000006,7.8,17900.0,14.42
2024-06-12 21:00:00+00:00,USGS-09092570,8.5,13.4,250.0,44.65,7.9,17900.0,14.4
2024-06-12 22:00:00+00:00,USGS-09092570,8.5,13.5,250.0,41.75,7.9,17800.0,14.37
2024-06-12 23:00:00+00:00,USGS-09092570,8.5,13.4,251.0,41.45,7.9,17700.0,14.35
2024-06-13 00:00:00+00:00,USGS-09092570,8.5,13.3,251.0,40.2,7.9,17600.0,14.33
2024-06-13 01:00:00+00:00,USGS-09092570,8.5,13.2,251.5,39.3,7.9,17450.0,14.285
2024-06-13 02:00:00+00:00,USGS-09092570,8.4,13.2,254.0,38.75,7.9,17300.0,14.25
2024-06-13 03:00:00+00:00,USGS-09092570,8.4,13.05,254.0,40.900000000000006,7.9,17250.0,14.225000000000001
2024-06-13 04:00:00+00:00,USGS-09092570,8.4,12.9,254.0,38.45,7.9,17150.0,14.195
2024-06-13 05:00:00+00:00,USGS-09092570,8.4,12.9,255.0,37.25,7.9,17050.0,14.165
2024-06-13 06:00:00+00:00,USGS-09092570,8.3,12.95,256.0,36.3,7.8,16900.0,14.13
2024-06-13 07:00:00+00:00,USGS-09092570,8.3,13.05,256.0,35.25,7.8,16900.0,14.13
2024-06-13 08:00:00+00:00,USGS-09092570,8.3,13.1,256.0,34.75,7.8,16900.0,14.11
2024-06-13 09:00:00+00:00,USGS-09092570,8.3,13.1,255.0,34.9,7.8,16900.0,14.11
2024-06-13 10:00:00+00:00,USGS-09092570,8.3,13.0,255.5,34.05,7.8,16850.0,14.105
2024-06-13 11:00:00+00:00,USGS-09092570,8.3,12.9,257.0,32.8,7.8,16900.0,14.11
2024-06-13 12:00:00+00:00,USGS-09092570,8.3,12.75,260.5,33.1,7.8,16900.0,14.114999999999998
2024-06-13 13:00:00+00:00,USGS-09092570,8.4,12.6,264.0,33.95,7.8,16900.0,14.12
2024-06-13 14:00:00+00:00,USGS-09092570,8.4,12.5,257.5,34.55,7.8,17000.0,14.145
2024-06-13 15:00:00+00:00,USGS-09092570,8.5,12.5,253.0,34.150000000000006,7.8,17050.0,14.17
2024-06-13 16:00:00+00:00,USGS-09092570,8.5,12.5,252.5,37.0,7.8,17100.0,14.19
2024-06-13 17:00:00+00:00,USGS-09092570,8.5,12.7,255.0,38.0,7.8,17200.0,14.2
2024-06-13 18:00:00+00:00,USGS-09092570,8.6,12.850000000000001,254.5,38.75,7.8,17250.0,14.225000000000001
2024-06-13 19:00:00+00:00,USGS-09092570,8.6,13.05,253.0,38.1,7.8,17300.0,14.24
2024-06-13 20:00:00+00:00,USGS-09092570,8.6,13.2,252.0,38.25,7.8,17300.0,14.245000000000001
2024-06-13 21:00:00+00:00,USGS-09092570,8.6,13.4,252.0,37.35,7.9,17300.0,14.245000000000001
2024-06-13 22:00:00+00:00,USGS-09092570,8.55,13.45,253.5,36.5,7.9,17300.0,14.24
2024-06-13 23:00:00+00:00,USGS-09092570,8.5,13.4,253.0,36.349999999999994,7.9,17200.0,14.21
2024-06-14 00:00:00+00:00,USGS-09092570,8.5,13.4,253.0,36.25,7.9,17100.0,14.175
2024-06-14 01:00:00+00:00,USGS-09092570,8.5,13.3,253.0,34.1,7.9,17000.0,14.15
2024-06-14 02:00:00+00:00,USGS-09092570,8.45,13.2,253.0,33.9,7.9,16900.0,14.12
2024-06-14 03:00:00+00:00,USGS-09092570,8.4,13.1,254.0,33.5,7.9,16800.0,14.085
2024-06-14 04:00:00+00:00,USGS-09092570,8.4,13.1,255.0,33.2,7.9,16600.0,14.04
2024-06-14 05:00:00+00:00,USGS-09092570,8.4,13.1,255.5,33.7,7.9,16500.0,14.01
2024-06-14 06:00:00+00:00,USGS-09092570,8.3,13.149999999999999,257.0,32.2,7.9,16500.0,14.0
2024-06-14 07:00:00+00:00,USGS-09092570,8.3,13.2,257.5,31.200000000000003,7.9,16400.0,13.97
2024-06-14 08:00:00+00:00,USGS-09092570,8.3,13.3,259.0,31.85,7.9,16400.0,13.97
2024-06-14 09:00:00+00:00,USGS-09092570,8.2,13.4,259.0,31.299999999999997,7.9,16400.0,13.98
2024-06-14 10:00:00+00:00,USGS-09092570,8.2,13.4,259.0,30.8,7.9,16400.0,13.98
2024-06-14 11:00:00+00:00,USGS-09092570,8.2,13.5,259.0,31.25,7.9,16500.0,14.0
2024-06-14 12:00:00+00:00,USGS-09092570,8.2,13.5,259.0,31.2,7.9,16600.0,14.04
2024-06-14 13:00:00+00:00,USGS-09092570,8.3,13.4,258.0,33.4,7.9,16700.0,14.065000000000001
2024-06-14 14:00:00+00:00,USGS-09092570,8.3,13.25,258.0,31.85,7.9,16800.0,14.08
2024-06-14 15:00:00+00:00,USGS-09092570,8.3,13.1,257.0,34.1,7.9,16900.0,14.125
2024-06-14 16:00:00+00:00,USGS-09092570,8.4,12.9,256.0,32.8,7.8,17000.0,14.15
2024-06-14 17:00:00+00:00,USGS-09092570,8.4,12.8,254.5,35.3,7.8,17100.0,14.18
2024-06-14 18:00:00+00:00,USGS-09092570,8.5,12.8,254.0,35.5,7.8,17150.0,14.195
2024-06-14 19:00:00+00:00,USGS-09092570,8.5,12.8,253.0,36.4,7.8,17100.0,14.184999999999999
2024-06-14 20:00:00+00:00,USGS-09092570,8.5,12.9,252.0,35.55,7.8,17100.0,14.175
2024-06-14 21:00:00+00:00,USGS-09092570,8.5,13.1,252.0,35.9,7.85,17100.0,14.184999999999999
2024-06-14 22:00:00+00:00,USGS-09092570,8.5,13.2,252.0,37.25,7.9,17100.0,14.175
2024-06-14 23:00:00+00:00,USGS-09092570,8.5,13.149999999999999,252.0,36.400000000000006,7.9,17100.0,14.17
2024-06-15 00:00:00+00:00,USGS-09092570,8.5,13.05,253.0,33.95,7.9,16950.0,14.135000000000002
2024-06-15 01:00:00+00:00,USGS-09092570,8.5,12.850000000000001,252.0,32.35,7.9,16900.0,14.11
2024-06-15 02:00:00+00:00,USGS-09092570,8.5,12.55,252.0,33.3,7.9,16800.0,14.09
2024-06-15 03:00:00+00:00,USGS-09092570,8.5,12.350000000000001,252.5,31.299999999999997,7.9,16700.0,14.05
2024-06-15 04:00:00+00:00,USGS-09092570,8.5,12.25,254.5,31.549999999999997,7.85,16600.0,14.02
2024-06-15 05:00:00+00:00,USGS-09092570,8.5,12.2,256.0,30.450000000000003,7.8,16500.0,13.99
2024-06-15 06:00:00+00:00,USGS-09092570,8.5,12.2,257.0,28.85,7.8,16350.0,13.95
2024-06-15 07:00:00+00:00,USGS-09092570,8.5,12.2,258.5,30.95,7.8,16100.0,13.885000000000002
2024-06-15 08:00:00+00:00,USGS-09092570,8.5,12.2,260.0,30.0,7.8,16000.0,13.855
2024-06-15 09:00:00+00:00,USGS-09092570,8.5,12.2,261.5,29.05,7.8,15900.0,13.825
2024-06-15 10:00:00+00:00,USGS-09092570,8.5,12.2,263.5,29.75,7.8,15900.0,13.815000000000001
2024-06-15 11:00:00+00:00,USGS-09092570,8.5,12.1,264.0,27.05,7.8,15800.0,13.8
2024-06-15 12:00:00+00:00,USGS-09092570,8.5,12.0,267.5,28.0,7.8,15750.0,13.774999999999999
2024-06-15 13:00:00+00:00,USGS-09092570,8.5,12.0,275.0,27.15,7.8,15700.0,13.76
2024-06-15 14:00:00+00:00,USGS-09092570,8.5,12.0,269.5,26.25,7.8,15700.0,13.76
2024-06-15 15:00:00+00:00,USGS-09092570,8.6,12.1,265.5,27.65,7.8,15700.0,13.754999999999999
2024-06-15 16:00:00+00:00,USGS-09092570,8.6,12.2,265.0,25.4,7.8,15700.0,13.75
2024-06-15 17:00:00+00:00,USGS-09092570,8.6,12.4,266.5,26.75,7.9,15600.0,13.735
2024-06-15 18:00:00+00:00,USGS-09092570,8.6,12.649999999999999,269.0,25.700000000000003,7.9,15600.0,13.74
2024-06-15 19:00:00+00:00,USGS-09092570,8.6,12.95,270.5,24.3,7.9,15600.0,13.73
2024-06-15 20:00:00+00:00,USGS-09092570,8.6,13.25,271.5,24.35,7.9,15500.0,13.705
2024-06-15 21:00:00+00:00,USGS-09092570,8.55,13.45,271.0,25.3,7.9,15400.0,13.68
2024-06-15 22:00:00+00:00,USGS-09092570,8.5,13.6,272.0,25.15,7.9,15300.0,13.65
2024-06-15 23:00:00+00:00,USGS-09092570,8.5,13.6,272.0,25.299999999999997,7.9,15250.0,13.625
2024-06-16 00:00:00+00:00,USGS-09092570,8.5,13.6,273.0,24.9,7.9,15100.0,13.58
2024-06-16 01:00:00+00:00,USGS-09092570,8.4,13.6,274.0,23.4,7.9,15000.0,13.56
2024-06-16 02:00:00+00:00,USGS-09092570,8.4,13.45,275.0,23.7,7.9,14900.0,13.524999999999999
2024-06-16 03:00:00+00:00,USGS-09092570,8.4,13.350000000000001,275.5,24.8,7.9,14800.0,13.5
2024-06-16 04:00:00+00:00,USGS-09092570,8.3,13.3,276.5,24.700000000000003,7.9,14700.0,13.45
2024-06-16 05:00:00+00:00,USGS-09092570,8.3,13.2,277.5,24.1,7.9,14600.0,13.44
2024-06-16 06:00:00+00:00,USGS-09092570,8.3,13.1,278.0,23.450000000000003,7.9,14600.0,13.43
2024-06-16 07:00:00+00:00,USGS-09092570,8.3,13.0,279.0,24.85,7.9,14500.0,13.41
2024-06-16 08:00:00+00:00,USGS-09092570,8.2,13.1,279.0,25.55,7.9,14500.0,13.41
2024-06-16 09:00:00+00:00,USGS-09092570,8.2,13.1,279.0,23.1,7.9,14550.0,13.415
2024-06-16 10:00:00+00:00,USGS-09092570,8.2,13.1,279.0,24.0,7.9,14600.0,13.43
2024-06-16 11:00:00+00:00,USGS-09092570,8.2,13.0,279.0,24.4,7.9,14600.0,13.44
2024-06-16 12:00:00+00:00,USGS-09092570,8.25,12.850000000000001,279.0,23.35,7.9,14700.0,13.46
2024-06-16 13:00:00+00:00,USGS-09092570,8.3,12.75,278.0,23.7,7.9,14700.0,13.47
2024-06-16 14:00:00+00:00,USGS-09092570,8.3,12.7,278.0,24.1,7.9,14800.0,13.49
2024-06-16 15:00:00+00:00,USGS-09092570,8.4,12.7,277.5,24.1,7.9,14850.0,13.504999999999999
2024-06-16 16:00:00+00:00,USGS-09092570,8.4,12.8,276.0,24.35,7.9,14900.0,13.51
2024-06-16 17:00:00+00:00,USGS-09092570,8.4,13.0,275.5,22.85,7.9,14900.0,13.53
2024-06-16 18:00:00+00:00,USGS-09092570,8.4,13.25,274.5,22.95,7.9,15000.0,13.54
2024-06-16 19:00:00+00:00,USGS-09092570,8.4,13.45,274.0,24.1,7.9,14950.0,13.535
2024-06-16 20:00:00+00:00,USGS-09092570,8.4,13.649999999999999,274.0,23.55,7.9,14900.0,13.51
2024-06-16 21:00:00+00:00,USGS-09092570,8.4,13.8,273.0,22.4,7.9,14800.0,13.5
2024-06-16 22:00:00+00:00,USGS-09092570,8.4,13.9,273.0,22.8,7.9,14800.0,13.49
2024-06-16 23:00:00+00:00,USGS-09092570,8.4,13.9,273.5,22.65,7.9,14700.0,13.455
2024-06-17 00:00:00+00:00,USGS-09092570,8.4,13.95,273.0,21.5,7.9,14600.0,13.434999999999999
2024-06-17 01:00:00+00:00,USGS-09092570,8.3,13.8,273.0,22.299999999999997,7.9,14500.0,13.395
2024-06-17 02:00:00+00:00,USGS-09092570,8.3,13.649999999999999,273.0,21.65,7.95,14400.0,13.37
2024-06-17 03:00:00+00:00,USGS-09092570,8.3,13.55,274.0,20.9,8.1,14300.0,13.34
2024-06-17 04:00:00+00:00,USGS-09092570,8.25,13.4,275.0,22.15,8.1,14200.0,13.3
2024-06-17 05:00:00+00:00,USGS-09092570,8.2,13.3,275.5,21.8,8.1,14100.0,13.28
2024-06-17 06:00:00+00:00,USGS-09092570,8.2,13.3,276.5,20.75,8.0,14000.0,13.25
2024-06-17 07:00:00+00:00,USGS-09092570,8.2,13.3,277.5,21.2,8.0,14000.0,13.24
2024-06-17 08:00:00+00:00,USGS-09092570,8.1,13.3,278.5,22.05,8.0,14000.0,13.23
2024-06-17 09:00:00+00:00,USGS-09092570,8.1,13.350000000000001,279.0,23.0,8.0,14000.0,13.25
2024-06-17 10:00:00+00:00,USGS-09092570,8.1,13.4,279.0,20.65,8.0,14100.0,13.28
2024-06-17 11:00:00+00:00,USGS-09092570,8.1,13.4,279.5,22.1,8.0,14200.0,13.31
2024-06-17 12:00:00+00:00,USGS-09092570,8.1,13.4,279.0,20.9,7.9,14300.0,13.34
2024-06-17 13:00:00+00:00,USGS-09092570,8.1,13.3,278.0,20.7,7.95,14400.0,13.37
2024-06-17 14:00:00+00:00,USGS-09092570,8.2,13.2,277.0,21.3,8.0,14500.0,13.4
2024-06-17 15:00:00+00:00,USGS-09092570,8.2,13.2,276.0,22.6,8.0,14650.0,13.44
2024-06-17 16:00:00+00:00,USGS-09092570,8.3,13.2,275.0,24.15,8.0,14700.0,13.47
2024-06-17 17:00:00+00:00,USGS-09092570,8.3,13.350000000000001,273.5,22.549999999999997,8.0,14800.0,13.49
2024-06-17 18:00:00+00:00,USGS-09092570,8.3,13.5,272.0,24.0,8.0,14800.0,13.5
2024-06-17 19:00:00+00:00,USGS-09092570,8.4,13.649999999999999,271.0,25.4,8.0,14800.0,13.5
2024-06-17 20:00:00+00:00,USGS-09092570,8.4,13.8,271.0,23.8,7.9,14800.0,13.485
2024-06-17 21:00:00+00:00,USGS-09092570,8.3,14.0,270.5,23.3,7.9,14600.0,13.43
2024-06-17 22:00:00+00:00,USGS-09092570,8.3,14.1,273.5,23.549999999999997,8.0,14500.0,13.4
2024-06-17 23:00:00+00:00,USGS-09092570,8.3,14.1,270.0,23.4,8.0,14400.0,13.37
2024-06-18 00:00:00+00:00,USGS-09092570,8.3,14.0,270.0,22.1,8.0,14150.0,13.29
2024-06-18 01:00:00+00:00,USGS-09092570,8.2,13.9,271.0,21.85,8.0,14100.0,13.28
2024-06-18 02:00:00+00:00,USGS-09092570,8.2,13.7,272.5,21.95,8.0,14100.0,13.27
2024-06-18 03:00:00+00:00,USGS-09092570,8.2,13.6,274.5,20.9,7.9,13900.0,13.21
2024-06-18 04:00:00+00:00,USGS-09092570,8.2,13.5,274.0,21.25,7.9,13800.0,13.175
2024-06-18 05:00:00+00:00,USGS-09092570,8.2,13.4,275.0,21.5,7.9,13600.0,13.13
2024-06-18 06:00:00+00:00,USGS-09092570,8.149999999999999,13.3,277.5,20.55,7.9,13500.0,13.1
2024-06-18 07:00:00+00:00,USGS-09092570,8.1,13.3,279.0,21.200000000000003,7.9,13400.0,13.065000000000001
2024-06-18 08:00:00+00:00,USGS-09092570,8.1,13.3,280.0,20.55,7.9,13400.0,13.06
2024-06-18 09:00:00+00:00,USGS-09092570,8.1,13.3,280.0,19.9,7.9,13400.0,13.06
2024-06-18 10:00:00+00:00,USGS-09092570,8.1,13.3,281.0,20.35,7.9,13400.0,13.065000000000001
2024-06-18 11:00:00+00:00,USGS-09092570,8.1,13.3,281.0,19.6,7.9,13500.0,13.08
2024-06-18 12:00:00+00:00,USGS-09092570,8.1,13.2,283.0,19.2,7.9,13550.0,13.11
2024-06-18 13:00:00+00:00,USGS-09092570,8.2,13.149999999999999,290.5,19.8,7.9,13650.0,13.14
2024-06-18 14:00:00+00:00,USGS-09092570,8.2,13.0,283.5,20.1,7.9,13750.0,13.165
2024-06-18 15:00:00+00:00,USGS-09092570,8.3,12.9,278.0,20.5,7.9,13800.0,13.19
2024-06-18 16:00:00+00:00,USGS-09092570,8.3,13.05,276.5,20.4,7.9,13900.0,13.21
2024-06-18 17:00:00+00:00,USGS-09092570,8.4,13.25,275.0,19.7,7.9,13950.0,13.225000000000001
2024-06-18 18:00:00+00:00,USGS-09092570,8.4,13.4,274.0,20.4,7.9,13950.0,13.225000000000001
2024-06-18 19:00:00+00:00,USGS-09092570,8.4,13.55,274.0,19.4,7.9,13950.0,13.225000000000001
2024-06-18 20:00:00+00:00,USGS-09092570,8.4,13.7,275.0,20.799999999999997,7.9,13950.0,13.225000000000001
2024-06-18 21:00:00+00:00,USGS-09092570,8.4,13.8,274.5,20.299999999999997,7.9,14000.0,13.24
2024-06-18 22:00:00+00:00,USGS-09092570,8.4,13.8,274.0,20.05,8.0,13800.0,13.17
2024-06-18 23:00:00+00:00,USGS-09092570,8.4,13.9,275.0,19.3,8.0,13500.0,13.085
2024-06-19 00:00:00+00:00,USGS-09092570,8.4,13.850000000000001,274.0,19.450000000000003,8.0,13500.0,13.08
2024-06-19 01:00:00+00:00,USGS-09092570,8.4,13.7,278.0,20.15,8.0,13400.0,13.07
2024-06-19 02:00:00+00:00,USGS-09092570,8.4,13.5,278.0,20.0,8.0,13400.0,13.045
2024-06-19 03:00:00+00:00,USGS-09092570,8.4,13.350000000000001,279.0,18.450000000000003,7.95,13200.0,12.99
2024-06-19 04:00:00+00:00,USGS-09092570,8.3,13.2,280.0,19.35,7.9,13050.0,12.94
2024-06-19 05:00:00+00:00,USGS-09092570,8.3,13.0,281.5,18.6,7.9,12900.0,12.89
2024-06-19 06:00:00+00:00,USGS-09092570,8.3,12.9,283.5,19.4,7.9,12800.0,12.855
2024-06-19 07:00:00+00:00,USGS-09092570,8.3,12.8,285.0,19.4,7.9,12700.0,12.825
2024-06-19 08:00:00+00:00,USGS-09092570,8.3,12.8,286.5,19.4,7.9,12600.0,12.8
2024-06-19 09:00:00+00:00,USGS-09092570,8.3,12.7,288.5,19.2,7.9,12550.0,12.785
2024-06-19 10:00:00+00:00,USGS-09092570,8.3,12.8,290.0,19.049999999999997,7.9,12500.0,12.77
2024-06-19 11:00:00+00:00,USGS-09092570,8.3,12.8,291.5,19.950000000000003,7.9,12500.0,12.77
2024-06-19 12:00:00+00:00,USGS-09092570,8.3,12.8,293.0,19.200000000000003,7.9,12500.0,12.765
2024-06-19 13:00:00+00:00,USGS-09092570,8.3,12.8,294.0,17.25,7.9,12500.0,12.78
2024-06-19 14:00:00+00:00,USGS-09092570,8.3,12.8,294.0,18.05,7.9,12500.0,12.77
2024-06-19 15:00:00+00:00,USGS-09092570,8.4,12.8,294.0,17.5,7.9,12500.0,12.77
2024-06-19 16:00:00+00:00,USGS-09092570,8.4,12.8,294.0,17.15,7.9,12500.0,12.765
2024-06-19 17:00:00+00:00,USGS-09092570,8.4,12.95,294.5,18.75,7.9,12400.0,12.75
2024-06-19 18:00:00+00:00,USGS-09092570,8.5,13.2,294.0,17.25,7.9,12400.0,12.725000000000001
2024-06-19 19:00:00+00:00,USGS-09092570,8.5,13.3,295.0,18.0,7.9,12350.0,12.715
2024-06-19 20:00:00+00:00,USGS-09092570,8.5,13.55,295.0,18.0,7.9,12400.0,12.72
2024-06-19 21:00:00+00:00,USGS-09092570,8.5,13.8,296.5,17.0,7.9,12300.0,12.695
2024-06-19 22:00:00+00:00,USGS-09092570,8.5,13.9,298.0,17.8,7.9,12200.0,12.67
2024-06-19 23:00:00+00:00,USGS-09092570,8.5,13.850000000000001,298.0,17.1,7.9,12100.0,12.635000000000002
2024-06-20 00:00:00+00:00,USGS-09092570,8.5,13.6,298.0,18.4,7.9,12000.0,12.605
2024-06-20 01:00:00+00:00,USGS-09092570,8.45,13.4,299.0,17.25,7.9,11900.0,12.57
2024-06-20 02:00:00+00:00,USGS-09092570,8.4,13.3,300.0,17.25,7.9,11800.0,12.545
2024-06-20 03:00:00+00:00,USGS-09092570,8.4,13.05,301.0,17.8,7.9,11700.0,12.504999999999999
2024-06-20 04:00:00+00:00,USGS-09092570,8.4,12.850000000000001,301.0,16.65,7.9,11600.0,12.465
2024-06-20 05:00:00+00:00,USGS-09092570,8.4,12.75,302.0,16.9,7.9,11500.0,12.44
2024-06-20 06:00:00+00:00,USGS-09092570,8.4,12.55,305.0,16.1,7.9,11400.0,12.405000000000001
2024-06-20 07:00:00+00:00,USGS-09092570,8.4,12.45,306.0,16.95,7.9,11300.0,12.38
2024-06-20 08:00:00+00:00,USGS-09092570,8.4,12.5,307.0,16.15,7.9,11300.0,12.37
2024-06-20 09:00:00+00:00,USGS-09092570,8.4,12.5,309.0,15.9,7.9,11250.0,12.355
2024-06-20 10:00:00+00:00,USGS-09092570,8.4,12.6,310.5,15.95,7.9,11200.0,12.34
2024-06-20 11:00:00+00:00,USGS-09092570,8.3,12.7,312.0,15.850000000000001,7.9,11200.0,12.34
2024-06-20 12:00:00+00:00,USGS-09092570,8.3,12.7,313.0,16.7,7.9,11200.0,12.33
2024-06-20 13:00:00+00:00,USGS-09092570,8.3,12.8,318.5,16.3,7.9,11200.0,12.33
2024-06-20 14:00:00+00:00,USGS-09092570,8.3,12.95,329.0,15.8,7.9,11200.0,12.34
2024-06-20 15:00:00+00:00,USGS-09092570,8.3,13.149999999999999,316.0,15.1,7.9,11200.0,12.33
2024-06-20 16:00:00+00:00,USGS-09092570,8.4,13.350000000000001,309.0,16.1,7.9,11200.0,12.33
2024-06-20 17:00:00+00:00,USGS-09092570,8.4,13.649999999999999,310.5,17.0,7.9,11200.0,12.33
2024-06-20 18:00:00+00:00,USGS-09092570,8.4,13.9,315.0,14.850000000000001,7.9,11200.0,12.33
2024-06-20 19:00:00+00:00,USGS-09092570,8.4,14.25,317.0,15.35,7.9,11100.0,12.31
2024-06-20 20:00:00+00:00,USGS-09092570,8.4,14.2,317.0,14.9,7.9,11050.0,12.285
2024-06-20 21:00:00+00:00,USGS-09092570,8.4,14.3,317.0,14.45,7.9,11000.0,12.27
2024-06-20 22:00:00+00:00,USGS-09092570,8.4,14.149999999999999,317.0,14.6,7.9,11000.0,12.28
2024-06-20 23:00:00+00:00,USGS-09092570,8.3,14.05,317.5,13.55,7.9,11000.0,12.27
2024-06-21 00:00:00+00:00,USGS-09092570,8.3,13.850000000000001,319.0,13.7,7.9,10900.0,12.25
2024-06-21 01:00:00+00:00,USGS-09092570,8.3,13.7,319.0,14.7,7.9,10900.0,12.245000000000001
2024-06-21 02:00:00+00:00,USGS-09092570,8.3,13.55,319.5,22.0,7.9,10900.0,12.235
2024-06-21 03:00:00+00:00,USGS-09092570,8.3,13.6,320.5,120.5,7.9,10750.0,12.184999999999999
2024-06-21 04:00:00+00:00,USGS-09092570,8.2,13.6,322.5,48.85,7.9,10700.0,12.175
2024-06-21 05:00:00+00:00,USGS-09092570,8.2,13.7,323.5,29.85,7.9,10800.0,12.21
2024-06-21 06:00:00+00:00,USGS-09092570,8.2,13.7,325.5,33.25,7.9,10900.0,12.22
2024-06-21 07:00:00+00:00,USGS-09092570,8.2,13.7,328.0,49.7,7.9,10900.0,12.22
2024-06-21 08:00:00+00:00,USGS-09092570,8.2,13.7,327.0,74.1,7.9,10900.0,12.23
2024-06-21 09:00:00+00:00,USGS-09092570,8.2,13.7,326.0,96.15,7.9,10900.0,12.24
2024-06-21 10:00:00+00:00,USGS-09092570,8.2,13.649999999999999,325.5,61.849999999999994,7.9,11100.0,12.3
2024-06-21 11:00:00+00:00,USGS-09092570,8.2,13.6,326.0,67.9,7.9,11200.0,12.34
2024-06-21 12:00:00+00:00,USGS-09092570,8.2,13.5,327.0,60.4,7.9,11300.0,12.375
2024-06-21 13:00:00+00:00,USGS-09092570,8.2,13.5,324.5,44.1,7.9,11450.0,12.42
2024-06-21 14:00:00+00:00,USGS-09092570,8.2,13.5,321.0,37.8,7.9,11600.0,12.465
2024-06-21 15:00:00+00:00,USGS-09092570,8.3,13.4,318.0,35.05,7.9,11700.0,12.51
2024-06-21 16:00:00+00:00,USGS-09092570,8.3,13.4,315.5,32.1,7.9,11850.0,12.555
2024-06-21 17:00:00+00:00,USGS-09092570,8.350000000000001,13.4,312.5,30.25,7.9,12000.0,12.594999999999999
2024-06-21 18:00:00+00:00,USGS-09092570,8.4,13.25,309.5,29.7,7.9,12000.0,12.61
2024-06-21 19:00:00+00:00,USGS-09092570,8.4,13.149999999999999,306.5,28.85,7.9,12100.0,12.62
2024-06-21 20:00:00+00:00,USGS-09092570,8.4,13.1,305.0,28.7,7.9,12100.0,12.64
2024-06-21 21:00:00+00:00,USGS-09092570,8.5,13.1,304.5,28.25,7.9,12200.0,12.665
2024-06-21 22:00:00+00:00,USGS-09092570,8.5,13.149999999999999,302.0,31.549999999999997,7.9,12200.0,12.675
2024-06-21 23:00:00+00:00,USGS-09092570,8.5,13.3,300.5,31.4,7.9,12200.0,12.67
2024-06-22 00:00:00+00:00,USGS-09092570,8.5,13.3,300.0,31.1,7.9,12100.0,12.65
2024-06-22 01:00:00+00:00,USGS-09092570,8.5,13.2,300.0,26.549999999999997,7.9,12100.0,12.625
2024-06-22 02:00:00+00:00,USGS-09092570,8.5,13.2,299.5,24.9,7.9,12100.0,12.62
2024-06-22 03:00:00+00:00,USGS-09092570,8.4,13.1,299.5,24.5,7.9,12000.0,12.61
2024-06-22 04:00:00+00:00,USGS-09092570,8.4,13.0,300.0,24.450000000000003,7.9,12000.0,12.605
2024-06-22 05:00:00+00:00,USGS-09092570,8.4,12.9,300.0,25.75,7.9,11900.0,12.58
2024-06-22 06:00:00+00:00,USGS-09092570,8.4,12.8,300.0,30.25,7.9,11900.0,12.56
2024-06-22 07:00:00+00:00,USGS-09092570,8.4,12.8,301.0,31.85,7.9,11900.0,12.56
2024-06-22 08:00:00+00:00,USGS-09092570,8.4,12.8,301.0,24.5,7.9,11800.0,12.55
2024-06-22 09:00:00+00:00,USGS-09092570,8.4,12.7,302.0,22.1,7.9,11800.0,12.54
2024-06-22 10:00:00+00:00,USGS-09092570,8.4,12.7,303.0,21.6,7.9,11900.0,12.565000000000001
2024-06-22 11:00:00+00:00,USGS-09092570,8.4,12.649999999999999,303.0,21.7,7.9,11900.0,12.58
2024-06-22 12:00:00+00:00,USGS-09092570,8.4,12.6,303.0,21.4,7.9,12100.0,12.625
2024-06-22 13:00:00+00:00,USGS-09092570,8.4,12.6,308.0,20.950000000000003,7.9,12200.0,12.66
2024-06-22 14:00:00+00:00,USGS-09092570,8.4,12.649999999999999,314.5,21.8,7.9,12500.0,12.76
2024-06-22 15:00:00+00:00,USGS-09092570,8.5,12.75,297.5,23.75,7.9,12600.0,12.805
2024-06-22 16:00:00+00:00,USGS-09092570,8.5,12.95,291.0,24.35,7.9,12800.0,12.855
2024-06-22 17:00:00+00:00,USGS-09092570,8.5,13.25,290.5,24.9,7.9,12900.0,12.9
2024-06-22 18:00:00+00:00,USGS-09092570,8.5,13.45,292.0,36.599999999999994,7.9,13000.0,12.93
2024-06-22 19:00:00+00:00,USGS-09092570,8.45,13.649999999999999,292.0,83.0,7.9,13100.0,12.95
2024-06-22 20:00:00+00:00,USGS-09092570,8.4,13.95,291.5,140.5,7.9,13100.0,12.96
2024-06-22 21:00:00+00:00,USGS-09092570,8.4,14.2,289.0,128.5,7.9,13100.0,12.97
2024-06-22 22:00:00+00:00,USGS-09092570,8.4,14.3,288.0,93.6,7.9,13100.0,12.96
2024-06-22 23:00:00+00:00,USGS-09092570,8.4,14.3,288.0,76.15,7.9,13050.0,12.945
2024-06-23 00:00:00+00:00,USGS-09092570,8.350000000000001,14.3,287.0,62.5,7.9,13000.0,12.934999999999999
2024-06-23 01:00:00+00:00,USGS-09092570,8.3,14.25,286.0,56.65,7.9,12900.0,12.905000000000001
2024-06-23 02:00:00+00:00,USGS-09092570,8.3,14.149999999999999,285.5,44.45,7.9,12800.0,12.87
2024-06-23 03:00:00+00:00,USGS-09092570,8.3,14.0,285.0,42.1,7.9,12800.0,12.85
2024-06-23 04:00:00+00:00,USGS-09092570,8.3,13.850000000000001,285.0,38.1,7.9,12650.0,12.815000000000001
2024-06-23 05:00:00+00:00,USGS-09092570,8.3,13.7,285.5,36.85,7.9,12500.0,12.774999999999999
2024-06-23 06:00:00+00:00,USGS-09092570,8.3,13.6,287.5,31.55,7.9,12500.0,12.76
2024-06-23 07:00:00+00:00,USGS-09092570,8.3,13.45,288.0,31.1,7.9,12400.0,12.74
2024-06-23 08:00:00+00:00,USGS-09092570,8.3,13.4,289.0,28.15,7.9,12350.0,12.715
2024-06-23 09:00:00+00:00,USGS-09092570,8.3,13.5,289.0,28.85,7.9,12300.0,12.7
2024-06-23 10:00:00+00:00,USGS-09092570,8.2,13.5,290.0,25.7,7.9,12250.0,12.684999999999999
2024-06-23 11:00:00+00:00,USGS-09092570,8.2,13.5,291.0,23.85,7.9,12200.0,12.675
2024-06-23 12:00:00+00:00,USGS-09092570,8.3,13.4,292.0,23.45,7.9,12200.0,12.67
2024-06-23 13:00:00+00:00,USGS-09092570,8.3,13.3,293.0,23.95,7.9,12200.0,12.66
2024-06-23 14:00:00+00:00,USGS-09092570,8.3,13.3,294.5,26.15,7.9,12200.0,12.66
2024-06-23 15:00:00+00:00,USGS-09092570,8.4,13.4,295.0,23.95,7.9,12100.0,12.65
2024-06-23 16:00:00+00:00,USGS-09092570,8.4,13.5,295.0,22.9,7.9,12100.0,12.65
2024-06-23 17:00:00+00:00,USGS-09092570,8.4,13.75,295.0,22.4,7.9,12100.0,12.64
2024-06-23 18:00:00+00:00,USGS-09092570,8.4,14.05,296.0,21.1,7.9,12100.0,12.62
2024-06-23 19:00:00+00:00,USGS-09092570,8.4,14.350000000000001,297.0,20.4,7.9,12000.0,12.605
2024-06-23 20:00:00+00:00,USGS-09092570,8.4,14.75,298.0,19.55,7.9,11900.0,12.57
2024-06-23 21:00:00+00:00,USGS-09092570,8.4,14.95,298.5,19.5,7.9,11800.0,12.55
2024-06-23 22:00:00+00:00,USGS-09092570,8.4,15.1,300.0,18.95,7.9,11800.0,12.53
2024-06-23 23:00:00+00:00,USGS-09092570,8.3,15.0,302.0,20.0,8.0,11700.0,12.515
2024-06-24 00:00:00+00:00,USGS-09092570,8.3,14.95,303.5,17.950000000000003,8.0,11700.0,12.495000000000001
2024-06-24 01:00:00+00:00,USGS-09092570,8.3,14.8,305.5,16.45,8.0,11650.0,12.48
2024-06-24 02:00:00+00:00,USGS-09092570,8.2,14.55,306.0,16.75,7.9,11600.0,12.47
2024-06-24 03:00:00+00:00,USGS-09092570,8.2,14.3,307.0,17.3,7.9,11600.0,12.46
2024-06-24 04:00:00+00:00,USGS-09092570,8.2,14.3,308.0,16.35,7.9,11500.0,12.44
2024-06-24 05:00:00+00:00,USGS-09092570,8.2,14.3,309.0,17.1,7.9,11450.0,12.425
2024-06-24 06:00:00+00:00,USGS-09092570,8.1,14.3,310.0,17.950000000000003,7.9,11400.0,12.415
2024-06-24 07:00:00+00:00,USGS-09092570,8.1,14.25,310.0,16.0,7.9,11400.0,12.41
2024-06-24 08:00:00+00:00,USGS-09092570,8.1,14.2,309.5,16.3,7.9,11400.0,12.4
2024-06-24 09:00:00+00:00,USGS-09092570,8.1,14.1,310.0,15.899999999999999,7.9,11400.0,12.42
2024-06-24 10:00:00+00:00,USGS-09092570,8.1,14.1,311.0,15.8,7.9,11500.0,12.43
2024-06-24 11:00:00+00:00,USGS-09092570,8.1,14.1,312.0,15.45,7.9,11500.0,12.45
2024-06-24 12:00:00+00:00,USGS-09092570,8.1,14.1,311.0,15.45,7.9,11600.0,12.46
2024-06-24 13:00:00+00:00,USGS-09092570,8.1,14.1,310.0,17.65,7.9,11600.0,12.48
2024-06-24 14:00:00+00:00,USGS-09092570,8.1,14.2,309.5,18.35,7.9,11700.0,12.49
2024-06-24 15:00:00+00:00,USGS-09092570,8.149999999999999,14.350000000000001,309.0,17.8,7.9,11700.0,12.5
2024-06-24 16:00:00+00:00,USGS-09092570,8.2,14.5,308.0,21.3,7.9,11700.0,12.5
2024-06-24 17:00:00+00:00,USGS-09092570,8.2,14.7,308.0,23.8,7.9,11700.0,12.52
2024-06-24 18:00:00+00:00,USGS-09092570,8.2,14.95,308.0,38.95,7.9,11700.0,12.51
2024-06-24 19:00:00+00:00,USGS-09092570,8.2,15.25,307.0,32.0,7.9,11700.0,12.5
2024-06-24 20:00:00+00:00,USGS-09092570,8.2,15.55,307.5,22.200000000000003,7.9,11700.0,12.5
2024-06-24 21:00:00+00:00,USGS-09092570,8.2,15.75,308.0,18.85,8.0,11600.0,12.47
2024-06-24 22:00:00+00:00,USGS-09092570,8.2,15.8,308.0,18.1,8.0,11500.0,12.45
2024-06-24 23:00:00+00:00,USGS-09092570,8.2,15.649999999999999,310.5,16.35,8.0,11400.0,12.4
2024-06-25 00:00:00+00:00,USGS-09092570,8.2,15.45,312.0,15.55,8.0,11400.0,12.395
2024-06-25 01:00:00+00:00,USGS-09092570,8.1,15.4,312.0,16.05,8.0,11300.0,12.38
2024-06-25 02:00:00+00:00,USGS-09092570,8.1,15.3,313.0,15.05,8.0,11250.0,12.355
2024-06-25 03:00:00+00:00,USGS-09092570,8.1,15.05,315.0,14.5,7.9,11100.0,12.31
2024-06-25 04:00:00+00:00,USGS-09092570,8.05,14.850000000000001,315.0,14.8,7.9,11050.0,12.285
2024-06-25 05:00:00+00:00,USGS-09092570,8.0,14.8,316.0,14.6,7.9,11000.0,12.265
2024-06-25 06:00:00+00:00,USGS-09092570,8.0,14.7,317.0,16.0,7.9,10900.0,12.24
2024-06-25 07:00:00+00:00,USGS-09092570,8.0,14.649999999999999,318.0,16.1,7.9,10900.0,12.235
2024-06-25 08:00:00+00:00,USGS-09092570,8.0,14.6,320.0,15.3,7.9,10900.0,12.23
2024-06-25 09:00:00+00:00,USGS-09092570,8.0,14.6,321.0,15.3,7.9,10900.0,12.23
2024-06-25 10:00:00+00:00,USGS-09092570,8.0,14.6,322.0,14.55,7.9,10900.0,12.23
2024-06-25 11:00:00+00:00,USGS-09092570,8.0,14.6,322.0,14.2,7.9,10900.0,12.24
2024-06-25 12:00:00+00:00,USGS-09092570,8.0,14.6,322.0,14.0,7.9,11000.0,12.26
2024-06-25 13:00:00+00:00,USGS-09092570,8.0,14.55,322.0,15.799999999999999,7.9,11000.0,12.274999999999999
2024-06-25 14:00:00+00:00,USGS-09092570,8.05,14.5,322.0,13.4,7.9,11000.0,12.28
2024-06-25 15:00:00+00:00,USGS-09092570,8.1,14.649999999999999,321.0,14.3,7.9,11100.0,12.3
2024-06-25 16:00:00+00:00,USGS-09092570,8.1,14.850000000000001,321.0,14.149999999999999,7.9,11100.0,12.31
2024-06-25 17:00:00+00:00,USGS-09092570,8.2,15.05,320.0,13.6,7.9,11100.0,12.32
2024-06-25 18:00:00+00:00,USGS-09092570,8.2,15.350000000000001,321.5,19.05,7.9,11100.0,12.315000000000001
2024-06-25 19:00:00+00:00,USGS-09092570,8.2,15.6,322.0,20.5,7.9,11100.0,12.3
2024-06-25 20:00:00+00:00,USGS-09092570,8.2,15.9,322.0,17.85,8.0,10750.0,12.184999999999999
2024-06-25 21:00:00+00:00,USGS-09092570,8.2,16.15,321.0,15.3,8.0,10850.0,12.225000000000001
2024-06-25 22:00:00+00:00,USGS-09092570,8.2,16.1,321.0,14.100000000000001,8.0,10900.0,12.24
2024-06-25 23:00:00+00:00,USGS-09092570,8.2,16.0,324.0,13.7,8.0,10800.0,12.21
2024-06-26 00:00:00+00:00,USGS-09092570,8.149999999999999,15.95,327.5,13.100000000000001,8.0,10700.0,12.18
2024-06-26 01:00:00+00:00,USGS-09092570,8.1,15.850000000000001,325.0,14.05,8.0,10600.0,12.15
2024-06-26 02:00:00+00:00,USGS-09092570,8.1,15.75,325.5,14.45,8.0,10500.0,12.11
2024-06-26 03:00:00+00:00,USGS-09092570,8.0,15.6,327.0,13.9,8.0,10450.0,12.085
2024-06-26 04:00:00+00:00,USGS-09092570,8.0,15.5,329.0,13.5,8.0,10350.0,12.045
2024-06-26 05:00:00+00:00,USGS-09092570,8.0,15.3,331.0,13.850000000000001,7.9,10250.0,12.015
2024-06-26 06:00:00+00:00,USGS-09092570,7.9,15.2,333.0,13.55,7.9,10200.0,12.0
2024-06-26 07:00:00+00:00,USGS-09092570,7.9,15.2,334.5,11.6,7.9,10200.0,11.98
2024-06-26 08:00:00+00:00,USGS-09092570,7.9,15.1,336.5,12.100000000000001,7.9,10100.0,11.96
2024-06-26 09:00:00+00:00,USGS-09092570,7.9,15.05,337.5,13.15,7.9,10100.0,11.95
2024-06-26 10:00:00+00:00,USGS-09092570,7.9,15.0,339.0,12.3,7.9,10100.0,11.955
2024-06-26 11:00:00+00:00,USGS-09092570,7.9,15.0,340.5,13.65,7.9,10100.0,11.955
2024-06-26 12:00:00+00:00,USGS-09092570,7.9,15.0,341.0,12.5,7.9,10100.0,11.97
2024-06-26 13:00:00+00:00,USGS-09092570,7.9,15.0,344.0,12.4,7.9,10200.0,11.98
2024-06-26 14:00:00+00:00,USGS-09092570,8.0,15.0,356.5,11.65,7.9,10200.0,11.98
2024-06-26 15:00:00+00:00,USGS-09092570,8.0,15.149999999999999,349.5,12.15,7.9,10200.0,11.99
2024-06-26 16:00:00+00:00,USGS-09092570,8.0,15.3,337.5,14.6,7.9,10200.0,11.99
2024-06-26 17:00:00+00:00,USGS-09092570,8.1,15.45,336.0,11.75,7.9,10200.0,11.99
2024-06-26 18:00:00+00:00,USGS-09092570,8.1,15.55,338.5,12.350000000000001,8.0,10100.0,11.97
2024-06-26 19:00:00+00:00,USGS-09092570,8.149999999999999,15.7,341.5,12.6,8.0,10000.0,11.93
2024-06-26 20:00:00+00:00,USGS-09092570,8.2,15.95,343.5,13.9,8.0,10000.0,11.94
2024-06-26 21:00:00+00:00,USGS-09092570,8.2,16.15,344.5,14.05,8.0,10050.0,11.945
2024-06-26 22:00:00+00:00,USGS-09092570,8.149999999999999,16.299999999999997,344.5,14.0,8.0,9980.0,11.92
2024-06-26 23:00:00+00:00,USGS-09092570,8.1,16.6,347.5,13.85,8.0,9795.0,11.855
2024-06-27 00:00:00+00:00,USGS-09092570,8.1,16.6,348.0,13.8,8.0,9780.0,11.85
2024-06-27 01:00:00+00:00,USGS-09092570,8.0,16.25,348.0,14.3,8.0,9770.0,11.844999999999999
2024-06-27 02:00:00+00:00,USGS-09092570,8.0,15.75,350.5,13.65,8.0,9685.0,11.815000000000001
2024-06-27 03:00:00+00:00,USGS-09092570,8.0,15.7,354.0,14.649999999999999,8.0,9575.0,11.774999999999999
2024-06-27 04:00:00+00:00,USGS-09092570,7.9,15.6,354.0,13.8,8.0,9530.0,11.76
2024-06-27 05:00:00+00:00,USGS-09092570,7.9,15.5,354.5,13.55,8.0,9455.0,11.735
2024-06-27 06:00:00+00:00,USGS-09092570,7.9,15.5,357.0,12.4,7.9,9390.0,11.71
2024-06-27 07:00:00+00:00,USGS-09092570,7.9,15.3,358.5,13.8,7.9,9360.0,11.7
2024-06-27 08:00:00+00:00,USGS-09092570,7.9,15.3,360.5,14.4,7.9,9330.0,11.69
2024-06-27 09:00:00+00:00,USGS-09092570,7.8,15.350000000000001,366.5,14.3,7.9,9300.0,11.68
2024-06-27 10:00:00+00:00,USGS-09092570,7.8,15.45,366.5,14.3,7.9,9300.0,11.68
2024-06-27 11:00:00+00:00,USGS-09092570,7.8,15.5,367.0,14.1,7.9,9345.0,11.695
2024-06-27 12:00:00+00:00,USGS-09092570,7.8,15.4,367.5,14.1,7.9,9430.0,11.725000000000001
2024-06-27 13:00:00+00:00,USGS-09092570,7.8,15.4,367.0,12.9,7.9,9470.0,11.74
2024-06-27 14:00:00+00:00,USGS-09092570,7.8,15.4,368.0,13.5,7.9,9500.0,11.75
2024-06-27 15:00:00+00:00,USGS-09092570,7.9,15.4,367.5,13.15,7.9,9530.0,11.76
2024-06-27 16:00:00+00:00,USGS-09092570,7.9,15.55,364.5,13.9,7.9,9560.0,11.77
2024-06-27 17:00:00+00:00,USGS-09092570,8.0,15.75,363.0,14.05,7.9,9560.0,11.77
2024-06-27 18:00:00+00:00,USGS-09092570,8.0,16.0,362.0,13.1,8.0,9575.0,11.774999999999999
2024-06-27 19:00:00+00:00,USGS-09092570,8.1,16.35,361.5,14.0,8.0,9545.0,11.765
2024-06-27 20:00:00+00:00,USGS-09092570,8.1,16.75,361.0,13.2,8.0,9500.0,11.75
2024-06-27 21:00:00+00:00,USGS-09092570,8.1,17.05,362.0,13.7,8.0,9485.0,11.745000000000001
2024-06-27 22:00:00+00:00,USGS-09092570,8.05,17.2,363.0,14.0,8.1,9470.0,11.74
2024-06-27 23:00:00+00:00,USGS-09092570,8.0,17.1,363.5,13.3,8.1,9455.0,11.735
2024-06-28 00:00:00+00:00,USGS-09092570,8.0,16.85,364.5,13.25,8.1,9420.0,11.72
2024-06-28 01:00:00+00:00,USGS-09092570,7.9,16.55,365.0,12.850000000000001,8.1,9420.0,11.72
2024-06-28 02:00:00+00:00,USGS-09092570,7.9,16.3,366.0,12.75,8.0,9375.0,11.705
2024-06-28 03:00:00+00:00,USGS-09092570,7.8,16.1,367.0,12.95,8.0,9330.0,11.69
2024-06-28 04:00:00+00:00,USGS-09092570,7.8,15.9,367.5,12.7,8.0,9300.0,11.68
2024-06-28 05:00:00+00:00,USGS-09092570,7.8,15.7,368.0,13.2,8.0,9280.0,11.67
2024-06-28 06:00:00+00:00,USGS-09092570,7.8,15.5,369.5,13.3,8.0,9280.0,11.67
2024-06-28 07:00:00+00:00,USGS-09092570,7.8,15.3,371.0,12.850000000000001,7.9,9250.0,11.66
2024-06-28 08:00:00+00:00,USGS-09092570,7.8,15.2,372.5,13.15,7.9,9250.0,11.66
2024-06-28 09:00:00+00:00,USGS-09092570,7.8,15.2,372.5,13.3,7.9,9290.0,11.675
2024-06-28 10:00:00+00:00,USGS-09092570,7.8,15.2,371.0,13.2,7.9,9345.0,11.695
2024-06-28 11:00:00+00:00,USGS-09092570,7.8,15.3,370.0,12.9,7.9,9420.0,11.72
2024-06-28 12:00:00+00:00,USGS-09092570,7.8,15.3,370.0,12.95,7.9,9500.0,11.75
2024-06-28 13:00:00+00:00,USGS-09092570,7.8,15.3,369.5,13.45,7.9,9625.0,11.795
2024-06-28 14:00:00+00:00,USGS-09092570,7.9,15.4,368.5,14.3,7.9,9770.0,11.844999999999999
2024-06-28 15:00:00+00:00,USGS-09092570,7.9,15.4,366.5,14.15,7.9,9900.0,11.89
2024-06-28 16:00:00+00:00,USGS-09092570,8.0,15.5,364.0,14.25,8.0,9990.0,11.925
2024-06-28 17:00:00+00:00,USGS-09092570,8.0,15.75,362.5,14.05,8.0,10050.0,11.945
2024-06-28 18:00:00+00:00,USGS-09092570,8.1,16.05,362.5,14.4,8.0,10100.0,11.97
2024-06-28 19:00:00+00:00,USGS-09092570,8.1,16.35,352.5,13.6,8.0,10200.0,11.99
2024-06-28 20:00:00+00:00,USGS-09092570,8.1,16.65,350.0,14.2,8.0,10250.0,12.015
2024-06-28 21:00:00+00:00,USGS-09092570,8.1,16.8,348.0,14.6,8.1,10300.0,12.02
2024-06-28 22:00:00+00:00,USGS-09092570,8.1,16.95,347.0,14.95,8.1,10300.0,12.04
2024-06-28 23:00:00+00:00,USGS-09092570,8.1,17.05,,15.0,8.1,10400.0,12.05
2024-06-29 00:00:00+00:00,USGS-09092570,8.0,16.95,,19.25,8.05,10300.0,12.04
2024-06-29 01:00:00+00:00,USGS-09092570,7.85,16.65,349.5,35.3,8.0,10300.0,12.035
2024-06-29 02:00:00+00:00,USGS-09092570,7.8,16.45,350.0,52.349999999999994,8.0,10300.0,12.03
2024-06-29 03:00:00+00:00,USGS-09092570,7.8,16.2,349.0,86.5,8.0,10300.0,12.02
2024-06-29 04:00:00+00:00,USGS-09092570,7.8,16.0,346.5,92.6,7.95,10200.0,11.995000000000001
2024-06-29 05:00:00+00:00,USGS-09092570,7.8,15.850000000000001,344.5,75.25,7.9,10200.0,11.985
2024-06-29 06:00:00+00:00,USGS-09092570,7.8,15.6,342.0,51.349999999999994,7.9,10100.0,11.97
2024-06-29 07:00:00+00:00,USGS-09092570,7.8,15.4,343.0,31.95,7.9,10100.0,11.96
2024-06-29 08:00:00+00:00,USGS-09092570,7.8,15.3,343.5,27.15,7.9,10050.0,11.945
2024-06-29 09:00:00+00:00,USGS-09092570,7.8,15.4,345.5,247.5,7.9,10000.0,11.93
2024-06-29 10:00:00+00:00,USGS-09092570,7.8,15.4,343.0,182.0,7.9,10000.0,11.94
2024-06-29 11:00:00+00:00,USGS-09092570,7.8,15.3,343.0,103.6,7.9,10100.0,11.96
2024-06-29 12:00:00+00:00,USGS-09092570,7.8,15.3,343.0,76.94999999999999,7.9,10100.0,11.96
2024-06-29 13:00:00+00:00,USGS-09092570,7.8,15.3,343.5,52.95,7.9,10200.0,11.98
2024-06-29 14:00:00+00:00,USGS-09092570,7.9,15.3,353.0,42.65,7.9,10200.0,11.98
2024-06-29 15:00:00+00:00,USGS-09092570,7.95,15.4,347.5,36.75,7.9,10150.0,11.975000000000001
2024-06-29 16:00:00+00:00,USGS-09092570,8.0,15.55,332.0,31.3,7.9,10100.0,11.97
2024-06-29 17:00:00+00:00,USGS-09092570,8.0,15.75,329.5,34.4,7.9,10100.0,11.97
2024-06-29 18:00:00+00:00,USGS-09092570,8.0,16.0,337.0,63.65,7.9,10100.0,11.965
2024-06-29 19:00:00+00:00,USGS-09092570,7.9,16.35,340.5,111.5,7.9,10100.0,11.97
2024-06-29 20:00:00+00:00,USGS-09092570,7.9,16.65,342.5,96.25,7.9,10200.0,11.98
2024-06-29 21:00:00+00:00,USGS-09092570,7.9,16.7,343.0,61.5,8.0,10200.0,11.985
2024-06-29 22:00:00+00:00,USGS-09092570,7.9,16.65,344.0,44.099999999999994,8.0,10200.0,11.98
2024-06-29 23:00:00+00:00,USGS-09092570,7.9,16.7,344.0,38.25,8.0,10200.0,11.99
2024-06-30 00:00:00+00:00,USGS-09092570,7.9,16.7,342.5,32.55,8.0,10150.0,11.975000000000001
2024-06-30 01:00:00+00:00,USGS-09092570,7.9,16.7,342.0,28.6,8.0,10050.0,11.945
2024-06-30 02:00:00+00:00,USGS-09092570,7.9,16.5,342.0,26.1,8.0,10000.0,11.94
2024-06-30 03:00:00+00:00,USGS-09092570,7.9,16.25,342.0,26.65,8.0,10000.0,11.93
2024-06-30 04:00:00+00:00,USGS-09092570,7.9,16.05,342.5,25.05,8.0,10000.0,11.934999999999999
2024-06-30 05:00:00+00:00,USGS-09092570,7.8,15.9,342.5,25.35,7.9,9915.0,11.895
2024-06-30 06:00:00+00:00,USGS-09092570,7.8,15.8,344.0,21.049999999999997,7.9,9870.0,11.88
2024-06-30 07:00:00+00:00,USGS-09092570,7.8,15.8,344.0,19.5,7.9,9840.0,11.87
2024-06-30 08:00:00+00:00,USGS-09092570,7.8,15.8,343.0,21.15,7.9,9770.0,11.844999999999999
2024-06-30 09:00:00+00:00,USGS-09092570,7.8,15.7,343.0,18.95,7.9,9780.0,11.85
2024-06-30 10:00:00+00:00,USGS-09092570,7.8,15.7,343.0,17.1,7.9,9810.0,11.86
2024-06-30 11:00:00+00:00,USGS-09092570,7.8,15.7,343.0,17.5,7.9,9825.0,11.864999999999998
2024-06-30 12:00:00+00:00,USGS-09092570,7.8,15.8,344.0,16.1,7.9,9870.0,11.88
2024-06-30 13:00:00+00:00,USGS-09092570,7.8,15.8,344.0,16.05,7.9,9900.0,11.89
2024-06-30 14:00:00+00:00,USGS-09092570,7.8,15.9,344.0,15.65,7.9,9915.0,11.895
2024-06-30 15:00:00+00:00,USGS-09092570,7.85,16.05,343.5,17.15,7.9,9900.0,11.89
2024-06-30 16:00:00+00:00,USGS-09092570,7.9,16.35,342.5,14.95,7.95,9870.0,11.88
2024-06-30 17:00:00+00:00,USGS-09092570,8.0,16.55,343.0,15.15,8.0,9810.0,11.86
2024-06-30 18:00:00+00:00,USGS-09092570,8.0,16.85,343.0,15.149999999999999,8.0,9755.0,11.84
2024-06-30 19:00:00+00:00,USGS-09092570,8.1,17.05,344.0,14.6,8.0,9700.0,11.82
2024-06-30 20:00:00+00:00,USGS-09092570,8.1,17.2,347.5,12.9,8.1,9685.0,11.815000000000001
2024-06-30 21:00:00+00:00,USGS-09092570,8.05,17.4,350.5,12.8,8.1,9590.0,11.78
2024-06-30 22:00:00+00:00,USGS-09092570,8.0,17.3,352.0,13.95,8.1,9485.0,11.745000000000001
2024-06-30 23:00:00+00:00,USGS-09092570,8.0,17.15,353.5,13.149999999999999,8.1,9470.0,11.74
2024-07-01 00:00:00+00:00,USGS-09092570,8.0,17.0,355.0,14.95,8.1,9420.0,11.72
2024-07-01 01:00:00+00:00,USGS-09092570,7.9,16.75,357.0,66.25,8.0,9420.0,11.72
2024-07-01 02:00:00+00:00,USGS-09092570,7.9,16.45,361.0,346.0,8.0,9360.0,11.7
2024-07-01 03:00:00+00:00,USGS-09092570,7.9,16.3,362.5,91.05000000000001,8.0,9375.0,11.705
2024-07-01 04:00:00+00:00,USGS-09092570,7.8,16.2,364.0,48.0,8.0,9440.0,11.73
2024-07-01 05:00:00+00:00,USGS-09092570,7.8,16.1,366.5,38.4,8.0,9360.0,11.7
2024-07-01 06:00:00+00:00,USGS-09092570,7.8,16.1,368.0,42.35,8.0,9300.0,11.68
2024-07-01 07:00:00+00:00,USGS-09092570,7.7,16.1,368.0,55.349999999999994,7.9,9290.0,11.675
2024-07-01 08:00:00+00:00,USGS-09092570,7.7,16.1,369.0,111.0,7.9,9290.0,11.675
2024-07-01 09:00:00+00:00,USGS-09092570,7.7,16.2,368.0,70.65,7.9,9330.0,11.69
2024-07-01 10:00:00+00:00,USGS-09092570,7.7,16.3,367.0,34.95,7.9,9360.0,11.7
2024-07-01 11:00:00+00:00,USGS-09092570,7.6,16.4,367.0,26.6,7.9,9420.0,11.72
2024-07-01 12:00:00+00:00,USGS-09092570,7.6,16.5,367.0,23.3,7.9,9500.0,11.75
2024-07-01 13:00:00+00:00,USGS-09092570,7.6,16.55,365.0,19.45,7.9,9560.0,11.77
2024-07-01 14:00:00+00:00,USGS-09092570,7.65,16.6,363.5,18.75,7.9,9590.0,11.78
2024-07-01 15:00:00+00:00,USGS-09092570,7.7,16.75,362.0,16.85,7.95,9610.0,11.79
2024-07-01 16:00:00+00:00,USGS-09092570,7.8,16.9,360.5,16.299999999999997,8.0,9670.0,11.81
2024-07-01 17:00:00+00:00,USGS-09092570,7.8,16.95,358.0,16.15,8.0,9715.0,11.825
2024-07-01 18:00:00+00:00,USGS-09092570,7.9,17.15,357.0,15.7,8.0,9745.0,11.835
2024-07-01 19:00:00+00:00,USGS-09092570,8.0,17.4,355.0,17.950000000000003,8.05,9770.0,11.844999999999999
2024-07-01 20:00:00+00:00,USGS-09092570,7.9,17.55,356.5,19.950000000000003,8.1,9780.0,11.85
2024-07-01 21:00:00+00:00,USGS-09092570,7.9,17.6,359.0,21.9,8.1,9780.0,11.85
2024-07-01 22:00:00+00:00,USGS-09092570,7.9,17.65,359.0,19.3,8.1,9780.0,11.85
2024-07-01 23:00:00+00:00,USGS-09092570,7.9,17.45,360.0,19.35,8.1,9760.0,11.84
2024-07-02 00:00:00+00:00,USGS-09092570,7.9,17.4,359.0,16.5,8.1,9780.0,11.85
2024-07-02 01:00:00+00:00,USGS-09092570,7.85,17.25,359.0,20.25,8.05,9770.0,11.844999999999999
2024-07-02 02:00:00+00:00,USGS-09092570,7.8,17.0,360.0,20.299999999999997,8.0,9760.0,11.84
2024-07-02 03:00:00+00:00,USGS-09092570,7.8,16.65,359.0,17.4,8.0,9730.0,11.83
2024-07-02 04:00:00+00:00,USGS-09092570,7.8,16.4,359.0,15.8,8.0,9700.0,11.82
2024-07-02 05:00:00+00:00,USGS-09092570,7.8,16.3,359.0,14.7,8.0,9655.0,11.805
2024-07-02 06:00:00+00:00,USGS-09092570,7.7,16.2,359.0,15.05,8.0,9600.0,11.785
2024-07-02 07:00:00+00:00,USGS-09092570,7.7,16.2,359.0,25.15,7.9,9575.0,11.774999999999999
2024-07-02 08:00:00+00:00,USGS-09092570,7.7,16.2,360.0,50.65,7.9,9485.0,11.745000000000001
2024-07-02 09:00:00+00:00,USGS-09092570,7.7,16.15,360.5,67.0,7.9,9470.0,11.74
2024-07-02 10:00:00+00:00,USGS-09092570,7.7,16.0,361.0,30.65,7.9,9500.0,11.75
2024-07-02 11:00:00+00:00,USGS-09092570,7.7,15.9,362.0,23.1,7.9,9515.0,11.754999999999999
2024-07-02 12:00:00+00:00,USGS-09092570,7.7,15.8,363.0,21.35,7.9,9560.0,11.77
2024-07-02 13:00:00+00:00,USGS-09092570,7.75,15.75,364.5,28.799999999999997,7.9,9600.0,11.785
2024-07-02 14:00:00+00:00,USGS-09092570,7.8,15.8,375.0,123.65,7.9,9670.0,11.81
2024-07-02 15:00:00+00:00,USGS-09092570,7.75,15.9,381.5,295.5,7.9,9730.0,11.83
2024-07-02 16:00:00+00:00,USGS-09092570,7.7,16.1,364.5,387.5,7.95,9780.0,11.85
2024-07-02 17:00:00+00:00,USGS-09092570,7.75,16.3,358.0,437.5,8.0,9925.0,11.9
2024-07-02 18:00:00+00:00,USGS-09092570,7.8,16.55,356.0,264.0,8.0,10200.0,11.98
2024-07-02 19:00:00+00:00,USGS-09092570,7.8,16.85,358.5,162.5,8.0,10300.0,12.03
2024-07-02 20:00:00+00:00,USGS-09092570,7.8,17.05,359.0,129.0,8.0,10400.0,12.075
2024-07-02 21:00:00+00:00,USGS-09092570,7.8,17.15,358.0,125.5,8.0,10550.0,12.114999999999998
2024-07-02 22:00:00+00:00,USGS-09092570,7.8,17.2,355.0,131.0,8.0,10600.0,12.145
2024-07-02 23:00:00+00:00,USGS-09092570,7.8,17.15,352.0,103.0,8.0,10700.0,12.165
2024-07-03 00:00:00+00:00,USGS-09092570,7.8,16.9,345.5,115.5,8.0,10800.0,12.19
2024-07-03 01:00:00+00:00,USGS-09092570,7.8,16.7,342.5,178.0,8.0,10800.0,12.2
2024-07-03 02:00:00+00:00,USGS-09092570,7.8,16.45,340.0,139.0,7.9,10800.0,12.2
2024-07-03 03:00:00+00:00,USGS-09092570,7.8,16.25,339.0,102.5,7.9,10850.0,12.215
2024-07-03 04:00:00+00:00,USGS-09092570,7.8,16.0,338.0,79.2,7.9,10900.0,12.22
2024-07-03 05:00:00+00:00,USGS-09092570,7.8,15.8,336.0,63.95,7.9,10800.0,12.21
2024-07-03 06:00:00+00:00,USGS-09092570,7.8,15.649999999999999,334.0,53.3,7.9,10800.0,12.2
2024-07-03 07:00:00+00:00,USGS-09092570,7.8,15.5,333.0,49.099999999999994,7.9,10800.0,12.19
2024-07-03 08:00:00+00:00,USGS-09092570,7.8,15.4,331.0,42.45,7.9,10700.0,12.18
2024-07-03 09:00:00+00:00,USGS-09092570,7.8,15.3,331.0,38.0,7.9,10700.0,12.16
2024-07-03 10:00:00+00:00,USGS-09092570,7.8,15.2,331.0,33.9,7.9,10600.0,12.145
2024-07-03 11:00:00+00:00,USGS-09092570,7.8,15.1,330.0,30.95,7.9,10600.0,12.13
2024-07-03 12:00:00+00:00,USGS-09092570,7.9,15.0,330.0,30.35,7.9,10600.0,12.13
2024-07-03 13:00:00+00:00,USGS-09092570,7.9,15.0,330.0,26.3,7.9,10500.0,12.1
2024-07-03 14:00:00+00:00,USGS-09092570,7.95,15.0,331.0,25.4,7.9,10500.0,12.09
2024-07-03 15:00:00+00:00,USGS-09092570,8.0,15.05,330.5,23.1,7.9,10400.0,12.075
2024-07-03 16:00:00+00:00,USGS-09092570,8.1,15.2,330.0,21.700000000000003,7.9,10400.0,12.065000000000001
2024-07-03 17:00:00+00:00,USGS-09092570,8.1,15.45,331.0,19.75,7.95,10400.0,12.05
2024-07-03 18:00:00+00:00,USGS-09092570,8.2,15.75,331.0,20.1,8.0,10300.0,12.024999999999999
2024-07-03 19:00:00+00:00,USGS-09092570,8.2,16.05,332.5,20.2,8.0,10200.0,12.004999999999999
2024-07-03 20:00:00+00:00,USGS-09092570,8.2,16.25,334.5,19.55,8.0,10200.0,11.99
2024-07-03 21:00:00+00:00,USGS-09092570,8.2,16.4,337.5,19.8,8.0,10150.0,11.975000000000001
2024-07-03 22:00:00+00:00,USGS-09092570,8.2,16.5,339.0,17.75,8.1,10100.0,11.97
2024-07-03 23:00:00+00:00,USGS-09092570,8.2,16.5,340.0,16.4,8.1,10050.0,11.945
2024-07-04 00:00:00+00:00,USGS-09092570,8.2,16.5,341.5,17.25,8.1,9980.0,11.92
2024-07-04 01:00:00+00:00,USGS-09092570,8.149999999999999,16.3,342.5,16.4,8.1,9950.0,11.91
2024-07-04 02:00:00+00:00,USGS-09092570,8.1,16.05,344.5,16.65,8.1,9930.0,11.9
2024-07-04 03:00:00+00:00,USGS-09092570,8.0,15.850000000000001,346.5,16.2,8.0,9870.0,11.879999999999999
2024-07-04 04:00:00+00:00,USGS-09092570,8.0,15.55,349.0,16.0,8.0,9810.0,11.86
2024-07-04 05:00:00+00:00,USGS-09092570,7.9,15.350000000000001,352.0,15.55,8.0,9745.0,11.835
2024-07-04 06:00:00+00:00,USGS-09092570,7.9,15.2,352.0,14.9,8.0,9715.0,11.825
2024-07-04 07:00:00+00:00,USGS-09092570,7.9,15.1,352.5,15.8,7.9,9640.0,11.8
2024-07-04 08:00:00+00:00,USGS-09092570,7.9,15.1,354.0,13.7,7.9,9590.0,11.78
2024-07-04 09:00:00+00:00,USGS-09092570,7.85,15.1,355.0,14.3,7.9,9545.0,11.765
2024-07-04 10:00:00+00:00,USGS-09092570,7.8,15.05,356.5,14.9,7.9,9530.0,11.76
2024-07-04 11:00:00+00:00,USGS-09092570,7.8,15.0,358.5,13.6,7.9,9470.0,11.74
2024-07-04 12:00:00+00:00,USGS-09092570,7.8,15.0,360.0,13.25,7.9,9470.0,11.74
2024-07-04 13:00:00+00:00,USGS-09092570,7.9,15.0,361.5,12.1,7.9,9470.0,11.74
2024-07-04 14:00:00+00:00,USGS-09092570,7.9,15.1,368.0,13.350000000000001,7.9,9430.0,11.725000000000001
2024-07-04 15:00:00+00:00,USGS-09092570,8.0,15.2,367.0,14.3,8.0,9420.0,11.72
2024-07-04 16:00:00+00:00,USGS-09092570,8.1,15.4,367.0,12.1,8.0,9390.0,11.71
2024-07-04 17:00:00+00:00,USGS-09092570,8.2,15.649999999999999,367.0,12.55,8.0,9345.0,11.695
2024-07-04 18:00:00+00:00,USGS-09092570,8.3,15.95,367.5,12.9,8.1,9290.0,11.675
2024-07-04 19:00:00+00:00,USGS-09092570,8.3,16.25,368.0,13.1,8.1,8985.0,11.565000000000001
2024-07-04 20:00:00+00:00,USGS-09092570,8.4,16.55,369.0,13.9,8.1,8860.0,11.52
2024-07-04 21:00:00+00:00,USGS-09092570,8.4,16.85,370.5,13.75,8.2,8970.0,11.56
2024-07-04 22:00:00+00:00,USGS-09092570,8.3,17.0,371.0,11.75,8.2,9050.0,11.59
2024-07-04 23:00:00+00:00,USGS-09092570,8.3,16.95,378.5,11.8,8.2,8970.0,11.56
2024-07-05 00:00:00+00:00,USGS-09092570,8.3,16.8,381.0,11.55,8.2,8905.0,11.535
2024-07-05 01:00:00+00:00,USGS-09092570,8.2,16.6,381.0,10.75,8.2,8820.0,11.504999999999999
2024-07-05 02:00:00+00:00,USGS-09092570,8.2,16.35,380.5,11.0,8.1,8710.0,11.465
2024-07-05 03:00:00+00:00,USGS-09092570,8.1,16.05,382.5,10.6,8.1,8640.0,11.44
2024-07-05 04:00:00+00:00,USGS-09092570,8.0,15.75,384.5,13.0,8.1,8560.0,11.41
2024-07-05 05:00:00+00:00,USGS-09092570,8.0,15.5,387.5,13.5,8.0,8290.0,11.31
2024-07-05 06:00:00+00:00,USGS-09092570,7.9,15.25,390.5,11.2,8.0,8170.0,11.265
2024-07-05 07:00:00+00:00,USGS-09092570,7.9,15.1,392.5,12.100000000000001,8.0,8260.0,11.3
2024-07-05 08:00:00+00:00,USGS-09092570,7.9,15.0,394.5,12.8,7.9,8225.0,11.285
2024-07-05 09:00:00+00:00,USGS-09092570,7.9,14.9,397.5,13.25,7.9,8180.0,11.27
2024-07-05 10:00:00+00:00,USGS-09092570,7.9,14.8,405.0,12.1,7.9,8130.0,11.25
2024-07-05 11:00:00+00:00,USGS-09092570,7.9,14.7,403.0,13.55,7.9,8100.0,11.24
2024-07-05 12:00:00+00:00,USGS-09092570,7.9,14.6,404.0,14.0,7.9,8050.0,11.22
2024-07-05 13:00:00+00:00,USGS-09092570,7.9,14.6,406.5,13.85,7.9,8020.0,11.21
2024-07-05 14:00:00+00:00,USGS-09092570,8.0,14.7,409.5,13.399999999999999,7.9,8010.0,11.205
2024-07-05 15:00:00+00:00,USGS-09092570,8.1,14.95,411.0,14.35,8.0,8000.0,11.2
2024-07-05 16:00:00+00:00,USGS-09092570,8.149999999999999,15.25,412.5,12.45,8.0,7955.0,11.184999999999999
2024-07-05 17:00:00+00:00,USGS-09092570,8.25,15.649999999999999,415.0,13.3,8.05,7930.0,11.175
2024-07-05 18:00:00+00:00,USGS-09092570,8.3,16.05,415.0,13.3,8.1,7875.0,11.155000000000001
2024-07-05 19:00:00+00:00,USGS-09092570,8.4,16.45,415.0,13.3,8.2,7610.0,11.055
2024-07-05 20:00:00+00:00,USGS-09092570,8.4,16.85,417.0,13.7,8.2,7370.0,10.96
2024-07-05 21:00:00+00:00,USGS-09092570,8.4,17.25,419.0,12.7,8.2,7430.0,10.985
2024-07-05 22:00:00+00:00,USGS-09092570,8.4,17.45,420.0,14.2,8.3,7470.0,11.0
2024-07-05 23:00:00+00:00,USGS-09092570,8.3,17.5,421.5,14.1,8.3,7455.0,10.995000000000001
2024-07-06 00:00:00+00:00,USGS-09092570,8.3,17.35,429.0,13.25,8.3,7405.0,10.975000000000001
2024-07-06 01:00:00+00:00,USGS-09092570,8.2,17.1,433.0,13.15,8.3,7380.0,10.965
2024-07-06 02:00:00+00:00,USGS-09092570,8.149999999999999,16.8,431.5,13.4,8.2,7440.0,10.99
2024-07-06 03:00:00+00:00,USGS-09092570,8.05,16.55,433.5,13.15,8.2,7340.0,10.95
2024-07-06 04:00:00+00:00,USGS-09092570,8.0,16.25,436.5,12.899999999999999,8.1,7235.0,10.91
2024-07-06 05:00:00+00:00,USGS-09092570,7.9,15.95,439.5,13.15,8.1,7135.0,10.870000000000001
2024-07-06 06:00:00+00:00,USGS-09092570,7.8,15.649999999999999,441.0,13.85,8.05,6780.0,10.73
2024-07-06 07:00:00+00:00,USGS-09092570,7.8,15.45,442.5,13.2,8.0,6755.0,10.72
2024-07-06 08:00:00+00:00,USGS-09092570,7.8,15.2,446.0,12.7,8.0,6800.0,10.74
2024-07-06 09:00:00+00:00,USGS-09092570,7.8,15.0,450.5,13.3,8.0,6800.0,10.74
2024-07-06 10:00:00+00:00,USGS-09092570,7.8,14.850000000000001,455.0,14.1,8.0,6780.0,10.73
2024-07-06 11:00:00+00:00,USGS-09092570,7.8,14.7,466.0,13.9,7.9,6715.0,10.705
2024-07-06 12:00:00+00:00,USGS-09092570,7.9,14.5,468.0,12.7,7.9,6680.0,10.69
2024-07-06 13:00:00+00:00,USGS-09092570,7.9,14.5,467.0,13.350000000000001,7.9,6680.0,10.69
2024-07-06 14:00:00+00:00,USGS-09092570,8.0,14.6,467.0,12.350000000000001,8.0,6700.0,10.7
2024-07-06 15:00:00+00:00,USGS-09092570,8.1,14.850000000000001,468.0,12.8,8.0,6700.0,10.7
2024-07-06 16:00:00+00:00,USGS-09092570,8.2,15.25,470.0,12.45,8.05,6730.0,10.71
2024-07-06 17:00:00+00:00,USGS-09092570,8.3,15.7,471.0,12.3,8.1,6715.0,10.705
2024-07-06 18:00:00+00:00,USGS-09092570,8.350000000000001,16.25,471.0,12.3,8.2,6730.0,10.71
2024-07-06 19:00:00+00:00,USGS-09092570,8.4,16.75,470.0,12.45,8.2,6690.0,10.695
2024-07-06 20:00:00+00:00,USGS-09092570,8.4,17.15,470.0,11.85,8.3,6630.0,10.67
2024-07-06 21:00:00+00:00,USGS-09092570,8.4,17.55,471.0,11.2,8.3,6600.0,10.66
2024-07-06 22:00:00+00:00,USGS-09092570,8.4,17.8,471.5,11.3,8.4,6580.0,10.65
2024-07-06 23:00:00+00:00,USGS-09092570,8.4,17.9,472.0,10.8,8.4,6550.0,10.64
2024-07-07 00:00:00+00:00,USGS-09092570,8.350000000000001,17.8,473.0,11.6,8.4,6530.0,10.63
2024-07-07 01:00:00+00:00,USGS-09092570,8.25,17.6,476.5,10.7,8.4,6295.0,10.535
2024-07-07 02:00:00+00:00,USGS-09092570,8.1,17.3,479.5,12.8,8.3,5955.0,10.395
2024-07-07 03:00:00+00:00,USGS-09092570,8.0,17.05,481.0,11.7,8.3,6010.0,10.42
2024-07-07 04:00:00+00:00,USGS-09092570,7.9,16.75,482.5,12.3,8.2,6195.0,10.495000000000001
2024-07-07 05:00:00+00:00,USGS-09092570,7.8,16.5,484.0,13.350000000000001,8.2,6230.0,10.51
2024-07-07 06:00:00+00:00,USGS-09092570,7.7,16.25,487.5,12.05,8.1,6230.0,10.51
2024-07-07 07:00:00+00:00,USGS-09092570,7.7,16.0,499.0,12.55,8.1,6210.0,10.5
2024-07-07 08:00:00+00:00,USGS-09092570,7.7,15.75,499.0,12.85,8.0,6180.0,10.49
2024-07-07 09:00:00+00:00,USGS-09092570,7.7,15.6,496.0,12.1,8.0,6140.0,10.47
2024-07-07 10:00:00+00:00,USGS-09092570,7.7,15.350000000000001,495.0,11.8,8.0,6110.0,10.46
2024-07-07 11:00:00+00:00,USGS-09092570,7.7,15.2,496.5,12.350000000000001,8.0,6090.0,10.45
2024-07-07 12:00:00+00:00,USGS-09092570,7.75,15.0,498.5,11.3,8.0,6090.0,10.45
2024-07-07 13:00:00+00:00,USGS-09092570,7.8,14.9,500.5,11.8,8.0,6075.0,10.445
2024-07-07 14:00:00+00:00,USGS-09092570,7.95,14.9,503.0,11.0,8.0,6075.0,10.445
2024-07-07 15:00:00+00:00,USGS-09092570,8.05,15.149999999999999,504.5,10.75,8.0,6100.0,10.455
2024-07-07 16:00:00+00:00,USGS-09092570,8.2,15.55,518.5,10.75,8.1,6110.0,10.46
2024-07-07 17:00:00+00:00,USGS-09092570,8.3,15.95,516.5,9.850000000000001,8.1,6140.0,10.47
2024-07-07 18:00:00+00:00,USGS-09092570,8.4,16.45,500.5,9.4,8.2,6150.0,10.475000000000001
2024-07-07 19:00:00+00:00,USGS-09092570,8.5,17.0,498.5,9.7,8.3,6125.0,10.465
2024-07-07 20:00:00+00:00,USGS-09092570,8.6,17.5,502.5,9.35,8.4,6110.0,10.46
2024-07-07 21:00:00+00:00,USGS-09092570,8.6,17.95,505.0,9.15,8.4,6090.0,10.45
2024-07-07 22:00:00+00:00,USGS-09092570,8.55,18.25,503.5,9.850000000000001,8.4,6060.0,10.44
2024-07-07 23:00:00+00:00,USGS-09092570,8.5,18.4,502.0,10.4,8.5,6060.0,10.44
2024-07-08 00:00:00+00:00,USGS-09092570,8.45,18.4,501.0,9.65,8.5,6015.0,10.42
2024-07-08 01:00:00+00:00,USGS-09092570,8.350000000000001,18.15,502.5,10.1,8.45,6010.0,10.42
2024-07-08 02:00:00+00:00,USGS-09092570,8.2,17.85,506.5,9.7,8.4,6040.0,10.43
2024-07-08 03:00:00+00:00,USGS-09092570,8.0,17.55,508.0,9.899999999999999,8.4,5990.0,10.41
2024-07-08 04:00:00+00:00,USGS-09092570,7.9,17.2,509.0,9.649999999999999,8.3,5940.0,10.39
2024-07-08 05:00:00+00:00,USGS-09092570,7.8,16.9,510.0,9.8,8.25,5920.0,10.38
2024-07-08 06:00:00+00:00,USGS-09092570,7.7,16.65,511.0,10.0,8.2,5905.0,10.375
2024-07-08 07:00:00+00:00,USGS-09092570,7.6,16.35,511.0,10.4,8.1,5870.0,10.36
2024-07-08 08:00:00+00:00,USGS-09092570,7.6,16.15,513.0,10.5,8.1,5820.0,10.34
2024-07-08 09:00:00+00:00,USGS-09092570,7.6,15.95,516.0,10.3,8.0,5760.0,10.315000000000001
2024-07-08 10:00:00+00:00,USGS-09092570,7.6,15.8,517.0,9.899999999999999,8.0,5740.0,10.305
2024-07-08 11:00:00+00:00,USGS-09092570,7.6,15.6,517.0,10.149999999999999,8.0,5730.0,10.3
2024-07-08 12:00:00+00:00,USGS-09092570,7.65,15.45,517.5,10.8,8.0,5700.0,10.29
2024-07-08 13:00:00+00:00,USGS-09092570,7.75,15.3,519.0,10.3,8.0,5680.0,10.28
2024-07-08 14:00:00+00:00,USGS-09092570,7.9,15.3,520.0,9.850000000000001,8.0,5650.0,10.27
2024-07-08 15:00:00+00:00,USGS-09092570,8.05,15.55,521.5,10.8,8.1,5665.0,10.274999999999999
2024-07-08 16:00:00+00:00,USGS-09092570,8.25,15.95,523.0,9.9,8.1,5680.0,10.28
2024-07-08 17:00:00+00:00,USGS-09092570,8.4,16.4,524.5,9.55,8.2,5680.0,10.28
2024-07-08 18:00:00+00:00,USGS-09092570,8.55,16.95,526.0,9.2,8.3,5680.0,10.28
2024-07-08 19:00:00+00:00,USGS-09092570,8.649999999999999,17.6,528.5,8.9,8.4,5650.0,10.27
2024-07-08 20:00:00+00:00,USGS-09092570,8.7,18.15,530.0,8.75,8.5,5580.0,10.24
2024-07-08 21:00:00+00:00,USGS-09092570,8.8,18.65,530.0,9.399999999999999,8.5,5580.0,10.24
2024-07-08 22:00:00+00:00,USGS-09092570,8.7,18.95,529.0,9.2,8.6,5560.0,10.23
2024-07-08 23:00:00+00:00,USGS-09092570,8.7,19.1,529.0,8.65,8.6,5560.0,10.23
2024-07-09 00:00:00+00:00,USGS-09092570,8.6,19.1,529.0,8.6,8.6,5540.0,10.22
2024-07-09 01:00:00+00:00,USGS-09092570,8.5,18.9,530.5,8.95,8.6,5540.0,10.22
2024-07-09 02:00:00+00:00,USGS-09092570,8.3,18.55,533.5,8.6,8.6,5500.0,10.205
2024-07-09 03:00:00+00:00,USGS-09092570,8.1,18.15,535.5,8.2,8.5,5470.0,10.19
2024-07-09 04:00:00+00:00,USGS-09092570,7.9,17.85,538.0,8.7,8.4,5470.0,10.19
2024-07-09 05:00:00+00:00,USGS-09092570,7.75,17.45,539.0,9.05,8.4,5455.0,10.184999999999999
2024-07-09 06:00:00+00:00,USGS-09092570,7.6,17.15,540.0,8.65,8.3,5455.0,10.184999999999999
2024-07-09 07:00:00+00:00,USGS-09092570,7.55,16.9,540.5,8.5,8.2,5450.0,10.184999999999999
2024-07-09 08:00:00+00:00,USGS-09092570,7.5,16.65,542.5,7.95,8.1,5440.0,10.18
2024-07-09 09:00:00+00:00,USGS-09092570,7.5,16.45,543.5,8.5,8.1,5420.0,10.17
2024-07-09 10:00:00+00:00,USGS-09092570,7.5,16.25,544.0,8.5,8.0,5390.0,10.16
2024-07-09 11:00:00+00:00,USGS-09092570,7.5,16.1,543.5,8.95,8.0,5370.0,10.15
2024-07-09 12:00:00+00:00,USGS-09092570,7.5,15.95,544.0,8.75,8.0,5350.0,10.14
2024-07-09 13:00:00+00:00,USGS-09092570,7.6,15.8,544.0,8.25,8.0,5350.0,10.14
2024-07-09 14:00:00+00:00,USGS-09092570,7.85,15.8,545.5,8.850000000000001,8.0,5370.0,10.15
2024-07-09 15:00:00+00:00,USGS-09092570,8.05,16.0,546.0,8.7,8.1,5380.0,10.155000000000001
2024-07-09 16:00:00+00:00,USGS-09092570,8.3,16.35,550.5,8.350000000000001,8.2,5335.0,10.135000000000002
2024-07-09 17:00:00+00:00,USGS-09092570,8.5,16.85,561.0,8.1,8.25,5300.0,10.12
2024-07-09 18:00:00+00:00,USGS-09092570,8.7,17.4,549.5,7.699999999999999,8.4,5335.0,10.135000000000002
2024-07-09 19:00:00+00:00,USGS-09092570,8.850000000000001,18.1,539.5,7.9,8.5,5350.0,10.14
2024-07-09 20:00:00+00:00,USGS-09092570,8.9,18.6,539.5,8.1,8.6,5350.0,10.14
2024-07-09 21:00:00+00:00,USGS-09092570,9.0,19.05,543.0,8.2,8.649999999999999,5320.0,10.13
2024-07-09 22:00:00+00:00,USGS-09092570,9.0,19.5,544.0,7.65,8.7,5300.0,10.12
2024-07-09 23:00:00+00:00,USGS-09092570,8.850000000000001,19.5,543.5,8.1,8.7,5195.0,10.075
2024-07-10 00:00:00+00:00,USGS-09092570,8.75,19.5,543.5,7.9,8.7,4800.0,9.9
2024-07-10 01:00:00+00:00,USGS-09092570,8.6,19.4,544.5,8.850000000000001,8.7,5275.0,10.11
2024-07-10 02:00:00+00:00,USGS-09092570,8.350000000000001,19.15,548.5,9.3,8.7,5600.0,10.25
2024-07-10 03:00:00+00:00,USGS-09092570,8.1,18.85,552.5,8.850000000000001,8.6,5210.0,10.08
2024-07-10 04:00:00+00:00,USGS-09092570,7.85,18.4,557.0,8.5,8.5,4800.0,9.9
2024-07-10 05:00:00+00:00,USGS-09092570,7.7,17.799999999999997,566.5,8.35,8.4,4810.0,9.905000000000001
2024-07-10 06:00:00+00:00,USGS-09092570,7.55,17.45,576.5,8.5,8.3,4935.0,9.96
2024-07-10 07:00:00+00:00,USGS-09092570,7.4,17.3,567.0,9.05,8.2,5035.0,10.004999999999999
2024-07-10 08:00:00+00:00,USGS-09092570,7.4,17.2,558.0,9.05,8.1,5000.0,9.99
2024-07-10 09:00:00+00:00,USGS-09092570,7.3,17.05,566.0,8.9,8.1,4970.0,9.975000000000001
2024-07-10 10:00:00+00:00,USGS-09092570,7.3,16.85,580.0,8.25,8.0,4930.0,9.96
2024-07-10 11:00:00+00:00,USGS-09092570,7.4,16.7,581.5,9.350000000000001,8.0,4930.0,9.96
2024-07-10 12:00:00+00:00,USGS-09092570,7.4,16.5,577.5,8.8,8.0,4910.0,9.95
2024-07-10 13:00:00+00:00,USGS-09092570,7.5,16.4,574.0,8.95,8.0,4910.0,9.95
2024-07-10 14:00:00+00:00,USGS-09092570,7.75,16.3,575.0,8.75,8.05,4910.0,9.95
2024-07-10 15:00:00+00:00,USGS-09092570,8.05,16.4,578.0,9.0,8.1,4920.0,9.955
2024-07-10 16:00:00+00:00,USGS-09092570,8.350000000000001,16.6,580.5,8.0,8.2,4930.0,9.96
2024-07-10 17:00:00+00:00,USGS-09092570,8.6,17.05,583.0,8.25,8.3,4930.0,9.96
2024-07-10 18:00:00+00:00,USGS-09092570,8.8,17.35,585.0,7.95,8.4,4950.0,9.97
2024-07-10 19:00:00+00:00,USGS-09092570,9.0,18.05,585.0,7.55,8.5,4950.0,9.97
2024-07-10 20:00:00+00:00,USGS-09092570,9.1,18.45,584.0,7.4,8.6,4950.0,9.97
2024-07-10 21:00:00+00:00,USGS-09092570,9.1,18.85,583.0,7.4,8.7,4930.0,9.96
2024-07-10 22:00:00+00:00,USGS-09092570,9.2,19.35,583.5,7.5,8.75,4930.0,9.96
2024-07-10 23:00:00+00:00,USGS-09092570,9.2,19.9,582.5,7.15,8.8,4900.0,9.945
2024-07-11 00:00:00+00:00,USGS-09092570,8.850000000000001,19.6,581.0,7.25,8.8,4750.0,9.879999999999999
2024-07-11 01:00:00+00:00,USGS-09092570,8.6,19.25,580.0,7.199999999999999,8.8,4695.0,9.855
2024-07-11 02:00:00+00:00,USGS-09092570,8.350000000000001,19.1,579.0,7.6,8.7,4935.0,9.96
2024-07-11 03:00:00+00:00,USGS-09092570,8.149999999999999,18.9,578.0,7.4,8.7,5040.0,10.01
2024-07-11 04:00:00+00:00,USGS-09092570,7.85,18.6,579.5,7.15,8.6,4965.0,9.975000000000001
2024-07-11 05:00:00+00:00,USGS-09092570,7.7,18.35,582.5,7.95,8.5,4890.0,9.94
2024-07-11 06:00:00+00:00,USGS-09092570,7.55,18.05,589.5,7.5,8.4,4840.0,9.92
2024-07-11 07:00:00+00:00,USGS-09092570,7.4,17.7,593.0,7.6,8.3,4800.0,9.9
2024-07-11 08:00:00+00:00,USGS-09092570,7.4,17.4,587.5,7.9,8.2,4720.0,9.864999999999998
2024-07-11 09:00:00+00:00,USGS-09092570,7.3,17.1,581.5,8.05,8.1,4620.0,9.82
2024-07-11 10:00:00+00:00,USGS-09092570,7.3,16.8,583.0,8.45,8.1,4605.0,9.815000000000001
2024-07-11 11:00:00+00:00,USGS-09092570,7.4,16.6,587.5,8.9,8.0,4570.0,9.8
2024-07-11 12:00:00+00:00,USGS-09092570,7.4,16.45,590.5,7.8,8.0,4550.0,9.79
2024-07-11 13:00:00+00:00,USGS-09092570,7.5,16.3,593.5,7.9,8.0,4520.0,9.774999999999999
2024-07-11 14:00:00+00:00,USGS-09092570,7.75,16.35,598.5,8.1,8.05,4510.0,9.77
2024-07-11 15:00:00+00:00,USGS-09092570,8.05,16.55,603.0,7.6,8.1,4510.0,9.77
2024-07-11 16:00:00+00:00,USGS-09092570,8.350000000000001,16.85,606.5,7.2,8.2,4530.0,9.78
2024-07-11 17:00:00+00:00,USGS-09092570,8.649999999999999,17.25,611.5,7.8,8.3,4550.0,9.79
2024-07-11 18:00:00+00:00,USGS-09092570,8.850000000000001,17.75,632.5,7.85,8.4,4570.0,9.8
2024-07-11 19:00:00+00:00,USGS-09092570,9.1,18.35,632.5,7.0,8.5,4590.0,9.81
2024-07-11 20:00:00+00:00,USGS-09092570,9.2,18.9,609.5,7.2,8.649999999999999,4590.0,9.81
2024-07-11 21:00:00+00:00,USGS-09092570,9.3,19.4,596.5,7.3,8.7,4590.0,9.81
2024-07-11 22:00:00+00:00,USGS-09092570,9.2,19.75,599.0,7.65,8.8,4570.0,9.8
2024-07-11 23:00:00+00:00,USGS-09092570,9.05,20.0,608.0,7.25,8.8,4560.0,9.795
2024-07-12 00:00:00+00:00,USGS-09092570,8.95,20.15,610.0,7.0,8.9,4550.0,9.79
2024-07-12 01:00:00+00:00,USGS-09092570,8.75,20.3,609.0,6.75,8.9,4550.0,9.79
2024-07-12 02:00:00+00:00,USGS-09092570,8.45,20.15,608.0,7.2,8.9,4530.0,9.78
2024-07-12 03:00:00+00:00,USGS-09092570,8.149999999999999,19.9,607.5,7.35,8.8,4530.0,9.78
2024-07-12 04:00:00+00:00,USGS-09092570,7.85,19.5,609.5,7.6,8.75,4500.0,9.77
2024-07-12 05:00:00+00:00,USGS-09092570,7.65,19.05,611.0,7.1,8.7,4480.0,9.76
2024-07-12 06:00:00+00:00,USGS-09092570,7.5,18.65,613.0,7.6,8.6,4460.0,9.75
2024-07-12 07:00:00+00:00,USGS-09092570,7.4,18.25,614.0,7.5,8.45,4460.0,9.75
2024-07-12 08:00:00+00:00,USGS-09092570,7.3,17.85,615.5,7.550000000000001,8.3,4440.0,9.74
2024-07-12 09:00:00+00:00,USGS-09092570,7.3,17.45,616.0,7.8,8.2,4420.0,9.73
2024-07-12 10:00:00+00:00,USGS-09092570,7.3,17.15,616.0,7.7,8.1,4390.0,9.72
2024-07-12 11:00:00+00:00,USGS-09092570,7.3,16.95,616.5,7.699999999999999,8.1,4380.0,9.715
2024-07-12 12:00:00+00:00,USGS-09092570,7.3,16.8,618.5,7.4,8.0,4370.0,9.71
2024-07-12 13:00:00+00:00,USGS-09092570,7.4,16.7,621.5,7.15,8.0,4360.0,9.705
2024-07-12 14:00:00+00:00,USGS-09092570,7.6,16.75,625.0,6.75,8.1,4370.0,9.71
2024-07-12 15:00:00+00:00,USGS-09092570,7.85,16.95,626.0,7.15,8.1,4370.0,9.71
2024-07-12 16:00:00+00:00,USGS-09092570,8.149999999999999,17.35,625.0,7.1,8.2,4390.0,9.72
2024-07-12 17:00:00+00:00,USGS-09092570,8.4,17.85,625.5,6.8,8.3,4390.0,9.72
2024-07-12 18:00:00+00:00,USGS-09092570,8.6,18.4,627.5,7.0,8.4,4420.0,9.73
2024-07-12 19:00:00+00:00,USGS-09092570,8.8,19.05,627.5,6.45,8.5,4420.0,9.73
2024-07-12 20:00:00+00:00,USGS-09092570,8.9,19.65,627.0,6.6,8.6,4450.0,9.745000000000001
2024-07-12 21:00:00+00:00,USGS-09092570,9.0,20.25,626.0,6.75,8.7,4440.0,9.74
2024-07-12 22:00:00+00:00,USGS-09092570,8.9,20.65,625.0,6.85,8.8,4420.0,9.73
2024-07-12 23:00:00+00:00,USGS-09092570,8.8,20.95,624.5,6.45,8.8,4380.0,9.715
2024-07-13 00:00:00+00:00,USGS-09092570,8.7,21.2,623.5,6.9,8.9,4360.0,9.705
2024-07-13 01:00:00+00:00,USGS-09092570,8.45,21.05,621.0,6.5,8.9,4350.0,9.7
2024-07-13 02:00:00+00:00,USGS-09092570,8.149999999999999,20.85,621.0,6.5,8.8,4330.0,9.69
2024-07-13 03:00:00+00:00,USGS-09092570,7.85,20.65,624.0,6.85,8.8,4310.0,9.68
2024-07-13 04:00:00+00:00,USGS-09092570,7.65,20.35,626.0,7.4,8.8,4310.0,9.68
2024-07-13 05:00:00+00:00,USGS-09092570,7.45,19.95,628.5,6.85,8.7,4260.0,9.66
2024-07-13 06:00:00+00:00,USGS-09092570,7.3,19.55,632.0,7.1,8.6,4240.0,9.65
2024-07-13 07:00:00+00:00,USGS-09092570,7.2,19.2,633.5,7.2,8.5,4220.0,9.64
2024-07-13 08:00:00+00:00,USGS-09092570,7.1,18.85,634.5,7.45,8.4,4200.0,9.63
2024-07-13 09:00:00+00:00,USGS-09092570,7.1,18.55,636.5,7.8,8.3,4180.0,9.62
2024-07-13 10:00:00+00:00,USGS-09092570,7.1,18.3,638.0,6.8,8.2,4150.0,9.61
2024-07-13 11:00:00+00:00,USGS-09092570,7.1,18.05,638.5,7.0,8.149999999999999,4150.0,9.61
2024-07-13 12:00:00+00:00,USGS-09092570,7.1,17.85,641.0,7.4,8.1,4130.0,9.6
2024-07-13 13:00:00+00:00,USGS-09092570,7.2,17.7,643.0,7.15,8.1,4110.0,9.59
2024-07-13 14:00:00+00:00,USGS-09092570,7.45,17.7,644.0,7.7,8.1,4110.0,9.59
2024-07-13 15:00:00+00:00,USGS-09092570,7.65,17.9,645.0,6.65,8.1,4110.0,9.59
2024-07-13 16:00:00+00:00,USGS-09092570,7.95,18.25,646.0,6.7,8.2,4110.0,9.59
2024-07-13 17:00:00+00:00,USGS-09092570,8.149999999999999,18.65,648.0,6.9,8.3,4150.0,9.61
2024-07-13 18:00:00+00:00,USGS-09092570,8.350000000000001,19.15,658.5,6.75,8.350000000000001,,
2024-07-13 19:00:00+00:00,USGS-09092570,8.5,19.75,677.0,7.05,8.4,4180.0,
2024-07-13 20:00:00+00:00,USGS-09092570,8.6,20.4,670.0,6.550000000000001,8.5,,
2024-07-13 21:00:00+00:00,USGS-09092570,8.6,21.0,648.0,7.1,8.6,4180.0,
2024-07-13 22:00:00+00:00,USGS-09092570,8.6,21.55,639.0,6.7,8.7,,
2024-07-13 23:00:00+00:00,USGS-09092570,8.5,21.85,640.0,6.6,8.75,4170.0,9.614999999999998
2024-07-14 00:00:00+00:00,USGS-09092570,8.3,21.9,643.5,6.85,8.8,4150.0,9.61
2024-07-14 01:00:00+00:00,USGS-09092570,8.149999999999999,21.8,646.0,6.85,8.8,4130.0,9.6
2024-07-14 02:00:00+00:00,USGS-09092570,7.85,21.6,647.0,6.1,8.8,4110.0,9.59
2024-07-14 03:00:00+00:00,USGS-09092570,7.6,21.35,647.5,6.6,8.8,4070.0,9.57
2024-07-14 04:00:00+00:00,USGS-09092570,7.4,21.05,648.0,7.0,8.7,4070.0,9.57
2024-07-14 05:00:00+00:00,USGS-09092570,7.2,20.65,649.5,7.0,8.7,4050.0,9.56
2024-07-14 06:00:00+00:00,USGS-09092570,7.1,20.25,650.5,6.550000000000001,8.6,3910.0,9.495000000000001
2024-07-14 07:00:00+00:00,USGS-09092570,7.0,19.85,651.0,7.6,8.5,3690.0,9.39
2024-07-14 08:00:00+00:00,USGS-09092570,7.0,19.55,653.0,7.5,8.4,3980.0,9.53
2024-07-14 09:00:00+00:00,USGS-09092570,7.0,19.2,654.5,7.1,8.350000000000001,4020.0,9.55
2024-07-14 10:00:00+00:00,USGS-09092570,7.0,18.95,656.0,7.7,8.3,4000.0,9.54
2024-07-14 11:00:00+00:00,USGS-09092570,7.0,18.7,657.5,7.3,8.2,3980.0,9.53
2024-07-14 12:00:00+00:00,USGS-09092570,7.0,18.5,659.5,7.75,8.1,3980.0,9.53
2024-07-14 13:00:00+00:00,USGS-09092570,7.1,18.35,669.5,7.25,8.1,3940.0,9.51
2024-07-14 14:00:00+00:00,USGS-09092570,7.35,18.3,676.5,7.1,8.1,3940.0,9.51
2024-07-14 15:00:00+00:00,USGS-09092570,7.55,18.5,668.5,6.95,8.149999999999999,3940.0,9.51
2024-07-14 16:00:00+00:00,USGS-09092570,7.8,18.75,662.5,6.75,8.2,3940.0,9.51
2024-07-14 17:00:00+00:00,USGS-09092570,8.0,19.15,662.0,7.15,8.25,3960.0,9.52
2024-07-14 18:00:00+00:00,USGS-09092570,8.2,19.75,664.0,6.75,8.3,3960.0,9.52
2024-07-14 19:00:00+00:00,USGS-09092570,8.3,20.299999999999997,666.5,6.95,8.4,3960.0,9.52
2024-07-14 20:00:00+00:00,USGS-09092570,8.4,20.799999999999997,668.5,6.5,8.5,3960.0,9.52
2024-07-14 21:00:00+00:00,USGS-09092570,8.4,21.4,668.5,6.4,8.55,3960.0,9.52
2024-07-14 22:00:00+00:00,USGS-09092570,8.350000000000001,21.7,667.0,6.4,8.6,3940.0,9.51
2024-07-14 23:00:00+00:00,USGS-09092570,8.25,21.8,666.0,6.1,8.7,3920.0,9.5
2024-07-15 00:00:00+00:00,USGS-09092570,8.05,21.55,667.5,6.1,8.7,3910.0,9.495000000000001
2024-07-15 01:00:00+00:00,USGS-09092570,7.8,21.45,669.5,6.05,8.7,3900.0,9.49
2024-07-15 02:00:00+00:00,USGS-09092570,7.6,21.3,670.0,6.3,8.7,3900.0,9.49
2024-07-15 03:00:00+00:00,USGS-09092570,7.4,21.05,669.5,6.15,8.7,3890.0,9.485
2024-07-15 04:00:00+00:00,USGS-09092570,7.3,20.7,669.0,6.199999999999999,8.6,3900.0,9.49
2024-07-15 05:00:00+00:00,USGS-09092570,7.2,20.35,671.0,6.6,8.6,3865.0,9.475000000000001
2024-07-15 06:00:00+00:00,USGS-09092570,7.1,20.05,672.0,6.55,8.5,3880.0,9.48
2024-07-15 07:00:00+00:00,USGS-09092570,7.0,19.75,672.0,6.55,8.5,3880.0,9.48
2024-07-15 08:00:00+00:00,USGS-09092570,7.0,19.45,672.0,6.4,8.4,3850.0,9.47
2024-07-15 09:00:00+00:00,USGS-09092570,7.0,19.15,673.0,7.0,8.350000000000001,3850.0,9.47
2024-07-15 10:00:00+00:00,USGS-09092570,7.0,18.9,674.5,6.9,8.3,3830.0,9.46
2024-07-15 11:00:00+00:00,USGS-09092570,7.0,18.65,676.0,6.5,8.2,3810.0,9.45
2024-07-15 12:00:00+00:00,USGS-09092570,7.0,18.4,677.0,6.6,8.2,3810.0,9.45
2024-07-15 13:00:00+00:00,USGS-09092570,7.15,18.3,678.0,6.35,8.1,3810.0,9.45
2024-07-15 14:00:00+00:00,USGS-09092570,7.35,18.3,678.0,6.55,8.1,3810.0,9.45
2024-07-15 15:00:00+00:00,USGS-09092570,7.55,18.35,676.0,5.75,8.149999999999999,3810.0,9.45
2024-07-15 16:00:00+00:00,USGS-09092570,7.8,18.65,676.0,5.9,8.2,3810.0,9.45
2024-07-15 17:00:00+00:00,USGS-09092570,8.0,18.95,675.5,5.75,8.25,3810.0,9.45
2024-07-15 18:00:00+00:00,USGS-09092570,8.149999999999999,19.45,676.0,5.75,8.3,3830.0,9.46
2024-07-15 19:00:00+00:00,USGS-09092570,8.2,19.8,676.5,6.5,8.4,3840.0,9.465
2024-07-15 20:00:00+00:00,USGS-09092570,8.3,20.299999999999997,677.5,5.9,8.4,3850.0,9.47
2024-07-15 21:00:00+00:00,USGS-09092570,8.3,20.9,679.0,6.1,8.5,3830.0,9.46
2024-07-15 22:00:00+00:00,USGS-09092570,8.3,21.35,679.0,5.949999999999999,8.6,3810.0,9.45
2024-07-15 23:00:00+00:00,USGS-09092570,8.2,21.7,680.0,5.75,8.6,3810.0,9.45
2024-07-16 00:00:00+00:00,USGS-09092570,8.05,21.8,680.0,5.8,8.7,3810.0,9.45
2024-07-16 01:00:00+00:00,USGS-09092570,7.9,21.8,681.0,5.85,8.7,3800.0,9.445
2024-07-16 02:00:00+00:00,USGS-09092570,7.65,21.6,681.0,6.4,8.7,3790.0,9.44
2024-07-16 03:00:00+00:00,USGS-09092570,7.4,21.35,681.5,5.95,8.7,3770.0,9.43
2024-07-16 04:00:00+00:00,USGS-09092570,7.25,20.95,683.5,6.0,8.6,3770.0,9.43
2024-07-16 05:00:00+00:00,USGS-09092570,7.15,20.55,686.5,6.0,8.6,3770.0,9.43
2024-07-16 06:00:00+00:00,USGS-09092570,7.1,20.05,688.5,5.4,8.5,3750.0,9.42
2024-07-16 07:00:00+00:00,USGS-09092570,7.0,19.75,689.0,6.1,8.5,3750.0,9.42
2024-07-16 08:00:00+00:00,USGS-09092570,7.0,19.45,689.0,6.050000000000001,8.4,3720.0,9.405000000000001
2024-07-16 09:00:00+00:00,USGS-09092570,7.0,19.15,690.0,6.1,8.4,3710.0,9.4
2024-07-16 10:00:00+00:00,USGS-09092570,7.0,18.9,691.0,6.449999999999999,8.3,3690.0,9.39
2024-07-16 11:00:00+00:00,USGS-09092570,7.0,18.65,692.0,6.3,8.2,3690.0,9.39
2024-07-16 12:00:00+00:00,USGS-09092570,7.0,18.4,692.5,5.8,8.2,3670.0,9.38
2024-07-16 13:00:00+00:00,USGS-09092570,7.15,18.2,693.0,5.55,8.1,3670.0,9.38
2024-07-16 14:00:00+00:00,USGS-09092570,7.35,18.2,693.0,5.85,8.1,3670.0,9.38
2024-07-16 15:00:00+00:00,USGS-09092570,7.55,18.2,692.0,5.8,8.2,3645.0,9.37
2024-07-16 16:00:00+00:00,USGS-09092570,7.75,18.45,693.0,5.5,8.2,3670.0,9.38
2024-07-16 17:00:00+00:00,USGS-09092570,8.0,18.85,693.0,6.25,8.25,3690.0,9.39
2024-07-16 18:00:00+00:00,USGS-09092570,8.149999999999999,19.4,694.0,6.2,8.3,3710.0,9.4
2024-07-16 19:00:00+00:00,USGS-09092570,8.3,19.95,695.5,5.95,8.4,3730.0,9.41
2024-07-16 20:00:00+00:00,USGS-09092570,8.25,20.3,698.5,5.85,8.4,3750.0,9.42
2024-07-16 21:00:00+00:00,USGS-09092570,8.149999999999999,20.45,702.5,6.3,8.5,3750.0,9.42
2024-07-16 22:00:00+00:00,USGS-09092570,8.2,20.8,706.0,5.5,8.5,3760.0,9.425
2024-07-16 23:00:00+00:00,USGS-09092570,8.0,20.9,708.0,5.9,8.6,3750.0,9.42
2024-07-17 00:00:00+00:00,USGS-09092570,7.9,20.9,707.0,5.85,8.6,3730.0,9.41
2024-07-17 01:00:00+00:00,USGS-09092570,7.8,20.9,704.5,5.45,8.6,3730.0,9.41
2024-07-17 02:00:00+00:00,USGS-09092570,7.6,20.65,701.5,5.6,8.6,3730.0,9.41
2024-07-17 03:00:00+00:00,USGS-09092570,7.4,20.4,700.0,6.0,8.6,3790.0,9.44
2024-07-17 04:00:00+00:00,USGS-09092570,7.3,20.15,698.0,5.45,8.5,3705.0,9.4
2024-07-17 05:00:00+00:00,USGS-09092570,7.2,19.75,696.0,6.05,8.5,3540.0,9.32
2024-07-17 06:00:00+00:00,USGS-09092570,7.1,19.4,696.0,6.199999999999999,8.5,3600.0,9.35
2024-07-17 07:00:00+00:00,USGS-09092570,7.1,19.15,696.0,5.8,8.4,3620.0,9.36
2024-07-17 08:00:00+00:00,USGS-09092570,7.0,18.9,696.0,6.3,8.4,3620.0,9.36
2024-07-17 09:00:00+00:00,USGS-09092570,7.0,18.65,697.0,5.9,8.350000000000001,3600.0,9.35
2024-07-17 10:00:00+00:00,USGS-09092570,7.0,18.35,694.5,6.15,8.3,3600.0,9.35
2024-07-17 11:00:00+00:00,USGS-09092570,7.0,18.15,695.0,6.5,8.2,3600.0,9.35
2024-07-17 12:00:00+00:00,USGS-09092570,7.1,17.95,705.0,6.449999999999999,8.1,3610.0,9.355
2024-07-17 13:00:00+00:00,USGS-09092570,7.2,17.75,710.0,5.95,8.1,3620.0,9.36
2024-07-17 14:00:00+00:00,USGS-09092570,7.4,17.7,712.5,6.4,8.1,3620.0,9.36
2024-07-17 15:00:00+00:00,USGS-09092570,7.65,17.7,713.0,6.15,8.1,3620.0,9.36
2024-07-17 16:00:00+00:00,USGS-09092570,7.9,17.95,713.0,5.7,8.2,3650.0,9.375
2024-07-17 17:00:00+00:00,USGS-09092570,8.1,18.35,711.5,6.300000000000001,8.25,3680.0,9.39
2024-07-17 18:00:00+00:00,USGS-09092570,8.3,18.799999999999997,709.5,6.65,8.3,3680.0,9.39
2024-07-17 19:00:00+00:00,USGS-09092570,8.3,19.2,717.0,9.85,8.4,3680.0,9.39
2024-07-17 20:00:00+00:00,USGS-09092570,7.95,19.35,734.0,14.3,8.3,3680.0,9.39
2024-07-17 21:00:00+00:00,USGS-09092570,7.8,19.85,726.5,22.7,8.3,3700.0,9.4
2024-07-17 22:00:00+00:00,USGS-09092570,7.7,20.299999999999997,708.0,28.0,8.3,3700.0,9.4
2024-07-17 23:00:00+00:00,USGS-09092570,7.6,20.7,701.0,33.0,8.4,3710.0,9.405000000000001
2024-07-18 00:00:00+00:00,USGS-09092570,7.6,20.9,702.5,33.45,8.4,3770.0,9.43
2024-07-18 01:00:00+00:00,USGS-09092570,7.5,21.0,704.0,31.25,8.4,3780.0,9.434999999999999
2024-07-18 02:00:00+00:00,USGS-09092570,7.4,21.0,704.0,27.1,8.5,3790.0,9.44
2024-07-18 03:00:00+00:00,USGS-09092570,7.3,20.85,704.0,21.85,8.5,3780.0,9.434999999999999
2024-07-18 04:00:00+00:00,USGS-09092570,7.2,20.55,703.0,16.45,8.5,3830.0,9.46
2024-07-18 05:00:00+00:00,USGS-09092570,7.1,20.15,703.0,14.4,8.5,3800.0,9.445
2024-07-18 06:00:00+00:00,USGS-09092570,7.05,19.85,702.0,13.0,8.4,3720.0,9.41
2024-07-18 07:00:00+00:00,USGS-09092570,7.0,19.6,700.0,11.3,8.4,3690.0,9.395
2024-07-18 08:00:00+00:00,USGS-09092570,7.0,19.25,697.5,12.75,8.4,3680.0,9.39
2024-07-18 09:00:00+00:00,USGS-09092570,7.0,18.95,697.0,12.2,8.4,3680.0,9.39
2024-07-18 10:00:00+00:00,USGS-09092570,7.0,18.6,697.0,11.05,8.3,3660.0,9.38
2024-07-18 11:00:00+00:00,USGS-09092570,7.0,18.35,697.0,9.35,8.3,3650.0,9.375
2024-07-18 12:00:00+00:00,USGS-09092570,7.05,18.15,698.0,9.65,8.2,3630.0,9.364999999999998
2024-07-18 13:00:00+00:00,USGS-09092570,7.15,18.0,702.5,8.5,8.149999999999999,3620.0,9.36
2024-07-18 14:00:00+00:00,USGS-09092570,7.3,17.9,706.5,8.65,8.1,3610.0,9.355
2024-07-18 15:00:00+00:00,USGS-09092570,7.55,17.9,708.5,8.100000000000001,8.2,3600.0,9.35
2024-07-18 16:00:00+00:00,USGS-09092570,7.8,17.95,710.0,8.45,8.2,3600.0,9.35
2024-07-18 17:00:00+00:00,USGS-09092570,8.05,18.05,711.0,7.75,8.25,3600.0,9.35
2024-07-18 18:00:00+00:00,USGS-09092570,8.25,18.35,712.5,9.05,8.3,3600.0,9.35
2024-07-18 19:00:00+00:00,USGS-09092570,8.45,19.0,715.5,9.399999999999999,8.4,3600.0,9.35
2024-07-18 20:00:00+00:00,USGS-09092570,8.5,19.6,718.5,11.3,8.4,3590.0,9.344999999999999
2024-07-18 21:00:00+00:00,USGS-09092570,8.4,20.3,719.0,12.25,8.4,3570.0,9.335
2024-07-18 22:00:00+00:00,USGS-09092570,8.05,20.45,719.0,12.65,8.4,3540.0,9.32
2024-07-18 23:00:00+00:00,USGS-09092570,7.9,20.5,718.0,12.25,8.4,3520.0,9.31
2024-07-19 00:00:00+00:00,USGS-09092570,7.8,20.6,718.0,12.7,8.5,3540.0,9.32
2024-07-19 01:00:00+00:00,USGS-09092570,7.65,20.7,717.0,13.0,8.5,3550.0,9.325
2024-07-19 02:00:00+00:00,USGS-09092570,7.55,20.6,716.0,11.55,8.5,3500.0,9.3
2024-07-19 03:00:00+00:00,USGS-09092570,7.4,20.4,717.0,11.05,8.5,3480.0,9.29
2024-07-19 04:00:00+00:00,USGS-09092570,7.25,20.15,718.0,9.3,8.4,3480.0,9.29
2024-07-19 05:00:00+00:00,USGS-09092570,7.1,19.9,720.0,8.850000000000001,8.4,3460.0,9.28
2024-07-19 06:00:00+00:00,USGS-09092570,7.0,19.65,722.5,8.95,8.4,3460.0,9.28
2024-07-19 07:00:00+00:00,USGS-09092570,7.0,19.5,722.5,8.7,8.4,3450.0,9.274999999999999
2024-07-19 08:00:00+00:00,USGS-09092570,6.9,19.4,720.0,8.95,8.3,3440.0,9.27
2024-07-19 09:00:00+00:00,USGS-09092570,6.9,19.25,721.0,9.15,8.3,3420.0,9.26
2024-07-19 10:00:00+00:00,USGS-09092570,6.9,19.05,724.5,9.0,8.3,3420.0,9.26
2024-07-19 11:00:00+00:00,USGS-09092570,6.9,18.9,727.5,8.7,8.3,3420.0,9.26
2024-07-19 12:00:00+00:00,USGS-09092570,6.95,18.7,730.0,9.25,8.2,3400.0,9.25
2024-07-19 13:00:00+00:00,USGS-09092570,7.05,18.5,730.5,8.6,8.2,3380.0,9.24
2024-07-19 14:00:00+00:00,USGS-09092570,7.25,18.5,730.0,8.55,8.2,3330.0,9.215
2024-07-19 15:00:00+00:00,USGS-09092570,7.45,18.5,728.5,8.05,8.2,3170.0,9.135000000000002
2024-07-19 16:00:00+00:00,USGS-09092570,7.75,18.6,728.0,7.6,8.2,3050.0,9.075
2024-07-19 17:00:00+00:00,USGS-09092570,8.0,18.7,728.5,7.65,8.3,3050.0,9.075
2024-07-19 18:00:00+00:00,USGS-09092570,8.3,19.05,729.0,8.4,8.4,3160.0,9.129999999999999
2024-07-19 19:00:00+00:00,USGS-09092570,8.4,19.2,731.5,7.7,8.4,3300.0,9.2
2024-07-19 20:00:00+00:00,USGS-09092570,8.6,19.700000000000003,734.5,8.35,8.5,3560.0,9.33
2024-07-19 21:00:00+00:00,USGS-09092570,8.7,20.4,737.0,8.05,8.6,3650.0,9.375
2024-07-19 22:00:00+00:00,USGS-09092570,8.7,21.1,745.5,8.05,8.6,3660.0,9.38
2024-07-19 23:00:00+00:00,USGS-09092570,8.55,21.5,761.5,7.85,8.7,3670.0,9.385000000000002
2024-07-20 00:00:00+00:00,USGS-09092570,8.2,21.55,766.5,7.9,8.7,3650.0,9.375
2024-07-20 01:00:00+00:00,USGS-09092570,7.95,21.6,758.5,7.95,8.6,3600.0,9.35
2024-07-20 02:00:00+00:00,USGS-09092570,7.55,21.4,747.0,11.75,8.6,3550.0,9.325
2024-07-20 03:00:00+00:00,USGS-09092570,7.35,21.2,733.0,13.6,8.5,3510.0,9.305
2024-07-20 04:00:00+00:00,USGS-09092570,7.15,21.0,724.5,12.5,8.5,3450.0,9.28
2024-07-20 05:00:00+00:00,USGS-09092570,7.0,20.65,723.0,9.9,8.4,3440.0,9.274999999999999
2024-07-20 06:00:00+00:00,USGS-09092570,6.9,20.35,724.0,8.4,8.4,3400.0,9.254999999999999
2024-07-20 07:00:00+00:00,USGS-09092570,6.9,20.05,724.5,7.550000000000001,8.4,3255.0,9.18
2024-07-20 08:00:00+00:00,USGS-09092570,6.85,19.75,726.5,7.199999999999999,8.3,3090.0,9.094999999999999
2024-07-20 09:00:00+00:00,USGS-09092570,6.8,19.45,728.5,7.6,8.3,3275.0,9.19
2024-07-20 10:00:00+00:00,USGS-09092570,6.9,19.15,730.5,7.949999999999999,8.3,3330.0,9.22
2024-07-20 11:00:00+00:00,USGS-09092570,6.9,18.9,735.0,7.699999999999999,8.2,3350.0,9.23
2024-07-20 12:00:00+00:00,USGS-09092570,6.9,18.7,739.5,8.649999999999999,8.2,3350.0,9.23
2024-07-20 13:00:00+00:00,USGS-09092570,7.05,18.55,740.0,8.1,8.2,3350.0,9.23
2024-07-20 14:00:00+00:00,USGS-09092570,7.3,18.5,741.0,8.15,8.2,3350.0,9.23
2024-07-20 15:00:00+00:00,USGS-09092570,7.55,18.5,752.5,7.95,8.2,3350.0,9.23
2024-07-20 16:00:00+00:00,USGS-09092570,7.85,18.75,755.5,7.8,8.3,3360.0,9.235
2024-07-20 17:00:00+00:00,USGS-09092570,8.149999999999999,19.15,748.5,7.15,8.3,3370.0,9.24
2024-07-20 18:00:00+00:00,USGS-09092570,8.4,19.65,743.0,7.4,8.4,3390.0,9.25
2024-07-20 19:00:00+00:00,USGS-09092570,8.6,20.1,744.0,7.3,8.5,3490.0,9.3
2024-07-20 20:00:00+00:00,USGS-09092570,8.6,20.45,759.5,7.6,8.5,3360.0,9.235
2024-07-20 21:00:00+00:00,USGS-09092570,8.6,21.0,767.5,7.449999999999999,8.6,3290.0,9.2
2024-07-20 22:00:00+00:00,USGS-09092570,8.6,21.2,753.5,6.7,8.6,3190.0,9.15
2024-07-20 23:00:00+00:00,USGS-09092570,8.5,21.3,735.5,6.9,8.6,3290.0,9.2
2024-07-21 00:00:00+00:00,USGS-09092570,8.4,21.45,726.5,7.050000000000001,8.649999999999999,3370.0,9.24
2024-07-21 01:00:00+00:00,USGS-09092570,8.149999999999999,21.6,729.0,7.6,8.7,3370.0,9.24
2024-07-21 02:00:00+00:00,USGS-09092570,7.8,21.45,733.0,6.9,8.6,3370.0,9.24
2024-07-21 03:00:00+00:00,USGS-09092570,7.5,21.15,737.0,7.1,8.6,3400.0,9.254999999999999
2024-07-21 04:00:00+00:00,USGS-09092570,7.3,20.9,745.5,7.05,8.55,3400.0,9.254999999999999
2024-07-21 05:00:00+00:00,USGS-09092570,7.1,20.6,756.0,7.2,8.5,3370.0,9.24
2024-07-21 06:00:00+00:00,USGS-09092570,7.0,20.25,758.5,7.0,8.4,3350.0,9.23
2024-07-21 07:00:00+00:00,USGS-09092570,6.9,20.05,753.5,7.199999999999999,8.4,3350.0,9.23
2024-07-21 08:00:00+00:00,USGS-09092570,6.9,19.75,748.5,6.800000000000001,8.4,3350.0,9.23
2024-07-21 09:00:00+00:00,USGS-09092570,6.9,19.25,746.5,6.95,8.3,3330.0,9.22
2024-07-21 10:00:00+00:00,USGS-09092570,6.9,18.85,743.5,7.55,8.3,3330.0,9.22
2024-07-21 11:00:00+00:00,USGS-09092570,6.9,18.45,742.0,7.15,8.2,3310.0,9.21
2024-07-21 12:00:00+00:00,USGS-09092570,7.0,18.15,742.0,6.9,8.2,3300.0,9.205
2024-07-21 13:00:00+00:00,USGS-09092570,7.15,17.95,743.5,7.2,8.1,3330.0,9.22
2024-07-21 14:00:00+00:00,USGS-09092570,7.35,17.9,745.0,7.45,8.2,3330.0,9.22
2024-07-21 15:00:00+00:00,USGS-09092570,7.6,18.05,746.0,7.85,8.2,3320.0,9.215
2024-07-21 16:00:00+00:00,USGS-09092570,7.85,18.35,747.0,7.35,8.2,,
2024-07-21 17:00:00+00:00,USGS-09092570,8.05,18.75,749.0,7.199999999999999,8.3,3290.0,9.2
2024-07-21 18:00:00+00:00,USGS-09092570,8.25,19.25,750.0,7.25,8.350000000000001,3290.0,9.2
2024-07-21 19:00:00+00:00,USGS-09092570,8.4,19.799999999999997,751.5,6.8,8.4,3290.0,9.2
2024-07-21 20:00:00+00:00,USGS-09092570,8.4,20.35,752.5,7.5,8.5,3290.0,9.2
2024-07-21 21:00:00+00:00,USGS-09092570,8.4,20.75,754.0,7.25,8.5,3290.0,9.2
2024-07-21 22:00:00+00:00,USGS-09092570,8.4,21.25,756.0,6.9,8.6,3290.0,9.2
2024-07-21 23:00:00+00:00,USGS-09092570,8.25,21.6,757.0,7.1,8.6,3290.0,9.2
2024-07-22 00:00:00+00:00,USGS-09092570,8.1,21.8,758.0,6.5,8.6,3270.0,9.19
2024-07-22 01:00:00+00:00,USGS-09092570,7.95,21.9,759.0,7.25,8.6,3270.0,9.19
2024-07-22 02:00:00+00:00,USGS-09092570,7.6,21.8,758.0,6.699999999999999,8.6,3270.0,9.19
2024-07-22 03:00:00+00:00,USGS-09092570,7.35,21.55,756.5,7.0,8.6,3270.0,9.19
2024-07-22 04:00:00+00:00,USGS-09092570,7.15,21.25,755.0,7.1,8.55,3260.0,9.184999999999999
2024-07-22 05:00:00+00:00,USGS-09092570,7.0,20.95,755.0,7.15,8.5,3250.0,9.18
2024-07-22 06:00:00+00:00,USGS-09092570,6.85,20.65,757.5,7.0,8.45,3240.0,9.175
2024-07-22 07:00:00+00:00,USGS-09092570,6.8,20.35,760.5,7.0,8.4,3180.0,9.145
2024-07-22 08:00:00+00:00,USGS-09092570,6.8,19.95,763.0,7.85,8.4,3150.0,9.13
2024-07-22 09:00:00+00:00,USGS-09092570,6.8,19.55,764.0,7.800000000000001,8.350000000000001,3150.0,9.13
2024-07-22 10:00:00+00:00,USGS-09092570,6.8,19.25,764.0,7.05,8.3,3160.0,9.135000000000002
2024-07-22 11:00:00+00:00,USGS-09092570,6.8,18.95,764.0,7.4,8.3,3170.0,9.14
2024-07-22 12:00:00+00:00,USGS-09092570,6.85,18.7,764.0,7.4,8.3,3150.0,9.13
2024-07-22 13:00:00+00:00,USGS-09092570,7.0,18.45,763.5,7.0,8.2,3160.0,9.135000000000002
2024-07-22 14:00:00+00:00,USGS-09092570,7.2,18.3,764.0,6.75,8.2,3170.0,9.14
2024-07-22 15:00:00+00:00,USGS-09092570,7.45,18.4,767.5,7.3,8.2,3170.0,9.14
2024-07-22 16:00:00+00:00,USGS-09092570,7.75,18.55,770.0,6.85,8.3,3150.0,9.13
2024-07-22 17:00:00+00:00,USGS-09092570,7.95,18.95,771.0,6.699999999999999,8.3,3150.0,9.13
2024-07-22 18:00:00+00:00,USGS-09092570,8.149999999999999,19.4,769.5,7.0,8.350000000000001,3150.0,9.13
2024-07-22 19:00:00+00:00,USGS-09092570,8.3,19.95,767.5,6.75,8.4,3150.0,9.13
2024-07-22 20:00:00+00:00,USGS-09092570,8.4,20.55,767.0,7.15,8.45,3110.0,9.11
2024-07-22 21:00:00+00:00,USGS-09092570,8.4,21.05,767.0,7.05,8.5,2960.0,9.03
2024-07-22 22:00:00+00:00,USGS-09092570,8.350000000000001,21.55,767.5,6.7,8.6,3040.0,9.07
2024-07-22 23:00:00+00:00,USGS-09092570,8.2,21.75,768.5,7.05,8.6,3340.0,9.225000000000001
2024-07-23 00:00:00+00:00,USGS-09092570,8.05,21.9,769.5,7.65,8.6,3300.0,9.205
2024-07-23 01:00:00+00:00,USGS-09092570,7.85,21.9,771.0,7.2,8.6,3220.0,9.165
2024-07-23 02:00:00+00:00,USGS-09092570,7.55,21.75,773.0,6.9,8.6,3160.0,9.135000000000002
2024-07-23 03:00:00+00:00,USGS-09092570,7.3,21.5,775.5,7.0,8.6,3080.0,9.094999999999999
2024-07-23 04:00:00+00:00,USGS-09092570,7.1,21.15,786.0,7.15,8.5,3030.0,9.07
2024-07-23 05:00:00+00:00,USGS-09092570,6.95,20.75,802.5,7.4,8.5,3020.0,9.06
2024-07-23 06:00:00+00:00,USGS-09092570,6.85,20.45,800.5,7.550000000000001,8.4,3010.0,9.055
2024-07-23 07:00:00+00:00,USGS-09092570,6.8,20.05,786.5,7.75,8.4,3000.0,9.05
2024-07-23 08:00:00+00:00,USGS-09092570,6.8,19.65,780.0,7.15,8.3,3000.0,9.05
2024-07-23 09:00:00+00:00,USGS-09092570,6.8,19.25,781.5,7.4,8.3,3000.0,9.05
2024-07-23 10:00:00+00:00,USGS-09092570,6.8,18.85,786.5,7.85,8.25,2980.0,9.04
2024-07-23 11:00:00+00:00,USGS-09092570,6.9,18.55,792.5,7.6,8.2,2980.0,9.04
2024-07-23 12:00:00+00:00,USGS-09092570,6.9,18.25,798.5,7.85,8.2,3000.0,9.05
2024-07-23 13:00:00+00:00,USGS-09092570,7.05,18.05,801.5,7.9,8.2,3010.0,9.06
2024-07-23 14:00:00+00:00,USGS-09092570,7.25,17.9,802.0,7.65,8.2,3010.0,9.06
2024-07-23 15:00:00+00:00,USGS-09092570,7.5,18.0,802.0,7.95,8.2,2980.0,9.04
2024-07-23 16:00:00+00:00,USGS-09092570,7.75,18.15,802.0,7.3,8.2,2980.0,9.04
2024-07-23 17:00:00+00:00,USGS-09092570,7.95,18.55,803.0,7.45,8.3,2980.0,9.04
2024-07-23 18:00:00+00:00,USGS-09092570,8.149999999999999,19.05,804.0,6.7,8.3,2980.0,9.04
2024-07-23 19:00:00+00:00,USGS-09092570,8.25,19.55,804.0,6.8,8.4,2960.0,9.03
2024-07-23 20:00:00+00:00,USGS-09092570,8.350000000000001,20.15,804.0,7.15,8.4,2940.0,9.02
2024-07-23 21:00:00+00:00,USGS-09092570,8.4,20.65,804.0,6.8,8.5,2940.0,9.02
2024-07-23 22:00:00+00:00,USGS-09092570,8.350000000000001,21.15,806.0,6.550000000000001,8.55,2940.0,9.02
2024-07-23 23:00:00+00:00,USGS-09092570,8.25,21.45,807.0,6.4,8.6,2940.0,9.02
2024-07-24 00:00:00+00:00,USGS-09092570,8.1,21.7,808.0,7.1,8.6,2920.0,9.01
2024-07-24 01:00:00+00:00,USGS-09092570,7.85,21.8,808.0,6.95,8.6,2910.0,9.004999999999999
2024-07-24 02:00:00+00:00,USGS-09092570,7.55,21.7,808.5,7.15,8.6,2860.0,8.98
2024-07-24 03:00:00+00:00,USGS-09092570,7.3,21.55,809.0,7.050000000000001,8.6,2820.0,8.96
2024-07-24 04:00:00+00:00,USGS-09092570,7.05,21.35,810.5,7.15,8.5,2780.0,8.934999999999999
2024-07-24 05:00:00+00:00,USGS-09092570,6.9,21.05,812.5,7.449999999999999,8.5,2750.0,8.92
2024-07-24 06:00:00+00:00,USGS-09092570,6.8,20.8,815.5,7.449999999999999,8.4,2720.0,8.905000000000001
2024-07-24 07:00:00+00:00,USGS-09092570,6.75,20.45,820.0,6.9,8.4,2760.0,8.925
2024-07-24 08:00:00+00:00,USGS-09092570,6.7,20.1,823.0,7.5,8.3,2790.0,8.94
2024-07-24 09:00:00+00:00,USGS-09092570,6.7,19.75,824.5,7.800000000000001,8.3,2800.0,8.95
2024-07-24 10:00:00+00:00,USGS-09092570,6.8,19.35,826.5,7.550000000000001,8.3,2795.0,8.945
2024-07-24 11:00:00+00:00,USGS-09092570,6.8,19.05,830.0,8.0,8.2,2790.0,8.94
2024-07-24 12:00:00+00:00,USGS-09092570,6.8,18.75,833.5,7.15,8.2,2790.0,8.94
2024-07-24 13:00:00+00:00,USGS-09092570,6.95,18.5,836.5,7.1,8.2,2770.0,8.93
2024-07-24 14:00:00+00:00,USGS-09092570,7.15,18.45,838.5,6.9,8.2,2770.0,8.93
2024-07-24 15:00:00+00:00,USGS-09092570,7.4,18.55,837.5,7.55,8.2,2750.0,8.92
2024-07-24 16:00:00+00:00,USGS-09092570,7.65,18.75,833.5,7.35,8.3,2730.0,8.91
2024-07-24 17:00:00+00:00,USGS-09092570,7.9,19.15,830.5,7.2,8.3,2680.0,8.885000000000002
2024-07-24 18:00:00+00:00,USGS-09092570,8.1,19.6,829.5,7.4,8.350000000000001,2650.0,8.87
2024-07-24 19:00:00+00:00,USGS-09092570,8.2,20.15,830.5,6.949999999999999,8.4,2650.0,8.87
2024-07-24 20:00:00+00:00,USGS-09092570,8.3,20.6,833.5,6.9,8.4,2650.0,8.87
2024-07-24 21:00:00+00:00,USGS-09092570,8.3,21.05,846.5,6.75,8.5,2650.0,8.87
2024-07-24 22:00:00+00:00,USGS-09092570,8.25,21.4,868.0,6.45,8.5,2640.0,8.86
2024-07-24 23:00:00+00:00,USGS-09092570,8.149999999999999,21.45,871.0,6.3,8.6,2650.0,8.87
2024-07-25 00:00:00+00:00,USGS-09092570,8.05,21.85,856.0,6.85,8.6,2650.0,8.87
2024-07-25 01:00:00+00:00,USGS-09092570,7.85,22.2,844.0,6.75,8.6,2650.0,8.87
2024-07-25 02:00:00+00:00,USGS-09092570,7.55,22.2,841.0,6.85,8.6,2650.0,8.87
2024-07-25 03:00:00+00:00,USGS-09092570,7.2,21.95,847.0,6.25,8.55,2650.0,8.87
2024-07-25 04:00:00+00:00,USGS-09092570,7.0,21.65,856.0,6.449999999999999,8.5,2650.0,8.87
2024-07-25 05:00:00+00:00,USGS-09092570,6.85,21.4,862.5,6.5,8.45,2650.0,8.87
2024-07-25 06:00:00+00:00,USGS-09092570,6.75,21.25,865.5,6.949999999999999,8.4,2640.0,8.86
2024-07-25 07:00:00+00:00,USGS-09092570,6.7,21.05,868.0,6.4,8.4,2640.0,8.86
2024-07-25 08:00:00+00:00,USGS-09092570,6.6,20.75,868.0,7.15,8.350000000000001,2620.0,8.85
2024-07-25 09:00:00+00:00,USGS-09092570,6.6,20.45,869.0,7.4,8.3,2620.0,8.85
2024-07-25 10:00:00+00:00,USGS-09092570,6.6,20.15,869.0,6.9,8.3,2600.0,8.84
2024-07-25 11:00:00+00:00,USGS-09092570,6.7,19.75,869.0,7.0,8.2,2590.0,8.835
2024-07-25 12:00:00+00:00,USGS-09092570,6.7,19.4,869.0,6.95,8.2,2545.0,8.81
2024-07-25 13:00:00+00:00,USGS-09092570,6.85,19.1,870.5,6.5,8.2,2500.0,8.785
2024-07-25 14:00:00+00:00,USGS-09092570,7.1,19.0,871.5,7.0,8.2,2470.0,8.77
2024-07-25 15:00:00+00:00,USGS-09092570,7.35,19.1,872.5,5.95,8.2,2470.0,8.77
2024-07-25 16:00:00+00:00,USGS-09092570,7.6,19.45,873.0,7.75,8.3,2490.0,8.78
2024-07-25 17:00:00+00:00,USGS-09092570,7.8,19.75,874.0,6.4,8.3,2490.0,8.78
2024-07-25 18:00:00+00:00,USGS-09092570,8.0,20.25,876.0,6.75,8.4,2490.0,8.78
2024-07-25 19:00:00+00:00,USGS-09092570,8.1,20.65,877.5,6.05,8.4,2490.0,8.78
2024-07-25 20:00:00+00:00,USGS-09092570,8.2,21.15,880.5,6.85,8.45,2510.0,8.79
2024-07-25 21:00:00+00:00,USGS-09092570,8.25,21.65,885.0,6.699999999999999,8.5,2480.0,8.774999999999999
2024-07-25 22:00:00+00:00,USGS-09092570,8.149999999999999,21.8,892.0,6.35,8.5,2440.0,8.754999999999999
2024-07-25 23:00:00+00:00,USGS-09092570,8.0,21.9,899.0,6.8,8.6,2420.0,8.74
2024-07-26 00:00:00+00:00,USGS-09092570,7.9,22.0,901.0,6.85,8.6,2380.0,8.72
2024-07-26 01:00:00+00:00,USGS-09092570,7.6,21.95,900.0,7.05,8.6,2380.0,8.72
2024-07-26 02:00:00+00:00,USGS-09092570,7.25,21.8,898.0,6.6,8.5,2335.0,8.695
2024-07-26 03:00:00+00:00,USGS-09092570,7.0,21.8,898.0,6.9,8.5,2265.0,8.655000000000001
2024-07-26 04:00:00+00:00,USGS-09092570,6.85,21.8,898.5,7.4,8.5,2260.0,8.65
2024-07-26 05:00:00+00:00,USGS-09092570,6.7,21.6,900.5,7.05,8.4,2270.0,8.66
2024-07-26 06:00:00+00:00,USGS-09092570,6.6,21.45,904.0,7.15,8.4,2335.0,8.695
2024-07-26 07:00:00+00:00,USGS-09092570,6.6,21.25,910.0,7.2,8.3,2370.0,8.715
2024-07-26 08:00:00+00:00,USGS-09092570,6.6,20.95,917.5,6.85,8.3,2425.0,8.745000000000001
2024-07-26 09:00:00+00:00,USGS-09092570,6.6,20.65,921.5,7.15,8.25,2425.0,8.745000000000001
2024-07-26 10:00:00+00:00,USGS-09092570,6.6,20.35,923.0,6.85,8.2,2420.0,8.74
2024-07-26 11:00:00+00:00,USGS-09092570,6.6,20.1,926.0,7.4,8.2,2420.0,8.74
2024-07-26 12:00:00+00:00,USGS-09092570,6.6,19.85,934.0,6.800000000000001,8.2,2425.0,8.745000000000001
2024-07-26 13:00:00+00:00,USGS-09092570,6.7,19.7,940.5,7.5,8.1,2440.0,8.754999999999999
2024-07-26 14:00:00+00:00,USGS-09092570,6.85,19.6,941.0,7.6,8.2,2450.0,8.76
2024-07-26 15:00:00+00:00,USGS-09092570,7.05,19.65,937.0,7.1,8.2,2470.0,8.77
2024-07-26 16:00:00+00:00,USGS-09092570,7.35,19.8,931.5,7.1,8.2,2450.0,8.76
2024-07-26 17:00:00+00:00,USGS-09092570,7.6,20.15,925.0,7.0,8.3,2450.0,8.76
2024-07-26 18:00:00+00:00,USGS-09092570,7.85,20.65,920.5,6.8,8.3,2450.0,8.76
2024-07-26 19:00:00+00:00,USGS-09092570,8.0,21.15,918.0,6.7,8.4,2450.0,8.76
2024-07-26 20:00:00+00:00,USGS-09092570,8.2,21.65,918.0,7.05,8.4,2470.0,8.77
2024-07-26 21:00:00+00:00,USGS-09092570,8.2,22.05,919.0,7.35,8.5,2490.0,8.78
2024-07-26 22:00:00+00:00,USGS-09092570,8.2,22.3,929.0,7.05,8.5,2490.0,8.78
2024-07-26 23:00:00+00:00,USGS-09092570,8.05,22.25,945.5,7.1,8.5,2470.0,8.77
2024-07-27 00:00:00+00:00,USGS-09092570,7.9,22.35,946.0,6.9,8.6,2470.0,8.77
2024-07-27 01:00:00+00:00,USGS-09092570,7.75,22.4,932.0,6.9,8.6,2470.0,8.77
2024-07-27 02:00:00+00:00,USGS-09092570,7.35,22.3,917.5,6.65,8.5,2470.0,8.77
2024-07-27 03:00:00+00:00,USGS-09092570,7.1,22.15,908.5,7.550000000000001,8.5,2450.0,8.76
2024-07-27 04:00:00+00:00,USGS-09092570,6.85,22.05,903.0,346.15,8.5,2585.0,8.835
2024-07-27 05:00:00+00:00,USGS-09092570,6.6,21.85,901.5,1960.0,8.4,2570.0,8.825
2024-07-27 06:00:00+00:00,USGS-09092570,6.6,21.55,898.0,728.0,8.4,2460.0,8.765
2024-07-27 07:00:00+00:00,USGS-09092570,6.5,21.3,903.0,208.0,8.3,2420.0,8.745000000000001
2024-07-27 08:00:00+00:00,USGS-09092570,6.5,21.15,910.5,81.2,8.3,2450.0,8.76
2024-07-27 09:00:00+00:00,USGS-09092570,6.45,20.85,914.5,51.5,8.3,2515.0,8.795
2024-07-27 10:00:00+00:00,USGS-09092570,6.5,20.55,916.0,39.55,8.2,2580.0,8.83
2024-07-27 11:00:00+00:00,USGS-09092570,6.5,20.3,916.0,27.0,8.2,2590.0,8.84
2024-07-27 12:00:00+00:00,USGS-09092570,6.6,20.0,917.0,19.75,8.2,2560.0,8.82
2024-07-27 13:00:00+00:00,USGS-09092570,6.6,19.8,918.5,23.049999999999997,8.2,2560.0,8.82
2024-07-27 14:00:00+00:00,USGS-09092570,6.6,19.8,935.0,163.5,8.1,2560.0,8.82
2024-07-27 15:00:00+00:00,USGS-09092570,6.6,19.8,928.5,203.0,8.1,2590.0,8.84
2024-07-27 16:00:00+00:00,USGS-09092570,6.7,19.95,920.0,124.5,8.1,2600.0,8.844999999999999
2024-07-27 17:00:00+00:00,USGS-09092570,6.9,20.25,914.5,64.3,8.149999999999999,2610.0,8.85
2024-07-27 18:00:00+00:00,USGS-09092570,7.2,20.75,909.5,38.3,8.2,2610.0,8.85
2024-07-27 19:00:00+00:00,USGS-09092570,7.6,21.200000000000003,906.0,26.7,8.3,2640.0,8.864999999999998
2024-07-27 20:00:00+00:00,USGS-09092570,7.95,21.65,904.0,18.95,8.4,2690.0,8.89
2024-07-27 21:00:00+00:00,USGS-09092570,8.0,21.8,904.0,14.5,8.5,2710.0,8.905000000000001
2024-07-27 22:00:00+00:00,USGS-09092570,8.1,21.85,905.5,14.1,8.5,2780.0,8.94
2024-07-27 23:00:00+00:00,USGS-09092570,8.0,21.9,906.0,,8.5,2800.0,8.95
2024-07-28 00:00:00+00:00,USGS-09092570,7.8,21.9,904.0,,8.5,2820.0,8.96
2024-07-28 01:00:00+00:00,USGS-09092570,7.6,21.9,902.0,,8.5,2830.0,8.97
2024-07-28 02:00:00+00:00,USGS-09092570,7.3,21.85,899.5,,8.5,2850.0,8.98
2024-07-28 03:00:00+00:00,USGS-09092570,7.0,21.75,894.0,,8.5,2860.0,8.985
2024-07-28 04:00:00+00:00,USGS-09092570,6.85,21.55,887.0,,8.4,2850.0,8.98
2024-07-28 05:00:00+00:00,USGS-09092570,6.7,21.25,879.0,,8.4,2850.0,8.98
2024-07-28 06:00:00+00:00,USGS-09092570,6.7,20.85,870.5,,8.350000000000001,2850.0,8.98
2024-07-28 07:00:00+00:00,USGS-09092570,6.6,20.55,866.5,,8.3,2850.0,8.98
2024-07-28 08:00:00+00:00,USGS-09092570,6.6,20.25,864.5,,8.3,2850.0,8.98
2024-07-28 09:00:00+00:00,USGS-09092570,6.6,19.85,862.5,,8.25,2830.0,8.97
2024-07-28 10:00:00+00:00,USGS-09092570,6.7,19.55,858.5,,8.2,2830.0,8.97
2024-07-28 11:00:00+00:00,USGS-09092570,6.7,19.35,855.0,,8.2,2830.0,8.97
2024-07-28 12:00:00+00:00,USGS-09092570,6.75,19.05,854.0,,8.1,2830.0,8.97
2024-07-28 13:00:00+00:00,USGS-09092570,6.85,18.8,854.0,,8.1,2810.0,8.96
2024-07-28 14:00:00+00:00,USGS-09092570,7.05,18.8,855.0,,8.1,2805.0,8.955
2024-07-28 15:00:00+00:00,USGS-09092570,7.35,18.9,856.0,,8.149999999999999,2800.0,8.95
2024-07-28 16:00:00+00:00,USGS-09092570,7.65,19.15,858.0,,8.2,2780.0,8.94
2024-07-28 17:00:00+00:00,USGS-09092570,7.9,19.55,861.5,,8.3,2780.0,8.94
2024-07-28 18:00:00+00:00,USGS-09092570,8.1,19.9,865.5,,8.3,2760.0,8.93
2024-07-28 19:00:00+00:00,USGS-09092570,8.2,20.25,868.0,,8.4,2780.0,8.94
2024-07-28 20:00:00+00:00,USGS-09092570,8.2,20.65,869.0,,8.4,2740.0,8.92
2024-07-28 21:00:00+00:00,USGS-09092570,8.2,20.95,869.0,,8.4,2720.0,8.91
2024-07-28 22:00:00+00:00,USGS-09092570,8.2,21.25,866.5,,8.5,2740.0,8.92
2024-07-28 23:00:00+00:00,USGS-09092570,8.2,21.5,863.5,,8.55,2760.0,8.93
2024-07-29 00:00:00+00:00,USGS-09092570,8.1,21.6,861.5,,8.6,2760.0,8.93
2024-07-29 01:00:00+00:00,USGS-09092570,7.9,21.6,860.0,,8.6,2720.0,8.91
2024-07-29 02:00:00+00:00,USGS-09092570,7.6,21.6,859.0,,8.6,2720.0,8.91
2024-07-29 03:00:00+00:00,USGS-09092570,7.35,21.45,857.0,,8.6,2720.0,8.91
2024-07-29 04:00:00+00:00,USGS-09092570,7.1,21.25,855.5,,8.6,2740.0,8.92
2024-07-29 05:00:00+00:00,USGS-09092570,6.9,21.05,854.0,,8.5,2740.0,8.92
2024-07-29 06:00:00+00:00,USGS-09092570,6.8,20.8,854.0,,8.5,2740.0,8.92
2024-07-29 07:00:00+00:00,USGS-09092570,6.7,20.45,854.0,,8.4,2720.0,8.91
2024-07-29 08:00:00+00:00,USGS-09092570,6.7,20.05,854.5,,8.4,2720.0,8.91
2024-07-29 09:00:00+00:00,USGS-09092570,6.7,19.65,856.0,,8.4,2720.0,8.91
2024-07-29 10:00:00+00:00,USGS-09092570,6.75,19.25,857.0,,8.3,2700.0,8.9
2024-07-29 11:00:00+00:00,USGS-09092570,6.8,18.9,857.0,,8.3,2700.0,8.9
2024-07-29 12:00:00+00:00,USGS-09092570,6.8,18.55,857.0,13.0,8.3,2680.0,8.89
2024-07-29 13:00:00+00:00,USGS-09092570,6.95,18.3,856.5,13.0,8.2,2660.0,8.88
2024-07-29 14:00:00+00:00,USGS-09092570,7.2,18.2,856.0,12.5,8.2,2660.0,8.88
2024-07-29 15:00:00+00:00,USGS-09092570,7.55,18.35,857.0,12.2,8.3,2660.0,8.88
2024-07-29 16:00:00+00:00,USGS-09092570,7.85,18.65,858.0,11.649999999999999,8.3,2650.0,8.87
2024-07-29 17:00:00+00:00,USGS-09092570,8.1,19.05,858.5,11.1,8.4,2650.0,8.87
2024-07-29 18:00:00+00:00,USGS-09092570,8.350000000000001,19.45,859.0,10.8,8.4,2640.0,8.87
2024-07-29 19:00:00+00:00,USGS-09092570,8.55,19.85,858.5,10.2,8.5,2630.0,8.86
2024-07-29 20:00:00+00:00,USGS-09092570,8.649999999999999,20.3,858.5,10.55,8.5,2570.0,8.83
2024-07-29 21:00:00+00:00,USGS-09092570,8.7,20.65,867.0,10.149999999999999,8.6,2535.0,8.81
2024-07-29 22:00:00+00:00,USGS-09092570,8.7,20.95,884.0,10.55,8.6,2525.0,8.805
2024-07-29 23:00:00+00:00,USGS-09092570,8.6,21.2,887.0,9.3,8.7,2520.0,8.8
2024-07-30 00:00:00+00:00,USGS-09092570,8.4,21.3,871.5,9.6,8.7,2525.0,8.805
2024-07-30 01:00:00+00:00,USGS-09092570,8.149999999999999,21.3,855.5,10.4,8.7,2530.0,8.81
2024-07-30 02:00:00+00:00,USGS-09092570,7.75,21.2,851.0,9.75,8.7,2540.0,8.815000000000001
2024-07-30 03:00:00+00:00,USGS-09092570,7.45,21.1,855.0,9.75,8.649999999999999,2550.0,8.82
2024-07-30 04:00:00+00:00,USGS-09092570,7.2,20.9,862.0,10.2,8.6,2550.0,8.82
2024-07-30 05:00:00+00:00,USGS-09092570,7.0,20.7,868.5,10.1,8.6,2550.0,8.82
2024-07-30 06:00:00+00:00,USGS-09092570,6.8,20.45,872.5,10.55,8.5,2560.0,8.825
2024-07-30 07:00:00+00:00,USGS-09092570,6.8,20.15,875.0,9.85,8.5,2550.0,8.82
2024-07-30 08:00:00+00:00,USGS-09092570,6.8,19.75,876.0,10.2,8.4,2550.0,8.82
2024-07-30 09:00:00+00:00,USGS-09092570,6.8,19.35,876.0,10.25,8.4,2550.0,8.82
2024-07-30 10:00:00+00:00,USGS-09092570,6.8,18.95,876.0,10.350000000000001,8.4,2530.0,8.81
2024-07-30 11:00:00+00:00,USGS-09092570,6.8,18.65,876.0,10.55,8.3,2530.0,8.81
2024-07-30 12:00:00+00:00,USGS-09092570,6.85,18.3,875.0,10.35,8.3,2530.0,8.81
2024-07-30 13:00:00+00:00,USGS-09092570,7.0,18.05,874.0,10.0,8.3,2530.0,8.81
2024-07-30 14:00:00+00:00,USGS-09092570,7.2,18.0,873.5,9.55,8.3,2530.0,8.81
2024-07-30 15:00:00+00:00,USGS-09092570,7.55,18.1,873.0,9.35,8.3,2530.0,8.81
2024-07-30 16:00:00+00:00,USGS-09092570,7.8,18.45,873.0,9.7,8.3,2530.0,8.81
2024-07-30 17:00:00+00:00,USGS-09092570,8.05,18.85,873.0,9.35,8.4,2530.0,8.81
2024-07-30 18:00:00+00:00,USGS-09092570,8.25,19.25,872.0,9.0,8.4,2520.0,8.8
2024-07-30 19:00:00+00:00,USGS-09092570,8.45,19.700000000000003,873.0,8.8,8.5,2500.0,8.79
2024-07-30 20:00:00+00:00,USGS-09092570,8.55,20.15,874.0,8.9,8.5,2460.0,8.77
2024-07-30 21:00:00+00:00,USGS-09092570,8.6,20.55,874.0,8.4,8.6,2500.0,8.79
2024-07-30 22:00:00+00:00,USGS-09092570,8.6,20.8,874.0,8.6,8.6,2505.0,8.795
2024-07-30 23:00:00+00:00,USGS-09092570,8.45,21.05,873.5,8.25,8.6,2510.0,8.8
2024-07-31 00:00:00+00:00,USGS-09092570,8.3,21.2,873.0,8.4,8.7,2505.0,8.795
2024-07-31 01:00:00+00:00,USGS-09092570,8.05,21.2,874.0,9.4,8.7,2470.0,8.774999999999999
2024-07-31 02:00:00+00:00,USGS-09092570,7.65,21.1,875.5,8.850000000000001,8.6,2415.0,8.745000000000001
2024-07-31 03:00:00+00:00,USGS-09092570,7.4,20.95,878.5,8.100000000000001,8.6,2360.0,8.715
2024-07-31 04:00:00+00:00,USGS-09092570,7.15,20.75,881.0,8.9,8.6,2340.0,8.7
2024-07-31 05:00:00+00:00,USGS-09092570,7.0,20.5,882.0,9.100000000000001,8.5,2345.0,8.705
2024-07-31 06:00:00+00:00,USGS-09092570,6.85,20.25,881.0,9.0,8.5,2390.0,8.73
2024-07-31 07:00:00+00:00,USGS-09092570,6.8,19.95,880.0,8.9,8.45,2410.0,8.74
2024-07-31 08:00:00+00:00,USGS-09092570,6.8,19.55,881.0,9.35,8.4,2440.0,8.76
2024-07-31 09:00:00+00:00,USGS-09092570,6.8,19.25,883.5,9.6,8.4,2450.0,8.765
2024-07-31 10:00:00+00:00,USGS-09092570,6.8,18.85,888.0,9.85,8.4,2440.0,8.76
2024-07-31 11:00:00+00:00,USGS-09092570,6.8,18.45,894.0,9.4,8.3,2440.0,8.76
2024-07-31 12:00:00+00:00,USGS-09092570,6.9,18.15,901.0,9.2,8.3,2440.0,8.76
2024-07-31 13:00:00+00:00,USGS-09092570,7.0,17.85,907.5,9.149999999999999,8.2,2490.0,8.785
2024-07-31 14:00:00+00:00,USGS-09092570,7.25,17.8,910.0,8.8,8.25,2510.0,8.8
2024-07-31 15:00:00+00:00,USGS-09092570,7.5,17.85,907.5,9.0,8.3,2500.0,8.79
2024-07-31 16:00:00+00:00,USGS-09092570,7.8,18.2,904.0,8.7,8.3,2480.0,8.78
2024-07-31 17:00:00+00:00,USGS-09092570,8.05,18.65,901.0,8.5,8.350000000000001,2460.0,8.77
2024-07-31 18:00:00+00:00,USGS-09092570,8.25,19.15,900.0,9.25,8.4,2410.0,8.74
2024-07-31 19:00:00+00:00,USGS-09092570,8.4,19.700000000000003,899.0,8.1,8.45,2350.0,8.71
2024-07-31 20:00:00+00:00,USGS-09092570,8.5,20.200000000000003,898.0,8.6,8.5,2330.0,8.7
2024-07-31 21:00:00+00:00,USGS-09092570,8.6,20.65,897.0,8.55,8.6,2325.0,8.695
2024-07-31 22:00:00+00:00,USGS-09092570,8.55,21.05,902.5,8.45,8.6,2350.0,8.71
2024-07-31 23:00:00+00:00,USGS-09092570,8.45,21.3,916.5,8.0,8.6,2370.0,8.72
2024-08-01 00:00:00+00:00,USGS-09092570,8.3,21.5,919.0,7.949999999999999,8.6,2370.0,8.72
2024-08-01 01:00:00+00:00,USGS-09092570,8.05,21.6,905.0,7.949999999999999,8.6,2360.0,8.715
2024-08-01 02:00:00+00:00,USGS-09092570,7.65,21.6,891.0,8.75,8.6,2350.0,8.71
2024-08-01 03:00:00+00:00,USGS-09092570,7.35,21.5,891.0,8.75,8.6,2330.0,8.7
2024-08-01 04:00:00+00:00,USGS-09092570,7.05,21.35,900.5,8.5,8.6,2330.0,8.7
2024-08-01 05:00:00+00:00,USGS-09092570,6.9,21.1,910.5,8.75,8.5,2350.0,8.71
2024-08-01 06:00:00+00:00,USGS-09092570,6.8,20.85,915.5,8.8,8.5,2350.0,8.71
2024-08-01 07:00:00+00:00,USGS-09092570,6.7,20.55,917.5,8.9,8.4,2350.0,8.71
2024-08-01 08:00:00+00:00,USGS-09092570,6.7,20.15,919.0,8.9,8.4,2350.0,8.71
2024-08-01 09:00:00+00:00,USGS-09092570,6.7,19.85,920.0,9.2,8.4,2350.0,8.71
2024-08-01 10:00:00+00:00,USGS-09092570,6.7,19.45,920.0,9.350000000000001,8.3,2350.0,8.71
2024-08-01 11:00:00+00:00,USGS-09092570,6.8,18.95,920.0,9.05,8.3,2370.0,8.72
2024-08-01 12:00:00+00:00,USGS-09092570,6.8,18.6,921.0,8.8,8.3,2370.0,8.72
2024-08-01 13:00:00+00:00,USGS-09092570,6.95,18.25,923.0,9.25,8.2,2360.0,8.715
2024-08-01 14:00:00+00:00,USGS-09092570,7.2,18.1,923.0,8.8,8.25,2350.0,8.71
2024-08-01 15:00:00+00:00,USGS-09092570,7.5,18.2,921.0,8.55,8.3,2350.0,8.71
2024-08-01 16:00:00+00:00,USGS-09092570,7.75,18.55,918.5,8.9,8.3,2350.0,8.71
2024-08-01 17:00:00+00:00,USGS-09092570,8.0,18.95,918.0,8.7,8.4,2360.0,8.715
2024-08-01 18:00:00+00:00,USGS-09092570,8.25,19.5,918.0,8.2,8.4,2370.0,8.72
2024-08-01 19:00:00+00:00,USGS-09092570,8.4,20.15,918.5,8.4,8.45,2370.0,8.72
2024-08-01 20:00:00+00:00,USGS-09092570,8.5,20.700000000000003,919.0,8.4,8.5,2370.0,8.72
2024-08-01 21:00:00+00:00,USGS-09092570,8.5,21.200000000000003,920.0,8.3,8.55,2370.0,8.72
2024-08-01 22:00:00+00:00,USGS-09092570,8.5,21.65,922.5,8.850000000000001,8.6,2370.0,8.72
2024-08-01 23:00:00+00:00,USGS-09092570,8.4,21.9,925.5,8.4,8.6,2360.0,8.715
2024-08-02 00:00:00+00:00,USGS-09092570,8.25,22.1,927.5,8.7,8.6,2370.0,8.72
2024-08-02 01:00:00+00:00,USGS-09092570,7.95,22.1,927.0,8.7,8.6,2370.0,8.72
2024-08-02 02:00:00+00:00,USGS-09092570,7.55,22.05,927.0,8.3,8.6,2370.0,8.72
2024-08-02 03:00:00+00:00,USGS-09092570,7.25,21.95,926.0,8.85,8.6,2370.0,8.72
2024-08-02 04:00:00+00:00,USGS-09092570,7.0,21.8,924.0,8.45,8.6,2370.0,8.72
2024-08-02 05:00:00+00:00,USGS-09092570,6.8,21.6,921.5,8.850000000000001,8.5,2370.0,8.72
2024-08-02 06:00:00+00:00,USGS-09092570,6.7,21.35,918.5,9.649999999999999,8.5,2360.0,8.715
2024-08-02 07:00:00+00:00,USGS-09092570,6.6,21.05,917.0,9.35,8.4,2340.0,8.705
2024-08-02 08:00:00+00:00,USGS-09092570,6.6,20.75,918.0,9.85,8.4,2330.0,8.7
2024-08-02 09:00:00+00:00,USGS-09092570,6.6,20.35,920.5,9.95,8.4,2340.0,8.705
2024-08-02 10:00:00+00:00,USGS-09092570,6.7,19.95,921.5,9.2,8.3,2330.0,8.7
2024-08-02 11:00:00+00:00,USGS-09092570,6.7,19.55,922.0,9.5,8.3,2330.0,8.7
2024-08-02 12:00:00+00:00,USGS-09092570,6.8,19.15,922.0,9.85,8.3,2330.0,8.7
2024-08-02 13:00:00+00:00,USGS-09092570,6.9,18.85,921.0,9.45,8.2,2330.0,8.7
2024-08-02 14:00:00+00:00,USGS-09092570,7.15,18.8,920.0,9.45,8.2,2330.0,8.7
2024-08-02 15:00:00+00:00,USGS-09092570,7.4,18.85,919.0,9.05,8.3,2310.0,8.69
2024-08-02 16:00:00+00:00,USGS-09092570,7.7,19.200000000000003,920.0,9.350000000000001,8.3,2310.0,8.69
2024-08-02 17:00:00+00:00,USGS-09092570,7.95,19.700000000000003,922.0,8.850000000000001,8.350000000000001,2310.0,8.69
2024-08-02 18:00:00+00:00,USGS-09092570,8.2,20.200000000000003,923.5,8.8,8.4,2310.0,8.69
2024-08-02 19:00:00+00:00,USGS-09092570,8.350000000000001,20.700000000000003,925.0,9.0,8.45,2310.0,8.69
2024-08-02 20:00:00+00:00,USGS-09092570,8.45,21.200000000000003,926.5,8.7,8.5,2300.0,8.68
2024-08-02 21:00:00+00:00,USGS-09092570,8.5,21.65,927.0,8.5,8.6,,
2024-08-02 22:00:00+00:00,USGS-09092570,8.5,22.05,927.0,9.45,8.6,2290.0,
2024-08-02 23:00:00+00:00,USGS-09092570,8.4,22.4,928.0,8.75,8.6,2300.0,8.68
2024-08-03 00:00:00+00:00,USGS-09092570,8.149999999999999,22.55,929.0,8.649999999999999,8.7,2280.0,8.67
2024-08-03 01:00:00+00:00,USGS-09092570,7.85,22.65,930.5,8.8,8.7,2280.0,8.67
2024-08-03 02:00:00+00:00,USGS-09092570,7.45,22.6,932.0,8.75,8.6,2260.0,8.66
2024-08-03 03:00:00+00:00,USGS-09092570,7.15,22.5,934.0,8.8,8.6,2260.0,8.66
2024-08-03 04:00:00+00:00,USGS-09092570,6.9,22.4,937.0,9.05,8.6,2260.0,8.66
2024-08-03 05:00:00+00:00,USGS-09092570,6.7,22.2,942.5,9.149999999999999,8.5,2280.0,8.67
2024-08-03 06:00:00+00:00,USGS-09092570,6.6,22.05,945.0,9.350000000000001,8.5,2280.0,8.67
2024-08-03 07:00:00+00:00,USGS-09092570,6.5,21.8,945.5,9.55,8.5,2260.0,8.66
2024-08-03 08:00:00+00:00,USGS-09092570,6.5,21.5,944.0,9.5,8.4,,
2024-08-03 09:00:00+00:00,USGS-09092570,6.5,21.15,942.5,9.5,8.4,2260.0,8.66
2024-08-03 10:00:00+00:00,USGS-09092570,6.5,20.75,942.0,9.5,8.4,2260.0,8.66
2024-08-03 11:00:00+00:00,USGS-09092570,6.6,20.35,943.5,9.7,8.3,2280.0,8.67
2024-08-03 12:00:00+00:00,USGS-09092570,6.6,19.95,945.0,9.5,8.3,2280.0,8.67
2024-08-03 13:00:00+00:00,USGS-09092570,6.75,19.65,946.5,9.6,8.2,2280.0,8.67
2024-08-03 14:00:00+00:00,USGS-09092570,7.0,19.5,947.5,9.65,8.2,2280.0,8.67
2024-08-03 15:00:00+00:00,USGS-09092570,7.25,19.6,948.0,9.149999999999999,8.3,2280.0,8.67
2024-08-03 16:00:00+00:00,USGS-09092570,7.6,19.95,948.5,9.4,8.3,2280.0,8.67
2024-08-03 17:00:00+00:00,USGS-09092570,7.85,20.4,949.0,9.0,8.4,,
2024-08-03 18:00:00+00:00,USGS-09092570,8.1,20.95,948.0,8.95,8.4,2270.0,
2024-08-03 19:00:00+00:00,USGS-09092570,8.25,21.45,947.5,9.0,8.5,,
2024-08-03 20:00:00+00:00,USGS-09092570,8.4,22.0,947.0,8.95,8.5,2270.0,
2024-08-03 21:00:00+00:00,USGS-09092570,8.4,22.4,945.5,9.0,8.6,,
2024-08-03 22:00:00+00:00,USGS-09092570,8.4,22.85,945.0,9.1,8.6,2260.0,
2024-08-03 23:00:00+00:00,USGS-09092570,8.25,23.1,945.0,8.5,8.7,,
2024-08-04 00:00:00+00:00,USGS-09092570,8.05,23.3,946.0,9.25,8.7,2260.0,8.66
2024-08-04 01:00:00+00:00,USGS-09092570,7.75,23.35,947.0,8.8,8.7,2240.0,8.65
2024-08-04 02:00:00+00:00,USGS-09092570,7.35,23.4,948.0,8.9,8.649999999999999,2260.0,8.66
2024-08-04 03:00:00+00:00,USGS-09092570,7.0,23.3,950.0,9.350000000000001,8.6,2260.0,8.66
2024-08-04 04:00:00+00:00,USGS-09092570,6.75,23.1,951.0,9.2,8.6,2260.0,8.66
2024-08-04 05:00:00+00:00,USGS-09092570,6.55,22.95,951.0,9.75,8.55,2260.0,8.66
2024-08-04 06:00:00+00:00,USGS-09092570,6.4,22.75,950.0,9.55,8.5,2260.0,8.66
2024-08-04 07:00:00+00:00,USGS-09092570,6.4,22.5,947.5,10.1,8.5,2280.0,8.67
2024-08-04 08:00:00+00:00,USGS-09092570,6.3,22.25,946.0,10.45,8.4,2280.0,8.67
2024-08-04 09:00:00+00:00,USGS-09092570,6.3,21.95,946.0,10.5,8.4,2280.0,8.67
2024-08-04 10:00:00+00:00,USGS-09092570,6.4,21.65,946.0,10.3,8.4,2280.0,8.675
2024-08-04 11:00:00+00:00,USGS-09092570,6.4,21.35,947.0,10.6,8.3,2300.0,8.684999999999999
2024-08-04 12:00:00+00:00,USGS-09092570,6.4,21.05,947.0,10.5,8.3,2310.0,8.69
2024-08-04 13:00:00+00:00,USGS-09092570,6.5,20.85,947.0,10.75,8.2,2300.0,8.684999999999999
2024-08-04 14:00:00+00:00,USGS-09092570,6.75,20.75,947.0,10.8,8.2,2290.0,8.68
2024-08-04 15:00:00+00:00,USGS-09092570,6.95,20.8,947.0,10.7,8.25,2280.0,8.675
2024-08-04 16:00:00+00:00,USGS-09092570,7.2,20.9,946.0,10.6,8.3,2270.0,8.67
2024-08-04 17:00:00+00:00,USGS-09092570,7.4,21.0,944.0,10.7,8.3,2260.0,8.66
2024-08-04 18:00:00+00:00,USGS-09092570,7.65,21.200000000000003,942.0,10.6,8.4,,
2024-08-04 19:00:00+00:00,USGS-09092570,7.9,21.55,941.0,10.9,8.4,2260.0,8.66
2024-08-04 20:00:00+00:00,USGS-09092570,8.149999999999999,22.05,939.0,10.75,8.5,,
2024-08-04 21:00:00+00:00,USGS-09092570,8.3,22.55,937.0,10.45,8.5,2250.0,
2024-08-04 22:00:00+00:00,USGS-09092570,8.3,22.9,937.5,10.5,8.6,,
2024-08-04 23:00:00+00:00,USGS-09092570,8.149999999999999,22.9,949.0,10.4,8.6,,8.65
2024-08-05 00:00:00+00:00,USGS-09092570,8.05,23.0,962.5,10.2,8.6,2240.0,8.65
2024-08-05 01:00:00+00:00,USGS-09092570,7.65,22.85,960.5,11.3,8.6,2220.0,8.64
2024-08-05 02:00:00+00:00,USGS-09092570,7.35,22.7,947.5,10.3,8.6,2220.0,8.64
2024-08-05 03:00:00+00:00,USGS-09092570,7.05,22.6,936.0,10.8,8.6,2220.0,8.64
2024-08-05 04:00:00+00:00,USGS-09092570,6.8,22.7,931.5,10.9,8.55,2220.0,8.64
2024-08-05 05:00:00+00:00,USGS-09092570,6.6,22.65,935.0,11.2,8.5,2220.0,8.64
2024-08-05 06:00:00+00:00,USGS-09092570,6.5,22.5,942.0,10.7,8.5,2240.0,8.65
2024-08-05 07:00:00+00:00,USGS-09092570,6.4,22.25,946.5,10.95,8.4,2240.0,8.65
2024-08-05 08:00:00+00:00,USGS-09092570,6.4,21.95,948.0,11.55,8.4,2240.0,8.65
2024-08-05 09:00:00+00:00,USGS-09092570,6.4,21.6,950.0,11.3,8.4,2240.0,8.65
2024-08-05 10:00:00+00:00,USGS-09092570,6.4,21.25,951.0,11.350000000000001,8.350000000000001,2240.0,8.65
2024-08-05 11:00:00+00:00,USGS-09092570,6.45,21.0,952.0,12.1,8.3,2240.0,8.65
2024-08-05 12:00:00+00:00,USGS-09092570,6.5,20.75,953.0,11.1,8.3,,
2024-08-05 13:00:00+00:00,USGS-09092570,6.6,20.5,953.0,11.350000000000001,8.2,2250.0,8.655000000000001
2024-08-05 14:00:00+00:00,USGS-09092570,6.85,20.4,953.0,11.7,8.25,2265.0,8.665
2024-08-05 15:00:00+00:00,USGS-09092570,7.2,20.5,952.0,11.350000000000001,8.3,2270.0,8.67
2024-08-05 16:00:00+00:00,USGS-09092570,7.55,20.75,950.5,11.149999999999999,8.3,2290.0,8.68
2024-08-05 17:00:00+00:00,USGS-09092570,7.85,21.15,948.5,10.45,8.4,2310.0,8.69
2024-08-05 18:00:00+00:00,USGS-09092570,8.149999999999999,21.700000000000003,946.0,10.8,8.45,2320.0,8.695
2024-08-05 19:00:00+00:00,USGS-09092570,8.350000000000001,22.299999999999997,944.0,10.8,8.5,,
2024-08-05 20:00:00+00:00,USGS-09092570,8.4,22.8,943.0,10.1,8.6,2340.0,
2024-08-05 21:00:00+00:00,USGS-09092570,8.25,22.65,941.0,10.25,8.6,2340.0,8.71
2024-08-05 22:00:00+00:00,USGS-09092570,8.149999999999999,22.7,938.5,10.65,8.6,,
2024-08-05 23:00:00+00:00,USGS-09092570,8.2,22.95,938.0,10.0,8.6,2350.0,
2024-08-06 00:00:00+00:00,USGS-09092570,8.05,23.1,937.0,10.45,8.7,2360.0,8.72
2024-08-06 01:00:00+00:00,USGS-09092570,7.65,23.1,936.0,10.4,8.6,2360.0,8.72
2024-08-06 02:00:00+00:00,USGS-09092570,7.35,23.0,934.0,10.7,8.6,2380.0,8.73
2024-08-06 03:00:00+00:00,USGS-09092570,7.05,22.95,933.0,11.25,8.6,2380.0,8.73
2024-08-06 04:00:00+00:00,USGS-09092570,6.8,22.75,931.5,11.7,8.6,2400.0,8.74
2024-08-06 05:00:00+00:00,USGS-09092570,6.65,22.45,929.5,12.4,8.5,2400.0,8.74
2024-08-06 06:00:00+00:00,USGS-09092570,6.6,22.1,927.5,12.9,8.45,2400.0,8.74
2024-08-06 07:00:00+00:00,USGS-09092570,6.5,21.8,926.5,12.3,8.4,2400.0,8.74
2024-08-06 08:00:00+00:00,USGS-09092570,6.5,21.45,927.5,12.45,8.4,2400.0,8.74
2024-08-06 09:00:00+00:00,USGS-09092570,6.5,21.15,929.0,,8.350000000000001,2400.0,8.74
2024-08-06 10:00:00+00:00,USGS-09092570,6.5,20.75,930.0,12.4,8.3,2400.0,8.74
2024-08-06 11:00:00+00:00,USGS-09092570,6.6,20.5,929.0,,8.3,2390.0,8.74
2024-08-06 12:00:00+00:00,USGS-09092570,6.6,20.3,928.5,,8.25,2380.0,8.73
2024-08-06 13:00:00+00:00,USGS-09092570,6.65,20.2,928.0,,8.2,2380.0,8.73
2024-08-06 14:00:00+00:00,USGS-09092570,6.85,20.2,927.0,,8.2,2380.0,8.73
2024-08-06 15:00:00+00:00,USGS-09092570,7.2,20.35,926.0,,8.25,,
2024-08-06 16:00:00+00:00,USGS-09092570,7.55,20.65,925.0,,8.3,2380.0,8.73
2024-08-06 17:00:00+00:00,USGS-09092570,7.85,21.1,924.0,,8.4,2360.0,8.72
2024-08-06 18:00:00+00:00,USGS-09092570,8.149999999999999,21.65,924.0,,8.4,2380.0,8.73
2024-08-06 19:00:00+00:00,USGS-09092570,8.350000000000001,22.15,923.5,,8.5,2385.0,8.735
2024-08-06 20:00:00+00:00,USGS-09092570,8.45,22.65,921.5,,8.6,2380.0,8.73
2024-08-06 21:00:00+00:00,USGS-09092570,8.45,22.95,920.0,,8.6,2380.0,8.73
2024-08-06 22:00:00+00:00,USGS-09092570,8.4,23.25,919.0,,8.6,2390.0,8.74
2024-08-06 23:00:00+00:00,USGS-09092570,8.2,23.4,919.0,,8.649999999999999,2390.0,8.74
2024-08-07 00:00:00+00:00,USGS-09092570,7.85,23.5,921.0,,8.6,2410.0,8.75
2024-08-07 01:00:00+00:00,USGS-09092570,7.6,23.6,923.5,,8.6,2430.0,8.76
2024-08-07 02:00:00+00:00,USGS-09092570,7.25,23.65,927.0,,8.6,2430.0,8.76
2024-08-07 03:00:00+00:00,USGS-09092570,6.9,23.55,930.5,,8.6,2450.0,8.77
2024-08-07 04:00:00+00:00,USGS-09092570,6.65,23.5,932.0,,8.6,2450.0,8.77
2024-08-07 05:00:00+00:00,USGS-09092570,6.45,23.5,932.5,,8.5,2450.0,8.77
2024-08-07 06:00:00+00:00,USGS-09092570,6.35,23.35,932.0,,8.5,2430.0,8.76
2024-08-07 07:00:00+00:00,USGS-09092570,6.3,23.15,931.0,,8.5,2450.0,8.77
2024-08-07 08:00:00+00:00,USGS-09092570,6.3,22.85,930.0,,8.4,2450.0,8.77
2024-08-07 09:00:00+00:00,USGS-09092570,6.3,22.45,929.0,,8.4,2450.0,8.77
2024-08-07 10:00:00+00:00,USGS-09092570,6.3,22.15,930.0,,8.3,2450.0,8.77
2024-08-07 11:00:00+00:00,USGS-09092570,6.3,21.75,932.0,,8.2,2450.0,8.77
2024-08-07 12:00:00+00:00,USGS-09092570,6.4,21.45,934.0,,8.1,2450.0,8.77
2024-08-07 13:00:00+00:00,USGS-09092570,6.4,21.15,935.0,,8.1,2450.0,8.77
2024-08-07 14:00:00+00:00,USGS-09092570,6.6,21.05,936.0,,8.1,2450.0,8.77
2024-08-07 15:00:00+00:00,USGS-09092570,6.85,21.1,935.0,,8.1,2430.0,8.76
2024-08-07 16:00:00+00:00,USGS-09092570,7.15,21.35,933.0,,8.2,2430.0,8.76
2024-08-07 17:00:00+00:00,USGS-09092570,7.45,21.8,930.5,,8.25,2430.0,8.76
2024-08-07 18:00:00+00:00,USGS-09092570,7.6,22.05,927.5,,8.3,2430.0,8.76
2024-08-07 19:00:00+00:00,USGS-09092570,7.85,22.55,925.0,,8.4,2430.0,8.76
2024-08-07 20:00:00+00:00,USGS-09092570,8.1,22.95,922.0,,8.5,2420.0,8.754999999999999
2024-08-07 21:00:00+00:00,USGS-09092570,8.2,23.2,919.5,,8.5,2410.0,8.75
2024-08-07 22:00:00+00:00,USGS-09092570,8.05,23.1,926.0,,8.6,2410.0,8.75
2024-08-07 23:00:00+00:00,USGS-09092570,7.85,23.1,943.0,,8.6,2400.0,8.745000000000001
2024-08-08 00:00:00+00:00,USGS-09092570,7.55,22.75,947.0,,8.6,2370.0,8.73
2024-08-08 01:00:00+00:00,USGS-09092570,7.25,22.7,935.0,,8.5,2390.0,8.74
2024-08-08 02:00:00+00:00,USGS-09092570,7.0,22.6,920.5,,8.5,2390.0,8.74
2024-08-08 03:00:00+00:00,USGS-09092570,6.75,22.5,913.5,,8.5,2440.0,8.77
2024-08-08 04:00:00+00:00,USGS-09092570,6.6,22.35,912.0,,8.5,2440.0,8.77
2024-08-08 05:00:00+00:00,USGS-09092570,6.55,22.05,911.0,,8.4,2450.0,8.774999999999999
2024-08-08 06:00:00+00:00,USGS-09092570,6.5,21.75,911.5,,8.4,2460.0,8.78
2024-08-08 07:00:00+00:00,USGS-09092570,6.5,21.4,913.5,,8.4,2435.0,8.765
2024-08-08 08:00:00+00:00,USGS-09092570,6.5,21.05,915.0,,8.4,2390.0,8.74
2024-08-08 09:00:00+00:00,USGS-09092570,6.5,20.75,917.0,,8.3,2360.0,8.72
2024-08-08 10:00:00+00:00,USGS-09092570,6.6,20.45,919.0,,8.3,2340.0,8.71
2024-08-08 11:00:00+00:00,USGS-09092570,6.6,20.15,920.0,,8.2,2340.0,8.71
2024-08-08 12:00:00+00:00,USGS-09092570,6.6,19.85,919.0,,8.2,2380.0,8.735
2024-08-08 13:00:00+00:00,USGS-09092570,6.75,19.6,918.0,,8.1,2430.0,8.76
2024-08-08 14:00:00+00:00,USGS-09092570,6.95,19.5,917.0,,8.149999999999999,2440.0,8.77
2024-08-08 15:00:00+00:00,USGS-09092570,7.25,19.55,915.5,,8.2,2440.0,8.77
2024-08-08 16:00:00+00:00,USGS-09092570,7.55,19.8,915.0,,8.2,2450.0,8.774999999999999
2024-08-08 17:00:00+00:00,USGS-09092570,7.8,20.0,916.0,,8.3,2440.0,8.77
2024-08-08 18:00:00+00:00,USGS-09092570,8.2,20.6,921.0,9.3,8.3,2440.0,8.77
2024-08-08 19:00:00+00:00,USGS-09092570,8.350000000000001,20.85,922.5,12.2,8.4,2410.0,8.75
2024-08-08 20:00:00+00:00,USGS-09092570,8.45,21.05,921.5,11.15,8.4,2390.0,8.74
2024-08-08 21:00:00+00:00,USGS-09092570,8.6,21.45,917.5,8.05,8.5,2380.0,8.735
2024-08-08 22:00:00+00:00,USGS-09092570,8.3,21.4,915.0,10.25,8.5,2390.0,8.74
2024-08-08 23:00:00+00:00,USGS-09092570,8.149999999999999,21.5,915.0,7.2,8.5,2400.0,8.745000000000001
2024-08-09 00:00:00+00:00,USGS-09092570,8.05,21.65,915.0,9.75,8.5,2410.0,8.75
2024-08-09 01:00:00+00:00,USGS-09092570,7.75,21.6,913.5,10.4,8.5,2410.0,8.75
2024-08-09 02:00:00+00:00,USGS-09092570,7.45,21.5,907.5,8.2,8.5,2390.0,8.74
2024-08-09 03:00:00+00:00,USGS-09092570,7.2,21.4,903.0,10.3,8.4,2410.0,8.75
2024-08-09 04:00:00+00:00,USGS-09092570,6.95,21.2,903.0,10.7,8.4,2440.0,8.77
2024-08-09 05:00:00+00:00,USGS-09092570,6.8,20.95,905.5,13.1,8.3,2430.0,8.765
2024-08-09 06:00:00+00:00,USGS-09092570,6.7,20.7,909.5,13.45,8.2,2390.0,8.74
2024-08-09 07:00:00+00:00,USGS-09092570,6.7,20.45,912.5,15.6,8.1,2390.0,8.74
2024-08-09 08:00:00+00:00,USGS-09092570,6.7,20.25,913.5,15.95,8.05,2390.0,8.74
2024-08-09 09:00:00+00:00,USGS-09092570,6.7,20.0,913.0,14.600000000000001,8.0,2390.0,8.74
2024-08-09 10:00:00+00:00,USGS-09092570,6.7,19.75,913.0,14.95,8.0,2400.0,8.745000000000001
2024-08-09 11:00:00+00:00,USGS-09092570,6.7,19.55,915.5,13.9,8.0,2410.0,8.75
2024-08-09 12:00:00+00:00,USGS-09092570,6.7,19.3,919.5,12.95,8.0,2390.0,8.74
2024-08-09 13:00:00+00:00,USGS-09092570,6.8,19.2,923.0,12.55,8.0,2410.0,8.75
2024-08-09 14:00:00+00:00,USGS-09092570,7.0,19.2,925.5,12.75,8.0,2410.0,8.75
2024-08-09 15:00:00+00:00,USGS-09092570,7.1,19.2,927.5,11.4,8.0,2400.0,8.745000000000001
2024-08-09 16:00:00+00:00,USGS-09092570,7.25,19.2,929.0,13.25,8.0,2390.0,8.74
2024-08-09 17:00:00+00:00,USGS-09092570,7.45,19.3,928.5,11.85,8.1,2390.0,8.74
2024-08-09 18:00:00+00:00,USGS-09092570,7.85,19.65,927.0,10.95,8.149999999999999,2370.0,8.73
2024-08-09 19:00:00+00:00,USGS-09092570,8.149999999999999,20.1,924.5,13.4,8.2,2370.0,8.73
2024-08-09 20:00:00+00:00,USGS-09092570,8.4,20.65,920.5,10.15,8.3,2370.0,8.73
2024-08-09 21:00:00+00:00,USGS-09092570,8.25,20.6,917.0,11.3,8.350000000000001,2330.0,8.71
2024-08-09 22:00:00+00:00,USGS-09092570,7.9,20.4,914.5,9.0,8.3,2370.0,8.73
2024-08-09 23:00:00+00:00,USGS-09092570,7.9,20.4,925.0,11.2,8.4,2390.0,8.74
2024-08-10 00:00:00+00:00,USGS-09092570,7.6,20.15,939.5,856.5,8.3,2420.0,8.76
2024-08-10 01:00:00+00:00,USGS-09092570,7.5,20.0,928.0,598.5,8.3,2420.0,8.76
2024-08-10 02:00:00+00:00,USGS-09092570,7.35,19.9,912.5,209.5,8.3,2400.0,8.75
2024-08-10 03:00:00+00:00,USGS-09092570,7.15,19.9,905.0,150.0,8.3,2410.0,8.754999999999999
2024-08-10 04:00:00+00:00,USGS-09092570,7.05,19.9,908.0,132.5,8.3,2460.0,8.78
2024-08-10 05:00:00+00:00,USGS-09092570,7.0,19.8,915.0,69.80000000000001,8.3,2470.0,8.785
2024-08-10 06:00:00+00:00,USGS-09092570,6.9,19.65,925.0,198.0,8.3,2485.0,8.795
2024-08-10 07:00:00+00:00,USGS-09092570,6.9,19.5,925.5,331.0,8.3,2490.0,8.8
2024-08-10 08:00:00+00:00,USGS-09092570,6.9,19.3,926.5,250.0,8.2,2485.0,8.795
2024-08-10 09:00:00+00:00,USGS-09092570,6.9,19.1,929.0,158.5,8.1,2460.0,8.78
2024-08-10 10:00:00+00:00,USGS-09092570,6.9,18.9,929.0,129.0,8.0,2460.0,8.78
2024-08-10 11:00:00+00:00,USGS-09092570,6.9,18.65,929.5,146.5,8.0,2490.0,8.8
2024-08-10 12:00:00+00:00,USGS-09092570,6.9,18.4,930.5,164.0,7.9,2510.0,8.81
2024-08-10 13:00:00+00:00,USGS-09092570,7.0,18.25,931.0,164.0,7.9,2500.0,8.805
2024-08-10 14:00:00+00:00,USGS-09092570,7.0,18.25,930.5,134.0,7.9,2470.0,8.785
2024-08-10 15:00:00+00:00,USGS-09092570,7.1,18.4,928.5,88.9,7.9,2380.0,8.735
2024-08-10 16:00:00+00:00,USGS-09092570,7.25,18.65,927.0,73.25,8.0,2350.0,8.72
2024-08-10 17:00:00+00:00,USGS-09092570,7.4,19.15,925.5,65.15,8.0,2370.0,8.73
2024-08-10 18:00:00+00:00,USGS-09092570,7.6,19.55,925.0,51.4,8.1,2360.0,8.725000000000001
2024-08-10 19:00:00+00:00,USGS-09092570,7.85,20.05,926.0,44.6,8.149999999999999,2390.0,8.74
2024-08-10 20:00:00+00:00,USGS-09092570,8.05,20.5,923.5,37.7,8.25,2390.0,8.74
2024-08-10 21:00:00+00:00,USGS-09092570,8.25,20.95,919.5,35.0,8.350000000000001,2370.0,8.73
2024-08-10 22:00:00+00:00,USGS-09092570,8.4,21.35,915.5,29.9,8.4,2350.0,8.72
2024-08-10 23:00:00+00:00,USGS-09092570,8.4,21.6,915.0,32.8,8.5,2370.0,8.73
2024-08-11 00:00:00+00:00,USGS-09092570,8.25,21.7,919.5,22.200000000000003,8.55,2380.0,8.74
2024-08-11 01:00:00+00:00,USGS-09092570,7.85,21.6,925.0,21.75,8.6,2360.0,8.725000000000001
2024-08-11 02:00:00+00:00,USGS-09092570,7.55,21.5,925.0,20.8,8.6,2510.0,8.81
2024-08-11 03:00:00+00:00,USGS-09092570,7.25,21.4,936.5,4000.0,8.4,2465.0,8.785
2024-08-11 04:00:00+00:00,USGS-09092570,7.1,21.2,922.5,2350.0,8.5,2465.0,8.785
2024-08-11 05:00:00+00:00,USGS-09092570,6.95,21.1,917.5,2570.0,8.45,2620.0,8.870000000000001
2024-08-11 06:00:00+00:00,USGS-09092570,6.8,21.0,938.5,4000.0,8.3,2690.0,8.91
2024-08-11 07:00:00+00:00,USGS-09092570,6.8,20.65,914.0,2075.0,8.4,2680.0,8.905000000000001
2024-08-11 08:00:00+00:00,USGS-09092570,6.8,20.15,904.0,2740.0,8.4,2620.0,8.87
2024-08-11 09:00:00+00:00,USGS-09092570,6.7,19.75,898.5,2675.0,8.3,2590.0,8.855
2024-08-11 10:00:00+00:00,USGS-09092570,6.7,19.45,892.0,2160.0,8.2,2600.0,8.86
2024-08-11 11:00:00+00:00,USGS-09092570,6.8,19.15,894.0,1430.0,8.1,2650.0,8.885000000000002
2024-08-11 12:00:00+00:00,USGS-09092570,6.9,18.75,899.0,1200.0,8.05,2740.0,8.934999999999999
2024-08-11 13:00:00+00:00,USGS-09092570,6.9,18.5,906.0,1060.0,8.0,2800.0,8.97
2024-08-11 14:00:00+00:00,USGS-09092570,7.0,18.35,915.5,1135.0,7.9,2780.0,8.955
2024-08-11 15:00:00+00:00,USGS-09092570,7.0,18.3,940.0,886.5,7.9,2740.0,8.934999999999999
2024-08-11 16:00:00+00:00,USGS-09092570,6.9,18.45,941.0,1420.0,7.9,2720.0,8.925
2024-08-11 17:00:00+00:00,USGS-09092570,6.9,18.75,925.5,2130.0,7.9,2720.0,8.925
2024-08-11 18:00:00+00:00,USGS-09092570,6.95,19.15,915.0,1875.0,7.9,2730.0,8.93
2024-08-11 19:00:00+00:00,USGS-09092570,7.0,19.65,908.0,1270.0,7.9,2690.0,8.91
2024-08-11 20:00:00+00:00,USGS-09092570,6.95,20.05,897.5,1115.0,7.9,2710.0,8.92
2024-08-11 21:00:00+00:00,USGS-09092570,6.9,20.35,890.5,910.5,7.9,2750.0,8.94
2024-08-11 22:00:00+00:00,USGS-09092570,6.9,20.55,889.0,729.0,8.0,2710.0,8.92
2024-08-11 23:00:00+00:00,USGS-09092570,6.9,20.5,890.5,646.5,8.0,2690.0,8.91
2024-08-12 00:00:00+00:00,USGS-09092570,6.9,20.5,891.0,599.5,8.0,2690.0,8.91
2024-08-12 01:00:00+00:00,USGS-09092570,6.9,20.5,889.5,515.5,8.0,2670.0,8.9
2024-08-12 02:00:00+00:00,USGS-09092570,6.9,20.55,887.5,414.5,8.1,2640.0,8.88
2024-08-12 03:00:00+00:00,USGS-09092570,6.9,20.5,886.0,365.0,8.1,2640.0,8.88
2024-08-12 04:00:00+00:00,USGS-09092570,7.0,20.4,884.5,330.0,8.149999999999999,2580.0,8.85
2024-08-12 05:00:00+00:00,USGS-09092570,7.0,20.2,883.0,273.5,8.2,2660.0,8.895
2024-08-12 06:00:00+00:00,USGS-09092570,7.0,20.0,881.5,221.5,8.2,2670.0,8.9
2024-08-12 07:00:00+00:00,USGS-09092570,7.0,19.85,881.0,186.0,8.2,2650.0,8.89
2024-08-12 08:00:00+00:00,USGS-09092570,7.0,19.7,883.5,152.0,8.2,2630.0,8.88
2024-08-12 09:00:00+00:00,USGS-09092570,7.0,19.55,887.5,121.0,8.149999999999999,2630.0,8.88
2024-08-12 10:00:00+00:00,USGS-09092570,7.0,19.4,891.0,117.5,8.1,2630.0,8.88
2024-08-12 11:00:00+00:00,USGS-09092570,7.0,19.25,893.0,109.0,8.1,2630.0,8.88
2024-08-12 12:00:00+00:00,USGS-09092570,7.0,19.1,895.0,96.1,8.0,2630.0,8.88
2024-08-12 13:00:00+00:00,USGS-09092570,7.0,19.0,895.0,95.0,8.0,2650.0,8.89
2024-08-12 14:00:00+00:00,USGS-09092570,7.1,19.05,894.0,89.7,8.0,2670.0,8.9
2024-08-12 15:00:00+00:00,USGS-09092570,7.1,19.25,896.5,86.2,8.0,2690.0,8.91
2024-08-12 16:00:00+00:00,USGS-09092570,7.2,19.55,900.5,85.95,8.0,2730.0,8.93
2024-08-12 17:00:00+00:00,USGS-09092570,7.2,19.799999999999997,904.5,89.15,8.0,2750.0,8.94
2024-08-12 18:00:00+00:00,USGS-09092570,7.2,20.15,908.5,90.55,8.0,2730.0,8.93
2024-08-12 19:00:00+00:00,USGS-09092570,7.2,20.2,911.0,97.25,8.0,2710.0,8.92
2024-08-12 20:00:00+00:00,USGS-09092570,7.2,20.3,911.0,110.5,8.0,2740.0,8.94
2024-08-12 21:00:00+00:00,USGS-09092570,7.2,20.65,914.0,122.5,8.0,2740.0,8.94
2024-08-12 22:00:00+00:00,USGS-09092570,7.1,21.05,927.5,136.5,8.0,2740.0,8.94
2024-08-12 23:00:00+00:00,USGS-09092570,7.0,21.25,932.0,168.0,8.0,2730.0,8.93
2024-08-13 00:00:00+00:00,USGS-09092570,6.9,21.3,919.5,268.0,8.0,2710.0,8.92
2024-08-13 01:00:00+00:00,USGS-09092570,6.75,21.3,913.5,480.0,8.0,2720.0,8.925
2024-08-13 02:00:00+00:00,USGS-09092570,6.7,21.2,921.5,729.0,8.0,2735.0,8.934999999999999
2024-08-13 03:00:00+00:00,USGS-09092570,6.6,21.1,938.0,940.0,7.9,2740.0,8.94
2024-08-13 04:00:00+00:00,USGS-09092570,6.6,20.9,947.5,1060.0,7.9,2730.0,8.93
2024-08-13 05:00:00+00:00,USGS-09092570,6.6,20.75,946.5,1030.0,7.9,2690.0,8.91
2024-08-13 06:00:00+00:00,USGS-09092570,6.6,20.6,939.0,895.0,7.9,2690.0,8.91
2024-08-13 07:00:00+00:00,USGS-09092570,6.7,20.45,932.5,720.0,7.9,2650.0,8.89
2024-08-13 08:00:00+00:00,USGS-09092570,6.75,20.25,927.5,572.0,8.0,2650.0,8.89
2024-08-13 09:00:00+00:00,USGS-09092570,6.8,20.0,922.5,456.0,8.0,2650.0,8.89
2024-08-13 10:00:00+00:00,USGS-09092570,6.9,19.75,917.5,369.5,8.0,2630.0,8.88
2024-08-13 11:00:00+00:00,USGS-09092570,6.9,19.55,911.0,305.0,8.0,2610.0,8.87
2024-08-13 12:00:00+00:00,USGS-09092570,6.95,19.4,905.5,251.0,8.0,2610.0,8.87
2024-08-13 13:00:00+00:00,USGS-09092570,7.0,19.25,900.5,212.0,8.0,2600.0,8.86
2024-08-13 14:00:00+00:00,USGS-09092570,7.0,19.1,897.0,180.0,8.0,2600.0,8.86
2024-08-13 15:00:00+00:00,USGS-09092570,7.1,19.2,893.5,155.0,8.0,2590.0,8.855
2024-08-13 16:00:00+00:00,USGS-09092570,7.1,19.1,889.0,136.0,8.0,2600.0,8.86
2024-08-13 17:00:00+00:00,USGS-09092570,7.2,19.1,884.5,123.5,8.0,2590.0,8.86
2024-08-13 18:00:00+00:00,USGS-09092570,7.2,19.0,881.0,113.5,8.0,2600.0,8.864999999999998
2024-08-13 19:00:00+00:00,USGS-09092570,7.25,18.9,877.5,97.95,8.0,2610.0,8.87
2024-08-13 20:00:00+00:00,USGS-09092570,7.3,19.0,876.0,92.7,8.0,2640.0,8.885000000000002
2024-08-13 21:00:00+00:00,USGS-09092570,7.3,19.15,873.5,83.80000000000001,8.0,2650.0,8.89
2024-08-13 22:00:00+00:00,USGS-09092570,7.4,19.4,871.5,77.6,8.05,2670.0,8.9
2024-08-13 23:00:00+00:00,USGS-09092570,7.4,19.75,869.5,75.1,8.1,2670.0,8.9
2024-08-14 00:00:00+00:00,USGS-09092570,7.4,19.9,868.5,70.65,8.1,2670.0,8.9
2024-08-14 01:00:00+00:00,USGS-09092570,7.3,19.9,868.0,70.2,8.1,2670.0,8.9
2024-08-14 02:00:00+00:00,USGS-09092570,7.25,19.8,867.5,67.9,8.1,2695.0,8.915
2024-08-14 03:00:00+00:00,USGS-09092570,7.2,19.7,866.0,63.45,8.1,2740.0,8.94
2024-08-14 04:00:00+00:00,USGS-09092570,7.2,19.6,866.0,62.2,8.1,2720.0,8.93
2024-08-14 05:00:00+00:00,USGS-09092570,7.15,19.5,866.0,63.800000000000004,8.1,2700.0,8.92
2024-08-14 06:00:00+00:00,USGS-09092570,7.1,19.45,866.0,61.95,8.1,2690.0,8.91
2024-08-14 07:00:00+00:00,USGS-09092570,7.1,19.3,867.5,60.650000000000006,8.1,2690.0,8.91
2024-08-14 08:00:00+00:00,USGS-09092570,7.1,19.2,870.5,56.599999999999994,8.1,2690.0,8.91
2024-08-14 09:00:00+00:00,USGS-09092570,7.1,18.95,872.5,55.849999999999994,8.1,2690.0,8.91
2024-08-14 10:00:00+00:00,USGS-09092570,7.1,18.75,874.0,62.150000000000006,8.0,2670.0,8.9
2024-08-14 11:00:00+00:00,USGS-09092570,7.1,18.55,870.5,64.5,8.0,2670.0,8.9
2024-08-14 12:00:00+00:00,USGS-09092570,7.1,18.35,865.5,72.25,8.0,2670.0,8.9
2024-08-14 13:00:00+00:00,USGS-09092570,7.2,18.15,863.0,75.15,8.0,2690.0,8.91
2024-08-14 14:00:00+00:00,USGS-09092570,7.2,18.1,862.0,77.8,8.0,2680.0,8.91
2024-08-14 15:00:00+00:00,USGS-09092570,7.3,18.1,862.0,79.94999999999999,8.0,2680.0,8.91
2024-08-14 16:00:00+00:00,USGS-09092570,7.4,18.35,862.0,80.0,8.0,2660.0,8.895
2024-08-14 17:00:00+00:00,USGS-09092570,7.45,18.75,861.0,77.45,8.0,2640.0,8.885000000000002
2024-08-14 18:00:00+00:00,USGS-09092570,7.5,19.1,860.5,74.4,8.1,2620.0,8.875
2024-08-14 19:00:00+00:00,USGS-09092570,7.55,19.55,860.0,72.8,8.1,2630.0,8.88
2024-08-14 20:00:00+00:00,USGS-09092570,7.6,20.05,861.5,68.65,8.1,2650.0,8.89
2024-08-14 21:00:00+00:00,USGS-09092570,7.6,20.4,873.0,66.44999999999999,8.149999999999999,2660.0,8.895
2024-08-14 22:00:00+00:00,USGS-09092570,7.6,20.65,893.0,64.7,8.2,2650.0,8.89
2024-08-14 23:00:00+00:00,USGS-09092570,7.6,20.85,892.5,63.8,8.2,2590.0,8.86
2024-08-15 00:00:00+00:00,USGS-09092570,7.5,20.9,874.5,65.6,8.3,2650.0,8.89
2024-08-15 01:00:00+00:00,USGS-09092570,7.4,21.0,860.0,64.7,8.3,2680.0,8.91
2024-08-15 02:00:00+00:00,USGS-09092570,7.4,20.75,858.5,60.849999999999994,8.4,2680.0,8.91
2024-08-15 03:00:00+00:00,USGS-09092570,7.3,20.6,863.0,55.150000000000006,8.4,2700.0,8.92
2024-08-15 04:00:00+00:00,USGS-09092570,7.3,20.35,867.0,53.599999999999994,8.4,2700.0,8.92
2024-08-15 05:00:00+00:00,USGS-09092570,7.2,20.15,866.5,46.650000000000006,8.4,2700.0,8.92
2024-08-15 06:00:00+00:00,USGS-09092570,7.2,19.85,866.0,45.75,8.4,2700.0,8.92
2024-08-15 07:00:00+00:00,USGS-09092570,7.1,19.55,867.0,43.65,8.4,2700.0,8.92
2024-08-15 08:00:00+00:00,USGS-09092570,7.1,19.25,867.5,41.7,8.3,2700.0,8.92
2024-08-15 09:00:00+00:00,USGS-09092570,7.1,18.95,867.0,41.25,8.2,2700.0,8.92
2024-08-15 10:00:00+00:00,USGS-09092570,7.1,18.6,865.0,39.55,8.2,2680.0,8.91
2024-08-15 11:00:00+00:00,USGS-09092570,7.2,18.35,862.5,40.5,8.1,2680.0,8.91
2024-08-15 12:00:00+00:00,USGS-09092570,7.2,18.1,862.5,41.900000000000006,8.1,2660.0,8.9
2024-08-15 13:00:00+00:00,USGS-09092570,7.2,17.9,863.0,43.5,8.0,2660.0,8.9
2024-08-15 14:00:00+00:00,USGS-09092570,7.3,17.8,864.0,45.05,8.0,2660.0,8.9
2024-08-15 15:00:00+00:00,USGS-09092570,7.4,17.9,865.0,44.15,8.1,2660.0,8.9
2024-08-15 16:00:00+00:00,USGS-09092570,7.55,18.15,865.0,46.3,8.2,2660.0,8.9
2024-08-15 17:00:00+00:00,USGS-09092570,7.65,18.55,865.0,42.7,8.2,2660.0,8.9
2024-08-15 18:00:00+00:00,USGS-09092570,7.8,18.95,866.0,43.85,8.2,2660.0,8.9
2024-08-15 19:00:00+00:00,USGS-09092570,7.9,19.55,867.0,39.35,8.2,2660.0,8.9
2024-08-15 20:00:00+00:00,USGS-09092570,7.95,19.95,867.5,37.3,8.3,2680.0,8.91
2024-08-15 21:00:00+00:00,USGS-09092570,8.0,20.4,870.0,37.6,8.3,2660.0,8.9
2024-08-15 22:00:00+00:00,USGS-09092570,7.9,20.85,875.0,40.55,8.4,2610.0,8.87
2024-08-15 23:00:00+00:00,USGS-09092570,7.75,21.1,879.5,43.0,8.3,2630.0,8.88
2024-08-16 00:00:00+00:00,USGS-09092570,7.5,21.25,879.0,54.3,8.25,2630.0,8.88
2024-08-16 01:00:00+00:00,USGS-09092570,7.25,21.3,875.5,68.9,8.2,2630.0,8.88
2024-08-16 02:00:00+00:00,USGS-09092570,7.1,21.3,873.0,72.0,8.2,2640.0,8.89
2024-08-16 03:00:00+00:00,USGS-09092570,7.0,21.2,870.5,71.8,8.2,2640.0,8.89
2024-08-16 04:00:00+00:00,USGS-09092570,6.9,21.1,867.0,66.8,8.2,2630.0,8.88
2024-08-16 05:00:00+00:00,USGS-09092570,6.9,20.9,867.5,62.15,8.2,2610.0,8.87
2024-08-16 06:00:00+00:00,USGS-09092570,6.9,20.65,870.5,56.75,8.2,2610.0,8.87
2024-08-16 07:00:00+00:00,USGS-09092570,6.9,20.35,873.0,51.400000000000006,8.149999999999999,2610.0,8.87
2024-08-16 08:00:00+00:00,USGS-09092570,6.9,20.05,874.5,47.400000000000006,8.1,2590.0,8.86
2024-08-16 09:00:00+00:00,USGS-09092570,6.9,19.75,876.0,42.5,8.1,2590.0,8.86
2024-08-16 10:00:00+00:00,USGS-09092570,6.9,19.45,875.0,41.6,8.1,2570.0,8.85
2024-08-16 11:00:00+00:00,USGS-09092570,7.0,19.15,872.5,42.2,8.1,2570.0,8.85
2024-08-16 12:00:00+00:00,USGS-09092570,7.0,18.95,871.0,41.55,8.1,2570.0,8.85
2024-08-16 13:00:00+00:00,USGS-09092570,7.05,18.7,871.5,38.65,8.0,2550.0,8.84
2024-08-16 14:00:00+00:00,USGS-09092570,7.15,18.6,873.5,36.9,8.0,2530.0,8.83
2024-08-16 15:00:00+00:00,USGS-09092570,7.3,18.65,875.5,35.55,8.0,2525.0,8.825
2024-08-16 16:00:00+00:00,USGS-09092570,7.5,18.85,877.0,36.349999999999994,8.05,2570.0,8.85
2024-08-16 17:00:00+00:00,USGS-09092570,7.65,19.15,878.0,35.85,8.1,2590.0,8.86
2024-08-16 18:00:00+00:00,USGS-09092570,7.85,19.55,880.0,36.75,8.1,2590.0,8.86
2024-08-16 19:00:00+00:00,USGS-09092570,8.0,19.9,881.0,34.8,8.2,2610.0,8.87
2024-08-16 20:00:00+00:00,USGS-09092570,8.1,20.25,882.0,32.3,8.2,2620.0,8.88
2024-08-16 21:00:00+00:00,USGS-09092570,8.1,20.65,882.5,33.9,8.3,2590.0,8.86
2024-08-16 22:00:00+00:00,USGS-09092570,8.0,20.95,885.0,36.349999999999994,8.3,2590.0,8.86
2024-08-16 23:00:00+00:00,USGS-09092570,7.75,21.25,887.5,51.9,8.3,2590.0,8.86
2024-08-17 00:00:00+00:00,USGS-09092570,7.35,21.3,890.0,70.25,8.2,2570.0,8.85
2024-08-17 01:00:00+00:00,USGS-09092570,7.05,21.3,890.0,95.6,8.1,2570.0,8.85
2024-08-17 02:00:00+00:00,USGS-09092570,6.9,21.2,889.5,126.0,8.1,2550.0,8.84
2024-08-17 03:00:00+00:00,USGS-09092570,6.8,21.05,887.5,136.0,8.1,2550.0,8.84
2024-08-17 04:00:00+00:00,USGS-09092570,6.8,20.9,884.5,148.0,8.0,2550.0,8.84
2024-08-17 05:00:00+00:00,USGS-09092570,6.8,20.75,881.5,125.0,8.0,2550.0,8.84
2024-08-17 06:00:00+00:00,USGS-09092570,6.8,20.45,879.0,107.5,8.0,2530.0,8.83
2024-08-17 07:00:00+00:00,USGS-09092570,6.9,20.15,878.0,82.55,8.1,2530.0,8.83
2024-08-17 08:00:00+00:00,USGS-09092570,6.9,19.85,877.5,65.25,8.1,2530.0,8.83
2024-08-17 09:00:00+00:00,USGS-09092570,6.9,19.55,876.0,54.65,8.1,2510.0,8.82
2024-08-17 10:00:00+00:00,USGS-09092570,7.0,19.15,875.0,49.65,8.1,2510.0,8.82
2024-08-17 11:00:00+00:00,USGS-09092570,7.0,18.85,875.0,44.849999999999994,8.1,2480.0,8.8
2024-08-17 12:00:00+00:00,USGS-09092570,7.1,18.55,875.0,42.6,8.0,2480.0,8.8
2024-08-17 13:00:00+00:00,USGS-09092570,7.1,18.3,876.0,37.5,8.0,2480.0,8.8
2024-08-17 14:00:00+00:00,USGS-09092570,7.2,18.2,876.5,37.25,8.0,2480.0,8.8
2024-08-17 15:00:00+00:00,USGS-09092570,7.4,18.3,878.0,34.2,8.0,2480.0,8.8
2024-08-17 16:00:00+00:00,USGS-09092570,7.55,18.55,879.0,33.95,8.1,2480.0,8.8
2024-08-17 17:00:00+00:00,USGS-09092570,7.75,18.9,880.5,31.3,8.1,2460.0,8.79
2024-08-17 18:00:00+00:00,USGS-09092570,7.9,19.35,882.0,30.25,8.149999999999999,2450.0,8.785
2024-08-17 19:00:00+00:00,USGS-09092570,8.0,19.75,884.5,29.0,8.2,2420.0,8.77
2024-08-17 20:00:00+00:00,USGS-09092570,8.1,19.9,887.0,29.15,8.2,2390.0,8.75
2024-08-17 21:00:00+00:00,USGS-09092570,8.1,20.0,888.5,27.5,8.3,2390.0,8.75
2024-08-17 22:00:00+00:00,USGS-09092570,8.0,20.05,894.5,27.5,8.3,2335.0,8.72
2024-08-17 23:00:00+00:00,USGS-09092570,8.0,20.2,908.5,26.1,8.4,2330.0,8.72
2024-08-18 00:00:00+00:00,USGS-09092570,7.9,20.3,908.5,24.5,8.4,2330.0,8.72
2024-08-18 01:00:00+00:00,USGS-09092570,7.7,20.3,892.5,25.1,8.4,2350.0,8.73
2024-08-18 02:00:00+00:00,USGS-09092570,7.55,20.3,878.0,22.65,8.4,2370.0,8.74
2024-08-18 03:00:00+00:00,USGS-09092570,7.4,20.1,874.5,22.1,8.4,2370.0,8.74
2024-08-18 04:00:00+00:00,USGS-09092570,7.3,19.95,879.5,24.95,8.4,2390.0,8.75
2024-08-18 05:00:00+00:00,USGS-09092570,7.2,19.8,884.5,26.05,8.4,2390.0,8.75
2024-08-18 06:00:00+00:00,USGS-09092570,7.2,19.6,890.0,25.25,8.4,2390.0,8.75
2024-08-18 07:00:00+00:00,USGS-09092570,7.1,19.4,898.0,25.299999999999997,8.3,2390.0,8.75
2024-08-18 08:00:00+00:00,USGS-09092570,7.1,19.2,903.5,25.15,8.3,2410.0,8.765
2024-08-18 09:00:00+00:00,USGS-09092570,7.1,19.0,906.5,27.0,8.2,2440.0,8.78
2024-08-18 10:00:00+00:00,USGS-09092570,7.1,18.85,908.0,25.65,8.2,2460.0,8.79
2024-08-18 11:00:00+00:00,USGS-09092570,7.1,18.6,909.5,25.4,8.1,2460.0,8.79
2024-08-18 12:00:00+00:00,USGS-09092570,7.1,18.45,910.0,26.6,8.1,2440.0,8.78
2024-08-18 13:00:00+00:00,USGS-09092570,7.15,18.3,911.0,24.9,8.0,2420.0,8.77
2024-08-18 14:00:00+00:00,USGS-09092570,7.25,18.3,911.5,25.1,8.0,2420.0,8.77
2024-08-18 15:00:00+00:00,USGS-09092570,7.45,18.45,912.0,23.6,8.05,2420.0,8.77
2024-08-18 16:00:00+00:00,USGS-09092570,7.65,18.75,911.0,23.65,8.1,2460.0,8.79
2024-08-18 17:00:00+00:00,USGS-09092570,7.85,19.05,908.5,24.1,8.1,2440.0,8.78
2024-08-18 18:00:00+00:00,USGS-09092570,8.05,19.55,905.0,23.700000000000003,8.2,2440.0,8.78
2024-08-18 19:00:00+00:00,USGS-09092570,8.2,19.95,902.0,23.05,8.2,2420.0,8.77
2024-08-18 20:00:00+00:00,USGS-09092570,8.3,20.45,900.0,22.6,8.3,2420.0,8.77
2024-08-18 21:00:00+00:00,USGS-09092570,8.4,20.95,898.5,22.25,8.350000000000001,2400.0,8.76
2024-08-18 22:00:00+00:00,USGS-09092570,8.3,21.1,896.5,21.2,8.4,2380.0,8.75
2024-08-18 23:00:00+00:00,USGS-09092570,8.2,21.2,894.5,19.9,8.4,2390.0,8.754999999999999
2024-08-19 00:00:00+00:00,USGS-09092570,8.05,21.3,893.0,19.4,8.5,2380.0,8.75
2024-08-19 01:00:00+00:00,USGS-09092570,7.85,21.3,891.0,17.25,8.5,2380.0,8.75
2024-08-19 02:00:00+00:00,USGS-09092570,7.6,21.15,891.0,17.8,8.5,2380.0,8.75
2024-08-19 03:00:00+00:00,USGS-09092570,7.4,20.85,893.0,17.85,8.5,2380.0,8.75
2024-08-19 04:00:00+00:00,USGS-09092570,7.25,20.65,894.0,18.0,8.5,2410.0,8.765
2024-08-19 05:00:00+00:00,USGS-09092570,7.15,20.4,895.0,20.9,8.4,2540.0,8.835
2024-08-19 06:00:00+00:00,USGS-09092570,7.1,20.15,896.5,20.95,8.4,2570.0,8.855
2024-08-19 07:00:00+00:00,USGS-09092570,7.0,19.95,900.5,21.1,8.350000000000001,2520.0,8.825
2024-08-19 08:00:00+00:00,USGS-09092570,7.0,19.8,904.5,21.9,8.3,2500.0,8.815000000000001
2024-08-19 09:00:00+00:00,USGS-09092570,7.0,19.65,907.5,23.4,8.2,2470.0,8.8
2024-08-19 10:00:00+00:00,USGS-09092570,6.9,19.5,910.0,22.1,8.2,2450.0,8.79
2024-08-19 11:00:00+00:00,USGS-09092570,6.9,19.35,911.0,22.200000000000003,8.1,2440.0,8.78
2024-08-19 12:00:00+00:00,USGS-09092570,6.9,19.2,911.0,22.5,8.1,2420.0,8.77
2024-08-19 13:00:00+00:00,USGS-09092570,7.0,19.1,907.0,21.55,8.0,2350.0,8.73
2024-08-19 14:00:00+00:00,USGS-09092570,7.1,19.0,898.0,21.9,8.0,2285.0,8.695
2024-08-19 15:00:00+00:00,USGS-09092570,7.25,19.05,892.0,20.549999999999997,8.0,2260.0,8.68
2024-08-19 16:00:00+00:00,USGS-09092570,7.5,19.2,891.0,20.1,8.1,2270.0,8.684999999999999
2024-08-19 17:00:00+00:00,USGS-09092570,7.7,19.35,893.0,20.3,8.1,2280.0,8.69
2024-08-19 18:00:00+00:00,USGS-09092570,7.95,19.65,895.5,17.1,8.149999999999999,2290.0,8.7
2024-08-19 19:00:00+00:00,USGS-09092570,8.2,20.25,897.0,18.8,8.2,2300.0,8.705
2024-08-19 20:00:00+00:00,USGS-09092570,8.350000000000001,20.65,898.0,17.8,8.3,2310.0,8.71
2024-08-19 21:00:00+00:00,USGS-09092570,8.45,21.15,899.0,18.05,8.3,2340.0,8.725000000000001
2024-08-19 22:00:00+00:00,USGS-09092570,8.5,21.4,902.5,17.0,8.4,2420.0,8.77
2024-08-19 23:00:00+00:00,USGS-09092570,8.45,21.65,911.0,17.700000000000003,8.45,2460.0,8.795
2024-08-20 00:00:00+00:00,USGS-09092570,8.3,21.95,918.5,17.6,8.5,2430.0,8.774999999999999
2024-08-20 01:00:00+00:00,USGS-09092570,7.95,22.0,920.0,16.5,8.55,2345.0,8.73
2024-08-20 02:00:00+00:00,USGS-09092570,7.65,22.05,919.5,15.05,8.6,2280.0,8.69
2024-08-20 03:00:00+00:00,USGS-09092570,7.4,22.0,918.5,15.7,8.6,2220.0,8.66
2024-08-20 04:00:00+00:00,USGS-09092570,7.2,21.8,917.5,15.2,8.6,2280.0,8.69
2024-08-20 05:00:00+00:00,USGS-09092570,7.05,21.7,916.0,15.3,8.6,2250.0,8.675
2024-08-20 06:00:00+00:00,USGS-09092570,6.9,21.6,914.0,15.35,8.6,2240.0,8.67
2024-08-20 07:00:00+00:00,USGS-09092570,6.85,21.3,910.5,15.45,8.5,2285.0,8.695
2024-08-20 08:00:00+00:00,USGS-09092570,6.8,20.95,907.0,15.0,8.5,2330.0,8.72
2024-08-20 09:00:00+00:00,USGS-09092570,6.8,20.65,908.5,16.9,8.4,2380.0,8.75
2024-08-20 10:00:00+00:00,USGS-09092570,6.8,20.25,916.5,16.799999999999997,8.3,2410.0,8.765
2024-08-20 11:00:00+00:00,USGS-09092570,6.8,19.85,928.5,17.85,8.25,2355.0,8.735
2024-08-20 12:00:00+00:00,USGS-09092570,6.85,19.55,936.5,17.7,8.2,2310.0,8.71
2024-08-20 13:00:00+00:00,USGS-09092570,6.9,19.25,939.5,16.9,8.1,2310.0,8.71
2024-08-20 14:00:00+00:00,USGS-09092570,7.1,19.2,942.5,16.3,8.1,2310.0,8.71
2024-08-20 15:00:00+00:00,USGS-09092570,7.35,19.25,944.0,16.1,8.1,2310.0,8.71
2024-08-20 16:00:00+00:00,USGS-09092570,7.65,19.55,941.5,14.0,8.1,2290.0,8.7
2024-08-20 17:00:00+00:00,USGS-09092570,7.95,19.95,935.0,14.65,8.2,2290.0,8.7
2024-08-20 18:00:00+00:00,USGS-09092570,8.2,20.45,927.0,14.1,8.2,2290.0,8.7
2024-08-20 19:00:00+00:00,USGS-09092570,8.4,20.95,919.5,15.799999999999999,8.3,2290.0,8.7
2024-08-20 20:00:00+00:00,USGS-09092570,8.55,21.45,919.0,14.25,8.350000000000001,2270.0,8.69
2024-08-20 21:00:00+00:00,USGS-09092570,8.6,21.85,922.0,13.55,8.4,2270.0,8.69
2024-08-20 22:00:00+00:00,USGS-09092570,8.7,22.2,924.0,12.25,8.5,2265.0,8.684999999999999
2024-08-20 23:00:00+00:00,USGS-09092570,8.6,22.45,925.0,12.65,8.5,2270.0,8.69
2024-08-21 00:00:00+00:00,USGS-09092570,8.350000000000001,22.5,925.0,11.5,8.6,2230.0,8.665
2024-08-21 01:00:00+00:00,USGS-09092570,8.0,22.5,926.0,11.35,8.6,2195.0,8.645
2024-08-21 02:00:00+00:00,USGS-09092570,7.65,22.4,927.0,12.2,8.6,2195.0,8.645
2024-08-21 03:00:00+00:00,USGS-09092570,7.35,22.35,927.0,12.25,8.6,2210.0,8.655000000000001
2024-08-21 04:00:00+00:00,USGS-09092570,7.1,22.2,928.0,11.3,8.6,2220.0,8.66
2024-08-21 05:00:00+00:00,USGS-09092570,6.95,22.05,928.0,12.05,8.6,2220.0,8.66
2024-08-21 06:00:00+00:00,USGS-09092570,6.8,21.8,929.0,13.2,8.6,2230.0,8.665
2024-08-21 07:00:00+00:00,USGS-09092570,6.8,21.55,930.0,12.9,8.6,2260.0,8.68
2024-08-21 08:00:00+00:00,USGS-09092570,6.7,21.35,932.5,13.850000000000001,8.5,2270.0,8.69
2024-08-21 09:00:00+00:00,USGS-09092570,6.7,21.05,937.0,14.0,8.45,2270.0,8.69
2024-08-21 10:00:00+00:00,USGS-09092570,6.7,20.75,946.0,14.95,8.4,2245.0,8.675
2024-08-21 11:00:00+00:00,USGS-09092570,6.7,20.35,952.5,14.75,8.3,2200.0,8.65
2024-08-21 12:00:00+00:00,USGS-09092570,6.75,20.05,954.5,13.85,8.2,2190.0,8.64
2024-08-21 13:00:00+00:00,USGS-09092570,6.8,19.8,956.0,13.8,8.1,2200.0,8.65
2024-08-21 14:00:00+00:00,USGS-09092570,6.9,19.7,956.0,13.6,8.1,2240.0,8.67
2024-08-21 15:00:00+00:00,USGS-09092570,7.15,19.8,956.0,11.75,8.1,2250.0,8.68
2024-08-21 16:00:00+00:00,USGS-09092570,7.5,20.05,953.0,12.8,8.1,2250.0,8.68
2024-08-21 17:00:00+00:00,USGS-09092570,7.8,20.5,947.5,13.45,8.2,2300.0,8.705
2024-08-21 18:00:00+00:00,USGS-09092570,8.05,20.95,944.5,12.15,8.2,2340.0,8.73
2024-08-21 19:00:00+00:00,USGS-09092570,8.3,21.45,944.0,11.9,8.3,2330.0,8.725000000000001
2024-08-21 20:00:00+00:00,USGS-09092570,8.4,21.95,949.0,13.5,8.3,2320.0,8.72
2024-08-21 21:00:00+00:00,USGS-09092570,8.2,22.05,957.0,,8.4,2270.0,8.69
2024-08-21 22:00:00+00:00,USGS-09092570,8.3,22.25,968.5,14.3,8.4,2270.0,8.69
2024-08-21 23:00:00+00:00,USGS-09092570,8.350000000000001,22.5,985.5,12.15,8.5,2270.0,8.69
2024-08-22 00:00:00+00:00,USGS-09092570,8.2,22.6,986.5,12.05,8.5,2270.0,8.69
2024-08-22 01:00:00+00:00,USGS-09092570,7.95,22.45,968.5,13.149999999999999,8.6,2270.0,8.69
2024-08-22 02:00:00+00:00,USGS-09092570,7.6,22.3,946.5,11.850000000000001,8.6,2290.0,8.7
2024-08-22 03:00:00+00:00,USGS-09092570,7.3,22.15,929.0,12.25,8.6,2290.0,8.7
2024-08-22 04:00:00+00:00,USGS-09092570,7.1,21.8,919.5,10.7,8.6,2290.0,8.7
2024-08-22 05:00:00+00:00,USGS-09092570,7.0,21.45,918.5,12.2,8.5,2310.0,8.71
2024-08-22 06:00:00+00:00,USGS-09092570,6.9,21.1,920.5,12.149999999999999,8.5,2360.0,8.74
2024-08-22 07:00:00+00:00,USGS-09092570,6.85,20.85,923.5,13.5,8.4,2330.0,8.725000000000001
2024-08-22 08:00:00+00:00,USGS-09092570,6.8,20.55,927.0,12.7,8.4,2305.0,8.71
2024-08-22 09:00:00+00:00,USGS-09092570,6.8,20.25,933.0,13.7,8.3,2330.0,8.725000000000001
2024-08-22 10:00:00+00:00,USGS-09092570,6.8,19.95,939.5,14.350000000000001,8.25,2370.0,8.745000000000001
2024-08-22 11:00:00+00:00,USGS-09092570,6.8,19.75,942.0,15.55,8.2,2400.0,8.765
2024-08-22 12:00:00+00:00,USGS-09092570,6.8,19.55,943.0,16.55,8.1,2410.0,8.77
2024-08-22 13:00:00+00:00,USGS-09092570,6.85,19.35,942.5,21.05,8.0,2410.0,8.77
2024-08-22 14:00:00+00:00,USGS-09092570,6.95,19.25,940.5,27.0,8.0,2390.0,8.76
2024-08-22 15:00:00+00:00,USGS-09092570,7.05,19.2,938.0,27.200000000000003,8.0,2410.0,8.77
2024-08-22 16:00:00+00:00,USGS-09092570,7.2,19.2,938.0,26.3,8.0,2460.0,8.795
2024-08-22 17:00:00+00:00,USGS-09092570,7.4,19.1,936.5,21.45,8.0,2480.0,8.81
2024-08-22 18:00:00+00:00,USGS-09092570,7.5,19.1,932.0,20.5,8.0,2460.0,8.8
2024-08-22 19:00:00+00:00,USGS-09092570,7.6,19.0,925.0,19.4,8.1,2460.0,8.8
2024-08-22 20:00:00+00:00,USGS-09092570,7.65,19.0,919.0,19.35,8.1,2460.0,8.8
2024-08-22 21:00:00+00:00,USGS-09092570,7.7,19.15,920.5,20.35,8.1,2460.0,8.8
2024-08-22 22:00:00+00:00,USGS-09092570,7.8,19.25,923.0,21.0,8.1,2460.0,8.8
2024-08-22 23:00:00+00:00,USGS-09092570,7.75,19.45,922.0,25.25,8.2,2460.0,8.8
2024-08-23 00:00:00+00:00,USGS-09092570,7.6,19.6,918.5,35.95,8.2,2460.0,8.8
2024-08-23 01:00:00+00:00,USGS-09092570,7.4,19.6,915.0,44.65,8.2,2460.0,8.8
2024-08-23 02:00:00+00:00,USGS-09092570,7.3,19.6,913.5,45.8,8.2,2480.0,8.81
2024-08-23 03:00:00+00:00,USGS-09092570,7.3,19.6,913.0,45.25,8.2,2520.0,8.83
2024-08-23 04:00:00+00:00,USGS-09092570,7.2,19.45,913.0,51.45,8.2,2545.0,8.844999999999999
2024-08-23 05:00:00+00:00,USGS-09092570,7.2,19.25,914.0,48.45,8.2,2550.0,8.85
2024-08-23 06:00:00+00:00,USGS-09092570,7.2,19.1,915.5,45.9,8.2,2520.0,8.83
2024-08-23 07:00:00+00:00,USGS-09092570,7.15,18.9,917.0,44.8,8.2,2470.0,8.805
2024-08-23 08:00:00+00:00,USGS-09092570,7.1,18.7,919.0,47.1,8.1,2460.0,8.8
2024-08-23 09:00:00+00:00,USGS-09092570,7.1,18.5,919.0,48.35,8.05,2450.0,8.79
2024-08-23 10:00:00+00:00,USGS-09092570,7.1,18.3,917.5,48.25,8.0,2460.0,8.8
2024-08-23 11:00:00+00:00,USGS-09092570,7.1,18.1,913.5,50.9,8.0,2480.0,8.81
2024-08-23 12:00:00+00:00,USGS-09092570,7.2,17.95,909.5,48.95,7.95,2490.0,8.815000000000001
2024-08-23 13:00:00+00:00,USGS-09092570,7.2,17.8,905.5,45.3,7.9,2500.0,8.82
2024-08-23 14:00:00+00:00,USGS-09092570,7.3,17.7,903.5,41.5,7.9,2490.0,8.815000000000001
2024-08-23 15:00:00+00:00,USGS-09092570,7.3,17.6,906.5,38.5,7.9,2490.0,8.815000000000001
2024-08-23 16:00:00+00:00,USGS-09092570,7.4,17.6,911.5,35.65,8.0,2480.0,8.81
2024-08-23 17:00:00+00:00,USGS-09092570,7.55,17.6,915.0,33.3,8.0,2480.0,8.81
2024-08-23 18:00:00+00:00,USGS-09092570,7.7,17.75,916.0,30.0,8.0,2460.0,8.8
2024-08-23 19:00:00+00:00,USGS-09092570,7.8,17.85,913.0,27.5,8.0,2460.0,8.8
2024-08-23 20:00:00+00:00,USGS-09092570,7.9,18.1,908.5,26.2,8.1,2460.0,8.8
2024-08-23 21:00:00+00:00,USGS-09092570,8.1,18.55,905.5,25.05,8.149999999999999,2460.0,8.8
2024-08-23 22:00:00+00:00,USGS-09092570,8.2,18.95,904.0,27.299999999999997,8.2,2480.0,8.81
2024-08-23 23:00:00+00:00,USGS-09092570,8.05,19.3,903.0,33.05,8.2,2460.0,8.8
2024-08-24 00:00:00+00:00,USGS-09092570,7.8,19.35,903.0,40.6,8.2,2440.0,8.79
2024-08-24 01:00:00+00:00,USGS-09092570,7.6,19.35,902.5,44.4,8.2,2440.0,8.79
2024-08-24 02:00:00+00:00,USGS-09092570,7.5,19.2,903.0,47.3,8.2,2440.0,8.79
2024-08-24 03:00:00+00:00,USGS-09092570,7.4,19.1,903.0,45.349999999999994,8.2,2440.0,8.79
2024-08-24 04:00:00+00:00,USGS-09092570,7.4,19.1,905.0,40.6,8.3,2460.0,8.8
2024-08-24 05:00:00+00:00,USGS-09092570,7.3,18.95,908.0,37.9,8.3,2490.0,8.815000000000001
2024-08-24 06:00:00+00:00,USGS-09092570,7.3,18.8,907.0,33.35,8.3,2525.0,8.835
2024-08-24 07:00:00+00:00,USGS-09092570,7.3,18.6,905.5,86.7,8.3,2560.0,8.855
2024-08-24 08:00:00+00:00,USGS-09092570,7.2,18.45,906.5,313.5,8.3,2615.0,8.885000000000002
2024-08-24 09:00:00+00:00,USGS-09092570,7.2,18.25,910.5,799.5,8.2,2650.0,8.905000000000001
2024-08-24 10:00:00+00:00,USGS-09092570,7.2,18.0,915.0,535.0,8.2,2690.0,8.925
2024-08-24 11:00:00+00:00,USGS-09092570,7.3,17.8,913.5,618.0,8.1,2630.0,8.895
2024-08-24 12:00:00+00:00,USGS-09092570,7.3,17.6,913.0,767.5,8.1,2610.0,8.88
2024-08-24 13:00:00+00:00,USGS-09092570,7.3,17.4,912.5,708.5,8.0,2610.0,8.88
2024-08-24 14:00:00+00:00,USGS-09092570,7.3,17.3,911.5,882.0,8.0,2580.0,8.864999999999998
2024-08-24 15:00:00+00:00,USGS-09092570,7.4,17.3,910.0,601.5,8.0,2590.0,8.87
2024-08-24 16:00:00+00:00,USGS-09092570,7.4,17.4,911.0,491.5,8.0,2610.0,8.88
2024-08-24 17:00:00+00:00,USGS-09092570,7.4,17.65,912.0,415.5,8.0,2620.0,8.89
2024-08-24 18:00:00+00:00,USGS-09092570,7.4,17.95,910.5,322.5,8.0,2620.0,8.89
2024-08-24 19:00:00+00:00,USGS-09092570,7.4,18.200000000000003,909.0,328.5,8.0,2650.0,8.905000000000001
2024-08-24 20:00:00+00:00,USGS-09092570,7.4,18.65,911.5,329.0,8.0,2670.0,8.915
2024-08-24 21:00:00+00:00,USGS-09092570,7.4,19.1,916.0,324.0,8.05,2620.0,8.89
2024-08-24 22:00:00+00:00,USGS-09092570,7.4,19.35,920.0,304.5,8.1,2605.0,8.879999999999999
2024-08-24 23:00:00+00:00,USGS-09092570,7.3,19.4,919.5,307.0,8.1,2540.0,8.844999999999999
2024-08-25 00:00:00+00:00,USGS-09092570,7.3,19.3,916.5,342.0,8.1,2530.0,8.84
2024-08-25 01:00:00+00:00,USGS-09092570,7.3,19.2,913.5,344.5,8.149999999999999,2560.0,8.855
2024-08-25 02:00:00+00:00,USGS-09092570,7.3,19.2,913.0,298.0,8.2,2590.0,8.87
2024-08-25 03:00:00+00:00,USGS-09092570,7.3,19.3,911.5,249.5,8.2,2590.0,8.87
2024-08-25 04:00:00+00:00,USGS-09092570,7.3,19.3,905.0,216.5,8.3,2590.0,8.87
2024-08-25 05:00:00+00:00,USGS-09092570,7.3,19.3,899.0,169.0,8.350000000000001,2590.0,8.87
2024-08-25 06:00:00+00:00,USGS-09092570,7.3,19.2,897.0,134.0,8.4,2590.0,8.87
2024-08-25 07:00:00+00:00,USGS-09092570,7.3,19.0,901.0,100.95,8.4,2570.0,8.86
2024-08-25 08:00:00+00:00,USGS-09092570,7.3,18.75,908.0,88.45,8.3,2570.0,8.86
2024-08-25 09:00:00+00:00,USGS-09092570,7.3,18.45,911.0,82.3,8.3,2570.0,8.86
2024-08-25 10:00:00+00:00,USGS-09092570,7.3,18.15,909.5,76.6,8.2,2570.0,8.86
2024-08-25 11:00:00+00:00,USGS-09092570,7.3,17.95,907.0,71.9,8.1,2570.0,8.86
2024-08-25 12:00:00+00:00,USGS-09092570,7.3,17.65,906.0,66.3,8.1,2570.0,8.86
2024-08-25 13:00:00+00:00,USGS-09092570,7.4,17.45,905.0,62.95,8.1,2570.0,8.86
2024-08-25 14:00:00+00:00,USGS-09092570,7.4,17.4,904.5,60.85,8.0,2570.0,8.86
2024-08-25 15:00:00+00:00,USGS-09092570,7.5,17.3,903.0,60.5,8.0,2550.0,8.85
2024-08-25 16:00:00+00:00,USGS-09092570,7.55,17.35,902.0,57.8,8.0,2530.0,8.84
2024-08-25 17:00:00+00:00,USGS-09092570,7.65,17.65,901.5,55.0,8.0,2490.0,8.82
2024-08-25 18:00:00+00:00,USGS-09092570,7.7,17.7,899.5,49.95,8.1,2480.0,8.81
2024-08-25 19:00:00+00:00,USGS-09092570,7.85,18.05,898.0,48.0,8.1,2480.0,8.81
2024-08-25 20:00:00+00:00,USGS-09092570,8.0,18.65,897.0,42.95,8.1,2490.0,8.82
2024-08-25 21:00:00+00:00,USGS-09092570,8.0,18.75,899.5,40.5,8.2,2530.0,8.84
2024-08-25 22:00:00+00:00,USGS-09092570,8.0,18.85,911.5,37.3,8.2,2540.0,8.844999999999999
2024-08-25 23:00:00+00:00,USGS-09092570,8.0,18.8,911.5,36.45,8.3,2575.0,8.864999999999998
2024-08-26 00:00:00+00:00,USGS-09092570,8.0,18.65,894.5,36.25,8.3,2600.0,8.88
2024-08-26 01:00:00+00:00,USGS-09092570,7.9,18.25,882.5,32.5,8.3,2590.0,8.875
2024-08-26 02:00:00+00:00,USGS-09092570,7.85,18.0,881.0,32.7,8.3,2580.0,8.87
2024-08-26 03:00:00+00:00,USGS-09092570,7.8,17.9,884.5,42.1,8.3,2600.0,8.88
2024-08-26 04:00:00+00:00,USGS-09092570,7.7,17.75,886.0,45.0,8.3,2600.0,8.88
2024-08-26 05:00:00+00:00,USGS-09092570,7.6,17.55,886.0,43.95,8.3,2600.0,8.88
2024-08-26 06:00:00+00:00,USGS-09092570,7.6,17.4,886.0,48.65,8.3,2600.0,8.88
2024-08-26 07:00:00+00:00,USGS-09092570,7.6,17.3,887.0,48.0,8.3,2590.0,8.875
2024-08-26 08:00:00+00:00,USGS-09092570,7.5,17.2,886.0,65.75,8.3,2580.0,8.87
2024-08-26 09:00:00+00:00,USGS-09092570,7.5,17.0,887.0,62.65,8.2,2580.0,8.87
2024-08-26 10:00:00+00:00,USGS-09092570,7.5,16.85,889.5,59.05,8.1,2580.0,8.87
2024-08-26 11:00:00+00:00,USGS-09092570,7.5,16.65,891.0,69.2,8.1,2580.0,8.87
2024-08-26 12:00:00+00:00,USGS-09092570,7.5,16.4,892.0,81.65,8.0,2580.0,8.87
2024-08-26 13:00:00+00:00,USGS-09092570,7.6,16.25,891.0,86.75,8.0,2580.0,8.87
2024-08-26 14:00:00+00:00,USGS-09092570,7.6,16.2,890.0,79.2,8.0,2580.0,8.87
2024-08-26 15:00:00+00:00,USGS-09092570,7.7,16.35,888.5,76.35,8.0,2580.0,8.87
2024-08-26 16:00:00+00:00,USGS-09092570,7.8,16.65,887.0,67.7,8.0,2580.0,8.87
2024-08-26 17:00:00+00:00,USGS-09092570,7.9,17.1,887.0,56.05,8.1,2580.0,8.87
2024-08-26 18:00:00+00:00,USGS-09092570,8.1,17.65,888.5,48.349999999999994,8.1,2555.0,8.855
2024-08-26 19:00:00+00:00,USGS-09092570,8.149999999999999,18.15,890.5,47.900000000000006,8.1,2530.0,8.84
2024-08-26 20:00:00+00:00,USGS-09092570,8.2,18.55,892.0,48.1,8.2,2500.0,8.825
2024-08-26 21:00:00+00:00,USGS-09092570,8.2,18.9,891.5,47.75,8.2,2530.0,8.84
2024-08-26 22:00:00+00:00,USGS-09092570,8.3,19.05,889.0,41.55,8.3,2530.0,8.84
2024-08-26 23:00:00+00:00,USGS-09092570,8.3,19.25,888.0,39.55,8.350000000000001,2500.0,8.825
2024-08-27 00:00:00+00:00,USGS-09092570,8.3,19.3,887.0,34.0,8.4,2470.0,8.81
2024-08-27 01:00:00+00:00,USGS-09092570,8.2,19.4,886.5,28.45,8.5,2470.0,8.81
2024-08-27 02:00:00+00:00,USGS-09092570,8.05,19.25,886.0,24.9,8.5,2490.0,8.82
2024-08-27 03:00:00+00:00,USGS-09092570,7.9,19.1,887.0,25.0,8.5,2500.0,8.825
2024-08-27 04:00:00+00:00,USGS-09092570,7.75,19.0,890.5,24.9,8.6,2510.0,8.83
2024-08-27 05:00:00+00:00,USGS-09092570,7.6,18.9,892.0,23.7,8.6,2530.0,8.84
2024-08-27 06:00:00+00:00,USGS-09092570,7.5,18.7,892.0,23.1,8.6,2510.0,8.83
2024-08-27 07:00:00+00:00,USGS-09092570,7.5,18.45,892.5,23.25,8.5,2530.0,8.84
2024-08-27 08:00:00+00:00,USGS-09092570,7.4,18.15,897.5,22.35,8.45,2530.0,8.84
2024-08-27 09:00:00+00:00,USGS-09092570,7.4,17.75,902.5,21.5,8.4,2530.0,8.84
2024-08-27 10:00:00+00:00,USGS-09092570,7.4,17.4,904.0,22.15,8.3,2530.0,8.84
2024-08-27 11:00:00+00:00,USGS-09092570,7.4,17.05,903.0,22.6,8.2,2530.0,8.84
2024-08-27 12:00:00+00:00,USGS-09092570,7.45,16.75,901.0,21.5,8.1,2530.0,8.84
2024-08-27 13:00:00+00:00,USGS-09092570,7.5,16.55,901.5,21.85,8.1,2530.0,8.84
2024-08-27 14:00:00+00:00,USGS-09092570,7.65,16.4,904.0,21.35,8.0,2530.0,8.84
2024-08-27 15:00:00+00:00,USGS-09092570,7.85,16.55,905.0,20.15,8.1,2530.0,8.84
2024-08-27 16:00:00+00:00,USGS-09092570,8.1,16.85,904.0,18.15,8.1,2530.0,8.84
2024-08-27 17:00:00+00:00,USGS-09092570,8.350000000000001,17.25,903.0,17.799999999999997,8.1,2530.0,8.84
2024-08-27 18:00:00+00:00,USGS-09092570,8.55,17.75,902.0,17.4,8.2,2530.0,8.84
2024-08-27 19:00:00+00:00,USGS-09092570,8.75,18.25,901.0,16.15,8.25,2530.0,8.84
2024-08-27 20:00:00+00:00,USGS-09092570,8.9,18.75,900.5,15.65,8.3,2510.0,8.83
2024-08-27 21:00:00+00:00,USGS-09092570,9.0,19.15,900.0,15.0,8.4,2510.0,8.83
2024-08-27 22:00:00+00:00,USGS-09092570,9.0,19.55,900.0,14.4,8.45,2510.0,8.83
2024-08-27 23:00:00+00:00,USGS-09092570,8.9,19.75,900.0,15.5,8.5,2500.0,8.825
2024-08-28 00:00:00+00:00,USGS-09092570,8.75,19.8,897.5,13.149999999999999,8.6,2490.0,8.82
2024-08-28 01:00:00+00:00,USGS-09092570,8.45,19.8,893.5,12.35,8.6,2480.0,8.815000000000001
2024-08-28 02:00:00+00:00,USGS-09092570,8.149999999999999,19.75,891.5,12.3,8.6,2470.0,8.81
2024-08-28 03:00:00+00:00,USGS-09092570,7.9,19.6,890.0,13.25,8.6,2470.0,8.81
2024-08-28 04:00:00+00:00,USGS-09092570,7.7,19.45,890.0,14.5,8.6,2470.0,8.81
2024-08-28 05:00:00+00:00,USGS-09092570,7.5,19.3,891.0,13.9,8.6,2470.0,8.81
2024-08-28 06:00:00+00:00,USGS-09092570,7.4,19.1,892.5,14.5,8.6,2470.0,8.81
2024-08-28 07:00:00+00:00,USGS-09092570,7.3,18.85,894.0,15.0,8.6,2470.0,8.81
2024-08-28 08:00:00+00:00,USGS-09092570,7.25,18.55,896.0,15.7,8.5,2470.0,8.81
2024-08-28 09:00:00+00:00,USGS-09092570,7.2,18.15,898.5,14.6,8.45,2450.0,8.8
2024-08-28 10:00:00+00:00,USGS-09092570,7.2,17.85,901.5,15.2,8.4,2450.0,8.8
2024-08-28 11:00:00+00:00,USGS-09092570,7.2,17.55,904.5,15.2,8.3,2450.0,8.8
2024-08-28 12:00:00+00:00,USGS-09092570,7.2,17.3,906.5,15.05,8.2,2450.0,8.8
2024-08-28 13:00:00+00:00,USGS-09092570,7.3,17.05,908.0,14.7,8.1,2430.0,8.79
2024-08-28 14:00:00+00:00,USGS-09092570,7.45,17.0,908.5,15.35,8.1,2450.0,8.8
2024-08-28 15:00:00+00:00,USGS-09092570,7.75,17.05,909.0,15.25,8.1,2430.0,8.79
2024-08-28 16:00:00+00:00,USGS-09092570,8.05,17.35,910.0,12.6,8.1,2430.0,8.79
2024-08-28 17:00:00+00:00,USGS-09092570,8.350000000000001,17.75,911.0,12.5,8.2,2430.0,8.79
2024-08-28 18:00:00+00:00,USGS-09092570,8.6,18.25,912.0,11.2,8.2,2430.0,8.79
2024-08-28 19:00:00+00:00,USGS-09092570,8.8,18.65,913.0,11.75,8.3,2425.0,8.785
2024-08-28 20:00:00+00:00,USGS-09092570,8.95,19.05,913.0,11.4,8.350000000000001,2420.0,8.78
2024-08-28 21:00:00+00:00,USGS-09092570,9.0,19.45,915.0,11.75,8.4,2430.0,8.79
2024-08-28 22:00:00+00:00,USGS-09092570,9.0,19.7,929.0,13.1,8.5,2405.0,8.774999999999999
2024-08-28 23:00:00+00:00,USGS-09092570,8.95,19.9,946.0,11.0,8.55,2410.0,8.78
2024-08-29 00:00:00+00:00,USGS-09092570,8.7,19.95,939.5,9.6,8.6,2410.0,8.78
2024-08-29 01:00:00+00:00,USGS-09092570,8.45,20.0,918.5,12.100000000000001,8.6,2410.0,8.78
2024-08-29 02:00:00+00:00,USGS-09092570,8.05,19.9,900.0,11.600000000000001,8.6,2410.0,8.78
2024-08-29 03:00:00+00:00,USGS-09092570,7.8,19.8,889.5,10.45,8.6,2410.0,8.78
2024-08-29 04:00:00+00:00,USGS-09092570,7.6,19.7,887.0,11.149999999999999,8.6,2410.0,8.78
2024-08-29 05:00:00+00:00,USGS-09092570,7.4,19.5,889.5,12.75,8.6,2410.0,8.78
2024-08-29 06:00:00+00:00,USGS-09092570,7.3,19.25,894.5,10.2,8.6,2410.0,8.78
2024-08-29 07:00:00+00:00,USGS-09092570,7.2,18.95,900.5,11.0,8.6,2410.0,8.78
2024-08-29 08:00:00+00:00,USGS-09092570,7.2,18.55,905.5,10.899999999999999,8.6,2410.0,8.78
2024-08-29 09:00:00+00:00,USGS-09092570,7.2,18.25,910.5,11.7,8.5,2410.0,8.78
2024-08-29 10:00:00+00:00,USGS-09092570,7.2,17.85,914.5,11.7,8.4,2400.0,8.77
2024-08-29 11:00:00+00:00,USGS-09092570,7.2,17.55,916.0,12.2,8.3,2400.0,8.77
2024-08-29 12:00:00+00:00,USGS-09092570,7.2,17.25,917.5,13.1,8.2,2400.0,8.77
2024-08-29 13:00:00+00:00,USGS-09092570,7.3,17.05,919.0,13.05,8.1,2400.0,8.77
2024-08-29 14:00:00+00:00,USGS-09092570,7.45,16.9,920.0,12.9,8.1,2400.0,8.77
2024-08-29 15:00:00+00:00,USGS-09092570,7.7,17.0,919.0,11.3,8.1,2380.0,8.76
2024-08-29 16:00:00+00:00,USGS-09092570,8.05,17.25,920.0,11.350000000000001,8.1,2380.0,8.76
2024-08-29 17:00:00+00:00,USGS-09092570,8.350000000000001,17.65,920.0,11.55,8.2,2360.0,8.75
2024-08-29 18:00:00+00:00,USGS-09092570,8.649999999999999,18.15,920.0,10.600000000000001,8.25,2320.0,8.73
2024-08-29 19:00:00+00:00,USGS-09092570,8.850000000000001,18.55,919.0,10.1,8.3,2360.0,8.75
2024-08-29 20:00:00+00:00,USGS-09092570,9.0,19.05,917.0,8.25,8.4,2340.0,8.74
2024-08-29 21:00:00+00:00,USGS-09092570,8.95,19.3,914.5,8.35,8.4,2340.0,8.74
2024-08-29 22:00:00+00:00,USGS-09092570,8.8,19.25,913.5,8.7,8.4,2340.0,8.74
2024-08-29 23:00:00+00:00,USGS-09092570,8.75,19.45,914.0,12.45,8.5,2350.0,8.745000000000001
2024-08-30 00:00:00+00:00,USGS-09092570,8.5,19.3,915.0,12.55,8.5,2330.0,8.735
2024-08-30 01:00:00+00:00,USGS-09092570,7.85,19.2,915.0,270.5,8.5,2310.0,8.72
2024-08-30 02:00:00+00:00,USGS-09092570,7.7,19.25,915.0,190.0,8.5,2310.0,8.72
2024-08-30 03:00:00+00:00,USGS-09092570,7.6,19.3,915.0,70.75,8.55,2290.0,8.71
2024-08-30 04:00:00+00:00,USGS-09092570,7.5,19.15,915.5,34.95,8.6,2270.0,8.7
2024-08-30 05:00:00+00:00,USGS-09092570,7.4,19.0,918.5,23.1,8.6,2250.0,8.69
2024-08-30 06:00:00+00:00,USGS-09092570,7.3,18.75,921.0,18.6,8.55,2240.0,8.68
2024-08-30 07:00:00+00:00,USGS-09092570,7.3,18.45,923.5,15.25,8.5,2240.0,8.68
2024-08-30 08:00:00+00:00,USGS-09092570,7.3,18.15,926.0,14.25,8.45,2240.0,8.68
2024-08-30 09:00:00+00:00,USGS-09092570,7.3,17.85,928.5,13.25,8.4,2220.0,8.67
2024-08-30 10:00:00+00:00,USGS-09092570,7.3,17.5,931.5,12.3,8.350000000000001,2220.0,8.67
2024-08-30 11:00:00+00:00,USGS-09092570,7.3,17.2,935.5,,8.3,2220.0,8.67
2024-08-30 12:00:00+00:00,USGS-09092570,7.3,16.9,939.0,,8.2,2210.0,8.665
2024-08-30 13:00:00+00:00,USGS-09092570,7.4,16.65,942.0,,8.1,2210.0,8.665
2024-08-30 14:00:00+00:00,USGS-09092570,7.55,16.6,944.5,,8.1,2210.0,8.665
2024-08-30 15:00:00+00:00,USGS-09092570,7.85,16.65,948.5,,8.350000000000001,2200.0,8.66
2024-08-30 16:00:00+00:00,USGS-09092570,8.149999999999999,16.95,951.5,,8.3,2220.0,8.67
2024-08-30 17:00:00+00:00,USGS-09092570,8.5,17.35,954.0,,8.3,2220.0,8.67
2024-08-30 18:00:00+00:00,USGS-09092570,8.8,17.85,955.5,,8.3,2200.0,8.66
2024-08-30 19:00:00+00:00,USGS-09092570,9.0,18.35,957.5,,8.3,2180.0,8.65
2024-08-30 20:00:00+00:00,USGS-09092570,9.2,18.85,959.0,,8.4,2200.0,8.66
2024-08-30 21:00:00+00:00,USGS-09092570,9.2,19.15,960.0,,8.45,2200.0,8.66
2024-08-30 22:00:00+00:00,USGS-09092570,9.25,19.45,961.5,,8.5,2190.0,8.655000000000001
2024-08-30 23:00:00+00:00,USGS-09092570,9.2,19.6,963.0,,8.6,2180.0,8.65
2024-08-31 00:00:00+00:00,USGS-09092570,8.95,19.7,964.0,,8.6,2160.0,8.64
2024-08-31 01:00:00+00:00,USGS-09092570,8.649999999999999,19.7,964.0,,8.6,2160.0,8.64
2024-08-31 02:00:00+00:00,USGS-09092570,8.25,19.55,963.0,,8.6,2160.0,8.64
2024-08-31 03:00:00+00:00,USGS-09092570,7.95,19.4,962.0,,8.6,2160.0,8.64
2024-08-31 04:00:00+00:00,USGS-09092570,7.65,19.3,962.0,,8.6,2160.0,8.64
2024-08-31 05:00:00+00:00,USGS-09092570,7.5,19.1,962.5,,8.6,2160.0,8.64
2024-08-31 06:00:00+00:00,USGS-09092570,7.35,18.9,963.5,,8.6,2150.0,8.63
2024-08-31 07:00:00+00:00,USGS-09092570,7.3,18.65,965.0,,8.6,2150.0,8.63
2024-08-31 08:00:00+00:00,USGS-09092570,7.2,18.35,967.0,,8.6,2130.0,8.62
2024-08-31 09:00:00+00:00,USGS-09092570,7.2,17.95,968.5,,8.5,2130.0,8.62
2024-08-31 10:00:00+00:00,USGS-09092570,7.2,17.55,971.5,,8.45,2130.0,8.62
2024-08-31 11:00:00+00:00,USGS-09092570,7.3,17.15,974.5,,8.4,2130.0,8.62
2024-08-31 12:00:00+00:00,USGS-09092570,7.3,16.85,977.5,,8.3,2130.0,8.62
2024-08-31 13:00:00+00:00,USGS-09092570,7.4,16.5,980.5,,8.2,2130.0,8.62
2024-08-31 14:00:00+00:00,USGS-09092570,7.6,16.3,982.5,,8.149999999999999,2130.0,8.62
2024-08-31 15:00:00+00:00,USGS-09092570,7.85,16.35,985.0,,8.1,2130.0,8.62
2024-08-31 16:00:00+00:00,USGS-09092570,8.2,16.65,987.0,,8.2,2130.0,8.62
2024-08-31 17:00:00+00:00,USGS-09092570,8.55,17.05,989.0,,8.2,2110.0,8.61
2024-08-31 18:00:00+00:00,USGS-09092570,8.850000000000001,17.55,990.0,,8.3,2110.0,8.61
2024-08-31 19:00:00+00:00,USGS-09092570,9.05,18.15,990.0,,8.3,2110.0,8.61
2024-08-31 20:00:00+00:00,USGS-09092570,9.2,18.65,990.5,,8.4,2110.0,8.61
2024-08-31 21:00:00+00:00,USGS-09092570,9.3,19.15,990.5,,8.4,2120.0,8.614999999999998
2024-08-31 22:00:00+00:00,USGS-09092570,9.3,19.55,990.0,,8.5,2130.0,8.62
2024-08-31 23:00:00+00:00,USGS-09092570,9.2,19.8,993.5,,8.55,2110.0,8.61
2024-09-01 00:00:00+00:00,USGS-09092570,8.95,19.9,1005.0,,8.6,2110.0,8.61
2024-09-01 01:00:00+00:00,USGS-09092570,8.55,19.9,1010.0,,8.6,2110.0,8.61
2024-09-01 02:00:00+00:00,USGS-09092570,8.149999999999999,19.8,997.5,,8.6,2110.0,8.61
2024-09-01 03:00:00+00:00,USGS-09092570,7.85,19.7,981.0,,8.6,2110.0,8.61
2024-09-01 04:00:00+00:00,USGS-09092570,7.6,19.55,972.0,,8.6,2110.0,8.61
2024-09-01 05:00:00+00:00,USGS-09092570,7.4,19.4,972.5,,8.6,2130.0,8.62
2024-09-01 06:00:00+00:00,USGS-09092570,7.3,19.2,976.5,,8.6,2110.0,8.61
2024-09-01 07:00:00+00:00,USGS-09092570,7.2,19.0,977.0,,8.6,2130.0,8.62
2024-09-01 08:00:00+00:00,USGS-09092570,7.15,18.7,977.0,,8.5,2110.0,8.61
2024-09-01 09:00:00+00:00,USGS-09092570,7.1,18.35,978.0,,8.5,2110.0,8.61
2024-09-01 10:00:00+00:00,USGS-09092570,7.15,18.05,979.5,,8.45,2110.0,8.61
2024-09-01 11:00:00+00:00,USGS-09092570,7.2,17.65,981.0,,8.4,2130.0,8.62
2024-09-01 12:00:00+00:00,USGS-09092570,7.2,17.35,982.0,,8.3,2130.0,8.62
2024-09-01 13:00:00+00:00,USGS-09092570,7.3,17.05,983.0,,8.2,2110.0,8.61
2024-09-01 14:00:00+00:00,USGS-09092570,7.45,16.9,983.0,,8.2,2110.0,8.61
2024-09-01 15:00:00+00:00,USGS-09092570,7.75,17.0,984.0,,8.4,2110.0,8.61
2024-09-01 16:00:00+00:00,USGS-09092570,8.1,17.25,985.5,,8.2,2110.0,8.61
2024-09-01 17:00:00+00:00,USGS-09092570,8.45,17.65,987.0,,8.3,2110.0,8.61
2024-09-01 18:00:00+00:00,USGS-09092570,8.75,18.200000000000003,988.5,,8.3,2110.0,8.61
2024-09-01 19:00:00+00:00,USGS-09092570,8.9,18.6,989.0,,8.3,2110.0,8.61
2024-09-01 20:00:00+00:00,USGS-09092570,8.9,18.7,989.0,,8.4,2110.0,8.61
2024-09-01 21:00:00+00:00,USGS-09092570,8.8,18.5,989.0,,8.4,2110.0,8.61
2024-09-01 22:00:00+00:00,USGS-09092570,8.850000000000001,18.55,987.5,,8.4,2090.0,8.6
2024-09-01 23:00:00+00:00,USGS-09092570,8.8,18.6,987.0,,8.45,2090.0,8.6
2024-09-02 00:00:00+00:00,USGS-09092570,8.7,18.7,987.0,,8.5,2090.0,8.6
2024-09-02 01:00:00+00:00,USGS-09092570,8.45,18.8,986.5,,8.5,2080.0,8.594999999999999
2024-09-02 02:00:00+00:00,USGS-09092570,8.149999999999999,18.85,985.5,,8.5,2070.0,8.59
2024-09-02 03:00:00+00:00,USGS-09092570,7.85,18.8,984.0,,8.5,2050.0,8.575
2024-09-02 04:00:00+00:00,USGS-09092570,7.65,18.7,983.0,,8.5,2040.0,8.57
2024-09-02 05:00:00+00:00,USGS-09092570,7.5,18.6,982.0,,8.5,2060.0,8.58
2024-09-02 06:00:00+00:00,USGS-09092570,7.4,18.45,981.0,,8.5,2070.0,8.59
2024-09-02 07:00:00+00:00,USGS-09092570,7.3,18.3,981.0,,8.5,2060.0,8.58
2024-09-02 08:00:00+00:00,USGS-09092570,7.3,18.1,983.0,,8.5,2050.0,8.575
2024-09-02 09:00:00+00:00,USGS-09092570,7.25,17.8,985.5,,8.45,2030.0,8.565000000000001
2024-09-02 10:00:00+00:00,USGS-09092570,7.3,17.45,990.5,,8.4,2020.0,8.56
2024-09-02 11:00:00+00:00,USGS-09092570,7.3,17.15,994.5,,8.3,2020.0,8.56
2024-09-02 12:00:00+00:00,USGS-09092570,7.3,16.9,999.5,,8.3,2040.0,8.57
2024-09-02 13:00:00+00:00,USGS-09092570,7.35,16.7,1005.0,,8.4,2040.0,8.57
2024-09-02 14:00:00+00:00,USGS-09092570,7.55,16.7,1010.0,,8.2,2040.0,8.57
2024-09-02 15:00:00+00:00,USGS-09092570,7.8,16.85,1010.0,,8.2,2020.0,8.56
2024-09-02 16:00:00+00:00,USGS-09092570,8.149999999999999,17.25,1010.0,,8.3,2040.0,8.57
2024-09-02 17:00:00+00:00,USGS-09092570,8.45,17.799999999999997,1010.0,,8.3,2030.0,8.565000000000001
2024-09-02 18:00:00+00:00,USGS-09092570,8.75,18.35,1010.0,,8.350000000000001,2015.0,8.555
2024-09-02 19:00:00+00:00,USGS-09092570,9.0,18.9,1020.0,,8.4,1990.0,8.54
2024-09-02 20:00:00+00:00,USGS-09092570,9.149999999999999,19.35,1020.0,,8.4,2020.0,8.56
2024-09-02 21:00:00+00:00,USGS-09092570,9.2,19.8,1020.0,,8.5,2020.0,8.56
2024-09-02 22:00:00+00:00,USGS-09092570,9.2,20.05,1015.0,,8.5,2020.0,8.56
2024-09-02 23:00:00+00:00,USGS-09092570,9.1,20.2,1010.0,,8.6,2020.0,8.56
2024-09-03 00:00:00+00:00,USGS-09092570,8.9,20.3,1010.0,,8.6,2020.0,8.56
2024-09-03 01:00:00+00:00,USGS-09092570,8.5,20.25,1000.0,,8.6,2000.0,8.55
2024-09-03 02:00:00+00:00,USGS-09092570,8.05,20.2,1005.0,,8.6,2020.0,8.56
2024-09-03 03:00:00+00:00,USGS-09092570,7.75,20.1,1010.0,,8.6,2020.0,8.56
2024-09-03 04:00:00+00:00,USGS-09092570,7.45,19.95,1010.0,,8.6,2020.0,8.56
2024-09-03 05:00:00+00:00,USGS-09092570,7.25,19.8,1010.0,,8.6,2020.0,8.56
2024-09-03 06:00:00+00:00,USGS-09092570,7.1,19.7,1010.0,,8.5,2020.0,8.56
2024-09-03 07:00:00+00:00,USGS-09092570,7.05,19.55,1010.0,,8.5,2020.0,8.56
2024-09-03 08:00:00+00:00,USGS-09092570,7.0,19.25,1010.0,,8.5,2020.0,8.56
2024-09-03 09:00:00+00:00,USGS-09092570,7.0,18.95,1010.0,,8.5,2020.0,8.56
2024-09-03 10:00:00+00:00,USGS-09092570,7.0,18.65,1020.0,,8.45,2020.0,8.56
2024-09-03 11:00:00+00:00,USGS-09092570,7.05,18.25,1020.0,,8.4,2020.0,8.56
2024-09-03 12:00:00+00:00,USGS-09092570,7.1,17.85,1020.0,,8.350000000000001,2000.0,8.55
2024-09-03 13:00:00+00:00,USGS-09092570,7.15,17.55,1020.0,,8.3,2000.0,8.55
2024-09-03 14:00:00+00:00,USGS-09092570,7.35,17.4,1020.0,,8.2,2000.0,8.55
2024-09-03 15:00:00+00:00,USGS-09092570,7.65,17.4,1020.0,,8.2,2020.0,8.56
2024-09-03 16:00:00+00:00,USGS-09092570,8.05,17.7,1020.0,,8.2,2020.0,8.56
2024-09-03 17:00:00+00:00,USGS-09092570,8.350000000000001,18.15,1020.0,,8.3,2020.0,8.56
2024-09-03 18:00:00+00:00,USGS-09092570,8.649999999999999,18.700000000000003,1020.0,,8.3,2020.0,8.56
2024-09-03 19:00:00+00:00,USGS-09092570,8.95,19.25,1020.0,,8.4,2020.0,8.56
2024-09-03 20:00:00+00:00,USGS-09092570,9.1,19.75,1020.0,,8.4,2020.0,8.56
2024-09-03 21:00:00+00:00,USGS-09092570,9.2,20.15,1020.0,,8.5,2000.0,8.55
2024-09-03 22:00:00+00:00,USGS-09092570,9.2,20.4,1020.0,,8.5,1990.0,8.54
2024-09-03 23:00:00+00:00,USGS-09092570,9.1,20.5,1020.0,,8.6,1990.0,8.54
2024-09-04 00:00:00+00:00,USGS-09092570,8.850000000000001,20.5,1020.0,,8.6,1990.0,8.54
2024-09-04 01:00:00+00:00,USGS-09092570,8.45,20.4,1015.0,,8.6,1990.0,8.54
2024-09-04 02:00:00+00:00,USGS-09092570,8.05,20.3,1010.0,,8.6,1980.0,8.535
2024-09-04 03:00:00+00:00,USGS-09092570,7.7,20.1,1010.0,,8.6,1970.0,8.53
2024-09-04 04:00:00+00:00,USGS-09092570,7.4,20.0,1010.0,,8.5,1970.0,8.53
2024-09-04 05:00:00+00:00,USGS-09092570,7.2,19.95,1010.0,,8.5,1970.0,8.53
2024-09-04 06:00:00+00:00,USGS-09092570,7.1,19.75,1020.0,,8.5,1980.0,8.535
2024-09-04 07:00:00+00:00,USGS-09092570,7.0,19.55,1020.0,,8.5,1990.0,8.54
2024-09-04 08:00:00+00:00,USGS-09092570,7.0,19.35,1020.0,,8.5,1980.0,8.54
2024-09-04 09:00:00+00:00,USGS-09092570,7.0,19.05,1020.0,,8.5,1970.0,8.53
2024-09-04 10:00:00+00:00,USGS-09092570,7.0,18.75,1020.0,,8.4,1970.0,8.53
2024-09-04 11:00:00+00:00,USGS-09092570,7.0,18.45,1020.0,,8.4,1970.0,8.53
2024-09-04 12:00:00+00:00,USGS-09092570,7.05,18.2,1020.0,,8.350000000000001,1970.0,8.53
2024-09-04 13:00:00+00:00,USGS-09092570,7.1,18.0,1020.0,,8.3,1970.0,8.53
2024-09-04 14:00:00+00:00,USGS-09092570,7.2,17.85,1020.0,,8.4,1970.0,8.53
2024-09-04 15:00:00+00:00,USGS-09092570,7.4,17.8,1030.0,,8.45,1970.0,8.53
2024-09-04 16:00:00+00:00,USGS-09092570,7.85,18.0,1030.0,,8.5,1960.0,8.524999999999999
2024-09-04 17:00:00+00:00,USGS-09092570,8.0,18.15,1030.0,,8.4,1950.0,8.52
2024-09-04 18:00:00+00:00,USGS-09092570,8.350000000000001,18.6,1030.0,,8.5,1950.0,8.52
2024-09-04 19:00:00+00:00,USGS-09092570,8.7,19.1,1035.0,,8.3,1930.0,8.51
2024-09-04 20:00:00+00:00,USGS-09092570,8.9,19.55,1040.0,,8.4,1930.0,8.51
2024-09-04 21:00:00+00:00,USGS-09092570,9.1,20.05,1040.0,,8.4,1930.0,8.51
2024-09-04 22:00:00+00:00,USGS-09092570,9.05,20.2,1040.0,,8.5,1930.0,8.51
2024-09-04 23:00:00+00:00,USGS-09092570,8.95,20.2,1040.0,,8.5,1920.0,8.5
2024-09-05 00:00:00+00:00,USGS-09092570,8.7,20.15,1055.0,,8.5,1920.0,8.5
2024-09-05 01:00:00+00:00,USGS-09092570,8.350000000000001,20.0,1070.0,,8.5,1900.0,8.49
2024-09-05 02:00:00+00:00,USGS-09092570,7.95,19.8,1065.0,,8.5,1920.0,8.5
2024-09-05 03:00:00+00:00,USGS-09092570,7.65,19.7,1045.0,,8.45,1920.0,8.5
2024-09-05 04:00:00+00:00,USGS-09092570,7.4,19.6,1020.0,,8.4,1920.0,8.5
2024-09-05 05:00:00+00:00,USGS-09092570,7.25,19.5,1010.0,,8.4,1900.0,8.49
2024-09-05 06:00:00+00:00,USGS-09092570,7.15,19.35,1020.0,,8.4,1880.0,8.48
2024-09-05 07:00:00+00:00,USGS-09092570,7.1,19.05,1020.0,,8.4,1880.0,8.48
2024-09-05 08:00:00+00:00,USGS-09092570,7.1,18.85,1030.0,,8.4,1880.0,8.48
2024-09-05 09:00:00+00:00,USGS-09092570,7.1,18.55,1030.0,,8.350000000000001,1900.0,8.49
2024-09-05 10:00:00+00:00,USGS-09092570,7.1,18.25,1030.0,8.6,8.3,1925.0,8.504999999999999
2024-09-05 11:00:00+00:00,USGS-09092570,7.15,17.85,1030.0,30.95,8.3,1930.0,8.51
2024-09-05 12:00:00+00:00,USGS-09092570,7.2,17.55,1030.0,54.35,8.2,1930.0,8.51
2024-09-05 13:00:00+00:00,USGS-09092570,7.3,17.2,1040.0,48.25,8.2,1930.0,8.51
2024-09-05 14:00:00+00:00,USGS-09092570,7.4,17.0,1040.0,38.75,8.3,1940.0,8.515
2024-09-05 15:00:00+00:00,USGS-09092570,7.55,17.0,1040.0,34.15,8.3,1950.0,8.52
2024-09-05 16:00:00+00:00,USGS-09092570,7.85,17.15,1040.0,25.2,8.4,1950.0,8.52
2024-09-05 17:00:00+00:00,USGS-09092570,8.149999999999999,17.55,1045.0,21.85,8.25,1950.0,8.52
2024-09-05 18:00:00+00:00,USGS-09092570,8.4,17.95,1050.0,20.85,8.5,1950.0,8.52
2024-09-05 19:00:00+00:00,USGS-09092570,8.5,18.45,1050.0,22.05,8.3,1950.0,8.52
2024-09-05 20:00:00+00:00,USGS-09092570,8.7,19.0,1045.0,21.85,8.350000000000001,1970.0,8.53
2024-09-05 21:00:00+00:00,USGS-09092570,8.8,19.45,1040.0,21.35,8.4,1965.0,8.53
2024-09-05 22:00:00+00:00,USGS-09092570,8.649999999999999,19.6,1040.0,23.5,8.4,1980.0,8.54
2024-09-05 23:00:00+00:00,USGS-09092570,8.45,19.7,1040.0,27.85,8.4,2010.0,8.555
2024-09-06 00:00:00+00:00,USGS-09092570,8.3,19.8,1040.0,30.15,8.4,2030.0,8.57
2024-09-06 01:00:00+00:00,USGS-09092570,8.149999999999999,19.75,1040.0,23.799999999999997,8.5,2030.0,8.57
2024-09-06 02:00:00+00:00,USGS-09092570,7.95,19.45,1030.0,20.45,8.5,2030.0,8.57
2024-09-06 03:00:00+00:00,USGS-09092570,7.75,19.4,1030.0,17.5,8.5,2030.0,8.57
2024-09-06 04:00:00+00:00,USGS-09092570,7.6,19.3,1030.0,16.9,8.5,2030.0,8.57
2024-09-06 05:00:00+00:00,USGS-09092570,7.4,19.25,1020.0,15.0,8.5,2050.0,8.58
2024-09-06 06:00:00+00:00,USGS-09092570,7.3,19.1,1020.0,13.6,8.5,2070.0,8.59
2024-09-06 07:00:00+00:00,USGS-09092570,7.25,18.85,1020.0,13.25,8.5,2050.0,8.58
2024-09-06 08:00:00+00:00,USGS-09092570,7.2,18.55,1020.0,14.5,8.4,2050.0,8.58
2024-09-06 09:00:00+00:00,USGS-09092570,7.2,18.25,1020.0,13.0,8.4,2030.0,8.57
2024-09-06 10:00:00+00:00,USGS-09092570,7.2,17.95,1015.0,12.0,8.4,2050.0,8.58
2024-09-06 11:00:00+00:00,USGS-09092570,7.3,17.55,1010.0,11.5,8.4,2050.0,8.58
2024-09-06 12:00:00+00:00,USGS-09092570,7.3,17.25,1010.0,11.9,8.4,2050.0,8.58
2024-09-06 13:00:00+00:00,USGS-09092570,7.4,16.95,1010.0,10.95,8.3,2050.0,8.58
2024-09-06 14:00:00+00:00,USGS-09092570,7.55,16.7,1010.0,10.85,8.2,2050.0,8.58
2024-09-06 15:00:00+00:00,USGS-09092570,7.85,16.75,1010.0,9.5,8.2,2050.0,8.58
2024-09-06 16:00:00+00:00,USGS-09092570,8.2,16.95,1010.0,8.65,8.3,2060.0,8.59
2024-09-06 17:00:00+00:00,USGS-09092570,8.55,17.35,1010.0,8.850000000000001,8.3,2060.0,8.59
2024-09-06 18:00:00+00:00,USGS-09092570,8.850000000000001,17.85,1005.0,8.6,8.4,2060.0,8.59
2024-09-06 19:00:00+00:00,USGS-09092570,9.1,18.35,1000.0,8.100000000000001,8.4,2080.0,8.6
2024-09-06 20:00:00+00:00,USGS-09092570,9.25,18.75,1000.0,9.7,8.5,2080.0,8.6
2024-09-06 21:00:00+00:00,USGS-09092570,9.3,19.15,998.5,8.4,8.5,2080.0,8.6
2024-09-06 22:00:00+00:00,USGS-09092570,9.3,19.4,996.0,7.75,8.5,2110.0,8.62
2024-09-06 23:00:00+00:00,USGS-09092570,9.149999999999999,19.55,997.0,6.7,8.5,2130.0,8.63
2024-09-07 00:00:00+00:00,USGS-09092570,8.850000000000001,19.6,998.0,8.1,8.6,2150.0,8.64
2024-09-07 01:00:00+00:00,USGS-09092570,8.45,19.5,997.0,9.85,8.5,2160.0,8.645
2024-09-07 02:00:00+00:00,USGS-09092570,7.95,19.4,998.0,15.05,8.4,2175.0,8.655000000000001
2024-09-07 03:00:00+00:00,USGS-09092570,7.5,19.3,999.5,19.0,8.3,2220.0,8.68
2024-09-07 04:00:00+00:00,USGS-09092570,7.25,19.2,1000.0,25.200000000000003,8.2,2240.0,8.69
2024-09-07 05:00:00+00:00,USGS-09092570,7.1,19.05,1000.0,30.4,8.1,2230.0,8.69
2024-09-07 06:00:00+00:00,USGS-09092570,7.1,18.9,997.5,29.2,8.1,2230.0,8.69
2024-09-07 07:00:00+00:00,USGS-09092570,7.1,18.65,993.5,28.7,8.1,2230.0,8.69
2024-09-07 08:00:00+00:00,USGS-09092570,7.1,18.35,987.0,24.5,8.1,2225.0,8.684999999999999
2024-09-07 09:00:00+00:00,USGS-09092570,7.15,18.05,981.5,22.05,8.2,2220.0,8.68
2024-09-07 10:00:00+00:00,USGS-09092570,7.2,17.65,978.0,18.700000000000003,8.2,2220.0,8.68
2024-09-07 11:00:00+00:00,USGS-09092570,7.2,17.35,974.5,19.45,8.4,2225.0,8.684999999999999
2024-09-07 12:00:00+00:00,USGS-09092570,7.3,17.0,968.0,17.35,8.350000000000001,2260.0,8.705
2024-09-07 13:00:00+00:00,USGS-09092570,7.35,16.7,962.5,17.55,8.1,2310.0,8.735
2024-09-07 14:00:00+00:00,USGS-09092570,7.5,16.55,960.5,19.5,8.0,2360.0,8.76
2024-09-07 15:00:00+00:00,USGS-09092570,7.65,16.6,961.0,20.3,8.0,2430.0,8.8
2024-09-07 16:00:00+00:00,USGS-09092570,7.85,16.8,961.0,23.15,8.15,2460.0,8.82
2024-09-07 17:00:00+00:00,USGS-09092570,8.0,17.15,961.5,25.05,8.1,2490.0,8.835
2024-09-07 18:00:00+00:00,USGS-09092570,8.1,17.55,963.0,28.8,8.1,2500.0,8.84
2024-09-07 19:00:00+00:00,USGS-09092570,8.2,18.05,961.5,27.75,8.1,2520.0,8.85
2024-09-07 20:00:00+00:00,USGS-09092570,8.3,18.45,958.5,28.25,8.2,2530.0,8.855
2024-09-07 21:00:00+00:00,USGS-09092570,8.3,18.75,952.0,28.299999999999997,8.2,2540.0,8.86
2024-09-07 22:00:00+00:00,USGS-09092570,8.3,19.05,945.0,26.4,8.3,2540.0,8.86
2024-09-07 23:00:00+00:00,USGS-09092570,8.25,19.3,938.0,28.1,8.3,2570.0,8.88
2024-09-08 00:00:00+00:00,USGS-09092570,8.1,19.45,928.5,25.65,8.4,2590.0,8.89
2024-09-08 01:00:00+00:00,USGS-09092570,7.85,19.5,918.0,24.8,8.4,2550.0,8.87
2024-09-08 02:00:00+00:00,USGS-09092570,7.65,19.5,907.5,23.4,8.3,2540.0,8.86
2024-09-08 03:00:00+00:00,USGS-09092570,7.5,19.4,896.5,22.8,8.3,2540.0,8.86
2024-09-08 04:00:00+00:00,USGS-09092570,7.3,19.3,882.5,23.65,8.3,2540.0,8.86
2024-09-08 05:00:00+00:00,USGS-09092570,7.25,19.15,870.5,23.3,8.3,2545.0,8.864999999999998
2024-09-08 06:00:00+00:00,USGS-09092570,7.2,18.95,859.5,24.6,8.3,2620.0,8.905000000000001
2024-09-08 07:00:00+00:00,USGS-09092570,7.2,18.65,850.0,22.0,8.3,2635.0,8.915
2024-09-08 08:00:00+00:00,USGS-09092570,7.2,18.25,841.5,23.55,8.3,2610.0,8.9
2024-09-08 09:00:00+00:00,USGS-09092570,7.2,17.95,840.0,23.05,8.3,2550.0,8.87
2024-09-08 10:00:00+00:00,USGS-09092570,7.2,17.55,843.0,23.0,8.2,2470.0,8.825
2024-09-08 11:00:00+00:00,USGS-09092570,7.3,17.25,845.5,22.4,8.1,2440.0,8.81
2024-09-08 12:00:00+00:00,USGS-09092570,7.3,16.95,846.0,22.1,8.1,2440.0,8.81
2024-09-08 13:00:00+00:00,USGS-09092570,7.4,16.65,847.0,20.75,8.0,2440.0,8.81
2024-09-08 14:00:00+00:00,USGS-09092570,7.5,16.5,845.5,20.95,8.0,2440.0,8.81
2024-09-08 15:00:00+00:00,USGS-09092570,7.7,16.5,839.5,19.299999999999997,8.0,2440.0,8.81
2024-09-08 16:00:00+00:00,USGS-09092570,7.95,16.65,833.5,18.35,8.0,2440.0,8.81
2024-09-08 17:00:00+00:00,USGS-09092570,8.25,17.05,832.0,16.55,8.1,2435.0,8.805
2024-09-08 18:00:00+00:00,USGS-09092570,8.45,17.45,834.5,16.6,8.2,2430.0,8.8
2024-09-08 19:00:00+00:00,USGS-09092570,8.7,17.9,840.0,16.75,8.25,2430.0,8.8
2024-09-08 20:00:00+00:00,USGS-09092570,8.9,18.45,846.5,16.75,8.3,2430.0,8.8
2024-09-08 21:00:00+00:00,USGS-09092570,8.9,18.7,853.0,13.5,8.4,2410.0,8.79
2024-09-08 22:00:00+00:00,USGS-09092570,8.8,18.9,869.0,12.6,8.4,2400.0,8.785
2024-09-08 23:00:00+00:00,USGS-09092570,8.7,19.05,887.0,12.3,8.5,2390.0,8.78
2024-09-09 00:00:00+00:00,USGS-09092570,8.55,19.45,882.0,12.65,8.5,2390.0,8.78
2024-09-09 01:00:00+00:00,USGS-09092570,8.25,19.7,864.0,12.6,8.5,2380.0,8.774999999999999
2024-09-09 02:00:00+00:00,USGS-09092570,7.95,19.7,851.0,12.1,8.5,2390.0,8.78
2024-09-09 03:00:00+00:00,USGS-09092570,7.65,19.6,846.0,13.15,8.5,2370.0,8.77
2024-09-09 04:00:00+00:00,USGS-09092570,7.5,19.25,847.5,13.2,8.45,2370.0,8.77
2024-09-09 05:00:00+00:00,USGS-09092570,7.35,18.9,853.0,13.95,8.4,2390.0,8.78
2024-09-09 06:00:00+00:00,USGS-09092570,7.3,18.55,857.5,14.0,8.4,2390.0,8.78
2024-09-09 07:00:00+00:00,USGS-09092570,7.3,18.2,861.5,14.35,8.4,2390.0,8.78
2024-09-09 08:00:00+00:00,USGS-09092570,7.3,17.85,865.5,14.7,8.350000000000001,2390.0,8.78
2024-09-09 09:00:00+00:00,USGS-09092570,7.3,17.45,869.5,14.25,8.3,2390.0,8.78
2024-09-09 10:00:00+00:00,USGS-09092570,7.3,17.05,873.0,13.75,8.2,2390.0,8.78
2024-09-09 11:00:00+00:00,USGS-09092570,7.4,16.75,875.0,14.8,8.149999999999999,2390.0,8.78
2024-09-09 12:00:00+00:00,USGS-09092570,7.4,16.45,876.0,15.1,8.1,2340.0,8.75
2024-09-09 13:00:00+00:00,USGS-09092570,7.5,16.2,877.5,14.25,8.0,2340.0,8.75
2024-09-09 14:00:00+00:00,USGS-09092570,7.6,16.1,878.5,14.0,8.0,2415.0,8.795
2024-09-09 15:00:00+00:00,USGS-09092570,7.8,16.1,879.5,14.0,8.0,2420.0,8.8
2024-09-09 16:00:00+00:00,USGS-09092570,8.1,16.25,881.0,12.8,8.1,2420.0,8.8
2024-09-09 17:00:00+00:00,USGS-09092570,8.45,16.55,881.0,12.9,8.1,2410.0,8.79
2024-09-09 18:00:00+00:00,USGS-09092570,8.7,16.95,880.5,11.8,8.2,2410.0,8.79
2024-09-09 19:00:00+00:00,USGS-09092570,8.9,17.35,878.5,13.45,8.3,2400.0,8.785
2024-09-09 20:00:00+00:00,USGS-09092570,9.0,17.65,878.0,10.6,8.350000000000001,2390.0,8.78
2024-09-09 21:00:00+00:00,USGS-09092570,9.2,18.05,879.5,10.9,8.4,2390.0,8.78
2024-09-09 22:00:00+00:00,USGS-09092570,9.1,18.45,878.5,10.3,8.5,2390.0,8.78
2024-09-09 23:00:00+00:00,USGS-09092570,9.0,18.65,874.5,9.5,8.5,2390.0,8.78
2024-09-10 00:00:00+00:00,USGS-09092570,8.75,18.65,870.0,9.25,8.5,2370.0,8.77
2024-09-10 01:00:00+00:00,USGS-09092570,8.45,18.6,869.0,9.5,8.5,2390.0,8.78
2024-09-10 02:00:00+00:00,USGS-09092570,8.1,18.6,870.0,10.05,8.5,2390.0,8.78
2024-09-10 03:00:00+00:00,USGS-09092570,7.85,18.6,871.0,10.6,8.5,2395.0,8.785
2024-09-10 04:00:00+00:00,USGS-09092570,7.65,18.5,872.5,11.7,8.5,2390.0,8.78
2024-09-10 05:00:00+00:00,USGS-09092570,7.5,18.35,873.5,11.1,8.5,2390.0,8.78
2024-09-10 06:00:00+00:00,USGS-09092570,7.4,18.15,874.5,11.8,8.5,2390.0,8.78
2024-09-10 07:00:00+00:00,USGS-09092570,7.4,17.9,875.0,11.2,8.5,2390.0,8.78
2024-09-10 08:00:00+00:00,USGS-09092570,7.3,17.55,876.5,10.7,8.4,2370.0,8.77
2024-09-10 09:00:00+00:00,USGS-09092570,7.3,17.2,878.5,11.7,8.4,2380.0,8.774999999999999
2024-09-10 10:00:00+00:00,USGS-09092570,7.4,16.85,881.0,11.5,8.3,2390.0,8.78
2024-09-10 11:00:00+00:00,USGS-09092570,7.4,16.55,882.5,11.4,8.3,2390.0,8.78
2024-09-10 12:00:00+00:00,USGS-09092570,7.4,16.25,882.0,12.3,8.2,2370.0,8.77
2024-09-10 13:00:00+00:00,USGS-09092570,7.5,16.0,882.0,12.6,8.1,2350.0,8.76
2024-09-10 14:00:00+00:00,USGS-09092570,7.6,15.850000000000001,883.0,10.3,8.1,2350.0,8.76
2024-09-10 15:00:00+00:00,USGS-09092570,7.8,15.8,883.0,9.95,8.0,2350.0,8.76
2024-09-10 16:00:00+00:00,USGS-09092570,8.149999999999999,15.95,884.0,10.25,8.1,2350.0,8.76
2024-09-10 17:00:00+00:00,USGS-09092570,8.45,16.25,884.0,9.45,8.1,2360.0,8.765
2024-09-10 18:00:00+00:00,USGS-09092570,8.75,16.75,884.0,9.5,8.2,2360.0,8.765
2024-09-10 19:00:00+00:00,USGS-09092570,9.0,17.25,884.0,8.649999999999999,8.3,2350.0,8.76
2024-09-10 20:00:00+00:00,USGS-09092570,9.1,17.5,884.0,8.1,8.350000000000001,2350.0,8.76
2024-09-10 21:00:00+00:00,USGS-09092570,9.149999999999999,17.7,884.0,9.1,8.4,2350.0,8.76
2024-09-10 22:00:00+00:00,USGS-09092570,8.9,17.55,884.5,7.9,8.4,2350.0,8.76
2024-09-10 23:00:00+00:00,USGS-09092570,8.9,17.6,886.0,8.8,8.4,2350.0,8.76
2024-09-11 00:00:00+00:00,USGS-09092570,8.7,17.6,886.0,8.0,8.5,2350.0,8.76
2024-09-11 01:00:00+00:00,USGS-09092570,8.45,17.5,885.0,8.25,8.5,2350.0,8.76
2024-09-11 02:00:00+00:00,USGS-09092570,8.149999999999999,17.35,882.5,9.05,8.4,2350.0,8.76
2024-09-11 03:00:00+00:00,USGS-09092570,7.9,17.15,881.0,8.8,8.4,2350.0,8.76
2024-09-11 04:00:00+00:00,USGS-09092570,7.75,17.0,881.5,9.4,8.4,2350.0,8.76
2024-09-11 05:00:00+00:00,USGS-09092570,7.65,16.85,882.0,9.55,8.3,2350.0,8.76
2024-09-11 06:00:00+00:00,USGS-09092570,7.6,16.7,882.0,9.5,8.3,2340.0,8.754999999999999
2024-09-11 07:00:00+00:00,USGS-09092570,7.5,16.55,882.0,10.35,8.3,2350.0,8.76
2024-09-11 08:00:00+00:00,USGS-09092570,7.5,16.35,882.0,10.3,8.3,2350.0,8.76
2024-09-11 09:00:00+00:00,USGS-09092570,7.5,16.2,883.5,10.85,8.2,2350.0,8.76
2024-09-11 10:00:00+00:00,USGS-09092570,7.5,16.05,885.5,9.5,8.2,2370.0,8.77
2024-09-11 11:00:00+00:00,USGS-09092570,7.5,15.9,887.0,10.6,8.1,2370.0,8.77
2024-09-11 12:00:00+00:00,USGS-09092570,7.5,15.9,888.0,11.2,8.1,2360.0,8.765
2024-09-11 13:00:00+00:00,USGS-09092570,7.5,15.8,889.0,10.399999999999999,8.1,2360.0,8.765
2024-09-11 14:00:00+00:00,USGS-09092570,7.6,15.7,889.0,10.4,8.0,2350.0,8.76
2024-09-11 15:00:00+00:00,USGS-09092570,7.85,15.75,889.0,9.7,8.05,2360.0,8.765
2024-09-11 16:00:00+00:00,USGS-09092570,8.149999999999999,15.95,889.0,10.3,8.1,2360.0,8.765
2024-09-11 17:00:00+00:00,USGS-09092570,8.4,16.15,888.5,8.899999999999999,8.2,2350.0,8.76
2024-09-11 18:00:00+00:00,USGS-09092570,8.75,16.55,887.0,8.5,8.25,2350.0,8.76
2024-09-11 19:00:00+00:00,USGS-09092570,8.850000000000001,16.75,885.5,8.9,8.3,2330.0,8.75
2024-09-11 20:00:00+00:00,USGS-09092570,8.9,16.9,884.0,,8.350000000000001,2330.0,8.75
2024-09-11 21:00:00+00:00,USGS-09092570,9.1,17.35,889.5,,8.4,2330.0,8.75
2024-09-11 22:00:00+00:00,USGS-09092570,9.0,17.55,904.0,,8.4,2330.0,8.75
2024-09-11 23:00:00+00:00,USGS-09092570,8.9,17.7,901.5,,8.5,2330.0,8.75
2024-09-12 00:00:00+00:00,USGS-09092570,8.7,17.8,885.0,,8.5,2350.0,8.76
2024-09-12 01:00:00+00:00,USGS-09092570,8.45,17.8,875.5,,8.5,2350.0,8.76
2024-09-12 02:00:00+00:00,USGS-09092570,8.1,17.8,877.5,,8.5,2330.0,8.75
2024-09-12 03:00:00+00:00,USGS-09092570,7.85,17.6,882.5,,8.5,2330.0,8.75
2024-09-12 04:00:00+00:00,USGS-09092570,7.7,17.45,885.5,,8.4,2330.0,8.75
2024-09-12 05:00:00+00:00,USGS-09092570,7.55,17.25,886.0,,8.4,2330.0,8.75
2024-09-12 06:00:00+00:00,USGS-09092570,7.5,17.1,887.0,,8.4,2330.0,8.75
2024-09-12 07:00:00+00:00,USGS-09092570,7.4,16.85,888.0,,8.4,2350.0,8.76
2024-09-12 08:00:00+00:00,USGS-09092570,7.4,16.65,889.0,,8.3,2350.0,8.76
2024-09-12 09:00:00+00:00,USGS-09092570,7.4,16.35,889.0,,8.3,2350.0,8.76
2024-09-12 10:00:00+00:00,USGS-09092570,7.4,16.15,889.0,,8.2,2360.0,8.77
2024-09-12 11:00:00+00:00,USGS-09092570,7.4,15.9,889.0,,8.2,2360.0,8.77
2024-09-12 12:00:00+00:00,USGS-09092570,7.4,15.649999999999999,890.5,,8.1,2360.0,8.77
2024-09-12 13:00:00+00:00,USGS-09092570,7.5,15.4,891.5,,8.1,2360.0,8.77
2024-09-12 14:00:00+00:00,USGS-09092570,7.65,15.3,893.0,,8.0,2360.0,8.77
2024-09-12 15:00:00+00:00,USGS-09092570,7.9,15.3,893.0,,8.05,2360.0,8.77
2024-09-12 16:00:00+00:00,USGS-09092570,8.25,15.5,891.5,,8.1,2360.0,8.77
2024-09-12 17:00:00+00:00,USGS-09092570,8.55,15.75,888.5,,8.2,2320.0,8.745000000000001
2024-09-12 18:00:00+00:00,USGS-09092570,8.850000000000001,16.15,886.5,,8.3,2300.0,8.735
2024-09-12 19:00:00+00:00,USGS-09092570,9.05,16.55,885.0,,8.350000000000001,2300.0,8.735
2024-09-12 20:00:00+00:00,USGS-09092570,9.2,16.85,884.5,,8.4,2280.0,8.725000000000001
2024-09-12 21:00:00+00:00,USGS-09092570,9.2,17.0,885.5,,8.5,2290.0,8.73
2024-09-12 22:00:00+00:00,USGS-09092570,9.1,17.15,891.0,,8.5,2300.0,8.735
2024-09-12 23:00:00+00:00,USGS-09092570,9.0,17.2,895.0,,8.5,2325.0,8.75
2024-09-13 00:00:00+00:00,USGS-09092570,8.75,17.2,892.5,,8.6,2330.0,8.75
2024-09-13 01:00:00+00:00,USGS-09092570,8.45,17.2,885.5,,8.6,2330.0,8.75
2024-09-13 02:00:00+00:00,USGS-09092570,8.149999999999999,17.05,884.0,,8.5,2330.0,8.75
2024-09-13 03:00:00+00:00,USGS-09092570,7.9,17.0,885.5,,8.5,2330.0,8.75
2024-09-13 04:00:00+00:00,USGS-09092570,7.75,17.0,887.0,,8.5,2330.0,8.75
2024-09-13 05:00:00+00:00,USGS-09092570,7.6,16.9,886.5,,8.5,2330.0,8.75
2024-09-13 06:00:00+00:00,USGS-09092570,7.55,16.75,885.5,,8.6,2330.0,8.75
2024-09-13 07:00:00+00:00,USGS-09092570,7.5,16.45,884.0,,8.55,2330.0,8.75
2024-09-13 08:00:00+00:00,USGS-09092570,7.5,16.15,883.5,,,2330.0,8.75
2024-09-13 09:00:00+00:00,USGS-09092570,7.5,15.850000000000001,883.5,,,2330.0,8.75
2024-09-13 10:00:00+00:00,USGS-09092570,7.5,15.55,885.5,,8.4,2330.0,8.75
2024-09-13 11:00:00+00:00,USGS-09092570,7.6,15.25,888.5,,8.3,2330.0,8.75
2024-09-13 12:00:00+00:00,USGS-09092570,7.6,15.0,890.0,,8.2,2340.0,8.76
2024-09-13 13:00:00+00:00,USGS-09092570,7.7,14.75,891.0,,8.149999999999999,2340.0,8.76
2024-09-13 14:00:00+00:00,USGS-09092570,7.85,14.55,893.0,,8.1,2340.0,8.76
2024-09-13 15:00:00+00:00,USGS-09092570,8.1,14.55,894.0,,8.1,2340.0,8.76
2024-09-13 16:00:00+00:00,USGS-09092570,8.45,14.75,894.0,,8.1,2350.0,8.765
2024-09-13 17:00:00+00:00,USGS-09092570,8.75,15.05,893.5,,8.2,2350.0,8.765
2024-09-13 18:00:00+00:00,USGS-09092570,9.05,15.55,892.0,,8.3,2360.0,8.77
2024-09-13 19:00:00+00:00,USGS-09092570,9.25,15.95,889.5,,8.350000000000001,2335.0,8.754999999999999
2024-09-13 20:00:00+00:00,USGS-09092570,9.4,16.35,887.5,,8.4,2310.0,8.74
2024-09-13 21:00:00+00:00,USGS-09092570,9.5,16.65,886.0,,8.45,2280.0,8.725000000000001
2024-09-13 22:00:00+00:00,USGS-09092570,9.5,16.9,885.0,,8.55,2280.0,8.725000000000001
2024-09-13 23:00:00+00:00,USGS-09092570,9.4,17.05,882.5,,8.6,2290.0,8.73
2024-09-14 00:00:00+00:00,USGS-09092570,9.149999999999999,17.1,881.0,,8.6,2310.0,8.74
2024-09-14 01:00:00+00:00,USGS-09092570,8.75,17.1,881.0,,8.6,2310.0,8.74
2024-09-14 02:00:00+00:00,USGS-09092570,8.45,17.05,880.0,,8.6,2300.0,8.735
2024-09-14 03:00:00+00:00,USGS-09092570,8.149999999999999,17.0,879.0,,8.6,2310.0,8.74
2024-09-14 04:00:00+00:00,USGS-09092570,7.9,16.9,879.0,,8.6,2310.0,8.74
2024-09-14 05:00:00+00:00,USGS-09092570,7.75,16.8,880.0,,8.6,2310.0,8.74
2024-09-14 06:00:00+00:00,USGS-09092570,7.7,16.55,881.5,,8.6,2310.0,8.74
2024-09-14 07:00:00+00:00,USGS-09092570,7.6,16.25,882.0,,8.5,2310.0,8.74
2024-09-14 08:00:00+00:00,USGS-09092570,7.6,15.95,882.0,,8.5,2310.0,8.74
2024-09-14 09:00:00+00:00,USGS-09092570,7.6,15.649999999999999,884.5,,8.45,2310.0,8.74
2024-09-14 10:00:00+00:00,USGS-09092570,7.6,15.25,888.5,,8.4,2310.0,8.74
2024-09-14 11:00:00+00:00,USGS-09092570,7.65,14.95,891.5,,8.4,2310.0,8.74
2024-09-14 12:00:00+00:00,USGS-09092570,7.7,14.649999999999999,893.5,,8.3,2310.0,8.74
2024-09-14 13:00:00+00:00,USGS-09092570,7.7,14.4,894.0,,8.25,2310.0,8.74
2024-09-14 14:00:00+00:00,USGS-09092570,7.9,14.25,894.0,,8.1,2310.0,8.74
2024-09-14 15:00:00+00:00,USGS-09092570,8.149999999999999,14.25,894.0,,8.149999999999999,2310.0,8.74
2024-09-14 16:00:00+00:00,USGS-09092570,8.45,14.45,893.0,,8.1,2315.0,8.745000000000001
2024-09-14 17:00:00+00:00,USGS-09092570,8.8,14.850000000000001,893.0,,8.2,2310.0,8.74
2024-09-14 18:00:00+00:00,USGS-09092570,9.05,15.25,892.5,,8.3,2310.0,8.74
2024-09-14 19:00:00+00:00,USGS-09092570,9.3,15.75,891.5,,8.3,2310.0,8.74
2024-09-14 20:00:00+00:00,USGS-09092570,9.45,16.15,891.0,,8.4,2270.0,8.72
2024-09-14 21:00:00+00:00,USGS-09092570,9.5,16.55,896.0,,8.45,2290.0,8.73
2024-09-14 22:00:00+00:00,USGS-09092570,9.5,16.9,908.5,,8.5,2260.0,8.715
2024-09-14 23:00:00+00:00,USGS-09092570,9.4,17.15,909.5,,8.6,2290.0,8.73
2024-09-15 00:00:00+00:00,USGS-09092570,9.149999999999999,17.3,895.0,,8.6,2270.0,8.72
2024-09-15 01:00:00+00:00,USGS-09092570,8.75,17.3,882.0,,8.6,2270.0,8.72
2024-09-15 02:00:00+00:00,USGS-09092570,8.45,17.3,878.0,,8.6,2270.0,8.72
2024-09-15 03:00:00+00:00,USGS-09092570,8.149999999999999,17.3,881.0,,8.6,2270.0,8.72
2024-09-15 04:00:00+00:00,USGS-09092570,7.85,17.2,886.5,,8.55,2290.0,8.73
2024-09-15 05:00:00+00:00,USGS-09092570,7.7,17.05,890.5,,8.5,2280.0,8.725000000000001
2024-09-15 06:00:00+00:00,USGS-09092570,7.6,16.85,892.0,,8.6,2290.0,8.73
2024-09-15 07:00:00+00:00,USGS-09092570,7.5,16.65,892.5,,,2290.0,8.73
2024-09-15 08:00:00+00:00,USGS-09092570,7.5,16.35,894.5,,,2290.0,8.73
2024-09-15 09:00:00+00:00,USGS-09092570,7.5,16.05,896.0,,8.4,2290.0,8.73
2024-09-15 10:00:00+00:00,USGS-09092570,7.5,15.649999999999999,897.5,,8.4,2290.0,8.73
2024-09-15 11:00:00+00:00,USGS-09092570,7.6,15.350000000000001,898.0,,8.3,2300.0,8.74
2024-09-15 12:00:00+00:00,USGS-09092570,7.6,15.05,898.5,,8.2,2290.0,8.73
2024-09-15 13:00:00+00:00,USGS-09092570,7.7,14.75,899.5,,8.149999999999999,2290.0,8.73
2024-09-15 14:00:00+00:00,USGS-09092570,7.85,14.6,901.0,,8.1,2295.0,8.735
2024-09-15 15:00:00+00:00,USGS-09092570,8.05,14.5,902.0,,8.1,2290.0,8.73
2024-09-15 16:00:00+00:00,USGS-09092570,8.25,14.5,902.0,,8.1,2290.0,8.73
2024-09-15 17:00:00+00:00,USGS-09092570,8.4,14.5,902.0,,8.1,2290.0,8.73
2024-09-15 18:00:00+00:00,USGS-09092570,8.649999999999999,14.55,902.5,,8.149999999999999,2270.0,8.72
2024-09-15 19:00:00+00:00,USGS-09092570,8.9,14.9,902.0,,8.2,2250.0,8.71
2024-09-15 20:00:00+00:00,USGS-09092570,9.1,15.2,900.0,,8.3,2240.0,8.705
2024-09-15 21:00:00+00:00,USGS-09092570,9.2,15.45,896.0,,8.3,2270.0,8.72
2024-09-15 22:00:00+00:00,USGS-09092570,9.3,15.8,893.0,,8.4,2270.0,8.72
2024-09-15 23:00:00+00:00,USGS-09092570,9.2,15.9,894.5,,8.4,2270.0,8.72
2024-09-16 00:00:00+00:00,USGS-09092570,9.0,16.0,896.0,,8.4,2230.0,8.7
2024-09-16 01:00:00+00:00,USGS-09092570,8.75,15.9,895.0,,8.4,2250.0,8.71
2024-09-16 02:00:00+00:00,USGS-09092570,8.5,15.8,894.0,,8.4,2260.0,8.715
2024-09-16 03:00:00+00:00,USGS-09092570,8.25,15.8,893.5,,8.4,2270.0,8.72
2024-09-16 04:00:00+00:00,USGS-09092570,8.05,15.7,895.0,,8.4,2270.0,8.72
2024-09-16 05:00:00+00:00,USGS-09092570,7.9,15.6,897.0,,8.4,2270.0,8.72
2024-09-16 06:00:00+00:00,USGS-09092570,7.8,15.5,898.5,,8.4,2270.0,8.72
2024-09-16 07:00:00+00:00,USGS-09092570,7.8,15.4,899.0,,8.3,2270.0,8.72
2024-09-16 08:00:00+00:00,USGS-09092570,7.75,15.2,901.5,,8.3,2270.0,8.72
2024-09-16 09:00:00+00:00,USGS-09092570,7.7,14.95,904.5,,8.3,2270.0,8.72
2024-09-16 10:00:00+00:00,USGS-09092570,7.7,14.75,907.5,,8.2,2270.0,8.72
2024-09-16 11:00:00+00:00,USGS-09092570,7.8,14.55,909.5,,8.2,2240.0,8.705
2024-09-16 12:00:00+00:00,USGS-09092570,7.8,14.3,910.5,,8.1,2175.0,8.665
2024-09-16 13:00:00+00:00,USGS-09092570,7.8,14.1,910.0,,8.1,2120.0,8.635000000000002
2024-09-16 14:00:00+00:00,USGS-09092570,8.0,14.0,908.5,,8.0,2110.0,8.63
2024-09-16 15:00:00+00:00,USGS-09092570,8.25,14.05,907.0,,8.1,2135.0,8.645
2024-09-16 16:00:00+00:00,USGS-09092570,8.45,14.2,906.0,,8.1,2230.0,8.7
2024-09-16 17:00:00+00:00,USGS-09092570,8.7,14.45,904.5,,8.149999999999999,2270.0,8.72
2024-09-16 18:00:00+00:00,USGS-09092570,8.9,14.649999999999999,903.0,,8.2,2270.0,8.72
2024-09-16 19:00:00+00:00,USGS-09092570,9.149999999999999,15.25,903.0,,8.3,2260.0,8.715
2024-09-16 20:00:00+00:00,USGS-09092570,9.3,15.649999999999999,903.0,,8.3,2270.0,8.72
2024-09-16 21:00:00+00:00,USGS-09092570,9.3,16.0,907.5,,8.4,2250.0,8.71
2024-09-16 22:00:00+00:00,USGS-09092570,9.4,16.25,916.5,,8.4,2230.0,8.7
2024-09-16 23:00:00+00:00,USGS-09092570,9.2,16.1,925.5,,8.5,2180.0,8.67
2024-09-17 00:00:00+00:00,USGS-09092570,9.05,15.9,928.0,,8.5,2180.0,8.67
2024-09-17 01:00:00+00:00,USGS-09092570,8.75,15.7,923.0,,8.4,2145.0,8.65
2024-09-17 02:00:00+00:00,USGS-09092570,8.45,15.6,916.0,,8.4,2200.0,8.68
2024-09-17 03:00:00+00:00,USGS-09092570,8.25,15.5,912.5,,8.4,2200.0,8.68
2024-09-17 04:00:00+00:00,USGS-09092570,8.05,15.55,911.5,,8.4,2210.0,8.69
2024-09-17 05:00:00+00:00,USGS-09092570,7.9,15.6,912.0,,8.4,2210.0,8.69
2024-09-17 06:00:00+00:00,USGS-09092570,7.8,15.6,912.5,,8.4,2210.0,8.69
2024-09-17 07:00:00+00:00,USGS-09092570,7.7,15.45,914.0,,8.3,2210.0,8.69
2024-09-17 08:00:00+00:00,USGS-09092570,7.7,15.3,915.5,,8.3,2230.0,8.7
2024-09-17 09:00:00+00:00,USGS-09092570,7.7,15.149999999999999,923.0,,8.3,2230.0,8.7
2024-09-17 10:00:00+00:00,USGS-09092570,7.7,14.9,926.0,,8.2,2250.0,8.71
2024-09-17 11:00:00+00:00,USGS-09092570,7.7,14.649999999999999,926.0,,8.2,2250.0,8.71
2024-09-17 12:00:00+00:00,USGS-09092570,7.8,14.4,925.0,,8.1,2240.0,8.705
2024-09-17 13:00:00+00:00,USGS-09092570,7.8,14.2,924.0,,8.0,2250.0,8.71
2024-09-17 14:00:00+00:00,USGS-09092570,7.9,14.05,923.0,,8.0,2260.0,8.72
2024-09-17 15:00:00+00:00,USGS-09092570,8.0,14.0,921.0,,8.25,2260.0,8.72
2024-09-17 16:00:00+00:00,USGS-09092570,8.149999999999999,14.1,920.5,,8.149999999999999,2260.0,8.72
2024-09-17 17:00:00+00:00,USGS-09092570,8.2,14.2,918.0,15.1,8.0,2290.0,8.735
2024-09-17 18:00:00+00:00,USGS-09092570,8.4,14.5,916.5,42.7,8.1,2300.0,8.74
2024-09-17 19:00:00+00:00,USGS-09092570,8.4,14.95,916.0,300.5,8.25,2340.0,8.765
2024-09-17 20:00:00+00:00,USGS-09092570,8.25,15.25,914.5,525.0,8.350000000000001,2350.0,8.77
2024-09-17 21:00:00+00:00,USGS-09092570,8.0,15.5,916.0,1165.0,8.1,2325.0,8.754999999999999
2024-09-17 22:00:00+00:00,USGS-09092570,8.1,15.6,938.0,1175.0,8.25,2350.0,8.77
2024-09-17 23:00:00+00:00,USGS-09092570,8.149999999999999,15.649999999999999,976.0,655.0,8.2,2390.0,8.79
2024-09-18 00:00:00+00:00,USGS-09092570,8.0,15.7,997.5,537.0,8.1,2370.0,8.78
2024-09-18 01:00:00+00:00,USGS-09092570,8.0,15.6,999.0,550.5,8.2,2370.0,8.78
2024-09-18 02:00:00+00:00,USGS-09092570,8.0,15.6,988.5,477.0,8.2,2350.0,8.77
2024-09-18 03:00:00+00:00,USGS-09092570,8.1,15.55,981.0,316.5,8.3,2370.0,8.78
2024-09-18 04:00:00+00:00,USGS-09092570,8.0,15.4,974.0,244.5,8.3,2350.0,8.77
2024-09-18 05:00:00+00:00,USGS-09092570,7.9,15.350000000000001,964.5,171.5,8.3,2330.0,8.76
2024-09-18 06:00:00+00:00,USGS-09092570,7.9,15.149999999999999,954.5,124.5,8.3,2330.0,8.76
2024-09-18 07:00:00+00:00,USGS-09092570,7.9,14.850000000000001,944.0,94.25,8.3,2320.0,8.75
2024-09-18 08:00:00+00:00,USGS-09092570,7.9,14.55,936.0,100.5,8.3,2320.0,8.75
2024-09-18 09:00:00+00:00,USGS-09092570,7.9,14.25,929.0,89.6,8.2,2320.0,8.754999999999999
2024-09-18 10:00:00+00:00,USGS-09092570,7.9,13.95,926.5,72.25,8.2,2310.0,8.75
2024-09-18 11:00:00+00:00,USGS-09092570,8.0,13.7,928.5,60.95,8.2,2310.0,8.75
2024-09-18 12:00:00+00:00,USGS-09092570,8.0,13.5,934.5,56.7,8.1,2280.0,8.73
2024-09-18 13:00:00+00:00,USGS-09092570,8.0,13.25,937.0,57.3,8.1,2220.0,8.695
2024-09-18 14:00:00+00:00,USGS-09092570,8.1,13.1,935.5,50.05,8.0,2190.0,8.68
2024-09-18 15:00:00+00:00,USGS-09092570,8.2,13.149999999999999,932.5,45.2,8.0,2210.0,8.69
2024-09-18 16:00:00+00:00,USGS-09092570,8.4,13.350000000000001,929.5,40.6,8.0,2240.0,8.71
2024-09-18 17:00:00+00:00,USGS-09092570,8.6,13.75,926.5,38.3,8.1,2260.0,8.72
2024-09-18 18:00:00+00:00,USGS-09092570,8.8,14.149999999999999,920.0,35.2,8.1,2260.0,8.72
2024-09-18 19:00:00+00:00,USGS-09092570,9.0,14.55,911.0,31.45,8.2,2250.0,8.715
2024-09-18 20:00:00+00:00,USGS-09092570,9.2,14.850000000000001,895.5,29.799999999999997,8.3,2260.0,8.72
2024-09-18 21:00:00+00:00,USGS-09092570,9.3,15.149999999999999,877.0,26.6,8.350000000000001,2250.0,8.715
2024-09-18 22:00:00+00:00,USGS-09092570,9.4,15.4,868.0,24.85,8.4,2260.0,8.72
2024-09-18 23:00:00+00:00,USGS-09092570,9.3,15.5,871.0,25.2,8.5,2315.0,8.75
2024-09-19 00:00:00+00:00,USGS-09092570,9.149999999999999,15.5,874.5,23.549999999999997,8.5,2370.0,8.78
2024-09-19 01:00:00+00:00,USGS-09092570,8.9,15.5,876.0,21.299999999999997,8.5,2350.0,8.77
2024-09-19 02:00:00+00:00,USGS-09092570,8.7,15.5,876.0,20.25,8.5,2350.0,8.77
2024-09-19 03:00:00+00:00,USGS-09092570,8.45,15.4,876.0,19.0,8.5,2350.0,8.77
2024-09-19 04:00:00+00:00,USGS-09092570,8.25,15.25,878.0,18.35,8.5,2350.0,8.77
2024-09-19 05:00:00+00:00,USGS-09092570,8.1,15.1,881.5,17.3,8.5,2350.0,8.77
2024-09-19 06:00:00+00:00,USGS-09092570,8.05,14.95,881.5,16.5,8.5,2350.0,8.77
2024-09-19 07:00:00+00:00,USGS-09092570,8.0,14.649999999999999,881.0,15.9,8.5,2350.0,8.77
2024-09-19 08:00:00+00:00,USGS-09092570,8.0,14.350000000000001,884.5,15.05,8.4,2350.0,8.77
2024-09-19 09:00:00+00:00,USGS-09092570,8.0,14.05,890.5,14.6,8.4,2350.0,8.77
2024-09-19 10:00:00+00:00,USGS-09092570,8.0,13.7,894.5,14.4,8.350000000000001,2360.0,8.774999999999999
2024-09-19 11:00:00+00:00,USGS-09092570,8.0,13.4,898.0,14.35,8.3,2350.0,8.77
2024-09-19 12:00:00+00:00,USGS-09092570,8.1,13.1,898.5,14.2,8.2,2350.0,8.77
2024-09-19 13:00:00+00:00,USGS-09092570,8.1,12.850000000000001,899.0,14.25,8.1,2350.0,8.77
2024-09-19 14:00:00+00:00,USGS-09092570,8.25,12.7,902.5,14.0,8.1,2350.0,8.77
2024-09-19 15:00:00+00:00,USGS-09092570,8.45,12.75,905.5,14.7,8.1,2350.0,8.77
2024-09-19 16:00:00+00:00,USGS-09092570,8.75,12.95,907.0,13.2,8.3,2370.0,8.78
2024-09-19 17:00:00+00:00,USGS-09092570,9.05,13.350000000000001,906.5,12.6,8.1,2355.0,8.774999999999999
2024-09-19 18:00:00+00:00,USGS-09092570,9.3,13.75,904.5,12.0,8.2,2350.0,8.77
2024-09-19 19:00:00+00:00,USGS-09092570,9.55,14.2,900.5,12.15,8.3,2350.0,8.77
2024-09-19 20:00:00+00:00,USGS-09092570,9.7,14.649999999999999,899.0,12.5,8.45,2350.0,8.77
2024-09-19 21:00:00+00:00,USGS-09092570,9.8,15.05,899.0,12.1,8.4,2330.0,8.76
2024-09-19 22:00:00+00:00,USGS-09092570,9.75,15.350000000000001,899.5,12.4,8.5,2330.0,8.76
2024-09-19 23:00:00+00:00,USGS-09092570,9.649999999999999,15.6,902.5,12.3,8.5,2340.0,8.765
2024-09-20 00:00:00+00:00,USGS-09092570,9.4,15.7,903.0,11.4,8.5,2330.0,8.76
2024-09-20 01:00:00+00:00,USGS-09092570,9.05,15.75,902.5,11.7,8.5,2330.0,8.76
2024-09-20 02:00:00+00:00,USGS-09092570,8.7,15.8,901.0,12.3,8.5,2330.0,8.76
2024-09-20 03:00:00+00:00,USGS-09092570,8.45,15.75,900.0,12.0,8.5,2330.0,8.76
2024-09-20 04:00:00+00:00,USGS-09092570,8.149999999999999,15.7,900.0,11.85,8.5,2355.0,8.774999999999999
2024-09-20 05:00:00+00:00,USGS-09092570,8.0,15.6,899.0,11.75,8.5,2350.0,8.77
2024-09-20 06:00:00+00:00,USGS-09092570,7.9,15.5,898.0,11.7,8.5,2350.0,8.77
2024-09-20 07:00:00+00:00,USGS-09092570,7.85,15.25,897.0,12.6,8.5,2350.0,8.77
2024-09-20 08:00:00+00:00,USGS-09092570,7.8,14.95,897.5,10.75,8.45,2330.0,8.76
2024-09-20 09:00:00+00:00,USGS-09092570,7.8,14.649999999999999,900.0,10.7,8.4,2310.0,8.75
2024-09-20 10:00:00+00:00,USGS-09092570,7.8,14.350000000000001,903.5,11.25,8.350000000000001,2310.0,8.75
2024-09-20 11:00:00+00:00,USGS-09092570,7.9,14.05,905.5,11.95,8.3,2310.0,8.75
2024-09-20 12:00:00+00:00,USGS-09092570,7.9,13.8,906.0,11.25,8.2,2310.0,8.75
2024-09-20 13:00:00+00:00,USGS-09092570,7.9,13.55,905.5,11.4,8.1,2320.0,8.754999999999999
2024-09-20 14:00:00+00:00,USGS-09092570,8.05,13.4,904.0,11.399999999999999,8.1,2330.0,8.76
2024-09-20 15:00:00+00:00,USGS-09092570,8.25,13.4,904.0,10.5,8.1,2350.0,8.77
2024-09-20 16:00:00+00:00,USGS-09092570,8.55,13.649999999999999,903.0,10.5,8.1,2355.0,8.774999999999999
2024-09-20 17:00:00+00:00,USGS-09092570,8.9,14.05,903.0,9.75,8.2,2360.0,8.78
2024-09-20 18:00:00+00:00,USGS-09092570,9.2,14.45,903.0,9.7,8.3,2360.0,8.78
2024-09-20 19:00:00+00:00,USGS-09092570,9.45,14.95,904.0,10.0,8.3,2310.0,8.75
2024-09-20 20:00:00+00:00,USGS-09092570,9.6,15.350000000000001,904.0,9.649999999999999,8.4,2330.0,8.76
2024-09-20 21:00:00+00:00,USGS-09092570,9.7,15.75,904.0,9.6,8.4,2310.0,8.75
2024-09-20 22:00:00+00:00,USGS-09092570,9.7,16.05,905.0,10.5,8.5,2360.0,8.78
2024-09-20 23:00:00+00:00,USGS-09092570,9.55,16.2,904.0,8.05,8.5,2340.0,8.77
2024-09-21 00:00:00+00:00,USGS-09092570,9.3,16.3,902.0,9.5,8.6,2340.0,8.77
2024-09-21 01:00:00+00:00,USGS-09092570,8.95,16.3,899.0,8.9,8.6,2340.0,8.77
2024-09-21 02:00:00+00:00,USGS-09092570,8.55,16.3,896.5,9.8,8.5,2340.0,8.77
2024-09-21 03:00:00+00:00,USGS-09092570,8.25,16.3,894.5,10.65,8.5,2360.0,8.78
2024-09-21 04:00:00+00:00,USGS-09092570,8.05,16.3,892.5,10.45,8.5,2360.0,8.78
2024-09-21 05:00:00+00:00,USGS-09092570,7.85,16.2,891.0,10.45,8.6,2360.0,8.78
2024-09-21 06:00:00+00:00,USGS-09092570,7.75,16.05,889.5,10.399999999999999,8.5,2340.0,8.77
2024-09-21 07:00:00+00:00,USGS-09092570,7.7,15.8,888.0,10.85,8.5,2340.0,8.77
2024-09-21 08:00:00+00:00,USGS-09092570,7.7,15.45,886.5,9.600000000000001,8.4,2340.0,8.77
2024-09-21 09:00:00+00:00,USGS-09092570,7.7,15.149999999999999,886.0,9.899999999999999,8.4,2340.0,8.77
2024-09-21 10:00:00+00:00,USGS-09092570,7.7,14.8,887.0,11.8,8.4,2330.0,8.76
2024-09-21 11:00:00+00:00,USGS-09092570,7.7,14.45,889.0,11.2,8.4,2310.0,8.75
2024-09-21 12:00:00+00:00,USGS-09092570,7.8,14.149999999999999,891.0,10.649999999999999,8.4,2310.0,8.75
2024-09-21 13:00:00+00:00,USGS-09092570,7.8,13.9,892.0,11.1,8.2,2290.0,8.74
2024-09-21 14:00:00+00:00,USGS-09092570,7.95,13.7,893.0,9.55,8.1,2290.0,8.74
2024-09-21 15:00:00+00:00,USGS-09092570,8.25,13.7,893.5,10.0,8.1,2270.0,8.73
2024-09-21 16:00:00+00:00,USGS-09092570,8.55,13.850000000000001,893.0,8.95,8.1,2270.0,8.73
2024-09-21 17:00:00+00:00,USGS-09092570,8.850000000000001,14.149999999999999,893.0,10.7,8.2,2270.0,8.73
2024-09-21 18:00:00+00:00,USGS-09092570,9.2,14.55,894.0,9.95,8.2,2270.0,8.73
2024-09-21 19:00:00+00:00,USGS-09092570,9.3,14.7,894.0,8.75,8.3,2250.0,8.72
2024-09-21 20:00:00+00:00,USGS-09092570,9.149999999999999,14.7,894.0,10.85,8.3,2225.0,8.705
2024-09-21 21:00:00+00:00,USGS-09092570,9.1,14.7,894.0,12.55,8.3,2250.0,8.72
2024-09-21 22:00:00+00:00,USGS-09092570,8.9,14.7,894.0,8.5,8.3,2250.0,8.72
2024-09-21 23:00:00+00:00,USGS-09092570,8.7,14.7,896.0,10.600000000000001,8.3,2250.0,8.72
2024-09-22 00:00:00+00:00,USGS-09092570,8.5,14.8,896.0,8.95,8.3,2270.0,8.73
2024-09-22 01:00:00+00:00,USGS-09092570,8.3,14.850000000000001,894.5,10.850000000000001,8.3,2290.0,8.74
2024-09-22 02:00:00+00:00,USGS-09092570,8.149999999999999,14.9,894.0,9.4,8.3,2300.0,8.745000000000001
2024-09-22 03:00:00+00:00,USGS-09092570,8.05,14.9,895.5,10.15,8.3,2320.0,8.76
2024-09-22 04:00:00+00:00,USGS-09092570,8.0,14.8,897.5,13.9,8.3,2320.0,8.76
2024-09-22 05:00:00+00:00,USGS-09092570,7.9,14.7,899.0,236.0,8.3,2320.0,8.76
2024-09-22 06:00:00+00:00,USGS-09092570,7.9,14.6,898.0,176.0,8.3,2320.0,8.76
2024-09-22 07:00:00+00:00,USGS-09092570,7.9,14.45,899.0,168.5,8.2,2340.0,8.77
2024-09-22 08:00:00+00:00,USGS-09092570,7.9,14.2,900.5,178.5,8.149999999999999,2350.0,8.774999999999999
2024-09-22 09:00:00+00:00,USGS-09092570,7.9,14.0,905.0,104.55,8.1,2360.0,8.78
2024-09-22 10:00:00+00:00,USGS-09092570,8.0,13.8,910.5,62.35,8.05,2370.0,8.785
2024-09-22 11:00:00+00:00,USGS-09092570,8.0,13.649999999999999,915.0,64.15,8.0,2410.0,8.81
2024-09-22 12:00:00+00:00,USGS-09092570,8.0,13.55,914.5,71.8,8.0,2430.0,8.82
2024-09-22 13:00:00+00:00,USGS-09092570,8.0,13.5,913.0,53.400000000000006,8.0,2450.0,8.83
2024-09-22 14:00:00+00:00,USGS-09092570,8.1,13.4,912.0,42.6,8.0,2450.0,8.83
2024-09-22 15:00:00+00:00,USGS-09092570,8.2,13.5,910.5,46.0,8.0,2440.0,8.825
2024-09-22 16:00:00+00:00,USGS-09092570,8.350000000000001,13.649999999999999,907.5,47.7,8.0,2450.0,8.83
2024-09-22 17:00:00+00:00,USGS-09092570,8.5,13.95,904.5,38.3,8.0,2450.0,8.83
2024-09-22 18:00:00+00:00,USGS-09092570,8.75,14.3,903.0,33.35,8.1,2450.0,8.83
2024-09-22 19:00:00+00:00,USGS-09092570,8.95,14.8,900.5,31.700000000000003,8.149999999999999,2475.0,8.844999999999999
2024-09-22 20:00:00+00:00,USGS-09092570,9.0,15.25,895.0,33.55,8.2,2480.0,8.85
2024-09-22 21:00:00+00:00,USGS-09092570,9.2,15.649999999999999,888.5,31.05,8.3,2480.0,8.85
2024-09-22 22:00:00+00:00,USGS-09092570,9.3,16.05,884.5,25.950000000000003,8.4,2480.0,8.85
2024-09-22 23:00:00+00:00,USGS-09092570,9.149999999999999,16.25,883.0,26.3,8.4,2480.0,8.85
2024-09-23 00:00:00+00:00,USGS-09092570,9.0,16.3,881.0,26.1,8.5,2460.0,8.84
2024-09-23 01:00:00+00:00,USGS-09092570,8.7,16.3,879.0,22.9,8.5,2450.0,8.83
2024-09-23 02:00:00+00:00,USGS-09092570,8.5,16.2,879.0,20.7,8.4,2450.0,8.83
2024-09-23 03:00:00+00:00,USGS-09092570,8.3,16.05,881.0,21.1,8.4,2450.0,8.83
2024-09-23 04:00:00+00:00,USGS-09092570,8.1,15.8,883.5,20.5,8.4,2430.0,8.82
2024-09-23 05:00:00+00:00,USGS-09092570,8.0,15.649999999999999,884.0,19.4,8.4,2430.0,8.82
2024-09-23 06:00:00+00:00,USGS-09092570,7.95,15.350000000000001,884.0,18.9,8.3,2430.0,8.82
2024-09-23 07:00:00+00:00,USGS-09092570,7.9,14.95,885.0,18.9,8.25,2420.0,8.815000000000001
2024-09-23 08:00:00+00:00,USGS-09092570,7.9,14.649999999999999,888.5,18.299999999999997,8.149999999999999,2430.0,8.82
2024-09-23 09:00:00+00:00,USGS-09092570,7.9,14.3,894.5,22.0,8.05,2420.0,8.815000000000001
2024-09-23 10:00:00+00:00,USGS-09092570,7.9,14.0,900.0,28.35,8.0,2410.0,8.81
2024-09-23 11:00:00+00:00,USGS-09092570,7.9,13.75,903.5,30.1,7.9,2430.0,8.82
2024-09-23 12:00:00+00:00,USGS-09092570,8.0,13.55,905.0,33.4,7.9,2440.0,8.825
2024-09-23 13:00:00+00:00,USGS-09092570,8.0,13.4,905.0,34.75,7.9,2460.0,8.84
2024-09-23 14:00:00+00:00,USGS-09092570,8.05,13.3,906.0,35.1,7.9,2500.0,8.86
2024-09-23 15:00:00+00:00,USGS-09092570,8.2,13.4,907.5,32.7,7.9,2540.0,8.88
2024-09-23 16:00:00+00:00,USGS-09092570,8.3,13.6,908.0,33.2,7.95,2550.0,8.89
2024-09-23 17:00:00+00:00,USGS-09092570,8.5,13.95,908.0,32.75,8.0,2550.0,8.89
2024-09-23 18:00:00+00:00,USGS-09092570,8.649999999999999,14.350000000000001,909.0,30.15,8.05,2570.0,8.9
2024-09-23 19:00:00+00:00,USGS-09092570,8.8,14.8,908.5,28.950000000000003,8.1,2560.0,8.895
2024-09-23 20:00:00+00:00,USGS-09092570,8.95,15.25,906.5,27.4,8.3,2560.0,8.895
2024-09-23 21:00:00+00:00,USGS-09092570,9.0,15.649999999999999,902.0,26.05,8.350000000000001,2560.0,8.895
2024-09-23 22:00:00+00:00,USGS-09092570,9.0,15.95,897.5,26.0,8.350000000000001,2550.0,8.89
2024-09-23 23:00:00+00:00,USGS-09092570,8.9,16.2,892.5,23.75,8.4,2550.0,8.89
2024-09-24 00:00:00+00:00,USGS-09092570,8.75,16.3,886.5,22.049999999999997,8.4,2530.0,8.88
2024-09-24 01:00:00+00:00,USGS-09092570,8.5,16.3,881.5,23.4,8.4,2530.0,8.88
2024-09-24 02:00:00+00:00,USGS-09092570,8.3,16.3,878.5,20.65,8.4,2550.0,8.89
2024-09-24 03:00:00+00:00,USGS-09092570,8.1,16.3,875.5,20.15,8.5,2570.0,8.9
2024-09-24 04:00:00+00:00,USGS-09092570,8.0,16.2,873.0,20.8,8.4,2590.0,8.91
2024-09-24 05:00:00+00:00,USGS-09092570,7.9,16.1,869.5,18.799999999999997,8.4,2580.0,8.905000000000001
2024-09-24 06:00:00+00:00,USGS-09092570,7.8,15.9,866.5,20.049999999999997,8.4,2570.0,8.9
2024-09-24 07:00:00+00:00,USGS-09092570,7.8,15.649999999999999,863.0,20.35,8.350000000000001,2570.0,8.9
2024-09-24 08:00:00+00:00,USGS-09092570,7.8,15.3,863.0,21.55,8.3,2550.0,8.89
2024-09-24 09:00:00+00:00,USGS-09092570,7.8,14.95,864.5,18.4,8.2,2530.0,8.88
2024-09-24 10:00:00+00:00,USGS-09092570,7.8,14.649999999999999,865.0,17.55,8.2,2520.0,8.87
2024-09-24 11:00:00+00:00,USGS-09092570,7.85,14.350000000000001,864.0,18.5,8.1,2510.0,8.864999999999998
2024-09-24 12:00:00+00:00,USGS-09092570,7.9,14.1,863.0,17.8,8.1,2480.0,8.85
2024-09-24 13:00:00+00:00,USGS-09092570,7.9,13.850000000000001,862.0,17.450000000000003,8.0,2480.0,8.85
2024-09-24 14:00:00+00:00,USGS-09092570,8.05,13.7,862.0,17.05,8.0,2460.0,8.84
2024-09-24 15:00:00+00:00,USGS-09092570,8.25,13.7,862.5,15.9,8.0,2460.0,8.84
2024-09-24 16:00:00+00:00,USGS-09092570,8.55,13.9,863.5,15.95,8.1,2440.0,8.83
2024-09-24 17:00:00+00:00,USGS-09092570,8.850000000000001,14.25,865.5,13.5,8.1,2440.0,8.83
2024-09-24 18:00:00+00:00,USGS-09092570,9.149999999999999,14.649999999999999,867.5,13.4,8.2,2430.0,8.825
2024-09-24 19:00:00+00:00,USGS-09092570,9.4,15.149999999999999,868.0,12.55,8.3,2420.0,8.82
2024-09-24 20:00:00+00:00,USGS-09092570,9.6,15.649999999999999,868.0,13.05,8.350000000000001,2420.0,8.82
2024-09-24 21:00:00+00:00,USGS-09092570,9.7,16.15,866.0,11.65,8.4,2420.0,8.82
2024-09-24 22:00:00+00:00,USGS-09092570,9.7,16.5,865.0,11.95,8.5,2420.0,8.82
2024-09-24 23:00:00+00:00,USGS-09092570,9.6,16.75,864.0,11.0,8.6,2410.0,8.81
2024-09-25 00:00:00+00:00,USGS-09092570,9.350000000000001,16.9,865.5,10.2,8.6,2415.0,8.815000000000001
2024-09-25 01:00:00+00:00,USGS-09092570,8.95,16.9,869.5,11.4,8.6,2450.0,8.835
2024-09-25 02:00:00+00:00,USGS-09092570,8.6,16.9,872.5,11.3,8.6,2460.0,8.84
2024-09-25 03:00:00+00:00,USGS-09092570,8.25,16.9,875.0,11.75,8.6,2420.0,8.82
2024-09-25 04:00:00+00:00,USGS-09092570,8.05,16.8,876.5,11.8,8.5,2380.0,8.795
2024-09-25 05:00:00+00:00,USGS-09092570,7.85,16.7,878.0,12.05,8.5,2340.0,8.774999999999999
2024-09-25 06:00:00+00:00,USGS-09092570,7.8,16.5,880.0,11.05,8.5,2350.0,8.78
2024-09-25 07:00:00+00:00,USGS-09092570,7.7,16.25,882.0,12.45,8.5,2350.0,8.78
2024-09-25 08:00:00+00:00,USGS-09092570,7.7,15.95,883.5,11.35,8.4,2350.0,8.78
2024-09-25 09:00:00+00:00,USGS-09092570,7.7,15.6,883.0,12.25,8.350000000000001,2370.0,8.79
2024-09-25 10:00:00+00:00,USGS-09092570,7.7,15.25,881.0,12.6,8.3,2370.0,8.79
2024-09-25 11:00:00+00:00,USGS-09092570,7.7,15.0,881.0,12.1,8.2,2390.0,8.8
2024-09-25 12:00:00+00:00,USGS-09092570,7.7,14.7,883.5,11.850000000000001,8.149999999999999,2390.0,8.8
2024-09-25 13:00:00+00:00,USGS-09092570,7.8,14.45,888.5,12.15,8.1,2395.0,8.805
2024-09-25 14:00:00+00:00,USGS-09092570,7.9,14.3,896.0,13.4,8.0,2410.0,8.815000000000001
2024-09-25 15:00:00+00:00,USGS-09092570,8.149999999999999,14.3,900.5,11.7,8.05,2420.0,8.82
2024-09-25 16:00:00+00:00,USGS-09092570,8.5,14.45,902.5,10.3,8.1,2420.0,8.82
2024-09-25 17:00:00+00:00,USGS-09092570,8.850000000000001,14.75,902.5,10.35,8.149999999999999,2420.0,8.82
2024-09-25 18:00:00+00:00,USGS-09092570,9.2,15.25,901.0,9.8,8.2,2420.0,8.82
2024-09-25 19:00:00+00:00,USGS-09092570,9.45,15.649999999999999,899.5,10.55,8.3,2410.0,8.815000000000001
2024-09-25 20:00:00+00:00,USGS-09092570,9.649999999999999,16.15,897.0,10.55,8.4,2410.0,8.815000000000001
2024-09-25 21:00:00+00:00,USGS-09092570,9.7,16.45,895.5,9.5,8.45,2380.0,8.795
2024-09-25 22:00:00+00:00,USGS-09092570,9.7,16.8,903.0,9.95,8.5,2390.0,8.8
2024-09-25 23:00:00+00:00,USGS-09092570,9.649999999999999,17.0,915.0,10.8,8.6,2405.0,8.81
2024-09-26 00:00:00+00:00,USGS-09092570,9.350000000000001,17.1,907.0,8.85,8.6,2400.0,8.81
2024-09-26 01:00:00+00:00,USGS-09092570,8.95,17.1,885.5,8.899999999999999,8.6,2400.0,8.81
2024-09-26 02:00:00+00:00,USGS-09092570,8.55,17.1,871.0,9.65,8.6,2420.0,8.82
2024-09-26 03:00:00+00:00,USGS-09092570,8.25,17.1,869.5,11.15,8.6,2470.0,8.844999999999999
2024-09-26 04:00:00+00:00,USGS-09092570,8.0,17.0,873.5,9.95,8.6,2490.0,8.86
2024-09-26 05:00:00+00:00,USGS-09092570,7.8,16.9,876.0,10.3,8.6,2480.0,8.85
2024-09-26 06:00:00+00:00,USGS-09092570,7.7,16.75,875.0,10.2,8.5,2460.0,8.84
2024-09-26 07:00:00+00:00,USGS-09092570,7.6,16.5,874.0,10.05,8.5,2450.0,8.835
2024-09-26 08:00:00+00:00,USGS-09092570,7.6,16.2,875.0,11.85,8.4,2440.0,8.83
2024-09-26 09:00:00+00:00,USGS-09092570,7.6,15.850000000000001,878.5,9.5,8.4,2420.0,8.82
2024-09-26 10:00:00+00:00,USGS-09092570,7.6,15.55,881.0,11.850000000000001,8.3,2400.0,8.81
2024-09-26 11:00:00+00:00,USGS-09092570,7.6,15.25,882.0,10.75,8.2,2400.0,8.81
2024-09-26 12:00:00+00:00,USGS-09092570,7.6,15.0,879.5,11.45,8.1,2400.0,8.81
2024-09-26 13:00:00+00:00,USGS-09092570,7.7,14.75,875.5,10.15,8.1,2400.0,8.81
2024-09-26 14:00:00+00:00,USGS-09092570,7.85,14.6,875.0,10.25,8.0,2400.0,8.81
2024-09-26 15:00:00+00:00,USGS-09092570,8.1,14.6,876.5,10.0,8.0,2400.0,8.81
2024-09-26 16:00:00+00:00,USGS-09092570,8.45,14.75,879.0,,8.1,2400.0,8.81
2024-09-26 17:00:00+00:00,USGS-09092570,8.75,15.05,881.5,,8.149999999999999,2400.0,8.81
2024-09-26 18:00:00+00:00,USGS-09092570,9.05,15.350000000000001,883.5,,8.2,2400.0,8.81
2024-09-26 19:00:00+00:00,USGS-09092570,9.350000000000001,15.850000000000001,884.0,,8.3,2400.0,8.81
2024-09-26 20:00:00+00:00,USGS-09092570,9.55,16.35,884.0,,8.4,2400.0,8.81
2024-09-26 21:00:00+00:00,USGS-09092570,9.7,16.75,882.0,,8.4,2400.0,8.81
2024-09-26 22:00:00+00:00,USGS-09092570,9.7,17.15,880.0,,8.5,2400.0,8.81
2024-09-26 23:00:00+00:00,USGS-09092570,9.55,17.35,879.0,,8.6,2380.0,8.8
2024-09-27 00:00:00+00:00,USGS-09092570,9.25,17.5,878.0,,8.6,2380.0,8.8
2024-09-27 01:00:00+00:00,USGS-09092570,8.850000000000001,17.4,877.0,,8.6,2380.0,8.8
2024-09-27 02:00:00+00:00,USGS-09092570,8.5,17.3,878.0,,8.6,2400.0,8.81
2024-09-27 03:00:00+00:00,USGS-09092570,8.2,17.2,879.5,,8.6,2400.0,8.81
2024-09-27 04:00:00+00:00,USGS-09092570,7.95,17.05,882.0,,8.5,2380.0,8.8
2024-09-27 05:00:00+00:00,USGS-09092570,7.8,16.9,882.0,,8.5,2380.0,8.8
2024-09-27 06:00:00+00:00,USGS-09092570,7.7,16.75,882.0,,8.5,2375.0,8.795
2024-09-27 07:00:00+00:00,USGS-09092570,7.65,16.55,883.0,,8.5,2375.0,8.795
2024-09-27 08:00:00+00:00,USGS-09092570,7.6,16.3,884.0,,8.4,2380.0,8.8
2024-09-27 09:00:00+00:00,USGS-09092570,7.6,16.05,886.0,,8.4,2380.0,8.8
2024-09-27 10:00:00+00:00,USGS-09092570,7.6,15.75,888.0,,8.3,2380.0,8.8
2024-09-27 11:00:00+00:00,USGS-09092570,7.6,15.45,889.0,,8.2,2380.0,8.8
2024-09-27 12:00:00+00:00,USGS-09092570,7.6,15.2,890.0,,8.149999999999999,2400.0,8.81
2024-09-27 13:00:00+00:00,USGS-09092570,7.7,14.95,891.0,,8.1,2380.0,8.8
2024-09-27 14:00:00+00:00,USGS-09092570,7.8,14.75,892.5,,8.0,2400.0,8.81
2024-09-27 15:00:00+00:00,USGS-09092570,8.05,14.7,895.0,,8.05,2400.0,8.81
2024-09-27 16:00:00+00:00,USGS-09092570,8.45,14.850000000000001,896.0,,8.1,2400.0,8.81
2024-09-27 17:00:00+00:00,USGS-09092570,8.75,15.149999999999999,895.0,,8.149999999999999,2400.0,8.81
2024-09-27 18:00:00+00:00,USGS-09092570,9.149999999999999,15.55,894.5,,8.2,2400.0,8.81
2024-09-27 19:00:00+00:00,USGS-09092570,9.350000000000001,15.9,892.5,,8.3,2400.0,8.81
2024-09-27 20:00:00+00:00,USGS-09092570,9.6,16.4,889.0,,8.4,2400.0,8.81
2024-09-27 21:00:00+00:00,USGS-09092570,9.7,16.85,886.5,,8.45,2400.0,8.81
2024-09-27 22:00:00+00:00,USGS-09092570,9.7,17.2,884.5,,8.5,2400.0,8.81
2024-09-27 23:00:00+00:00,USGS-09092570,9.55,17.5,880.5,,8.6,2390.0,8.805
2024-09-28 00:00:00+00:00,USGS-09092570,9.25,17.6,877.0,,8.6,2380.0,8.8
2024-09-28 01:00:00+00:00,USGS-09092570,8.850000000000001,17.7,875.0,,8.6,2380.0,8.8
2024-09-28 02:00:00+00:00,USGS-09092570,8.45,17.7,875.0,,8.6,2380.0,8.8
2024-09-28 03:00:00+00:00,USGS-09092570,8.149999999999999,17.7,875.0,,8.6,2380.0,8.8
2024-09-28 04:00:00+00:00,USGS-09092570,7.85,17.6,875.0,,8.6,2380.0,8.8
2024-09-28 05:00:00+00:00,USGS-09092570,7.7,17.5,875.5,,8.5,2380.0,8.8
2024-09-28 06:00:00+00:00,USGS-09092570,7.6,17.25,877.5,,8.5,2380.0,8.8
2024-09-28 07:00:00+00:00,USGS-09092570,7.55,17.0,880.0,,8.5,2380.0,8.8
2024-09-28 08:00:00+00:00,USGS-09092570,7.5,16.65,883.5,,8.4,2380.0,8.8
2024-09-28 09:00:00+00:00,USGS-09092570,7.5,16.35,887.5,,8.4,2390.0,8.805
2024-09-28 10:00:00+00:00,USGS-09092570,7.5,15.95,889.5,,8.3,2400.0,8.81
2024-09-28 11:00:00+00:00,USGS-09092570,7.6,15.649999999999999,890.0,,8.2,2400.0,8.81
2024-09-28 12:00:00+00:00,USGS-09092570,7.6,15.4,891.5,,8.149999999999999,2425.0,8.825
2024-09-28 13:00:00+00:00,USGS-09092570,7.65,15.149999999999999,893.0,,8.1,2450.0,8.84
2024-09-28 14:00:00+00:00,USGS-09092570,7.8,15.0,894.0,,8.0,2440.0,8.835
2024-09-28 15:00:00+00:00,USGS-09092570,8.05,15.0,894.0,,8.0,2430.0,8.83
2024-09-28 16:00:00+00:00,USGS-09092570,8.350000000000001,15.149999999999999,893.0,,8.1,2450.0,8.84
2024-09-28 17:00:00+00:00,USGS-09092570,8.7,15.45,892.5,,8.149999999999999,2430.0,8.83
2024-09-28 18:00:00+00:00,USGS-09092570,9.05,15.9,891.5,,8.2,2400.0,8.81
2024-09-28 19:00:00+00:00,USGS-09092570,9.3,16.35,887.5,,8.5,2350.0,8.785
2024-09-28 20:00:00+00:00,USGS-09092570,9.5,16.85,882.5,,,2330.0,8.77
2024-09-28 21:00:00+00:00,USGS-09092570,9.6,17.25,884.0,,8.5,2340.0,8.78
2024-09-28 22:00:00+00:00,USGS-09092570,9.6,17.65,895.0,,8.5,2350.0,8.785
2024-09-28 23:00:00+00:00,USGS-09092570,9.5,17.85,892.5,,8.6,2360.0,8.79
2024-09-29 00:00:00+00:00,USGS-09092570,9.149999999999999,17.9,877.0,,8.6,2360.0,8.79
2024-09-29 01:00:00+00:00,USGS-09092570,8.75,17.9,863.5,,8.6,2370.0,8.795
2024-09-29 02:00:00+00:00,USGS-09092570,8.4,17.9,858.5,,8.6,2380.0,8.8
2024-09-29 03:00:00+00:00,USGS-09092570,8.05,17.85,863.0,,8.6,2400.0,8.81
2024-09-29 04:00:00+00:00,USGS-09092570,7.85,17.8,875.5,,8.6,2400.0,8.81
2024-09-29 05:00:00+00:00,USGS-09092570,7.7,17.65,885.0,,8.5,2400.0,8.81
2024-09-29 06:00:00+00:00,USGS-09092570,7.6,17.4,887.5,,8.5,2400.0,8.81
2024-09-29 07:00:00+00:00,USGS-09092570,7.5,17.15,886.0,,8.55,2400.0,8.81
2024-09-29 08:00:00+00:00,USGS-09092570,7.5,16.85,885.0,,8.5,2400.0,8.81
2024-09-29 09:00:00+00:00,USGS-09092570,7.5,16.45,886.5,,8.4,2400.0,8.81
2024-09-29 10:00:00+00:00,USGS-09092570,7.5,16.15,888.0,,8.3,2400.0,8.81
2024-09-29 11:00:00+00:00,USGS-09092570,7.5,15.850000000000001,889.0,,8.25,2400.0,8.81
2024-09-29 12:00:00+00:00,USGS-09092570,7.5,15.55,888.5,,8.2,2400.0,8.81
2024-09-29 13:00:00+00:00,USGS-09092570,7.6,15.3,888.0,,8.1,2400.0,8.81
2024-09-29 14:00:00+00:00,USGS-09092570,7.75,15.1,889.0,,8.0,2400.0,8.81
2024-09-29 15:00:00+00:00,USGS-09092570,8.0,15.1,889.0,,8.0,2410.0,8.82
2024-09-29 16:00:00+00:00,USGS-09092570,8.350000000000001,15.25,888.0,,8.1,2410.0,8.82
2024-09-29 17:00:00+00:00,USGS-09092570,8.649999999999999,15.55,888.0,,8.1,2410.0,8.82
2024-09-29 18:00:00+00:00,USGS-09092570,9.0,16.05,886.5,,8.2,2410.0,8.82
2024-09-29 19:00:00+00:00,USGS-09092570,9.25,16.45,884.5,,8.3,2410.0,8.82
2024-09-29 20:00:00+00:00,USGS-09092570,9.45,16.85,881.5,,8.4,2400.0,8.81
2024-09-29 21:00:00+00:00,USGS-09092570,9.55,17.25,878.5,,8.4,2400.0,8.81
2024-09-29 22:00:00+00:00,USGS-09092570,9.55,17.6,877.0,,8.5,2390.0,8.81
2024-09-29 23:00:00+00:00,USGS-09092570,9.45,17.8,878.0,,8.6,2390.0,8.81
2024-09-30 00:00:00+00:00,USGS-09092570,9.149999999999999,17.9,879.0,,8.6,2390.0,8.81
2024-09-30 01:00:00+00:00,USGS-09092570,8.75,17.9,880.0,,8.6,2390.0,8.81
2024-09-30 02:00:00+00:00,USGS-09092570,8.350000000000001,17.9,880.0,,8.6,2380.0,8.8
2024-09-30 03:00:00+00:00,USGS-09092570,8.05,17.85,879.0,,8.6,2385.0,8.805
2024-09-30 04:00:00+00:00,USGS-09092570,7.8,17.8,879.0,,8.5,2390.0,8.81
2024-09-30 05:00:00+00:00,USGS-09092570,7.65,17.65,879.0,,8.5,2390.0,8.81
2024-09-30 06:00:00+00:00,USGS-09092570,7.5,17.45,879.0,,8.5,2390.0,8.81
2024-09-30 07:00:00+00:00,USGS-09092570,7.5,17.2,880.0,,8.5,2390.0,8.81
2024-09-30 08:00:00+00:00,USGS-09092570,7.5,16.9,881.0,,8.4,2390.0,8.81
2024-09-30 09:00:00+00:00,USGS-09092570,7.4,16.55,883.5,,8.4,2390.0,8.81
2024-09-30 10:00:00+00:00,USGS-09092570,7.45,16.25,887.0,,8.3,2390.0,8.81
2024-09-30 11:00:00+00:00,USGS-09092570,7.5,15.95,888.5,,8.2,2390.0,8.81
2024-09-30 12:00:00+00:00,USGS-09092570,7.5,15.7,889.0,,8.149999999999999,2390.0,8.81
2024-09-30 13:00:00+00:00,USGS-09092570,7.55,15.45,889.0,,8.1,2390.0,8.81
2024-09-30 14:00:00+00:00,USGS-09092570,7.7,15.25,890.0,,8.0,2390.0,8.81
2024-09-30 15:00:00+00:00,USGS-09092570,7.95,15.2,889.0,,8.0,2390.0,8.81
2024-09-30 16:00:00+00:00,USGS-09092570,8.25,15.4,889.0,,8.1,2390.0,8.81
2024-09-30 17:00:00+00:00,USGS-09092570,8.649999999999999,15.75,889.0,,8.149999999999999,2390.0,8.81
2024-09-30 18:00:00+00:00,USGS-09092570,8.95,16.15,889.0,,8.2,2410.0,8.82
2024-09-30 19:00:00+00:00,USGS-09092570,9.25,16.45,888.0,,8.3,2390.0,8.81
2024-09-30 20:00:00+00:00,USGS-09092570,9.45,16.85,886.0,,8.4,2390.0,8.81
2024-09-30 21:00:00+00:00,USGS-09092570,9.6,17.25,883.0,,8.4,2390.0,8.81
2024-09-30 22:00:00+00:00,USGS-09092570,9.6,17.5,879.5,,8.5,2390.0,8.81
2024-09-30 23:00:00+00:00,USGS-09092570,9.45,17.7,878.0,,8.55,2390.0,8.81
2024-10-01 00:00:00+00:00,USGS-09092570,9.149999999999999,17.7,879.0,,8.6,2390.0,8.81
2024-10-01 01:00:00+00:00,USGS-09092570,8.75,17.7,881.0,,8.6,2400.0,8.815000000000001
2024-10-01 02:00:00+00:00,USGS-09092570,8.350000000000001,17.7,881.5,,8.6,2370.0,8.8
2024-10-01 03:00:00+00:00,USGS-09092570,8.05,17.6,882.0,,8.55,2390.0,8.81
2024-10-01 04:00:00+00:00,USGS-09092570,7.85,17.5,883.0,,8.5,2390.0,8.81
2024-10-01 05:00:00+00:00,USGS-09092570,7.7,17.3,883.0,,8.5,2390.0,8.81
2024-10-01 06:00:00+00:00,USGS-09092570,7.6,17.05,883.0,,8.5,2380.0,8.805
2024-10-01 07:00:00+00:00,USGS-09092570,7.6,16.65,884.0,,8.5,2370.0,8.8
2024-10-01 08:00:00+00:00,USGS-09092570,7.6,16.25,886.0,,8.4,2360.0,8.79
2024-10-01 09:00:00+00:00,USGS-09092570,7.6,15.850000000000001,888.0,,8.4,2360.0,8.79
2024-10-01 10:00:00+00:00,USGS-09092570,7.6,15.45,889.0,,8.6,2360.0,8.79
2024-10-01 11:00:00+00:00,USGS-09092570,7.7,15.1,890.0,,8.5,2370.0,8.8
2024-10-01 12:00:00+00:00,USGS-09092570,7.7,14.75,890.0,,8.45,2360.0,8.79
2024-10-01 13:00:00+00:00,USGS-09092570,7.8,14.45,891.0,,8.4,2360.0,8.79
2024-10-01 14:00:00+00:00,USGS-09092570,7.95,14.25,891.0,,8.0,2360.0,8.79
2024-10-01 15:00:00+00:00,USGS-09092570,8.2,14.2,891.0,,8.0,2360.0,8.79
2024-10-01 16:00:00+00:00,USGS-09092570,8.55,14.350000000000001,891.0,,8.1,2360.0,8.79
2024-10-01 17:00:00+00:00,USGS-09092570,8.850000000000001,14.649999999999999,891.0,,8.1,2360.0,8.79
2024-10-01 18:00:00+00:00,USGS-09092570,9.2,15.05,889.0,,8.2,2360.0,8.79
2024-10-01 19:00:00+00:00,USGS-09092570,9.45,15.45,887.5,,8.3,2350.0,8.785
2024-10-01 20:00:00+00:00,USGS-09092570,9.6,15.850000000000001,887.0,,8.4,2355.0,8.79
2024-10-01 21:00:00+00:00,USGS-09092570,9.7,16.25,886.0,,8.4,2340.0,8.78
2024-10-01 22:00:00+00:00,USGS-09092570,9.7,16.5,886.0,,8.5,2340.0,8.78
2024-10-01 23:00:00+00:00,USGS-09092570,9.6,16.7,885.5,,8.5,2340.0,8.78
2024-10-02 00:00:00+00:00,USGS-09092570,9.25,16.7,886.0,,8.6,2340.0,8.78
2024-10-02 01:00:00+00:00,USGS-09092570,8.95,16.7,886.0,,8.6,2340.0,8.78
2024-10-02 02:00:00+00:00,USGS-09092570,8.55,16.7,887.0,,8.6,2340.0,8.78
2024-10-02 03:00:00+00:00,USGS-09092570,8.25,16.6,887.5,,8.5,2340.0,8.78
2024-10-02 04:00:00+00:00,USGS-09092570,8.05,16.55,888.0,,8.5,2340.0,8.78
2024-10-02 05:00:00+00:00,USGS-09092570,7.9,16.35,889.0,,8.5,2350.0,8.79
2024-10-02 06:00:00+00:00,USGS-09092570,7.8,16.15,890.0,,8.5,2350.0,8.79
2024-10-02 07:00:00+00:00,USGS-09092570,7.8,15.850000000000001,891.0,,8.5,2350.0,8.79
2024-10-02 08:00:00+00:00,USGS-09092570,7.7,15.45,892.0,,8.4,2350.0,8.79
2024-10-02 09:00:00+00:00,USGS-09092570,7.75,15.149999999999999,892.0,,8.4,2350.0,8.79
2024-10-02 10:00:00+00:00,USGS-09092570,7.8,14.75,892.0,,8.3,2345.0,8.785
2024-10-02 11:00:00+00:00,USGS-09092570,7.8,14.4,892.5,,8.2,2345.0,8.785
2024-10-02 12:00:00+00:00,USGS-09092570,7.9,14.05,894.0,,8.149999999999999,2350.0,8.79
2024-10-02 13:00:00+00:00,USGS-09092570,7.9,13.75,895.5,,8.1,2350.0,8.79
2024-10-02 14:00:00+00:00,USGS-09092570,8.05,13.5,897.0,,8.05,2370.0,8.8
2024-10-02 15:00:00+00:00,USGS-09092570,8.3,13.5,897.5,,8.0,2370.0,8.8
2024-10-02 16:00:00+00:00,USGS-09092570,8.649999999999999,13.6,898.0,,8.1,2370.0,8.8
2024-10-02 17:00:00+00:00,USGS-09092570,8.95,13.850000000000001,898.0,,8.1,2380.0,8.805
2024-10-02 18:00:00+00:00,USGS-09092570,9.25,14.25,897.0,,8.2,2390.0,8.81
2024-10-02 19:00:00+00:00,USGS-09092570,9.55,14.649999999999999,895.5,,8.3,2390.0,8.81
2024-10-02 20:00:00+00:00,USGS-09092570,9.7,15.05,895.0,,8.4,2370.0,8.8
2024-10-02 21:00:00+00:00,USGS-09092570,9.8,15.4,896.5,,8.4,2370.0,8.8
2024-10-02 22:00:00+00:00,USGS-09092570,9.8,15.7,904.0,,,2370.0,8.8
2024-10-02 23:00:00+00:00,USGS-09092570,9.649999999999999,15.9,904.0,,,2380.0,8.805
2024-10-03 00:00:00+00:00,USGS-09092570,9.350000000000001,16.0,891.5,,,2370.0,8.8
2024-10-03 01:00:00+00:00,USGS-09092570,8.95,16.0,880.0,,8.6,2370.0,8.8
2024-10-03 02:00:00+00:00,USGS-09092570,8.649999999999999,16.0,875.0,,8.6,2370.0,8.8
2024-10-03 03:00:00+00:00,USGS-09092570,8.350000000000001,16.0,876.5,,8.5,2370.0,8.8
2024-10-03 04:00:00+00:00,USGS-09092570,8.1,15.9,879.0,,8.5,2370.0,8.8
2024-10-03 05:00:00+00:00,USGS-09092570,7.95,15.8,881.5,,8.5,2370.0,8.8
2024-10-03 06:00:00+00:00,USGS-09092570,7.9,15.649999999999999,883.0,,8.5,2370.0,8.8
2024-10-03 07:00:00+00:00,USGS-09092570,7.8,15.350000000000001,884.0,,8.5,2380.0,8.805
2024-10-03 08:00:00+00:00,USGS-09092570,7.8,15.05,885.0,,8.4,2390.0,8.81
2024-10-03 09:00:00+00:00,USGS-09092570,7.8,14.649999999999999,888.5,,8.4,2390.0,8.81
2024-10-03 10:00:00+00:00,USGS-09092570,7.8,14.25,890.5,,8.3,2390.0,8.81
2024-10-03 11:00:00+00:00,USGS-09092570,7.9,13.95,891.5,,8.2,2390.0,8.81
2024-10-03 12:00:00+00:00,USGS-09092570,7.9,13.55,892.5,,8.149999999999999,2390.0,8.81
2024-10-03 13:00:00+00:00,USGS-09092570,8.0,13.25,893.0,,8.1,2390.0,8.81
2024-10-03 14:00:00+00:00,USGS-09092570,8.149999999999999,13.0,892.0,,8.0,2390.0,8.81
2024-10-03 15:00:00+00:00,USGS-09092570,8.350000000000001,13.0,892.0,,8.1,2400.0,8.82
2024-10-03 16:00:00+00:00,USGS-09092570,8.7,13.1,892.0,,8.1,2400.0,8.82
2024-10-03 17:00:00+00:00,USGS-09092570,9.05,13.350000000000001,892.5,,8.1,2400.0,8.82
2024-10-03 18:00:00+00:00,USGS-09092570,9.350000000000001,13.75,892.0,,8.2,2400.0,8.82
2024-10-03 19:00:00+00:00,USGS-09092570,9.6,14.149999999999999,890.0,,8.3,2400.0,8.82
2024-10-03 20:00:00+00:00,USGS-09092570,9.75,14.649999999999999,887.5,,8.4,2400.0,8.82
2024-10-03 21:00:00+00:00,USGS-09092570,9.8,15.05,885.0,,8.4,2390.0,8.81
2024-10-03 22:00:00+00:00,USGS-09092570,9.8,15.4,884.0,,8.5,2395.0,8.815000000000001
2024-10-03 23:00:00+00:00,USGS-09092570,9.7,15.6,882.0,,8.5,2390.0,8.81
2024-10-04 00:00:00+00:00,USGS-09092570,9.45,15.7,880.0,,8.6,2390.0,8.81
2024-10-04 01:00:00+00:00,USGS-09092570,9.05,15.7,879.0,,8.55,2390.0,8.81
2024-10-04 02:00:00+00:00,USGS-09092570,8.7,15.8,878.0,,8.5,2390.0,8.81
2024-10-04 03:00:00+00:00,USGS-09092570,8.4,15.7,879.0,,8.5,2390.0,8.81
2024-10-04 04:00:00+00:00,USGS-09092570,8.149999999999999,15.6,879.0,,8.5,2390.0,8.81
2024-10-04 05:00:00+00:00,USGS-09092570,8.0,15.5,878.0,,8.5,2390.0,8.81
2024-10-04 06:00:00+00:00,USGS-09092570,7.95,15.25,878.0,,8.5,2390.0,8.81
2024-10-04 07:00:00+00:00,USGS-09092570,7.9,15.0,878.0,,8.5,2370.0,8.8
2024-10-04 08:00:00+00:00,USGS-09092570,7.9,14.649999999999999,879.5,,8.4,2370.0,8.8
2024-10-04 09:00:00+00:00,USGS-09092570,7.9,14.25,883.5,,8.4,2370.0,8.8
2024-10-04 10:00:00+00:00,USGS-09092570,7.9,13.95,886.0,,8.3,2370.0,8.8
2024-10-04 11:00:00+00:00,USGS-09092570,8.0,13.55,887.0,,8.2,2350.0,8.79
2024-10-04 12:00:00+00:00,USGS-09092570,8.0,13.25,886.5,,8.149999999999999,2330.0,8.78
2024-10-04 13:00:00+00:00,USGS-09092570,8.1,13.0,886.0,,8.1,2310.0,8.77
2024-10-04 14:00:00+00:00,USGS-09092570,8.2,12.8,887.0,,8.05,2310.0,8.77
2024-10-04 15:00:00+00:00,USGS-09092570,8.45,12.7,888.0,,8.0,2310.0,8.77
2024-10-04 16:00:00+00:00,USGS-09092570,8.850000000000001,12.9,889.0,,8.350000000000001,2305.0,8.765
2024-10-04 17:00:00+00:00,USGS-09092570,9.149999999999999,13.149999999999999,889.5,,8.149999999999999,2300.0,8.76
2024-10-04 18:00:00+00:00,USGS-09092570,9.45,13.649999999999999,889.0,,8.2,2280.0,8.75
2024-10-04 19:00:00+00:00,USGS-09092570,9.7,14.05,887.0,,8.3,2260.0,8.74
2024-10-04 20:00:00+00:00,USGS-09092570,9.9,14.45,885.5,,8.4,2240.0,8.73
2024-10-04 21:00:00+00:00,USGS-09092570,10.0,14.850000000000001,885.0,,8.5,2220.0,8.715
2024-10-04 22:00:00+00:00,USGS-09092570,10.0,15.149999999999999,885.0,,8.5,2150.0,8.675
2024-10-04 23:00:00+00:00,USGS-09092570,9.850000000000001,15.3,886.0,,8.6,2090.0,8.64
2024-10-05 00:00:00+00:00,USGS-09092570,9.55,15.3,887.0,,8.6,2090.0,8.64
2024-10-05 01:00:00+00:00,USGS-09092570,9.149999999999999,15.3,889.0,,8.6,2070.0,8.63
2024-10-05 02:00:00+00:00,USGS-09092570,8.850000000000001,15.25,892.0,,8.55,2070.0,8.63
2024-10-05 03:00:00+00:00,USGS-09092570,8.55,15.2,895.5,,8.5,2080.0,8.635000000000002
2024-10-05 04:00:00+00:00,USGS-09092570,8.3,15.149999999999999,898.5,,8.5,2090.0,8.64
2024-10-05 05:00:00+00:00,USGS-09092570,8.1,15.05,903.5,,8.5,2090.0,8.64
2024-10-05 06:00:00+00:00,USGS-09092570,8.0,14.9,908.5,,8.5,2090.0,8.64
2024-10-05 07:00:00+00:00,USGS-09092570,8.0,14.649999999999999,917.5,,8.5,2090.0,8.64
2024-10-05 08:00:00+00:00,USGS-09092570,8.0,14.350000000000001,931.5,,8.45,2090.0,8.64
2024-10-05 09:00:00+00:00,USGS-09092570,8.0,14.05,946.0,,8.4,2090.0,8.64
2024-10-05 10:00:00+00:00,USGS-09092570,8.0,13.75,957.5,,8.4,2090.0,8.64
2024-10-05 11:00:00+00:00,USGS-09092570,8.0,13.4,964.5,,8.3,2090.0,8.64
2024-10-05 12:00:00+00:00,USGS-09092570,8.05,13.05,968.5,,8.4,2090.0,8.64
2024-10-05 13:00:00+00:00,USGS-09092570,8.1,12.8,971.5,,8.4,2080.0,8.635000000000002
2024-10-05 14:00:00+00:00,USGS-09092570,8.25,12.6,973.5,,8.4,2070.0,8.63
2024-10-05 15:00:00+00:00,USGS-09092570,8.55,12.5,975.0,,8.350000000000001,2050.0,8.62
2024-10-05 16:00:00+00:00,USGS-09092570,8.850000000000001,12.7,975.0,,8.4,2050.0,8.62
2024-10-05 17:00:00+00:00,USGS-09092570,9.2,13.05,975.0,,8.4,2070.0,8.63
2024-10-05 18:00:00+00:00,USGS-09092570,9.55,13.350000000000001,975.0,,8.55,2090.0,8.64
2024-10-05 19:00:00+00:00,USGS-09092570,9.8,13.850000000000001,974.0,,8.6,2090.0,8.64
2024-10-05 20:00:00+00:00,USGS-09092570,10.0,14.149999999999999,972.5,,8.6,2100.0,8.65
2024-10-05 21:00:00+00:00,USGS-09092570,10.1,14.45,970.0,,,2100.0,8.65
2024-10-05 22:00:00+00:00,USGS-09092570,10.1,14.7,968.0,,,2100.0,8.65
2024-10-05 23:00:00+00:00,USGS-09092570,10.0,14.8,967.0,,,2100.0,8.65
2024-10-06 00:00:00+00:00,USGS-09092570,9.649999999999999,14.8,970.5,,,2100.0,8.65
2024-10-06 01:00:00+00:00,USGS-09092570,9.3,14.850000000000001,974.5,,8.6,2100.0,8.65
2024-10-06 02:00:00+00:00,USGS-09092570,8.95,14.9,977.0,,8.5,2100.0,8.65
2024-10-06 03:00:00+00:00,USGS-09092570,8.649999999999999,14.9,977.0,,8.5,2100.0,8.65
2024-10-06 04:00:00+00:00,USGS-09092570,8.4,14.9,974.0,,8.5,2100.0,8.65
2024-10-06 05:00:00+00:00,USGS-09092570,8.2,14.9,970.5,,8.5,2100.0,8.65
2024-10-06 06:00:00+00:00,USGS-09092570,8.1,14.75,968.5,,8.5,2100.0,8.65
2024-10-06 07:00:00+00:00,USGS-09092570,8.0,14.6,967.0,,8.5,2090.0,8.645
2024-10-06 08:00:00+00:00,USGS-09092570,8.0,14.350000000000001,966.0,,8.4,2090.0,8.645
2024-10-06 09:00:00+00:00,USGS-09092570,8.0,14.05,965.0,,8.4,2100.0,8.65
2024-10-06 10:00:00+00:00,USGS-09092570,8.0,13.75,967.0,,8.4,2100.0,8.65
2024-10-06 11:00:00+00:00,USGS-09092570,8.0,13.4,970.5,,8.3,2120.0,8.66
2024-10-06 12:00:00+00:00,USGS-09092570,8.1,13.05,974.0,,8.25,2140.0,8.67
2024-10-06 13:00:00+00:00,USGS-09092570,8.149999999999999,12.75,975.0,,8.2,2140.0,8.67
2024-10-06 14:00:00+00:00,USGS-09092570,8.3,12.55,975.0,,8.1,2120.0,8.66
2024-10-06 15:00:00+00:00,USGS-09092570,8.55,12.5,976.0,,8.1,2120.0,8.66
2024-10-06 16:00:00+00:00,USGS-09092570,8.95,12.6,976.0,,8.2,2120.0,8.66
2024-10-06 17:00:00+00:00,USGS-09092570,9.25,12.850000000000001,975.0,,8.2,2130.0,8.67
2024-10-06 18:00:00+00:00,USGS-09092570,9.6,13.25,974.0,,8.3,2130.0,8.67
2024-10-06 19:00:00+00:00,USGS-09092570,9.850000000000001,13.649999999999999,971.5,,8.4,2130.0,8.67
2024-10-06 20:00:00+00:00,USGS-09092570,10.05,14.05,967.5,,8.4,2100.0,8.65
2024-10-06 21:00:00+00:00,USGS-09092570,10.1,14.3,963.5,,8.45,2120.0,8.66
2024-10-06 22:00:00+00:00,USGS-09092570,10.1,14.45,960.5,,8.5,2120.0,8.66
2024-10-06 23:00:00+00:00,USGS-09092570,10.05,14.6,959.0,,8.5,2120.0,8.66
2024-10-07 00:00:00+00:00,USGS-09092570,9.75,14.55,960.5,,8.6,2110.0,8.655000000000001
2024-10-07 01:00:00+00:00,USGS-09092570,9.350000000000001,14.5,963.0,,8.5,2110.0,8.655000000000001
2024-10-07 02:00:00+00:00,USGS-09092570,9.05,14.5,963.0,,8.5,2100.0,8.65
2024-10-07 03:00:00+00:00,USGS-09092570,8.7,14.5,963.0,,8.5,2100.0,8.65
2024-10-07 04:00:00+00:00,USGS-09092570,8.45,14.5,963.0,,8.5,2120.0,8.66
2024-10-07 05:00:00+00:00,USGS-09092570,8.3,14.4,963.0,,8.5,2120.0,8.66
2024-10-07 06:00:00+00:00,USGS-09092570,8.2,14.3,964.0,,8.5,2120.0,8.66
2024-10-07 07:00:00+00:00,USGS-09092570,8.1,14.1,963.0,,8.4,2120.0,8.66
2024-10-07 08:00:00+00:00,USGS-09092570,8.1,13.850000000000001,963.0,,8.4,2120.0,8.66
2024-10-07 09:00:00+00:00,USGS-09092570,8.1,13.6,964.0,,8.4,2120.0,8.66
2024-10-07 10:00:00+00:00,USGS-09092570,8.1,13.3,966.5,,8.4,2120.0,8.66
2024-10-07 11:00:00+00:00,USGS-09092570,8.1,13.0,969.0,,8.3,2120.0,8.66
2024-10-07 12:00:00+00:00,USGS-09092570,8.2,12.7,971.5,,8.2,2120.0,8.66
2024-10-07 13:00:00+00:00,USGS-09092570,8.2,12.45,973.0,,8.2,2120.0,8.66
2024-10-07 14:00:00+00:00,USGS-09092570,8.350000000000001,12.25,973.0,13.1,8.1,2120.0,8.66
2024-10-07 15:00:00+00:00,USGS-09092570,8.649999999999999,12.2,972.0,12.6,8.1,2120.0,8.66
2024-10-07 16:00:00+00:00,USGS-09092570,8.95,12.350000000000001,971.0,12.399999999999999,8.2,2120.0,8.66
2024-10-07 17:00:00+00:00,USGS-09092570,9.3,12.649999999999999,969.5,12.15,8.2,2120.0,8.66
2024-10-07 18:00:00+00:00,USGS-09092570,9.649999999999999,13.05,967.0,11.600000000000001,8.3,2120.0,8.66
2024-10-07 19:00:00+00:00,USGS-09092570,9.9,13.45,965.0,11.75,8.350000000000001,2120.0,8.66
2024-10-07 20:00:00+00:00,USGS-09092570,10.05,13.850000000000001,963.0,11.4,8.4,2120.0,8.66
2024-10-07 21:00:00+00:00,USGS-09092570,10.2,14.25,961.5,10.55,8.45,2120.0,8.66
2024-10-07 22:00:00+00:00,USGS-09092570,10.2,14.5,960.0,11.100000000000001,8.5,2100.0,8.65
2024-10-07 23:00:00+00:00,USGS-09092570,10.05,14.6,960.0,11.2,8.55,2100.0,8.65
2024-10-08 00:00:00+00:00,USGS-09092570,9.75,14.6,961.0,11.149999999999999,8.6,2100.0,8.65
2024-10-08 01:00:00+00:00,USGS-09092570,9.350000000000001,14.6,962.0,11.75,8.5,2100.0,8.65
2024-10-08 02:00:00+00:00,USGS-09092570,9.0,14.6,963.0,11.9,8.5,2100.0,8.65
2024-10-08 03:00:00+00:00,USGS-09092570,8.649999999999999,14.6,963.0,12.3,8.5,2100.0,8.65
2024-10-08 04:00:00+00:00,USGS-09092570,8.4,14.6,963.0,12.75,8.5,2100.0,8.65
2024-10-08 05:00:00+00:00,USGS-09092570,8.25,14.5,963.5,12.2,8.5,2100.0,8.65
2024-10-08 06:00:00+00:00,USGS-09092570,8.1,14.45,964.0,12.4,8.5,2100.0,8.65
2024-10-08 07:00:00+00:00,USGS-09092570,8.05,14.25,965.0,12.4,8.4,2100.0,8.65
2024-10-08 08:00:00+00:00,USGS-09092570,8.0,14.05,966.0,12.95,,2080.0,8.64
2024-10-08 09:00:00+00:00,USGS-09092570,8.0,13.7,967.5,12.8,8.5,2080.0,8.64
2024-10-08 10:00:00+00:00,USGS-09092570,8.1,13.350000000000001,970.5,12.65,8.45,2080.0,8.64
2024-10-08 11:00:00+00:00,USGS-09092570,8.1,13.0,974.5,12.45,8.3,2080.0,8.64
2024-10-08 12:00:00+00:00,USGS-09092570,8.1,12.649999999999999,977.0,12.4,8.3,2100.0,8.65
2024-10-08 13:00:00+00:00,USGS-09092570,8.2,12.350000000000001,978.0,13.2,8.2,2100.0,8.65
2024-10-08 14:00:00+00:00,USGS-09092570,8.350000000000001,12.149999999999999,979.0,13.05,8.2,2100.0,8.65
2024-10-08 15:00:00+00:00,USGS-09092570,8.649999999999999,12.1,979.0,12.45,8.2,2110.0,8.655000000000001
2024-10-08 16:00:00+00:00,USGS-09092570,8.95,12.2,979.0,11.9,8.25,2120.0,8.66
2024-10-08 17:00:00+00:00,USGS-09092570,9.3,12.55,979.0,11.9,8.3,2120.0,8.66
2024-10-08 18:00:00+00:00,USGS-09092570,9.649999999999999,12.95,979.0,12.05,8.3,2120.0,8.66
2024-10-08 19:00:00+00:00,USGS-09092570,9.850000000000001,13.350000000000001,977.5,12.25,8.45,2110.0,8.655000000000001
2024-10-08 20:00:00+00:00,USGS-09092570,10.05,13.6,976.5,12.3,8.4,2100.0,8.65
2024-10-08 21:00:00+00:00,USGS-09092570,10.1,13.95,975.0,11.850000000000001,8.5,2100.0,8.65
2024-10-08 22:00:00+00:00,USGS-09092570,10.149999999999999,14.1,974.0,12.25,8.5,2100.0,8.65
2024-10-08 23:00:00+00:00,USGS-09092570,10.05,14.2,977.0,11.7,8.6,2100.0,8.65
2024-10-09 00:00:00+00:00,USGS-09092570,9.75,14.4,987.5,11.85,8.6,2100.0,8.65
2024-10-09 01:00:00+00:00,USGS-09092570,9.350000000000001,14.350000000000001,993.5,11.25,8.6,2100.0,8.65
2024-10-09 02:00:00+00:00,USGS-09092570,9.0,14.3,979.5,11.0,8.5,2100.0,8.65
2024-10-09 03:00:00+00:00,USGS-09092570,8.7,14.3,961.0,10.7,8.5,2095.0,8.645
2024-10-09 04:00:00+00:00,USGS-09092570,8.45,14.3,948.5,11.25,8.5,2100.0,8.65
2024-10-09 05:00:00+00:00,USGS-09092570,8.3,14.3,946.0,11.75,8.5,2100.0,8.65
2024-10-09 06:00:00+00:00,USGS-09092570,8.2,14.2,949.0,11.55,8.5,2100.0,8.65
2024-10-09 07:00:00+00:00,USGS-09092570,8.1,14.1,954.5,12.55,8.45,2100.0,8.65
2024-10-09 08:00:00+00:00,USGS-09092570,8.1,13.9,958.5,12.9,8.4,2100.0,8.65
2024-10-09 09:00:00+00:00,USGS-09092570,8.0,13.649999999999999,962.0,10.9,8.4,2100.0,8.65
2024-10-09 10:00:00+00:00,USGS-09092570,8.1,13.350000000000001,968.0,10.3,8.4,2110.0,8.65
2024-10-09 11:00:00+00:00,USGS-09092570,8.1,13.05,974.5,12.9,8.3,2110.0,8.65
2024-10-09 12:00:00+00:00,USGS-09092570,8.149999999999999,12.75,977.0,13.3,8.25,2110.0,8.65
2024-10-09 13:00:00+00:00,USGS-09092570,8.2,12.45,976.5,12.85,8.2,2120.0,8.66
2024-10-09 14:00:00+00:00,USGS-09092570,8.350000000000001,12.2,975.0,12.3,8.2,2120.0,8.66
2024-10-09 15:00:00+00:00,USGS-09092570,8.649999999999999,12.2,974.0,13.4,8.2,2120.0,8.66
2024-10-09 16:00:00+00:00,USGS-09092570,8.95,12.350000000000001,973.0,12.8,8.25,2120.0,8.66
2024-10-09 17:00:00+00:00,USGS-09092570,9.25,12.649999999999999,971.0,13.0,8.25,2130.0,8.665
2024-10-09 18:00:00+00:00,USGS-09092570,9.6,13.05,970.0,12.9,8.3,2120.0,8.66
2024-10-09 19:00:00+00:00,USGS-09092570,9.9,13.5,970.0,12.15,8.4,2140.0,8.67
2024-10-09 20:00:00+00:00,USGS-09092570,10.0,13.850000000000001,969.0,11.7,8.4,2120.0,8.66
2024-10-09 21:00:00+00:00,USGS-09092570,10.05,14.0,968.5,11.35,8.6,2120.0,8.66
2024-10-09 22:00:00+00:00,USGS-09092570,9.9,14.0,967.0,12.45,8.55,2110.0,8.65
2024-10-09 23:00:00+00:00,USGS-09092570,9.9,14.2,964.5,11.45,8.5,2110.0,8.65
2024-10-10 00:00:00+00:00,USGS-09092570,9.55,14.2,963.0,11.3,8.5,2110.0,8.65
2024-10-10 01:00:00+00:00,USGS-09092570,9.2,14.2,963.0,13.2,8.5,2110.0,8.65
2024-10-10 02:00:00+00:00,USGS-09092570,8.9,14.3,963.0,12.2,8.5,2110.0,8.65
2024-10-10 03:00:00+00:00,USGS-09092570,8.649999999999999,14.3,964.0,11.3,8.5,2110.0,8.65
2024-10-10 04:00:00+00:00,USGS-09092570,8.4,14.2,963.0,12.149999999999999,8.5,2110.0,8.65
2024-10-10 05:00:00+00:00,USGS-09092570,8.3,14.2,962.0,11.9,8.4,2110.0,8.65
2024-10-10 06:00:00+00:00,USGS-09092570,8.2,14.1,960.5,12.0,8.4,2110.0,8.65
2024-10-10 07:00:00+00:00,USGS-09092570,8.1,13.850000000000001,960.5,11.8,8.4,2130.0,8.66
2024-10-10 08:00:00+00:00,USGS-09092570,8.1,13.649999999999999,963.5,12.0,8.350000000000001,2140.0,8.67
2024-10-10 09:00:00+00:00,USGS-09092570,8.1,13.350000000000001,969.5,12.25,8.3,2140.0,8.67
2024-10-10 10:00:00+00:00,USGS-09092570,8.2,13.05,972.5,12.1,8.3,2140.0,8.67
2024-10-10 11:00:00+00:00,USGS-09092570,8.2,12.75,973.5,12.25,8.2,2140.0,8.67
2024-10-10 12:00:00+00:00,USGS-09092570,8.2,12.45,973.0,12.350000000000001,8.2,2140.0,8.67
2024-10-10 13:00:00+00:00,USGS-09092570,8.3,12.2,970.5,12.5,8.1,2140.0,8.67
2024-10-10 14:00:00+00:00,USGS-09092570,8.4,12.0,968.0,12.05,8.1,2160.0,8.68
2024-10-10 15:00:00+00:00,USGS-09092570,8.649999999999999,11.95,967.0,12.2,8.1,2160.0,8.68
2024-10-10 16:00:00+00:00,USGS-09092570,9.05,12.1,967.0,12.5,8.1,2160.0,8.68
2024-10-10 17:00:00+00:00,USGS-09092570,9.350000000000001,12.45,967.0,12.1,8.2,2150.0,8.67
2024-10-10 18:00:00+00:00,USGS-09092570,9.649999999999999,12.850000000000001,965.5,11.45,8.3,2150.0,8.67
2024-10-10 19:00:00+00:00,USGS-09092570,9.95,13.25,964.0,11.6,8.3,2155.0,8.675
2024-10-10 20:00:00+00:00,USGS-09092570,10.1,13.649999999999999,963.0,11.2,8.4,2155.0,8.675
2024-10-10 21:00:00+00:00,USGS-09092570,10.2,14.0,962.0,11.0,8.45,2140.0,8.665
2024-10-10 22:00:00+00:00,USGS-09092570,10.2,14.2,960.5,10.850000000000001,8.5,2150.0,8.67
2024-10-10 23:00:00+00:00,USGS-09092570,10.1,14.3,959.0,11.2,8.5,2140.0,8.665
2024-10-11 00:00:00+00:00,USGS-09092570,9.75,14.3,958.0,11.2,8.5,2130.0,8.66
2024-10-11 01:00:00+00:00,USGS-09092570,9.350000000000001,14.3,956.0,11.25,8.5,2130.0,8.66
2024-10-11 02:00:00+00:00,USGS-09092570,9.05,14.2,955.0,11.0,8.5,2130.0,8.66
2024-10-11 03:00:00+00:00,USGS-09092570,8.75,14.2,954.0,11.45,8.5,2130.0,8.66
2024-10-11 04:00:00+00:00,USGS-09092570,8.5,14.2,954.0,11.25,8.4,2150.0,8.67
2024-10-11 05:00:00+00:00,USGS-09092570,8.350000000000001,14.1,954.0,11.45,8.4,2105.0,8.645
2024-10-11 06:00:00+00:00,USGS-09092570,8.25,14.0,954.0,11.55,8.4,2005.0,8.585
2024-10-11 07:00:00+00:00,USGS-09092570,8.2,13.75,955.5,11.850000000000001,8.4,1980.0,8.57
2024-10-11 08:00:00+00:00,USGS-09092570,8.2,13.55,958.5,11.399999999999999,8.350000000000001,2010.0,8.59
2024-10-11 09:00:00+00:00,USGS-09092570,8.2,13.25,961.5,11.8,8.3,2055.0,8.614999999999998
2024-10-11 10:00:00+00:00,USGS-09092570,8.2,12.95,967.0,11.95,8.3,2080.0,8.63
2024-10-11 11:00:00+00:00,USGS-09092570,8.2,12.649999999999999,970.5,12.15,8.2,2100.0,8.64
2024-10-11 12:00:00+00:00,USGS-09092570,8.25,12.4,972.0,11.9,8.2,2120.0,8.65
2024-10-11 13:00:00+00:00,USGS-09092570,8.3,12.149999999999999,972.0,12.5,8.1,2120.0,8.65
2024-10-11 14:00:00+00:00,USGS-09092570,8.45,12.0,972.0,12.5,8.1,2120.0,8.65
2024-10-11 15:00:00+00:00,USGS-09092570,8.75,12.0,977.0,11.899999999999999,8.1,2125.0,8.655000000000001
2024-10-11 16:00:00+00:00,USGS-09092570,9.0,12.1,990.0,11.7,8.1,2180.0,8.69
2024-10-11 17:00:00+00:00,USGS-09092570,9.25,12.3,1000.0,12.05,8.2,2200.0,8.7
2024-10-11 18:00:00+00:00,USGS-09092570,9.6,12.6,999.5,12.05,8.25,2190.0,8.69
2024-10-11 19:00:00+00:00,USGS-09092570,9.850000000000001,13.05,993.0,11.8,8.3,2170.0,8.68
2024-10-11 20:00:00+00:00,USGS-09092570,10.05,13.45,984.5,11.8,8.4,2150.0,8.67
2024-10-11 21:00:00+00:00,USGS-09092570,10.149999999999999,13.7,977.5,10.95,8.4,2120.0,8.65
2024-10-11 22:00:00+00:00,USGS-09092570,10.2,13.9,975.0,11.649999999999999,8.5,2100.0,8.64
2024-10-11 23:00:00+00:00,USGS-09092570,10.05,14.0,978.0,11.2,8.5,2140.0,8.665
2024-10-12 00:00:00+00:00,USGS-09092570,9.75,14.0,973.5,11.0,8.5,2150.0,8.67
2024-10-12 01:00:00+00:00,USGS-09092570,9.4,14.0,960.5,10.9,8.5,2130.0,8.66
2024-10-12 02:00:00+00:00,USGS-09092570,9.05,13.9,953.0,11.899999999999999,8.5,2140.0,8.66
2024-10-12 03:00:00+00:00,USGS-09092570,8.75,13.9,956.0,11.100000000000001,8.45,2140.0,8.66
2024-10-12 04:00:00+00:00,USGS-09092570,8.55,13.9,963.0,11.85,8.4,2130.0,8.655000000000001
2024-10-12 05:00:00+00:00,USGS-09092570,8.4,13.9,969.0,11.2,8.4,2120.0,8.65
2024-10-12 06:00:00+00:00,USGS-09092570,8.3,13.7,972.0,11.5,8.4,2130.0,8.655000000000001
2024-10-12 07:00:00+00:00,USGS-09092570,8.25,13.45,974.0,12.2,8.3,2180.0,8.684999999999999
2024-10-12 08:00:00+00:00,USGS-09092570,8.2,13.149999999999999,974.0,11.95,8.3,2210.0,8.7
2024-10-12 09:00:00+00:00,USGS-09092570,8.2,12.9,973.0,12.5,8.3,2170.0,8.68
2024-10-12 10:00:00+00:00,USGS-09092570,8.3,12.649999999999999,973.0,12.100000000000001,8.2,2130.0,8.655000000000001
2024-10-12 11:00:00+00:00,USGS-09092570,8.3,12.4,976.5,12.149999999999999,8.2,2090.0,8.63
2024-10-12 12:00:00+00:00,USGS-09092570,8.3,12.149999999999999,980.5,12.0,8.2,2050.0,8.61
2024-10-12 13:00:00+00:00,USGS-09092570,8.350000000000001,11.95,984.5,11.25,8.1,2040.0,8.6
2024-10-12 14:00:00+00:00,USGS-09092570,8.5,11.8,986.5,11.5,8.1,2020.0,8.59
2024-10-12 15:00:00+00:00,USGS-09092570,8.75,11.8,988.5,11.3,8.1,2020.0,8.59
2024-10-12 16:00:00+00:00,USGS-09092570,9.05,11.95,989.0,11.3,8.2,2000.0,8.58
2024-10-12 17:00:00+00:00,USGS-09092570,9.4,12.25,985.5,11.600000000000001,8.2,1990.0,8.57
2024-10-12 18:00:00+00:00,USGS-09092570,9.75,12.7,979.5,10.7,8.3,1990.0,8.57
2024-10-12 19:00:00+00:00,USGS-09092570,10.0,13.149999999999999,977.0,11.2,8.350000000000001,1990.0,8.57
2024-10-12 20:00:00+00:00,USGS-09092570,10.2,13.45,980.5,10.55,8.4,1980.0,8.565000000000001
2024-10-12 21:00:00+00:00,USGS-09092570,10.3,13.75,986.5,10.15,8.5,1960.0,8.555
2024-10-12 22:00:00+00:00,USGS-09092570,10.3,13.9,992.5,9.7,8.5,1950.0,8.55
2024-10-12 23:00:00+00:00,USGS-09092570,10.1,13.9,995.5,9.8,8.5,2000.0,8.58
2024-10-13 00:00:00+00:00,USGS-09092570,9.850000000000001,13.9,1000.0,9.649999999999999,8.5,2000.0,8.58
2024-10-13 01:00:00+00:00,USGS-09092570,9.45,13.9,1010.0,9.8,8.5,2000.0,8.58
2024-10-13 02:00:00+00:00,USGS-09092570,9.1,13.8,1010.0,10.05,8.5,2020.0,8.59
2024-10-13 03:00:00+00:00,USGS-09092570,8.8,13.8,1020.0,10.399999999999999,8.5,2000.0,8.58
2024-10-13 04:00:00+00:00,USGS-09092570,8.55,13.8,1020.0,10.899999999999999,8.5,2000.0,8.58
2024-10-13 05:00:00+00:00,USGS-09092570,8.4,13.8,1020.0,10.4,8.4,2000.0,8.58
2024-10-13 06:00:00+00:00,USGS-09092570,8.3,13.7,1020.0,10.3,8.4,2000.0,8.58
2024-10-13 07:00:00+00:00,USGS-09092570,8.2,13.55,1020.0,10.2,8.4,2005.0,8.58
2024-10-13 08:00:00+00:00,USGS-09092570,8.2,13.350000000000001,1020.0,10.75,8.4,2010.0,8.58
2024-10-13 09:00:00+00:00,USGS-09092570,8.2,13.1,1020.0,10.8,8.4,2010.0,8.58
2024-10-13 10:00:00+00:00,USGS-09092570,8.2,12.850000000000001,1030.0,10.4,8.3,2010.0,8.58
2024-10-13 11:00:00+00:00,USGS-09092570,8.2,12.55,1030.0,11.149999999999999,8.3,2010.0,8.58
2024-10-13 12:00:00+00:00,USGS-09092570,8.25,12.25,1030.0,10.75,8.2,2010.0,8.58
2024-10-13 13:00:00+00:00,USGS-09092570,8.3,11.95,1030.0,10.899999999999999,8.2,2010.0,8.58
2024-10-13 14:00:00+00:00,USGS-09092570,8.45,11.75,1030.0,10.5,8.2,2010.0,8.58
2024-10-13 15:00:00+00:00,USGS-09092570,8.75,11.7,1030.0,10.850000000000001,8.2,1990.0,8.57
2024-10-13 16:00:00+00:00,USGS-09092570,9.05,11.8,1030.0,10.45,8.2,1990.0,8.57
2024-10-13 17:00:00+00:00,USGS-09092570,9.350000000000001,12.05,1030.0,10.100000000000001,8.2,1990.0,8.57
2024-10-13 18:00:00+00:00,USGS-09092570,9.7,12.45,1030.0,10.100000000000001,8.3,1990.0,8.57
2024-10-13 19:00:00+00:00,USGS-09092570,9.95,12.75,1030.0,10.0,8.4,1990.0,8.57
2024-10-13 20:00:00+00:00,USGS-09092570,10.149999999999999,13.0,1030.0,9.4,8.4,1990.0,8.57
2024-10-13 21:00:00+00:00,USGS-09092570,10.2,13.1,1030.0,10.05,8.45,1970.0,8.56
2024-10-13 22:00:00+00:00,USGS-09092570,10.3,13.2,1030.0,9.8,8.5,1965.0,8.555
2024-10-13 23:00:00+00:00,USGS-09092570,10.2,13.2,1020.0,9.9,8.5,1960.0,8.55
2024-10-14 00:00:00+00:00,USGS-09092570,9.95,13.1,1020.0,9.85,8.5,1960.0,8.55
2024-10-14 01:00:00+00:00,USGS-09092570,9.55,13.0,1025.0,9.95,8.5,1960.0,8.55
2024-10-14 02:00:00+00:00,USGS-09092570,9.25,13.0,1030.0,10.2,8.5,1960.0,8.55
2024-10-14 03:00:00+00:00,USGS-09092570,9.0,12.9,1030.0,9.75,8.4,1960.0,8.55
2024-10-14 04:00:00+00:00,USGS-09092570,8.75,12.95,1030.0,10.1,8.4,1960.0,8.55
2024-10-14 05:00:00+00:00,USGS-09092570,8.6,13.0,1030.0,9.7,8.4,1980.0,8.56
2024-10-14 06:00:00+00:00,USGS-09092570,8.45,13.0,1040.0,10.600000000000001,8.4,1960.0,8.55
2024-10-14 07:00:00+00:00,USGS-09092570,8.4,12.9,1040.0,9.95,8.4,1970.0,8.555
2024-10-14 08:00:00+00:00,USGS-09092570,8.3,12.8,1040.0,10.2,8.3,1980.0,8.56
2024-10-14 09:00:00+00:00,USGS-09092570,8.3,12.649999999999999,1040.0,10.65,8.3,1980.0,8.56
2024-10-14 10:00:00+00:00,USGS-09092570,8.3,12.45,1050.0,10.25,8.3,1980.0,8.56
2024-10-14 11:00:00+00:00,USGS-09092570,8.3,12.3,1050.0,10.5,8.2,1960.0,8.55
2024-10-14 12:00:00+00:00,USGS-09092570,8.3,12.1,1050.0,10.35,8.2,1940.0,8.54
2024-10-14 13:00:00+00:00,USGS-09092570,8.4,11.95,1060.0,10.350000000000001,8.2,1930.0,8.53
2024-10-14 14:00:00+00:00,USGS-09092570,8.45,11.8,1060.0,10.5,8.1,1930.0,8.53
2024-10-14 15:00:00+00:00,USGS-09092570,8.75,11.9,1060.0,10.149999999999999,8.149999999999999,1930.0,8.53
2024-10-14 16:00:00+00:00,USGS-09092570,9.05,12.05,1060.0,10.149999999999999,8.2,1940.0,8.54
2024-10-14 17:00:00+00:00,USGS-09092570,9.350000000000001,12.350000000000001,1060.0,9.95,8.2,1940.0,8.54
2024-10-14 18:00:00+00:00,USGS-09092570,9.7,12.8,1060.0,10.1,8.3,1940.0,8.54
2024-10-14 19:00:00+00:00,USGS-09092570,10.0,13.25,1060.0,9.5,8.4,1950.0,8.54
2024-10-14 20:00:00+00:00,USGS-09092570,10.1,13.55,1060.0,9.45,8.4,1950.0,8.54
2024-10-14 21:00:00+00:00,USGS-09092570,10.25,13.95,1060.0,9.55,8.5,1950.0,8.54
2024-10-14 22:00:00+00:00,USGS-09092570,10.3,14.1,1060.0,9.75,8.5,1950.0,8.54
2024-10-14 23:00:00+00:00,USGS-09092570,10.149999999999999,14.05,1060.0,9.5,8.5,1960.0,8.55
2024-10-15 00:00:00+00:00,USGS-09092570,9.8,14.0,1075.0,9.05,8.5,1980.0,8.56
2024-10-15 01:00:00+00:00,USGS-09092570,9.45,13.9,1090.0,9.850000000000001,8.5,1980.0,8.56
2024-10-15 02:00:00+00:00,USGS-09092570,9.149999999999999,13.8,1085.0,9.95,8.5,1970.0,8.555
2024-10-15 03:00:00+00:00,USGS-09092570,8.850000000000001,13.7,1065.0,10.0,8.5,1960.0,8.55
2024-10-15 04:00:00+00:00,USGS-09092570,8.649999999999999,13.6,1055.0,9.649999999999999,8.4,1960.0,8.55
2024-10-15 05:00:00+00:00,USGS-09092570,8.5,13.5,1050.0,10.2,8.4,1960.0,8.55
2024-10-15 06:00:00+00:00,USGS-09092570,8.4,13.5,1060.0,9.9,8.4,1960.0,8.55
2024-10-15 07:00:00+00:00,USGS-09092570,8.3,13.350000000000001,1060.0,10.4,8.4,1980.0,8.56
2024-10-15 08:00:00+00:00,USGS-09092570,8.3,13.149999999999999,1060.0,10.5,8.3,1980.0,8.56
2024-10-15 09:00:00+00:00,USGS-09092570,8.2,12.9,1055.0,10.35,8.3,1980.0,8.56
2024-10-15 10:00:00+00:00,USGS-09092570,8.3,12.649999999999999,1050.0,10.2,8.3,1960.0,8.55
2024-10-15 11:00:00+00:00,USGS-09092570,8.3,12.45,1050.0,10.6,8.2,1965.0,8.55
2024-10-15 12:00:00+00:00,USGS-09092570,8.3,12.149999999999999,1050.0,11.1,8.2,1970.0,8.55
2024-10-15 13:00:00+00:00,USGS-09092570,8.350000000000001,11.95,1060.0,11.1,8.149999999999999,1960.0,8.545
2024-10-15 14:00:00+00:00,USGS-09092570,8.45,11.75,1060.0,11.0,8.1,1970.0,8.55
2024-10-15 15:00:00+00:00,USGS-09092570,8.75,11.7,1060.0,11.2,8.1,1960.0,8.545
2024-10-15 16:00:00+00:00,USGS-09092570,9.1,11.850000000000001,1060.0,10.1,8.2,1970.0,8.55
2024-10-15 17:00:00+00:00,USGS-09092570,9.45,12.149999999999999,1060.0,10.100000000000001,8.2,1970.0,8.55
2024-10-15 18:00:00+00:00,USGS-09092570,9.75,12.55,1060.0,10.1,8.3,1970.0,8.55
2024-10-15 19:00:00+00:00,USGS-09092570,10.0,12.95,1060.0,9.75,8.350000000000001,1970.0,8.55
2024-10-15 20:00:00+00:00,USGS-09092570,10.2,13.350000000000001,1050.0,9.75,8.4,1950.0,8.54
2024-10-15 21:00:00+00:00,USGS-09092570,10.3,13.6,1050.0,10.05,8.45,1950.0,8.54
2024-10-15 22:00:00+00:00,USGS-09092570,10.2,13.7,1050.0,9.1,8.5,1950.0,8.54
2024-10-15 23:00:00+00:00,USGS-09092570,10.1,13.75,1050.0,9.75,8.5,1950.0,8.54
2024-10-16 00:00:00+00:00,USGS-09092570,9.75,13.8,1050.0,9.95,8.5,1940.0,8.535
2024-10-16 01:00:00+00:00,USGS-09092570,9.4,13.8,1050.0,10.1,8.5,1930.0,8.53
2024-10-16 02:00:00+00:00,USGS-09092570,9.1,13.7,1050.0,9.2,8.5,1930.0,8.53
2024-10-16 03:00:00+00:00,USGS-09092570,8.850000000000001,13.7,1050.0,9.850000000000001,8.5,1930.0,8.53
2024-10-16 04:00:00+00:00,USGS-09092570,8.55,13.75,1050.0,10.3,8.4,1950.0,8.54
2024-10-16 05:00:00+00:00,USGS-09092570,8.4,13.7,1050.0,9.9,8.4,1950.0,8.54
2024-10-16 06:00:00+00:00,USGS-09092570,8.3,13.7,1050.0,10.600000000000001,8.4,1950.0,8.54
2024-10-16 07:00:00+00:00,USGS-09092570,8.2,13.7,1060.0,9.9,8.4,1950.0,8.54
2024-10-16 08:00:00+00:00,USGS-09092570,8.1,13.6,1060.0,10.399999999999999,8.4,1950.0,8.54
2024-10-16 09:00:00+00:00,USGS-09092570,8.1,13.4,1060.0,10.65,8.3,1950.0,8.54
2024-10-16 10:00:00+00:00,USGS-09092570,8.1,13.149999999999999,1060.0,10.4,8.3,1950.0,8.54
2024-10-16 11:00:00+00:00,USGS-09092570,8.2,12.850000000000001,1060.0,10.3,8.3,1940.0,8.53
2024-10-16 12:00:00+00:00,USGS-09092570,8.2,12.55,1070.0,10.100000000000001,8.2,1950.0,8.54
2024-10-16 13:00:00+00:00,USGS-09092570,8.25,12.25,1070.0,10.8,8.2,1950.0,8.54
2024-10-16 14:00:00+00:00,USGS-09092570,8.350000000000001,12.05,1070.0,10.3,8.1,1945.0,8.535
2024-10-16 15:00:00+00:00,USGS-09092570,8.649999999999999,12.0,1070.0,10.2,8.2,1950.0,8.54
2024-10-16 16:00:00+00:00,USGS-09092570,8.95,12.1,1070.0,10.7,8.2,1950.0,8.54
2024-10-16 17:00:00+00:00,USGS-09092570,9.350000000000001,12.4,1070.0,9.850000000000001,8.2,1950.0,8.54
2024-10-16 18:00:00+00:00,USGS-09092570,9.6,12.75,1070.0,10.0,8.3,1945.0,8.535
2024-10-16 19:00:00+00:00,USGS-09092570,9.8,13.0,1060.0,10.3,8.3,1900.0,8.51
2024-10-16 20:00:00+00:00,USGS-09092570,9.9,13.1,1060.0,9.3,8.4,1890.0,8.5
2024-10-16 21:00:00+00:00,USGS-09092570,9.9,13.1,1060.0,10.0,8.4,1880.0,8.495000000000001
2024-10-16 22:00:00+00:00,USGS-09092570,9.9,13.1,1060.0,9.2,8.4,1940.0,8.53
2024-10-16 23:00:00+00:00,USGS-09092570,9.9,13.2,1060.0,9.7,8.5,1940.0,8.53
2024-10-17 00:00:00+00:00,USGS-09092570,9.55,13.149999999999999,1060.0,9.75,8.4,1930.0,8.524999999999999
2024-10-17 01:00:00+00:00,USGS-09092570,9.25,13.1,1060.0,10.1,8.4,1920.0,8.52
2024-10-17 02:00:00+00:00,USGS-09092570,9.05,13.1,1060.0,10.55,8.4,1920.0,8.52
2024-10-17 03:00:00+00:00,USGS-09092570,8.8,13.0,1055.0,9.8,8.4,1920.0,8.52
2024-10-17 04:00:00+00:00,USGS-09092570,8.6,12.9,1060.0,10.2,8.350000000000001,1920.0,8.52
2024-10-17 05:00:00+00:00,USGS-09092570,8.5,12.75,1060.0,9.899999999999999,8.3,1920.0,8.52
2024-10-17 06:00:00+00:00,USGS-09092570,8.4,12.7,1060.0,10.45,8.3,1920.0,8.52
2024-10-17 07:00:00+00:00,USGS-09092570,8.350000000000001,12.6,1060.0,10.45,8.3,1915.0,8.515
2024-10-17 08:00:00+00:00,USGS-09092570,8.3,12.6,1060.0,10.3,8.3,1910.0,8.51
2024-10-17 09:00:00+00:00,USGS-09092570,8.25,12.5,1070.0,10.2,8.2,1910.0,8.51
2024-10-17 10:00:00+00:00,USGS-09092570,8.2,12.350000000000001,1070.0,10.55,8.2,1910.0,8.51
2024-10-17 11:00:00+00:00,USGS-09092570,8.2,12.25,1070.0,10.25,8.2,1890.0,8.5
2024-10-17 12:00:00+00:00,USGS-09092570,8.2,12.2,1070.0,10.3,8.2,1890.0,8.5
2024-10-17 13:00:00+00:00,USGS-09092570,8.2,12.1,1075.0,10.4,8.1,1890.0,8.5
2024-10-17 14:00:00+00:00,USGS-09092570,8.3,12.0,1080.0,11.0,8.1,1885.0,8.495000000000001
2024-10-17 15:00:00+00:00,USGS-09092570,8.55,12.0,1080.0,9.649999999999999,8.1,1880.0,8.49
2024-10-17 16:00:00+00:00,USGS-09092570,8.8,12.1,1080.0,9.7,8.149999999999999,1880.0,8.49
2024-10-17 17:00:00+00:00,USGS-09092570,9.149999999999999,12.3,1080.0,9.649999999999999,8.2,1880.0,8.49
2024-10-17 18:00:00+00:00,USGS-09092570,9.4,12.45,1080.0,10.45,8.3,1820.0,8.455
2024-10-17 19:00:00+00:00,USGS-09092570,9.649999999999999,12.7,1080.0,10.4,8.3,1835.0,8.465
2024-10-17 20:00:00+00:00,USGS-09092570,9.8,12.7,1080.0,9.9,8.4,1830.0,8.46
2024-10-17 21:00:00+00:00,USGS-09092570,9.9,12.8,1080.0,10.15,8.4,1860.0,8.48
2024-10-17 22:00:00+00:00,USGS-09092570,10.0,13.0,1080.0,9.8,8.45,1860.0,8.48
2024-10-17 23:00:00+00:00,USGS-09092570,9.850000000000001,13.0,1080.0,9.55,8.5,1860.0,8.48
2024-10-18 00:00:00+00:00,USGS-09092570,9.55,12.9,1080.0,9.6,8.5,1855.0,8.475000000000001
2024-10-18 01:00:00+00:00,USGS-09092570,9.3,13.0,1080.0,9.7,8.5,1890.0,8.5
2024-10-18 02:00:00+00:00,USGS-09092570,9.05,13.0,1085.0,9.4,8.5,1890.0,8.5
2024-10-18 03:00:00+00:00,USGS-09092570,8.8,13.0,1090.0,10.350000000000001,8.4,1910.0,8.51
2024-10-18 04:00:00+00:00,USGS-09092570,8.6,13.0,1090.0,10.5,8.4,1935.0,8.524999999999999
2024-10-18 05:00:00+00:00,USGS-09092570,8.5,12.9,1080.0,10.850000000000001,8.4,1960.0,8.54
2024-10-18 06:00:00+00:00,USGS-09092570,8.4,12.8,1080.0,10.5,8.4,1985.0,8.555
2024-10-18 07:00:00+00:00,USGS-09092570,8.3,12.8,1080.0,12.45,8.4,2000.0,8.565000000000001
2024-10-18 08:00:00+00:00,USGS-09092570,8.3,12.55,1075.0,1052.0,8.3,2055.0,8.594999999999999
2024-10-18 09:00:00+00:00,USGS-09092570,8.3,12.25,1060.0,1225.0,8.3,2105.0,8.625
2024-10-18 10:00:00+00:00,USGS-09092570,8.3,11.95,1050.0,1725.0,8.2,2140.0,8.645
2024-10-18 11:00:00+00:00,USGS-09092570,8.3,11.7,1060.0,1043.5,8.2,2150.0,8.65
2024-10-18 12:00:00+00:00,USGS-09092570,8.3,11.45,1060.0,928.5,8.1,2100.0,8.62
2024-10-18 13:00:00+00:00,USGS-09092570,8.3,11.3,1060.0,1065.0,8.1,2080.0,8.61
2024-10-18 14:00:00+00:00,USGS-09092570,8.4,11.2,1060.0,625.5,8.1,2060.0,8.6
2024-10-18 15:00:00+00:00,USGS-09092570,8.4,11.25,1060.0,460.0,8.0,2050.0,8.59
2024-10-18 16:00:00+00:00,USGS-09092570,8.4,11.45,1060.0,416.5,8.0,2030.0,8.58
2024-10-18 17:00:00+00:00,USGS-09092570,8.4,11.75,1060.0,408.5,8.0,2010.0,8.57
2024-10-18 18:00:00+00:00,USGS-09092570,8.4,11.95,1060.0,398.5,8.0,1980.0,8.55
2024-10-18 19:00:00+00:00,USGS-09092570,8.4,12.2,1060.0,348.0,8.0,1980.0,8.55
2024-10-18 20:00:00+00:00,USGS-09092570,8.5,12.2,1060.0,300.0,8.0,2020.0,8.575
2024-10-18 21:00:00+00:00,USGS-09092570,8.6,12.0,1060.0,307.5,8.1,2010.0,8.57
2024-10-18 22:00:00+00:00,USGS-09092570,8.7,11.9,1060.0,301.0,8.1,2000.0,8.56
2024-10-18 23:00:00+00:00,USGS-09092570,8.8,12.0,1060.0,272.5,8.1,2000.0,8.56
2024-10-19 00:00:00+00:00,USGS-09092570,8.8,12.0,1060.0,217.5,8.2,2000.0,8.56
2024-10-19 01:00:00+00:00,USGS-09092570,8.8,12.1,1060.0,186.5,8.2,2000.0,8.56
2024-10-19 02:00:00+00:00,USGS-09092570,8.8,12.0,1060.0,147.0,8.3,2020.0,8.57
2024-10-19 03:00:00+00:00,USGS-09092570,8.8,11.9,1070.0,110.5,8.3,2020.0,8.57
2024-10-19 04:00:00+00:00,USGS-09092570,8.9,11.7,1070.0,87.9,8.3,2020.0,8.57
2024-10-19 05:00:00+00:00,USGS-09092570,8.8,11.6,1070.0,65.75,8.3,2020.0,8.57
2024-10-19 06:00:00+00:00,USGS-09092570,8.8,11.5,1070.0,56.0,8.3,2030.0,8.58
2024-10-19 07:00:00+00:00,USGS-09092570,8.7,11.4,1070.0,48.349999999999994,8.3,2030.0,8.58
2024-10-19 08:00:00+00:00,USGS-09092570,8.7,11.3,1070.0,39.05,8.3,2030.0,8.58
2024-10-19 09:00:00+00:00,USGS-09092570,8.7,11.2,1070.0,32.4,8.2,2020.0,8.57
2024-10-19 10:00:00+00:00,USGS-09092570,8.7,11.05,1070.0,30.700000000000003,8.2,2020.0,8.57
2024-10-19 11:00:00+00:00,USGS-09092570,8.7,10.9,1070.0,26.65,8.2,2020.0,8.57
2024-10-19 12:00:00+00:00,USGS-09092570,8.7,10.75,1070.0,24.4,8.2,2020.0,8.57
2024-10-19 13:00:00+00:00,USGS-09092570,8.7,10.6,1070.0,22.8,8.1,2020.0,8.57
2024-10-19 14:00:00+00:00,USGS-09092570,8.8,10.5,1070.0,21.7,8.1,2020.0,8.57
2024-10-19 15:00:00+00:00,USGS-09092570,8.95,10.5,1070.0,17.799999999999997,8.1,2020.0,8.57
2024-10-19 16:00:00+00:00,USGS-09092570,9.2,10.6,1060.0,17.55,8.149999999999999,2020.0,8.57
2024-10-19 17:00:00+00:00,USGS-09092570,9.45,10.8,1060.0,16.4,8.2,2020.0,8.57
2024-10-19 18:00:00+00:00,USGS-09092570,9.7,11.0,1060.0,16.15,8.2,2020.0,8.57
2024-10-19 19:00:00+00:00,USGS-09092570,9.9,11.149999999999999,1060.0,14.2,8.3,2020.0,8.57
2024-10-19 20:00:00+00:00,USGS-09092570,10.1,11.25,1060.0,14.05,8.3,2010.0,8.565000000000001
2024-10-19 21:00:00+00:00,USGS-09092570,10.25,11.4,1060.0,13.95,8.4,2020.0,8.57
2024-10-19 22:00:00+00:00,USGS-09092570,10.3,11.55,1060.0,12.100000000000001,8.4,2020.0,8.57
2024-10-19 23:00:00+00:00,USGS-09092570,10.3,11.6,1060.0,12.600000000000001,8.4,2045.0,8.585
2024-10-20 00:00:00+00:00,USGS-09092570,10.1,11.6,1060.0,12.4,8.45,2040.0,8.58
2024-10-20 01:00:00+00:00,USGS-09092570,9.850000000000001,11.6,1060.0,11.4,8.5,2040.0,8.58
2024-10-20 02:00:00+00:00,USGS-09092570,9.6,11.6,1060.0,11.6,8.4,2040.0,8.58
2024-10-20 03:00:00+00:00,USGS-09092570,9.350000000000001,11.6,1060.0,10.7,8.4,2040.0,8.58
2024-10-20 04:00:00+00:00,USGS-09092570,9.2,11.5,1060.0,11.899999999999999,8.4,2040.0,8.58
2024-10-20 05:00:00+00:00,USGS-09092570,9.0,11.5,1060.0,11.0,8.4,2040.0,8.58
2024-10-20 06:00:00+00:00,USGS-09092570,8.9,11.4,1060.0,13.2,8.4,2040.0,8.58
2024-10-20 07:00:00+00:00,USGS-09092570,8.8,11.4,1060.0,10.95,8.3,2040.0,8.58
2024-10-20 08:00:00+00:00,USGS-09092570,8.8,11.3,1060.0,11.45,8.3,2040.0,8.58
2024-10-20 09:00:00+00:00,USGS-09092570,8.7,11.149999999999999,1060.0,10.1,8.3,2040.0,8.58
2024-10-20 10:00:00+00:00,USGS-09092570,8.7,11.05,1060.0,12.1,8.3,2040.0,8.58
2024-10-20 11:00:00+00:00,USGS-09092570,8.7,10.9,1060.0,10.8,8.25,2040.0,8.58
2024-10-20 12:00:00+00:00,USGS-09092570,8.7,10.7,1060.0,11.8,8.2,2040.0,8.58
2024-10-20 13:00:00+00:00,USGS-09092570,8.7,10.5,1050.0,10.0,8.55,2040.0,8.58
2024-10-20 14:00:00+00:00,USGS-09092570,8.850000000000001,10.4,1050.0,12.05,8.4,2040.0,8.58
2024-10-20 15:00:00+00:00,USGS-09092570,9.1,10.4,1050.0,12.9,8.4,2040.0,8.58
2024-10-20 16:00:00+00:00,USGS-09092570,9.25,10.3,1050.0,9.9,8.4,2040.0,8.58
2024-10-20 17:00:00+00:00,USGS-09092570,9.55,10.649999999999999,1050.0,13.75,8.350000000000001,2040.0,8.58
2024-10-20 18:00:00+00:00,USGS-09092570,9.9,10.95,1050.0,13.3,8.4,2020.0,8.57
2024-10-20 19:00:00+00:00,USGS-09092570,10.149999999999999,11.25,1050.0,12.95,8.5,2020.0,8.57
2024-10-20 20:00:00+00:00,USGS-09092570,10.25,11.4,1050.0,13.0,8.5,2020.0,8.57
2024-10-20 21:00:00+00:00,USGS-09092570,10.4,11.6,1050.0,12.649999999999999,8.55,2020.0,8.57
2024-10-20 22:00:00+00:00,USGS-09092570,10.3,11.5,1050.0,13.15,8.6,1990.0,8.55
2024-10-20 23:00:00+00:00,USGS-09092570,10.149999999999999,11.5,1050.0,12.6,8.6,1970.0,8.54
2024-10-21 00:00:00+00:00,USGS-09092570,9.850000000000001,11.45,1045.0,13.0,8.6,1970.0,8.54
2024-10-21 01:00:00+00:00,USGS-09092570,9.6,11.3,1040.0,13.1,8.5,1970.0,8.54
2024-10-21 02:00:00+00:00,USGS-09092570,9.350000000000001,11.25,1050.0,14.0,8.5,1990.0,8.55
2024-10-21 03:00:00+00:00,USGS-09092570,9.149999999999999,11.3,1050.0,236.5,8.5,2040.0,8.58
2024-10-21 04:00:00+00:00,USGS-09092570,9.0,11.3,1050.0,166.0,8.5,2040.0,8.58
2024-10-21 05:00:00+00:00,USGS-09092570,8.9,11.3,1050.0,64.8,8.5,2060.0,8.59
2024-10-21 06:00:00+00:00,USGS-09092570,8.850000000000001,11.350000000000001,1050.0,34.7,8.5,2070.0,8.594999999999999
2024-10-21 07:00:00+00:00,USGS-09092570,8.8,11.3,1040.0,23.25,8.5,2090.0,8.61
2024-10-21 08:00:00+00:00,USGS-09092570,8.7,11.3,1040.0,116.15,8.4,2140.0,8.635000000000002
2024-10-21 09:00:00+00:00,USGS-09092570,8.7,11.1,1025.0,628.0,8.4,2200.0,8.67
2024-10-21 10:00:00+00:00,USGS-09092570,8.7,10.95,1020.0,848.0,8.4,2240.0,8.695
2024-10-21 11:00:00+00:00,USGS-09092570,8.7,10.8,1020.0,662.5,8.3,2275.0,8.715
2024-10-21 12:00:00+00:00,USGS-09092570,8.7,10.649999999999999,1030.0,619.0,8.3,2320.0,8.74
2024-10-21 13:00:00+00:00,USGS-09092570,8.75,10.55,1030.0,560.5,8.25,2340.0,8.75
2024-10-21 14:00:00+00:00,USGS-09092570,8.8,10.5,1030.0,496.5,8.25,2320.0,8.74
2024-10-21 15:00:00+00:00,USGS-09092570,8.8,10.5,1030.0,426.5,8.2,2300.0,8.73
2024-10-21 16:00:00+00:00,USGS-09092570,8.8,10.55,1040.0,327.0,8.2,2270.0,8.71
2024-10-21 17:00:00+00:00,USGS-09092570,8.8,10.7,1040.0,297.5,8.149999999999999,2260.0,8.705
2024-10-21 18:00:00+00:00,USGS-09092570,8.8,10.8,1035.0,308.0,8.2,2240.0,8.695
2024-10-21 19:00:00+00:00,USGS-09092570,8.8,10.95,1030.0,257.0,8.1,2240.0,8.695
2024-10-21 20:00:00+00:00,USGS-09092570,8.9,11.25,1030.0,215.5,8.1,2230.0,8.69
2024-10-21 21:00:00+00:00,USGS-09092570,8.95,11.4,1030.0,185.0,8.1,2220.0,8.68
2024-10-21 22:00:00+00:00,USGS-09092570,9.0,11.3,1020.0,160.0,8.1,2220.0,8.68
2024-10-21 23:00:00+00:00,USGS-09092570,9.1,11.4,1020.0,151.5,8.1,2220.0,8.68
2024-10-22 00:00:00+00:00,USGS-09092570,9.1,11.3,1010.0,135.5,8.149999999999999,2200.0,8.67
2024-10-22 01:00:00+00:00,USGS-09092570,9.2,11.2,1010.0,118.5,8.2,2180.0,8.66
2024-10-22 02:00:00+00:00,USGS-09092570,9.2,11.05,1010.0,95.55000000000001,8.25,2180.0,8.66
2024-10-22 03:00:00+00:00,USGS-09092570,9.2,10.9,1010.0,77.55,8.2,2170.0,8.65
2024-10-22 04:00:00+00:00,USGS-09092570,9.2,10.8,1010.0,62.949999999999996,8.2,2170.0,8.65
2024-10-22 05:00:00+00:00,USGS-09092570,9.1,10.75,1010.0,54.6,8.2,2175.0,8.655000000000001
2024-10-22 06:00:00+00:00,USGS-09092570,9.1,10.649999999999999,1020.0,46.0,8.2,2220.0,8.68
2024-10-22 07:00:00+00:00,USGS-09092570,9.0,10.5,1020.0,41.15,8.2,2250.0,8.7
2024-10-22 08:00:00+00:00,USGS-09092570,9.0,10.4,1020.0,38.0,8.1,2245.0,8.695
2024-10-22 09:00:00+00:00,USGS-09092570,9.0,10.2,1020.0,36.349999999999994,8.1,2230.0,8.684999999999999
2024-10-22 10:00:00+00:00,USGS-09092570,9.0,10.0,1020.0,31.700000000000003,8.0,2210.0,8.675
2024-10-22 11:00:00+00:00,USGS-09092570,9.0,9.75,1020.0,28.9,8.0,2195.0,8.665
2024-10-22 12:00:00+00:00,USGS-09092570,9.1,9.55,1030.0,24.85,8.0,2170.0,8.65
2024-10-22 13:00:00+00:00,USGS-09092570,9.1,9.3,1030.0,23.65,8.0,2170.0,8.65
2024-10-22 14:00:00+00:00,USGS-09092570,9.2,9.149999999999999,1030.0,22.7,8.0,2170.0,8.65
2024-10-22 15:00:00+00:00,USGS-09092570,9.350000000000001,9.1,1030.0,20.1,8.0,2170.0,8.65
2024-10-22 16:00:00+00:00,USGS-09092570,9.6,9.25,1030.0,18.6,8.05,2190.0,8.66
2024-10-22 17:00:00+00:00,USGS-09092570,9.850000000000001,9.649999999999999,1020.0,16.2,8.1,2190.0,8.66
2024-10-22 18:00:00+00:00,USGS-09092570,10.149999999999999,10.05,1020.0,16.2,8.2,2190.0,8.66
2024-10-22 19:00:00+00:00,USGS-09092570,10.350000000000001,10.55,1020.0,15.4,8.3,2190.0,8.66
2024-10-22 20:00:00+00:00,USGS-09092570,10.55,10.95,1020.0,14.05,8.350000000000001,2160.0,8.645
2024-10-22 21:00:00+00:00,USGS-09092570,10.7,11.3,1020.0,14.85,8.4,2170.0,8.65
2024-10-22 22:00:00+00:00,USGS-09092570,10.7,11.5,1020.0,15.25,8.45,2200.0,8.67
2024-10-22 23:00:00+00:00,USGS-09092570,10.5,11.5,1020.0,14.8,8.5,2220.0,8.68
2024-10-23 00:00:00+00:00,USGS-09092570,10.25,11.5,1020.0,14.05,8.5,2240.0,8.69
2024-10-23 01:00:00+00:00,USGS-09092570,9.95,11.5,1020.0,14.649999999999999,8.5,2240.0,8.69
2024-10-23 02:00:00+00:00,USGS-09092570,9.649999999999999,11.5,1020.0,14.3,8.4,2240.0,8.69
2024-10-23 03:00:00+00:00,USGS-09092570,9.4,11.5,1020.0,15.3,8.4,2240.0,8.69
2024-10-23 04:00:00+00:00,USGS-09092570,9.2,11.5,1020.0,14.8,8.4,2230.0,8.684999999999999
2024-10-23 05:00:00+00:00,USGS-09092570,9.05,11.4,1020.0,14.55,8.4,2220.0,8.68
2024-10-23 06:00:00+00:00,USGS-09092570,8.95,11.350000000000001,1020.0,14.1,8.4,2220.0,8.68
2024-10-23 07:00:00+00:00,USGS-09092570,8.9,11.2,1015.0,13.55,8.350000000000001,2220.0,8.68
2024-10-23 08:00:00+00:00,USGS-09092570,8.850000000000001,11.05,1010.0,13.3,8.3,2215.0,8.675
2024-10-23 09:00:00+00:00,USGS-09092570,8.8,10.8,1010.0,14.1,8.3,2210.0,8.67
2024-10-23 10:00:00+00:00,USGS-09092570,8.9,10.55,1010.0,11.2,8.25,2210.0,8.67
2024-10-23 11:00:00+00:00,USGS-09092570,8.9,10.3,1010.0,11.9,8.2,2230.0,8.684999999999999
2024-10-23 12:00:00+00:00,USGS-09092570,8.9,10.05,1010.0,12.0,8.2,2340.0,8.745000000000001
2024-10-23 13:00:00+00:00,USGS-09092570,9.0,9.8,1010.0,15.3,8.1,2330.0,8.74
2024-10-23 14:00:00+00:00,USGS-09092570,9.05,9.6,1010.0,13.1,8.1,2270.0,8.705
2024-10-23 15:00:00+00:00,USGS-09092570,9.25,9.55,1010.0,12.2,8.1,2240.0,8.69
2024-10-23 16:00:00+00:00,USGS-09092570,9.55,9.7,1010.0,10.95,8.1,2230.0,8.68
2024-10-23 17:00:00+00:00,USGS-09092570,9.850000000000001,9.95,1010.0,12.100000000000001,8.2,2220.0,8.675
2024-10-23 18:00:00+00:00,USGS-09092570,10.149999999999999,10.350000000000001,1005.0,11.0,8.2,2220.0,8.675
2024-10-23 19:00:00+00:00,USGS-09092570,10.45,10.75,1000.0,10.350000000000001,8.3,2210.0,8.67
2024-10-23 20:00:00+00:00,USGS-09092570,10.649999999999999,11.149999999999999,1000.0,10.5,8.4,2200.0,8.665
2024-10-23 21:00:00+00:00,USGS-09092570,10.7,11.4,997.0,10.45,8.4,2160.0,8.64
2024-10-23 22:00:00+00:00,USGS-09092570,10.7,11.55,986.5,10.1,8.5,2150.0,8.635000000000002
2024-10-23 23:00:00+00:00,USGS-09092570,10.55,11.6,981.0,10.2,8.5,2120.0,8.62
2024-10-24 00:00:00+00:00,USGS-09092570,10.25,11.5,983.5,10.2,8.5,2080.0,8.594999999999999
2024-10-24 01:00:00+00:00,USGS-09092570,9.95,11.5,989.0,9.1,8.5,2050.0,8.575
2024-10-24 02:00:00+00:00,USGS-09092570,9.649999999999999,11.5,993.0,8.4,8.4,2050.0,8.575
2024-10-24 03:00:00+00:00,USGS-09092570,9.350000000000001,11.5,995.5,8.9,8.4,2050.0,8.575
2024-10-24 04:00:00+00:00,USGS-09092570,9.149999999999999,11.5,997.5,9.649999999999999,8.4,2040.0,8.57
2024-10-24 05:00:00+00:00,USGS-09092570,9.0,11.4,999.0,9.05,8.4,2040.0,8.57
2024-10-24 06:00:00+00:00,USGS-09092570,8.9,11.4,999.5,9.0,8.4,2040.0,8.57
2024-10-24 07:00:00+00:00,USGS-09092570,8.8,11.25,1000.0,8.1,8.4,2040.0,8.57
2024-10-24 08:00:00+00:00,USGS-09092570,8.8,11.05,1000.0,8.899999999999999,8.350000000000001,2040.0,8.57
2024-10-24 09:00:00+00:00,USGS-09092570,8.7,10.850000000000001,1010.0,8.2,8.3,2040.0,8.57
2024-10-24 10:00:00+00:00,USGS-09092570,8.8,10.55,1010.0,8.600000000000001,8.3,2060.0,8.58
2024-10-24 11:00:00+00:00,USGS-09092570,8.8,10.25,1020.0,8.5,8.2,2060.0,8.58
2024-10-24 12:00:00+00:00,USGS-09092570,8.8,9.95,1030.0,9.3,8.2,2060.0,8.58
2024-10-24 13:00:00+00:00,USGS-09092570,8.9,9.7,1040.0,9.0,8.1,2080.0,8.59
2024-10-24 14:00:00+00:00,USGS-09092570,9.0,9.45,1050.0,8.2,8.1,2080.0,8.59
2024-10-24 15:00:00+00:00,USGS-09092570,9.2,9.4,1055.0,8.2,8.1,2090.0,8.6
2024-10-24 16:00:00+00:00,USGS-09092570,9.55,9.55,1060.0,8.3,8.1,2100.0,8.605
2024-10-24 17:00:00+00:00,USGS-09092570,9.850000000000001,9.850000000000001,1060.0,8.2,8.2,2120.0,8.614999999999998
2024-10-24 18:00:00+00:00,USGS-09092570,10.149999999999999,10.25,1060.0,7.8999999999999995,8.25,2130.0,8.62
2024-10-24 19:00:00+00:00,USGS-09092570,10.45,10.649999999999999,1060.0,7.300000000000001,8.3,2160.0,8.64
2024-10-24 20:00:00+00:00,USGS-09092570,10.7,11.05,1060.0,7.8,8.4,2180.0,8.65
2024-10-24 21:00:00+00:00,USGS-09092570,10.7,11.2,1060.0,8.0,8.4,2200.0,8.66
2024-10-24 22:00:00+00:00,USGS-09092570,10.8,11.4,1060.0,7.9,8.5,2220.0,8.675
2024-10-24 23:00:00+00:00,USGS-09092570,10.6,11.25,1070.0,8.4,8.5,2250.0,8.69
2024-10-25 00:00:00+00:00,USGS-09092570,10.25,11.2,1080.0,8.399999999999999,8.5,2250.0,8.69
2024-10-25 01:00:00+00:00,USGS-09092570,10.0,11.149999999999999,1060.0,8.6,8.5,2240.0,8.684999999999999
2024-10-25 02:00:00+00:00,USGS-09092570,9.7,11.1,1040.0,7.8,8.4,2250.0,8.69
2024-10-25 03:00:00+00:00,USGS-09092570,9.4,11.0,1030.0,9.0,8.4,2250.0,8.69
2024-10-25 04:00:00+00:00,USGS-09092570,9.2,11.0,1020.0,9.0,8.4,2250.0,8.69
2024-10-25 05:00:00+00:00,USGS-09092570,9.1,10.95,1015.0,9.0,8.4,2250.0,8.69
2024-10-25 06:00:00+00:00,USGS-09092570,9.0,10.850000000000001,1000.0,9.0,8.4,2250.0,8.69
2024-10-25 07:00:00+00:00,USGS-09092570,8.9,10.7,997.5,8.2,8.4,2250.0,8.69
2024-10-25 08:00:00+00:00,USGS-09092570,8.9,10.45,992.5,8.7,8.3,2240.0,8.684999999999999
2024-10-25 09:00:00+00:00,USGS-09092570,8.9,10.25,988.5,8.7,8.3,2230.0,8.68
2024-10-25 10:00:00+00:00,USGS-09092570,8.9,9.95,986.0,8.6,8.25,2220.0,8.67
2024-10-25 11:00:00+00:00,USGS-09092570,9.0,9.649999999999999,987.0,9.0,8.2,2220.0,8.67
2024-10-25 12:00:00+00:00,USGS-09092570,9.0,9.4,987.0,8.6,8.149999999999999,2220.0,8.67
2024-10-25 13:00:00+00:00,USGS-09092570,9.05,9.149999999999999,987.0,8.5,8.1,2240.0,8.68
2024-10-25 14:00:00+00:00,USGS-09092570,9.149999999999999,8.95,987.0,8.6,8.1,2245.0,8.684999999999999
2024-10-25 15:00:00+00:00,USGS-09092570,9.350000000000001,8.9,987.5,8.5,8.1,2245.0,8.684999999999999
2024-10-25 16:00:00+00:00,USGS-09092570,9.649999999999999,9.0,989.0,8.8,8.1,2245.0,8.684999999999999
2024-10-25 17:00:00+00:00,USGS-09092570,9.95,9.25,988.0,7.6,8.2,2240.0,8.68
2024-10-25 18:00:00+00:00,USGS-09092570,10.3,9.649999999999999,986.0,7.6,8.2,2240.0,8.68
2024-10-25 19:00:00+00:00,USGS-09092570,10.6,10.05,985.0,7.6,8.3,2240.0,8.68
2024-10-25 20:00:00+00:00,USGS-09092570,10.8,10.4,986.0,7.3,8.4,2240.0,8.68
2024-10-25 21:00:00+00:00,USGS-09092570,10.9,10.7,986.0,7.8,8.4,2190.0,8.655000000000001
2024-10-25 22:00:00+00:00,USGS-09092570,10.9,10.850000000000001,984.0,7.6,8.5,2210.0,8.665
2024-10-25 23:00:00+00:00,USGS-09092570,10.75,10.9,982.0,7.8,8.5,2220.0,8.67
2024-10-26 00:00:00+00:00,USGS-09092570,10.45,10.9,981.0,7.4,8.5,2220.0,8.67
2024-10-26 01:00:00+00:00,USGS-09092570,10.149999999999999,10.9,980.0,8.2,8.5,2220.0,8.67
2024-10-26 02:00:00+00:00,USGS-09092570,9.850000000000001,10.850000000000001,980.5,7.4,8.5,2200.0,8.66
2024-10-26 03:00:00+00:00,USGS-09092570,9.55,10.850000000000001,981.5,8.0,8.4,2200.0,8.66
2024-10-26 04:00:00+00:00,USGS-09092570,9.3,10.9,983.0,7.8,8.4,2220.0,8.67
2024-10-26 05:00:00+00:00,USGS-09092570,9.2,10.850000000000001,984.0,7.5,8.4,2220.0,8.67
2024-10-26 06:00:00+00:00,USGS-09092570,9.1,10.75,984.0,8.5,8.4,2220.0,8.67
2024-10-26 07:00:00+00:00,USGS-09092570,9.0,10.6,985.5,8.1,8.4,2240.0,8.68
2024-10-26 08:00:00+00:00,USGS-09092570,9.0,10.4,986.0,7.5,8.4,2220.0,8.67
2024-10-26 09:00:00+00:00,USGS-09092570,9.0,10.149999999999999,986.0,7.699999999999999,8.3,2220.0,8.67
2024-10-26 10:00:00+00:00,USGS-09092570,9.0,9.850000000000001,986.5,7.8,8.3,2220.0,8.67
2024-10-26 11:00:00+00:00,USGS-09092570,9.0,9.55,989.0,7.6,8.2,2220.0,8.67
2024-10-26 12:00:00+00:00,USGS-09092570,9.1,9.3,991.5,8.1,8.149999999999999,2215.0,8.665
2024-10-26 13:00:00+00:00,USGS-09092570,9.1,9.05,992.0,7.8,8.1,2215.0,8.665
2024-10-26 14:00:00+00:00,USGS-09092570,9.2,8.8,991.5,8.1,8.1,2210.0,8.66
2024-10-26 15:00:00+00:00,USGS-09092570,9.45,8.7,990.5,7.2,8.1,2210.0,8.66
2024-10-26 16:00:00+00:00,USGS-09092570,9.75,8.850000000000001,991.0,7.8,8.1,2210.0,8.66
2024-10-26 17:00:00+00:00,USGS-09092570,10.05,9.149999999999999,991.0,7.0,8.2,2190.0,8.65
2024-10-26 18:00:00+00:00,USGS-09092570,10.350000000000001,9.45,991.5,7.300000000000001,8.2,2190.0,8.65
2024-10-26 19:00:00+00:00,USGS-09092570,10.649999999999999,9.850000000000001,990.5,7.1,8.3,2190.0,8.65
2024-10-26 20:00:00+00:00,USGS-09092570,10.850000000000001,10.25,988.0,6.699999999999999,8.4,2190.0,8.65
2024-10-26 21:00:00+00:00,USGS-09092570,11.0,10.55,986.0,6.6,8.4,2190.0,8.65
2024-10-26 22:00:00+00:00,USGS-09092570,11.0,10.7,984.0,6.4,8.5,2180.0,8.645
2024-10-26 23:00:00+00:00,USGS-09092570,10.850000000000001,10.7,983.5,6.4,8.5,2190.0,8.65
2024-10-27 00:00:00+00:00,USGS-09092570,10.5,10.7,984.5,5.800000000000001,8.5,2180.0,8.645
2024-10-27 01:00:00+00:00,USGS-09092570,10.2,10.7,987.5,6.9,8.5,2170.0,8.64
2024-10-27 02:00:00+00:00,USGS-09092570,9.850000000000001,10.6,990.5,6.4,8.5,2170.0,8.64
2024-10-27 03:00:00+00:00,USGS-09092570,9.6,10.6,992.0,6.4,8.4,2170.0,8.64
2024-10-27 04:00:00+00:00,USGS-09092570,9.4,10.6,993.0,6.0,8.4,2170.0,8.64
2024-10-27 05:00:00+00:00,USGS-09092570,9.25,10.6,994.5,6.300000000000001,8.4,2170.0,8.64
2024-10-27 06:00:00+00:00,USGS-09092570,9.1,10.5,996.5,6.5,8.4,2190.0,8.65
2024-10-27 07:00:00+00:00,USGS-09092570,9.1,10.350000000000001,999.0,6.6,8.4,2190.0,8.65
2024-10-27 08:00:00+00:00,USGS-09092570,9.1,10.149999999999999,1000.0,6.5,8.4,2170.0,8.64
2024-10-27 09:00:00+00:00,USGS-09092570,9.0,9.9,1000.0,7.6,8.3,2170.0,8.64
2024-10-27 10:00:00+00:00,USGS-09092570,9.1,9.6,1000.0,7.300000000000001,8.3,2170.0,8.64
2024-10-27 11:00:00+00:00,USGS-09092570,9.1,9.350000000000001,1000.0,7.1,8.2,2180.0,8.64
2024-10-27 12:00:00+00:00,USGS-09092570,9.1,9.05,1010.0,6.6,8.2,2180.0,8.64
2024-10-27 13:00:00+00:00,USGS-09092570,9.2,8.75,1010.0,6.8,8.1,2160.0,8.63
2024-10-27 14:00:00+00:00,USGS-09092570,9.3,8.55,1010.0,6.0,8.1,2160.0,8.63
2024-10-27 15:00:00+00:00,USGS-09092570,9.55,8.5,1010.0,6.0,8.1,2160.0,8.63
2024-10-27 16:00:00+00:00,USGS-09092570,9.850000000000001,8.6,1010.0,5.699999999999999,8.1,2160.0,8.63
2024-10-27 17:00:00+00:00,USGS-09092570,10.149999999999999,8.75,1010.0,6.1,8.2,2150.0,8.625
2024-10-27 18:00:00+00:00,USGS-09092570,10.45,9.05,1010.0,5.699999999999999,8.25,2140.0,8.62
2024-10-27 19:00:00+00:00,USGS-09092570,10.7,9.350000000000001,1010.0,5.6,8.3,2140.0,8.62
2024-10-27 20:00:00+00:00,USGS-09092570,10.9,9.75,1010.0,5.5,8.4,2140.0,8.62
2024-10-27 21:00:00+00:00,USGS-09092570,10.9,9.8,1010.0,6.0,8.4,2125.0,8.61
2024-10-27 22:00:00+00:00,USGS-09092570,10.9,9.95,1000.0,5.300000000000001,8.45,2110.0,8.6
2024-10-27 23:00:00+00:00,USGS-09092570,10.850000000000001,10.0,1000.0,5.6,8.5,2135.0,8.614999999999998
2024-10-28 00:00:00+00:00,USGS-09092570,10.5,10.0,1000.0,5.5,8.5,2120.0,8.605
2024-10-28 01:00:00+00:00,USGS-09092570,10.2,9.95,1000.0,6.4,8.4,2130.0,8.61
2024-10-28 02:00:00+00:00,USGS-09092570,9.9,9.9,1000.0,5.9,8.4,2130.0,8.61
2024-10-28 03:00:00+00:00,USGS-09092570,9.649999999999999,9.9,1000.0,5.9,8.4,2130.0,8.61
2024-10-28 04:00:00+00:00,USGS-09092570,9.45,10.0,1010.0,5.9,8.4,2130.0,8.61
2024-10-28 05:00:00+00:00,USGS-09092570,9.3,10.0,1010.0,5.4,8.4,2130.0,8.61
2024-10-28 06:00:00+00:00,USGS-09092570,9.2,10.0,1010.0,5.6,8.4,2130.0,8.61
2024-10-28 07:00:00+00:00,USGS-09092570,9.1,9.9,1010.0,5.699999999999999,8.350000000000001,2130.0,8.61
2024-10-28 08:00:00+00:00,USGS-09092570,9.05,9.8,1010.0,5.9,8.3,2120.0,8.605
2024-10-28 09:00:00+00:00,USGS-09092570,9.0,9.649999999999999,1010.0,6.2,8.3,2110.0,8.6
2024-10-28 10:00:00+00:00,USGS-09092570,9.0,9.5,1020.0,5.699999999999999,8.25,2110.0,8.6
2024-10-28 11:00:00+00:00,USGS-09092570,9.0,9.3,1020.0,6.0,8.2,2130.0,8.61
2024-10-28 12:00:00+00:00,USGS-09092570,9.0,9.149999999999999,1030.0,6.1,8.1,2130.0,8.61
2024-10-28 13:00:00+00:00,USGS-09092570,9.1,9.0,1030.0,6.1,8.1,2130.0,8.61
2024-10-28 14:00:00+00:00,USGS-09092570,9.1,8.9,1030.0,5.7,8.1,2130.0,8.61
2024-10-28 15:00:00+00:00,USGS-09092570,9.3,8.9,1030.0,5.8,8.1,2130.0,8.61
2024-10-28 16:00:00+00:00,USGS-09092570,9.6,9.0,1030.0,6.0,8.1,2130.0,8.61
2024-10-28 17:00:00+00:00,USGS-09092570,9.850000000000001,9.149999999999999,1030.0,5.4,8.2,2140.0,8.614999999999998
2024-10-28 18:00:00+00:00,USGS-09092570,10.1,9.25,1030.0,5.6,8.2,2110.0,8.6
2024-10-28 19:00:00+00:00,USGS-09092570,10.3,9.3,1030.0,6.300000000000001,8.3,2100.0,8.59
2024-10-28 20:00:00+00:00,USGS-09092570,10.45,9.4,1030.0,5.6,8.3,2095.0,8.59
2024-10-28 21:00:00+00:00,USGS-09092570,10.55,9.55,1020.0,6.1,8.4,2130.0,8.61
2024-10-28 22:00:00+00:00,USGS-09092570,10.7,9.75,1020.0,5.4,8.4,2150.0,8.62
2024-10-28 23:00:00+00:00,USGS-09092570,10.649999999999999,9.9,1020.0,5.8,8.4,2130.0,8.61
2024-10-29 00:00:00+00:00,USGS-09092570,10.350000000000001,9.7,1020.0,5.6,8.4,2130.0,8.61
2024-10-29 01:00:00+00:00,USGS-09092570,10.1,9.6,1020.0,5.699999999999999,8.4,2130.0,8.61
2024-10-29 02:00:00+00:00,USGS-09092570,9.850000000000001,9.6,1020.0,5.9,8.4,2150.0,8.62
2024-10-29 03:00:00+00:00,USGS-09092570,9.6,9.55,1020.0,5.5,8.4,2150.0,8.62
2024-10-29 04:00:00+00:00,USGS-09092570,9.4,9.5,1020.0,5.8,8.3,2160.0,8.625
2024-10-29 05:00:00+00:00,USGS-09092570,9.3,9.350000000000001,1020.0,6.0,8.3,2170.0,8.63
2024-10-29 06:00:00+00:00,USGS-09092570,9.2,9.2,1020.0,6.2,8.3,2170.0,8.63
2024-10-29 07:00:00+00:00,USGS-09092570,9.2,9.1,1020.0,6.0,8.2,2170.0,8.63
2024-10-29 08:00:00+00:00,USGS-09092570,9.1,9.0,1020.0,5.8,8.2,2160.0,8.625
2024-10-29 09:00:00+00:00,USGS-09092570,9.1,8.9,1020.0,6.4,8.1,2150.0,8.62
2024-10-29 10:00:00+00:00,USGS-09092570,9.1,8.9,1020.0,6.4,8.1,2170.0,8.63
2024-10-29 11:00:00+00:00,USGS-09092570,9.1,8.8,1020.0,6.0,8.1,2170.0,8.63
2024-10-29 12:00:00+00:00,USGS-09092570,9.1,8.8,1020.0,6.1,8.1,2170.0,8.63
2024-10-29 13:00:00+00:00,USGS-09092570,9.1,8.8,1015.0,6.6,8.0,2190.0,8.64
2024-10-29 14:00:00+00:00,USGS-09092570,9.1,8.75,997.0,363.5,8.05,2255.0,8.68
2024-10-29 15:00:00+00:00,USGS-09092570,9.1,8.7,979.0,2440.0,8.1,2390.0,8.754999999999999
2024-10-29 16:00:00+00:00,USGS-09092570,9.1,8.7,978.0,3935.0,8.0,2495.0,8.815000000000001
2024-10-29 17:00:00+00:00,USGS-09092570,9.1,8.850000000000001,968.5,2635.0,8.0,2495.0,8.815000000000001
2024-10-29 18:00:00+00:00,USGS-09092570,9.0,9.149999999999999,961.5,3305.0,8.0,2510.0,8.825
2024-10-29 19:00:00+00:00,USGS-09092570,9.0,9.350000000000001,968.5,2130.0,8.0,2425.0,8.774999999999999
2024-10-29 20:00:00+00:00,USGS-09092570,9.0,9.3,966.0,1615.0,8.0,2460.0,8.795
2024-10-29 21:00:00+00:00,USGS-09092570,9.0,9.4,965.0,1335.0,8.0,2480.0,8.805
2024-10-29 22:00:00+00:00,USGS-09092570,9.1,9.4,966.5,1165.0,8.0,2470.0,8.8
2024-10-29 23:00:00+00:00,USGS-09092570,9.1,9.350000000000001,965.0,1180.0,8.0,2460.0,8.795
2024-10-30 00:00:00+00:00,USGS-09092570,9.1,9.3,969.0,1045.0,8.0,2480.0,8.805
2024-10-30 01:00:00+00:00,USGS-09092570,9.1,9.3,981.5,764.0,8.0,2510.0,8.82
2024-10-30 02:00:00+00:00,USGS-09092570,9.2,9.350000000000001,996.0,533.0,8.1,2480.0,8.805
2024-10-30 03:00:00+00:00,USGS-09092570,9.2,9.4,1000.0,521.0,8.1,2460.0,8.795
2024-10-30 04:00:00+00:00,USGS-09092570,9.1,9.3,998.5,862.5,8.1,2460.0,8.795
2024-10-30 05:00:00+00:00,USGS-09092570,9.1,9.25,990.5,1130.0,8.1,2500.0,8.815000000000001
2024-10-30 06:00:00+00:00,USGS-09092570,9.1,9.2,991.5,984.0,8.1,2510.0,8.82
2024-10-30 07:00:00+00:00,USGS-09092570,9.1,9.1,997.0,704.5,8.0,2510.0,8.82
2024-10-30 08:00:00+00:00,USGS-09092570,9.1,9.05,998.5,513.0,8.0,2535.0,8.835
2024-10-30 09:00:00+00:00,USGS-09092570,9.1,9.0,992.5,384.0,8.0,2590.0,8.864999999999998
2024-10-30 10:00:00+00:00,USGS-09092570,9.1,8.9,985.0,302.0,8.0,2690.0,8.92
2024-10-30 11:00:00+00:00,USGS-09092570,9.2,8.7,977.5,276.0,8.0,2750.0,8.95
2024-10-30 12:00:00+00:00,USGS-09092570,9.2,8.6,972.5,283.5,8.0,2680.0,8.915
2024-10-30 13:00:00+00:00,USGS-09092570,9.2,8.45,964.0,323.5,8.0,2630.0,8.885000000000002
2024-10-30 14:00:00+00:00,USGS-09092570,9.2,8.1,956.0,300.0,8.0,2675.0,8.91
2024-10-30 15:00:00+00:00,USGS-09092570,9.3,8.0,947.5,406.5,8.0,2795.0,8.975000000000001
2024-10-30 16:00:00+00:00,USGS-09092570,9.3,7.8,942.5,350.0,7.95,2785.0,8.97
2024-10-30 17:00:00+00:00,USGS-09092570,9.4,7.8,934.0,319.0,7.9,2720.0,8.934999999999999
2024-10-30 18:00:00+00:00,USGS-09092570,9.5,7.9,925.5,395.0,7.9,2640.0,8.89
2024-10-30 19:00:00+00:00,USGS-09092570,9.5,7.9,912.5,461.0,7.9,2660.0,8.9
2024-10-30 20:00:00+00:00,USGS-09092570,9.55,8.0,903.0,574.0,7.9,2660.0,8.9
2024-10-30 21:00:00+00:00,USGS-09092570,9.6,8.1,902.0,795.5,8.0,2630.0,8.885000000000002
2024-10-30 22:00:00+00:00,USGS-09092570,9.6,8.3,913.5,652.5,8.0,2560.0,8.844999999999999
2024-10-30 23:00:00+00:00,USGS-09092570,9.6,8.2,920.5,590.5,8.0,2480.0,8.805
2024-10-31 00:00:00+00:00,USGS-09092570,9.6,8.149999999999999,921.0,503.0,8.0,2430.0,8.774999999999999
2024-10-31 01:00:00+00:00,USGS-09092570,9.7,8.1,920.5,338.5,8.0,2380.0,8.745000000000001
2024-10-31 02:00:00+00:00,USGS-09092570,9.6,8.1,924.5,215.5,8.0,2350.0,8.73
2024-10-31 03:00:00+00:00,USGS-09092570,9.6,8.0,933.5,164.5,8.0,2340.0,8.725000000000001
2024-10-31 04:00:00+00:00,USGS-09092570,9.6,7.95,943.0,123.5,8.0,2350.0,8.73
2024-10-31 05:00:00+00:00,USGS-09092570,9.6,7.9,953.0,100.3,8.0,2360.0,8.735
2024-10-31 06:00:00+00:00,USGS-09092570,9.6,7.8,960.5,84.19999999999999,8.0,2380.0,8.745000000000001
2024-10-31 07:00:00+00:00,USGS-09092570,9.6,7.7,968.0,79.0,8.0,2390.0,8.75
2024-10-31 08:00:00+00:00,USGS-09092570,9.6,7.55,976.0,62.4,8.0,2380.0,8.745000000000001
2024-10-31 09:00:00+00:00,USGS-09092570,9.6,7.35,983.0,65.6,8.0,2380.0,8.745000000000001
2024-10-31 10:00:00+00:00,USGS-09092570,9.649999999999999,7.2,991.5,55.4,8.0,2390.0,8.75
2024-10-31 11:00:00+00:00,USGS-09092570,9.7,7.0,999.5,55.2,8.0,2370.0,8.74
2024-10-31 12:00:00+00:00,USGS-09092570,9.7,6.85,1005.0,54.9,7.9,2370.0,8.74
2024-10-31 13:00:00+00:00,USGS-09092570,9.8,6.7,1010.0,56.6,7.9,2350.0,8.73
2024-10-31 14:00:00+00:00,USGS-09092570,9.8,6.6,1010.0,51.900000000000006,7.9,2350.0,8.73
2024-10-31 15:00:00+00:00,USGS-09092570,9.9,6.6,1000.0,46.3,7.9,2350.0,8.73
2024-10-31 16:00:00+00:00,USGS-09092570,10.0,6.65,997.5,44.6,8.0,2340.0,8.72
2024-10-31 17:00:00+00:00,USGS-09092570,10.1,6.85,995.5,42.5,8.0,2350.0,8.73
2024-10-31 18:00:00+00:00,USGS-09092570,10.3,7.15,995.0,38.2,8.0,2350.0,8.73
2024-10-31 19:00:00+00:00,USGS-09092570,10.4,7.45,994.0,37.7,8.1,2350.0,8.73
2024-10-31 20:00:00+00:00,USGS-09092570,10.55,7.75,993.0,31.7,8.1,2340.0,8.72
2024-10-31 21:00:00+00:00,USGS-09092570,10.6,7.9,993.0,33.8,8.2,2320.0,8.71
2024-10-31 22:00:00+00:00,USGS-09092570,10.45,7.9,994.5,37.7,8.2,2350.0,8.73
2024-10-31 23:00:00+00:00,USGS-09092570,10.25,7.9,996.5,38.5,8.149999999999999,2340.0,8.72
2024-11-01 00:00:00+00:00,USGS-09092570,10.1,7.9,998.0,46.8,8.1,2340.0,8.72
