station_id,time,Water temperature,Specific conductance,Discharge
USGS-09217000,2025-10-02 07:00:00+00:00,15.85,445.5,814.0
USGS-09217000,2025-10-02 08:00:00+00:00,15.6,448.0,814.0
USGS-09217000,2025-10-02 09:00:00+00:00,15.25,449.0,807.0
USGS-09217000,2025-10-02 10:00:00+00:00,14.95,446.5,807.0
USGS-09217000,2025-10-02 11:00:00+00:00,14.7,437.5,807.0
USGS-09217000,2025-10-02 12:00:00+00:00,14.45,436.5,807.0
USGS-09217000,2025-10-02 13:00:00+00:00,14.15,437.5,807.0
USGS-09217000,2025-10-02 14:00:00+00:00,13.9,439.0,807.0
USGS-09217000,2025-10-02 15:00:00+00:00,13.85,444.0,807.0
USGS-09217000,2025-10-02 16:00:00+00:00,14.0,446.0,803.5
USGS-09217000,2025-10-02 17:00:00+00:00,14.35,443.0,807.0
USGS-09217000,2025-10-02 18:00:00+00:00,14.8,439.5,807.0
USGS-09217000,2025-10-02 19:00:00+00:00,15.3,443.0,810.5
USGS-09217000,2025-10-02 20:00:00+00:00,15.85,440.5,803.5
USGS-09217000,2025-10-02 21:00:00+00:00,16.299999999999997,438.0,807.0
USGS-09217000,2025-10-02 22:00:00+00:00,16.7,439.0,807.0
USGS-09217000,2025-10-02 23:00:00+00:00,16.95,446.0,803.5
USGS-09217000,2025-10-03 00:00:00+00:00,17.0,445.5,807.0
USGS-09217000,2025-10-03 01:00:00+00:00,17.0,456.0,810.5
USGS-09217000,2025-10-03 02:00:00+00:00,16.9,445.0,814.0
USGS-09217000,2025-10-03 03:00:00+00:00,16.8,447.0,817.5
USGS-09217000,2025-10-03 04:00:00+00:00,16.65,447.0,821.0
USGS-09217000,2025-10-03 05:00:00+00:00,16.45,448.5,814.0
USGS-09217000,2025-10-03 06:00:00+00:00,16.15,447.0,814.0
USGS-09217000,2025-10-03 07:00:00+00:00,15.9,436.5,807.0
USGS-09217000,2025-10-03 08:00:00+00:00,15.7,437.5,800.0
USGS-09217000,2025-10-03 09:00:00+00:00,15.45,438.0,796.5
USGS-09217000,2025-10-03 10:00:00+00:00,15.2,436.5,800.0
USGS-09217000,2025-10-03 11:00:00+00:00,14.95,439.0,800.0
USGS-09217000,2025-10-03 12:00:00+00:00,14.65,444.0,800.0
USGS-09217000,2025-10-03 13:00:00+00:00,14.35,450.0,800.0
USGS-09217000,2025-10-03 14:00:00+00:00,14.15,454.5,800.0
USGS-09217000,2025-10-03 15:00:00+00:00,14.1,456.0,807.0
USGS-09217000,2025-10-03 16:00:00+00:00,14.25,455.5,807.0
USGS-09217000,2025-10-03 17:00:00+00:00,14.45,449.0,810.5
USGS-09217000,2025-10-03 18:00:00+00:00,14.85,451.0,807.0
USGS-09217000,2025-10-03 19:00:00+00:00,15.35,449.5,807.0
USGS-09217000,2025-10-03 20:00:00+00:00,15.8,447.5,800.0
USGS-09217000,2025-10-03 21:00:00+00:00,16.15,448.0,796.5
USGS-09217000,2025-10-03 22:00:00+00:00,16.35,453.0,800.0
USGS-09217000,2025-10-03 23:00:00+00:00,16.3,460.0,807.0
USGS-09217000,2025-10-04 00:00:00+00:00,16.25,465.5,814.0
USGS-09217000,2025-10-04 01:00:00+00:00,16.2,479.0,814.0
USGS-09217000,2025-10-04 02:00:00+00:00,16.1,490.5,828.0
USGS-09217000,2025-10-04 03:00:00+00:00,16.0,500.0,831.5
USGS-09217000,2025-10-04 04:00:00+00:00,15.8,509.0,831.5
USGS-09217000,2025-10-04 05:00:00+00:00,15.6,516.0,828.0
USGS-09217000,2025-10-04 06:00:00+00:00,15.35,521.0,828.0
USGS-09217000,2025-10-04 07:00:00+00:00,15.15,523.0,824.5
USGS-09217000,2025-10-04 08:00:00+00:00,14.85,526.5,821.0
USGS-09217000,2025-10-04 09:00:00+00:00,14.6,530.0,814.0
USGS-09217000,2025-10-04 10:00:00+00:00,14.35,536.0,814.0
USGS-09217000,2025-10-04 11:00:00+00:00,14.15,539.5,814.0
USGS-09217000,2025-10-04 12:00:00+00:00,13.95,542.5,814.0
USGS-09217000,2025-10-04 13:00:00+00:00,13.8,544.0,807.0
USGS-09217000,2025-10-04 14:00:00+00:00,13.65,547.0,810.5
USGS-09217000,2025-10-04 15:00:00+00:00,13.6,550.5,814.0
USGS-09217000,2025-10-04 16:00:00+00:00,13.7,553.5,814.0
USGS-09217000,2025-10-04 17:00:00+00:00,13.8,555.0,814.0
USGS-09217000,2025-10-04 18:00:00+00:00,14.15,556.0,814.0
USGS-09217000,2025-10-04 19:00:00+00:00,14.15,554.0,814.0
USGS-09217000,2025-10-04 20:00:00+00:00,14.35,552.0,817.5
USGS-09217000,2025-10-04 21:00:00+00:00,14.05,546.5,835.0
USGS-09217000,2025-10-04 22:00:00+00:00,13.95,532.5,884.0
USGS-09217000,2025-10-04 23:00:00+00:00,13.7,499.0,863.0
USGS-09217000,2025-10-05 00:00:00+00:00,13.8,482.0,866.5
USGS-09217000,2025-10-05 01:00:00+00:00,13.6,476.0,863.0
USGS-09217000,2025-10-05 02:00:00+00:00,13.45,474.0,863.0
USGS-09217000,2025-10-05 03:00:00+00:00,13.2,472.0,863.0
USGS-09217000,2025-10-05 04:00:00+00:00,12.95,469.0,856.0
USGS-09217000,2025-10-05 05:00:00+00:00,12.75,469.0,845.5
USGS-09217000,2025-10-05 06:00:00+00:00,12.5,476.0,838.5
USGS-09217000,2025-10-05 07:00:00+00:00,12.3,485.5,842.0
USGS-09217000,2025-10-05 08:00:00+00:00,12.1,497.5,838.5
USGS-09217000,2025-10-05 09:00:00+00:00,11.85,501.5,835.0
USGS-09217000,2025-10-05 10:00:00+00:00,11.65,503.0,835.0
USGS-09217000,2025-10-05 11:00:00+00:00,11.5,508.5,835.0
USGS-09217000,2025-10-05 12:00:00+00:00,11.4,516.0,835.0
USGS-09217000,2025-10-05 13:00:00+00:00,11.25,517.5,838.5
USGS-09217000,2025-10-05 14:00:00+00:00,11.2,526.0,838.5
USGS-09217000,2025-10-05 15:00:00+00:00,11.1,521.5,842.0
USGS-09217000,2025-10-05 16:00:00+00:00,11.2,513.5,845.5
USGS-09217000,2025-10-05 17:00:00+00:00,11.3,511.0,849.0
USGS-09217000,2025-10-05 18:00:00+00:00,11.4,512.0,852.5
USGS-09217000,2025-10-05 19:00:00+00:00,11.4,512.5,856.0
USGS-09217000,2025-10-05 20:00:00+00:00,11.65,515.0,856.0
USGS-09217000,2025-10-05 21:00:00+00:00,11.9,507.0,852.5
USGS-09217000,2025-10-05 22:00:00+00:00,12.0,498.5,845.5
USGS-09217000,2025-10-05 23:00:00+00:00,12.1,496.5,835.0
USGS-09217000,2025-10-06 00:00:00+00:00,12.1,494.0,835.0
USGS-09217000,2025-10-06 01:00:00+00:00,12.1,493.5,838.5
USGS-09217000,2025-10-06 02:00:00+00:00,12.1,493.5,842.0
USGS-09217000,2025-10-06 03:00:00+00:00,12.0,499.0,849.0
USGS-09217000,2025-10-06 04:00:00+00:00,11.95,513.0,849.0
USGS-09217000,2025-10-06 05:00:00+00:00,11.85,513.5,849.0
USGS-09217000,2025-10-06 06:00:00+00:00,11.8,519.5,842.0
USGS-09217000,2025-10-06 07:00:00+00:00,11.7,528.5,842.0
USGS-09217000,2025-10-06 08:00:00+00:00,11.6,530.5,835.0
USGS-09217000,2025-10-06 09:00:00+00:00,11.35,534.0,835.0
USGS-09217000,2025-10-06 10:00:00+00:00,11.05,532.0,835.0
USGS-09217000,2025-10-06 11:00:00+00:00,10.8,530.5,835.0
USGS-09217000,2025-10-06 12:00:00+00:00,10.55,533.5,835.0
USGS-09217000,2025-10-06 13:00:00+00:00,10.3,524.0,835.0
USGS-09217000,2025-10-06 14:00:00+00:00,10.15,525.5,828.0
USGS-09217000,2025-10-06 15:00:00+00:00,10.1,523.5,828.0
USGS-09217000,2025-10-06 16:00:00+00:00,10.1,527.5,831.5
USGS-09217000,2025-10-06 17:00:00+00:00,10.3,524.0,828.0
USGS-09217000,2025-10-06 18:00:00+00:00,10.65,520.5,831.5
USGS-09217000,2025-10-06 19:00:00+00:00,11.1,516.0,831.5
USGS-09217000,2025-10-06 20:00:00+00:00,11.65,513.5,835.0
USGS-09217000,2025-10-06 21:00:00+00:00,12.05,517.0,835.0
USGS-09217000,2025-10-06 22:00:00+00:00,12.45,524.5,838.5
USGS-09217000,2025-10-06 23:00:00+00:00,12.55,516.5,842.0
USGS-09217000,2025-10-07 00:00:00+00:00,12.65,507.0,842.0
USGS-09217000,2025-10-07 01:00:00+00:00,12.6,517.0,842.0
USGS-09217000,2025-10-07 02:00:00+00:00,12.6,512.0,835.0
USGS-09217000,2025-10-07 03:00:00+00:00,12.45,509.0,835.0
USGS-09217000,2025-10-07 04:00:00+00:00,12.3,510.0,842.0
USGS-09217000,2025-10-07 05:00:00+00:00,12.1,515.5,842.0
USGS-09217000,2025-10-07 06:00:00+00:00,11.85,518.5,835.0
USGS-09217000,2025-10-07 07:00:00+00:00,11.6,528.0,828.0
USGS-09217000,2025-10-07 08:00:00+00:00,11.35,546.0,835.0
USGS-09217000,2025-10-07 09:00:00+00:00,11.05,546.5,828.0
USGS-09217000,2025-10-07 10:00:00+00:00,10.75,553.5,828.0
USGS-09217000,2025-10-07 11:00:00+00:00,10.45,558.0,821.0
USGS-09217000,2025-10-07 12:00:00+00:00,10.15,554.5,821.0
USGS-09217000,2025-10-07 13:00:00+00:00,9.85,552.5,821.0
USGS-09217000,2025-10-07 14:00:00+00:00,9.6,549.0,821.0
USGS-09217000,2025-10-07 15:00:00+00:00,9.6,559.0,807.0
USGS-09217000,2025-10-07 16:00:00+00:00,9.75,559.5,810.5
USGS-09217000,2025-10-07 17:00:00+00:00,10.05,555.5,831.5
USGS-09217000,2025-10-07 18:00:00+00:00,10.45,542.5,849.0
USGS-09217000,2025-10-07 19:00:00+00:00,11.0,527.0,863.0
USGS-09217000,2025-10-07 20:00:00+00:00,11.5,512.0,856.0
USGS-09217000,2025-10-07 21:00:00+00:00,12.05,509.5,845.5
USGS-09217000,2025-10-07 22:00:00+00:00,12.45,504.0,842.0
USGS-09217000,2025-10-07 23:00:00+00:00,12.7,500.5,842.0
USGS-09217000,2025-10-08 00:00:00+00:00,12.8,502.5,842.0
USGS-09217000,2025-10-08 01:00:00+00:00,12.8,501.5,845.5
USGS-09217000,2025-10-08 02:00:00+00:00,12.8,500.5,849.0
USGS-09217000,2025-10-08 03:00:00+00:00,12.75,500.0,856.0
USGS-09217000,2025-10-08 04:00:00+00:00,12.6,494.5,856.0
USGS-09217000,2025-10-08 05:00:00+00:00,12.4,494.0,856.0
USGS-09217000,2025-10-08 06:00:00+00:00,12.2,498.0,852.5
USGS-09217000,2025-10-08 07:00:00+00:00,12.0,504.5,849.0
USGS-09217000,2025-10-08 08:00:00+00:00,11.75,504.5,849.0
USGS-09217000,2025-10-08 09:00:00+00:00,11.5,509.0,849.0
USGS-09217000,2025-10-08 10:00:00+00:00,11.25,513.5,842.0
USGS-09217000,2025-10-08 11:00:00+00:00,11.0,517.5,842.0
USGS-09217000,2025-10-08 12:00:00+00:00,10.75,527.0,842.0
USGS-09217000,2025-10-08 13:00:00+00:00,10.5,537.5,842.0
USGS-09217000,2025-10-08 14:00:00+00:00,10.25,550.0,849.0
USGS-09217000,2025-10-08 15:00:00+00:00,10.2,552.5,849.0
USGS-09217000,2025-10-08 16:00:00+00:00,10.4,546.5,849.0
USGS-09217000,2025-10-08 17:00:00+00:00,10.75,536.5,849.0
USGS-09217000,2025-10-08 18:00:00+00:00,11.25,534.0,849.0
USGS-09217000,2025-10-08 19:00:00+00:00,11.8,540.5,849.0
USGS-09217000,2025-10-08 20:00:00+00:00,12.4,542.0,842.0
USGS-09217000,2025-10-08 21:00:00+00:00,12.9,553.0,838.5
USGS-09217000,2025-10-08 22:00:00+00:00,13.35,556.0,838.5
USGS-09217000,2025-10-08 23:00:00+00:00,13.6,558.5,845.5
USGS-09217000,2025-10-09 00:00:00+00:00,13.8,560.0,849.0
USGS-09217000,2025-10-09 01:00:00+00:00,13.8,542.5,856.0
USGS-09217000,2025-10-09 02:00:00+00:00,13.8,528.0,863.0
USGS-09217000,2025-10-09 03:00:00+00:00,13.75,528.5,863.0
USGS-09217000,2025-10-09 04:00:00+00:00,13.6,518.5,863.0
USGS-09217000,2025-10-09 05:00:00+00:00,13.4,511.0,856.0
USGS-09217000,2025-10-09 06:00:00+00:00,13.2,510.5,856.0
USGS-09217000,2025-10-09 07:00:00+00:00,12.95,509.5,856.0
USGS-09217000,2025-10-09 08:00:00+00:00,12.75,509.5,856.0
USGS-09217000,2025-10-09 09:00:00+00:00,12.45,510.5,849.0
USGS-09217000,2025-10-09 10:00:00+00:00,12.15,509.0,849.0
USGS-09217000,2025-10-09 11:00:00+00:00,11.75,507.5,849.0
USGS-09217000,2025-10-09 12:00:00+00:00,11.5,506.5,849.0
USGS-09217000,2025-10-09 13:00:00+00:00,11.25,507.0,845.5
USGS-09217000,2025-10-09 14:00:00+00:00,11.0,504.5,845.5
USGS-09217000,2025-10-09 15:00:00+00:00,11.0,504.0,849.0
USGS-09217000,2025-10-09 16:00:00+00:00,11.15,510.5,849.0
USGS-09217000,2025-10-09 17:00:00+00:00,11.45,508.0,842.0
USGS-09217000,2025-10-09 18:00:00+00:00,11.95,502.5,842.0
USGS-09217000,2025-10-09 19:00:00+00:00,12.55,508.0,842.0
USGS-09217000,2025-10-09 20:00:00+00:00,13.1,508.0,842.0
USGS-09217000,2025-10-09 21:00:00+00:00,13.55,507.0,842.0
USGS-09217000,2025-10-09 22:00:00+00:00,13.95,503.0,849.0
USGS-09217000,2025-10-09 23:00:00+00:00,14.15,501.5,849.0
USGS-09217000,2025-10-10 00:00:00+00:00,14.2,498.0,852.5
USGS-09217000,2025-10-10 01:00:00+00:00,14.3,499.0,859.5
USGS-09217000,2025-10-10 02:00:00+00:00,14.25,490.0,866.5
USGS-09217000,2025-10-10 03:00:00+00:00,14.1,481.0,870.0
USGS-09217000,2025-10-10 04:00:00+00:00,13.85,484.5,866.5
USGS-09217000,2025-10-10 05:00:00+00:00,13.6,477.5,863.0
USGS-09217000,2025-10-10 06:00:00+00:00,13.4,480.5,856.0
USGS-09217000,2025-10-10 07:00:00+00:00,13.25,482.0,849.0
USGS-09217000,2025-10-10 08:00:00+00:00,13.05,479.0,849.0
USGS-09217000,2025-10-10 09:00:00+00:00,12.9,477.0,849.0
USGS-09217000,2025-10-10 10:00:00+00:00,12.75,470.0,849.0
USGS-09217000,2025-10-10 11:00:00+00:00,12.65,465.5,842.0
USGS-09217000,2025-10-10 12:00:00+00:00,12.5,463.0,842.0
USGS-09217000,2025-10-10 13:00:00+00:00,12.4,458.0,842.0
USGS-09217000,2025-10-10 14:00:00+00:00,12.3,455.5,856.0
USGS-09217000,2025-10-10 15:00:00+00:00,12.3,455.5,859.5
USGS-09217000,2025-10-10 16:00:00+00:00,12.4,456.0,863.0
USGS-09217000,2025-10-10 17:00:00+00:00,12.65,450.5,863.0
USGS-09217000,2025-10-10 18:00:00+00:00,13.0,452.0,863.0
USGS-09217000,2025-10-10 19:00:00+00:00,13.35,461.5,863.0
USGS-09217000,2025-10-10 20:00:00+00:00,13.75,469.5,856.0
USGS-09217000,2025-10-10 21:00:00+00:00,14.05,467.5,849.0
USGS-09217000,2025-10-10 22:00:00+00:00,14.3,464.5,849.0
USGS-09217000,2025-10-10 23:00:00+00:00,14.5,474.5,849.0
USGS-09217000,2025-10-11 00:00:00+00:00,14.7,474.5,856.0
USGS-09217000,2025-10-11 01:00:00+00:00,14.7,476.0,866.5
USGS-09217000,2025-10-11 02:00:00+00:00,14.7,478.5,877.0
USGS-09217000,2025-10-11 03:00:00+00:00,14.7,485.0,877.0
USGS-09217000,2025-10-11 04:00:00+00:00,14.6,488.5,877.0
USGS-09217000,2025-10-11 05:00:00+00:00,14.45,493.0,877.0
USGS-09217000,2025-10-11 06:00:00+00:00,14.3,492.5,870.0
USGS-09217000,2025-10-11 07:00:00+00:00,14.2,488.5,866.5
USGS-09217000,2025-10-11 08:00:00+00:00,14.1,479.0,863.0
USGS-09217000,2025-10-11 09:00:00+00:00,14.0,470.0,863.0
USGS-09217000,2025-10-11 10:00:00+00:00,13.9,465.0,863.0
USGS-09217000,2025-10-11 11:00:00+00:00,13.75,463.5,863.0
USGS-09217000,2025-10-11 12:00:00+00:00,13.7,467.0,863.0
USGS-09217000,2025-10-11 13:00:00+00:00,13.6,467.0,863.0
USGS-09217000,2025-10-11 14:00:00+00:00,13.55,464.5,863.0
USGS-09217000,2025-10-11 15:00:00+00:00,13.5,467.5,856.0
USGS-09217000,2025-10-11 16:00:00+00:00,13.55,465.0,863.0
USGS-09217000,2025-10-11 17:00:00+00:00,13.7,465.5,863.0
USGS-09217000,2025-10-11 18:00:00+00:00,13.85,471.5,866.5
USGS-09217000,2025-10-11 19:00:00+00:00,14.35,473.0,877.0
USGS-09217000,2025-10-11 20:00:00+00:00,14.85,471.0,877.0
USGS-09217000,2025-10-11 21:00:00+00:00,15.25,471.5,877.0
USGS-09217000,2025-10-11 22:00:00+00:00,15.5,468.5,866.5
USGS-09217000,2025-10-11 23:00:00+00:00,15.6,467.0,863.0
USGS-09217000,2025-10-12 00:00:00+00:00,15.6,471.0,849.0
USGS-09217000,2025-10-12 01:00:00+00:00,15.5,474.5,842.0
USGS-09217000,2025-10-12 02:00:00+00:00,15.35,484.5,835.0
USGS-09217000,2025-10-12 03:00:00+00:00,15.15,481.5,828.0
USGS-09217000,2025-10-12 04:00:00+00:00,14.7,470.5,831.5
USGS-09217000,2025-10-12 05:00:00+00:00,14.05,464.5,821.0
USGS-09217000,2025-10-12 06:00:00+00:00,13.75,469.0,821.0
USGS-09217000,2025-10-12 07:00:00+00:00,13.55,474.5,817.5
USGS-09217000,2025-10-12 08:00:00+00:00,13.25,475.5,814.0
USGS-09217000,2025-10-12 09:00:00+00:00,12.85,474.5,800.0
USGS-09217000,2025-10-12 10:00:00+00:00,12.55,480.0,800.0
USGS-09217000,2025-10-12 11:00:00+00:00,12.15,478.5,800.0
USGS-09217000,2025-10-12 12:00:00+00:00,11.75,477.5,800.0
USGS-09217000,2025-10-12 13:00:00+00:00,11.35,470.0,800.0
USGS-09217000,2025-10-12 14:00:00+00:00,10.85,472.5,800.0
USGS-09217000,2025-10-12 15:00:00+00:00,10.65,474.5,800.0
USGS-09217000,2025-10-12 16:00:00+00:00,10.65,476.5,803.5
USGS-09217000,2025-10-12 17:00:00+00:00,10.8,475.0,807.0
USGS-09217000,2025-10-12 18:00:00+00:00,11.0,475.5,800.0
USGS-09217000,2025-10-12 19:00:00+00:00,11.3,475.0,800.0
USGS-09217000,2025-10-12 20:00:00+00:00,11.55,478.5,793.0
USGS-09217000,2025-10-12 21:00:00+00:00,11.9,478.5,793.0
USGS-09217000,2025-10-12 22:00:00+00:00,12.2,480.5,796.5
USGS-09217000,2025-10-12 23:00:00+00:00,12.3,479.5,807.0
USGS-09217000,2025-10-13 00:00:00+00:00,12.25,479.5,814.0
USGS-09217000,2025-10-13 01:00:00+00:00,12.1,480.0,814.0
USGS-09217000,2025-10-13 02:00:00+00:00,12.05,481.0,821.0
USGS-09217000,2025-10-13 03:00:00+00:00,11.9,476.5,828.0
USGS-09217000,2025-10-13 04:00:00+00:00,11.7,476.0,821.0
USGS-09217000,2025-10-13 05:00:00+00:00,11.4,480.0,821.0
USGS-09217000,2025-10-13 06:00:00+00:00,11.05,480.0,814.0
USGS-09217000,2025-10-13 07:00:00+00:00,10.75,480.0,807.0
USGS-09217000,2025-10-13 08:00:00+00:00,10.45,481.5,807.0
USGS-09217000,2025-10-13 09:00:00+00:00,10.15,490.0,807.0
USGS-09217000,2025-10-13 10:00:00+00:00,9.85,490.0,807.0
USGS-09217000,2025-10-13 11:00:00+00:00,9.55,487.5,807.0
USGS-09217000,2025-10-13 12:00:00+00:00,9.25,486.5,800.0
USGS-09217000,2025-10-13 13:00:00+00:00,8.9,486.0,807.0
USGS-09217000,2025-10-13 14:00:00+00:00,8.6,493.0,803.5
USGS-09217000,2025-10-13 15:00:00+00:00,8.5,494.5,800.0
USGS-09217000,2025-10-13 16:00:00+00:00,8.55,485.0,803.5
USGS-09217000,2025-10-13 17:00:00+00:00,8.75,479.5,800.0
USGS-09217000,2025-10-13 18:00:00+00:00,9.1,481.5,793.0
USGS-09217000,2025-10-13 19:00:00+00:00,9.55,481.0,793.0
USGS-09217000,2025-10-13 20:00:00+00:00,9.9,480.5,793.0
USGS-09217000,2025-10-13 21:00:00+00:00,10.35,482.5,793.0
USGS-09217000,2025-10-13 22:00:00+00:00,10.55,483.0,793.0
USGS-09217000,2025-10-13 23:00:00+00:00,10.7,479.0,793.0
USGS-09217000,2025-10-14 00:00:00+00:00,10.8,478.0,796.5
USGS-09217000,2025-10-14 01:00:00+00:00,11.0,479.5,800.0
USGS-09217000,2025-10-14 02:00:00+00:00,11.1,478.0,800.0
USGS-09217000,2025-10-14 03:00:00+00:00,11.1,480.0,807.0
USGS-09217000,2025-10-14 04:00:00+00:00,11.0,480.5,807.0
USGS-09217000,2025-10-14 05:00:00+00:00,10.85,483.0,807.0
USGS-09217000,2025-10-14 06:00:00+00:00,10.7,482.0,807.0
USGS-09217000,2025-10-14 07:00:00+00:00,10.55,481.5,807.0
USGS-09217000,2025-10-14 08:00:00+00:00,10.4,486.5,803.5
USGS-09217000,2025-10-14 09:00:00+00:00,10.3,485.0,800.0
USGS-09217000,2025-10-14 10:00:00+00:00,10.2,483.5,800.0
USGS-09217000,2025-10-14 11:00:00+00:00,10.05,489.0,800.0
USGS-09217000,2025-10-14 12:00:00+00:00,9.9,491.5,793.0
USGS-09217000,2025-10-14 13:00:00+00:00,9.75,487.0,796.5
USGS-09217000,2025-10-14 14:00:00+00:00,9.6,484.5,800.0
USGS-09217000,2025-10-14 15:00:00+00:00,9.7,489.0,796.5
USGS-09217000,2025-10-14 16:00:00+00:00,9.95,491.0,787.0
USGS-09217000,2025-10-14 17:00:00+00:00,10.35,487.5,780.0
USGS-09217000,2025-10-14 18:00:00+00:00,10.75,479.0,780.0
USGS-09217000,2025-10-14 19:00:00+00:00,11.25,474.5,780.0
USGS-09217000,2025-10-14 20:00:00+00:00,11.65,471.0,774.0
USGS-09217000,2025-10-14 21:00:00+00:00,11.8,468.0,777.0
USGS-09217000,2025-10-14 22:00:00+00:00,12.05,467.0,770.5
USGS-09217000,2025-10-14 23:00:00+00:00,12.35,470.5,777.0
USGS-09217000,2025-10-15 00:00:00+00:00,12.4,471.0,777.0
USGS-09217000,2025-10-15 01:00:00+00:00,12.4,476.5,780.0
USGS-09217000,2025-10-15 02:00:00+00:00,12.3,486.0,787.0
USGS-09217000,2025-10-15 03:00:00+00:00,12.3,494.0,793.0
USGS-09217000,2025-10-15 04:00:00+00:00,12.3,497.5,793.0
USGS-09217000,2025-10-15 05:00:00+00:00,12.2,495.0,793.0
USGS-09217000,2025-10-15 06:00:00+00:00,12.05,496.0,787.0
USGS-09217000,2025-10-15 07:00:00+00:00,11.85,500.0,787.0
USGS-09217000,2025-10-15 08:00:00+00:00,11.7,495.5,787.0
USGS-09217000,2025-10-15 09:00:00+00:00,11.5,498.5,780.0
USGS-09217000,2025-10-15 10:00:00+00:00,11.25,500.0,780.0
USGS-09217000,2025-10-15 11:00:00+00:00,11.05,497.5,780.0
USGS-09217000,2025-10-15 12:00:00+00:00,10.9,496.0,780.0
USGS-09217000,2025-10-15 13:00:00+00:00,10.75,494.5,777.0
USGS-09217000,2025-10-15 14:00:00+00:00,10.6,496.5,774.0
USGS-09217000,2025-10-15 15:00:00+00:00,10.65,494.5,780.0
USGS-09217000,2025-10-15 16:00:00+00:00,10.9,491.0,780.0
USGS-09217000,2025-10-15 17:00:00+00:00,11.25,490.5,780.0
USGS-09217000,2025-10-15 18:00:00+00:00,11.65,488.5,777.0
USGS-09217000,2025-10-15 19:00:00+00:00,12.1,488.0,774.0
USGS-09217000,2025-10-15 20:00:00+00:00,12.55,484.0,770.5
USGS-09217000,2025-10-15 21:00:00+00:00,12.8,477.0,767.0
USGS-09217000,2025-10-15 22:00:00+00:00,12.9,472.5,764.0
USGS-09217000,2025-10-15 23:00:00+00:00,13.0,471.5,767.0
USGS-09217000,2025-10-16 00:00:00+00:00,12.95,470.5,770.5
USGS-09217000,2025-10-16 01:00:00+00:00,12.9,483.5,780.0
USGS-09217000,2025-10-16 02:00:00+00:00,12.75,491.0,783.5
USGS-09217000,2025-10-16 03:00:00+00:00,12.6,489.5,787.0
USGS-09217000,2025-10-16 04:00:00+00:00,12.5,491.0,793.0
USGS-09217000,2025-10-16 05:00:00+00:00,12.3,484.0,793.0
USGS-09217000,2025-10-16 06:00:00+00:00,12.1,481.0,787.0
USGS-09217000,2025-10-16 07:00:00+00:00,11.9,478.0,787.0
USGS-09217000,2025-10-16 08:00:00+00:00,11.65,478.0,787.0
USGS-09217000,2025-10-16 09:00:00+00:00,11.35,480.0,787.0
USGS-09217000,2025-10-16 10:00:00+00:00,11.05,479.0,793.0
USGS-09217000,2025-10-16 11:00:00+00:00,10.8,479.0,796.5
USGS-09217000,2025-10-16 12:00:00+00:00,10.6,474.0,790.0
USGS-09217000,2025-10-16 13:00:00+00:00,10.5,472.0,787.0
USGS-09217000,2025-10-16 14:00:00+00:00,10.3,475.0,790.0
USGS-09217000,2025-10-16 15:00:00+00:00,10.2,474.5,793.0
USGS-09217000,2025-10-16 16:00:00+00:00,10.1,472.5,793.0
USGS-09217000,2025-10-16 17:00:00+00:00,10.0,478.0,800.0
USGS-09217000,2025-10-16 18:00:00+00:00,9.9,475.5,800.0
USGS-09217000,2025-10-16 19:00:00+00:00,10.0,474.0,796.5
USGS-09217000,2025-10-16 20:00:00+00:00,10.25,469.0,793.0
USGS-09217000,2025-10-16 21:00:00+00:00,10.5,464.0,787.0
USGS-09217000,2025-10-16 22:00:00+00:00,10.7,460.0,780.0
USGS-09217000,2025-10-16 23:00:00+00:00,10.7,464.5,780.0
USGS-09217000,2025-10-17 00:00:00+00:00,10.8,472.0,780.0
USGS-09217000,2025-10-17 01:00:00+00:00,10.75,489.5,787.0
USGS-09217000,2025-10-17 02:00:00+00:00,10.7,493.5,787.0
USGS-09217000,2025-10-17 03:00:00+00:00,10.6,488.0,787.0
USGS-09217000,2025-10-17 04:00:00+00:00,10.4,479.0,787.0
USGS-09217000,2025-10-17 05:00:00+00:00,10.25,475.5,780.0
USGS-09217000,2025-10-17 06:00:00+00:00,10.05,479.5,774.0
USGS-09217000,2025-10-17 07:00:00+00:00,9.85,478.0,770.5
USGS-09217000,2025-10-17 08:00:00+00:00,9.65,477.0,767.0
USGS-09217000,2025-10-17 09:00:00+00:00,9.45,480.0,761.0
USGS-09217000,2025-10-17 10:00:00+00:00,9.15,481.0,761.0
USGS-09217000,2025-10-17 11:00:00+00:00,8.9,480.5,767.0
USGS-09217000,2025-10-17 12:00:00+00:00,8.7,481.0,767.0
USGS-09217000,2025-10-17 13:00:00+00:00,8.5,477.5,767.0
USGS-09217000,2025-10-17 14:00:00+00:00,8.3,479.5,767.0
USGS-09217000,2025-10-17 15:00:00+00:00,8.25,480.5,767.0
USGS-09217000,2025-10-17 16:00:00+00:00,8.4,476.0,774.0
USGS-09217000,2025-10-17 17:00:00+00:00,8.55,474.0,780.0
USGS-09217000,2025-10-17 18:00:00+00:00,8.95,474.0,780.0
USGS-09217000,2025-10-17 19:00:00+00:00,9.2,476.5,774.0
USGS-09217000,2025-10-17 20:00:00+00:00,9.35,473.5,767.0
USGS-09217000,2025-10-17 21:00:00+00:00,9.7,473.0,767.0
USGS-09217000,2025-10-17 22:00:00+00:00,9.9,474.0,761.0
USGS-09217000,2025-10-17 23:00:00+00:00,10.0,474.5,761.0
USGS-09217000,2025-10-18 00:00:00+00:00,10.0,477.5,761.0
USGS-09217000,2025-10-18 01:00:00+00:00,9.9,477.0,767.0
USGS-09217000,2025-10-18 02:00:00+00:00,9.8,475.5,767.0
USGS-09217000,2025-10-18 03:00:00+00:00,9.65,469.5,777.0
USGS-09217000,2025-10-18 04:00:00+00:00,9.5,469.0,787.0
USGS-09217000,2025-10-18 05:00:00+00:00,9.4,470.5,793.0
USGS-09217000,2025-10-18 06:00:00+00:00,9.25,470.5,793.0
USGS-09217000,2025-10-18 07:00:00+00:00,9.15,474.0,800.0
USGS-09217000,2025-10-18 08:00:00+00:00,9.05,476.5,800.0
USGS-09217000,2025-10-18 09:00:00+00:00,8.9,476.5,796.5
USGS-09217000,2025-10-18 10:00:00+00:00,8.7,478.0,793.0
USGS-09217000,2025-10-18 11:00:00+00:00,8.5,477.0,793.0
USGS-09217000,2025-10-18 12:00:00+00:00,8.3,480.5,793.0
USGS-09217000,2025-10-18 13:00:00+00:00,8.1,484.0,790.0
USGS-09217000,2025-10-18 14:00:00+00:00,7.9,484.5,790.0
USGS-09217000,2025-10-18 15:00:00+00:00,7.85,485.5,793.0
USGS-09217000,2025-10-18 16:00:00+00:00,7.95,484.5,793.0
USGS-09217000,2025-10-18 17:00:00+00:00,8.25,481.0,793.0
USGS-09217000,2025-10-18 18:00:00+00:00,8.55,475.5,793.0
USGS-09217000,2025-10-18 19:00:00+00:00,8.95,473.0,793.0
USGS-09217000,2025-10-18 20:00:00+00:00,9.35,471.5,793.0
USGS-09217000,2025-10-18 21:00:00+00:00,9.85,468.5,787.0
USGS-09217000,2025-10-18 22:00:00+00:00,10.1,468.0,787.0
USGS-09217000,2025-10-18 23:00:00+00:00,10.2,468.5,787.0
USGS-09217000,2025-10-19 00:00:00+00:00,10.2,469.0,787.0
USGS-09217000,2025-10-19 01:00:00+00:00,10.1,467.5,787.0
USGS-09217000,2025-10-19 02:00:00+00:00,10.0,470.0,787.0
USGS-09217000,2025-10-19 03:00:00+00:00,9.9,467.0,793.0
USGS-09217000,2025-10-19 04:00:00+00:00,9.75,467.5,793.0
USGS-09217000,2025-10-19 05:00:00+00:00,9.55,469.0,793.0
USGS-09217000,2025-10-19 06:00:00+00:00,9.35,467.5,793.0
USGS-09217000,2025-10-19 07:00:00+00:00,9.15,465.5,793.0
USGS-09217000,2025-10-19 08:00:00+00:00,8.9,467.0,793.0
USGS-09217000,2025-10-19 09:00:00+00:00,8.649999999999999,466.5,793.0
USGS-09217000,2025-10-19 10:00:00+00:00,8.4,467.5,793.0
USGS-09217000,2025-10-19 11:00:00+00:00,8.149999999999999,466.5,793.0
USGS-09217000,2025-10-19 12:00:00+00:00,7.9,470.0,793.0
USGS-09217000,2025-10-19 13:00:00+00:00,7.65,471.0,793.0
USGS-09217000,2025-10-19 14:00:00+00:00,7.45,472.0,793.0
USGS-09217000,2025-10-19 15:00:00+00:00,7.4,471.5,793.0
USGS-09217000,2025-10-19 16:00:00+00:00,7.5,472.0,793.0
USGS-09217000,2025-10-19 17:00:00+00:00,7.8,471.5,793.0
USGS-09217000,2025-10-19 18:00:00+00:00,8.2,471.0,793.0
USGS-09217000,2025-10-19 19:00:00+00:00,8.649999999999999,468.0,793.0
USGS-09217000,2025-10-19 20:00:00+00:00,9.15,468.5,800.0
USGS-09217000,2025-10-19 21:00:00+00:00,9.65,465.0,793.0
USGS-09217000,2025-10-19 22:00:00+00:00,10.05,463.5,790.0
USGS-09217000,2025-10-19 23:00:00+00:00,10.3,462.0,793.0
USGS-09217000,2025-10-20 00:00:00+00:00,10.3,461.0,790.0
USGS-09217000,2025-10-20 01:00:00+00:00,10.35,459.5,787.0
USGS-09217000,2025-10-20 02:00:00+00:00,10.4,462.0,793.0
USGS-09217000,2025-10-20 03:00:00+00:00,10.4,466.0,793.0
USGS-09217000,2025-10-20 04:00:00+00:00,10.25,464.5,796.5
USGS-09217000,2025-10-20 05:00:00+00:00,10.1,465.5,800.0
USGS-09217000,2025-10-20 06:00:00+00:00,9.9,469.0,800.0
USGS-09217000,2025-10-20 07:00:00+00:00,9.7,472.5,800.0
USGS-09217000,2025-10-20 08:00:00+00:00,9.55,475.5,800.0
USGS-09217000,2025-10-20 09:00:00+00:00,9.25,478.5,800.0
USGS-09217000,2025-10-20 10:00:00+00:00,8.95,479.0,796.5
USGS-09217000,2025-10-20 11:00:00+00:00,8.6,477.0,796.5
USGS-09217000,2025-10-20 12:00:00+00:00,8.350000000000001,477.0,793.0
USGS-09217000,2025-10-20 13:00:00+00:00,8.1,477.5,793.0
USGS-09217000,2025-10-20 14:00:00+00:00,7.85,479.0,793.0
USGS-09217000,2025-10-20 15:00:00+00:00,7.8,479.5,793.0
USGS-09217000,2025-10-20 16:00:00+00:00,7.8,481.5,793.0
USGS-09217000,2025-10-20 17:00:00+00:00,7.9,483.0,793.0
USGS-09217000,2025-10-20 18:00:00+00:00,8.1,482.0,793.0
USGS-09217000,2025-10-20 19:00:00+00:00,8.350000000000001,483.0,793.0
USGS-09217000,2025-10-20 20:00:00+00:00,8.649999999999999,481.0,790.0
USGS-09217000,2025-10-20 21:00:00+00:00,8.9,481.0,787.0
USGS-09217000,2025-10-20 22:00:00+00:00,9.0,477.5,787.0
USGS-09217000,2025-10-20 23:00:00+00:00,8.9,476.5,780.0
USGS-09217000,2025-10-21 00:00:00+00:00,8.8,475.0,787.0
USGS-09217000,2025-10-21 01:00:00+00:00,8.7,475.0,787.0
USGS-09217000,2025-10-21 02:00:00+00:00,8.55,476.5,793.0
USGS-09217000,2025-10-21 03:00:00+00:00,8.4,477.5,793.0
USGS-09217000,2025-10-21 04:00:00+00:00,8.3,479.5,800.0
USGS-09217000,2025-10-21 05:00:00+00:00,8.1,482.5,800.0
USGS-09217000,2025-10-21 06:00:00+00:00,7.95,484.5,796.5
USGS-09217000,2025-10-21 07:00:00+00:00,7.7,486.5,793.0
USGS-09217000,2025-10-21 08:00:00+00:00,7.45,489.0,793.0
USGS-09217000,2025-10-21 09:00:00+00:00,7.15,491.0,793.0
USGS-09217000,2025-10-21 10:00:00+00:00,6.9,493.0,790.0
USGS-09217000,2025-10-21 11:00:00+00:00,6.6,494.0,787.0
USGS-09217000,2025-10-21 12:00:00+00:00,6.35,494.0,793.0
USGS-09217000,2025-10-21 13:00:00+00:00,6.1,494.0,787.0
USGS-09217000,2025-10-21 14:00:00+00:00,5.85,495.0,793.0
USGS-09217000,2025-10-21 15:00:00+00:00,5.7,494.0,793.0
USGS-09217000,2025-10-21 16:00:00+00:00,5.8,494.0,800.0
USGS-09217000,2025-10-21 17:00:00+00:00,6.05,492.5,800.0
USGS-09217000,2025-10-21 18:00:00+00:00,6.45,490.5,796.5
USGS-09217000,2025-10-21 19:00:00+00:00,6.85,488.5,800.0
USGS-09217000,2025-10-21 20:00:00+00:00,7.35,488.0,796.5
USGS-09217000,2025-10-21 21:00:00+00:00,7.75,488.0,800.0
USGS-09217000,2025-10-21 22:00:00+00:00,8.149999999999999,489.5,800.0
USGS-09217000,2025-10-21 23:00:00+00:00,8.350000000000001,491.5,800.0
USGS-09217000,2025-10-22 00:00:00+00:00,8.4,493.0,800.0
USGS-09217000,2025-10-22 01:00:00+00:00,8.5,494.0,800.0
USGS-09217000,2025-10-22 02:00:00+00:00,8.5,493.0,800.0
USGS-09217000,2025-10-22 03:00:00+00:00,8.4,492.0,796.5
USGS-09217000,2025-10-22 04:00:00+00:00,8.3,490.5,796.5
USGS-09217000,2025-10-22 05:00:00+00:00,8.149999999999999,489.0,800.0
USGS-09217000,2025-10-22 06:00:00+00:00,7.95,487.5,800.0
USGS-09217000,2025-10-22 07:00:00+00:00,7.75,486.0,800.0
USGS-09217000,2025-10-22 08:00:00+00:00,7.55,485.0,796.5
USGS-09217000,2025-10-22 09:00:00+00:00,7.3,483.5,800.0
USGS-09217000,2025-10-22 10:00:00+00:00,7.05,482.0,800.0
USGS-09217000,2025-10-22 11:00:00+00:00,6.75,481.0,800.0
USGS-09217000,2025-10-22 12:00:00+00:00,6.5,482.0,800.0
USGS-09217000,2025-10-22 13:00:00+00:00,6.25,482.5,796.5
USGS-09217000,2025-10-22 14:00:00+00:00,6.05,483.0,793.0
USGS-09217000,2025-10-22 15:00:00+00:00,6.0,484.0,793.0
USGS-09217000,2025-10-22 16:00:00+00:00,6.1,485.0,793.0
USGS-09217000,2025-10-22 17:00:00+00:00,6.35,484.0,793.0
USGS-09217000,2025-10-22 18:00:00+00:00,6.800000000000001,483.5,796.5
USGS-09217000,2025-10-22 19:00:00+00:00,7.300000000000001,483.0,796.5
USGS-09217000,2025-10-22 20:00:00+00:00,7.85,483.0,800.0
USGS-09217000,2025-10-22 21:00:00+00:00,8.2,484.0,800.0
USGS-09217000,2025-10-22 22:00:00+00:00,8.55,484.0,800.0
USGS-09217000,2025-10-22 23:00:00+00:00,8.75,485.0,800.0
USGS-09217000,2025-10-23 00:00:00+00:00,8.9,486.0,800.0
USGS-09217000,2025-10-23 01:00:00+00:00,9.05,486.0,800.0
USGS-09217000,2025-10-23 02:00:00+00:00,9.1,484.0,807.0
USGS-09217000,2025-10-23 03:00:00+00:00,9.1,483.0,807.0
USGS-09217000,2025-10-23 04:00:00+00:00,9.1,481.5,814.0
USGS-09217000,2025-10-23 05:00:00+00:00,9.0,482.5,810.5
USGS-09217000,2025-10-23 06:00:00+00:00,8.9,483.5,810.5
USGS-09217000,2025-10-23 07:00:00+00:00,8.75,487.0,807.0
USGS-09217000,2025-10-23 08:00:00+00:00,8.6,491.0,807.0
USGS-09217000,2025-10-23 09:00:00+00:00,8.4,490.0,803.5
USGS-09217000,2025-10-23 10:00:00+00:00,8.2,465.0,800.0
USGS-09217000,2025-10-23 11:00:00+00:00,8.05,439.0,800.0
USGS-09217000,2025-10-23 12:00:00+00:00,7.85,433.0,800.0
USGS-09217000,2025-10-23 13:00:00+00:00,7.65,432.5,800.0
USGS-09217000,2025-10-23 14:00:00+00:00,7.5,436.5,807.0
USGS-09217000,2025-10-23 15:00:00+00:00,7.4,440.5,807.0
USGS-09217000,2025-10-23 16:00:00+00:00,7.4,443.0,803.5
USGS-09217000,2025-10-23 17:00:00+00:00,7.5,443.5,807.0
USGS-09217000,2025-10-23 18:00:00+00:00,7.75,442.0,803.5
USGS-09217000,2025-10-23 19:00:00+00:00,7.95,441.5,807.0
USGS-09217000,2025-10-23 20:00:00+00:00,8.1,433.0,828.0
USGS-09217000,2025-10-23 21:00:00+00:00,8.3,432.5,835.0
USGS-09217000,2025-10-23 22:00:00+00:00,8.5,430.0,835.0
USGS-09217000,2025-10-23 23:00:00+00:00,8.6,429.0,835.0
USGS-09217000,2025-10-24 00:00:00+00:00,8.7,427.0,831.5
USGS-09217000,2025-10-24 01:00:00+00:00,8.7,425.5,831.5
USGS-09217000,2025-10-24 02:00:00+00:00,8.7,423.0,828.0
USGS-09217000,2025-10-24 03:00:00+00:00,8.6,425.5,828.0
USGS-09217000,2025-10-24 04:00:00+00:00,8.5,427.0,828.0
USGS-09217000,2025-10-24 05:00:00+00:00,8.350000000000001,425.5,828.0
USGS-09217000,2025-10-24 06:00:00+00:00,8.2,426.5,828.0
USGS-09217000,2025-10-24 07:00:00+00:00,8.0,428.0,828.0
USGS-09217000,2025-10-24 08:00:00+00:00,7.75,427.5,828.0
USGS-09217000,2025-10-24 09:00:00+00:00,7.5,428.0,828.0
USGS-09217000,2025-10-24 10:00:00+00:00,7.3,428.5,828.0
USGS-09217000,2025-10-24 11:00:00+00:00,7.15,429.0,828.0
USGS-09217000,2025-10-24 12:00:00+00:00,6.95,430.0,828.0
USGS-09217000,2025-10-24 13:00:00+00:00,6.75,432.0,828.0
USGS-09217000,2025-10-24 14:00:00+00:00,6.55,432.5,828.0
USGS-09217000,2025-10-24 15:00:00+00:00,6.5,433.0,828.0
USGS-09217000,2025-10-24 16:00:00+00:00,6.65,433.5,828.0
USGS-09217000,2025-10-24 17:00:00+00:00,6.95,434.0,835.0
USGS-09217000,2025-10-24 18:00:00+00:00,7.4,435.0,828.0
USGS-09217000,2025-10-24 19:00:00+00:00,7.9,434.5,831.5
USGS-09217000,2025-10-24 20:00:00+00:00,8.4,434.0,838.5
USGS-09217000,2025-10-24 21:00:00+00:00,8.850000000000001,432.5,863.0
USGS-09217000,2025-10-24 22:00:00+00:00,9.25,432.0,873.5
USGS-09217000,2025-10-24 23:00:00+00:00,9.5,429.0,891.0
USGS-09217000,2025-10-25 00:00:00+00:00,9.6,429.5,891.0
USGS-09217000,2025-10-25 01:00:00+00:00,9.7,427.0,884.0
USGS-09217000,2025-10-25 02:00:00+00:00,9.7,426.0,877.0
USGS-09217000,2025-10-25 03:00:00+00:00,9.6,427.5,859.5
USGS-09217000,2025-10-25 04:00:00+00:00,9.5,427.0,831.5
USGS-09217000,2025-10-25 05:00:00+00:00,9.3,429.5,800.0
USGS-09217000,2025-10-25 06:00:00+00:00,9.15,433.0,777.0
USGS-09217000,2025-10-25 07:00:00+00:00,8.9,434.0,761.0
USGS-09217000,2025-10-25 08:00:00+00:00,8.649999999999999,435.5,754.0
USGS-09217000,2025-10-25 09:00:00+00:00,8.4,438.0,754.0
USGS-09217000,2025-10-25 10:00:00+00:00,8.149999999999999,439.0,767.0
USGS-09217000,2025-10-25 11:00:00+00:00,7.85,438.5,774.0
USGS-09217000,2025-10-25 12:00:00+00:00,7.6,441.0,780.0
USGS-09217000,2025-10-25 13:00:00+00:00,7.35,443.0,783.5
USGS-09217000,2025-10-25 14:00:00+00:00,7.15,442.0,787.0
USGS-09217000,2025-10-25 15:00:00+00:00,7.1,440.5,793.0
USGS-09217000,2025-10-25 16:00:00+00:00,7.15,440.0,796.5
USGS-09217000,2025-10-25 17:00:00+00:00,7.35,438.0,793.0
USGS-09217000,2025-10-25 18:00:00+00:00,7.7,435.0,793.0
USGS-09217000,2025-10-25 19:00:00+00:00,8.05,435.5,796.5
USGS-09217000,2025-10-25 20:00:00+00:00,8.45,435.0,793.0
USGS-09217000,2025-10-25 21:00:00+00:00,8.7,434.0,796.5
USGS-09217000,2025-10-25 22:00:00+00:00,8.95,436.5,793.0
USGS-09217000,2025-10-25 23:00:00+00:00,9.1,438.5,793.0
USGS-09217000,2025-10-26 00:00:00+00:00,9.2,439.0,800.0
USGS-09217000,2025-10-26 01:00:00+00:00,9.3,439.0,800.0
USGS-09217000,2025-10-26 02:00:00+00:00,9.3,439.5,807.0
USGS-09217000,2025-10-26 03:00:00+00:00,9.3,442.0,807.0
USGS-09217000,2025-10-26 04:00:00+00:00,9.3,442.0,807.0
USGS-09217000,2025-10-26 05:00:00+00:00,9.2,448.0,807.0
USGS-09217000,2025-10-26 06:00:00+00:00,9.1,461.0,807.0
USGS-09217000,2025-10-26 07:00:00+00:00,8.9,470.0,810.5
USGS-09217000,2025-10-26 08:00:00+00:00,8.8,476.0,807.0
USGS-09217000,2025-10-26 09:00:00+00:00,8.649999999999999,479.5,807.0
USGS-09217000,2025-10-26 10:00:00+00:00,8.55,480.5,803.5
USGS-09217000,2025-10-26 11:00:00+00:00,8.4,468.0,807.0
USGS-09217000,2025-10-26 12:00:00+00:00,8.3,463.5,803.5
USGS-09217000,2025-10-26 13:00:00+00:00,8.2,459.5,807.0
USGS-09217000,2025-10-26 14:00:00+00:00,8.0,458.0,807.0
USGS-09217000,2025-10-26 15:00:00+00:00,8.0,460.0,807.0
USGS-09217000,2025-10-26 16:00:00+00:00,8.0,461.0,803.5
USGS-09217000,2025-10-26 17:00:00+00:00,8.05,460.5,803.5
USGS-09217000,2025-10-26 18:00:00+00:00,8.350000000000001,461.5,807.0
USGS-09217000,2025-10-26 19:00:00+00:00,8.6,463.0,807.0
USGS-09217000,2025-10-26 20:00:00+00:00,8.6,463.5,807.0
USGS-09217000,2025-10-26 21:00:00+00:00,8.649999999999999,464.0,800.0
USGS-09217000,2025-10-26 22:00:00+00:00,8.8,465.0,807.0
USGS-09217000,2025-10-26 23:00:00+00:00,8.8,465.0,803.5
USGS-09217000,2025-10-27 00:00:00+00:00,8.7,459.5,800.0
USGS-09217000,2025-10-27 01:00:00+00:00,8.7,459.0,807.0
USGS-09217000,2025-10-27 02:00:00+00:00,8.7,458.0,807.0
USGS-09217000,2025-10-27 03:00:00+00:00,8.6,462.5,807.0
USGS-09217000,2025-10-27 04:00:00+00:00,8.6,464.5,807.0
USGS-09217000,2025-10-27 05:00:00+00:00,8.5,466.5,814.0
USGS-09217000,2025-10-27 06:00:00+00:00,8.4,469.5,821.0
USGS-09217000,2025-10-27 07:00:00+00:00,8.4,476.5,821.0
USGS-09217000,2025-10-27 08:00:00+00:00,8.25,480.0,831.5
USGS-09217000,2025-10-27 09:00:00+00:00,8.1,481.0,835.0
USGS-09217000,2025-10-27 10:00:00+00:00,8.0,485.5,835.0
USGS-09217000,2025-10-27 11:00:00+00:00,7.9,489.0,835.0
USGS-09217000,2025-10-27 12:00:00+00:00,7.75,491.0,835.0
USGS-09217000,2025-10-27 13:00:00+00:00,7.55,490.0,838.5
USGS-09217000,2025-10-27 14:00:00+00:00,7.4,486.0,777.0
USGS-09217000,2025-10-27 15:00:00+00:00,7.3,483.0,831.5
USGS-09217000,2025-10-27 16:00:00+00:00,7.3,480.5,835.0
USGS-09217000,2025-10-27 17:00:00+00:00,7.45,479.0,838.5
USGS-09217000,2025-10-27 18:00:00+00:00,7.55,479.0,831.5
USGS-09217000,2025-10-27 19:00:00+00:00,7.7,481.5,835.0
USGS-09217000,2025-10-27 20:00:00+00:00,7.7,483.5,835.0
USGS-09217000,2025-10-27 21:00:00+00:00,7.8,486.0,828.0
USGS-09217000,2025-10-27 22:00:00+00:00,7.8,487.0,828.0
USGS-09217000,2025-10-27 23:00:00+00:00,7.7,485.0,828.0
USGS-09217000,2025-10-28 00:00:00+00:00,7.45,484.0,828.0
USGS-09217000,2025-10-28 01:00:00+00:00,7.25,483.5,821.0
USGS-09217000,2025-10-28 02:00:00+00:00,7.05,482.0,821.0
USGS-09217000,2025-10-28 03:00:00+00:00,6.8,482.0,821.0
USGS-09217000,2025-10-28 04:00:00+00:00,6.65,483.0,817.5
USGS-09217000,2025-10-28 05:00:00+00:00,6.5,484.0,817.5
USGS-09217000,2025-10-28 06:00:00+00:00,6.3,485.0,814.0
USGS-09217000,2025-10-28 07:00:00+00:00,6.05,486.0,814.0
USGS-09217000,2025-10-28 08:00:00+00:00,5.8,487.0,814.0
USGS-09217000,2025-10-28 09:00:00+00:00,5.55,487.0,814.0
USGS-09217000,2025-10-28 10:00:00+00:00,5.3,488.0,810.5
USGS-09217000,2025-10-28 11:00:00+00:00,5.05,489.0,810.5
USGS-09217000,2025-10-28 12:00:00+00:00,4.8,489.0,807.0
USGS-09217000,2025-10-28 13:00:00+00:00,4.55,490.0,803.5
USGS-09217000,2025-10-28 14:00:00+00:00,4.25,491.0,803.5
USGS-09217000,2025-10-28 15:00:00+00:00,4.1,491.5,800.0
USGS-09217000,2025-10-28 16:00:00+00:00,4.2,492.5,800.0
USGS-09217000,2025-10-28 17:00:00+00:00,4.4,493.0,800.0
USGS-09217000,2025-10-28 18:00:00+00:00,4.65,493.0,852.5
USGS-09217000,2025-10-28 19:00:00+00:00,5.05,493.0,807.0
USGS-09217000,2025-10-28 20:00:00+00:00,5.35,493.0,810.5
USGS-09217000,2025-10-28 21:00:00+00:00,5.7,493.0,821.0
USGS-09217000,2025-10-28 22:00:00+00:00,5.95,493.0,831.5
USGS-09217000,2025-10-28 23:00:00+00:00,6.1,493.0,828.0
USGS-09217000,2025-10-29 00:00:00+00:00,6.1,494.0,821.0
USGS-09217000,2025-10-29 01:00:00+00:00,6.1,493.0,807.0
USGS-09217000,2025-10-29 02:00:00+00:00,6.0,493.0,793.0
USGS-09217000,2025-10-29 03:00:00+00:00,5.9,494.0,787.0
USGS-09217000,2025-10-29 04:00:00+00:00,5.75,495.0,787.0
USGS-09217000,2025-10-29 05:00:00+00:00,5.6,496.0,787.0
USGS-09217000,2025-10-29 06:00:00+00:00,5.4,496.0,787.0
USGS-09217000,2025-10-29 07:00:00+00:00,5.2,497.0,787.0
USGS-09217000,2025-10-29 08:00:00+00:00,5.0,498.0,780.0
USGS-09217000,2025-10-29 09:00:00+00:00,4.8,498.0,783.5
USGS-09217000,2025-10-29 10:00:00+00:00,4.55,499.0,787.0
USGS-09217000,2025-10-29 11:00:00+00:00,4.3,499.0,783.5
USGS-09217000,2025-10-29 12:00:00+00:00,4.05,499.0,780.0
USGS-09217000,2025-10-29 13:00:00+00:00,3.8,500.0,780.0
USGS-09217000,2025-10-29 14:00:00+00:00,3.6,501.0,780.0
USGS-09217000,2025-10-29 15:00:00+00:00,3.5,502.0,780.0
USGS-09217000,2025-10-29 16:00:00+00:00,3.65,501.5,787.0
USGS-09217000,2025-10-29 17:00:00+00:00,3.95,502.0,787.0
USGS-09217000,2025-10-29 18:00:00+00:00,4.35,502.0,787.0
USGS-09217000,2025-10-29 19:00:00+00:00,4.75,502.0,787.0
USGS-09217000,2025-10-29 20:00:00+00:00,5.25,502.0,787.0
USGS-09217000,2025-10-29 21:00:00+00:00,5.65,502.0,787.0
USGS-09217000,2025-10-29 22:00:00+00:00,6.05,502.0,790.0
USGS-09217000,2025-10-29 23:00:00+00:00,6.3,503.0,800.0
USGS-09217000,2025-10-30 00:00:00+00:00,6.4,503.0,817.5
USGS-09217000,2025-10-30 01:00:00+00:00,6.45,503.5,835.0
USGS-09217000,2025-10-30 02:00:00+00:00,6.5,503.5,838.5
USGS-09217000,2025-10-30 03:00:00+00:00,6.5,501.5,842.0
USGS-09217000,2025-10-30 04:00:00+00:00,6.4,497.5,838.5
USGS-09217000,2025-10-30 05:00:00+00:00,6.25,495.5,842.0
USGS-09217000,2025-10-30 06:00:00+00:00,6.1,494.0,842.0
USGS-09217000,2025-10-30 07:00:00+00:00,5.95,494.0,842.0
USGS-09217000,2025-10-30 08:00:00+00:00,5.8,494.0,845.5
USGS-09217000,2025-10-30 09:00:00+00:00,5.6,494.5,842.0
USGS-09217000,2025-10-30 10:00:00+00:00,5.4,494.0,842.0
USGS-09217000,2025-10-30 11:00:00+00:00,5.15,493.0,838.5
USGS-09217000,2025-10-30 12:00:00+00:00,4.95,494.0,835.0
USGS-09217000,2025-10-30 13:00:00+00:00,4.75,494.0,835.0
USGS-09217000,2025-10-30 14:00:00+00:00,4.6,494.0,835.0
USGS-09217000,2025-10-30 15:00:00+00:00,4.5,495.0,835.0
USGS-09217000,2025-10-30 16:00:00+00:00,4.7,495.0,838.5
USGS-09217000,2025-10-30 17:00:00+00:00,4.95,495.0,835.0
USGS-09217000,2025-10-30 18:00:00+00:00,5.35,495.0,838.5
USGS-09217000,2025-10-30 19:00:00+00:00,5.75,495.0,835.0
USGS-09217000,2025-10-30 20:00:00+00:00,6.25,495.0,835.0
USGS-09217000,2025-10-30 21:00:00+00:00,6.6,494.0,835.0
USGS-09217000,2025-10-30 22:00:00+00:00,6.9,493.0,835.0
USGS-09217000,2025-10-30 23:00:00+00:00,7.1,492.0,842.0
USGS-09217000,2025-10-31 00:00:00+00:00,7.2,493.0,842.0
USGS-09217000,2025-10-31 01:00:00+00:00,7.2,493.0,842.0
USGS-09217000,2025-10-31 02:00:00+00:00,7.2,492.5,845.5
USGS-09217000,2025-10-31 03:00:00+00:00,7.2,492.0,842.0
USGS-09217000,2025-10-31 04:00:00+00:00,7.1,490.0,842.0
USGS-09217000,2025-10-31 05:00:00+00:00,6.95,488.5,838.5
USGS-09217000,2025-10-31 06:00:00+00:00,6.8,487.0,842.0
USGS-09217000,2025-10-31 07:00:00+00:00,6.6,485.0,842.0
USGS-09217000,2025-10-31 08:00:00+00:00,6.45,484.0,835.0
USGS-09217000,2025-10-31 09:00:00+00:00,6.25,482.5,835.0
USGS-09217000,2025-10-31 10:00:00+00:00,6.05,482.0,835.0
USGS-09217000,2025-10-31 11:00:00+00:00,5.85,482.0,835.0
USGS-09217000,2025-10-31 12:00:00+00:00,5.7,482.0,835.0
USGS-09217000,2025-10-31 13:00:00+00:00,5.5,482.0,835.0
USGS-09217000,2025-10-31 14:00:00+00:00,5.35,483.0,835.0
USGS-09217000,2025-10-31 15:00:00+00:00,5.25,483.0,835.0
USGS-09217000,2025-10-31 16:00:00+00:00,5.35,483.0,835.0
USGS-09217000,2025-10-31 17:00:00+00:00,5.6,483.0,835.0
USGS-09217000,2025-10-31 18:00:00+00:00,5.95,483.0,835.0
USGS-09217000,2025-10-31 19:00:00+00:00,6.35,482.0,835.0
USGS-09217000,2025-10-31 20:00:00+00:00,6.8,482.0,835.0
USGS-09217000,2025-10-31 21:00:00+00:00,7.15,482.0,835.0
USGS-09217000,2025-10-31 22:00:00+00:00,7.4,483.0,817.5
USGS-09217000,2025-10-31 23:00:00+00:00,7.55,483.5,810.5
USGS-09217000,2025-11-01 00:00:00+00:00,7.6,484.0,807.0
USGS-09217000,2025-11-01 01:00:00+00:00,7.6,484.0,807.0
USGS-09217000,2025-11-01 02:00:00+00:00,7.6,484.0,807.0
USGS-09217000,2025-11-01 03:00:00+00:00,7.6,482.0,807.0
USGS-09217000,2025-11-01 04:00:00+00:00,7.5,473.0,814.0
USGS-09217000,2025-11-01 05:00:00+00:00,7.4,469.5,810.5
USGS-09217000,2025-11-01 06:00:00+00:00,7.3,468.0,807.0
USGS-09217000,2025-11-01 07:00:00+00:00,7.15,,807.0
USGS-09217000,2025-11-01 08:00:00+00:00,6.95,,803.5
USGS-09217000,2025-11-01 09:00:00+00:00,6.75,,800.0
USGS-09217000,2025-11-01 10:00:00+00:00,6.55,,800.0
USGS-09217000,2025-11-01 11:00:00+00:00,6.35,,800.0
USGS-09217000,2025-11-01 12:00:00+00:00,6.2,,800.0
USGS-09217000,2025-11-01 13:00:00+00:00,6.1,,800.0
USGS-09217000,2025-11-01 14:00:00+00:00,6.05,,807.0
USGS-09217000,2025-11-01 15:00:00+00:00,6.0,,807.0
USGS-09217000,2025-11-01 16:00:00+00:00,6.05,,807.0
USGS-09217000,2025-11-01 17:00:00+00:00,6.3,,803.5
USGS-09217000,2025-11-01 18:00:00+00:00,6.55,,803.5
USGS-09217000,2025-11-01 19:00:00+00:00,6.85,,807.0
USGS-09217000,2025-11-01 20:00:00+00:00,7.25,,807.0
USGS-09217000,2025-11-01 21:00:00+00:00,7.55,,807.0
USGS-09217000,2025-11-01 22:00:00+00:00,7.8,,807.0
USGS-09217000,2025-11-01 23:00:00+00:00,7.9,,807.0
USGS-09217000,2025-11-02 00:00:00+00:00,7.9,,803.5
USGS-09217000,2025-11-02 01:00:00+00:00,8.0,,807.0
USGS-09217000,2025-11-02 02:00:00+00:00,8.0,,803.5
USGS-09217000,2025-11-02 03:00:00+00:00,8.0,,807.0
USGS-09217000,2025-11-02 04:00:00+00:00,7.9,,803.5
USGS-09217000,2025-11-02 05:00:00+00:00,7.8,,807.0
USGS-09217000,2025-11-02 06:00:00+00:00,7.65,,807.0
USGS-09217000,2025-11-02 07:00:00+00:00,7.5,,807.0
USGS-09217000,2025-11-02 08:00:00+00:00,7.3,,807.0
USGS-09217000,2025-11-02 09:00:00+00:00,7.05,,800.0
USGS-09217000,2025-11-02 10:00:00+00:00,6.85,,800.0
USGS-09217000,2025-11-02 11:00:00+00:00,6.6,,800.0
USGS-09217000,2025-11-02 12:00:00+00:00,6.35,,800.0
USGS-09217000,2025-11-02 13:00:00+00:00,6.15,,800.0
USGS-09217000,2025-11-02 14:00:00+00:00,5.95,,803.5
USGS-09217000,2025-11-02 15:00:00+00:00,5.8,,807.0
USGS-09217000,2025-11-02 16:00:00+00:00,5.9,,807.0
USGS-09217000,2025-11-02 17:00:00+00:00,6.15,,807.0
USGS-09217000,2025-11-02 18:00:00+00:00,6.55,,807.0
USGS-09217000,2025-11-02 19:00:00+00:00,6.95,,807.0
USGS-09217000,2025-11-02 20:00:00+00:00,7.45,,807.0
USGS-09217000,2025-11-02 21:00:00+00:00,7.75,,807.0
USGS-09217000,2025-11-02 22:00:00+00:00,8.1,,807.0
USGS-09217000,2025-11-02 23:00:00+00:00,8.25,,807.0
USGS-09217000,2025-11-03 00:00:00+00:00,8.3,,803.5
USGS-09217000,2025-11-03 01:00:00+00:00,8.3,,800.0
USGS-09217000,2025-11-03 02:00:00+00:00,8.4,,800.0
USGS-09217000,2025-11-03 03:00:00+00:00,8.3,,807.0
USGS-09217000,2025-11-03 04:00:00+00:00,8.25,,807.0
USGS-09217000,2025-11-03 05:00:00+00:00,8.149999999999999,,807.0
USGS-09217000,2025-11-03 06:00:00+00:00,8.0,,807.0
USGS-09217000,2025-11-03 07:00:00+00:00,7.85,,807.0
USGS-09217000,2025-11-03 08:00:00+00:00,7.65,,807.0
USGS-09217000,2025-11-03 09:00:00+00:00,7.4,,807.0
USGS-09217000,2025-11-03 10:00:00+00:00,7.15,,803.5
USGS-09217000,2025-11-03 11:00:00+00:00,6.95,,800.0
USGS-09217000,2025-11-03 12:00:00+00:00,6.7,,800.0
USGS-09217000,2025-11-03 13:00:00+00:00,6.5,,807.0
USGS-09217000,2025-11-03 14:00:00+00:00,6.3,,800.0
USGS-09217000,2025-11-03 15:00:00+00:00,6.2,,807.0
USGS-09217000,2025-11-03 16:00:00+00:00,6.2,,807.0
USGS-09217000,2025-11-03 17:00:00+00:00,6.4,,807.0
USGS-09217000,2025-11-03 18:00:00+00:00,6.75,,807.0
USGS-09217000,2025-11-03 19:00:00+00:00,7.15,,807.0
USGS-09217000,2025-11-03 20:00:00+00:00,7.55,,807.0
USGS-09217000,2025-11-03 21:00:00+00:00,7.95,,810.5
USGS-09217000,2025-11-03 22:00:00+00:00,8.2,,810.5
USGS-09217000,2025-11-03 23:00:00+00:00,8.350000000000001,,810.5
USGS-09217000,2025-11-04 00:00:00+00:00,8.4,,814.0
USGS-09217000,2025-11-04 01:00:00+00:00,8.5,,807.0
USGS-09217000,2025-11-04 02:00:00+00:00,8.5,,810.5
USGS-09217000,2025-11-04 03:00:00+00:00,8.4,,807.0
USGS-09217000,2025-11-04 04:00:00+00:00,8.3,,807.0
USGS-09217000,2025-11-04 05:00:00+00:00,8.1,,814.0
USGS-09217000,2025-11-04 06:00:00+00:00,7.95,,814.0
USGS-09217000,2025-11-04 07:00:00+00:00,7.75,,807.0
USGS-09217000,2025-11-04 08:00:00+00:00,7.55,,807.0
USGS-09217000,2025-11-04 09:00:00+00:00,7.3,,807.0
USGS-09217000,2025-11-04 10:00:00+00:00,7.05,,807.0
USGS-09217000,2025-11-04 11:00:00+00:00,6.8,,807.0
USGS-09217000,2025-11-04 12:00:00+00:00,6.55,,800.0
USGS-09217000,2025-11-04 13:00:00+00:00,6.25,,800.0
USGS-09217000,2025-11-04 14:00:00+00:00,6.05,,803.5
USGS-09217000,2025-11-04 15:00:00+00:00,5.9,,807.0
USGS-09217000,2025-11-04 16:00:00+00:00,6.0,,807.0
USGS-09217000,2025-11-04 17:00:00+00:00,6.25,,807.0
USGS-09217000,2025-11-04 18:00:00+00:00,6.65,,814.0
USGS-09217000,2025-11-04 19:00:00+00:00,7.05,,810.5
USGS-09217000,2025-11-04 20:00:00+00:00,7.35,,810.5
USGS-09217000,2025-11-04 21:00:00+00:00,7.75,,814.0
USGS-09217000,2025-11-04 22:00:00+00:00,,,814.0
USGS-09217000,2025-11-04 23:00:00+00:00,,,814.0
USGS-09217000,2025-11-05 00:00:00+00:00,,,814.0
USGS-09217000,2025-11-05 01:00:00+00:00,,,814.0
USGS-09217000,2025-11-05 02:00:00+00:00,,,813.0
USGS-09217000,2025-11-05 03:00:00+00:00,,,806.0
USGS-09217000,2025-11-05 04:00:00+00:00,,,806.0
USGS-09217000,2025-11-05 05:00:00+00:00,,,806.0
USGS-09217000,2025-11-05 06:00:00+00:00,,,813.0
USGS-09217000,2025-11-05 07:00:00+00:00,,,806.0
USGS-09217000,2025-11-05 08:00:00+00:00,,,806.0
USGS-09217000,2025-11-05 09:00:00+00:00,,,806.0
USGS-09217000,2025-11-05 10:00:00+00:00,,,813.0
USGS-09217000,2025-11-05 11:00:00+00:00,,,1025.5
USGS-09217000,2025-11-05 12:00:00+00:00,,,3060.0
USGS-09217000,2025-11-05 13:00:00+00:00,,,3460.0
USGS-09217000,2025-11-05 14:00:00+00:00,,,3090.0
USGS-09217000,2025-11-05 15:00:00+00:00,,,2660.0
USGS-09217000,2025-11-05 16:00:00+00:00,,,2235.0
USGS-09217000,2025-11-05 17:00:00+00:00,,,1890.0
USGS-09217000,2025-11-05 18:00:00+00:00,,,1660.0
USGS-09217000,2025-11-05 19:00:00+00:00,,,1485.0
USGS-09217000,2025-11-05 20:00:00+00:00,,,1360.0
USGS-09217000,2025-11-05 21:00:00+00:00,,,1255.0
USGS-09217000,2025-11-05 22:00:00+00:00,,,1185.0
USGS-09217000,2025-11-05 23:00:00+00:00,,,1125.0
USGS-09217000,2025-11-06 00:00:00+00:00,,,1070.0
USGS-09217000,2025-11-06 01:00:00+00:00,,,1045.0
USGS-09217000,2025-11-06 02:00:00+00:00,,,1020.0
USGS-09217000,2025-11-06 03:00:00+00:00,,,993.0
USGS-09217000,2025-11-06 04:00:00+00:00,,,979.0
USGS-09217000,2025-11-06 05:00:00+00:00,,,965.0
USGS-09217000,2025-11-06 06:00:00+00:00,,,958.0
USGS-09217000,2025-11-06 07:00:00+00:00,,,951.0
USGS-09217000,2025-11-06 08:00:00+00:00,,,944.0
USGS-09217000,2025-11-06 09:00:00+00:00,,,936.0
USGS-09217000,2025-11-06 10:00:00+00:00,,,932.5
USGS-09217000,2025-11-06 11:00:00+00:00,,,929.0
USGS-09217000,2025-11-06 12:00:00+00:00,,,929.0
USGS-09217000,2025-11-06 13:00:00+00:00,,,925.5
USGS-09217000,2025-11-06 14:00:00+00:00,,,922.0
USGS-09217000,2025-11-06 15:00:00+00:00,,,922.0
USGS-09217000,2025-11-06 16:00:00+00:00,,,922.0
USGS-09217000,2025-11-06 17:00:00+00:00,,,918.5
USGS-09217000,2025-11-06 18:00:00+00:00,,,925.5
USGS-09217000,2025-11-06 19:00:00+00:00,,,924.5
USGS-09217000,2025-11-06 20:00:00+00:00,,,914.0
USGS-09217000,2025-11-06 21:00:00+00:00,,,914.0
USGS-09217000,2025-11-06 22:00:00+00:00,,,910.5
USGS-09217000,2025-11-06 23:00:00+00:00,,,907.0
USGS-09217000,2025-11-07 00:00:00+00:00,,,907.0
USGS-09217000,2025-11-07 01:00:00+00:00,,,907.0
USGS-09217000,2025-11-07 02:00:00+00:00,,,907.0
USGS-09217000,2025-11-07 03:00:00+00:00,,,907.0
USGS-09217000,2025-11-07 04:00:00+00:00,,,907.0
USGS-09217000,2025-11-07 05:00:00+00:00,,,906.0
USGS-09217000,2025-11-07 06:00:00+00:00,,,899.0
USGS-09217000,2025-11-07 07:00:00+00:00,,,899.0
USGS-09217000,2025-11-07 08:00:00+00:00,,,899.0
USGS-09217000,2025-11-07 09:00:00+00:00,,,899.0
USGS-09217000,2025-11-07 10:00:00+00:00,,,895.5
USGS-09217000,2025-11-07 11:00:00+00:00,,,892.0
USGS-09217000,2025-11-07 12:00:00+00:00,,,892.0
USGS-09217000,2025-11-07 13:00:00+00:00,,,888.5
USGS-09217000,2025-11-07 14:00:00+00:00,,,885.0
USGS-09217000,2025-11-07 15:00:00+00:00,,,891.0
USGS-09217000,2025-11-07 16:00:00+00:00,,,891.0
USGS-09217000,2025-11-07 17:00:00+00:00,,,891.0
USGS-09217000,2025-11-07 18:00:00+00:00,,,891.0
USGS-09217000,2025-11-07 19:00:00+00:00,,,894.5
USGS-09217000,2025-11-07 20:00:00+00:00,,,894.5
USGS-09217000,2025-11-07 21:00:00+00:00,,,891.0
USGS-09217000,2025-11-07 22:00:00+00:00,,,891.0
USGS-09217000,2025-11-07 23:00:00+00:00,,,887.5
USGS-09217000,2025-11-08 00:00:00+00:00,,,884.0
USGS-09217000,2025-11-08 01:00:00+00:00,,,883.5
USGS-09217000,2025-11-08 02:00:00+00:00,,,883.0
USGS-09217000,2025-11-08 03:00:00+00:00,,,883.0
USGS-09217000,2025-11-08 04:00:00+00:00,,,886.5
USGS-09217000,2025-11-08 05:00:00+00:00,,,886.5
USGS-09217000,2025-11-08 06:00:00+00:00,,,890.0
USGS-09217000,2025-11-08 07:00:00+00:00,,,890.0
USGS-09217000,2025-11-08 08:00:00+00:00,,,890.0
USGS-09217000,2025-11-08 09:00:00+00:00,,,886.5
USGS-09217000,2025-11-08 10:00:00+00:00,,,883.0
USGS-09217000,2025-11-08 11:00:00+00:00,,,883.0
USGS-09217000,2025-11-08 12:00:00+00:00,,,882.0
USGS-09217000,2025-11-08 13:00:00+00:00,,,889.0
USGS-09217000,2025-11-08 14:00:00+00:00,,,889.0
USGS-09217000,2025-11-08 15:00:00+00:00,,,889.0
USGS-09217000,2025-11-08 16:00:00+00:00,,,889.0
USGS-09217000,2025-11-08 17:00:00+00:00,,,889.0
USGS-09217000,2025-11-08 18:00:00+00:00,,,885.5
USGS-09217000,2025-11-08 19:00:00+00:00,,,882.0
USGS-09217000,2025-11-08 20:00:00+00:00,,,882.0
USGS-09217000,2025-11-08 21:00:00+00:00,,,882.0
USGS-09217000,2025-11-08 22:00:00+00:00,,,881.0
USGS-09217000,2025-11-08 23:00:00+00:00,,,884.5
USGS-09217000,2025-11-09 00:00:00+00:00,,,881.0
USGS-09217000,2025-11-09 01:00:00+00:00,,,881.0
USGS-09217000,2025-11-09 02:00:00+00:00,,,881.0
USGS-09217000,2025-11-09 03:00:00+00:00,,,888.0
USGS-09217000,2025-11-09 04:00:00+00:00,,,881.0
USGS-09217000,2025-11-09 05:00:00+00:00,,,881.0
USGS-09217000,2025-11-09 06:00:00+00:00,,,874.0
USGS-09217000,2025-11-09 07:00:00+00:00,,,881.0
USGS-09217000,2025-11-09 08:00:00+00:00,,,873.0
USGS-09217000,2025-11-09 09:00:00+00:00,,,873.0
USGS-09217000,2025-11-09 10:00:00+00:00,,,873.0
USGS-09217000,2025-11-09 11:00:00+00:00,,,873.0
USGS-09217000,2025-11-09 12:00:00+00:00,,,880.0
USGS-09217000,2025-11-09 13:00:00+00:00,,,880.0
USGS-09217000,2025-11-09 14:00:00+00:00,,,880.0
USGS-09217000,2025-11-09 15:00:00+00:00,,,880.0
USGS-09217000,2025-11-09 16:00:00+00:00,,,880.0
USGS-09217000,2025-11-09 17:00:00+00:00,,,880.0
USGS-09217000,2025-11-09 18:00:00+00:00,,,879.0
USGS-09217000,2025-11-09 19:00:00+00:00,,,879.0
USGS-09217000,2025-11-09 20:00:00+00:00,,,879.0
USGS-09217000,2025-11-09 21:00:00+00:00,,,886.0
USGS-09217000,2025-11-09 22:00:00+00:00,,,886.0
USGS-09217000,2025-11-09 23:00:00+00:00,,,886.0
USGS-09217000,2025-11-10 00:00:00+00:00,,,882.5
USGS-09217000,2025-11-10 01:00:00+00:00,,,886.0
USGS-09217000,2025-11-10 02:00:00+00:00,,,893.0
USGS-09217000,2025-11-10 03:00:00+00:00,,,889.5
USGS-09217000,2025-11-10 04:00:00+00:00,,,885.5
USGS-09217000,2025-11-10 05:00:00+00:00,,,885.0
USGS-09217000,2025-11-10 06:00:00+00:00,,,881.5
USGS-09217000,2025-11-10 07:00:00+00:00,,,885.0
USGS-09217000,2025-11-10 08:00:00+00:00,,,878.0
USGS-09217000,2025-11-10 09:00:00+00:00,,,878.0
USGS-09217000,2025-11-10 10:00:00+00:00,,,881.5
USGS-09217000,2025-11-10 11:00:00+00:00,,,878.0
USGS-09217000,2025-11-10 12:00:00+00:00,,,881.5
USGS-09217000,2025-11-10 13:00:00+00:00,,,878.0
USGS-09217000,2025-11-10 14:00:00+00:00,,,878.0
USGS-09217000,2025-11-10 15:00:00+00:00,,,880.5
USGS-09217000,2025-11-10 16:00:00+00:00,,,884.0
USGS-09217000,2025-11-10 17:00:00+00:00,,,880.5
USGS-09217000,2025-11-10 18:00:00+00:00,,,884.0
USGS-09217000,2025-11-10 19:00:00+00:00,,,884.0
USGS-09217000,2025-11-10 20:00:00+00:00,,,887.5
USGS-09217000,2025-11-10 21:00:00+00:00,,,915.5
USGS-09217000,2025-11-10 22:00:00+00:00,,,926.0
USGS-09217000,2025-11-10 23:00:00+00:00,,,908.5
USGS-09217000,2025-11-11 00:00:00+00:00,,,890.5
USGS-09217000,2025-11-11 01:00:00+00:00,,,883.0
USGS-09217000,2025-11-11 02:00:00+00:00,,,879.5
USGS-09217000,2025-11-11 03:00:00+00:00,,,883.0
USGS-09217000,2025-11-11 04:00:00+00:00,,,883.0
USGS-09217000,2025-11-11 05:00:00+00:00,,,883.0
USGS-09217000,2025-11-11 06:00:00+00:00,,,883.0
USGS-09217000,2025-11-11 07:00:00+00:00,,,883.0
USGS-09217000,2025-11-11 08:00:00+00:00,,,879.5
USGS-09217000,2025-11-11 09:00:00+00:00,,,876.0
USGS-09217000,2025-11-11 10:00:00+00:00,,,876.0
USGS-09217000,2025-11-11 11:00:00+00:00,,,875.0
USGS-09217000,2025-11-11 12:00:00+00:00,,,875.0
USGS-09217000,2025-11-11 13:00:00+00:00,,,878.5
USGS-09217000,2025-11-11 14:00:00+00:00,,,875.0
USGS-09217000,2025-11-11 15:00:00+00:00,,,878.5
USGS-09217000,2025-11-11 16:00:00+00:00,,,882.0
USGS-09217000,2025-11-11 17:00:00+00:00,,,878.5
USGS-09217000,2025-11-11 18:00:00+00:00,,,882.0
USGS-09217000,2025-11-11 19:00:00+00:00,,,885.5
USGS-09217000,2025-11-11 20:00:00+00:00,,,910.0
USGS-09217000,2025-11-11 21:00:00+00:00,,,919.5
USGS-09217000,2025-11-11 22:00:00+00:00,,,902.0
USGS-09217000,2025-11-11 23:00:00+00:00,,,884.5
USGS-09217000,2025-11-12 00:00:00+00:00,,,884.5
USGS-09217000,2025-11-12 01:00:00+00:00,,,884.5
USGS-09217000,2025-11-12 02:00:00+00:00,,,888.0
USGS-09217000,2025-11-12 03:00:00+00:00,,,888.0
USGS-09217000,2025-11-12 04:00:00+00:00,,,881.0
USGS-09217000,2025-11-12 05:00:00+00:00,,,881.0
USGS-09217000,2025-11-12 06:00:00+00:00,,,881.0
USGS-09217000,2025-11-12 07:00:00+00:00,,,880.0
USGS-09217000,2025-11-12 08:00:00+00:00,,,880.0
USGS-09217000,2025-11-12 09:00:00+00:00,,,880.0
USGS-09217000,2025-11-12 10:00:00+00:00,,,873.0
USGS-09217000,2025-11-12 11:00:00+00:00,,,873.0
USGS-09217000,2025-11-12 12:00:00+00:00,,,873.0
USGS-09217000,2025-11-12 13:00:00+00:00,,,873.0
USGS-09217000,2025-11-12 14:00:00+00:00,,,873.0
USGS-09217000,2025-11-12 15:00:00+00:00,,,873.0
USGS-09217000,2025-11-12 16:00:00+00:00,,,873.0
USGS-09217000,2025-11-12 17:00:00+00:00,,,873.0
USGS-09217000,2025-11-12 18:00:00+00:00,,,879.0
USGS-09217000,2025-11-12 19:00:00+00:00,,,893.0
USGS-09217000,2025-11-12 20:00:00+00:00,,,893.0
USGS-09217000,2025-11-12 21:00:00+00:00,,,893.0
USGS-09217000,2025-11-12 22:00:00+00:00,,,893.0
USGS-09217000,2025-11-12 23:00:00+00:00,,,893.0
USGS-09217000,2025-11-13 00:00:00+00:00,,,896.5
USGS-09217000,2025-11-13 01:00:00+00:00,,,900.0
USGS-09217000,2025-11-13 02:00:00+00:00,,,893.0
USGS-09217000,2025-11-13 03:00:00+00:00,,,895.5
USGS-09217000,2025-11-13 04:00:00+00:00,,,892.0
USGS-09217000,2025-11-13 05:00:00+00:00,,,892.0
USGS-09217000,2025-11-13 06:00:00+00:00,,,892.0
USGS-09217000,2025-11-13 07:00:00+00:00,,,892.0
USGS-09217000,2025-11-13 08:00:00+00:00,,,892.0
USGS-09217000,2025-11-13 09:00:00+00:00,,,892.0
USGS-09217000,2025-11-13 10:00:00+00:00,,,892.0
USGS-09217000,2025-11-13 11:00:00+00:00,,,892.0
USGS-09217000,2025-11-13 12:00:00+00:00,,,895.5
USGS-09217000,2025-11-13 13:00:00+00:00,,,898.0
USGS-09217000,2025-11-13 14:00:00+00:00,,,894.5
USGS-09217000,2025-11-13 15:00:00+00:00,,,894.5
USGS-09217000,2025-11-13 16:00:00+00:00,,,891.0
USGS-09217000,2025-11-13 17:00:00+00:00,,,891.0
USGS-09217000,2025-11-13 18:00:00+00:00,,,887.5
USGS-09217000,2025-11-13 19:00:00+00:00,,,884.0
USGS-09217000,2025-11-13 20:00:00+00:00,,,884.0
USGS-09217000,2025-11-13 21:00:00+00:00,,,884.0
USGS-09217000,2025-11-13 22:00:00+00:00,,,884.0
USGS-09217000,2025-11-13 23:00:00+00:00,,,884.0
USGS-09217000,2025-11-14 00:00:00+00:00,,,883.0
USGS-09217000,2025-11-14 01:00:00+00:00,,,883.0
USGS-09217000,2025-11-14 02:00:00+00:00,,,879.5
USGS-09217000,2025-11-14 03:00:00+00:00,,,876.0
USGS-09217000,2025-11-14 04:00:00+00:00,,,876.0
USGS-09217000,2025-11-14 05:00:00+00:00,,,876.0
USGS-09217000,2025-11-14 06:00:00+00:00,,,876.0
USGS-09217000,2025-11-14 07:00:00+00:00,,,876.0
USGS-09217000,2025-11-14 08:00:00+00:00,,,876.0
USGS-09217000,2025-11-14 09:00:00+00:00,,,876.0
USGS-09217000,2025-11-14 10:00:00+00:00,,,875.0
USGS-09217000,2025-11-14 11:00:00+00:00,,,882.0
USGS-09217000,2025-11-14 12:00:00+00:00,,,892.5
USGS-09217000,2025-11-14 13:00:00+00:00,,,910.0
USGS-09217000,2025-11-14 14:00:00+00:00,,,931.0
USGS-09217000,2025-11-14 15:00:00+00:00,,,945.0
USGS-09217000,2025-11-14 16:00:00+00:00,,,952.0
USGS-09217000,2025-11-14 17:00:00+00:00,,,952.0
USGS-09217000,2025-11-14 18:00:00+00:00,,,952.0
USGS-09217000,2025-11-14 19:00:00+00:00,,,945.0
USGS-09217000,2025-11-14 20:00:00+00:00,,,944.5
USGS-09217000,2025-11-14 21:00:00+00:00,,,937.0
USGS-09217000,2025-11-14 22:00:00+00:00,,,930.0
USGS-09217000,2025-11-14 23:00:00+00:00,,,923.0
USGS-09217000,2025-11-15 00:00:00+00:00,,,923.0
USGS-09217000,2025-11-15 01:00:00+00:00,,,916.0
USGS-09217000,2025-11-15 02:00:00+00:00,,,916.0
USGS-09217000,2025-11-15 03:00:00+00:00,,,916.0
USGS-09217000,2025-11-15 04:00:00+00:00,,,905.5
USGS-09217000,2025-11-15 05:00:00+00:00,,,902.0
USGS-09217000,2025-11-15 06:00:00+00:00,,,901.0
USGS-09217000,2025-11-15 07:00:00+00:00,,,908.0
USGS-09217000,2025-11-15 08:00:00+00:00,,,908.0
USGS-09217000,2025-11-15 09:00:00+00:00,,,901.0
USGS-09217000,2025-11-15 10:00:00+00:00,,,901.0
USGS-09217000,2025-11-15 11:00:00+00:00,,,908.0
USGS-09217000,2025-11-15 12:00:00+00:00,,,911.5
USGS-09217000,2025-11-15 13:00:00+00:00,,,922.0
USGS-09217000,2025-11-15 14:00:00+00:00,,,922.0
USGS-09217000,2025-11-15 15:00:00+00:00,,,929.0
USGS-09217000,2025-11-15 16:00:00+00:00,,,925.0
USGS-09217000,2025-11-15 17:00:00+00:00,,,921.0
USGS-09217000,2025-11-15 18:00:00+00:00,,,914.0
USGS-09217000,2025-11-15 19:00:00+00:00,,,914.0
USGS-09217000,2025-11-15 20:00:00+00:00,,,914.0
USGS-09217000,2025-11-15 21:00:00+00:00,,,907.0
USGS-09217000,2025-11-15 22:00:00+00:00,,,910.5
USGS-09217000,2025-11-15 23:00:00+00:00,,,907.0
USGS-09217000,2025-11-16 00:00:00+00:00,,,907.0
USGS-09217000,2025-11-16 01:00:00+00:00,,,907.0
USGS-09217000,2025-11-16 02:00:00+00:00,,,903.0
USGS-09217000,2025-11-16 03:00:00+00:00,,,899.0
USGS-09217000,2025-11-16 04:00:00+00:00,,,899.0
USGS-09217000,2025-11-16 05:00:00+00:00,,,902.5
USGS-09217000,2025-11-16 06:00:00+00:00,,,899.0
USGS-09217000,2025-11-16 07:00:00+00:00,,,899.0
USGS-09217000,2025-11-16 08:00:00+00:00,,,902.5
USGS-09217000,2025-11-16 09:00:00+00:00,,,906.0
USGS-09217000,2025-11-16 10:00:00+00:00,,,899.0
USGS-09217000,2025-11-16 11:00:00+00:00,,,899.0
USGS-09217000,2025-11-16 12:00:00+00:00,,,898.5
USGS-09217000,2025-11-16 13:00:00+00:00,,,898.0
USGS-09217000,2025-11-16 14:00:00+00:00,,,898.0
USGS-09217000,2025-11-16 15:00:00+00:00,,,891.0
USGS-09217000,2025-11-16 16:00:00+00:00,,,898.0
USGS-09217000,2025-11-16 17:00:00+00:00,,,891.0
USGS-09217000,2025-11-16 18:00:00+00:00,,,894.5
USGS-09217000,2025-11-16 19:00:00+00:00,,,898.0
USGS-09217000,2025-11-16 20:00:00+00:00,,,898.0
USGS-09217000,2025-11-16 21:00:00+00:00,,,898.0
USGS-09217000,2025-11-16 22:00:00+00:00,,,897.5
USGS-09217000,2025-11-16 23:00:00+00:00,,,897.0
USGS-09217000,2025-11-17 00:00:00+00:00,,,897.0
USGS-09217000,2025-11-17 01:00:00+00:00,,,890.0
USGS-09217000,2025-11-17 02:00:00+00:00,,,897.0
USGS-09217000,2025-11-17 03:00:00+00:00,,,900.5
USGS-09217000,2025-11-17 04:00:00+00:00,,,907.5
USGS-09217000,2025-11-17 05:00:00+00:00,,,911.0
USGS-09217000,2025-11-17 06:00:00+00:00,,,918.0
USGS-09217000,2025-11-17 07:00:00+00:00,,,925.0
USGS-09217000,2025-11-17 08:00:00+00:00,,,925.0
USGS-09217000,2025-11-17 09:00:00+00:00,,,924.5
USGS-09217000,2025-11-17 10:00:00+00:00,,,924.0
USGS-09217000,2025-11-17 11:00:00+00:00,,,924.0
USGS-09217000,2025-11-17 12:00:00+00:00,,,931.0
USGS-09217000,2025-11-17 13:00:00+00:00,,,941.5
USGS-09217000,2025-11-17 14:00:00+00:00,,,948.5
USGS-09217000,2025-11-17 15:00:00+00:00,,,952.0
USGS-09217000,2025-11-17 16:00:00+00:00,,,959.0
USGS-09217000,2025-11-17 17:00:00+00:00,,,959.0
USGS-09217000,2025-11-17 18:00:00+00:00,,,952.0
USGS-09217000,2025-11-17 19:00:00+00:00,,,945.0
USGS-09217000,2025-11-17 20:00:00+00:00,,,940.5
USGS-09217000,2025-11-17 21:00:00+00:00,,,937.0
USGS-09217000,2025-11-17 22:00:00+00:00,,,937.0
USGS-09217000,2025-11-17 23:00:00+00:00,,,937.0
USGS-09217000,2025-11-18 00:00:00+00:00,,,937.0
USGS-09217000,2025-11-18 01:00:00+00:00,,,930.0
USGS-09217000,2025-11-18 02:00:00+00:00,,,923.0
USGS-09217000,2025-11-18 03:00:00+00:00,,,923.0
USGS-09217000,2025-11-18 04:00:00+00:00,,,916.0
USGS-09217000,2025-11-18 05:00:00+00:00,,,915.0
USGS-09217000,2025-11-18 06:00:00+00:00,,,918.5
USGS-09217000,2025-11-18 07:00:00+00:00,,,922.0
USGS-09217000,2025-11-18 08:00:00+00:00,,,922.0
USGS-09217000,2025-11-18 09:00:00+00:00,,,925.5
USGS-09217000,2025-11-18 10:00:00+00:00,,,925.5
USGS-09217000,2025-11-18 11:00:00+00:00,,,922.0
USGS-09217000,2025-11-18 12:00:00+00:00,,,922.0
USGS-09217000,2025-11-18 13:00:00+00:00,,,918.5
USGS-09217000,2025-11-18 14:00:00+00:00,,,915.0
USGS-09217000,2025-11-18 15:00:00+00:00,,,911.0
USGS-09217000,2025-11-18 16:00:00+00:00,,,907.0
USGS-09217000,2025-11-18 17:00:00+00:00,,,900.0
USGS-09217000,2025-11-18 18:00:00+00:00,,,900.0
USGS-09217000,2025-11-18 19:00:00+00:00,,,896.5
USGS-09217000,2025-11-18 20:00:00+00:00,,,900.0
USGS-09217000,2025-11-18 21:00:00+00:00,,,900.0
USGS-09217000,2025-11-18 22:00:00+00:00,,,900.0
USGS-09217000,2025-11-18 23:00:00+00:00,,,900.0
USGS-09217000,2025-11-19 00:00:00+00:00,,,900.0
USGS-09217000,2025-11-19 01:00:00+00:00,,,900.0
USGS-09217000,2025-11-19 02:00:00+00:00,,,892.0
USGS-09217000,2025-11-19 03:00:00+00:00,,,892.0
USGS-09217000,2025-11-19 04:00:00+00:00,,,892.0
USGS-09217000,2025-11-19 05:00:00+00:00,,,892.0
USGS-09217000,2025-11-19 06:00:00+00:00,,,892.0
USGS-09217000,2025-11-19 07:00:00+00:00,,,892.0
USGS-09217000,2025-11-19 08:00:00+00:00,,,892.0
USGS-09217000,2025-11-19 09:00:00+00:00,,,892.0
USGS-09217000,2025-11-19 10:00:00+00:00,,,892.0
USGS-09217000,2025-11-19 11:00:00+00:00,,,892.0
USGS-09217000,2025-11-19 12:00:00+00:00,,,891.0
USGS-09217000,2025-11-19 13:00:00+00:00,,,891.0
USGS-09217000,2025-11-19 14:00:00+00:00,,,891.0
USGS-09217000,2025-11-19 15:00:00+00:00,,,898.0
USGS-09217000,2025-11-19 16:00:00+00:00,,,919.0
USGS-09217000,2025-11-19 17:00:00+00:00,,,922.5
USGS-09217000,2025-11-19 18:00:00+00:00,,,926.0
USGS-09217000,2025-11-19 19:00:00+00:00,,,926.0
USGS-09217000,2025-11-19 20:00:00+00:00,,,926.0
USGS-09217000,2025-11-19 21:00:00+00:00,,,926.0
USGS-09217000,2025-11-19 22:00:00+00:00,,,926.0
USGS-09217000,2025-11-19 23:00:00+00:00,,,926.0
USGS-09217000,2025-11-20 00:00:00+00:00,,,908.5
USGS-09217000,2025-11-20 01:00:00+00:00,,,901.5
USGS-09217000,2025-11-20 02:00:00+00:00,,,905.0
USGS-09217000,2025-11-20 03:00:00+00:00,,,900.5
USGS-09217000,2025-11-20 04:00:00+00:00,,,897.0
USGS-09217000,2025-11-20 05:00:00+00:00,,,897.0
USGS-09217000,2025-11-20 06:00:00+00:00,,,897.0
USGS-09217000,2025-11-20 07:00:00+00:00,,,897.0
USGS-09217000,2025-11-20 08:00:00+00:00,,,904.0
USGS-09217000,2025-11-20 09:00:00+00:00,,,911.0
USGS-09217000,2025-11-20 10:00:00+00:00,,,925.0
USGS-09217000,2025-11-20 11:00:00+00:00,,,932.0
USGS-09217000,2025-11-20 12:00:00+00:00,,,932.0
USGS-09217000,2025-11-20 13:00:00+00:00,,,925.0
USGS-09217000,2025-11-20 14:00:00+00:00,,,921.5
USGS-09217000,2025-11-20 15:00:00+00:00,,,918.0
USGS-09217000,2025-11-20 16:00:00+00:00,,,921.5
USGS-09217000,2025-11-20 17:00:00+00:00,,,918.0
USGS-09217000,2025-11-20 18:00:00+00:00,,,914.5
USGS-09217000,2025-11-20 19:00:00+00:00,,,911.0
USGS-09217000,2025-11-20 20:00:00+00:00,,,907.0
USGS-09217000,2025-11-20 21:00:00+00:00,,,910.0
USGS-09217000,2025-11-20 22:00:00+00:00,,,910.0
USGS-09217000,2025-11-20 23:00:00+00:00,,,906.5
USGS-09217000,2025-11-21 00:00:00+00:00,,,903.0
USGS-09217000,2025-11-21 01:00:00+00:00,,,913.5
USGS-09217000,2025-11-21 02:00:00+00:00,,,934.5
USGS-09217000,2025-11-21 03:00:00+00:00,,,934.5
USGS-09217000,2025-11-21 04:00:00+00:00,,,924.0
USGS-09217000,2025-11-21 05:00:00+00:00,,,920.5
USGS-09217000,2025-11-21 06:00:00+00:00,,,917.0
USGS-09217000,2025-11-21 07:00:00+00:00,,,913.5
USGS-09217000,2025-11-21 08:00:00+00:00,,,910.0
USGS-09217000,2025-11-21 09:00:00+00:00,,,910.0
USGS-09217000,2025-11-21 10:00:00+00:00,,,910.0
USGS-09217000,2025-11-21 11:00:00+00:00,,,910.0
USGS-09217000,2025-11-21 12:00:00+00:00,,,910.0
USGS-09217000,2025-11-21 13:00:00+00:00,,,913.5
USGS-09217000,2025-11-21 14:00:00+00:00,,,917.0
USGS-09217000,2025-11-21 15:00:00+00:00,,,926.5
USGS-09217000,2025-11-21 16:00:00+00:00,,,930.0
USGS-09217000,2025-11-21 17:00:00+00:00,,,933.5
USGS-09217000,2025-11-21 18:00:00+00:00,,,923.0
USGS-09217000,2025-11-21 19:00:00+00:00,,,909.0
USGS-09217000,2025-11-21 20:00:00+00:00,,,898.5
USGS-09217000,2025-11-21 21:00:00+00:00,,,895.0
USGS-09217000,2025-11-21 22:00:00+00:00,,,895.0
USGS-09217000,2025-11-21 23:00:00+00:00,,,888.0
USGS-09217000,2025-11-22 00:00:00+00:00,,,888.0
USGS-09217000,2025-11-22 01:00:00+00:00,,,881.0
USGS-09217000,2025-11-22 02:00:00+00:00,,,881.0
USGS-09217000,2025-11-22 03:00:00+00:00,,,874.0
USGS-09217000,2025-11-22 04:00:00+00:00,,,874.0
USGS-09217000,2025-11-22 05:00:00+00:00,,,874.0
USGS-09217000,2025-11-22 06:00:00+00:00,,,867.0
USGS-09217000,2025-11-22 07:00:00+00:00,,,870.5
USGS-09217000,2025-11-22 08:00:00+00:00,,,867.0
USGS-09217000,2025-11-22 09:00:00+00:00,,,866.0
USGS-09217000,2025-11-22 10:00:00+00:00,,,873.0
USGS-09217000,2025-11-22 11:00:00+00:00,,,873.0
USGS-09217000,2025-11-22 12:00:00+00:00,,,880.0
USGS-09217000,2025-11-22 13:00:00+00:00,,,876.5
USGS-09217000,2025-11-22 14:00:00+00:00,,,880.0
USGS-09217000,2025-11-22 15:00:00+00:00,,,880.0
USGS-09217000,2025-11-22 16:00:00+00:00,,,873.0
USGS-09217000,2025-11-22 17:00:00+00:00,,,873.0
USGS-09217000,2025-11-22 18:00:00+00:00,,,866.0
USGS-09217000,2025-11-22 19:00:00+00:00,,,866.0
USGS-09217000,2025-11-22 20:00:00+00:00,,,866.0
USGS-09217000,2025-11-22 21:00:00+00:00,,,866.0
USGS-09217000,2025-11-22 22:00:00+00:00,,,866.0
USGS-09217000,2025-11-22 23:00:00+00:00,,,866.0
USGS-09217000,2025-11-23 00:00:00+00:00,,,866.0
USGS-09217000,2025-11-23 01:00:00+00:00,,,866.0
USGS-09217000,2025-11-23 02:00:00+00:00,,,865.5
USGS-09217000,2025-11-23 03:00:00+00:00,,,865.0
USGS-09217000,2025-11-23 04:00:00+00:00,,,861.5
USGS-09217000,2025-11-23 05:00:00+00:00,,,861.5
USGS-09217000,2025-11-23 06:00:00+00:00,,,858.0
USGS-09217000,2025-11-23 07:00:00+00:00,,,861.5
USGS-09217000,2025-11-23 08:00:00+00:00,,,865.0
USGS-09217000,2025-11-23 09:00:00+00:00,,,858.0
USGS-09217000,2025-11-23 10:00:00+00:00,,,861.5
USGS-09217000,2025-11-23 11:00:00+00:00,,,858.0
USGS-09217000,2025-11-23 12:00:00+00:00,,,858.0
USGS-09217000,2025-11-23 13:00:00+00:00,,,854.5
USGS-09217000,2025-11-23 14:00:00+00:00,,,858.0
USGS-09217000,2025-11-23 15:00:00+00:00,,,858.0
USGS-09217000,2025-11-23 16:00:00+00:00,,,858.0
USGS-09217000,2025-11-23 17:00:00+00:00,,,858.0
USGS-09217000,2025-11-23 18:00:00+00:00,,,858.0
USGS-09217000,2025-11-23 19:00:00+00:00,,,858.0
USGS-09217000,2025-11-23 20:00:00+00:00,,,857.0
USGS-09217000,2025-11-23 21:00:00+00:00,,,857.0
USGS-09217000,2025-11-23 22:00:00+00:00,,,860.5
USGS-09217000,2025-11-23 23:00:00+00:00,,,860.5
USGS-09217000,2025-11-24 00:00:00+00:00,,,860.5
USGS-09217000,2025-11-24 01:00:00+00:00,,,857.0
USGS-09217000,2025-11-24 02:00:00+00:00,,,864.0
USGS-09217000,2025-11-24 03:00:00+00:00,,,860.5
USGS-09217000,2025-11-24 04:00:00+00:00,,,860.5
USGS-09217000,2025-11-24 05:00:00+00:00,,,860.5
USGS-09217000,2025-11-24 06:00:00+00:00,,,860.5
USGS-09217000,2025-11-24 07:00:00+00:00,,,857.0
USGS-09217000,2025-11-24 08:00:00+00:00,,,857.0
USGS-09217000,2025-11-24 09:00:00+00:00,,,857.0
USGS-09217000,2025-11-24 10:00:00+00:00,,,857.0
USGS-09217000,2025-11-24 11:00:00+00:00,,,853.5
USGS-09217000,2025-11-24 12:00:00+00:00,,,857.0
USGS-09217000,2025-11-24 13:00:00+00:00,,,857.0
USGS-09217000,2025-11-24 14:00:00+00:00,,,859.5
USGS-09217000,2025-11-24 15:00:00+00:00,,,856.0
USGS-09217000,2025-11-24 16:00:00+00:00,,,856.0
USGS-09217000,2025-11-24 17:00:00+00:00,,,856.0
USGS-09217000,2025-11-24 18:00:00+00:00,,,856.0
USGS-09217000,2025-11-24 19:00:00+00:00,,,852.5
USGS-09217000,2025-11-24 20:00:00+00:00,,,856.0
USGS-09217000,2025-11-24 21:00:00+00:00,,,856.0
USGS-09217000,2025-11-24 22:00:00+00:00,,,849.0
USGS-09217000,2025-11-24 23:00:00+00:00,,,856.0
USGS-09217000,2025-11-25 00:00:00+00:00,,,856.0
USGS-09217000,2025-11-25 01:00:00+00:00,,,856.0
USGS-09217000,2025-11-25 02:00:00+00:00,,,856.0
USGS-09217000,2025-11-25 03:00:00+00:00,,,849.0
USGS-09217000,2025-11-25 04:00:00+00:00,,,849.0
USGS-09217000,2025-11-25 05:00:00+00:00,,,849.0
USGS-09217000,2025-11-25 06:00:00+00:00,,,852.5
USGS-09217000,2025-11-25 07:00:00+00:00,,,848.0
USGS-09217000,2025-11-25 08:00:00+00:00,,,844.5
USGS-09217000,2025-11-25 09:00:00+00:00,,,844.5
USGS-09217000,2025-11-25 10:00:00+00:00,,,844.5
USGS-09217000,2025-11-25 11:00:00+00:00,,,848.0
USGS-09217000,2025-11-25 12:00:00+00:00,,,855.0
USGS-09217000,2025-11-25 13:00:00+00:00,,,851.5
USGS-09217000,2025-11-25 14:00:00+00:00,,,848.0
USGS-09217000,2025-11-25 15:00:00+00:00,,,848.0
USGS-09217000,2025-11-25 16:00:00+00:00,,,848.0
USGS-09217000,2025-11-25 17:00:00+00:00,,,848.0
USGS-09217000,2025-11-25 18:00:00+00:00,,,848.0
USGS-09217000,2025-11-25 19:00:00+00:00,,,851.5
USGS-09217000,2025-11-25 20:00:00+00:00,,,855.0
USGS-09217000,2025-11-25 21:00:00+00:00,,,855.0
USGS-09217000,2025-11-25 22:00:00+00:00,,,855.0
USGS-09217000,2025-11-25 23:00:00+00:00,,,848.0
USGS-09217000,2025-11-26 00:00:00+00:00,,,848.0
USGS-09217000,2025-11-26 01:00:00+00:00,,,847.0
USGS-09217000,2025-11-26 02:00:00+00:00,,,847.0
USGS-09217000,2025-11-26 03:00:00+00:00,,,847.0
USGS-09217000,2025-11-26 04:00:00+00:00,,,847.0
USGS-09217000,2025-11-26 05:00:00+00:00,,,847.0
USGS-09217000,2025-11-26 06:00:00+00:00,,,847.0
USGS-09217000,2025-11-26 07:00:00+00:00,,,847.0
USGS-09217000,2025-11-26 08:00:00+00:00,,,847.0
USGS-09217000,2025-11-26 09:00:00+00:00,,,847.0
USGS-09217000,2025-11-26 10:00:00+00:00,,,847.0
USGS-09217000,2025-11-26 11:00:00+00:00,,,847.0
USGS-09217000,2025-11-26 12:00:00+00:00,,,847.0
USGS-09217000,2025-11-26 13:00:00+00:00,,,847.0
USGS-09217000,2025-11-26 14:00:00+00:00,,,847.0
USGS-09217000,2025-11-26 15:00:00+00:00,,,847.0
USGS-09217000,2025-11-26 16:00:00+00:00,,,847.0
USGS-09217000,2025-11-26 17:00:00+00:00,,,847.0
USGS-09217000,2025-11-26 18:00:00+00:00,,,846.5
USGS-09217000,2025-11-26 19:00:00+00:00,,,846.0
USGS-09217000,2025-11-26 20:00:00+00:00,,,849.5
USGS-09217000,2025-11-26 21:00:00+00:00,,,849.5
USGS-09217000,2025-11-26 22:00:00+00:00,,,853.0
USGS-09217000,2025-11-26 23:00:00+00:00,,,853.0
USGS-09217000,2025-11-27 00:00:00+00:00,,,853.0
USGS-09217000,2025-11-27 01:00:00+00:00,,,853.0
USGS-09217000,2025-11-27 02:00:00+00:00,,,849.5
USGS-09217000,2025-11-27 03:00:00+00:00,,,846.0
USGS-09217000,2025-11-27 04:00:00+00:00,,,846.0
USGS-09217000,2025-11-27 05:00:00+00:00,,,846.0
USGS-09217000,2025-11-27 06:00:00+00:00,,,846.0
USGS-09217000,2025-11-27 07:00:00+00:00,,,849.5
USGS-09217000,2025-11-27 08:00:00+00:00,,,846.0
USGS-09217000,2025-11-27 09:00:00+00:00,,,846.0
USGS-09217000,2025-11-27 10:00:00+00:00,,,846.0
USGS-09217000,2025-11-27 11:00:00+00:00,,,842.5
USGS-09217000,2025-11-27 12:00:00+00:00,,,845.0
USGS-09217000,2025-11-27 13:00:00+00:00,,,845.0
USGS-09217000,2025-11-27 14:00:00+00:00,,,845.0
USGS-09217000,2025-11-27 15:00:00+00:00,,,845.0
USGS-09217000,2025-11-27 16:00:00+00:00,,,848.5
USGS-09217000,2025-11-27 17:00:00+00:00,,,852.0
USGS-09217000,2025-11-27 18:00:00+00:00,,,852.0
USGS-09217000,2025-11-27 19:00:00+00:00,,,852.0
USGS-09217000,2025-11-27 20:00:00+00:00,,,852.0
USGS-09217000,2025-11-27 21:00:00+00:00,,,852.0
USGS-09217000,2025-11-27 22:00:00+00:00,,,852.0
USGS-09217000,2025-11-27 23:00:00+00:00,,,852.0
USGS-09217000,2025-11-28 00:00:00+00:00,,,852.0
USGS-09217000,2025-11-28 01:00:00+00:00,,,848.5
USGS-09217000,2025-11-28 02:00:00+00:00,,,848.5
USGS-09217000,2025-11-28 03:00:00+00:00,,,852.0
USGS-09217000,2025-11-28 04:00:00+00:00,,,852.0
USGS-09217000,2025-11-28 05:00:00+00:00,,,852.0
USGS-09217000,2025-11-28 06:00:00+00:00,,,851.0
USGS-09217000,2025-11-28 07:00:00+00:00,,,854.5
USGS-09217000,2025-11-28 08:00:00+00:00,,,858.0
USGS-09217000,2025-11-28 09:00:00+00:00,,,854.5
USGS-09217000,2025-11-28 10:00:00+00:00,,,851.0
USGS-09217000,2025-11-28 11:00:00+00:00,,,851.0
USGS-09217000,2025-11-28 12:00:00+00:00,,,844.0
USGS-09217000,2025-11-28 13:00:00+00:00,,,851.0
USGS-09217000,2025-11-28 14:00:00+00:00,,,851.0
USGS-09217000,2025-11-28 15:00:00+00:00,,,851.0
USGS-09217000,2025-11-28 16:00:00+00:00,,,854.5
USGS-09217000,2025-11-28 17:00:00+00:00,,,858.0
USGS-09217000,2025-11-28 18:00:00+00:00,,,858.0
USGS-09217000,2025-11-28 19:00:00+00:00,,,858.0
USGS-09217000,2025-11-28 20:00:00+00:00,,,858.0
USGS-09217000,2025-11-28 21:00:00+00:00,,,858.0
USGS-09217000,2025-11-28 22:00:00+00:00,,,858.0
USGS-09217000,2025-11-28 23:00:00+00:00,,,858.0
USGS-09217000,2025-11-29 00:00:00+00:00,,,857.5
USGS-09217000,2025-11-29 01:00:00+00:00,,,850.0
USGS-09217000,2025-11-29 02:00:00+00:00,,,857.0
USGS-09217000,2025-11-29 03:00:00+00:00,,,857.0
USGS-09217000,2025-11-29 04:00:00+00:00,,,853.5
USGS-09217000,2025-11-29 05:00:00+00:00,,,850.0
USGS-09217000,2025-11-29 06:00:00+00:00,,,850.0
USGS-09217000,2025-11-29 07:00:00+00:00,,,850.0
USGS-09217000,2025-11-29 08:00:00+00:00,,,843.0
USGS-09217000,2025-11-29 09:00:00+00:00,,,843.0
USGS-09217000,2025-11-29 10:00:00+00:00,,,843.0
USGS-09217000,2025-11-29 11:00:00+00:00,,,843.0
USGS-09217000,2025-11-29 12:00:00+00:00,,,836.0
USGS-09217000,2025-11-29 13:00:00+00:00,,,839.5
USGS-09217000,2025-11-29 14:00:00+00:00,,,843.0
USGS-09217000,2025-11-29 15:00:00+00:00,,,846.5
USGS-09217000,2025-11-29 16:00:00+00:00,,,846.5
USGS-09217000,2025-11-29 17:00:00+00:00,,,849.5
USGS-09217000,2025-11-29 18:00:00+00:00,,,849.0
USGS-09217000,2025-11-29 19:00:00+00:00,,,849.0
USGS-09217000,2025-11-29 20:00:00+00:00,,,849.0
USGS-09217000,2025-11-29 21:00:00+00:00,,,849.0
USGS-09217000,2025-11-29 22:00:00+00:00,,,856.0
USGS-09217000,2025-11-29 23:00:00+00:00,,,856.0
USGS-09217000,2025-11-30 00:00:00+00:00,,,849.0
USGS-09217000,2025-11-30 01:00:00+00:00,,,845.5
USGS-09217000,2025-11-30 02:00:00+00:00,,,842.0
USGS-09217000,2025-11-30 03:00:00+00:00,,,842.0
USGS-09217000,2025-11-30 04:00:00+00:00,,,835.0
USGS-09217000,2025-11-30 05:00:00+00:00,,,835.0
USGS-09217000,2025-11-30 06:00:00+00:00,,,835.0
USGS-09217000,2025-11-30 07:00:00+00:00,,,835.0
USGS-09217000,2025-11-30 08:00:00+00:00,,,835.0
USGS-09217000,2025-11-30 09:00:00+00:00,,,835.0
USGS-09217000,2025-11-30 10:00:00+00:00,,,835.0
USGS-09217000,2025-11-30 11:00:00+00:00,,,834.0
USGS-09217000,2025-11-30 12:00:00+00:00,,,841.0
USGS-09217000,2025-11-30 13:00:00+00:00,,,841.0
USGS-09217000,2025-11-30 14:00:00+00:00,,,837.5
USGS-09217000,2025-11-30 15:00:00+00:00,,,841.0
USGS-09217000,2025-11-30 16:00:00+00:00,,,841.0
USGS-09217000,2025-11-30 17:00:00+00:00,,,841.0
USGS-09217000,2025-11-30 18:00:00+00:00,,,848.0
USGS-09217000,2025-11-30 19:00:00+00:00,,,848.0
USGS-09217000,2025-11-30 20:00:00+00:00,,,848.0
USGS-09217000,2025-11-30 21:00:00+00:00,,,848.0
USGS-09217000,2025-11-30 22:00:00+00:00,,,848.0
USGS-09217000,2025-11-30 23:00:00+00:00,,,848.0
USGS-09217000,2025-12-01 00:00:00+00:00,,,848.0
USGS-09217000,2025-12-01 01:00:00+00:00,,,848.0
USGS-09217000,2025-12-01 02:00:00+00:00,,,848.0
USGS-09217000,2025-12-01 03:00:00+00:00,,,848.0
USGS-09217000,2025-12-01 04:00:00+00:00,,,841.0
USGS-09217000,2025-12-01 05:00:00+00:00,,,840.5
USGS-09217000,2025-12-01 06:00:00+00:00,,,840.0
USGS-09217000,2025-12-01 07:00:00+00:00,,,836.5
USGS-09217000,2025-12-01 08:00:00+00:00,,,785.5
USGS-09217000,2025-12-01 09:00:00+00:00,,,766.0
USGS-09217000,2025-12-01 10:00:00+00:00,,,759.0
USGS-09217000,2025-12-01 11:00:00+00:00,,,759.0
USGS-09217000,2025-12-01 12:00:00+00:00,,,782.0
USGS-09217000,2025-12-01 13:00:00+00:00,,,808.5
USGS-09217000,2025-12-01 14:00:00+00:00,,,826.0
USGS-09217000,2025-12-01 15:00:00+00:00,,,833.0
USGS-09217000,2025-12-01 16:00:00+00:00,,,822.5
USGS-09217000,2025-12-01 17:00:00+00:00,,,826.0
USGS-09217000,2025-12-01 18:00:00+00:00,,,801.5
USGS-09217000,2025-12-01 19:00:00+00:00,,,791.0
USGS-09217000,2025-12-01 20:00:00+00:00,,,788.0
USGS-09217000,2025-12-01 21:00:00+00:00,,,917.0
USGS-09217000,2025-12-01 22:00:00+00:00,,,924.0
USGS-09217000,2025-12-01 23:00:00+00:00,,,902.0
USGS-09217000,2025-12-02 00:00:00+00:00,,,912.5
USGS-09217000,2025-12-02 01:00:00+00:00,,,944.0
USGS-09217000,2025-12-02 02:00:00+00:00,,,951.0
USGS-09217000,2025-12-02 03:00:00+00:00,,,961.5
USGS-09217000,2025-12-02 04:00:00+00:00,,,944.0
USGS-09217000,2025-12-02 05:00:00+00:00,,,884.5
USGS-09217000,2025-12-02 06:00:00+00:00,,,814.5
USGS-09217000,2025-12-02 07:00:00+00:00,,,778.0
USGS-09217000,2025-12-02 08:00:00+00:00,,,771.0
USGS-09217000,2025-12-02 09:00:00+00:00,,,781.0
USGS-09217000,2025-12-02 10:00:00+00:00,,,800.5
USGS-09217000,2025-12-02 11:00:00+00:00,,,821.5
USGS-09217000,2025-12-02 12:00:00+00:00,,,849.5
USGS-09217000,2025-12-02 13:00:00+00:00,,,870.5
USGS-09217000,2025-12-02 14:00:00+00:00,,,884.5
USGS-09217000,2025-12-02 15:00:00+00:00,,,898.5
USGS-09217000,2025-12-02 16:00:00+00:00,,,909.0
USGS-09217000,2025-12-02 17:00:00+00:00,,,915.0
USGS-09217000,2025-12-02 18:00:00+00:00,,,873.0
USGS-09217000,2025-12-02 19:00:00+00:00,,,873.0
USGS-09217000,2025-12-02 20:00:00+00:00,,,922.0
USGS-09217000,2025-12-02 21:00:00+00:00,,,946.5
USGS-09217000,2025-12-02 22:00:00+00:00,,,1001.0
USGS-09217000,2025-12-02 23:00:00+00:00,,,1080.0
USGS-09217000,2025-12-03 00:00:00+00:00,,,1100.0
USGS-09217000,2025-12-03 01:00:00+00:00,,,1020.0
USGS-09217000,2025-12-03 02:00:00+00:00,,,925.5
USGS-09217000,2025-12-03 03:00:00+00:00,,,873.0
USGS-09217000,2025-12-03 04:00:00+00:00,,,848.5
USGS-09217000,2025-12-03 05:00:00+00:00,,,841.5
USGS-09217000,2025-12-03 06:00:00+00:00,,,855.5
USGS-09217000,2025-12-03 07:00:00+00:00,,,887.0
USGS-09217000,2025-12-03 08:00:00+00:00,,,915.0
USGS-09217000,2025-12-03 09:00:00+00:00,,,922.0
USGS-09217000,2025-12-03 10:00:00+00:00,,,915.0
USGS-09217000,2025-12-03 11:00:00+00:00,,,914.0
USGS-09217000,2025-12-03 12:00:00+00:00,,,914.0
USGS-09217000,2025-12-03 13:00:00+00:00,,,914.0
USGS-09217000,2025-12-03 14:00:00+00:00,,,914.0
USGS-09217000,2025-12-03 15:00:00+00:00,,,910.5
USGS-09217000,2025-12-03 16:00:00+00:00,,,900.0
USGS-09217000,2025-12-03 17:00:00+00:00,,,872.0
USGS-09217000,2025-12-03 18:00:00+00:00,,,861.5
USGS-09217000,2025-12-03 19:00:00+00:00,,,879.0
USGS-09217000,2025-12-03 20:00:00+00:00,,,865.0
USGS-09217000,2025-12-03 21:00:00+00:00,,,851.0
USGS-09217000,2025-12-03 22:00:00+00:00,,,844.0
USGS-09217000,2025-12-03 23:00:00+00:00,,,844.0
USGS-09217000,2025-12-04 00:00:00+00:00,,,851.0
USGS-09217000,2025-12-04 01:00:00+00:00,,,851.0
USGS-09217000,2025-12-04 02:00:00+00:00,,,851.0
USGS-09217000,2025-12-04 03:00:00+00:00,,,847.5
USGS-09217000,2025-12-04 04:00:00+00:00,,,843.0
USGS-09217000,2025-12-04 05:00:00+00:00,,,843.0
USGS-09217000,2025-12-04 06:00:00+00:00,,,843.0
USGS-09217000,2025-12-04 07:00:00+00:00,,,843.0
USGS-09217000,2025-12-04 08:00:00+00:00,,,843.0
USGS-09217000,2025-12-04 09:00:00+00:00,,,843.0
USGS-09217000,2025-12-04 10:00:00+00:00,,,843.0
USGS-09217000,2025-12-04 11:00:00+00:00,,,843.0
USGS-09217000,2025-12-04 12:00:00+00:00,,,808.0
USGS-09217000,2025-12-04 13:00:00+00:00,,,815.0
USGS-09217000,2025-12-04 14:00:00+00:00,,,815.0
USGS-09217000,2025-12-04 15:00:00+00:00,,,815.0
USGS-09217000,2025-12-04 16:00:00+00:00,,,822.0
USGS-09217000,2025-12-04 17:00:00+00:00,,,836.0
USGS-09217000,2025-12-04 18:00:00+00:00,,,778.0
USGS-09217000,2025-12-04 19:00:00+00:00,,,822.0
USGS-09217000,2025-12-04 20:00:00+00:00,,,885.0
USGS-09217000,2025-12-04 21:00:00+00:00,,,909.5
USGS-09217000,2025-12-04 22:00:00+00:00,,,905.0
USGS-09217000,2025-12-04 23:00:00+00:00,,,915.5
USGS-09217000,2025-12-05 00:00:00+00:00,,,964.5
USGS-09217000,2025-12-05 01:00:00+00:00,,,964.5
USGS-09217000,2025-12-05 02:00:00+00:00,,,926.0
USGS-09217000,2025-12-05 03:00:00+00:00,,,880.5
USGS-09217000,2025-12-05 04:00:00+00:00,,,859.5
USGS-09217000,2025-12-05 05:00:00+00:00,,,842.0
USGS-09217000,2025-12-05 06:00:00+00:00,,,842.0
USGS-09217000,2025-12-05 07:00:00+00:00,,,821.0
USGS-09217000,2025-12-05 08:00:00+00:00,,,817.5
USGS-09217000,2025-12-05 09:00:00+00:00,,,852.5
USGS-09217000,2025-12-05 10:00:00+00:00,,,877.0
USGS-09217000,2025-12-05 11:00:00+00:00,,,880.5
USGS-09217000,2025-12-05 12:00:00+00:00,,,908.5
USGS-09217000,2025-12-05 13:00:00+00:00,,,933.0
USGS-09217000,2025-12-05 14:00:00+00:00,,,940.0
USGS-09217000,2025-12-05 15:00:00+00:00,,,919.0
USGS-09217000,2025-12-05 16:00:00+00:00,,,911.5
USGS-09217000,2025-12-05 17:00:00+00:00,,,904.0
USGS-09217000,2025-12-05 18:00:00+00:00,,,834.0
USGS-09217000,2025-12-05 19:00:00+00:00,,,851.5
USGS-09217000,2025-12-05 20:00:00+00:00,,,869.0
USGS-09217000,2025-12-05 21:00:00+00:00,,,883.0
USGS-09217000,2025-12-05 22:00:00+00:00,,,883.0
USGS-09217000,2025-12-05 23:00:00+00:00,,,897.0
USGS-09217000,2025-12-06 00:00:00+00:00,,,904.0
USGS-09217000,2025-12-06 01:00:00+00:00,,,918.0
USGS-09217000,2025-12-06 02:00:00+00:00,,,925.0
USGS-09217000,2025-12-06 03:00:00+00:00,,,918.0
USGS-09217000,2025-12-06 04:00:00+00:00,,,893.5
USGS-09217000,2025-12-06 05:00:00+00:00,,,869.0
USGS-09217000,2025-12-06 06:00:00+00:00,,,851.5
USGS-09217000,2025-12-06 07:00:00+00:00,,,844.5
USGS-09217000,2025-12-06 08:00:00+00:00,,,834.0
USGS-09217000,2025-12-06 09:00:00+00:00,,,834.0
USGS-09217000,2025-12-06 10:00:00+00:00,,,833.0
USGS-09217000,2025-12-06 11:00:00+00:00,,,836.5
USGS-09217000,2025-12-06 12:00:00+00:00,,,843.5
USGS-09217000,2025-12-06 13:00:00+00:00,,,840.0
USGS-09217000,2025-12-06 14:00:00+00:00,,,843.5
USGS-09217000,2025-12-06 15:00:00+00:00,,,847.0
USGS-09217000,2025-12-06 16:00:00+00:00,,,843.5
USGS-09217000,2025-12-06 17:00:00+00:00,,,840.0
USGS-09217000,2025-12-06 18:00:00+00:00,,,850.5
USGS-09217000,2025-12-06 19:00:00+00:00,,,850.5
USGS-09217000,2025-12-06 20:00:00+00:00,,,850.5
USGS-09217000,2025-12-06 21:00:00+00:00,,,847.0
USGS-09217000,2025-12-06 22:00:00+00:00,,,847.0
USGS-09217000,2025-12-06 23:00:00+00:00,,,854.0
USGS-09217000,2025-12-07 00:00:00+00:00,,,854.0
USGS-09217000,2025-12-07 01:00:00+00:00,,,854.0
USGS-09217000,2025-12-07 02:00:00+00:00,,,854.0
USGS-09217000,2025-12-07 03:00:00+00:00,,,854.0
USGS-09217000,2025-12-07 04:00:00+00:00,,,853.0
USGS-09217000,2025-12-07 05:00:00+00:00,,,846.0
USGS-09217000,2025-12-07 06:00:00+00:00,,,849.5
USGS-09217000,2025-12-07 07:00:00+00:00,,,853.0
USGS-09217000,2025-12-07 08:00:00+00:00,,,853.0
USGS-09217000,2025-12-07 09:00:00+00:00,,,853.0
USGS-09217000,2025-12-07 10:00:00+00:00,,,853.0
USGS-09217000,2025-12-07 11:00:00+00:00,,,856.5
USGS-09217000,2025-12-07 12:00:00+00:00,,,860.0
USGS-09217000,2025-12-07 13:00:00+00:00,,,860.0
USGS-09217000,2025-12-07 14:00:00+00:00,,,856.5
USGS-09217000,2025-12-07 15:00:00+00:00,,,853.0
USGS-09217000,2025-12-07 16:00:00+00:00,,,853.0
USGS-09217000,2025-12-07 17:00:00+00:00,,,853.0
USGS-09217000,2025-12-07 18:00:00+00:00,,,849.5
USGS-09217000,2025-12-07 19:00:00+00:00,,,846.0
USGS-09217000,2025-12-07 20:00:00+00:00,,,846.0
USGS-09217000,2025-12-07 21:00:00+00:00,,,849.0
USGS-09217000,2025-12-07 22:00:00+00:00,,,845.0
USGS-09217000,2025-12-07 23:00:00+00:00,,,838.0
USGS-09217000,2025-12-08 00:00:00+00:00,,,838.0
USGS-09217000,2025-12-08 01:00:00+00:00,,,838.0
USGS-09217000,2025-12-08 02:00:00+00:00,,,838.0
USGS-09217000,2025-12-08 03:00:00+00:00,,,838.0
USGS-09217000,2025-12-08 04:00:00+00:00,,,838.0
USGS-09217000,2025-12-08 05:00:00+00:00,,,838.0
USGS-09217000,2025-12-08 06:00:00+00:00,,,845.0
USGS-09217000,2025-12-08 07:00:00+00:00,,,841.5
USGS-09217000,2025-12-08 08:00:00+00:00,,,838.0
USGS-09217000,2025-12-08 09:00:00+00:00,,,838.0
USGS-09217000,2025-12-08 10:00:00+00:00,,,838.0
USGS-09217000,2025-12-08 11:00:00+00:00,,,845.0
USGS-09217000,2025-12-08 12:00:00+00:00,,,845.0
USGS-09217000,2025-12-08 13:00:00+00:00,,,845.0
USGS-09217000,2025-12-08 14:00:00+00:00,,,845.0
USGS-09217000,2025-12-08 15:00:00+00:00,,,844.0
USGS-09217000,2025-12-08 16:00:00+00:00,,,844.0
USGS-09217000,2025-12-08 17:00:00+00:00,,,844.0
USGS-09217000,2025-12-08 18:00:00+00:00,,,840.5
USGS-09217000,2025-12-08 19:00:00+00:00,,,840.5
USGS-09217000,2025-12-08 20:00:00+00:00,,,840.5
USGS-09217000,2025-12-08 21:00:00+00:00,,,837.0
USGS-09217000,2025-12-08 22:00:00+00:00,,,844.0
USGS-09217000,2025-12-08 23:00:00+00:00,,,844.0
USGS-09217000,2025-12-09 00:00:00+00:00,,,844.0
USGS-09217000,2025-12-09 01:00:00+00:00,,,851.0
USGS-09217000,2025-12-09 02:00:00+00:00,,,854.5
USGS-09217000,2025-12-09 03:00:00+00:00,,,851.0
USGS-09217000,2025-12-09 04:00:00+00:00,,,847.5
USGS-09217000,2025-12-09 05:00:00+00:00,,,847.5
USGS-09217000,2025-12-09 06:00:00+00:00,,,851.0
USGS-09217000,2025-12-09 07:00:00+00:00,,,851.0
USGS-09217000,2025-12-09 08:00:00+00:00,,,851.0
USGS-09217000,2025-12-09 09:00:00+00:00,,,850.0
USGS-09217000,2025-12-09 10:00:00+00:00,,,857.0
USGS-09217000,2025-12-09 11:00:00+00:00,,,857.0
USGS-09217000,2025-12-09 12:00:00+00:00,,,857.0
USGS-09217000,2025-12-09 13:00:00+00:00,,,857.0
USGS-09217000,2025-12-09 14:00:00+00:00,,,857.0
USGS-09217000,2025-12-09 15:00:00+00:00,,,857.0
USGS-09217000,2025-12-09 16:00:00+00:00,,,857.0
USGS-09217000,2025-12-09 17:00:00+00:00,,,860.5
USGS-09217000,2025-12-09 18:00:00+00:00,,,857.0
USGS-09217000,2025-12-09 19:00:00+00:00,,,850.0
USGS-09217000,2025-12-09 20:00:00+00:00,,,850.0
USGS-09217000,2025-12-09 21:00:00+00:00,,,850.0
USGS-09217000,2025-12-09 22:00:00+00:00,,,853.5
USGS-09217000,2025-12-09 23:00:00+00:00,,,850.0
USGS-09217000,2025-12-10 00:00:00+00:00,,,850.0
USGS-09217000,2025-12-10 01:00:00+00:00,,,853.5
USGS-09217000,2025-12-10 02:00:00+00:00,,,857.0
USGS-09217000,2025-12-10 03:00:00+00:00,,,849.0
USGS-09217000,2025-12-10 04:00:00+00:00,,,856.0
USGS-09217000,2025-12-10 05:00:00+00:00,,,852.5
USGS-09217000,2025-12-10 06:00:00+00:00,,,856.0
USGS-09217000,2025-12-10 07:00:00+00:00,,,856.0
USGS-09217000,2025-12-10 08:00:00+00:00,,,856.0
USGS-09217000,2025-12-10 09:00:00+00:00,,,856.0
USGS-09217000,2025-12-10 10:00:00+00:00,,,856.0
USGS-09217000,2025-12-10 11:00:00+00:00,,,856.0
USGS-09217000,2025-12-10 12:00:00+00:00,,,856.0
USGS-09217000,2025-12-10 13:00:00+00:00,,,863.0
USGS-09217000,2025-12-10 14:00:00+00:00,,,863.0
USGS-09217000,2025-12-10 15:00:00+00:00,,,863.0
USGS-09217000,2025-12-10 16:00:00+00:00,,,859.5
USGS-09217000,2025-12-10 17:00:00+00:00,,,859.5
USGS-09217000,2025-12-10 18:00:00+00:00,,,856.0
USGS-09217000,2025-12-10 19:00:00+00:00,,,856.0
USGS-09217000,2025-12-10 20:00:00+00:00,,,859.5
USGS-09217000,2025-12-10 21:00:00+00:00,,,855.0
USGS-09217000,2025-12-10 22:00:00+00:00,,,855.0
USGS-09217000,2025-12-10 23:00:00+00:00,,,855.0
USGS-09217000,2025-12-11 00:00:00+00:00,,,851.5
USGS-09217000,2025-12-11 01:00:00+00:00,,,855.0
USGS-09217000,2025-12-11 02:00:00+00:00,,,855.0
USGS-09217000,2025-12-11 03:00:00+00:00,,,862.0
USGS-09217000,2025-12-11 04:00:00+00:00,,,855.0
USGS-09217000,2025-12-11 05:00:00+00:00,,,855.0
USGS-09217000,2025-12-11 06:00:00+00:00,,,855.0
USGS-09217000,2025-12-11 07:00:00+00:00,,,855.0
USGS-09217000,2025-12-11 08:00:00+00:00,,,855.0
USGS-09217000,2025-12-11 09:00:00+00:00,,,855.0
USGS-09217000,2025-12-11 10:00:00+00:00,,,862.0
USGS-09217000,2025-12-11 11:00:00+00:00,,,855.0
USGS-09217000,2025-12-11 12:00:00+00:00,,,862.0
USGS-09217000,2025-12-11 13:00:00+00:00,,,862.0
USGS-09217000,2025-12-11 14:00:00+00:00,,,865.5
USGS-09217000,2025-12-11 15:00:00+00:00,,,868.5
USGS-09217000,2025-12-11 16:00:00+00:00,,,864.5
USGS-09217000,2025-12-11 17:00:00+00:00,,,868.0
USGS-09217000,2025-12-11 18:00:00+00:00,,,878.5
USGS-09217000,2025-12-11 19:00:00+00:00,,,868.0
USGS-09217000,2025-12-11 20:00:00+00:00,,,868.0
USGS-09217000,2025-12-11 21:00:00+00:00,,,861.0
USGS-09217000,2025-12-11 22:00:00+00:00,,,854.0
USGS-09217000,2025-12-11 23:00:00+00:00,,,854.0
USGS-09217000,2025-12-12 00:00:00+00:00,,,854.0
USGS-09217000,2025-12-12 01:00:00+00:00,,,854.0
USGS-09217000,2025-12-12 02:00:00+00:00,,,854.0
USGS-09217000,2025-12-12 03:00:00+00:00,,,850.5
USGS-09217000,2025-12-12 04:00:00+00:00,,,847.0
USGS-09217000,2025-12-12 05:00:00+00:00,,,854.0
USGS-09217000,2025-12-12 06:00:00+00:00,,,854.0
USGS-09217000,2025-12-12 07:00:00+00:00,,,854.0
USGS-09217000,2025-12-12 08:00:00+00:00,,,853.0
USGS-09217000,2025-12-12 09:00:00+00:00,,,853.0
USGS-09217000,2025-12-12 10:00:00+00:00,,,853.0
USGS-09217000,2025-12-12 11:00:00+00:00,,,860.0
USGS-09217000,2025-12-12 12:00:00+00:00,,,860.0
USGS-09217000,2025-12-12 13:00:00+00:00,,,863.5
USGS-09217000,2025-12-12 14:00:00+00:00,,,863.5
USGS-09217000,2025-12-12 15:00:00+00:00,,,863.5
USGS-09217000,2025-12-12 16:00:00+00:00,,,867.0
USGS-09217000,2025-12-12 17:00:00+00:00,,,867.0
USGS-09217000,2025-12-12 18:00:00+00:00,,,860.0
USGS-09217000,2025-12-12 19:00:00+00:00,,,860.0
USGS-09217000,2025-12-12 20:00:00+00:00,,,860.0
USGS-09217000,2025-12-12 21:00:00+00:00,,,860.0
USGS-09217000,2025-12-12 22:00:00+00:00,,,860.0
USGS-09217000,2025-12-12 23:00:00+00:00,,,853.0
USGS-09217000,2025-12-13 00:00:00+00:00,,,853.0
USGS-09217000,2025-12-13 01:00:00+00:00,,,860.0
USGS-09217000,2025-12-13 02:00:00+00:00,,,859.0
USGS-09217000,2025-12-13 03:00:00+00:00,,,852.0
USGS-09217000,2025-12-13 04:00:00+00:00,,,852.0
USGS-09217000,2025-12-13 05:00:00+00:00,,,855.5
USGS-09217000,2025-12-13 06:00:00+00:00,,,855.5
USGS-09217000,2025-12-13 07:00:00+00:00,,,855.5
USGS-09217000,2025-12-13 08:00:00+00:00,,,859.0
USGS-09217000,2025-12-13 09:00:00+00:00,,,855.5
USGS-09217000,2025-12-13 10:00:00+00:00,,,852.0
USGS-09217000,2025-12-13 11:00:00+00:00,,,852.0
USGS-09217000,2025-12-13 12:00:00+00:00,,,852.0
USGS-09217000,2025-12-13 13:00:00+00:00,,,852.0
USGS-09217000,2025-12-13 14:00:00+00:00,,,855.5
USGS-09217000,2025-12-13 15:00:00+00:00,,,859.0
USGS-09217000,2025-12-13 16:00:00+00:00,,,859.0
USGS-09217000,2025-12-13 17:00:00+00:00,,,855.5
USGS-09217000,2025-12-13 18:00:00+00:00,,,852.0
USGS-09217000,2025-12-13 19:00:00+00:00,,,852.0
USGS-09217000,2025-12-13 20:00:00+00:00,,,851.0
USGS-09217000,2025-12-13 21:00:00+00:00,,,847.5
USGS-09217000,2025-12-13 22:00:00+00:00,,,844.0
USGS-09217000,2025-12-13 23:00:00+00:00,,,844.0
USGS-09217000,2025-12-14 00:00:00+00:00,,,844.0
USGS-09217000,2025-12-14 01:00:00+00:00,,,844.0
USGS-09217000,2025-12-14 02:00:00+00:00,,,844.0
USGS-09217000,2025-12-14 03:00:00+00:00,,,844.0
USGS-09217000,2025-12-14 04:00:00+00:00,,,844.0
USGS-09217000,2025-12-14 05:00:00+00:00,,,837.0
USGS-09217000,2025-12-14 06:00:00+00:00,,,837.0
USGS-09217000,2025-12-14 07:00:00+00:00,,,837.0
USGS-09217000,2025-12-14 08:00:00+00:00,,,837.0
USGS-09217000,2025-12-14 09:00:00+00:00,,,837.0
USGS-09217000,2025-12-14 10:00:00+00:00,,,837.0
USGS-09217000,2025-12-14 11:00:00+00:00,,,844.0
USGS-09217000,2025-12-14 12:00:00+00:00,,,837.0
USGS-09217000,2025-12-14 13:00:00+00:00,,,843.0
USGS-09217000,2025-12-14 14:00:00+00:00,,,843.0
USGS-09217000,2025-12-14 15:00:00+00:00,,,839.5
USGS-09217000,2025-12-14 16:00:00+00:00,,,839.5
USGS-09217000,2025-12-14 17:00:00+00:00,,,836.0
USGS-09217000,2025-12-14 18:00:00+00:00,,,843.0
USGS-09217000,2025-12-14 19:00:00+00:00,,,843.0
USGS-09217000,2025-12-14 20:00:00+00:00,,,843.0
USGS-09217000,2025-12-14 21:00:00+00:00,,,843.0
USGS-09217000,2025-12-14 22:00:00+00:00,,,843.0
USGS-09217000,2025-12-14 23:00:00+00:00,,,839.5
USGS-09217000,2025-12-15 00:00:00+00:00,,,843.0
USGS-09217000,2025-12-15 01:00:00+00:00,,,843.0
USGS-09217000,2025-12-15 02:00:00+00:00,,,843.0
USGS-09217000,2025-12-15 03:00:00+00:00,,,843.0
USGS-09217000,2025-12-15 04:00:00+00:00,,,836.0
USGS-09217000,2025-12-15 05:00:00+00:00,,,836.0
USGS-09217000,2025-12-15 06:00:00+00:00,,,836.0
USGS-09217000,2025-12-15 07:00:00+00:00,,,831.5
USGS-09217000,2025-12-15 08:00:00+00:00,,,835.0
USGS-09217000,2025-12-15 09:00:00+00:00,,,831.5
USGS-09217000,2025-12-15 10:00:00+00:00,,,835.0
USGS-09217000,2025-12-15 11:00:00+00:00,,,835.0
USGS-09217000,2025-12-15 12:00:00+00:00,,,835.0
USGS-09217000,2025-12-15 13:00:00+00:00,,,828.0
USGS-09217000,2025-12-15 14:00:00+00:00,,,821.0
USGS-09217000,2025-12-15 15:00:00+00:00,,,794.0
USGS-09217000,2025-12-15 16:00:00+00:00,,,797.0
USGS-09217000,2025-12-15 17:00:00+00:00,,,814.0
USGS-09217000,2025-12-15 18:00:00+00:00,,,793.0
USGS-09217000,2025-12-15 19:00:00+00:00,,,845.5
USGS-09217000,2025-12-15 20:00:00+00:00,,,873.5
USGS-09217000,2025-12-15 21:00:00+00:00,,,873.5
USGS-09217000,2025-12-15 22:00:00+00:00,,,856.0
USGS-09217000,2025-12-15 23:00:00+00:00,,,838.5
USGS-09217000,2025-12-16 00:00:00+00:00,,,842.0
USGS-09217000,2025-12-16 01:00:00+00:00,,,848.0
USGS-09217000,2025-12-16 02:00:00+00:00,,,855.0
USGS-09217000,2025-12-16 03:00:00+00:00,,,858.5
USGS-09217000,2025-12-16 04:00:00+00:00,,,855.0
USGS-09217000,2025-12-16 05:00:00+00:00,,,848.0
USGS-09217000,2025-12-16 06:00:00+00:00,,,841.0
USGS-09217000,2025-12-16 07:00:00+00:00,,,841.0
USGS-09217000,2025-12-16 08:00:00+00:00,,,841.0
USGS-09217000,2025-12-16 09:00:00+00:00,,,841.0
USGS-09217000,2025-12-16 10:00:00+00:00,,,837.5
USGS-09217000,2025-12-16 11:00:00+00:00,,,834.0
USGS-09217000,2025-12-16 12:00:00+00:00,,,834.0
USGS-09217000,2025-12-16 13:00:00+00:00,,,830.5
USGS-09217000,2025-12-16 14:00:00+00:00,,,830.5
USGS-09217000,2025-12-16 15:00:00+00:00,,,834.0
USGS-09217000,2025-12-16 16:00:00+00:00,,,837.5
USGS-09217000,2025-12-16 17:00:00+00:00,,,834.0
USGS-09217000,2025-12-16 18:00:00+00:00,,,834.0
USGS-09217000,2025-12-16 19:00:00+00:00,,,836.5
USGS-09217000,2025-12-16 20:00:00+00:00,,,836.5
USGS-09217000,2025-12-16 21:00:00+00:00,,,836.5
USGS-09217000,2025-12-16 22:00:00+00:00,,,836.5
USGS-09217000,2025-12-16 23:00:00+00:00,,,840.0
USGS-09217000,2025-12-17 00:00:00+00:00,,,840.0
USGS-09217000,2025-12-17 01:00:00+00:00,,,840.0
USGS-09217000,2025-12-17 02:00:00+00:00,,,840.0
USGS-09217000,2025-12-17 03:00:00+00:00,,,836.5
USGS-09217000,2025-12-17 04:00:00+00:00,,,840.0
USGS-09217000,2025-12-17 05:00:00+00:00,,,840.0
USGS-09217000,2025-12-17 06:00:00+00:00,,,840.0
USGS-09217000,2025-12-17 07:00:00+00:00,,,840.0
USGS-09217000,2025-12-17 08:00:00+00:00,,,840.0
USGS-09217000,2025-12-17 09:00:00+00:00,,,833.0
USGS-09217000,2025-12-17 10:00:00+00:00,,,833.0
USGS-09217000,2025-12-17 11:00:00+00:00,,,840.0
USGS-09217000,2025-12-17 12:00:00+00:00,,,839.0
USGS-09217000,2025-12-17 13:00:00+00:00,,,839.0
USGS-09217000,2025-12-17 14:00:00+00:00,,,839.0
USGS-09217000,2025-12-17 15:00:00+00:00,,,839.0
USGS-09217000,2025-12-17 16:00:00+00:00,,,839.0
USGS-09217000,2025-12-17 17:00:00+00:00,,,839.0
USGS-09217000,2025-12-17 18:00:00+00:00,,,839.0
USGS-09217000,2025-12-17 19:00:00+00:00,,,846.0
USGS-09217000,2025-12-17 20:00:00+00:00,,,863.5
USGS-09217000,2025-12-17 21:00:00+00:00,,,849.5
USGS-09217000,2025-12-17 22:00:00+00:00,,,853.0
USGS-09217000,2025-12-17 23:00:00+00:00,,,856.5
USGS-09217000,2025-12-18 00:00:00+00:00,,,853.0
USGS-09217000,2025-12-18 01:00:00+00:00,,,853.0
USGS-09217000,2025-12-18 02:00:00+00:00,,,846.0
USGS-09217000,2025-12-18 03:00:00+00:00,,,846.0
USGS-09217000,2025-12-18 04:00:00+00:00,,,842.5
USGS-09217000,2025-12-18 05:00:00+00:00,,,846.0
USGS-09217000,2025-12-18 06:00:00+00:00,,,852.5
USGS-09217000,2025-12-18 07:00:00+00:00,,,852.0
USGS-09217000,2025-12-18 08:00:00+00:00,,,859.0
USGS-09217000,2025-12-18 09:00:00+00:00,,,862.5
USGS-09217000,2025-12-18 10:00:00+00:00,,,866.0
USGS-09217000,2025-12-18 11:00:00+00:00,,,866.0
USGS-09217000,2025-12-18 12:00:00+00:00,,,866.0
USGS-09217000,2025-12-18 13:00:00+00:00,,,866.0
USGS-09217000,2025-12-18 14:00:00+00:00,,,859.0
USGS-09217000,2025-12-18 15:00:00+00:00,,,806.5
USGS-09217000,2025-12-18 16:00:00+00:00,,,786.5
USGS-09217000,2025-12-18 17:00:00+00:00,,,786.5
USGS-09217000,2025-12-18 18:00:00+00:00,,,799.5
USGS-09217000,2025-12-18 19:00:00+00:00,,,859.0
USGS-09217000,2025-12-18 20:00:00+00:00,,,890.5
USGS-09217000,2025-12-18 21:00:00+00:00,,,894.0
USGS-09217000,2025-12-18 22:00:00+00:00,,,880.0
USGS-09217000,2025-12-18 23:00:00+00:00,,,859.0
USGS-09217000,2025-12-19 00:00:00+00:00,,,858.5
USGS-09217000,2025-12-19 01:00:00+00:00,,,851.0
USGS-09217000,2025-12-19 02:00:00+00:00,,,844.0
USGS-09217000,2025-12-19 03:00:00+00:00,,,858.0
USGS-09217000,2025-12-19 04:00:00+00:00,,,889.5
USGS-09217000,2025-12-19 05:00:00+00:00,,,893.0
USGS-09217000,2025-12-19 06:00:00+00:00,,,879.0
USGS-09217000,2025-12-19 07:00:00+00:00,,,858.0
USGS-09217000,2025-12-19 08:00:00+00:00,,,833.5
USGS-09217000,2025-12-19 09:00:00+00:00,,,816.0
USGS-09217000,2025-12-19 10:00:00+00:00,,,809.0
USGS-09217000,2025-12-19 11:00:00+00:00,,,823.0
USGS-09217000,2025-12-19 12:00:00+00:00,,,847.5
USGS-09217000,2025-12-19 13:00:00+00:00,,,865.0
USGS-09217000,2025-12-19 14:00:00+00:00,,,861.5
USGS-09217000,2025-12-19 15:00:00+00:00,,,819.5
USGS-09217000,2025-12-19 16:00:00+00:00,,,791.5
USGS-09217000,2025-12-19 17:00:00+00:00,,,769.0
USGS-09217000,2025-12-19 18:00:00+00:00,,,772.0
USGS-09217000,2025-12-19 19:00:00+00:00,,,815.0
USGS-09217000,2025-12-19 20:00:00+00:00,,,853.5
USGS-09217000,2025-12-19 21:00:00+00:00,,,857.0
USGS-09217000,2025-12-19 22:00:00+00:00,,,839.5
USGS-09217000,2025-12-19 23:00:00+00:00,,,829.0
USGS-09217000,2025-12-20 00:00:00+00:00,,,850.0
USGS-09217000,2025-12-20 01:00:00+00:00,,,871.0
USGS-09217000,2025-12-20 02:00:00+00:00,,,885.0
USGS-09217000,2025-12-20 03:00:00+00:00,,,874.5
USGS-09217000,2025-12-20 04:00:00+00:00,,,860.5
USGS-09217000,2025-12-20 05:00:00+00:00,,,843.0
USGS-09217000,2025-12-20 06:00:00+00:00,,,836.0
USGS-09217000,2025-12-20 07:00:00+00:00,,,832.5
USGS-09217000,2025-12-20 08:00:00+00:00,,,836.0
USGS-09217000,2025-12-20 09:00:00+00:00,,,829.0
USGS-09217000,2025-12-20 10:00:00+00:00,,,829.0
USGS-09217000,2025-12-20 11:00:00+00:00,,,835.0
USGS-09217000,2025-12-20 12:00:00+00:00,,,835.0
USGS-09217000,2025-12-20 13:00:00+00:00,,,835.0
USGS-09217000,2025-12-20 14:00:00+00:00,,,835.0
USGS-09217000,2025-12-20 15:00:00+00:00,,,835.0
USGS-09217000,2025-12-20 16:00:00+00:00,,,835.0
USGS-09217000,2025-12-20 17:00:00+00:00,,,835.0
USGS-09217000,2025-12-20 18:00:00+00:00,,,835.0
USGS-09217000,2025-12-20 19:00:00+00:00,,,835.0
USGS-09217000,2025-12-20 20:00:00+00:00,,,835.0
USGS-09217000,2025-12-20 21:00:00+00:00,,,828.0
USGS-09217000,2025-12-20 22:00:00+00:00,,,831.5
USGS-09217000,2025-12-20 23:00:00+00:00,,,828.0
USGS-09217000,2025-12-21 00:00:00+00:00,,,828.0
USGS-09217000,2025-12-21 01:00:00+00:00,,,828.0
USGS-09217000,2025-12-21 02:00:00+00:00,,,828.0
USGS-09217000,2025-12-21 03:00:00+00:00,,,828.0
USGS-09217000,2025-12-21 04:00:00+00:00,,,831.5
USGS-09217000,2025-12-21 05:00:00+00:00,,,830.5
USGS-09217000,2025-12-21 06:00:00+00:00,,,830.5
USGS-09217000,2025-12-21 07:00:00+00:00,,,827.0
USGS-09217000,2025-12-21 08:00:00+00:00,,,823.5
USGS-09217000,2025-12-21 09:00:00+00:00,,,827.0
USGS-09217000,2025-12-21 10:00:00+00:00,,,827.0
USGS-09217000,2025-12-21 11:00:00+00:00,,,827.0
USGS-09217000,2025-12-21 12:00:00+00:00,,,827.0
USGS-09217000,2025-12-21 13:00:00+00:00,,,827.0
USGS-09217000,2025-12-21 14:00:00+00:00,,,827.0
USGS-09217000,2025-12-21 15:00:00+00:00,,,834.0
USGS-09217000,2025-12-21 16:00:00+00:00,,,827.0
USGS-09217000,2025-12-21 17:00:00+00:00,,,827.0
USGS-09217000,2025-12-21 18:00:00+00:00,,,837.5
USGS-09217000,2025-12-21 19:00:00+00:00,,,837.5
USGS-09217000,2025-12-21 20:00:00+00:00,,,834.0
USGS-09217000,2025-12-21 21:00:00+00:00,,,834.0
USGS-09217000,2025-12-21 22:00:00+00:00,,,834.0
USGS-09217000,2025-12-21 23:00:00+00:00,,,833.0
USGS-09217000,2025-12-22 00:00:00+00:00,,,833.0
USGS-09217000,2025-12-22 01:00:00+00:00,,,833.0
USGS-09217000,2025-12-22 02:00:00+00:00,,,829.5
USGS-09217000,2025-12-22 03:00:00+00:00,,,833.0
USGS-09217000,2025-12-22 04:00:00+00:00,,,833.0
USGS-09217000,2025-12-22 05:00:00+00:00,,,833.0
USGS-09217000,2025-12-22 06:00:00+00:00,,,833.0
USGS-09217000,2025-12-22 07:00:00+00:00,,,833.0
USGS-09217000,2025-12-22 08:00:00+00:00,,,829.5
USGS-09217000,2025-12-22 09:00:00+00:00,,,829.5
USGS-09217000,2025-12-22 10:00:00+00:00,,,833.0
USGS-09217000,2025-12-22 11:00:00+00:00,,,833.0
USGS-09217000,2025-12-22 12:00:00+00:00,,,833.0
USGS-09217000,2025-12-22 13:00:00+00:00,,,829.5
USGS-09217000,2025-12-22 14:00:00+00:00,,,829.5
USGS-09217000,2025-12-22 15:00:00+00:00,,,833.0
USGS-09217000,2025-12-22 16:00:00+00:00,,,833.0
USGS-09217000,2025-12-22 17:00:00+00:00,,,825.0
USGS-09217000,2025-12-22 18:00:00+00:00,,,825.0
USGS-09217000,2025-12-22 19:00:00+00:00,,,821.5
USGS-09217000,2025-12-22 20:00:00+00:00,,,821.5
USGS-09217000,2025-12-22 21:00:00+00:00,,,825.0
USGS-09217000,2025-12-22 22:00:00+00:00,,,821.5
USGS-09217000,2025-12-22 23:00:00+00:00,,,818.0
USGS-09217000,2025-12-23 00:00:00+00:00,,,818.0
USGS-09217000,2025-12-23 01:00:00+00:00,,,818.0
USGS-09217000,2025-12-23 02:00:00+00:00,,,818.0
USGS-09217000,2025-12-23 03:00:00+00:00,,,825.0
USGS-09217000,2025-12-23 04:00:00+00:00,,,825.0
USGS-09217000,2025-12-23 05:00:00+00:00,,,821.5
USGS-09217000,2025-12-23 06:00:00+00:00,,,818.0
USGS-09217000,2025-12-23 07:00:00+00:00,,,818.0
USGS-09217000,2025-12-23 08:00:00+00:00,,,818.0
USGS-09217000,2025-12-23 09:00:00+00:00,,,818.0
USGS-09217000,2025-12-23 10:00:00+00:00,,,818.0
USGS-09217000,2025-12-23 11:00:00+00:00,,,817.0
USGS-09217000,2025-12-23 12:00:00+00:00,,,820.5
USGS-09217000,2025-12-23 13:00:00+00:00,,,824.0
USGS-09217000,2025-12-23 14:00:00+00:00,,,831.0
USGS-09217000,2025-12-23 15:00:00+00:00,,,831.0
USGS-09217000,2025-12-23 16:00:00+00:00,,,827.5
USGS-09217000,2025-12-23 17:00:00+00:00,,,824.0
USGS-09217000,2025-12-23 18:00:00+00:00,,,817.0
USGS-09217000,2025-12-23 19:00:00+00:00,,,817.0
USGS-09217000,2025-12-23 20:00:00+00:00,,,817.0
USGS-09217000,2025-12-23 21:00:00+00:00,,,820.5
USGS-09217000,2025-12-23 22:00:00+00:00,,,820.5
USGS-09217000,2025-12-23 23:00:00+00:00,,,824.0
USGS-09217000,2025-12-24 00:00:00+00:00,,,824.0
USGS-09217000,2025-12-24 01:00:00+00:00,,,817.0
USGS-09217000,2025-12-24 02:00:00+00:00,,,817.0
USGS-09217000,2025-12-24 03:00:00+00:00,,,820.5
USGS-09217000,2025-12-24 04:00:00+00:00,,,823.0
USGS-09217000,2025-12-24 05:00:00+00:00,,,823.0
USGS-09217000,2025-12-24 06:00:00+00:00,,,823.0
USGS-09217000,2025-12-24 07:00:00+00:00,,,823.0
USGS-09217000,2025-12-24 08:00:00+00:00,,,816.0
USGS-09217000,2025-12-24 09:00:00+00:00,,,816.0
USGS-09217000,2025-12-24 10:00:00+00:00,,,816.0
USGS-09217000,2025-12-24 11:00:00+00:00,,,823.0
USGS-09217000,2025-12-24 12:00:00+00:00,,,823.0
USGS-09217000,2025-12-24 13:00:00+00:00,,,823.0
USGS-09217000,2025-12-24 14:00:00+00:00,,,823.0
USGS-09217000,2025-12-24 15:00:00+00:00,,,823.0
USGS-09217000,2025-12-24 16:00:00+00:00,,,823.0
USGS-09217000,2025-12-24 17:00:00+00:00,,,823.0
USGS-09217000,2025-12-24 18:00:00+00:00,,,816.0
USGS-09217000,2025-12-24 19:00:00+00:00,,,816.0
USGS-09217000,2025-12-24 20:00:00+00:00,,,823.0
USGS-09217000,2025-12-24 21:00:00+00:00,,,823.0
USGS-09217000,2025-12-24 22:00:00+00:00,,,822.0
USGS-09217000,2025-12-24 23:00:00+00:00,,,822.0
USGS-09217000,2025-12-25 00:00:00+00:00,,,822.0
USGS-09217000,2025-12-25 01:00:00+00:00,,,822.0
USGS-09217000,2025-12-25 02:00:00+00:00,,,822.0
USGS-09217000,2025-12-25 03:00:00+00:00,,,822.0
USGS-09217000,2025-12-25 04:00:00+00:00,,,822.0
USGS-09217000,2025-12-25 05:00:00+00:00,,,822.0
USGS-09217000,2025-12-25 06:00:00+00:00,,,815.0
USGS-09217000,2025-12-25 07:00:00+00:00,,,815.0
USGS-09217000,2025-12-25 08:00:00+00:00,,,811.5
USGS-09217000,2025-12-25 09:00:00+00:00,,,818.5
USGS-09217000,2025-12-25 10:00:00+00:00,,,822.0
USGS-09217000,2025-12-25 11:00:00+00:00,,,822.0
USGS-09217000,2025-12-25 12:00:00+00:00,,,822.0
USGS-09217000,2025-12-25 13:00:00+00:00,,,822.0
USGS-09217000,2025-12-25 14:00:00+00:00,,,825.5
USGS-09217000,2025-12-25 15:00:00+00:00,,,828.5
USGS-09217000,2025-12-25 16:00:00+00:00,,,828.0
USGS-09217000,2025-12-25 17:00:00+00:00,,,828.0
USGS-09217000,2025-12-25 18:00:00+00:00,,,828.0
USGS-09217000,2025-12-25 19:00:00+00:00,,,835.0
USGS-09217000,2025-12-25 20:00:00+00:00,,,835.0
USGS-09217000,2025-12-25 21:00:00+00:00,,,835.0
USGS-09217000,2025-12-25 22:00:00+00:00,,,831.5
USGS-09217000,2025-12-25 23:00:00+00:00,,,831.5
USGS-09217000,2025-12-26 00:00:00+00:00,,,828.0
USGS-09217000,2025-12-26 01:00:00+00:00,,,821.0
USGS-09217000,2025-12-26 02:00:00+00:00,,,821.0
USGS-09217000,2025-12-26 03:00:00+00:00,,,821.0
USGS-09217000,2025-12-26 04:00:00+00:00,,,821.0
USGS-09217000,2025-12-26 05:00:00+00:00,,,817.5
USGS-09217000,2025-12-26 06:00:00+00:00,,,814.0
USGS-09217000,2025-12-26 07:00:00+00:00,,,814.0
USGS-09217000,2025-12-26 08:00:00+00:00,,,814.0
USGS-09217000,2025-12-26 09:00:00+00:00,,,814.0
USGS-09217000,2025-12-26 10:00:00+00:00,,,813.0
USGS-09217000,2025-12-26 11:00:00+00:00,,,813.0
USGS-09217000,2025-12-26 12:00:00+00:00,,,820.0
USGS-09217000,2025-12-26 13:00:00+00:00,,,820.0
USGS-09217000,2025-12-26 14:00:00+00:00,,,820.0
USGS-09217000,2025-12-26 15:00:00+00:00,,,827.0
USGS-09217000,2025-12-26 16:00:00+00:00,,,827.0
USGS-09217000,2025-12-26 17:00:00+00:00,,,827.0
USGS-09217000,2025-12-26 18:00:00+00:00,,,827.0
USGS-09217000,2025-12-26 19:00:00+00:00,,,823.5
USGS-09217000,2025-12-26 20:00:00+00:00,,,820.0
USGS-09217000,2025-12-26 21:00:00+00:00,,,820.0
USGS-09217000,2025-12-26 22:00:00+00:00,,,820.0
USGS-09217000,2025-12-26 23:00:00+00:00,,,820.0
USGS-09217000,2025-12-27 00:00:00+00:00,,,820.0
USGS-09217000,2025-12-27 01:00:00+00:00,,,827.0
USGS-09217000,2025-12-27 02:00:00+00:00,,,827.0
USGS-09217000,2025-12-27 03:00:00+00:00,,,830.0
USGS-09217000,2025-12-27 04:00:00+00:00,,,826.0
USGS-09217000,2025-12-27 05:00:00+00:00,,,826.0
USGS-09217000,2025-12-27 06:00:00+00:00,,,826.0
USGS-09217000,2025-12-27 07:00:00+00:00,,,826.0
USGS-09217000,2025-12-27 08:00:00+00:00,,,826.0
USGS-09217000,2025-12-27 09:00:00+00:00,,,826.0
USGS-09217000,2025-12-27 10:00:00+00:00,,,819.0
USGS-09217000,2025-12-27 11:00:00+00:00,,,826.0
USGS-09217000,2025-12-27 12:00:00+00:00,,,819.0
USGS-09217000,2025-12-27 13:00:00+00:00,,,826.0
USGS-09217000,2025-12-27 14:00:00+00:00,,,826.0
USGS-09217000,2025-12-27 15:00:00+00:00,,,829.5
USGS-09217000,2025-12-27 16:00:00+00:00,,,829.5
USGS-09217000,2025-12-27 17:00:00+00:00,,,826.0
USGS-09217000,2025-12-27 18:00:00+00:00,,,826.0
USGS-09217000,2025-12-27 19:00:00+00:00,,,829.5
USGS-09217000,2025-12-27 20:00:00+00:00,,,826.0
USGS-09217000,2025-12-27 21:00:00+00:00,,,828.5
USGS-09217000,2025-12-27 22:00:00+00:00,,,832.0
USGS-09217000,2025-12-27 23:00:00+00:00,,,832.0
USGS-09217000,2025-12-28 00:00:00+00:00,,,832.0
USGS-09217000,2025-12-28 01:00:00+00:00,,,832.0
USGS-09217000,2025-12-28 02:00:00+00:00,,,828.5
USGS-09217000,2025-12-28 03:00:00+00:00,,,828.5
USGS-09217000,2025-12-28 04:00:00+00:00,,,825.0
USGS-09217000,2025-12-28 05:00:00+00:00,,,825.0
USGS-09217000,2025-12-28 06:00:00+00:00,,,825.0
USGS-09217000,2025-12-28 07:00:00+00:00,,,818.0
USGS-09217000,2025-12-28 08:00:00+00:00,,,811.0
USGS-09217000,2025-12-28 09:00:00+00:00,,,811.0
USGS-09217000,2025-12-28 10:00:00+00:00,,,804.0
USGS-09217000,2025-12-28 11:00:00+00:00,,,
USGS-09217000,2025-12-28 12:00:00+00:00,,,
USGS-09217000,2025-12-28 13:00:00+00:00,,,
USGS-09217000,2025-12-28 14:00:00+00:00,,,
USGS-09217000,2025-12-28 15:00:00+00:00,,,
USGS-09217000,2025-12-28 16:00:00+00:00,,,
USGS-09217000,2025-12-28 17:00:00+00:00,,,
USGS-09217000,2025-12-28 18:00:00+00:00,,,
USGS-09217000,2025-12-28 19:00:00+00:00,,,
USGS-09217000,2025-12-28 20:00:00+00:00,,,
USGS-09217000,2025-12-28 21:00:00+00:00,,,
USGS-09217000,2025-12-28 22:00:00+00:00,,,
USGS-09217000,2025-12-28 23:00:00+00:00,,,
USGS-09217000,2025-12-29 00:00:00+00:00,,,
USGS-09217000,2025-12-29 01:00:00+00:00,,,
USGS-09217000,2025-12-29 02:00:00+00:00,,,
USGS-09217000,2025-12-29 03:00:00+00:00,,,
USGS-09217000,2025-12-29 04:00:00+00:00,,,
USGS-09217000,2025-12-29 05:00:00+00:00,,,
USGS-09217000,2025-12-29 06:00:00+00:00,,,
USGS-09217000,2025-12-29 07:00:00+00:00,,,
USGS-09217000,2025-12-29 08:00:00+00:00,,,
USGS-09217000,2025-12-29 09:00:00+00:00,,,
USGS-09217000,2025-12-29 10:00:00+00:00,,,
USGS-09217000,2025-12-29 11:00:00+00:00,,,
USGS-09217000,2025-12-29 12:00:00+00:00,,,
USGS-09217000,2025-12-29 13:00:00+00:00,,,
USGS-09217000,2025-12-29 14:00:00+00:00,,,
USGS-09217000,2025-12-29 15:00:00+00:00,,,
USGS-09217000,2025-12-29 16:00:00+00:00,,,
USGS-09217000,2025-12-29 17:00:00+00:00,,,
USGS-09217000,2025-12-29 18:00:00+00:00,,,
USGS-09217000,2025-12-29 19:00:00+00:00,,,
USGS-09217000,2025-12-29 20:00:00+00:00,,,
USGS-09217000,2025-12-29 21:00:00+00:00,,,
USGS-09217000,2025-12-29 22:00:00+00:00,,,
USGS-09217000,2025-12-29 23:00:00+00:00,,,
USGS-09217000,2025-12-30 00:00:00+00:00,,,
USGS-09217000,2025-12-30 01:00:00+00:00,,,
USGS-09217000,2025-12-30 02:00:00+00:00,,,
USGS-09217000,2025-12-30 03:00:00+00:00,,,
USGS-09217000,2025-12-30 04:00:00+00:00,,,
USGS-09217000,2025-12-30 05:00:00+00:00,,,
USGS-09217000,2025-12-30 06:00:00+00:00,,,
USGS-09217000,2025-12-30 07:00:00+00:00,,,
USGS-09217000,2025-12-30 08:00:00+00:00,,,
USGS-09217000,2025-12-30 09:00:00+00:00,,,
USGS-09217000,2025-12-30 10:00:00+00:00,,,
USGS-09217000,2025-12-30 11:00:00+00:00,,,
USGS-09217000,2025-12-30 12:00:00+00:00,,,
USGS-09217000,2025-12-30 13:00:00+00:00,,,
USGS-09217000,2025-12-30 14:00:00+00:00,,,
USGS-09217000,2025-12-30 15:00:00+00:00,,,
USGS-09217000,2025-12-30 16:00:00+00:00,,,
USGS-09217000,2025-12-30 17:00:00+00:00,,,
USGS-09217000,2025-12-30 18:00:00+00:00,,,
USGS-09217000,2025-12-30 19:00:00+00:00,,,
USGS-09217000,2025-12-30 20:00:00+00:00,,,
USGS-09217000,2025-12-30 21:00:00+00:00,,,
USGS-09217000,2025-12-30 22:00:00+00:00,,,
USGS-09217000,2025-12-30 23:00:00+00:00,,,
USGS-09217000,2025-12-31 00:00:00+00:00,,,
USGS-09217000,2025-12-31 01:00:00+00:00,,,
USGS-09217000,2025-12-31 02:00:00+00:00,,,
USGS-09217000,2025-12-31 03:00:00+00:00,,,
USGS-09217000,2025-12-31 04:00:00+00:00,,,
USGS-09217000,2025-12-31 05:00:00+00:00,,,
USGS-09217000,2025-12-31 06:00:00+00:00,,,
USGS-09217000,2025-12-31 07:00:00+00:00,,,
USGS-09217000,2025-12-31 08:00:00+00:00,,,
USGS-09217000,2025-12-31 09:00:00+00:00,,,
USGS-09217000,2025-12-31 10:00:00+00:00,,,
USGS-09217000,2025-12-31 11:00:00+00:00,,,
USGS-09217000,2025-12-31 12:00:00+00:00,,,
USGS-09217000,2025-12-31 13:00:00+00:00,,,
USGS-09217000,2025-12-31 14:00:00+00:00,,,
USGS-09217000,2025-12-31 15:00:00+00:00,,,
USGS-09217000,2025-12-31 16:00:00+00:00,,,
USGS-09217000,2025-12-31 17:00:00+00:00,,,
USGS-09217000,2025-12-31 18:00:00+00:00,,,
USGS-09217000,2025-12-31 19:00:00+00:00,,,
USGS-09217000,2025-12-31 20:00:00+00:00,,,
USGS-09217000,2025-12-31 21:00:00+00:00,,,
USGS-09217000,2025-12-31 22:00:00+00:00,,,
USGS-09217000,2025-12-31 23:00:00+00:00,,,
USGS-09217000,2026-01-01 00:00:00+00:00,,,
USGS-09217000,2026-01-01 01:00:00+00:00,,,
USGS-09217000,2026-01-01 02:00:00+00:00,,,
USGS-09217000,2026-01-01 03:00:00+00:00,,,
USGS-09217000,2026-01-01 04:00:00+00:00,,,
USGS-09217000,2026-01-01 05:00:00+00:00,,,
USGS-09217000,2026-01-01 06:00:00+00:00,,,
USGS-09217000,2026-01-01 07:00:00+00:00,,,
USGS-09217000,2026-01-01 08:00:00+00:00,,,
USGS-09217000,2026-01-01 09:00:00+00:00,,,
USGS-09217000,2026-01-01 10:00:00+00:00,,,
USGS-09217000,2026-01-01 11:00:00+00:00,,,
USGS-09217000,2026-01-01 12:00:00+00:00,,,
USGS-09217000,2026-01-01 13:00:00+00:00,,,
USGS-09217000,2026-01-01 14:00:00+00:00,,,
USGS-09217000,2026-01-01 15:00:00+00:00,,,
USGS-09217000,2026-01-01 16:00:00+00:00,,,
USGS-09217000,2026-01-01 17:00:00+00:00,,,
USGS-09217000,2026-01-01 18:00:00+00:00,,,
USGS-09217000,2026-01-01 19:00:00+00:00,,,
USGS-09217000,2026-01-01 20:00:00+00:00,,,
USGS-09217000,2026-01-01 21:00:00+00:00,,,
USGS-09217000,2026-01-01 22:00:00+00:00,,,
USGS-09217000,2026-01-01 23:00:00+00:00,,,
USGS-09217000,2026-01-02 00:00:00+00:00,,,
USGS-09217000,2026-01-02 01:00:00+00:00,,,
USGS-09217000,2026-01-02 02:00:00+00:00,,,
USGS-09217000,2026-01-02 03:00:00+00:00,,,
USGS-09217000,2026-01-02 04:00:00+00:00,,,
USGS-09217000,2026-01-02 05:00:00+00:00,,,
USGS-09217000,2026-01-02 06:00:00+00:00,,,
USGS-09217000,2026-01-02 07:00:00+00:00,,,
USGS-09217000,2026-01-02 08:00:00+00:00,,,
USGS-09217000,2026-01-02 09:00:00+00:00,,,
USGS-09217000,2026-01-02 10:00:00+00:00,,,
USGS-09217000,2026-01-02 11:00:00+00:00,,,
USGS-09217000,2026-01-02 12:00:00+00:00,,,
USGS-09217000,2026-01-02 13:00:00+00:00,,,
USGS-09217000,2026-01-02 14:00:00+00:00,,,
USGS-09217000,2026-01-02 15:00:00+00:00,,,
USGS-09217000,2026-01-02 16:00:00+00:00,,,
USGS-09217000,2026-01-02 17:00:00+00:00,,,
USGS-09217000,2026-01-02 18:00:00+00:00,,,
USGS-09217000,2026-01-02 19:00:00+00:00,,,
USGS-09217000,2026-01-02 20:00:00+00:00,,,
USGS-09217000,2026-01-02 21:00:00+00:00,,,
USGS-09217000,2026-01-02 22:00:00+00:00,,,
USGS-09217000,2026-01-02 23:00:00+00:00,,,
USGS-09217000,2026-01-03 00:00:00+00:00,,,
USGS-09217000,2026-01-03 01:00:00+00:00,,,
USGS-09217000,2026-01-03 02:00:00+00:00,,,
USGS-09217000,2026-01-03 03:00:00+00:00,,,
USGS-09217000,2026-01-03 04:00:00+00:00,,,
USGS-09217000,2026-01-03 05:00:00+00:00,,,
USGS-09217000,2026-01-03 06:00:00+00:00,,,
USGS-09217000,2026-01-03 07:00:00+00:00,,,
USGS-09217000,2026-01-03 08:00:00+00:00,,,
USGS-09217000,2026-01-03 09:00:00+00:00,,,
USGS-09217000,2026-01-03 10:00:00+00:00,,,
USGS-09217000,2026-01-03 11:00:00+00:00,,,
USGS-09217000,2026-01-03 12:00:00+00:00,,,
USGS-09217000,2026-01-03 13:00:00+00:00,,,
USGS-09217000,2026-01-03 14:00:00+00:00,,,
USGS-09217000,2026-01-03 15:00:00+00:00,,,
USGS-09217000,2026-01-03 16:00:00+00:00,,,
USGS-09217000,2026-01-03 17:00:00+00:00,,,
USGS-09217000,2026-01-03 18:00:00+00:00,,,
USGS-09217000,2026-01-03 19:00:00+00:00,,,
USGS-09217000,2026-01-03 20:00:00+00:00,,,
USGS-09217000,2026-01-03 21:00:00+00:00,,,
USGS-09217000,2026-01-03 22:00:00+00:00,,,
USGS-09217000,2026-01-03 23:00:00+00:00,,,
USGS-09217000,2026-01-04 00:00:00+00:00,,,
USGS-09217000,2026-01-04 01:00:00+00:00,,,
USGS-09217000,2026-01-04 02:00:00+00:00,,,
USGS-09217000,2026-01-04 03:00:00+00:00,,,
USGS-09217000,2026-01-04 04:00:00+00:00,,,
USGS-09217000,2026-01-04 05:00:00+00:00,,,
USGS-09217000,2026-01-04 06:00:00+00:00,,,
USGS-09217000,2026-01-04 07:00:00+00:00,,,
USGS-09217000,2026-01-04 08:00:00+00:00,,,
USGS-09217000,2026-01-04 09:00:00+00:00,,,
USGS-09217000,2026-01-04 10:00:00+00:00,,,
USGS-09217000,2026-01-04 11:00:00+00:00,,,
USGS-09217000,2026-01-04 12:00:00+00:00,,,
USGS-09217000,2026-01-04 13:00:00+00:00,,,
USGS-09217000,2026-01-04 14:00:00+00:00,,,
USGS-09217000,2026-01-04 15:00:00+00:00,,,
USGS-09217000,2026-01-04 16:00:00+00:00,,,
USGS-09217000,2026-01-04 17:00:00+00:00,,,
USGS-09217000,2026-01-04 18:00:00+00:00,,,
USGS-09217000,2026-01-04 19:00:00+00:00,,,
USGS-09217000,2026-01-04 20:00:00+00:00,,,
USGS-09217000,2026-01-04 21:00:00+00:00,,,
USGS-09217000,2026-01-04 22:00:00+00:00,,,
USGS-09217000,2026-01-04 23:00:00+00:00,,,
USGS-09217000,2026-01-05 00:00:00+00:00,,,
USGS-09217000,2026-01-05 01:00:00+00:00,,,
USGS-09217000,2026-01-05 02:00:00+00:00,,,
USGS-09217000,2026-01-05 03:00:00+00:00,,,
USGS-09217000,2026-01-05 04:00:00+00:00,,,
USGS-09217000,2026-01-05 05:00:00+00:00,,,
USGS-09217000,2026-01-05 06:00:00+00:00,,,
USGS-09217000,2026-01-05 07:00:00+00:00,,,
USGS-09217000,2026-01-05 08:00:00+00:00,,,
USGS-09217000,2026-01-05 09:00:00+00:00,,,
USGS-09217000,2026-01-05 10:00:00+00:00,,,
USGS-09217000,2026-01-05 11:00:00+00:00,,,
USGS-09217000,2026-01-05 12:00:00+00:00,,,
USGS-09217000,2026-01-05 13:00:00+00:00,,,
USGS-09217000,2026-01-05 14:00:00+00:00,,,
USGS-09217000,2026-01-05 15:00:00+00:00,,,
USGS-09217000,2026-01-05 16:00:00+00:00,,,
USGS-09217000,2026-01-05 17:00:00+00:00,,,
USGS-09217000,2026-01-05 18:00:00+00:00,,,
USGS-09217000,2026-01-05 19:00:00+00:00,,,
USGS-09217000,2026-01-05 20:00:00+00:00,,,
USGS-09217000,2026-01-05 21:00:00+00:00,,,
USGS-09217000,2026-01-05 22:00:00+00:00,,,
USGS-09217000,2026-01-05 23:00:00+00:00,,,
USGS-09217000,2026-01-06 00:00:00+00:00,,,
USGS-09217000,2026-01-06 01:00:00+00:00,,,
USGS-09217000,2026-01-06 02:00:00+00:00,,,
USGS-09217000,2026-01-06 03:00:00+00:00,,,
USGS-09217000,2026-01-06 04:00:00+00:00,,,
USGS-09217000,2026-01-06 05:00:00+00:00,,,
USGS-09217000,2026-01-06 06:00:00+00:00,,,
USGS-09217000,2026-01-06 07:00:00+00:00,,,
USGS-09217000,2026-01-06 08:00:00+00:00,,,
USGS-09217000,2026-01-06 09:00:00+00:00,,,
USGS-09217000,2026-01-06 10:00:00+00:00,,,
USGS-09217000,2026-01-06 11:00:00+00:00,,,
USGS-09217000,2026-01-06 12:00:00+00:00,,,
USGS-09217000,2026-01-06 13:00:00+00:00,,,
USGS-09217000,2026-01-06 14:00:00+00:00,,,
USGS-09217000,2026-01-06 15:00:00+00:00,,,
USGS-09217000,2026-01-06 16:00:00+00:00,,,
USGS-09217000,2026-01-06 17:00:00+00:00,,,
USGS-09217000,2026-01-06 18:00:00+00:00,,,
USGS-09217000,2026-01-06 19:00:00+00:00,,,
USGS-09217000,2026-01-06 20:00:00+00:00,,,
USGS-09217000,2026-01-06 21:00:00+00:00,,,
USGS-09217000,2026-01-06 22:00:00+00:00,,,
USGS-09217000,2026-01-06 23:00:00+00:00,,,
USGS-09217000,2026-01-07 00:00:00+00:00,,,
USGS-09217000,2026-01-07 01:00:00+00:00,,,
USGS-09217000,2026-01-07 02:00:00+00:00,,,
USGS-09217000,2026-01-07 03:00:00+00:00,,,
USGS-09217000,2026-01-07 04:00:00+00:00,,,
USGS-09217000,2026-01-07 05:00:00+00:00,,,
USGS-09217000,2026-01-07 06:00:00+00:00,,,
USGS-09217000,2026-01-07 07:00:00+00:00,,,
USGS-09217000,2026-01-07 08:00:00+00:00,,,
USGS-09217000,2026-01-07 09:00:00+00:00,,,
USGS-09217000,2026-01-07 10:00:00+00:00,,,
USGS-09217000,2026-01-07 11:00:00+00:00,,,
USGS-09217000,2026-01-07 12:00:00+00:00,,,
USGS-09217000,2026-01-07 13:00:00+00:00,,,
USGS-09217000,2026-01-07 14:00:00+00:00,,,
USGS-09217000,2026-01-07 15:00:00+00:00,,,
USGS-09217000,2026-01-07 16:00:00+00:00,,,
USGS-09217000,2026-01-07 17:00:00+00:00,,,
USGS-09217000,2026-01-07 18:00:00+00:00,,,
USGS-09217000,2026-01-07 19:00:00+00:00,,,
USGS-09217000,2026-01-07 20:00:00+00:00,,,
USGS-09217000,2026-01-07 21:00:00+00:00,,,
USGS-09217000,2026-01-07 22:00:00+00:00,,,
USGS-09217000,2026-01-07 23:00:00+00:00,,,
USGS-09217000,2026-01-08 00:00:00+00:00,,,
USGS-09217000,2026-01-08 01:00:00+00:00,,,
USGS-09217000,2026-01-08 02:00:00+00:00,,,
USGS-09217000,2026-01-08 03:00:00+00:00,,,
USGS-09217000,2026-01-08 04:00:00+00:00,,,
USGS-09217000,2026-01-08 05:00:00+00:00,,,
USGS-09217000,2026-01-08 06:00:00+00:00,,,
USGS-09217000,2026-01-08 07:00:00+00:00,,,
USGS-09217000,2026-01-08 08:00:00+00:00,,,
USGS-09217000,2026-01-08 09:00:00+00:00,,,
USGS-09217000,2026-01-08 10:00:00+00:00,,,
USGS-09217000,2026-01-08 11:00:00+00:00,,,
USGS-09217000,2026-01-08 12:00:00+00:00,,,
USGS-09217000,2026-01-08 13:00:00+00:00,,,
USGS-09217000,2026-01-08 14:00:00+00:00,,,
USGS-09217000,2026-01-08 15:00:00+00:00,,,
USGS-09217000,2026-01-08 16:00:00+00:00,,,
USGS-09217000,2026-01-08 17:00:00+00:00,,,
USGS-09217000,2026-01-08 18:00:00+00:00,,,
USGS-09217000,2026-01-08 19:00:00+00:00,,,
USGS-09217000,2026-01-08 20:00:00+00:00,,,
USGS-09217000,2026-01-08 21:00:00+00:00,,,
USGS-09217000,2026-01-08 22:00:00+00:00,,,
USGS-09217000,2026-01-08 23:00:00+00:00,,,
USGS-09217000,2026-01-09 00:00:00+00:00,,,
USGS-09217000,2026-01-09 01:00:00+00:00,,,
USGS-09217000,2026-01-09 02:00:00+00:00,,,
USGS-09217000,2026-01-09 03:00:00+00:00,,,
USGS-09217000,2026-01-09 04:00:00+00:00,,,
USGS-09217000,2026-01-09 05:00:00+00:00,,,
USGS-09217000,2026-01-09 06:00:00+00:00,,,
USGS-09217000,2026-01-09 07:00:00+00:00,,,
USGS-09217000,2026-01-09 08:00:00+00:00,,,
USGS-09217000,2026-01-09 09:00:00+00:00,,,
USGS-09217000,2026-01-09 10:00:00+00:00,,,
USGS-09217000,2026-01-09 11:00:00+00:00,,,
USGS-09217000,2026-01-09 12:00:00+00:00,,,
USGS-09217000,2026-01-09 13:00:00+00:00,,,
USGS-09217000,2026-01-09 14:00:00+00:00,,,
USGS-09217000,2026-01-09 15:00:00+00:00,,,
USGS-09217000,2026-01-09 16:00:00+00:00,,,
USGS-09217000,2026-01-09 17:00:00+00:00,,,
USGS-09217000,2026-01-09 18:00:00+00:00,,,
USGS-09217000,2026-01-09 19:00:00+00:00,,,
USGS-09217000,2026-01-09 20:00:00+00:00,,,
USGS-09217000,2026-01-09 21:00:00+00:00,,,
USGS-09217000,2026-01-09 22:00:00+00:00,,,
USGS-09217000,2026-01-09 23:00:00+00:00,,,
USGS-09217000,2026-01-10 00:00:00+00:00,,,
USGS-09217000,2026-01-10 01:00:00+00:00,,,
USGS-09217000,2026-01-10 02:00:00+00:00,,,
USGS-09217000,2026-01-10 03:00:00+00:00,,,
USGS-09217000,2026-01-10 04:00:00+00:00,,,
USGS-09217000,2026-01-10 05:00:00+00:00,,,
USGS-09217000,2026-01-10 06:00:00+00:00,,,
USGS-09217000,2026-01-10 07:00:00+00:00,,,
USGS-09217000,2026-01-10 08:00:00+00:00,,,
USGS-09217000,2026-01-10 09:00:00+00:00,,,
USGS-09217000,2026-01-10 10:00:00+00:00,,,
USGS-09217000,2026-01-10 11:00:00+00:00,,,
USGS-09217000,2026-01-10 12:00:00+00:00,,,
USGS-09217000,2026-01-10 13:00:00+00:00,,,
USGS-09217000,2026-01-10 14:00:00+00:00,,,
USGS-09217000,2026-01-10 15:00:00+00:00,,,
USGS-09217000,2026-01-10 16:00:00+00:00,,,
USGS-09217000,2026-01-10 17:00:00+00:00,,,
USGS-09217000,2026-01-10 18:00:00+00:00,,,
USGS-09217000,2026-01-10 19:00:00+00:00,,,
USGS-09217000,2026-01-10 20:00:00+00:00,,,
USGS-09217000,2026-01-10 21:00:00+00:00,,,
USGS-09217000,2026-01-10 22:00:00+00:00,,,
USGS-09217000,2026-01-10 23:00:00+00:00,,,
USGS-09217000,2026-01-11 00:00:00+00:00,,,
USGS-09217000,2026-01-11 01:00:00+00:00,,,
USGS-09217000,2026-01-11 02:00:00+00:00,,,
USGS-09217000,2026-01-11 03:00:00+00:00,,,
USGS-09217000,2026-01-11 04:00:00+00:00,,,
USGS-09217000,2026-01-11 05:00:00+00:00,,,
USGS-09217000,2026-01-11 06:00:00+00:00,,,
USGS-09217000,2026-01-11 07:00:00+00:00,,,
USGS-09217000,2026-01-11 08:00:00+00:00,,,
USGS-09217000,2026-01-11 09:00:00+00:00,,,
USGS-09217000,2026-01-11 10:00:00+00:00,,,
USGS-09217000,2026-01-11 11:00:00+00:00,,,
USGS-09217000,2026-01-11 12:00:00+00:00,,,
USGS-09217000,2026-01-11 13:00:00+00:00,,,
USGS-09217000,2026-01-11 14:00:00+00:00,,,
USGS-09217000,2026-01-11 15:00:00+00:00,,,
USGS-09217000,2026-01-11 16:00:00+00:00,,,
USGS-09217000,2026-01-11 17:00:00+00:00,,,
USGS-09217000,2026-01-11 18:00:00+00:00,,,
USGS-09217000,2026-01-11 19:00:00+00:00,,,
USGS-09217000,2026-01-11 20:00:00+00:00,,,
USGS-09217000,2026-01-11 21:00:00+00:00,,,
USGS-09217000,2026-01-11 22:00:00+00:00,,,
USGS-09217000,2026-01-11 23:00:00+00:00,,,
USGS-09217000,2026-01-12 00:00:00+00:00,,,
USGS-09217000,2026-01-12 01:00:00+00:00,,,
USGS-09217000,2026-01-12 02:00:00+00:00,,,
USGS-09217000,2026-01-12 03:00:00+00:00,,,
USGS-09217000,2026-01-12 04:00:00+00:00,,,
USGS-09217000,2026-01-12 05:00:00+00:00,,,
USGS-09217000,2026-01-12 06:00:00+00:00,,,
USGS-09217000,2026-01-12 07:00:00+00:00,,,
USGS-09217000,2026-01-12 08:00:00+00:00,,,
USGS-09217000,2026-01-12 09:00:00+00:00,,,
USGS-09217000,2026-01-12 10:00:00+00:00,,,
USGS-09217000,2026-01-12 11:00:00+00:00,,,
USGS-09217000,2026-01-12 12:00:00+00:00,,,
USGS-09217000,2026-01-12 13:00:00+00:00,,,
USGS-09217000,2026-01-12 14:00:00+00:00,,,
USGS-09217000,2026-01-12 15:00:00+00:00,,,
USGS-09217000,2026-01-12 16:00:00+00:00,,,
USGS-09217000,2026-01-12 17:00:00+00:00,,,
USGS-09217000,2026-01-12 18:00:00+00:00,,,
USGS-09217000,2026-01-12 19:00:00+00:00,,,
USGS-09217000,2026-01-12 20:00:00+00:00,,,
USGS-09217000,2026-01-12 21:00:00+00:00,,,
USGS-09217000,2026-01-12 22:00:00+00:00,,,
USGS-09217000,2026-01-12 23:00:00+00:00,,,
USGS-09217000,2026-01-13 00:00:00+00:00,,,
USGS-09217000,2026-01-13 01:00:00+00:00,,,
USGS-09217000,2026-01-13 02:00:00+00:00,,,
USGS-09217000,2026-01-13 03:00:00+00:00,,,
USGS-09217000,2026-01-13 04:00:00+00:00,,,
USGS-09217000,2026-01-13 05:00:00+00:00,,,
USGS-09217000,2026-01-13 06:00:00+00:00,,,
USGS-09217000,2026-01-13 07:00:00+00:00,,,
USGS-09217000,2026-01-13 08:00:00+00:00,,,
USGS-09217000,2026-01-13 09:00:00+00:00,,,
USGS-09217000,2026-01-13 10:00:00+00:00,,,
USGS-09217000,2026-01-13 11:00:00+00:00,,,
USGS-09217000,2026-01-13 12:00:00+00:00,,,
USGS-09217000,2026-01-13 13:00:00+00:00,,,
USGS-09217000,2026-01-13 14:00:00+00:00,,,
USGS-09217000,2026-01-13 15:00:00+00:00,,,
USGS-09217000,2026-01-13 16:00:00+00:00,,,
USGS-09217000,2026-01-13 17:00:00+00:00,,,
USGS-09217000,2026-01-13 18:00:00+00:00,,,
USGS-09217000,2026-01-13 19:00:00+00:00,,,
USGS-09217000,2026-01-13 20:00:00+00:00,,,
USGS-09217000,2026-01-13 21:00:00+00:00,,,
USGS-09217000,2026-01-13 22:00:00+00:00,,,
USGS-09217000,2026-01-13 23:00:00+00:00,,,
USGS-09217000,2026-01-14 00:00:00+00:00,,,
USGS-09217000,2026-01-14 01:00:00+00:00,,,
USGS-09217000,2026-01-14 02:00:00+00:00,,,
USGS-09217000,2026-01-14 03:00:00+00:00,,,
USGS-09217000,2026-01-14 04:00:00+00:00,,,
USGS-09217000,2026-01-14 05:00:00+00:00,,,
USGS-09217000,2026-01-14 06:00:00+00:00,,,
USGS-09217000,2026-01-14 07:00:00+00:00,,,
USGS-09217000,2026-01-14 08:00:00+00:00,,,
USGS-09217000,2026-01-14 09:00:00+00:00,,,
USGS-09217000,2026-01-14 10:00:00+00:00,,,
USGS-09217000,2026-01-14 11:00:00+00:00,,,
USGS-09217000,2026-01-14 12:00:00+00:00,,,
USGS-09217000,2026-01-14 13:00:00+00:00,,,
USGS-09217000,2026-01-14 14:00:00+00:00,,,
USGS-09217000,2026-01-14 15:00:00+00:00,,,
USGS-09217000,2026-01-14 16:00:00+00:00,,,
USGS-09217000,2026-01-14 17:00:00+00:00,,,
USGS-09217000,2026-01-14 18:00:00+00:00,,,
USGS-09217000,2026-01-14 19:00:00+00:00,,,
USGS-09217000,2026-01-14 20:00:00+00:00,,,
USGS-09217000,2026-01-14 21:00:00+00:00,,,
USGS-09217000,2026-01-14 22:00:00+00:00,,,
USGS-09217000,2026-01-14 23:00:00+00:00,,,
USGS-09217000,2026-01-15 00:00:00+00:00,,,
USGS-09217000,2026-01-15 01:00:00+00:00,,,
USGS-09217000,2026-01-15 02:00:00+00:00,,,
USGS-09217000,2026-01-15 03:00:00+00:00,,,
USGS-09217000,2026-01-15 04:00:00+00:00,,,
USGS-09217000,2026-01-15 05:00:00+00:00,,,
USGS-09217000,2026-01-15 06:00:00+00:00,,,
USGS-09217000,2026-01-15 07:00:00+00:00,,,
USGS-09217000,2026-01-15 08:00:00+00:00,,,
USGS-09217000,2026-01-15 09:00:00+00:00,,,
USGS-09217000,2026-01-15 10:00:00+00:00,,,
USGS-09217000,2026-01-15 11:00:00+00:00,,,
USGS-09217000,2026-01-15 12:00:00+00:00,,,
USGS-09217000,2026-01-15 13:00:00+00:00,,,
USGS-09217000,2026-01-15 14:00:00+00:00,,,
USGS-09217000,2026-01-15 15:00:00+00:00,,,
USGS-09217000,2026-01-15 16:00:00+00:00,,,
USGS-09217000,2026-01-15 17:00:00+00:00,,,
USGS-09217000,2026-01-15 18:00:00+00:00,,,
USGS-09217000,2026-01-15 19:00:00+00:00,,,
USGS-09217000,2026-01-15 20:00:00+00:00,,,
USGS-09217000,2026-01-15 21:00:00+00:00,,,
USGS-09217000,2026-01-15 22:00:00+00:00,,,
USGS-09217000,2026-01-15 23:00:00+00:00,,,
USGS-09217000,2026-01-16 00:00:00+00:00,,,
USGS-09217000,2026-01-16 01:00:00+00:00,,,
USGS-09217000,2026-01-16 02:00:00+00:00,,,
USGS-09217000,2026-01-16 03:00:00+00:00,,,
USGS-09217000,2026-01-16 04:00:00+00:00,,,
USGS-09217000,2026-01-16 05:00:00+00:00,,,
USGS-09217000,2026-01-16 06:00:00+00:00,,,
USGS-09217000,2026-01-16 07:00:00+00:00,,,
USGS-09217000,2026-01-16 08:00:00+00:00,,,
USGS-09217000,2026-01-16 09:00:00+00:00,,,
USGS-09217000,2026-01-16 10:00:00+00:00,,,
USGS-09217000,2026-01-16 11:00:00+00:00,,,
USGS-09217000,2026-01-16 12:00:00+00:00,,,
USGS-09217000,2026-01-16 13:00:00+00:00,,,
USGS-09217000,2026-01-16 14:00:00+00:00,,,
USGS-09217000,2026-01-16 15:00:00+00:00,,,
USGS-09217000,2026-01-16 16:00:00+00:00,,,
USGS-09217000,2026-01-16 17:00:00+00:00,,,
USGS-09217000,2026-01-16 18:00:00+00:00,,,
USGS-09217000,2026-01-16 19:00:00+00:00,,,
USGS-09217000,2026-01-16 20:00:00+00:00,,,
USGS-09217000,2026-01-16 21:00:00+00:00,,,
USGS-09217000,2026-01-16 22:00:00+00:00,,,
USGS-09217000,2026-01-16 23:00:00+00:00,,,
USGS-09217000,2026-01-17 00:00:00+00:00,,,
USGS-09217000,2026-01-17 01:00:00+00:00,,,
USGS-09217000,2026-01-17 02:00:00+00:00,,,
USGS-09217000,2026-01-17 03:00:00+00:00,,,
USGS-09217000,2026-01-17 04:00:00+00:00,,,
USGS-09217000,2026-01-17 05:00:00+00:00,,,
USGS-09217000,2026-01-17 06:00:00+00:00,,,
USGS-09217000,2026-01-17 07:00:00+00:00,,,
USGS-09217000,2026-01-17 08:00:00+00:00,,,
USGS-09217000,2026-01-17 09:00:00+00:00,,,
USGS-09217000,2026-01-17 10:00:00+00:00,,,
USGS-09217000,2026-01-17 11:00:00+00:00,,,
USGS-09217000,2026-01-17 12:00:00+00:00,,,
USGS-09217000,2026-01-17 13:00:00+00:00,,,
USGS-09217000,2026-01-17 14:00:00+00:00,,,
USGS-09217000,2026-01-17 15:00:00+00:00,,,
USGS-09217000,2026-01-17 16:00:00+00:00,,,
USGS-09217000,2026-01-17 17:00:00+00:00,,,
USGS-09217000,2026-01-17 18:00:00+00:00,,,
USGS-09217000,2026-01-17 19:00:00+00:00,,,
USGS-09217000,2026-01-17 20:00:00+00:00,,,
USGS-09217000,2026-01-17 21:00:00+00:00,,,
USGS-09217000,2026-01-17 22:00:00+00:00,,,
USGS-09217000,2026-01-17 23:00:00+00:00,,,
USGS-09217000,2026-01-18 00:00:00+00:00,,,
USGS-09217000,2026-01-18 01:00:00+00:00,,,
USGS-09217000,2026-01-18 02:00:00+00:00,,,
USGS-09217000,2026-01-18 03:00:00+00:00,,,
USGS-09217000,2026-01-18 04:00:00+00:00,,,
USGS-09217000,2026-01-18 05:00:00+00:00,,,
USGS-09217000,2026-01-18 06:00:00+00:00,,,
USGS-09217000,2026-01-18 07:00:00+00:00,,,
USGS-09217000,2026-01-18 08:00:00+00:00,,,
USGS-09217000,2026-01-18 09:00:00+00:00,,,
USGS-09217000,2026-01-18 10:00:00+00:00,,,
USGS-09217000,2026-01-18 11:00:00+00:00,,,
USGS-09217000,2026-01-18 12:00:00+00:00,,,
USGS-09217000,2026-01-18 13:00:00+00:00,,,
USGS-09217000,2026-01-18 14:00:00+00:00,,,
USGS-09217000,2026-01-18 15:00:00+00:00,,,
USGS-09217000,2026-01-18 16:00:00+00:00,,,
USGS-09217000,2026-01-18 17:00:00+00:00,,,
USGS-09217000,2026-01-18 18:00:00+00:00,,,
USGS-09217000,2026-01-18 19:00:00+00:00,,,
USGS-09217000,2026-01-18 20:00:00+00:00,,,
USGS-09217000,2026-01-18 21:00:00+00:00,,,
USGS-09217000,2026-01-18 22:00:00+00:00,,,
USGS-09217000,2026-01-18 23:00:00+00:00,,,
USGS-09217000,2026-01-19 00:00:00+00:00,,,
USGS-09217000,2026-01-19 01:00:00+00:00,,,
USGS-09217000,2026-01-19 02:00:00+00:00,,,
USGS-09217000,2026-01-19 03:00:00+00:00,,,
USGS-09217000,2026-01-19 04:00:00+00:00,,,
USGS-09217000,2026-01-19 05:00:00+00:00,,,
USGS-09217000,2026-01-19 06:00:00+00:00,,,
USGS-09217000,2026-01-19 07:00:00+00:00,,,
USGS-09217000,2026-01-19 08:00:00+00:00,,,
USGS-09217000,2026-01-19 09:00:00+00:00,,,
USGS-09217000,2026-01-19 10:00:00+00:00,,,
USGS-09217000,2026-01-19 11:00:00+00:00,,,
USGS-09217000,2026-01-19 12:00:00+00:00,,,
USGS-09217000,2026-01-19 13:00:00+00:00,,,
USGS-09217000,2026-01-19 14:00:00+00:00,,,
USGS-09217000,2026-01-19 15:00:00+00:00,,,
USGS-09217000,2026-01-19 16:00:00+00:00,,,
USGS-09217000,2026-01-19 17:00:00+00:00,,,
USGS-09217000,2026-01-19 18:00:00+00:00,,,
USGS-09217000,2026-01-19 19:00:00+00:00,,,
USGS-09217000,2026-01-19 20:00:00+00:00,,,
USGS-09217000,2026-01-19 21:00:00+00:00,,,
USGS-09217000,2026-01-19 22:00:00+00:00,,,
USGS-09217000,2026-01-19 23:00:00+00:00,,,
USGS-09217000,2026-01-20 00:00:00+00:00,,,
USGS-09217000,2026-01-20 01:00:00+00:00,,,
USGS-09217000,2026-01-20 02:00:00+00:00,,,
USGS-09217000,2026-01-20 03:00:00+00:00,,,
USGS-09217000,2026-01-20 04:00:00+00:00,,,
USGS-09217000,2026-01-20 05:00:00+00:00,,,
USGS-09217000,2026-01-20 06:00:00+00:00,,,
USGS-09217000,2026-01-20 07:00:00+00:00,,,
USGS-09217000,2026-01-20 08:00:00+00:00,,,
USGS-09217000,2026-01-20 09:00:00+00:00,,,
USGS-09217000,2026-01-20 10:00:00+00:00,,,
USGS-09217000,2026-01-20 11:00:00+00:00,,,
USGS-09217000,2026-01-20 12:00:00+00:00,,,
USGS-09217000,2026-01-20 13:00:00+00:00,,,
USGS-09217000,2026-01-20 14:00:00+00:00,,,
USGS-09217000,2026-01-20 15:00:00+00:00,,,
USGS-09217000,2026-01-20 16:00:00+00:00,,,
USGS-09217000,2026-01-20 17:00:00+00:00,,,
USGS-09217000,2026-01-20 18:00:00+00:00,,,
USGS-09217000,2026-01-20 19:00:00+00:00,,,
USGS-09217000,2026-01-20 20:00:00+00:00,,,
USGS-09217000,2026-01-20 21:00:00+00:00,,,
USGS-09217000,2026-01-20 22:00:00+00:00,,,
USGS-09217000,2026-01-20 23:00:00+00:00,,,
USGS-09217000,2026-01-21 00:00:00+00:00,,,
USGS-09217000,2026-01-21 01:00:00+00:00,,,
USGS-09217000,2026-01-21 02:00:00+00:00,,,
USGS-09217000,2026-01-21 03:00:00+00:00,,,
USGS-09217000,2026-01-21 04:00:00+00:00,,,
USGS-09217000,2026-01-21 05:00:00+00:00,,,
USGS-09217000,2026-01-21 06:00:00+00:00,,,
USGS-09217000,2026-01-21 07:00:00+00:00,,,
USGS-09217000,2026-01-21 08:00:00+00:00,,,
USGS-09217000,2026-01-21 09:00:00+00:00,,,
USGS-09217000,2026-01-21 10:00:00+00:00,,,
USGS-09217000,2026-01-21 11:00:00+00:00,,,
USGS-09217000,2026-01-21 12:00:00+00:00,,,
USGS-09217000,2026-01-21 13:00:00+00:00,,,
USGS-09217000,2026-01-21 14:00:00+00:00,,,
USGS-09217000,2026-01-21 15:00:00+00:00,,,
USGS-09217000,2026-01-21 16:00:00+00:00,,,
USGS-09217000,2026-01-21 17:00:00+00:00,,,
USGS-09217000,2026-01-21 18:00:00+00:00,,,
USGS-09217000,2026-01-21 19:00:00+00:00,,,
USGS-09217000,2026-01-21 20:00:00+00:00,,,
USGS-09217000,2026-01-21 21:00:00+00:00,,,
USGS-09217000,2026-01-21 22:00:00+00:00,,,
USGS-09217000,2026-01-21 23:00:00+00:00,,,
USGS-09217000,2026-01-22 00:00:00+00:00,,,
USGS-09217000,2026-01-22 01:00:00+00:00,,,
USGS-09217000,2026-01-22 02:00:00+00:00,,,
USGS-09217000,2026-01-22 03:00:00+00:00,,,
USGS-09217000,2026-01-22 04:00:00+00:00,,,
USGS-09217000,2026-01-22 05:00:00+00:00,,,
USGS-09217000,2026-01-22 06:00:00+00:00,,,
USGS-09217000,2026-01-22 07:00:00+00:00,,,
USGS-09217000,2026-01-22 08:00:00+00:00,,,
USGS-09217000,2026-01-22 09:00:00+00:00,,,
USGS-09217000,2026-01-22 10:00:00+00:00,,,
USGS-09217000,2026-01-22 11:00:00+00:00,,,
USGS-09217000,2026-01-22 12:00:00+00:00,,,
USGS-09217000,2026-01-22 13:00:00+00:00,,,
USGS-09217000,2026-01-22 14:00:00+00:00,,,
USGS-09217000,2026-01-22 15:00:00+00:00,,,
USGS-09217000,2026-01-22 16:00:00+00:00,,,
USGS-09217000,2026-01-22 17:00:00+00:00,,,
USGS-09217000,2026-01-22 18:00:00+00:00,,,
USGS-09217000,2026-01-22 19:00:00+00:00,,,
USGS-09217000,2026-01-22 20:00:00+00:00,,,
USGS-09217000,2026-01-22 21:00:00+00:00,,,
USGS-09217000,2026-01-22 22:00:00+00:00,,,
USGS-09217000,2026-01-22 23:00:00+00:00,,,
USGS-09217000,2026-01-23 00:00:00+00:00,,,
USGS-09217000,2026-01-23 01:00:00+00:00,,,
USGS-09217000,2026-01-23 02:00:00+00:00,,,
USGS-09217000,2026-01-23 03:00:00+00:00,,,
USGS-09217000,2026-01-23 04:00:00+00:00,,,
USGS-09217000,2026-01-23 05:00:00+00:00,,,
USGS-09217000,2026-01-23 06:00:00+00:00,,,
USGS-09217000,2026-01-23 07:00:00+00:00,,,
USGS-09217000,2026-01-23 08:00:00+00:00,,,
USGS-09217000,2026-01-23 09:00:00+00:00,,,
USGS-09217000,2026-01-23 10:00:00+00:00,,,
USGS-09217000,2026-01-23 11:00:00+00:00,,,
USGS-09217000,2026-01-23 12:00:00+00:00,,,
USGS-09217000,2026-01-23 13:00:00+00:00,,,
USGS-09217000,2026-01-23 14:00:00+00:00,,,
USGS-09217000,2026-01-23 15:00:00+00:00,,,
USGS-09217000,2026-01-23 16:00:00+00:00,,,
USGS-09217000,2026-01-23 17:00:00+00:00,,,
USGS-09217000,2026-01-23 18:00:00+00:00,,,
USGS-09217000,2026-01-23 19:00:00+00:00,,,
USGS-09217000,2026-01-23 20:00:00+00:00,,,
USGS-09217000,2026-01-23 21:00:00+00:00,,,
USGS-09217000,2026-01-23 22:00:00+00:00,,,
USGS-09217000,2026-01-23 23:00:00+00:00,,,
USGS-09217000,2026-01-24 00:00:00+00:00,,,
USGS-09217000,2026-01-24 01:00:00+00:00,,,
USGS-09217000,2026-01-24 02:00:00+00:00,,,
USGS-09217000,2026-01-24 03:00:00+00:00,,,
USGS-09217000,2026-01-24 04:00:00+00:00,,,
USGS-09217000,2026-01-24 05:00:00+00:00,,,
USGS-09217000,2026-01-24 06:00:00+00:00,,,
USGS-09217000,2026-01-24 07:00:00+00:00,,,
USGS-09217000,2026-01-24 08:00:00+00:00,,,
USGS-09217000,2026-01-24 09:00:00+00:00,,,
USGS-09217000,2026-01-24 10:00:00+00:00,,,
USGS-09217000,2026-01-24 11:00:00+00:00,,,
USGS-09217000,2026-01-24 12:00:00+00:00,,,
USGS-09217000,2026-01-24 13:00:00+00:00,,,
USGS-09217000,2026-01-24 14:00:00+00:00,,,
USGS-09217000,2026-01-24 15:00:00+00:00,,,
USGS-09217000,2026-01-24 16:00:00+00:00,,,
USGS-09217000,2026-01-24 17:00:00+00:00,,,
USGS-09217000,2026-01-24 18:00:00+00:00,,,
USGS-09217000,2026-01-24 19:00:00+00:00,,,
USGS-09217000,2026-01-24 20:00:00+00:00,,,
USGS-09217000,2026-01-24 21:00:00+00:00,,,
USGS-09217000,2026-01-24 22:00:00+00:00,,,
USGS-09217000,2026-01-24 23:00:00+00:00,,,
USGS-09217000,2026-01-25 00:00:00+00:00,,,
USGS-09217000,2026-01-25 01:00:00+00:00,,,
USGS-09217000,2026-01-25 02:00:00+00:00,,,
USGS-09217000,2026-01-25 03:00:00+00:00,,,
USGS-09217000,2026-01-25 04:00:00+00:00,,,
USGS-09217000,2026-01-25 05:00:00+00:00,,,
USGS-09217000,2026-01-25 06:00:00+00:00,,,
USGS-09217000,2026-01-25 07:00:00+00:00,,,
USGS-09217000,2026-01-25 08:00:00+00:00,,,
USGS-09217000,2026-01-25 09:00:00+00:00,,,
USGS-09217000,2026-01-25 10:00:00+00:00,,,
USGS-09217000,2026-01-25 11:00:00+00:00,,,
USGS-09217000,2026-01-25 12:00:00+00:00,,,
USGS-09217000,2026-01-25 13:00:00+00:00,,,
USGS-09217000,2026-01-25 14:00:00+00:00,,,
USGS-09217000,2026-01-25 15:00:00+00:00,,,
USGS-09217000,2026-01-25 16:00:00+00:00,,,
USGS-09217000,2026-01-25 17:00:00+00:00,,,
USGS-09217000,2026-01-25 18:00:00+00:00,,,
USGS-09217000,2026-01-25 19:00:00+00:00,,,
USGS-09217000,2026-01-25 20:00:00+00:00,,,
USGS-09217000,2026-01-25 21:00:00+00:00,,,
USGS-09217000,2026-01-25 22:00:00+00:00,,,
USGS-09217000,2026-01-25 23:00:00+00:00,,,
USGS-09217000,2026-01-26 00:00:00+00:00,,,
USGS-09217000,2026-01-26 01:00:00+00:00,,,
USGS-09217000,2026-01-26 02:00:00+00:00,,,
USGS-09217000,2026-01-26 03:00:00+00:00,,,
USGS-09217000,2026-01-26 04:00:00+00:00,,,
USGS-09217000,2026-01-26 05:00:00+00:00,,,
USGS-09217000,2026-01-26 06:00:00+00:00,,,
USGS-09217000,2026-01-26 07:00:00+00:00,,,
USGS-09217000,2026-01-26 08:00:00+00:00,,,
USGS-09217000,2026-01-26 09:00:00+00:00,,,
USGS-09217000,2026-01-26 10:00:00+00:00,,,
USGS-09217000,2026-01-26 11:00:00+00:00,,,
USGS-09217000,2026-01-26 12:00:00+00:00,,,
USGS-09217000,2026-01-26 13:00:00+00:00,,,
USGS-09217000,2026-01-26 14:00:00+00:00,,,
USGS-09217000,2026-01-26 15:00:00+00:00,,,
USGS-09217000,2026-01-26 16:00:00+00:00,,,
USGS-09217000,2026-01-26 17:00:00+00:00,,,
USGS-09217000,2026-01-26 18:00:00+00:00,,,
USGS-09217000,2026-01-26 19:00:00+00:00,,,
USGS-09217000,2026-01-26 20:00:00+00:00,,,
USGS-09217000,2026-01-26 21:00:00+00:00,,,
USGS-09217000,2026-01-26 22:00:00+00:00,,,
USGS-09217000,2026-01-26 23:00:00+00:00,,,
USGS-09217000,2026-01-27 00:00:00+00:00,,,
USGS-09217000,2026-01-27 01:00:00+00:00,,,
USGS-09217000,2026-01-27 02:00:00+00:00,,,
USGS-09217000,2026-01-27 03:00:00+00:00,,,
USGS-09217000,2026-01-27 04:00:00+00:00,,,
USGS-09217000,2026-01-27 05:00:00+00:00,,,
USGS-09217000,2026-01-27 06:00:00+00:00,,,
USGS-09217000,2026-01-27 07:00:00+00:00,,,
USGS-09217000,2026-01-27 08:00:00+00:00,,,
USGS-09217000,2026-01-27 09:00:00+00:00,,,
USGS-09217000,2026-01-27 10:00:00+00:00,,,
USGS-09217000,2026-01-27 11:00:00+00:00,,,
USGS-09217000,2026-01-27 12:00:00+00:00,,,
USGS-09217000,2026-01-27 13:00:00+00:00,,,
USGS-09217000,2026-01-27 14:00:00+00:00,,,
USGS-09217000,2026-01-27 15:00:00+00:00,,,
USGS-09217000,2026-01-27 16:00:00+00:00,,,
USGS-09217000,2026-01-27 17:00:00+00:00,,,1100.0
USGS-09217000,2026-01-27 18:00:00+00:00,,,1075.0
USGS-09217000,2026-01-27 19:00:00+00:00,,,973.0
USGS-09217000,2026-01-27 20:00:00+00:00,,,868.0
USGS-09217000,2026-01-27 21:00:00+00:00,,,826.0
USGS-09217000,2026-01-27 22:00:00+00:00,,,801.5
USGS-09217000,2026-01-27 23:00:00+00:00,,,781.5
USGS-09217000,2026-01-28 00:00:00+00:00,,,759.0
USGS-09217000,2026-01-28 01:00:00+00:00,,,732.5
USGS-09217000,2026-01-28 02:00:00+00:00,,,703.5
USGS-09217000,2026-01-28 03:00:00+00:00,,,694.0
USGS-09217000,2026-01-28 04:00:00+00:00,,,700.0
USGS-09217000,2026-01-28 05:00:00+00:00,,,716.0
USGS-09217000,2026-01-28 06:00:00+00:00,,,742.0
USGS-09217000,2026-01-28 07:00:00+00:00,,,774.5
USGS-09217000,2026-01-28 08:00:00+00:00,,,828.5
USGS-09217000,2026-01-28 09:00:00+00:00,,,912.5
USGS-09217000,2026-01-28 10:00:00+00:00,,,1020.0
USGS-09217000,2026-01-28 11:00:00+00:00,,,1145.0
USGS-09217000,2026-01-28 12:00:00+00:00,,,1270.0
USGS-09217000,2026-01-28 13:00:00+00:00,,,1375.0
USGS-09217000,2026-01-28 14:00:00+00:00,,,1440.0
USGS-09217000,2026-01-28 15:00:00+00:00,,,1470.0
USGS-09217000,2026-01-28 16:00:00+00:00,,,1480.0
USGS-09217000,2026-01-28 17:00:00+00:00,,,1465.0
USGS-09217000,2026-01-28 18:00:00+00:00,,,1400.0
USGS-09217000,2026-01-28 19:00:00+00:00,,,1140.0
USGS-09217000,2026-01-28 20:00:00+00:00,,,967.5
USGS-09217000,2026-01-28 21:00:00+00:00,,,866.0
USGS-09217000,2026-01-28 22:00:00+00:00,,,777.0
USGS-09217000,2026-01-28 23:00:00+00:00,,,728.0
USGS-09217000,2026-01-29 00:00:00+00:00,,,695.5
USGS-09217000,2026-01-29 01:00:00+00:00,,,670.0
USGS-09217000,2026-01-29 02:00:00+00:00,,,640.0
USGS-09217000,2026-01-29 03:00:00+00:00,,,646.0
USGS-09217000,2026-01-29 04:00:00+00:00,,,670.0
USGS-09217000,2026-01-29 05:00:00+00:00,,,692.0
USGS-09217000,2026-01-29 06:00:00+00:00,,,715.0
USGS-09217000,2026-01-29 07:00:00+00:00,,,744.5
USGS-09217000,2026-01-29 08:00:00+00:00,,,773.0
USGS-09217000,2026-01-29 09:00:00+00:00,,,796.0
USGS-09217000,2026-01-29 10:00:00+00:00,,,838.0
USGS-09217000,2026-01-29 11:00:00+00:00,,,894.0
USGS-09217000,2026-01-29 12:00:00+00:00,,,967.0
USGS-09217000,2026-01-29 13:00:00+00:00,,,1050.0
USGS-09217000,2026-01-29 14:00:00+00:00,,,1140.0
USGS-09217000,2026-01-29 15:00:00+00:00,,,1200.0
USGS-09217000,2026-01-29 16:00:00+00:00,,,1245.0
USGS-09217000,2026-01-29 17:00:00+00:00,,,1260.0
USGS-09217000,2026-01-29 18:00:00+00:00,,,1220.0
USGS-09217000,2026-01-29 19:00:00+00:00,,,1014.0
USGS-09217000,2026-01-29 20:00:00+00:00,,,854.5
USGS-09217000,2026-01-29 21:00:00+00:00,,,756.5
USGS-09217000,2026-01-29 22:00:00+00:00,,,707.5
USGS-09217000,2026-01-29 23:00:00+00:00,,,678.5
USGS-09217000,2026-01-30 00:00:00+00:00,,,657.0
USGS-09217000,2026-01-30 01:00:00+00:00,,,624.0
USGS-09217000,2026-01-30 02:00:00+00:00,,,614.5
USGS-09217000,2026-01-30 03:00:00+00:00,,,638.0
USGS-09217000,2026-01-30 04:00:00+00:00,,,662.0
USGS-09217000,2026-01-30 05:00:00+00:00,,,694.0
USGS-09217000,2026-01-30 06:00:00+00:00,,,720.0
USGS-09217000,2026-01-30 07:00:00+00:00,,,755.5
USGS-09217000,2026-01-30 08:00:00+00:00,,,791.5
USGS-09217000,2026-01-30 09:00:00+00:00,,,839.5
USGS-09217000,2026-01-30 10:00:00+00:00,,,916.5
USGS-09217000,2026-01-30 11:00:00+00:00,,,1035.0
USGS-09217000,2026-01-30 12:00:00+00:00,,,1175.0
USGS-09217000,2026-01-30 13:00:00+00:00,,,1300.0
USGS-09217000,2026-01-30 14:00:00+00:00,,,1415.0
USGS-09217000,2026-01-30 15:00:00+00:00,,,1455.0
USGS-09217000,2026-01-30 16:00:00+00:00,,,1460.0
USGS-09217000,2026-01-30 17:00:00+00:00,,,1440.0
USGS-09217000,2026-01-30 18:00:00+00:00,,,1270.0
USGS-09217000,2026-01-30 19:00:00+00:00,,,1080.0
USGS-09217000,2026-01-30 20:00:00+00:00,,,944.5
USGS-09217000,2026-01-30 21:00:00+00:00,,,864.0
USGS-09217000,2026-01-30 22:00:00+00:00,,,815.0
USGS-09217000,2026-01-30 23:00:00+00:00,,,784.0
USGS-09217000,2026-01-31 00:00:00+00:00,,,758.0
USGS-09217000,2026-01-31 01:00:00+00:00,,,732.0
USGS-09217000,2026-01-31 02:00:00+00:00,,,722.0
USGS-09217000,2026-01-31 03:00:00+00:00,,,716.0
USGS-09217000,2026-01-31 04:00:00+00:00,,,709.0
USGS-09217000,2026-01-31 05:00:00+00:00,,,716.0
USGS-09217000,2026-01-31 06:00:00+00:00,,,732.0
USGS-09217000,2026-01-31 07:00:00+00:00,,,764.5
USGS-09217000,2026-01-31 08:00:00+00:00,,,810.5
USGS-09217000,2026-01-31 09:00:00+00:00,,,880.5
USGS-09217000,2026-01-31 10:00:00+00:00,,,975.0
USGS-09217000,2026-01-31 11:00:00+00:00,,,1090.0
USGS-09217000,2026-01-31 12:00:00+00:00,,,1215.0
USGS-09217000,2026-01-31 13:00:00+00:00,,,1300.0
USGS-09217000,2026-01-31 14:00:00+00:00,,,1340.0
USGS-09217000,2026-01-31 15:00:00+00:00,,,1340.0
USGS-09217000,2026-01-31 16:00:00+00:00,,,1320.0
USGS-09217000,2026-01-31 17:00:00+00:00,,,1260.0
USGS-09217000,2026-01-31 18:00:00+00:00,,,1065.0
USGS-09217000,2026-01-31 19:00:00+00:00,,,935.5
USGS-09217000,2026-01-31 20:00:00+00:00,,,890.0
USGS-09217000,2026-01-31 21:00:00+00:00,,,872.5
USGS-09217000,2026-01-31 22:00:00+00:00,,,858.5
USGS-09217000,2026-01-31 23:00:00+00:00,,,855.0
USGS-09217000,2026-02-01 00:00:00+00:00,,,855.0
USGS-09217000,2026-02-01 01:00:00+00:00,,,855.0
USGS-09217000,2026-02-01 02:00:00+00:00,,,855.0
USGS-09217000,2026-02-01 03:00:00+00:00,,,848.0
USGS-09217000,2026-02-01 04:00:00+00:00,,,865.5
USGS-09217000,2026-02-01 05:00:00+00:00,,,893.5
USGS-09217000,2026-02-01 06:00:00+00:00,,,925.0
USGS-09217000,2026-02-01 07:00:00+00:00,,,960.0
USGS-09217000,2026-02-01 08:00:00+00:00,,,1005.0
USGS-09217000,2026-02-01 09:00:00+00:00,,,1055.0
USGS-09217000,2026-02-01 10:00:00+00:00,,,1095.0
USGS-09217000,2026-02-01 11:00:00+00:00,,,1130.0
USGS-09217000,2026-02-01 12:00:00+00:00,,,1170.0
USGS-09217000,2026-02-01 13:00:00+00:00,,,1200.0
USGS-09217000,2026-02-01 14:00:00+00:00,,,1220.0
USGS-09217000,2026-02-01 15:00:00+00:00,,,1245.0
USGS-09217000,2026-02-01 16:00:00+00:00,,,1265.0
USGS-09217000,2026-02-01 17:00:00+00:00,,,1270.0
USGS-09217000,2026-02-01 18:00:00+00:00,,,1120.0
USGS-09217000,2026-02-01 19:00:00+00:00,,,969.5
USGS-09217000,2026-02-01 20:00:00+00:00,,,868.0
USGS-09217000,2026-02-01 21:00:00+00:00,,,843.5
USGS-09217000,2026-02-01 22:00:00+00:00,,,833.0
USGS-09217000,2026-02-01 23:00:00+00:00,,,833.0
USGS-09217000,2026-02-02 00:00:00+00:00,,,833.0
USGS-09217000,2026-02-02 01:00:00+00:00,,,833.0
USGS-09217000,2026-02-02 02:00:00+00:00,,,833.0
USGS-09217000,2026-02-02 03:00:00+00:00,,,833.0
USGS-09217000,2026-02-02 04:00:00+00:00,,,854.0
USGS-09217000,2026-02-02 05:00:00+00:00,,,891.5
USGS-09217000,2026-02-02 06:00:00+00:00,,,933.5
USGS-09217000,2026-02-02 07:00:00+00:00,,,979.0
USGS-09217000,2026-02-02 08:00:00+00:00,,,1020.0
USGS-09217000,2026-02-02 09:00:00+00:00,,,1060.0
USGS-09217000,2026-02-02 10:00:00+00:00,,,1085.0
USGS-09217000,2026-02-02 11:00:00+00:00,,,1115.0
USGS-09217000,2026-02-02 12:00:00+00:00,,,1145.0
USGS-09217000,2026-02-02 13:00:00+00:00,,,1165.0
USGS-09217000,2026-02-02 14:00:00+00:00,,,1180.0
USGS-09217000,2026-02-02 15:00:00+00:00,,,1200.0
USGS-09217000,2026-02-02 16:00:00+00:00,,,1215.0
USGS-09217000,2026-02-02 17:00:00+00:00,,,1230.0
USGS-09217000,2026-02-02 18:00:00+00:00,,,1130.0
USGS-09217000,2026-02-02 19:00:00+00:00,,,965.0
USGS-09217000,2026-02-02 20:00:00+00:00,,,853.0
USGS-09217000,2026-02-02 21:00:00+00:00,,,825.0
USGS-09217000,2026-02-02 22:00:00+00:00,,,828.0
USGS-09217000,2026-02-02 23:00:00+00:00,,,834.5
USGS-09217000,2026-02-03 00:00:00+00:00,,,845.0
USGS-09217000,2026-02-03 01:00:00+00:00,,,848.5
USGS-09217000,2026-02-03 02:00:00+00:00,,,841.5
USGS-09217000,2026-02-03 03:00:00+00:00,,,855.5
USGS-09217000,2026-02-03 04:00:00+00:00,,,894.0
USGS-09217000,2026-02-03 05:00:00+00:00,,,936.0
USGS-09217000,2026-02-03 06:00:00+00:00,,,974.5
USGS-09217000,2026-02-03 07:00:00+00:00,,,1015.0
USGS-09217000,2026-02-03 08:00:00+00:00,,,1050.0
USGS-09217000,2026-02-03 09:00:00+00:00,,,1085.0
USGS-09217000,2026-02-03 10:00:00+00:00,,,1115.0
USGS-09217000,2026-02-03 11:00:00+00:00,,,1145.0
USGS-09217000,2026-02-03 12:00:00+00:00,,,1165.0
USGS-09217000,2026-02-03 13:00:00+00:00,,,1180.0
USGS-09217000,2026-02-03 14:00:00+00:00,,,1190.0
USGS-09217000,2026-02-03 15:00:00+00:00,,,1210.0
USGS-09217000,2026-02-03 16:00:00+00:00,,,1230.0
USGS-09217000,2026-02-03 17:00:00+00:00,,,1225.0
USGS-09217000,2026-02-03 18:00:00+00:00,,,1045.0
USGS-09217000,2026-02-03 19:00:00+00:00,,,917.5
USGS-09217000,2026-02-03 20:00:00+00:00,,,830.0
USGS-09217000,2026-02-03 21:00:00+00:00,,,809.0
USGS-09217000,2026-02-03 22:00:00+00:00,,,809.0
USGS-09217000,2026-02-03 23:00:00+00:00,,,812.5
USGS-09217000,2026-02-04 00:00:00+00:00,,,823.0
USGS-09217000,2026-02-04 01:00:00+00:00,,,830.0
USGS-09217000,2026-02-04 02:00:00+00:00,,,837.0
USGS-09217000,2026-02-04 03:00:00+00:00,,,833.5
USGS-09217000,2026-02-04 04:00:00+00:00,,,865.0
USGS-09217000,2026-02-04 05:00:00+00:00,,,903.5
USGS-09217000,2026-02-04 06:00:00+00:00,,,935.0
USGS-09217000,2026-02-04 07:00:00+00:00,,,966.5
USGS-09217000,2026-02-04 08:00:00+00:00,,,999.0
USGS-09217000,2026-02-04 09:00:00+00:00,,,1030.0
USGS-09217000,2026-02-04 10:00:00+00:00,,,1055.0
USGS-09217000,2026-02-04 11:00:00+00:00,,,1080.0
USGS-09217000,2026-02-04 12:00:00+00:00,,,1105.0
USGS-09217000,2026-02-04 13:00:00+00:00,,,1130.0
USGS-09217000,2026-02-04 14:00:00+00:00,,,1150.0
USGS-09217000,2026-02-04 15:00:00+00:00,,,1165.0
USGS-09217000,2026-02-04 16:00:00+00:00,,,1195.0
USGS-09217000,2026-02-04 17:00:00+00:00,,,1220.0
USGS-09217000,2026-02-04 18:00:00+00:00,,,1095.0
USGS-09217000,2026-02-04 19:00:00+00:00,,,951.5
USGS-09217000,2026-02-04 20:00:00+00:00,,,832.5
USGS-09217000,2026-02-04 21:00:00+00:00,,,811.5
USGS-09217000,2026-02-04 22:00:00+00:00,,,811.5
USGS-09217000,2026-02-04 23:00:00+00:00,,,815.0
USGS-09217000,2026-02-05 00:00:00+00:00,,,822.0
USGS-09217000,2026-02-05 01:00:00+00:00,,,822.0
USGS-09217000,2026-02-05 02:00:00+00:00,,,829.0
USGS-09217000,2026-02-05 03:00:00+00:00,,,821.5
USGS-09217000,2026-02-05 04:00:00+00:00,,,838.5
USGS-09217000,2026-02-05 05:00:00+00:00,,,873.5
USGS-09217000,2026-02-05 06:00:00+00:00,,,908.5
USGS-09217000,2026-02-05 07:00:00+00:00,,,940.0
USGS-09217000,2026-02-05 08:00:00+00:00,,,971.5
USGS-09217000,2026-02-05 09:00:00+00:00,,,998.0
USGS-09217000,2026-02-05 10:00:00+00:00,,,1025.0
USGS-09217000,2026-02-05 11:00:00+00:00,,,1050.0
USGS-09217000,2026-02-05 12:00:00+00:00,,,1065.0
USGS-09217000,2026-02-05 13:00:00+00:00,,,1085.0
USGS-09217000,2026-02-05 14:00:00+00:00,,,1115.0
USGS-09217000,2026-02-05 15:00:00+00:00,,,1130.0
USGS-09217000,2026-02-05 16:00:00+00:00,,,1165.0
USGS-09217000,2026-02-05 17:00:00+00:00,,,1170.0
USGS-09217000,2026-02-05 18:00:00+00:00,,,1015.0
USGS-09217000,2026-02-05 19:00:00+00:00,,,894.5
USGS-09217000,2026-02-05 20:00:00+00:00,,,810.5
USGS-09217000,2026-02-05 21:00:00+00:00,,,807.0
USGS-09217000,2026-02-05 22:00:00+00:00,,,813.0
USGS-09217000,2026-02-05 23:00:00+00:00,,,820.0
USGS-09217000,2026-02-06 00:00:00+00:00,,,830.5
USGS-09217000,2026-02-06 01:00:00+00:00,,,837.5
USGS-09217000,2026-02-06 02:00:00+00:00,,,848.0
USGS-09217000,2026-02-06 03:00:00+00:00,,,841.0
USGS-09217000,2026-02-06 04:00:00+00:00,,,851.5
USGS-09217000,2026-02-06 05:00:00+00:00,,,886.5
USGS-09217000,2026-02-06 06:00:00+00:00,,,914.5
USGS-09217000,2026-02-06 07:00:00+00:00,,,942.5
USGS-09217000,2026-02-06 08:00:00+00:00,,,967.0
USGS-09217000,2026-02-06 09:00:00+00:00,,,997.5
USGS-09217000,2026-02-06 10:00:00+00:00,,,1025.0
USGS-09217000,2026-02-06 11:00:00+00:00,,,1060.0
USGS-09217000,2026-02-06 12:00:00+00:00,,,1095.0
USGS-09217000,2026-02-06 13:00:00+00:00,,,1125.0
USGS-09217000,2026-02-06 14:00:00+00:00,,,1155.0
USGS-09217000,2026-02-06 15:00:00+00:00,,,1185.0
USGS-09217000,2026-02-06 16:00:00+00:00,,,1215.0
USGS-09217000,2026-02-06 17:00:00+00:00,,,1215.0
USGS-09217000,2026-02-06 18:00:00+00:00,,,1065.0
USGS-09217000,2026-02-06 19:00:00+00:00,,,945.0
USGS-09217000,2026-02-06 20:00:00+00:00,,,847.0
USGS-09217000,2026-02-06 21:00:00+00:00,,,833.0
USGS-09217000,2026-02-06 22:00:00+00:00,,,836.5
USGS-09217000,2026-02-06 23:00:00+00:00,,,833.0
USGS-09217000,2026-02-07 00:00:00+00:00,,,836.5
USGS-09217000,2026-02-07 01:00:00+00:00,,,857.5
USGS-09217000,2026-02-07 02:00:00+00:00,,,861.0
USGS-09217000,2026-02-07 03:00:00+00:00,,,861.0
USGS-09217000,2026-02-07 04:00:00+00:00,,,892.5
USGS-09217000,2026-02-07 05:00:00+00:00,,,927.5
USGS-09217000,2026-02-07 06:00:00+00:00,,,962.5
USGS-09217000,2026-02-07 07:00:00+00:00,,,990.5
USGS-09217000,2026-02-07 08:00:00+00:00,,,1025.0
USGS-09217000,2026-02-07 09:00:00+00:00,,,1055.0
USGS-09217000,2026-02-07 10:00:00+00:00,,,1090.0
USGS-09217000,2026-02-07 11:00:00+00:00,,,1115.0
USGS-09217000,2026-02-07 12:00:00+00:00,,,1155.0
USGS-09217000,2026-02-07 13:00:00+00:00,,,1185.0
USGS-09217000,2026-02-07 14:00:00+00:00,,,1200.0
USGS-09217000,2026-02-07 15:00:00+00:00,,,1230.0
USGS-09217000,2026-02-07 16:00:00+00:00,,,1255.0
USGS-09217000,2026-02-07 17:00:00+00:00,,,1265.0
USGS-09217000,2026-02-07 18:00:00+00:00,,,1085.0
USGS-09217000,2026-02-07 19:00:00+00:00,,,912.5
USGS-09217000,2026-02-07 20:00:00+00:00,,,825.0
USGS-09217000,2026-02-07 21:00:00+00:00,,,811.0
USGS-09217000,2026-02-07 22:00:00+00:00,,,818.0
USGS-09217000,2026-02-07 23:00:00+00:00,,,825.0
USGS-09217000,2026-02-08 00:00:00+00:00,,,832.0
USGS-09217000,2026-02-08 01:00:00+00:00,,,853.0
USGS-09217000,2026-02-08 02:00:00+00:00,,,860.0
USGS-09217000,2026-02-08 03:00:00+00:00,,,852.5
USGS-09217000,2026-02-08 04:00:00+00:00,,,876.5
USGS-09217000,2026-02-08 05:00:00+00:00,,,908.0
USGS-09217000,2026-02-08 06:00:00+00:00,,,943.0
USGS-09217000,2026-02-08 07:00:00+00:00,,,971.0
USGS-09217000,2026-02-08 08:00:00+00:00,,,995.5
USGS-09217000,2026-02-08 09:00:00+00:00,,,1025.0
USGS-09217000,2026-02-08 10:00:00+00:00,,,1045.0
USGS-09217000,2026-02-08 11:00:00+00:00,,,1065.0
USGS-09217000,2026-02-08 12:00:00+00:00,,,1090.0
USGS-09217000,2026-02-08 13:00:00+00:00,,,1115.0
USGS-09217000,2026-02-08 14:00:00+00:00,,,1135.0
USGS-09217000,2026-02-08 15:00:00+00:00,,,1155.0
USGS-09217000,2026-02-08 16:00:00+00:00,,,1180.0
USGS-09217000,2026-02-08 17:00:00+00:00,,,1185.0
USGS-09217000,2026-02-08 18:00:00+00:00,,,1055.0
USGS-09217000,2026-02-08 19:00:00+00:00,,,918.5
USGS-09217000,2026-02-08 20:00:00+00:00,,,844.5
USGS-09217000,2026-02-08 21:00:00+00:00,,,837.0
USGS-09217000,2026-02-08 22:00:00+00:00,,,844.0
USGS-09217000,2026-02-08 23:00:00+00:00,,,851.0
USGS-09217000,2026-02-09 00:00:00+00:00,,,865.0
USGS-09217000,2026-02-09 01:00:00+00:00,,,879.0
USGS-09217000,2026-02-09 02:00:00+00:00,,,886.0
USGS-09217000,2026-02-09 03:00:00+00:00,,,879.0
USGS-09217000,2026-02-09 04:00:00+00:00,,,879.0
USGS-09217000,2026-02-09 05:00:00+00:00,,,900.0
USGS-09217000,2026-02-09 06:00:00+00:00,,,924.5
USGS-09217000,2026-02-09 07:00:00+00:00,,,952.5
USGS-09217000,2026-02-09 08:00:00+00:00,,,970.0
USGS-09217000,2026-02-09 09:00:00+00:00,,,987.5
USGS-09217000,2026-02-09 10:00:00+00:00,,,1000.0
USGS-09217000,2026-02-09 11:00:00+00:00,,,1030.0
USGS-09217000,2026-02-09 12:00:00+00:00,,,1045.0
USGS-09217000,2026-02-09 13:00:00+00:00,,,1055.0
USGS-09217000,2026-02-09 14:00:00+00:00,,,1060.0
USGS-09217000,2026-02-09 15:00:00+00:00,,,1065.0
USGS-09217000,2026-02-09 16:00:00+00:00,,,1090.0
USGS-09217000,2026-02-09 17:00:00+00:00,,,1090.0
USGS-09217000,2026-02-09 18:00:00+00:00,,,1005.0
USGS-09217000,2026-02-09 19:00:00+00:00,,,906.0
USGS-09217000,2026-02-09 20:00:00+00:00,,,832.5
USGS-09217000,2026-02-09 21:00:00+00:00,,,829.0
USGS-09217000,2026-02-09 22:00:00+00:00,,,829.0
USGS-09217000,2026-02-09 23:00:00+00:00,,,832.5
USGS-09217000,2026-02-10 00:00:00+00:00,,,843.0
USGS-09217000,2026-02-10 01:00:00+00:00,,,843.0
USGS-09217000,2026-02-10 02:00:00+00:00,,,843.0
USGS-09217000,2026-02-10 03:00:00+00:00,,,843.0
USGS-09217000,2026-02-10 04:00:00+00:00,,,860.5
USGS-09217000,2026-02-10 05:00:00+00:00,,,871.0
USGS-09217000,2026-02-10 06:00:00+00:00,,,888.5
USGS-09217000,2026-02-10 07:00:00+00:00,,,902.5
USGS-09217000,2026-02-10 08:00:00+00:00,,,930.5
USGS-09217000,2026-02-10 09:00:00+00:00,,,944.0
USGS-09217000,2026-02-10 10:00:00+00:00,,,957.5
USGS-09217000,2026-02-10 11:00:00+00:00,,,978.5
USGS-09217000,2026-02-10 12:00:00+00:00,,,996.0
USGS-09217000,2026-02-10 13:00:00+00:00,,,1015.0
USGS-09217000,2026-02-10 14:00:00+00:00,,,1025.0
USGS-09217000,2026-02-10 15:00:00+00:00,,,1040.0
USGS-09217000,2026-02-10 16:00:00+00:00,,,1055.0
USGS-09217000,2026-02-10 17:00:00+00:00,,,1060.0
USGS-09217000,2026-02-10 18:00:00+00:00,,,1045.0
USGS-09217000,2026-02-10 19:00:00+00:00,,,957.5
USGS-09217000,2026-02-10 20:00:00+00:00,,,859.5
USGS-09217000,2026-02-10 21:00:00+00:00,,,814.0
USGS-09217000,2026-02-10 22:00:00+00:00,,,810.5
USGS-09217000,2026-02-10 23:00:00+00:00,,,814.0
USGS-09217000,2026-02-11 00:00:00+00:00,,,821.0
USGS-09217000,2026-02-11 01:00:00+00:00,,,829.0
USGS-09217000,2026-02-11 02:00:00+00:00,,,829.0
USGS-09217000,2026-02-11 03:00:00+00:00,,,829.0
USGS-09217000,2026-02-11 04:00:00+00:00,,,822.0
USGS-09217000,2026-02-11 05:00:00+00:00,,,811.5
USGS-09217000,2026-02-11 06:00:00+00:00,,,811.5
USGS-09217000,2026-02-11 07:00:00+00:00,,,815.0
USGS-09217000,2026-02-11 08:00:00+00:00,,,825.5
USGS-09217000,2026-02-11 09:00:00+00:00,,,836.0
USGS-09217000,2026-02-11 10:00:00+00:00,,,853.5
USGS-09217000,2026-02-11 11:00:00+00:00,,,872.0
USGS-09217000,2026-02-11 12:00:00+00:00,,,882.5
USGS-09217000,2026-02-11 13:00:00+00:00,,,886.0
USGS-09217000,2026-02-11 14:00:00+00:00,,,903.5
USGS-09217000,2026-02-11 15:00:00+00:00,,,924.5
USGS-09217000,2026-02-11 16:00:00+00:00,,,942.0
USGS-09217000,2026-02-11 17:00:00+00:00,,,949.0
USGS-09217000,2026-02-11 18:00:00+00:00,,,921.0
USGS-09217000,2026-02-11 19:00:00+00:00,,,854.5
USGS-09217000,2026-02-11 20:00:00+00:00,,,809.0
USGS-09217000,2026-02-11 21:00:00+00:00,,,803.0
USGS-09217000,2026-02-11 22:00:00+00:00,,,810.0
USGS-09217000,2026-02-11 23:00:00+00:00,,,820.5
USGS-09217000,2026-02-12 00:00:00+00:00,,,831.0
USGS-09217000,2026-02-12 01:00:00+00:00,,,831.0
USGS-09217000,2026-02-12 02:00:00+00:00,,,827.5
USGS-09217000,2026-02-12 03:00:00+00:00,,,817.0
USGS-09217000,2026-02-12 04:00:00+00:00,,,820.5
USGS-09217000,2026-02-12 05:00:00+00:00,,,845.0
USGS-09217000,2026-02-12 06:00:00+00:00,,,845.0
USGS-09217000,2026-02-12 07:00:00+00:00,,,845.0
USGS-09217000,2026-02-12 08:00:00+00:00,,,839.0
USGS-09217000,2026-02-12 09:00:00+00:00,,,832.0
USGS-09217000,2026-02-12 10:00:00+00:00,,,828.5
USGS-09217000,2026-02-12 11:00:00+00:00,,,832.0
USGS-09217000,2026-02-12 12:00:00+00:00,,,832.0
USGS-09217000,2026-02-12 13:00:00+00:00,,,839.0
USGS-09217000,2026-02-12 14:00:00+00:00,,,839.0
USGS-09217000,2026-02-12 15:00:00+00:00,,,839.0
USGS-09217000,2026-02-12 16:00:00+00:00,,,835.5
USGS-09217000,2026-02-12 17:00:00+00:00,,,832.0
USGS-09217000,2026-02-12 18:00:00+00:00,,,847.0
USGS-09217000,2026-02-12 19:00:00+00:00,,,847.0
USGS-09217000,2026-02-12 20:00:00+00:00,,,861.0
USGS-09217000,2026-02-12 21:00:00+00:00,,,864.5
USGS-09217000,2026-02-12 22:00:00+00:00,,,885.5
USGS-09217000,2026-02-12 23:00:00+00:00,,,896.0
USGS-09217000,2026-02-13 00:00:00+00:00,,,896.0
USGS-09217000,2026-02-13 01:00:00+00:00,,,875.0
USGS-09217000,2026-02-13 02:00:00+00:00,,,875.0
USGS-09217000,2026-02-13 03:00:00+00:00,,,875.0
USGS-09217000,2026-02-13 04:00:00+00:00,,,876.0
USGS-09217000,2026-02-13 05:00:00+00:00,,,869.0
USGS-09217000,2026-02-13 06:00:00+00:00,,,876.0
USGS-09217000,2026-02-13 07:00:00+00:00,,,865.5
USGS-09217000,2026-02-13 08:00:00+00:00,,,876.0
USGS-09217000,2026-02-13 09:00:00+00:00,,,897.0
USGS-09217000,2026-02-13 10:00:00+00:00,,,928.5
USGS-09217000,2026-02-13 11:00:00+00:00,,,963.5
USGS-09217000,2026-02-13 12:00:00+00:00,,,981.0
USGS-09217000,2026-02-13 13:00:00+00:00,,,988.0
USGS-09217000,2026-02-13 14:00:00+00:00,,,998.0
USGS-09217000,2026-02-13 15:00:00+00:00,,,1010.0
USGS-09217000,2026-02-13 16:00:00+00:00,,,1010.0
USGS-09217000,2026-02-13 17:00:00+00:00,,,873.5
USGS-09217000,2026-02-13 18:00:00+00:00,,,842.0
USGS-09217000,2026-02-13 19:00:00+00:00,,,842.0
USGS-09217000,2026-02-13 20:00:00+00:00,,,842.0
USGS-09217000,2026-02-13 21:00:00+00:00,,,852.5
USGS-09217000,2026-02-13 22:00:00+00:00,,,856.0
USGS-09217000,2026-02-13 23:00:00+00:00,,,849.0
USGS-09217000,2026-02-14 00:00:00+00:00,,,842.0
USGS-09217000,2026-02-14 01:00:00+00:00,,,850.0
USGS-09217000,2026-02-14 02:00:00+00:00,,,843.0
USGS-09217000,2026-02-14 03:00:00+00:00,,,836.0
USGS-09217000,2026-02-14 04:00:00+00:00,,,829.0
USGS-09217000,2026-02-14 05:00:00+00:00,,,822.0
USGS-09217000,2026-02-14 06:00:00+00:00,,,822.0
USGS-09217000,2026-02-14 07:00:00+00:00,,,822.0
USGS-09217000,2026-02-14 08:00:00+00:00,,,822.0
USGS-09217000,2026-02-14 09:00:00+00:00,,,822.0
USGS-09217000,2026-02-14 10:00:00+00:00,,,815.0
USGS-09217000,2026-02-14 11:00:00+00:00,,,816.0
USGS-09217000,2026-02-14 12:00:00+00:00,,,809.0
USGS-09217000,2026-02-14 13:00:00+00:00,,,809.0
USGS-09217000,2026-02-14 14:00:00+00:00,,,809.0
USGS-09217000,2026-02-14 15:00:00+00:00,,,809.0
USGS-09217000,2026-02-14 16:00:00+00:00,,,812.5
USGS-09217000,2026-02-14 17:00:00+00:00,,,809.0
USGS-09217000,2026-02-14 18:00:00+00:00,,,805.5
USGS-09217000,2026-02-14 19:00:00+00:00,,,823.0
USGS-09217000,2026-02-14 20:00:00+00:00,,,816.0
USGS-09217000,2026-02-14 21:00:00+00:00,,,816.5
USGS-09217000,2026-02-14 22:00:00+00:00,,,817.0
USGS-09217000,2026-02-14 23:00:00+00:00,,,820.5
USGS-09217000,2026-02-15 00:00:00+00:00,,,824.0
USGS-09217000,2026-02-15 01:00:00+00:00,,,820.5
USGS-09217000,2026-02-15 02:00:00+00:00,,,824.0
USGS-09217000,2026-02-15 03:00:00+00:00,,,824.0
USGS-09217000,2026-02-15 04:00:00+00:00,,,824.0
USGS-09217000,2026-02-15 05:00:00+00:00,,,817.0
USGS-09217000,2026-02-15 06:00:00+00:00,,,817.0
USGS-09217000,2026-02-15 07:00:00+00:00,,,817.0
USGS-09217000,2026-02-15 08:00:00+00:00,,,818.0
USGS-09217000,2026-02-15 09:00:00+00:00,,,821.5
USGS-09217000,2026-02-15 10:00:00+00:00,,,818.0
USGS-09217000,2026-02-15 11:00:00+00:00,,,818.0
USGS-09217000,2026-02-15 12:00:00+00:00,,,814.5
USGS-09217000,2026-02-15 13:00:00+00:00,,,814.5
USGS-09217000,2026-02-15 14:00:00+00:00,,,818.0
USGS-09217000,2026-02-15 15:00:00+00:00,,,811.0
USGS-09217000,2026-02-15 16:00:00+00:00,,,814.5
USGS-09217000,2026-02-15 17:00:00+00:00,,,814.5
USGS-09217000,2026-02-15 18:00:00+00:00,,,812.0
USGS-09217000,2026-02-15 19:00:00+00:00,,,812.0
USGS-09217000,2026-02-15 20:00:00+00:00,,,819.0
USGS-09217000,2026-02-15 21:00:00+00:00,,,826.0
USGS-09217000,2026-02-15 22:00:00+00:00,,,819.0
USGS-09217000,2026-02-15 23:00:00+00:00,,,822.5
USGS-09217000,2026-02-16 00:00:00+00:00,,,826.0
USGS-09217000,2026-02-16 01:00:00+00:00,,,826.0
USGS-09217000,2026-02-16 02:00:00+00:00,,,826.0
USGS-09217000,2026-02-16 03:00:00+00:00,,,826.0
USGS-09217000,2026-02-16 04:00:00+00:00,,,823.0
USGS-09217000,2026-02-16 05:00:00+00:00,,,820.0
USGS-09217000,2026-02-16 06:00:00+00:00,,,816.5
USGS-09217000,2026-02-16 07:00:00+00:00,,,820.0
USGS-09217000,2026-02-16 08:00:00+00:00,,,823.5
USGS-09217000,2026-02-16 09:00:00+00:00,,,827.0
USGS-09217000,2026-02-16 10:00:00+00:00,,,827.0
USGS-09217000,2026-02-16 11:00:00+00:00,,,827.0
USGS-09217000,2026-02-16 12:00:00+00:00,,,827.0
USGS-09217000,2026-02-16 13:00:00+00:00,,,827.0
USGS-09217000,2026-02-16 14:00:00+00:00,,,827.0
USGS-09217000,2026-02-16 15:00:00+00:00,,,828.0
USGS-09217000,2026-02-16 16:00:00+00:00,,,821.0
USGS-09217000,2026-02-16 17:00:00+00:00,,,821.0
USGS-09217000,2026-02-16 18:00:00+00:00,,,821.0
USGS-09217000,2026-02-16 19:00:00+00:00,,,821.0
USGS-09217000,2026-02-16 20:00:00+00:00,,,821.0
USGS-09217000,2026-02-16 21:00:00+00:00,,,828.0
USGS-09217000,2026-02-16 22:00:00+00:00,,,828.0
USGS-09217000,2026-02-16 23:00:00+00:00,,,828.0
USGS-09217000,2026-02-17 00:00:00+00:00,,,831.5
USGS-09217000,2026-02-17 01:00:00+00:00,,,829.0
USGS-09217000,2026-02-17 02:00:00+00:00,,,829.0
USGS-09217000,2026-02-17 03:00:00+00:00,,,825.5
USGS-09217000,2026-02-17 04:00:00+00:00,,,829.0
USGS-09217000,2026-02-17 05:00:00+00:00,,,829.0
USGS-09217000,2026-02-17 06:00:00+00:00,,,829.0
USGS-09217000,2026-02-17 07:00:00+00:00,,,829.0
USGS-09217000,2026-02-17 08:00:00+00:00,,,825.5
USGS-09217000,2026-02-17 09:00:00+00:00,,,829.0
USGS-09217000,2026-02-17 10:00:00+00:00,,,836.0
USGS-09217000,2026-02-17 11:00:00+00:00,,,843.5
USGS-09217000,2026-02-17 12:00:00+00:00,,,847.5
USGS-09217000,2026-02-17 13:00:00+00:00,,,858.0
USGS-09217000,2026-02-17 14:00:00+00:00,,,851.0
USGS-09217000,2026-02-17 15:00:00+00:00,,,844.0
USGS-09217000,2026-02-17 16:00:00+00:00,,,844.0
USGS-09217000,2026-02-17 17:00:00+00:00,,,837.0
USGS-09217000,2026-02-17 18:00:00+00:00,,,837.0
USGS-09217000,2026-02-17 19:00:00+00:00,,,830.0
USGS-09217000,2026-02-17 20:00:00+00:00,,,837.0
USGS-09217000,2026-02-17 21:00:00+00:00,,,834.0
USGS-09217000,2026-02-17 22:00:00+00:00,,,838.0
USGS-09217000,2026-02-17 23:00:00+00:00,,,831.0
USGS-09217000,2026-02-18 00:00:00+00:00,,,834.5
USGS-09217000,2026-02-18 01:00:00+00:00,,,831.0
USGS-09217000,2026-02-18 02:00:00+00:00,,,831.0
USGS-09217000,2026-02-18 03:00:00+00:00,,,831.0
USGS-09217000,2026-02-18 04:00:00+00:00,,,831.0
USGS-09217000,2026-02-18 05:00:00+00:00,,,824.0
USGS-09217000,2026-02-18 06:00:00+00:00,,,824.0
USGS-09217000,2026-02-18 07:00:00+00:00,,,824.0
USGS-09217000,2026-02-18 08:00:00+00:00,,,825.0
USGS-09217000,2026-02-18 09:00:00+00:00,,,825.0
USGS-09217000,2026-02-18 10:00:00+00:00,,,832.0
USGS-09217000,2026-02-18 11:00:00+00:00,,,832.0
USGS-09217000,2026-02-18 12:00:00+00:00,,,832.0
USGS-09217000,2026-02-18 13:00:00+00:00,,,825.0
USGS-09217000,2026-02-18 14:00:00+00:00,,,825.0
USGS-09217000,2026-02-18 15:00:00+00:00,,,825.0
USGS-09217000,2026-02-18 16:00:00+00:00,,,825.0
USGS-09217000,2026-02-18 17:00:00+00:00,,,825.0
USGS-09217000,2026-02-18 18:00:00+00:00,,,822.0
USGS-09217000,2026-02-18 19:00:00+00:00,,,822.5
USGS-09217000,2026-02-18 20:00:00+00:00,,,819.0
USGS-09217000,2026-02-18 21:00:00+00:00,,,826.0
USGS-09217000,2026-02-18 22:00:00+00:00,,,826.0
USGS-09217000,2026-02-18 23:00:00+00:00,,,826.0
USGS-09217000,2026-02-19 00:00:00+00:00,,,826.0
USGS-09217000,2026-02-19 01:00:00+00:00,,,826.0
USGS-09217000,2026-02-19 02:00:00+00:00,,,826.0
USGS-09217000,2026-02-19 03:00:00+00:00,,,819.0
USGS-09217000,2026-02-19 04:00:00+00:00,,,819.0
USGS-09217000,2026-02-19 05:00:00+00:00,,,820.0
USGS-09217000,2026-02-19 06:00:00+00:00,,,816.5
USGS-09217000,2026-02-19 07:00:00+00:00,,,820.0
USGS-09217000,2026-02-19 08:00:00+00:00,,,
USGS-09217000,2026-02-19 09:00:00+00:00,,,
USGS-09217000,2026-02-19 10:00:00+00:00,,,
USGS-09217000,2026-02-19 11:00:00+00:00,,,820.0
USGS-09217000,2026-02-19 12:00:00+00:00,,,
USGS-09217000,2026-02-19 13:00:00+00:00,,,
USGS-09217000,2026-02-19 14:00:00+00:00,,,
USGS-09217000,2026-02-19 15:00:00+00:00,,,820.0
USGS-09217000,2026-02-19 16:00:00+00:00,,,
USGS-09217000,2026-02-19 17:00:00+00:00,,,
USGS-09217000,2026-02-19 18:00:00+00:00,,,
USGS-09217000,2026-02-19 19:00:00+00:00,,,820.0
USGS-09217000,2026-02-19 20:00:00+00:00,,,
USGS-09217000,2026-02-19 21:00:00+00:00,,,
USGS-09217000,2026-02-19 22:00:00+00:00,,,
USGS-09217000,2026-02-19 23:00:00+00:00,,,820.0
USGS-09217000,2026-02-20 00:00:00+00:00,,,
USGS-09217000,2026-02-20 01:00:00+00:00,,,
USGS-09217000,2026-02-20 02:00:00+00:00,,,
USGS-09217000,2026-02-20 03:00:00+00:00,,,820.0
USGS-09217000,2026-02-20 04:00:00+00:00,,,
USGS-09217000,2026-02-20 05:00:00+00:00,,,
USGS-09217000,2026-02-20 06:00:00+00:00,,,
USGS-09217000,2026-02-20 07:00:00+00:00,,,820.0
USGS-09217000,2026-02-20 08:00:00+00:00,,,
USGS-09217000,2026-02-20 09:00:00+00:00,,,
USGS-09217000,2026-02-20 10:00:00+00:00,,,
USGS-09217000,2026-02-20 11:00:00+00:00,,,820.0
USGS-09217000,2026-02-20 12:00:00+00:00,,,
USGS-09217000,2026-02-20 13:00:00+00:00,,,
USGS-09217000,2026-02-20 14:00:00+00:00,,,
USGS-09217000,2026-02-20 15:00:00+00:00,,,821.0
USGS-09217000,2026-02-20 16:00:00+00:00,,,
USGS-09217000,2026-02-20 17:00:00+00:00,,,
USGS-09217000,2026-02-20 18:00:00+00:00,,,
USGS-09217000,2026-02-20 19:00:00+00:00,,,821.0
USGS-09217000,2026-02-20 20:00:00+00:00,,,
USGS-09217000,2026-02-20 21:00:00+00:00,,,
USGS-09217000,2026-02-20 22:00:00+00:00,,,
USGS-09217000,2026-02-20 23:00:00+00:00,,,821.0
USGS-09217000,2026-02-21 00:00:00+00:00,,,
USGS-09217000,2026-02-21 01:00:00+00:00,,,
USGS-09217000,2026-02-21 02:00:00+00:00,,,
USGS-09217000,2026-02-21 03:00:00+00:00,,,821.0
USGS-09217000,2026-02-21 04:00:00+00:00,,,
USGS-09217000,2026-02-21 05:00:00+00:00,,,
USGS-09217000,2026-02-21 06:00:00+00:00,,,
USGS-09217000,2026-02-21 07:00:00+00:00,,,821.0
USGS-09217000,2026-02-21 08:00:00+00:00,,,
USGS-09217000,2026-02-21 09:00:00+00:00,,,
USGS-09217000,2026-02-21 10:00:00+00:00,,,
USGS-09217000,2026-02-21 11:00:00+00:00,,,822.0
USGS-09217000,2026-02-21 12:00:00+00:00,,,
USGS-09217000,2026-02-21 13:00:00+00:00,,,
USGS-09217000,2026-02-21 14:00:00+00:00,,,
USGS-09217000,2026-02-21 15:00:00+00:00,,,823.0
USGS-09217000,2026-02-21 16:00:00+00:00,,,
USGS-09217000,2026-02-21 17:00:00+00:00,,,
USGS-09217000,2026-02-21 18:00:00+00:00,,,
USGS-09217000,2026-02-21 19:00:00+00:00,,,824.0
USGS-09217000,2026-02-21 20:00:00+00:00,,,
USGS-09217000,2026-02-21 21:00:00+00:00,,,
USGS-09217000,2026-02-21 22:00:00+00:00,,,
USGS-09217000,2026-02-21 23:00:00+00:00,,,824.0
USGS-09217000,2026-02-22 00:00:00+00:00,,,
USGS-09217000,2026-02-22 01:00:00+00:00,,,
USGS-09217000,2026-02-22 02:00:00+00:00,,,
USGS-09217000,2026-02-22 03:00:00+00:00,,,825.0
USGS-09217000,2026-02-22 04:00:00+00:00,,,
USGS-09217000,2026-02-22 05:00:00+00:00,,,
USGS-09217000,2026-02-22 06:00:00+00:00,,,
USGS-09217000,2026-02-22 07:00:00+00:00,,,826.0
USGS-09217000,2026-02-22 08:00:00+00:00,,,
USGS-09217000,2026-02-22 09:00:00+00:00,,,
USGS-09217000,2026-02-22 10:00:00+00:00,,,
USGS-09217000,2026-02-22 11:00:00+00:00,,,827.0
USGS-09217000,2026-02-22 12:00:00+00:00,,,
USGS-09217000,2026-02-22 13:00:00+00:00,,,
USGS-09217000,2026-02-22 14:00:00+00:00,,,
USGS-09217000,2026-02-22 15:00:00+00:00,,,827.0
USGS-09217000,2026-02-22 16:00:00+00:00,,,
USGS-09217000,2026-02-22 17:00:00+00:00,,,
USGS-09217000,2026-02-22 18:00:00+00:00,,,
USGS-09217000,2026-02-22 19:00:00+00:00,,,828.0
USGS-09217000,2026-02-22 20:00:00+00:00,,,
USGS-09217000,2026-02-22 21:00:00+00:00,,,
USGS-09217000,2026-02-22 22:00:00+00:00,,,
USGS-09217000,2026-02-22 23:00:00+00:00,,,828.0
USGS-09217000,2026-02-23 00:00:00+00:00,,,
USGS-09217000,2026-02-23 01:00:00+00:00,,,
USGS-09217000,2026-02-23 02:00:00+00:00,,,
USGS-09217000,2026-02-23 03:00:00+00:00,,,828.0
USGS-09217000,2026-02-23 04:00:00+00:00,,,
USGS-09217000,2026-02-23 05:00:00+00:00,,,
USGS-09217000,2026-02-23 06:00:00+00:00,,,
USGS-09217000,2026-02-23 07:00:00+00:00,,,828.0
USGS-09217000,2026-02-23 08:00:00+00:00,,,829.0
USGS-09217000,2026-02-23 09:00:00+00:00,,,836.0
USGS-09217000,2026-02-23 10:00:00+00:00,,,836.0
USGS-09217000,2026-02-23 11:00:00+00:00,,,836.0
USGS-09217000,2026-02-23 12:00:00+00:00,,,830.0
USGS-09217000,2026-02-23 13:00:00+00:00,,,830.0
USGS-09217000,2026-02-23 14:00:00+00:00,,,847.5
USGS-09217000,2026-02-23 15:00:00+00:00,,,879.0
USGS-09217000,2026-02-23 16:00:00+00:00,,,889.5
USGS-09217000,2026-02-23 17:00:00+00:00,,,833.5
USGS-09217000,2026-02-23 18:00:00+00:00,,,823.0
USGS-09217000,2026-02-23 19:00:00+00:00,,,823.0
USGS-09217000,2026-02-23 20:00:00+00:00,,,816.0
USGS-09217000,2026-02-23 21:00:00+00:00,,,813.0
USGS-09217000,2026-02-23 22:00:00+00:00,,,810.0
USGS-09217000,2026-02-23 23:00:00+00:00,,,810.0
USGS-09217000,2026-02-24 00:00:00+00:00,,,810.0
USGS-09217000,2026-02-24 01:00:00+00:00,,,810.0
USGS-09217000,2026-02-24 02:00:00+00:00,,,810.0
USGS-09217000,2026-02-24 03:00:00+00:00,,,810.0
USGS-09217000,2026-02-24 04:00:00+00:00,,,810.0
USGS-09217000,2026-02-24 05:00:00+00:00,,,810.0
USGS-09217000,2026-02-24 06:00:00+00:00,,,810.0
USGS-09217000,2026-02-24 07:00:00+00:00,,,810.0
USGS-09217000,2026-02-24 08:00:00+00:00,,,818.0
USGS-09217000,2026-02-24 09:00:00+00:00,,,818.0
USGS-09217000,2026-02-24 10:00:00+00:00,,,821.5
USGS-09217000,2026-02-24 11:00:00+00:00,,,825.0
USGS-09217000,2026-02-24 12:00:00+00:00,,,818.0
USGS-09217000,2026-02-24 13:00:00+00:00,,,818.0
USGS-09217000,2026-02-24 14:00:00+00:00,,,818.0
USGS-09217000,2026-02-24 15:00:00+00:00,,,821.5
USGS-09217000,2026-02-24 16:00:00+00:00,,,818.0
USGS-09217000,2026-02-24 17:00:00+00:00,,,821.5
USGS-09217000,2026-02-24 18:00:00+00:00,,,822.0
USGS-09217000,2026-02-24 19:00:00+00:00,,,822.5
USGS-09217000,2026-02-24 20:00:00+00:00,,,822.5
USGS-09217000,2026-02-24 21:00:00+00:00,,,826.0
USGS-09217000,2026-02-24 22:00:00+00:00,,,826.0
USGS-09217000,2026-02-24 23:00:00+00:00,,,826.0
USGS-09217000,2026-02-25 00:00:00+00:00,,,826.0
USGS-09217000,2026-02-25 01:00:00+00:00,,,822.5
USGS-09217000,2026-02-25 02:00:00+00:00,,,819.0
USGS-09217000,2026-02-25 03:00:00+00:00,,,819.0
USGS-09217000,2026-02-25 04:00:00+00:00,,,819.0
USGS-09217000,2026-02-25 05:00:00+00:00,,,820.0
USGS-09217000,2026-02-25 06:00:00+00:00,,,813.0
USGS-09217000,2026-02-25 07:00:00+00:00,,,813.0
USGS-09217000,2026-02-25 08:00:00+00:00,,,813.0
USGS-09217000,2026-02-25 09:00:00+00:00,,,813.0
USGS-09217000,2026-02-25 10:00:00+00:00,,,816.5
USGS-09217000,2026-02-25 11:00:00+00:00,,,820.0
USGS-09217000,2026-02-25 12:00:00+00:00,,,816.5
USGS-09217000,2026-02-25 13:00:00+00:00,,,816.5
USGS-09217000,2026-02-25 14:00:00+00:00,,,813.0
USGS-09217000,2026-02-25 15:00:00+00:00,,,814.0
USGS-09217000,2026-02-25 16:00:00+00:00,,,807.0
USGS-09217000,2026-02-25 17:00:00+00:00,,,807.0
USGS-09217000,2026-02-25 18:00:00+00:00,,,800.0
USGS-09217000,2026-02-25 19:00:00+00:00,,,800.0
USGS-09217000,2026-02-25 20:00:00+00:00,,,800.0
USGS-09217000,2026-02-25 21:00:00+00:00,,,797.0
USGS-09217000,2026-02-25 22:00:00+00:00,,,797.0
USGS-09217000,2026-02-25 23:00:00+00:00,,,807.0
USGS-09217000,2026-02-26 00:00:00+00:00,,,800.0
USGS-09217000,2026-02-26 01:00:00+00:00,,,801.0
USGS-09217000,2026-02-26 02:00:00+00:00,,,801.0
USGS-09217000,2026-02-26 03:00:00+00:00,,,797.5
USGS-09217000,2026-02-26 04:00:00+00:00,,,794.0
USGS-09217000,2026-02-26 05:00:00+00:00,,,794.0
USGS-09217000,2026-02-26 06:00:00+00:00,,,794.0
USGS-09217000,2026-02-26 07:00:00+00:00,,,788.0
USGS-09217000,2026-02-26 08:00:00+00:00,,,788.0
USGS-09217000,2026-02-26 09:00:00+00:00,,,791.5
USGS-09217000,2026-02-26 10:00:00+00:00,,,791.5
USGS-09217000,2026-02-26 11:00:00+00:00,,,795.0
USGS-09217000,2026-02-26 12:00:00+00:00,,,795.0
USGS-09217000,2026-02-26 13:00:00+00:00,,,795.0
USGS-09217000,2026-02-26 14:00:00+00:00,,,795.0
USGS-09217000,2026-02-26 15:00:00+00:00,,,792.0
USGS-09217000,2026-02-26 16:00:00+00:00,,,789.0
USGS-09217000,2026-02-26 17:00:00+00:00,,,785.5
USGS-09217000,2026-02-26 18:00:00+00:00,,,789.0
USGS-09217000,2026-02-26 19:00:00+00:00,,,786.0
USGS-09217000,2026-02-26 20:00:00+00:00,,,783.0
USGS-09217000,2026-02-26 21:00:00+00:00,,,783.0
USGS-09217000,2026-02-26 22:00:00+00:00,,,789.0
USGS-09217000,2026-02-26 23:00:00+00:00,,,789.0
USGS-09217000,2026-02-27 00:00:00+00:00,,,790.0
USGS-09217000,2026-02-27 01:00:00+00:00,,,790.0
USGS-09217000,2026-02-27 02:00:00+00:00,,,786.5
USGS-09217000,2026-02-27 03:00:00+00:00,,,786.5
USGS-09217000,2026-02-27 04:00:00+00:00,,,786.5
USGS-09217000,2026-02-27 05:00:00+00:00,,,784.0
USGS-09217000,2026-02-27 06:00:00+00:00,,,784.0
USGS-09217000,2026-02-27 07:00:00+00:00,,,784.0
USGS-09217000,2026-02-27 08:00:00+00:00,,,787.0
USGS-09217000,2026-02-27 09:00:00+00:00,,,787.0
USGS-09217000,2026-02-27 10:00:00+00:00,,,790.0
USGS-09217000,2026-02-27 11:00:00+00:00,,,791.0
USGS-09217000,2026-02-27 12:00:00+00:00,,,784.0
USGS-09217000,2026-02-27 13:00:00+00:00,,,784.0
USGS-09217000,2026-02-27 14:00:00+00:00,,,784.0
USGS-09217000,2026-02-27 15:00:00+00:00,,,784.0
USGS-09217000,2026-02-27 16:00:00+00:00,,,784.5
USGS-09217000,2026-02-27 17:00:00+00:00,,,785.0
USGS-09217000,2026-02-27 18:00:00+00:00,,,791.0
USGS-09217000,2026-02-27 19:00:00+00:00,,,788.0
USGS-09217000,2026-02-27 20:00:00+00:00,,,785.0
USGS-09217000,2026-02-27 21:00:00+00:00,,,785.0
USGS-09217000,2026-02-27 22:00:00+00:00,,,792.0
USGS-09217000,2026-02-27 23:00:00+00:00,,,792.0
USGS-09217000,2026-02-28 00:00:00+00:00,,,785.0
USGS-09217000,2026-02-28 01:00:00+00:00,,,785.0
USGS-09217000,2026-02-28 02:00:00+00:00,,,792.0
USGS-09217000,2026-02-28 03:00:00+00:00,,,792.0
USGS-09217000,2026-02-28 04:00:00+00:00,,,792.0
USGS-09217000,2026-02-28 05:00:00+00:00,,,792.0
USGS-09217000,2026-02-28 06:00:00+00:00,,,792.0
USGS-09217000,2026-02-28 07:00:00+00:00,,,789.0
USGS-09217000,2026-02-28 08:00:00+00:00,,,786.0
USGS-09217000,2026-02-28 09:00:00+00:00,,,786.0
USGS-09217000,2026-02-28 10:00:00+00:00,,,786.0
USGS-09217000,2026-02-28 11:00:00+00:00,,,786.0
USGS-09217000,2026-02-28 12:00:00+00:00,,,786.0
USGS-09217000,2026-02-28 13:00:00+00:00,,,786.0
USGS-09217000,2026-02-28 14:00:00+00:00,,,786.5
USGS-09217000,2026-02-28 15:00:00+00:00,,,787.0
USGS-09217000,2026-02-28 16:00:00+00:00,,,787.0
USGS-09217000,2026-02-28 17:00:00+00:00,,,790.0
USGS-09217000,2026-02-28 18:00:00+00:00,,,790.0
USGS-09217000,2026-02-28 19:00:00+00:00,,,787.0
USGS-09217000,2026-02-28 20:00:00+00:00,,,787.0
USGS-09217000,2026-02-28 21:00:00+00:00,,,787.0
USGS-09217000,2026-02-28 22:00:00+00:00,,,787.0
USGS-09217000,2026-02-28 23:00:00+00:00,,,787.0
USGS-09217000,2026-03-01 00:00:00+00:00,,,787.0
USGS-09217000,2026-03-01 01:00:00+00:00,,,794.0
USGS-09217000,2026-03-01 02:00:00+00:00,,,794.0
USGS-09217000,2026-03-01 03:00:00+00:00,,,791.0
USGS-09217000,2026-03-01 04:00:00+00:00,,,791.0
USGS-09217000,2026-03-01 05:00:00+00:00,,,788.0
USGS-09217000,2026-03-01 06:00:00+00:00,,,794.0
USGS-09217000,2026-03-01 07:00:00+00:00,,,795.0
USGS-09217000,2026-03-01 08:00:00+00:00,,,788.0
USGS-09217000,2026-03-01 09:00:00+00:00,,,795.0
USGS-09217000,2026-03-01 10:00:00+00:00,,,795.0
USGS-09217000,2026-03-01 11:00:00+00:00,,,795.0
USGS-09217000,2026-03-01 12:00:00+00:00,,,802.0
USGS-09217000,2026-03-01 13:00:00+00:00,,,802.0
USGS-09217000,2026-03-01 14:00:00+00:00,,,809.0
USGS-09217000,2026-03-01 15:00:00+00:00,,,812.5
USGS-09217000,2026-03-01 16:00:00+00:00,,,819.5
USGS-09217000,2026-03-01 17:00:00+00:00,,,823.0
USGS-09217000,2026-03-01 18:00:00+00:00,,,826.5
USGS-09217000,2026-03-01 19:00:00+00:00,,,830.0
USGS-09217000,2026-03-01 20:00:00+00:00,,,837.0
USGS-09217000,2026-03-01 21:00:00+00:00,,,844.0
USGS-09217000,2026-03-01 22:00:00+00:00,,,852.0
USGS-09217000,2026-03-01 23:00:00+00:00,,,852.0
USGS-09217000,2026-03-02 00:00:00+00:00,,,859.0
USGS-09217000,2026-03-02 01:00:00+00:00,,,859.0
USGS-09217000,2026-03-02 02:00:00+00:00,,,866.0
USGS-09217000,2026-03-02 03:00:00+00:00,,,866.0
USGS-09217000,2026-03-02 04:00:00+00:00,,,873.0
USGS-09217000,2026-03-02 05:00:00+00:00,,,880.0
USGS-09217000,2026-03-02 06:00:00+00:00,,,880.0
USGS-09217000,2026-03-02 07:00:00+00:00,,,880.0
USGS-09217000,2026-03-02 08:00:00+00:00,,,884.5
USGS-09217000,2026-03-02 09:00:00+00:00,,,888.0
USGS-09217000,2026-03-02 10:00:00+00:00,,,884.5
USGS-09217000,2026-03-02 11:00:00+00:00,,,891.5
USGS-09217000,2026-03-02 12:00:00+00:00,,,898.5
USGS-09217000,2026-03-02 13:00:00+00:00,,,895.0
USGS-09217000,2026-03-02 14:00:00+00:00,,,895.0
USGS-09217000,2026-03-02 15:00:00+00:00,,,891.5
USGS-09217000,2026-03-02 16:00:00+00:00,,,888.0
USGS-09217000,2026-03-02 17:00:00+00:00,,,888.0
USGS-09217000,2026-03-02 18:00:00+00:00,,,888.0
USGS-09217000,2026-03-02 19:00:00+00:00,,,882.0
USGS-09217000,2026-03-02 20:00:00+00:00,,,875.0
USGS-09217000,2026-03-02 21:00:00+00:00,,,878.5
USGS-09217000,2026-03-02 22:00:00+00:00,,,882.0
USGS-09217000,2026-03-02 23:00:00+00:00,,,878.5
USGS-09217000,2026-03-03 00:00:00+00:00,,,882.0
USGS-09217000,2026-03-03 01:00:00+00:00,,,882.0
USGS-09217000,2026-03-03 02:00:00+00:00,,,889.0
USGS-09217000,2026-03-03 03:00:00+00:00,,,889.0
USGS-09217000,2026-03-03 04:00:00+00:00,,,913.5
USGS-09217000,2026-03-03 05:00:00+00:00,,,918.0
USGS-09217000,2026-03-03 06:00:00+00:00,,,914.5
USGS-09217000,2026-03-03 07:00:00+00:00,,,911.0
USGS-09217000,2026-03-03 08:00:00+00:00,,,914.5
USGS-09217000,2026-03-03 09:00:00+00:00,,,914.5
USGS-09217000,2026-03-03 10:00:00+00:00,,,911.0
USGS-09217000,2026-03-03 11:00:00+00:00,,,911.0
USGS-09217000,2026-03-03 12:00:00+00:00,,,904.0
USGS-09217000,2026-03-03 13:00:00+00:00,,,904.0
USGS-09217000,2026-03-03 14:00:00+00:00,,,904.0
USGS-09217000,2026-03-03 15:00:00+00:00,,,904.5
USGS-09217000,2026-03-03 16:00:00+00:00,,,901.5
USGS-09217000,2026-03-03 17:00:00+00:00,,,919.0
USGS-09217000,2026-03-03 18:00:00+00:00,,,919.0
USGS-09217000,2026-03-03 19:00:00+00:00,,,919.0
USGS-09217000,2026-03-03 20:00:00+00:00,,,919.0
USGS-09217000,2026-03-03 21:00:00+00:00,,,908.5
USGS-09217000,2026-03-03 22:00:00+00:00,,,905.0
USGS-09217000,2026-03-03 23:00:00+00:00,,,898.0
USGS-09217000,2026-03-04 00:00:00+00:00,,,898.0
USGS-09217000,2026-03-04 01:00:00+00:00,,,895.0
USGS-09217000,2026-03-04 02:00:00+00:00,,,892.0
USGS-09217000,2026-03-04 03:00:00+00:00,,,885.0
USGS-09217000,2026-03-04 04:00:00+00:00,,,881.5
USGS-09217000,2026-03-04 05:00:00+00:00,,,885.0
USGS-09217000,2026-03-04 06:00:00+00:00,,,895.5
USGS-09217000,2026-03-04 07:00:00+00:00,,,906.0
USGS-09217000,2026-03-04 08:00:00+00:00,,,909.5
USGS-09217000,2026-03-04 09:00:00+00:00,,,906.0
USGS-09217000,2026-03-04 10:00:00+00:00,,,899.0
USGS-09217000,2026-03-04 11:00:00+00:00,,,892.5
USGS-09217000,2026-03-04 12:00:00+00:00,,,886.0
USGS-09217000,2026-03-04 13:00:00+00:00,,,879.0
USGS-09217000,2026-03-04 14:00:00+00:00,,,872.0
USGS-09217000,2026-03-04 15:00:00+00:00,,,872.0
USGS-09217000,2026-03-04 16:00:00+00:00,,,872.0
USGS-09217000,2026-03-04 17:00:00+00:00,,,879.0
USGS-09217000,2026-03-04 18:00:00+00:00,,,886.0
USGS-09217000,2026-03-04 19:00:00+00:00,,,886.0
USGS-09217000,2026-03-04 20:00:00+00:00,,,879.0
USGS-09217000,2026-03-04 21:00:00+00:00,,,886.0
USGS-09217000,2026-03-04 22:00:00+00:00,,,883.5
USGS-09217000,2026-03-04 23:00:00+00:00,,,880.0
USGS-09217000,2026-03-05 00:00:00+00:00,,,876.5
USGS-09217000,2026-03-05 01:00:00+00:00,,,866.0
USGS-09217000,2026-03-05 02:00:00+00:00,,,859.0
USGS-09217000,2026-03-05 03:00:00+00:00,,,848.5
USGS-09217000,2026-03-05 04:00:00+00:00,,,831.0
USGS-09217000,2026-03-05 05:00:00+00:00,,,820.5
USGS-09217000,2026-03-05 06:00:00+00:00,,,810.0
USGS-09217000,2026-03-05 07:00:00+00:00,,,803.0
USGS-09217000,2026-03-05 08:00:00+00:00,,,804.0
USGS-09217000,2026-03-05 09:00:00+00:00,,,797.0
USGS-09217000,2026-03-05 10:00:00+00:00,,,797.0
USGS-09217000,2026-03-05 11:00:00+00:00,,,797.0
USGS-09217000,2026-03-05 12:00:00+00:00,,,791.0
USGS-09217000,2026-03-05 13:00:00+00:00,,,791.0
USGS-09217000,2026-03-05 14:00:00+00:00,,,791.0
USGS-09217000,2026-03-05 15:00:00+00:00,,,791.0
USGS-09217000,2026-03-05 16:00:00+00:00,,,791.0
USGS-09217000,2026-03-05 17:00:00+00:00,,,791.0
USGS-09217000,2026-03-05 18:00:00+00:00,,,791.0
USGS-09217000,2026-03-05 19:00:00+00:00,,,788.0
USGS-09217000,2026-03-05 20:00:00+00:00,,,785.0
USGS-09217000,2026-03-05 21:00:00+00:00,,,781.5
USGS-09217000,2026-03-05 22:00:00+00:00,,,785.0
USGS-09217000,2026-03-05 23:00:00+00:00,,,785.0
USGS-09217000,2026-03-06 00:00:00+00:00,,,785.0
USGS-09217000,2026-03-06 01:00:00+00:00,,,785.0
USGS-09217000,2026-03-06 02:00:00+00:00,,,785.0
USGS-09217000,2026-03-06 03:00:00+00:00,,,792.0
USGS-09217000,2026-03-06 04:00:00+00:00,,,792.0
USGS-09217000,2026-03-06 05:00:00+00:00,,,792.0
USGS-09217000,2026-03-06 06:00:00+00:00,,,792.0
USGS-09217000,2026-03-06 07:00:00+00:00,,,792.0
USGS-09217000,2026-03-06 08:00:00+00:00,,,792.0
USGS-09217000,2026-03-06 09:00:00+00:00,,,793.0
USGS-09217000,2026-03-06 10:00:00+00:00,,,793.0
USGS-09217000,2026-03-06 11:00:00+00:00,,,793.0
USGS-09217000,2026-03-06 12:00:00+00:00,,,786.0
USGS-09217000,2026-03-06 13:00:00+00:00,,,793.0
USGS-09217000,2026-03-06 14:00:00+00:00,,,786.0
USGS-09217000,2026-03-06 15:00:00+00:00,,,787.0
USGS-09217000,2026-03-06 16:00:00+00:00,,,790.0
USGS-09217000,2026-03-06 17:00:00+00:00,,,787.0
USGS-09217000,2026-03-06 18:00:00+00:00,,,787.0
USGS-09217000,2026-03-06 19:00:00+00:00,,,787.0
USGS-09217000,2026-03-06 20:00:00+00:00,,,787.0
USGS-09217000,2026-03-06 21:00:00+00:00,,,781.0
USGS-09217000,2026-03-06 22:00:00+00:00,,,787.0
USGS-09217000,2026-03-06 23:00:00+00:00,,,787.0
USGS-09217000,2026-03-07 00:00:00+00:00,,,787.0
USGS-09217000,2026-03-07 01:00:00+00:00,,,794.0
USGS-09217000,2026-03-07 02:00:00+00:00,,,791.0
USGS-09217000,2026-03-07 03:00:00+00:00,,,794.0
USGS-09217000,2026-03-07 04:00:00+00:00,,,794.0
USGS-09217000,2026-03-07 05:00:00+00:00,,,794.0
USGS-09217000,2026-03-07 06:00:00+00:00,,,797.5
USGS-09217000,2026-03-07 07:00:00+00:00,,,804.5
USGS-09217000,2026-03-07 08:00:00+00:00,,,808.0
USGS-09217000,2026-03-07 09:00:00+00:00,,,808.0
USGS-09217000,2026-03-07 10:00:00+00:00,,,815.0
USGS-09217000,2026-03-07 11:00:00+00:00,,,815.0
USGS-09217000,2026-03-07 12:00:00+00:00,,,816.0
USGS-09217000,2026-03-07 13:00:00+00:00,,,819.5
USGS-09217000,2026-03-07 14:00:00+00:00,,,819.5
USGS-09217000,2026-03-07 15:00:00+00:00,,,823.0
USGS-09217000,2026-03-07 16:00:00+00:00,,,823.0
USGS-09217000,2026-03-07 17:00:00+00:00,,,830.0
USGS-09217000,2026-03-07 18:00:00+00:00,,,837.0
USGS-09217000,2026-03-07 19:00:00+00:00,,,837.0
USGS-09217000,2026-03-07 20:00:00+00:00,,,837.0
USGS-09217000,2026-03-07 21:00:00+00:00,,,830.0
USGS-09217000,2026-03-07 22:00:00+00:00,,,830.5
USGS-09217000,2026-03-07 23:00:00+00:00,,,824.0
USGS-09217000,2026-03-08 00:00:00+00:00,,,817.0
USGS-09217000,2026-03-08 01:00:00+00:00,,,810.0
USGS-09217000,2026-03-08 02:00:00+00:00,,,803.0
USGS-09217000,2026-03-08 03:00:00+00:00,,,803.0
USGS-09217000,2026-03-08 04:00:00+00:00,,,796.0
USGS-09217000,2026-03-08 05:00:00+00:00,,,797.0
USGS-09217000,2026-03-08 06:00:00+00:00,,,803.0
USGS-09217000,2026-03-08 07:00:00+00:00,,,803.0
USGS-09217000,2026-03-08 08:00:00+00:00,,,797.0
USGS-09217000,2026-03-08 09:00:00+00:00,,,797.0
USGS-09217000,2026-03-08 10:00:00+00:00,,,800.5
USGS-09217000,2026-03-08 11:00:00+00:00,,,797.0
USGS-09217000,2026-03-08 12:00:00+00:00,,,800.5
USGS-09217000,2026-03-08 13:00:00+00:00,,,800.5
USGS-09217000,2026-03-08 14:00:00+00:00,,,804.0
USGS-09217000,2026-03-08 15:00:00+00:00,,,804.0
USGS-09217000,2026-03-08 16:00:00+00:00,,,807.5
USGS-09217000,2026-03-08 17:00:00+00:00,,,818.0
USGS-09217000,2026-03-08 18:00:00+00:00,,,811.5
USGS-09217000,2026-03-08 19:00:00+00:00,,,812.0
USGS-09217000,2026-03-08 20:00:00+00:00,,,812.0
USGS-09217000,2026-03-08 21:00:00+00:00,,,805.0
USGS-09217000,2026-03-08 22:00:00+00:00,,,805.0
USGS-09217000,2026-03-08 23:00:00+00:00,,,805.0
USGS-09217000,2026-03-09 00:00:00+00:00,,,805.0
USGS-09217000,2026-03-09 01:00:00+00:00,,,805.0
USGS-09217000,2026-03-09 02:00:00+00:00,,,801.5
USGS-09217000,2026-03-09 03:00:00+00:00,,,805.0
USGS-09217000,2026-03-09 04:00:00+00:00,,,805.0
USGS-09217000,2026-03-09 05:00:00+00:00,,,799.0
USGS-09217000,2026-03-09 06:00:00+00:00,,,799.0
USGS-09217000,2026-03-09 07:00:00+00:00,,,799.0
USGS-09217000,2026-03-09 08:00:00+00:00,,,792.0
USGS-09217000,2026-03-09 09:00:00+00:00,,,799.0
USGS-09217000,2026-03-09 10:00:00+00:00,,,799.0
USGS-09217000,2026-03-09 11:00:00+00:00,,,799.0
USGS-09217000,2026-03-09 12:00:00+00:00,,,799.0
USGS-09217000,2026-03-09 13:00:00+00:00,,,799.0
USGS-09217000,2026-03-09 14:00:00+00:00,,,793.0
USGS-09217000,2026-03-09 15:00:00+00:00,,,796.5
USGS-09217000,2026-03-09 16:00:00+00:00,,,800.0
USGS-09217000,2026-03-09 17:00:00+00:00,,,807.0
USGS-09217000,2026-03-09 18:00:00+00:00,,,807.0
USGS-09217000,2026-03-09 19:00:00+00:00,,,800.0
USGS-09217000,2026-03-09 20:00:00+00:00,,,800.0
USGS-09217000,2026-03-09 21:00:00+00:00,,,800.0
USGS-09217000,2026-03-09 22:00:00+00:00,,,803.5
USGS-09217000,2026-03-09 23:00:00+00:00,,,800.0
USGS-09217000,2026-03-10 00:00:00+00:00,,,800.0
USGS-09217000,2026-03-10 01:00:00+00:00,,,801.0
USGS-09217000,2026-03-10 02:00:00+00:00,,,794.0
USGS-09217000,2026-03-10 03:00:00+00:00,,,794.0
USGS-09217000,2026-03-10 04:00:00+00:00,,,788.0
USGS-09217000,2026-03-10 05:00:00+00:00,,,791.0
USGS-09217000,2026-03-10 06:00:00+00:00,,,791.0
USGS-09217000,2026-03-10 07:00:00+00:00,,,791.0
USGS-09217000,2026-03-10 08:00:00+00:00,,,788.0
USGS-09217000,2026-03-10 09:00:00+00:00,,,788.0
USGS-09217000,2026-03-10 10:00:00+00:00,,,788.0
USGS-09217000,2026-03-10 11:00:00+00:00,,,788.0
USGS-09217000,2026-03-10 12:00:00+00:00,,,791.5
USGS-09217000,2026-03-10 13:00:00+00:00,,,789.0
USGS-09217000,2026-03-10 14:00:00+00:00,,,789.0
USGS-09217000,2026-03-10 15:00:00+00:00,,,789.0
USGS-09217000,2026-03-10 16:00:00+00:00,,,789.0
USGS-09217000,2026-03-10 17:00:00+00:00,,,789.0
USGS-09217000,2026-03-10 18:00:00+00:00,,,789.0
USGS-09217000,2026-03-10 19:00:00+00:00,,,783.0
USGS-09217000,2026-03-10 20:00:00+00:00,,,783.0
USGS-09217000,2026-03-10 21:00:00+00:00,,,783.0
USGS-09217000,2026-03-10 22:00:00+00:00,,,783.0
USGS-09217000,2026-03-10 23:00:00+00:00,,,783.0
USGS-09217000,2026-03-11 00:00:00+00:00,,,783.0
USGS-09217000,2026-03-11 01:00:00+00:00,,,783.0
USGS-09217000,2026-03-11 02:00:00+00:00,,,790.0
USGS-09217000,2026-03-11 03:00:00+00:00,,,790.0
USGS-09217000,2026-03-11 04:00:00+00:00,,,790.0
USGS-09217000,2026-03-11 05:00:00+00:00,,,787.0
USGS-09217000,2026-03-11 06:00:00+00:00,,,784.0
USGS-09217000,2026-03-11 07:00:00+00:00,,,780.5
USGS-09217000,2026-03-11 08:00:00+00:00,,,780.5
USGS-09217000,2026-03-11 09:00:00+00:00,,,777.0
USGS-09217000,2026-03-11 10:00:00+00:00,,,784.0
USGS-09217000,2026-03-11 11:00:00+00:00,,,778.0
USGS-09217000,2026-03-11 12:00:00+00:00,,,778.0
USGS-09217000,2026-03-11 13:00:00+00:00,,,778.0
USGS-09217000,2026-03-11 14:00:00+00:00,,,778.0
USGS-09217000,2026-03-11 15:00:00+00:00,,,778.0
USGS-09217000,2026-03-11 16:00:00+00:00,,,771.0
USGS-09217000,2026-03-11 17:00:00+00:00,,,768.5
USGS-09217000,2026-03-11 18:00:00+00:00,,,772.0
USGS-09217000,2026-03-11 19:00:00+00:00,,,772.0
USGS-09217000,2026-03-11 20:00:00+00:00,,,775.0
USGS-09217000,2026-03-11 21:00:00+00:00,,,775.0
USGS-09217000,2026-03-11 22:00:00+00:00,,,775.5
USGS-09217000,2026-03-11 23:00:00+00:00,,,779.0
USGS-09217000,2026-03-12 00:00:00+00:00,,,779.0
USGS-09217000,2026-03-12 01:00:00+00:00,,,779.0
USGS-09217000,2026-03-12 02:00:00+00:00,,,779.0
USGS-09217000,2026-03-12 03:00:00+00:00,,,779.0
USGS-09217000,2026-03-12 04:00:00+00:00,,,779.0
USGS-09217000,2026-03-12 05:00:00+00:00,,,779.0
USGS-09217000,2026-03-12 06:00:00+00:00,,,776.0
USGS-09217000,2026-03-12 07:00:00+00:00,,,779.0
USGS-09217000,2026-03-12 08:00:00+00:00,,,782.5
USGS-09217000,2026-03-12 09:00:00+00:00,,,786.0
USGS-09217000,2026-03-12 10:00:00+00:00,,,786.0
USGS-09217000,2026-03-12 11:00:00+00:00,,,786.0
USGS-09217000,2026-03-12 12:00:00+00:00,,,786.0
USGS-09217000,2026-03-12 13:00:00+00:00,,,783.0
USGS-09217000,2026-03-12 14:00:00+00:00,,,786.0
USGS-09217000,2026-03-12 15:00:00+00:00,,,787.0
USGS-09217000,2026-03-12 16:00:00+00:00,,,787.0
USGS-09217000,2026-03-12 17:00:00+00:00,,,783.5
USGS-09217000,2026-03-12 18:00:00+00:00,,,787.0
USGS-09217000,2026-03-12 19:00:00+00:00,,,787.0
USGS-09217000,2026-03-12 20:00:00+00:00,,,780.5
USGS-09217000,2026-03-12 21:00:00+00:00,,,787.0
USGS-09217000,2026-03-12 22:00:00+00:00,,,781.0
USGS-09217000,2026-03-12 23:00:00+00:00,,,784.0
USGS-09217000,2026-03-13 00:00:00+00:00,,,784.0
USGS-09217000,2026-03-13 01:00:00+00:00,,,777.5
USGS-09217000,2026-03-13 02:00:00+00:00,,,774.5
USGS-09217000,2026-03-13 03:00:00+00:00,,,771.5
USGS-09217000,2026-03-13 04:00:00+00:00,,,775.0
USGS-09217000,2026-03-13 05:00:00+00:00,,,775.0
USGS-09217000,2026-03-13 06:00:00+00:00,,,781.0
USGS-09217000,2026-03-13 07:00:00+00:00,,,781.0
USGS-09217000,2026-03-13 08:00:00+00:00,,,775.0
USGS-09217000,2026-03-13 09:00:00+00:00,,,775.0
USGS-09217000,2026-03-13 10:00:00+00:00,,,782.0
USGS-09217000,2026-03-13 11:00:00+00:00,,,782.0
USGS-09217000,2026-03-13 12:00:00+00:00,,,788.0
USGS-09217000,2026-03-13 13:00:00+00:00,,,789.0
USGS-09217000,2026-03-13 14:00:00+00:00,,,789.0
USGS-09217000,2026-03-13 15:00:00+00:00,,,792.0
USGS-09217000,2026-03-13 16:00:00+00:00,,,789.0
USGS-09217000,2026-03-13 17:00:00+00:00,,,789.0
USGS-09217000,2026-03-13 18:00:00+00:00,,,785.5
USGS-09217000,2026-03-13 19:00:00+00:00,,,783.0
USGS-09217000,2026-03-13 20:00:00+00:00,,,779.5
USGS-09217000,2026-03-13 21:00:00+00:00,,,783.0
USGS-09217000,2026-03-13 22:00:00+00:00,,,783.0
USGS-09217000,2026-03-13 23:00:00+00:00,,,789.0
USGS-09217000,2026-03-14 00:00:00+00:00,,,790.0
USGS-09217000,2026-03-14 01:00:00+00:00,,,790.0
USGS-09217000,2026-03-14 02:00:00+00:00,,,790.0
USGS-09217000,2026-03-14 03:00:00+00:00,,,790.0
USGS-09217000,2026-03-14 04:00:00+00:00,,,790.0
USGS-09217000,2026-03-14 05:00:00+00:00,,,790.0
USGS-09217000,2026-03-14 06:00:00+00:00,,,787.0
USGS-09217000,2026-03-14 07:00:00+00:00,,,787.0
USGS-09217000,2026-03-14 08:00:00+00:00,,,784.0
USGS-09217000,2026-03-14 09:00:00+00:00,,,790.0
USGS-09217000,2026-03-14 10:00:00+00:00,,,790.0
USGS-09217000,2026-03-14 11:00:00+00:00,,,791.0
USGS-09217000,2026-03-14 12:00:00+00:00,,,791.0
USGS-09217000,2026-03-14 13:00:00+00:00,,,784.0
USGS-09217000,2026-03-14 14:00:00+00:00,,,784.0
USGS-09217000,2026-03-14 15:00:00+00:00,,,784.0
USGS-09217000,2026-03-14 16:00:00+00:00,,,778.0
USGS-09217000,2026-03-14 17:00:00+00:00,,,785.0
USGS-09217000,2026-03-14 18:00:00+00:00,,,791.0
USGS-09217000,2026-03-14 19:00:00+00:00,,,791.0
USGS-09217000,2026-03-14 20:00:00+00:00,,,794.5
USGS-09217000,2026-03-14 21:00:00+00:00,,,791.0
USGS-09217000,2026-03-14 22:00:00+00:00,,,785.0
USGS-09217000,2026-03-14 23:00:00+00:00,,,795.0
USGS-09217000,2026-03-15 00:00:00+00:00,,,785.0
USGS-09217000,2026-03-15 01:00:00+00:00,,,788.5
USGS-09217000,2026-03-15 02:00:00+00:00,,,792.0
USGS-09217000,2026-03-15 03:00:00+00:00,,,792.0
USGS-09217000,2026-03-15 04:00:00+00:00,,,795.5
USGS-09217000,2026-03-15 05:00:00+00:00,,,792.0
USGS-09217000,2026-03-15 06:00:00+00:00,,,792.0
USGS-09217000,2026-03-15 07:00:00+00:00,,,792.0
USGS-09217000,2026-03-15 08:00:00+00:00,,,789.0
USGS-09217000,2026-03-15 09:00:00+00:00,,,786.0
USGS-09217000,2026-03-15 10:00:00+00:00,,,786.0
USGS-09217000,2026-03-15 11:00:00+00:00,,,786.0
USGS-09217000,2026-03-15 12:00:00+00:00,,,793.0
USGS-09217000,2026-03-15 13:00:00+00:00,,,799.0
USGS-09217000,2026-03-15 14:00:00+00:00,,,800.0
USGS-09217000,2026-03-15 15:00:00+00:00,,,800.0
USGS-09217000,2026-03-15 16:00:00+00:00,,,800.0
USGS-09217000,2026-03-15 17:00:00+00:00,,,800.0
USGS-09217000,2026-03-15 18:00:00+00:00,,,787.0
USGS-09217000,2026-03-15 19:00:00+00:00,,,787.0
USGS-09217000,2026-03-15 20:00:00+00:00,,,787.0
USGS-09217000,2026-03-15 21:00:00+00:00,,,787.0
USGS-09217000,2026-03-15 22:00:00+00:00,,,787.0
USGS-09217000,2026-03-15 23:00:00+00:00,,,787.0
USGS-09217000,2026-03-16 00:00:00+00:00,,,787.0
USGS-09217000,2026-03-16 01:00:00+00:00,,,784.0
USGS-09217000,2026-03-16 02:00:00+00:00,,,788.0
USGS-09217000,2026-03-16 03:00:00+00:00,,,788.0
USGS-09217000,2026-03-16 04:00:00+00:00,,,788.0
USGS-09217000,2026-03-16 05:00:00+00:00,,,788.0
USGS-09217000,2026-03-16 06:00:00+00:00,,,788.0
USGS-09217000,2026-03-16 07:00:00+00:00,,,788.0
USGS-09217000,2026-03-16 08:00:00+00:00,,,788.0
USGS-09217000,2026-03-16 09:00:00+00:00,,,788.0
USGS-09217000,2026-03-16 10:00:00+00:00,,,795.0
USGS-09217000,2026-03-16 11:00:00+00:00,,,795.0
USGS-09217000,2026-03-16 12:00:00+00:00,,,795.0
USGS-09217000,2026-03-16 13:00:00+00:00,,,795.0
USGS-09217000,2026-03-16 14:00:00+00:00,,,795.0
USGS-09217000,2026-03-16 15:00:00+00:00,,,795.5
USGS-09217000,2026-03-16 16:00:00+00:00,,,795.0
USGS-09217000,2026-03-16 17:00:00+00:00,,,795.0
USGS-09217000,2026-03-16 18:00:00+00:00,,,795.5
USGS-09217000,2026-03-16 19:00:00+00:00,,,799.0
USGS-09217000,2026-03-16 20:00:00+00:00,,,802.0
USGS-09217000,2026-03-16 21:00:00+00:00,,,796.0
USGS-09217000,2026-03-16 22:00:00+00:00,,,796.0
USGS-09217000,2026-03-16 23:00:00+00:00,,,796.0
USGS-09217000,2026-03-17 00:00:00+00:00,,,796.0
USGS-09217000,2026-03-17 01:00:00+00:00,,,796.0
USGS-09217000,2026-03-17 02:00:00+00:00,,,793.0
USGS-09217000,2026-03-17 03:00:00+00:00,,,796.0
USGS-09217000,2026-03-17 04:00:00+00:00,,,796.0
USGS-09217000,2026-03-17 05:00:00+00:00,,,796.5
USGS-09217000,2026-03-17 06:00:00+00:00,,,797.0
USGS-09217000,2026-03-17 07:00:00+00:00,,,797.0
USGS-09217000,2026-03-17 08:00:00+00:00,,,797.0
USGS-09217000,2026-03-17 09:00:00+00:00,,,797.0
USGS-09217000,2026-03-17 10:00:00+00:00,,,797.0
USGS-09217000,2026-03-17 11:00:00+00:00,,,797.0
USGS-09217000,2026-03-17 12:00:00+00:00,,,797.0
USGS-09217000,2026-03-17 13:00:00+00:00,,,797.0
USGS-09217000,2026-03-17 14:00:00+00:00,,,797.0
USGS-09217000,2026-03-17 15:00:00+00:00,,,800.5
USGS-09217000,2026-03-17 16:00:00+00:00,,,804.0
USGS-09217000,2026-03-17 17:00:00+00:00,,,804.0
USGS-09217000,2026-03-17 18:00:00+00:00,,,804.5
USGS-09217000,2026-03-17 19:00:00+00:00,,,805.0
USGS-09217000,2026-03-17 20:00:00+00:00,,,805.0
USGS-09217000,2026-03-17 21:00:00+00:00,,,805.0
USGS-09217000,2026-03-17 22:00:00+00:00,,,801.5
USGS-09217000,2026-03-17 23:00:00+00:00,,,798.0
USGS-09217000,2026-03-18 00:00:00+00:00,,,805.0
USGS-09217000,2026-03-18 01:00:00+00:00,,,798.0
USGS-09217000,2026-03-18 02:00:00+00:00,,,798.0
USGS-09217000,2026-03-18 03:00:00+00:00,,,792.0
USGS-09217000,2026-03-18 04:00:00+00:00,,,799.0
USGS-09217000,2026-03-18 05:00:00+00:00,,,799.0
USGS-09217000,2026-03-18 06:00:00+00:00,,,806.0
USGS-09217000,2026-03-18 07:00:00+00:00,,,799.0
USGS-09217000,2026-03-18 08:00:00+00:00,,,799.0
USGS-09217000,2026-03-18 09:00:00+00:00,,,799.0
USGS-09217000,2026-03-18 10:00:00+00:00,,,806.0
USGS-09217000,2026-03-18 11:00:00+00:00,,,806.0
USGS-09217000,2026-03-18 12:00:00+00:00,,,806.0
USGS-09217000,2026-03-18 13:00:00+00:00,,,806.0
USGS-09217000,2026-03-18 14:00:00+00:00,,,799.5
USGS-09217000,2026-03-18 15:00:00+00:00,,,800.0
USGS-09217000,2026-03-18 16:00:00+00:00,,,800.0
USGS-09217000,2026-03-18 17:00:00+00:00,,,807.0
USGS-09217000,2026-03-18 18:00:00+00:00,,,807.0
USGS-09217000,2026-03-18 19:00:00+00:00,,,800.0
USGS-09217000,2026-03-18 20:00:00+00:00,,,807.0
USGS-09217000,2026-03-18 21:00:00+00:00,,,803.5
USGS-09217000,2026-03-18 22:00:00+00:00,,,800.0
USGS-09217000,2026-03-18 23:00:00+00:00,,,800.0
USGS-09217000,2026-03-19 00:00:00+00:00,,,800.0
USGS-09217000,2026-03-19 01:00:00+00:00,,,807.0
USGS-09217000,2026-03-19 02:00:00+00:00,,,808.0
USGS-09217000,2026-03-19 03:00:00+00:00,,,811.5
USGS-09217000,2026-03-19 04:00:00+00:00,,,811.5
USGS-09217000,2026-03-19 05:00:00+00:00,,,815.0
USGS-09217000,2026-03-19 06:00:00+00:00,,,815.0
USGS-09217000,2026-03-19 07:00:00+00:00,,,815.0
USGS-09217000,2026-03-19 08:00:00+00:00,,,808.0
USGS-09217000,2026-03-19 09:00:00+00:00,,,808.0
USGS-09217000,2026-03-19 10:00:00+00:00,,,804.5
USGS-09217000,2026-03-19 11:00:00+00:00,,,805.0
USGS-09217000,2026-03-19 12:00:00+00:00,,,802.0
USGS-09217000,2026-03-19 13:00:00+00:00,,,802.0
USGS-09217000,2026-03-19 14:00:00+00:00,,,802.0
USGS-09217000,2026-03-19 15:00:00+00:00,,,809.0
USGS-09217000,2026-03-19 16:00:00+00:00,,,809.0
USGS-09217000,2026-03-19 17:00:00+00:00,,,812.5
USGS-09217000,2026-03-19 18:00:00+00:00,,,809.0
USGS-09217000,2026-03-19 19:00:00+00:00,,,805.5
USGS-09217000,2026-03-19 20:00:00+00:00,,,809.0
USGS-09217000,2026-03-19 21:00:00+00:00,,,802.0
USGS-09217000,2026-03-19 22:00:00+00:00,,,803.0
USGS-09217000,2026-03-19 23:00:00+00:00,,,803.0
USGS-09217000,2026-03-20 00:00:00+00:00,,,803.0
USGS-09217000,2026-03-20 01:00:00+00:00,,,803.0
USGS-09217000,2026-03-20 02:00:00+00:00,,,803.0
USGS-09217000,2026-03-20 03:00:00+00:00,,,803.0
USGS-09217000,2026-03-20 04:00:00+00:00,,,803.0
USGS-09217000,2026-03-20 05:00:00+00:00,,,806.5
USGS-09217000,2026-03-20 06:00:00+00:00,,,810.0
USGS-09217000,2026-03-20 07:00:00+00:00,,,803.0
USGS-09217000,2026-03-20 08:00:00+00:00,,,797.0
USGS-09217000,2026-03-20 09:00:00+00:00,,,797.0
USGS-09217000,2026-03-20 10:00:00+00:00,,,793.5
USGS-09217000,2026-03-20 11:00:00+00:00,,,794.0
USGS-09217000,2026-03-20 12:00:00+00:00,,,797.0
USGS-09217000,2026-03-20 13:00:00+00:00,,,797.0
USGS-09217000,2026-03-20 14:00:00+00:00,,,797.0
USGS-09217000,2026-03-20 15:00:00+00:00,,,800.5
USGS-09217000,2026-03-20 16:00:00+00:00,,,801.0
USGS-09217000,2026-03-20 17:00:00+00:00,,,804.0
USGS-09217000,2026-03-20 18:00:00+00:00,,,804.0
USGS-09217000,2026-03-20 19:00:00+00:00,,,798.0
USGS-09217000,2026-03-20 20:00:00+00:00,,,798.0
USGS-09217000,2026-03-20 21:00:00+00:00,,,798.0
USGS-09217000,2026-03-20 22:00:00+00:00,,,798.0
USGS-09217000,2026-03-20 23:00:00+00:00,,,798.0
USGS-09217000,2026-03-21 00:00:00+00:00,,,798.0
USGS-09217000,2026-03-21 01:00:00+00:00,,,798.0
USGS-09217000,2026-03-21 02:00:00+00:00,,,798.0
USGS-09217000,2026-03-21 03:00:00+00:00,,,798.0
USGS-09217000,2026-03-21 04:00:00+00:00,,,799.0
USGS-09217000,2026-03-21 05:00:00+00:00,,,799.0
USGS-09217000,2026-03-21 06:00:00+00:00,,,799.0
USGS-09217000,2026-03-21 07:00:00+00:00,,,799.0
USGS-09217000,2026-03-21 08:00:00+00:00,,,799.0
USGS-09217000,2026-03-21 09:00:00+00:00,,,799.0
USGS-09217000,2026-03-21 10:00:00+00:00,,,799.0
USGS-09217000,2026-03-21 11:00:00+00:00,,,799.0
USGS-09217000,2026-03-21 12:00:00+00:00,,,799.0
USGS-09217000,2026-03-21 13:00:00+00:00,,,799.0
USGS-09217000,2026-03-21 14:00:00+00:00,,,799.0
USGS-09217000,2026-03-21 15:00:00+00:00,,,800.0
USGS-09217000,2026-03-21 16:00:00+00:00,,,803.5
USGS-09217000,2026-03-21 17:00:00+00:00,,,800.0
USGS-09217000,2026-03-21 18:00:00+00:00,,,800.0
USGS-09217000,2026-03-21 19:00:00+00:00,,,800.0
USGS-09217000,2026-03-21 20:00:00+00:00,,,800.0
USGS-09217000,2026-03-21 21:00:00+00:00,,,807.0
USGS-09217000,2026-03-21 22:00:00+00:00,,,800.0
USGS-09217000,2026-03-21 23:00:00+00:00,,,800.0
USGS-09217000,2026-03-22 00:00:00+00:00,,,794.0
USGS-09217000,2026-03-22 01:00:00+00:00,,,794.0
USGS-09217000,2026-03-22 02:00:00+00:00,,,794.0
USGS-09217000,2026-03-22 03:00:00+00:00,,,794.0
USGS-09217000,2026-03-22 04:00:00+00:00,,,794.0
USGS-09217000,2026-03-22 05:00:00+00:00,,,794.0
USGS-09217000,2026-03-22 06:00:00+00:00,,,794.0
USGS-09217000,2026-03-22 07:00:00+00:00,,,794.5
USGS-09217000,2026-03-22 08:00:00+00:00,,,801.0
USGS-09217000,2026-03-22 09:00:00+00:00,,,798.0
USGS-09217000,2026-03-22 10:00:00+00:00,,,795.0
USGS-09217000,2026-03-22 11:00:00+00:00,,,795.0
USGS-09217000,2026-03-22 12:00:00+00:00,,,795.0
USGS-09217000,2026-03-22 13:00:00+00:00,,,795.0
USGS-09217000,2026-03-22 14:00:00+00:00,,,795.0
USGS-09217000,2026-03-22 15:00:00+00:00,,,802.0
USGS-09217000,2026-03-22 16:00:00+00:00,,,802.0
USGS-09217000,2026-03-22 17:00:00+00:00,,,805.5
USGS-09217000,2026-03-22 18:00:00+00:00,,,802.0
USGS-09217000,2026-03-22 19:00:00+00:00,,,802.0
USGS-09217000,2026-03-22 20:00:00+00:00,,,802.0
USGS-09217000,2026-03-22 21:00:00+00:00,,,802.0
USGS-09217000,2026-03-22 22:00:00+00:00,,,799.0
USGS-09217000,2026-03-22 23:00:00+00:00,,,796.0
USGS-09217000,2026-03-23 00:00:00+00:00,,,793.0
USGS-09217000,2026-03-23 01:00:00+00:00,,,793.0
USGS-09217000,2026-03-23 02:00:00+00:00,,,790.0
USGS-09217000,2026-03-23 03:00:00+00:00,,,796.0
USGS-09217000,2026-03-23 04:00:00+00:00,,,796.0
USGS-09217000,2026-03-23 05:00:00+00:00,,,796.0
USGS-09217000,2026-03-23 06:00:00+00:00,,,797.0
USGS-09217000,2026-03-23 07:00:00+00:00,,,797.0
USGS-09217000,2026-03-23 08:00:00+00:00,,,797.0
USGS-09217000,2026-03-23 09:00:00+00:00,,,797.0
USGS-09217000,2026-03-23 10:00:00+00:00,,,797.0
USGS-09217000,2026-03-23 11:00:00+00:00,,,797.0
USGS-09217000,2026-03-23 12:00:00+00:00,,,797.0
USGS-09217000,2026-03-23 13:00:00+00:00,,,797.0
USGS-09217000,2026-03-23 14:00:00+00:00,,,804.0
USGS-09217000,2026-03-23 15:00:00+00:00,,,804.0
USGS-09217000,2026-03-23 16:00:00+00:00,,,811.0
USGS-09217000,2026-03-23 17:00:00+00:00,,,811.0
USGS-09217000,2026-03-23 18:00:00+00:00,,,808.0
USGS-09217000,2026-03-23 19:00:00+00:00,,,805.0
USGS-09217000,2026-03-23 20:00:00+00:00,,,805.0
USGS-09217000,2026-03-23 21:00:00+00:00,,,801.5
USGS-09217000,2026-03-23 22:00:00+00:00,,,808.5
USGS-09217000,2026-03-23 23:00:00+00:00,,,805.0
USGS-09217000,2026-03-24 00:00:00+00:00,,,805.0
USGS-09217000,2026-03-24 01:00:00+00:00,,,805.0
USGS-09217000,2026-03-24 02:00:00+00:00,,,805.0
USGS-09217000,2026-03-24 03:00:00+00:00,,,805.0
USGS-09217000,2026-03-24 04:00:00+00:00,,,799.0
USGS-09217000,2026-03-24 05:00:00+00:00,,,792.0
USGS-09217000,2026-03-24 06:00:00+00:00,,,792.0
USGS-09217000,2026-03-24 07:00:00+00:00,,,792.0
USGS-09217000,2026-03-24 08:00:00+00:00,,,792.0
USGS-09217000,2026-03-24 09:00:00+00:00,,,792.5
USGS-09217000,2026-03-24 10:00:00+00:00,,,793.0
USGS-09217000,2026-03-24 11:00:00+00:00,,,799.0
USGS-09217000,2026-03-24 12:00:00+00:00,,,799.0
USGS-09217000,2026-03-24 13:00:00+00:00,,,799.0
USGS-09217000,2026-03-24 14:00:00+00:00,,,799.0
USGS-09217000,2026-03-24 15:00:00+00:00,,,800.0
USGS-09217000,2026-03-24 16:00:00+00:00,,,800.0
USGS-09217000,2026-03-24 17:00:00+00:00,,,800.0
USGS-09217000,2026-03-24 18:00:00+00:00,,,800.0
USGS-09217000,2026-03-24 19:00:00+00:00,,,800.0
USGS-09217000,2026-03-24 20:00:00+00:00,,,800.0
USGS-09217000,2026-03-24 21:00:00+00:00,,,807.0
USGS-09217000,2026-03-24 22:00:00+00:00,,,803.5
USGS-09217000,2026-03-24 23:00:00+00:00,,,807.0
USGS-09217000,2026-03-25 00:00:00+00:00,,,810.5
USGS-09217000,2026-03-25 01:00:00+00:00,,,810.5
USGS-09217000,2026-03-25 02:00:00+00:00,,,808.0
USGS-09217000,2026-03-25 03:00:00+00:00,,,808.0
USGS-09217000,2026-03-25 04:00:00+00:00,,,808.0
USGS-09217000,2026-03-25 05:00:00+00:00,,,808.0
USGS-09217000,2026-03-25 06:00:00+00:00,,,811.5
USGS-09217000,2026-03-25 07:00:00+00:00,,,811.5
USGS-09217000,2026-03-25 08:00:00+00:00,,,811.5
USGS-09217000,2026-03-25 09:00:00+00:00,,,815.0
USGS-09217000,2026-03-25 10:00:00+00:00,,,815.0
USGS-09217000,2026-03-25 11:00:00+00:00,,,815.0
USGS-09217000,2026-03-25 12:00:00+00:00,,,815.5
USGS-09217000,2026-03-25 13:00:00+00:00,,,816.0
USGS-09217000,2026-03-25 14:00:00+00:00,,,823.0
USGS-09217000,2026-03-25 15:00:00+00:00,,,816.0
USGS-09217000,2026-03-25 16:00:00+00:00,,,816.0
USGS-09217000,2026-03-25 17:00:00+00:00,,,816.0
USGS-09217000,2026-03-25 18:00:00+00:00,,,809.0
USGS-09217000,2026-03-25 19:00:00+00:00,,,809.0
USGS-09217000,2026-03-25 20:00:00+00:00,,,805.5
USGS-09217000,2026-03-25 21:00:00+00:00,,,802.0
USGS-09217000,2026-03-25 22:00:00+00:00,,,803.0
USGS-09217000,2026-03-25 23:00:00+00:00,,,799.5
USGS-09217000,2026-03-26 00:00:00+00:00,,,796.0
USGS-09217000,2026-03-26 01:00:00+00:00,,,796.0
USGS-09217000,2026-03-26 02:00:00+00:00,,,803.0
USGS-09217000,2026-03-26 03:00:00+00:00,,,796.0
USGS-09217000,2026-03-26 04:00:00+00:00,,,793.0
USGS-09217000,2026-03-26 05:00:00+00:00,,,796.0
USGS-09217000,2026-03-26 06:00:00+00:00,,,797.0
USGS-09217000,2026-03-26 07:00:00+00:00,,,803.0
USGS-09217000,2026-03-26 08:00:00+00:00,,,803.5
USGS-09217000,2026-03-26 09:00:00+00:00,,,804.0
USGS-09217000,2026-03-26 10:00:00+00:00,,,797.0
USGS-09217000,2026-03-26 11:00:00+00:00,,,800.5
USGS-09217000,2026-03-26 12:00:00+00:00,,,804.0
USGS-09217000,2026-03-26 13:00:00+00:00,,,804.0
USGS-09217000,2026-03-26 14:00:00+00:00,,,807.5
USGS-09217000,2026-03-26 15:00:00+00:00,,,811.0
USGS-09217000,2026-03-26 16:00:00+00:00,,,811.0
USGS-09217000,2026-03-26 17:00:00+00:00,,,811.0
USGS-09217000,2026-03-26 18:00:00+00:00,,,811.0
USGS-09217000,2026-03-26 19:00:00+00:00,,,805.0
USGS-09217000,2026-03-26 20:00:00+00:00,,,805.0
USGS-09217000,2026-03-26 21:00:00+00:00,,,805.0
USGS-09217000,2026-03-26 22:00:00+00:00,,,798.0
USGS-09217000,2026-03-26 23:00:00+00:00,,,798.0
USGS-09217000,2026-03-27 00:00:00+00:00,,,798.0
USGS-09217000,2026-03-27 01:00:00+00:00,,,798.0
USGS-09217000,2026-03-27 02:00:00+00:00,,,798.0
USGS-09217000,2026-03-27 03:00:00+00:00,,,798.0
USGS-09217000,2026-03-27 04:00:00+00:00,,,799.0
USGS-09217000,2026-03-27 05:00:00+00:00,,,799.0
USGS-09217000,2026-03-27 06:00:00+00:00,,,799.0
USGS-09217000,2026-03-27 07:00:00+00:00,,,799.0
USGS-09217000,2026-03-27 08:00:00+00:00,,,799.0
USGS-09217000,2026-03-27 09:00:00+00:00,,,799.0
USGS-09217000,2026-03-27 10:00:00+00:00,,,796.0
USGS-09217000,2026-03-27 11:00:00+00:00,,,799.0
USGS-09217000,2026-03-27 12:00:00+00:00,,,802.5
USGS-09217000,2026-03-27 13:00:00+00:00,,,802.5
USGS-09217000,2026-03-27 14:00:00+00:00,,,806.0
USGS-09217000,2026-03-27 15:00:00+00:00,,,806.0
USGS-09217000,2026-03-27 16:00:00+00:00,,,807.0
USGS-09217000,2026-03-27 17:00:00+00:00,,,807.0
USGS-09217000,2026-03-27 18:00:00+00:00,,,807.0
USGS-09217000,2026-03-27 19:00:00+00:00,,,796.5
USGS-09217000,2026-03-27 20:00:00+00:00,,,793.0
USGS-09217000,2026-03-27 21:00:00+00:00,,,793.0
USGS-09217000,2026-03-27 22:00:00+00:00,,,793.0
USGS-09217000,2026-03-27 23:00:00+00:00,,,793.0
USGS-09217000,2026-03-28 00:00:00+00:00,,,793.0
USGS-09217000,2026-03-28 01:00:00+00:00,,,793.0
USGS-09217000,2026-03-28 02:00:00+00:00,,,796.0
USGS-09217000,2026-03-28 03:00:00+00:00,,,796.0
USGS-09217000,2026-03-28 04:00:00+00:00,,,793.0
USGS-09217000,2026-03-28 05:00:00+00:00,,,792.0
USGS-09217000,2026-03-28 06:00:00+00:00,,,792.0
USGS-09217000,2026-03-28 07:00:00+00:00,,,792.0
USGS-09217000,2026-03-28 08:00:00+00:00,,,792.0
USGS-09217000,2026-03-28 09:00:00+00:00,,,792.0
USGS-09217000,2026-03-28 10:00:00+00:00,,,792.0
USGS-09217000,2026-03-28 11:00:00+00:00,,,792.0
USGS-09217000,2026-03-28 12:00:00+00:00,,,798.0
USGS-09217000,2026-03-28 13:00:00+00:00,,,798.0
USGS-09217000,2026-03-28 14:00:00+00:00,,,798.0
USGS-09217000,2026-03-28 15:00:00+00:00,,,798.0
USGS-09217000,2026-03-28 16:00:00+00:00,,,798.0
USGS-09217000,2026-03-28 17:00:00+00:00,,,798.0
USGS-09217000,2026-03-28 18:00:00+00:00,,,797.0
USGS-09217000,2026-03-28 19:00:00+00:00,,,797.0
USGS-09217000,2026-03-28 20:00:00+00:00,,,797.0
USGS-09217000,2026-03-28 21:00:00+00:00,,,804.0
USGS-09217000,2026-03-28 22:00:00+00:00,,,804.0
USGS-09217000,2026-03-28 23:00:00+00:00,,,797.0
USGS-09217000,2026-03-29 00:00:00+00:00,,,800.0
USGS-09217000,2026-03-29 01:00:00+00:00,,,797.0
USGS-09217000,2026-03-29 02:00:00+00:00,,,796.5
USGS-09217000,2026-03-29 03:00:00+00:00,,,796.0
USGS-09217000,2026-03-29 04:00:00+00:00,,,796.0
USGS-09217000,2026-03-29 05:00:00+00:00,,,803.0
USGS-09217000,2026-03-29 06:00:00+00:00,,,799.5
USGS-09217000,2026-03-29 07:00:00+00:00,,,796.0
USGS-09217000,2026-03-29 08:00:00+00:00,,,796.0
USGS-09217000,2026-03-29 09:00:00+00:00,,,796.0
USGS-09217000,2026-03-29 10:00:00+00:00,,,796.0
USGS-09217000,2026-03-29 11:00:00+00:00,,,795.0
USGS-09217000,2026-03-29 12:00:00+00:00,,,792.0
USGS-09217000,2026-03-29 13:00:00+00:00,,,795.0
USGS-09217000,2026-03-29 14:00:00+00:00,,,802.0
USGS-09217000,2026-03-29 15:00:00+00:00,,,802.0
USGS-09217000,2026-03-29 16:00:00+00:00,,,808.0
USGS-09217000,2026-03-29 17:00:00+00:00,,,804.5
USGS-09217000,2026-03-29 18:00:00+00:00,,,804.5
USGS-09217000,2026-03-29 19:00:00+00:00,,,801.0
USGS-09217000,2026-03-29 20:00:00+00:00,,,804.5
USGS-09217000,2026-03-29 21:00:00+00:00,,,801.0
USGS-09217000,2026-03-29 22:00:00+00:00,,,801.0
USGS-09217000,2026-03-29 23:00:00+00:00,,,794.0
USGS-09217000,2026-03-30 00:00:00+00:00,,,794.0
USGS-09217000,2026-03-30 01:00:00+00:00,,,794.0
USGS-09217000,2026-03-30 02:00:00+00:00,,,794.0
USGS-09217000,2026-03-30 03:00:00+00:00,,,794.0
USGS-09217000,2026-03-30 04:00:00+00:00,,,793.0
USGS-09217000,2026-03-30 05:00:00+00:00,,,793.0
USGS-09217000,2026-03-30 06:00:00+00:00,,,793.0
USGS-09217000,2026-03-30 07:00:00+00:00,,,793.0
USGS-09217000,2026-03-30 08:00:00+00:00,,,793.0
USGS-09217000,2026-03-30 09:00:00+00:00,,,793.0
USGS-09217000,2026-03-30 10:00:00+00:00,,,793.0
USGS-09217000,2026-03-30 11:00:00+00:00,,,793.0
USGS-09217000,2026-03-30 12:00:00+00:00,,,792.0
USGS-09217000,2026-03-30 13:00:00+00:00,,,792.0
USGS-09217000,2026-03-30 14:00:00+00:00,,,792.0
USGS-09217000,2026-03-30 15:00:00+00:00,,,795.5
USGS-09217000,2026-03-30 16:00:00+00:00,,,799.0
USGS-09217000,2026-03-30 17:00:00+00:00,,,798.0
USGS-09217000,2026-03-30 18:00:00+00:00,,,795.0
USGS-09217000,2026-03-30 19:00:00+00:00,,,798.0
USGS-09217000,2026-03-30 20:00:00+00:00,,,795.0
USGS-09217000,2026-03-30 21:00:00+00:00,,,791.0
USGS-09217000,2026-03-30 22:00:00+00:00,,,791.0
USGS-09217000,2026-03-30 23:00:00+00:00,,,791.0
USGS-09217000,2026-03-31 00:00:00+00:00,,,791.0
USGS-09217000,2026-03-31 01:00:00+00:00,,,784.0
USGS-09217000,2026-03-31 02:00:00+00:00,,,791.0
USGS-09217000,2026-03-31 03:00:00+00:00,,,784.0
USGS-09217000,2026-03-31 04:00:00+00:00,,,784.0
USGS-09217000,2026-03-31 05:00:00+00:00,,,784.0
USGS-09217000,2026-03-31 06:00:00+00:00,,,787.0
USGS-09217000,2026-03-31 07:00:00+00:00,,,784.0
USGS-09217000,2026-03-31 08:00:00+00:00,,,787.0
USGS-09217000,2026-03-31 09:00:00+00:00,,,790.0
USGS-09217000,2026-03-31 10:00:00+00:00,,,790.0
USGS-09217000,2026-03-31 11:00:00+00:00,,,790.0
USGS-09217000,2026-03-31 12:00:00+00:00,,,793.0
USGS-09217000,2026-03-31 13:00:00+00:00,,,796.0
USGS-09217000,2026-03-31 14:00:00+00:00,,,796.0
USGS-09217000,2026-03-31 15:00:00+00:00,,,796.0
USGS-09217000,2026-03-31 16:00:00+00:00,,,796.0
USGS-09217000,2026-03-31 17:00:00+00:00,,,796.0
USGS-09217000,2026-03-31 18:00:00+00:00,,,789.0
USGS-09217000,2026-03-31 19:00:00+00:00,,,789.0
USGS-09217000,2026-03-31 20:00:00+00:00,,,789.0
USGS-09217000,2026-03-31 21:00:00+00:00,,,792.0
USGS-09217000,2026-03-31 22:00:00+00:00,,,792.0
USGS-09217000,2026-03-31 23:00:00+00:00,,,791.5
USGS-09217000,2026-04-01 00:00:00+00:00,,,791.5
USGS-09217000,2026-04-01 01:00:00+00:00,,,791.5
USGS-09217000,2026-04-01 02:00:00+00:00,,,788.0
USGS-09217000,2026-04-01 03:00:00+00:00,,,788.0
USGS-09217000,2026-04-01 04:00:00+00:00,,,794.0
USGS-09217000,2026-04-01 05:00:00+00:00,,,794.0
USGS-09217000,2026-04-01 06:00:00+00:00,,,794.0
USGS-09217000,2026-04-01 07:00:00+00:00,,521.0,800.0
USGS-09217000,2026-04-01 08:00:00+00:00,,520.5,800.0
USGS-09217000,2026-04-01 09:00:00+00:00,,520.0,800.0
USGS-09217000,2026-04-01 10:00:00+00:00,,521.0,800.0
USGS-09217000,2026-04-01 11:00:00+00:00,,521.0,800.0
USGS-09217000,2026-04-01 12:00:00+00:00,,521.0,807.0
USGS-09217000,2026-04-01 13:00:00+00:00,,521.5,807.0
USGS-09217000,2026-04-01 14:00:00+00:00,,522.0,814.0
USGS-09217000,2026-04-01 15:00:00+00:00,,521.0,813.0
USGS-09217000,2026-04-01 16:00:00+00:00,,521.0,820.0
USGS-09217000,2026-04-01 17:00:00+00:00,,520.0,827.0
USGS-09217000,2026-04-01 18:00:00+00:00,,518.5,834.0
USGS-09217000,2026-04-01 19:00:00+00:00,,518.0,834.0
USGS-09217000,2026-04-01 20:00:00+00:00,,518.0,834.0
USGS-09217000,2026-04-01 21:00:00+00:00,,517.5,827.0
USGS-09217000,2026-04-01 22:00:00+00:00,,518.0,826.5
USGS-09217000,2026-04-01 23:00:00+00:00,,518.0,819.0
USGS-09217000,2026-04-02 00:00:00+00:00,,518.0,819.0
USGS-09217000,2026-04-02 01:00:00+00:00,,518.5,822.5
USGS-09217000,2026-04-02 02:00:00+00:00,,518.5,826.0
USGS-09217000,2026-04-02 03:00:00+00:00,,519.0,819.0
USGS-09217000,2026-04-02 04:00:00+00:00,,519.0,815.5
USGS-09217000,2026-04-02 05:00:00+00:00,,519.0,812.0
USGS-09217000,2026-04-02 06:00:00+00:00,,519.0,812.0
USGS-09217000,2026-04-02 07:00:00+00:00,,519.0,811.0
USGS-09217000,2026-04-02 08:00:00+00:00,,519.0,811.0
USGS-09217000,2026-04-02 09:00:00+00:00,,520.0,811.0
USGS-09217000,2026-04-02 10:00:00+00:00,,520.0,818.0
USGS-09217000,2026-04-02 11:00:00+00:00,,519.0,835.5
USGS-09217000,2026-04-02 12:00:00+00:00,,516.5,839.0
USGS-09217000,2026-04-02 13:00:00+00:00,,513.5,835.5
USGS-09217000,2026-04-02 14:00:00+00:00,,517.5,831.5
USGS-09217000,2026-04-02 15:00:00+00:00,,518.0,831.0
USGS-09217000,2026-04-02 16:00:00+00:00,,517.0,831.0
USGS-09217000,2026-04-02 17:00:00+00:00,,516.0,827.5
USGS-09217000,2026-04-02 18:00:00+00:00,,515.0,831.0
USGS-09217000,2026-04-02 19:00:00+00:00,,514.0,838.0
USGS-09217000,2026-04-02 20:00:00+00:00,,514.0,838.0
USGS-09217000,2026-04-02 21:00:00+00:00,,515.0,831.0
USGS-09217000,2026-04-02 22:00:00+00:00,,516.5,834.0
USGS-09217000,2026-04-02 23:00:00+00:00,,517.0,830.0
USGS-09217000,2026-04-03 00:00:00+00:00,,518.0,830.0
USGS-09217000,2026-04-03 01:00:00+00:00,,518.0,830.0
USGS-09217000,2026-04-03 02:00:00+00:00,,519.0,830.0
USGS-09217000,2026-04-03 03:00:00+00:00,,519.0,830.0
USGS-09217000,2026-04-03 04:00:00+00:00,,520.0,830.0
USGS-09217000,2026-04-03 05:00:00+00:00,,520.0,837.0
USGS-09217000,2026-04-03 06:00:00+00:00,,521.0,836.0
USGS-09217000,2026-04-03 07:00:00+00:00,,521.0,836.0
USGS-09217000,2026-04-03 08:00:00+00:00,,522.0,839.5
USGS-09217000,2026-04-03 09:00:00+00:00,,522.0,836.0
USGS-09217000,2026-04-03 10:00:00+00:00,,522.0,836.0
USGS-09217000,2026-04-03 11:00:00+00:00,,523.0,829.0
USGS-09217000,2026-04-03 12:00:00+00:00,,523.0,829.0
USGS-09217000,2026-04-03 13:00:00+00:00,,523.5,829.0
USGS-09217000,2026-04-03 14:00:00+00:00,,524.0,828.0
USGS-09217000,2026-04-03 15:00:00+00:00,,523.5,831.5
USGS-09217000,2026-04-03 16:00:00+00:00,,523.0,828.0
USGS-09217000,2026-04-03 17:00:00+00:00,,522.0,824.5
USGS-09217000,2026-04-03 18:00:00+00:00,,522.0,821.0
USGS-09217000,2026-04-03 19:00:00+00:00,,522.0,817.5
USGS-09217000,2026-04-03 20:00:00+00:00,,522.0,814.0
USGS-09217000,2026-04-03 21:00:00+00:00,,523.0,803.5
USGS-09217000,2026-04-03 22:00:00+00:00,,523.0,800.0
USGS-09217000,2026-04-03 23:00:00+00:00,,523.0,799.0
USGS-09217000,2026-04-04 00:00:00+00:00,,525.0,793.0
USGS-09217000,2026-04-04 01:00:00+00:00,,524.5,802.5
USGS-09217000,2026-04-04 02:00:00+00:00,,525.5,806.0
USGS-09217000,2026-04-04 03:00:00+00:00,,526.0,806.0
USGS-09217000,2026-04-04 04:00:00+00:00,,526.0,809.5
USGS-09217000,2026-04-04 05:00:00+00:00,,526.0,806.0
USGS-09217000,2026-04-04 06:00:00+00:00,,526.0,805.5
USGS-09217000,2026-04-04 07:00:00+00:00,,526.0,798.0
USGS-09217000,2026-04-04 08:00:00+00:00,,526.5,798.0
USGS-09217000,2026-04-04 09:00:00+00:00,,526.0,801.5
USGS-09217000,2026-04-04 10:00:00+00:00,,527.0,805.0
USGS-09217000,2026-04-04 11:00:00+00:00,,527.0,812.0
USGS-09217000,2026-04-04 12:00:00+00:00,,527.0,812.0
USGS-09217000,2026-04-04 13:00:00+00:00,,528.0,812.0
USGS-09217000,2026-04-04 14:00:00+00:00,,528.0,811.0
USGS-09217000,2026-04-04 15:00:00+00:00,,528.0,811.0
USGS-09217000,2026-04-04 16:00:00+00:00,,528.0,811.0
USGS-09217000,2026-04-04 17:00:00+00:00,,528.0,811.0
USGS-09217000,2026-04-04 18:00:00+00:00,,528.0,807.5
USGS-09217000,2026-04-04 19:00:00+00:00,,529.0,807.5
USGS-09217000,2026-04-04 20:00:00+00:00,,530.0,811.0
USGS-09217000,2026-04-04 21:00:00+00:00,,530.0,811.0
USGS-09217000,2026-04-04 22:00:00+00:00,,530.5,806.5
USGS-09217000,2026-04-04 23:00:00+00:00,,531.0,806.5
USGS-09217000,2026-04-05 00:00:00+00:00,,532.0,803.0
USGS-09217000,2026-04-05 01:00:00+00:00,,533.0,803.0
USGS-09217000,2026-04-05 02:00:00+00:00,,533.0,810.0
USGS-09217000,2026-04-05 03:00:00+00:00,,533.0,810.0
USGS-09217000,2026-04-05 04:00:00+00:00,,533.0,810.0
USGS-09217000,2026-04-05 05:00:00+00:00,,532.0,806.0
USGS-09217000,2026-04-05 06:00:00+00:00,,531.0,809.0
USGS-09217000,2026-04-05 07:00:00+00:00,,531.0,809.0
USGS-09217000,2026-04-05 08:00:00+00:00,,530.0,809.0
USGS-09217000,2026-04-05 09:00:00+00:00,,530.0,809.0
USGS-09217000,2026-04-05 10:00:00+00:00,,530.0,809.0
USGS-09217000,2026-04-05 11:00:00+00:00,,531.0,809.0
USGS-09217000,2026-04-05 12:00:00+00:00,,531.0,809.0
USGS-09217000,2026-04-05 13:00:00+00:00,,530.5,802.0
USGS-09217000,2026-04-05 14:00:00+00:00,,531.0,801.0
USGS-09217000,2026-04-05 15:00:00+00:00,,531.0,808.0
USGS-09217000,2026-04-05 16:00:00+00:00,,530.0,808.0
USGS-09217000,2026-04-05 17:00:00+00:00,,529.0,815.0
USGS-09217000,2026-04-05 18:00:00+00:00,,528.0,815.0
USGS-09217000,2026-04-05 19:00:00+00:00,,526.0,815.0
USGS-09217000,2026-04-05 20:00:00+00:00,,525.0,808.0
USGS-09217000,2026-04-05 21:00:00+00:00,,524.0,811.0
USGS-09217000,2026-04-05 22:00:00+00:00,,524.0,810.5
USGS-09217000,2026-04-05 23:00:00+00:00,,524.0,810.5
USGS-09217000,2026-04-06 00:00:00+00:00,,523.5,814.0
USGS-09217000,2026-04-06 01:00:00+00:00,,524.0,814.0
USGS-09217000,2026-04-06 02:00:00+00:00,,524.0,810.5
USGS-09217000,2026-04-06 03:00:00+00:00,,525.0,807.0
USGS-09217000,2026-04-06 04:00:00+00:00,,526.0,807.0
USGS-09217000,2026-04-06 05:00:00+00:00,,526.0,806.5
USGS-09217000,2026-04-06 06:00:00+00:00,,527.0,809.5
USGS-09217000,2026-04-06 07:00:00+00:00,,528.0,806.0
USGS-09217000,2026-04-06 08:00:00+00:00,,528.0,813.0
USGS-09217000,2026-04-06 09:00:00+00:00,,528.0,806.0
USGS-09217000,2026-04-06 10:00:00+00:00,,528.0,813.0
USGS-09217000,2026-04-06 11:00:00+00:00,,528.0,806.0
USGS-09217000,2026-04-06 12:00:00+00:00,,528.0,806.0
USGS-09217000,2026-04-06 13:00:00+00:00,,529.0,805.5
USGS-09217000,2026-04-06 14:00:00+00:00,,529.0,805.0
USGS-09217000,2026-04-06 15:00:00+00:00,,529.0,812.0
USGS-09217000,2026-04-06 16:00:00+00:00,,529.0,805.0
USGS-09217000,2026-04-06 17:00:00+00:00,,529.0,798.0
USGS-09217000,2026-04-06 18:00:00+00:00,,529.0,805.0
USGS-09217000,2026-04-06 19:00:00+00:00,,529.0,801.5
USGS-09217000,2026-04-06 20:00:00+00:00,,527.0,805.0
USGS-09217000,2026-04-06 21:00:00+00:00,,527.0,798.0
USGS-09217000,2026-04-06 22:00:00+00:00,,527.0,801.0
USGS-09217000,2026-04-06 23:00:00+00:00,,527.0,797.0
USGS-09217000,2026-04-07 00:00:00+00:00,,527.0,797.0
USGS-09217000,2026-04-07 01:00:00+00:00,,527.5,791.0
USGS-09217000,2026-04-07 02:00:00+00:00,,528.0,791.0
USGS-09217000,2026-04-07 03:00:00+00:00,,527.5,790.0
USGS-09217000,2026-04-07 04:00:00+00:00,,528.0,790.0
USGS-09217000,2026-04-07 05:00:00+00:00,,527.0,790.0
USGS-09217000,2026-04-07 06:00:00+00:00,,527.0,790.0
USGS-09217000,2026-04-07 07:00:00+00:00,,527.0,790.0
USGS-09217000,2026-04-07 08:00:00+00:00,,527.0,790.0
USGS-09217000,2026-04-07 09:00:00+00:00,,527.0,790.0
USGS-09217000,2026-04-07 10:00:00+00:00,,527.0,790.0
USGS-09217000,2026-04-07 11:00:00+00:00,,527.0,790.0
USGS-09217000,2026-04-07 12:00:00+00:00,,526.0,789.0
USGS-09217000,2026-04-07 13:00:00+00:00,,526.0,796.0
USGS-09217000,2026-04-07 14:00:00+00:00,,526.0,796.0
USGS-09217000,2026-04-07 15:00:00+00:00,,526.0,802.0
USGS-09217000,2026-04-07 16:00:00+00:00,,525.0,805.5
USGS-09217000,2026-04-07 17:00:00+00:00,,524.0,819.5
USGS-09217000,2026-04-07 18:00:00+00:00,,524.0,830.0
USGS-09217000,2026-04-07 19:00:00+00:00,,524.0,840.5
USGS-09217000,2026-04-07 20:00:00+00:00,,524.0,844.0
USGS-09217000,2026-04-07 21:00:00+00:00,,524.0,846.5
USGS-09217000,2026-04-07 22:00:00+00:00,,525.0,846.5
USGS-09217000,2026-04-07 23:00:00+00:00,,525.0,843.0
USGS-09217000,2026-04-08 00:00:00+00:00,,526.0,836.0
USGS-09217000,2026-04-08 01:00:00+00:00,,526.0,836.0
USGS-09217000,2026-04-08 02:00:00+00:00,,526.0,836.0
USGS-09217000,2026-04-08 03:00:00+00:00,,526.0,839.5
USGS-09217000,2026-04-08 04:00:00+00:00,,526.0,842.5
USGS-09217000,2026-04-08 05:00:00+00:00,,526.0,845.5
USGS-09217000,2026-04-08 06:00:00+00:00,,526.0,842.0
USGS-09217000,2026-04-08 07:00:00+00:00,,525.0,842.0
USGS-09217000,2026-04-08 08:00:00+00:00,,524.0,842.0
USGS-09217000,2026-04-08 09:00:00+00:00,,523.0,842.0
USGS-09217000,2026-04-08 10:00:00+00:00,,522.0,849.0
USGS-09217000,2026-04-08 11:00:00+00:00,,521.0,849.0
USGS-09217000,2026-04-08 12:00:00+00:00,,520.0,848.5
USGS-09217000,2026-04-08 13:00:00+00:00,,519.5,848.0
USGS-09217000,2026-04-08 14:00:00+00:00,,519.0,848.0
USGS-09217000,2026-04-08 15:00:00+00:00,,518.0,848.0
USGS-09217000,2026-04-08 16:00:00+00:00,,517.5,848.0
USGS-09217000,2026-04-08 17:00:00+00:00,,517.0,851.5
USGS-09217000,2026-04-08 18:00:00+00:00,,516.0,841.0
USGS-09217000,2026-04-08 19:00:00+00:00,,516.0,837.5
USGS-09217000,2026-04-08 20:00:00+00:00,,517.0,833.0
USGS-09217000,2026-04-08 21:00:00+00:00,,517.0,833.0
USGS-09217000,2026-04-08 22:00:00+00:00,,518.0,829.5
USGS-09217000,2026-04-08 23:00:00+00:00,,518.0,826.0
USGS-09217000,2026-04-09 00:00:00+00:00,,518.0,826.0
USGS-09217000,2026-04-09 01:00:00+00:00,,518.0,826.0
USGS-09217000,2026-04-09 02:00:00+00:00,,518.0,826.0
USGS-09217000,2026-04-09 03:00:00+00:00,,518.0,833.0
USGS-09217000,2026-04-09 04:00:00+00:00,,518.0,832.0
USGS-09217000,2026-04-09 05:00:00+00:00,,518.0,832.0
USGS-09217000,2026-04-09 06:00:00+00:00,,517.0,828.5
USGS-09217000,2026-04-09 07:00:00+00:00,,517.0,825.0
USGS-09217000,2026-04-09 08:00:00+00:00,,516.0,825.0
USGS-09217000,2026-04-09 09:00:00+00:00,,515.0,825.0
USGS-09217000,2026-04-09 10:00:00+00:00,,515.0,825.0
USGS-09217000,2026-04-09 11:00:00+00:00,,515.0,832.0
USGS-09217000,2026-04-09 12:00:00+00:00,,515.0,831.0
USGS-09217000,2026-04-09 13:00:00+00:00,,515.0,834.5
USGS-09217000,2026-04-09 14:00:00+00:00,,514.0,838.0
USGS-09217000,2026-04-09 15:00:00+00:00,,514.0,845.0
USGS-09217000,2026-04-09 16:00:00+00:00,,514.0,845.0
USGS-09217000,2026-04-09 17:00:00+00:00,,513.0,845.0
USGS-09217000,2026-04-09 18:00:00+00:00,,513.0,841.5
USGS-09217000,2026-04-09 19:00:00+00:00,,514.0,841.5
USGS-09217000,2026-04-09 20:00:00+00:00,,514.0,844.0
USGS-09217000,2026-04-09 21:00:00+00:00,,514.0,844.0
USGS-09217000,2026-04-09 22:00:00+00:00,,514.0,840.5
USGS-09217000,2026-04-09 23:00:00+00:00,,514.0,840.5
USGS-09217000,2026-04-10 00:00:00+00:00,,515.0,840.5
USGS-09217000,2026-04-10 01:00:00+00:00,,514.0,840.5
USGS-09217000,2026-04-10 02:00:00+00:00,,514.0,844.0
USGS-09217000,2026-04-10 03:00:00+00:00,,514.0,844.0
USGS-09217000,2026-04-10 04:00:00+00:00,,513.0,839.5
USGS-09217000,2026-04-10 05:00:00+00:00,,513.0,836.0
USGS-09217000,2026-04-10 06:00:00+00:00,,513.0,836.0
USGS-09217000,2026-04-10 07:00:00+00:00,,513.0,836.0
USGS-09217000,2026-04-10 08:00:00+00:00,,513.0,836.0
USGS-09217000,2026-04-10 09:00:00+00:00,,514.0,843.0
USGS-09217000,2026-04-10 10:00:00+00:00,,514.0,843.0
USGS-09217000,2026-04-10 11:00:00+00:00,,514.0,846.0
USGS-09217000,2026-04-10 12:00:00+00:00,,514.0,845.5
USGS-09217000,2026-04-10 13:00:00+00:00,,514.0,849.0
USGS-09217000,2026-04-10 14:00:00+00:00,,514.0,842.0
USGS-09217000,2026-04-10 15:00:00+00:00,,514.0,842.0
USGS-09217000,2026-04-10 16:00:00+00:00,,513.0,842.0
USGS-09217000,2026-04-10 17:00:00+00:00,,513.0,842.0
USGS-09217000,2026-04-10 18:00:00+00:00,,513.0,845.5
USGS-09217000,2026-04-10 19:00:00+00:00,,513.0,842.0
USGS-09217000,2026-04-10 20:00:00+00:00,,513.0,841.0
USGS-09217000,2026-04-10 21:00:00+00:00,,513.0,844.5
USGS-09217000,2026-04-10 22:00:00+00:00,,513.5,841.0
USGS-09217000,2026-04-10 23:00:00+00:00,,514.5,841.0
USGS-09217000,2026-04-11 00:00:00+00:00,,514.0,834.0
USGS-09217000,2026-04-11 01:00:00+00:00,,513.0,834.0
USGS-09217000,2026-04-11 02:00:00+00:00,,513.0,841.0
USGS-09217000,2026-04-11 03:00:00+00:00,,513.0,833.5
USGS-09217000,2026-04-11 04:00:00+00:00,,513.0,840.0
USGS-09217000,2026-04-11 05:00:00+00:00,,513.0,840.0
USGS-09217000,2026-04-11 06:00:00+00:00,,513.0,840.0
USGS-09217000,2026-04-11 07:00:00+00:00,,513.0,840.0
USGS-09217000,2026-04-11 08:00:00+00:00,,513.0,840.0
USGS-09217000,2026-04-11 09:00:00+00:00,,513.0,840.0
USGS-09217000,2026-04-11 10:00:00+00:00,,513.0,847.0
USGS-09217000,2026-04-11 11:00:00+00:00,,513.0,839.5
USGS-09217000,2026-04-11 12:00:00+00:00,,513.0,835.5
USGS-09217000,2026-04-11 13:00:00+00:00,,514.0,835.5
USGS-09217000,2026-04-11 14:00:00+00:00,,513.0,835.5
USGS-09217000,2026-04-11 15:00:00+00:00,,513.0,832.0
USGS-09217000,2026-04-11 16:00:00+00:00,,513.0,835.5
USGS-09217000,2026-04-11 17:00:00+00:00,,513.5,835.5
USGS-09217000,2026-04-11 18:00:00+00:00,,513.0,839.0
USGS-09217000,2026-04-11 19:00:00+00:00,,513.0,831.5
USGS-09217000,2026-04-11 20:00:00+00:00,,512.0,838.0
USGS-09217000,2026-04-11 21:00:00+00:00,,513.0,831.0
USGS-09217000,2026-04-11 22:00:00+00:00,,512.5,834.5
USGS-09217000,2026-04-11 23:00:00+00:00,,506.5,838.0
USGS-09217000,2026-04-12 00:00:00+00:00,,504.5,838.0
USGS-09217000,2026-04-12 01:00:00+00:00,,503.5,838.0
USGS-09217000,2026-04-12 02:00:00+00:00,,511.5,831.0
USGS-09217000,2026-04-12 03:00:00+00:00,,512.0,830.0
USGS-09217000,2026-04-12 04:00:00+00:00,,512.0,823.0
USGS-09217000,2026-04-12 05:00:00+00:00,,511.0,823.0
USGS-09217000,2026-04-12 06:00:00+00:00,,512.0,823.0
USGS-09217000,2026-04-12 07:00:00+00:00,,512.0,823.0
USGS-09217000,2026-04-12 08:00:00+00:00,,512.0,823.0
USGS-09217000,2026-04-12 09:00:00+00:00,,512.5,826.5
USGS-09217000,2026-04-12 10:00:00+00:00,,513.0,830.0
USGS-09217000,2026-04-12 11:00:00+00:00,,514.0,829.0
USGS-09217000,2026-04-12 12:00:00+00:00,,515.0,832.5
USGS-09217000,2026-04-12 13:00:00+00:00,,514.0,836.0
USGS-09217000,2026-04-12 14:00:00+00:00,,514.0,836.0
USGS-09217000,2026-04-12 15:00:00+00:00,,513.5,843.0
USGS-09217000,2026-04-12 16:00:00+00:00,,512.5,843.0
USGS-09217000,2026-04-12 17:00:00+00:00,,512.0,843.0
USGS-09217000,2026-04-12 18:00:00+00:00,,512.0,839.5
USGS-09217000,2026-04-12 19:00:00+00:00,,513.0,835.0
USGS-09217000,2026-04-12 20:00:00+00:00,,514.0,835.0
USGS-09217000,2026-04-12 21:00:00+00:00,,514.0,835.0
USGS-09217000,2026-04-12 22:00:00+00:00,,514.0,835.0
USGS-09217000,2026-04-12 23:00:00+00:00,,514.0,835.0
USGS-09217000,2026-04-13 00:00:00+00:00,,514.0,835.0
USGS-09217000,2026-04-13 01:00:00+00:00,,513.0,828.0
USGS-09217000,2026-04-13 02:00:00+00:00,,513.0,834.5
USGS-09217000,2026-04-13 03:00:00+00:00,,513.0,827.0
USGS-09217000,2026-04-13 04:00:00+00:00,,513.0,827.0
USGS-09217000,2026-04-13 05:00:00+00:00,,513.0,823.5
USGS-09217000,2026-04-13 06:00:00+00:00,,513.0,820.0
USGS-09217000,2026-04-13 07:00:00+00:00,,513.5,820.0
USGS-09217000,2026-04-13 08:00:00+00:00,,513.0,820.0
USGS-09217000,2026-04-13 09:00:00+00:00,,514.0,820.0
USGS-09217000,2026-04-13 10:00:00+00:00,,514.0,820.0
USGS-09217000,2026-04-13 11:00:00+00:00,,515.0,819.0
USGS-09217000,2026-04-13 12:00:00+00:00,,515.0,819.0
USGS-09217000,2026-04-13 13:00:00+00:00,,515.0,826.0
USGS-09217000,2026-04-13 14:00:00+00:00,,515.0,826.0
USGS-09217000,2026-04-13 15:00:00+00:00,,515.0,826.0
USGS-09217000,2026-04-13 16:00:00+00:00,,516.0,826.0
USGS-09217000,2026-04-13 17:00:00+00:00,,516.0,822.5
USGS-09217000,2026-04-13 18:00:00+00:00,,515.0,822.0
USGS-09217000,2026-04-13 19:00:00+00:00,,515.0,818.0
USGS-09217000,2026-04-13 20:00:00+00:00,,516.0,818.0
USGS-09217000,2026-04-13 21:00:00+00:00,,516.0,818.0
USGS-09217000,2026-04-13 22:00:00+00:00,,516.0,818.0
USGS-09217000,2026-04-13 23:00:00+00:00,,516.0,818.0
USGS-09217000,2026-04-14 00:00:00+00:00,,516.0,811.0
USGS-09217000,2026-04-14 01:00:00+00:00,,517.0,818.0
USGS-09217000,2026-04-14 02:00:00+00:00,,517.0,814.5
USGS-09217000,2026-04-14 03:00:00+00:00,,516.5,810.0
USGS-09217000,2026-04-14 04:00:00+00:00,,516.0,810.0
USGS-09217000,2026-04-14 05:00:00+00:00,,516.0,810.0
USGS-09217000,2026-04-14 06:00:00+00:00,,517.0,810.0
USGS-09217000,2026-04-14 07:00:00+00:00,,515.5,810.0
USGS-09217000,2026-04-14 08:00:00+00:00,,514.0,810.0
USGS-09217000,2026-04-14 09:00:00+00:00,,514.0,810.0
USGS-09217000,2026-04-14 10:00:00+00:00,,514.0,810.0
USGS-09217000,2026-04-14 11:00:00+00:00,,514.0,809.0
USGS-09217000,2026-04-14 12:00:00+00:00,,514.0,809.0
USGS-09217000,2026-04-14 13:00:00+00:00,,514.5,809.0
USGS-09217000,2026-04-14 14:00:00+00:00,,515.0,809.0
USGS-09217000,2026-04-14 15:00:00+00:00,,516.0,812.5
USGS-09217000,2026-04-14 16:00:00+00:00,,516.0,812.5
USGS-09217000,2026-04-14 17:00:00+00:00,,516.0,816.0
USGS-09217000,2026-04-14 18:00:00+00:00,,517.0,819.0
USGS-09217000,2026-04-14 19:00:00+00:00,,517.0,825.5
USGS-09217000,2026-04-14 20:00:00+00:00,,516.0,829.0
USGS-09217000,2026-04-14 21:00:00+00:00,,509.5,829.0
USGS-09217000,2026-04-14 22:00:00+00:00,,506.0,832.5
USGS-09217000,2026-04-14 23:00:00+00:00,,507.0,829.0
USGS-09217000,2026-04-15 00:00:00+00:00,,509.5,829.0
USGS-09217000,2026-04-15 01:00:00+00:00,,513.5,829.0
USGS-09217000,2026-04-15 02:00:00+00:00,,515.0,828.0
USGS-09217000,2026-04-15 03:00:00+00:00,,514.5,828.0
USGS-09217000,2026-04-15 04:00:00+00:00,,514.5,828.0
USGS-09217000,2026-04-15 05:00:00+00:00,,516.0,828.0
USGS-09217000,2026-04-15 06:00:00+00:00,,517.0,828.0
USGS-09217000,2026-04-15 07:00:00+00:00,,518.0,821.0
USGS-09217000,2026-04-15 08:00:00+00:00,,519.0,824.5
USGS-09217000,2026-04-15 09:00:00+00:00,,520.0,828.0
USGS-09217000,2026-04-15 10:00:00+00:00,,520.0,827.0
USGS-09217000,2026-04-15 11:00:00+00:00,,521.0,820.0
USGS-09217000,2026-04-15 12:00:00+00:00,,521.0,820.0
USGS-09217000,2026-04-15 13:00:00+00:00,,522.0,820.0
USGS-09217000,2026-04-15 14:00:00+00:00,,522.0,827.0
USGS-09217000,2026-04-15 15:00:00+00:00,,522.5,834.0
USGS-09217000,2026-04-15 16:00:00+00:00,,523.0,841.0
USGS-09217000,2026-04-15 17:00:00+00:00,,523.0,834.0
USGS-09217000,2026-04-15 18:00:00+00:00,,523.0,840.0
USGS-09217000,2026-04-15 19:00:00+00:00,,523.0,840.0
USGS-09217000,2026-04-15 20:00:00+00:00,,523.5,833.0
USGS-09217000,2026-04-15 21:00:00+00:00,,524.0,833.0
USGS-09217000,2026-04-15 22:00:00+00:00,,524.0,833.0
USGS-09217000,2026-04-15 23:00:00+00:00,,524.0,833.0
USGS-09217000,2026-04-16 00:00:00+00:00,,524.0,833.0
USGS-09217000,2026-04-16 01:00:00+00:00,,523.5,826.0
USGS-09217000,2026-04-16 02:00:00+00:00,,523.0,825.0
USGS-09217000,2026-04-16 03:00:00+00:00,,524.0,825.0
USGS-09217000,2026-04-16 04:00:00+00:00,,524.0,825.0
USGS-09217000,2026-04-16 05:00:00+00:00,,525.0,825.0
USGS-09217000,2026-04-16 06:00:00+00:00,,526.0,825.0
USGS-09217000,2026-04-16 07:00:00+00:00,,527.0,825.0
USGS-09217000,2026-04-16 08:00:00+00:00,,527.0,825.0
USGS-09217000,2026-04-16 09:00:00+00:00,,528.0,828.0
USGS-09217000,2026-04-16 10:00:00+00:00,,528.0,827.5
USGS-09217000,2026-04-16 11:00:00+00:00,,528.0,827.5
USGS-09217000,2026-04-16 12:00:00+00:00,,529.0,831.0
USGS-09217000,2026-04-16 13:00:00+00:00,,529.0,831.0
USGS-09217000,2026-04-16 14:00:00+00:00,,529.0,831.0
USGS-09217000,2026-04-16 15:00:00+00:00,,529.0,831.0
USGS-09217000,2026-04-16 16:00:00+00:00,,529.0,831.0
USGS-09217000,2026-04-16 17:00:00+00:00,,529.5,831.0
USGS-09217000,2026-04-16 18:00:00+00:00,,530.0,830.0
USGS-09217000,2026-04-16 19:00:00+00:00,,530.5,823.0
USGS-09217000,2026-04-16 20:00:00+00:00,,531.0,823.0
USGS-09217000,2026-04-16 21:00:00+00:00,,531.0,823.0
USGS-09217000,2026-04-16 22:00:00+00:00,,531.0,823.0
USGS-09217000,2026-04-16 23:00:00+00:00,,531.0,823.0
USGS-09217000,2026-04-17 00:00:00+00:00,,531.0,823.0
USGS-09217000,2026-04-17 01:00:00+00:00,,531.0,819.0
USGS-09217000,2026-04-17 02:00:00+00:00,,530.0,822.0
USGS-09217000,2026-04-17 03:00:00+00:00,,530.0,822.0
USGS-09217000,2026-04-17 04:00:00+00:00,,530.0,822.0
USGS-09217000,2026-04-17 05:00:00+00:00,,530.0,822.0
USGS-09217000,2026-04-17 06:00:00+00:00,,529.0,822.0
USGS-09217000,2026-04-17 07:00:00+00:00,,529.0,825.5
USGS-09217000,2026-04-17 08:00:00+00:00,,528.5,825.5
USGS-09217000,2026-04-17 09:00:00+00:00,,527.0,821.5
USGS-09217000,2026-04-17 10:00:00+00:00,,526.5,821.0
USGS-09217000,2026-04-17 11:00:00+00:00,,525.5,821.0
USGS-09217000,2026-04-17 12:00:00+00:00,,525.0,821.0
USGS-09217000,2026-04-17 13:00:00+00:00,,524.0,821.0
USGS-09217000,2026-04-17 14:00:00+00:00,,524.0,821.0
USGS-09217000,2026-04-17 15:00:00+00:00,,524.0,814.0
USGS-09217000,2026-04-17 16:00:00+00:00,,523.0,807.0
USGS-09217000,2026-04-17 17:00:00+00:00,,523.0,807.0
USGS-09217000,2026-04-17 18:00:00+00:00,,522.5,806.0
USGS-09217000,2026-04-17 19:00:00+00:00,,521.5,809.5
USGS-09217000,2026-04-17 20:00:00+00:00,,517.5,799.0
USGS-09217000,2026-04-17 21:00:00+00:00,,517.0,796.0
USGS-09217000,2026-04-17 22:00:00+00:00,,517.0,799.0
USGS-09217000,2026-04-17 23:00:00+00:00,,514.5,792.0
USGS-09217000,2026-04-18 00:00:00+00:00,,513.5,792.0
USGS-09217000,2026-04-18 01:00:00+00:00,,515.0,792.0
USGS-09217000,2026-04-18 02:00:00+00:00,,517.5,795.5
USGS-09217000,2026-04-18 03:00:00+00:00,,519.0,795.0
USGS-09217000,2026-04-18 04:00:00+00:00,,521.0,798.0
USGS-09217000,2026-04-18 05:00:00+00:00,,522.5,798.0
USGS-09217000,2026-04-18 06:00:00+00:00,,524.5,798.0
USGS-09217000,2026-04-18 07:00:00+00:00,,525.5,798.0
USGS-09217000,2026-04-18 08:00:00+00:00,,526.5,798.0
USGS-09217000,2026-04-18 09:00:00+00:00,,528.0,804.5
USGS-09217000,2026-04-18 10:00:00+00:00,,528.0,804.0
USGS-09217000,2026-04-18 11:00:00+00:00,,529.0,804.0
USGS-09217000,2026-04-18 12:00:00+00:00,,530.0,804.0
USGS-09217000,2026-04-18 13:00:00+00:00,,531.0,804.0
USGS-09217000,2026-04-18 14:00:00+00:00,,531.0,804.0
USGS-09217000,2026-04-18 15:00:00+00:00,,531.0,804.0
USGS-09217000,2026-04-18 16:00:00+00:00,,531.0,807.5
USGS-09217000,2026-04-18 17:00:00+00:00,,531.0,810.0
USGS-09217000,2026-04-18 18:00:00+00:00,,531.0,806.5
USGS-09217000,2026-04-18 19:00:00+00:00,,530.0,810.0
USGS-09217000,2026-04-18 20:00:00+00:00,,530.0,806.5
USGS-09217000,2026-04-18 21:00:00+00:00,,530.0,803.0
USGS-09217000,2026-04-18 22:00:00+00:00,,530.0,803.0
USGS-09217000,2026-04-18 23:00:00+00:00,,532.0,806.5
USGS-09217000,2026-04-19 00:00:00+00:00,,533.0,806.5
USGS-09217000,2026-04-19 01:00:00+00:00,,533.0,805.5
USGS-09217000,2026-04-19 02:00:00+00:00,,532.0,809.0
USGS-09217000,2026-04-19 03:00:00+00:00,,529.5,802.0
USGS-09217000,2026-04-19 04:00:00+00:00,,529.0,805.5
USGS-09217000,2026-04-19 05:00:00+00:00,,528.0,802.0
USGS-09217000,2026-04-19 06:00:00+00:00,,526.0,802.0
USGS-09217000,2026-04-19 07:00:00+00:00,,526.0,802.0
USGS-09217000,2026-04-19 08:00:00+00:00,,527.5,802.0
USGS-09217000,2026-04-19 09:00:00+00:00,,529.5,805.0
USGS-09217000,2026-04-19 10:00:00+00:00,,531.0,808.0
USGS-09217000,2026-04-19 11:00:00+00:00,,533.0,801.0
USGS-09217000,2026-04-19 12:00:00+00:00,,534.0,804.5
USGS-09217000,2026-04-19 13:00:00+00:00,,535.5,808.0
USGS-09217000,2026-04-19 14:00:00+00:00,,537.0,808.0
USGS-09217000,2026-04-19 15:00:00+00:00,,537.5,808.0
USGS-09217000,2026-04-19 16:00:00+00:00,,538.5,808.0
USGS-09217000,2026-04-19 17:00:00+00:00,,539.5,807.0
USGS-09217000,2026-04-19 18:00:00+00:00,,540.0,807.0
USGS-09217000,2026-04-19 19:00:00+00:00,,541.0,807.0
USGS-09217000,2026-04-19 20:00:00+00:00,,541.0,807.0
USGS-09217000,2026-04-19 21:00:00+00:00,,542.0,807.0
USGS-09217000,2026-04-19 22:00:00+00:00,,540.0,807.0
USGS-09217000,2026-04-19 23:00:00+00:00,,532.0,807.0
USGS-09217000,2026-04-20 00:00:00+00:00,,524.5,800.0
USGS-09217000,2026-04-20 01:00:00+00:00,,519.5,803.0
USGS-09217000,2026-04-20 02:00:00+00:00,,516.5,806.0
USGS-09217000,2026-04-20 03:00:00+00:00,,516.5,802.5
USGS-09217000,2026-04-20 04:00:00+00:00,,518.5,799.0
USGS-09217000,2026-04-20 05:00:00+00:00,,521.5,799.0
USGS-09217000,2026-04-20 06:00:00+00:00,,524.0,799.0
USGS-09217000,2026-04-20 07:00:00+00:00,,526.0,799.0
USGS-09217000,2026-04-20 08:00:00+00:00,,527.0,799.0
USGS-09217000,2026-04-20 09:00:00+00:00,,528.5,799.0
USGS-09217000,2026-04-20 10:00:00+00:00,,529.0,798.0
USGS-09217000,2026-04-20 11:00:00+00:00,,530.0,798.0
USGS-09217000,2026-04-20 12:00:00+00:00,,531.0,798.0
USGS-09217000,2026-04-20 13:00:00+00:00,,531.0,792.0
USGS-09217000,2026-04-20 14:00:00+00:00,,532.0,798.0
USGS-09217000,2026-04-20 15:00:00+00:00,,532.5,798.0
USGS-09217000,2026-04-20 16:00:00+00:00,,533.5,798.0
USGS-09217000,2026-04-20 17:00:00+00:00,,534.0,798.0
USGS-09217000,2026-04-20 18:00:00+00:00,,533.0,804.0
USGS-09217000,2026-04-20 19:00:00+00:00,,532.5,811.0
USGS-09217000,2026-04-20 20:00:00+00:00,,529.0,807.5
USGS-09217000,2026-04-20 21:00:00+00:00,,529.0,811.0
USGS-09217000,2026-04-20 22:00:00+00:00,,529.0,804.0
USGS-09217000,2026-04-20 23:00:00+00:00,,530.0,800.5
USGS-09217000,2026-04-21 00:00:00+00:00,,532.0,803.5
USGS-09217000,2026-04-21 01:00:00+00:00,,534.0,803.0
USGS-09217000,2026-04-21 02:00:00+00:00,,536.0,797.0
USGS-09217000,2026-04-21 03:00:00+00:00,,536.5,796.0
USGS-09217000,2026-04-21 04:00:00+00:00,,538.0,803.0
USGS-09217000,2026-04-21 05:00:00+00:00,,537.0,796.0
USGS-09217000,2026-04-21 06:00:00+00:00,,536.0,796.0
USGS-09217000,2026-04-21 07:00:00+00:00,,536.0,796.0
USGS-09217000,2026-04-21 08:00:00+00:00,,536.5,796.0
USGS-09217000,2026-04-21 09:00:00+00:00,,537.0,796.0
USGS-09217000,2026-04-21 10:00:00+00:00,,535.5,796.0
USGS-09217000,2026-04-21 11:00:00+00:00,,528.5,795.0
USGS-09217000,2026-04-21 12:00:00+00:00,,522.5,795.0
USGS-09217000,2026-04-21 13:00:00+00:00,,519.5,802.0
USGS-09217000,2026-04-21 14:00:00+00:00,,519.0,802.0
USGS-09217000,2026-04-21 15:00:00+00:00,,519.0,802.0
USGS-09217000,2026-04-21 16:00:00+00:00,,521.0,801.5
USGS-09217000,2026-04-21 17:00:00+00:00,,522.0,801.0
USGS-09217000,2026-04-21 18:00:00+00:00,,518.5,801.0
USGS-09217000,2026-04-21 19:00:00+00:00,,514.5,804.5
USGS-09217000,2026-04-21 20:00:00+00:00,,513.5,808.0
USGS-09217000,2026-04-21 21:00:00+00:00,,513.0,808.0
USGS-09217000,2026-04-21 22:00:00+00:00,,515.5,801.0
USGS-09217000,2026-04-21 23:00:00+00:00,,518.5,801.0
USGS-09217000,2026-04-22 00:00:00+00:00,,519.0,800.5
USGS-09217000,2026-04-22 01:00:00+00:00,,520.0,800.0
USGS-09217000,2026-04-22 02:00:00+00:00,,520.0,794.0
USGS-09217000,2026-04-22 03:00:00+00:00,,519.0,794.0
USGS-09217000,2026-04-22 04:00:00+00:00,,518.5,793.0
USGS-09217000,2026-04-22 05:00:00+00:00,,515.5,793.0
USGS-09217000,2026-04-22 06:00:00+00:00,,521.0,793.0
USGS-09217000,2026-04-22 07:00:00+00:00,,517.0,793.0
USGS-09217000,2026-04-22 08:00:00+00:00,,511.5,786.5
USGS-09217000,2026-04-22 09:00:00+00:00,,514.5,786.0
USGS-09217000,2026-04-22 10:00:00+00:00,,517.0,786.0
USGS-09217000,2026-04-22 11:00:00+00:00,,520.0,786.0
USGS-09217000,2026-04-22 12:00:00+00:00,,516.0,786.0
USGS-09217000,2026-04-22 13:00:00+00:00,,517.0,782.5
USGS-09217000,2026-04-22 14:00:00+00:00,,519.0,786.0
USGS-09217000,2026-04-22 15:00:00+00:00,,512.0,789.0
USGS-09217000,2026-04-22 16:00:00+00:00,,517.5,792.0
USGS-09217000,2026-04-22 17:00:00+00:00,,525.5,795.0
USGS-09217000,2026-04-22 18:00:00+00:00,,530.5,798.0
USGS-09217000,2026-04-22 19:00:00+00:00,,534.0,798.0
USGS-09217000,2026-04-22 20:00:00+00:00,,537.5,795.0
USGS-09217000,2026-04-22 21:00:00+00:00,,542.5,794.5
USGS-09217000,2026-04-22 22:00:00+00:00,,551.5,788.0
USGS-09217000,2026-04-22 23:00:00+00:00,,561.5,785.0
USGS-09217000,2026-04-23 00:00:00+00:00,,572.0,778.5
USGS-09217000,2026-04-23 01:00:00+00:00,,578.0,778.0
USGS-09217000,2026-04-23 02:00:00+00:00,,579.5,774.5
USGS-09217000,2026-04-23 03:00:00+00:00,,575.0,774.5
USGS-09217000,2026-04-23 04:00:00+00:00,,564.0,774.5
USGS-09217000,2026-04-23 05:00:00+00:00,,558.5,777.5
USGS-09217000,2026-04-23 06:00:00+00:00,,555.0,771.0
USGS-09217000,2026-04-23 07:00:00+00:00,,553.5,771.0
USGS-09217000,2026-04-23 08:00:00+00:00,,554.5,774.0
USGS-09217000,2026-04-23 09:00:00+00:00,,556.5,777.0
USGS-09217000,2026-04-23 10:00:00+00:00,,559.5,777.0
USGS-09217000,2026-04-23 11:00:00+00:00,,561.5,780.0
USGS-09217000,2026-04-23 12:00:00+00:00,,563.5,777.0
USGS-09217000,2026-04-23 13:00:00+00:00,,565.0,783.0
USGS-09217000,2026-04-23 14:00:00+00:00,,566.0,779.5
USGS-09217000,2026-04-23 15:00:00+00:00,,564.5,779.5
USGS-09217000,2026-04-23 16:00:00+00:00,,564.0,783.0
USGS-09217000,2026-04-23 17:00:00+00:00,,561.0,783.0
USGS-09217000,2026-04-23 18:00:00+00:00,,559.5,782.0
USGS-09217000,2026-04-23 19:00:00+00:00,,556.0,779.0
USGS-09217000,2026-04-23 20:00:00+00:00,,556.0,776.0
USGS-09217000,2026-04-23 21:00:00+00:00,,556.5,779.0
USGS-09217000,2026-04-23 22:00:00+00:00,,557.0,779.0
USGS-09217000,2026-04-23 23:00:00+00:00,,556.5,778.5
USGS-09217000,2026-04-24 00:00:00+00:00,,557.0,778.5
USGS-09217000,2026-04-24 01:00:00+00:00,,556.0,782.0
USGS-09217000,2026-04-24 02:00:00+00:00,,554.0,782.0
USGS-09217000,2026-04-24 03:00:00+00:00,,554.0,781.0
USGS-09217000,2026-04-24 04:00:00+00:00,,555.0,781.0
USGS-09217000,2026-04-24 05:00:00+00:00,,555.5,781.0
USGS-09217000,2026-04-24 06:00:00+00:00,,556.0,788.0
USGS-09217000,2026-04-24 07:00:00+00:00,,557.0,787.0
USGS-09217000,2026-04-24 08:00:00+00:00,,556.0,787.0
USGS-09217000,2026-04-24 09:00:00+00:00,,555.5,787.0
USGS-09217000,2026-04-24 10:00:00+00:00,,549.5,790.5
USGS-09217000,2026-04-24 11:00:00+00:00,,544.5,790.0
USGS-09217000,2026-04-24 12:00:00+00:00,,541.5,793.0
USGS-09217000,2026-04-24 13:00:00+00:00,,537.5,793.0
USGS-09217000,2026-04-24 14:00:00+00:00,,537.5,793.0
USGS-09217000,2026-04-24 15:00:00+00:00,,542.5,800.0
USGS-09217000,2026-04-24 16:00:00+00:00,,548.0,796.0
USGS-09217000,2026-04-24 17:00:00+00:00,,552.0,802.5
USGS-09217000,2026-04-24 18:00:00+00:00,,553.5,799.0
USGS-09217000,2026-04-24 19:00:00+00:00,,552.5,796.0
USGS-09217000,2026-04-24 20:00:00+00:00,,556.0,786.0
USGS-09217000,2026-04-24 21:00:00+00:00,,559.5,776.0
USGS-09217000,2026-04-24 22:00:00+00:00,,563.5,766.0
USGS-09217000,2026-04-24 23:00:00+00:00,,567.0,756.5
USGS-09217000,2026-04-25 00:00:00+00:00,,565.5,746.0
USGS-09217000,2026-04-25 01:00:00+00:00,,563.5,746.0
USGS-09217000,2026-04-25 02:00:00+00:00,,563.0,746.0
USGS-09217000,2026-04-25 03:00:00+00:00,,563.5,743.0
USGS-09217000,2026-04-25 04:00:00+00:00,,564.0,742.5
USGS-09217000,2026-04-25 05:00:00+00:00,,565.0,733.0
USGS-09217000,2026-04-25 06:00:00+00:00,,564.5,733.0
USGS-09217000,2026-04-25 07:00:00+00:00,,560.0,736.0
USGS-09217000,2026-04-25 08:00:00+00:00,,559.0,739.0
USGS-09217000,2026-04-25 09:00:00+00:00,,550.0,739.0
USGS-09217000,2026-04-25 10:00:00+00:00,,539.5,748.5
USGS-09217000,2026-04-25 11:00:00+00:00,,530.0,752.0
USGS-09217000,2026-04-25 12:00:00+00:00,,523.5,751.5
USGS-09217000,2026-04-25 13:00:00+00:00,,519.0,758.0
USGS-09217000,2026-04-25 14:00:00+00:00,,518.0,751.0
USGS-09217000,2026-04-25 15:00:00+00:00,,517.0,751.0
USGS-09217000,2026-04-25 16:00:00+00:00,,518.5,748.0
USGS-09217000,2026-04-25 17:00:00+00:00,,520.5,744.0
USGS-09217000,2026-04-25 18:00:00+00:00,,522.5,744.0
USGS-09217000,2026-04-25 19:00:00+00:00,,526.5,741.0
USGS-09217000,2026-04-25 20:00:00+00:00,,529.0,741.0
USGS-09217000,2026-04-25 21:00:00+00:00,,530.0,744.0
USGS-09217000,2026-04-25 22:00:00+00:00,,532.0,744.0
USGS-09217000,2026-04-25 23:00:00+00:00,,530.5,744.0
USGS-09217000,2026-04-26 00:00:00+00:00,,528.0,744.0
USGS-09217000,2026-04-26 01:00:00+00:00,,527.0,747.0
USGS-09217000,2026-04-26 02:00:00+00:00,,527.0,750.0
USGS-09217000,2026-04-26 03:00:00+00:00,,528.5,750.0
USGS-09217000,2026-04-26 04:00:00+00:00,,530.0,750.0
USGS-09217000,2026-04-26 05:00:00+00:00,,531.0,749.5
USGS-09217000,2026-04-26 06:00:00+00:00,,532.0,746.0
USGS-09217000,2026-04-26 07:00:00+00:00,,533.0,743.0
USGS-09217000,2026-04-26 08:00:00+00:00,,534.5,743.0
USGS-09217000,2026-04-26 09:00:00+00:00,,535.5,743.0
USGS-09217000,2026-04-26 10:00:00+00:00,,537.5,749.0
USGS-09217000,2026-04-26 11:00:00+00:00,,538.5,749.0
USGS-09217000,2026-04-26 12:00:00+00:00,,511.0,749.0
USGS-09217000,2026-04-26 13:00:00+00:00,,506.0,755.0
USGS-09217000,2026-04-26 14:00:00+00:00,,505.0,758.0
USGS-09217000,2026-04-26 15:00:00+00:00,,509.0,761.0
USGS-09217000,2026-04-26 16:00:00+00:00,,515.5,761.0
USGS-09217000,2026-04-26 17:00:00+00:00,,519.5,761.0
USGS-09217000,2026-04-26 18:00:00+00:00,,521.0,761.0
USGS-09217000,2026-04-26 19:00:00+00:00,,521.5,761.0
USGS-09217000,2026-04-26 20:00:00+00:00,,523.0,761.0
USGS-09217000,2026-04-26 21:00:00+00:00,,525.5,761.0
USGS-09217000,2026-04-26 22:00:00+00:00,,527.5,754.0
USGS-09217000,2026-04-26 23:00:00+00:00,,530.5,757.0
USGS-09217000,2026-04-27 00:00:00+00:00,,525.0,760.0
USGS-09217000,2026-04-27 01:00:00+00:00,,519.5,760.0
USGS-09217000,2026-04-27 02:00:00+00:00,,516.0,763.0
USGS-09217000,2026-04-27 03:00:00+00:00,,515.5,763.0
USGS-09217000,2026-04-27 04:00:00+00:00,,516.0,773.0
USGS-09217000,2026-04-27 05:00:00+00:00,,517.0,786.0
USGS-09217000,2026-04-27 06:00:00+00:00,,518.0,786.0
USGS-09217000,2026-04-27 07:00:00+00:00,,520.0,779.0
USGS-09217000,2026-04-27 08:00:00+00:00,,521.5,779.0
USGS-09217000,2026-04-27 09:00:00+00:00,,524.0,779.0
USGS-09217000,2026-04-27 10:00:00+00:00,,524.5,779.0
USGS-09217000,2026-04-27 11:00:00+00:00,,524.0,775.0
USGS-09217000,2026-04-27 12:00:00+00:00,,523.0,775.0
USGS-09217000,2026-04-27 13:00:00+00:00,,523.0,778.0
USGS-09217000,2026-04-27 14:00:00+00:00,,523.0,778.0
USGS-09217000,2026-04-27 15:00:00+00:00,,523.0,778.0
USGS-09217000,2026-04-27 16:00:00+00:00,,523.0,778.0
USGS-09217000,2026-04-27 17:00:00+00:00,,523.0,774.5
USGS-09217000,2026-04-27 18:00:00+00:00,,523.5,771.0
USGS-09217000,2026-04-27 19:00:00+00:00,,524.5,771.0
USGS-09217000,2026-04-27 20:00:00+00:00,,525.5,767.5
USGS-09217000,2026-04-27 21:00:00+00:00,,527.0,764.0
USGS-09217000,2026-04-27 22:00:00+00:00,,528.0,758.0
USGS-09217000,2026-04-27 23:00:00+00:00,,529.0,758.0
USGS-09217000,2026-04-28 00:00:00+00:00,,529.0,760.5
USGS-09217000,2026-04-28 01:00:00+00:00,,531.5,757.0
USGS-09217000,2026-04-28 02:00:00+00:00,,533.0,757.0
USGS-09217000,2026-04-28 03:00:00+00:00,,530.5,754.0
USGS-09217000,2026-04-28 04:00:00+00:00,,530.0,750.0
USGS-09217000,2026-04-28 05:00:00+00:00,,531.0,750.0
USGS-09217000,2026-04-28 06:00:00+00:00,,534.0,750.0
USGS-09217000,2026-04-28 07:00:00+00:00,,528.5,750.0
USGS-09217000,2026-04-28 08:00:00+00:00,,521.5,750.0
USGS-09217000,2026-04-28 09:00:00+00:00,,516.5,750.0
USGS-09217000,2026-04-28 10:00:00+00:00,,514.5,750.0
USGS-09217000,2026-04-28 11:00:00+00:00,,513.5,750.0
USGS-09217000,2026-04-28 12:00:00+00:00,,514.0,750.0
USGS-09217000,2026-04-28 13:00:00+00:00,,515.0,756.0
USGS-09217000,2026-04-28 14:00:00+00:00,,514.0,756.0
USGS-09217000,2026-04-28 15:00:00+00:00,,514.0,759.0
USGS-09217000,2026-04-28 16:00:00+00:00,,514.0,762.0
USGS-09217000,2026-04-28 17:00:00+00:00,,514.0,762.0
USGS-09217000,2026-04-28 18:00:00+00:00,,513.0,755.0
USGS-09217000,2026-04-28 19:00:00+00:00,,514.0,755.0
USGS-09217000,2026-04-28 20:00:00+00:00,,514.5,755.0
USGS-09217000,2026-04-28 21:00:00+00:00,,514.0,755.0
USGS-09217000,2026-04-28 22:00:00+00:00,,515.0,755.0
USGS-09217000,2026-04-28 23:00:00+00:00,,515.0,748.0
USGS-09217000,2026-04-29 00:00:00+00:00,,515.0,748.0
USGS-09217000,2026-04-29 01:00:00+00:00,,515.5,748.0
USGS-09217000,2026-04-29 02:00:00+00:00,,514.0,748.0
USGS-09217000,2026-04-29 03:00:00+00:00,,514.5,748.0
USGS-09217000,2026-04-29 04:00:00+00:00,,515.0,748.0
USGS-09217000,2026-04-29 05:00:00+00:00,,518.0,748.0
USGS-09217000,2026-04-29 06:00:00+00:00,,517.5,741.0
USGS-09217000,2026-04-29 07:00:00+00:00,,517.0,741.0
USGS-09217000,2026-04-29 08:00:00+00:00,,515.5,741.0
USGS-09217000,2026-04-29 09:00:00+00:00,,518.0,741.0
USGS-09217000,2026-04-29 10:00:00+00:00,,519.5,740.0
USGS-09217000,2026-04-29 11:00:00+00:00,,520.0,740.0
USGS-09217000,2026-04-29 12:00:00+00:00,,519.5,747.0
USGS-09217000,2026-04-29 13:00:00+00:00,,518.5,747.0
USGS-09217000,2026-04-29 14:00:00+00:00,,521.5,746.0
USGS-09217000,2026-04-29 15:00:00+00:00,,518.0,746.0
USGS-09217000,2026-04-29 16:00:00+00:00,,518.0,746.0
USGS-09217000,2026-04-29 17:00:00+00:00,,518.0,746.0
USGS-09217000,2026-04-29 18:00:00+00:00,,517.0,746.0
USGS-09217000,2026-04-29 19:00:00+00:00,,516.5,746.0
USGS-09217000,2026-04-29 20:00:00+00:00,,514.5,752.0
USGS-09217000,2026-04-29 21:00:00+00:00,,514.5,749.0
USGS-09217000,2026-04-29 22:00:00+00:00,,513.5,746.0
USGS-09217000,2026-04-29 23:00:00+00:00,,512.5,745.0
USGS-09217000,2026-04-30 00:00:00+00:00,,512.0,748.5
USGS-09217000,2026-04-30 01:00:00+00:00,,514.0,745.0
USGS-09217000,2026-04-30 02:00:00+00:00,,513.0,745.0
USGS-09217000,2026-04-30 03:00:00+00:00,,513.0,745.0
USGS-09217000,2026-04-30 04:00:00+00:00,,499.5,745.0
USGS-09217000,2026-04-30 05:00:00+00:00,,509.0,745.0
USGS-09217000,2026-04-30 06:00:00+00:00,,512.0,741.5
USGS-09217000,2026-04-30 07:00:00+00:00,,518.5,738.0
USGS-09217000,2026-04-30 08:00:00+00:00,,514.5,744.0
USGS-09217000,2026-04-30 09:00:00+00:00,,517.5,744.0
USGS-09217000,2026-04-30 10:00:00+00:00,,520.0,744.0
USGS-09217000,2026-04-30 11:00:00+00:00,,520.5,744.0
USGS-09217000,2026-04-30 12:00:00+00:00,,521.0,744.0
USGS-09217000,2026-04-30 13:00:00+00:00,,518.0,750.0
USGS-09217000,2026-04-30 14:00:00+00:00,,518.0,750.0
USGS-09217000,2026-04-30 15:00:00+00:00,,516.5,750.0
USGS-09217000,2026-04-30 16:00:00+00:00,,516.5,750.0
USGS-09217000,2026-04-30 17:00:00+00:00,,516.0,750.0
USGS-09217000,2026-04-30 18:00:00+00:00,,519.0,750.0
USGS-09217000,2026-04-30 19:00:00+00:00,,518.0,753.0
USGS-09217000,2026-04-30 20:00:00+00:00,,518.0,756.0
USGS-09217000,2026-04-30 21:00:00+00:00,,517.5,756.0
USGS-09217000,2026-04-30 22:00:00+00:00,,517.0,756.0
USGS-09217000,2026-04-30 23:00:00+00:00,,515.0,756.0
USGS-09217000,2026-05-01 00:00:00+00:00,,515.5,758.5
USGS-09217000,2026-05-01 01:00:00+00:00,,515.0,755.0
USGS-09217000,2026-05-01 02:00:00+00:00,,516.0,755.0
USGS-09217000,2026-05-01 03:00:00+00:00,,515.0,749.0
USGS-09217000,2026-05-01 04:00:00+00:00,,517.5,742.0
USGS-09217000,2026-05-01 05:00:00+00:00,,519.0,735.0
USGS-09217000,2026-05-01 06:00:00+00:00,,519.0,732.0
USGS-09217000,2026-05-01 07:00:00+00:00,,520.0,735.0
USGS-09217000,2026-05-01 08:00:00+00:00,,520.0,735.0
USGS-09217000,2026-05-01 09:00:00+00:00,,520.0,741.0
USGS-09217000,2026-05-01 10:00:00+00:00,,521.0,741.0
USGS-09217000,2026-05-01 11:00:00+00:00,,521.0,741.0
USGS-09217000,2026-05-01 12:00:00+00:00,,521.0,741.0
USGS-09217000,2026-05-01 13:00:00+00:00,,520.5,741.0
USGS-09217000,2026-05-01 14:00:00+00:00,,520.0,741.0
USGS-09217000,2026-05-01 15:00:00+00:00,,518.0,741.0
USGS-09217000,2026-05-01 16:00:00+00:00,,517.0,741.0
USGS-09217000,2026-05-01 17:00:00+00:00,,515.0,740.5
USGS-09217000,2026-05-01 18:00:00+00:00,,514.5,740.0
USGS-09217000,2026-05-01 19:00:00+00:00,,514.5,740.0
USGS-09217000,2026-05-01 20:00:00+00:00,,513.5,740.0
USGS-09217000,2026-05-01 21:00:00+00:00,,515.0,743.0
USGS-09217000,2026-05-01 22:00:00+00:00,,514.0,740.0
USGS-09217000,2026-05-01 23:00:00+00:00,,515.0,740.0
USGS-09217000,2026-05-02 00:00:00+00:00,,515.0,740.0
USGS-09217000,2026-05-02 01:00:00+00:00,,516.0,740.0
USGS-09217000,2026-05-02 02:00:00+00:00,,517.0,736.0
USGS-09217000,2026-05-02 03:00:00+00:00,,517.0,733.0
USGS-09217000,2026-05-02 04:00:00+00:00,,518.0,733.0
USGS-09217000,2026-05-02 05:00:00+00:00,,519.0,733.0
USGS-09217000,2026-05-02 06:00:00+00:00,,519.5,732.0
USGS-09217000,2026-05-02 07:00:00+00:00,,520.0,732.0
USGS-09217000,2026-05-02 08:00:00+00:00,,519.5,732.0
USGS-09217000,2026-05-02 09:00:00+00:00,,521.0,732.0
USGS-09217000,2026-05-02 10:00:00+00:00,,520.0,732.0
USGS-09217000,2026-05-02 11:00:00+00:00,,520.0,735.0
USGS-09217000,2026-05-02 12:00:00+00:00,,521.5,732.0
USGS-09217000,2026-05-02 13:00:00+00:00,,522.5,738.0
USGS-09217000,2026-05-02 14:00:00+00:00,,521.0,738.0
USGS-09217000,2026-05-02 15:00:00+00:00,,520.5,744.0
USGS-09217000,2026-05-02 16:00:00+00:00,,519.5,751.0
USGS-09217000,2026-05-02 17:00:00+00:00,,519.0,751.0
USGS-09217000,2026-05-02 18:00:00+00:00,,519.0,751.0
USGS-09217000,2026-05-02 19:00:00+00:00,,518.5,750.0
USGS-09217000,2026-05-02 20:00:00+00:00,,517.0,750.0
USGS-09217000,2026-05-02 21:00:00+00:00,,517.0,750.0
USGS-09217000,2026-05-02 22:00:00+00:00,,516.0,750.0
USGS-09217000,2026-05-02 23:00:00+00:00,,518.5,750.0
USGS-09217000,2026-05-03 00:00:00+00:00,,519.0,743.0
USGS-09217000,2026-05-03 01:00:00+00:00,,519.0,743.0
USGS-09217000,2026-05-03 02:00:00+00:00,,519.0,737.0
USGS-09217000,2026-05-03 03:00:00+00:00,,520.0,736.5
USGS-09217000,2026-05-03 04:00:00+00:00,,520.5,736.0
USGS-09217000,2026-05-03 05:00:00+00:00,,521.0,736.0
USGS-09217000,2026-05-03 06:00:00+00:00,,521.5,736.0
USGS-09217000,2026-05-03 07:00:00+00:00,,522.0,736.0
USGS-09217000,2026-05-03 08:00:00+00:00,,522.0,736.0
USGS-09217000,2026-05-03 09:00:00+00:00,,522.0,742.0
USGS-09217000,2026-05-03 10:00:00+00:00,,522.0,742.0
USGS-09217000,2026-05-03 11:00:00+00:00,,522.5,742.0
USGS-09217000,2026-05-03 12:00:00+00:00,,523.0,742.0
USGS-09217000,2026-05-03 13:00:00+00:00,,523.0,742.0
USGS-09217000,2026-05-03 14:00:00+00:00,,522.0,742.0
USGS-09217000,2026-05-03 15:00:00+00:00,,521.0,742.0
USGS-09217000,2026-05-03 16:00:00+00:00,,519.5,741.0
USGS-09217000,2026-05-03 17:00:00+00:00,,519.0,738.0
USGS-09217000,2026-05-03 18:00:00+00:00,,518.0,741.0
USGS-09217000,2026-05-03 19:00:00+00:00,,515.5,741.0
USGS-09217000,2026-05-03 20:00:00+00:00,,514.5,741.0
USGS-09217000,2026-05-03 21:00:00+00:00,,515.0,741.0
USGS-09217000,2026-05-03 22:00:00+00:00,,515.5,741.0
USGS-09217000,2026-05-03 23:00:00+00:00,,512.0,741.0
USGS-09217000,2026-05-04 00:00:00+00:00,,513.5,734.0
USGS-09217000,2026-05-04 01:00:00+00:00,,514.0,734.0
USGS-09217000,2026-05-04 02:00:00+00:00,,514.0,734.0
USGS-09217000,2026-05-04 03:00:00+00:00,,513.5,734.0
USGS-09217000,2026-05-04 04:00:00+00:00,,517.0,734.0
USGS-09217000,2026-05-04 05:00:00+00:00,,516.5,733.0
USGS-09217000,2026-05-04 06:00:00+00:00,,516.0,727.0
USGS-09217000,2026-05-04 07:00:00+00:00,,518.5,727.0
USGS-09217000,2026-05-04 08:00:00+00:00,,519.0,730.0
USGS-09217000,2026-05-04 09:00:00+00:00,,518.5,733.0
USGS-09217000,2026-05-04 10:00:00+00:00,,517.0,733.0
USGS-09217000,2026-05-04 11:00:00+00:00,,517.5,729.5
USGS-09217000,2026-05-04 12:00:00+00:00,,518.0,733.0
USGS-09217000,2026-05-04 13:00:00+00:00,,518.0,736.0
USGS-09217000,2026-05-04 14:00:00+00:00,,518.0,735.5
USGS-09217000,2026-05-04 15:00:00+00:00,,517.0,732.0
USGS-09217000,2026-05-04 16:00:00+00:00,,515.0,732.0
USGS-09217000,2026-05-04 17:00:00+00:00,,512.5,732.0
USGS-09217000,2026-05-04 18:00:00+00:00,,514.0,732.0
USGS-09217000,2026-05-04 19:00:00+00:00,,512.0,732.0
USGS-09217000,2026-05-04 20:00:00+00:00,,512.0,732.0
USGS-09217000,2026-05-04 21:00:00+00:00,,511.5,738.0
USGS-09217000,2026-05-04 22:00:00+00:00,,510.0,738.0
USGS-09217000,2026-05-04 23:00:00+00:00,,511.5,738.0
USGS-09217000,2026-05-05 00:00:00+00:00,,510.0,738.0
USGS-09217000,2026-05-05 01:00:00+00:00,,510.0,738.0
USGS-09217000,2026-05-05 02:00:00+00:00,,512.5,737.0
USGS-09217000,2026-05-05 03:00:00+00:00,,511.5,737.0
USGS-09217000,2026-05-05 04:00:00+00:00,,514.5,734.0
USGS-09217000,2026-05-05 05:00:00+00:00,,515.0,737.0
USGS-09217000,2026-05-05 06:00:00+00:00,,517.5,737.0
USGS-09217000,2026-05-05 07:00:00+00:00,,517.0,740.0
USGS-09217000,2026-05-05 08:00:00+00:00,,517.0,737.0
USGS-09217000,2026-05-05 09:00:00+00:00,,514.5,730.0
USGS-09217000,2026-05-05 10:00:00+00:00,,517.5,737.0
USGS-09217000,2026-05-05 11:00:00+00:00,,516.5,733.0
USGS-09217000,2026-05-05 12:00:00+00:00,,515.0,733.0
USGS-09217000,2026-05-05 13:00:00+00:00,,514.0,736.0
USGS-09217000,2026-05-05 14:00:00+00:00,,513.5,736.0
USGS-09217000,2026-05-05 15:00:00+00:00,,514.5,742.0
USGS-09217000,2026-05-05 16:00:00+00:00,,514.5,752.0
USGS-09217000,2026-05-05 17:00:00+00:00,,513.5,765.0
USGS-09217000,2026-05-05 18:00:00+00:00,,510.5,768.0
USGS-09217000,2026-05-05 19:00:00+00:00,,512.0,774.0
USGS-09217000,2026-05-05 20:00:00+00:00,,513.0,781.0
USGS-09217000,2026-05-05 21:00:00+00:00,,509.5,781.0
USGS-09217000,2026-05-05 22:00:00+00:00,,507.5,794.0
USGS-09217000,2026-05-05 23:00:00+00:00,,507.0,800.0
USGS-09217000,2026-05-06 00:00:00+00:00,,504.5,800.0
USGS-09217000,2026-05-06 01:00:00+00:00,,503.5,807.0
USGS-09217000,2026-05-06 02:00:00+00:00,,505.0,807.0
USGS-09217000,2026-05-06 03:00:00+00:00,,506.5,800.0
USGS-09217000,2026-05-06 04:00:00+00:00,,506.0,799.5
USGS-09217000,2026-05-06 05:00:00+00:00,,503.5,796.0
USGS-09217000,2026-05-06 06:00:00+00:00,,505.5,806.0
USGS-09217000,2026-05-06 07:00:00+00:00,,504.0,820.0
USGS-09217000,2026-05-06 08:00:00+00:00,,506.0,820.0
USGS-09217000,2026-05-06 09:00:00+00:00,,505.0,816.5
USGS-09217000,2026-05-06 10:00:00+00:00,,508.0,806.0
USGS-09217000,2026-05-06 11:00:00+00:00,,507.0,799.0
USGS-09217000,2026-05-06 12:00:00+00:00,,505.5,792.0
USGS-09217000,2026-05-06 13:00:00+00:00,,505.5,788.5
USGS-09217000,2026-05-06 14:00:00+00:00,,506.5,785.0
USGS-09217000,2026-05-06 15:00:00+00:00,,506.5,782.0
USGS-09217000,2026-05-06 16:00:00+00:00,,507.0,778.5
USGS-09217000,2026-05-06 17:00:00+00:00,,503.5,785.0
USGS-09217000,2026-05-06 18:00:00+00:00,,503.5,785.0
USGS-09217000,2026-05-06 19:00:00+00:00,,504.0,781.5
USGS-09217000,2026-05-06 20:00:00+00:00,,501.0,775.0
USGS-09217000,2026-05-06 21:00:00+00:00,,504.0,774.5
USGS-09217000,2026-05-06 22:00:00+00:00,,504.0,771.0
USGS-09217000,2026-05-06 23:00:00+00:00,,505.5,774.5
USGS-09217000,2026-05-07 00:00:00+00:00,,506.5,778.0
USGS-09217000,2026-05-07 01:00:00+00:00,,508.0,777.0
USGS-09217000,2026-05-07 02:00:00+00:00,,509.5,777.0
USGS-09217000,2026-05-07 03:00:00+00:00,,509.5,771.0
USGS-09217000,2026-05-07 04:00:00+00:00,,512.0,771.0
USGS-09217000,2026-05-07 05:00:00+00:00,,511.5,767.0
USGS-09217000,2026-05-07 06:00:00+00:00,,510.5,764.0
USGS-09217000,2026-05-07 07:00:00+00:00,,510.0,764.0
USGS-09217000,2026-05-07 08:00:00+00:00,,513.0,764.0
USGS-09217000,2026-05-07 09:00:00+00:00,,516.0,760.0
USGS-09217000,2026-05-07 10:00:00+00:00,,514.0,757.0
USGS-09217000,2026-05-07 11:00:00+00:00,,515.0,757.0
USGS-09217000,2026-05-07 12:00:00+00:00,,516.5,753.5
USGS-09217000,2026-05-07 13:00:00+00:00,,518.0,750.0
USGS-09217000,2026-05-07 14:00:00+00:00,,517.0,750.0
USGS-09217000,2026-05-07 15:00:00+00:00,,518.0,743.0
USGS-09217000,2026-05-07 16:00:00+00:00,,516.0,743.0
USGS-09217000,2026-05-07 17:00:00+00:00,,512.0,743.0
USGS-09217000,2026-05-07 18:00:00+00:00,,511.5,743.0
USGS-09217000,2026-05-07 19:00:00+00:00,,514.0,743.0
USGS-09217000,2026-05-07 20:00:00+00:00,,514.0,743.0
USGS-09217000,2026-05-07 21:00:00+00:00,,511.0,746.0
USGS-09217000,2026-05-07 22:00:00+00:00,,511.0,742.0
USGS-09217000,2026-05-07 23:00:00+00:00,,510.5,745.5
USGS-09217000,2026-05-08 00:00:00+00:00,,508.0,742.0
USGS-09217000,2026-05-08 01:00:00+00:00,,513.0,736.0
USGS-09217000,2026-05-08 02:00:00+00:00,,514.0,742.0
USGS-09217000,2026-05-08 03:00:00+00:00,,513.0,738.5
USGS-09217000,2026-05-08 04:00:00+00:00,,512.0,735.0
USGS-09217000,2026-05-08 05:00:00+00:00,,513.0,732.0
USGS-09217000,2026-05-08 06:00:00+00:00,,516.0,728.5
USGS-09217000,2026-05-08 07:00:00+00:00,,516.0,728.0
USGS-09217000,2026-05-08 08:00:00+00:00,,516.5,728.0
USGS-09217000,2026-05-08 09:00:00+00:00,,517.0,728.0
USGS-09217000,2026-05-08 10:00:00+00:00,,516.5,728.0
USGS-09217000,2026-05-08 11:00:00+00:00,,516.5,728.0
USGS-09217000,2026-05-08 12:00:00+00:00,,520.0,728.0
USGS-09217000,2026-05-08 13:00:00+00:00,,520.0,728.0
USGS-09217000,2026-05-08 14:00:00+00:00,,516.5,728.0
USGS-09217000,2026-05-08 15:00:00+00:00,,514.0,727.0
USGS-09217000,2026-05-08 16:00:00+00:00,,516.5,730.5
USGS-09217000,2026-05-08 17:00:00+00:00,,514.0,737.0
USGS-09217000,2026-05-08 18:00:00+00:00,,512.0,740.0
USGS-09217000,2026-05-08 19:00:00+00:00,,510.5,746.0
USGS-09217000,2026-05-08 20:00:00+00:00,,510.5,749.5
USGS-09217000,2026-05-08 21:00:00+00:00,,508.0,746.0
USGS-09217000,2026-05-08 22:00:00+00:00,,513.5,746.0
USGS-09217000,2026-05-08 23:00:00+00:00,,511.0,746.0
USGS-09217000,2026-05-09 00:00:00+00:00,,511.0,742.5
USGS-09217000,2026-05-09 01:00:00+00:00,,509.0,739.0
USGS-09217000,2026-05-09 02:00:00+00:00,,509.5,739.0
USGS-09217000,2026-05-09 03:00:00+00:00,,512.5,742.0
USGS-09217000,2026-05-09 04:00:00+00:00,,513.5,745.0
USGS-09217000,2026-05-09 05:00:00+00:00,,513.5,745.0
USGS-09217000,2026-05-09 06:00:00+00:00,,513.0,742.0
USGS-09217000,2026-05-09 07:00:00+00:00,,515.5,739.0
USGS-09217000,2026-05-09 08:00:00+00:00,,512.5,745.0
USGS-09217000,2026-05-09 09:00:00+00:00,,516.0,745.0
USGS-09217000,2026-05-09 10:00:00+00:00,,515.5,751.0
USGS-09217000,2026-05-09 11:00:00+00:00,,516.0,751.0
USGS-09217000,2026-05-09 12:00:00+00:00,,516.5,751.0
USGS-09217000,2026-05-09 13:00:00+00:00,,515.5,744.0
USGS-09217000,2026-05-09 14:00:00+00:00,,516.0,747.5
USGS-09217000,2026-05-09 15:00:00+00:00,,516.0,751.0
USGS-09217000,2026-05-09 16:00:00+00:00,,514.5,751.0
USGS-09217000,2026-05-09 17:00:00+00:00,,512.5,757.0
USGS-09217000,2026-05-09 18:00:00+00:00,,514.0,753.5
USGS-09217000,2026-05-09 19:00:00+00:00,,514.0,757.0
USGS-09217000,2026-05-09 20:00:00+00:00,,514.5,750.0
USGS-09217000,2026-05-09 21:00:00+00:00,,514.0,750.0
USGS-09217000,2026-05-09 22:00:00+00:00,,516.0,750.0
USGS-09217000,2026-05-09 23:00:00+00:00,,514.0,750.0
USGS-09217000,2026-05-10 00:00:00+00:00,,519.5,746.5
USGS-09217000,2026-05-10 01:00:00+00:00,,518.0,743.0
USGS-09217000,2026-05-10 02:00:00+00:00,,517.0,743.0
USGS-09217000,2026-05-10 03:00:00+00:00,,518.0,743.0
USGS-09217000,2026-05-10 04:00:00+00:00,,521.5,743.0
USGS-09217000,2026-05-10 05:00:00+00:00,,518.5,742.0
USGS-09217000,2026-05-10 06:00:00+00:00,,519.0,742.0
USGS-09217000,2026-05-10 07:00:00+00:00,,519.5,745.5
USGS-09217000,2026-05-10 08:00:00+00:00,,521.0,749.0
USGS-09217000,2026-05-10 09:00:00+00:00,,523.0,749.0
USGS-09217000,2026-05-10 10:00:00+00:00,,520.0,748.0
USGS-09217000,2026-05-10 11:00:00+00:00,,517.0,748.0
USGS-09217000,2026-05-10 12:00:00+00:00,,520.5,748.0
USGS-09217000,2026-05-10 13:00:00+00:00,,520.0,748.0
USGS-09217000,2026-05-10 14:00:00+00:00,,520.0,748.0
USGS-09217000,2026-05-10 15:00:00+00:00,,520.0,751.0
USGS-09217000,2026-05-10 16:00:00+00:00,,517.5,754.0
USGS-09217000,2026-05-10 17:00:00+00:00,,516.5,754.0
USGS-09217000,2026-05-10 18:00:00+00:00,,515.0,754.0
USGS-09217000,2026-05-10 19:00:00+00:00,,516.0,754.0
USGS-09217000,2026-05-10 20:00:00+00:00,,515.0,754.0
USGS-09217000,2026-05-10 21:00:00+00:00,,511.0,747.0
USGS-09217000,2026-05-10 22:00:00+00:00,,510.5,747.0
USGS-09217000,2026-05-10 23:00:00+00:00,,512.0,747.0
USGS-09217000,2026-05-11 00:00:00+00:00,,514.0,747.0
USGS-09217000,2026-05-11 01:00:00+00:00,,512.0,747.0
USGS-09217000,2026-05-11 02:00:00+00:00,,510.5,746.5
USGS-09217000,2026-05-11 03:00:00+00:00,,510.5,746.0
USGS-09217000,2026-05-11 04:00:00+00:00,,512.0,746.0
USGS-09217000,2026-05-11 05:00:00+00:00,,509.5,749.5
USGS-09217000,2026-05-11 06:00:00+00:00,,512.0,749.5
USGS-09217000,2026-05-11 07:00:00+00:00,,512.5,746.0
USGS-09217000,2026-05-11 08:00:00+00:00,,512.0,749.0
USGS-09217000,2026-05-11 09:00:00+00:00,,511.5,746.0
USGS-09217000,2026-05-11 10:00:00+00:00,,510.5,746.0
USGS-09217000,2026-05-11 11:00:00+00:00,,509.0,748.5
USGS-09217000,2026-05-11 12:00:00+00:00,,510.0,745.0
USGS-09217000,2026-05-11 13:00:00+00:00,,510.5,752.0
USGS-09217000,2026-05-11 14:00:00+00:00,,510.0,752.0
USGS-09217000,2026-05-11 15:00:00+00:00,,508.5,754.5
USGS-09217000,2026-05-11 16:00:00+00:00,,509.5,758.0
USGS-09217000,2026-05-11 17:00:00+00:00,,509.5,761.0
USGS-09217000,2026-05-11 18:00:00+00:00,,507.0,764.0
USGS-09217000,2026-05-11 19:00:00+00:00,,506.0,764.0
USGS-09217000,2026-05-11 20:00:00+00:00,,505.5,760.5
USGS-09217000,2026-05-11 21:00:00+00:00,,505.5,757.0
USGS-09217000,2026-05-11 22:00:00+00:00,,505.5,754.0
USGS-09217000,2026-05-11 23:00:00+00:00,,505.0,751.0
USGS-09217000,2026-05-12 00:00:00+00:00,,503.5,750.0
USGS-09217000,2026-05-12 01:00:00+00:00,,504.0,750.0
USGS-09217000,2026-05-12 02:00:00+00:00,,505.5,750.0
USGS-09217000,2026-05-12 03:00:00+00:00,,503.5,744.0
USGS-09217000,2026-05-12 04:00:00+00:00,,505.0,737.0
USGS-09217000,2026-05-12 05:00:00+00:00,,503.0,737.0
USGS-09217000,2026-05-12 06:00:00+00:00,,500.0,737.0
USGS-09217000,2026-05-12 07:00:00+00:00,,501.0,737.0
USGS-09217000,2026-05-12 08:00:00+00:00,,504.0,736.5
USGS-09217000,2026-05-12 09:00:00+00:00,,504.5,739.5
USGS-09217000,2026-05-12 10:00:00+00:00,,502.5,743.0
USGS-09217000,2026-05-12 11:00:00+00:00,,501.5,746.0
USGS-09217000,2026-05-12 12:00:00+00:00,,504.5,749.0
USGS-09217000,2026-05-12 13:00:00+00:00,,507.0,749.0
USGS-09217000,2026-05-12 14:00:00+00:00,,503.5,752.0
USGS-09217000,2026-05-12 15:00:00+00:00,,502.0,755.0
USGS-09217000,2026-05-12 16:00:00+00:00,,505.0,762.0
USGS-09217000,2026-05-12 17:00:00+00:00,,502.0,761.0
USGS-09217000,2026-05-12 18:00:00+00:00,,502.0,755.0
USGS-09217000,2026-05-12 19:00:00+00:00,,501.5,755.0
USGS-09217000,2026-05-12 20:00:00+00:00,,502.5,748.0
USGS-09217000,2026-05-12 21:00:00+00:00,,499.5,748.0
USGS-09217000,2026-05-12 22:00:00+00:00,,502.5,748.0
USGS-09217000,2026-05-12 23:00:00+00:00,,503.0,748.0
USGS-09217000,2026-05-13 00:00:00+00:00,,503.0,748.0
USGS-09217000,2026-05-13 01:00:00+00:00,,502.5,747.5
USGS-09217000,2026-05-13 02:00:00+00:00,,502.5,754.0
USGS-09217000,2026-05-13 03:00:00+00:00,,502.0,750.5
USGS-09217000,2026-05-13 04:00:00+00:00,,503.5,747.0
USGS-09217000,2026-05-13 05:00:00+00:00,,504.0,747.0
USGS-09217000,2026-05-13 06:00:00+00:00,,504.0,747.0
USGS-09217000,2026-05-13 07:00:00+00:00,,504.0,747.0
USGS-09217000,2026-05-13 08:00:00+00:00,,505.5,747.0
USGS-09217000,2026-05-13 09:00:00+00:00,,505.0,747.0
USGS-09217000,2026-05-13 10:00:00+00:00,,505.0,746.0
USGS-09217000,2026-05-13 11:00:00+00:00,,505.0,746.0
USGS-09217000,2026-05-13 12:00:00+00:00,,507.0,746.0
USGS-09217000,2026-05-13 13:00:00+00:00,,507.0,746.0
USGS-09217000,2026-05-13 14:00:00+00:00,,506.0,746.0
USGS-09217000,2026-05-13 15:00:00+00:00,,504.0,746.0
USGS-09217000,2026-05-13 16:00:00+00:00,,504.5,746.0
USGS-09217000,2026-05-13 17:00:00+00:00,,503.5,746.0
USGS-09217000,2026-05-13 18:00:00+00:00,,500.5,745.0
USGS-09217000,2026-05-13 19:00:00+00:00,,502.5,742.0
USGS-09217000,2026-05-13 20:00:00+00:00,,502.0,735.5
USGS-09217000,2026-05-13 21:00:00+00:00,,502.0,735.5
USGS-09217000,2026-05-13 22:00:00+00:00,,501.0,732.0
USGS-09217000,2026-05-13 23:00:00+00:00,,500.0,732.0
USGS-09217000,2026-05-14 00:00:00+00:00,,501.0,728.5
USGS-09217000,2026-05-14 01:00:00+00:00,,501.0,732.0
USGS-09217000,2026-05-14 02:00:00+00:00,,501.0,732.0
USGS-09217000,2026-05-14 03:00:00+00:00,,501.5,731.0
USGS-09217000,2026-05-14 04:00:00+00:00,,502.0,731.0
USGS-09217000,2026-05-14 05:00:00+00:00,,502.0,738.0
USGS-09217000,2026-05-14 06:00:00+00:00,,502.5,731.0
USGS-09217000,2026-05-14 07:00:00+00:00,,500.0,731.0
USGS-09217000,2026-05-14 08:00:00+00:00,,499.5,731.0
USGS-09217000,2026-05-14 09:00:00+00:00,,503.5,731.0
USGS-09217000,2026-05-14 10:00:00+00:00,,503.5,731.0
USGS-09217000,2026-05-14 11:00:00+00:00,,502.0,730.0
USGS-09217000,2026-05-14 12:00:00+00:00,,503.0,730.0
USGS-09217000,2026-05-14 13:00:00+00:00,,502.5,737.0
USGS-09217000,2026-05-14 14:00:00+00:00,,503.5,730.0
USGS-09217000,2026-05-14 15:00:00+00:00,,503.0,730.0
USGS-09217000,2026-05-14 16:00:00+00:00,,503.0,730.0
USGS-09217000,2026-05-14 17:00:00+00:00,,502.0,733.0
USGS-09217000,2026-05-14 18:00:00+00:00,,502.5,736.0
USGS-09217000,2026-05-14 19:00:00+00:00,,502.0,730.0
USGS-09217000,2026-05-14 20:00:00+00:00,,502.0,729.0
USGS-09217000,2026-05-14 21:00:00+00:00,,501.5,726.0
USGS-09217000,2026-05-14 22:00:00+00:00,,499.5,723.0
USGS-09217000,2026-05-14 23:00:00+00:00,,500.5,723.0
USGS-09217000,2026-05-15 00:00:00+00:00,,499.0,722.0
USGS-09217000,2026-05-15 01:00:00+00:00,,502.0,719.0
USGS-09217000,2026-05-15 02:00:00+00:00,,501.0,722.0
USGS-09217000,2026-05-15 03:00:00+00:00,,502.5,722.0
USGS-09217000,2026-05-15 04:00:00+00:00,,503.0,722.0
USGS-09217000,2026-05-15 05:00:00+00:00,,504.0,722.0
USGS-09217000,2026-05-15 06:00:00+00:00,,503.0,715.0
USGS-09217000,2026-05-15 07:00:00+00:00,,502.5,715.0
USGS-09217000,2026-05-15 08:00:00+00:00,,503.5,715.0
USGS-09217000,2026-05-15 09:00:00+00:00,,502.5,715.0
USGS-09217000,2026-05-15 10:00:00+00:00,,501.0,715.0
USGS-09217000,2026-05-15 11:00:00+00:00,,502.5,715.0
USGS-09217000,2026-05-15 12:00:00+00:00,,503.0,718.0
USGS-09217000,2026-05-15 13:00:00+00:00,,505.0,721.0
USGS-09217000,2026-05-15 14:00:00+00:00,,505.5,727.0
USGS-09217000,2026-05-15 15:00:00+00:00,,505.0,734.0
USGS-09217000,2026-05-15 16:00:00+00:00,,504.0,734.0
USGS-09217000,2026-05-15 17:00:00+00:00,,500.0,733.0
USGS-09217000,2026-05-15 18:00:00+00:00,,500.0,730.0
USGS-09217000,2026-05-15 19:00:00+00:00,,502.0,730.0
USGS-09217000,2026-05-15 20:00:00+00:00,,498.0,727.0
USGS-09217000,2026-05-15 21:00:00+00:00,,501.5,720.0
USGS-09217000,2026-05-15 22:00:00+00:00,,500.5,720.0
USGS-09217000,2026-05-15 23:00:00+00:00,,500.5,716.5
USGS-09217000,2026-05-16 00:00:00+00:00,,500.5,713.0
USGS-09217000,2026-05-16 01:00:00+00:00,,500.0,713.0
USGS-09217000,2026-05-16 02:00:00+00:00,,500.0,706.0
USGS-09217000,2026-05-16 03:00:00+00:00,,499.0,709.5
USGS-09217000,2026-05-16 04:00:00+00:00,,500.0,713.0
USGS-09217000,2026-05-16 05:00:00+00:00,,499.0,713.0
USGS-09217000,2026-05-16 06:00:00+00:00,,502.0,712.0
USGS-09217000,2026-05-16 07:00:00+00:00,,503.0,712.0
USGS-09217000,2026-05-16 08:00:00+00:00,,503.0,712.0
USGS-09217000,2026-05-16 09:00:00+00:00,,501.0,712.0
USGS-09217000,2026-05-16 10:00:00+00:00,,502.5,712.0
USGS-09217000,2026-05-16 11:00:00+00:00,,503.0,712.0
USGS-09217000,2026-05-16 12:00:00+00:00,,501.5,715.0
USGS-09217000,2026-05-16 13:00:00+00:00,,502.0,718.0
USGS-09217000,2026-05-16 14:00:00+00:00,,503.0,718.0
USGS-09217000,2026-05-16 15:00:00+00:00,,502.0,724.0
USGS-09217000,2026-05-16 16:00:00+00:00,,498.5,731.0
USGS-09217000,2026-05-16 17:00:00+00:00,,498.5,737.0
USGS-09217000,2026-05-16 18:00:00+00:00,,498.0,737.0
USGS-09217000,2026-05-16 19:00:00+00:00,,497.5,737.0
USGS-09217000,2026-05-16 20:00:00+00:00,,498.0,730.0
USGS-09217000,2026-05-16 21:00:00+00:00,,496.0,730.0
USGS-09217000,2026-05-16 22:00:00+00:00,,497.0,727.0
USGS-09217000,2026-05-16 23:00:00+00:00,,496.0,723.0
USGS-09217000,2026-05-17 00:00:00+00:00,,498.0,723.0
USGS-09217000,2026-05-17 01:00:00+00:00,,497.0,723.0
USGS-09217000,2026-05-17 02:00:00+00:00,,498.0,723.0
USGS-09217000,2026-05-17 03:00:00+00:00,,497.0,723.0
USGS-09217000,2026-05-17 04:00:00+00:00,,499.0,723.0
USGS-09217000,2026-05-17 05:00:00+00:00,,500.5,719.5
USGS-09217000,2026-05-17 06:00:00+00:00,,499.0,716.0
USGS-09217000,2026-05-17 07:00:00+00:00,,498.0,716.0
USGS-09217000,2026-05-17 08:00:00+00:00,,499.0,722.0
USGS-09217000,2026-05-17 09:00:00+00:00,,498.5,722.0
USGS-09217000,2026-05-17 10:00:00+00:00,,499.0,722.0
USGS-09217000,2026-05-17 11:00:00+00:00,,499.0,722.0
USGS-09217000,2026-05-17 12:00:00+00:00,,500.0,722.0
USGS-09217000,2026-05-17 13:00:00+00:00,,499.5,728.0
USGS-09217000,2026-05-17 14:00:00+00:00,,499.0,728.0
USGS-09217000,2026-05-17 15:00:00+00:00,,498.5,728.0
USGS-09217000,2026-05-17 16:00:00+00:00,,498.0,734.0
USGS-09217000,2026-05-17 17:00:00+00:00,,499.5,734.0
USGS-09217000,2026-05-17 18:00:00+00:00,,498.5,734.0
USGS-09217000,2026-05-17 19:00:00+00:00,,501.0,731.0
USGS-09217000,2026-05-17 20:00:00+00:00,,502.0,727.0
USGS-09217000,2026-05-17 21:00:00+00:00,,501.5,727.0
USGS-09217000,2026-05-17 22:00:00+00:00,,501.5,727.0
USGS-09217000,2026-05-17 23:00:00+00:00,,501.0,734.0
USGS-09217000,2026-05-18 00:00:00+00:00,,500.0,733.0
USGS-09217000,2026-05-18 01:00:00+00:00,,500.0,740.0
USGS-09217000,2026-05-18 02:00:00+00:00,,500.0,740.0
USGS-09217000,2026-05-18 03:00:00+00:00,,497.0,743.0
USGS-09217000,2026-05-18 04:00:00+00:00,,496.5,742.5
USGS-09217000,2026-05-18 05:00:00+00:00,,496.0,739.0
USGS-09217000,2026-05-18 06:00:00+00:00,,497.0,733.0
USGS-09217000,2026-05-18 07:00:00+00:00,,497.5,736.0
USGS-09217000,2026-05-18 08:00:00+00:00,,497.5,742.0
USGS-09217000,2026-05-18 09:00:00+00:00,,498.0,735.5
USGS-09217000,2026-05-18 10:00:00+00:00,,498.0,748.5
USGS-09217000,2026-05-18 11:00:00+00:00,,501.0,745.0
USGS-09217000,2026-05-18 12:00:00+00:00,,498.0,752.0
USGS-09217000,2026-05-18 13:00:00+00:00,,495.0,758.0
USGS-09217000,2026-05-18 14:00:00+00:00,,493.0,758.0
USGS-09217000,2026-05-18 15:00:00+00:00,,493.0,764.0
USGS-09217000,2026-05-18 16:00:00+00:00,,495.5,764.0
USGS-09217000,2026-05-18 17:00:00+00:00,,495.5,757.5
USGS-09217000,2026-05-18 18:00:00+00:00,,495.0,751.0
USGS-09217000,2026-05-18 19:00:00+00:00,,493.0,751.0
USGS-09217000,2026-05-18 20:00:00+00:00,,497.0,751.0
USGS-09217000,2026-05-18 21:00:00+00:00,,497.0,750.5
USGS-09217000,2026-05-18 22:00:00+00:00,,496.0,757.0
USGS-09217000,2026-05-18 23:00:00+00:00,,498.0,763.0
USGS-09217000,2026-05-19 00:00:00+00:00,,496.0,766.5
USGS-09217000,2026-05-19 01:00:00+00:00,,494.0,770.0
USGS-09217000,2026-05-19 02:00:00+00:00,,494.0,776.0
USGS-09217000,2026-05-19 03:00:00+00:00,,497.0,779.0
USGS-09217000,2026-05-19 04:00:00+00:00,,497.0,776.0
USGS-09217000,2026-05-19 05:00:00+00:00,,497.0,776.0
USGS-09217000,2026-05-19 06:00:00+00:00,,496.5,782.0
USGS-09217000,2026-05-19 07:00:00+00:00,,497.0,782.0
USGS-09217000,2026-05-19 08:00:00+00:00,,496.5,782.0
USGS-09217000,2026-05-19 09:00:00+00:00,,498.0,775.0
USGS-09217000,2026-05-19 10:00:00+00:00,,499.0,771.5
USGS-09217000,2026-05-19 11:00:00+00:00,,499.0,768.0
USGS-09217000,2026-05-19 12:00:00+00:00,,495.5,762.0
USGS-09217000,2026-05-19 13:00:00+00:00,,496.0,762.0
USGS-09217000,2026-05-19 14:00:00+00:00,,497.5,758.0
USGS-09217000,2026-05-19 15:00:00+00:00,,496.5,755.0
USGS-09217000,2026-05-19 16:00:00+00:00,,495.5,755.0
USGS-09217000,2026-05-19 17:00:00+00:00,,496.0,748.0
USGS-09217000,2026-05-19 18:00:00+00:00,,495.0,748.0
USGS-09217000,2026-05-19 19:00:00+00:00,,494.0,748.0
USGS-09217000,2026-05-19 20:00:00+00:00,,493.0,751.0
USGS-09217000,2026-05-19 21:00:00+00:00,,493.5,754.0
USGS-09217000,2026-05-19 22:00:00+00:00,,494.0,754.0
USGS-09217000,2026-05-19 23:00:00+00:00,,492.0,747.0
USGS-09217000,2026-05-20 00:00:00+00:00,,492.0,747.0
USGS-09217000,2026-05-20 01:00:00+00:00,,492.5,747.0
USGS-09217000,2026-05-20 02:00:00+00:00,,493.0,747.0
USGS-09217000,2026-05-20 03:00:00+00:00,,492.5,743.5
USGS-09217000,2026-05-20 04:00:00+00:00,,496.0,740.0
USGS-09217000,2026-05-20 05:00:00+00:00,,492.0,740.0
USGS-09217000,2026-05-20 06:00:00+00:00,,496.0,740.0
USGS-09217000,2026-05-20 07:00:00+00:00,,499.5,736.5
USGS-09217000,2026-05-20 08:00:00+00:00,,500.5,733.0
USGS-09217000,2026-05-20 09:00:00+00:00,,501.0,733.0
USGS-09217000,2026-05-20 10:00:00+00:00,,502.0,730.0
USGS-09217000,2026-05-20 11:00:00+00:00,,501.5,733.0
USGS-09217000,2026-05-20 12:00:00+00:00,,506.5,729.5
USGS-09217000,2026-05-20 13:00:00+00:00,,503.5,733.0
USGS-09217000,2026-05-20 14:00:00+00:00,,506.0,726.0
USGS-09217000,2026-05-20 15:00:00+00:00,,504.0,726.0
USGS-09217000,2026-05-20 16:00:00+00:00,,504.0,719.0
USGS-09217000,2026-05-20 17:00:00+00:00,,503.0,726.0
USGS-09217000,2026-05-20 18:00:00+00:00,,502.5,719.0
USGS-09217000,2026-05-20 19:00:00+00:00,,506.0,722.5
USGS-09217000,2026-05-20 20:00:00+00:00,,508.0,709.0
USGS-09217000,2026-05-20 21:00:00+00:00,,508.0,706.0
USGS-09217000,2026-05-20 22:00:00+00:00,,506.0,702.5
USGS-09217000,2026-05-20 23:00:00+00:00,,503.0,699.0
USGS-09217000,2026-05-21 00:00:00+00:00,,505.0,699.0
USGS-09217000,2026-05-21 01:00:00+00:00,,506.5,699.0
USGS-09217000,2026-05-21 02:00:00+00:00,,503.5,699.0
USGS-09217000,2026-05-21 03:00:00+00:00,,503.5,699.0
USGS-09217000,2026-05-21 04:00:00+00:00,,505.0,698.5
USGS-09217000,2026-05-21 05:00:00+00:00,,505.5,698.0
USGS-09217000,2026-05-21 06:00:00+00:00,,508.0,698.0
USGS-09217000,2026-05-21 07:00:00+00:00,,509.5,698.0
USGS-09217000,2026-05-21 08:00:00+00:00,,510.0,698.0
USGS-09217000,2026-05-21 09:00:00+00:00,,507.5,698.0
USGS-09217000,2026-05-21 10:00:00+00:00,,507.5,698.0
USGS-09217000,2026-05-21 11:00:00+00:00,,509.5,698.0
USGS-09217000,2026-05-21 12:00:00+00:00,,509.0,698.0
USGS-09217000,2026-05-21 13:00:00+00:00,,512.0,697.0
USGS-09217000,2026-05-21 14:00:00+00:00,,512.0,697.0
USGS-09217000,2026-05-21 15:00:00+00:00,,510.5,697.0
USGS-09217000,2026-05-21 16:00:00+00:00,,510.0,697.0
USGS-09217000,2026-05-21 17:00:00+00:00,,506.0,697.0
USGS-09217000,2026-05-21 18:00:00+00:00,,509.0,703.0
USGS-09217000,2026-05-21 19:00:00+00:00,,507.0,703.0
USGS-09217000,2026-05-21 20:00:00+00:00,,507.0,703.0
USGS-09217000,2026-05-21 21:00:00+00:00,,505.0,703.0
USGS-09217000,2026-05-21 22:00:00+00:00,,505.0,703.0
USGS-09217000,2026-05-21 23:00:00+00:00,,503.5,703.0
USGS-09217000,2026-05-22 00:00:00+00:00,,503.5,703.0
USGS-09217000,2026-05-22 01:00:00+00:00,,502.0,696.0
USGS-09217000,2026-05-22 02:00:00+00:00,,504.5,696.0
USGS-09217000,2026-05-22 03:00:00+00:00,,506.0,696.0
USGS-09217000,2026-05-22 04:00:00+00:00,,505.0,696.0
USGS-09217000,2026-05-22 05:00:00+00:00,,504.0,696.0
USGS-09217000,2026-05-22 06:00:00+00:00,,509.0,695.0
USGS-09217000,2026-05-22 07:00:00+00:00,,509.0,695.0
USGS-09217000,2026-05-22 08:00:00+00:00,,510.0,695.0
USGS-09217000,2026-05-22 09:00:00+00:00,,507.5,695.0
USGS-09217000,2026-05-22 10:00:00+00:00,,507.0,695.0
USGS-09217000,2026-05-22 11:00:00+00:00,,508.0,688.0
USGS-09217000,2026-05-22 12:00:00+00:00,,509.5,688.0
USGS-09217000,2026-05-22 13:00:00+00:00,,509.5,688.0
USGS-09217000,2026-05-22 14:00:00+00:00,,509.0,688.0
USGS-09217000,2026-05-22 15:00:00+00:00,,509.0,694.0
USGS-09217000,2026-05-22 16:00:00+00:00,,508.0,697.5
USGS-09217000,2026-05-22 17:00:00+00:00,,508.0,701.0
USGS-09217000,2026-05-22 18:00:00+00:00,,507.0,697.5
USGS-09217000,2026-05-22 19:00:00+00:00,,506.5,694.0
USGS-09217000,2026-05-22 20:00:00+00:00,,507.0,694.0
USGS-09217000,2026-05-22 21:00:00+00:00,,507.0,694.0
USGS-09217000,2026-05-22 22:00:00+00:00,,505.0,694.0
USGS-09217000,2026-05-22 23:00:00+00:00,,508.0,693.5
USGS-09217000,2026-05-23 00:00:00+00:00,,508.0,693.0
USGS-09217000,2026-05-23 01:00:00+00:00,,508.0,687.0
USGS-09217000,2026-05-23 02:00:00+00:00,,505.0,687.0
USGS-09217000,2026-05-23 03:00:00+00:00,,506.5,687.0
USGS-09217000,2026-05-23 04:00:00+00:00,,507.5,689.5
USGS-09217000,2026-05-23 05:00:00+00:00,,509.0,693.0
USGS-09217000,2026-05-23 06:00:00+00:00,,509.0,693.0
USGS-09217000,2026-05-23 07:00:00+00:00,,509.0,693.0
USGS-09217000,2026-05-23 08:00:00+00:00,,507.0,692.0
USGS-09217000,2026-05-23 09:00:00+00:00,,507.0,692.0
USGS-09217000,2026-05-23 10:00:00+00:00,,509.5,686.0
USGS-09217000,2026-05-23 11:00:00+00:00,,508.5,686.0
USGS-09217000,2026-05-23 12:00:00+00:00,,511.0,685.0
USGS-09217000,2026-05-23 13:00:00+00:00,,510.5,685.0
USGS-09217000,2026-05-23 14:00:00+00:00,,511.5,685.0
USGS-09217000,2026-05-23 15:00:00+00:00,,510.0,692.0
USGS-09217000,2026-05-23 16:00:00+00:00,,509.0,691.5
USGS-09217000,2026-05-23 17:00:00+00:00,,509.5,691.0
USGS-09217000,2026-05-23 18:00:00+00:00,,509.0,691.0
USGS-09217000,2026-05-23 19:00:00+00:00,,508.5,691.0
USGS-09217000,2026-05-23 20:00:00+00:00,,508.0,688.0
USGS-09217000,2026-05-23 21:00:00+00:00,,507.5,691.0
USGS-09217000,2026-05-23 22:00:00+00:00,,507.0,691.0
USGS-09217000,2026-05-23 23:00:00+00:00,,509.0,684.0
USGS-09217000,2026-05-24 00:00:00+00:00,,508.0,678.0
USGS-09217000,2026-05-24 01:00:00+00:00,,510.5,677.0
USGS-09217000,2026-05-24 02:00:00+00:00,,511.0,677.0
USGS-09217000,2026-05-24 03:00:00+00:00,,510.0,674.0
USGS-09217000,2026-05-24 04:00:00+00:00,,510.5,671.0
USGS-09217000,2026-05-24 05:00:00+00:00,,508.5,671.0
USGS-09217000,2026-05-24 06:00:00+00:00,,509.0,670.0
USGS-09217000,2026-05-24 07:00:00+00:00,,508.5,670.0
USGS-09217000,2026-05-24 08:00:00+00:00,,509.0,670.0
USGS-09217000,2026-05-24 09:00:00+00:00,,508.5,670.0
USGS-09217000,2026-05-24 10:00:00+00:00,,510.0,670.0
USGS-09217000,2026-05-24 11:00:00+00:00,,513.0,670.0
USGS-09217000,2026-05-24 12:00:00+00:00,,513.0,670.0
USGS-09217000,2026-05-24 13:00:00+00:00,,513.0,670.0
USGS-09217000,2026-05-24 14:00:00+00:00,,512.0,669.5
USGS-09217000,2026-05-24 15:00:00+00:00,,509.5,669.0
USGS-09217000,2026-05-24 16:00:00+00:00,,511.0,669.0
USGS-09217000,2026-05-24 17:00:00+00:00,,510.5,672.5
USGS-09217000,2026-05-24 18:00:00+00:00,,510.0,675.0
USGS-09217000,2026-05-24 19:00:00+00:00,,509.0,675.0
USGS-09217000,2026-05-24 20:00:00+00:00,,507.0,672.0
USGS-09217000,2026-05-24 21:00:00+00:00,,506.5,675.0
USGS-09217000,2026-05-24 22:00:00+00:00,,493.0,669.0
USGS-09217000,2026-05-24 23:00:00+00:00,,493.5,668.5
USGS-09217000,2026-05-25 00:00:00+00:00,,496.5,665.0
USGS-09217000,2026-05-25 01:00:00+00:00,,494.0,668.0
USGS-09217000,2026-05-25 02:00:00+00:00,,498.0,665.0
USGS-09217000,2026-05-25 03:00:00+00:00,,495.5,668.0
USGS-09217000,2026-05-25 04:00:00+00:00,,494.0,668.0
USGS-09217000,2026-05-25 05:00:00+00:00,,495.5,674.0
USGS-09217000,2026-05-25 06:00:00+00:00,,494.5,674.0
USGS-09217000,2026-05-25 07:00:00+00:00,,489.5,674.0
USGS-09217000,2026-05-25 08:00:00+00:00,,490.0,674.0
USGS-09217000,2026-05-25 09:00:00+00:00,,485.5,674.0
USGS-09217000,2026-05-25 10:00:00+00:00,,488.0,674.0
USGS-09217000,2026-05-25 11:00:00+00:00,,491.5,680.0
USGS-09217000,2026-05-25 12:00:00+00:00,,486.0,680.0
USGS-09217000,2026-05-25 13:00:00+00:00,,491.5,680.0
USGS-09217000,2026-05-25 14:00:00+00:00,,497.0,680.0
USGS-09217000,2026-05-25 15:00:00+00:00,,498.0,679.5
USGS-09217000,2026-05-25 16:00:00+00:00,,495.5,679.0
USGS-09217000,2026-05-25 17:00:00+00:00,,498.0,682.5
USGS-09217000,2026-05-25 18:00:00+00:00,,494.0,686.0
USGS-09217000,2026-05-25 19:00:00+00:00,,494.0,685.5
USGS-09217000,2026-05-25 20:00:00+00:00,,483.5,685.0
USGS-09217000,2026-05-25 21:00:00+00:00,,482.0,679.0
USGS-09217000,2026-05-25 22:00:00+00:00,,483.5,679.0
USGS-09217000,2026-05-25 23:00:00+00:00,,483.0,679.0
USGS-09217000,2026-05-26 00:00:00+00:00,,485.0,678.0
USGS-09217000,2026-05-26 01:00:00+00:00,,485.0,678.0
USGS-09217000,2026-05-26 02:00:00+00:00,,488.5,678.0
USGS-09217000,2026-05-26 03:00:00+00:00,,489.0,678.0
USGS-09217000,2026-05-26 04:00:00+00:00,,497.5,678.0
USGS-09217000,2026-05-26 05:00:00+00:00,,487.5,678.0
USGS-09217000,2026-05-26 06:00:00+00:00,,486.5,678.0
USGS-09217000,2026-05-26 07:00:00+00:00,,487.0,678.0
USGS-09217000,2026-05-26 08:00:00+00:00,,488.5,677.5
USGS-09217000,2026-05-26 09:00:00+00:00,,487.5,677.0
USGS-09217000,2026-05-26 10:00:00+00:00,,485.0,677.0
USGS-09217000,2026-05-26 11:00:00+00:00,,491.0,677.0
USGS-09217000,2026-05-26 12:00:00+00:00,,490.5,677.0
USGS-09217000,2026-05-26 13:00:00+00:00,,492.0,673.5
USGS-09217000,2026-05-26 14:00:00+00:00,,486.5,673.5
USGS-09217000,2026-05-26 15:00:00+00:00,,488.5,677.0
USGS-09217000,2026-05-26 16:00:00+00:00,,490.5,677.0
USGS-09217000,2026-05-26 17:00:00+00:00,,487.0,676.0
USGS-09217000,2026-05-26 18:00:00+00:00,,486.0,673.0
USGS-09217000,2026-05-26 19:00:00+00:00,,485.0,676.0
USGS-09217000,2026-05-26 20:00:00+00:00,,487.0,670.0
USGS-09217000,2026-05-26 21:00:00+00:00,,485.5,673.0
USGS-09217000,2026-05-26 22:00:00+00:00,,483.0,676.0
USGS-09217000,2026-05-26 23:00:00+00:00,,481.5,672.5
USGS-09217000,2026-05-27 00:00:00+00:00,,494.0,672.5
USGS-09217000,2026-05-27 01:00:00+00:00,,485.5,669.0
USGS-09217000,2026-05-27 02:00:00+00:00,,486.5,669.0
USGS-09217000,2026-05-27 03:00:00+00:00,,485.5,669.0
USGS-09217000,2026-05-27 04:00:00+00:00,,484.5,666.0
USGS-09217000,2026-05-27 05:00:00+00:00,,478.0,663.0
USGS-09217000,2026-05-27 06:00:00+00:00,,484.0,663.0
USGS-09217000,2026-05-27 07:00:00+00:00,,479.5,662.0
USGS-09217000,2026-05-27 08:00:00+00:00,,485.5,662.0
USGS-09217000,2026-05-27 09:00:00+00:00,,477.5,662.0
USGS-09217000,2026-05-27 10:00:00+00:00,,481.0,662.0
USGS-09217000,2026-05-27 11:00:00+00:00,,475.0,668.0
USGS-09217000,2026-05-27 12:00:00+00:00,,481.0,668.0
USGS-09217000,2026-05-27 13:00:00+00:00,,478.0,668.0
USGS-09217000,2026-05-27 14:00:00+00:00,,473.5,662.0
USGS-09217000,2026-05-27 15:00:00+00:00,,469.0,668.0
USGS-09217000,2026-05-27 16:00:00+00:00,,475.5,667.0
USGS-09217000,2026-05-27 17:00:00+00:00,,476.5,667.0
USGS-09217000,2026-05-27 18:00:00+00:00,,477.5,667.0
USGS-09217000,2026-05-27 19:00:00+00:00,,481.0,667.0
USGS-09217000,2026-05-27 20:00:00+00:00,,475.5,667.0
USGS-09217000,2026-05-27 21:00:00+00:00,,477.5,667.0
USGS-09217000,2026-05-27 22:00:00+00:00,,476.5,661.0
USGS-09217000,2026-05-27 23:00:00+00:00,,479.5,661.0
USGS-09217000,2026-05-28 00:00:00+00:00,,480.0,661.0
USGS-09217000,2026-05-28 01:00:00+00:00,,473.0,657.5
USGS-09217000,2026-05-28 02:00:00+00:00,,471.5,654.0
USGS-09217000,2026-05-28 03:00:00+00:00,,474.0,654.0
USGS-09217000,2026-05-28 04:00:00+00:00,,477.5,654.0
USGS-09217000,2026-05-28 05:00:00+00:00,,485.5,645.0
USGS-09217000,2026-05-28 06:00:00+00:00,,484.0,642.0
USGS-09217000,2026-05-28 07:00:00+00:00,,483.0,642.0
USGS-09217000,2026-05-28 08:00:00+00:00,,474.5,636.0
USGS-09217000,2026-05-28 09:00:00+00:00,,478.5,639.0
USGS-09217000,2026-05-28 10:00:00+00:00,,471.0,638.5
USGS-09217000,2026-05-28 11:00:00+00:00,,468.5,641.0
USGS-09217000,2026-05-28 12:00:00+00:00,,472.0,641.0
USGS-09217000,2026-05-28 13:00:00+00:00,,468.0,641.0
USGS-09217000,2026-05-28 14:00:00+00:00,,470.5,653.0
USGS-09217000,2026-05-28 15:00:00+00:00,,459.0,662.0
USGS-09217000,2026-05-28 16:00:00+00:00,,467.0,665.0
USGS-09217000,2026-05-28 17:00:00+00:00,,467.0,665.0
USGS-09217000,2026-05-28 18:00:00+00:00,,463.0,665.0
USGS-09217000,2026-05-28 19:00:00+00:00,,467.0,665.0
USGS-09217000,2026-05-28 20:00:00+00:00,,459.0,658.0
USGS-09217000,2026-05-28 21:00:00+00:00,,465.5,658.0
USGS-09217000,2026-05-28 22:00:00+00:00,,455.0,652.0
USGS-09217000,2026-05-28 23:00:00+00:00,,467.0,652.0
USGS-09217000,2026-05-29 00:00:00+00:00,,466.0,652.0
USGS-09217000,2026-05-29 01:00:00+00:00,,458.5,646.0
USGS-09217000,2026-05-29 02:00:00+00:00,,454.5,646.0
USGS-09217000,2026-05-29 03:00:00+00:00,,458.0,646.0
USGS-09217000,2026-05-29 04:00:00+00:00,,460.5,646.0
USGS-09217000,2026-05-29 05:00:00+00:00,,474.0,645.0
USGS-09217000,2026-05-29 06:00:00+00:00,,482.0,645.0
USGS-09217000,2026-05-29 07:00:00+00:00,,485.5,639.0
USGS-09217000,2026-05-29 08:00:00+00:00,,484.0,639.0
USGS-09217000,2026-05-29 09:00:00+00:00,,472.5,639.0
USGS-09217000,2026-05-29 10:00:00+00:00,,463.5,627.0
USGS-09217000,2026-05-29 11:00:00+00:00,,473.5,618.0
USGS-09217000,2026-05-29 12:00:00+00:00,,470.0,612.0
USGS-09217000,2026-05-29 13:00:00+00:00,,471.0,608.0
USGS-09217000,2026-05-29 14:00:00+00:00,,464.5,602.0
USGS-09217000,2026-05-29 15:00:00+00:00,,465.5,592.0
USGS-09217000,2026-05-29 16:00:00+00:00,,466.0,589.0
USGS-09217000,2026-05-29 17:00:00+00:00,,467.0,585.0
USGS-09217000,2026-05-29 18:00:00+00:00,,469.0,582.0
USGS-09217000,2026-05-29 19:00:00+00:00,,466.0,588.0
USGS-09217000,2026-05-29 20:00:00+00:00,,468.0,598.0
USGS-09217000,2026-05-29 21:00:00+00:00,,469.5,614.0
USGS-09217000,2026-05-29 22:00:00+00:00,,477.0,614.0
USGS-09217000,2026-05-29 23:00:00+00:00,,480.0,613.5
USGS-09217000,2026-05-30 00:00:00+00:00,,473.5,607.0
USGS-09217000,2026-05-30 01:00:00+00:00,,472.5,607.0
USGS-09217000,2026-05-30 02:00:00+00:00,,476.0,600.0
USGS-09217000,2026-05-30 03:00:00+00:00,,477.0,597.0
USGS-09217000,2026-05-30 04:00:00+00:00,,479.5,590.5
USGS-09217000,2026-05-30 05:00:00+00:00,,481.0,587.0
USGS-09217000,2026-05-30 06:00:00+00:00,,481.5,587.0
USGS-09217000,2026-05-30 07:00:00+00:00,,480.5,593.0
USGS-09217000,2026-05-30 08:00:00+00:00,,484.5,593.0
USGS-09217000,2026-05-30 09:00:00+00:00,,481.5,600.0
USGS-09217000,2026-05-30 10:00:00+00:00,,480.5,599.0
USGS-09217000,2026-05-30 11:00:00+00:00,,484.5,599.0
USGS-09217000,2026-05-30 12:00:00+00:00,,482.5,599.0
USGS-09217000,2026-05-30 13:00:00+00:00,,488.5,599.0
USGS-09217000,2026-05-30 14:00:00+00:00,,495.0,602.0
USGS-09217000,2026-05-30 15:00:00+00:00,,497.5,608.5
USGS-09217000,2026-05-30 16:00:00+00:00,,494.0,618.0
USGS-09217000,2026-05-30 17:00:00+00:00,,492.0,608.5
USGS-09217000,2026-05-30 18:00:00+00:00,,493.0,605.0
USGS-09217000,2026-05-30 19:00:00+00:00,,498.5,598.0
USGS-09217000,2026-05-30 20:00:00+00:00,,502.0,595.0
USGS-09217000,2026-05-30 21:00:00+00:00,,502.0,598.0
USGS-09217000,2026-05-30 22:00:00+00:00,,502.0,601.5
USGS-09217000,2026-05-30 23:00:00+00:00,,503.5,604.0
USGS-09217000,2026-05-31 00:00:00+00:00,,501.5,607.5
USGS-09217000,2026-05-31 01:00:00+00:00,,501.0,604.0
USGS-09217000,2026-05-31 02:00:00+00:00,,502.0,611.0
USGS-09217000,2026-05-31 03:00:00+00:00,,500.0,604.0
USGS-09217000,2026-05-31 04:00:00+00:00,,501.5,604.0
USGS-09217000,2026-05-31 05:00:00+00:00,,499.5,597.0
USGS-09217000,2026-05-31 06:00:00+00:00,,501.5,597.0
USGS-09217000,2026-05-31 07:00:00+00:00,,493.5,597.0
USGS-09217000,2026-05-31 08:00:00+00:00,,497.0,603.0
USGS-09217000,2026-05-31 09:00:00+00:00,,498.0,603.0
USGS-09217000,2026-05-31 10:00:00+00:00,,500.0,603.0
USGS-09217000,2026-05-31 11:00:00+00:00,,501.0,603.0
USGS-09217000,2026-05-31 12:00:00+00:00,,501.0,603.0
USGS-09217000,2026-05-31 13:00:00+00:00,,502.0,603.0
USGS-09217000,2026-05-31 14:00:00+00:00,,502.0,599.5
USGS-09217000,2026-05-31 15:00:00+00:00,,502.0,599.5
USGS-09217000,2026-05-31 16:00:00+00:00,,501.5,602.0
USGS-09217000,2026-05-31 17:00:00+00:00,,499.5,609.0
USGS-09217000,2026-05-31 18:00:00+00:00,,498.0,609.0
USGS-09217000,2026-05-31 19:00:00+00:00,,498.0,605.5
USGS-09217000,2026-05-31 20:00:00+00:00,,500.0,602.0
USGS-09217000,2026-05-31 21:00:00+00:00,,500.0,595.0
USGS-09217000,2026-05-31 22:00:00+00:00,,500.5,595.0
USGS-09217000,2026-05-31 23:00:00+00:00,,500.0,589.0
USGS-09217000,2026-06-01 00:00:00+00:00,,499.5,582.0
USGS-09217000,2026-06-01 01:00:00+00:00,,499.5,582.0
USGS-09217000,2026-06-01 02:00:00+00:00,,501.0,582.0
USGS-09217000,2026-06-01 03:00:00+00:00,,504.5,582.0
USGS-09217000,2026-06-01 04:00:00+00:00,,504.0,588.0
USGS-09217000,2026-06-01 05:00:00+00:00,,504.5,588.0
USGS-09217000,2026-06-01 06:00:00+00:00,,504.0,588.0
USGS-09217000,2026-06-01 07:00:00+00:00,,506.0,584.5
USGS-09217000,2026-06-01 08:00:00+00:00,,506.5,581.0
USGS-09217000,2026-06-01 09:00:00+00:00,,505.0,581.0
USGS-09217000,2026-06-01 10:00:00+00:00,,499.5,581.0
USGS-09217000,2026-06-01 11:00:00+00:00,,496.5,574.0
USGS-09217000,2026-06-01 12:00:00+00:00,,502.0,574.0
USGS-09217000,2026-06-01 13:00:00+00:00,,501.5,574.0
USGS-09217000,2026-06-01 14:00:00+00:00,,501.0,574.0
USGS-09217000,2026-06-01 15:00:00+00:00,,501.5,570.5
USGS-09217000,2026-06-01 16:00:00+00:00,,503.0,574.0
USGS-09217000,2026-06-01 17:00:00+00:00,,502.5,573.0
USGS-09217000,2026-06-01 18:00:00+00:00,,504.5,580.0
USGS-09217000,2026-06-01 19:00:00+00:00,,504.0,573.0
USGS-09217000,2026-06-01 20:00:00+00:00,,504.5,567.0
USGS-09217000,2026-06-01 21:00:00+00:00,,504.5,560.0
USGS-09217000,2026-06-01 22:00:00+00:00,,505.5,563.0
USGS-09217000,2026-06-01 23:00:00+00:00,,506.5,566.0
USGS-09217000,2026-06-02 00:00:00+00:00,,507.0,569.5
USGS-09217000,2026-06-02 01:00:00+00:00,,506.5,573.0
USGS-09217000,2026-06-02 02:00:00+00:00,,500.0,572.0
USGS-09217000,2026-06-02 03:00:00+00:00,,500.5,572.0
USGS-09217000,2026-06-02 04:00:00+00:00,,496.0,572.0
USGS-09217000,2026-06-02 05:00:00+00:00,,495.5,572.0
USGS-09217000,2026-06-02 06:00:00+00:00,,503.5,572.0
USGS-09217000,2026-06-02 07:00:00+00:00,,503.0,572.0
USGS-09217000,2026-06-02 08:00:00+00:00,,501.5,572.0
USGS-09217000,2026-06-02 09:00:00+00:00,,498.0,572.0
USGS-09217000,2026-06-02 10:00:00+00:00,,498.0,568.0
USGS-09217000,2026-06-02 11:00:00+00:00,,498.0,565.0
USGS-09217000,2026-06-02 12:00:00+00:00,,494.0,568.0
USGS-09217000,2026-06-02 13:00:00+00:00,,495.5,571.0
USGS-09217000,2026-06-02 14:00:00+00:00,,498.0,574.0
USGS-09217000,2026-06-02 15:00:00+00:00,,496.0,577.0
USGS-09217000,2026-06-02 16:00:00+00:00,,494.0,580.5
USGS-09217000,2026-06-02 17:00:00+00:00,,494.0,584.0
USGS-09217000,2026-06-02 18:00:00+00:00,,493.0,584.0
USGS-09217000,2026-06-02 19:00:00+00:00,,490.0,583.0
USGS-09217000,2026-06-02 20:00:00+00:00,,491.5,583.0
USGS-09217000,2026-06-02 21:00:00+00:00,,493.0,580.0
USGS-09217000,2026-06-02 22:00:00+00:00,,493.5,580.0
USGS-09217000,2026-06-02 23:00:00+00:00,,495.5,576.0
USGS-09217000,2026-06-03 00:00:00+00:00,,495.0,570.0
USGS-09217000,2026-06-03 01:00:00+00:00,,496.5,570.0
USGS-09217000,2026-06-03 02:00:00+00:00,,496.5,570.0
USGS-09217000,2026-06-03 03:00:00+00:00,,490.5,569.0
USGS-09217000,2026-06-03 04:00:00+00:00,,492.0,563.0
USGS-09217000,2026-06-03 05:00:00+00:00,,491.0,563.0
USGS-09217000,2026-06-03 06:00:00+00:00,,493.0,563.0
USGS-09217000,2026-06-03 07:00:00+00:00,,485.0,562.5
USGS-09217000,2026-06-03 08:00:00+00:00,,484.5,562.0
USGS-09217000,2026-06-03 09:00:00+00:00,,489.0,562.0
USGS-09217000,2026-06-03 10:00:00+00:00,,495.5,562.0
USGS-09217000,2026-06-03 11:00:00+00:00,,497.0,562.0
USGS-09217000,2026-06-03 12:00:00+00:00,,498.0,558.5
USGS-09217000,2026-06-03 13:00:00+00:00,,496.0,562.0
USGS-09217000,2026-06-03 14:00:00+00:00,,496.0,562.0
USGS-09217000,2026-06-03 15:00:00+00:00,,495.0,568.0
USGS-09217000,2026-06-03 16:00:00+00:00,,493.5,568.0
USGS-09217000,2026-06-03 17:00:00+00:00,,495.0,574.0
USGS-09217000,2026-06-03 18:00:00+00:00,,495.0,574.0
USGS-09217000,2026-06-03 19:00:00+00:00,,493.5,574.0
USGS-09217000,2026-06-03 20:00:00+00:00,,494.5,567.0
USGS-09217000,2026-06-03 21:00:00+00:00,,495.5,567.0
USGS-09217000,2026-06-03 22:00:00+00:00,,497.0,564.0
USGS-09217000,2026-06-03 23:00:00+00:00,,495.5,561.0
USGS-09217000,2026-06-04 00:00:00+00:00,,494.5,560.5
USGS-09217000,2026-06-04 01:00:00+00:00,,491.0,554.0
USGS-09217000,2026-06-04 02:00:00+00:00,,492.5,554.0
USGS-09217000,2026-06-04 03:00:00+00:00,,494.5,560.0
USGS-09217000,2026-06-04 04:00:00+00:00,,496.0,560.0
USGS-09217000,2026-06-04 05:00:00+00:00,,495.5,560.0
USGS-09217000,2026-06-04 06:00:00+00:00,,496.0,556.5
USGS-09217000,2026-06-04 07:00:00+00:00,,496.5,553.0
USGS-09217000,2026-06-04 08:00:00+00:00,,496.5,560.0
USGS-09217000,2026-06-04 09:00:00+00:00,,493.5,559.0
USGS-09217000,2026-06-04 10:00:00+00:00,,497.0,559.0
USGS-09217000,2026-06-04 11:00:00+00:00,,495.5,559.0
USGS-09217000,2026-06-04 12:00:00+00:00,,496.0,559.0
USGS-09217000,2026-06-04 13:00:00+00:00,,494.0,559.0
USGS-09217000,2026-06-04 14:00:00+00:00,,493.5,559.0
USGS-09217000,2026-06-04 15:00:00+00:00,,493.0,559.0
USGS-09217000,2026-06-04 16:00:00+00:00,,493.0,552.0
USGS-09217000,2026-06-04 17:00:00+00:00,,494.0,549.0
USGS-09217000,2026-06-04 18:00:00+00:00,,494.5,545.0
USGS-09217000,2026-06-04 19:00:00+00:00,,493.5,548.5
USGS-09217000,2026-06-04 20:00:00+00:00,,492.0,545.0
USGS-09217000,2026-06-04 21:00:00+00:00,,493.0,539.0
USGS-09217000,2026-06-04 22:00:00+00:00,,470.5,538.5
USGS-09217000,2026-06-04 23:00:00+00:00,,490.0,539.0
USGS-09217000,2026-06-05 00:00:00+00:00,,489.5,532.0
USGS-09217000,2026-06-05 01:00:00+00:00,,490.0,532.0
USGS-09217000,2026-06-05 02:00:00+00:00,,490.5,532.0
USGS-09217000,2026-06-05 03:00:00+00:00,,490.5,532.0
USGS-09217000,2026-06-05 04:00:00+00:00,,490.0,532.5
USGS-09217000,2026-06-05 05:00:00+00:00,,490.0,526.0
USGS-09217000,2026-06-05 06:00:00+00:00,,498.5,526.0
USGS-09217000,2026-06-05 07:00:00+00:00,,489.0,526.0
USGS-09217000,2026-06-05 08:00:00+00:00,,491.0,526.0
USGS-09217000,2026-06-05 09:00:00+00:00,,489.0,526.0
USGS-09217000,2026-06-05 10:00:00+00:00,,483.5,527.0
USGS-09217000,2026-06-05 11:00:00+00:00,,485.0,527.0
USGS-09217000,2026-06-05 12:00:00+00:00,,481.0,530.0
USGS-09217000,2026-06-05 13:00:00+00:00,,478.0,530.0
USGS-09217000,2026-06-05 14:00:00+00:00,,482.0,530.0
USGS-09217000,2026-06-05 15:00:00+00:00,,483.5,520.0
USGS-09217000,2026-06-05 16:00:00+00:00,,480.0,521.0
USGS-09217000,2026-06-05 17:00:00+00:00,,482.0,521.0
USGS-09217000,2026-06-05 18:00:00+00:00,,482.0,524.0
USGS-09217000,2026-06-05 19:00:00+00:00,,483.5,524.0
USGS-09217000,2026-06-05 20:00:00+00:00,,482.0,521.0
USGS-09217000,2026-06-05 21:00:00+00:00,,482.5,514.5
USGS-09217000,2026-06-05 22:00:00+00:00,,488.0,508.0
USGS-09217000,2026-06-05 23:00:00+00:00,,491.5,508.0
USGS-09217000,2026-06-06 00:00:00+00:00,,484.5,508.0
USGS-09217000,2026-06-06 01:00:00+00:00,,486.0,502.0
USGS-09217000,2026-06-06 02:00:00+00:00,,481.5,508.0
USGS-09217000,2026-06-06 03:00:00+00:00,,486.0,509.0
USGS-09217000,2026-06-06 04:00:00+00:00,,490.0,509.0
USGS-09217000,2026-06-06 05:00:00+00:00,,502.0,509.0
USGS-09217000,2026-06-06 06:00:00+00:00,,491.5,509.0
USGS-09217000,2026-06-06 07:00:00+00:00,,485.0,509.0
USGS-09217000,2026-06-06 08:00:00+00:00,,483.5,503.0
USGS-09217000,2026-06-06 09:00:00+00:00,,487.5,503.0
USGS-09217000,2026-06-06 10:00:00+00:00,,491.0,503.0
USGS-09217000,2026-06-06 11:00:00+00:00,,496.0,503.0
USGS-09217000,2026-06-06 12:00:00+00:00,,482.5,509.0
USGS-09217000,2026-06-06 13:00:00+00:00,,495.5,516.0
USGS-09217000,2026-06-06 14:00:00+00:00,,482.0,516.0
USGS-09217000,2026-06-06 15:00:00+00:00,,479.5,516.0
USGS-09217000,2026-06-06 16:00:00+00:00,,475.5,516.0
USGS-09217000,2026-06-06 17:00:00+00:00,,477.5,516.0
USGS-09217000,2026-06-06 18:00:00+00:00,,474.0,519.5
USGS-09217000,2026-06-06 19:00:00+00:00,,475.0,516.0
USGS-09217000,2026-06-06 20:00:00+00:00,,474.5,510.0
USGS-09217000,2026-06-06 21:00:00+00:00,,481.0,510.0
USGS-09217000,2026-06-06 22:00:00+00:00,,481.5,510.0
USGS-09217000,2026-06-06 23:00:00+00:00,,472.5,510.0
USGS-09217000,2026-06-07 00:00:00+00:00,,469.0,517.0
USGS-09217000,2026-06-07 01:00:00+00:00,,471.0,517.0
USGS-09217000,2026-06-07 02:00:00+00:00,,469.0,517.0
USGS-09217000,2026-06-07 03:00:00+00:00,,478.5,511.0
USGS-09217000,2026-06-07 04:00:00+00:00,,477.0,511.0
USGS-09217000,2026-06-07 05:00:00+00:00,,478.5,504.0
USGS-09217000,2026-06-07 06:00:00+00:00,,471.0,504.5
USGS-09217000,2026-06-07 07:00:00+00:00,,475.0,498.0
USGS-09217000,2026-06-07 08:00:00+00:00,,471.0,498.0
USGS-09217000,2026-06-07 09:00:00+00:00,,476.5,498.0
USGS-09217000,2026-06-07 10:00:00+00:00,,477.0,498.0
USGS-09217000,2026-06-07 11:00:00+00:00,,474.0,498.0
USGS-09217000,2026-06-07 12:00:00+00:00,,471.0,499.0
USGS-09217000,2026-06-07 13:00:00+00:00,,474.0,499.0
USGS-09217000,2026-06-07 14:00:00+00:00,,475.0,499.0
USGS-09217000,2026-06-07 15:00:00+00:00,,477.0,499.0
USGS-09217000,2026-06-07 16:00:00+00:00,,477.5,518.5
USGS-09217000,2026-06-07 17:00:00+00:00,,475.5,627.5
USGS-09217000,2026-06-07 18:00:00+00:00,,477.0,810.5
USGS-09217000,2026-06-07 19:00:00+00:00,,473.5,873.5
USGS-09217000,2026-06-07 20:00:00+00:00,,473.5,852.5
USGS-09217000,2026-06-07 21:00:00+00:00,,474.0,803.5
USGS-09217000,2026-06-07 22:00:00+00:00,,472.5,744.5
USGS-09217000,2026-06-07 23:00:00+00:00,,478.5,696.5
USGS-09217000,2026-06-08 00:00:00+00:00,,481.0,652.0
USGS-09217000,2026-06-08 01:00:00+00:00,,481.0,616.0
USGS-09217000,2026-06-08 02:00:00+00:00,,470.5,587.5
USGS-09217000,2026-06-08 03:00:00+00:00,,470.0,561.5
USGS-09217000,2026-06-08 04:00:00+00:00,,470.5,542.5
USGS-09217000,2026-06-08 05:00:00+00:00,,469.5,533.0
USGS-09217000,2026-06-08 06:00:00+00:00,,469.5,533.0
USGS-09217000,2026-06-08 07:00:00+00:00,,469.0,526.0
USGS-09217000,2026-06-08 08:00:00+00:00,,471.5,526.0
USGS-09217000,2026-06-08 09:00:00+00:00,,465.0,526.0
USGS-09217000,2026-06-08 10:00:00+00:00,,468.5,527.0
USGS-09217000,2026-06-08 11:00:00+00:00,,470.0,523.5
USGS-09217000,2026-06-08 12:00:00+00:00,,465.5,520.0
USGS-09217000,2026-06-08 13:00:00+00:00,,464.5,514.0
USGS-09217000,2026-06-08 14:00:00+00:00,,462.0,514.0
USGS-09217000,2026-06-08 15:00:00+00:00,,461.5,514.0
USGS-09217000,2026-06-08 16:00:00+00:00,,457.5,521.0
USGS-09217000,2026-06-08 17:00:00+00:00,,463.0,521.0
USGS-09217000,2026-06-08 18:00:00+00:00,,463.0,521.0
USGS-09217000,2026-06-08 19:00:00+00:00,,464.5,521.0
USGS-09217000,2026-06-08 20:00:00+00:00,,465.5,521.0
USGS-09217000,2026-06-08 21:00:00+00:00,,468.5,514.5
USGS-09217000,2026-06-08 22:00:00+00:00,,470.5,508.0
USGS-09217000,2026-06-08 23:00:00+00:00,,472.5,508.0
USGS-09217000,2026-06-09 00:00:00+00:00,,474.5,502.0
USGS-09217000,2026-06-09 01:00:00+00:00,,477.5,508.0
USGS-09217000,2026-06-09 02:00:00+00:00,,480.0,508.0
USGS-09217000,2026-06-09 03:00:00+00:00,,481.5,509.0
USGS-09217000,2026-06-09 04:00:00+00:00,,483.5,509.0
USGS-09217000,2026-06-09 05:00:00+00:00,,484.5,515.0
USGS-09217000,2026-06-09 06:00:00+00:00,,484.5,515.0
USGS-09217000,2026-06-09 07:00:00+00:00,,484.0,515.0
USGS-09217000,2026-06-09 08:00:00+00:00,,485.0,515.5
USGS-09217000,2026-06-09 09:00:00+00:00,,481.5,522.0
USGS-09217000,2026-06-09 10:00:00+00:00,,481.5,516.0
USGS-09217000,2026-06-09 11:00:00+00:00,,479.0,509.0
USGS-09217000,2026-06-09 12:00:00+00:00,,480.5,509.0
USGS-09217000,2026-06-09 13:00:00+00:00,,475.0,509.0
USGS-09217000,2026-06-09 14:00:00+00:00,,482.0,510.0
USGS-09217000,2026-06-09 15:00:00+00:00,,480.5,516.0
USGS-09217000,2026-06-09 16:00:00+00:00,,472.0,516.0
USGS-09217000,2026-06-09 17:00:00+00:00,,484.5,516.0
USGS-09217000,2026-06-09 18:00:00+00:00,,486.0,516.0
USGS-09217000,2026-06-09 19:00:00+00:00,,480.5,513.0
USGS-09217000,2026-06-09 20:00:00+00:00,,478.5,510.0
USGS-09217000,2026-06-09 21:00:00+00:00,,475.0,510.0
USGS-09217000,2026-06-09 22:00:00+00:00,,475.5,504.0
USGS-09217000,2026-06-09 23:00:00+00:00,,476.5,510.0
USGS-09217000,2026-06-10 00:00:00+00:00,,472.5,513.5
USGS-09217000,2026-06-10 01:00:00+00:00,,471.5,511.0
USGS-09217000,2026-06-10 02:00:00+00:00,,469.0,511.0
USGS-09217000,2026-06-10 03:00:00+00:00,,478.5,514.0
USGS-09217000,2026-06-10 04:00:00+00:00,,481.5,511.0
USGS-09217000,2026-06-10 05:00:00+00:00,,475.5,511.0
USGS-09217000,2026-06-10 06:00:00+00:00,,478.0,511.0
USGS-09217000,2026-06-10 07:00:00+00:00,,470.5,511.0
USGS-09217000,2026-06-10 08:00:00+00:00,,472.0,518.0
USGS-09217000,2026-06-10 09:00:00+00:00,,470.0,518.0
USGS-09217000,2026-06-10 10:00:00+00:00,,468.5,524.0
USGS-09217000,2026-06-10 11:00:00+00:00,,468.0,524.0
USGS-09217000,2026-06-10 12:00:00+00:00,,473.5,521.5
USGS-09217000,2026-06-10 13:00:00+00:00,,473.0,518.0
USGS-09217000,2026-06-10 14:00:00+00:00,,471.5,525.0
USGS-09217000,2026-06-10 15:00:00+00:00,,468.0,521.5
USGS-09217000,2026-06-10 16:00:00+00:00,,467.5,525.0
USGS-09217000,2026-06-10 17:00:00+00:00,,469.0,532.0
USGS-09217000,2026-06-10 18:00:00+00:00,,469.0,525.0
USGS-09217000,2026-06-10 19:00:00+00:00,,467.0,528.5
USGS-09217000,2026-06-10 20:00:00+00:00,,466.5,522.0
USGS-09217000,2026-06-10 21:00:00+00:00,,467.5,512.0
USGS-09217000,2026-06-10 22:00:00+00:00,,472.0,506.0
USGS-09217000,2026-06-10 23:00:00+00:00,,468.5,496.5
USGS-09217000,2026-06-11 00:00:00+00:00,,467.0,500.0
USGS-09217000,2026-06-11 01:00:00+00:00,,467.0,493.0
USGS-09217000,2026-06-11 02:00:00+00:00,,469.0,493.0
USGS-09217000,2026-06-11 03:00:00+00:00,,467.5,493.0
USGS-09217000,2026-06-11 04:00:00+00:00,,472.5,493.5
USGS-09217000,2026-06-11 05:00:00+00:00,,470.5,494.0
USGS-09217000,2026-06-11 06:00:00+00:00,,470.0,494.0
USGS-09217000,2026-06-11 07:00:00+00:00,,470.0,494.0
USGS-09217000,2026-06-11 08:00:00+00:00,,471.0,497.0
USGS-09217000,2026-06-11 09:00:00+00:00,,472.0,500.0
USGS-09217000,2026-06-11 10:00:00+00:00,,468.0,507.0
USGS-09217000,2026-06-11 11:00:00+00:00,,468.5,507.0
USGS-09217000,2026-06-11 12:00:00+00:00,,467.0,507.0
USGS-09217000,2026-06-11 13:00:00+00:00,,469.5,514.0
USGS-09217000,2026-06-11 14:00:00+00:00,,468.5,517.0
USGS-09217000,2026-06-11 15:00:00+00:00,,469.0,517.0
USGS-09217000,2026-06-11 16:00:00+00:00,,470.0,521.0
USGS-09217000,2026-06-11 17:00:00+00:00,,473.5,521.0
USGS-09217000,2026-06-11 18:00:00+00:00,,472.5,521.0
USGS-09217000,2026-06-11 19:00:00+00:00,,466.5,521.0
USGS-09217000,2026-06-11 20:00:00+00:00,,467.0,514.0
USGS-09217000,2026-06-11 21:00:00+00:00,,466.5,502.0
USGS-09217000,2026-06-11 22:00:00+00:00,,465.5,495.0
USGS-09217000,2026-06-11 23:00:00+00:00,,466.0,502.0
USGS-09217000,2026-06-12 00:00:00+00:00,,467.0,502.0
USGS-09217000,2026-06-12 01:00:00+00:00,,468.0,502.0
USGS-09217000,2026-06-12 02:00:00+00:00,,467.5,502.0
USGS-09217000,2026-06-12 03:00:00+00:00,,470.5,505.5
USGS-09217000,2026-06-12 04:00:00+00:00,,472.0,509.0
USGS-09217000,2026-06-12 05:00:00+00:00,,471.0,509.0
USGS-09217000,2026-06-12 06:00:00+00:00,,472.0,509.0
USGS-09217000,2026-06-12 07:00:00+00:00,,469.5,509.0
USGS-09217000,2026-06-12 08:00:00+00:00,,471.5,516.0
USGS-09217000,2026-06-12 09:00:00+00:00,,472.5,522.0
USGS-09217000,2026-06-12 10:00:00+00:00,,476.5,522.0
USGS-09217000,2026-06-12 11:00:00+00:00,,474.5,522.0
USGS-09217000,2026-06-12 12:00:00+00:00,,470.0,522.0
USGS-09217000,2026-06-12 13:00:00+00:00,,470.5,529.0
USGS-09217000,2026-06-12 14:00:00+00:00,,471.5,529.0
USGS-09217000,2026-06-12 15:00:00+00:00,,471.5,529.0
USGS-09217000,2026-06-12 16:00:00+00:00,,470.0,536.0
USGS-09217000,2026-06-12 17:00:00+00:00,,474.0,542.0
USGS-09217000,2026-06-12 18:00:00+00:00,,470.5,542.0
USGS-09217000,2026-06-12 19:00:00+00:00,,472.0,539.5
USGS-09217000,2026-06-12 20:00:00+00:00,,471.5,536.0
USGS-09217000,2026-06-12 21:00:00+00:00,,473.0,533.0
USGS-09217000,2026-06-12 22:00:00+00:00,,473.5,530.0
USGS-09217000,2026-06-12 23:00:00+00:00,,471.0,530.0
USGS-09217000,2026-06-13 00:00:00+00:00,,473.5,526.5
USGS-09217000,2026-06-13 01:00:00+00:00,,473.5,524.0
USGS-09217000,2026-06-13 02:00:00+00:00,,473.5,524.0
USGS-09217000,2026-06-13 03:00:00+00:00,,473.0,520.5
USGS-09217000,2026-06-13 04:00:00+00:00,,480.0,524.0
USGS-09217000,2026-06-13 05:00:00+00:00,,478.5,524.0
USGS-09217000,2026-06-13 06:00:00+00:00,,475.5,524.0
USGS-09217000,2026-06-13 07:00:00+00:00,,476.5,524.0
USGS-09217000,2026-06-13 08:00:00+00:00,,473.0,524.0
USGS-09217000,2026-06-13 09:00:00+00:00,,473.0,524.0
USGS-09217000,2026-06-13 10:00:00+00:00,,476.5,524.0
USGS-09217000,2026-06-13 11:00:00+00:00,,475.5,524.0
USGS-09217000,2026-06-13 12:00:00+00:00,,474.5,525.0
USGS-09217000,2026-06-13 13:00:00+00:00,,476.0,531.0
USGS-09217000,2026-06-13 14:00:00+00:00,,478.0,531.0
USGS-09217000,2026-06-13 15:00:00+00:00,,474.5,531.0
USGS-09217000,2026-06-13 16:00:00+00:00,,474.0,531.0
USGS-09217000,2026-06-13 17:00:00+00:00,,469.0,538.0
USGS-09217000,2026-06-13 18:00:00+00:00,,469.0,541.5
USGS-09217000,2026-06-13 19:00:00+00:00,,470.5,541.5
USGS-09217000,2026-06-13 20:00:00+00:00,,471.0,538.0
USGS-09217000,2026-06-13 21:00:00+00:00,,471.0,528.5
USGS-09217000,2026-06-13 22:00:00+00:00,,471.0,525.0
USGS-09217000,2026-06-13 23:00:00+00:00,,471.0,526.0
USGS-09217000,2026-06-14 00:00:00+00:00,,471.0,519.0
USGS-09217000,2026-06-14 01:00:00+00:00,,471.0,516.0
USGS-09217000,2026-06-14 02:00:00+00:00,,471.0,519.0
USGS-09217000,2026-06-14 03:00:00+00:00,,471.0,516.0
USGS-09217000,2026-06-14 04:00:00+00:00,,471.5,510.0
USGS-09217000,2026-06-14 05:00:00+00:00,,472.0,520.0
USGS-09217000,2026-06-14 06:00:00+00:00,,471.0,513.0
USGS-09217000,2026-06-14 07:00:00+00:00,,470.0,513.0
USGS-09217000,2026-06-14 08:00:00+00:00,,469.5,516.5
USGS-09217000,2026-06-14 09:00:00+00:00,,469.0,523.0
USGS-09217000,2026-06-14 10:00:00+00:00,,468.5,527.0
USGS-09217000,2026-06-14 11:00:00+00:00,,467.0,530.0
USGS-09217000,2026-06-14 12:00:00+00:00,,466.5,530.0
USGS-09217000,2026-06-14 13:00:00+00:00,,465.5,533.0
USGS-09217000,2026-06-14 14:00:00+00:00,,471.5,540.0
USGS-09217000,2026-06-14 15:00:00+00:00,,471.5,540.0
USGS-09217000,2026-06-14 16:00:00+00:00,,470.0,543.5
USGS-09217000,2026-06-14 17:00:00+00:00,,469.0,540.0
USGS-09217000,2026-06-14 18:00:00+00:00,,468.0,540.0
USGS-09217000,2026-06-14 19:00:00+00:00,,468.0,543.5
USGS-09217000,2026-06-14 20:00:00+00:00,,468.5,547.0
USGS-09217000,2026-06-14 21:00:00+00:00,,467.5,544.0
USGS-09217000,2026-06-14 22:00:00+00:00,,467.5,541.0
USGS-09217000,2026-06-14 23:00:00+00:00,,467.0,534.0
USGS-09217000,2026-06-15 00:00:00+00:00,,467.0,531.0
USGS-09217000,2026-06-15 01:00:00+00:00,,467.0,528.0
USGS-09217000,2026-06-15 02:00:00+00:00,,467.0,528.0
USGS-09217000,2026-06-15 03:00:00+00:00,,468.0,528.0
USGS-09217000,2026-06-15 04:00:00+00:00,,469.0,528.0
USGS-09217000,2026-06-15 05:00:00+00:00,,469.0,522.0
USGS-09217000,2026-06-15 06:00:00+00:00,,468.0,522.0
USGS-09217000,2026-06-15 07:00:00+00:00,,470.0,528.0
USGS-09217000,2026-06-15 08:00:00+00:00,,471.0,529.0
USGS-09217000,2026-06-15 09:00:00+00:00,,474.5,538.5
USGS-09217000,2026-06-15 10:00:00+00:00,,474.5,538.5
USGS-09217000,2026-06-15 11:00:00+00:00,,471.5,538.5
USGS-09217000,2026-06-15 12:00:00+00:00,,469.0,542.0
USGS-09217000,2026-06-15 13:00:00+00:00,,469.5,536.0
USGS-09217000,2026-06-15 14:00:00+00:00,,470.0,529.0
USGS-09217000,2026-06-15 15:00:00+00:00,,470.0,529.0
USGS-09217000,2026-06-15 16:00:00+00:00,,469.5,529.0
USGS-09217000,2026-06-15 17:00:00+00:00,,469.0,529.0
USGS-09217000,2026-06-15 18:00:00+00:00,,468.5,532.5
USGS-09217000,2026-06-15 19:00:00+00:00,,468.0,530.0
USGS-09217000,2026-06-15 20:00:00+00:00,,468.0,530.0
USGS-09217000,2026-06-15 21:00:00+00:00,,467.0,530.0
USGS-09217000,2026-06-15 22:00:00+00:00,,467.0,523.0
USGS-09217000,2026-06-15 23:00:00+00:00,,467.0,523.0
USGS-09217000,2026-06-16 00:00:00+00:00,,467.0,523.0
USGS-09217000,2026-06-16 01:00:00+00:00,,466.5,517.0
USGS-09217000,2026-06-16 02:00:00+00:00,,467.0,514.0
USGS-09217000,2026-06-16 03:00:00+00:00,,467.0,514.0
USGS-09217000,2026-06-16 04:00:00+00:00,,467.0,511.0
USGS-09217000,2026-06-16 05:00:00+00:00,,467.0,511.0
USGS-09217000,2026-06-16 06:00:00+00:00,,467.0,511.0
USGS-09217000,2026-06-16 07:00:00+00:00,,468.5,511.0
USGS-09217000,2026-06-16 08:00:00+00:00,,470.0,518.0
USGS-09217000,2026-06-16 09:00:00+00:00,,470.5,518.0
USGS-09217000,2026-06-16 10:00:00+00:00,,470.0,518.0
USGS-09217000,2026-06-16 11:00:00+00:00,,469.0,518.0
USGS-09217000,2026-06-16 12:00:00+00:00,,474.0,518.0
USGS-09217000,2026-06-16 13:00:00+00:00,,484.0,521.5
USGS-09217000,2026-06-16 14:00:00+00:00,,484.0,525.0
USGS-09217000,2026-06-16 15:00:00+00:00,,481.5,525.0
USGS-09217000,2026-06-16 16:00:00+00:00,,481.5,525.0
USGS-09217000,2026-06-16 17:00:00+00:00,,479.0,528.0
USGS-09217000,2026-06-16 18:00:00+00:00,,465.5,532.0
USGS-09217000,2026-06-16 19:00:00+00:00,,462.0,532.0
USGS-09217000,2026-06-16 20:00:00+00:00,,460.5,538.0
USGS-09217000,2026-06-16 21:00:00+00:00,,463.0,538.0
USGS-09217000,2026-06-16 22:00:00+00:00,,462.0,532.0
USGS-09217000,2026-06-16 23:00:00+00:00,,464.5,519.0
USGS-09217000,2026-06-17 00:00:00+00:00,,467.5,513.0
USGS-09217000,2026-06-17 01:00:00+00:00,,467.0,509.5
USGS-09217000,2026-06-17 02:00:00+00:00,,467.0,506.0
USGS-09217000,2026-06-17 03:00:00+00:00,,469.5,506.0
USGS-09217000,2026-06-17 04:00:00+00:00,,463.0,506.5
USGS-09217000,2026-06-17 05:00:00+00:00,,463.5,507.0
USGS-09217000,2026-06-17 06:00:00+00:00,,464.0,507.0
USGS-09217000,2026-06-17 07:00:00+00:00,,464.0,507.0
USGS-09217000,2026-06-17 08:00:00+00:00,,457.0,507.0
USGS-09217000,2026-06-17 09:00:00+00:00,,457.5,500.0
USGS-09217000,2026-06-17 10:00:00+00:00,,455.0,501.0
USGS-09217000,2026-06-17 11:00:00+00:00,,457.5,501.0
USGS-09217000,2026-06-17 12:00:00+00:00,,459.0,507.0
USGS-09217000,2026-06-17 13:00:00+00:00,,457.5,507.0
USGS-09217000,2026-06-17 14:00:00+00:00,,455.0,507.0
USGS-09217000,2026-06-17 15:00:00+00:00,,455.0,507.5
USGS-09217000,2026-06-17 16:00:00+00:00,,462.5,514.0
USGS-09217000,2026-06-17 17:00:00+00:00,,463.5,508.0
USGS-09217000,2026-06-17 18:00:00+00:00,,463.5,508.0
USGS-09217000,2026-06-17 19:00:00+00:00,,461.5,508.0
USGS-09217000,2026-06-17 20:00:00+00:00,,460.0,508.0
USGS-09217000,2026-06-17 21:00:00+00:00,,459.5,508.0
USGS-09217000,2026-06-17 22:00:00+00:00,,461.0,502.0
USGS-09217000,2026-06-17 23:00:00+00:00,,461.5,502.0
USGS-09217000,2026-06-18 00:00:00+00:00,,460.0,495.0
USGS-09217000,2026-06-18 01:00:00+00:00,,460.5,495.0
USGS-09217000,2026-06-18 02:00:00+00:00,,460.5,495.5
USGS-09217000,2026-06-18 03:00:00+00:00,,469.0,496.0
USGS-09217000,2026-06-18 04:00:00+00:00,,463.5,496.0
USGS-09217000,2026-06-18 05:00:00+00:00,,463.0,499.0
USGS-09217000,2026-06-18 06:00:00+00:00,,457.5,496.0
USGS-09217000,2026-06-18 07:00:00+00:00,,462.5,502.0
USGS-09217000,2026-06-18 08:00:00+00:00,,461.5,503.0
USGS-09217000,2026-06-18 09:00:00+00:00,,460.5,503.0
USGS-09217000,2026-06-18 10:00:00+00:00,,467.5,503.0
USGS-09217000,2026-06-18 11:00:00+00:00,,466.5,503.0
USGS-09217000,2026-06-18 12:00:00+00:00,,465.0,503.0
USGS-09217000,2026-06-18 13:00:00+00:00,,463.0,503.0
USGS-09217000,2026-06-18 14:00:00+00:00,,462.0,503.0
USGS-09217000,2026-06-18 15:00:00+00:00,,467.5,503.0
USGS-09217000,2026-06-18 16:00:00+00:00,,466.5,503.0
USGS-09217000,2026-06-18 17:00:00+00:00,,466.0,506.5
USGS-09217000,2026-06-18 18:00:00+00:00,,465.0,503.0
USGS-09217000,2026-06-18 19:00:00+00:00,,465.0,510.0
USGS-09217000,2026-06-18 20:00:00+00:00,,464.5,504.0
USGS-09217000,2026-06-18 21:00:00+00:00,,464.0,507.0
USGS-09217000,2026-06-18 22:00:00+00:00,,464.0,507.0
USGS-09217000,2026-06-18 23:00:00+00:00,,463.5,510.0
USGS-09217000,2026-06-19 00:00:00+00:00,,465.0,504.0
USGS-09217000,2026-06-19 01:00:00+00:00,,464.5,507.5
USGS-09217000,2026-06-19 02:00:00+00:00,,465.0,511.0
USGS-09217000,2026-06-19 03:00:00+00:00,,464.0,511.0
USGS-09217000,2026-06-19 04:00:00+00:00,,463.0,511.0
USGS-09217000,2026-06-19 05:00:00+00:00,,463.0,511.0
USGS-09217000,2026-06-19 06:00:00+00:00,,463.0,511.0
USGS-09217000,2026-06-19 07:00:00+00:00,,462.5,511.0
USGS-09217000,2026-06-19 08:00:00+00:00,,461.0,518.0
USGS-09217000,2026-06-19 09:00:00+00:00,,461.0,521.0
USGS-09217000,2026-06-19 10:00:00+00:00,,461.5,524.0
USGS-09217000,2026-06-19 11:00:00+00:00,,470.0,531.0
USGS-09217000,2026-06-19 12:00:00+00:00,,472.0,531.0
USGS-09217000,2026-06-19 13:00:00+00:00,,469.0,531.0
USGS-09217000,2026-06-19 14:00:00+00:00,,468.5,531.0
USGS-09217000,2026-06-19 15:00:00+00:00,,469.5,534.5
USGS-09217000,2026-06-19 16:00:00+00:00,,470.0,538.0
USGS-09217000,2026-06-19 17:00:00+00:00,,470.5,545.0
USGS-09217000,2026-06-19 18:00:00+00:00,,465.0,545.0
USGS-09217000,2026-06-19 19:00:00+00:00,,465.5,545.0
USGS-09217000,2026-06-19 20:00:00+00:00,,464.0,548.0
USGS-09217000,2026-06-19 21:00:00+00:00,,464.5,545.0
USGS-09217000,2026-06-19 22:00:00+00:00,,464.0,539.0
USGS-09217000,2026-06-19 23:00:00+00:00,,458.0,539.0
USGS-09217000,2026-06-20 00:00:00+00:00,,457.0,539.0
USGS-09217000,2026-06-20 01:00:00+00:00,,457.0,535.5
USGS-09217000,2026-06-20 02:00:00+00:00,,457.0,535.5
USGS-09217000,2026-06-20 03:00:00+00:00,,456.5,539.0
USGS-09217000,2026-06-20 04:00:00+00:00,,459.0,542.5
USGS-09217000,2026-06-20 05:00:00+00:00,,456.0,539.0
USGS-09217000,2026-06-20 06:00:00+00:00,,451.5,539.0
USGS-09217000,2026-06-20 07:00:00+00:00,,451.5,536.0
USGS-09217000,2026-06-20 08:00:00+00:00,,451.0,533.0
USGS-09217000,2026-06-20 09:00:00+00:00,,450.5,533.0
USGS-09217000,2026-06-20 10:00:00+00:00,,449.5,533.0
USGS-09217000,2026-06-20 11:00:00+00:00,,449.0,533.0
USGS-09217000,2026-06-20 12:00:00+00:00,,449.0,536.5
USGS-09217000,2026-06-20 13:00:00+00:00,,448.0,540.0
USGS-09217000,2026-06-20 14:00:00+00:00,,449.0,546.0
USGS-09217000,2026-06-20 15:00:00+00:00,,449.5,547.0
USGS-09217000,2026-06-20 16:00:00+00:00,,447.5,553.0
USGS-09217000,2026-06-20 17:00:00+00:00,,447.5,553.0
USGS-09217000,2026-06-20 18:00:00+00:00,,447.0,553.0
USGS-09217000,2026-06-20 19:00:00+00:00,,446.0,560.0
USGS-09217000,2026-06-20 20:00:00+00:00,,445.0,553.5
USGS-09217000,2026-06-20 21:00:00+00:00,,445.0,554.0
USGS-09217000,2026-06-20 22:00:00+00:00,,445.0,554.0
USGS-09217000,2026-06-20 23:00:00+00:00,,444.5,547.0
USGS-09217000,2026-06-21 00:00:00+00:00,,444.0,547.0
USGS-09217000,2026-06-21 01:00:00+00:00,,444.0,537.5
USGS-09217000,2026-06-21 02:00:00+00:00,,444.0,541.0
USGS-09217000,2026-06-21 03:00:00+00:00,,446.5,535.0
USGS-09217000,2026-06-21 04:00:00+00:00,,447.0,535.0
USGS-09217000,2026-06-21 05:00:00+00:00,,446.0,535.0
USGS-09217000,2026-06-21 06:00:00+00:00,,446.0,528.0
USGS-09217000,2026-06-21 07:00:00+00:00,,445.0,528.0
USGS-09217000,2026-06-21 08:00:00+00:00,,449.0,538.5
USGS-09217000,2026-06-21 09:00:00+00:00,,449.0,542.0
USGS-09217000,2026-06-21 10:00:00+00:00,,447.0,538.5
USGS-09217000,2026-06-21 11:00:00+00:00,,447.0,542.0
USGS-09217000,2026-06-21 12:00:00+00:00,,443.0,542.0
USGS-09217000,2026-06-21 13:00:00+00:00,,442.0,542.0
USGS-09217000,2026-06-21 14:00:00+00:00,,442.0,549.0
USGS-09217000,2026-06-21 15:00:00+00:00,,441.0,549.0
USGS-09217000,2026-06-21 16:00:00+00:00,,441.0,549.0
USGS-09217000,2026-06-21 17:00:00+00:00,,441.5,555.0
USGS-09217000,2026-06-21 18:00:00+00:00,,452.0,555.0
USGS-09217000,2026-06-21 19:00:00+00:00,,452.0,556.0
USGS-09217000,2026-06-21 20:00:00+00:00,,444.0,556.0
USGS-09217000,2026-06-21 21:00:00+00:00,,445.0,552.5
USGS-09217000,2026-06-21 22:00:00+00:00,,445.0,546.0
USGS-09217000,2026-06-21 23:00:00+00:00,,445.0,543.0
USGS-09217000,2026-06-22 00:00:00+00:00,,445.0,543.0
USGS-09217000,2026-06-22 01:00:00+00:00,,445.0,543.0
USGS-09217000,2026-06-22 02:00:00+00:00,,445.0,543.0
USGS-09217000,2026-06-22 03:00:00+00:00,,445.0,543.0
USGS-09217000,2026-06-22 04:00:00+00:00,,445.0,543.0
USGS-09217000,2026-06-22 05:00:00+00:00,,446.0,543.5
USGS-09217000,2026-06-22 06:00:00+00:00,,446.0,550.0
USGS-09217000,2026-06-22 07:00:00+00:00,,446.0,544.0
USGS-09217000,2026-06-22 08:00:00+00:00,,446.0,550.0
USGS-09217000,2026-06-22 09:00:00+00:00,,446.5,550.0
USGS-09217000,2026-06-22 10:00:00+00:00,,447.0,544.0
USGS-09217000,2026-06-22 11:00:00+00:00,,441.5,544.0
USGS-09217000,2026-06-22 12:00:00+00:00,,441.0,544.0
USGS-09217000,2026-06-22 13:00:00+00:00,,439.0,551.0
USGS-09217000,2026-06-22 14:00:00+00:00,,440.0,551.0
USGS-09217000,2026-06-22 15:00:00+00:00,,441.5,551.0
USGS-09217000,2026-06-22 16:00:00+00:00,,440.0,557.0
USGS-09217000,2026-06-22 17:00:00+00:00,,439.0,558.0
USGS-09217000,2026-06-22 18:00:00+00:00,,439.0,561.0
USGS-09217000,2026-06-22 19:00:00+00:00,,437.5,558.0
USGS-09217000,2026-06-22 20:00:00+00:00,,438.0,564.0
USGS-09217000,2026-06-22 21:00:00+00:00,,448.0,564.0
USGS-09217000,2026-06-22 22:00:00+00:00,,448.0,561.0
USGS-09217000,2026-06-22 23:00:00+00:00,,446.0,558.0
USGS-09217000,2026-06-23 00:00:00+00:00,,445.0,558.0
USGS-09217000,2026-06-23 01:00:00+00:00,,445.0,552.0
USGS-09217000,2026-06-23 02:00:00+00:00,,444.0,545.0
USGS-09217000,2026-06-23 03:00:00+00:00,,445.0,545.0
USGS-09217000,2026-06-23 04:00:00+00:00,,446.0,546.0
USGS-09217000,2026-06-23 05:00:00+00:00,,443.0,542.5
USGS-09217000,2026-06-23 06:00:00+00:00,,444.5,539.0
USGS-09217000,2026-06-23 07:00:00+00:00,,445.0,539.0
USGS-09217000,2026-06-23 08:00:00+00:00,,445.0,539.0
USGS-09217000,2026-06-23 09:00:00+00:00,,447.5,539.5
USGS-09217000,2026-06-23 10:00:00+00:00,,447.0,540.0
USGS-09217000,2026-06-23 11:00:00+00:00,,449.0,540.0
USGS-09217000,2026-06-23 12:00:00+00:00,,459.5,540.0
USGS-09217000,2026-06-23 13:00:00+00:00,,464.5,540.0
USGS-09217000,2026-06-23 14:00:00+00:00,,461.5,543.0
USGS-09217000,2026-06-23 15:00:00+00:00,,460.0,547.0
USGS-09217000,2026-06-23 16:00:00+00:00,,461.5,547.0
USGS-09217000,2026-06-23 17:00:00+00:00,,461.0,553.0
USGS-09217000,2026-06-23 18:00:00+00:00,,461.5,553.0
USGS-09217000,2026-06-23 19:00:00+00:00,,452.0,553.0
USGS-09217000,2026-06-23 20:00:00+00:00,,450.5,560.0
USGS-09217000,2026-06-23 21:00:00+00:00,,454.0,550.5
USGS-09217000,2026-06-23 22:00:00+00:00,,455.0,547.0
USGS-09217000,2026-06-23 23:00:00+00:00,,443.0,541.0
USGS-09217000,2026-06-24 00:00:00+00:00,,441.5,544.0
USGS-09217000,2026-06-24 01:00:00+00:00,,441.0,541.0
USGS-09217000,2026-06-24 02:00:00+00:00,,440.0,541.0
USGS-09217000,2026-06-24 03:00:00+00:00,,441.0,541.0
USGS-09217000,2026-06-24 04:00:00+00:00,,441.0,541.0
USGS-09217000,2026-06-24 05:00:00+00:00,,438.0,541.0
USGS-09217000,2026-06-24 06:00:00+00:00,,438.0,541.0
USGS-09217000,2026-06-24 07:00:00+00:00,,439.0,541.5
USGS-09217000,2026-06-24 08:00:00+00:00,,441.5,542.0
USGS-09217000,2026-06-24 09:00:00+00:00,,444.0,542.0
USGS-09217000,2026-06-24 10:00:00+00:00,,445.5,542.0
USGS-09217000,2026-06-24 11:00:00+00:00,,445.5,545.0
USGS-09217000,2026-06-24 12:00:00+00:00,,449.5,548.0
USGS-09217000,2026-06-24 13:00:00+00:00,,447.5,549.0
USGS-09217000,2026-06-24 14:00:00+00:00,,444.0,571.5
USGS-09217000,2026-06-24 15:00:00+00:00,,440.0,588.0
USGS-09217000,2026-06-24 16:00:00+00:00,,440.0,594.0
USGS-09217000,2026-06-24 17:00:00+00:00,,440.5,601.0
USGS-09217000,2026-06-24 18:00:00+00:00,,440.0,601.0
USGS-09217000,2026-06-24 19:00:00+00:00,,442.0,601.0
USGS-09217000,2026-06-24 20:00:00+00:00,,442.5,601.0
USGS-09217000,2026-06-24 21:00:00+00:00,,443.0,598.0
USGS-09217000,2026-06-24 22:00:00+00:00,,444.5,595.0
USGS-09217000,2026-06-24 23:00:00+00:00,,446.5,595.0
USGS-09217000,2026-06-25 00:00:00+00:00,,447.0,588.5
USGS-09217000,2026-06-25 01:00:00+00:00,,447.5,589.0
USGS-09217000,2026-06-25 02:00:00+00:00,,447.0,589.0
USGS-09217000,2026-06-25 03:00:00+00:00,,447.0,582.0
USGS-09217000,2026-06-25 04:00:00+00:00,,448.0,582.0
USGS-09217000,2026-06-25 05:00:00+00:00,,447.5,582.0
USGS-09217000,2026-06-25 06:00:00+00:00,,447.0,583.0
USGS-09217000,2026-06-25 07:00:00+00:00,,448.5,579.5
USGS-09217000,2026-06-25 08:00:00+00:00,,449.0,570.0
USGS-09217000,2026-06-25 09:00:00+00:00,,448.5,563.0
USGS-09217000,2026-06-25 10:00:00+00:00,,450.0,566.5
USGS-09217000,2026-06-25 11:00:00+00:00,,451.0,563.5
USGS-09217000,2026-06-25 12:00:00+00:00,,450.0,564.0
USGS-09217000,2026-06-25 13:00:00+00:00,,451.0,564.0
USGS-09217000,2026-06-25 14:00:00+00:00,,451.0,564.0
USGS-09217000,2026-06-25 15:00:00+00:00,,451.5,570.0
USGS-09217000,2026-06-25 16:00:00+00:00,,453.0,570.0
USGS-09217000,2026-06-25 17:00:00+00:00,,451.0,574.0
USGS-09217000,2026-06-25 18:00:00+00:00,,450.0,577.0
USGS-09217000,2026-06-25 19:00:00+00:00,,449.0,587.0
USGS-09217000,2026-06-25 20:00:00+00:00,,450.0,597.0
USGS-09217000,2026-06-25 21:00:00+00:00,,448.0,590.0
USGS-09217000,2026-06-25 22:00:00+00:00,,447.0,597.0
USGS-09217000,2026-06-25 23:00:00+00:00,,447.0,597.0
USGS-09217000,2026-06-26 00:00:00+00:00,,446.0,597.0
USGS-09217000,2026-06-26 01:00:00+00:00,,445.0,603.5
USGS-09217000,2026-06-26 02:00:00+00:00,,444.0,600.5
USGS-09217000,2026-06-26 03:00:00+00:00,,444.0,597.0
USGS-09217000,2026-06-26 04:00:00+00:00,,444.5,598.0
USGS-09217000,2026-06-26 05:00:00+00:00,,444.0,594.5
USGS-09217000,2026-06-26 06:00:00+00:00,,444.0,598.0
USGS-09217000,2026-06-26 07:00:00+00:00,,443.0,604.0
USGS-09217000,2026-06-26 08:00:00+00:00,,443.0,601.0
USGS-09217000,2026-06-26 09:00:00+00:00,,443.5,598.0
USGS-09217000,2026-06-26 10:00:00+00:00,,444.0,598.0
USGS-09217000,2026-06-26 11:00:00+00:00,,443.5,598.0
USGS-09217000,2026-06-26 12:00:00+00:00,,444.0,598.0
USGS-09217000,2026-06-26 13:00:00+00:00,,445.5,598.0
USGS-09217000,2026-06-26 14:00:00+00:00,,447.0,605.0
USGS-09217000,2026-06-26 15:00:00+00:00,,447.0,595.5
USGS-09217000,2026-06-26 16:00:00+00:00,,447.0,586.0
USGS-09217000,2026-06-26 17:00:00+00:00,,446.0,586.0
USGS-09217000,2026-06-26 18:00:00+00:00,,446.0,586.0
USGS-09217000,2026-06-26 19:00:00+00:00,,447.0,592.0
USGS-09217000,2026-06-26 20:00:00+00:00,,446.0,599.0
USGS-09217000,2026-06-26 21:00:00+00:00,,445.0,602.5
USGS-09217000,2026-06-26 22:00:00+00:00,,444.0,606.0
USGS-09217000,2026-06-26 23:00:00+00:00,,443.0,612.0
USGS-09217000,2026-06-27 00:00:00+00:00,,442.0,606.0
USGS-09217000,2026-06-27 01:00:00+00:00,,442.0,596.0
USGS-09217000,2026-06-27 02:00:00+00:00,,441.0,587.0
USGS-09217000,2026-06-27 03:00:00+00:00,,440.0,587.0
USGS-09217000,2026-06-27 04:00:00+00:00,,440.5,583.5
USGS-09217000,2026-06-27 05:00:00+00:00,,455.5,577.0
USGS-09217000,2026-06-27 06:00:00+00:00,,455.0,567.0
USGS-09217000,2026-06-27 07:00:00+00:00,,451.0,561.0
USGS-09217000,2026-06-27 08:00:00+00:00,,449.0,555.0
USGS-09217000,2026-06-27 09:00:00+00:00,,445.5,555.0
USGS-09217000,2026-06-27 10:00:00+00:00,,447.5,555.0
USGS-09217000,2026-06-27 11:00:00+00:00,,450.0,555.0
USGS-09217000,2026-06-27 12:00:00+00:00,,456.5,555.0
USGS-09217000,2026-06-27 13:00:00+00:00,,453.0,568.0
USGS-09217000,2026-06-27 14:00:00+00:00,,455.5,575.0
USGS-09217000,2026-06-27 15:00:00+00:00,,461.5,575.0
USGS-09217000,2026-06-27 16:00:00+00:00,,461.5,568.0
USGS-09217000,2026-06-27 17:00:00+00:00,,457.5,571.5
USGS-09217000,2026-06-27 18:00:00+00:00,,456.0,575.0
USGS-09217000,2026-06-27 19:00:00+00:00,,457.5,575.0
USGS-09217000,2026-06-27 20:00:00+00:00,,456.0,575.0
USGS-09217000,2026-06-27 21:00:00+00:00,,455.5,575.0
USGS-09217000,2026-06-27 22:00:00+00:00,,455.0,572.0
USGS-09217000,2026-06-27 23:00:00+00:00,,454.0,569.0
USGS-09217000,2026-06-28 00:00:00+00:00,,450.0,569.0
USGS-09217000,2026-06-28 01:00:00+00:00,,448.5,566.0
USGS-09217000,2026-06-28 02:00:00+00:00,,447.0,566.0
USGS-09217000,2026-06-28 03:00:00+00:00,,446.0,569.0
USGS-09217000,2026-06-28 04:00:00+00:00,,445.0,572.5
USGS-09217000,2026-06-28 05:00:00+00:00,,444.0,576.0
USGS-09217000,2026-06-28 06:00:00+00:00,,442.0,576.0
USGS-09217000,2026-06-28 07:00:00+00:00,,440.5,583.0
USGS-09217000,2026-06-28 08:00:00+00:00,,440.0,579.5
USGS-09217000,2026-06-28 09:00:00+00:00,,440.0,583.0
USGS-09217000,2026-06-28 10:00:00+00:00,,439.5,583.0
USGS-09217000,2026-06-28 11:00:00+00:00,,440.0,586.0
USGS-09217000,2026-06-28 12:00:00+00:00,,440.0,583.0
USGS-09217000,2026-06-28 13:00:00+00:00,,444.0,583.0
USGS-09217000,2026-06-28 14:00:00+00:00,,444.0,580.0
USGS-09217000,2026-06-28 15:00:00+00:00,,443.5,577.0
USGS-09217000,2026-06-28 16:00:00+00:00,,442.0,577.0
USGS-09217000,2026-06-28 17:00:00+00:00,,440.0,580.5
USGS-09217000,2026-06-28 18:00:00+00:00,,440.0,584.0
USGS-09217000,2026-06-28 19:00:00+00:00,,439.5,584.0
USGS-09217000,2026-06-28 20:00:00+00:00,,440.0,587.0
USGS-09217000,2026-06-28 21:00:00+00:00,,440.5,590.0
USGS-09217000,2026-06-28 22:00:00+00:00,,441.5,584.0
USGS-09217000,2026-06-28 23:00:00+00:00,,440.0,578.0
USGS-09217000,2026-06-29 00:00:00+00:00,,443.0,568.0
USGS-09217000,2026-06-29 01:00:00+00:00,,464.0,574.5
USGS-09217000,2026-06-29 02:00:00+00:00,,468.5,574.5
USGS-09217000,2026-06-29 03:00:00+00:00,,462.0,571.0
USGS-09217000,2026-06-29 04:00:00+00:00,,454.0,572.0
USGS-09217000,2026-06-29 05:00:00+00:00,,450.0,568.5
USGS-09217000,2026-06-29 06:00:00+00:00,,450.0,565.0
USGS-09217000,2026-06-29 07:00:00+00:00,,448.0,572.0
USGS-09217000,2026-06-29 08:00:00+00:00,,454.0,568.5
USGS-09217000,2026-06-29 09:00:00+00:00,,452.5,572.0
USGS-09217000,2026-06-29 10:00:00+00:00,,447.5,572.0
USGS-09217000,2026-06-29 11:00:00+00:00,,448.5,572.0
USGS-09217000,2026-06-29 12:00:00+00:00,,448.0,572.0
USGS-09217000,2026-06-29 13:00:00+00:00,,450.5,572.0
USGS-09217000,2026-06-29 14:00:00+00:00,,456.5,572.0
USGS-09217000,2026-06-29 15:00:00+00:00,,464.5,572.5
USGS-09217000,2026-06-29 16:00:00+00:00,,462.5,573.0
USGS-09217000,2026-06-29 17:00:00+00:00,,457.5,579.0
USGS-09217000,2026-06-29 18:00:00+00:00,,453.0,576.0
USGS-09217000,2026-06-29 19:00:00+00:00,,449.0,576.0
USGS-09217000,2026-06-29 20:00:00+00:00,,448.5,573.0
USGS-09217000,2026-06-29 21:00:00+00:00,,446.5,573.0
USGS-09217000,2026-06-29 22:00:00+00:00,,447.5,570.0
USGS-09217000,2026-06-29 23:00:00+00:00,,446.0,567.0
USGS-09217000,2026-06-30 00:00:00+00:00,,445.0,567.0
USGS-09217000,2026-06-30 01:00:00+00:00,,445.5,567.0
USGS-09217000,2026-06-30 02:00:00+00:00,,445.5,567.0
USGS-09217000,2026-06-30 03:00:00+00:00,,446.0,567.0
USGS-09217000,2026-06-30 04:00:00+00:00,,446.0,564.0
USGS-09217000,2026-06-30 05:00:00+00:00,,446.0,574.0
USGS-09217000,2026-06-30 06:00:00+00:00,,446.5,577.0
USGS-09217000,2026-06-30 07:00:00+00:00,,447.0,580.0
USGS-09217000,2026-06-30 08:00:00+00:00,,447.0,581.0
USGS-09217000,2026-06-30 09:00:00+00:00,,447.0,581.0
USGS-09217000,2026-06-30 10:00:00+00:00,,447.5,581.0
USGS-09217000,2026-06-30 11:00:00+00:00,,448.0,581.0
USGS-09217000,2026-06-30 12:00:00+00:00,,448.0,581.0
USGS-09217000,2026-06-30 13:00:00+00:00,,448.0,581.0
USGS-09217000,2026-06-30 14:00:00+00:00,,449.0,584.5
USGS-09217000,2026-06-30 15:00:00+00:00,,448.0,588.0
USGS-09217000,2026-06-30 16:00:00+00:00,,449.0,588.0
USGS-09217000,2026-06-30 17:00:00+00:00,,448.0,588.0
USGS-09217000,2026-06-30 18:00:00+00:00,,448.0,588.0
USGS-09217000,2026-06-30 19:00:00+00:00,,448.0,582.0
USGS-09217000,2026-06-30 20:00:00+00:00,,448.5,575.0
USGS-09217000,2026-06-30 21:00:00+00:00,,448.0,575.0
USGS-09217000,2026-06-30 22:00:00+00:00,,447.0,569.0
USGS-09217000,2026-06-30 23:00:00+00:00,,447.0,569.0
USGS-09217000,2026-07-01 00:00:00+00:00,,447.0,569.0
USGS-09217000,2026-07-01 01:00:00+00:00,,446.0,569.0
USGS-09217000,2026-07-01 02:00:00+00:00,,445.0,569.0
USGS-09217000,2026-07-01 03:00:00+00:00,,444.0,569.0
USGS-09217000,2026-07-01 04:00:00+00:00,,443.0,569.0
USGS-09217000,2026-07-01 05:00:00+00:00,,442.0,563.0
USGS-09217000,2026-07-01 06:00:00+00:00,,441.0,563.0
USGS-09217000,2026-07-01 07:00:00+00:00,,441.0,566.5
USGS-09217000,2026-07-01 08:00:00+00:00,,440.0,566.5
USGS-09217000,2026-07-01 09:00:00+00:00,,440.0,570.0
USGS-09217000,2026-07-01 10:00:00+00:00,,440.5,570.0
USGS-09217000,2026-07-01 11:00:00+00:00,,440.0,576.5
USGS-09217000,2026-07-01 12:00:00+00:00,,441.0,577.0
USGS-09217000,2026-07-01 13:00:00+00:00,,442.0,577.0
USGS-09217000,2026-07-01 14:00:00+00:00,,442.0,583.0
USGS-09217000,2026-07-01 15:00:00+00:00,,443.0,583.0
USGS-09217000,2026-07-01 16:00:00+00:00,,443.0,590.0
USGS-09217000,2026-07-01 17:00:00+00:00,,445.0,593.5
USGS-09217000,2026-07-01 18:00:00+00:00,,444.5,590.0
USGS-09217000,2026-07-01 19:00:00+00:00,,445.5,593.5
USGS-09217000,2026-07-01 20:00:00+00:00,,446.0,590.0
USGS-09217000,2026-07-01 21:00:00+00:00,,445.5,590.0
USGS-09217000,2026-07-01 22:00:00+00:00,,444.0,590.0
USGS-09217000,2026-07-01 23:00:00+00:00,,444.0,591.0
USGS-09217000,2026-07-02 00:00:00+00:00,,443.5,584.0
USGS-09217000,2026-07-02 01:00:00+00:00,,442.0,584.0
USGS-09217000,2026-07-02 02:00:00+00:00,,441.5,584.0
USGS-09217000,2026-07-02 03:00:00+00:00,,440.5,584.0
USGS-09217000,2026-07-02 04:00:00+00:00,,440.0,585.0
USGS-09217000,2026-07-02 05:00:00+00:00,,439.5,578.0
USGS-09217000,2026-07-02 06:00:00+00:00,,438.5,578.0
USGS-09217000,2026-07-02 07:00:00+00:00,,438.0,578.0
USGS-09217000,2026-07-02 08:00:00+00:00,,438.0,578.0
USGS-09217000,2026-07-02 09:00:00+00:00,,438.0,578.0
USGS-09217000,2026-07-02 10:00:00+00:00,,438.5,579.0
USGS-09217000,2026-07-02 11:00:00+00:00,,439.0,579.0
USGS-09217000,2026-07-02 12:00:00+00:00,,440.0,579.0
USGS-09217000,2026-07-02 13:00:00+00:00,,441.0,579.0
USGS-09217000,2026-07-02 14:00:00+00:00,,442.0,579.0
USGS-09217000,2026-07-02 15:00:00+00:00,,442.5,579.0
USGS-09217000,2026-07-02 16:00:00+00:00,,443.0,579.0
USGS-09217000,2026-07-02 17:00:00+00:00,,443.0,582.5
USGS-09217000,2026-07-02 18:00:00+00:00,,444.5,579.0
USGS-09217000,2026-07-02 19:00:00+00:00,,444.5,579.0
USGS-09217000,2026-07-02 20:00:00+00:00,,445.5,579.0
USGS-09217000,2026-07-02 21:00:00+00:00,,447.0,580.0
USGS-09217000,2026-07-02 22:00:00+00:00,,444.0,573.0
USGS-09217000,2026-07-02 23:00:00+00:00,,443.0,580.0
USGS-09217000,2026-07-03 00:00:00+00:00,,442.0,576.5
USGS-09217000,2026-07-03 01:00:00+00:00,,442.0,573.0
USGS-09217000,2026-07-03 02:00:00+00:00,,440.5,567.0
USGS-09217000,2026-07-03 03:00:00+00:00,,440.0,570.5
USGS-09217000,2026-07-03 04:00:00+00:00,,439.0,567.0
USGS-09217000,2026-07-03 05:00:00+00:00,,439.0,567.0
USGS-09217000,2026-07-03 06:00:00+00:00,,438.5,567.0
USGS-09217000,2026-07-03 07:00:00+00:00,,438.0,567.0
USGS-09217000,2026-07-03 08:00:00+00:00,,438.0,568.0
USGS-09217000,2026-07-03 09:00:00+00:00,,439.5,568.0
USGS-09217000,2026-07-03 10:00:00+00:00,,440.0,568.0
USGS-09217000,2026-07-03 11:00:00+00:00,,440.5,568.0
USGS-09217000,2026-07-03 12:00:00+00:00,,442.0,561.0
USGS-09217000,2026-07-03 13:00:00+00:00,,443.0,568.0
USGS-09217000,2026-07-03 14:00:00+00:00,,443.0,568.0
USGS-09217000,2026-07-03 15:00:00+00:00,,443.5,568.0
USGS-09217000,2026-07-03 16:00:00+00:00,,443.5,575.0
USGS-09217000,2026-07-03 17:00:00+00:00,,444.0,578.0
USGS-09217000,2026-07-03 18:00:00+00:00,,443.0,581.0
USGS-09217000,2026-07-03 19:00:00+00:00,,442.5,582.0
USGS-09217000,2026-07-03 20:00:00+00:00,,442.5,575.0
USGS-09217000,2026-07-03 21:00:00+00:00,,443.5,582.0
USGS-09217000,2026-07-03 22:00:00+00:00,,443.5,578.5
USGS-09217000,2026-07-03 23:00:00+00:00,,441.0,575.0
USGS-09217000,2026-07-04 00:00:00+00:00,,438.0,575.5
USGS-09217000,2026-07-04 01:00:00+00:00,,437.0,576.0
USGS-09217000,2026-07-04 02:00:00+00:00,,435.0,582.0
USGS-09217000,2026-07-04 03:00:00+00:00,,434.0,572.5
USGS-09217000,2026-07-04 04:00:00+00:00,,434.0,559.5
USGS-09217000,2026-07-04 05:00:00+00:00,,433.5,556.0
USGS-09217000,2026-07-04 06:00:00+00:00,,433.0,550.0
USGS-09217000,2026-07-04 07:00:00+00:00,,432.5,550.0
USGS-09217000,2026-07-04 08:00:00+00:00,,434.5,550.0
USGS-09217000,2026-07-04 09:00:00+00:00,,434.5,550.0
USGS-09217000,2026-07-04 10:00:00+00:00,,435.5,550.0
USGS-09217000,2026-07-04 11:00:00+00:00,,436.0,551.0
USGS-09217000,2026-07-04 12:00:00+00:00,,437.0,551.0
USGS-09217000,2026-07-04 13:00:00+00:00,,439.0,554.0
USGS-09217000,2026-07-04 14:00:00+00:00,,439.0,557.0
USGS-09217000,2026-07-04 15:00:00+00:00,,440.0,554.0
USGS-09217000,2026-07-04 16:00:00+00:00,,440.0,557.0
USGS-09217000,2026-07-04 17:00:00+00:00,,441.0,558.0
USGS-09217000,2026-07-04 18:00:00+00:00,,442.0,564.0
USGS-09217000,2026-07-04 19:00:00+00:00,,441.0,561.0
USGS-09217000,2026-07-04 20:00:00+00:00,,441.0,558.0
USGS-09217000,2026-07-04 21:00:00+00:00,,441.5,558.0
USGS-09217000,2026-07-04 22:00:00+00:00,,440.0,558.0
USGS-09217000,2026-07-04 23:00:00+00:00,,440.0,555.0
USGS-09217000,2026-07-05 00:00:00+00:00,,439.5,552.0
USGS-09217000,2026-07-05 01:00:00+00:00,,439.0,552.0
USGS-09217000,2026-07-05 02:00:00+00:00,,437.0,552.0
USGS-09217000,2026-07-05 03:00:00+00:00,,437.0,552.0
USGS-09217000,2026-07-05 04:00:00+00:00,,436.0,552.0
USGS-09217000,2026-07-05 05:00:00+00:00,,435.5,552.0
USGS-09217000,2026-07-05 06:00:00+00:00,,435.0,552.0
USGS-09217000,2026-07-05 07:00:00+00:00,,434.0,552.0
USGS-09217000,2026-07-05 08:00:00+00:00,,434.0,552.0
USGS-09217000,2026-07-05 09:00:00+00:00,,435.0,553.0
USGS-09217000,2026-07-05 10:00:00+00:00,,435.0,546.0
USGS-09217000,2026-07-05 11:00:00+00:00,,435.0,546.0
USGS-09217000,2026-07-05 12:00:00+00:00,,434.0,546.0
USGS-09217000,2026-07-05 13:00:00+00:00,,434.0,546.0
USGS-09217000,2026-07-05 14:00:00+00:00,,434.0,553.0
USGS-09217000,2026-07-05 15:00:00+00:00,,434.0,553.0
USGS-09217000,2026-07-05 16:00:00+00:00,,434.0,556.5
USGS-09217000,2026-07-05 17:00:00+00:00,,432.5,560.0
USGS-09217000,2026-07-05 18:00:00+00:00,,431.5,560.0
USGS-09217000,2026-07-05 19:00:00+00:00,,431.5,560.0
USGS-09217000,2026-07-05 20:00:00+00:00,,429.5,560.0
USGS-09217000,2026-07-05 21:00:00+00:00,,430.5,557.0
USGS-09217000,2026-07-05 22:00:00+00:00,,428.0,554.0
USGS-09217000,2026-07-05 23:00:00+00:00,,431.0,554.0
USGS-09217000,2026-07-06 00:00:00+00:00,,428.5,547.0
USGS-09217000,2026-07-06 01:00:00+00:00,,427.5,547.5
USGS-09217000,2026-07-06 02:00:00+00:00,,424.0,548.0
USGS-09217000,2026-07-06 03:00:00+00:00,,424.0,548.0
USGS-09217000,2026-07-06 04:00:00+00:00,,425.0,548.0
USGS-09217000,2026-07-06 05:00:00+00:00,,425.0,548.0
USGS-09217000,2026-07-06 06:00:00+00:00,,424.0,548.0
USGS-09217000,2026-07-06 07:00:00+00:00,,424.0,542.0
USGS-09217000,2026-07-06 08:00:00+00:00,,424.0,548.0
USGS-09217000,2026-07-06 09:00:00+00:00,,424.0,548.0
USGS-09217000,2026-07-06 10:00:00+00:00,,425.0,548.0
USGS-09217000,2026-07-06 11:00:00+00:00,,425.0,548.0
USGS-09217000,2026-07-06 12:00:00+00:00,,427.0,548.0
USGS-09217000,2026-07-06 13:00:00+00:00,,428.0,549.0
USGS-09217000,2026-07-06 14:00:00+00:00,,429.5,549.0
USGS-09217000,2026-07-06 15:00:00+00:00,,429.5,552.0
USGS-09217000,2026-07-06 16:00:00+00:00,,431.0,555.0
USGS-09217000,2026-07-06 17:00:00+00:00,,430.0,555.0
USGS-09217000,2026-07-06 18:00:00+00:00,,432.0,555.5
USGS-09217000,2026-07-06 19:00:00+00:00,,430.5,565.5
USGS-09217000,2026-07-06 20:00:00+00:00,,429.0,569.0
USGS-09217000,2026-07-06 21:00:00+00:00,,429.0,569.0
USGS-09217000,2026-07-06 22:00:00+00:00,,427.5,569.0
USGS-09217000,2026-07-06 23:00:00+00:00,,426.0,569.0
USGS-09217000,2026-07-07 00:00:00+00:00,,425.0,566.0
USGS-09217000,2026-07-07 01:00:00+00:00,,425.0,566.0
USGS-09217000,2026-07-07 02:00:00+00:00,,424.0,569.0
USGS-09217000,2026-07-07 03:00:00+00:00,,423.5,563.0
USGS-09217000,2026-07-07 04:00:00+00:00,,423.5,563.0
USGS-09217000,2026-07-07 05:00:00+00:00,,422.0,563.0
USGS-09217000,2026-07-07 06:00:00+00:00,,421.0,563.0
USGS-09217000,2026-07-07 07:00:00+00:00,,420.0,563.0
USGS-09217000,2026-07-07 08:00:00+00:00,,420.0,563.0
USGS-09217000,2026-07-07 09:00:00+00:00,,421.5,563.0
USGS-09217000,2026-07-07 10:00:00+00:00,,422.0,563.0
USGS-09217000,2026-07-07 11:00:00+00:00,,423.0,564.0
USGS-09217000,2026-07-07 12:00:00+00:00,,424.5,564.0
USGS-09217000,2026-07-07 13:00:00+00:00,,425.5,564.0
USGS-09217000,2026-07-07 14:00:00+00:00,,426.0,570.0
USGS-09217000,2026-07-07 15:00:00+00:00,,427.5,570.0
USGS-09217000,2026-07-07 16:00:00+00:00,,428.0,573.5
USGS-09217000,2026-07-07 17:00:00+00:00,,428.0,571.0
USGS-09217000,2026-07-07 18:00:00+00:00,,428.0,571.0
USGS-09217000,2026-07-07 19:00:00+00:00,,430.0,577.0
USGS-09217000,2026-07-07 20:00:00+00:00,,433.0,574.0
USGS-09217000,2026-07-07 21:00:00+00:00,,432.5,571.0
USGS-09217000,2026-07-07 22:00:00+00:00,,429.5,571.0
USGS-09217000,2026-07-07 23:00:00+00:00,,429.0,571.0
USGS-09217000,2026-07-08 00:00:00+00:00,,428.0,571.0
USGS-09217000,2026-07-08 01:00:00+00:00,,428.5,578.0
USGS-09217000,2026-07-08 02:00:00+00:00,,429.0,578.0
USGS-09217000,2026-07-08 03:00:00+00:00,,427.0,578.0
USGS-09217000,2026-07-08 04:00:00+00:00,,426.0,578.0
USGS-09217000,2026-07-08 05:00:00+00:00,,426.0,578.0
USGS-09217000,2026-07-08 06:00:00+00:00,,425.0,578.0
USGS-09217000,2026-07-08 07:00:00+00:00,,425.0,585.0
USGS-09217000,2026-07-08 08:00:00+00:00,,425.0,591.0
USGS-09217000,2026-07-08 09:00:00+00:00,,426.0,591.5
USGS-09217000,2026-07-08 10:00:00+00:00,,427.0,592.0
USGS-09217000,2026-07-08 11:00:00+00:00,,428.0,588.5
USGS-09217000,2026-07-08 12:00:00+00:00,,429.0,585.0
USGS-09217000,2026-07-08 13:00:00+00:00,,429.5,585.0
USGS-09217000,2026-07-08 14:00:00+00:00,,430.0,592.0
USGS-09217000,2026-07-08 15:00:00+00:00,,430.5,592.0
USGS-09217000,2026-07-08 16:00:00+00:00,,431.0,599.0
USGS-09217000,2026-07-08 17:00:00+00:00,,431.5,595.5
USGS-09217000,2026-07-08 18:00:00+00:00,,431.0,592.0
USGS-09217000,2026-07-08 19:00:00+00:00,,430.5,592.0
USGS-09217000,2026-07-08 20:00:00+00:00,,432.0,592.5
USGS-09217000,2026-07-08 21:00:00+00:00,,429.5,589.5
USGS-09217000,2026-07-08 22:00:00+00:00,,430.0,593.0
USGS-09217000,2026-07-08 23:00:00+00:00,,430.0,599.0
USGS-09217000,2026-07-09 00:00:00+00:00,,429.0,602.5
USGS-09217000,2026-07-09 01:00:00+00:00,,429.0,606.0
USGS-09217000,2026-07-09 02:00:00+00:00,,427.0,603.0
USGS-09217000,2026-07-09 03:00:00+00:00,,426.5,606.0
USGS-09217000,2026-07-09 04:00:00+00:00,,424.0,600.0
USGS-09217000,2026-07-09 05:00:00+00:00,,424.0,596.5
USGS-09217000,2026-07-09 06:00:00+00:00,,423.5,590.0
USGS-09217000,2026-07-09 07:00:00+00:00,,422.0,587.0
USGS-09217000,2026-07-09 08:00:00+00:00,,423.0,581.0
USGS-09217000,2026-07-09 09:00:00+00:00,,424.0,581.0
USGS-09217000,2026-07-09 10:00:00+00:00,,426.5,584.0
USGS-09217000,2026-07-09 11:00:00+00:00,,426.0,581.0
USGS-09217000,2026-07-09 12:00:00+00:00,,428.0,581.0
USGS-09217000,2026-07-09 13:00:00+00:00,,429.5,581.0
USGS-09217000,2026-07-09 14:00:00+00:00,,430.0,581.0
USGS-09217000,2026-07-09 15:00:00+00:00,,431.5,588.0
USGS-09217000,2026-07-09 16:00:00+00:00,,432.0,588.0
USGS-09217000,2026-07-09 17:00:00+00:00,,435.0,594.0
USGS-09217000,2026-07-09 18:00:00+00:00,,433.0,595.0
USGS-09217000,2026-07-09 19:00:00+00:00,,432.0,595.0
USGS-09217000,2026-07-09 20:00:00+00:00,,432.0,595.0
USGS-09217000,2026-07-09 21:00:00+00:00,,431.0,588.0
USGS-09217000,2026-07-09 22:00:00+00:00,,430.0,585.0
USGS-09217000,2026-07-09 23:00:00+00:00,,429.5,582.0
USGS-09217000,2026-07-10 00:00:00+00:00,,428.0,576.0
USGS-09217000,2026-07-10 01:00:00+00:00,,427.0,576.0
USGS-09217000,2026-07-10 02:00:00+00:00,,425.5,576.0
USGS-09217000,2026-07-10 03:00:00+00:00,,425.5,576.0
USGS-09217000,2026-07-10 04:00:00+00:00,,424.0,579.0
USGS-09217000,2026-07-10 05:00:00+00:00,,424.0,582.0
USGS-09217000,2026-07-10 06:00:00+00:00,,422.5,579.5
USGS-09217000,2026-07-10 07:00:00+00:00,,422.5,583.0
USGS-09217000,2026-07-10 08:00:00+00:00,,423.5,583.0
USGS-09217000,2026-07-10 09:00:00+00:00,,424.5,576.0
USGS-09217000,2026-07-10 10:00:00+00:00,,425.5,576.0
USGS-09217000,2026-07-10 11:00:00+00:00,,426.0,576.5
USGS-09217000,2026-07-10 12:00:00+00:00,,426.0,577.0
USGS-09217000,2026-07-10 13:00:00+00:00,,427.5,577.0
USGS-09217000,2026-07-10 14:00:00+00:00,,427.5,583.0
USGS-09217000,2026-07-10 15:00:00+00:00,,427.5,580.0
USGS-09217000,2026-07-10 16:00:00+00:00,,427.0,583.0
USGS-09217000,2026-07-10 17:00:00+00:00,,427.0,584.0
USGS-09217000,2026-07-10 18:00:00+00:00,,426.0,580.5
USGS-09217000,2026-07-10 19:00:00+00:00,,425.0,571.0
USGS-09217000,2026-07-10 20:00:00+00:00,,427.5,564.0
USGS-09217000,2026-07-10 21:00:00+00:00,,428.0,564.0
USGS-09217000,2026-07-10 22:00:00+00:00,,425.0,568.0
USGS-09217000,2026-07-10 23:00:00+00:00,,425.5,568.0
USGS-09217000,2026-07-11 00:00:00+00:00,,424.0,565.0
USGS-09217000,2026-07-11 01:00:00+00:00,,423.5,558.0
USGS-09217000,2026-07-11 02:00:00+00:00,,418.0,558.0
USGS-09217000,2026-07-11 03:00:00+00:00,,416.0,558.0
USGS-09217000,2026-07-11 04:00:00+00:00,,416.0,559.0
USGS-09217000,2026-07-11 05:00:00+00:00,,414.0,559.0
USGS-09217000,2026-07-11 06:00:00+00:00,,413.0,559.0
USGS-09217000,2026-07-11 07:00:00+00:00,,412.5,559.0
USGS-09217000,2026-07-11 08:00:00+00:00,,412.5,559.0
USGS-09217000,2026-07-11 09:00:00+00:00,,415.0,559.0
USGS-09217000,2026-07-11 10:00:00+00:00,,415.0,559.0
USGS-09217000,2026-07-11 11:00:00+00:00,,416.0,559.0
USGS-09217000,2026-07-11 12:00:00+00:00,,417.5,559.0
USGS-09217000,2026-07-11 13:00:00+00:00,,421.5,559.0
USGS-09217000,2026-07-11 14:00:00+00:00,,421.0,559.0
USGS-09217000,2026-07-11 15:00:00+00:00,,419.0,566.0
USGS-09217000,2026-07-11 16:00:00+00:00,,419.5,566.0
USGS-09217000,2026-07-11 17:00:00+00:00,,419.0,566.0
USGS-09217000,2026-07-11 18:00:00+00:00,,419.5,573.0
USGS-09217000,2026-07-11 19:00:00+00:00,,420.5,573.0
USGS-09217000,2026-07-11 20:00:00+00:00,,420.0,573.0
USGS-09217000,2026-07-11 21:00:00+00:00,,420.0,567.0
USGS-09217000,2026-07-11 22:00:00+00:00,,419.0,570.0
USGS-09217000,2026-07-11 23:00:00+00:00,,418.0,573.0
USGS-09217000,2026-07-12 00:00:00+00:00,,418.0,567.0
USGS-09217000,2026-07-12 01:00:00+00:00,,417.0,567.0
USGS-09217000,2026-07-12 02:00:00+00:00,,415.5,567.0
USGS-09217000,2026-07-12 03:00:00+00:00,,415.0,567.0
USGS-09217000,2026-07-12 04:00:00+00:00,,414.0,567.0
USGS-09217000,2026-07-12 05:00:00+00:00,,414.0,567.0
USGS-09217000,2026-07-12 06:00:00+00:00,,413.0,567.0
USGS-09217000,2026-07-12 07:00:00+00:00,,412.5,567.0
USGS-09217000,2026-07-12 08:00:00+00:00,,413.0,568.0
USGS-09217000,2026-07-12 09:00:00+00:00,,412.5,568.0
USGS-09217000,2026-07-12 10:00:00+00:00,,414.0,568.0
USGS-09217000,2026-07-12 11:00:00+00:00,,415.0,568.0
USGS-09217000,2026-07-12 12:00:00+00:00,,416.0,568.0
USGS-09217000,2026-07-12 13:00:00+00:00,,418.0,568.0
USGS-09217000,2026-07-12 14:00:00+00:00,,421.0,568.0
USGS-09217000,2026-07-12 15:00:00+00:00,,421.5,571.5
USGS-09217000,2026-07-12 16:00:00+00:00,,421.5,568.0
USGS-09217000,2026-07-12 17:00:00+00:00,,422.0,575.0
USGS-09217000,2026-07-12 18:00:00+00:00,,424.0,575.0
USGS-09217000,2026-07-12 19:00:00+00:00,,423.5,575.0
USGS-09217000,2026-07-12 20:00:00+00:00,,423.5,575.0
USGS-09217000,2026-07-12 21:00:00+00:00,,424.5,575.0
USGS-09217000,2026-07-12 22:00:00+00:00,,424.0,575.0
USGS-09217000,2026-07-12 23:00:00+00:00,,424.5,575.0
USGS-09217000,2026-07-13 00:00:00+00:00,,425.0,576.0
USGS-09217000,2026-07-13 01:00:00+00:00,,422.5,572.5
USGS-09217000,2026-07-13 02:00:00+00:00,,421.0,569.0
USGS-09217000,2026-07-13 03:00:00+00:00,,421.0,569.0
USGS-09217000,2026-07-13 04:00:00+00:00,,420.0,569.0
USGS-09217000,2026-07-13 05:00:00+00:00,,418.5,582.0
USGS-09217000,2026-07-13 06:00:00+00:00,,416.0,583.0
USGS-09217000,2026-07-13 07:00:00+00:00,,416.0,583.0
USGS-09217000,2026-07-13 08:00:00+00:00,,417.0,579.5
USGS-09217000,2026-07-13 09:00:00+00:00,,418.0,583.0
USGS-09217000,2026-07-13 10:00:00+00:00,,418.5,576.0
USGS-09217000,2026-07-13 11:00:00+00:00,,419.0,577.0
USGS-09217000,2026-07-13 12:00:00+00:00,,420.0,577.0
USGS-09217000,2026-07-13 13:00:00+00:00,,421.5,583.0
USGS-09217000,2026-07-13 14:00:00+00:00,,422.5,583.0
USGS-09217000,2026-07-13 15:00:00+00:00,,423.5,590.0
USGS-09217000,2026-07-13 16:00:00+00:00,,423.0,590.0
USGS-09217000,2026-07-13 17:00:00+00:00,,423.0,590.0
USGS-09217000,2026-07-13 18:00:00+00:00,,423.5,597.0
USGS-09217000,2026-07-13 19:00:00+00:00,,423.0,597.0
USGS-09217000,2026-07-13 20:00:00+00:00,,422.0,597.0
USGS-09217000,2026-07-13 21:00:00+00:00,,422.0,597.0
USGS-09217000,2026-07-13 22:00:00+00:00,,422.0,597.0
USGS-09217000,2026-07-13 23:00:00+00:00,,421.5,594.0
USGS-09217000,2026-07-14 00:00:00+00:00,,420.0,591.0
USGS-09217000,2026-07-14 01:00:00+00:00,,417.5,587.5
USGS-09217000,2026-07-14 02:00:00+00:00,,416.0,591.0
USGS-09217000,2026-07-14 03:00:00+00:00,,415.5,591.0
USGS-09217000,2026-07-14 04:00:00+00:00,,415.0,591.0
USGS-09217000,2026-07-14 05:00:00+00:00,,414.0,585.0
USGS-09217000,2026-07-14 06:00:00+00:00,,413.0,585.0
USGS-09217000,2026-07-14 07:00:00+00:00,,412.0,585.0
USGS-09217000,2026-07-14 08:00:00+00:00,,412.0,581.5
USGS-09217000,2026-07-14 09:00:00+00:00,,413.0,578.5
USGS-09217000,2026-07-14 10:00:00+00:00,,414.5,579.0
USGS-09217000,2026-07-14 11:00:00+00:00,,415.5,579.0
USGS-09217000,2026-07-14 12:00:00+00:00,,416.5,582.0
USGS-09217000,2026-07-14 13:00:00+00:00,,419.0,585.0
USGS-09217000,2026-07-14 14:00:00+00:00,,420.0,585.0
USGS-09217000,2026-07-14 15:00:00+00:00,,421.0,586.0
USGS-09217000,2026-07-14 16:00:00+00:00,,423.0,586.0
USGS-09217000,2026-07-14 17:00:00+00:00,,425.0,592.0
USGS-09217000,2026-07-14 18:00:00+00:00,,424.0,595.5
USGS-09217000,2026-07-14 19:00:00+00:00,,422.0,599.0
USGS-09217000,2026-07-14 20:00:00+00:00,,422.0,596.0
USGS-09217000,2026-07-14 21:00:00+00:00,,421.0,599.0
USGS-09217000,2026-07-14 22:00:00+00:00,,420.5,593.0
USGS-09217000,2026-07-14 23:00:00+00:00,,419.5,593.0
USGS-09217000,2026-07-15 00:00:00+00:00,,419.5,586.0
USGS-09217000,2026-07-15 01:00:00+00:00,,419.0,586.0
USGS-09217000,2026-07-15 02:00:00+00:00,,418.0,587.0
USGS-09217000,2026-07-15 03:00:00+00:00,,417.0,583.5
USGS-09217000,2026-07-15 04:00:00+00:00,,416.5,583.5
USGS-09217000,2026-07-15 05:00:00+00:00,,415.0,580.0
USGS-09217000,2026-07-15 06:00:00+00:00,,414.0,580.0
USGS-09217000,2026-07-15 07:00:00+00:00,,414.0,580.5
USGS-09217000,2026-07-15 08:00:00+00:00,,414.0,581.0
USGS-09217000,2026-07-15 09:00:00+00:00,,415.0,581.0
USGS-09217000,2026-07-15 10:00:00+00:00,,415.5,568.0
USGS-09217000,2026-07-15 11:00:00+00:00,,419.0,561.0
USGS-09217000,2026-07-15 12:00:00+00:00,,421.5,561.0
USGS-09217000,2026-07-15 13:00:00+00:00,,420.0,568.0
USGS-09217000,2026-07-15 14:00:00+00:00,,419.0,568.0
USGS-09217000,2026-07-15 15:00:00+00:00,,419.0,562.0
USGS-09217000,2026-07-15 16:00:00+00:00,,419.0,568.0
USGS-09217000,2026-07-15 17:00:00+00:00,,419.0,568.0
USGS-09217000,2026-07-15 18:00:00+00:00,,418.5,575.0
USGS-09217000,2026-07-15 19:00:00+00:00,,417.0,575.0
USGS-09217000,2026-07-15 20:00:00+00:00,,416.5,565.5
USGS-09217000,2026-07-15 21:00:00+00:00,,418.0,562.0
USGS-09217000,2026-07-15 22:00:00+00:00,,416.0,562.0
USGS-09217000,2026-07-15 23:00:00+00:00,,414.0,562.0
USGS-09217000,2026-07-16 00:00:00+00:00,,414.0,559.5
USGS-09217000,2026-07-16 01:00:00+00:00,,417.5,563.0
USGS-09217000,2026-07-16 02:00:00+00:00,,416.0,559.5
USGS-09217000,2026-07-16 03:00:00+00:00,,413.0,556.0
USGS-09217000,2026-07-16 04:00:00+00:00,,412.0,569.0
USGS-09217000,2026-07-16 05:00:00+00:00,,409.5,582.0
USGS-09217000,2026-07-16 06:00:00+00:00,,407.0,566.5
USGS-09217000,2026-07-16 07:00:00+00:00,,409.5,566.5
USGS-09217000,2026-07-16 08:00:00+00:00,,410.0,563.0
USGS-09217000,2026-07-16 09:00:00+00:00,,411.5,563.0
USGS-09217000,2026-07-16 10:00:00+00:00,,412.5,560.0
USGS-09217000,2026-07-16 11:00:00+00:00,,413.0,557.0
USGS-09217000,2026-07-16 12:00:00+00:00,,413.5,557.0
USGS-09217000,2026-07-16 13:00:00+00:00,,415.0,557.0
USGS-09217000,2026-07-16 14:00:00+00:00,,415.5,564.0
USGS-09217000,2026-07-16 15:00:00+00:00,,416.0,583.5
USGS-09217000,2026-07-16 16:00:00+00:00,,415.0,625.0
USGS-09217000,2026-07-16 17:00:00+00:00,,414.0,652.0
USGS-09217000,2026-07-16 18:00:00+00:00,,413.5,655.0
USGS-09217000,2026-07-16 19:00:00+00:00,,413.0,649.0
USGS-09217000,2026-07-16 20:00:00+00:00,,411.5,640.0
USGS-09217000,2026-07-16 21:00:00+00:00,,411.0,628.0
USGS-09217000,2026-07-16 22:00:00+00:00,,410.0,622.0
USGS-09217000,2026-07-16 23:00:00+00:00,,409.0,622.0
USGS-09217000,2026-07-17 00:00:00+00:00,,410.0,622.0
USGS-09217000,2026-07-17 01:00:00+00:00,,407.0,628.0
USGS-09217000,2026-07-17 02:00:00+00:00,,406.0,625.0
USGS-09217000,2026-07-17 03:00:00+00:00,,405.0,617.0
USGS-09217000,2026-07-17 04:00:00+00:00,,403.0,617.0
USGS-09217000,2026-07-17 05:00:00+00:00,,401.0,617.0
USGS-09217000,2026-07-17 06:00:00+00:00,,401.0,611.0
USGS-09217000,2026-07-17 07:00:00+00:00,,399.5,598.0
USGS-09217000,2026-07-17 08:00:00+00:00,,399.0,598.0
USGS-09217000,2026-07-17 09:00:00+00:00,,400.0,611.0
USGS-09217000,2026-07-17 10:00:00+00:00,,403.5,605.0
USGS-09217000,2026-07-17 11:00:00+00:00,,409.5,598.0
USGS-09217000,2026-07-17 12:00:00+00:00,,415.0,598.0
USGS-09217000,2026-07-17 13:00:00+00:00,,416.0,592.0
USGS-09217000,2026-07-17 14:00:00+00:00,,416.0,592.0
USGS-09217000,2026-07-17 15:00:00+00:00,,417.5,592.0
USGS-09217000,2026-07-17 16:00:00+00:00,,419.5,595.5
USGS-09217000,2026-07-17 17:00:00+00:00,,420.5,595.5
USGS-09217000,2026-07-17 18:00:00+00:00,,422.0,586.0
USGS-09217000,2026-07-17 19:00:00+00:00,,422.0,573.0
USGS-09217000,2026-07-17 20:00:00+00:00,,423.0,573.0
USGS-09217000,2026-07-17 21:00:00+00:00,,424.0,573.0
USGS-09217000,2026-07-17 22:00:00+00:00,,425.0,573.0
USGS-09217000,2026-07-17 23:00:00+00:00,,425.0,573.0
USGS-09217000,2026-07-18 00:00:00+00:00,,424.5,573.0
USGS-09217000,2026-07-18 01:00:00+00:00,,424.5,576.5
USGS-09217000,2026-07-18 02:00:00+00:00,,422.0,580.0
USGS-09217000,2026-07-18 03:00:00+00:00,,420.0,574.0
USGS-09217000,2026-07-18 04:00:00+00:00,,418.0,570.5
USGS-09217000,2026-07-18 05:00:00+00:00,,415.0,567.0
USGS-09217000,2026-07-18 06:00:00+00:00,,414.0,561.0
USGS-09217000,2026-07-18 07:00:00+00:00,,412.5,561.0
USGS-09217000,2026-07-18 08:00:00+00:00,,412.0,561.0
USGS-09217000,2026-07-18 09:00:00+00:00,,413.0,561.0
USGS-09217000,2026-07-18 10:00:00+00:00,,414.0,561.0
USGS-09217000,2026-07-18 11:00:00+00:00,,415.5,568.0
USGS-09217000,2026-07-18 12:00:00+00:00,,417.0,568.0
USGS-09217000,2026-07-18 13:00:00+00:00,,417.5,568.0
USGS-09217000,2026-07-18 14:00:00+00:00,,419.0,575.0
USGS-09217000,2026-07-18 15:00:00+00:00,,419.0,575.0
USGS-09217000,2026-07-18 16:00:00+00:00,,419.0,575.0
USGS-09217000,2026-07-18 17:00:00+00:00,,420.0,571.5
USGS-09217000,2026-07-18 18:00:00+00:00,,420.0,568.5
USGS-09217000,2026-07-18 19:00:00+00:00,,420.0,569.0
USGS-09217000,2026-07-18 20:00:00+00:00,,419.0,569.0
USGS-09217000,2026-07-18 21:00:00+00:00,,418.5,578.5
USGS-09217000,2026-07-18 22:00:00+00:00,,419.0,588.0
USGS-09217000,2026-07-18 23:00:00+00:00,,418.5,595.0
USGS-09217000,2026-07-19 00:00:00+00:00,,417.5,589.0
USGS-09217000,2026-07-19 01:00:00+00:00,,418.0,589.0
USGS-09217000,2026-07-19 02:00:00+00:00,,418.5,589.0
USGS-09217000,2026-07-19 03:00:00+00:00,,419.5,589.0
USGS-09217000,2026-07-19 04:00:00+00:00,,419.5,589.0
USGS-09217000,2026-07-19 05:00:00+00:00,,422.0,589.0
USGS-09217000,2026-07-19 06:00:00+00:00,,424.0,589.0
USGS-09217000,2026-07-19 07:00:00+00:00,,428.0,589.0
USGS-09217000,2026-07-19 08:00:00+00:00,,429.5,589.0
USGS-09217000,2026-07-19 09:00:00+00:00,,428.5,589.0
USGS-09217000,2026-07-19 10:00:00+00:00,,428.5,589.0
USGS-09217000,2026-07-19 11:00:00+00:00,,429.0,590.0
USGS-09217000,2026-07-19 12:00:00+00:00,,431.0,590.0
USGS-09217000,2026-07-19 13:00:00+00:00,,427.5,590.0
USGS-09217000,2026-07-19 14:00:00+00:00,,428.0,590.0
USGS-09217000,2026-07-19 15:00:00+00:00,,427.0,590.0
USGS-09217000,2026-07-19 16:00:00+00:00,,426.0,590.0
USGS-09217000,2026-07-19 17:00:00+00:00,,423.5,590.0
USGS-09217000,2026-07-19 18:00:00+00:00,,422.0,597.0
USGS-09217000,2026-07-19 19:00:00+00:00,,422.0,597.0
USGS-09217000,2026-07-19 20:00:00+00:00,,421.0,597.0
USGS-09217000,2026-07-19 21:00:00+00:00,,420.0,590.0
USGS-09217000,2026-07-19 22:00:00+00:00,,420.5,597.0
USGS-09217000,2026-07-19 23:00:00+00:00,,423.0,597.0
USGS-09217000,2026-07-20 00:00:00+00:00,,422.0,594.0
USGS-09217000,2026-07-20 01:00:00+00:00,,421.0,591.0
USGS-09217000,2026-07-20 02:00:00+00:00,,417.5,587.5
USGS-09217000,2026-07-20 03:00:00+00:00,,416.0,584.5
USGS-09217000,2026-07-20 04:00:00+00:00,,415.0,585.0
USGS-09217000,2026-07-20 05:00:00+00:00,,414.5,585.0
USGS-09217000,2026-07-20 06:00:00+00:00,,414.5,585.0
USGS-09217000,2026-07-20 07:00:00+00:00,,415.0,585.0
USGS-09217000,2026-07-20 08:00:00+00:00,,415.5,585.0
USGS-09217000,2026-07-20 09:00:00+00:00,,420.0,585.0
USGS-09217000,2026-07-20 10:00:00+00:00,,417.0,588.5
USGS-09217000,2026-07-20 11:00:00+00:00,,417.0,585.0
USGS-09217000,2026-07-20 12:00:00+00:00,,418.0,585.0
USGS-09217000,2026-07-20 13:00:00+00:00,,418.5,588.5
USGS-09217000,2026-07-20 14:00:00+00:00,,418.0,592.0
USGS-09217000,2026-07-20 15:00:00+00:00,,420.5,589.0
USGS-09217000,2026-07-20 16:00:00+00:00,,420.5,576.0
USGS-09217000,2026-07-20 17:00:00+00:00,,419.5,569.5
USGS-09217000,2026-07-20 18:00:00+00:00,,421.5,566.0
USGS-09217000,2026-07-20 19:00:00+00:00,,421.0,573.0
USGS-09217000,2026-07-20 20:00:00+00:00,,416.5,573.0
USGS-09217000,2026-07-20 21:00:00+00:00,,414.5,570.0
USGS-09217000,2026-07-20 22:00:00+00:00,,420.0,573.0
USGS-09217000,2026-07-20 23:00:00+00:00,,423.0,567.0
USGS-09217000,2026-07-21 00:00:00+00:00,,415.0,573.0
USGS-09217000,2026-07-21 01:00:00+00:00,,413.0,567.0
USGS-09217000,2026-07-21 02:00:00+00:00,,413.0,574.0
USGS-09217000,2026-07-21 03:00:00+00:00,,412.0,574.0
USGS-09217000,2026-07-21 04:00:00+00:00,,417.0,567.0
USGS-09217000,2026-07-21 05:00:00+00:00,,417.0,567.0
USGS-09217000,2026-07-21 06:00:00+00:00,,410.5,561.0
USGS-09217000,2026-07-21 07:00:00+00:00,,415.5,555.0
USGS-09217000,2026-07-21 08:00:00+00:00,,411.5,555.0
USGS-09217000,2026-07-21 09:00:00+00:00,,413.0,558.0
USGS-09217000,2026-07-21 10:00:00+00:00,,419.0,555.0
USGS-09217000,2026-07-21 11:00:00+00:00,,417.5,555.0
USGS-09217000,2026-07-21 12:00:00+00:00,,415.5,555.0
USGS-09217000,2026-07-21 13:00:00+00:00,,416.0,578.0
USGS-09217000,2026-07-21 14:00:00+00:00,,416.5,591.0
USGS-09217000,2026-07-21 15:00:00+00:00,,417.0,597.5
USGS-09217000,2026-07-21 16:00:00+00:00,,415.5,591.0
USGS-09217000,2026-07-21 17:00:00+00:00,,415.0,568.0
USGS-09217000,2026-07-21 18:00:00+00:00,,417.0,565.0
USGS-09217000,2026-07-21 19:00:00+00:00,,420.0,562.0
USGS-09217000,2026-07-21 20:00:00+00:00,,419.0,562.0
USGS-09217000,2026-07-21 21:00:00+00:00,,414.0,559.0
USGS-09217000,2026-07-21 22:00:00+00:00,,412.5,556.0
USGS-09217000,2026-07-21 23:00:00+00:00,,413.5,556.0
USGS-09217000,2026-07-22 00:00:00+00:00,,414.0,556.0
USGS-09217000,2026-07-22 01:00:00+00:00,,409.5,559.5
USGS-09217000,2026-07-22 02:00:00+00:00,,408.0,563.0
USGS-09217000,2026-07-22 03:00:00+00:00,,406.0,559.5
USGS-09217000,2026-07-22 04:00:00+00:00,,403.5,563.0
USGS-09217000,2026-07-22 05:00:00+00:00,,403.0,563.0
USGS-09217000,2026-07-22 06:00:00+00:00,,403.0,557.0
USGS-09217000,2026-07-22 07:00:00+00:00,,405.5,557.0
USGS-09217000,2026-07-22 08:00:00+00:00,,404.5,557.0
USGS-09217000,2026-07-22 09:00:00+00:00,,412.0,553.5
USGS-09217000,2026-07-22 10:00:00+00:00,,406.0,554.0
USGS-09217000,2026-07-22 11:00:00+00:00,,413.5,551.0
USGS-09217000,2026-07-22 12:00:00+00:00,,416.5,551.0
USGS-09217000,2026-07-22 13:00:00+00:00,,414.0,554.0
USGS-09217000,2026-07-22 14:00:00+00:00,,415.0,557.0
USGS-09217000,2026-07-22 15:00:00+00:00,,417.0,554.0
USGS-09217000,2026-07-22 16:00:00+00:00,,416.0,557.5
USGS-09217000,2026-07-22 17:00:00+00:00,,418.0,577.0
USGS-09217000,2026-07-22 18:00:00+00:00,,414.5,590.0
USGS-09217000,2026-07-22 19:00:00+00:00,,413.5,597.0
USGS-09217000,2026-07-22 20:00:00+00:00,,412.0,603.0
USGS-09217000,2026-07-22 21:00:00+00:00,,412.0,603.0
USGS-09217000,2026-07-22 22:00:00+00:00,,413.0,604.0
USGS-09217000,2026-07-22 23:00:00+00:00,,411.5,604.0
USGS-09217000,2026-07-23 00:00:00+00:00,,410.5,597.0
USGS-09217000,2026-07-23 01:00:00+00:00,,409.0,591.0
USGS-09217000,2026-07-23 02:00:00+00:00,,408.0,594.0
USGS-09217000,2026-07-23 03:00:00+00:00,,408.5,591.0
USGS-09217000,2026-07-23 04:00:00+00:00,,409.0,594.5
USGS-09217000,2026-07-23 05:00:00+00:00,,409.0,594.5
USGS-09217000,2026-07-23 06:00:00+00:00,,409.0,591.0
USGS-09217000,2026-07-23 07:00:00+00:00,,410.0,591.0
USGS-09217000,2026-07-23 08:00:00+00:00,,410.0,591.0
USGS-09217000,2026-07-23 09:00:00+00:00,,411.0,598.0
USGS-09217000,2026-07-23 10:00:00+00:00,,413.0,598.0
USGS-09217000,2026-07-23 11:00:00+00:00,,415.0,598.0
USGS-09217000,2026-07-23 12:00:00+00:00,,418.0,598.0
USGS-09217000,2026-07-23 13:00:00+00:00,,430.5,623.0
USGS-09217000,2026-07-23 14:00:00+00:00,,445.0,629.0
USGS-09217000,2026-07-23 15:00:00+00:00,,448.0,623.5
USGS-09217000,2026-07-23 16:00:00+00:00,,442.0,624.0
USGS-09217000,2026-07-23 17:00:00+00:00,,433.0,624.0
USGS-09217000,2026-07-23 18:00:00+00:00,,431.5,624.0
USGS-09217000,2026-07-23 19:00:00+00:00,,431.0,621.0
USGS-09217000,2026-07-23 20:00:00+00:00,,425.5,618.0
USGS-09217000,2026-07-23 21:00:00+00:00,,426.0,612.0
USGS-09217000,2026-07-23 22:00:00+00:00,,422.0,612.0
USGS-09217000,2026-07-23 23:00:00+00:00,,424.5,612.0
USGS-09217000,2026-07-24 00:00:00+00:00,,422.5,615.0
USGS-09217000,2026-07-24 01:00:00+00:00,,425.0,618.0
USGS-09217000,2026-07-24 02:00:00+00:00,,423.0,618.0
USGS-09217000,2026-07-24 03:00:00+00:00,,421.5,618.5
USGS-09217000,2026-07-24 04:00:00+00:00,,424.0,619.0
USGS-09217000,2026-07-24 05:00:00+00:00,,426.5,613.0
USGS-09217000,2026-07-24 06:00:00+00:00,,433.0,606.5
USGS-09217000,2026-07-24 07:00:00+00:00,,443.5,603.5
USGS-09217000,2026-07-24 08:00:00+00:00,,447.0,607.0
USGS-09217000,2026-07-24 09:00:00+00:00,,450.0,600.0
USGS-09217000,2026-07-24 10:00:00+00:00,,450.5,600.0
USGS-09217000,2026-07-24 11:00:00+00:00,,449.5,600.0
USGS-09217000,2026-07-24 12:00:00+00:00,,448.0,597.0
USGS-09217000,2026-07-24 13:00:00+00:00,,446.0,601.0
USGS-09217000,2026-07-24 14:00:00+00:00,,445.0,601.0
USGS-09217000,2026-07-24 15:00:00+00:00,,442.5,601.0
USGS-09217000,2026-07-24 16:00:00+00:00,,437.5,601.0
USGS-09217000,2026-07-24 17:00:00+00:00,,434.5,604.0
USGS-09217000,2026-07-24 18:00:00+00:00,,433.0,604.5
USGS-09217000,2026-07-24 19:00:00+00:00,,431.0,608.0
USGS-09217000,2026-07-24 20:00:00+00:00,,429.0,604.5
USGS-09217000,2026-07-24 21:00:00+00:00,,427.0,608.0
USGS-09217000,2026-07-24 22:00:00+00:00,,426.0,604.5
USGS-09217000,2026-07-24 23:00:00+00:00,,421.0,601.5
USGS-09217000,2026-07-25 00:00:00+00:00,,418.0,598.5
USGS-09217000,2026-07-25 01:00:00+00:00,,415.5,595.0
USGS-09217000,2026-07-25 02:00:00+00:00,,416.0,595.0
USGS-09217000,2026-07-25 03:00:00+00:00,,417.0,595.0
USGS-09217000,2026-07-25 04:00:00+00:00,,413.0,595.0
USGS-09217000,2026-07-25 05:00:00+00:00,,412.0,592.0
USGS-09217000,2026-07-25 06:00:00+00:00,,417.5,596.0
USGS-09217000,2026-07-25 07:00:00+00:00,,416.0,596.0
USGS-09217000,2026-07-25 08:00:00+00:00,,415.5,596.0
USGS-09217000,2026-07-25 09:00:00+00:00,,416.5,596.0
USGS-09217000,2026-07-25 10:00:00+00:00,,417.5,596.0
USGS-09217000,2026-07-25 11:00:00+00:00,,419.0,596.0
USGS-09217000,2026-07-25 12:00:00+00:00,,421.0,596.0
USGS-09217000,2026-07-25 13:00:00+00:00,,421.5,596.0
USGS-09217000,2026-07-25 14:00:00+00:00,,423.5,596.0
USGS-09217000,2026-07-25 15:00:00+00:00,,424.0,596.0
USGS-09217000,2026-07-25 16:00:00+00:00,,426.0,600.0
USGS-09217000,2026-07-25 17:00:00+00:00,,425.5,597.0
USGS-09217000,2026-07-25 18:00:00+00:00,,425.5,600.0
USGS-09217000,2026-07-25 19:00:00+00:00,,424.5,597.0
USGS-09217000,2026-07-25 20:00:00+00:00,,425.5,597.0
USGS-09217000,2026-07-25 21:00:00+00:00,,424.5,597.0
USGS-09217000,2026-07-25 22:00:00+00:00,,425.5,597.0
USGS-09217000,2026-07-25 23:00:00+00:00,,423.0,587.5
USGS-09217000,2026-07-26 00:00:00+00:00,,420.0,571.0
USGS-09217000,2026-07-26 01:00:00+00:00,,418.0,571.0
USGS-09217000,2026-07-26 02:00:00+00:00,,417.0,571.0
USGS-09217000,2026-07-26 03:00:00+00:00,,418.0,575.0
USGS-09217000,2026-07-26 04:00:00+00:00,,418.0,572.0
USGS-09217000,2026-07-26 05:00:00+00:00,,419.5,578.0
USGS-09217000,2026-07-26 06:00:00+00:00,,419.0,572.0
USGS-09217000,2026-07-26 07:00:00+00:00,,423.0,578.0
USGS-09217000,2026-07-26 08:00:00+00:00,,423.0,578.0
USGS-09217000,2026-07-26 09:00:00+00:00,,419.5,575.5
USGS-09217000,2026-07-26 10:00:00+00:00,,420.0,572.0
USGS-09217000,2026-07-26 11:00:00+00:00,,420.5,572.0
USGS-09217000,2026-07-26 12:00:00+00:00,,419.5,572.0
USGS-09217000,2026-07-26 13:00:00+00:00,,419.5,572.0
USGS-09217000,2026-07-26 14:00:00+00:00,,419.0,576.0
USGS-09217000,2026-07-26 15:00:00+00:00,,417.0,579.0
USGS-09217000,2026-07-26 16:00:00+00:00,,419.5,586.0
USGS-09217000,2026-07-26 17:00:00+00:00,,420.5,586.0
USGS-09217000,2026-07-26 18:00:00+00:00,,422.0,592.0
USGS-09217000,2026-07-26 19:00:00+00:00,,418.5,589.0
USGS-09217000,2026-07-26 20:00:00+00:00,,419.0,586.0
USGS-09217000,2026-07-26 21:00:00+00:00,,417.5,586.0
USGS-09217000,2026-07-26 22:00:00+00:00,,415.0,586.0
USGS-09217000,2026-07-26 23:00:00+00:00,,416.0,586.0
USGS-09217000,2026-07-27 00:00:00+00:00,,416.0,583.0
USGS-09217000,2026-07-27 01:00:00+00:00,,416.0,580.0
USGS-09217000,2026-07-27 02:00:00+00:00,,413.0,580.0
USGS-09217000,2026-07-27 03:00:00+00:00,,415.0,580.0
USGS-09217000,2026-07-27 04:00:00+00:00,,415.0,580.0
USGS-09217000,2026-07-27 05:00:00+00:00,,412.5,590.0
USGS-09217000,2026-07-27 06:00:00+00:00,,415.0,600.0
USGS-09217000,2026-07-27 07:00:00+00:00,,415.5,600.0
USGS-09217000,2026-07-27 08:00:00+00:00,,416.0,600.0
USGS-09217000,2026-07-27 09:00:00+00:00,,416.0,600.0
USGS-09217000,2026-07-27 10:00:00+00:00,,418.0,600.0
USGS-09217000,2026-07-27 11:00:00+00:00,,419.0,600.0
USGS-09217000,2026-07-27 12:00:00+00:00,,419.5,600.5
USGS-09217000,2026-07-27 13:00:00+00:00,,421.0,604.0
USGS-09217000,2026-07-27 14:00:00+00:00,,422.5,604.0
USGS-09217000,2026-07-27 15:00:00+00:00,,424.5,604.0
USGS-09217000,2026-07-27 16:00:00+00:00,,426.5,607.0
USGS-09217000,2026-07-27 17:00:00+00:00,,429.5,607.0
USGS-09217000,2026-07-27 18:00:00+00:00,,435.0,614.0
USGS-09217000,2026-07-27 19:00:00+00:00,,439.0,611.0
USGS-09217000,2026-07-27 20:00:00+00:00,,441.5,608.0
USGS-09217000,2026-07-27 21:00:00+00:00,,441.5,608.0
USGS-09217000,2026-07-27 22:00:00+00:00,,439.0,608.0
USGS-09217000,2026-07-27 23:00:00+00:00,,439.0,601.5
USGS-09217000,2026-07-28 00:00:00+00:00,,437.0,602.0
USGS-09217000,2026-07-28 01:00:00+00:00,,424.5,602.0
USGS-09217000,2026-07-28 02:00:00+00:00,,419.0,602.0
USGS-09217000,2026-07-28 03:00:00+00:00,,417.0,602.0
USGS-09217000,2026-07-28 04:00:00+00:00,,415.0,602.0
USGS-09217000,2026-07-28 05:00:00+00:00,,412.5,602.0
USGS-09217000,2026-07-28 06:00:00+00:00,,410.0,602.0
USGS-09217000,2026-07-28 07:00:00+00:00,,408.5,602.0
USGS-09217000,2026-07-28 08:00:00+00:00,,409.5,602.0
USGS-09217000,2026-07-28 09:00:00+00:00,,410.0,602.0
USGS-09217000,2026-07-28 10:00:00+00:00,,409.5,609.0
USGS-09217000,2026-07-28 11:00:00+00:00,,410.5,609.0
USGS-09217000,2026-07-28 12:00:00+00:00,,412.5,615.0
USGS-09217000,2026-07-28 13:00:00+00:00,,413.0,615.0
USGS-09217000,2026-07-28 14:00:00+00:00,,413.5,615.0
USGS-09217000,2026-07-28 15:00:00+00:00,,414.0,616.0
USGS-09217000,2026-07-28 16:00:00+00:00,,414.0,616.0
USGS-09217000,2026-07-28 17:00:00+00:00,,414.0,619.0
USGS-09217000,2026-07-28 18:00:00+00:00,,412.5,622.0
USGS-09217000,2026-07-28 19:00:00+00:00,,413.0,622.0
USGS-09217000,2026-07-28 20:00:00+00:00,,411.0,622.0
USGS-09217000,2026-07-28 21:00:00+00:00,,412.5,610.0
USGS-09217000,2026-07-28 22:00:00+00:00,,415.0,604.0
USGS-09217000,2026-07-28 23:00:00+00:00,,415.0,600.5
USGS-09217000,2026-07-29 00:00:00+00:00,,412.0,597.0
USGS-09217000,2026-07-29 01:00:00+00:00,,410.5,597.0
USGS-09217000,2026-07-29 02:00:00+00:00,,411.0,591.0
USGS-09217000,2026-07-29 03:00:00+00:00,,406.5,597.0
USGS-09217000,2026-07-29 04:00:00+00:00,,403.0,591.0
USGS-09217000,2026-07-29 05:00:00+00:00,,402.0,591.0
USGS-09217000,2026-07-29 06:00:00+00:00,,402.0,591.0
USGS-09217000,2026-07-29 07:00:00+00:00,,404.0,591.0
USGS-09217000,2026-07-29 08:00:00+00:00,,403.0,591.0
USGS-09217000,2026-07-29 09:00:00+00:00,,405.5,591.0
USGS-09217000,2026-07-29 10:00:00+00:00,,408.5,592.0
USGS-09217000,2026-07-29 11:00:00+00:00,,412.0,592.0
USGS-09217000,2026-07-29 12:00:00+00:00,,413.5,592.0
USGS-09217000,2026-07-29 13:00:00+00:00,,414.5,592.0
USGS-09217000,2026-07-29 14:00:00+00:00,,417.0,592.0
USGS-09217000,2026-07-29 15:00:00+00:00,,418.0,592.0
USGS-09217000,2026-07-29 16:00:00+00:00,,419.0,592.0
USGS-09217000,2026-07-29 17:00:00+00:00,,418.5,592.0
USGS-09217000,2026-07-29 18:00:00+00:00,,418.5,592.0
USGS-09217000,2026-07-29 19:00:00+00:00,,419.0,592.0
USGS-09217000,2026-07-29 20:00:00+00:00,,419.0,592.0
USGS-09217000,2026-07-29 21:00:00+00:00,,417.5,592.0
USGS-09217000,2026-07-29 22:00:00+00:00,,416.5,599.0
USGS-09217000,2026-07-29 23:00:00+00:00,,415.0,602.5
USGS-09217000,2026-07-30 00:00:00+00:00,,415.0,599.0
USGS-09217000,2026-07-30 01:00:00+00:00,,414.5,599.0
USGS-09217000,2026-07-30 02:00:00+00:00,,411.5,599.0
USGS-09217000,2026-07-30 03:00:00+00:00,,410.0,599.0
USGS-09217000,2026-07-30 04:00:00+00:00,,411.5,600.0
USGS-09217000,2026-07-30 05:00:00+00:00,,412.0,600.0
USGS-09217000,2026-07-30 06:00:00+00:00,,412.5,600.0
USGS-09217000,2026-07-30 07:00:00+00:00,,411.0,600.0
USGS-09217000,2026-07-30 08:00:00+00:00,,411.0,600.0
USGS-09217000,2026-07-30 09:00:00+00:00,,410.0,600.0
USGS-09217000,2026-07-30 10:00:00+00:00,,411.0,600.0
USGS-09217000,2026-07-30 11:00:00+00:00,,411.0,600.0
USGS-09217000,2026-07-30 12:00:00+00:00,,412.5,600.0
USGS-09217000,2026-07-30 13:00:00+00:00,,412.0,607.0
USGS-09217000,2026-07-30 14:00:00+00:00,,412.0,607.0
USGS-09217000,2026-07-30 15:00:00+00:00,,413.5,603.5
USGS-09217000,2026-07-30 16:00:00+00:00,,415.0,607.0
USGS-09217000,2026-07-30 17:00:00+00:00,,415.5,607.0
USGS-09217000,2026-07-30 18:00:00+00:00,,415.5,607.0
USGS-09217000,2026-07-30 19:00:00+00:00,,414.5,607.0
USGS-09217000,2026-07-30 20:00:00+00:00,,415.0,607.0
USGS-09217000,2026-07-30 21:00:00+00:00,,415.5,607.0
USGS-09217000,2026-07-30 22:00:00+00:00,,415.5,604.5
USGS-09217000,2026-07-30 23:00:00+00:00,,415.0,601.0
USGS-09217000,2026-07-31 00:00:00+00:00,,413.0,598.0
USGS-09217000,2026-07-31 01:00:00+00:00,,412.0,601.0
USGS-09217000,2026-07-31 02:00:00+00:00,,410.0,601.0
USGS-09217000,2026-07-31 03:00:00+00:00,,408.0,601.0
USGS-09217000,2026-07-31 04:00:00+00:00,,408.5,602.0
USGS-09217000,2026-07-31 05:00:00+00:00,,408.0,598.5
USGS-09217000,2026-07-31 06:00:00+00:00,,409.0,595.0
USGS-09217000,2026-07-31 07:00:00+00:00,,409.0,595.0
USGS-09217000,2026-07-31 08:00:00+00:00,,409.0,595.0
USGS-09217000,2026-07-31 09:00:00+00:00,,409.5,595.0
USGS-09217000,2026-07-31 10:00:00+00:00,,409.5,592.5
USGS-09217000,2026-07-31 11:00:00+00:00,,409.5,586.5
USGS-09217000,2026-07-31 12:00:00+00:00,,410.5,
USGS-09217000,2026-07-31 13:00:00+00:00,,412.0,
USGS-09217000,2026-07-31 14:00:00+00:00,,412.0,
USGS-09217000,2026-07-31 15:00:00+00:00,,413.0,
USGS-09217000,2026-07-31 16:00:00+00:00,,414.0,
USGS-09217000,2026-07-31 17:00:00+00:00,,415.0,
USGS-09217000,2026-07-31 18:00:00+00:00,,414.0,
USGS-09217000,2026-07-31 19:00:00+00:00,,415.0,
USGS-09217000,2026-07-31 20:00:00+00:00,,414.5,
USGS-09217000,2026-07-31 21:00:00+00:00,,415.0,
USGS-09217000,2026-07-31 22:00:00+00:00,,413.0,
USGS-09217000,2026-07-31 23:00:00+00:00,,413.0,
USGS-09217000,2026-08-01 00:00:00+00:00,,411.0,
USGS-09217000,2026-08-01 01:00:00+00:00,,411.0,
USGS-09217000,2026-08-01 02:00:00+00:00,,409.5,
USGS-09217000,2026-08-01 03:00:00+00:00,,409.5,
USGS-09217000,2026-08-01 04:00:00+00:00,,409.0,
USGS-09217000,2026-08-01 05:00:00+00:00,,409.0,
USGS-09217000,2026-08-01 06:00:00+00:00,,408.0,
USGS-09217000,2026-08-01 07:00:00+00:00,,408.0,
USGS-09217000,2026-08-01 08:00:00+00:00,,409.0,
USGS-09217000,2026-08-01 09:00:00+00:00,,409.0,
USGS-09217000,2026-08-01 10:00:00+00:00,,410.0,
USGS-09217000,2026-08-01 11:00:00+00:00,,410.5,
USGS-09217000,2026-08-01 12:00:00+00:00,,411.0,
USGS-09217000,2026-08-01 13:00:00+00:00,,412.0,
USGS-09217000,2026-08-01 14:00:00+00:00,,413.0,
USGS-09217000,2026-08-01 15:00:00+00:00,,413.0,
USGS-09217000,2026-08-01 16:00:00+00:00,,412.0,
USGS-09217000,2026-08-01 17:00:00+00:00,,413.0,
USGS-09217000,2026-08-01 18:00:00+00:00,,412.5,
USGS-09217000,2026-08-01 19:00:00+00:00,,412.0,
USGS-09217000,2026-08-01 20:00:00+00:00,,414.0,
USGS-09217000,2026-08-01 21:00:00+00:00,,414.0,
USGS-09217000,2026-08-01 22:00:00+00:00,,412.5,
USGS-09217000,2026-08-01 23:00:00+00:00,,411.0,
USGS-09217000,2026-08-02 00:00:00+00:00,,411.5,
USGS-09217000,2026-08-02 01:00:00+00:00,,409.0,
USGS-09217000,2026-08-02 02:00:00+00:00,,407.5,
USGS-09217000,2026-08-02 03:00:00+00:00,,405.0,
USGS-09217000,2026-08-02 04:00:00+00:00,,404.0,
USGS-09217000,2026-08-02 05:00:00+00:00,,404.0,
USGS-09217000,2026-08-02 06:00:00+00:00,,404.0,
USGS-09217000,2026-08-02 07:00:00+00:00,,403.0,
USGS-09217000,2026-08-02 08:00:00+00:00,,403.0,
USGS-09217000,2026-08-02 09:00:00+00:00,,401.0,
USGS-09217000,2026-08-02 10:00:00+00:00,,402.0,
USGS-09217000,2026-08-02 11:00:00+00:00,,402.0,
USGS-09217000,2026-08-02 12:00:00+00:00,,403.5,
USGS-09217000,2026-08-02 13:00:00+00:00,,404.5,
USGS-09217000,2026-08-02 14:00:00+00:00,,405.0,
USGS-09217000,2026-08-02 15:00:00+00:00,,405.5,
USGS-09217000,2026-08-02 16:00:00+00:00,,406.5,
USGS-09217000,2026-08-02 17:00:00+00:00,,407.0,
USGS-09217000,2026-08-02 18:00:00+00:00,,406.0,
USGS-09217000,2026-08-02 19:00:00+00:00,,407.0,
USGS-09217000,2026-08-02 20:00:00+00:00,,407.5,
USGS-09217000,2026-08-02 21:00:00+00:00,,407.0,
USGS-09217000,2026-08-02 22:00:00+00:00,,407.0,
USGS-09217000,2026-08-02 23:00:00+00:00,,406.0,
USGS-09217000,2026-08-03 00:00:00+00:00,,404.5,
USGS-09217000,2026-08-03 01:00:00+00:00,,404.0,
USGS-09217000,2026-08-03 02:00:00+00:00,,402.5,
USGS-09217000,2026-08-03 03:00:00+00:00,,401.0,
USGS-09217000,2026-08-03 04:00:00+00:00,,401.0,
USGS-09217000,2026-08-03 05:00:00+00:00,,400.0,
USGS-09217000,2026-08-03 06:00:00+00:00,,400.0,
USGS-09217000,2026-08-03 07:00:00+00:00,,399.0,
USGS-09217000,2026-08-03 08:00:00+00:00,,399.0,
USGS-09217000,2026-08-03 09:00:00+00:00,,398.0,
USGS-09217000,2026-08-03 10:00:00+00:00,,398.0,
USGS-09217000,2026-08-03 11:00:00+00:00,,398.0,
USGS-09217000,2026-08-03 12:00:00+00:00,,399.0,
USGS-09217000,2026-08-03 13:00:00+00:00,,400.0,
USGS-09217000,2026-08-03 14:00:00+00:00,,400.0,
USGS-09217000,2026-08-03 15:00:00+00:00,,401.0,
USGS-09217000,2026-08-03 16:00:00+00:00,,401.0,
USGS-09217000,2026-08-03 17:00:00+00:00,,402.0,
USGS-09217000,2026-08-03 18:00:00+00:00,,402.0,
USGS-09217000,2026-08-03 19:00:00+00:00,,402.0,
USGS-09217000,2026-08-03 20:00:00+00:00,,401.0,
USGS-09217000,2026-08-03 21:00:00+00:00,,400.0,
USGS-09217000,2026-08-03 22:00:00+00:00,,399.0,
USGS-09217000,2026-08-03 23:00:00+00:00,,397.0,
USGS-09217000,2026-08-04 00:00:00+00:00,,396.0,
USGS-09217000,2026-08-04 01:00:00+00:00,,395.5,
USGS-09217000,2026-08-04 02:00:00+00:00,,394.0,
USGS-09217000,2026-08-04 03:00:00+00:00,,393.0,
USGS-09217000,2026-08-04 04:00:00+00:00,,393.0,
USGS-09217000,2026-08-04 05:00:00+00:00,,393.5,
USGS-09217000,2026-08-04 06:00:00+00:00,,394.0,
USGS-09217000,2026-08-04 07:00:00+00:00,,392.0,
USGS-09217000,2026-08-04 08:00:00+00:00,,389.5,
USGS-09217000,2026-08-04 09:00:00+00:00,,388.0,
USGS-09217000,2026-08-04 10:00:00+00:00,,388.5,
USGS-09217000,2026-08-04 11:00:00+00:00,,389.0,
USGS-09217000,2026-08-04 12:00:00+00:00,,390.0,
USGS-09217000,2026-08-04 13:00:00+00:00,,391.0,
USGS-09217000,2026-08-04 14:00:00+00:00,,392.0,
USGS-09217000,2026-08-04 15:00:00+00:00,,393.0,
USGS-09217000,2026-08-04 16:00:00+00:00,,395.0,
USGS-09217000,2026-08-04 17:00:00+00:00,,396.0,
USGS-09217000,2026-08-04 18:00:00+00:00,,399.5,
USGS-09217000,2026-08-04 19:00:00+00:00,,405.5,
USGS-09217000,2026-08-04 20:00:00+00:00,,409.5,
USGS-09217000,2026-08-04 21:00:00+00:00,,413.0,
USGS-09217000,2026-08-04 22:00:00+00:00,,414.0,
USGS-09217000,2026-08-04 23:00:00+00:00,,416.0,
USGS-09217000,2026-08-05 00:00:00+00:00,,421.0,
USGS-09217000,2026-08-05 01:00:00+00:00,,423.0,
USGS-09217000,2026-08-05 02:00:00+00:00,,424.0,
USGS-09217000,2026-08-05 03:00:00+00:00,,426.0,
USGS-09217000,2026-08-05 04:00:00+00:00,,426.5,
USGS-09217000,2026-08-05 05:00:00+00:00,,426.0,
USGS-09217000,2026-08-05 06:00:00+00:00,,425.0,
USGS-09217000,2026-08-05 07:00:00+00:00,,424.5,
USGS-09217000,2026-08-05 08:00:00+00:00,,426.0,
USGS-09217000,2026-08-05 09:00:00+00:00,,425.5,
USGS-09217000,2026-08-05 10:00:00+00:00,,425.0,
USGS-09217000,2026-08-05 11:00:00+00:00,,425.0,
USGS-09217000,2026-08-05 12:00:00+00:00,,425.5,
USGS-09217000,2026-08-05 13:00:00+00:00,,426.0,
USGS-09217000,2026-08-05 14:00:00+00:00,,428.0,
USGS-09217000,2026-08-05 15:00:00+00:00,,429.0,
USGS-09217000,2026-08-05 16:00:00+00:00,,431.0,
USGS-09217000,2026-08-05 17:00:00+00:00,,433.0,
USGS-09217000,2026-08-05 18:00:00+00:00,,434.5,
USGS-09217000,2026-08-05 19:00:00+00:00,,436.5,
USGS-09217000,2026-08-05 20:00:00+00:00,,438.0,
USGS-09217000,2026-08-05 21:00:00+00:00,,440.0,607.0
USGS-09217000,2026-08-05 22:00:00+00:00,,442.0,600.0
USGS-09217000,2026-08-05 23:00:00+00:00,,444.0,597.0
USGS-09217000,2026-08-06 00:00:00+00:00,,445.0,597.0
USGS-09217000,2026-08-06 01:00:00+00:00,,444.5,597.0
USGS-09217000,2026-08-06 02:00:00+00:00,,444.0,600.0
USGS-09217000,2026-08-06 03:00:00+00:00,,444.0,603.5
USGS-09217000,2026-08-06 04:00:00+00:00,,443.0,607.0
USGS-09217000,2026-08-06 05:00:00+00:00,,444.0,607.0
USGS-09217000,2026-08-06 06:00:00+00:00,,444.0,607.0
USGS-09217000,2026-08-06 07:00:00+00:00,,444.0,607.0
USGS-09217000,2026-08-06 08:00:00+00:00,,445.0,607.0
USGS-09217000,2026-08-06 09:00:00+00:00,,444.0,607.5
USGS-09217000,2026-08-06 10:00:00+00:00,,444.5,604.5
USGS-09217000,2026-08-06 11:00:00+00:00,,443.0,601.0
USGS-09217000,2026-08-06 12:00:00+00:00,,442.5,601.0
USGS-09217000,2026-08-06 13:00:00+00:00,,441.0,604.5
USGS-09217000,2026-08-06 14:00:00+00:00,,441.0,604.5
USGS-09217000,2026-08-06 15:00:00+00:00,,441.0,608.0
USGS-09217000,2026-08-06 16:00:00+00:00,,441.0,608.0
USGS-09217000,2026-08-06 17:00:00+00:00,,443.0,602.0
USGS-09217000,2026-08-06 18:00:00+00:00,,444.0,602.0
USGS-09217000,2026-08-06 19:00:00+00:00,,445.0,595.0
USGS-09217000,2026-08-06 20:00:00+00:00,,446.0,595.0
USGS-09217000,2026-08-06 21:00:00+00:00,,446.5,592.0
USGS-09217000,2026-08-06 22:00:00+00:00,,447.5,589.0
USGS-09217000,2026-08-06 23:00:00+00:00,,448.5,589.0
USGS-09217000,2026-08-07 00:00:00+00:00,,449.0,586.0
USGS-09217000,2026-08-07 01:00:00+00:00,,449.0,589.0
USGS-09217000,2026-08-07 02:00:00+00:00,,450.0,589.0
USGS-09217000,2026-08-07 03:00:00+00:00,,450.0,596.0
USGS-09217000,2026-08-07 04:00:00+00:00,,447.0,596.0
USGS-09217000,2026-08-07 05:00:00+00:00,,445.0,596.0
USGS-09217000,2026-08-07 06:00:00+00:00,,443.5,596.0
USGS-09217000,2026-08-07 07:00:00+00:00,,443.5,596.0
USGS-09217000,2026-08-07 08:00:00+00:00,,445.0,596.0
USGS-09217000,2026-08-07 09:00:00+00:00,,444.0,596.0
USGS-09217000,2026-08-07 10:00:00+00:00,,444.0,597.0
USGS-09217000,2026-08-07 11:00:00+00:00,,442.0,597.0
USGS-09217000,2026-08-07 12:00:00+00:00,,443.0,593.5
USGS-09217000,2026-08-07 13:00:00+00:00,,442.0,597.0
USGS-09217000,2026-08-07 14:00:00+00:00,,441.5,597.0
USGS-09217000,2026-08-07 15:00:00+00:00,,442.5,597.0
USGS-09217000,2026-08-07 16:00:00+00:00,,443.0,597.0
USGS-09217000,2026-08-07 17:00:00+00:00,,443.0,604.0
USGS-09217000,2026-08-07 18:00:00+00:00,,443.0,610.0
USGS-09217000,2026-08-07 19:00:00+00:00,,444.0,610.0
USGS-09217000,2026-08-07 20:00:00+00:00,,444.0,604.0
USGS-09217000,2026-08-07 21:00:00+00:00,,444.5,610.0
USGS-09217000,2026-08-07 22:00:00+00:00,,444.0,597.5
USGS-09217000,2026-08-07 23:00:00+00:00,,444.5,585.0
USGS-09217000,2026-08-08 00:00:00+00:00,,444.5,578.0
USGS-09217000,2026-08-08 01:00:00+00:00,,443.5,585.0
USGS-09217000,2026-08-08 02:00:00+00:00,,442.5,585.0
USGS-09217000,2026-08-08 03:00:00+00:00,,441.0,585.0
USGS-09217000,2026-08-08 04:00:00+00:00,,439.5,585.0
USGS-09217000,2026-08-08 05:00:00+00:00,,437.0,579.0
USGS-09217000,2026-08-08 06:00:00+00:00,,435.5,572.0
USGS-09217000,2026-08-08 07:00:00+00:00,,432.5,566.0
USGS-09217000,2026-08-08 08:00:00+00:00,,431.0,559.0
USGS-09217000,2026-08-08 09:00:00+00:00,,429.0,559.0
USGS-09217000,2026-08-08 10:00:00+00:00,,427.0,556.5
USGS-09217000,2026-08-08 11:00:00+00:00,,425.0,553.0
USGS-09217000,2026-08-08 12:00:00+00:00,,423.5,547.0
USGS-09217000,2026-08-08 13:00:00+00:00,,420.5,547.0
USGS-09217000,2026-08-08 14:00:00+00:00,,419.5,547.0
USGS-09217000,2026-08-08 15:00:00+00:00,,418.0,550.0
USGS-09217000,2026-08-08 16:00:00+00:00,,417.0,554.0
USGS-09217000,2026-08-08 17:00:00+00:00,,415.5,557.0
USGS-09217000,2026-08-08 18:00:00+00:00,,415.0,557.0
USGS-09217000,2026-08-08 19:00:00+00:00,,414.0,554.0
USGS-09217000,2026-08-08 20:00:00+00:00,,413.5,554.0
USGS-09217000,2026-08-08 21:00:00+00:00,,412.0,547.5
USGS-09217000,2026-08-08 22:00:00+00:00,,411.0,548.0
USGS-09217000,2026-08-08 23:00:00+00:00,,409.0,541.0
USGS-09217000,2026-08-09 00:00:00+00:00,,408.0,551.0
USGS-09217000,2026-08-09 01:00:00+00:00,,408.0,548.0
USGS-09217000,2026-08-09 02:00:00+00:00,,406.0,554.0
USGS-09217000,2026-08-09 03:00:00+00:00,,403.5,554.0
USGS-09217000,2026-08-09 04:00:00+00:00,,401.0,558.0
USGS-09217000,2026-08-09 05:00:00+00:00,,399.5,561.0
USGS-09217000,2026-08-09 06:00:00+00:00,,397.5,561.0
USGS-09217000,2026-08-09 07:00:00+00:00,,395.5,561.0
USGS-09217000,2026-08-09 08:00:00+00:00,,393.0,561.0
USGS-09217000,2026-08-09 09:00:00+00:00,,392.0,561.0
USGS-09217000,2026-08-09 10:00:00+00:00,,391.0,562.0
USGS-09217000,2026-08-09 11:00:00+00:00,,391.0,562.0
USGS-09217000,2026-08-09 12:00:00+00:00,,390.0,562.0
USGS-09217000,2026-08-09 13:00:00+00:00,,390.0,581.0
USGS-09217000,2026-08-09 14:00:00+00:00,,389.0,588.0
USGS-09217000,2026-08-09 15:00:00+00:00,,388.0,588.0
USGS-09217000,2026-08-09 16:00:00+00:00,,389.0,595.0
USGS-09217000,2026-08-09 17:00:00+00:00,,389.0,598.0
USGS-09217000,2026-08-09 18:00:00+00:00,,389.0,620.0
USGS-09217000,2026-08-09 19:00:00+00:00,,389.0,623.0
USGS-09217000,2026-08-09 20:00:00+00:00,,389.0,626.0
USGS-09217000,2026-08-09 21:00:00+00:00,,389.0,620.0
USGS-09217000,2026-08-09 22:00:00+00:00,,389.5,617.0
USGS-09217000,2026-08-09 23:00:00+00:00,,390.0,620.0
USGS-09217000,2026-08-10 00:00:00+00:00,,389.5,614.0
USGS-09217000,2026-08-10 01:00:00+00:00,,388.0,611.0
USGS-09217000,2026-08-10 02:00:00+00:00,,387.0,615.0
USGS-09217000,2026-08-10 03:00:00+00:00,,385.5,615.0
USGS-09217000,2026-08-10 04:00:00+00:00,,385.0,621.0
USGS-09217000,2026-08-10 05:00:00+00:00,,384.0,621.0
USGS-09217000,2026-08-10 06:00:00+00:00,,383.0,621.0
USGS-09217000,2026-08-10 07:00:00+00:00,,382.0,627.0
USGS-09217000,2026-08-10 08:00:00+00:00,,381.5,627.0
USGS-09217000,2026-08-10 09:00:00+00:00,,380.5,627.0
USGS-09217000,2026-08-10 10:00:00+00:00,,380.0,621.0
USGS-09217000,2026-08-10 11:00:00+00:00,,380.0,621.0
USGS-09217000,2026-08-10 12:00:00+00:00,,380.0,624.0
USGS-09217000,2026-08-10 13:00:00+00:00,,380.0,618.0
USGS-09217000,2026-08-10 14:00:00+00:00,,379.0,609.0
USGS-09217000,2026-08-10 15:00:00+00:00,,380.0,593.0
USGS-09217000,2026-08-10 16:00:00+00:00,,379.0,574.0
USGS-09217000,2026-08-10 17:00:00+00:00,,380.0,571.0
USGS-09217000,2026-08-10 18:00:00+00:00,,381.5,571.0
USGS-09217000,2026-08-10 19:00:00+00:00,,382.0,571.0
USGS-09217000,2026-08-10 20:00:00+00:00,,383.0,574.0
USGS-09217000,2026-08-10 21:00:00+00:00,,384.0,577.0
USGS-09217000,2026-08-10 22:00:00+00:00,,384.0,571.0
USGS-09217000,2026-08-10 23:00:00+00:00,,384.0,571.0
USGS-09217000,2026-08-11 00:00:00+00:00,,385.0,571.0
USGS-09217000,2026-08-11 01:00:00+00:00,,385.0,568.0
USGS-09217000,2026-08-11 02:00:00+00:00,,385.0,565.0
USGS-09217000,2026-08-11 03:00:00+00:00,,384.0,568.0
USGS-09217000,2026-08-11 04:00:00+00:00,,384.0,572.0
USGS-09217000,2026-08-11 05:00:00+00:00,,383.0,572.0
USGS-09217000,2026-08-11 06:00:00+00:00,,382.0,572.0
USGS-09217000,2026-08-11 07:00:00+00:00,,381.0,572.0
USGS-09217000,2026-08-11 08:00:00+00:00,,381.0,565.0
USGS-09217000,2026-08-11 09:00:00+00:00,,380.5,572.0
USGS-09217000,2026-08-11 10:00:00+00:00,,380.0,572.0
USGS-09217000,2026-08-11 11:00:00+00:00,,380.0,572.0
USGS-09217000,2026-08-11 12:00:00+00:00,,380.0,572.0
USGS-09217000,2026-08-11 13:00:00+00:00,,381.0,579.0
USGS-09217000,2026-08-11 14:00:00+00:00,,381.0,572.0
USGS-09217000,2026-08-11 15:00:00+00:00,,381.0,588.5
USGS-09217000,2026-08-11 16:00:00+00:00,,381.0,605.0
USGS-09217000,2026-08-11 17:00:00+00:00,,381.0,612.0
USGS-09217000,2026-08-11 18:00:00+00:00,,382.0,612.0
USGS-09217000,2026-08-11 19:00:00+00:00,,382.5,612.0
USGS-09217000,2026-08-11 20:00:00+00:00,,383.0,605.0
USGS-09217000,2026-08-11 21:00:00+00:00,,383.0,605.0
USGS-09217000,2026-08-11 22:00:00+00:00,,383.0,609.0
USGS-09217000,2026-08-11 23:00:00+00:00,,383.0,599.0
USGS-09217000,2026-08-12 00:00:00+00:00,,383.0,593.0
USGS-09217000,2026-08-12 01:00:00+00:00,,382.0,593.0
USGS-09217000,2026-08-12 02:00:00+00:00,,382.0,596.0
USGS-09217000,2026-08-12 03:00:00+00:00,,381.0,599.0
USGS-09217000,2026-08-12 04:00:00+00:00,,381.0,606.0
USGS-09217000,2026-08-12 05:00:00+00:00,,379.0,606.0
USGS-09217000,2026-08-12 06:00:00+00:00,,377.5,606.0
USGS-09217000,2026-08-12 07:00:00+00:00,,376.0,606.0
USGS-09217000,2026-08-12 08:00:00+00:00,,376.0,606.0
USGS-09217000,2026-08-12 09:00:00+00:00,,376.0,603.0
USGS-09217000,2026-08-12 10:00:00+00:00,,376.5,600.0
USGS-09217000,2026-08-12 11:00:00+00:00,,378.0,607.0
USGS-09217000,2026-08-12 12:00:00+00:00,,379.0,607.0
USGS-09217000,2026-08-12 13:00:00+00:00,,380.0,607.0
USGS-09217000,2026-08-12 14:00:00+00:00,,381.0,607.0
USGS-09217000,2026-08-12 15:00:00+00:00,,383.0,607.0
USGS-09217000,2026-08-12 16:00:00+00:00,,383.0,607.0
USGS-09217000,2026-08-12 17:00:00+00:00,,384.0,607.0
USGS-09217000,2026-08-12 18:00:00+00:00,,384.5,607.0
USGS-09217000,2026-08-12 19:00:00+00:00,,385.0,614.0
USGS-09217000,2026-08-12 20:00:00+00:00,,386.5,614.0
USGS-09217000,2026-08-12 21:00:00+00:00,,388.0,607.5
USGS-09217000,2026-08-12 22:00:00+00:00,,387.0,608.0
USGS-09217000,2026-08-12 23:00:00+00:00,,387.0,608.0
USGS-09217000,2026-08-13 00:00:00+00:00,,388.5,608.0
USGS-09217000,2026-08-13 01:00:00+00:00,,389.0,614.0
USGS-09217000,2026-08-13 02:00:00+00:00,,388.5,614.0
USGS-09217000,2026-08-13 03:00:00+00:00,,384.5,614.0
USGS-09217000,2026-08-13 04:00:00+00:00,,382.5,617.0
USGS-09217000,2026-08-13 05:00:00+00:00,,380.0,620.0
USGS-09217000,2026-08-13 06:00:00+00:00,,380.0,617.0
USGS-09217000,2026-08-13 07:00:00+00:00,,380.0,617.0
USGS-09217000,2026-08-13 08:00:00+00:00,,381.0,618.0
USGS-09217000,2026-08-13 09:00:00+00:00,,381.0,615.0
USGS-09217000,2026-08-13 10:00:00+00:00,,382.0,621.0
USGS-09217000,2026-08-13 11:00:00+00:00,,383.0,615.0
USGS-09217000,2026-08-13 12:00:00+00:00,,384.0,615.0
USGS-09217000,2026-08-13 13:00:00+00:00,,384.5,615.0
USGS-09217000,2026-08-13 14:00:00+00:00,,385.5,615.0
USGS-09217000,2026-08-13 15:00:00+00:00,,385.0,618.0
USGS-09217000,2026-08-13 16:00:00+00:00,,385.0,621.0
USGS-09217000,2026-08-13 17:00:00+00:00,,385.0,621.0
USGS-09217000,2026-08-13 18:00:00+00:00,,385.0,621.0
USGS-09217000,2026-08-13 19:00:00+00:00,,386.0,627.0
USGS-09217000,2026-08-13 20:00:00+00:00,,385.0,621.5
USGS-09217000,2026-08-13 21:00:00+00:00,,385.0,622.0
USGS-09217000,2026-08-13 22:00:00+00:00,,385.0,731.5
USGS-09217000,2026-08-13 23:00:00+00:00,,385.0,689.5
USGS-09217000,2026-08-14 00:00:00+00:00,,383.5,649.0
USGS-09217000,2026-08-14 01:00:00+00:00,,388.5,640.0
USGS-09217000,2026-08-14 02:00:00+00:00,,389.5,637.0
USGS-09217000,2026-08-14 03:00:00+00:00,,388.5,616.0
USGS-09217000,2026-08-14 04:00:00+00:00,,387.0,616.0
USGS-09217000,2026-08-14 05:00:00+00:00,,385.0,616.0
USGS-09217000,2026-08-14 06:00:00+00:00,,385.0,625.0
USGS-09217000,2026-08-14 07:00:00+00:00,,383.5,631.0
USGS-09217000,2026-08-14 08:00:00+00:00,,382.0,628.0
USGS-09217000,2026-08-14 09:00:00+00:00,,383.0,634.0
USGS-09217000,2026-08-14 10:00:00+00:00,,384.0,629.0
USGS-09217000,2026-08-14 11:00:00+00:00,,385.5,623.0
USGS-09217000,2026-08-14 12:00:00+00:00,,386.0,617.0
USGS-09217000,2026-08-14 13:00:00+00:00,,386.0,617.0
USGS-09217000,2026-08-14 14:00:00+00:00,,387.5,617.0
USGS-09217000,2026-08-14 15:00:00+00:00,,388.0,617.0
USGS-09217000,2026-08-14 16:00:00+00:00,,388.0,617.0
USGS-09217000,2026-08-14 17:00:00+00:00,,389.0,617.0
USGS-09217000,2026-08-14 18:00:00+00:00,,389.0,617.0
USGS-09217000,2026-08-14 19:00:00+00:00,,389.0,617.0
USGS-09217000,2026-08-14 20:00:00+00:00,,388.5,617.0
USGS-09217000,2026-08-14 21:00:00+00:00,,387.0,623.0
USGS-09217000,2026-08-14 22:00:00+00:00,,387.5,617.0
USGS-09217000,2026-08-14 23:00:00+00:00,,391.0,615.0
USGS-09217000,2026-08-15 00:00:00+00:00,,452.5,666.0
USGS-09217000,2026-08-15 01:00:00+00:00,,560.0,694.5
USGS-09217000,2026-08-15 02:00:00+00:00,,544.0,698.0
USGS-09217000,2026-08-15 03:00:00+00:00,,630.5,698.0
USGS-09217000,2026-08-15 04:00:00+00:00,,794.5,691.5
USGS-09217000,2026-08-15 05:00:00+00:00,,753.5,675.5
USGS-09217000,2026-08-15 06:00:00+00:00,,596.0,666.0
USGS-09217000,2026-08-15 07:00:00+00:00,,500.5,657.0
USGS-09217000,2026-08-15 08:00:00+00:00,,468.0,654.0
USGS-09217000,2026-08-15 09:00:00+00:00,,457.5,651.0
USGS-09217000,2026-08-15 10:00:00+00:00,,455.0,651.0
USGS-09217000,2026-08-15 11:00:00+00:00,,456.5,654.0
USGS-09217000,2026-08-15 12:00:00+00:00,,462.0,661.0
USGS-09217000,2026-08-15 13:00:00+00:00,,462.5,661.0
USGS-09217000,2026-08-15 14:00:00+00:00,,456.0,661.0
USGS-09217000,2026-08-15 15:00:00+00:00,,454.0,655.0
USGS-09217000,2026-08-15 16:00:00+00:00,,449.5,655.0
USGS-09217000,2026-08-15 17:00:00+00:00,,445.0,649.0
USGS-09217000,2026-08-15 18:00:00+00:00,,443.0,643.0
USGS-09217000,2026-08-15 19:00:00+00:00,,438.5,637.0
USGS-09217000,2026-08-15 20:00:00+00:00,,434.0,631.0
USGS-09217000,2026-08-15 21:00:00+00:00,,436.5,625.0
USGS-09217000,2026-08-15 22:00:00+00:00,,439.0,625.0
USGS-09217000,2026-08-15 23:00:00+00:00,,437.5,637.0
USGS-09217000,2026-08-16 00:00:00+00:00,,429.0,637.0
USGS-09217000,2026-08-16 01:00:00+00:00,,429.5,638.0
USGS-09217000,2026-08-16 02:00:00+00:00,,426.5,638.0
USGS-09217000,2026-08-16 03:00:00+00:00,,428.5,638.0
USGS-09217000,2026-08-16 04:00:00+00:00,,429.5,641.0
USGS-09217000,2026-08-16 05:00:00+00:00,,429.0,644.0
USGS-09217000,2026-08-16 06:00:00+00:00,,429.0,644.0
USGS-09217000,2026-08-16 07:00:00+00:00,,429.5,641.0
USGS-09217000,2026-08-16 08:00:00+00:00,,433.5,638.0
USGS-09217000,2026-08-16 09:00:00+00:00,,429.5,638.0
USGS-09217000,2026-08-16 10:00:00+00:00,,432.5,632.0
USGS-09217000,2026-08-16 11:00:00+00:00,,435.5,632.0
USGS-09217000,2026-08-16 12:00:00+00:00,,433.5,632.0
USGS-09217000,2026-08-16 13:00:00+00:00,,432.0,632.0
USGS-09217000,2026-08-16 14:00:00+00:00,,432.5,633.0
USGS-09217000,2026-08-16 15:00:00+00:00,,431.5,633.0
USGS-09217000,2026-08-16 16:00:00+00:00,,434.5,639.0
USGS-09217000,2026-08-16 17:00:00+00:00,,431.5,639.0
USGS-09217000,2026-08-16 18:00:00+00:00,,429.5,639.0
USGS-09217000,2026-08-16 19:00:00+00:00,,428.0,636.0
USGS-09217000,2026-08-16 20:00:00+00:00,,426.0,633.0
USGS-09217000,2026-08-16 21:00:00+00:00,,426.0,633.0
USGS-09217000,2026-08-16 22:00:00+00:00,,425.5,627.0
USGS-09217000,2026-08-16 23:00:00+00:00,,424.0,627.0
USGS-09217000,2026-08-17 00:00:00+00:00,,425.5,633.0
USGS-09217000,2026-08-17 01:00:00+00:00,,425.0,633.0
USGS-09217000,2026-08-17 02:00:00+00:00,,431.0,633.0
USGS-09217000,2026-08-17 03:00:00+00:00,,430.5,634.0
USGS-09217000,2026-08-17 04:00:00+00:00,,424.0,634.0
USGS-09217000,2026-08-17 05:00:00+00:00,,422.0,634.0
USGS-09217000,2026-08-17 06:00:00+00:00,,421.5,634.0
USGS-09217000,2026-08-17 07:00:00+00:00,,423.0,634.0
USGS-09217000,2026-08-17 08:00:00+00:00,,423.0,634.0
USGS-09217000,2026-08-17 09:00:00+00:00,,422.0,634.0
USGS-09217000,2026-08-17 10:00:00+00:00,,422.5,631.0
USGS-09217000,2026-08-17 11:00:00+00:00,,421.5,628.0
USGS-09217000,2026-08-17 12:00:00+00:00,,423.0,628.0
USGS-09217000,2026-08-17 13:00:00+00:00,,424.0,628.0
USGS-09217000,2026-08-17 14:00:00+00:00,,425.0,628.0
USGS-09217000,2026-08-17 15:00:00+00:00,,427.0,634.0
USGS-09217000,2026-08-17 16:00:00+00:00,,425.0,632.0
USGS-09217000,2026-08-17 17:00:00+00:00,,424.0,635.0
USGS-09217000,2026-08-17 18:00:00+00:00,,424.0,635.0
USGS-09217000,2026-08-17 19:00:00+00:00,,424.5,635.0
USGS-09217000,2026-08-17 20:00:00+00:00,,425.0,635.0
USGS-09217000,2026-08-17 21:00:00+00:00,,424.0,629.0
USGS-09217000,2026-08-17 22:00:00+00:00,,428.0,629.0
USGS-09217000,2026-08-17 23:00:00+00:00,,432.0,629.0
USGS-09217000,2026-08-18 00:00:00+00:00,,425.0,629.0
USGS-09217000,2026-08-18 01:00:00+00:00,,420.0,629.0
USGS-09217000,2026-08-18 02:00:00+00:00,,418.0,629.0
USGS-09217000,2026-08-18 03:00:00+00:00,,419.5,629.0
USGS-09217000,2026-08-18 04:00:00+00:00,,422.5,629.0
USGS-09217000,2026-08-18 05:00:00+00:00,,423.0,633.0
USGS-09217000,2026-08-18 06:00:00+00:00,,423.5,630.0
USGS-09217000,2026-08-18 07:00:00+00:00,,422.5,630.0
USGS-09217000,2026-08-18 08:00:00+00:00,,424.0,630.0
USGS-09217000,2026-08-18 09:00:00+00:00,,425.0,633.0
USGS-09217000,2026-08-18 10:00:00+00:00,,425.0,630.0
USGS-09217000,2026-08-18 11:00:00+00:00,,427.5,633.0
USGS-09217000,2026-08-18 12:00:00+00:00,,431.0,630.0
USGS-09217000,2026-08-18 13:00:00+00:00,,432.0,630.0
USGS-09217000,2026-08-18 14:00:00+00:00,,434.5,633.0
USGS-09217000,2026-08-18 15:00:00+00:00,,434.0,630.0
USGS-09217000,2026-08-18 16:00:00+00:00,,436.0,630.0
USGS-09217000,2026-08-18 17:00:00+00:00,,431.0,636.0
USGS-09217000,2026-08-18 18:00:00+00:00,,426.0,637.0
USGS-09217000,2026-08-18 19:00:00+00:00,,422.5,637.0
USGS-09217000,2026-08-18 20:00:00+00:00,,422.0,637.0
USGS-09217000,2026-08-18 21:00:00+00:00,,425.0,637.0
USGS-09217000,2026-08-18 22:00:00+00:00,,423.0,637.0
USGS-09217000,2026-08-18 23:00:00+00:00,,421.0,643.0
USGS-09217000,2026-08-19 00:00:00+00:00,,418.0,655.0
USGS-09217000,2026-08-19 01:00:00+00:00,,415.0,661.0
USGS-09217000,2026-08-19 02:00:00+00:00,,414.5,667.0
USGS-09217000,2026-08-19 03:00:00+00:00,,415.0,667.0
USGS-09217000,2026-08-19 04:00:00+00:00,,415.5,661.0
USGS-09217000,2026-08-19 05:00:00+00:00,,415.5,649.0
USGS-09217000,2026-08-19 06:00:00+00:00,,416.5,643.0
USGS-09217000,2026-08-19 07:00:00+00:00,,419.0,644.0
USGS-09217000,2026-08-19 08:00:00+00:00,,422.5,644.0
USGS-09217000,2026-08-19 09:00:00+00:00,,427.5,650.0
USGS-09217000,2026-08-19 10:00:00+00:00,,433.0,647.0
USGS-09217000,2026-08-19 11:00:00+00:00,,432.0,656.0
USGS-09217000,2026-08-19 12:00:00+00:00,,891.0,713.5
USGS-09217000,2026-08-19 13:00:00+00:00,,1540.0,742.5
USGS-09217000,2026-08-19 14:00:00+00:00,,1330.0,752.0
USGS-09217000,2026-08-19 15:00:00+00:00,,909.5,752.0
USGS-09217000,2026-08-19 16:00:00+00:00,,702.0,739.5
USGS-09217000,2026-08-19 17:00:00+00:00,,610.0,723.5
USGS-09217000,2026-08-19 18:00:00+00:00,,565.0,697.5
USGS-09217000,2026-08-19 19:00:00+00:00,,536.0,671.5
USGS-09217000,2026-08-19 20:00:00+00:00,,521.5,660.0
USGS-09217000,2026-08-19 21:00:00+00:00,,507.0,651.0
USGS-09217000,2026-08-19 22:00:00+00:00,,492.5,645.0
USGS-09217000,2026-08-19 23:00:00+00:00,,480.5,639.0
USGS-09217000,2026-08-20 00:00:00+00:00,,469.5,639.0
USGS-09217000,2026-08-20 01:00:00+00:00,,460.0,639.0
USGS-09217000,2026-08-20 02:00:00+00:00,,452.5,639.0
USGS-09217000,2026-08-20 03:00:00+00:00,,447.5,633.0
USGS-09217000,2026-08-20 04:00:00+00:00,,443.5,636.0
USGS-09217000,2026-08-20 05:00:00+00:00,,440.0,633.0
USGS-09217000,2026-08-20 06:00:00+00:00,,439.5,627.0
USGS-09217000,2026-08-20 07:00:00+00:00,,439.0,621.0
USGS-09217000,2026-08-20 08:00:00+00:00,,440.5,621.0
USGS-09217000,2026-08-20 09:00:00+00:00,,443.0,616.0
USGS-09217000,2026-08-20 10:00:00+00:00,,444.0,616.0
USGS-09217000,2026-08-20 11:00:00+00:00,,445.5,610.0
USGS-09217000,2026-08-20 12:00:00+00:00,,447.0,610.0
USGS-09217000,2026-08-20 13:00:00+00:00,,448.0,616.0
USGS-09217000,2026-08-20 14:00:00+00:00,,449.5,616.0
USGS-09217000,2026-08-20 15:00:00+00:00,,450.0,622.0
USGS-09217000,2026-08-20 16:00:00+00:00,,450.0,622.0
USGS-09217000,2026-08-20 17:00:00+00:00,,450.0,622.0
USGS-09217000,2026-08-20 18:00:00+00:00,,450.0,622.0
USGS-09217000,2026-08-20 19:00:00+00:00,,450.0,625.0
USGS-09217000,2026-08-20 20:00:00+00:00,,449.5,622.0
USGS-09217000,2026-08-20 21:00:00+00:00,,449.5,622.0
USGS-09217000,2026-08-20 22:00:00+00:00,,449.0,620.0
USGS-09217000,2026-08-20 23:00:00+00:00,,445.0,617.0
USGS-09217000,2026-08-21 00:00:00+00:00,,445.0,629.0
USGS-09217000,2026-08-21 01:00:00+00:00,,444.0,635.0
USGS-09217000,2026-08-21 02:00:00+00:00,,443.5,638.0
USGS-09217000,2026-08-21 03:00:00+00:00,,443.0,647.0
USGS-09217000,2026-08-21 04:00:00+00:00,,442.0,653.0
USGS-09217000,2026-08-21 05:00:00+00:00,,442.0,653.0
USGS-09217000,2026-08-21 06:00:00+00:00,,442.0,653.0
USGS-09217000,2026-08-21 07:00:00+00:00,,442.5,647.0
USGS-09217000,2026-08-21 08:00:00+00:00,,443.0,647.0
USGS-09217000,2026-08-21 09:00:00+00:00,,445.0,635.0
USGS-09217000,2026-08-21 10:00:00+00:00,,445.5,635.0
USGS-09217000,2026-08-21 11:00:00+00:00,,446.5,633.0
USGS-09217000,2026-08-21 12:00:00+00:00,,447.0,636.0
USGS-09217000,2026-08-21 13:00:00+00:00,,447.5,639.0
USGS-09217000,2026-08-21 14:00:00+00:00,,448.0,648.0
USGS-09217000,2026-08-21 15:00:00+00:00,,447.0,654.0
USGS-09217000,2026-08-21 16:00:00+00:00,,447.0,654.0
USGS-09217000,2026-08-21 17:00:00+00:00,,447.0,657.0
USGS-09217000,2026-08-21 18:00:00+00:00,,445.0,654.0
USGS-09217000,2026-08-21 19:00:00+00:00,,444.0,654.0
USGS-09217000,2026-08-21 20:00:00+00:00,,443.5,648.0
USGS-09217000,2026-08-21 21:00:00+00:00,,443.0,645.0
USGS-09217000,2026-08-21 22:00:00+00:00,,442.0,642.0
USGS-09217000,2026-08-21 23:00:00+00:00,,441.0,642.0
USGS-09217000,2026-08-22 00:00:00+00:00,,439.0,643.0
USGS-09217000,2026-08-22 01:00:00+00:00,,438.0,643.0
USGS-09217000,2026-08-22 02:00:00+00:00,,436.0,649.0
USGS-09217000,2026-08-22 03:00:00+00:00,,435.0,649.0
USGS-09217000,2026-08-22 04:00:00+00:00,,434.0,643.0
USGS-09217000,2026-08-22 05:00:00+00:00,,433.0,643.0
USGS-09217000,2026-08-22 06:00:00+00:00,,433.0,643.0
USGS-09217000,2026-08-22 07:00:00+00:00,,434.5,643.0
USGS-09217000,2026-08-22 08:00:00+00:00,,436.0,643.0
USGS-09217000,2026-08-22 09:00:00+00:00,,437.5,649.0
USGS-09217000,2026-08-22 10:00:00+00:00,,438.0,661.0
USGS-09217000,2026-08-22 11:00:00+00:00,,438.0,699.5
USGS-09217000,2026-08-22 12:00:00+00:00,,438.5,758.5
USGS-09217000,2026-08-22 13:00:00+00:00,,439.0,811.0
USGS-09217000,2026-08-22 14:00:00+00:00,,440.0,842.5
USGS-09217000,2026-08-22 15:00:00+00:00,,441.0,860.0
USGS-09217000,2026-08-22 16:00:00+00:00,,442.0,870.5
USGS-09217000,2026-08-22 17:00:00+00:00,,440.5,874.0
USGS-09217000,2026-08-22 18:00:00+00:00,,439.5,882.0
USGS-09217000,2026-08-22 19:00:00+00:00,,438.0,875.0
USGS-09217000,2026-08-22 20:00:00+00:00,,436.5,878.5
USGS-09217000,2026-08-22 21:00:00+00:00,,435.0,882.0
USGS-09217000,2026-08-22 22:00:00+00:00,,433.5,878.5
USGS-09217000,2026-08-22 23:00:00+00:00,,432.5,882.0
USGS-09217000,2026-08-23 00:00:00+00:00,,431.5,889.0
USGS-09217000,2026-08-23 01:00:00+00:00,,429.5,882.0
USGS-09217000,2026-08-23 02:00:00+00:00,,428.0,885.5
USGS-09217000,2026-08-23 03:00:00+00:00,,427.0,882.0
USGS-09217000,2026-08-23 04:00:00+00:00,,426.0,889.0
USGS-09217000,2026-08-23 05:00:00+00:00,,426.0,883.0
USGS-09217000,2026-08-23 06:00:00+00:00,,426.0,883.0
USGS-09217000,2026-08-23 07:00:00+00:00,,426.0,883.0
USGS-09217000,2026-08-23 08:00:00+00:00,,426.0,879.5
USGS-09217000,2026-08-23 09:00:00+00:00,,426.0,883.0
USGS-09217000,2026-08-23 10:00:00+00:00,,427.5,883.0
USGS-09217000,2026-08-23 11:00:00+00:00,,427.0,883.0
USGS-09217000,2026-08-23 12:00:00+00:00,,426.0,883.0
USGS-09217000,2026-08-23 13:00:00+00:00,,425.0,883.0
USGS-09217000,2026-08-23 14:00:00+00:00,,424.5,883.0
USGS-09217000,2026-08-23 15:00:00+00:00,,424.5,872.5
USGS-09217000,2026-08-23 16:00:00+00:00,,422.0,876.5
USGS-09217000,2026-08-23 17:00:00+00:00,,420.5,870.0
USGS-09217000,2026-08-23 18:00:00+00:00,,419.0,870.0
USGS-09217000,2026-08-23 19:00:00+00:00,,418.0,870.0
USGS-09217000,2026-08-23 20:00:00+00:00,,417.5,866.5
USGS-09217000,2026-08-23 21:00:00+00:00,,417.0,866.5
USGS-09217000,2026-08-23 22:00:00+00:00,,418.5,877.0
USGS-09217000,2026-08-23 23:00:00+00:00,,419.5,870.0
USGS-09217000,2026-08-24 00:00:00+00:00,,420.0,873.5
USGS-09217000,2026-08-24 01:00:00+00:00,,420.0,870.0
USGS-09217000,2026-08-24 02:00:00+00:00,,421.0,870.0
USGS-09217000,2026-08-24 03:00:00+00:00,,419.0,863.0
USGS-09217000,2026-08-24 04:00:00+00:00,,420.0,864.0
USGS-09217000,2026-08-24 05:00:00+00:00,,420.5,860.5
USGS-09217000,2026-08-24 06:00:00+00:00,,421.0,864.0
USGS-09217000,2026-08-24 07:00:00+00:00,,421.0,860.5
USGS-09217000,2026-08-24 08:00:00+00:00,,421.5,860.5
USGS-09217000,2026-08-24 09:00:00+00:00,,422.0,864.0
USGS-09217000,2026-08-24 10:00:00+00:00,,423.0,864.0
USGS-09217000,2026-08-24 11:00:00+00:00,,422.0,864.0
USGS-09217000,2026-08-24 12:00:00+00:00,,421.0,871.0
USGS-09217000,2026-08-24 13:00:00+00:00,,420.0,871.0
USGS-09217000,2026-08-24 14:00:00+00:00,,419.5,878.5
USGS-09217000,2026-08-24 15:00:00+00:00,,418.0,875.5
USGS-09217000,2026-08-24 16:00:00+00:00,,417.0,879.0
USGS-09217000,2026-08-24 17:00:00+00:00,,416.5,879.0
USGS-09217000,2026-08-24 18:00:00+00:00,,415.0,875.5
USGS-09217000,2026-08-24 19:00:00+00:00,,414.0,879.0
USGS-09217000,2026-08-24 20:00:00+00:00,,413.5,886.0
USGS-09217000,2026-08-24 21:00:00+00:00,,413.0,903.5
USGS-09217000,2026-08-24 22:00:00+00:00,,414.0,907.0
USGS-09217000,2026-08-24 23:00:00+00:00,,414.5,907.0
USGS-09217000,2026-08-25 00:00:00+00:00,,412.0,907.0
USGS-09217000,2026-08-25 01:00:00+00:00,,412.0,914.0
USGS-09217000,2026-08-25 02:00:00+00:00,,413.5,925.5
USGS-09217000,2026-08-25 03:00:00+00:00,,414.0,929.0
USGS-09217000,2026-08-25 04:00:00+00:00,,414.0,922.0
USGS-09217000,2026-08-25 05:00:00+00:00,,415.0,915.0
USGS-09217000,2026-08-25 06:00:00+00:00,,416.0,901.0
USGS-09217000,2026-08-25 07:00:00+00:00,,416.0,894.0
USGS-09217000,2026-08-25 08:00:00+00:00,,417.0,880.0
USGS-09217000,2026-08-25 09:00:00+00:00,,417.5,859.0
USGS-09217000,2026-08-25 10:00:00+00:00,,418.5,827.5
USGS-09217000,2026-08-25 11:00:00+00:00,,419.0,800.0
USGS-09217000,2026-08-25 12:00:00+00:00,,419.0,767.5
USGS-09217000,2026-08-25 13:00:00+00:00,,419.5,741.5
USGS-09217000,2026-08-25 14:00:00+00:00,,420.5,722.0
USGS-09217000,2026-08-25 15:00:00+00:00,,423.5,706.0
USGS-09217000,2026-08-25 16:00:00+00:00,,432.5,696.0
USGS-09217000,2026-08-25 17:00:00+00:00,,453.5,693.0
USGS-09217000,2026-08-25 18:00:00+00:00,,487.5,687.0
USGS-09217000,2026-08-25 19:00:00+00:00,,527.5,674.0
USGS-09217000,2026-08-25 20:00:00+00:00,,569.5,674.0
USGS-09217000,2026-08-25 21:00:00+00:00,,598.5,668.0
USGS-09217000,2026-08-25 22:00:00+00:00,,616.5,668.0
USGS-09217000,2026-08-25 23:00:00+00:00,,623.0,668.0
USGS-09217000,2026-08-26 00:00:00+00:00,,618.5,662.0
USGS-09217000,2026-08-26 01:00:00+00:00,,607.0,656.0
USGS-09217000,2026-08-26 02:00:00+00:00,,585.0,656.0
USGS-09217000,2026-08-26 03:00:00+00:00,,563.0,656.0
USGS-09217000,2026-08-26 04:00:00+00:00,,543.5,656.0
USGS-09217000,2026-08-26 05:00:00+00:00,,535.0,656.0
USGS-09217000,2026-08-26 06:00:00+00:00,,527.5,650.0
USGS-09217000,2026-08-26 07:00:00+00:00,,516.5,644.5
USGS-09217000,2026-08-26 08:00:00+00:00,,506.0,648.0
USGS-09217000,2026-08-26 09:00:00+00:00,,503.0,648.0
USGS-09217000,2026-08-26 10:00:00+00:00,,501.0,651.0
USGS-09217000,2026-08-26 11:00:00+00:00,,500.5,651.0
USGS-09217000,2026-08-26 12:00:00+00:00,,497.5,657.0
USGS-09217000,2026-08-26 13:00:00+00:00,,493.0,657.0
USGS-09217000,2026-08-26 14:00:00+00:00,,491.0,657.0
USGS-09217000,2026-08-26 15:00:00+00:00,,490.0,657.0
USGS-09217000,2026-08-26 16:00:00+00:00,,488.0,657.0
USGS-09217000,2026-08-26 17:00:00+00:00,,487.0,660.0
USGS-09217000,2026-08-26 18:00:00+00:00,,485.0,657.0
USGS-09217000,2026-08-26 19:00:00+00:00,,484.5,657.0
USGS-09217000,2026-08-26 20:00:00+00:00,,484.5,663.0
USGS-09217000,2026-08-26 21:00:00+00:00,,484.0,664.0
USGS-09217000,2026-08-26 22:00:00+00:00,,479.5,661.0
USGS-09217000,2026-08-26 23:00:00+00:00,,476.5,658.0
USGS-09217000,2026-08-27 00:00:00+00:00,,476.0,640.0
USGS-09217000,2026-08-27 01:00:00+00:00,,476.0,640.0
USGS-09217000,2026-08-27 02:00:00+00:00,,473.5,634.0
USGS-09217000,2026-08-27 03:00:00+00:00,,472.0,634.0
USGS-09217000,2026-08-27 04:00:00+00:00,,470.5,634.0
USGS-09217000,2026-08-27 05:00:00+00:00,,470.0,634.0
USGS-09217000,2026-08-27 06:00:00+00:00,,470.0,634.0
USGS-09217000,2026-08-27 07:00:00+00:00,,469.0,634.0
USGS-09217000,2026-08-27 08:00:00+00:00,,469.5,631.0
USGS-09217000,2026-08-27 09:00:00+00:00,,470.0,628.0
USGS-09217000,2026-08-27 10:00:00+00:00,,470.5,629.0
USGS-09217000,2026-08-27 11:00:00+00:00,,471.0,629.0
USGS-09217000,2026-08-27 12:00:00+00:00,,472.5,629.0
USGS-09217000,2026-08-27 13:00:00+00:00,,473.0,629.0
USGS-09217000,2026-08-27 14:00:00+00:00,,474.0,635.0
USGS-09217000,2026-08-27 15:00:00+00:00,,473.5,635.0
USGS-09217000,2026-08-27 16:00:00+00:00,,472.0,641.0
USGS-09217000,2026-08-27 17:00:00+00:00,,472.0,641.0
USGS-09217000,2026-08-27 18:00:00+00:00,,472.0,641.0
USGS-09217000,2026-08-27 19:00:00+00:00,,471.5,641.0
USGS-09217000,2026-08-27 20:00:00+00:00,,474.0,641.0
USGS-09217000,2026-08-27 21:00:00+00:00,,474.0,641.0
USGS-09217000,2026-08-27 22:00:00+00:00,,471.0,647.0
USGS-09217000,2026-08-27 23:00:00+00:00,,468.0,642.0
USGS-09217000,2026-08-28 00:00:00+00:00,,465.5,636.0
USGS-09217000,2026-08-28 01:00:00+00:00,,464.0,636.0
USGS-09217000,2026-08-28 02:00:00+00:00,,464.5,636.0
USGS-09217000,2026-08-28 03:00:00+00:00,,461.5,636.0
USGS-09217000,2026-08-28 04:00:00+00:00,,460.0,636.0
USGS-09217000,2026-08-28 05:00:00+00:00,,460.0,636.0
USGS-09217000,2026-08-28 06:00:00+00:00,,460.0,630.0
USGS-09217000,2026-08-28 07:00:00+00:00,,460.0,630.0
USGS-09217000,2026-08-28 08:00:00+00:00,,461.0,630.0
USGS-09217000,2026-08-28 09:00:00+00:00,,461.0,630.0
USGS-09217000,2026-08-28 10:00:00+00:00,,461.5,630.0
USGS-09217000,2026-08-28 11:00:00+00:00,,461.0,627.0
USGS-09217000,2026-08-28 12:00:00+00:00,,462.0,631.0
USGS-09217000,2026-08-28 13:00:00+00:00,,463.0,631.0
USGS-09217000,2026-08-28 14:00:00+00:00,,462.5,631.0
USGS-09217000,2026-08-28 15:00:00+00:00,,464.0,631.0
USGS-09217000,2026-08-28 16:00:00+00:00,,462.5,637.0
USGS-09217000,2026-08-28 17:00:00+00:00,,463.0,637.0
USGS-09217000,2026-08-28 18:00:00+00:00,,462.5,637.0
USGS-09217000,2026-08-28 19:00:00+00:00,,466.5,649.0
USGS-09217000,2026-08-28 20:00:00+00:00,,468.0,652.0
USGS-09217000,2026-08-28 21:00:00+00:00,,468.0,655.0
USGS-09217000,2026-08-28 22:00:00+00:00,,465.0,655.0
USGS-09217000,2026-08-28 23:00:00+00:00,,466.0,649.0
USGS-09217000,2026-08-29 00:00:00+00:00,,465.0,649.0
USGS-09217000,2026-08-29 01:00:00+00:00,,462.0,656.0
USGS-09217000,2026-08-29 02:00:00+00:00,,460.0,644.0
USGS-09217000,2026-08-29 03:00:00+00:00,,460.0,644.0
USGS-09217000,2026-08-29 04:00:00+00:00,,458.0,644.0
USGS-09217000,2026-08-29 05:00:00+00:00,,458.0,644.0
USGS-09217000,2026-08-29 06:00:00+00:00,,456.5,641.0
USGS-09217000,2026-08-29 07:00:00+00:00,,456.0,644.0
USGS-09217000,2026-08-29 08:00:00+00:00,,456.0,644.0
USGS-09217000,2026-08-29 09:00:00+00:00,,457.0,650.0
USGS-09217000,2026-08-29 10:00:00+00:00,,459.5,653.0
USGS-09217000,2026-08-29 11:00:00+00:00,,459.5,662.0
USGS-09217000,2026-08-29 12:00:00+00:00,,461.5,668.0
USGS-09217000,2026-08-29 13:00:00+00:00,,461.0,671.5
USGS-09217000,2026-08-29 14:00:00+00:00,,461.0,681.0
USGS-09217000,2026-08-29 15:00:00+00:00,,461.5,681.0
USGS-09217000,2026-08-29 16:00:00+00:00,,460.0,682.0
USGS-09217000,2026-08-29 17:00:00+00:00,,459.5,704.5
USGS-09217000,2026-08-29 18:00:00+00:00,,457.5,701.0
USGS-09217000,2026-08-29 19:00:00+00:00,,457.0,711.0
USGS-09217000,2026-08-29 20:00:00+00:00,,457.0,711.0
USGS-09217000,2026-08-29 21:00:00+00:00,,458.5,708.0
USGS-09217000,2026-08-29 22:00:00+00:00,,460.0,708.0
USGS-09217000,2026-08-29 23:00:00+00:00,,461.0,715.0
USGS-09217000,2026-08-30 00:00:00+00:00,,460.0,711.5
USGS-09217000,2026-08-30 01:00:00+00:00,,459.5,711.5
USGS-09217000,2026-08-30 02:00:00+00:00,,456.5,715.0
USGS-09217000,2026-08-30 03:00:00+00:00,,455.0,718.0
USGS-09217000,2026-08-30 04:00:00+00:00,,457.0,722.0
USGS-09217000,2026-08-30 05:00:00+00:00,,457.0,728.0
USGS-09217000,2026-08-30 06:00:00+00:00,,456.5,728.0
USGS-09217000,2026-08-30 07:00:00+00:00,,457.0,728.0
USGS-09217000,2026-08-30 08:00:00+00:00,,458.0,728.0
USGS-09217000,2026-08-30 09:00:00+00:00,,458.0,722.0
USGS-09217000,2026-08-30 10:00:00+00:00,,459.0,715.5
USGS-09217000,2026-08-30 11:00:00+00:00,,460.0,709.0
USGS-09217000,2026-08-30 12:00:00+00:00,,461.5,709.0
USGS-09217000,2026-08-30 13:00:00+00:00,,462.5,709.0
USGS-09217000,2026-08-30 14:00:00+00:00,,463.5,719.0
USGS-09217000,2026-08-30 15:00:00+00:00,,466.0,735.0
USGS-09217000,2026-08-30 16:00:00+00:00,,467.0,745.0
USGS-09217000,2026-08-30 17:00:00+00:00,,467.0,749.0
USGS-09217000,2026-08-30 18:00:00+00:00,,467.5,749.0
USGS-09217000,2026-08-30 19:00:00+00:00,,469.0,742.0
USGS-09217000,2026-08-30 20:00:00+00:00,,471.0,739.0
USGS-09217000,2026-08-30 21:00:00+00:00,,474.0,729.0
USGS-09217000,2026-08-30 22:00:00+00:00,,473.0,729.5
USGS-09217000,2026-08-30 23:00:00+00:00,,473.0,720.0
USGS-09217000,2026-08-31 00:00:00+00:00,,473.0,717.0
USGS-09217000,2026-08-31 01:00:00+00:00,,473.5,717.0
USGS-09217000,2026-08-31 02:00:00+00:00,,476.0,717.0
USGS-09217000,2026-08-31 03:00:00+00:00,,479.5,710.0
USGS-09217000,2026-08-31 04:00:00+00:00,,481.0,704.0
USGS-09217000,2026-08-31 05:00:00+00:00,,477.5,704.0
USGS-09217000,2026-08-31 06:00:00+00:00,,474.0,704.0
USGS-09217000,2026-08-31 07:00:00+00:00,,,704.0
USGS-09217000,2026-08-31 08:00:00+00:00,,,707.5
USGS-09217000,2026-08-31 09:00:00+00:00,,,704.0
USGS-09217000,2026-08-31 10:00:00+00:00,,,705.0
USGS-09217000,2026-08-31 11:00:00+00:00,,,711.0
USGS-09217000,2026-08-31 12:00:00+00:00,,,711.0
USGS-09217000,2026-08-31 13:00:00+00:00,,,705.0
USGS-09217000,2026-08-31 14:00:00+00:00,,,701.5
USGS-09217000,2026-08-31 15:00:00+00:00,,,698.0
USGS-09217000,2026-08-31 16:00:00+00:00,,,692.0
USGS-09217000,2026-08-31 17:00:00+00:00,,,692.0
USGS-09217000,2026-08-31 18:00:00+00:00,,,702.0
USGS-09217000,2026-08-31 19:00:00+00:00,,,712.0
USGS-09217000,2026-08-31 20:00:00+00:00,,,725.0
USGS-09217000,2026-08-31 21:00:00+00:00,,,734.5
USGS-09217000,2026-08-31 22:00:00+00:00,,,741.5
USGS-09217000,2026-08-31 23:00:00+00:00,,,738.0
USGS-09217000,2026-09-01 00:00:00+00:00,,,725.0
USGS-09217000,2026-09-01 01:00:00+00:00,,,719.0
USGS-09217000,2026-09-01 02:00:00+00:00,,,709.0
USGS-09217000,2026-09-01 03:00:00+00:00,,,702.5
USGS-09217000,2026-09-01 04:00:00+00:00,,,693.0
USGS-09217000,2026-09-01 05:00:00+00:00,,,693.0
USGS-09217000,2026-09-01 06:00:00+00:00,,,687.0
USGS-09217000,2026-09-01 07:00:00+00:00,,,687.0
USGS-09217000,2026-09-01 08:00:00+00:00,,,687.0
USGS-09217000,2026-09-01 09:00:00+00:00,,,687.0
USGS-09217000,2026-09-01 10:00:00+00:00,,,687.0
USGS-09217000,2026-09-01 11:00:00+00:00,,,687.0
USGS-09217000,2026-09-01 12:00:00+00:00,,,687.0
USGS-09217000,2026-09-01 13:00:00+00:00,,,681.0
USGS-09217000,2026-09-01 14:00:00+00:00,,,681.0
USGS-09217000,2026-09-01 15:00:00+00:00,,,681.0
USGS-09217000,2026-09-01 16:00:00+00:00,,,681.0
USGS-09217000,2026-09-01 17:00:00+00:00,,,681.0
USGS-09217000,2026-09-01 18:00:00+00:00,,,681.0
USGS-09217000,2026-09-01 19:00:00+00:00,,,681.0
USGS-09217000,2026-09-01 20:00:00+00:00,,,684.5
USGS-09217000,2026-09-01 21:00:00+00:00,,,681.0
USGS-09217000,2026-09-01 22:00:00+00:00,,,682.0
USGS-09217000,2026-09-01 23:00:00+00:00,,,682.0
USGS-09217000,2026-09-02 00:00:00+00:00,,,675.0
USGS-09217000,2026-09-02 01:00:00+00:00,,,675.0
USGS-09217000,2026-09-02 02:00:00+00:00,,,675.0
USGS-09217000,2026-09-02 03:00:00+00:00,,,675.0
USGS-09217000,2026-09-02 04:00:00+00:00,,,676.0
USGS-09217000,2026-09-02 05:00:00+00:00,,,676.0
USGS-09217000,2026-09-02 06:00:00+00:00,,,676.0
USGS-09217000,2026-09-02 07:00:00+00:00,,,666.0
USGS-09217000,2026-09-02 08:00:00+00:00,,,663.0
USGS-09217000,2026-09-02 09:00:00+00:00,,,658.0
USGS-09217000,2026-09-02 10:00:00+00:00,,,658.0
USGS-09217000,2026-09-02 11:00:00+00:00,,,676.0
USGS-09217000,2026-09-02 12:00:00+00:00,,,683.0
USGS-09217000,2026-09-02 13:00:00+00:00,,,689.0
USGS-09217000,2026-09-02 14:00:00+00:00,,,689.0
USGS-09217000,2026-09-02 15:00:00+00:00,,,683.0
USGS-09217000,2026-09-02 16:00:00+00:00,,,683.0
USGS-09217000,2026-09-02 17:00:00+00:00,,,683.0
USGS-09217000,2026-09-02 18:00:00+00:00,,,683.0
USGS-09217000,2026-09-02 19:00:00+00:00,,,670.0
USGS-09217000,2026-09-02 20:00:00+00:00,,,667.0
USGS-09217000,2026-09-02 21:00:00+00:00,,,664.0
USGS-09217000,2026-09-02 22:00:00+00:00,,,665.0
USGS-09217000,2026-09-02 23:00:00+00:00,,,662.0
USGS-09217000,2026-09-03 00:00:00+00:00,,,677.5
USGS-09217000,2026-09-03 01:00:00+00:00,,,736.0
USGS-09217000,2026-09-03 02:00:00+00:00,,,703.5
USGS-09217000,2026-09-03 03:00:00+00:00,,,681.0
USGS-09217000,2026-09-03 04:00:00+00:00,,,678.0
USGS-09217000,2026-09-03 05:00:00+00:00,,,678.0
USGS-09217000,2026-09-03 06:00:00+00:00,,,671.0
USGS-09217000,2026-09-03 07:00:00+00:00,,,659.0
USGS-09217000,2026-09-03 08:00:00+00:00,,,656.0
USGS-09217000,2026-09-03 09:00:00+00:00,,,653.0
USGS-09217000,2026-09-03 10:00:00+00:00,,,653.0
USGS-09217000,2026-09-03 11:00:00+00:00,,,654.0
USGS-09217000,2026-09-03 12:00:00+00:00,,,654.0
USGS-09217000,2026-09-03 13:00:00+00:00,,,657.0
USGS-09217000,2026-09-03 14:00:00+00:00,,,654.0
USGS-09217000,2026-09-03 15:00:00+00:00,,,654.0
USGS-09217000,2026-09-03 16:00:00+00:00,,,654.0
USGS-09217000,2026-09-03 17:00:00+00:00,,,654.0
USGS-09217000,2026-09-03 18:00:00+00:00,,,654.0
USGS-09217000,2026-09-03 19:00:00+00:00,,,654.0
USGS-09217000,2026-09-03 20:00:00+00:00,,,651.0
USGS-09217000,2026-09-03 21:00:00+00:00,,,654.0
USGS-09217000,2026-09-03 22:00:00+00:00,,,651.0
USGS-09217000,2026-09-03 23:00:00+00:00,,,648.0
USGS-09217000,2026-09-04 00:00:00+00:00,,,652.0
USGS-09217000,2026-09-04 01:00:00+00:00,,,646.0
USGS-09217000,2026-09-04 02:00:00+00:00,,,649.0
USGS-09217000,2026-09-04 03:00:00+00:00,,,643.0
USGS-09217000,2026-09-04 04:00:00+00:00,,,649.0
USGS-09217000,2026-09-04 05:00:00+00:00,,,649.0
USGS-09217000,2026-09-04 06:00:00+00:00,,,649.0
USGS-09217000,2026-09-04 07:00:00+00:00,,,649.0
USGS-09217000,2026-09-04 08:00:00+00:00,,,643.0
USGS-09217000,2026-09-04 09:00:00+00:00,,,643.0
USGS-09217000,2026-09-04 10:00:00+00:00,,,643.0
USGS-09217000,2026-09-04 11:00:00+00:00,,,643.0
USGS-09217000,2026-09-04 12:00:00+00:00,,,643.0
USGS-09217000,2026-09-04 13:00:00+00:00,,,644.0
USGS-09217000,2026-09-04 14:00:00+00:00,,,650.0
USGS-09217000,2026-09-04 15:00:00+00:00,,,650.0
USGS-09217000,2026-09-04 16:00:00+00:00,,,650.0
USGS-09217000,2026-09-04 17:00:00+00:00,,,653.0
USGS-09217000,2026-09-04 18:00:00+00:00,,,656.0
USGS-09217000,2026-09-04 19:00:00+00:00,,,650.0
USGS-09217000,2026-09-04 20:00:00+00:00,,,653.0
USGS-09217000,2026-09-04 21:00:00+00:00,,,653.0
USGS-09217000,2026-09-04 22:00:00+00:00,,,659.0
USGS-09217000,2026-09-04 23:00:00+00:00,,,665.0
USGS-09217000,2026-09-05 00:00:00+00:00,,,662.0
USGS-09217000,2026-09-05 01:00:00+00:00,,,662.0
USGS-09217000,2026-09-05 02:00:00+00:00,,,663.0
USGS-09217000,2026-09-05 03:00:00+00:00,,,663.0
USGS-09217000,2026-09-05 04:00:00+00:00,,,672.0
USGS-09217000,2026-09-05 05:00:00+00:00,,,675.0
USGS-09217000,2026-09-05 06:00:00+00:00,,,669.0
USGS-09217000,2026-09-05 07:00:00+00:00,,,669.0
USGS-09217000,2026-09-05 08:00:00+00:00,,,666.0
USGS-09217000,2026-09-05 09:00:00+00:00,,,666.0
USGS-09217000,2026-09-05 10:00:00+00:00,,,663.0
USGS-09217000,2026-09-05 11:00:00+00:00,,,657.0
USGS-09217000,2026-09-05 12:00:00+00:00,,,663.0
USGS-09217000,2026-09-05 13:00:00+00:00,,,663.0
USGS-09217000,2026-09-05 14:00:00+00:00,,,666.0
USGS-09217000,2026-09-05 15:00:00+00:00,,,670.0
USGS-09217000,2026-09-05 16:00:00+00:00,,,670.0
USGS-09217000,2026-09-05 17:00:00+00:00,,,676.0
USGS-09217000,2026-09-05 18:00:00+00:00,,,676.0
USGS-09217000,2026-09-05 19:00:00+00:00,,,676.0
USGS-09217000,2026-09-05 20:00:00+00:00,,,676.0
USGS-09217000,2026-09-05 21:00:00+00:00,,,676.5
USGS-09217000,2026-09-05 22:00:00+00:00,,,677.0
USGS-09217000,2026-09-05 23:00:00+00:00,,,673.5
USGS-09217000,2026-09-06 00:00:00+00:00,,,673.5
USGS-09217000,2026-09-06 01:00:00+00:00,,,677.0
USGS-09217000,2026-09-06 02:00:00+00:00,,,670.0
USGS-09217000,2026-09-06 03:00:00+00:00,,,670.5
USGS-09217000,2026-09-06 04:00:00+00:00,,,668.0
USGS-09217000,2026-09-06 05:00:00+00:00,,,665.0
USGS-09217000,2026-09-06 06:00:00+00:00,,,665.0
USGS-09217000,2026-09-06 07:00:00+00:00,,,665.0
USGS-09217000,2026-09-06 08:00:00+00:00,,,665.0
USGS-09217000,2026-09-06 09:00:00+00:00,,,665.0
USGS-09217000,2026-09-06 10:00:00+00:00,,,662.0
USGS-09217000,2026-09-06 11:00:00+00:00,,,665.0
USGS-09217000,2026-09-06 12:00:00+00:00,,,665.0
USGS-09217000,2026-09-06 13:00:00+00:00,,,671.0
USGS-09217000,2026-09-06 14:00:00+00:00,,,671.0
USGS-09217000,2026-09-06 15:00:00+00:00,,,671.0
USGS-09217000,2026-09-06 16:00:00+00:00,,,672.0
USGS-09217000,2026-09-06 17:00:00+00:00,,,678.0
USGS-09217000,2026-09-06 18:00:00+00:00,,,678.0
USGS-09217000,2026-09-06 19:00:00+00:00,,,678.0
USGS-09217000,2026-09-06 20:00:00+00:00,,,681.5
USGS-09217000,2026-09-06 21:00:00+00:00,,,678.0
USGS-09217000,2026-09-06 22:00:00+00:00,,,679.0
USGS-09217000,2026-09-06 23:00:00+00:00,,,672.0
USGS-09217000,2026-09-07 00:00:00+00:00,,,672.0
USGS-09217000,2026-09-07 01:00:00+00:00,,,672.0
USGS-09217000,2026-09-07 02:00:00+00:00,,,666.0
USGS-09217000,2026-09-07 03:00:00+00:00,,,666.0
USGS-09217000,2026-09-07 04:00:00+00:00,,,669.5
USGS-09217000,2026-09-07 05:00:00+00:00,,,666.0
USGS-09217000,2026-09-07 06:00:00+00:00,,,667.0
USGS-09217000,2026-09-07 07:00:00+00:00,,,664.0
USGS-09217000,2026-09-07 08:00:00+00:00,,,664.0
USGS-09217000,2026-09-07 09:00:00+00:00,,,667.0
USGS-09217000,2026-09-07 10:00:00+00:00,,,667.0
USGS-09217000,2026-09-07 11:00:00+00:00,,,667.0
USGS-09217000,2026-09-07 12:00:00+00:00,,,667.0
USGS-09217000,2026-09-07 13:00:00+00:00,,,673.0
USGS-09217000,2026-09-07 14:00:00+00:00,,,673.0
USGS-09217000,2026-09-07 15:00:00+00:00,,,680.0
USGS-09217000,2026-09-07 16:00:00+00:00,,,680.0
USGS-09217000,2026-09-07 17:00:00+00:00,,,680.0
USGS-09217000,2026-09-07 18:00:00+00:00,,,680.0
USGS-09217000,2026-09-07 19:00:00+00:00,,,680.0
USGS-09217000,2026-09-07 20:00:00+00:00,,,674.0
USGS-09217000,2026-09-07 21:00:00+00:00,,,674.0
USGS-09217000,2026-09-07 22:00:00+00:00,,,668.0
USGS-09217000,2026-09-07 23:00:00+00:00,,,668.0
USGS-09217000,2026-09-08 00:00:00+00:00,,,668.0
USGS-09217000,2026-09-08 01:00:00+00:00,,,668.0
USGS-09217000,2026-09-08 02:00:00+00:00,,,665.0
USGS-09217000,2026-09-08 03:00:00+00:00,,,662.0
USGS-09217000,2026-09-08 04:00:00+00:00,,,665.0
USGS-09217000,2026-09-08 05:00:00+00:00,,,662.0
USGS-09217000,2026-09-08 06:00:00+00:00,,,662.0
USGS-09217000,2026-09-08 07:00:00+00:00,,,662.0
USGS-09217000,2026-09-08 08:00:00+00:00,,,657.0
USGS-09217000,2026-09-08 09:00:00+00:00,,,663.0
USGS-09217000,2026-09-08 10:00:00+00:00,,,663.0
USGS-09217000,2026-09-08 11:00:00+00:00,,,663.0
USGS-09217000,2026-09-08 12:00:00+00:00,,,663.0
USGS-09217000,2026-09-08 13:00:00+00:00,,,663.0
USGS-09217000,2026-09-08 14:00:00+00:00,,,666.0
USGS-09217000,2026-09-08 15:00:00+00:00,,,669.0
USGS-09217000,2026-09-08 16:00:00+00:00,,,669.0
USGS-09217000,2026-09-08 17:00:00+00:00,,,679.0
USGS-09217000,2026-09-08 18:00:00+00:00,,,682.0
USGS-09217000,2026-09-08 19:00:00+00:00,,,682.0
USGS-09217000,2026-09-08 20:00:00+00:00,,,682.0
USGS-09217000,2026-09-08 21:00:00+00:00,,,679.0
USGS-09217000,2026-09-08 22:00:00+00:00,,,676.0
USGS-09217000,2026-09-08 23:00:00+00:00,,,673.0
USGS-09217000,2026-09-09 00:00:00+00:00,,,670.0
USGS-09217000,2026-09-09 01:00:00+00:00,,,670.0
USGS-09217000,2026-09-09 02:00:00+00:00,,,670.0
USGS-09217000,2026-09-09 03:00:00+00:00,,,670.0
USGS-09217000,2026-09-09 04:00:00+00:00,,,670.0
USGS-09217000,2026-09-09 05:00:00+00:00,,,670.0
USGS-09217000,2026-09-09 06:00:00+00:00,,,664.0
USGS-09217000,2026-09-09 07:00:00+00:00,,,664.0
USGS-09217000,2026-09-09 08:00:00+00:00,,,667.0
USGS-09217000,2026-09-09 09:00:00+00:00,,,664.0
USGS-09217000,2026-09-09 10:00:00+00:00,,,665.0
USGS-09217000,2026-09-09 11:00:00+00:00,,,665.0
USGS-09217000,2026-09-09 12:00:00+00:00,,,668.0
USGS-09217000,2026-09-09 13:00:00+00:00,,,671.0
USGS-09217000,2026-09-09 14:00:00+00:00,,,677.0
USGS-09217000,2026-09-09 15:00:00+00:00,,,677.0
USGS-09217000,2026-09-09 16:00:00+00:00,,,684.0
USGS-09217000,2026-09-09 17:00:00+00:00,,,691.0
USGS-09217000,2026-09-09 18:00:00+00:00,,,691.0
USGS-09217000,2026-09-09 19:00:00+00:00,,,681.0
USGS-09217000,2026-09-09 20:00:00+00:00,,,665.0
USGS-09217000,2026-09-09 21:00:00+00:00,,,662.0
USGS-09217000,2026-09-09 22:00:00+00:00,,,662.0
USGS-09217000,2026-09-09 23:00:00+00:00,,,660.0
USGS-09217000,2026-09-10 00:00:00+00:00,,,660.0
USGS-09217000,2026-09-10 01:00:00+00:00,,,654.0
USGS-09217000,2026-09-10 02:00:00+00:00,,,657.0
USGS-09217000,2026-09-10 03:00:00+00:00,,,654.0
USGS-09217000,2026-09-10 04:00:00+00:00,,,654.0
USGS-09217000,2026-09-10 05:00:00+00:00,,,654.0
USGS-09217000,2026-09-10 06:00:00+00:00,,,654.0
USGS-09217000,2026-09-10 07:00:00+00:00,,,660.0
USGS-09217000,2026-09-10 08:00:00+00:00,,,654.0
USGS-09217000,2026-09-10 09:00:00+00:00,,,657.0
USGS-09217000,2026-09-10 10:00:00+00:00,,,654.0
USGS-09217000,2026-09-10 11:00:00+00:00,,,657.0
USGS-09217000,2026-09-10 12:00:00+00:00,,,661.0
USGS-09217000,2026-09-10 13:00:00+00:00,,,661.0
USGS-09217000,2026-09-10 14:00:00+00:00,,,667.0
USGS-09217000,2026-09-10 15:00:00+00:00,,,667.0
USGS-09217000,2026-09-10 16:00:00+00:00,,,673.0
USGS-09217000,2026-09-10 17:00:00+00:00,,,673.0
USGS-09217000,2026-09-10 18:00:00+00:00,,,673.0
USGS-09217000,2026-09-10 19:00:00+00:00,,,673.0
USGS-09217000,2026-09-10 20:00:00+00:00,,431.5,673.0
USGS-09217000,2026-09-10 21:00:00+00:00,,430.0,667.0
USGS-09217000,2026-09-10 22:00:00+00:00,,429.5,667.0
USGS-09217000,2026-09-10 23:00:00+00:00,,429.0,664.0
USGS-09217000,2026-09-11 00:00:00+00:00,,430.0,661.0
USGS-09217000,2026-09-11 01:00:00+00:00,,430.0,656.0
USGS-09217000,2026-09-11 02:00:00+00:00,,431.0,662.0
USGS-09217000,2026-09-11 03:00:00+00:00,,430.0,662.0
USGS-09217000,2026-09-11 04:00:00+00:00,,430.0,665.0
USGS-09217000,2026-09-11 05:00:00+00:00,,428.0,687.0
USGS-09217000,2026-09-11 06:00:00+00:00,,428.0,694.0
USGS-09217000,2026-09-11 07:00:00+00:00,,428.5,694.0
USGS-09217000,2026-09-11 08:00:00+00:00,,428.0,694.0
USGS-09217000,2026-09-11 09:00:00+00:00,,429.5,694.0
USGS-09217000,2026-09-11 10:00:00+00:00,,430.0,691.0
USGS-09217000,2026-09-11 11:00:00+00:00,,431.0,688.0
USGS-09217000,2026-09-11 12:00:00+00:00,,431.5,691.0
USGS-09217000,2026-09-11 13:00:00+00:00,,432.0,694.0
USGS-09217000,2026-09-11 14:00:00+00:00,,432.0,694.0
USGS-09217000,2026-09-11 15:00:00+00:00,,432.0,701.0
USGS-09217000,2026-09-11 16:00:00+00:00,,431.0,701.0
USGS-09217000,2026-09-11 17:00:00+00:00,,431.0,701.0
USGS-09217000,2026-09-11 18:00:00+00:00,,431.0,704.5
USGS-09217000,2026-09-11 19:00:00+00:00,,430.0,704.5
USGS-09217000,2026-09-11 20:00:00+00:00,,430.0,701.0
USGS-09217000,2026-09-11 21:00:00+00:00,,429.0,701.0
USGS-09217000,2026-09-11 22:00:00+00:00,,430.0,698.5
USGS-09217000,2026-09-11 23:00:00+00:00,,428.0,695.0
USGS-09217000,2026-09-12 00:00:00+00:00,,428.0,689.0
USGS-09217000,2026-09-12 01:00:00+00:00,,427.5,689.0
USGS-09217000,2026-09-12 02:00:00+00:00,,427.5,682.0
USGS-09217000,2026-09-12 03:00:00+00:00,,427.0,682.0
USGS-09217000,2026-09-12 04:00:00+00:00,,427.0,689.0
USGS-09217000,2026-09-12 05:00:00+00:00,,427.5,686.0
USGS-09217000,2026-09-12 06:00:00+00:00,,427.0,686.0
USGS-09217000,2026-09-12 07:00:00+00:00,,427.0,689.0
USGS-09217000,2026-09-12 08:00:00+00:00,,426.0,689.0
USGS-09217000,2026-09-12 09:00:00+00:00,,426.0,689.0
USGS-09217000,2026-09-12 10:00:00+00:00,,428.5,690.0
USGS-09217000,2026-09-12 11:00:00+00:00,,429.0,690.0
USGS-09217000,2026-09-12 12:00:00+00:00,,427.0,690.0
USGS-09217000,2026-09-12 13:00:00+00:00,,427.5,693.0
USGS-09217000,2026-09-12 14:00:00+00:00,,428.0,696.0
USGS-09217000,2026-09-12 15:00:00+00:00,,428.5,690.0
USGS-09217000,2026-09-12 16:00:00+00:00,,428.5,683.5
USGS-09217000,2026-09-12 17:00:00+00:00,,429.0,668.0
USGS-09217000,2026-09-12 18:00:00+00:00,,428.0,671.0
USGS-09217000,2026-09-12 19:00:00+00:00,,426.5,674.0
USGS-09217000,2026-09-12 20:00:00+00:00,,429.0,674.0
USGS-09217000,2026-09-12 21:00:00+00:00,,428.5,677.0
USGS-09217000,2026-09-12 22:00:00+00:00,,427.0,678.0
USGS-09217000,2026-09-12 23:00:00+00:00,,424.5,678.0
USGS-09217000,2026-09-13 00:00:00+00:00,,423.0,678.0
USGS-09217000,2026-09-13 01:00:00+00:00,,423.0,678.0
USGS-09217000,2026-09-13 02:00:00+00:00,,424.0,671.0
USGS-09217000,2026-09-13 03:00:00+00:00,,424.0,671.0
USGS-09217000,2026-09-13 04:00:00+00:00,,424.0,672.0
USGS-09217000,2026-09-13 05:00:00+00:00,,423.5,672.0
USGS-09217000,2026-09-13 06:00:00+00:00,,424.5,672.0
USGS-09217000,2026-09-13 07:00:00+00:00,,425.0,672.0
USGS-09217000,2026-09-13 08:00:00+00:00,,425.0,672.0
USGS-09217000,2026-09-13 09:00:00+00:00,,425.5,672.0
USGS-09217000,2026-09-13 10:00:00+00:00,,423.0,679.0
USGS-09217000,2026-09-13 11:00:00+00:00,,423.0,679.0
USGS-09217000,2026-09-13 12:00:00+00:00,,423.0,679.0
USGS-09217000,2026-09-13 13:00:00+00:00,,425.0,685.0
USGS-09217000,2026-09-13 14:00:00+00:00,,426.0,685.0
USGS-09217000,2026-09-13 15:00:00+00:00,,425.5,688.5
USGS-09217000,2026-09-13 16:00:00+00:00,,425.0,692.0
USGS-09217000,2026-09-13 17:00:00+00:00,,424.0,692.0
USGS-09217000,2026-09-13 18:00:00+00:00,,427.0,692.0
USGS-09217000,2026-09-13 19:00:00+00:00,,428.0,695.5
USGS-09217000,2026-09-13 20:00:00+00:00,,426.5,699.0
USGS-09217000,2026-09-13 21:00:00+00:00,,429.0,699.0
USGS-09217000,2026-09-13 22:00:00+00:00,,427.5,692.5
USGS-09217000,2026-09-13 23:00:00+00:00,,422.0,686.0
USGS-09217000,2026-09-14 00:00:00+00:00,,422.5,686.0
USGS-09217000,2026-09-14 01:00:00+00:00,,423.0,680.0
USGS-09217000,2026-09-14 02:00:00+00:00,,423.0,680.0
USGS-09217000,2026-09-14 03:00:00+00:00,,424.0,676.5
USGS-09217000,2026-09-14 04:00:00+00:00,,423.0,680.0
USGS-09217000,2026-09-14 05:00:00+00:00,,424.0,677.0
USGS-09217000,2026-09-14 06:00:00+00:00,,426.5,687.0
USGS-09217000,2026-09-14 07:00:00+00:00,,427.5,680.0
USGS-09217000,2026-09-14 08:00:00+00:00,,424.5,680.0
USGS-09217000,2026-09-14 09:00:00+00:00,,422.5,690.0
USGS-09217000,2026-09-14 10:00:00+00:00,,422.0,700.0
USGS-09217000,2026-09-14 11:00:00+00:00,,424.0,700.0
USGS-09217000,2026-09-14 12:00:00+00:00,,424.0,703.5
USGS-09217000,2026-09-14 13:00:00+00:00,,424.0,700.0
USGS-09217000,2026-09-14 14:00:00+00:00,,424.0,707.0
USGS-09217000,2026-09-14 15:00:00+00:00,,424.0,710.0
USGS-09217000,2026-09-14 16:00:00+00:00,,423.0,713.0
USGS-09217000,2026-09-14 17:00:00+00:00,,423.0,714.0
USGS-09217000,2026-09-14 18:00:00+00:00,,422.5,717.0
USGS-09217000,2026-09-14 19:00:00+00:00,,422.0,714.0
USGS-09217000,2026-09-14 20:00:00+00:00,,422.0,714.0
USGS-09217000,2026-09-14 21:00:00+00:00,,421.5,714.0
USGS-09217000,2026-09-14 22:00:00+00:00,,421.0,707.0
USGS-09217000,2026-09-14 23:00:00+00:00,,421.0,704.5
USGS-09217000,2026-09-15 00:00:00+00:00,,420.5,698.0
USGS-09217000,2026-09-15 01:00:00+00:00,,421.0,698.0
USGS-09217000,2026-09-15 02:00:00+00:00,,421.0,695.0
USGS-09217000,2026-09-15 03:00:00+00:00,,421.5,695.0
USGS-09217000,2026-09-15 04:00:00+00:00,,422.5,695.0
USGS-09217000,2026-09-15 05:00:00+00:00,,420.5,695.0
USGS-09217000,2026-09-15 06:00:00+00:00,,419.5,695.0
USGS-09217000,2026-09-15 07:00:00+00:00,,420.0,695.0
USGS-09217000,2026-09-15 08:00:00+00:00,,418.0,695.0
USGS-09217000,2026-09-15 09:00:00+00:00,,418.0,695.0
USGS-09217000,2026-09-15 10:00:00+00:00,,418.0,695.5
USGS-09217000,2026-09-15 11:00:00+00:00,,418.0,696.0
USGS-09217000,2026-09-15 12:00:00+00:00,,419.0,696.0
USGS-09217000,2026-09-15 13:00:00+00:00,,423.0,699.0
USGS-09217000,2026-09-15 14:00:00+00:00,,423.5,702.0
USGS-09217000,2026-09-15 15:00:00+00:00,,423.0,702.0
USGS-09217000,2026-09-15 16:00:00+00:00,,422.0,706.0
USGS-09217000,2026-09-15 17:00:00+00:00,,422.0,709.0
USGS-09217000,2026-09-15 18:00:00+00:00,,422.0,712.5
USGS-09217000,2026-09-15 19:00:00+00:00,,422.0,716.0
USGS-09217000,2026-09-15 20:00:00+00:00,,425.0,729.0
USGS-09217000,2026-09-15 21:00:00+00:00,,421.0,725.5
USGS-09217000,2026-09-15 22:00:00+00:00,,420.0,722.0
USGS-09217000,2026-09-15 23:00:00+00:00,,420.0,723.0
USGS-09217000,2026-09-16 00:00:00+00:00,,420.0,723.0
USGS-09217000,2026-09-16 01:00:00+00:00,,420.0,723.0
USGS-09217000,2026-09-16 02:00:00+00:00,,421.0,723.0
USGS-09217000,2026-09-16 03:00:00+00:00,,421.5,710.0
USGS-09217000,2026-09-16 04:00:00+00:00,,423.0,703.5
USGS-09217000,2026-09-16 05:00:00+00:00,,421.5,700.5
USGS-09217000,2026-09-16 06:00:00+00:00,,426.0,704.0
USGS-09217000,2026-09-16 07:00:00+00:00,,423.0,704.0
USGS-09217000,2026-09-16 08:00:00+00:00,,422.0,704.0
USGS-09217000,2026-09-16 09:00:00+00:00,,421.5,704.0
USGS-09217000,2026-09-16 10:00:00+00:00,,421.5,707.0
USGS-09217000,2026-09-16 11:00:00+00:00,,421.5,707.5
USGS-09217000,2026-09-16 12:00:00+00:00,,423.0,704.0
USGS-09217000,2026-09-16 13:00:00+00:00,,425.0,711.0
USGS-09217000,2026-09-16 14:00:00+00:00,,424.5,711.0
USGS-09217000,2026-09-16 15:00:00+00:00,,424.0,714.0
USGS-09217000,2026-09-16 16:00:00+00:00,,423.5,717.0
USGS-09217000,2026-09-16 17:00:00+00:00,,426.0,724.0
USGS-09217000,2026-09-16 18:00:00+00:00,,427.5,724.0
USGS-09217000,2026-09-16 19:00:00+00:00,,426.0,731.0
USGS-09217000,2026-09-16 20:00:00+00:00,,426.0,731.0
USGS-09217000,2026-09-16 21:00:00+00:00,,427.0,731.0
USGS-09217000,2026-09-16 22:00:00+00:00,,427.5,721.0
USGS-09217000,2026-09-16 23:00:00+00:00,,427.0,718.0
USGS-09217000,2026-09-17 00:00:00+00:00,,428.0,715.0
USGS-09217000,2026-09-17 01:00:00+00:00,,424.5,712.0
USGS-09217000,2026-09-17 02:00:00+00:00,,424.5,712.0
USGS-09217000,2026-09-17 03:00:00+00:00,,423.0,712.0
USGS-09217000,2026-09-17 04:00:00+00:00,,425.5,712.0
USGS-09217000,2026-09-17 05:00:00+00:00,,422.0,712.0
USGS-09217000,2026-09-17 06:00:00+00:00,,420.0,712.0
USGS-09217000,2026-09-17 07:00:00+00:00,,419.5,719.0
USGS-09217000,2026-09-17 08:00:00+00:00,,420.0,725.0
USGS-09217000,2026-09-17 09:00:00+00:00,,422.0,735.0
USGS-09217000,2026-09-17 10:00:00+00:00,,423.5,751.0
USGS-09217000,2026-09-17 11:00:00+00:00,,424.5,752.0
USGS-09217000,2026-09-17 12:00:00+00:00,,426.0,752.0
USGS-09217000,2026-09-17 13:00:00+00:00,,425.5,752.0
USGS-09217000,2026-09-17 14:00:00+00:00,,425.5,758.0
USGS-09217000,2026-09-17 15:00:00+00:00,,426.0,765.0
USGS-09217000,2026-09-17 16:00:00+00:00,,425.5,778.0
USGS-09217000,2026-09-17 17:00:00+00:00,,424.0,785.0
USGS-09217000,2026-09-17 18:00:00+00:00,,422.5,791.0
USGS-09217000,2026-09-17 19:00:00+00:00,,422.5,791.0
USGS-09217000,2026-09-17 20:00:00+00:00,,422.5,785.0
USGS-09217000,2026-09-17 21:00:00+00:00,,423.0,778.0
USGS-09217000,2026-09-17 22:00:00+00:00,,423.0,772.0
USGS-09217000,2026-09-17 23:00:00+00:00,,423.0,769.0
USGS-09217000,2026-09-18 00:00:00+00:00,,423.0,762.5
USGS-09217000,2026-09-18 01:00:00+00:00,,422.5,759.0
USGS-09217000,2026-09-18 02:00:00+00:00,,423.0,759.0
USGS-09217000,2026-09-18 03:00:00+00:00,,422.0,753.0
USGS-09217000,2026-09-18 04:00:00+00:00,,422.5,753.0
USGS-09217000,2026-09-18 05:00:00+00:00,,423.0,753.0
USGS-09217000,2026-09-18 06:00:00+00:00,,425.5,760.0
USGS-09217000,2026-09-18 07:00:00+00:00,,426.0,760.0
USGS-09217000,2026-09-18 08:00:00+00:00,,427.0,789.0
USGS-09217000,2026-09-18 09:00:00+00:00,,428.0,967.5
USGS-09217000,2026-09-18 10:00:00+00:00,,429.0,1405.0
USGS-09217000,2026-09-18 11:00:00+00:00,,432.0,1685.0
USGS-09217000,2026-09-18 12:00:00+00:00,,435.0,1640.0
USGS-09217000,2026-09-18 13:00:00+00:00,,436.0,1500.0
USGS-09217000,2026-09-18 14:00:00+00:00,,437.0,1405.0
USGS-09217000,2026-09-18 15:00:00+00:00,,435.5,1340.0
USGS-09217000,2026-09-18 16:00:00+00:00,,426.0,1295.0
USGS-09217000,2026-09-18 17:00:00+00:00,,408.5,1255.0
USGS-09217000,2026-09-18 18:00:00+00:00,,390.5,1240.0
USGS-09217000,2026-09-18 19:00:00+00:00,,375.5,1220.0
USGS-09217000,2026-09-18 20:00:00+00:00,,372.0,1185.0
USGS-09217000,2026-09-18 21:00:00+00:00,,377.5,1140.0
USGS-09217000,2026-09-18 22:00:00+00:00,,387.0,1120.0
USGS-09217000,2026-09-18 23:00:00+00:00,,397.5,1110.0
USGS-09217000,2026-09-19 00:00:00+00:00,,406.5,1080.0
USGS-09217000,2026-09-19 01:00:00+00:00,,415.0,1070.0
USGS-09217000,2026-09-19 02:00:00+00:00,,423.0,1055.0
USGS-09217000,2026-09-19 03:00:00+00:00,,429.5,1040.0
USGS-09217000,2026-09-19 04:00:00+00:00,,434.5,1040.0
USGS-09217000,2026-09-19 05:00:00+00:00,,437.5,1040.0
USGS-09217000,2026-09-19 06:00:00+00:00,,439.5,1035.0
USGS-09217000,2026-09-19 07:00:00+00:00,,441.5,1040.0
USGS-09217000,2026-09-19 08:00:00+00:00,,443.5,1040.0
USGS-09217000,2026-09-19 09:00:00+00:00,,444.0,1040.0
USGS-09217000,2026-09-19 10:00:00+00:00,,444.0,1045.0
USGS-09217000,2026-09-19 11:00:00+00:00,,444.0,1050.0
USGS-09217000,2026-09-19 12:00:00+00:00,,444.0,1050.0
USGS-09217000,2026-09-19 13:00:00+00:00,,445.0,1060.0
USGS-09217000,2026-09-19 14:00:00+00:00,,445.0,1070.0
USGS-09217000,2026-09-19 15:00:00+00:00,,446.0,1070.0
USGS-09217000,2026-09-19 16:00:00+00:00,,447.0,1070.0
USGS-09217000,2026-09-19 17:00:00+00:00,,449.0,1060.0
USGS-09217000,2026-09-19 18:00:00+00:00,,451.0,1060.0
USGS-09217000,2026-09-19 19:00:00+00:00,,451.0,1045.0
USGS-09217000,2026-09-19 20:00:00+00:00,,452.0,1040.0
USGS-09217000,2026-09-19 21:00:00+00:00,,453.0,1035.0
USGS-09217000,2026-09-19 22:00:00+00:00,,453.0,1020.0
USGS-09217000,2026-09-19 23:00:00+00:00,,453.0,1020.0
USGS-09217000,2026-09-20 00:00:00+00:00,,452.0,1010.0
USGS-09217000,2026-09-20 01:00:00+00:00,,452.0,1010.0
USGS-09217000,2026-09-20 02:00:00+00:00,,453.0,1000.0
USGS-09217000,2026-09-20 03:00:00+00:00,,454.5,1000.0
USGS-09217000,2026-09-20 04:00:00+00:00,,457.5,1000.0
USGS-09217000,2026-09-20 05:00:00+00:00,,461.5,1010.0
USGS-09217000,2026-09-20 06:00:00+00:00,,466.5,1000.0
USGS-09217000,2026-09-20 07:00:00+00:00,,469.5,996.0
USGS-09217000,2026-09-20 08:00:00+00:00,,471.0,982.0
USGS-09217000,2026-09-20 09:00:00+00:00,,469.5,964.5
USGS-09217000,2026-09-20 10:00:00+00:00,,466.5,943.5
USGS-09217000,2026-09-20 11:00:00+00:00,,463.5,908.5
USGS-09217000,2026-09-20 12:00:00+00:00,,460.0,877.0
USGS-09217000,2026-09-20 13:00:00+00:00,,457.5,852.5
USGS-09217000,2026-09-20 14:00:00+00:00,,456.0,831.5
USGS-09217000,2026-09-20 15:00:00+00:00,,455.0,817.5
USGS-09217000,2026-09-20 16:00:00+00:00,,453.0,807.0
USGS-09217000,2026-09-20 17:00:00+00:00,,452.0,800.0
USGS-09217000,2026-09-20 18:00:00+00:00,,452.0,796.5
USGS-09217000,2026-09-20 19:00:00+00:00,,452.5,793.0
USGS-09217000,2026-09-20 20:00:00+00:00,,453.5,787.0
USGS-09217000,2026-09-20 21:00:00+00:00,,454.5,787.0
USGS-09217000,2026-09-20 22:00:00+00:00,,455.5,780.0
USGS-09217000,2026-09-20 23:00:00+00:00,,457.0,780.0
USGS-09217000,2026-09-21 00:00:00+00:00,,458.0,777.0
USGS-09217000,2026-09-21 01:00:00+00:00,,459.0,774.0
USGS-09217000,2026-09-21 02:00:00+00:00,,459.5,774.0
USGS-09217000,2026-09-21 03:00:00+00:00,,460.0,770.5
USGS-09217000,2026-09-21 04:00:00+00:00,,460.0,767.0
USGS-09217000,2026-09-21 05:00:00+00:00,,462.5,767.0
USGS-09217000,2026-09-21 06:00:00+00:00,,466.0,761.0
USGS-09217000,2026-09-21 07:00:00+00:00,,470.5,761.0
USGS-09217000,2026-09-21 08:00:00+00:00,,473.0,754.0
USGS-09217000,2026-09-21 09:00:00+00:00,,475.5,754.0
USGS-09217000,2026-09-21 10:00:00+00:00,,477.5,754.0
USGS-09217000,2026-09-21 11:00:00+00:00,,478.5,754.0
USGS-09217000,2026-09-21 12:00:00+00:00,,479.0,754.0
USGS-09217000,2026-09-21 13:00:00+00:00,,478.5,748.0
USGS-09217000,2026-09-21 14:00:00+00:00,,478.0,748.0
USGS-09217000,2026-09-21 15:00:00+00:00,,479.0,754.0
USGS-09217000,2026-09-21 16:00:00+00:00,,479.0,754.0
USGS-09217000,2026-09-21 17:00:00+00:00,,478.0,748.0
USGS-09217000,2026-09-21 18:00:00+00:00,,477.0,748.0
USGS-09217000,2026-09-21 19:00:00+00:00,,477.0,741.0
USGS-09217000,2026-09-21 20:00:00+00:00,,476.0,741.0
USGS-09217000,2026-09-21 21:00:00+00:00,,475.0,741.0
USGS-09217000,2026-09-21 22:00:00+00:00,,474.5,735.0
USGS-09217000,2026-09-21 23:00:00+00:00,,474.0,735.0
USGS-09217000,2026-09-22 00:00:00+00:00,,472.5,735.0
USGS-09217000,2026-09-22 01:00:00+00:00,,472.0,731.5
USGS-09217000,2026-09-22 02:00:00+00:00,,472.0,735.0
USGS-09217000,2026-09-22 03:00:00+00:00,,470.5,735.0
USGS-09217000,2026-09-22 04:00:00+00:00,,471.5,735.0
USGS-09217000,2026-09-22 05:00:00+00:00,,472.0,728.0
USGS-09217000,2026-09-22 06:00:00+00:00,,473.0,735.0
USGS-09217000,2026-09-22 07:00:00+00:00,,475.5,731.5
USGS-09217000,2026-09-22 08:00:00+00:00,,478.5,731.5
USGS-09217000,2026-09-22 09:00:00+00:00,,479.0,735.0
USGS-09217000,2026-09-22 10:00:00+00:00,,480.0,735.0
USGS-09217000,2026-09-22 11:00:00+00:00,,481.0,735.0
USGS-09217000,2026-09-22 12:00:00+00:00,,482.0,735.0
USGS-09217000,2026-09-22 13:00:00+00:00,,481.5,735.0
USGS-09217000,2026-09-22 14:00:00+00:00,,482.0,741.0
USGS-09217000,2026-09-22 15:00:00+00:00,,482.0,741.0
USGS-09217000,2026-09-22 16:00:00+00:00,,481.0,741.0
USGS-09217000,2026-09-22 17:00:00+00:00,,479.5,741.0
USGS-09217000,2026-09-22 18:00:00+00:00,,478.0,741.0
USGS-09217000,2026-09-22 19:00:00+00:00,,479.0,744.5
USGS-09217000,2026-09-22 20:00:00+00:00,,481.0,741.0
USGS-09217000,2026-09-22 21:00:00+00:00,,480.0,741.0
USGS-09217000,2026-09-22 22:00:00+00:00,,480.5,741.0
USGS-09217000,2026-09-22 23:00:00+00:00,,479.5,741.0
USGS-09217000,2026-09-23 00:00:00+00:00,,470.5,738.0
USGS-09217000,2026-09-23 01:00:00+00:00,,467.0,735.0
USGS-09217000,2026-09-23 02:00:00+00:00,,466.0,735.0
USGS-09217000,2026-09-23 03:00:00+00:00,,466.5,738.0
USGS-09217000,2026-09-23 04:00:00+00:00,,464.5,735.0
USGS-09217000,2026-09-23 05:00:00+00:00,,463.0,735.0
USGS-09217000,2026-09-23 06:00:00+00:00,,462.0,735.0
USGS-09217000,2026-09-23 07:00:00+00:00,,462.0,735.0
USGS-09217000,2026-09-23 08:00:00+00:00,,462.0,728.0
USGS-09217000,2026-09-23 09:00:00+00:00,,463.0,728.0
USGS-09217000,2026-09-23 10:00:00+00:00,,464.0,728.0
USGS-09217000,2026-09-23 11:00:00+00:00,,465.0,728.0
USGS-09217000,2026-09-23 12:00:00+00:00,,466.0,725.0
USGS-09217000,2026-09-23 13:00:00+00:00,,467.0,722.0
USGS-09217000,2026-09-23 14:00:00+00:00,,469.0,728.0
USGS-09217000,2026-09-23 15:00:00+00:00,,470.5,728.0
USGS-09217000,2026-09-23 16:00:00+00:00,,471.0,728.0
USGS-09217000,2026-09-23 17:00:00+00:00,,471.0,731.5
USGS-09217000,2026-09-23 18:00:00+00:00,,471.0,735.0
USGS-09217000,2026-09-23 19:00:00+00:00,,471.5,728.0
USGS-09217000,2026-09-23 20:00:00+00:00,,471.0,735.0
USGS-09217000,2026-09-23 21:00:00+00:00,,472.5,735.0
USGS-09217000,2026-09-23 22:00:00+00:00,,473.0,735.0
USGS-09217000,2026-09-23 23:00:00+00:00,,472.0,735.0
USGS-09217000,2026-09-24 00:00:00+00:00,,472.5,728.0
USGS-09217000,2026-09-24 01:00:00+00:00,,474.0,728.0
USGS-09217000,2026-09-24 02:00:00+00:00,,475.0,728.0
USGS-09217000,2026-09-24 03:00:00+00:00,,472.5,728.0
USGS-09217000,2026-09-24 04:00:00+00:00,,474.0,728.0
USGS-09217000,2026-09-24 05:00:00+00:00,,474.0,722.0
USGS-09217000,2026-09-24 06:00:00+00:00,,472.5,722.0
USGS-09217000,2026-09-24 07:00:00+00:00,,471.5,722.0
USGS-09217000,2026-09-24 08:00:00+00:00,,471.0,722.0
USGS-09217000,2026-09-24 09:00:00+00:00,,471.0,722.0
USGS-09217000,2026-09-24 10:00:00+00:00,,471.0,722.0
USGS-09217000,2026-09-24 11:00:00+00:00,,472.0,722.0
USGS-09217000,2026-09-24 12:00:00+00:00,,473.0,722.0
USGS-09217000,2026-09-24 13:00:00+00:00,,474.0,722.0
USGS-09217000,2026-09-24 14:00:00+00:00,,475.0,728.0
USGS-09217000,2026-09-24 15:00:00+00:00,,475.5,728.0
USGS-09217000,2026-09-24 16:00:00+00:00,,477.0,728.0
USGS-09217000,2026-09-24 17:00:00+00:00,,478.0,728.0
USGS-09217000,2026-09-24 18:00:00+00:00,,479.0,731.5
USGS-09217000,2026-09-24 19:00:00+00:00,,480.5,731.5
USGS-09217000,2026-09-24 20:00:00+00:00,,480.0,735.0
USGS-09217000,2026-09-24 21:00:00+00:00,,480.5,728.0
USGS-09217000,2026-09-24 22:00:00+00:00,,479.5,728.0
USGS-09217000,2026-09-24 23:00:00+00:00,,469.5,722.0
USGS-09217000,2026-09-25 00:00:00+00:00,,467.0,722.0
USGS-09217000,2026-09-25 01:00:00+00:00,,466.0,722.0
USGS-09217000,2026-09-25 02:00:00+00:00,,465.0,715.0
USGS-09217000,2026-09-25 03:00:00+00:00,,463.0,715.0
USGS-09217000,2026-09-25 04:00:00+00:00,,461.0,718.5
USGS-09217000,2026-09-25 05:00:00+00:00,,459.5,715.0
USGS-09217000,2026-09-25 06:00:00+00:00,,458.0,715.0
USGS-09217000,2026-09-25 07:00:00+00:00,,458.0,709.0
USGS-09217000,2026-09-25 08:00:00+00:00,,459.0,709.0
USGS-09217000,2026-09-25 09:00:00+00:00,,459.5,712.0
USGS-09217000,2026-09-25 10:00:00+00:00,,458.0,709.0
USGS-09217000,2026-09-25 11:00:00+00:00,,459.0,709.0
USGS-09217000,2026-09-25 12:00:00+00:00,,460.0,709.0
USGS-09217000,2026-09-25 13:00:00+00:00,,462.0,709.0
USGS-09217000,2026-09-25 14:00:00+00:00,,463.0,709.0
USGS-09217000,2026-09-25 15:00:00+00:00,,464.0,709.0
USGS-09217000,2026-09-25 16:00:00+00:00,,464.5,712.0
USGS-09217000,2026-09-25 17:00:00+00:00,,465.5,715.0
USGS-09217000,2026-09-25 18:00:00+00:00,,465.5,722.0
USGS-09217000,2026-09-25 19:00:00+00:00,,464.5,722.0
USGS-09217000,2026-09-25 20:00:00+00:00,,463.5,722.0
USGS-09217000,2026-09-25 21:00:00+00:00,,462.5,722.0
USGS-09217000,2026-09-25 22:00:00+00:00,,462.0,722.0
USGS-09217000,2026-09-25 23:00:00+00:00,,461.0,722.0
USGS-09217000,2026-09-26 00:00:00+00:00,,459.5,722.0
USGS-09217000,2026-09-26 01:00:00+00:00,,459.0,725.0
USGS-09217000,2026-09-26 02:00:00+00:00,,458.5,722.0
USGS-09217000,2026-09-26 03:00:00+00:00,,457.5,725.0
USGS-09217000,2026-09-26 04:00:00+00:00,,456.0,728.0
USGS-09217000,2026-09-26 05:00:00+00:00,,455.0,728.0
USGS-09217000,2026-09-26 06:00:00+00:00,,455.0,728.0
USGS-09217000,2026-09-26 07:00:00+00:00,,454.0,728.0
USGS-09217000,2026-09-26 08:00:00+00:00,,454.5,728.0
USGS-09217000,2026-09-26 09:00:00+00:00,,455.0,728.0
USGS-09217000,2026-09-26 10:00:00+00:00,,455.5,728.0
USGS-09217000,2026-09-26 11:00:00+00:00,,457.5,728.0
USGS-09217000,2026-09-26 12:00:00+00:00,,459.0,728.0
USGS-09217000,2026-09-26 13:00:00+00:00,,461.0,728.0
USGS-09217000,2026-09-26 14:00:00+00:00,,461.5,728.0
USGS-09217000,2026-09-26 15:00:00+00:00,,462.0,731.5
USGS-09217000,2026-09-26 16:00:00+00:00,,462.5,735.0
USGS-09217000,2026-09-26 17:00:00+00:00,,462.0,735.0
USGS-09217000,2026-09-26 18:00:00+00:00,,461.5,735.0
USGS-09217000,2026-09-26 19:00:00+00:00,,460.5,735.0
USGS-09217000,2026-09-26 20:00:00+00:00,,461.0,735.0
USGS-09217000,2026-09-26 21:00:00+00:00,,460.0,735.0
USGS-09217000,2026-09-26 22:00:00+00:00,,458.5,735.0
USGS-09217000,2026-09-26 23:00:00+00:00,,456.5,744.5
USGS-09217000,2026-09-27 00:00:00+00:00,,455.5,748.0
USGS-09217000,2026-09-27 01:00:00+00:00,,455.0,748.0
USGS-09217000,2026-09-27 02:00:00+00:00,,455.0,748.0
USGS-09217000,2026-09-27 03:00:00+00:00,,454.5,748.0
USGS-09217000,2026-09-27 04:00:00+00:00,,454.0,748.0
USGS-09217000,2026-09-27 05:00:00+00:00,,454.0,748.0
USGS-09217000,2026-09-27 06:00:00+00:00,,453.0,748.0
USGS-09217000,2026-09-27 07:00:00+00:00,,454.0,748.0
USGS-09217000,2026-09-27 08:00:00+00:00,,454.5,748.0
USGS-09217000,2026-09-27 09:00:00+00:00,,455.0,741.0
USGS-09217000,2026-09-27 10:00:00+00:00,,456.5,741.0
USGS-09217000,2026-09-27 11:00:00+00:00,,457.0,741.0
USGS-09217000,2026-09-27 12:00:00+00:00,,458.0,741.0
USGS-09217000,2026-09-27 13:00:00+00:00,,460.0,741.0
USGS-09217000,2026-09-27 14:00:00+00:00,,462.5,741.0
USGS-09217000,2026-09-27 15:00:00+00:00,,461.5,748.0
USGS-09217000,2026-09-27 16:00:00+00:00,,463.0,748.0
USGS-09217000,2026-09-27 17:00:00+00:00,,462.0,748.0
USGS-09217000,2026-09-27 18:00:00+00:00,,462.5,748.0
USGS-09217000,2026-09-27 19:00:00+00:00,,464.0,754.0
USGS-09217000,2026-09-27 20:00:00+00:00,,463.5,748.0
USGS-09217000,2026-09-27 21:00:00+00:00,,463.0,754.0
USGS-09217000,2026-09-27 22:00:00+00:00,,464.0,748.0
USGS-09217000,2026-09-27 23:00:00+00:00,,462.0,748.0
USGS-09217000,2026-09-28 00:00:00+00:00,,462.0,748.0
USGS-09217000,2026-09-28 01:00:00+00:00,,462.0,744.5
USGS-09217000,2026-09-28 02:00:00+00:00,,471.5,741.0
USGS-09217000,2026-09-28 03:00:00+00:00,,474.0,741.0
USGS-09217000,2026-09-28 04:00:00+00:00,,470.5,741.0
USGS-09217000,2026-09-28 05:00:00+00:00,,464.5,741.0
USGS-09217000,2026-09-28 06:00:00+00:00,,461.5,741.0
USGS-09217000,2026-09-28 07:00:00+00:00,,459.0,748.0
USGS-09217000,2026-09-28 08:00:00+00:00,,463.5,748.0
USGS-09217000,2026-09-28 09:00:00+00:00,,461.5,744.5
USGS-09217000,2026-09-28 10:00:00+00:00,,456.0,741.0
USGS-09217000,2026-09-28 11:00:00+00:00,,456.5,748.0
USGS-09217000,2026-09-28 12:00:00+00:00,,456.5,748.0
USGS-09217000,2026-09-28 13:00:00+00:00,,458.0,751.0
USGS-09217000,2026-09-28 14:00:00+00:00,,458.0,754.0
USGS-09217000,2026-09-28 15:00:00+00:00,,458.5,754.0
USGS-09217000,2026-09-28 16:00:00+00:00,,460.0,754.0
USGS-09217000,2026-09-28 17:00:00+00:00,,460.0,748.0
USGS-09217000,2026-09-28 18:00:00+00:00,,461.0,741.0
USGS-09217000,2026-09-28 19:00:00+00:00,,461.0,735.0
USGS-09217000,2026-09-28 20:00:00+00:00,,461.0,735.0
USGS-09217000,2026-09-28 21:00:00+00:00,,460.0,738.0
USGS-09217000,2026-09-28 22:00:00+00:00,,460.0,738.0
USGS-09217000,2026-09-28 23:00:00+00:00,,460.0,738.0
USGS-09217000,2026-09-29 00:00:00+00:00,,460.0,735.0
USGS-09217000,2026-09-29 01:00:00+00:00,,460.0,735.0
USGS-09217000,2026-09-29 02:00:00+00:00,,460.5,735.0
USGS-09217000,2026-09-29 03:00:00+00:00,,460.0,735.0
USGS-09217000,2026-09-29 04:00:00+00:00,,460.0,735.0
USGS-09217000,2026-09-29 05:00:00+00:00,,459.0,735.0
USGS-09217000,2026-09-29 06:00:00+00:00,,458.0,735.0
USGS-09217000,2026-09-29 07:00:00+00:00,,458.5,738.0
USGS-09217000,2026-09-29 08:00:00+00:00,,458.0,744.5
USGS-09217000,2026-09-29 09:00:00+00:00,,458.0,748.0
USGS-09217000,2026-09-29 10:00:00+00:00,,461.0,748.0
USGS-09217000,2026-09-29 11:00:00+00:00,,462.0,741.0
USGS-09217000,2026-09-29 12:00:00+00:00,,464.5,741.0
USGS-09217000,2026-09-29 13:00:00+00:00,,466.0,731.5
USGS-09217000,2026-09-29 14:00:00+00:00,,466.5,728.0
USGS-09217000,2026-09-29 15:00:00+00:00,,466.5,728.0
USGS-09217000,2026-09-29 16:00:00+00:00,,469.0,728.0
USGS-09217000,2026-09-29 17:00:00+00:00,,470.5,728.0
USGS-09217000,2026-09-29 18:00:00+00:00,,468.0,735.0
USGS-09217000,2026-09-29 19:00:00+00:00,,468.0,735.0
USGS-09217000,2026-09-29 20:00:00+00:00,,468.0,738.0
USGS-09217000,2026-09-29 21:00:00+00:00,,467.0,738.0
USGS-09217000,2026-09-29 22:00:00+00:00,,467.5,735.0
USGS-09217000,2026-09-29 23:00:00+00:00,,470.0,735.0
USGS-09217000,2026-09-30 00:00:00+00:00,,468.0,728.0
USGS-09217000,2026-09-30 01:00:00+00:00,,466.5,722.0
USGS-09217000,2026-09-30 02:00:00+00:00,,466.5,722.0
USGS-09217000,2026-09-30 03:00:00+00:00,,465.5,718.5
USGS-09217000,2026-09-30 04:00:00+00:00,,464.0,722.0
USGS-09217000,2026-09-30 05:00:00+00:00,,465.0,715.0
USGS-09217000,2026-09-30 06:00:00+00:00,,464.0,715.0
USGS-09217000,2026-09-30 07:00:00+00:00,,465.0,715.0
USGS-09217000,2026-09-30 08:00:00+00:00,,466.0,715.0
USGS-09217000,2026-09-30 09:00:00+00:00,,466.5,715.0
USGS-09217000,2026-09-30 10:00:00+00:00,,468.0,715.0
USGS-09217000,2026-09-30 11:00:00+00:00,,473.0,709.0
USGS-09217000,2026-09-30 12:00:00+00:00,,479.5,709.0
USGS-09217000,2026-09-30 13:00:00+00:00,,487.5,709.0
USGS-09217000,2026-09-30 14:00:00+00:00,,496.0,715.0
USGS-09217000,2026-09-30 15:00:00+00:00,,504.5,715.0
USGS-09217000,2026-09-30 16:00:00+00:00,,507.0,715.0
USGS-09217000,2026-09-30 17:00:00+00:00,,507.5,715.0
USGS-09217000,2026-09-30 18:00:00+00:00,,505.5,722.0
USGS-09217000,2026-09-30 19:00:00+00:00,,502.5,735.0
USGS-09217000,2026-09-30 20:00:00+00:00,,497.0,741.0
USGS-09217000,2026-09-30 21:00:00+00:00,,491.5,744.5
USGS-09217000,2026-09-30 22:00:00+00:00,,486.5,741.0
USGS-09217000,2026-09-30 23:00:00+00:00,,482.5,741.0
USGS-09217000,2026-10-01 00:00:00+00:00,,478.0,741.0
USGS-09217000,2026-10-01 01:00:00+00:00,,475.5,741.0
USGS-09217000,2026-10-01 02:00:00+00:00,,474.0,741.0
USGS-09217000,2026-10-01 03:00:00+00:00,,471.0,735.0
USGS-09217000,2026-10-01 04:00:00+00:00,,469.0,735.0
USGS-09217000,2026-10-01 05:00:00+00:00,,469.0,735.0
USGS-09217000,2026-10-01 06:00:00+00:00,,465.5,735.0
USGS-09217000,2026-10-01 07:00:00+00:00,,463.0,728.0
USGS-09217000,2026-10-01 08:00:00+00:00,,463.0,728.0
USGS-09217000,2026-10-01 09:00:00+00:00,,463.0,725.0
USGS-09217000,2026-10-01 10:00:00+00:00,,462.0,725.0
USGS-09217000,2026-10-01 11:00:00+00:00,,462.5,735.0
USGS-09217000,2026-10-01 12:00:00+00:00,,463.0,735.0
USGS-09217000,2026-10-01 13:00:00+00:00,,464.0,735.0
USGS-09217000,2026-10-01 14:00:00+00:00,,464.0,735.0
USGS-09217000,2026-10-01 15:00:00+00:00,,464.0,741.0
USGS-09217000,2026-10-01 16:00:00+00:00,,467.0,741.0
USGS-09217000,2026-10-01 17:00:00+00:00,,466.5,744.5
USGS-09217000,2026-10-01 18:00:00+00:00,,465.0,741.0
USGS-09217000,2026-10-01 19:00:00+00:00,,465.0,741.0
USGS-09217000,2026-10-01 20:00:00+00:00,,465.5,741.0
USGS-09217000,2026-10-01 21:00:00+00:00,,465.5,741.0
USGS-09217000,2026-10-01 22:00:00+00:00,,465.5,741.0
USGS-09217000,2026-10-01 23:00:00+00:00,,463.5,741.0
USGS-09217000,2026-10-02 00:00:00+00:00,,462.0,738.0
USGS-09217000,2026-10-02 01:00:00+00:00,,462.5,735.0
USGS-09217000,2026-10-02 02:00:00+00:00,,461.0,735.0
USGS-09217000,2026-10-02 03:00:00+00:00,,461.0,735.0
USGS-09217000,2026-10-02 04:00:00+00:00,,459.0,731.5
USGS-09217000,2026-10-02 05:00:00+00:00,,458.5,728.0
USGS-09217000,2026-10-02 06:00:00+00:00,,458.5,728.0
USGS-09217000,2026-10-02 07:00:00+00:00,,458.0,728.0
USGS-09217000,2026-10-02 08:00:00+00:00,,,
