station_id,time,DO concentration,Water temperature,Specific conductance,Discharge
USGS-09106485,2026-07-15 20:00:00+00:00,11.2,28.5,1240.0,376.0
USGS-09106485,2026-07-15 21:00:00+00:00,11.3,29.05,1240.0,392.0
USGS-09106485,2026-07-15 22:00:00+00:00,10.95,29.2,1235.0,406.5
USGS-09106485,2026-07-15 23:00:00+00:00,10.25,29.0,1230.0,429.0
USGS-09106485,2026-07-16 00:00:00+00:00,8.55,28.15,1225.0,429.0
USGS-09106485,2026-07-16 01:00:00+00:00,7.2,27.7,1220.0,431.5
USGS-09106485,2026-07-16 02:00:00+00:00,6.35,27.55,1220.0,429.0
USGS-09106485,2026-07-16 03:00:00+00:00,5.6,27.35,1210.0,429.0
USGS-09106485,2026-07-16 04:00:00+00:00,5.05,27.05,1210.0,429.0
USGS-09106485,2026-07-16 05:00:00+00:00,4.85,26.45,1210.0,429.0
USGS-09106485,2026-07-16 06:00:00+00:00,4.65,26.05,1220.0,429.0
USGS-09106485,2026-07-16 07:00:00+00:00,4.6,25.65,1220.0,439.0
USGS-09106485,2026-07-16 08:00:00+00:00,4.5,25.200000000000003,1220.0,444.0
USGS-09106485,2026-07-16 09:00:00+00:00,4.5,24.75,1225.0,444.0
USGS-09106485,2026-07-16 10:00:00+00:00,4.6,24.25,1230.0,436.5
USGS-09106485,2026-07-16 11:00:00+00:00,4.6,23.85,1230.0,421.5
USGS-09106485,2026-07-16 12:00:00+00:00,4.7,23.35,1230.0,401.5
USGS-09106485,2026-07-16 13:00:00+00:00,5.15,23.1,1235.0,387.5
USGS-09106485,2026-07-16 14:00:00+00:00,6.050000000000001,23.15,1230.0,373.5
USGS-09106485,2026-07-16 15:00:00+00:00,7.35,23.799999999999997,1230.0,371.0
USGS-09106485,2026-07-16 16:00:00+00:00,8.65,24.6,1230.0,382.5
USGS-09106485,2026-07-16 17:00:00+00:00,9.6,25.65,1230.0,419.0
USGS-09106485,2026-07-16 18:00:00+00:00,10.25,26.65,1230.0,465.5
USGS-09106485,2026-07-16 19:00:00+00:00,10.5,27.450000000000003,1230.0,496.0
USGS-09106485,2026-07-16 20:00:00+00:00,10.5,28.15,1220.0,521.0
USGS-09106485,2026-07-16 21:00:00+00:00,10.35,28.75,1220.0,530.0
USGS-09106485,2026-07-16 22:00:00+00:00,9.75,28.75,1230.0,533.0
USGS-09106485,2026-07-16 23:00:00+00:00,8.95,28.700000000000003,1225.0,533.0
USGS-09106485,2026-07-17 00:00:00+00:00,8.1,28.45,1210.0,530.0
USGS-09106485,2026-07-17 01:00:00+00:00,7.45,28.25,1195.0,513.0
USGS-09106485,2026-07-17 02:00:00+00:00,6.4,27.5,1180.0,487.5
USGS-09106485,2026-07-17 03:00:00+00:00,5.65,26.799999999999997,1180.0,462.5
USGS-09106485,2026-07-17 04:00:00+00:00,5.2,26.25,1180.0,441.5
USGS-09106485,2026-07-17 05:00:00+00:00,4.95,25.85,1180.0,501.5
USGS-09106485,2026-07-17 06:00:00+00:00,5.0,25.15,1195.0,622.0
USGS-09106485,2026-07-17 07:00:00+00:00,4.9,24.85,1205.0,556.5
USGS-09106485,2026-07-17 08:00:00+00:00,4.8,24.45,1205.0,481.5
USGS-09106485,2026-07-17 09:00:00+00:00,4.8,24.15,1185.0,460.0
USGS-09106485,2026-07-17 10:00:00+00:00,4.8,23.65,1175.0,457.5
USGS-09106485,2026-07-17 11:00:00+00:00,4.8,23.25,1175.0,426.5
USGS-09106485,2026-07-17 12:00:00+00:00,4.9,22.9,1180.0,419.0
USGS-09106485,2026-07-17 13:00:00+00:00,5.35,22.75,1190.0,424.0
USGS-09106485,2026-07-17 14:00:00+00:00,6.1,22.85,1190.0,424.0
USGS-09106485,2026-07-17 15:00:00+00:00,7.300000000000001,23.5,1190.0,424.0
USGS-09106485,2026-07-17 16:00:00+00:00,8.3,24.299999999999997,1195.0,424.0
USGS-09106485,2026-07-17 17:00:00+00:00,8.7,25.25,1200.0,434.0
USGS-09106485,2026-07-17 18:00:00+00:00,8.45,26.200000000000003,1200.0,479.0
USGS-09106485,2026-07-17 19:00:00+00:00,7.9,26.9,1200.0,452.0
USGS-09106485,2026-07-17 20:00:00+00:00,7.45,27.6,1200.0,406.5
USGS-09106485,2026-07-17 21:00:00+00:00,7.0,28.25,1210.0,429.0
USGS-09106485,2026-07-17 22:00:00+00:00,6.35,28.5,1210.0,462.5
USGS-09106485,2026-07-17 23:00:00+00:00,6.0,28.5,1200.0,465.0
USGS-09106485,2026-07-18 00:00:00+00:00,5.75,28.299999999999997,1200.0,462.5
USGS-09106485,2026-07-18 01:00:00+00:00,5.3,27.9,1200.0,457.5
USGS-09106485,2026-07-18 02:00:00+00:00,4.95,27.4,1190.0,449.0
USGS-09106485,2026-07-18 03:00:00+00:00,4.7,26.65,1190.0,439.0
USGS-09106485,2026-07-18 04:00:00+00:00,4.65,26.1,1180.0,436.5
USGS-09106485,2026-07-18 05:00:00+00:00,4.6,25.75,1180.0,434.0
USGS-09106485,2026-07-18 06:00:00+00:00,4.65,25.200000000000003,1180.0,429.0
USGS-09106485,2026-07-18 07:00:00+00:00,4.7,24.75,1190.0,424.0
USGS-09106485,2026-07-18 08:00:00+00:00,4.8,24.35,1190.0,419.0
USGS-09106485,2026-07-18 09:00:00+00:00,4.9,24.05,1185.0,414.0
USGS-09106485,2026-07-18 10:00:00+00:00,4.95,23.75,1190.0,409.0
USGS-09106485,2026-07-18 11:00:00+00:00,5.0,23.45,1190.0,399.0
USGS-09106485,2026-07-18 12:00:00+00:00,5.05,23.15,1190.0,392.0
USGS-09106485,2026-07-18 13:00:00+00:00,5.25,22.85,1200.0,387.5
USGS-09106485,2026-07-18 14:00:00+00:00,5.65,22.7,1200.0,382.5
USGS-09106485,2026-07-18 15:00:00+00:00,6.15,22.85,1200.0,376.0
USGS-09106485,2026-07-18 16:00:00+00:00,6.75,23.15,1210.0,373.5
USGS-09106485,2026-07-18 17:00:00+00:00,7.35,23.75,1210.0,371.0
USGS-09106485,2026-07-18 18:00:00+00:00,8.1,24.95,1220.0,371.0
USGS-09106485,2026-07-18 19:00:00+00:00,8.5,25.75,1220.0,366.0
USGS-09106485,2026-07-18 20:00:00+00:00,8.8,26.75,1225.0,362.0
USGS-09106485,2026-07-18 21:00:00+00:00,9.05,27.700000000000003,1230.0,358.0
USGS-09106485,2026-07-18 22:00:00+00:00,8.95,28.25,1230.0,351.0
USGS-09106485,2026-07-18 23:00:00+00:00,8.7,28.35,1235.0,344.0
USGS-09106485,2026-07-19 00:00:00+00:00,8.2,28.2,1240.0,334.0
USGS-09106485,2026-07-19 01:00:00+00:00,7.25,27.85,1245.0,313.0
USGS-09106485,2026-07-19 02:00:00+00:00,6.25,27.55,1250.0,294.0
USGS-09106485,2026-07-19 03:00:00+00:00,5.55,27.05,1260.0,288.0
USGS-09106485,2026-07-19 04:00:00+00:00,5.199999999999999,26.8,1260.0,290.0
USGS-09106485,2026-07-19 05:00:00+00:00,5.0,26.45,1260.0,319.0
USGS-09106485,2026-07-19 06:00:00+00:00,4.95,26.15,1270.0,353.5
USGS-09106485,2026-07-19 07:00:00+00:00,4.8,25.75,1285.0,385.0
USGS-09106485,2026-07-19 08:00:00+00:00,4.7,25.4,1275.0,406.5
USGS-09106485,2026-07-19 09:00:00+00:00,4.75,24.95,1270.0,414.0
USGS-09106485,2026-07-19 10:00:00+00:00,4.8,24.65,1255.0,414.0
USGS-09106485,2026-07-19 11:00:00+00:00,4.8,24.35,1245.0,409.0
USGS-09106485,2026-07-19 12:00:00+00:00,4.9,24.1,1230.0,409.0
USGS-09106485,2026-07-19 13:00:00+00:00,5.25,23.85,1230.0,414.0
USGS-09106485,2026-07-19 14:00:00+00:00,5.75,23.8,1220.0,411.5
USGS-09106485,2026-07-19 15:00:00+00:00,6.4,23.85,1220.0,409.0
USGS-09106485,2026-07-19 16:00:00+00:00,7.5,24.5,1220.0,409.0
USGS-09106485,2026-07-19 17:00:00+00:00,8.3,25.5,1220.0,409.0
USGS-09106485,2026-07-19 18:00:00+00:00,8.95,26.65,1220.0,409.0
USGS-09106485,2026-07-19 19:00:00+00:00,9.2,27.6,1220.0,409.0
USGS-09106485,2026-07-19 20:00:00+00:00,9.4,28.4,1220.0,401.5
USGS-09106485,2026-07-19 21:00:00+00:00,9.5,29.1,1210.0,392.0
USGS-09106485,2026-07-19 22:00:00+00:00,9.45,29.7,1210.0,385.0
USGS-09106485,2026-07-19 23:00:00+00:00,9.0,29.6,1215.0,380.0
USGS-09106485,2026-07-20 00:00:00+00:00,8.5,29.25,1210.0,376.0
USGS-09106485,2026-07-20 01:00:00+00:00,7.9,28.95,1220.0,371.0
USGS-09106485,2026-07-20 02:00:00+00:00,6.6,28.25,1220.0,366.0
USGS-09106485,2026-07-20 03:00:00+00:00,5.699999999999999,27.75,1230.0,364.0
USGS-09106485,2026-07-20 04:00:00+00:00,5.199999999999999,27.45,1230.0,366.0
USGS-09106485,2026-07-20 05:00:00+00:00,4.95,27.15,1235.0,362.0
USGS-09106485,2026-07-20 06:00:00+00:00,4.8,26.8,1245.0,362.0
USGS-09106485,2026-07-20 07:00:00+00:00,4.55,26.45,1240.0,366.0
USGS-09106485,2026-07-20 08:00:00+00:00,4.3,26.25,1235.0,362.0
USGS-09106485,2026-07-20 09:00:00+00:00,4.4,25.95,1250.0,362.0
USGS-09106485,2026-07-20 10:00:00+00:00,4.4,25.45,1255.0,358.0
USGS-09106485,2026-07-20 11:00:00+00:00,4.5,25.05,1260.0,362.0
USGS-09106485,2026-07-20 12:00:00+00:00,4.65,24.55,1270.0,358.0
USGS-09106485,2026-07-20 13:00:00+00:00,4.95,24.15,1270.0,358.0
USGS-09106485,2026-07-20 14:00:00+00:00,5.85,24.05,1270.0,360.0
USGS-09106485,2026-07-20 15:00:00+00:00,6.949999999999999,24.5,1270.0,368.5
USGS-09106485,2026-07-20 16:00:00+00:00,8.05,25.299999999999997,1270.0,382.5
USGS-09106485,2026-07-20 17:00:00+00:00,8.75,26.25,1260.0,390.0
USGS-09106485,2026-07-20 18:00:00+00:00,9.3,27.25,1260.0,399.0
USGS-09106485,2026-07-20 19:00:00+00:00,9.6,28.1,1250.0,399.0
USGS-09106485,2026-07-20 20:00:00+00:00,9.8,28.9,1240.0,392.0
USGS-09106485,2026-07-20 21:00:00+00:00,9.8,29.549999999999997,1240.0,387.5
USGS-09106485,2026-07-20 22:00:00+00:00,9.75,30.0,1235.0,382.5
USGS-09106485,2026-07-20 23:00:00+00:00,9.2,30.1,1240.0,376.0
USGS-09106485,2026-07-21 00:00:00+00:00,8.55,29.85,1240.0,366.0
USGS-09106485,2026-07-21 01:00:00+00:00,7.949999999999999,29.5,1240.0,360.0
USGS-09106485,2026-07-21 02:00:00+00:00,6.65,28.85,1240.0,358.0
USGS-09106485,2026-07-21 03:00:00+00:00,5.699999999999999,27.95,1240.0,364.0
USGS-09106485,2026-07-21 04:00:00+00:00,5.15,27.5,1240.0,368.5
USGS-09106485,2026-07-21 05:00:00+00:00,4.75,27.25,1230.0,376.0
USGS-09106485,2026-07-21 06:00:00+00:00,4.45,27.1,1205.0,382.5
USGS-09106485,2026-07-21 07:00:00+00:00,4.4,26.85,1220.0,390.0
USGS-09106485,2026-07-21 08:00:00+00:00,4.4,26.45,1230.0,380.0
USGS-09106485,2026-07-21 09:00:00+00:00,4.5,26.1,1230.0,397.0
USGS-09106485,2026-07-21 10:00:00+00:00,4.55,25.55,1240.0,429.0
USGS-09106485,2026-07-21 11:00:00+00:00,4.65,25.05,1240.0,416.5
USGS-09106485,2026-07-21 12:00:00+00:00,4.75,24.65,1240.0,404.0
USGS-09106485,2026-07-21 13:00:00+00:00,5.0,24.3,1250.0,399.0
USGS-09106485,2026-07-21 14:00:00+00:00,5.6,24.3,1250.0,394.0
USGS-09106485,2026-07-21 15:00:00+00:00,6.5,24.799999999999997,1250.0,392.0
USGS-09106485,2026-07-21 16:00:00+00:00,7.25,25.6,1250.0,387.5
USGS-09106485,2026-07-21 17:00:00+00:00,7.699999999999999,26.4,1250.0,382.5
USGS-09106485,2026-07-21 18:00:00+00:00,8.25,27.4,1250.0,373.5
USGS-09106485,2026-07-21 19:00:00+00:00,8.649999999999999,28.299999999999997,1250.0,366.0
USGS-09106485,2026-07-21 20:00:00+00:00,9.0,29.25,1255.0,364.0
USGS-09106485,2026-07-21 21:00:00+00:00,9.2,29.95,1250.0,346.5
USGS-09106485,2026-07-21 22:00:00+00:00,9.2,30.2,1250.0,323.0
USGS-09106485,2026-07-21 23:00:00+00:00,8.85,30.200000000000003,1260.0,313.0
USGS-09106485,2026-07-22 00:00:00+00:00,8.05,29.9,1270.0,313.0
USGS-09106485,2026-07-22 01:00:00+00:00,6.550000000000001,29.049999999999997,1270.0,319.0
USGS-09106485,2026-07-22 02:00:00+00:00,5.800000000000001,28.299999999999997,1280.0,325.0
USGS-09106485,2026-07-22 03:00:00+00:00,5.35,28.05,1280.0,382.5
USGS-09106485,2026-07-22 04:00:00+00:00,4.85,27.55,1295.0,460.0
USGS-09106485,2026-07-22 05:00:00+00:00,4.8,27.35,1280.0,487.0
USGS-09106485,2026-07-22 06:00:00+00:00,4.8,27.15,1290.0,499.0
USGS-09106485,2026-07-22 07:00:00+00:00,4.75,26.75,1275.0,504.0
USGS-09106485,2026-07-22 08:00:00+00:00,4.65,26.25,1255.0,493.0
USGS-09106485,2026-07-22 09:00:00+00:00,4.6,25.95,1245.0,479.0
USGS-09106485,2026-07-22 10:00:00+00:00,4.6,25.55,1240.0,468.0
USGS-09106485,2026-07-22 11:00:00+00:00,4.7,25.15,1240.0,457.5
USGS-09106485,2026-07-22 12:00:00+00:00,4.8,24.75,1250.0,449.0
USGS-09106485,2026-07-22 13:00:00+00:00,5.1,24.5,1250.0,439.0
USGS-09106485,2026-07-22 14:00:00+00:00,5.699999999999999,24.4,1250.0,434.0
USGS-09106485,2026-07-22 15:00:00+00:00,6.300000000000001,24.5,1250.0,426.5
USGS-09106485,2026-07-22 16:00:00+00:00,7.35,25.1,1250.0,416.5
USGS-09106485,2026-07-22 17:00:00+00:00,8.3,26.15,1250.0,409.0
USGS-09106485,2026-07-22 18:00:00+00:00,8.8,27.200000000000003,1250.0,404.0
USGS-09106485,2026-07-22 19:00:00+00:00,8.9,27.85,1250.0,399.0
USGS-09106485,2026-07-22 20:00:00+00:00,8.850000000000001,28.3,1260.0,409.0
USGS-09106485,2026-07-22 21:00:00+00:00,8.850000000000001,28.45,1260.0,441.5
USGS-09106485,2026-07-22 22:00:00+00:00,7.8,27.9,1250.0,473.5
USGS-09106485,2026-07-22 23:00:00+00:00,7.9,28.299999999999997,1250.0,493.0
USGS-09106485,2026-07-23 00:00:00+00:00,6.699999999999999,27.65,1250.0,533.0
USGS-09106485,2026-07-23 01:00:00+00:00,5.85,27.3,1255.0,613.0
USGS-09106485,2026-07-23 02:00:00+00:00,5.45,27.0,1295.0,625.0
USGS-09106485,2026-07-23 03:00:00+00:00,5.05,26.65,1270.0,595.0
USGS-09106485,2026-07-23 04:00:00+00:00,4.6,26.15,1170.0,577.0
USGS-09106485,2026-07-23 05:00:00+00:00,4.4,25.65,1190.0,530.0
USGS-09106485,2026-07-23 06:00:00+00:00,4.65,25.2,1395.0,481.5
USGS-09106485,2026-07-23 07:00:00+00:00,4.95,24.85,1420.0,449.5
USGS-09106485,2026-07-23 08:00:00+00:00,5.1,24.55,1365.0,421.5
USGS-09106485,2026-07-23 09:00:00+00:00,5.2,24.25,1340.0,392.0
USGS-09106485,2026-07-23 10:00:00+00:00,5.3,23.95,1320.0,376.0
USGS-09106485,2026-07-23 11:00:00+00:00,5.3,23.65,1320.0,371.0
USGS-09106485,2026-07-23 12:00:00+00:00,5.35,23.25,1320.0,371.0
USGS-09106485,2026-07-23 13:00:00+00:00,5.45,23.05,1320.0,371.0
USGS-09106485,2026-07-23 14:00:00+00:00,5.65,23.0,1330.0,371.0
USGS-09106485,2026-07-23 15:00:00+00:00,6.1,23.299999999999997,1330.0,382.5
USGS-09106485,2026-07-23 16:00:00+00:00,6.699999999999999,24.25,1340.0,411.5
USGS-09106485,2026-07-23 17:00:00+00:00,7.15,25.25,1340.0,424.0
USGS-09106485,2026-07-23 18:00:00+00:00,7.4,26.200000000000003,1330.0,419.0
USGS-09106485,2026-07-23 19:00:00+00:00,7.45,26.950000000000003,1325.0,416.5
USGS-09106485,2026-07-23 20:00:00+00:00,7.85,28.0,1320.0,431.5
USGS-09106485,2026-07-23 21:00:00+00:00,7.95,28.6,1310.0,439.0
USGS-09106485,2026-07-23 22:00:00+00:00,8.0,29.2,1310.0,426.5
USGS-09106485,2026-07-23 23:00:00+00:00,7.8,29.5,1305.0,406.5
USGS-09106485,2026-07-24 00:00:00+00:00,7.55,29.5,1300.0,399.0
USGS-09106485,2026-07-24 01:00:00+00:00,7.0,29.25,1300.0,401.5
USGS-09106485,2026-07-24 02:00:00+00:00,6.199999999999999,28.85,1300.0,416.5
USGS-09106485,2026-07-24 03:00:00+00:00,5.6,28.45,1310.0,465.5
USGS-09106485,2026-07-24 04:00:00+00:00,5.35,28.05,1300.0,533.0
USGS-09106485,2026-07-24 05:00:00+00:00,5.2,27.8,1305.0,577.0
USGS-09106485,2026-07-24 06:00:00+00:00,5.2,27.35,1330.0,580.0
USGS-09106485,2026-07-24 07:00:00+00:00,5.2,26.95,1345.0,574.0
USGS-09106485,2026-07-24 08:00:00+00:00,5.2,26.4,1305.0,562.0
USGS-09106485,2026-07-24 09:00:00+00:00,5.2,25.75,1280.0,556.0
USGS-09106485,2026-07-24 10:00:00+00:00,5.2,25.25,1265.0,550.0
USGS-09106485,2026-07-24 11:00:00+00:00,5.3,24.65,1260.0,536.0
USGS-09106485,2026-07-24 12:00:00+00:00,5.4,24.25,1270.0,513.0
USGS-09106485,2026-07-24 13:00:00+00:00,5.5,23.9,1270.0,484.5
USGS-09106485,2026-07-24 14:00:00+00:00,5.85,23.95,1280.0,457.5
USGS-09106485,2026-07-24 15:00:00+00:00,6.45,24.35,1285.0,431.5
USGS-09106485,2026-07-24 16:00:00+00:00,6.8,25.1,1295.0,416.5
USGS-09106485,2026-07-24 17:00:00+00:00,7.05,26.049999999999997,1305.0,414.0
USGS-09106485,2026-07-24 18:00:00+00:00,7.2,27.15,1320.0,452.0
USGS-09106485,2026-07-24 19:00:00+00:00,7.0,28.1,1325.0,533.0
USGS-09106485,2026-07-24 20:00:00+00:00,6.25,28.15,1330.0,604.0
USGS-09106485,2026-07-24 21:00:00+00:00,6.05,28.15,1320.0,622.0
USGS-09106485,2026-07-24 22:00:00+00:00,6.3,29.1,1315.0,613.0
USGS-09106485,2026-07-24 23:00:00+00:00,6.15,29.25,1285.0,595.0
USGS-09106485,2026-07-25 00:00:00+00:00,6.05,29.3,1270.0,577.0
USGS-09106485,2026-07-25 01:00:00+00:00,5.75,29.15,1265.0,550.5
USGS-09106485,2026-07-25 02:00:00+00:00,5.4,28.75,1260.0,524.0
USGS-09106485,2026-07-25 03:00:00+00:00,5.2,28.0,1260.0,510.0
USGS-09106485,2026-07-25 04:00:00+00:00,5.2,27.65,1250.0,504.0
USGS-09106485,2026-07-25 05:00:00+00:00,5.1,27.3,1240.0,504.0
USGS-09106485,2026-07-25 06:00:00+00:00,5.2,26.95,1240.0,504.0
USGS-09106485,2026-07-25 07:00:00+00:00,5.2,26.5,1235.0,499.0
USGS-09106485,2026-07-25 08:00:00+00:00,5.3,25.95,1240.0,487.0
USGS-09106485,2026-07-25 09:00:00+00:00,5.4,25.45,1240.0,484.5
USGS-09106485,2026-07-25 10:00:00+00:00,5.4,25.05,1230.0,484.5
USGS-09106485,2026-07-25 11:00:00+00:00,5.5,24.55,1230.0,476.0
USGS-09106485,2026-07-25 12:00:00+00:00,5.55,24.25,1220.0,468.0
USGS-09106485,2026-07-25 13:00:00+00:00,5.75,24.0,1220.0,460.0
USGS-09106485,2026-07-25 14:00:00+00:00,6.05,23.95,1220.0,444.0
USGS-09106485,2026-07-25 15:00:00+00:00,6.55,24.35,1220.0,436.5
USGS-09106485,2026-07-25 16:00:00+00:00,6.9,24.95,1220.0,424.0
USGS-09106485,2026-07-25 17:00:00+00:00,7.05,25.75,1220.0,419.0
USGS-09106485,2026-07-25 18:00:00+00:00,7.1,26.85,1220.0,424.0
USGS-09106485,2026-07-25 19:00:00+00:00,6.95,27.700000000000003,1225.0,436.5
USGS-09106485,2026-07-25 20:00:00+00:00,6.95,28.450000000000003,1230.0,487.5
USGS-09106485,2026-07-25 21:00:00+00:00,6.25,28.3,1230.0,544.5
USGS-09106485,2026-07-25 22:00:00+00:00,6.2,28.4,1230.0,589.0
USGS-09106485,2026-07-25 23:00:00+00:00,6.35,29.0,1240.0,592.0
USGS-09106485,2026-07-26 00:00:00+00:00,6.35,29.2,1230.0,577.0
USGS-09106485,2026-07-26 01:00:00+00:00,6.0,28.6,1220.0,559.0
USGS-09106485,2026-07-26 02:00:00+00:00,5.75,28.45,1210.0,542.0
USGS-09106485,2026-07-26 03:00:00+00:00,5.5,28.15,1200.0,521.0
USGS-09106485,2026-07-26 04:00:00+00:00,5.4,27.6,1195.0,513.0
USGS-09106485,2026-07-26 05:00:00+00:00,5.4,27.0,1190.0,504.0
USGS-09106485,2026-07-26 06:00:00+00:00,5.4,26.55,1190.0,493.0
USGS-09106485,2026-07-26 07:00:00+00:00,5.4,26.15,1190.0,484.5
USGS-09106485,2026-07-26 08:00:00+00:00,5.4,25.65,1190.0,473.5
USGS-09106485,2026-07-26 09:00:00+00:00,5.45,25.25,1200.0,460.0
USGS-09106485,2026-07-26 10:00:00+00:00,5.5,24.95,1200.0,444.0
USGS-09106485,2026-07-26 11:00:00+00:00,5.5,24.6,1210.0,434.0
USGS-09106485,2026-07-26 12:00:00+00:00,5.6,24.35,1210.0,424.0
USGS-09106485,2026-07-26 13:00:00+00:00,5.75,24.2,1215.0,419.0
USGS-09106485,2026-07-26 14:00:00+00:00,6.05,24.2,1220.0,419.0
USGS-09106485,2026-07-26 15:00:00+00:00,6.45,24.35,1220.0,414.0
USGS-09106485,2026-07-26 16:00:00+00:00,6.9,24.8,1220.0,414.0
USGS-09106485,2026-07-26 17:00:00+00:00,6.95,25.05,1230.0,414.0
USGS-09106485,2026-07-26 18:00:00+00:00,7.35,26.1,1230.0,414.0
USGS-09106485,2026-07-26 19:00:00+00:00,7.75,27.45,1230.0,404.0
USGS-09106485,2026-07-26 20:00:00+00:00,7.2,27.4,1235.0,399.0
USGS-09106485,2026-07-26 21:00:00+00:00,7.1,27.4,1240.0,394.0
USGS-09106485,2026-07-26 22:00:00+00:00,7.2,27.55,1240.0,394.0
USGS-09106485,2026-07-26 23:00:00+00:00,7.1,27.7,1240.0,390.0
USGS-09106485,2026-07-27 00:00:00+00:00,6.95,27.7,1250.0,390.0
USGS-09106485,2026-07-27 01:00:00+00:00,6.5,27.049999999999997,1250.0,394.0
USGS-09106485,2026-07-27 02:00:00+00:00,6.25,26.4,1250.0,390.0
USGS-09106485,2026-07-27 03:00:00+00:00,6.0,25.95,1250.0,385.0
USGS-09106485,2026-07-27 04:00:00+00:00,5.8,25.55,1250.0,380.0
USGS-09106485,2026-07-27 05:00:00+00:00,5.7,25.2,1250.0,376.0
USGS-09106485,2026-07-27 06:00:00+00:00,5.7,25.0,1250.0,376.0
USGS-09106485,2026-07-27 07:00:00+00:00,5.6,24.8,1250.0,376.0
USGS-09106485,2026-07-27 08:00:00+00:00,5.6,24.55,1250.0,378.0
USGS-09106485,2026-07-27 09:00:00+00:00,5.65,24.25,1245.0,385.0
USGS-09106485,2026-07-27 10:00:00+00:00,5.7,23.85,1240.0,382.5
USGS-09106485,2026-07-27 11:00:00+00:00,5.8,23.35,1240.0,378.0
USGS-09106485,2026-07-27 12:00:00+00:00,5.8,23.05,1240.0,371.0
USGS-09106485,2026-07-27 13:00:00+00:00,6.0,22.8,1240.0,366.0
USGS-09106485,2026-07-27 14:00:00+00:00,6.45,22.9,1250.0,362.0
USGS-09106485,2026-07-27 15:00:00+00:00,7.05,23.4,1250.0,362.0
USGS-09106485,2026-07-27 16:00:00+00:00,7.55,24.15,1260.0,358.0
USGS-09106485,2026-07-27 17:00:00+00:00,8.05,25.15,1260.0,349.0
USGS-09106485,2026-07-27 18:00:00+00:00,8.4,26.25,1260.0,342.0
USGS-09106485,2026-07-27 19:00:00+00:00,8.45,27.200000000000003,1260.0,336.0
USGS-09106485,2026-07-27 20:00:00+00:00,8.149999999999999,27.450000000000003,1260.0,332.0
USGS-09106485,2026-07-27 21:00:00+00:00,8.4,28.2,1270.0,323.0
USGS-09106485,2026-07-27 22:00:00+00:00,8.6,28.95,1270.0,319.0
USGS-09106485,2026-07-27 23:00:00+00:00,8.1,28.9,1280.0,315.0
USGS-09106485,2026-07-28 00:00:00+00:00,7.6,28.7,1280.0,311.0
USGS-09106485,2026-07-28 01:00:00+00:00,7.15,28.6,1280.0,307.0
USGS-09106485,2026-07-28 02:00:00+00:00,6.6,28.35,1290.0,311.0
USGS-09106485,2026-07-28 03:00:00+00:00,6.05,27.95,1290.0,315.0
USGS-09106485,2026-07-28 04:00:00+00:00,5.7,27.65,1290.0,313.0
USGS-09106485,2026-07-28 05:00:00+00:00,5.55,27.35,1290.0,313.0
USGS-09106485,2026-07-28 06:00:00+00:00,5.4,27.0,1300.0,319.0
USGS-09106485,2026-07-28 07:00:00+00:00,5.5,26.299999999999997,1295.0,323.0
USGS-09106485,2026-07-28 08:00:00+00:00,5.5,25.75,1290.0,323.0
USGS-09106485,2026-07-28 09:00:00+00:00,5.4,25.5,1300.0,319.0
USGS-09106485,2026-07-28 10:00:00+00:00,5.4,25.25,1300.0,315.0
USGS-09106485,2026-07-28 11:00:00+00:00,5.4,24.95,1300.0,311.0
USGS-09106485,2026-07-28 12:00:00+00:00,5.45,24.7,1305.0,315.0
USGS-09106485,2026-07-28 13:00:00+00:00,5.6,24.55,1300.0,315.0
USGS-09106485,2026-07-28 14:00:00+00:00,6.0,24.55,1310.0,311.0
USGS-09106485,2026-07-28 15:00:00+00:00,6.800000000000001,25.05,1315.0,313.0
USGS-09106485,2026-07-28 16:00:00+00:00,7.45,25.55,1310.0,315.0
USGS-09106485,2026-07-28 17:00:00+00:00,8.0,26.35,1320.0,311.0
USGS-09106485,2026-07-28 18:00:00+00:00,8.5,27.15,1320.0,305.0
USGS-09106485,2026-07-28 19:00:00+00:00,7.75,26.95,1320.0,290.0
USGS-09106485,2026-07-28 20:00:00+00:00,7.85,27.15,1325.0,280.0
USGS-09106485,2026-07-28 21:00:00+00:00,8.55,28.35,1320.0,278.5
USGS-09106485,2026-07-28 22:00:00+00:00,8.75,28.799999999999997,1330.0,277.0
USGS-09106485,2026-07-28 23:00:00+00:00,8.75,29.1,1340.0,280.0
USGS-09106485,2026-07-29 00:00:00+00:00,7.949999999999999,28.549999999999997,1340.0,292.0
USGS-09106485,2026-07-29 01:00:00+00:00,7.25,27.75,1340.0,297.5
USGS-09106485,2026-07-29 02:00:00+00:00,6.65,27.200000000000003,1340.0,303.0
USGS-09106485,2026-07-29 03:00:00+00:00,6.15,26.6,1335.0,307.0
USGS-09106485,2026-07-29 04:00:00+00:00,5.9,26.35,1330.0,311.0
USGS-09106485,2026-07-29 05:00:00+00:00,5.8,26.05,1320.0,311.0
USGS-09106485,2026-07-29 06:00:00+00:00,5.65,25.8,1320.0,307.0
USGS-09106485,2026-07-29 07:00:00+00:00,5.55,25.55,1320.0,313.0
USGS-09106485,2026-07-29 08:00:00+00:00,5.5,25.3,1315.0,319.0
USGS-09106485,2026-07-29 09:00:00+00:00,5.5,25.05,1310.0,332.0
USGS-09106485,2026-07-29 10:00:00+00:00,5.45,24.75,1310.0,321.0
USGS-09106485,2026-07-29 11:00:00+00:00,5.4,24.45,1310.0,309.0
USGS-09106485,2026-07-29 12:00:00+00:00,5.35,24.15,1305.0,305.0
USGS-09106485,2026-07-29 13:00:00+00:00,5.45,23.95,1305.0,301.0
USGS-09106485,2026-07-29 14:00:00+00:00,6.0,24.05,1310.0,296.0
USGS-09106485,2026-07-29 15:00:00+00:00,6.95,24.65,1325.0,292.0
USGS-09106485,2026-07-29 16:00:00+00:00,7.65,25.299999999999997,1340.0,288.0
USGS-09106485,2026-07-29 17:00:00+00:00,8.3,26.25,1345.0,292.0
USGS-09106485,2026-07-29 18:00:00+00:00,8.75,27.049999999999997,1350.0,288.0
USGS-09106485,2026-07-29 19:00:00+00:00,9.15,27.85,1360.0,284.0
USGS-09106485,2026-07-29 20:00:00+00:00,8.8,28.0,1365.0,282.0
USGS-09106485,2026-07-29 21:00:00+00:00,9.25,28.8,1370.0,278.5
USGS-09106485,2026-07-29 22:00:00+00:00,9.2,29.15,1370.0,277.0
USGS-09106485,2026-07-29 23:00:00+00:00,8.600000000000001,28.85,1380.0,277.0
USGS-09106485,2026-07-30 00:00:00+00:00,7.9,28.5,1380.0,286.0
USGS-09106485,2026-07-30 01:00:00+00:00,7.0,27.5,1395.0,319.0
USGS-09106485,2026-07-30 02:00:00+00:00,6.5,27.0,1400.0,369.0
USGS-09106485,2026-07-30 03:00:00+00:00,6.05,26.65,1435.0,392.0
USGS-09106485,2026-07-30 04:00:00+00:00,5.6,26.5,1410.0,394.0
USGS-09106485,2026-07-30 05:00:00+00:00,5.5,26.4,1370.0,387.5
USGS-09106485,2026-07-30 06:00:00+00:00,5.4,26.15,1360.0,376.0
USGS-09106485,2026-07-30 07:00:00+00:00,5.3,25.9,1350.0,362.0
USGS-09106485,2026-07-30 08:00:00+00:00,5.3,25.6,1340.0,346.5
USGS-09106485,2026-07-30 09:00:00+00:00,5.3,25.25,1340.0,334.0
USGS-09106485,2026-07-30 10:00:00+00:00,5.35,24.85,1340.0,321.0
USGS-09106485,2026-07-30 11:00:00+00:00,5.35,24.45,1350.0,313.0
USGS-09106485,2026-07-30 12:00:00+00:00,5.4,24.15,1355.0,305.0
USGS-09106485,2026-07-30 13:00:00+00:00,5.6,23.8,1360.0,299.0
USGS-09106485,2026-07-30 14:00:00+00:00,6.15,23.799999999999997,1370.0,294.0
USGS-09106485,2026-07-30 15:00:00+00:00,7.300000000000001,24.4,1375.0,288.0
USGS-09106485,2026-07-30 16:00:00+00:00,8.45,25.299999999999997,1385.0,286.0
USGS-09106485,2026-07-30 17:00:00+00:00,9.25,26.299999999999997,1390.0,284.0
USGS-09106485,2026-07-30 18:00:00+00:00,9.9,27.299999999999997,1400.0,280.0
USGS-09106485,2026-07-30 19:00:00+00:00,10.4,28.200000000000003,1400.0,277.0
USGS-09106485,2026-07-30 20:00:00+00:00,10.7,28.9,1400.0,275.0
USGS-09106485,2026-07-30 21:00:00+00:00,10.9,29.5,1400.0,270.0
USGS-09106485,2026-07-30 22:00:00+00:00,10.8,29.75,1395.0,270.0
USGS-09106485,2026-07-30 23:00:00+00:00,10.45,29.75,1400.0,270.0
USGS-09106485,2026-07-31 00:00:00+00:00,9.65,29.45,1400.0,275.0
USGS-09106485,2026-07-31 01:00:00+00:00,8.65,28.85,1400.0,282.0
USGS-09106485,2026-07-31 02:00:00+00:00,7.35,28.25,1395.0,284.0
USGS-09106485,2026-07-31 03:00:00+00:00,6.4,27.75,1400.0,292.0
USGS-09106485,2026-07-31 04:00:00+00:00,5.85,27.25,1400.0,292.0
USGS-09106485,2026-07-31 05:00:00+00:00,5.65,26.85,1390.0,301.0
USGS-09106485,2026-07-31 06:00:00+00:00,5.5,26.45,1385.0,307.0
USGS-09106485,2026-07-31 07:00:00+00:00,5.4,26.1,1380.0,319.0
USGS-09106485,2026-07-31 08:00:00+00:00,5.3,25.75,1380.0,323.0
USGS-09106485,2026-07-31 09:00:00+00:00,5.3,25.299999999999997,1380.0,323.0
USGS-09106485,2026-07-31 10:00:00+00:00,5.3,24.85,1370.0,325.0
USGS-09106485,2026-07-31 11:00:00+00:00,5.3,24.35,1370.0,323.0
USGS-09106485,2026-07-31 12:00:00+00:00,5.35,23.95,1360.0,323.0
USGS-09106485,2026-07-31 13:00:00+00:00,5.55,23.45,1360.0,317.0
USGS-09106485,2026-07-31 14:00:00+00:00,6.199999999999999,23.3,1365.0,313.0
USGS-09106485,2026-07-31 15:00:00+00:00,7.35,23.700000000000003,1360.0,307.0
USGS-09106485,2026-07-31 16:00:00+00:00,8.4,24.4,1360.0,305.0
USGS-09106485,2026-07-31 17:00:00+00:00,9.3,25.4,1360.0,303.0
USGS-09106485,2026-07-31 18:00:00+00:00,10.1,26.35,1355.0,299.0
USGS-09106485,2026-07-31 19:00:00+00:00,10.55,27.35,1360.0,299.0
USGS-09106485,2026-07-31 20:00:00+00:00,10.75,28.15,1355.0,296.0
USGS-09106485,2026-07-31 21:00:00+00:00,11.0,28.65,1360.0,296.0
USGS-09106485,2026-07-31 22:00:00+00:00,10.8,28.9,1350.0,296.0
USGS-09106485,2026-07-31 23:00:00+00:00,10.35,29.0,1355.0,299.0
USGS-09106485,2026-08-01 00:00:00+00:00,9.75,28.8,1350.0,299.0
USGS-09106485,2026-08-01 01:00:00+00:00,8.649999999999999,28.35,1355.0,299.0
USGS-09106485,2026-08-01 02:00:00+00:00,7.35,27.9,1375.0,290.0
USGS-09106485,2026-08-01 03:00:00+00:00,6.5,27.35,1390.0,288.0
USGS-09106485,2026-08-01 04:00:00+00:00,6.0,26.85,1400.0,292.0
USGS-09106485,2026-08-01 05:00:00+00:00,5.7,26.35,1405.0,297.5
USGS-09106485,2026-08-01 06:00:00+00:00,5.6,26.05,1405.0,305.0
USGS-09106485,2026-08-01 07:00:00+00:00,5.5,25.65,1410.0,311.0
USGS-09106485,2026-08-01 08:00:00+00:00,5.4,25.25,1410.0,317.0
USGS-09106485,2026-08-01 09:00:00+00:00,5.35,24.9,1410.0,323.0
USGS-09106485,2026-08-01 10:00:00+00:00,5.3,24.35,1410.0,321.0
USGS-09106485,2026-08-01 11:00:00+00:00,5.3,24.0,1405.0,319.0
USGS-09106485,2026-08-01 12:00:00+00:00,5.4,23.5,1400.0,315.0
USGS-09106485,2026-08-01 13:00:00+00:00,5.6,23.15,1400.0,311.0
USGS-09106485,2026-08-01 14:00:00+00:00,6.449999999999999,23.15,1400.0,311.0
USGS-09106485,2026-08-01 15:00:00+00:00,7.6,23.5,1400.0,309.0
USGS-09106485,2026-08-01 16:00:00+00:00,8.85,24.25,1400.0,307.0
USGS-09106485,2026-08-01 17:00:00+00:00,9.75,25.200000000000003,1405.0,307.0
USGS-09106485,2026-08-01 18:00:00+00:00,10.55,26.200000000000003,1400.0,311.0
USGS-09106485,2026-08-01 19:00:00+00:00,11.1,27.15,1400.0,315.0
USGS-09106485,2026-08-01 20:00:00+00:00,11.35,27.95,1400.0,319.0
USGS-09106485,2026-08-01 21:00:00+00:00,11.45,28.35,1395.0,327.0
USGS-09106485,2026-08-01 22:00:00+00:00,11.25,28.65,1390.0,360.0
USGS-09106485,2026-08-01 23:00:00+00:00,9.3,28.799999999999997,1455.0,813.0
USGS-09106485,2026-08-02 00:00:00+00:00,7.449999999999999,28.5,1440.0,892.5
USGS-09106485,2026-08-02 01:00:00+00:00,6.449999999999999,28.45,1345.0,825.0
USGS-09106485,2026-08-02 02:00:00+00:00,5.85,28.0,1280.0,747.5
USGS-09106485,2026-08-02 03:00:00+00:00,5.55,27.35,1260.0,677.5
USGS-09106485,2026-08-02 04:00:00+00:00,5.4,26.700000000000003,1250.0,628.0
USGS-09106485,2026-08-02 05:00:00+00:00,5.4,26.05,1245.0,586.0
USGS-09106485,2026-08-02 06:00:00+00:00,5.4,25.5,1250.0,547.5
USGS-09106485,2026-08-02 07:00:00+00:00,5.4,24.95,1260.0,510.0
USGS-09106485,2026-08-02 08:00:00+00:00,5.4,24.45,1260.0,479.0
USGS-09106485,2026-08-02 09:00:00+00:00,5.5,23.95,1270.0,462.5
USGS-09106485,2026-08-02 10:00:00+00:00,5.5,23.55,1280.0,446.5
USGS-09106485,2026-08-02 11:00:00+00:00,5.6,23.0,1290.0,441.5
USGS-09106485,2026-08-02 12:00:00+00:00,5.7,22.5,1295.0,429.0
USGS-09106485,2026-08-02 13:00:00+00:00,5.95,21.9,1305.0,414.0
USGS-09106485,2026-08-02 14:00:00+00:00,6.6,21.95,1310.0,401.5
USGS-09106485,2026-08-02 15:00:00+00:00,7.75,22.6,1320.0,392.0
USGS-09106485,2026-08-02 16:00:00+00:00,8.85,23.450000000000003,1320.0,378.0
USGS-09106485,2026-08-02 17:00:00+00:00,9.8,24.6,1325.0,366.0
USGS-09106485,2026-08-02 18:00:00+00:00,10.5,25.5,1320.0,360.0
USGS-09106485,2026-08-02 19:00:00+00:00,11.0,26.299999999999997,1320.0,346.5
USGS-09106485,2026-08-02 20:00:00+00:00,11.0,26.7,1330.0,336.0
USGS-09106485,2026-08-02 21:00:00+00:00,11.3,27.4,1330.0,323.0
USGS-09106485,2026-08-02 22:00:00+00:00,11.2,28.1,1330.0,309.0
USGS-09106485,2026-08-02 23:00:00+00:00,10.55,28.15,1340.0,303.0
USGS-09106485,2026-08-03 00:00:00+00:00,10.1,28.200000000000003,1350.0,296.0
USGS-09106485,2026-08-03 01:00:00+00:00,9.0,27.799999999999997,1360.0,290.0
USGS-09106485,2026-08-03 02:00:00+00:00,7.4,27.25,1365.0,284.0
USGS-09106485,2026-08-03 03:00:00+00:00,6.5,26.75,1370.0,280.0
USGS-09106485,2026-08-03 04:00:00+00:00,6.0,26.35,1380.0,277.0
USGS-09106485,2026-08-03 05:00:00+00:00,5.6,25.85,1390.0,277.0
USGS-09106485,2026-08-03 06:00:00+00:00,5.45,25.45,1390.0,277.0
USGS-09106485,2026-08-03 07:00:00+00:00,5.3,25.15,1400.0,277.0
USGS-09106485,2026-08-03 08:00:00+00:00,5.25,24.95,1400.0,275.0
USGS-09106485,2026-08-03 09:00:00+00:00,5.2,24.55,1395.0,273.0
USGS-09106485,2026-08-03 10:00:00+00:00,5.2,24.25,1400.0,270.0
USGS-09106485,2026-08-03 11:00:00+00:00,5.2,23.85,1395.0,266.0
USGS-09106485,2026-08-03 12:00:00+00:00,5.2,23.45,1400.0,266.0
USGS-09106485,2026-08-03 13:00:00+00:00,5.5,23.1,1390.0,269.5
USGS-09106485,2026-08-03 14:00:00+00:00,6.3,23.05,1390.0,275.0
USGS-09106485,2026-08-03 15:00:00+00:00,8.0,23.700000000000003,1395.0,264.0
USGS-09106485,2026-08-03 16:00:00+00:00,9.8,24.75,1400.0,259.0
USGS-09106485,2026-08-03 17:00:00+00:00,11.05,25.85,1405.0,269.5
USGS-09106485,2026-08-03 18:00:00+00:00,12.0,26.95,1400.0,286.0
USGS-09106485,2026-08-03 19:00:00+00:00,12.55,27.799999999999997,1400.0,242.0
USGS-09106485,2026-08-03 20:00:00+00:00,12.65,28.65,1400.0,239.0
USGS-09106485,2026-08-03 21:00:00+00:00,12.85,29.3,1400.0,235.0
USGS-09106485,2026-08-03 22:00:00+00:00,12.5,29.4,1395.0,233.5
USGS-09106485,2026-08-03 23:00:00+00:00,11.65,29.0,1390.0,230.5
USGS-09106485,2026-08-04 00:00:00+00:00,10.75,28.5,1380.0,226.0
USGS-09106485,2026-08-04 01:00:00+00:00,9.2,27.75,1370.0,220.0
USGS-09106485,2026-08-04 02:00:00+00:00,7.550000000000001,27.15,1370.0,214.0
USGS-09106485,2026-08-04 03:00:00+00:00,6.45,26.65,1380.0,208.0
USGS-09106485,2026-08-04 04:00:00+00:00,5.75,26.1,1390.0,211.0
USGS-09106485,2026-08-04 05:00:00+00:00,5.45,25.5,1400.0,206.5
USGS-09106485,2026-08-04 06:00:00+00:00,5.25,24.95,1410.0,196.0
USGS-09106485,2026-08-04 07:00:00+00:00,5.1,24.55,1420.0,190.0
USGS-09106485,2026-08-04 08:00:00+00:00,5.05,24.05,1435.0,188.0
USGS-09106485,2026-08-04 09:00:00+00:00,5.0,23.65,1440.0,190.5
USGS-09106485,2026-08-04 10:00:00+00:00,5.1,23.25,1450.0,194.5
USGS-09106485,2026-08-04 11:00:00+00:00,5.05,23.0,1460.0,194.5
USGS-09106485,2026-08-04 12:00:00+00:00,5.1,22.65,1470.0,196.0
USGS-09106485,2026-08-04 13:00:00+00:00,5.300000000000001,22.45,1475.0,196.0
USGS-09106485,2026-08-04 14:00:00+00:00,6.4,22.5,1475.0,196.0
USGS-09106485,2026-08-04 15:00:00+00:00,7.85,22.950000000000003,1480.0,193.0
USGS-09106485,2026-08-04 16:00:00+00:00,9.95,24.049999999999997,1495.0,193.0
USGS-09106485,2026-08-04 17:00:00+00:00,11.65,25.35,1520.0,190.0
USGS-09106485,2026-08-04 18:00:00+00:00,12.65,26.75,1530.0,190.0
USGS-09106485,2026-08-04 19:00:00+00:00,13.4,27.95,1520.0,188.0
USGS-09106485,2026-08-04 20:00:00+00:00,13.55,28.950000000000003,1515.0,188.0
USGS-09106485,2026-08-04 21:00:00+00:00,13.6,29.35,1525.0,191.5
USGS-09106485,2026-08-04 22:00:00+00:00,13.0,29.15,1520.0,196.0
USGS-09106485,2026-08-04 23:00:00+00:00,12.35,28.65,1545.0,196.0
USGS-09106485,2026-08-05 00:00:00+00:00,11.25,27.65,1535.0,191.5
USGS-09106485,2026-08-05 01:00:00+00:00,9.55,26.5,1515.0,185.0
USGS-09106485,2026-08-05 02:00:00+00:00,7.8,25.85,1515.0,181.0
USGS-09106485,2026-08-05 03:00:00+00:00,6.5,25.5,1520.0,175.5
USGS-09106485,2026-08-05 04:00:00+00:00,5.75,24.9,1540.0,172.0
USGS-09106485,2026-08-05 05:00:00+00:00,5.4,24.25,1550.0,170.5
USGS-09106485,2026-08-05 06:00:00+00:00,5.15,23.85,1555.0,169.0
USGS-09106485,2026-08-05 07:00:00+00:00,5.05,23.35,1560.0,167.0
USGS-09106485,2026-08-05 08:00:00+00:00,5.05,22.85,1560.0,164.0
USGS-09106485,2026-08-05 09:00:00+00:00,5.05,22.45,1565.0,164.0
USGS-09106485,2026-08-05 10:00:00+00:00,5.0,22.05,1580.0,164.0
USGS-09106485,2026-08-05 11:00:00+00:00,5.1,21.65,1580.0,164.0
USGS-09106485,2026-08-05 12:00:00+00:00,5.15,21.25,1580.0,167.0
USGS-09106485,2026-08-05 13:00:00+00:00,5.5,21.0,1580.0,167.0
USGS-09106485,2026-08-05 14:00:00+00:00,6.75,21.1,1580.0,164.0
USGS-09106485,2026-08-05 15:00:00+00:00,8.75,21.950000000000003,1595.0,163.0
USGS-09106485,2026-08-05 16:00:00+00:00,10.9,23.2,1610.0,162.0
USGS-09106485,2026-08-05 17:00:00+00:00,13.0,24.9,1640.0,159.0
USGS-09106485,2026-08-05 18:00:00+00:00,14.2,26.700000000000003,1670.0,156.0
USGS-09106485,2026-08-05 19:00:00+00:00,14.25,27.65,1635.0,151.0
USGS-09106485,2026-08-05 20:00:00+00:00,14.45,28.65,1630.0,150.0
USGS-09106485,2026-08-05 21:00:00+00:00,14.75,29.1,1635.0,150.0
USGS-09106485,2026-08-05 22:00:00+00:00,14.4,29.200000000000003,1635.0,150.0
USGS-09106485,2026-08-05 23:00:00+00:00,13.95,28.9,1645.0,149.0
USGS-09106485,2026-08-06 00:00:00+00:00,12.7,28.4,1665.0,150.0
USGS-09106485,2026-08-06 01:00:00+00:00,11.0,27.8,1695.0,150.0
USGS-09106485,2026-08-06 02:00:00+00:00,8.7,26.7,1690.0,153.5
USGS-09106485,2026-08-06 03:00:00+00:00,6.5,25.799999999999997,1640.0,165.5
USGS-09106485,2026-08-06 04:00:00+00:00,5.699999999999999,25.05,1640.0,183.5
USGS-09106485,2026-08-06 05:00:00+00:00,5.5,24.5,1640.0,189.0
USGS-09106485,2026-08-06 06:00:00+00:00,5.35,23.95,1650.0,190.0
USGS-09106485,2026-08-06 07:00:00+00:00,5.3,23.45,1650.0,190.0
USGS-09106485,2026-08-06 08:00:00+00:00,5.2,23.05,1655.0,193.0
USGS-09106485,2026-08-06 09:00:00+00:00,5.2,22.65,1665.0,193.0
USGS-09106485,2026-08-06 10:00:00+00:00,5.2,22.35,1660.0,196.0
USGS-09106485,2026-08-06 11:00:00+00:00,5.2,22.0,1655.0,196.0
USGS-09106485,2026-08-06 12:00:00+00:00,5.2,21.6,1645.0,199.0
USGS-09106485,2026-08-06 13:00:00+00:00,5.55,21.3,1640.0,199.0
USGS-09106485,2026-08-06 14:00:00+00:00,6.550000000000001,21.4,1635.0,200.5
USGS-09106485,2026-08-06 15:00:00+00:00,8.25,22.1,1635.0,199.0
USGS-09106485,2026-08-06 16:00:00+00:00,10.1,23.25,1635.0,199.0
USGS-09106485,2026-08-06 17:00:00+00:00,11.5,24.6,1640.0,199.0
USGS-09106485,2026-08-06 18:00:00+00:00,12.4,26.1,1650.0,199.0
USGS-09106485,2026-08-06 19:00:00+00:00,12.9,27.200000000000003,1640.0,200.5
USGS-09106485,2026-08-06 20:00:00+00:00,13.3,27.9,1650.0,199.0
USGS-09106485,2026-08-06 21:00:00+00:00,13.4,28.3,1635.0,197.5
USGS-09106485,2026-08-06 22:00:00+00:00,13.3,28.45,1640.0,190.0
USGS-09106485,2026-08-06 23:00:00+00:00,12.7,28.200000000000003,1665.0,181.0
USGS-09106485,2026-08-07 00:00:00+00:00,11.8,27.4,1640.0,175.5
USGS-09106485,2026-08-07 01:00:00+00:00,10.25,26.75,1600.0,174.0
USGS-09106485,2026-08-07 02:00:00+00:00,8.25,26.0,1600.0,181.0
USGS-09106485,2026-08-07 03:00:00+00:00,6.9,25.4,1595.0,188.0
USGS-09106485,2026-08-07 04:00:00+00:00,6.15,24.700000000000003,1590.0,190.0
USGS-09106485,2026-08-07 05:00:00+00:00,5.8,24.15,1585.0,191.5
USGS-09106485,2026-08-07 06:00:00+00:00,5.6,23.65,1590.0,193.0
USGS-09106485,2026-08-07 07:00:00+00:00,5.4,23.15,1595.0,190.0
USGS-09106485,2026-08-07 08:00:00+00:00,5.4,22.8,1600.0,190.0
USGS-09106485,2026-08-07 09:00:00+00:00,5.3,22.35,1600.0,191.5
USGS-09106485,2026-08-07 10:00:00+00:00,5.3,22.0,1600.0,193.0
USGS-09106485,2026-08-07 11:00:00+00:00,5.25,21.6,1595.0,193.0
USGS-09106485,2026-08-07 12:00:00+00:00,5.3,21.25,1590.0,193.0
USGS-09106485,2026-08-07 13:00:00+00:00,5.6,20.9,1590.0,191.5
USGS-09106485,2026-08-07 14:00:00+00:00,6.7,20.75,1580.0,189.0
USGS-09106485,2026-08-07 15:00:00+00:00,8.55,21.35,1570.0,186.5
USGS-09106485,2026-08-07 16:00:00+00:00,10.3,22.450000000000003,1570.0,183.5
USGS-09106485,2026-08-07 17:00:00+00:00,11.95,23.85,1585.0,183.5
USGS-09106485,2026-08-07 18:00:00+00:00,13.05,25.4,1600.0,190.0
USGS-09106485,2026-08-07 19:00:00+00:00,13.4,26.7,1600.0,193.0
USGS-09106485,2026-08-07 20:00:00+00:00,13.5,27.799999999999997,1595.0,193.0
USGS-09106485,2026-08-07 21:00:00+00:00,13.5,28.299999999999997,1585.0,194.5
USGS-09106485,2026-08-07 22:00:00+00:00,13.25,28.6,1580.0,196.0
USGS-09106485,2026-08-07 23:00:00+00:00,12.7,28.4,1575.0,196.0
USGS-09106485,2026-08-08 00:00:00+00:00,11.75,27.9,1555.0,212.5
USGS-09106485,2026-08-08 01:00:00+00:00,10.2,27.200000000000003,1535.0,206.5
USGS-09106485,2026-08-08 02:00:00+00:00,8.3,26.35,1540.0,203.5
USGS-09106485,2026-08-08 03:00:00+00:00,7.0,25.6,1530.0,199.0
USGS-09106485,2026-08-08 04:00:00+00:00,6.25,24.95,1535.0,199.0
USGS-09106485,2026-08-08 05:00:00+00:00,5.85,24.35,1530.0,199.0
USGS-09106485,2026-08-08 06:00:00+00:00,5.6,23.85,1530.0,196.0
USGS-09106485,2026-08-08 07:00:00+00:00,5.4,23.35,1535.0,196.0
USGS-09106485,2026-08-08 08:00:00+00:00,5.4,22.95,1530.0,196.0
USGS-09106485,2026-08-08 09:00:00+00:00,5.3,22.55,1530.0,193.0
USGS-09106485,2026-08-08 10:00:00+00:00,5.3,22.200000000000003,1535.0,193.0
USGS-09106485,2026-08-08 11:00:00+00:00,5.2,21.85,1535.0,193.0
USGS-09106485,2026-08-08 12:00:00+00:00,5.25,21.45,1530.0,190.0
USGS-09106485,2026-08-08 13:00:00+00:00,5.65,21.15,1525.0,190.0
USGS-09106485,2026-08-08 14:00:00+00:00,6.75,21.05,1520.0,190.0
USGS-09106485,2026-08-08 15:00:00+00:00,8.5,21.799999999999997,1525.0,190.0
USGS-09106485,2026-08-08 16:00:00+00:00,10.3,22.85,1525.0,188.0
USGS-09106485,2026-08-08 17:00:00+00:00,12.0,24.35,1535.0,178.5
USGS-09106485,2026-08-08 18:00:00+00:00,13.15,25.75,1555.0,174.0
USGS-09106485,2026-08-08 19:00:00+00:00,13.55,26.299999999999997,1545.0,180.0
USGS-09106485,2026-08-08 20:00:00+00:00,14.1,27.049999999999997,1550.0,186.5
USGS-09106485,2026-08-08 21:00:00+00:00,14.25,27.75,1540.0,191.5
USGS-09106485,2026-08-08 22:00:00+00:00,13.7,27.8,1535.0,202.0
USGS-09106485,2026-08-08 23:00:00+00:00,12.75,27.75,1530.0,202.0
USGS-09106485,2026-08-09 00:00:00+00:00,11.9,27.45,1515.0,199.0
USGS-09106485,2026-08-09 01:00:00+00:00,10.35,26.700000000000003,1510.0,196.0
USGS-09106485,2026-08-09 02:00:00+00:00,8.5,26.1,1510.0,196.0
USGS-09106485,2026-08-09 03:00:00+00:00,7.1,25.45,1500.0,199.0
USGS-09106485,2026-08-09 04:00:00+00:00,6.35,25.05,1490.0,203.5
USGS-09106485,2026-08-09 05:00:00+00:00,5.95,24.65,1480.0,208.0
USGS-09106485,2026-08-09 06:00:00+00:00,5.7,24.25,1475.0,211.0
USGS-09106485,2026-08-09 07:00:00+00:00,5.4,23.75,1480.0,211.0
USGS-09106485,2026-08-09 08:00:00+00:00,5.3,23.35,1490.0,214.0
USGS-09106485,2026-08-09 09:00:00+00:00,5.25,22.95,1490.0,215.5
USGS-09106485,2026-08-09 10:00:00+00:00,5.2,22.65,1490.0,217.0
USGS-09106485,2026-08-09 11:00:00+00:00,5.2,22.2,1490.0,220.0
USGS-09106485,2026-08-09 12:00:00+00:00,5.25,21.85,1485.0,224.5
USGS-09106485,2026-08-09 13:00:00+00:00,5.55,21.6,1480.0,233.5
USGS-09106485,2026-08-09 14:00:00+00:00,6.449999999999999,21.5,1480.0,240.5
USGS-09106485,2026-08-09 15:00:00+00:00,7.949999999999999,21.9,1475.0,242.0
USGS-09106485,2026-08-09 16:00:00+00:00,9.5,22.700000000000003,1475.0,242.0
USGS-09106485,2026-08-09 17:00:00+00:00,10.35,23.25,1480.0,239.0
USGS-09106485,2026-08-09 18:00:00+00:00,10.5,23.4,1475.0,239.0
USGS-09106485,2026-08-09 19:00:00+00:00,11.65,24.5,1475.0,235.0
USGS-09106485,2026-08-09 20:00:00+00:00,11.9,25.0,1470.0,227.5
USGS-09106485,2026-08-09 21:00:00+00:00,12.45,25.9,1480.0,218.5
USGS-09106485,2026-08-09 22:00:00+00:00,12.7,26.45,1470.0,214.0
USGS-09106485,2026-08-09 23:00:00+00:00,12.6,26.799999999999997,1480.0,214.0
USGS-09106485,2026-08-10 00:00:00+00:00,11.8,26.450000000000003,1470.0,215.5
USGS-09106485,2026-08-10 01:00:00+00:00,10.1,25.85,1460.0,217.0
USGS-09106485,2026-08-10 02:00:00+00:00,8.399999999999999,25.55,1470.0,217.0
USGS-09106485,2026-08-10 03:00:00+00:00,7.15,25.15,1470.0,215.5
USGS-09106485,2026-08-10 04:00:00+00:00,6.45,24.8,1475.0,214.0
USGS-09106485,2026-08-10 05:00:00+00:00,6.0,24.35,1485.0,211.0
USGS-09106485,2026-08-10 06:00:00+00:00,5.699999999999999,23.9,1490.0,208.0
USGS-09106485,2026-08-10 07:00:00+00:00,5.4,23.75,1490.0,208.0
USGS-09106485,2026-08-10 08:00:00+00:00,5.3,23.55,1500.0,211.0
USGS-09106485,2026-08-10 09:00:00+00:00,5.25,23.35,1505.0,211.0
USGS-09106485,2026-08-10 10:00:00+00:00,5.2,23.05,1510.0,211.0
USGS-09106485,2026-08-10 11:00:00+00:00,5.1,22.8,1510.0,211.0
USGS-09106485,2026-08-10 12:00:00+00:00,5.1,22.55,1510.0,211.0
USGS-09106485,2026-08-10 13:00:00+00:00,5.35,22.25,1510.0,211.0
USGS-09106485,2026-08-10 14:00:00+00:00,6.4,22.35,1510.0,211.0
USGS-09106485,2026-08-10 15:00:00+00:00,8.2,23.0,1505.0,211.0
USGS-09106485,2026-08-10 16:00:00+00:00,10.25,24.1,1520.0,211.0
USGS-09106485,2026-08-10 17:00:00+00:00,11.85,25.200000000000003,1525.0,208.0
USGS-09106485,2026-08-10 18:00:00+00:00,13.05,26.35,1525.0,208.0
USGS-09106485,2026-08-10 19:00:00+00:00,13.95,27.4,1520.0,208.0
USGS-09106485,2026-08-10 20:00:00+00:00,14.45,28.200000000000003,1530.0,208.0
USGS-09106485,2026-08-10 21:00:00+00:00,14.5,28.85,1525.0,208.0
USGS-09106485,2026-08-10 22:00:00+00:00,14.05,29.0,1510.0,211.0
USGS-09106485,2026-08-10 23:00:00+00:00,13.5,28.8,1495.0,211.0
USGS-09106485,2026-08-11 00:00:00+00:00,12.0,28.0,1500.0,208.0
USGS-09106485,2026-08-11 01:00:00+00:00,9.8,26.9,1480.0,205.0
USGS-09106485,2026-08-11 02:00:00+00:00,7.949999999999999,26.0,1485.0,200.5
USGS-09106485,2026-08-11 03:00:00+00:00,6.75,25.4,1480.0,197.5
USGS-09106485,2026-08-11 04:00:00+00:00,6.05,24.85,1480.0,196.0
USGS-09106485,2026-08-11 05:00:00+00:00,5.6,24.7,1480.0,197.5
USGS-09106485,2026-08-11 06:00:00+00:00,5.3,24.55,1480.0,199.0
USGS-09106485,2026-08-11 07:00:00+00:00,5.15,24.25,1480.0,199.0
USGS-09106485,2026-08-11 08:00:00+00:00,5.0,23.95,1480.0,202.0
USGS-09106485,2026-08-11 09:00:00+00:00,5.0,23.75,1485.0,203.5
USGS-09106485,2026-08-11 10:00:00+00:00,4.9,23.55,1480.0,205.0
USGS-09106485,2026-08-11 11:00:00+00:00,4.9,23.25,1480.0,205.0
USGS-09106485,2026-08-11 12:00:00+00:00,4.9,22.95,1480.0,205.0
USGS-09106485,2026-08-11 13:00:00+00:00,5.2,22.7,1480.0,208.0
USGS-09106485,2026-08-11 14:00:00+00:00,6.3,22.85,1480.0,208.0
USGS-09106485,2026-08-11 15:00:00+00:00,8.35,23.6,1480.0,211.0
USGS-09106485,2026-08-11 16:00:00+00:00,10.1,24.5,1485.0,211.0
USGS-09106485,2026-08-11 17:00:00+00:00,11.75,25.75,1490.0,211.0
USGS-09106485,2026-08-11 18:00:00+00:00,13.05,27.0,1495.0,208.0
USGS-09106485,2026-08-11 19:00:00+00:00,14.0,27.9,1500.0,208.0
USGS-09106485,2026-08-11 20:00:00+00:00,14.2,28.65,1500.0,208.0
USGS-09106485,2026-08-11 21:00:00+00:00,14.1,28.75,1470.0,208.0
USGS-09106485,2026-08-11 22:00:00+00:00,13.7,28.9,1465.0,208.0
USGS-09106485,2026-08-11 23:00:00+00:00,12.8,28.6,1470.0,211.0
USGS-09106485,2026-08-12 00:00:00+00:00,11.8,28.2,1470.0,214.0
USGS-09106485,2026-08-12 01:00:00+00:00,10.15,27.6,1480.0,214.0
USGS-09106485,2026-08-12 02:00:00+00:00,8.399999999999999,26.95,1490.0,214.0
USGS-09106485,2026-08-12 03:00:00+00:00,7.050000000000001,26.55,1490.0,217.0
USGS-09106485,2026-08-12 04:00:00+00:00,6.25,26.05,1490.0,217.0
USGS-09106485,2026-08-12 05:00:00+00:00,5.85,25.65,1490.0,214.0
USGS-09106485,2026-08-12 06:00:00+00:00,5.5,25.25,1495.0,214.0
USGS-09106485,2026-08-12 07:00:00+00:00,5.25,24.95,1500.0,214.0
USGS-09106485,2026-08-12 08:00:00+00:00,5.1,24.55,1500.0,214.0
USGS-09106485,2026-08-12 09:00:00+00:00,5.0,24.25,1510.0,214.0
USGS-09106485,2026-08-12 10:00:00+00:00,4.9,23.95,1510.0,211.0
USGS-09106485,2026-08-12 11:00:00+00:00,4.9,23.7,1510.0,206.5
USGS-09106485,2026-08-12 12:00:00+00:00,4.8,23.45,1510.0,203.5
USGS-09106485,2026-08-12 13:00:00+00:00,5.1,23.25,1510.0,202.0
USGS-09106485,2026-08-12 14:00:00+00:00,6.15,23.35,1510.0,202.0
USGS-09106485,2026-08-12 15:00:00+00:00,7.050000000000001,23.45,1510.0,202.0
USGS-09106485,2026-08-12 16:00:00+00:00,8.8,23.95,1510.0,206.5
USGS-09106485,2026-08-12 17:00:00+00:00,10.0,24.4,1510.0,215.5
USGS-09106485,2026-08-12 18:00:00+00:00,10.3,24.2,1510.0,220.0
USGS-09106485,2026-08-12 19:00:00+00:00,10.95,24.3,1520.0,215.5
USGS-09106485,2026-08-12 20:00:00+00:00,11.25,24.45,1520.0,211.0
USGS-09106485,2026-08-12 21:00:00+00:00,11.55,25.0,1520.0,208.0
USGS-09106485,2026-08-12 22:00:00+00:00,12.5,26.1,1520.0,208.0
USGS-09106485,2026-08-12 23:00:00+00:00,11.2,25.75,1520.0,205.0
USGS-09106485,2026-08-13 00:00:00+00:00,11.05,25.6,1520.0,203.5
USGS-09106485,2026-08-13 01:00:00+00:00,9.4,25.15,1520.0,202.0
USGS-09106485,2026-08-13 02:00:00+00:00,8.05,24.700000000000003,1520.0,202.0
USGS-09106485,2026-08-13 03:00:00+00:00,7.0,23.95,1540.0,205.0
USGS-09106485,2026-08-13 04:00:00+00:00,6.35,23.7,1530.0,206.5
USGS-09106485,2026-08-13 05:00:00+00:00,6.05,23.35,1535.0,211.0
USGS-09106485,2026-08-13 06:00:00+00:00,5.8,23.1,1540.0,215.5
USGS-09106485,2026-08-13 07:00:00+00:00,5.6,22.95,1535.0,221.5
USGS-09106485,2026-08-13 08:00:00+00:00,5.45,22.75,1540.0,226.0
USGS-09106485,2026-08-13 09:00:00+00:00,5.35,22.6,1540.0,229.0
USGS-09106485,2026-08-13 10:00:00+00:00,5.25,22.45,1540.0,232.0
USGS-09106485,2026-08-13 11:00:00+00:00,5.15,22.3,1530.0,232.0
USGS-09106485,2026-08-13 12:00:00+00:00,5.1,22.05,1530.0,232.0
USGS-09106485,2026-08-13 13:00:00+00:00,5.15,21.85,1520.0,229.0
USGS-09106485,2026-08-13 14:00:00+00:00,5.9,21.85,1520.0,229.0
USGS-09106485,2026-08-13 15:00:00+00:00,7.25,22.15,1520.0,226.0
USGS-09106485,2026-08-13 16:00:00+00:00,9.25,23.1,1510.0,226.0
USGS-09106485,2026-08-13 17:00:00+00:00,10.15,23.45,1505.0,226.0
USGS-09106485,2026-08-13 18:00:00+00:00,10.2,23.35,1510.0,229.0
USGS-09106485,2026-08-13 19:00:00+00:00,9.6,23.2,1510.0,229.0
USGS-09106485,2026-08-13 20:00:00+00:00,10.45,23.75,1510.0,232.0
USGS-09106485,2026-08-13 21:00:00+00:00,10.5,23.85,1505.0,232.0
USGS-09106485,2026-08-13 22:00:00+00:00,10.7,24.2,1500.0,232.0
USGS-09106485,2026-08-13 23:00:00+00:00,10.35,24.3,1500.0,232.0
USGS-09106485,2026-08-14 00:00:00+00:00,9.75,24.25,1490.0,232.0
USGS-09106485,2026-08-14 01:00:00+00:00,8.899999999999999,24.05,1490.0,235.0
USGS-09106485,2026-08-14 02:00:00+00:00,7.85,23.700000000000003,1490.0,247.0
USGS-09106485,2026-08-14 03:00:00+00:00,6.95,23.15,1500.0,252.0
USGS-09106485,2026-08-14 04:00:00+00:00,6.45,22.95,1490.0,259.0
USGS-09106485,2026-08-14 05:00:00+00:00,6.15,22.7,1490.0,257.0
USGS-09106485,2026-08-14 06:00:00+00:00,5.9,22.55,1490.0,253.5
USGS-09106485,2026-08-14 07:00:00+00:00,5.8,22.4,1485.0,255.0
USGS-09106485,2026-08-14 08:00:00+00:00,5.6,22.3,1485.0,255.0
USGS-09106485,2026-08-14 09:00:00+00:00,5.6,22.2,1480.0,255.0
USGS-09106485,2026-08-14 10:00:00+00:00,5.5,22.0,1480.0,255.0
USGS-09106485,2026-08-14 11:00:00+00:00,5.5,21.85,1470.0,257.0
USGS-09106485,2026-08-14 12:00:00+00:00,5.5,21.6,1470.0,259.0
USGS-09106485,2026-08-14 13:00:00+00:00,5.699999999999999,21.5,1465.0,262.0
USGS-09106485,2026-08-14 14:00:00+00:00,6.449999999999999,21.55,1460.0,266.0
USGS-09106485,2026-08-14 15:00:00+00:00,7.8,22.0,1460.0,266.0
USGS-09106485,2026-08-14 16:00:00+00:00,9.25,22.75,1450.0,266.0
USGS-09106485,2026-08-14 17:00:00+00:00,10.65,23.75,1445.0,262.0
USGS-09106485,2026-08-14 18:00:00+00:00,11.7,24.549999999999997,1440.0,264.0
USGS-09106485,2026-08-14 19:00:00+00:00,12.55,25.35,1435.0,266.0
USGS-09106485,2026-08-14 20:00:00+00:00,12.8,26.05,1430.0,270.0
USGS-09106485,2026-08-14 21:00:00+00:00,12.4,26.05,1430.0,275.0
USGS-09106485,2026-08-14 22:00:00+00:00,11.35,25.55,1425.0,278.5
USGS-09106485,2026-08-14 23:00:00+00:00,10.15,25.15,1420.0,277.0
USGS-09106485,2026-08-15 00:00:00+00:00,9.25,24.85,1420.0,271.5
USGS-09106485,2026-08-15 01:00:00+00:00,8.3,24.45,1420.0,264.0
USGS-09106485,2026-08-15 02:00:00+00:00,7.5,24.05,1420.0,262.0
USGS-09106485,2026-08-15 03:00:00+00:00,6.699999999999999,23.7,1420.0,264.0
USGS-09106485,2026-08-15 04:00:00+00:00,6.25,23.5,1420.0,262.0
USGS-09106485,2026-08-15 05:00:00+00:00,5.95,23.35,1420.0,262.0
USGS-09106485,2026-08-15 06:00:00+00:00,5.75,23.15,1430.0,262.0
USGS-09106485,2026-08-15 07:00:00+00:00,5.6,22.95,1430.0,262.0
USGS-09106485,2026-08-15 08:00:00+00:00,5.5,22.7,1430.0,264.0
USGS-09106485,2026-08-15 09:00:00+00:00,5.5,22.5,1430.0,262.0
USGS-09106485,2026-08-15 10:00:00+00:00,5.4,22.25,1430.0,259.0
USGS-09106485,2026-08-15 11:00:00+00:00,5.4,22.05,1430.0,255.0
USGS-09106485,2026-08-15 12:00:00+00:00,5.4,21.8,1440.0,252.0
USGS-09106485,2026-08-15 13:00:00+00:00,5.65,21.6,1440.0,249.0
USGS-09106485,2026-08-15 14:00:00+00:00,6.65,21.75,1440.0,247.0
USGS-09106485,2026-08-15 15:00:00+00:00,8.100000000000001,22.299999999999997,1440.0,245.0
USGS-09106485,2026-08-15 16:00:00+00:00,9.7,23.1,1440.0,245.0
USGS-09106485,2026-08-15 17:00:00+00:00,11.1,24.0,1440.0,245.0
USGS-09106485,2026-08-15 18:00:00+00:00,12.35,25.049999999999997,1440.0,242.0
USGS-09106485,2026-08-15 19:00:00+00:00,12.9,26.0,1440.0,242.0
USGS-09106485,2026-08-15 20:00:00+00:00,13.35,26.85,1440.0,242.0
USGS-09106485,2026-08-15 21:00:00+00:00,13.45,27.4,1435.0,239.0
USGS-09106485,2026-08-15 22:00:00+00:00,12.5,27.4,1435.0,235.0
USGS-09106485,2026-08-15 23:00:00+00:00,11.8,27.2,1430.0,235.0
USGS-09106485,2026-08-16 00:00:00+00:00,11.15,27.05,1430.0,235.0
USGS-09106485,2026-08-16 01:00:00+00:00,9.9,26.45,1435.0,232.0
USGS-09106485,2026-08-16 02:00:00+00:00,8.25,25.9,1440.0,232.0
USGS-09106485,2026-08-16 03:00:00+00:00,7.050000000000001,25.35,1445.0,229.0
USGS-09106485,2026-08-16 04:00:00+00:00,6.35,24.85,1450.0,229.0
USGS-09106485,2026-08-16 05:00:00+00:00,5.95,24.35,1460.0,230.5
USGS-09106485,2026-08-16 06:00:00+00:00,5.65,23.85,1460.0,232.0
USGS-09106485,2026-08-16 07:00:00+00:00,5.5,23.45,1460.0,237.0
USGS-09106485,2026-08-16 08:00:00+00:00,5.4,23.1,1460.0,245.0
USGS-09106485,2026-08-16 09:00:00+00:00,5.4,22.75,1460.0,252.0
USGS-09106485,2026-08-16 10:00:00+00:00,5.4,22.35,1470.0,255.0
USGS-09106485,2026-08-16 11:00:00+00:00,5.3,22.05,1465.0,255.0
USGS-09106485,2026-08-16 12:00:00+00:00,5.4,21.700000000000003,1460.0,255.0
USGS-09106485,2026-08-16 13:00:00+00:00,5.55,21.35,1460.0,253.5
USGS-09106485,2026-08-16 14:00:00+00:00,6.5,21.15,1460.0,249.0
USGS-09106485,2026-08-16 15:00:00+00:00,8.2,21.55,1460.0,245.0
USGS-09106485,2026-08-16 16:00:00+00:00,9.85,22.299999999999997,1460.0,245.0
USGS-09106485,2026-08-16 17:00:00+00:00,11.3,23.25,1450.0,249.0
USGS-09106485,2026-08-16 18:00:00+00:00,12.2,24.35,1455.0,249.0
USGS-09106485,2026-08-16 19:00:00+00:00,13.15,25.4,1450.0,249.0
USGS-09106485,2026-08-16 20:00:00+00:00,13.55,26.25,1445.0,249.0
USGS-09106485,2026-08-16 21:00:00+00:00,13.65,26.95,1440.0,247.0
USGS-09106485,2026-08-16 22:00:00+00:00,13.45,27.25,1440.0,243.5
USGS-09106485,2026-08-16 23:00:00+00:00,12.9,27.25,1440.0,239.0
USGS-09106485,2026-08-17 00:00:00+00:00,11.8,26.799999999999997,1440.0,242.0
USGS-09106485,2026-08-17 01:00:00+00:00,10.25,26.15,1450.0,240.5
USGS-09106485,2026-08-17 02:00:00+00:00,8.399999999999999,25.55,1450.0,235.0
USGS-09106485,2026-08-17 03:00:00+00:00,7.1,25.05,1460.0,232.0
USGS-09106485,2026-08-17 04:00:00+00:00,6.35,24.45,1470.0,232.0
USGS-09106485,2026-08-17 05:00:00+00:00,5.95,23.95,1475.0,235.0
USGS-09106485,2026-08-17 06:00:00+00:00,5.65,23.55,1480.0,245.0
USGS-09106485,2026-08-17 07:00:00+00:00,5.5,23.15,1480.0,252.0
USGS-09106485,2026-08-17 08:00:00+00:00,5.4,22.75,1480.0,269.5
USGS-09106485,2026-08-17 09:00:00+00:00,5.35,22.45,1480.0,286.0
USGS-09106485,2026-08-17 10:00:00+00:00,5.3,22.05,1480.0,271.5
USGS-09106485,2026-08-17 11:00:00+00:00,5.3,21.75,1470.0,255.0
USGS-09106485,2026-08-17 12:00:00+00:00,5.3,21.25,1480.0,253.5
USGS-09106485,2026-08-17 13:00:00+00:00,5.55,20.95,1480.0,264.0
USGS-09106485,2026-08-17 14:00:00+00:00,6.5,20.8,1480.0,270.0
USGS-09106485,2026-08-17 15:00:00+00:00,8.100000000000001,21.15,1480.0,270.0
USGS-09106485,2026-08-17 16:00:00+00:00,9.7,21.85,1480.0,270.0
USGS-09106485,2026-08-17 17:00:00+00:00,10.85,22.75,1470.0,270.0
USGS-09106485,2026-08-17 18:00:00+00:00,11.9,23.950000000000003,1470.0,266.0
USGS-09106485,2026-08-17 19:00:00+00:00,12.65,25.1,1465.0,266.0
USGS-09106485,2026-08-17 20:00:00+00:00,13.1,26.0,1460.0,266.0
USGS-09106485,2026-08-17 21:00:00+00:00,13.3,26.6,1460.0,270.0
USGS-09106485,2026-08-17 22:00:00+00:00,13.05,27.1,1455.0,264.0
USGS-09106485,2026-08-17 23:00:00+00:00,12.5,27.1,1450.0,257.0
USGS-09106485,2026-08-18 00:00:00+00:00,11.55,26.85,1450.0,255.0
USGS-09106485,2026-08-18 01:00:00+00:00,10.0,26.35,1460.0,253.5
USGS-09106485,2026-08-18 02:00:00+00:00,8.2,25.799999999999997,1460.0,252.0
USGS-09106485,2026-08-18 03:00:00+00:00,6.949999999999999,25.25,1470.0,252.0
USGS-09106485,2026-08-18 04:00:00+00:00,6.25,24.75,1470.0,255.0
USGS-09106485,2026-08-18 05:00:00+00:00,5.8,24.25,1475.0,255.0
USGS-09106485,2026-08-18 06:00:00+00:00,5.55,23.85,1480.0,259.0
USGS-09106485,2026-08-18 07:00:00+00:00,5.4,23.55,1480.0,268.0
USGS-09106485,2026-08-18 08:00:00+00:00,5.3,23.2,1480.0,271.5
USGS-09106485,2026-08-18 09:00:00+00:00,5.25,22.85,1480.0,268.0
USGS-09106485,2026-08-18 10:00:00+00:00,5.2,22.55,1480.0,259.0
USGS-09106485,2026-08-18 11:00:00+00:00,5.2,22.15,1480.0,252.0
USGS-09106485,2026-08-18 12:00:00+00:00,5.2,21.700000000000003,1480.0,247.0
USGS-09106485,2026-08-18 13:00:00+00:00,5.45,21.25,1490.0,249.0
USGS-09106485,2026-08-18 14:00:00+00:00,6.3,21.05,1490.0,266.0
USGS-09106485,2026-08-18 15:00:00+00:00,7.9,21.25,1490.0,277.0
USGS-09106485,2026-08-18 16:00:00+00:00,9.45,21.9,1480.0,260.5
USGS-09106485,2026-08-18 17:00:00+00:00,10.7,22.950000000000003,1480.0,247.0
USGS-09106485,2026-08-18 18:00:00+00:00,11.85,24.15,1480.0,250.5
USGS-09106485,2026-08-18 19:00:00+00:00,12.3,25.1,1480.0,262.0
USGS-09106485,2026-08-18 20:00:00+00:00,12.6,25.95,1470.0,262.0
USGS-09106485,2026-08-18 21:00:00+00:00,12.6,26.35,1470.0,255.0
USGS-09106485,2026-08-18 22:00:00+00:00,12.3,26.6,1460.0,250.5
USGS-09106485,2026-08-18 23:00:00+00:00,11.8,26.6,1460.0,245.0
USGS-09106485,2026-08-19 00:00:00+00:00,10.45,26.200000000000003,1465.0,245.0
USGS-09106485,2026-08-19 01:00:00+00:00,9.15,25.85,1480.0,245.0
USGS-09106485,2026-08-19 02:00:00+00:00,7.65,25.55,1495.0,240.5
USGS-09106485,2026-08-19 03:00:00+00:00,6.65,25.15,1500.0,235.0
USGS-09106485,2026-08-19 04:00:00+00:00,6.0,24.75,1510.0,235.0
USGS-09106485,2026-08-19 05:00:00+00:00,5.6,24.45,1515.0,237.0
USGS-09106485,2026-08-19 06:00:00+00:00,5.35,24.25,1520.0,239.0
USGS-09106485,2026-08-19 07:00:00+00:00,5.2,24.05,1510.0,243.5
USGS-09106485,2026-08-19 08:00:00+00:00,5.2,23.75,1500.0,252.0
USGS-09106485,2026-08-19 09:00:00+00:00,5.1,23.45,1490.0,260.5
USGS-09106485,2026-08-19 10:00:00+00:00,5.1,23.15,1480.0,268.0
USGS-09106485,2026-08-19 11:00:00+00:00,5.1,22.85,1480.0,288.0
USGS-09106485,2026-08-19 12:00:00+00:00,5.1,22.55,1490.0,360.0
USGS-09106485,2026-08-19 13:00:00+00:00,5.2,22.1,1590.0,424.0
USGS-09106485,2026-08-19 14:00:00+00:00,5.85,22.1,1505.0,439.0
USGS-09106485,2026-08-19 15:00:00+00:00,6.9,22.55,1455.0,441.5
USGS-09106485,2026-08-19 16:00:00+00:00,7.9,23.1,1425.0,439.0
USGS-09106485,2026-08-19 17:00:00+00:00,8.9,24.0,1400.0,431.5
USGS-09106485,2026-08-19 18:00:00+00:00,9.55,24.9,1380.0,416.5
USGS-09106485,2026-08-19 19:00:00+00:00,10.2,25.700000000000003,1365.0,404.0
USGS-09106485,2026-08-19 20:00:00+00:00,10.7,26.6,1360.0,387.5
USGS-09106485,2026-08-19 21:00:00+00:00,10.95,27.200000000000003,1350.0,373.5
USGS-09106485,2026-08-19 22:00:00+00:00,10.5,27.3,1345.0,362.0
USGS-09106485,2026-08-19 23:00:00+00:00,9.75,26.95,1345.0,355.5
USGS-09106485,2026-08-20 00:00:00+00:00,8.850000000000001,26.6,1340.0,349.0
USGS-09106485,2026-08-20 01:00:00+00:00,8.15,26.45,1345.0,349.0
USGS-09106485,2026-08-20 02:00:00+00:00,7.050000000000001,26.200000000000003,1360.0,344.0
USGS-09106485,2026-08-20 03:00:00+00:00,6.199999999999999,25.85,1360.0,336.0
USGS-09106485,2026-08-20 04:00:00+00:00,5.8,25.45,1360.0,327.0
USGS-09106485,2026-08-20 05:00:00+00:00,5.55,25.2,1360.0,321.0
USGS-09106485,2026-08-20 06:00:00+00:00,5.3,24.85,1360.0,315.0
USGS-09106485,2026-08-20 07:00:00+00:00,5.3,24.55,1360.0,307.0
USGS-09106485,2026-08-20 08:00:00+00:00,5.2,24.2,1370.0,303.0
USGS-09106485,2026-08-20 09:00:00+00:00,5.2,23.75,1380.0,299.0
USGS-09106485,2026-08-20 10:00:00+00:00,5.15,23.45,1380.0,296.0
USGS-09106485,2026-08-20 11:00:00+00:00,5.15,23.05,1390.0,292.0
USGS-09106485,2026-08-20 12:00:00+00:00,5.2,22.65,1390.0,292.0
USGS-09106485,2026-08-20 13:00:00+00:00,5.4,22.2,1400.0,296.0
USGS-09106485,2026-08-20 14:00:00+00:00,6.2,22.1,1400.0,299.0
USGS-09106485,2026-08-20 15:00:00+00:00,7.7,22.55,1400.0,305.0
USGS-09106485,2026-08-20 16:00:00+00:00,8.95,23.200000000000003,1400.0,307.0
USGS-09106485,2026-08-20 17:00:00+00:00,10.1,24.1,1400.0,303.0
USGS-09106485,2026-08-20 18:00:00+00:00,11.0,25.1,1400.0,299.0
USGS-09106485,2026-08-20 19:00:00+00:00,11.65,25.9,1395.0,294.0
USGS-09106485,2026-08-20 20:00:00+00:00,11.95,26.6,1385.0,286.0
USGS-09106485,2026-08-20 21:00:00+00:00,11.7,26.65,1380.0,278.5
USGS-09106485,2026-08-20 22:00:00+00:00,11.35,26.85,1380.0,273.0
USGS-09106485,2026-08-20 23:00:00+00:00,10.45,26.799999999999997,1380.0,270.0
USGS-09106485,2026-08-21 00:00:00+00:00,9.45,26.45,1380.0,273.0
USGS-09106485,2026-08-21 01:00:00+00:00,8.35,26.0,1380.0,273.0
USGS-09106485,2026-08-21 02:00:00+00:00,7.1,25.65,1380.0,273.0
USGS-09106485,2026-08-21 03:00:00+00:00,6.35,25.35,1380.0,273.0
USGS-09106485,2026-08-21 04:00:00+00:00,5.8,24.95,1380.0,277.0
USGS-09106485,2026-08-21 05:00:00+00:00,5.55,24.55,1370.0,273.0
USGS-09106485,2026-08-21 06:00:00+00:00,5.4,24.25,1370.0,270.0
USGS-09106485,2026-08-21 07:00:00+00:00,5.3,23.85,1370.0,266.0
USGS-09106485,2026-08-21 08:00:00+00:00,5.2,23.65,1370.0,266.0
USGS-09106485,2026-08-21 09:00:00+00:00,5.2,23.3,1370.0,266.0
USGS-09106485,2026-08-21 10:00:00+00:00,5.2,23.05,1365.0,270.0
USGS-09106485,2026-08-21 11:00:00+00:00,5.2,22.75,1360.0,270.0
USGS-09106485,2026-08-21 12:00:00+00:00,5.2,22.45,1360.0,270.0
USGS-09106485,2026-08-21 13:00:00+00:00,5.45,22.2,1360.0,270.0
USGS-09106485,2026-08-21 14:00:00+00:00,6.199999999999999,22.1,1370.0,270.0
USGS-09106485,2026-08-21 15:00:00+00:00,7.45,22.4,1365.0,270.0
USGS-09106485,2026-08-21 16:00:00+00:00,8.85,23.0,1360.0,268.0
USGS-09106485,2026-08-21 17:00:00+00:00,10.15,23.9,1360.0,270.0
USGS-09106485,2026-08-21 18:00:00+00:00,11.15,24.950000000000003,1360.0,273.0
USGS-09106485,2026-08-21 19:00:00+00:00,11.9,25.950000000000003,1360.0,273.0
USGS-09106485,2026-08-21 20:00:00+00:00,12.25,26.700000000000003,1360.0,270.0
USGS-09106485,2026-08-21 21:00:00+00:00,12.4,27.45,1360.0,270.0
USGS-09106485,2026-08-21 22:00:00+00:00,12.1,27.9,1350.0,270.0
USGS-09106485,2026-08-21 23:00:00+00:00,11.55,28.1,1370.0,266.0
USGS-09106485,2026-08-22 00:00:00+00:00,10.2,27.85,1380.0,266.0
USGS-09106485,2026-08-22 01:00:00+00:00,8.25,26.45,1395.0,262.0
USGS-09106485,2026-08-22 02:00:00+00:00,7.050000000000001,26.05,1420.0,262.0
USGS-09106485,2026-08-22 03:00:00+00:00,6.300000000000001,25.85,1435.0,262.0
USGS-09106485,2026-08-22 04:00:00+00:00,5.75,25.5,1450.0,264.0
USGS-09106485,2026-08-22 05:00:00+00:00,5.45,25.05,1460.0,271.5
USGS-09106485,2026-08-22 06:00:00+00:00,5.25,24.85,1460.0,275.0
USGS-09106485,2026-08-22 07:00:00+00:00,5.1,24.65,1445.0,277.0
USGS-09106485,2026-08-22 08:00:00+00:00,5.1,24.45,1430.0,280.0
USGS-09106485,2026-08-22 09:00:00+00:00,5.0,24.15,1430.0,280.0
USGS-09106485,2026-08-22 10:00:00+00:00,5.0,23.75,1420.0,277.0
USGS-09106485,2026-08-22 11:00:00+00:00,5.1,23.35,1410.0,273.0
USGS-09106485,2026-08-22 12:00:00+00:00,5.1,23.05,1410.0,271.5
USGS-09106485,2026-08-22 13:00:00+00:00,5.25,22.85,1410.0,270.0
USGS-09106485,2026-08-22 14:00:00+00:00,5.9,22.6,1405.0,266.0
USGS-09106485,2026-08-22 15:00:00+00:00,6.95,22.6,1400.0,266.0
USGS-09106485,2026-08-22 16:00:00+00:00,7.25,22.6,1390.0,266.0
USGS-09106485,2026-08-22 17:00:00+00:00,8.75,23.3,1380.0,270.0
USGS-09106485,2026-08-22 18:00:00+00:00,9.6,23.65,1370.0,266.0
USGS-09106485,2026-08-22 19:00:00+00:00,9.4,23.7,1375.0,260.5
USGS-09106485,2026-08-22 20:00:00+00:00,10.2,24.299999999999997,1370.0,253.5
USGS-09106485,2026-08-22 21:00:00+00:00,10.35,24.55,1370.0,252.0
USGS-09106485,2026-08-22 22:00:00+00:00,10.4,24.7,1370.0,250.5
USGS-09106485,2026-08-22 23:00:00+00:00,10.6,25.2,1380.0,249.0
USGS-09106485,2026-08-23 00:00:00+00:00,9.8,25.05,1390.0,249.0
USGS-09106485,2026-08-23 01:00:00+00:00,8.2,24.549999999999997,1390.0,250.5
USGS-09106485,2026-08-23 02:00:00+00:00,7.05,24.0,1390.0,252.0
USGS-09106485,2026-08-23 03:00:00+00:00,6.35,23.75,1400.0,249.0
USGS-09106485,2026-08-23 04:00:00+00:00,5.95,23.6,1400.0,253.5
USGS-09106485,2026-08-23 05:00:00+00:00,5.45,23.45,1370.0,255.0
USGS-09106485,2026-08-23 06:00:00+00:00,5.2,23.3,1370.0,255.0
USGS-09106485,2026-08-23 07:00:00+00:00,5.15,23.15,1390.0,259.0
USGS-09106485,2026-08-23 08:00:00+00:00,5.15,22.95,1390.0,266.0
USGS-09106485,2026-08-23 09:00:00+00:00,5.2,22.75,1390.0,270.0
USGS-09106485,2026-08-23 10:00:00+00:00,5.25,22.55,1390.0,270.0
USGS-09106485,2026-08-23 11:00:00+00:00,5.3,22.3,1390.0,266.0
USGS-09106485,2026-08-23 12:00:00+00:00,5.35,22.05,1390.0,262.0
USGS-09106485,2026-08-23 13:00:00+00:00,5.55,21.85,1385.0,259.0
USGS-09106485,2026-08-23 14:00:00+00:00,6.35,21.95,1380.0,255.0
USGS-09106485,2026-08-23 15:00:00+00:00,7.800000000000001,22.45,1380.0,255.0
USGS-09106485,2026-08-23 16:00:00+00:00,8.8,22.799999999999997,1380.0,255.0
USGS-09106485,2026-08-23 17:00:00+00:00,9.4,23.1,1380.0,255.0
USGS-09106485,2026-08-23 18:00:00+00:00,10.35,24.15,1380.0,255.0
USGS-09106485,2026-08-23 19:00:00+00:00,10.6,24.75,1380.0,253.5
USGS-09106485,2026-08-23 20:00:00+00:00,10.05,24.6,1380.0,252.0
USGS-09106485,2026-08-23 21:00:00+00:00,10.85,25.5,1380.0,249.0
USGS-09106485,2026-08-23 22:00:00+00:00,10.6,25.6,1380.0,245.0
USGS-09106485,2026-08-23 23:00:00+00:00,10.65,25.8,1390.0,249.0
USGS-09106485,2026-08-24 00:00:00+00:00,9.6,25.6,1390.0,245.0
USGS-09106485,2026-08-24 01:00:00+00:00,8.55,25.15,1400.0,243.5
USGS-09106485,2026-08-24 02:00:00+00:00,7.35,24.799999999999997,1400.0,242.0
USGS-09106485,2026-08-24 03:00:00+00:00,6.6,24.3,1400.0,242.0
USGS-09106485,2026-08-24 04:00:00+00:00,6.05,23.85,1410.0,239.0
USGS-09106485,2026-08-24 05:00:00+00:00,5.75,23.15,1410.0,239.0
USGS-09106485,2026-08-24 06:00:00+00:00,5.65,22.75,1410.0,235.0
USGS-09106485,2026-08-24 07:00:00+00:00,5.55,22.45,1415.0,239.0
USGS-09106485,2026-08-24 08:00:00+00:00,5.5,22.25,1420.0,239.0
USGS-09106485,2026-08-24 09:00:00+00:00,5.4,21.95,1420.0,239.0
USGS-09106485,2026-08-24 10:00:00+00:00,5.4,21.7,1420.0,239.0
USGS-09106485,2026-08-24 11:00:00+00:00,5.5,21.55,1420.0,239.0
USGS-09106485,2026-08-24 12:00:00+00:00,5.5,21.25,1420.0,239.0
USGS-09106485,2026-08-24 13:00:00+00:00,5.85,21.1,1420.0,242.0
USGS-09106485,2026-08-24 14:00:00+00:00,6.65,21.05,1420.0,242.0
USGS-09106485,2026-08-24 15:00:00+00:00,8.100000000000001,21.5,1420.0,242.0
USGS-09106485,2026-08-24 16:00:00+00:00,9.35,22.200000000000003,1420.0,242.0
USGS-09106485,2026-08-24 17:00:00+00:00,10.2,22.85,1420.0,242.0
USGS-09106485,2026-08-24 18:00:00+00:00,11.3,24.049999999999997,1420.0,242.0
USGS-09106485,2026-08-24 19:00:00+00:00,11.45,24.6,1420.0,242.0
USGS-09106485,2026-08-24 20:00:00+00:00,11.4,24.700000000000003,1420.0,240.5
USGS-09106485,2026-08-24 21:00:00+00:00,11.0,24.85,1420.0,233.5
USGS-09106485,2026-08-24 22:00:00+00:00,9.85,24.6,1430.0,229.0
USGS-09106485,2026-08-24 23:00:00+00:00,9.5,24.45,1430.0,226.0
USGS-09106485,2026-08-25 00:00:00+00:00,8.600000000000001,24.25,1430.0,230.5
USGS-09106485,2026-08-25 01:00:00+00:00,7.699999999999999,23.9,1440.0,235.0
USGS-09106485,2026-08-25 02:00:00+00:00,6.800000000000001,23.6,1440.0,232.0
USGS-09106485,2026-08-25 03:00:00+00:00,6.15,23.35,1460.0,229.0
USGS-09106485,2026-08-25 04:00:00+00:00,5.85,23.2,1480.0,227.5
USGS-09106485,2026-08-25 05:00:00+00:00,5.65,23.0,1490.0,232.0
USGS-09106485,2026-08-25 06:00:00+00:00,5.6,22.8,1500.0,278.5
USGS-09106485,2026-08-25 07:00:00+00:00,5.45,22.65,1495.0,288.0
USGS-09106485,2026-08-25 08:00:00+00:00,5.4,22.55,1470.0,262.5
USGS-09106485,2026-08-25 09:00:00+00:00,5.4,22.4,1460.0,243.5
USGS-09106485,2026-08-25 10:00:00+00:00,5.3,22.2,1460.0,237.0
USGS-09106485,2026-08-25 11:00:00+00:00,5.35,22.0,1460.0,244.0
USGS-09106485,2026-08-25 12:00:00+00:00,5.4,21.8,1455.0,290.0
USGS-09106485,2026-08-25 13:00:00+00:00,5.6,21.5,1450.0,294.0
USGS-09106485,2026-08-25 14:00:00+00:00,6.35,21.4,1445.0,268.0
USGS-09106485,2026-08-25 15:00:00+00:00,7.75,21.799999999999997,1440.0,257.0
USGS-09106485,2026-08-25 16:00:00+00:00,9.05,22.4,1445.0,284.0
USGS-09106485,2026-08-25 17:00:00+00:00,10.2,23.35,1445.0,286.0
USGS-09106485,2026-08-25 18:00:00+00:00,11.05,24.4,1440.0,264.0
USGS-09106485,2026-08-25 19:00:00+00:00,11.8,25.4,1440.0,271.5
USGS-09106485,2026-08-25 20:00:00+00:00,11.9,26.15,1440.0,313.0
USGS-09106485,2026-08-25 21:00:00+00:00,11.85,26.8,1440.0,309.0
USGS-09106485,2026-08-25 22:00:00+00:00,11.6,27.1,1425.0,294.0
USGS-09106485,2026-08-25 23:00:00+00:00,11.05,27.0,1420.0,278.5
USGS-09106485,2026-08-26 00:00:00+00:00,10.35,26.65,1420.0,262.0
USGS-09106485,2026-08-26 01:00:00+00:00,8.899999999999999,26.200000000000003,1420.0,262.0
USGS-09106485,2026-08-26 02:00:00+00:00,7.449999999999999,25.75,1425.0,264.0
USGS-09106485,2026-08-26 03:00:00+00:00,6.4,25.25,1430.0,247.0
USGS-09106485,2026-08-26 04:00:00+00:00,5.9,24.85,1440.0,224.5
USGS-09106485,2026-08-26 05:00:00+00:00,5.55,24.4,1440.0,221.5
USGS-09106485,2026-08-26 06:00:00+00:00,5.3,24.05,1450.0,247.0
USGS-09106485,2026-08-26 07:00:00+00:00,5.2,23.7,1450.0,249.0
USGS-09106485,2026-08-26 08:00:00+00:00,5.1,23.4,1445.0,237.0
USGS-09106485,2026-08-26 09:00:00+00:00,5.1,23.05,1450.0,223.0
USGS-09106485,2026-08-26 10:00:00+00:00,5.1,22.65,1460.0,232.0
USGS-09106485,2026-08-26 11:00:00+00:00,5.2,22.15,1470.0,260.5
USGS-09106485,2026-08-26 12:00:00+00:00,5.2,21.75,1470.0,257.0
USGS-09106485,2026-08-26 13:00:00+00:00,5.35,21.5,1460.0,252.0
USGS-09106485,2026-08-26 14:00:00+00:00,6.4,21.45,1460.0,257.0
USGS-09106485,2026-08-26 15:00:00+00:00,7.2,21.5,1470.0,275.0
USGS-09106485,2026-08-26 16:00:00+00:00,8.5,22.0,1465.0,271.5
USGS-09106485,2026-08-26 17:00:00+00:00,9.55,22.85,1460.0,260.5
USGS-09106485,2026-08-26 18:00:00+00:00,10.9,24.15,1460.0,253.5
USGS-09106485,2026-08-26 19:00:00+00:00,11.7,25.25,1460.0,240.5
USGS-09106485,2026-08-26 20:00:00+00:00,12.4,26.4,1460.0,227.5
USGS-09106485,2026-08-26 21:00:00+00:00,12.45,26.95,1460.0,235.5
USGS-09106485,2026-08-26 22:00:00+00:00,12.1,27.25,1465.0,284.0
USGS-09106485,2026-08-26 23:00:00+00:00,11.2,27.15,1470.0,282.0
USGS-09106485,2026-08-27 00:00:00+00:00,9.75,26.6,1480.0,271.5
USGS-09106485,2026-08-27 01:00:00+00:00,8.5,26.15,1500.0,252.0
USGS-09106485,2026-08-27 02:00:00+00:00,7.1,25.75,1510.0,232.0
USGS-09106485,2026-08-27 03:00:00+00:00,6.15,25.35,1520.0,217.0
USGS-09106485,2026-08-27 04:00:00+00:00,5.55,24.85,1520.0,209.5
USGS-09106485,2026-08-27 05:00:00+00:00,5.3,24.45,1535.0,206.5
USGS-09106485,2026-08-27 06:00:00+00:00,5.15,24.05,1540.0,206.5
USGS-09106485,2026-08-27 07:00:00+00:00,5.05,23.65,1550.0,208.0
USGS-09106485,2026-08-27 08:00:00+00:00,5.0,23.25,1545.0,211.0
USGS-09106485,2026-08-27 09:00:00+00:00,5.0,22.9,1540.0,212.5
USGS-09106485,2026-08-27 10:00:00+00:00,5.0,22.55,1530.0,217.0
USGS-09106485,2026-08-27 11:00:00+00:00,5.1,22.25,1520.0,220.0
USGS-09106485,2026-08-27 12:00:00+00:00,5.1,21.85,1520.0,223.0
USGS-09106485,2026-08-27 13:00:00+00:00,5.35,21.55,1520.0,223.0
USGS-09106485,2026-08-27 14:00:00+00:00,5.949999999999999,21.5,1520.0,254.0
USGS-09106485,2026-08-27 15:00:00+00:00,7.449999999999999,21.85,1520.0,264.0
USGS-09106485,2026-08-27 16:00:00+00:00,8.2,22.1,1510.0,245.5
USGS-09106485,2026-08-27 17:00:00+00:00,9.55,22.950000000000003,1510.0,230.5
USGS-09106485,2026-08-27 18:00:00+00:00,10.95,24.15,1500.0,223.0
USGS-09106485,2026-08-27 19:00:00+00:00,11.8,25.299999999999997,1500.0,224.5
USGS-09106485,2026-08-27 20:00:00+00:00,12.3,26.299999999999997,1495.0,226.0
USGS-09106485,2026-08-27 21:00:00+00:00,12.3,26.95,1490.0,226.0
USGS-09106485,2026-08-27 22:00:00+00:00,12.05,27.25,1485.0,226.0
USGS-09106485,2026-08-27 23:00:00+00:00,11.3,27.05,1480.0,223.0
USGS-09106485,2026-08-28 00:00:00+00:00,10.35,26.65,1480.0,245.5
USGS-09106485,2026-08-28 01:00:00+00:00,8.8,25.9,1485.0,268.0
USGS-09106485,2026-08-28 02:00:00+00:00,7.4,25.35,1485.0,252.0
USGS-09106485,2026-08-28 03:00:00+00:00,6.449999999999999,24.85,1490.0,233.5
USGS-09106485,2026-08-28 04:00:00+00:00,5.9,24.35,1500.0,220.0
USGS-09106485,2026-08-28 05:00:00+00:00,5.5,23.95,1505.0,214.0
USGS-09106485,2026-08-28 06:00:00+00:00,5.35,23.55,1510.0,214.0
USGS-09106485,2026-08-28 07:00:00+00:00,5.2,23.3,1510.0,214.0
USGS-09106485,2026-08-28 08:00:00+00:00,5.1,23.05,1520.0,215.5
USGS-09106485,2026-08-28 09:00:00+00:00,5.1,22.8,1520.0,217.0
USGS-09106485,2026-08-28 10:00:00+00:00,5.1,22.55,1520.0,226.0
USGS-09106485,2026-08-28 11:00:00+00:00,5.1,22.25,1520.0,223.0
USGS-09106485,2026-08-28 12:00:00+00:00,5.05,22.05,1520.0,223.0
USGS-09106485,2026-08-28 13:00:00+00:00,5.25,21.8,1520.0,223.0
USGS-09106485,2026-08-28 14:00:00+00:00,6.2,21.7,1520.0,223.0
USGS-09106485,2026-08-28 15:00:00+00:00,7.5,21.95,1520.0,220.0
USGS-09106485,2026-08-28 16:00:00+00:00,9.15,22.65,1525.0,217.0
USGS-09106485,2026-08-28 17:00:00+00:00,10.05,23.25,1520.0,217.0
USGS-09106485,2026-08-28 18:00:00+00:00,10.3,23.5,1520.0,217.0
USGS-09106485,2026-08-28 19:00:00+00:00,10.25,23.85,1525.0,220.0
USGS-09106485,2026-08-28 20:00:00+00:00,9.35,23.9,1510.0,223.0
USGS-09106485,2026-08-28 21:00:00+00:00,9.2,23.9,1525.0,223.0
USGS-09106485,2026-08-28 22:00:00+00:00,9.3,24.1,1530.0,224.5
USGS-09106485,2026-08-28 23:00:00+00:00,8.35,23.75,1530.0,226.0
USGS-09106485,2026-08-29 00:00:00+00:00,7.85,23.45,1530.0,226.0
USGS-09106485,2026-08-29 01:00:00+00:00,7.1,23.35,1530.0,224.5
USGS-09106485,2026-08-29 02:00:00+00:00,6.4,23.1,1530.0,223.0
USGS-09106485,2026-08-29 03:00:00+00:00,5.95,22.85,1550.0,223.0
USGS-09106485,2026-08-29 04:00:00+00:00,5.6,22.6,1560.0,220.0
USGS-09106485,2026-08-29 05:00:00+00:00,5.5,22.35,1565.0,220.0
USGS-09106485,2026-08-29 06:00:00+00:00,5.4,22.2,1570.0,220.0
USGS-09106485,2026-08-29 07:00:00+00:00,5.4,22.0,1575.0,218.5
USGS-09106485,2026-08-29 08:00:00+00:00,5.35,21.65,1580.0,217.0
USGS-09106485,2026-08-29 09:00:00+00:00,5.4,21.35,1570.0,218.5
USGS-09106485,2026-08-29 10:00:00+00:00,5.5,21.1,1560.0,220.0
USGS-09106485,2026-08-29 11:00:00+00:00,5.5,21.0,1555.0,224.5
USGS-09106485,2026-08-29 12:00:00+00:00,5.5,20.85,1540.0,229.0
USGS-09106485,2026-08-29 13:00:00+00:00,5.65,20.7,1540.0,226.0
USGS-09106485,2026-08-29 14:00:00+00:00,6.300000000000001,20.8,1530.0,226.0
USGS-09106485,2026-08-29 15:00:00+00:00,7.449999999999999,21.15,1530.0,224.5
USGS-09106485,2026-08-29 16:00:00+00:00,8.9,21.85,1520.0,223.0
USGS-09106485,2026-08-29 17:00:00+00:00,9.25,22.0,1525.0,220.0
USGS-09106485,2026-08-29 18:00:00+00:00,10.55,23.0,1520.0,220.0
USGS-09106485,2026-08-29 19:00:00+00:00,10.8,23.4,1520.0,226.0
USGS-09106485,2026-08-29 20:00:00+00:00,11.6,24.25,1520.0,226.0
USGS-09106485,2026-08-29 21:00:00+00:00,11.5,24.4,1520.0,226.0
USGS-09106485,2026-08-29 22:00:00+00:00,11.6,24.9,1510.0,226.0
USGS-09106485,2026-08-29 23:00:00+00:00,10.45,24.5,1510.0,224.5
USGS-09106485,2026-08-30 00:00:00+00:00,9.0,23.75,1520.0,223.0
USGS-09106485,2026-08-30 01:00:00+00:00,7.9,23.35,1510.0,223.0
USGS-09106485,2026-08-30 02:00:00+00:00,7.05,22.85,1510.0,223.0
USGS-09106485,2026-08-30 03:00:00+00:00,6.4,22.55,1510.0,221.5
USGS-09106485,2026-08-30 04:00:00+00:00,5.9,22.25,1510.0,220.0
USGS-09106485,2026-08-30 05:00:00+00:00,5.75,21.95,1510.0,223.0
USGS-09106485,2026-08-30 06:00:00+00:00,5.6,21.65,1520.0,223.0
USGS-09106485,2026-08-30 07:00:00+00:00,5.6,21.45,1520.0,221.5
USGS-09106485,2026-08-30 08:00:00+00:00,5.5,21.2,1520.0,220.0
USGS-09106485,2026-08-30 09:00:00+00:00,5.4,20.95,1520.0,223.0
USGS-09106485,2026-08-30 10:00:00+00:00,5.4,20.7,1520.0,223.0
USGS-09106485,2026-08-30 11:00:00+00:00,5.5,20.5,1520.0,218.5
USGS-09106485,2026-08-30 12:00:00+00:00,5.6,20.25,1520.0,223.0
USGS-09106485,2026-08-30 13:00:00+00:00,5.65,20.05,1520.0,226.0
USGS-09106485,2026-08-30 14:00:00+00:00,6.45,20.05,1520.0,232.0
USGS-09106485,2026-08-30 15:00:00+00:00,7.35,20.4,1495.0,237.0
USGS-09106485,2026-08-30 16:00:00+00:00,8.55,21.1,1460.0,239.0
USGS-09106485,2026-08-30 17:00:00+00:00,7.9,20.700000000000003,1465.0,252.0
USGS-09106485,2026-08-30 18:00:00+00:00,8.7,21.2,1475.0,277.0
USGS-09106485,2026-08-30 19:00:00+00:00,9.45,22.549999999999997,1460.0,313.0
USGS-09106485,2026-08-30 20:00:00+00:00,9.2,23.299999999999997,1480.0,366.0
USGS-09106485,2026-08-30 21:00:00+00:00,8.7,23.75,1430.0,342.5
USGS-09106485,2026-08-30 22:00:00+00:00,8.649999999999999,23.9,1440.0,301.0
USGS-09106485,2026-08-30 23:00:00+00:00,8.100000000000001,23.75,1435.0,278.5
USGS-09106485,2026-08-31 00:00:00+00:00,7.1,22.950000000000003,1415.0,268.0
USGS-09106485,2026-08-31 01:00:00+00:00,6.85,22.6,1420.0,288.0
USGS-09106485,2026-08-31 02:00:00+00:00,6.5,22.25,1415.0,378.0
USGS-09106485,2026-08-31 03:00:00+00:00,5.85,21.85,1290.0,404.0
USGS-09106485,2026-08-31 04:00:00+00:00,5.55,21.45,1235.0,387.5
USGS-09106485,2026-08-31 05:00:00+00:00,5.5,21.15,1280.0,353.5
USGS-09106485,2026-08-31 06:00:00+00:00,5.4,20.85,1360.0,336.0
USGS-09106485,2026-08-31 07:00:00+00:00,5.55,20.55,1490.0,340.0
USGS-09106485,2026-08-31 08:00:00+00:00,5.7,20.3,1550.0,385.0
USGS-09106485,2026-08-31 09:00:00+00:00,5.8,20.05,1540.0,404.0
USGS-09106485,2026-08-31 10:00:00+00:00,5.9,19.85,1505.0,404.0
USGS-09106485,2026-08-31 11:00:00+00:00,6.0,19.6,1500.0,399.0
USGS-09106485,2026-08-31 12:00:00+00:00,6.1,19.35,1495.0,421.5
USGS-09106485,2026-08-31 13:00:00+00:00,6.15,19.15,1485.0,487.5
USGS-09106485,2026-08-31 14:00:00+00:00,6.4,19.1,1465.0,565.5
USGS-09106485,2026-08-31 15:00:00+00:00,6.4,19.2,1430.0,735.5
USGS-09106485,2026-08-31 16:00:00+00:00,6.25,19.35,1345.0,765.0
USGS-09106485,2026-08-31 17:00:00+00:00,6.4,19.55,1380.0,752.0
USGS-09106485,2026-08-31 18:00:00+00:00,6.65,19.85,1345.0,718.5
USGS-09106485,2026-08-31 19:00:00+00:00,6.65,20.15,1315.0,655.5
USGS-09106485,2026-08-31 20:00:00+00:00,6.8,20.65,1300.0,601.0
USGS-09106485,2026-08-31 21:00:00+00:00,6.75,20.9,1300.0,601.0
USGS-09106485,2026-08-31 22:00:00+00:00,6.6,20.8,1300.0,580.0
USGS-09106485,2026-08-31 23:00:00+00:00,6.55,20.8,1300.0,536.0
USGS-09106485,2026-09-01 00:00:00+00:00,6.45,20.8,1310.0,516.0
USGS-09106485,2026-09-01 01:00:00+00:00,6.5,20.65,1310.0,504.0
USGS-09106485,2026-09-01 02:00:00+00:00,6.4,20.5,1320.0,510.0
USGS-09106485,2026-09-01 03:00:00+00:00,6.5,20.4,1330.0,510.0
USGS-09106485,2026-09-01 04:00:00+00:00,6.5,20.25,1340.0,516.0
USGS-09106485,2026-09-01 05:00:00+00:00,6.5,20.1,1350.0,496.0
USGS-09106485,2026-09-01 06:00:00+00:00,6.5,19.9,1365.0,493.0
USGS-09106485,2026-09-01 07:00:00+00:00,6.6,19.65,1380.0,490.0
USGS-09106485,2026-09-01 08:00:00+00:00,6.6,19.45,1395.0,457.5
USGS-09106485,2026-09-01 09:00:00+00:00,6.6,19.25,1415.0,444.0
USGS-09106485,2026-09-01 10:00:00+00:00,6.6,19.0,1430.0,441.5
USGS-09106485,2026-09-01 11:00:00+00:00,6.7,18.8,1440.0,444.0
USGS-09106485,2026-09-01 12:00:00+00:00,6.7,18.6,1440.0,465.0
USGS-09106485,2026-09-01 13:00:00+00:00,6.8,18.5,1430.0,471.0
USGS-09106485,2026-09-01 14:00:00+00:00,6.8,18.5,1420.0,484.5
USGS-09106485,2026-09-01 15:00:00+00:00,6.9,18.85,1405.0,524.5
USGS-09106485,2026-09-01 16:00:00+00:00,6.9,19.35,1395.0,539.0
USGS-09106485,2026-09-01 17:00:00+00:00,6.9,19.7,1395.0,490.5
USGS-09106485,2026-09-01 18:00:00+00:00,6.8,20.25,1410.0,452.0
USGS-09106485,2026-09-01 19:00:00+00:00,6.8,21.049999999999997,1400.0,439.0
USGS-09106485,2026-09-01 20:00:00+00:00,6.7,22.1,1390.0,441.5
USGS-09106485,2026-09-01 21:00:00+00:00,6.6,22.1,1380.0,429.0
USGS-09106485,2026-09-01 22:00:00+00:00,6.6,22.1,1380.0,404.0
USGS-09106485,2026-09-01 23:00:00+00:00,6.6,22.0,1380.0,387.5
USGS-09106485,2026-09-02 00:00:00+00:00,6.45,22.0,1370.0,385.0
USGS-09106485,2026-09-02 01:00:00+00:00,6.25,21.85,1325.0,380.0
USGS-09106485,2026-09-02 02:00:00+00:00,6.3,21.5,1345.0,378.0
USGS-09106485,2026-09-02 03:00:00+00:00,6.3,21.15,1370.0,394.0
USGS-09106485,2026-09-02 04:00:00+00:00,6.3,20.85,1375.0,392.0
USGS-09106485,2026-09-02 05:00:00+00:00,6.35,20.6,1380.0,376.0
USGS-09106485,2026-09-02 06:00:00+00:00,6.4,20.4,1380.0,371.0
USGS-09106485,2026-09-02 07:00:00+00:00,6.4,20.2,1390.0,368.5
USGS-09106485,2026-09-02 08:00:00+00:00,6.4,19.95,1390.0,366.0
USGS-09106485,2026-09-02 09:00:00+00:00,6.5,19.7,1390.0,362.0
USGS-09106485,2026-09-02 10:00:00+00:00,6.45,19.45,1400.0,358.0
USGS-09106485,2026-09-02 11:00:00+00:00,6.5,19.15,1400.0,349.0
USGS-09106485,2026-09-02 12:00:00+00:00,6.6,18.9,1400.0,338.0
USGS-09106485,2026-09-02 13:00:00+00:00,6.65,18.65,1400.0,327.0
USGS-09106485,2026-09-02 14:00:00+00:00,6.7,18.6,1405.0,315.0
USGS-09106485,2026-09-02 15:00:00+00:00,6.8,18.5,1410.0,307.0
USGS-09106485,2026-09-02 16:00:00+00:00,7.05,18.9,1420.0,299.0
USGS-09106485,2026-09-02 17:00:00+00:00,7.2,19.6,1420.0,297.5
USGS-09106485,2026-09-02 18:00:00+00:00,7.25,19.6,1425.0,303.0
USGS-09106485,2026-09-02 19:00:00+00:00,7.4,20.25,1430.0,303.0
USGS-09106485,2026-09-02 20:00:00+00:00,7.45,21.3,1440.0,311.0
USGS-09106485,2026-09-02 21:00:00+00:00,7.2,21.35,1440.0,321.0
USGS-09106485,2026-09-02 22:00:00+00:00,7.2,21.95,1415.0,329.5
USGS-09106485,2026-09-02 23:00:00+00:00,6.9,21.95,1400.0,342.0
USGS-09106485,2026-09-03 00:00:00+00:00,6.9,22.0,1400.0,373.5
USGS-09106485,2026-09-03 01:00:00+00:00,6.75,21.9,1440.0,401.5
USGS-09106485,2026-09-03 02:00:00+00:00,6.6,21.55,1405.0,424.0
USGS-09106485,2026-09-03 03:00:00+00:00,6.5,21.3,1400.0,544.5
USGS-09106485,2026-09-03 04:00:00+00:00,6.55,21.3,1355.0,731.0
USGS-09106485,2026-09-03 05:00:00+00:00,6.45,21.2,1430.0,743.5
USGS-09106485,2026-09-03 06:00:00+00:00,6.4,20.95,1360.0,710.0
USGS-09106485,2026-09-03 07:00:00+00:00,6.5,20.5,1310.0,683.5
USGS-09106485,2026-09-03 08:00:00+00:00,6.6,19.95,1310.0,656.0
USGS-09106485,2026-09-03 09:00:00+00:00,6.6,19.55,1310.0,625.0
USGS-09106485,2026-09-03 10:00:00+00:00,6.8,19.15,1310.0,589.0
USGS-09106485,2026-09-03 11:00:00+00:00,6.8,18.85,1325.0,559.0
USGS-09106485,2026-09-03 12:00:00+00:00,6.85,18.55,1340.0,530.0
USGS-09106485,2026-09-03 13:00:00+00:00,6.9,18.35,1360.0,498.5
USGS-09106485,2026-09-03 14:00:00+00:00,7.05,18.35,1395.0,470.5
USGS-09106485,2026-09-03 15:00:00+00:00,7.25,18.75,1415.0,446.5
USGS-09106485,2026-09-03 16:00:00+00:00,7.55,19.4,1445.0,431.5
USGS-09106485,2026-09-03 17:00:00+00:00,7.7,20.299999999999997,1470.0,419.0
USGS-09106485,2026-09-03 18:00:00+00:00,7.85,21.25,1485.0,414.0
USGS-09106485,2026-09-03 19:00:00+00:00,8.0,22.200000000000003,1505.0,409.0
USGS-09106485,2026-09-03 20:00:00+00:00,8.0,23.0,1520.0,409.0
USGS-09106485,2026-09-03 21:00:00+00:00,8.1,23.55,1530.0,404.0
USGS-09106485,2026-09-03 22:00:00+00:00,8.0,23.95,1540.0,399.0
USGS-09106485,2026-09-03 23:00:00+00:00,7.75,23.85,1550.0,404.0
USGS-09106485,2026-09-04 00:00:00+00:00,7.25,23.45,1560.0,429.0
USGS-09106485,2026-09-04 01:00:00+00:00,6.85,23.15,1570.0,457.5
USGS-09106485,2026-09-04 02:00:00+00:00,6.65,22.75,1570.0,465.0
USGS-09106485,2026-09-04 03:00:00+00:00,6.5,22.4,1560.0,473.5
USGS-09106485,2026-09-04 04:00:00+00:00,6.45,22.1,1550.0,490.0
USGS-09106485,2026-09-04 05:00:00+00:00,6.4,21.8,1530.0,501.5
USGS-09106485,2026-09-04 06:00:00+00:00,6.4,21.45,1520.0,504.0
USGS-09106485,2026-09-04 07:00:00+00:00,6.45,21.15,1510.0,496.0
USGS-09106485,2026-09-04 08:00:00+00:00,6.5,20.75,1500.0,496.0
USGS-09106485,2026-09-04 09:00:00+00:00,6.6,20.15,1490.0,521.5
USGS-09106485,2026-09-04 10:00:00+00:00,6.65,19.700000000000003,1480.0,539.0
USGS-09106485,2026-09-04 11:00:00+00:00,6.75,19.25,1470.0,530.0
USGS-09106485,2026-09-04 12:00:00+00:00,6.8,18.95,1465.0,521.0
USGS-09106485,2026-09-04 13:00:00+00:00,6.85,18.6,1450.0,507.0
USGS-09106485,2026-09-04 14:00:00+00:00,6.9,18.5,1440.0,496.0
USGS-09106485,2026-09-04 15:00:00+00:00,7.0,18.9,1430.0,484.5
USGS-09106485,2026-09-04 16:00:00+00:00,7.1,19.45,1420.0,473.5
USGS-09106485,2026-09-04 17:00:00+00:00,7.1,20.25,1410.0,468.0
USGS-09106485,2026-09-04 18:00:00+00:00,7.0,21.200000000000003,1410.0,460.0
USGS-09106485,2026-09-04 19:00:00+00:00,6.9,21.6,1400.0,455.0
USGS-09106485,2026-09-04 20:00:00+00:00,6.8,22.1,1400.0,449.0
USGS-09106485,2026-09-04 21:00:00+00:00,6.7,22.200000000000003,1405.0,449.0
USGS-09106485,2026-09-04 22:00:00+00:00,6.7,23.1,1410.0,457.5
USGS-09106485,2026-09-04 23:00:00+00:00,6.6,23.3,1420.0,479.0
USGS-09106485,2026-09-05 00:00:00+00:00,6.45,23.1,1410.0,493.0
USGS-09106485,2026-09-05 01:00:00+00:00,6.5,22.65,1420.0,499.0
USGS-09106485,2026-09-05 02:00:00+00:00,6.5,22.35,1415.0,499.0
USGS-09106485,2026-09-05 03:00:00+00:00,6.5,21.95,1410.0,493.0
USGS-09106485,2026-09-05 04:00:00+00:00,6.5,21.55,1410.0,493.0
USGS-09106485,2026-09-05 05:00:00+00:00,6.55,21.25,1410.0,484.5
USGS-09106485,2026-09-05 06:00:00+00:00,6.6,20.95,1410.0,468.0
USGS-09106485,2026-09-05 07:00:00+00:00,6.6,20.55,1420.0,452.0
USGS-09106485,2026-09-05 08:00:00+00:00,6.65,20.15,1430.0,434.0
USGS-09106485,2026-09-05 09:00:00+00:00,6.7,19.75,1440.0,421.5
USGS-09106485,2026-09-05 10:00:00+00:00,6.8,19.4,1455.0,409.0
USGS-09106485,2026-09-05 11:00:00+00:00,6.8,19.15,1460.0,404.0
USGS-09106485,2026-09-05 12:00:00+00:00,6.9,18.95,1460.0,404.0
USGS-09106485,2026-09-05 13:00:00+00:00,6.9,18.75,1465.0,409.0
USGS-09106485,2026-09-05 14:00:00+00:00,7.0,18.7,1470.0,409.0
USGS-09106485,2026-09-05 15:00:00+00:00,7.15,18.9,1470.0,416.5
USGS-09106485,2026-09-05 16:00:00+00:00,7.25,19.5,1470.0,424.0
USGS-09106485,2026-09-05 17:00:00+00:00,7.45,20.450000000000003,1480.0,424.0
USGS-09106485,2026-09-05 18:00:00+00:00,7.5,21.25,1480.0,429.0
USGS-09106485,2026-09-05 19:00:00+00:00,7.35,21.65,1480.0,434.0
USGS-09106485,2026-09-05 20:00:00+00:00,7.4,22.549999999999997,1470.0,429.0
USGS-09106485,2026-09-05 21:00:00+00:00,7.3,23.25,1480.0,429.0
USGS-09106485,2026-09-05 22:00:00+00:00,7.3,23.5,1480.0,429.0
USGS-09106485,2026-09-05 23:00:00+00:00,7.15,23.5,1480.0,429.0
USGS-09106485,2026-09-06 00:00:00+00:00,6.95,23.15,1480.0,431.5
USGS-09106485,2026-09-06 01:00:00+00:00,6.75,22.8,1485.0,424.0
USGS-09106485,2026-09-06 02:00:00+00:00,6.6,22.65,1490.0,419.0
USGS-09106485,2026-09-06 03:00:00+00:00,6.5,22.3,1500.0,414.0
USGS-09106485,2026-09-06 04:00:00+00:00,6.45,22.0,1505.0,421.5
USGS-09106485,2026-09-06 05:00:00+00:00,6.5,21.65,1505.0,429.0
USGS-09106485,2026-09-06 06:00:00+00:00,6.5,21.35,1505.0,429.0
USGS-09106485,2026-09-06 07:00:00+00:00,6.55,21.05,1510.0,424.0
USGS-09106485,2026-09-06 08:00:00+00:00,6.6,20.75,1510.0,419.0
USGS-09106485,2026-09-06 09:00:00+00:00,6.7,20.35,1520.0,414.0
USGS-09106485,2026-09-06 10:00:00+00:00,6.7,20.05,1520.0,404.0
USGS-09106485,2026-09-06 11:00:00+00:00,6.8,19.65,1520.0,399.0
USGS-09106485,2026-09-06 12:00:00+00:00,6.8,19.35,1520.0,394.0
USGS-09106485,2026-09-06 13:00:00+00:00,6.9,19.05,1530.0,392.0
USGS-09106485,2026-09-06 14:00:00+00:00,7.0,18.9,1530.0,390.0
USGS-09106485,2026-09-06 15:00:00+00:00,7.35,19.05,1540.0,390.0
USGS-09106485,2026-09-06 16:00:00+00:00,7.65,19.799999999999997,1545.0,390.0
USGS-09106485,2026-09-06 17:00:00+00:00,7.85,20.700000000000003,1550.0,390.0
USGS-09106485,2026-09-06 18:00:00+00:00,7.85,21.25,1560.0,394.0
USGS-09106485,2026-09-06 19:00:00+00:00,7.65,21.25,1560.0,399.0
USGS-09106485,2026-09-06 20:00:00+00:00,7.8,22.0,1560.0,401.5
USGS-09106485,2026-09-06 21:00:00+00:00,7.7,22.3,1560.0,404.0
USGS-09106485,2026-09-06 22:00:00+00:00,7.55,22.25,1560.0,399.0
USGS-09106485,2026-09-06 23:00:00+00:00,7.25,22.2,1560.0,394.0
USGS-09106485,2026-09-07 00:00:00+00:00,7.1,21.85,1570.0,387.5
USGS-09106485,2026-09-07 01:00:00+00:00,6.9,21.6,1580.0,378.0
USGS-09106485,2026-09-07 02:00:00+00:00,6.75,21.4,1585.0,364.0
USGS-09106485,2026-09-07 03:00:00+00:00,6.7,21.3,1590.0,358.0
USGS-09106485,2026-09-07 04:00:00+00:00,6.7,21.2,1600.0,358.0
USGS-09106485,2026-09-07 05:00:00+00:00,6.6,21.05,1610.0,362.0
USGS-09106485,2026-09-07 06:00:00+00:00,6.6,20.9,1610.0,366.0
USGS-09106485,2026-09-07 07:00:00+00:00,6.6,20.75,1620.0,373.5
USGS-09106485,2026-09-07 08:00:00+00:00,6.6,20.55,1620.0,380.0
USGS-09106485,2026-09-07 09:00:00+00:00,6.7,20.35,1620.0,390.0
USGS-09106485,2026-09-07 10:00:00+00:00,6.7,20.15,1620.0,394.0
USGS-09106485,2026-09-07 11:00:00+00:00,6.7,20.0,1610.0,394.0
USGS-09106485,2026-09-07 12:00:00+00:00,6.8,19.8,1610.0,396.5
USGS-09106485,2026-09-07 13:00:00+00:00,6.8,19.6,1600.0,399.0
USGS-09106485,2026-09-07 14:00:00+00:00,7.0,19.6,1605.0,394.0
USGS-09106485,2026-09-07 15:00:00+00:00,7.25,19.75,1600.0,390.0
USGS-09106485,2026-09-07 16:00:00+00:00,7.65,20.35,1600.0,382.5
USGS-09106485,2026-09-07 17:00:00+00:00,8.0,21.1,1600.0,380.0
USGS-09106485,2026-09-07 18:00:00+00:00,8.1,21.799999999999997,1605.0,373.5
USGS-09106485,2026-09-07 19:00:00+00:00,8.25,22.75,1610.0,366.0
USGS-09106485,2026-09-07 20:00:00+00:00,8.149999999999999,23.3,1610.0,358.0
USGS-09106485,2026-09-07 21:00:00+00:00,8.05,23.55,1610.0,351.0
USGS-09106485,2026-09-07 22:00:00+00:00,7.95,23.65,1610.0,340.0
USGS-09106485,2026-09-07 23:00:00+00:00,7.85,23.5,1615.0,332.0
USGS-09106485,2026-09-08 00:00:00+00:00,7.55,23.15,1620.0,309.0
USGS-09106485,2026-09-08 01:00:00+00:00,7.15,22.75,1630.0,303.0
USGS-09106485,2026-09-08 02:00:00+00:00,6.85,22.5,1630.0,305.0
USGS-09106485,2026-09-08 03:00:00+00:00,6.7,22.15,1635.0,325.0
USGS-09106485,2026-09-08 04:00:00+00:00,6.7,21.85,1640.0,353.5
USGS-09106485,2026-09-08 05:00:00+00:00,6.6,21.55,1640.0,382.5
USGS-09106485,2026-09-08 06:00:00+00:00,6.6,21.25,1645.0,406.5
USGS-09106485,2026-09-08 07:00:00+00:00,6.6,21.05,1630.0,424.0
USGS-09106485,2026-09-08 08:00:00+00:00,6.6,20.75,1620.0,429.0
USGS-09106485,2026-09-08 09:00:00+00:00,6.6,20.5,1615.0,431.5
USGS-09106485,2026-09-08 10:00:00+00:00,6.7,20.2,1610.0,429.0
USGS-09106485,2026-09-08 11:00:00+00:00,6.75,19.85,1610.0,429.0
USGS-09106485,2026-09-08 12:00:00+00:00,6.8,19.5,1610.0,424.0
USGS-09106485,2026-09-08 13:00:00+00:00,6.85,19.2,1600.0,419.0
USGS-09106485,2026-09-08 14:00:00+00:00,7.05,19.1,1600.0,419.0
USGS-09106485,2026-09-08 15:00:00+00:00,7.55,19.45,1600.0,411.5
USGS-09106485,2026-09-08 16:00:00+00:00,8.05,20.1,1605.0,409.0
USGS-09106485,2026-09-08 17:00:00+00:00,8.350000000000001,20.9,1610.0,409.0
USGS-09106485,2026-09-08 18:00:00+00:00,8.6,21.9,1610.0,
USGS-09106485,2026-09-08 19:00:00+00:00,8.75,22.75,1615.0,381.0
USGS-09106485,2026-09-08 20:00:00+00:00,8.8,23.5,1620.0,
USGS-09106485,2026-09-08 21:00:00+00:00,8.8,24.05,1625.0,349.0
USGS-09106485,2026-09-08 22:00:00+00:00,8.7,24.3,1640.0,
USGS-09106485,2026-09-08 23:00:00+00:00,8.4,24.3,1660.0,323.0
USGS-09106485,2026-09-09 00:00:00+00:00,7.95,23.95,1670.0,
USGS-09106485,2026-09-09 01:00:00+00:00,7.300000000000001,23.45,1680.0,299.5
USGS-09106485,2026-09-09 02:00:00+00:00,6.9,23.05,1690.0,290.0
USGS-09106485,2026-09-09 03:00:00+00:00,6.65,22.55,1695.0,284.0
USGS-09106485,2026-09-09 04:00:00+00:00,6.6,22.15,1700.0,284.0
USGS-09106485,2026-09-09 05:00:00+00:00,6.6,21.75,1690.0,299.5
USGS-09106485,2026-09-09 06:00:00+00:00,6.6,21.45,1675.0,327.5
USGS-09106485,2026-09-09 07:00:00+00:00,6.6,21.15,1660.0,351.0
USGS-09106485,2026-09-09 08:00:00+00:00,6.6,20.85,1660.0,366.0
USGS-09106485,2026-09-09 09:00:00+00:00,6.6,20.45,1670.0,376.0
USGS-09106485,2026-09-09 10:00:00+00:00,6.6,20.05,1660.0,376.0
USGS-09106485,2026-09-09 11:00:00+00:00,6.75,19.75,1650.0,371.0
USGS-09106485,2026-09-09 12:00:00+00:00,6.8,19.35,1650.0,371.0
USGS-09106485,2026-09-09 13:00:00+00:00,6.8,19.05,1650.0,366.0
USGS-09106485,2026-09-09 14:00:00+00:00,7.15,18.95,1650.0,364.0
USGS-09106485,2026-09-09 15:00:00+00:00,7.699999999999999,19.35,1660.0,358.0
USGS-09106485,2026-09-09 16:00:00+00:00,8.149999999999999,19.9,1665.0,349.0
USGS-09106485,2026-09-09 17:00:00+00:00,8.6,20.75,1675.0,349.0
USGS-09106485,2026-09-09 18:00:00+00:00,8.850000000000001,21.65,1680.0,349.0
USGS-09106485,2026-09-09 19:00:00+00:00,8.95,22.5,1680.0,349.0
USGS-09106485,2026-09-09 20:00:00+00:00,9.0,23.15,1690.0,344.0
USGS-09106485,2026-09-09 21:00:00+00:00,8.9,23.5,1690.0,344.0
USGS-09106485,2026-09-09 22:00:00+00:00,8.850000000000001,23.65,1690.0,338.0
USGS-09106485,2026-09-09 23:00:00+00:00,8.7,23.65,1700.0,336.0
USGS-09106485,2026-09-10 00:00:00+00:00,8.2,23.200000000000003,1700.0,336.0
USGS-09106485,2026-09-10 01:00:00+00:00,7.5,22.75,1700.0,336.0
USGS-09106485,2026-09-10 02:00:00+00:00,7.1,22.45,1700.0,336.0
USGS-09106485,2026-09-10 03:00:00+00:00,6.85,22.05,1690.0,336.0
USGS-09106485,2026-09-10 04:00:00+00:00,6.8,21.65,1680.0,340.0
USGS-09106485,2026-09-10 05:00:00+00:00,6.75,21.35,1675.0,344.0
USGS-09106485,2026-09-10 06:00:00+00:00,6.7,20.95,1660.0,353.0
USGS-09106485,2026-09-10 07:00:00+00:00,6.7,20.65,1650.0,358.0
USGS-09106485,2026-09-10 08:00:00+00:00,6.7,20.25,1645.0,353.0
USGS-09106485,2026-09-10 09:00:00+00:00,6.7,19.85,1640.0,353.0
USGS-09106485,2026-09-10 10:00:00+00:00,6.75,19.45,1640.0,349.0
USGS-09106485,2026-09-10 11:00:00+00:00,6.8,19.05,1640.0,349.0
USGS-09106485,2026-09-10 12:00:00+00:00,6.9,18.65,1640.0,344.0
USGS-09106485,2026-09-10 13:00:00+00:00,7.0,18.3,1640.0,344.0
USGS-09106485,2026-09-10 14:00:00+00:00,7.300000000000001,18.1,1650.0,340.0
USGS-09106485,2026-09-10 15:00:00+00:00,7.95,18.35,1650.0,336.0
USGS-09106485,2026-09-10 16:00:00+00:00,8.55,18.9,1660.0,336.0
USGS-09106485,2026-09-10 17:00:00+00:00,9.05,19.700000000000003,1670.0,332.0
USGS-09106485,2026-09-10 18:00:00+00:00,9.4,20.65,1670.0,329.0
USGS-09106485,2026-09-10 19:00:00+00:00,9.6,21.6,1680.0,330.0
USGS-09106485,2026-09-10 20:00:00+00:00,9.6,22.299999999999997,1680.0,
USGS-09106485,2026-09-10 21:00:00+00:00,9.65,22.85,1680.0,329.0
USGS-09106485,2026-09-10 22:00:00+00:00,9.4,23.0,1680.0,
USGS-09106485,2026-09-10 23:00:00+00:00,9.15,22.95,1690.0,329.0
USGS-09106485,2026-09-11 00:00:00+00:00,8.6,22.65,1700.0,
USGS-09106485,2026-09-11 01:00:00+00:00,7.7,22.25,1700.0,328.0
USGS-09106485,2026-09-11 02:00:00+00:00,7.25,21.75,1700.0,
USGS-09106485,2026-09-11 03:00:00+00:00,6.95,21.35,1700.0,318.0
USGS-09106485,2026-09-11 04:00:00+00:00,6.85,20.9,1700.0,317.0
USGS-09106485,2026-09-11 05:00:00+00:00,6.8,20.55,1700.0,305.0
USGS-09106485,2026-09-11 06:00:00+00:00,6.75,20.15,1700.0,309.0
USGS-09106485,2026-09-11 07:00:00+00:00,6.7,19.85,1700.0,313.0
USGS-09106485,2026-09-11 08:00:00+00:00,6.8,19.55,1695.0,315.0
USGS-09106485,2026-09-11 09:00:00+00:00,6.8,19.25,1690.0,313.0
USGS-09106485,2026-09-11 10:00:00+00:00,6.8,18.95,1695.0,307.0
USGS-09106485,2026-09-11 11:00:00+00:00,6.8,18.5,1695.0,299.0
USGS-09106485,2026-09-11 12:00:00+00:00,6.85,17.9,1690.0,290.0
USGS-09106485,2026-09-11 13:00:00+00:00,7.0,17.45,1700.0,282.0
USGS-09106485,2026-09-11 14:00:00+00:00,7.4,17.4,1700.0,271.5
USGS-09106485,2026-09-11 15:00:00+00:00,8.0,17.45,1700.0,262.0
USGS-09106485,2026-09-11 16:00:00+00:00,8.7,17.950000000000003,1710.0,
USGS-09106485,2026-09-11 17:00:00+00:00,9.85,19.2,1715.0,244.0
USGS-09106485,2026-09-11 18:00:00+00:00,9.95,19.9,1720.0,
USGS-09106485,2026-09-11 19:00:00+00:00,10.0,20.6,1720.0,232.0
USGS-09106485,2026-09-11 20:00:00+00:00,10.65,21.6,1720.0,227.5
USGS-09106485,2026-09-11 21:00:00+00:00,10.8,22.5,1725.0,226.0
USGS-09106485,2026-09-11 22:00:00+00:00,10.1,22.55,1730.0,227.5
USGS-09106485,2026-09-11 23:00:00+00:00,9.8,22.5,1735.0,218.5
USGS-09106485,2026-09-12 00:00:00+00:00,9.1,22.25,1740.0,209.5
USGS-09106485,2026-09-12 01:00:00+00:00,8.1,21.85,1750.0,205.0
USGS-09106485,2026-09-12 02:00:00+00:00,7.300000000000001,21.45,1755.0,202.0
USGS-09106485,2026-09-12 03:00:00+00:00,6.9,21.15,1760.0,199.0
USGS-09106485,2026-09-12 04:00:00+00:00,6.75,20.75,1770.0,199.0
USGS-09106485,2026-09-12 05:00:00+00:00,6.6,20.35,1770.0,200.5
USGS-09106485,2026-09-12 06:00:00+00:00,6.55,20.05,1780.0,205.0
USGS-09106485,2026-09-12 07:00:00+00:00,6.5,19.9,1770.0,209.5
USGS-09106485,2026-09-12 08:00:00+00:00,6.5,19.7,1775.0,215.5
USGS-09106485,2026-09-12 09:00:00+00:00,6.5,19.6,1770.0,220.0
USGS-09106485,2026-09-12 10:00:00+00:00,6.55,19.4,1770.0,223.0
USGS-09106485,2026-09-12 11:00:00+00:00,6.6,19.2,1760.0,226.0
USGS-09106485,2026-09-12 12:00:00+00:00,6.6,18.95,1760.0,226.0
USGS-09106485,2026-09-12 13:00:00+00:00,6.75,18.65,1755.0,224.5
USGS-09106485,2026-09-12 14:00:00+00:00,7.300000000000001,18.65,1755.0,220.0
USGS-09106485,2026-09-12 15:00:00+00:00,7.9,18.8,1750.0,217.0
USGS-09106485,2026-09-12 16:00:00+00:00,9.15,19.5,1750.0,214.0
USGS-09106485,2026-09-12 17:00:00+00:00,9.9,20.299999999999997,1750.0,211.0
USGS-09106485,2026-09-12 18:00:00+00:00,10.8,21.35,1740.0,211.0
USGS-09106485,2026-09-12 19:00:00+00:00,11.05,22.299999999999997,1740.0,211.0
USGS-09106485,2026-09-12 20:00:00+00:00,11.35,23.200000000000003,1740.0,211.0
USGS-09106485,2026-09-12 21:00:00+00:00,11.15,23.700000000000003,1740.0,211.0
USGS-09106485,2026-09-12 22:00:00+00:00,10.95,24.0,1730.0,209.5
USGS-09106485,2026-09-12 23:00:00+00:00,10.2,23.9,1740.0,208.0
USGS-09106485,2026-09-13 00:00:00+00:00,9.25,23.6,1740.0,208.0
USGS-09106485,2026-09-13 01:00:00+00:00,8.1,23.15,1740.0,208.0
USGS-09106485,2026-09-13 02:00:00+00:00,7.25,22.75,1750.0,208.0
USGS-09106485,2026-09-13 03:00:00+00:00,6.75,22.35,1750.0,208.0
USGS-09106485,2026-09-13 04:00:00+00:00,6.6,21.95,1755.0,205.0
USGS-09106485,2026-09-13 05:00:00+00:00,6.4,21.6,1760.0,202.0
USGS-09106485,2026-09-13 06:00:00+00:00,6.3,21.3,1765.0,199.0
USGS-09106485,2026-09-13 07:00:00+00:00,6.2,21.1,1770.0,196.0
USGS-09106485,2026-09-13 08:00:00+00:00,6.25,20.8,1775.0,196.0
USGS-09106485,2026-09-13 09:00:00+00:00,6.25,20.55,1780.0,196.0
USGS-09106485,2026-09-13 10:00:00+00:00,6.2,20.25,1785.0,197.5
USGS-09106485,2026-09-13 11:00:00+00:00,6.25,20.05,1780.0,199.0
USGS-09106485,2026-09-13 12:00:00+00:00,6.3,19.8,1790.0,196.0
USGS-09106485,2026-09-13 13:00:00+00:00,6.4,19.55,1785.0,196.0
USGS-09106485,2026-09-13 14:00:00+00:00,6.949999999999999,19.55,1790.0,196.0
USGS-09106485,2026-09-13 15:00:00+00:00,8.35,20.0,1790.0,193.0
USGS-09106485,2026-09-13 16:00:00+00:00,9.65,20.799999999999997,1790.0,193.0
USGS-09106485,2026-09-13 17:00:00+00:00,10.2,21.5,1785.0,190.0
USGS-09106485,2026-09-13 18:00:00+00:00,10.6,22.05,1795.0,190.0
USGS-09106485,2026-09-13 19:00:00+00:00,10.1,22.200000000000003,1795.0,194.5
USGS-09106485,2026-09-13 20:00:00+00:00,10.0,22.6,1780.0,208.0
USGS-09106485,2026-09-13 21:00:00+00:00,9.3,22.75,1780.0,209.5
USGS-09106485,2026-09-13 22:00:00+00:00,8.75,22.700000000000003,1790.0,214.0
USGS-09106485,2026-09-13 23:00:00+00:00,8.8,22.95,1780.0,206.5
USGS-09106485,2026-09-14 00:00:00+00:00,8.5,23.15,1750.0,197.5
USGS-09106485,2026-09-14 01:00:00+00:00,7.4,22.65,1755.0,193.0
USGS-09106485,2026-09-14 02:00:00+00:00,6.65,22.05,1770.0,193.0
USGS-09106485,2026-09-14 03:00:00+00:00,6.25,21.7,1775.0,193.0
USGS-09106485,2026-09-14 04:00:00+00:00,6.1,21.35,1790.0,193.0
USGS-09106485,2026-09-14 05:00:00+00:00,6.1,21.2,1800.0,193.0
USGS-09106485,2026-09-14 06:00:00+00:00,6.05,21.05,1810.0,190.0
USGS-09106485,2026-09-14 07:00:00+00:00,6.0,20.85,1815.0,190.0
USGS-09106485,2026-09-14 08:00:00+00:00,6.0,20.7,1820.0,188.0
USGS-09106485,2026-09-14 09:00:00+00:00,6.0,20.55,1825.0,188.0
USGS-09106485,2026-09-14 10:00:00+00:00,6.0,20.35,1830.0,190.0
USGS-09106485,2026-09-14 11:00:00+00:00,6.1,20.2,1830.0,191.5
USGS-09106485,2026-09-14 12:00:00+00:00,6.1,20.05,1830.0,193.0
USGS-09106485,2026-09-14 13:00:00+00:00,6.2,19.9,1830.0,193.0
USGS-09106485,2026-09-14 14:00:00+00:00,6.699999999999999,19.9,1830.0,194.5
USGS-09106485,2026-09-14 15:00:00+00:00,7.75,20.25,1830.0,196.0
USGS-09106485,2026-09-14 16:00:00+00:00,9.05,20.85,1830.0,200.5
USGS-09106485,2026-09-14 17:00:00+00:00,10.7,21.950000000000003,1815.0,203.5
USGS-09106485,2026-09-14 18:00:00+00:00,10.95,22.55,1815.0,205.0
USGS-09106485,2026-09-14 19:00:00+00:00,11.5,23.15,1815.0,205.0
USGS-09106485,2026-09-14 20:00:00+00:00,11.6,23.6,1810.0,202.0
USGS-09106485,2026-09-14 21:00:00+00:00,10.9,23.65,1820.0,197.5
USGS-09106485,2026-09-14 22:00:00+00:00,10.55,23.6,1820.0,194.5
USGS-09106485,2026-09-14 23:00:00+00:00,9.35,23.1,1820.0,200.5
USGS-09106485,2026-09-15 00:00:00+00:00,8.2,22.7,1820.0,199.0
USGS-09106485,2026-09-15 01:00:00+00:00,7.800000000000001,22.299999999999997,1820.0,196.0
USGS-09106485,2026-09-15 02:00:00+00:00,6.95,21.700000000000003,1820.0,185.0
USGS-09106485,2026-09-15 03:00:00+00:00,6.7,21.25,1825.0,188.0
USGS-09106485,2026-09-15 04:00:00+00:00,6.5,21.0,1830.0,191.5
USGS-09106485,2026-09-15 05:00:00+00:00,6.45,20.75,1830.0,200.5
USGS-09106485,2026-09-15 06:00:00+00:00,6.4,20.45,1830.0,212.5
USGS-09106485,2026-09-15 07:00:00+00:00,6.2,20.3,1805.0,220.0
USGS-09106485,2026-09-15 08:00:00+00:00,6.15,20.05,1760.0,221.5
USGS-09106485,2026-09-15 09:00:00+00:00,6.2,19.85,1770.0,230.5
USGS-09106485,2026-09-15 10:00:00+00:00,6.2,19.75,1790.0,237.0
USGS-09106485,2026-09-15 11:00:00+00:00,6.2,19.6,1800.0,242.0
USGS-09106485,2026-09-15 12:00:00+00:00,6.2,19.4,1800.0,245.0
USGS-09106485,2026-09-15 13:00:00+00:00,6.25,19.2,1780.0,269.5
USGS-09106485,2026-09-15 14:00:00+00:00,6.6,19.15,1785.0,325.0
USGS-09106485,2026-09-15 15:00:00+00:00,7.199999999999999,19.4,1780.0,299.5
USGS-09106485,2026-09-15 16:00:00+00:00,8.25,20.1,1790.0,266.0
USGS-09106485,2026-09-15 17:00:00+00:00,9.25,20.950000000000003,1795.0,250.5
USGS-09106485,2026-09-15 18:00:00+00:00,9.65,21.3,1800.0,243.5
USGS-09106485,2026-09-15 19:00:00+00:00,9.5,21.75,1815.0,245.0
USGS-09106485,2026-09-15 20:00:00+00:00,8.3,22.55,1885.0,257.0
USGS-09106485,2026-09-15 21:00:00+00:00,6.85,22.5,2005.0,268.0
USGS-09106485,2026-09-15 22:00:00+00:00,6.45,22.5,1980.0,266.0
USGS-09106485,2026-09-15 23:00:00+00:00,6.45,22.45,1915.0,262.0
USGS-09106485,2026-09-16 00:00:00+00:00,6.5,22.15,1880.0,259.0
USGS-09106485,2026-09-16 01:00:00+00:00,6.5,21.700000000000003,1860.0,259.0
USGS-09106485,2026-09-16 02:00:00+00:00,6.4,21.3,1840.0,259.0
USGS-09106485,2026-09-16 03:00:00+00:00,6.4,21.05,1840.0,259.0
USGS-09106485,2026-09-16 04:00:00+00:00,6.35,20.9,1840.0,259.0
USGS-09106485,2026-09-16 05:00:00+00:00,6.3,20.7,1835.0,268.0
USGS-09106485,2026-09-16 06:00:00+00:00,6.2,20.6,1750.0,273.0
USGS-09106485,2026-09-16 07:00:00+00:00,6.1,20.5,1720.0,270.0
USGS-09106485,2026-09-16 08:00:00+00:00,6.15,20.4,1730.0,273.0
USGS-09106485,2026-09-16 09:00:00+00:00,6.2,20.3,1725.0,270.0
USGS-09106485,2026-09-16 10:00:00+00:00,6.2,20.15,1740.0,266.0
USGS-09106485,2026-09-16 11:00:00+00:00,6.35,19.95,1805.0,278.5
USGS-09106485,2026-09-16 12:00:00+00:00,6.5,19.75,1840.0,284.0
USGS-09106485,2026-09-16 13:00:00+00:00,6.6,19.6,1830.0,280.0
USGS-09106485,2026-09-16 14:00:00+00:00,6.6,19.6,1780.0,280.0
USGS-09106485,2026-09-16 15:00:00+00:00,6.65,19.6,1770.0,282.0
USGS-09106485,2026-09-16 16:00:00+00:00,6.85,20.0,1780.0,290.0
USGS-09106485,2026-09-16 17:00:00+00:00,7.25,20.8,1780.0,282.0
USGS-09106485,2026-09-16 18:00:00+00:00,7.25,21.1,1805.0,340.0
USGS-09106485,2026-09-16 19:00:00+00:00,7.300000000000001,22.049999999999997,1850.0,444.5
USGS-09106485,2026-09-16 20:00:00+00:00,7.05,22.0,1825.0,490.0
USGS-09106485,2026-09-16 21:00:00+00:00,7.0,21.75,1795.0,487.0
USGS-09106485,2026-09-16 22:00:00+00:00,6.9,21.8,1780.0,482.0
USGS-09106485,2026-09-16 23:00:00+00:00,6.9,21.8,1770.0,482.0
USGS-09106485,2026-09-17 00:00:00+00:00,6.9,21.7,1770.0,482.0
USGS-09106485,2026-09-17 01:00:00+00:00,6.8,21.7,1760.0,482.0
USGS-09106485,2026-09-17 02:00:00+00:00,6.7,21.7,1755.0,482.0
USGS-09106485,2026-09-17 03:00:00+00:00,6.65,21.65,1740.0,482.0
USGS-09106485,2026-09-17 04:00:00+00:00,6.7,21.3,1725.0,482.0
USGS-09106485,2026-09-17 05:00:00+00:00,6.7,21.15,1700.0,482.0
USGS-09106485,2026-09-17 06:00:00+00:00,6.7,20.95,1685.0,490.0
USGS-09106485,2026-09-17 07:00:00+00:00,6.7,20.7,1680.0,518.5
USGS-09106485,2026-09-17 08:00:00+00:00,6.7,20.55,1675.0,539.0
USGS-09106485,2026-09-17 09:00:00+00:00,6.7,20.35,1670.0,539.0
USGS-09106485,2026-09-17 10:00:00+00:00,6.55,20.15,1675.0,533.0
USGS-09106485,2026-09-17 11:00:00+00:00,6.6,19.95,1705.0,527.0
USGS-09106485,2026-09-17 12:00:00+00:00,6.5,19.75,1710.0,516.0
USGS-09106485,2026-09-17 13:00:00+00:00,6.6,19.6,1700.0,521.0
USGS-09106485,2026-09-17 14:00:00+00:00,6.7,19.6,1685.0,542.0
USGS-09106485,2026-09-17 15:00:00+00:00,6.9,19.65,1670.0,592.0
USGS-09106485,2026-09-17 16:00:00+00:00,6.9,19.7,1665.0,671.5
USGS-09106485,2026-09-17 17:00:00+00:00,6.8,19.95,1640.0,790.5
USGS-09106485,2026-09-17 18:00:00+00:00,6.65,20.2,1515.0,906.5
USGS-09106485,2026-09-17 19:00:00+00:00,6.7,20.4,1475.0,925.0
USGS-09106485,2026-09-17 20:00:00+00:00,6.7,20.6,1515.0,821.0
USGS-09106485,2026-09-17 21:00:00+00:00,6.7,20.7,1530.0,765.0
USGS-09106485,2026-09-17 22:00:00+00:00,6.7,20.8,1540.0,743.5
USGS-09106485,2026-09-17 23:00:00+00:00,6.6,21.0,1550.0,710.5
USGS-09106485,2026-09-18 00:00:00+00:00,6.45,20.95,1545.0,601.0
USGS-09106485,2026-09-18 01:00:00+00:00,6.35,20.9,1530.0,484.5
USGS-09106485,2026-09-18 02:00:00+00:00,6.35,20.8,1530.0,424.0
USGS-09106485,2026-09-18 03:00:00+00:00,6.35,20.55,1540.0,404.0
USGS-09106485,2026-09-18 04:00:00+00:00,6.5,20.35,1550.0,394.0
USGS-09106485,2026-09-18 05:00:00+00:00,6.55,20.15,1540.0,392.0
USGS-09106485,2026-09-18 06:00:00+00:00,6.6,19.95,1540.0,409.0
USGS-09106485,2026-09-18 07:00:00+00:00,6.75,19.8,1540.0,434.0
USGS-09106485,2026-09-18 08:00:00+00:00,6.8,19.6,1540.0,473.5
USGS-09106485,2026-09-18 09:00:00+00:00,6.8,19.4,1570.0,490.0
USGS-09106485,2026-09-18 10:00:00+00:00,6.75,19.2,1635.0,499.0
USGS-09106485,2026-09-18 11:00:00+00:00,6.9,19.0,1680.0,493.0
USGS-09106485,2026-09-18 12:00:00+00:00,7.05,18.8,1690.0,479.0
USGS-09106485,2026-09-18 13:00:00+00:00,7.2,18.65,1665.0,465.0
USGS-09106485,2026-09-18 14:00:00+00:00,7.2,18.65,1650.0,439.0
USGS-09106485,2026-09-18 15:00:00+00:00,7.2,19.05,1640.0,431.5
USGS-09106485,2026-09-18 16:00:00+00:00,7.3,19.75,1630.0,429.0
USGS-09106485,2026-09-18 17:00:00+00:00,7.2,20.35,1620.0,447.0
USGS-09106485,2026-09-18 18:00:00+00:00,7.2,21.299999999999997,1605.0,510.0
USGS-09106485,2026-09-18 19:00:00+00:00,7.1,21.6,1580.0,501.5
USGS-09106485,2026-09-18 20:00:00+00:00,7.1,22.0,1580.0,473.5
USGS-09106485,2026-09-18 21:00:00+00:00,7.05,22.6,1575.0,439.0
USGS-09106485,2026-09-18 22:00:00+00:00,7.0,22.8,1555.0,401.5
USGS-09106485,2026-09-18 23:00:00+00:00,7.0,22.75,1550.0,387.5
USGS-09106485,2026-09-19 00:00:00+00:00,6.95,22.55,1540.0,385.0
USGS-09106485,2026-09-19 01:00:00+00:00,6.8,22.35,1540.0,380.0
USGS-09106485,2026-09-19 02:00:00+00:00,6.7,22.15,1540.0,380.0
USGS-09106485,2026-09-19 03:00:00+00:00,6.7,21.9,1550.0,371.0
USGS-09106485,2026-09-19 04:00:00+00:00,6.7,21.65,1550.0,371.0
USGS-09106485,2026-09-19 05:00:00+00:00,6.8,21.35,1550.0,371.0
USGS-09106485,2026-09-19 06:00:00+00:00,6.8,21.15,1550.0,378.0
USGS-09106485,2026-09-19 07:00:00+00:00,6.8,20.9,1550.0,390.0
USGS-09106485,2026-09-19 08:00:00+00:00,6.9,20.55,1550.0,399.0
USGS-09106485,2026-09-19 09:00:00+00:00,7.1,20.0,1530.0,409.0
USGS-09106485,2026-09-19 10:00:00+00:00,7.0,19.75,1540.0,416.5
USGS-09106485,2026-09-19 11:00:00+00:00,7.0,19.45,1515.0,449.5
USGS-09106485,2026-09-19 12:00:00+00:00,6.95,19.05,1380.0,465.0
USGS-09106485,2026-09-19 13:00:00+00:00,7.0,18.8,1395.0,449.0
USGS-09106485,2026-09-19 14:00:00+00:00,7.0,18.7,1410.0,446.5
USGS-09106485,2026-09-19 15:00:00+00:00,7.1,18.9,1430.0,455.0
USGS-09106485,2026-09-19 16:00:00+00:00,7.25,19.4,1475.0,462.5
USGS-09106485,2026-09-19 17:00:00+00:00,7.35,20.15,1515.0,493.0
USGS-09106485,2026-09-19 18:00:00+00:00,7.3,20.5,1545.0,518.5
USGS-09106485,2026-09-19 19:00:00+00:00,7.15,20.9,1570.0,527.0
USGS-09106485,2026-09-19 20:00:00+00:00,7.1,20.85,1565.0,516.0
USGS-09106485,2026-09-19 21:00:00+00:00,7.1,21.299999999999997,1550.0,513.0
USGS-09106485,2026-09-19 22:00:00+00:00,7.0,20.95,1530.0,536.0
USGS-09106485,2026-09-19 23:00:00+00:00,7.0,21.05,1510.0,610.0
USGS-09106485,2026-09-20 00:00:00+00:00,7.0,21.1,1510.0,1085.0
USGS-09106485,2026-09-20 01:00:00+00:00,6.8,21.0,1430.0,1175.0
USGS-09106485,2026-09-20 02:00:00+00:00,6.8,20.700000000000003,1400.0,1260.0
USGS-09106485,2026-09-20 03:00:00+00:00,6.85,20.05,1380.0,1285.0
USGS-09106485,2026-09-20 04:00:00+00:00,6.8,19.45,1340.0,1225.0
USGS-09106485,2026-09-20 05:00:00+00:00,6.8,19.15,1345.0,1130.0
USGS-09106485,2026-09-20 06:00:00+00:00,6.95,18.95,1375.0,1060.0
USGS-09106485,2026-09-20 07:00:00+00:00,7.1,18.8,1405.0,991.0
USGS-09106485,2026-09-20 08:00:00+00:00,7.2,18.55,1420.0,939.0
USGS-09106485,2026-09-20 09:00:00+00:00,7.3,18.3,1430.0,883.5
USGS-09106485,2026-09-20 10:00:00+00:00,7.3,18.1,1450.0,838.5
USGS-09106485,2026-09-20 11:00:00+00:00,7.4,17.85,1460.0,794.5
USGS-09106485,2026-09-20 12:00:00+00:00,7.5,17.65,1470.0,769.0
USGS-09106485,2026-09-20 13:00:00+00:00,7.5,17.45,1480.0,731.0
USGS-09106485,2026-09-20 14:00:00+00:00,7.6,17.3,1490.0,718.5
USGS-09106485,2026-09-20 15:00:00+00:00,7.6,17.55,1500.0,706.0
USGS-09106485,2026-09-20 16:00:00+00:00,7.6,18.05,1510.0,698.0
USGS-09106485,2026-09-20 17:00:00+00:00,7.6,18.700000000000003,1510.0,684.0
USGS-09106485,2026-09-20 18:00:00+00:00,7.6,19.4,1500.0,637.0
USGS-09106485,2026-09-20 19:00:00+00:00,7.5,20.1,1500.0,637.0
USGS-09106485,2026-09-20 20:00:00+00:00,7.4,20.75,1500.0,656.0
USGS-09106485,2026-09-20 21:00:00+00:00,7.3,21.15,1500.0,665.0
USGS-09106485,2026-09-20 22:00:00+00:00,7.3,21.5,1500.0,659.0
USGS-09106485,2026-09-20 23:00:00+00:00,7.2,21.45,1500.0,643.0
USGS-09106485,2026-09-21 00:00:00+00:00,7.2,21.15,1490.0,616.0
USGS-09106485,2026-09-21 01:00:00+00:00,7.2,20.85,1475.0,565.0
USGS-09106485,2026-09-21 02:00:00+00:00,7.2,20.45,1460.0,545.0
USGS-09106485,2026-09-21 03:00:00+00:00,7.2,20.05,1440.0,550.0
USGS-09106485,2026-09-21 04:00:00+00:00,7.2,19.65,1415.0,550.0
USGS-09106485,2026-09-21 05:00:00+00:00,7.3,19.25,1400.0,556.0
USGS-09106485,2026-09-21 06:00:00+00:00,7.4,18.85,1380.0,598.0
USGS-09106485,2026-09-21 07:00:00+00:00,7.5,18.35,1360.0,643.0
USGS-09106485,2026-09-21 08:00:00+00:00,7.55,17.9,1340.0,662.0
USGS-09106485,2026-09-21 09:00:00+00:00,7.6,17.45,1320.0,662.0
USGS-09106485,2026-09-21 10:00:00+00:00,7.7,17.15,1305.0,659.0
USGS-09106485,2026-09-21 11:00:00+00:00,7.8,16.85,1290.0,646.0
USGS-09106485,2026-09-21 12:00:00+00:00,7.8,16.65,1290.0,640.0
USGS-09106485,2026-09-21 13:00:00+00:00,7.8,16.45,1295.0,640.0
USGS-09106485,2026-09-21 14:00:00+00:00,7.8,16.45,1300.0,634.0
USGS-09106485,2026-09-21 15:00:00+00:00,7.9,16.7,1300.0,640.0
USGS-09106485,2026-09-21 16:00:00+00:00,7.9,17.15,1300.0,634.0
USGS-09106485,2026-09-21 17:00:00+00:00,7.85,17.799999999999997,1305.0,634.0
USGS-09106485,2026-09-21 18:00:00+00:00,7.8,18.6,1310.0,628.0
USGS-09106485,2026-09-21 19:00:00+00:00,7.7,19.45,1315.0,619.0
USGS-09106485,2026-09-21 20:00:00+00:00,7.6,20.0,1320.0,595.0
USGS-09106485,2026-09-21 21:00:00+00:00,7.6,20.35,1330.0,586.0
USGS-09106485,2026-09-21 22:00:00+00:00,7.5,20.5,1330.0,586.0
USGS-09106485,2026-09-21 23:00:00+00:00,7.4,20.7,1340.0,586.0
USGS-09106485,2026-09-22 00:00:00+00:00,7.35,20.65,1340.0,586.0
USGS-09106485,2026-09-22 01:00:00+00:00,7.3,20.4,1350.0,583.0
USGS-09106485,2026-09-22 02:00:00+00:00,7.3,20.15,1350.0,580.0
USGS-09106485,2026-09-22 03:00:00+00:00,7.3,19.75,1350.0,574.0
USGS-09106485,2026-09-22 04:00:00+00:00,7.3,19.45,1350.0,574.0
USGS-09106485,2026-09-22 05:00:00+00:00,7.4,18.95,1350.0,574.0
USGS-09106485,2026-09-22 06:00:00+00:00,7.45,18.55,1350.0,568.0
USGS-09106485,2026-09-22 07:00:00+00:00,7.5,18.15,1360.0,568.0
USGS-09106485,2026-09-22 08:00:00+00:00,7.6,17.700000000000003,1360.0,568.0
USGS-09106485,2026-09-22 09:00:00+00:00,7.65,17.35,1370.0,565.0
USGS-09106485,2026-09-22 10:00:00+00:00,7.7,16.95,1380.0,559.0
USGS-09106485,2026-09-22 11:00:00+00:00,7.8,16.55,1380.0,556.0
USGS-09106485,2026-09-22 12:00:00+00:00,7.8,16.3,1385.0,556.0
USGS-09106485,2026-09-22 13:00:00+00:00,7.8,16.1,1380.0,562.0
USGS-09106485,2026-09-22 14:00:00+00:00,7.9,16.1,1380.0,580.0
USGS-09106485,2026-09-22 15:00:00+00:00,8.0,16.45,1380.0,583.0
USGS-09106485,2026-09-22 16:00:00+00:00,8.1,16.95,1375.0,583.0
USGS-09106485,2026-09-22 17:00:00+00:00,8.1,17.700000000000003,1370.0,592.0
USGS-09106485,2026-09-22 18:00:00+00:00,8.1,18.45,1370.0,592.0
USGS-09106485,2026-09-22 19:00:00+00:00,8.0,19.200000000000003,1370.0,592.0
USGS-09106485,2026-09-22 20:00:00+00:00,7.95,19.85,1360.0,583.0
USGS-09106485,2026-09-22 21:00:00+00:00,7.75,19.85,1360.0,574.0
USGS-09106485,2026-09-22 22:00:00+00:00,7.6,20.0,1370.0,580.0
USGS-09106485,2026-09-22 23:00:00+00:00,7.6,19.95,1360.0,565.0
USGS-09106485,2026-09-23 00:00:00+00:00,7.5,19.9,1360.0,547.5
USGS-09106485,2026-09-23 01:00:00+00:00,7.4,19.7,1370.0,545.0
USGS-09106485,2026-09-23 02:00:00+00:00,7.4,19.6,1365.0,539.0
USGS-09106485,2026-09-23 03:00:00+00:00,7.4,19.4,1380.0,539.0
USGS-09106485,2026-09-23 04:00:00+00:00,7.4,19.15,1380.0,539.0
USGS-09106485,2026-09-23 05:00:00+00:00,7.4,18.9,1390.0,533.0
USGS-09106485,2026-09-23 06:00:00+00:00,7.4,18.55,1400.0,533.0
USGS-09106485,2026-09-23 07:00:00+00:00,7.5,18.3,1400.0,539.0
USGS-09106485,2026-09-23 08:00:00+00:00,7.5,18.0,1400.0,539.0
USGS-09106485,2026-09-23 09:00:00+00:00,7.6,17.8,1400.0,533.0
USGS-09106485,2026-09-23 10:00:00+00:00,7.6,17.6,1395.0,533.0
USGS-09106485,2026-09-23 11:00:00+00:00,7.6,17.4,1385.0,521.0
USGS-09106485,2026-09-23 12:00:00+00:00,7.6,17.3,1380.0,518.5
USGS-09106485,2026-09-23 13:00:00+00:00,7.6,17.2,1380.0,521.0
USGS-09106485,2026-09-23 14:00:00+00:00,7.7,17.2,1380.0,521.0
USGS-09106485,2026-09-23 15:00:00+00:00,7.75,17.45,1380.0,521.0
USGS-09106485,2026-09-23 16:00:00+00:00,7.9,18.1,1380.0,521.0
USGS-09106485,2026-09-23 17:00:00+00:00,8.05,18.65,1380.0,515.5
USGS-09106485,2026-09-23 18:00:00+00:00,8.149999999999999,19.15,1385.0,460.0
USGS-09106485,2026-09-23 19:00:00+00:00,8.3,19.799999999999997,1390.0,380.5
USGS-09106485,2026-09-23 20:00:00+00:00,8.149999999999999,19.9,1395.0,338.0
USGS-09106485,2026-09-23 21:00:00+00:00,7.9,19.8,1400.0,414.0
USGS-09106485,2026-09-23 22:00:00+00:00,8.05,20.15,1405.0,462.5
USGS-09106485,2026-09-23 23:00:00+00:00,7.9,20.4,1400.0,473.5
USGS-09106485,2026-09-24 00:00:00+00:00,7.65,20.15,1400.0,476.0
USGS-09106485,2026-09-24 01:00:00+00:00,7.5,19.95,1400.0,482.0
USGS-09106485,2026-09-24 02:00:00+00:00,7.4,19.75,1410.0,482.0
USGS-09106485,2026-09-24 03:00:00+00:00,7.4,19.45,1410.0,482.0
USGS-09106485,2026-09-24 04:00:00+00:00,7.4,19.2,1400.0,476.0
USGS-09106485,2026-09-24 05:00:00+00:00,7.4,18.95,1390.0,468.0
USGS-09106485,2026-09-24 06:00:00+00:00,7.4,18.65,1380.0,460.0
USGS-09106485,2026-09-24 07:00:00+00:00,7.5,18.35,1370.0,455.0
USGS-09106485,2026-09-24 08:00:00+00:00,7.5,18.05,1370.0,449.0
USGS-09106485,2026-09-24 09:00:00+00:00,7.6,17.65,1370.0,446.5
USGS-09106485,2026-09-24 10:00:00+00:00,7.6,17.35,1380.0,444.0
USGS-09106485,2026-09-24 11:00:00+00:00,7.7,17.05,1380.0,444.0
USGS-09106485,2026-09-24 12:00:00+00:00,7.7,16.8,1380.0,439.0
USGS-09106485,2026-09-24 13:00:00+00:00,7.8,16.6,1380.0,439.0
USGS-09106485,2026-09-24 14:00:00+00:00,7.9,16.6,1380.0,444.0
USGS-09106485,2026-09-24 15:00:00+00:00,8.149999999999999,16.9,1380.0,449.0
USGS-09106485,2026-09-24 16:00:00+00:00,8.4,17.5,1385.0,449.0
USGS-09106485,2026-09-24 17:00:00+00:00,8.6,18.200000000000003,1390.0,449.0
USGS-09106485,2026-09-24 18:00:00+00:00,8.7,18.9,1390.0,444.0
USGS-09106485,2026-09-24 19:00:00+00:00,8.7,19.65,1395.0,449.0
USGS-09106485,2026-09-24 20:00:00+00:00,8.649999999999999,20.25,1400.0,426.5
USGS-09106485,2026-09-24 21:00:00+00:00,8.4,20.3,1400.0,424.0
USGS-09106485,2026-09-24 22:00:00+00:00,8.05,20.2,1410.0,416.5
USGS-09106485,2026-09-24 23:00:00+00:00,7.85,20.15,1410.0,409.0
USGS-09106485,2026-09-25 00:00:00+00:00,7.6,20.0,1410.0,411.5
USGS-09106485,2026-09-25 01:00:00+00:00,7.5,19.8,1415.0,414.0
USGS-09106485,2026-09-25 02:00:00+00:00,7.4,19.6,1420.0,409.0
USGS-09106485,2026-09-25 03:00:00+00:00,7.4,19.4,1420.0,414.0
USGS-09106485,2026-09-25 04:00:00+00:00,7.4,19.2,1420.0,419.0
USGS-09106485,2026-09-25 05:00:00+00:00,7.4,19.0,1420.0,429.0
USGS-09106485,2026-09-25 06:00:00+00:00,7.4,18.85,1430.0,436.5
USGS-09106485,2026-09-25 07:00:00+00:00,7.4,18.6,1440.0,446.5
USGS-09106485,2026-09-25 08:00:00+00:00,7.4,18.35,1440.0,444.0
USGS-09106485,2026-09-25 09:00:00+00:00,7.4,18.05,1430.0,436.5
USGS-09106485,2026-09-25 10:00:00+00:00,7.4,17.8,1410.0,424.0
USGS-09106485,2026-09-25 11:00:00+00:00,7.45,17.6,1390.0,416.5
USGS-09106485,2026-09-25 12:00:00+00:00,7.5,17.45,1380.0,411.5
USGS-09106485,2026-09-25 13:00:00+00:00,7.6,17.3,1385.0,409.0
USGS-09106485,2026-09-25 14:00:00+00:00,7.65,17.2,1390.0,409.0
USGS-09106485,2026-09-25 15:00:00+00:00,7.8,17.55,1400.0,409.0
USGS-09106485,2026-09-25 16:00:00+00:00,7.9,17.9,1405.0,409.0
USGS-09106485,2026-09-25 17:00:00+00:00,8.149999999999999,18.799999999999997,1415.0,416.5
USGS-09106485,2026-09-25 18:00:00+00:00,8.05,19.35,1430.0,419.0
USGS-09106485,2026-09-25 19:00:00+00:00,8.0,19.6,1440.0,419.0
USGS-09106485,2026-09-25 20:00:00+00:00,8.0,19.85,1455.0,419.0
USGS-09106485,2026-09-25 21:00:00+00:00,7.95,20.1,1470.0,419.0
USGS-09106485,2026-09-25 22:00:00+00:00,8.0,20.6,1480.0,419.0
USGS-09106485,2026-09-25 23:00:00+00:00,7.8,20.45,1480.0,416.5
USGS-09106485,2026-09-26 00:00:00+00:00,7.55,20.05,1480.0,414.0
USGS-09106485,2026-09-26 01:00:00+00:00,7.4,19.75,1480.0,419.0
USGS-09106485,2026-09-26 02:00:00+00:00,7.4,19.35,1480.0,411.5
USGS-09106485,2026-09-26 03:00:00+00:00,7.4,18.95,1470.0,419.0
USGS-09106485,2026-09-26 04:00:00+00:00,7.4,18.7,1470.0,416.5
USGS-09106485,2026-09-26 05:00:00+00:00,7.4,18.55,1460.0,429.0
USGS-09106485,2026-09-26 06:00:00+00:00,7.4,18.4,1450.0,434.0
USGS-09106485,2026-09-26 07:00:00+00:00,7.45,18.15,1440.0,449.0
USGS-09106485,2026-09-26 08:00:00+00:00,7.5,17.85,1440.0,444.0
USGS-09106485,2026-09-26 09:00:00+00:00,7.5,17.55,1450.0,434.0
USGS-09106485,2026-09-26 10:00:00+00:00,7.6,17.25,1460.0,434.0
USGS-09106485,2026-09-26 11:00:00+00:00,7.6,16.85,1470.0,419.0
USGS-09106485,2026-09-26 12:00:00+00:00,7.7,16.6,1470.0,419.0
USGS-09106485,2026-09-26 13:00:00+00:00,7.75,16.35,1480.0,414.0
USGS-09106485,2026-09-26 14:00:00+00:00,7.95,16.3,1475.0,414.0
USGS-09106485,2026-09-26 15:00:00+00:00,8.350000000000001,16.6,1470.0,409.0
USGS-09106485,2026-09-26 16:00:00+00:00,8.649999999999999,17.1,1470.0,409.0
USGS-09106485,2026-09-26 17:00:00+00:00,8.95,18.049999999999997,1460.0,401.5
USGS-09106485,2026-09-26 18:00:00+00:00,9.25,19.1,1460.0,399.0
USGS-09106485,2026-09-26 19:00:00+00:00,9.2,19.9,1460.0,394.0
USGS-09106485,2026-09-26 20:00:00+00:00,8.9,20.1,1465.0,394.0
USGS-09106485,2026-09-26 21:00:00+00:00,9.0,20.85,1470.0,394.0
USGS-09106485,2026-09-26 22:00:00+00:00,8.75,21.15,1470.0,401.5
USGS-09106485,2026-09-26 23:00:00+00:00,8.4,21.05,1480.0,414.0
USGS-09106485,2026-09-27 00:00:00+00:00,7.95,20.9,1480.0,421.5
USGS-09106485,2026-09-27 01:00:00+00:00,7.5,20.8,1480.0,436.5
USGS-09106485,2026-09-27 02:00:00+00:00,7.3,20.65,1480.0,449.0
USGS-09106485,2026-09-27 03:00:00+00:00,7.25,20.45,1470.0,462.5
USGS-09106485,2026-09-27 04:00:00+00:00,7.2,20.25,1470.0,482.0
USGS-09106485,2026-09-27 05:00:00+00:00,7.2,19.95,1460.0,499.0
USGS-09106485,2026-09-27 06:00:00+00:00,7.2,19.6,1470.0,504.0
USGS-09106485,2026-09-27 07:00:00+00:00,7.3,19.25,1470.0,510.0
USGS-09106485,2026-09-27 08:00:00+00:00,7.3,18.75,1460.0,504.0
USGS-09106485,2026-09-27 09:00:00+00:00,7.4,18.35,1460.0,504.0
USGS-09106485,2026-09-27 10:00:00+00:00,7.45,17.85,1460.0,499.0
USGS-09106485,2026-09-27 11:00:00+00:00,7.5,17.4,1460.0,493.0
USGS-09106485,2026-09-27 12:00:00+00:00,7.6,17.05,1460.0,487.0
USGS-09106485,2026-09-27 13:00:00+00:00,7.6,16.75,1460.0,482.0
USGS-09106485,2026-09-27 14:00:00+00:00,7.8,16.7,1460.0,476.0
USGS-09106485,2026-09-27 15:00:00+00:00,8.25,17.05,1460.0,471.0
USGS-09106485,2026-09-27 16:00:00+00:00,8.4,17.45,1460.0,471.0
USGS-09106485,2026-09-27 17:00:00+00:00,8.649999999999999,17.85,1455.0,465.0
USGS-09106485,2026-09-27 18:00:00+00:00,9.0,18.6,1460.0,465.0
USGS-09106485,2026-09-27 19:00:00+00:00,9.2,19.6,1460.0,457.5
USGS-09106485,2026-09-27 20:00:00+00:00,8.8,19.7,1460.0,455.0
USGS-09106485,2026-09-27 21:00:00+00:00,8.6,19.9,1450.0,449.0
USGS-09106485,2026-09-27 22:00:00+00:00,8.9,20.6,1450.0,444.0
USGS-09106485,2026-09-27 23:00:00+00:00,8.2,20.4,1450.0,439.0
USGS-09106485,2026-09-28 00:00:00+00:00,7.85,20.35,1460.0,439.0
USGS-09106485,2026-09-28 01:00:00+00:00,7.55,20.2,1460.0,434.0
USGS-09106485,2026-09-28 02:00:00+00:00,7.35,20.05,1460.0,429.0
USGS-09106485,2026-09-28 03:00:00+00:00,7.3,19.9,1470.0,429.0
USGS-09106485,2026-09-28 04:00:00+00:00,7.2,19.65,1470.0,434.0
USGS-09106485,2026-09-28 05:00:00+00:00,7.2,19.4,1480.0,439.0
USGS-09106485,2026-09-28 06:00:00+00:00,7.2,19.25,1480.0,439.0
USGS-09106485,2026-09-28 07:00:00+00:00,7.3,19.0,1490.0,439.0
USGS-09106485,2026-09-28 08:00:00+00:00,7.25,18.75,1490.0,434.0
USGS-09106485,2026-09-28 09:00:00+00:00,7.3,18.55,1480.0,429.0
USGS-09106485,2026-09-28 10:00:00+00:00,7.4,18.25,1475.0,429.0
USGS-09106485,2026-09-28 11:00:00+00:00,7.4,18.0,1460.0,424.0
USGS-09106485,2026-09-28 12:00:00+00:00,7.4,17.75,1450.0,419.0
USGS-09106485,2026-09-28 13:00:00+00:00,7.4,17.6,1440.0,419.0
USGS-09106485,2026-09-28 14:00:00+00:00,7.55,17.4,1430.0,419.0
USGS-09106485,2026-09-28 15:00:00+00:00,7.75,17.25,1430.0,419.0
USGS-09106485,2026-09-28 16:00:00+00:00,7.95,17.25,1420.0,429.0
USGS-09106485,2026-09-28 17:00:00+00:00,8.350000000000001,17.4,1420.0,441.5
USGS-09106485,2026-09-28 18:00:00+00:00,8.75,17.55,1410.0,439.0
USGS-09106485,2026-09-28 19:00:00+00:00,8.850000000000001,17.7,1400.0,392.0
USGS-09106485,2026-09-28 20:00:00+00:00,8.55,17.7,1395.0,360.0
USGS-09106485,2026-09-28 21:00:00+00:00,8.4,17.7,1375.0,358.0
USGS-09106485,2026-09-28 22:00:00+00:00,8.5,17.7,1375.0,380.5
USGS-09106485,2026-09-28 23:00:00+00:00,8.55,17.6,1415.0,404.0
USGS-09106485,2026-09-29 00:00:00+00:00,8.149999999999999,17.5,1440.0,409.0
USGS-09106485,2026-09-29 01:00:00+00:00,7.85,17.4,1460.0,409.0
USGS-09106485,2026-09-29 02:00:00+00:00,7.8,17.3,1480.0,409.0
USGS-09106485,2026-09-29 03:00:00+00:00,7.7,17.3,1500.0,409.0
USGS-09106485,2026-09-29 04:00:00+00:00,7.7,17.2,1490.0,431.5
USGS-09106485,2026-09-29 05:00:00+00:00,7.6,17.2,1470.0,431.5
USGS-09106485,2026-09-29 06:00:00+00:00,7.6,17.2,1450.0,436.5
USGS-09106485,2026-09-29 07:00:00+00:00,7.6,17.2,1450.0,436.5
USGS-09106485,2026-09-29 08:00:00+00:00,7.6,17.1,1450.0,434.0
USGS-09106485,2026-09-29 09:00:00+00:00,7.65,17.05,1450.0,434.0
USGS-09106485,2026-09-29 10:00:00+00:00,7.7,16.95,1455.0,404.0
USGS-09106485,2026-09-29 11:00:00+00:00,7.7,16.8,1460.0,404.0
USGS-09106485,2026-09-29 12:00:00+00:00,7.7,16.7,1460.0,399.0
USGS-09106485,2026-09-29 13:00:00+00:00,7.7,16.7,1460.0,396.5
USGS-09106485,2026-09-29 14:00:00+00:00,7.95,16.7,1460.0,396.5
USGS-09106485,2026-09-29 15:00:00+00:00,8.6,16.95,1465.0,394.0
USGS-09106485,2026-09-29 16:00:00+00:00,8.95,17.25,1470.0,394.0
USGS-09106485,2026-09-29 17:00:00+00:00,9.45,17.8,1470.0,394.0
USGS-09106485,2026-09-29 18:00:00+00:00,9.6,18.15,1480.0,394.0
USGS-09106485,2026-09-29 19:00:00+00:00,9.55,18.3,1480.0,394.0
USGS-09106485,2026-09-29 20:00:00+00:00,9.75,18.65,1485.0,394.0
USGS-09106485,2026-09-29 21:00:00+00:00,9.8,19.0,1500.0,390.0
USGS-09106485,2026-09-29 22:00:00+00:00,9.4,19.0,1510.0,385.0
USGS-09106485,2026-09-29 23:00:00+00:00,9.0,18.9,1510.0,380.0
USGS-09106485,2026-09-30 00:00:00+00:00,8.55,18.85,1520.0,376.0
USGS-09106485,2026-09-30 01:00:00+00:00,8.05,18.7,1520.0,371.0
USGS-09106485,2026-09-30 02:00:00+00:00,7.8,18.5,1520.0,366.0
USGS-09106485,2026-09-30 03:00:00+00:00,7.7,18.35,1530.0,366.0
USGS-09106485,2026-09-30 04:00:00+00:00,7.6,18.15,1530.0,366.0
USGS-09106485,2026-09-30 05:00:00+00:00,7.6,18.0,1525.0,366.0
USGS-09106485,2026-09-30 06:00:00+00:00,7.55,17.85,1520.0,371.0
USGS-09106485,2026-09-30 07:00:00+00:00,7.5,17.75,1510.0,371.0
USGS-09106485,2026-09-30 08:00:00+00:00,7.5,17.65,1510.0,373.5
USGS-09106485,2026-09-30 09:00:00+00:00,7.5,17.6,1510.0,376.0
USGS-09106485,2026-09-30 10:00:00+00:00,7.5,17.5,1510.0,376.0
USGS-09106485,2026-09-30 11:00:00+00:00,7.5,17.35,1510.0,376.0
USGS-09106485,2026-09-30 12:00:00+00:00,7.6,17.2,1510.0,376.0
USGS-09106485,2026-09-30 13:00:00+00:00,7.6,17.1,1510.0,376.0
USGS-09106485,2026-09-30 14:00:00+00:00,7.7,17.0,1515.0,376.0
USGS-09106485,2026-09-30 15:00:00+00:00,7.95,16.9,1520.0,376.0
USGS-09106485,2026-09-30 16:00:00+00:00,8.4,17.0,1515.0,376.0
USGS-09106485,2026-09-30 17:00:00+00:00,8.95,17.15,1520.0,380.0
USGS-09106485,2026-09-30 18:00:00+00:00,9.6,17.65,1520.0,380.0
USGS-09106485,2026-09-30 19:00:00+00:00,9.7,17.9,1520.0,385.0
USGS-09106485,2026-09-30 20:00:00+00:00,9.75,18.05,1520.0,396.5
USGS-09106485,2026-09-30 21:00:00+00:00,10.0,18.5,1535.0,409.0
USGS-09106485,2026-09-30 22:00:00+00:00,10.05,18.9,1540.0,421.5
USGS-09106485,2026-09-30 23:00:00+00:00,9.7,19.0,1540.0,436.5
USGS-09106485,2026-10-01 00:00:00+00:00,8.75,18.75,1540.0,444.0
USGS-09106485,2026-10-01 01:00:00+00:00,8.1,18.45,1535.0,439.0
USGS-09106485,2026-10-01 02:00:00+00:00,7.8,18.15,1530.0,439.0
USGS-09106485,2026-10-01 03:00:00+00:00,7.7,17.9,1530.0,446.5
USGS-09106485,2026-10-01 04:00:00+00:00,7.7,17.7,1520.0,468.0
USGS-09106485,2026-10-01 05:00:00+00:00,7.7,17.5,1510.0,482.0
USGS-09106485,2026-10-01 06:00:00+00:00,7.7,17.3,1510.0,487.0
USGS-09106485,2026-10-01 07:00:00+00:00,7.7,17.1,1510.0,493.0
USGS-09106485,2026-10-01 08:00:00+00:00,7.7,16.85,1510.0,493.0
USGS-09106485,2026-10-01 09:00:00+00:00,7.7,16.6,1510.0,484.5
USGS-09106485,2026-10-01 10:00:00+00:00,7.7,16.35,1500.0,476.0
USGS-09106485,2026-10-01 11:00:00+00:00,7.8,16.15,1500.0,471.0
USGS-09106485,2026-10-01 12:00:00+00:00,7.8,15.95,1500.0,460.0
USGS-09106485,2026-10-01 13:00:00+00:00,7.9,15.7,1505.0,449.0
USGS-09106485,2026-10-01 14:00:00+00:00,8.149999999999999,15.6,1510.0,439.0
USGS-09106485,2026-10-01 15:00:00+00:00,8.9,15.85,1510.0,431.5
USGS-09106485,2026-10-01 16:00:00+00:00,9.7,16.4,1520.0,424.0
USGS-09106485,2026-10-01 17:00:00+00:00,10.15,17.1,1520.0,424.0
USGS-09106485,2026-10-01 18:00:00+00:00,10.6,17.9,1530.0,424.0
USGS-09106485,2026-10-01 19:00:00+00:00,10.8,18.700000000000003,1530.0,419.0
USGS-09106485,2026-10-01 20:00:00+00:00,10.8,19.45,1530.0,419.0
USGS-09106485,2026-10-01 21:00:00+00:00,10.65,19.85,1530.0,414.0
USGS-09106485,2026-10-01 22:00:00+00:00,10.45,20.1,1530.0,404.0
USGS-09106485,2026-10-01 23:00:00+00:00,9.7,20.0,1530.0,399.0
USGS-09106485,2026-10-02 00:00:00+00:00,8.7,19.7,1540.0,399.0
USGS-09106485,2026-10-02 01:00:00+00:00,8.05,19.35,1550.0,399.0
USGS-09106485,2026-10-02 02:00:00+00:00,7.8,19.05,1560.0,394.0
USGS-09106485,2026-10-02 03:00:00+00:00,7.65,18.75,1560.0,394.0
USGS-09106485,2026-10-02 04:00:00+00:00,7.6,18.45,1550.0,394.0
USGS-09106485,2026-10-02 05:00:00+00:00,7.6,18.2,1550.0,396.5
USGS-09106485,2026-10-02 06:00:00+00:00,7.6,17.95,1540.0,399.0
USGS-09106485,2026-10-02 07:00:00+00:00,7.6,17.7,1540.0,404.0
USGS-09106485,2026-10-02 08:00:00+00:00,7.6,17.45,1540.0,404.0
USGS-09106485,2026-10-02 09:00:00+00:00,,,,
