station_id,time,Water temperature,Specific conductance,Discharge
USGS-09180000,2025-10-02 05:00:00+00:00,18.6,1380.0,78.9
USGS-09180000,2025-10-02 06:00:00+00:00,18.6,1380.0,78.9
USGS-09180000,2025-10-02 07:00:00+00:00,18.5,1380.0,78.9
USGS-09180000,2025-10-02 08:00:00+00:00,18.35,1390.0,78.9
USGS-09180000,2025-10-02 09:00:00+00:00,18.15,1400.0,77.1
USGS-09180000,2025-10-02 10:00:00+00:00,17.75,1405.0,77.1
USGS-09180000,2025-10-02 11:00:00+00:00,17.35,1415.0,75.3
USGS-09180000,2025-10-02 12:00:00+00:00,17.05,1425.0,75.3
USGS-09180000,2025-10-02 13:00:00+00:00,16.75,1440.0,73.5
USGS-09180000,2025-10-02 14:00:00+00:00,16.6,1460.0,73.5
USGS-09180000,2025-10-02 15:00:00+00:00,16.6,1480.0,71.8
USGS-09180000,2025-10-02 16:00:00+00:00,16.8,1495.0,71.8
USGS-09180000,2025-10-02 17:00:00+00:00,17.299999999999997,1520.0,71.8
USGS-09180000,2025-10-02 18:00:00+00:00,18.0,1540.0,70.1
USGS-09180000,2025-10-02 19:00:00+00:00,18.799999999999997,1560.0,70.1
USGS-09180000,2025-10-02 20:00:00+00:00,19.5,1580.0,70.1
USGS-09180000,2025-10-02 21:00:00+00:00,20.05,1600.0,68.4
USGS-09180000,2025-10-02 22:00:00+00:00,20.45,1625.0,66.7
USGS-09180000,2025-10-02 23:00:00+00:00,20.6,1655.0,66.7
USGS-09180000,2025-10-03 00:00:00+00:00,20.55,1685.0,65.1
USGS-09180000,2025-10-03 01:00:00+00:00,20.1,1710.0,65.1
USGS-09180000,2025-10-03 02:00:00+00:00,19.45,1740.0,63.5
USGS-09180000,2025-10-03 03:00:00+00:00,18.799999999999997,1765.0,63.5
USGS-09180000,2025-10-03 04:00:00+00:00,18.35,1800.0,62.7
USGS-09180000,2025-10-03 05:00:00+00:00,17.95,1825.0,61.9
USGS-09180000,2025-10-03 06:00:00+00:00,17.7,1845.0,61.9
USGS-09180000,2025-10-03 07:00:00+00:00,17.65,1865.0,60.3
USGS-09180000,2025-10-03 08:00:00+00:00,17.55,1880.0,61.099999999999994
USGS-09180000,2025-10-03 09:00:00+00:00,17.4,1900.0,60.3
USGS-09180000,2025-10-03 10:00:00+00:00,17.3,1910.0,60.3
USGS-09180000,2025-10-03 11:00:00+00:00,17.05,1920.0,58.7
USGS-09180000,2025-10-03 12:00:00+00:00,16.700000000000003,1930.0,58.7
USGS-09180000,2025-10-03 13:00:00+00:00,16.299999999999997,1940.0,57.2
USGS-09180000,2025-10-03 14:00:00+00:00,16.1,1950.0,56.45
USGS-09180000,2025-10-03 15:00:00+00:00,16.2,1960.0,56.45
USGS-09180000,2025-10-03 16:00:00+00:00,16.45,1970.0,55.7
USGS-09180000,2025-10-03 17:00:00+00:00,17.05,1985.0,57.2
USGS-09180000,2025-10-03 18:00:00+00:00,17.549999999999997,1995.0,55.7
USGS-09180000,2025-10-03 19:00:00+00:00,18.299999999999997,2015.0,55.7
USGS-09180000,2025-10-03 20:00:00+00:00,18.75,2030.0,55.7
USGS-09180000,2025-10-03 21:00:00+00:00,19.15,2045.0,55.7
USGS-09180000,2025-10-03 22:00:00+00:00,19.5,2055.0,55.7
USGS-09180000,2025-10-03 23:00:00+00:00,19.55,2070.0,55.7
USGS-09180000,2025-10-04 00:00:00+00:00,19.4,2080.0,55.0
USGS-09180000,2025-10-04 01:00:00+00:00,19.2,2090.0,54.3
USGS-09180000,2025-10-04 02:00:00+00:00,18.85,2090.0,54.3
USGS-09180000,2025-10-04 03:00:00+00:00,18.45,2090.0,53.55
USGS-09180000,2025-10-04 04:00:00+00:00,18.05,2090.0,52.8
USGS-09180000,2025-10-04 05:00:00+00:00,17.65,2080.0,52.8
USGS-09180000,2025-10-04 06:00:00+00:00,17.35,2075.0,52.8
USGS-09180000,2025-10-04 07:00:00+00:00,17.05,2060.0,52.8
USGS-09180000,2025-10-04 08:00:00+00:00,16.9,2050.0,52.8
USGS-09180000,2025-10-04 09:00:00+00:00,16.8,2030.0,51.4
USGS-09180000,2025-10-04 10:00:00+00:00,16.65,2010.0,51.4
USGS-09180000,2025-10-04 11:00:00+00:00,16.4,1990.0,50.7
USGS-09180000,2025-10-04 12:00:00+00:00,16.3,1965.0,50.0
USGS-09180000,2025-10-04 13:00:00+00:00,16.15,1950.0,50.0
USGS-09180000,2025-10-04 14:00:00+00:00,16.15,1925.0,49.3
USGS-09180000,2025-10-04 15:00:00+00:00,16.05,1910.0,48.6
USGS-09180000,2025-10-04 16:00:00+00:00,16.05,1895.0,48.6
USGS-09180000,2025-10-04 17:00:00+00:00,16.4,1880.0,47.900000000000006
USGS-09180000,2025-10-04 18:00:00+00:00,17.05,1870.0,47.2
USGS-09180000,2025-10-04 19:00:00+00:00,17.45,1870.0,47.2
USGS-09180000,2025-10-04 20:00:00+00:00,17.75,1870.0,47.2
USGS-09180000,2025-10-04 21:00:00+00:00,18.05,1870.0,45.9
USGS-09180000,2025-10-04 22:00:00+00:00,18.35,1870.0,45.9
USGS-09180000,2025-10-04 23:00:00+00:00,18.4,1880.0,45.25
USGS-09180000,2025-10-05 00:00:00+00:00,18.15,1885.0,44.6
USGS-09180000,2025-10-05 01:00:00+00:00,17.75,1890.0,44.6
USGS-09180000,2025-10-05 02:00:00+00:00,17.25,1900.0,44.6
USGS-09180000,2025-10-05 03:00:00+00:00,16.799999999999997,1910.0,45.9
USGS-09180000,2025-10-05 04:00:00+00:00,16.25,1910.0,45.9
USGS-09180000,2025-10-05 05:00:00+00:00,15.85,1920.0,45.9
USGS-09180000,2025-10-05 06:00:00+00:00,15.45,1920.0,47.2
USGS-09180000,2025-10-05 07:00:00+00:00,15.2,1920.0,47.2
USGS-09180000,2025-10-05 08:00:00+00:00,15.0,1920.0,47.2
USGS-09180000,2025-10-05 09:00:00+00:00,14.8,1920.0,48.6
USGS-09180000,2025-10-05 10:00:00+00:00,14.75,1920.0,48.6
USGS-09180000,2025-10-05 11:00:00+00:00,14.6,1920.0,48.6
USGS-09180000,2025-10-05 12:00:00+00:00,14.4,1920.0,48.6
USGS-09180000,2025-10-05 13:00:00+00:00,14.2,1920.0,48.6
USGS-09180000,2025-10-05 14:00:00+00:00,14.1,1920.0,47.900000000000006
USGS-09180000,2025-10-05 15:00:00+00:00,14.2,1920.0,47.2
USGS-09180000,2025-10-05 16:00:00+00:00,14.55,1920.0,47.2
USGS-09180000,2025-10-05 17:00:00+00:00,15.05,1920.0,47.2
USGS-09180000,2025-10-05 18:00:00+00:00,15.7,1920.0,47.2
USGS-09180000,2025-10-05 19:00:00+00:00,16.45,1920.0,45.9
USGS-09180000,2025-10-05 20:00:00+00:00,17.1,1920.0,45.9
USGS-09180000,2025-10-05 21:00:00+00:00,17.799999999999997,1925.0,45.9
USGS-09180000,2025-10-05 22:00:00+00:00,18.5,1925.0,45.9
USGS-09180000,2025-10-05 23:00:00+00:00,18.9,1920.0,45.9
USGS-09180000,2025-10-06 00:00:00+00:00,18.85,1930.0,45.9
USGS-09180000,2025-10-06 01:00:00+00:00,18.45,1920.0,45.9
USGS-09180000,2025-10-06 02:00:00+00:00,17.95,1920.0,45.9
USGS-09180000,2025-10-06 03:00:00+00:00,17.4,1920.0,45.9
USGS-09180000,2025-10-06 04:00:00+00:00,16.700000000000003,1910.0,45.9
USGS-09180000,2025-10-06 05:00:00+00:00,16.0,1905.0,45.9
USGS-09180000,2025-10-06 06:00:00+00:00,15.45,1900.0,45.9
USGS-09180000,2025-10-06 07:00:00+00:00,14.95,1895.0,45.9
USGS-09180000,2025-10-06 08:00:00+00:00,14.6,1880.0,45.9
USGS-09180000,2025-10-06 09:00:00+00:00,14.3,1870.0,45.9
USGS-09180000,2025-10-06 10:00:00+00:00,14.1,1860.0,45.9
USGS-09180000,2025-10-06 11:00:00+00:00,13.9,1840.0,44.6
USGS-09180000,2025-10-06 12:00:00+00:00,13.75,1830.0,44.6
USGS-09180000,2025-10-06 13:00:00+00:00,13.55,1815.0,44.6
USGS-09180000,2025-10-06 14:00:00+00:00,13.5,1805.0,44.6
USGS-09180000,2025-10-06 15:00:00+00:00,13.75,1780.0,45.25
USGS-09180000,2025-10-06 16:00:00+00:00,14.05,1775.0,45.9
USGS-09180000,2025-10-06 17:00:00+00:00,14.6,1765.0,45.9
USGS-09180000,2025-10-06 18:00:00+00:00,15.3,1755.0,45.9
USGS-09180000,2025-10-06 19:00:00+00:00,16.0,1750.0,47.2
USGS-09180000,2025-10-06 20:00:00+00:00,16.75,1740.0,47.2
USGS-09180000,2025-10-06 21:00:00+00:00,17.5,1740.0,47.2
USGS-09180000,2025-10-06 22:00:00+00:00,18.200000000000003,1740.0,45.9
USGS-09180000,2025-10-06 23:00:00+00:00,18.6,1740.0,45.9
USGS-09180000,2025-10-07 00:00:00+00:00,18.55,1750.0,45.9
USGS-09180000,2025-10-07 01:00:00+00:00,18.25,1760.0,45.9
USGS-09180000,2025-10-07 02:00:00+00:00,17.799999999999997,1780.0,45.9
USGS-09180000,2025-10-07 03:00:00+00:00,17.200000000000003,1800.0,45.9
USGS-09180000,2025-10-07 04:00:00+00:00,16.5,1820.0,45.9
USGS-09180000,2025-10-07 05:00:00+00:00,15.9,1840.0,45.9
USGS-09180000,2025-10-07 06:00:00+00:00,15.3,1855.0,45.9
USGS-09180000,2025-10-07 07:00:00+00:00,14.85,1865.0,45.9
USGS-09180000,2025-10-07 08:00:00+00:00,14.4,1870.0,45.9
USGS-09180000,2025-10-07 09:00:00+00:00,14.1,1880.0,45.9
USGS-09180000,2025-10-07 10:00:00+00:00,13.85,1890.0,45.9
USGS-09180000,2025-10-07 11:00:00+00:00,13.6,1900.0,45.9
USGS-09180000,2025-10-07 12:00:00+00:00,13.4,1900.0,44.6
USGS-09180000,2025-10-07 13:00:00+00:00,13.2,1910.0,44.6
USGS-09180000,2025-10-07 14:00:00+00:00,13.15,1910.0,43.95
USGS-09180000,2025-10-07 15:00:00+00:00,13.45,1900.0,43.3
USGS-09180000,2025-10-07 16:00:00+00:00,13.85,1900.0,43.3
USGS-09180000,2025-10-07 17:00:00+00:00,14.35,1890.0,43.3
USGS-09180000,2025-10-07 18:00:00+00:00,15.05,1870.0,43.3
USGS-09180000,2025-10-07 19:00:00+00:00,15.7,1845.0,43.95
USGS-09180000,2025-10-07 20:00:00+00:00,16.549999999999997,1820.0,44.6
USGS-09180000,2025-10-07 21:00:00+00:00,17.4,1795.0,44.6
USGS-09180000,2025-10-07 22:00:00+00:00,18.15,1760.0,44.6
USGS-09180000,2025-10-07 23:00:00+00:00,18.6,1730.0,45.9
USGS-09180000,2025-10-08 00:00:00+00:00,18.6,1705.0,45.9
USGS-09180000,2025-10-08 01:00:00+00:00,18.35,1675.0,45.9
USGS-09180000,2025-10-08 02:00:00+00:00,17.85,1645.0,46.55
USGS-09180000,2025-10-08 03:00:00+00:00,17.299999999999997,1625.0,47.2
USGS-09180000,2025-10-08 04:00:00+00:00,16.65,1605.0,48.6
USGS-09180000,2025-10-08 05:00:00+00:00,16.05,1590.0,49.3
USGS-09180000,2025-10-08 06:00:00+00:00,15.5,1580.0,50.0
USGS-09180000,2025-10-08 07:00:00+00:00,15.05,1565.0,52.099999999999994
USGS-09180000,2025-10-08 08:00:00+00:00,14.65,1560.0,52.8
USGS-09180000,2025-10-08 09:00:00+00:00,14.35,1545.0,54.3
USGS-09180000,2025-10-08 10:00:00+00:00,14.15,1540.0,55.7
USGS-09180000,2025-10-08 11:00:00+00:00,13.95,1530.0,55.7
USGS-09180000,2025-10-08 12:00:00+00:00,13.8,1530.0,57.2
USGS-09180000,2025-10-08 13:00:00+00:00,13.6,1530.0,57.2
USGS-09180000,2025-10-08 14:00:00+00:00,13.4,1520.0,58.7
USGS-09180000,2025-10-08 15:00:00+00:00,13.55,1515.0,60.3
USGS-09180000,2025-10-08 16:00:00+00:00,13.85,1510.0,61.099999999999994
USGS-09180000,2025-10-08 17:00:00+00:00,14.45,1510.0,61.9
USGS-09180000,2025-10-08 18:00:00+00:00,15.3,1500.0,63.5
USGS-09180000,2025-10-08 19:00:00+00:00,16.1,1500.0,63.5
USGS-09180000,2025-10-08 20:00:00+00:00,17.0,1505.0,65.1
USGS-09180000,2025-10-08 21:00:00+00:00,17.799999999999997,1520.0,65.1
USGS-09180000,2025-10-08 22:00:00+00:00,18.35,1530.0,65.1
USGS-09180000,2025-10-08 23:00:00+00:00,18.5,1550.0,64.3
USGS-09180000,2025-10-09 00:00:00+00:00,18.35,1565.0,63.5
USGS-09180000,2025-10-09 01:00:00+00:00,17.799999999999997,1580.0,63.5
USGS-09180000,2025-10-09 02:00:00+00:00,17.1,1600.0,63.5
USGS-09180000,2025-10-09 03:00:00+00:00,16.4,1615.0,63.5
USGS-09180000,2025-10-09 04:00:00+00:00,15.85,1630.0,63.5
USGS-09180000,2025-10-09 05:00:00+00:00,15.45,1640.0,63.5
USGS-09180000,2025-10-09 06:00:00+00:00,15.3,1655.0,61.9
USGS-09180000,2025-10-09 07:00:00+00:00,15.4,1665.0,61.9
USGS-09180000,2025-10-09 08:00:00+00:00,15.4,1680.0,61.9
USGS-09180000,2025-10-09 09:00:00+00:00,15.3,1690.0,61.9
USGS-09180000,2025-10-09 10:00:00+00:00,15.2,1705.0,61.9
USGS-09180000,2025-10-09 11:00:00+00:00,15.0,1720.0,61.099999999999994
USGS-09180000,2025-10-09 12:00:00+00:00,14.75,1735.0,60.3
USGS-09180000,2025-10-09 13:00:00+00:00,14.45,1755.0,60.3
USGS-09180000,2025-10-09 14:00:00+00:00,14.3,1775.0,61.9
USGS-09180000,2025-10-09 15:00:00+00:00,14.4,1785.0,60.3
USGS-09180000,2025-10-09 16:00:00+00:00,14.7,1805.0,60.3
USGS-09180000,2025-10-09 17:00:00+00:00,15.25,1835.0,60.3
USGS-09180000,2025-10-09 18:00:00+00:00,15.65,1860.0,60.3
USGS-09180000,2025-10-09 19:00:00+00:00,16.15,1880.0,60.3
USGS-09180000,2025-10-09 20:00:00+00:00,16.65,1895.0,60.3
USGS-09180000,2025-10-09 21:00:00+00:00,17.15,1910.0,60.3
USGS-09180000,2025-10-09 22:00:00+00:00,17.65,1925.0,60.3
USGS-09180000,2025-10-09 23:00:00+00:00,17.8,1930.0,60.3
USGS-09180000,2025-10-10 00:00:00+00:00,17.7,1930.0,60.3
USGS-09180000,2025-10-10 01:00:00+00:00,17.55,1925.0,60.3
USGS-09180000,2025-10-10 02:00:00+00:00,17.2,1915.0,60.3
USGS-09180000,2025-10-10 03:00:00+00:00,16.85,1900.0,60.3
USGS-09180000,2025-10-10 04:00:00+00:00,16.65,1885.0,60.3
USGS-09180000,2025-10-10 05:00:00+00:00,16.5,1870.0,58.7
USGS-09180000,2025-10-10 06:00:00+00:00,16.4,1860.0,58.7
USGS-09180000,2025-10-10 07:00:00+00:00,16.4,1850.0,60.3
USGS-09180000,2025-10-10 08:00:00+00:00,16.4,1840.0,60.3
USGS-09180000,2025-10-10 09:00:00+00:00,16.4,1835.0,61.9
USGS-09180000,2025-10-10 10:00:00+00:00,16.4,1830.0,61.9
USGS-09180000,2025-10-10 11:00:00+00:00,16.5,1830.0,61.9
USGS-09180000,2025-10-10 12:00:00+00:00,16.5,1840.0,61.9
USGS-09180000,2025-10-10 13:00:00+00:00,16.4,1840.0,62.7
USGS-09180000,2025-10-10 14:00:00+00:00,16.4,1845.0,63.5
USGS-09180000,2025-10-10 15:00:00+00:00,16.45,1860.0,63.5
USGS-09180000,2025-10-10 16:00:00+00:00,16.5,1870.0,63.5
USGS-09180000,2025-10-10 17:00:00+00:00,16.65,1885.0,61.9
USGS-09180000,2025-10-10 18:00:00+00:00,16.85,1895.0,61.9
USGS-09180000,2025-10-10 19:00:00+00:00,17.15,1890.0,61.9
USGS-09180000,2025-10-10 20:00:00+00:00,17.45,1910.0,60.3
USGS-09180000,2025-10-10 21:00:00+00:00,17.7,1930.0,61.9
USGS-09180000,2025-10-10 22:00:00+00:00,17.8,1940.0,62.7
USGS-09180000,2025-10-10 23:00:00+00:00,17.9,1280.0,117.65
USGS-09180000,2025-10-11 00:00:00+00:00,17.7,1700.0,139.0
USGS-09180000,2025-10-11 01:00:00+00:00,17.6,1500.0,98.6
USGS-09180000,2025-10-11 02:00:00+00:00,17.6,1180.0,78.0
USGS-09180000,2025-10-11 03:00:00+00:00,17.4,1250.0,71.8
USGS-09180000,2025-10-11 04:00:00+00:00,17.2,1405.0,74.44999999999999
USGS-09180000,2025-10-11 05:00:00+00:00,17.1,1610.0,108.0
USGS-09180000,2025-10-11 06:00:00+00:00,17.0,1815.0,108.0
USGS-09180000,2025-10-11 07:00:00+00:00,17.0,1910.0,93.2
USGS-09180000,2025-10-11 08:00:00+00:00,17.0,1955.0,83.5
USGS-09180000,2025-10-11 09:00:00+00:00,17.0,1970.0,78.0
USGS-09180000,2025-10-11 10:00:00+00:00,16.9,1960.0,74.4
USGS-09180000,2025-10-11 11:00:00+00:00,16.8,1975.0,72.65
USGS-09180000,2025-10-11 12:00:00+00:00,16.8,1780.0,80.75
USGS-09180000,2025-10-11 13:00:00+00:00,16.7,1670.0,91.25
USGS-09180000,2025-10-11 14:00:00+00:00,16.65,1625.0,92.2
USGS-09180000,2025-10-11 15:00:00+00:00,16.6,1475.0,92.2
USGS-09180000,2025-10-11 16:00:00+00:00,16.65,1415.0,94.2
USGS-09180000,2025-10-11 17:00:00+00:00,16.8,1500.0,92.2
USGS-09180000,2025-10-11 18:00:00+00:00,17.1,1495.0,90.3
USGS-09180000,2025-10-11 19:00:00+00:00,17.65,1455.0,88.3
USGS-09180000,2025-10-11 20:00:00+00:00,18.05,1470.0,84.4
USGS-09180000,2025-10-11 21:00:00+00:00,18.5,1585.0,82.6
USGS-09180000,2025-10-11 22:00:00+00:00,18.75,1685.0,82.6
USGS-09180000,2025-10-11 23:00:00+00:00,18.8,1740.0,85.4
USGS-09180000,2025-10-12 00:00:00+00:00,18.65,1725.0,86.4
USGS-09180000,2025-10-12 01:00:00+00:00,18.4,1700.0,86.4
USGS-09180000,2025-10-12 02:00:00+00:00,18.15,1705.0,86.4
USGS-09180000,2025-10-12 03:00:00+00:00,17.85,1760.0,86.4
USGS-09180000,2025-10-12 04:00:00+00:00,17.6,1835.0,87.35
USGS-09180000,2025-10-12 05:00:00+00:00,17.4,1895.0,91.25
USGS-09180000,2025-10-12 06:00:00+00:00,17.3,1910.0,96.3
USGS-09180000,2025-10-12 07:00:00+00:00,17.25,1900.0,100.0
USGS-09180000,2025-10-12 08:00:00+00:00,17.0,1860.0,104.0
USGS-09180000,2025-10-12 09:00:00+00:00,16.85,1825.0,109.0
USGS-09180000,2025-10-12 10:00:00+00:00,16.45,1650.0,386.5
USGS-09180000,2025-10-12 11:00:00+00:00,16.0,1835.0,1855.0
USGS-09180000,2025-10-12 12:00:00+00:00,16.0,1820.0,1955.0
USGS-09180000,2025-10-12 13:00:00+00:00,16.2,1680.0,1845.0
USGS-09180000,2025-10-12 14:00:00+00:00,16.1,1535.0,1730.0
USGS-09180000,2025-10-12 15:00:00+00:00,16.1,1340.0,1770.0
USGS-09180000,2025-10-12 16:00:00+00:00,15.95,1027.0,1835.0
USGS-09180000,2025-10-12 17:00:00+00:00,15.8,861.0,1815.0
USGS-09180000,2025-10-12 18:00:00+00:00,15.9,764.0,1770.0
USGS-09180000,2025-10-12 19:00:00+00:00,16.1,701.5,1695.0
USGS-09180000,2025-10-12 20:00:00+00:00,16.35,666.5,1635.0
USGS-09180000,2025-10-12 21:00:00+00:00,16.4,1023.0,1560.0
USGS-09180000,2025-10-12 22:00:00+00:00,16.25,963.5,1505.0
USGS-09180000,2025-10-12 23:00:00+00:00,16.0,747.5,1480.0
USGS-09180000,2025-10-13 00:00:00+00:00,15.8,667.5,1495.0
USGS-09180000,2025-10-13 01:00:00+00:00,15.7,670.0,1500.0
USGS-09180000,2025-10-13 02:00:00+00:00,15.6,704.0,1480.0
USGS-09180000,2025-10-13 03:00:00+00:00,15.55,823.5,1440.0
USGS-09180000,2025-10-13 04:00:00+00:00,15.45,873.0,1430.0
USGS-09180000,2025-10-13 05:00:00+00:00,15.35,836.5,1435.0
USGS-09180000,2025-10-13 06:00:00+00:00,15.25,801.0,1480.0
USGS-09180000,2025-10-13 07:00:00+00:00,15.15,736.5,1540.0
USGS-09180000,2025-10-13 08:00:00+00:00,14.95,899.5,1640.0
USGS-09180000,2025-10-13 09:00:00+00:00,14.7,1040.0,1760.0
USGS-09180000,2025-10-13 10:00:00+00:00,14.45,929.0,1880.0
USGS-09180000,2025-10-13 11:00:00+00:00,14.2,774.0,1885.0
USGS-09180000,2025-10-13 12:00:00+00:00,14.1,849.0,1850.0
USGS-09180000,2025-10-13 13:00:00+00:00,13.95,827.0,1790.0
USGS-09180000,2025-10-13 14:00:00+00:00,13.9,719.0,1735.0
USGS-09180000,2025-10-13 15:00:00+00:00,13.95,630.0,1630.0
USGS-09180000,2025-10-13 16:00:00+00:00,14.0,630.0,1540.0
USGS-09180000,2025-10-13 17:00:00+00:00,14.1,690.5,1460.0
USGS-09180000,2025-10-13 18:00:00+00:00,14.25,758.0,1385.0
USGS-09180000,2025-10-13 19:00:00+00:00,14.35,803.0,1315.0
USGS-09180000,2025-10-13 20:00:00+00:00,14.4,801.0,1255.0
USGS-09180000,2025-10-13 21:00:00+00:00,14.55,772.0,1210.0
USGS-09180000,2025-10-13 22:00:00+00:00,14.65,761.0,1200.0
USGS-09180000,2025-10-13 23:00:00+00:00,14.6,791.5,1210.0
USGS-09180000,2025-10-14 00:00:00+00:00,14.5,824.0,1245.0
USGS-09180000,2025-10-14 01:00:00+00:00,14.4,859.0,1270.0
USGS-09180000,2025-10-14 02:00:00+00:00,14.4,883.0,1265.0
USGS-09180000,2025-10-14 03:00:00+00:00,14.3,947.5,1240.0
USGS-09180000,2025-10-14 04:00:00+00:00,14.25,1055.0,1175.0
USGS-09180000,2025-10-14 05:00:00+00:00,14.2,1195.0,1120.0
USGS-09180000,2025-10-14 06:00:00+00:00,14.1,1325.0,1020.0
USGS-09180000,2025-10-14 07:00:00+00:00,14.0,1440.0,946.5
USGS-09180000,2025-10-14 08:00:00+00:00,13.9,1515.0,872.5
USGS-09180000,2025-10-14 09:00:00+00:00,13.8,1540.0,819.0
USGS-09180000,2025-10-14 10:00:00+00:00,13.7,1540.0,775.0
USGS-09180000,2025-10-14 11:00:00+00:00,13.7,1530.0,732.0
USGS-09180000,2025-10-14 12:00:00+00:00,13.7,1505.0,695.0
USGS-09180000,2025-10-14 13:00:00+00:00,13.7,1475.0,687.5
USGS-09180000,2025-10-14 14:00:00+00:00,13.7,1455.0,744.0
USGS-09180000,2025-10-14 15:00:00+00:00,13.7,1445.0,751.5
USGS-09180000,2025-10-14 16:00:00+00:00,13.8,1440.0,956.0
USGS-09180000,2025-10-14 17:00:00+00:00,13.85,1380.0,1215.0
USGS-09180000,2025-10-14 18:00:00+00:00,13.95,1415.0,1355.0
USGS-09180000,2025-10-14 19:00:00+00:00,14.25,1420.0,1360.0
USGS-09180000,2025-10-14 20:00:00+00:00,14.65,1410.0,1285.0
USGS-09180000,2025-10-14 21:00:00+00:00,15.15,1440.0,1205.0
USGS-09180000,2025-10-14 22:00:00+00:00,15.4,1450.0,1095.0
USGS-09180000,2025-10-14 23:00:00+00:00,15.3,1380.0,994.0
USGS-09180000,2025-10-15 00:00:00+00:00,15.3,1300.0,894.0
USGS-09180000,2025-10-15 01:00:00+00:00,15.2,1370.0,795.0
USGS-09180000,2025-10-15 02:00:00+00:00,15.1,1345.0,713.5
USGS-09180000,2025-10-15 03:00:00+00:00,15.1,1185.0,651.5
USGS-09180000,2025-10-15 04:00:00+00:00,15.05,1090.0,600.0
USGS-09180000,2025-10-15 05:00:00+00:00,14.75,1035.0,570.5
USGS-09180000,2025-10-15 06:00:00+00:00,14.5,988.0,577.0
USGS-09180000,2025-10-15 07:00:00+00:00,14.4,942.5,637.5
USGS-09180000,2025-10-15 08:00:00+00:00,14.4,924.0,698.5
USGS-09180000,2025-10-15 09:00:00+00:00,14.3,890.0,728.0
USGS-09180000,2025-10-15 10:00:00+00:00,14.2,832.5,728.0
USGS-09180000,2025-10-15 11:00:00+00:00,14.2,798.5,728.0
USGS-09180000,2025-10-15 12:00:00+00:00,14.1,722.5,709.5
USGS-09180000,2025-10-15 13:00:00+00:00,14.0,774.5,687.5
USGS-09180000,2025-10-15 14:00:00+00:00,14.1,872.5,687.5
USGS-09180000,2025-10-15 15:00:00+00:00,14.25,747.0,767.0
USGS-09180000,2025-10-15 16:00:00+00:00,14.45,675.5,868.5
USGS-09180000,2025-10-15 17:00:00+00:00,14.55,681.5,916.0
USGS-09180000,2025-10-15 18:00:00+00:00,14.65,736.0,920.0
USGS-09180000,2025-10-15 19:00:00+00:00,14.8,812.5,898.0
USGS-09180000,2025-10-15 20:00:00+00:00,15.25,870.0,873.0
USGS-09180000,2025-10-15 21:00:00+00:00,15.6,915.0,847.0
USGS-09180000,2025-10-15 22:00:00+00:00,15.7,977.0,823.0
USGS-09180000,2025-10-15 23:00:00+00:00,15.5,1015.0,807.0
USGS-09180000,2025-10-16 00:00:00+00:00,15.5,1090.0,787.0
USGS-09180000,2025-10-16 01:00:00+00:00,15.4,1180.0,775.0
USGS-09180000,2025-10-16 02:00:00+00:00,15.4,1220.0,751.5
USGS-09180000,2025-10-16 03:00:00+00:00,15.4,1165.0,732.0
USGS-09180000,2025-10-16 04:00:00+00:00,15.3,1065.0,702.5
USGS-09180000,2025-10-16 05:00:00+00:00,15.2,1095.0,677.0
USGS-09180000,2025-10-16 06:00:00+00:00,15.05,1140.0,658.5
USGS-09180000,2025-10-16 07:00:00+00:00,14.85,1085.0,641.0
USGS-09180000,2025-10-16 08:00:00+00:00,14.7,911.0,634.0
USGS-09180000,2025-10-16 09:00:00+00:00,14.55,769.5,621.0
USGS-09180000,2025-10-16 10:00:00+00:00,14.25,722.0,614.0
USGS-09180000,2025-10-16 11:00:00+00:00,14.05,739.5,600.0
USGS-09180000,2025-10-16 12:00:00+00:00,13.9,802.5,587.0
USGS-09180000,2025-10-16 13:00:00+00:00,13.65,863.0,580.0
USGS-09180000,2025-10-16 14:00:00+00:00,13.3,897.0,567.0
USGS-09180000,2025-10-16 15:00:00+00:00,13.1,912.5,555.0
USGS-09180000,2025-10-16 16:00:00+00:00,13.1,921.5,555.0
USGS-09180000,2025-10-16 17:00:00+00:00,13.35,933.5,551.5
USGS-09180000,2025-10-16 18:00:00+00:00,13.55,952.5,555.0
USGS-09180000,2025-10-16 19:00:00+00:00,13.75,980.0,555.0
USGS-09180000,2025-10-16 20:00:00+00:00,14.05,1000.0,548.0
USGS-09180000,2025-10-16 21:00:00+00:00,14.55,1025.0,536.0
USGS-09180000,2025-10-16 22:00:00+00:00,14.7,1040.0,523.0
USGS-09180000,2025-10-16 23:00:00+00:00,14.7,1050.0,515.0
USGS-09180000,2025-10-17 00:00:00+00:00,14.45,1035.0,501.0
USGS-09180000,2025-10-17 01:00:00+00:00,14.15,996.5,501.0
USGS-09180000,2025-10-17 02:00:00+00:00,13.9,955.0,504.0
USGS-09180000,2025-10-17 03:00:00+00:00,13.9,920.0,509.5
USGS-09180000,2025-10-17 04:00:00+00:00,13.8,891.0,512.0
USGS-09180000,2025-10-17 05:00:00+00:00,13.6,858.5,509.5
USGS-09180000,2025-10-17 06:00:00+00:00,13.4,814.0,501.0
USGS-09180000,2025-10-17 07:00:00+00:00,13.15,761.5,491.0
USGS-09180000,2025-10-17 08:00:00+00:00,12.9,712.5,482.5
USGS-09180000,2025-10-17 09:00:00+00:00,12.7,668.0,475.0
USGS-09180000,2025-10-17 10:00:00+00:00,12.45,632.5,469.0
USGS-09180000,2025-10-17 11:00:00+00:00,12.2,605.5,459.0
USGS-09180000,2025-10-17 12:00:00+00:00,12.05,588.5,454.0
USGS-09180000,2025-10-17 13:00:00+00:00,11.9,580.5,449.0
USGS-09180000,2025-10-17 14:00:00+00:00,11.8,577.5,441.5
USGS-09180000,2025-10-17 15:00:00+00:00,11.8,575.0,436.5
USGS-09180000,2025-10-17 16:00:00+00:00,11.9,569.5,434.0
USGS-09180000,2025-10-17 17:00:00+00:00,12.15,560.5,426.5
USGS-09180000,2025-10-17 18:00:00+00:00,12.5,546.0,419.0
USGS-09180000,2025-10-17 19:00:00+00:00,12.8,530.5,409.0
USGS-09180000,2025-10-17 20:00:00+00:00,13.05,518.5,405.0
USGS-09180000,2025-10-17 21:00:00+00:00,13.45,510.0,400.0
USGS-09180000,2025-10-17 22:00:00+00:00,13.8,502.0,393.0
USGS-09180000,2025-10-17 23:00:00+00:00,13.8,497.0,386.0
USGS-09180000,2025-10-18 00:00:00+00:00,13.65,493.5,379.0
USGS-09180000,2025-10-18 01:00:00+00:00,13.4,494.0,374.5
USGS-09180000,2025-10-18 02:00:00+00:00,13.05,494.5,368.0
USGS-09180000,2025-10-18 03:00:00+00:00,12.85,497.5,361.0
USGS-09180000,2025-10-18 04:00:00+00:00,12.75,500.5,356.5
USGS-09180000,2025-10-18 05:00:00+00:00,12.6,504.0,354.0
USGS-09180000,2025-10-18 06:00:00+00:00,12.4,508.5,350.0
USGS-09180000,2025-10-18 07:00:00+00:00,12.15,514.5,345.0
USGS-09180000,2025-10-18 08:00:00+00:00,11.95,527.5,341.0
USGS-09180000,2025-10-18 09:00:00+00:00,11.75,530.0,337.0
USGS-09180000,2025-10-18 10:00:00+00:00,11.6,534.5,337.0
USGS-09180000,2025-10-18 11:00:00+00:00,11.4,536.0,333.0
USGS-09180000,2025-10-18 12:00:00+00:00,11.2,536.5,333.0
USGS-09180000,2025-10-18 13:00:00+00:00,10.95,535.5,328.0
USGS-09180000,2025-10-18 14:00:00+00:00,10.8,536.0,328.0
USGS-09180000,2025-10-18 15:00:00+00:00,10.7,539.0,326.0
USGS-09180000,2025-10-18 16:00:00+00:00,10.85,541.5,324.0
USGS-09180000,2025-10-18 17:00:00+00:00,11.25,544.5,320.0
USGS-09180000,2025-10-18 18:00:00+00:00,11.65,546.0,320.0
USGS-09180000,2025-10-18 19:00:00+00:00,12.1,547.5,316.0
USGS-09180000,2025-10-18 20:00:00+00:00,12.55,549.0,316.0
USGS-09180000,2025-10-18 21:00:00+00:00,12.85,552.5,312.0
USGS-09180000,2025-10-18 22:00:00+00:00,13.35,556.5,310.0
USGS-09180000,2025-10-18 23:00:00+00:00,13.6,561.5,306.0
USGS-09180000,2025-10-19 00:00:00+00:00,13.5,565.0,304.0
USGS-09180000,2025-10-19 01:00:00+00:00,13.4,568.0,300.0
USGS-09180000,2025-10-19 02:00:00+00:00,13.2,571.5,296.0
USGS-09180000,2025-10-19 03:00:00+00:00,12.85,577.0,292.0
USGS-09180000,2025-10-19 04:00:00+00:00,12.75,583.0,290.0
USGS-09180000,2025-10-19 05:00:00+00:00,12.65,589.5,288.0
USGS-09180000,2025-10-19 06:00:00+00:00,12.45,593.5,284.0
USGS-09180000,2025-10-19 07:00:00+00:00,12.25,599.5,280.0
USGS-09180000,2025-10-19 08:00:00+00:00,11.95,608.0,276.0
USGS-09180000,2025-10-19 09:00:00+00:00,11.75,619.5,276.0
USGS-09180000,2025-10-19 10:00:00+00:00,11.5,634.5,274.0
USGS-09180000,2025-10-19 11:00:00+00:00,11.25,653.0,272.0
USGS-09180000,2025-10-19 12:00:00+00:00,11.05,674.0,269.0
USGS-09180000,2025-10-19 13:00:00+00:00,10.8,697.5,265.0
USGS-09180000,2025-10-19 14:00:00+00:00,10.6,716.0,265.0
USGS-09180000,2025-10-19 15:00:00+00:00,10.5,735.0,265.0
USGS-09180000,2025-10-19 16:00:00+00:00,10.65,745.5,267.0
USGS-09180000,2025-10-19 17:00:00+00:00,10.95,749.5,265.0
USGS-09180000,2025-10-19 18:00:00+00:00,11.35,750.0,267.0
USGS-09180000,2025-10-19 19:00:00+00:00,11.8,748.0,269.0
USGS-09180000,2025-10-19 20:00:00+00:00,12.15,744.0,269.0
USGS-09180000,2025-10-19 21:00:00+00:00,12.4,739.0,265.0
USGS-09180000,2025-10-19 22:00:00+00:00,12.75,732.0,265.0
USGS-09180000,2025-10-19 23:00:00+00:00,13.15,724.0,261.0
USGS-09180000,2025-10-20 00:00:00+00:00,13.3,719.5,261.0
USGS-09180000,2025-10-20 01:00:00+00:00,13.2,716.0,258.0
USGS-09180000,2025-10-20 02:00:00+00:00,13.15,715.0,258.0
USGS-09180000,2025-10-20 03:00:00+00:00,12.95,714.0,254.0
USGS-09180000,2025-10-20 04:00:00+00:00,12.8,713.0,254.0
USGS-09180000,2025-10-20 05:00:00+00:00,12.8,714.0,250.0
USGS-09180000,2025-10-20 06:00:00+00:00,12.65,716.0,247.0
USGS-09180000,2025-10-20 07:00:00+00:00,12.5,718.5,243.0
USGS-09180000,2025-10-20 08:00:00+00:00,12.3,722.5,240.0
USGS-09180000,2025-10-20 09:00:00+00:00,12.05,726.0,240.0
USGS-09180000,2025-10-20 10:00:00+00:00,11.8,728.5,236.0
USGS-09180000,2025-10-20 11:00:00+00:00,11.55,731.5,234.5
USGS-09180000,2025-10-20 12:00:00+00:00,11.3,736.5,233.0
USGS-09180000,2025-10-20 13:00:00+00:00,11.15,742.0,233.0
USGS-09180000,2025-10-20 14:00:00+00:00,11.0,748.0,233.0
USGS-09180000,2025-10-20 15:00:00+00:00,10.95,755.0,233.0
USGS-09180000,2025-10-20 16:00:00+00:00,11.15,759.5,233.0
USGS-09180000,2025-10-20 17:00:00+00:00,11.55,764.5,233.0
USGS-09180000,2025-10-20 18:00:00+00:00,12.0,770.5,229.0
USGS-09180000,2025-10-20 19:00:00+00:00,12.45,774.5,229.0
USGS-09180000,2025-10-20 20:00:00+00:00,12.75,779.0,229.0
USGS-09180000,2025-10-20 21:00:00+00:00,13.0,784.5,229.0
USGS-09180000,2025-10-20 22:00:00+00:00,13.0,790.0,229.0
USGS-09180000,2025-10-20 23:00:00+00:00,13.2,794.0,227.5
USGS-09180000,2025-10-21 00:00:00+00:00,13.3,795.5,231.0
USGS-09180000,2025-10-21 01:00:00+00:00,13.2,799.5,238.0
USGS-09180000,2025-10-21 02:00:00+00:00,13.2,805.0,247.0
USGS-09180000,2025-10-21 03:00:00+00:00,13.05,810.5,252.0
USGS-09180000,2025-10-21 04:00:00+00:00,12.8,816.0,254.0
USGS-09180000,2025-10-21 05:00:00+00:00,12.75,821.0,254.0
USGS-09180000,2025-10-21 06:00:00+00:00,12.6,824.5,254.0
USGS-09180000,2025-10-21 07:00:00+00:00,12.35,827.5,254.0
USGS-09180000,2025-10-21 08:00:00+00:00,12.05,831.0,252.0
USGS-09180000,2025-10-21 09:00:00+00:00,11.65,835.0,250.0
USGS-09180000,2025-10-21 10:00:00+00:00,11.45,841.5,250.0
USGS-09180000,2025-10-21 11:00:00+00:00,11.2,848.5,248.5
USGS-09180000,2025-10-21 12:00:00+00:00,10.95,854.5,247.0
USGS-09180000,2025-10-21 13:00:00+00:00,10.75,862.0,245.0
USGS-09180000,2025-10-21 14:00:00+00:00,10.55,869.5,243.0
USGS-09180000,2025-10-21 15:00:00+00:00,10.4,878.5,241.5
USGS-09180000,2025-10-21 16:00:00+00:00,10.55,883.0,240.0
USGS-09180000,2025-10-21 17:00:00+00:00,10.85,885.5,240.0
USGS-09180000,2025-10-21 18:00:00+00:00,11.25,888.5,240.0
USGS-09180000,2025-10-21 19:00:00+00:00,11.65,892.0,236.0
USGS-09180000,2025-10-21 20:00:00+00:00,11.95,895.5,236.0
USGS-09180000,2025-10-21 21:00:00+00:00,12.2,899.5,236.0
USGS-09180000,2025-10-21 22:00:00+00:00,12.3,903.0,233.0
USGS-09180000,2025-10-21 23:00:00+00:00,12.55,907.0,233.0
USGS-09180000,2025-10-22 00:00:00+00:00,12.8,910.0,229.0
USGS-09180000,2025-10-22 01:00:00+00:00,12.65,913.0,229.0
USGS-09180000,2025-10-22 02:00:00+00:00,12.6,915.0,229.0
USGS-09180000,2025-10-22 03:00:00+00:00,12.45,916.0,226.0
USGS-09180000,2025-10-22 04:00:00+00:00,12.15,916.5,224.5
USGS-09180000,2025-10-22 05:00:00+00:00,12.1,917.0,223.0
USGS-09180000,2025-10-22 06:00:00+00:00,12.0,916.0,223.0
USGS-09180000,2025-10-22 07:00:00+00:00,11.9,916.0,221.0
USGS-09180000,2025-10-22 08:00:00+00:00,11.7,917.0,219.0
USGS-09180000,2025-10-22 09:00:00+00:00,11.35,919.0,219.0
USGS-09180000,2025-10-22 10:00:00+00:00,11.05,920.5,217.5
USGS-09180000,2025-10-22 11:00:00+00:00,10.85,922.5,216.0
USGS-09180000,2025-10-22 12:00:00+00:00,10.6,925.5,216.0
USGS-09180000,2025-10-22 13:00:00+00:00,10.4,928.5,216.0
USGS-09180000,2025-10-22 14:00:00+00:00,10.3,932.5,216.0
USGS-09180000,2025-10-22 15:00:00+00:00,10.2,936.5,216.0
USGS-09180000,2025-10-22 16:00:00+00:00,10.45,932.5,213.0
USGS-09180000,2025-10-22 17:00:00+00:00,10.85,924.5,213.0
USGS-09180000,2025-10-22 18:00:00+00:00,11.25,922.0,213.0
USGS-09180000,2025-10-22 19:00:00+00:00,11.65,923.0,213.0
USGS-09180000,2025-10-22 20:00:00+00:00,11.9,927.0,213.0
USGS-09180000,2025-10-22 21:00:00+00:00,11.95,929.5,213.0
USGS-09180000,2025-10-22 22:00:00+00:00,12.0,931.5,213.0
USGS-09180000,2025-10-22 23:00:00+00:00,12.25,932.5,209.0
USGS-09180000,2025-10-23 00:00:00+00:00,12.5,931.5,209.0
USGS-09180000,2025-10-23 01:00:00+00:00,12.5,932.5,209.0
USGS-09180000,2025-10-23 02:00:00+00:00,12.5,935.0,209.0
USGS-09180000,2025-10-23 03:00:00+00:00,12.3,939.5,206.0
USGS-09180000,2025-10-23 04:00:00+00:00,12.2,944.0,206.0
USGS-09180000,2025-10-23 05:00:00+00:00,12.2,950.5,204.5
USGS-09180000,2025-10-23 06:00:00+00:00,12.25,958.5,203.0
USGS-09180000,2025-10-23 07:00:00+00:00,12.2,967.5,203.0
USGS-09180000,2025-10-23 08:00:00+00:00,12.1,977.0,201.5
USGS-09180000,2025-10-23 09:00:00+00:00,12.0,986.0,200.0
USGS-09180000,2025-10-23 10:00:00+00:00,11.9,992.5,203.0
USGS-09180000,2025-10-23 11:00:00+00:00,11.85,997.5,203.0
USGS-09180000,2025-10-23 12:00:00+00:00,11.8,1000.0,203.0
USGS-09180000,2025-10-23 13:00:00+00:00,11.7,1010.0,203.0
USGS-09180000,2025-10-23 14:00:00+00:00,11.7,1020.0,203.0
USGS-09180000,2025-10-23 15:00:00+00:00,11.7,1020.0,203.0
USGS-09180000,2025-10-23 16:00:00+00:00,11.7,1020.0,203.0
USGS-09180000,2025-10-23 17:00:00+00:00,12.05,1030.0,206.0
USGS-09180000,2025-10-23 18:00:00+00:00,12.55,1020.0,206.0
USGS-09180000,2025-10-23 19:00:00+00:00,12.8,1020.0,203.0
USGS-09180000,2025-10-23 20:00:00+00:00,12.65,1020.0,204.5
USGS-09180000,2025-10-23 21:00:00+00:00,12.6,1030.0,206.0
USGS-09180000,2025-10-23 22:00:00+00:00,12.65,1030.0,206.0
USGS-09180000,2025-10-23 23:00:00+00:00,12.8,1030.0,211.0
USGS-09180000,2025-10-24 00:00:00+00:00,12.85,1020.0,213.0
USGS-09180000,2025-10-24 01:00:00+00:00,12.65,1020.0,209.0
USGS-09180000,2025-10-24 02:00:00+00:00,12.6,1020.0,207.5
USGS-09180000,2025-10-24 03:00:00+00:00,12.45,1005.0,204.5
USGS-09180000,2025-10-24 04:00:00+00:00,12.2,1010.0,203.0
USGS-09180000,2025-10-24 05:00:00+00:00,12.0,1015.0,203.0
USGS-09180000,2025-10-24 06:00:00+00:00,12.0,1020.0,203.0
USGS-09180000,2025-10-24 07:00:00+00:00,12.0,1020.0,201.5
USGS-09180000,2025-10-24 08:00:00+00:00,11.9,1030.0,200.0
USGS-09180000,2025-10-24 09:00:00+00:00,11.9,1030.0,200.0
USGS-09180000,2025-10-24 10:00:00+00:00,11.8,1035.0,200.0
USGS-09180000,2025-10-24 11:00:00+00:00,11.8,1040.0,200.0
USGS-09180000,2025-10-24 12:00:00+00:00,11.6,1050.0,200.0
USGS-09180000,2025-10-24 13:00:00+00:00,11.4,1060.0,203.0
USGS-09180000,2025-10-24 14:00:00+00:00,11.3,1060.0,203.0
USGS-09180000,2025-10-24 15:00:00+00:00,11.3,1080.0,206.0
USGS-09180000,2025-10-24 16:00:00+00:00,11.45,1080.0,207.5
USGS-09180000,2025-10-24 17:00:00+00:00,11.95,1085.0,209.0
USGS-09180000,2025-10-24 18:00:00+00:00,12.35,1090.0,206.0
USGS-09180000,2025-10-24 19:00:00+00:00,12.85,1100.0,212.5
USGS-09180000,2025-10-24 20:00:00+00:00,13.05,1100.0,459.0
USGS-09180000,2025-10-24 21:00:00+00:00,13.0,1100.0,472.0
USGS-09180000,2025-10-24 22:00:00+00:00,13.6,1100.0,461.5
USGS-09180000,2025-10-24 23:00:00+00:00,13.55,1100.0,653.0
USGS-09180000,2025-10-25 00:00:00+00:00,13.5,1120.0,827.0
USGS-09180000,2025-10-25 01:00:00+00:00,13.4,1130.0,856.0
USGS-09180000,2025-10-25 02:00:00+00:00,13.05,1175.0,860.0
USGS-09180000,2025-10-25 03:00:00+00:00,12.85,1205.0,856.0
USGS-09180000,2025-10-25 04:00:00+00:00,12.55,1200.0,851.5
USGS-09180000,2025-10-25 05:00:00+00:00,12.3,1145.0,827.0
USGS-09180000,2025-10-25 06:00:00+00:00,12.15,1130.0,779.0
USGS-09180000,2025-10-25 07:00:00+00:00,12.0,1110.0,728.5
USGS-09180000,2025-10-25 08:00:00+00:00,11.8,1045.0,677.0
USGS-09180000,2025-10-25 09:00:00+00:00,11.65,893.0,637.5
USGS-09180000,2025-10-25 10:00:00+00:00,11.5,836.0,597.0
USGS-09180000,2025-10-25 11:00:00+00:00,11.35,839.0,574.0
USGS-09180000,2025-10-25 12:00:00+00:00,11.15,737.5,539.0
USGS-09180000,2025-10-25 13:00:00+00:00,10.95,643.0,515.0
USGS-09180000,2025-10-25 14:00:00+00:00,10.7,669.5,498.5
USGS-09180000,2025-10-25 15:00:00+00:00,10.65,856.0,485.0
USGS-09180000,2025-10-25 16:00:00+00:00,10.75,1195.0,485.5
USGS-09180000,2025-10-25 17:00:00+00:00,11.05,1380.0,551.5
USGS-09180000,2025-10-25 18:00:00+00:00,11.2,1165.0,655.5
USGS-09180000,2025-10-25 19:00:00+00:00,11.2,906.0,702.5
USGS-09180000,2025-10-25 20:00:00+00:00,11.45,887.5,699.0
USGS-09180000,2025-10-25 21:00:00+00:00,11.75,915.5,680.5
USGS-09180000,2025-10-25 22:00:00+00:00,12.0,916.0,641.0
USGS-09180000,2025-10-25 23:00:00+00:00,11.9,901.5,614.0
USGS-09180000,2025-10-26 00:00:00+00:00,11.9,773.0,577.0
USGS-09180000,2025-10-26 01:00:00+00:00,11.75,618.0,542.0
USGS-09180000,2025-10-26 02:00:00+00:00,11.55,539.0,506.5
USGS-09180000,2025-10-26 03:00:00+00:00,11.5,517.5,477.5
USGS-09180000,2025-10-26 04:00:00+00:00,11.45,511.0,456.5
USGS-09180000,2025-10-26 05:00:00+00:00,11.4,498.5,436.5
USGS-09180000,2025-10-26 06:00:00+00:00,11.2,487.0,416.5
USGS-09180000,2025-10-26 07:00:00+00:00,11.1,493.0,402.5
USGS-09180000,2025-10-26 08:00:00+00:00,11.0,524.5,383.5
USGS-09180000,2025-10-26 09:00:00+00:00,10.95,575.0,370.0
USGS-09180000,2025-10-26 10:00:00+00:00,10.8,618.5,356.5
USGS-09180000,2025-10-26 11:00:00+00:00,10.65,635.0,350.0
USGS-09180000,2025-10-26 12:00:00+00:00,10.55,631.0,339.0
USGS-09180000,2025-10-26 13:00:00+00:00,10.4,617.5,330.5
USGS-09180000,2025-10-26 14:00:00+00:00,10.4,605.5,322.0
USGS-09180000,2025-10-26 15:00:00+00:00,10.4,593.5,316.0
USGS-09180000,2025-10-26 16:00:00+00:00,10.55,580.5,308.0
USGS-09180000,2025-10-26 17:00:00+00:00,10.85,566.0,302.0
USGS-09180000,2025-10-26 18:00:00+00:00,11.35,550.0,300.0
USGS-09180000,2025-10-26 19:00:00+00:00,11.75,531.0,292.0
USGS-09180000,2025-10-26 20:00:00+00:00,12.15,510.5,288.0
USGS-09180000,2025-10-26 21:00:00+00:00,12.4,490.0,284.0
USGS-09180000,2025-10-26 22:00:00+00:00,12.45,472.0,278.0
USGS-09180000,2025-10-26 23:00:00+00:00,12.8,459.0,272.0
USGS-09180000,2025-10-27 00:00:00+00:00,12.9,453.5,267.0
USGS-09180000,2025-10-27 01:00:00+00:00,12.75,461.0,265.0
USGS-09180000,2025-10-27 02:00:00+00:00,12.6,480.0,259.5
USGS-09180000,2025-10-27 03:00:00+00:00,12.4,505.0,256.0
USGS-09180000,2025-10-27 04:00:00+00:00,12.3,526.5,252.0
USGS-09180000,2025-10-27 05:00:00+00:00,12.2,540.5,247.0
USGS-09180000,2025-10-27 06:00:00+00:00,12.05,546.5,243.0
USGS-09180000,2025-10-27 07:00:00+00:00,11.9,546.5,240.0
USGS-09180000,2025-10-27 08:00:00+00:00,11.7,541.5,236.0
USGS-09180000,2025-10-27 09:00:00+00:00,11.45,535.5,233.0
USGS-09180000,2025-10-27 10:00:00+00:00,11.25,533.0,229.0
USGS-09180000,2025-10-27 11:00:00+00:00,11.05,533.5,227.5
USGS-09180000,2025-10-27 12:00:00+00:00,10.8,536.5,226.0
USGS-09180000,2025-10-27 13:00:00+00:00,10.6,540.5,223.0
USGS-09180000,2025-10-27 14:00:00+00:00,10.4,546.0,219.0
USGS-09180000,2025-10-27 15:00:00+00:00,10.4,562.0,219.0
USGS-09180000,2025-10-27 16:00:00+00:00,10.45,593.0,216.0
USGS-09180000,2025-10-27 17:00:00+00:00,10.75,641.5,216.0
USGS-09180000,2025-10-27 18:00:00+00:00,11.25,695.5,213.0
USGS-09180000,2025-10-27 19:00:00+00:00,11.65,746.0,213.0
USGS-09180000,2025-10-27 20:00:00+00:00,11.85,782.0,209.0
USGS-09180000,2025-10-27 21:00:00+00:00,12.05,795.5,209.0
USGS-09180000,2025-10-27 22:00:00+00:00,12.15,789.0,206.0
USGS-09180000,2025-10-27 23:00:00+00:00,11.9,767.5,206.0
USGS-09180000,2025-10-28 00:00:00+00:00,11.85,738.0,206.0
USGS-09180000,2025-10-28 01:00:00+00:00,11.75,709.0,203.0
USGS-09180000,2025-10-28 02:00:00+00:00,11.6,686.5,203.0
USGS-09180000,2025-10-28 03:00:00+00:00,11.4,670.0,201.5
USGS-09180000,2025-10-28 04:00:00+00:00,11.05,660.5,200.0
USGS-09180000,2025-10-28 05:00:00+00:00,10.85,657.0,198.5
USGS-09180000,2025-10-28 06:00:00+00:00,10.7,659.0,197.0
USGS-09180000,2025-10-28 07:00:00+00:00,10.5,663.0,197.0
USGS-09180000,2025-10-28 08:00:00+00:00,10.25,670.5,197.0
USGS-09180000,2025-10-28 09:00:00+00:00,9.95,679.0,197.0
USGS-09180000,2025-10-28 10:00:00+00:00,9.6,693.0,194.0
USGS-09180000,2025-10-28 11:00:00+00:00,9.25,709.5,194.0
USGS-09180000,2025-10-28 12:00:00+00:00,8.95,727.0,190.0
USGS-09180000,2025-10-28 13:00:00+00:00,8.649999999999999,746.0,190.0
USGS-09180000,2025-10-28 14:00:00+00:00,8.4,761.5,190.0
USGS-09180000,2025-10-28 15:00:00+00:00,8.3,775.5,190.0
USGS-09180000,2025-10-28 16:00:00+00:00,8.350000000000001,783.5,190.0
USGS-09180000,2025-10-28 17:00:00+00:00,8.75,786.0,190.0
USGS-09180000,2025-10-28 18:00:00+00:00,9.15,791.5,190.0
USGS-09180000,2025-10-28 19:00:00+00:00,9.45,796.5,188.5
USGS-09180000,2025-10-28 20:00:00+00:00,9.7,804.5,188.5
USGS-09180000,2025-10-28 21:00:00+00:00,9.8,814.5,187.0
USGS-09180000,2025-10-28 22:00:00+00:00,9.75,828.0,187.0
USGS-09180000,2025-10-28 23:00:00+00:00,9.5,842.0,187.0
USGS-09180000,2025-10-29 00:00:00+00:00,9.4,853.5,187.0
USGS-09180000,2025-10-29 01:00:00+00:00,9.4,866.5,185.5
USGS-09180000,2025-10-29 02:00:00+00:00,9.3,877.0,184.0
USGS-09180000,2025-10-29 03:00:00+00:00,9.2,886.0,184.0
USGS-09180000,2025-10-29 04:00:00+00:00,9.0,893.0,184.0
USGS-09180000,2025-10-29 05:00:00+00:00,8.8,900.0,184.0
USGS-09180000,2025-10-29 06:00:00+00:00,8.7,905.5,181.0
USGS-09180000,2025-10-29 07:00:00+00:00,8.7,910.5,181.0
USGS-09180000,2025-10-29 08:00:00+00:00,8.6,915.5,181.0
USGS-09180000,2025-10-29 09:00:00+00:00,8.45,921.0,181.0
USGS-09180000,2025-10-29 10:00:00+00:00,8.25,928.0,181.0
USGS-09180000,2025-10-29 11:00:00+00:00,7.95,936.0,181.0
USGS-09180000,2025-10-29 12:00:00+00:00,7.65,946.5,181.0
USGS-09180000,2025-10-29 13:00:00+00:00,7.4,956.5,181.0
USGS-09180000,2025-10-29 14:00:00+00:00,7.2,967.5,178.0
USGS-09180000,2025-10-29 15:00:00+00:00,7.2,983.5,178.0
USGS-09180000,2025-10-29 16:00:00+00:00,7.25,993.5,178.0
USGS-09180000,2025-10-29 17:00:00+00:00,7.75,1000.0,178.0
USGS-09180000,2025-10-29 18:00:00+00:00,8.149999999999999,1010.0,178.0
USGS-09180000,2025-10-29 19:00:00+00:00,8.649999999999999,1020.0,178.0
USGS-09180000,2025-10-29 20:00:00+00:00,8.9,1030.0,178.0
USGS-09180000,2025-10-29 21:00:00+00:00,9.05,1035.0,178.0
USGS-09180000,2025-10-29 22:00:00+00:00,9.05,1040.0,178.0
USGS-09180000,2025-10-29 23:00:00+00:00,8.8,1050.0,178.0
USGS-09180000,2025-10-30 00:00:00+00:00,8.7,1050.0,178.0
USGS-09180000,2025-10-30 01:00:00+00:00,8.8,1060.0,176.0
USGS-09180000,2025-10-30 02:00:00+00:00,8.8,1060.0,176.0
USGS-09180000,2025-10-30 03:00:00+00:00,8.7,1070.0,176.0
USGS-09180000,2025-10-30 04:00:00+00:00,8.45,1070.0,176.0
USGS-09180000,2025-10-30 05:00:00+00:00,8.1,1080.0,176.0
USGS-09180000,2025-10-30 06:00:00+00:00,8.1,1080.0,176.0
USGS-09180000,2025-10-30 07:00:00+00:00,8.1,1080.0,176.0
USGS-09180000,2025-10-30 08:00:00+00:00,8.1,1090.0,176.0
USGS-09180000,2025-10-30 09:00:00+00:00,8.0,1095.0,176.0
USGS-09180000,2025-10-30 10:00:00+00:00,7.85,1100.0,176.0
USGS-09180000,2025-10-30 11:00:00+00:00,7.6,1100.0,176.0
USGS-09180000,2025-10-30 12:00:00+00:00,7.35,1110.0,176.0
USGS-09180000,2025-10-30 13:00:00+00:00,7.1,1120.0,176.0
USGS-09180000,2025-10-30 14:00:00+00:00,6.9,1125.0,176.0
USGS-09180000,2025-10-30 15:00:00+00:00,6.85,1140.0,176.0
USGS-09180000,2025-10-30 16:00:00+00:00,7.05,1140.0,174.5
USGS-09180000,2025-10-30 17:00:00+00:00,7.55,1140.0,173.0
USGS-09180000,2025-10-30 18:00:00+00:00,8.05,1150.0,174.5
USGS-09180000,2025-10-30 19:00:00+00:00,8.55,1150.0,173.0
USGS-09180000,2025-10-30 20:00:00+00:00,8.9,1160.0,173.0
USGS-09180000,2025-10-30 21:00:00+00:00,9.0,1160.0,173.0
USGS-09180000,2025-10-30 22:00:00+00:00,9.05,1165.0,173.0
USGS-09180000,2025-10-30 23:00:00+00:00,8.850000000000001,1170.0,170.0
USGS-09180000,2025-10-31 00:00:00+00:00,8.7,1175.0,170.0
USGS-09180000,2025-10-31 01:00:00+00:00,8.75,1180.0,167.0
USGS-09180000,2025-10-31 02:00:00+00:00,8.8,1180.0,167.0
USGS-09180000,2025-10-31 03:00:00+00:00,8.7,1190.0,164.0
USGS-09180000,2025-10-31 04:00:00+00:00,8.45,1190.0,161.0
USGS-09180000,2025-10-31 05:00:00+00:00,8.149999999999999,1200.0,161.0
USGS-09180000,2025-10-31 06:00:00+00:00,8.1,1200.0,161.0
USGS-09180000,2025-10-31 07:00:00+00:00,8.149999999999999,1200.0,164.0
USGS-09180000,2025-10-31 08:00:00+00:00,8.2,1200.0,167.0
USGS-09180000,2025-10-31 09:00:00+00:00,8.2,1200.0,170.0
USGS-09180000,2025-10-31 10:00:00+00:00,8.2,1210.0,170.0
USGS-09180000,2025-10-31 11:00:00+00:00,8.05,1210.0,170.0
USGS-09180000,2025-10-31 12:00:00+00:00,7.85,1210.0,170.0
USGS-09180000,2025-10-31 13:00:00+00:00,7.7,1210.0,170.0
USGS-09180000,2025-10-31 14:00:00+00:00,7.6,1220.0,170.0
USGS-09180000,2025-10-31 15:00:00+00:00,7.6,1220.0,170.0
USGS-09180000,2025-10-31 16:00:00+00:00,7.75,1230.0,170.0
USGS-09180000,2025-10-31 17:00:00+00:00,7.95,1240.0,167.0
USGS-09180000,2025-10-31 18:00:00+00:00,8.350000000000001,1240.0,168.5
USGS-09180000,2025-10-31 19:00:00+00:00,8.95,1240.0,170.0
USGS-09180000,2025-10-31 20:00:00+00:00,9.45,1240.0,170.0
USGS-09180000,2025-10-31 21:00:00+00:00,9.75,1245.0,170.0
USGS-09180000,2025-10-31 22:00:00+00:00,9.8,1250.0,170.0
USGS-09180000,2025-10-31 23:00:00+00:00,9.65,1250.0,170.0
USGS-09180000,2025-11-01 00:00:00+00:00,9.4,1240.0,170.0
USGS-09180000,2025-11-01 01:00:00+00:00,9.2,1240.0,170.0
USGS-09180000,2025-11-01 02:00:00+00:00,9.2,1240.0,170.0
USGS-09180000,2025-11-01 03:00:00+00:00,9.1,1250.0,170.0
USGS-09180000,2025-11-01 04:00:00+00:00,8.850000000000001,1250.0,170.0
USGS-09180000,2025-11-01 05:00:00+00:00,8.55,1250.0,170.0
USGS-09180000,2025-11-01 06:00:00+00:00,8.4,1250.0,170.0
USGS-09180000,2025-11-01 07:00:00+00:00,8.5,1250.0,170.0
USGS-09180000,2025-11-01 08:00:00+00:00,8.5,1250.0,170.0
USGS-09180000,2025-11-01 09:00:00+00:00,8.4,1250.0,170.0
USGS-09180000,2025-11-01 10:00:00+00:00,8.25,1250.0,170.0
USGS-09180000,2025-11-01 11:00:00+00:00,7.95,1250.0,170.0
USGS-09180000,2025-11-01 12:00:00+00:00,7.65,1250.0,167.0
USGS-09180000,2025-11-01 13:00:00+00:00,7.45,1260.0,167.0
USGS-09180000,2025-11-01 14:00:00+00:00,7.25,1260.0,167.0
USGS-09180000,2025-11-01 15:00:00+00:00,7.25,1270.0,167.0
USGS-09180000,2025-11-01 16:00:00+00:00,7.45,1280.0,167.0
USGS-09180000,2025-11-01 17:00:00+00:00,7.9,1280.0,167.0
USGS-09180000,2025-11-01 18:00:00+00:00,8.350000000000001,1280.0,167.0
USGS-09180000,2025-11-01 19:00:00+00:00,8.850000000000001,1280.0,167.0
USGS-09180000,2025-11-01 20:00:00+00:00,9.25,1285.0,167.0
USGS-09180000,2025-11-01 21:00:00+00:00,9.4,1290.0,167.0
USGS-09180000,2025-11-01 22:00:00+00:00,9.35,1300.0,167.0
USGS-09180000,2025-11-01 23:00:00+00:00,9.1,1300.0,167.0
USGS-09180000,2025-11-02 00:00:00+00:00,8.9,1300.0,167.0
USGS-09180000,2025-11-02 01:00:00+00:00,8.9,1300.0,167.0
USGS-09180000,2025-11-02 02:00:00+00:00,9.0,1300.0,167.0
USGS-09180000,2025-11-02 03:00:00+00:00,9.0,1310.0,167.0
USGS-09180000,2025-11-02 04:00:00+00:00,8.75,1320.0,167.0
USGS-09180000,2025-11-02 05:00:00+00:00,8.45,1330.0,167.0
USGS-09180000,2025-11-02 06:00:00+00:00,8.4,1340.0,167.0
USGS-09180000,2025-11-02 07:00:00+00:00,8.4,1350.0,165.5
USGS-09180000,2025-11-02 08:00:00+00:00,8.4,1350.0,164.0
USGS-09180000,2025-11-02 09:00:00+00:00,8.4,1350.0,164.0
USGS-09180000,2025-11-02 10:00:00+00:00,8.25,1340.0,164.0
USGS-09180000,2025-11-02 11:00:00+00:00,8.05,1330.0,164.0
USGS-09180000,2025-11-02 12:00:00+00:00,7.8,1330.0,164.0
USGS-09180000,2025-11-02 13:00:00+00:00,7.55,1330.0,164.0
USGS-09180000,2025-11-02 14:00:00+00:00,7.4,1330.0,164.0
USGS-09180000,2025-11-02 15:00:00+00:00,7.4,1340.0,161.0
USGS-09180000,2025-11-02 16:00:00+00:00,7.55,1350.0,161.0
USGS-09180000,2025-11-02 17:00:00+00:00,8.1,1355.0,161.0
USGS-09180000,2025-11-02 18:00:00+00:00,8.649999999999999,1360.0,161.0
USGS-09180000,2025-11-02 19:00:00+00:00,9.2,1370.0,161.0
USGS-09180000,2025-11-02 20:00:00+00:00,9.6,1380.0,161.0
USGS-09180000,2025-11-02 21:00:00+00:00,9.8,1390.0,161.0
USGS-09180000,2025-11-02 22:00:00+00:00,9.8,1390.0,164.0
USGS-09180000,2025-11-02 23:00:00+00:00,9.55,1400.0,164.0
USGS-09180000,2025-11-03 00:00:00+00:00,9.25,1400.0,164.0
USGS-09180000,2025-11-03 01:00:00+00:00,9.3,1400.0,164.0
USGS-09180000,2025-11-03 02:00:00+00:00,9.4,1400.0,164.0
USGS-09180000,2025-11-03 03:00:00+00:00,9.35,1395.0,164.0
USGS-09180000,2025-11-03 04:00:00+00:00,9.15,1390.0,164.0
USGS-09180000,2025-11-03 05:00:00+00:00,8.75,1390.0,164.0
USGS-09180000,2025-11-03 06:00:00+00:00,8.6,1380.0,164.0
USGS-09180000,2025-11-03 07:00:00+00:00,8.7,1380.0,161.0
USGS-09180000,2025-11-03 08:00:00+00:00,8.7,1380.0,161.0
USGS-09180000,2025-11-03 09:00:00+00:00,8.6,1370.0,161.0
USGS-09180000,2025-11-03 10:00:00+00:00,8.5,1370.0,161.0
USGS-09180000,2025-11-03 11:00:00+00:00,8.350000000000001,1360.0,161.0
USGS-09180000,2025-11-03 12:00:00+00:00,8.1,1360.0,161.0
USGS-09180000,2025-11-03 13:00:00+00:00,7.9,1360.0,161.0
USGS-09180000,2025-11-03 14:00:00+00:00,7.8,1360.0,161.0
USGS-09180000,2025-11-03 15:00:00+00:00,7.8,1360.0,161.0
USGS-09180000,2025-11-03 16:00:00+00:00,7.95,1360.0,161.0
USGS-09180000,2025-11-03 17:00:00+00:00,8.2,1370.0,161.0
USGS-09180000,2025-11-03 18:00:00+00:00,8.55,1380.0,161.0
USGS-09180000,2025-11-03 19:00:00+00:00,8.8,1380.0,161.0
USGS-09180000,2025-11-03 20:00:00+00:00,9.05,1390.0,161.0
USGS-09180000,2025-11-03 21:00:00+00:00,9.4,1390.0,161.0
USGS-09180000,2025-11-03 22:00:00+00:00,9.6,1400.0,161.0
USGS-09180000,2025-11-03 23:00:00+00:00,9.4,1405.0,161.0
USGS-09180000,2025-11-04 00:00:00+00:00,9.15,1410.0,161.0
USGS-09180000,2025-11-04 01:00:00+00:00,8.850000000000001,1410.0,161.0
USGS-09180000,2025-11-04 02:00:00+00:00,8.7,1420.0,161.0
USGS-09180000,2025-11-04 03:00:00+00:00,8.6,1415.0,161.0
USGS-09180000,2025-11-04 04:00:00+00:00,8.5,1410.0,161.0
USGS-09180000,2025-11-04 05:00:00+00:00,8.25,1410.0,161.0
USGS-09180000,2025-11-04 06:00:00+00:00,8.1,1400.0,161.0
USGS-09180000,2025-11-04 07:00:00+00:00,8.05,1400.0,161.0
USGS-09180000,2025-11-04 08:00:00+00:00,8.0,1400.0,161.0
USGS-09180000,2025-11-04 09:00:00+00:00,7.95,1390.0,161.0
USGS-09180000,2025-11-04 10:00:00+00:00,7.85,1390.0,161.0
USGS-09180000,2025-11-04 11:00:00+00:00,7.7,1390.0,161.0
USGS-09180000,2025-11-04 12:00:00+00:00,7.5,1390.0,161.0
USGS-09180000,2025-11-04 13:00:00+00:00,7.25,1390.0,160.0
USGS-09180000,2025-11-04 14:00:00+00:00,7.1,1390.0,159.0
USGS-09180000,2025-11-04 15:00:00+00:00,7.15,1400.0,159.0
USGS-09180000,2025-11-04 16:00:00+00:00,7.3,1400.0,159.0
USGS-09180000,2025-11-04 17:00:00+00:00,7.800000000000001,1390.0,161.0
USGS-09180000,2025-11-04 18:00:00+00:00,8.350000000000001,1390.0,161.0
USGS-09180000,2025-11-04 19:00:00+00:00,8.95,1400.0,161.0
USGS-09180000,2025-11-04 20:00:00+00:00,9.35,1400.0,161.0
USGS-09180000,2025-11-04 21:00:00+00:00,9.55,1400.0,161.0
USGS-09180000,2025-11-04 22:00:00+00:00,9.6,1410.0,161.0
USGS-09180000,2025-11-04 23:00:00+00:00,9.45,1410.0,161.0
USGS-09180000,2025-11-05 00:00:00+00:00,9.2,1420.0,161.0
USGS-09180000,2025-11-05 01:00:00+00:00,9.2,1420.0,161.0
USGS-09180000,2025-11-05 02:00:00+00:00,9.4,1420.0,161.0
USGS-09180000,2025-11-05 03:00:00+00:00,9.4,1410.0,161.0
USGS-09180000,2025-11-05 04:00:00+00:00,9.2,1405.0,161.0
USGS-09180000,2025-11-05 05:00:00+00:00,8.850000000000001,1400.0,161.0
USGS-09180000,2025-11-05 06:00:00+00:00,8.7,1390.0,161.0
USGS-09180000,2025-11-05 07:00:00+00:00,8.8,1380.0,159.0
USGS-09180000,2025-11-05 08:00:00+00:00,8.9,1370.0,159.0
USGS-09180000,2025-11-05 09:00:00+00:00,8.8,1365.0,159.0
USGS-09180000,2025-11-05 10:00:00+00:00,8.7,1360.0,159.0
USGS-09180000,2025-11-05 11:00:00+00:00,8.45,1350.0,159.0
USGS-09180000,2025-11-05 12:00:00+00:00,8.149999999999999,1350.0,159.0
USGS-09180000,2025-11-05 13:00:00+00:00,7.9,1350.0,159.0
USGS-09180000,2025-11-05 14:00:00+00:00,7.75,1340.0,159.0
USGS-09180000,2025-11-05 15:00:00+00:00,7.7,1350.0,159.0
USGS-09180000,2025-11-05 16:00:00+00:00,7.85,1340.0,159.0
USGS-09180000,2025-11-05 17:00:00+00:00,8.350000000000001,1340.0,159.0
USGS-09180000,2025-11-05 18:00:00+00:00,8.9,1340.0,159.0
USGS-09180000,2025-11-05 19:00:00+00:00,9.45,1335.0,159.0
USGS-09180000,2025-11-05 20:00:00+00:00,9.85,1340.0,159.0
USGS-09180000,2025-11-05 21:00:00+00:00,10.0,1340.0,159.0
USGS-09180000,2025-11-05 22:00:00+00:00,9.95,1350.0,159.0
USGS-09180000,2025-11-05 23:00:00+00:00,9.75,1350.0,159.0
USGS-09180000,2025-11-06 00:00:00+00:00,9.5,1355.0,159.0
USGS-09180000,2025-11-06 01:00:00+00:00,9.55,1360.0,157.5
USGS-09180000,2025-11-06 02:00:00+00:00,9.8,1360.0,156.0
USGS-09180000,2025-11-06 03:00:00+00:00,9.8,1360.0,156.0
USGS-09180000,2025-11-06 04:00:00+00:00,9.7,1350.0,156.0
USGS-09180000,2025-11-06 05:00:00+00:00,9.4,1350.0,156.0
USGS-09180000,2025-11-06 06:00:00+00:00,9.25,1340.0,156.0
USGS-09180000,2025-11-06 07:00:00+00:00,9.3,1335.0,156.0
USGS-09180000,2025-11-06 08:00:00+00:00,9.4,1330.0,156.0
USGS-09180000,2025-11-06 09:00:00+00:00,9.4,1320.0,153.0
USGS-09180000,2025-11-06 10:00:00+00:00,9.2,1320.0,153.0
USGS-09180000,2025-11-06 11:00:00+00:00,9.05,1310.0,153.0
USGS-09180000,2025-11-06 12:00:00+00:00,8.75,1310.0,153.0
USGS-09180000,2025-11-06 13:00:00+00:00,8.45,1300.0,153.0
USGS-09180000,2025-11-06 14:00:00+00:00,8.3,1300.0,153.0
USGS-09180000,2025-11-06 15:00:00+00:00,8.2,1300.0,153.0
USGS-09180000,2025-11-06 16:00:00+00:00,8.3,1300.0,150.0
USGS-09180000,2025-11-06 17:00:00+00:00,8.649999999999999,1300.0,153.0
USGS-09180000,2025-11-06 18:00:00+00:00,9.15,1300.0,153.0
USGS-09180000,2025-11-06 19:00:00+00:00,9.8,1300.0,153.0
USGS-09180000,2025-11-06 20:00:00+00:00,10.35,1300.0,150.0
USGS-09180000,2025-11-06 21:00:00+00:00,10.6,1300.0,150.0
USGS-09180000,2025-11-06 22:00:00+00:00,10.6,1300.0,150.0
USGS-09180000,2025-11-06 23:00:00+00:00,10.35,1310.0,150.0
USGS-09180000,2025-11-07 00:00:00+00:00,10.05,1320.0,150.0
USGS-09180000,2025-11-07 01:00:00+00:00,9.8,1320.0,150.0
USGS-09180000,2025-11-07 02:00:00+00:00,9.8,1330.0,150.0
USGS-09180000,2025-11-07 03:00:00+00:00,9.8,1330.0,150.0
USGS-09180000,2025-11-07 04:00:00+00:00,9.65,1330.0,150.0
USGS-09180000,2025-11-07 05:00:00+00:00,9.25,1330.0,150.0
USGS-09180000,2025-11-07 06:00:00+00:00,8.95,1330.0,150.0
USGS-09180000,2025-11-07 07:00:00+00:00,8.9,1320.0,148.0
USGS-09180000,2025-11-07 08:00:00+00:00,8.9,1320.0,148.0
USGS-09180000,2025-11-07 09:00:00+00:00,8.8,1320.0,148.0
USGS-09180000,2025-11-07 10:00:00+00:00,8.7,1310.0,148.0
USGS-09180000,2025-11-07 11:00:00+00:00,8.5,1310.0,148.0
USGS-09180000,2025-11-07 12:00:00+00:00,8.25,1305.0,148.0
USGS-09180000,2025-11-07 13:00:00+00:00,7.95,1300.0,148.0
USGS-09180000,2025-11-07 14:00:00+00:00,7.75,1300.0,148.0
USGS-09180000,2025-11-07 15:00:00+00:00,7.7,1310.0,148.0
USGS-09180000,2025-11-07 16:00:00+00:00,7.8,1310.0,148.0
USGS-09180000,2025-11-07 17:00:00+00:00,8.1,1310.0,148.0
USGS-09180000,2025-11-07 18:00:00+00:00,8.649999999999999,1300.0,148.0
USGS-09180000,2025-11-07 19:00:00+00:00,9.15,1300.0,146.5
USGS-09180000,2025-11-07 20:00:00+00:00,9.6,1300.0,148.0
USGS-09180000,2025-11-07 21:00:00+00:00,9.7,1300.0,148.0
USGS-09180000,2025-11-07 22:00:00+00:00,9.65,1300.0,145.0
USGS-09180000,2025-11-07 23:00:00+00:00,9.45,1300.0,145.0
USGS-09180000,2025-11-08 00:00:00+00:00,9.2,1305.0,145.0
USGS-09180000,2025-11-08 01:00:00+00:00,9.1,1310.0,145.0
USGS-09180000,2025-11-08 02:00:00+00:00,9.2,1320.0,145.0
USGS-09180000,2025-11-08 03:00:00+00:00,9.2,1320.0,145.0
USGS-09180000,2025-11-08 04:00:00+00:00,9.05,1320.0,145.0
USGS-09180000,2025-11-08 05:00:00+00:00,8.75,1320.0,145.0
USGS-09180000,2025-11-08 06:00:00+00:00,8.45,1320.0,145.0
USGS-09180000,2025-11-08 07:00:00+00:00,8.4,1320.0,145.0
USGS-09180000,2025-11-08 08:00:00+00:00,8.4,1310.0,144.0
USGS-09180000,2025-11-08 09:00:00+00:00,8.3,1300.0,143.0
USGS-09180000,2025-11-08 10:00:00+00:00,8.2,1300.0,143.0
USGS-09180000,2025-11-08 11:00:00+00:00,8.0,1290.0,140.0
USGS-09180000,2025-11-08 12:00:00+00:00,7.75,1285.0,140.0
USGS-09180000,2025-11-08 13:00:00+00:00,7.45,1280.0,138.5
USGS-09180000,2025-11-08 14:00:00+00:00,7.2,1280.0,137.0
USGS-09180000,2025-11-08 15:00:00+00:00,7.2,1280.0,137.0
USGS-09180000,2025-11-08 16:00:00+00:00,7.25,1275.0,137.0
USGS-09180000,2025-11-08 17:00:00+00:00,7.55,1270.0,136.0
USGS-09180000,2025-11-08 18:00:00+00:00,7.95,1265.0,136.0
USGS-09180000,2025-11-08 19:00:00+00:00,8.45,1260.0,135.0
USGS-09180000,2025-11-08 20:00:00+00:00,8.95,1260.0,135.0
USGS-09180000,2025-11-08 21:00:00+00:00,9.3,1260.0,135.0
USGS-09180000,2025-11-08 22:00:00+00:00,9.3,1260.0,135.0
USGS-09180000,2025-11-08 23:00:00+00:00,9.15,1260.0,135.0
USGS-09180000,2025-11-09 00:00:00+00:00,8.75,1260.0,135.0
USGS-09180000,2025-11-09 01:00:00+00:00,8.45,1260.0,132.0
USGS-09180000,2025-11-09 02:00:00+00:00,8.4,1270.0,132.0
USGS-09180000,2025-11-09 03:00:00+00:00,8.5,1270.0,132.0
USGS-09180000,2025-11-09 04:00:00+00:00,8.4,1280.0,132.0
USGS-09180000,2025-11-09 05:00:00+00:00,8.25,1290.0,132.0
USGS-09180000,2025-11-09 06:00:00+00:00,7.95,1300.0,131.0
USGS-09180000,2025-11-09 07:00:00+00:00,7.65,1305.0,130.0
USGS-09180000,2025-11-09 08:00:00+00:00,7.5,1315.0,130.0
USGS-09180000,2025-11-09 09:00:00+00:00,7.5,1320.0,130.0
USGS-09180000,2025-11-09 10:00:00+00:00,7.5,1330.0,130.0
USGS-09180000,2025-11-09 11:00:00+00:00,7.4,1340.0,130.0
USGS-09180000,2025-11-09 12:00:00+00:00,7.3,1340.0,128.0
USGS-09180000,2025-11-09 13:00:00+00:00,7.05,1350.0,128.0
USGS-09180000,2025-11-09 14:00:00+00:00,6.8,1350.0,128.0
USGS-09180000,2025-11-09 15:00:00+00:00,6.6,1365.0,128.0
USGS-09180000,2025-11-09 16:00:00+00:00,6.65,1360.0,129.0
USGS-09180000,2025-11-09 17:00:00+00:00,7.05,1360.0,130.0
USGS-09180000,2025-11-09 18:00:00+00:00,7.699999999999999,1360.0,130.0
USGS-09180000,2025-11-09 19:00:00+00:00,8.3,1360.0,130.0
USGS-09180000,2025-11-09 20:00:00+00:00,8.850000000000001,1360.0,130.0
USGS-09180000,2025-11-09 21:00:00+00:00,9.1,1370.0,130.0
USGS-09180000,2025-11-09 22:00:00+00:00,9.05,1370.0,130.0
USGS-09180000,2025-11-09 23:00:00+00:00,8.75,1370.0,128.0
USGS-09180000,2025-11-10 00:00:00+00:00,8.350000000000001,1370.0,128.0
USGS-09180000,2025-11-10 01:00:00+00:00,8.05,1370.0,128.0
USGS-09180000,2025-11-10 02:00:00+00:00,7.95,1370.0,125.0
USGS-09180000,2025-11-10 03:00:00+00:00,8.1,1380.0,125.0
USGS-09180000,2025-11-10 04:00:00+00:00,8.1,1380.0,125.0
USGS-09180000,2025-11-10 05:00:00+00:00,8.0,1390.0,125.0
USGS-09180000,2025-11-10 06:00:00+00:00,7.65,1390.0,124.0
USGS-09180000,2025-11-10 07:00:00+00:00,7.3,1400.0,123.0
USGS-09180000,2025-11-10 08:00:00+00:00,7.15,1410.0,125.0
USGS-09180000,2025-11-10 09:00:00+00:00,7.1,1415.0,123.0
USGS-09180000,2025-11-10 10:00:00+00:00,7.1,1420.0,123.0
USGS-09180000,2025-11-10 11:00:00+00:00,7.1,1430.0,123.0
USGS-09180000,2025-11-10 12:00:00+00:00,7.0,1440.0,123.0
USGS-09180000,2025-11-10 13:00:00+00:00,6.8,1450.0,123.0
USGS-09180000,2025-11-10 14:00:00+00:00,6.55,1460.0,125.0
USGS-09180000,2025-11-10 15:00:00+00:00,6.3,1475.0,125.0
USGS-09180000,2025-11-10 16:00:00+00:00,6.3,1480.0,125.0
USGS-09180000,2025-11-10 17:00:00+00:00,6.6,1490.0,125.0
USGS-09180000,2025-11-10 18:00:00+00:00,7.25,1490.0,125.0
USGS-09180000,2025-11-10 19:00:00+00:00,7.85,1500.0,125.0
USGS-09180000,2025-11-10 20:00:00+00:00,8.350000000000001,1500.0,125.0
USGS-09180000,2025-11-10 21:00:00+00:00,8.649999999999999,1495.0,125.0
USGS-09180000,2025-11-10 22:00:00+00:00,8.6,1500.0,125.0
USGS-09180000,2025-11-10 23:00:00+00:00,8.4,1500.0,125.0
USGS-09180000,2025-11-11 00:00:00+00:00,8.05,1515.0,123.0
USGS-09180000,2025-11-11 01:00:00+00:00,7.75,1520.0,123.0
USGS-09180000,2025-11-11 02:00:00+00:00,7.7,1530.0,123.0
USGS-09180000,2025-11-11 03:00:00+00:00,7.8,1530.0,120.0
USGS-09180000,2025-11-11 04:00:00+00:00,7.9,1540.0,120.0
USGS-09180000,2025-11-11 05:00:00+00:00,7.8,1555.0,120.0
USGS-09180000,2025-11-11 06:00:00+00:00,7.55,1570.0,120.0
USGS-09180000,2025-11-11 07:00:00+00:00,7.25,1580.0,120.0
USGS-09180000,2025-11-11 08:00:00+00:00,7.1,1590.0,119.0
USGS-09180000,2025-11-11 09:00:00+00:00,7.0,1595.0,118.0
USGS-09180000,2025-11-11 10:00:00+00:00,7.0,1600.0,118.0
USGS-09180000,2025-11-11 11:00:00+00:00,7.0,1610.0,118.0
USGS-09180000,2025-11-11 12:00:00+00:00,6.9,1620.0,118.0
USGS-09180000,2025-11-11 13:00:00+00:00,6.75,1625.0,120.0
USGS-09180000,2025-11-11 14:00:00+00:00,6.55,1630.0,120.0
USGS-09180000,2025-11-11 15:00:00+00:00,6.4,1640.0,120.0
USGS-09180000,2025-11-11 16:00:00+00:00,6.55,1645.0,121.5
USGS-09180000,2025-11-11 17:00:00+00:00,6.800000000000001,1650.0,123.0
USGS-09180000,2025-11-11 18:00:00+00:00,7.199999999999999,1660.0,123.0
USGS-09180000,2025-11-11 19:00:00+00:00,7.800000000000001,1660.0,123.0
USGS-09180000,2025-11-11 20:00:00+00:00,8.25,1670.0,123.0
USGS-09180000,2025-11-11 21:00:00+00:00,8.8,1670.0,123.0
USGS-09180000,2025-11-11 22:00:00+00:00,8.8,1670.0,123.0
USGS-09180000,2025-11-11 23:00:00+00:00,8.649999999999999,1665.0,120.0
USGS-09180000,2025-11-12 00:00:00+00:00,8.25,1660.0,120.0
USGS-09180000,2025-11-12 01:00:00+00:00,7.85,1660.0,120.0
USGS-09180000,2025-11-12 02:00:00+00:00,7.65,1660.0,118.0
USGS-09180000,2025-11-12 03:00:00+00:00,7.6,1650.0,118.0
USGS-09180000,2025-11-12 04:00:00+00:00,7.6,1650.0,118.0
USGS-09180000,2025-11-12 05:00:00+00:00,7.6,1650.0,116.0
USGS-09180000,2025-11-12 06:00:00+00:00,7.4,1645.0,116.0
USGS-09180000,2025-11-12 07:00:00+00:00,7.05,1640.0,116.0
USGS-09180000,2025-11-12 08:00:00+00:00,6.85,1640.0,115.0
USGS-09180000,2025-11-12 09:00:00+00:00,6.8,1640.0,114.0
USGS-09180000,2025-11-12 10:00:00+00:00,6.75,1640.0,116.0
USGS-09180000,2025-11-12 11:00:00+00:00,6.7,1640.0,116.0
USGS-09180000,2025-11-12 12:00:00+00:00,6.6,1650.0,116.0
USGS-09180000,2025-11-12 13:00:00+00:00,6.55,1650.0,118.0
USGS-09180000,2025-11-12 14:00:00+00:00,6.4,1655.0,118.0
USGS-09180000,2025-11-12 15:00:00+00:00,6.25,1660.0,119.0
USGS-09180000,2025-11-12 16:00:00+00:00,6.2,1660.0,120.0
USGS-09180000,2025-11-12 17:00:00+00:00,6.4,1670.0,120.0
USGS-09180000,2025-11-12 18:00:00+00:00,6.95,1675.0,120.0
USGS-09180000,2025-11-12 19:00:00+00:00,7.5,1680.0,120.0
USGS-09180000,2025-11-12 20:00:00+00:00,8.0,1685.0,120.0
USGS-09180000,2025-11-12 21:00:00+00:00,8.25,1700.0,120.0
USGS-09180000,2025-11-12 22:00:00+00:00,8.3,1700.0,120.0
USGS-09180000,2025-11-12 23:00:00+00:00,8.1,1710.0,120.0
USGS-09180000,2025-11-13 00:00:00+00:00,8.0,1720.0,118.0
USGS-09180000,2025-11-13 01:00:00+00:00,7.9,1720.0,118.0
USGS-09180000,2025-11-13 02:00:00+00:00,7.85,1730.0,118.0
USGS-09180000,2025-11-13 03:00:00+00:00,7.95,1730.0,116.0
USGS-09180000,2025-11-13 04:00:00+00:00,8.1,1735.0,116.0
USGS-09180000,2025-11-13 05:00:00+00:00,8.1,1730.0,116.0
USGS-09180000,2025-11-13 06:00:00+00:00,7.95,1735.0,116.0
USGS-09180000,2025-11-13 07:00:00+00:00,7.75,1730.0,116.0
USGS-09180000,2025-11-13 08:00:00+00:00,7.6,1730.0,116.0
USGS-09180000,2025-11-13 09:00:00+00:00,7.6,1720.0,116.0
USGS-09180000,2025-11-13 10:00:00+00:00,7.55,1715.0,116.0
USGS-09180000,2025-11-13 11:00:00+00:00,7.5,1710.0,116.0
USGS-09180000,2025-11-13 12:00:00+00:00,7.4,1700.0,116.0
USGS-09180000,2025-11-13 13:00:00+00:00,7.2,1695.0,116.0
USGS-09180000,2025-11-13 14:00:00+00:00,7.0,1690.0,118.0
USGS-09180000,2025-11-13 15:00:00+00:00,6.9,1680.0,118.0
USGS-09180000,2025-11-13 16:00:00+00:00,6.9,1680.0,118.0
USGS-09180000,2025-11-13 17:00:00+00:00,7.05,1680.0,120.0
USGS-09180000,2025-11-13 18:00:00+00:00,7.55,1675.0,120.0
USGS-09180000,2025-11-13 19:00:00+00:00,8.05,1670.0,120.0
USGS-09180000,2025-11-13 20:00:00+00:00,8.7,1670.0,120.0
USGS-09180000,2025-11-13 21:00:00+00:00,9.15,1670.0,120.0
USGS-09180000,2025-11-13 22:00:00+00:00,9.2,1680.0,120.0
USGS-09180000,2025-11-13 23:00:00+00:00,9.05,1680.0,120.0
USGS-09180000,2025-11-14 00:00:00+00:00,8.649999999999999,1690.0,120.0
USGS-09180000,2025-11-14 01:00:00+00:00,8.350000000000001,1700.0,118.0
USGS-09180000,2025-11-14 02:00:00+00:00,8.3,1710.0,118.0
USGS-09180000,2025-11-14 03:00:00+00:00,8.3,1720.0,118.0
USGS-09180000,2025-11-14 04:00:00+00:00,8.4,1730.0,118.0
USGS-09180000,2025-11-14 05:00:00+00:00,8.4,1740.0,118.0
USGS-09180000,2025-11-14 06:00:00+00:00,8.2,1750.0,116.0
USGS-09180000,2025-11-14 07:00:00+00:00,7.85,1760.0,116.0
USGS-09180000,2025-11-14 08:00:00+00:00,7.7,1760.0,116.0
USGS-09180000,2025-11-14 09:00:00+00:00,7.6,1760.0,116.0
USGS-09180000,2025-11-14 10:00:00+00:00,7.6,1760.0,116.0
USGS-09180000,2025-11-14 11:00:00+00:00,7.6,1760.0,116.0
USGS-09180000,2025-11-14 12:00:00+00:00,7.5,1750.0,116.0
USGS-09180000,2025-11-14 13:00:00+00:00,7.4,1740.0,117.0
USGS-09180000,2025-11-14 14:00:00+00:00,7.3,1740.0,118.0
USGS-09180000,2025-11-14 15:00:00+00:00,7.2,1730.0,118.0
USGS-09180000,2025-11-14 16:00:00+00:00,7.2,1730.0,118.0
USGS-09180000,2025-11-14 17:00:00+00:00,7.45,1720.0,119.0
USGS-09180000,2025-11-14 18:00:00+00:00,7.95,1720.0,120.0
USGS-09180000,2025-11-14 19:00:00+00:00,8.45,1720.0,120.0
USGS-09180000,2025-11-14 20:00:00+00:00,8.95,1730.0,120.0
USGS-09180000,2025-11-14 21:00:00+00:00,9.3,1740.0,120.0
USGS-09180000,2025-11-14 22:00:00+00:00,9.35,1745.0,120.0
USGS-09180000,2025-11-14 23:00:00+00:00,9.1,1755.0,119.0
USGS-09180000,2025-11-15 00:00:00+00:00,8.850000000000001,1770.0,118.0
USGS-09180000,2025-11-15 01:00:00+00:00,8.55,1780.0,117.0
USGS-09180000,2025-11-15 02:00:00+00:00,8.4,1795.0,116.0
USGS-09180000,2025-11-15 03:00:00+00:00,8.4,1805.0,116.0
USGS-09180000,2025-11-15 04:00:00+00:00,8.4,1820.0,116.0
USGS-09180000,2025-11-15 05:00:00+00:00,8.3,1830.0,114.0
USGS-09180000,2025-11-15 06:00:00+00:00,8.2,1835.0,114.0
USGS-09180000,2025-11-15 07:00:00+00:00,8.0,1840.0,114.0
USGS-09180000,2025-11-15 08:00:00+00:00,7.9,1840.0,114.0
USGS-09180000,2025-11-15 09:00:00+00:00,7.9,1835.0,114.0
USGS-09180000,2025-11-15 10:00:00+00:00,7.9,1825.0,114.0
USGS-09180000,2025-11-15 11:00:00+00:00,7.9,1815.0,114.0
USGS-09180000,2025-11-15 12:00:00+00:00,7.85,1800.0,114.0
USGS-09180000,2025-11-15 13:00:00+00:00,7.8,1785.0,116.0
USGS-09180000,2025-11-15 14:00:00+00:00,7.7,1775.0,116.0
USGS-09180000,2025-11-15 15:00:00+00:00,7.6,1760.0,116.0
USGS-09180000,2025-11-15 16:00:00+00:00,7.55,1760.0,116.0
USGS-09180000,2025-11-15 17:00:00+00:00,7.75,1750.0,118.0
USGS-09180000,2025-11-15 18:00:00+00:00,8.05,1740.0,118.0
USGS-09180000,2025-11-15 19:00:00+00:00,8.5,1740.0,118.0
USGS-09180000,2025-11-15 20:00:00+00:00,9.05,1730.0,118.0
USGS-09180000,2025-11-15 21:00:00+00:00,9.45,1740.0,118.0
USGS-09180000,2025-11-15 22:00:00+00:00,9.6,1740.0,118.0
USGS-09180000,2025-11-15 23:00:00+00:00,9.45,1750.0,118.0
USGS-09180000,2025-11-16 00:00:00+00:00,9.15,1760.0,118.0
USGS-09180000,2025-11-16 01:00:00+00:00,8.850000000000001,1775.0,118.0
USGS-09180000,2025-11-16 02:00:00+00:00,8.7,1790.0,117.0
USGS-09180000,2025-11-16 03:00:00+00:00,8.7,1805.0,116.0
USGS-09180000,2025-11-16 04:00:00+00:00,8.8,1820.0,116.0
USGS-09180000,2025-11-16 05:00:00+00:00,8.8,1830.0,116.0
USGS-09180000,2025-11-16 06:00:00+00:00,8.649999999999999,1840.0,116.0
USGS-09180000,2025-11-16 07:00:00+00:00,8.350000000000001,1840.0,116.0
USGS-09180000,2025-11-16 08:00:00+00:00,8.2,1840.0,116.0
USGS-09180000,2025-11-16 09:00:00+00:00,8.1,1835.0,114.0
USGS-09180000,2025-11-16 10:00:00+00:00,8.1,1825.0,114.0
USGS-09180000,2025-11-16 11:00:00+00:00,8.2,1815.0,114.0
USGS-09180000,2025-11-16 12:00:00+00:00,8.2,1800.0,114.0
USGS-09180000,2025-11-16 13:00:00+00:00,8.05,1790.0,116.0
USGS-09180000,2025-11-16 14:00:00+00:00,7.95,1780.0,116.0
USGS-09180000,2025-11-16 15:00:00+00:00,7.8,1770.0,116.0
USGS-09180000,2025-11-16 16:00:00+00:00,7.8,1760.0,118.0
USGS-09180000,2025-11-16 17:00:00+00:00,7.8,1755.0,118.0
USGS-09180000,2025-11-16 18:00:00+00:00,8.0,1750.0,118.0
USGS-09180000,2025-11-16 19:00:00+00:00,8.1,1750.0,118.0
USGS-09180000,2025-11-16 20:00:00+00:00,8.25,1750.0,118.0
USGS-09180000,2025-11-16 21:00:00+00:00,8.4,1750.0,118.0
USGS-09180000,2025-11-16 22:00:00+00:00,8.55,1750.0,119.0
USGS-09180000,2025-11-16 23:00:00+00:00,8.6,1760.0,118.0
USGS-09180000,2025-11-17 00:00:00+00:00,8.6,1760.0,118.0
USGS-09180000,2025-11-17 01:00:00+00:00,8.6,1770.0,118.0
USGS-09180000,2025-11-17 02:00:00+00:00,8.649999999999999,1780.0,118.0
USGS-09180000,2025-11-17 03:00:00+00:00,8.6,1790.0,116.0
USGS-09180000,2025-11-17 04:00:00+00:00,8.6,1800.0,116.0
USGS-09180000,2025-11-17 05:00:00+00:00,8.55,1805.0,116.0
USGS-09180000,2025-11-17 06:00:00+00:00,8.5,1810.0,116.0
USGS-09180000,2025-11-17 07:00:00+00:00,8.4,1810.0,118.0
USGS-09180000,2025-11-17 08:00:00+00:00,8.4,1800.0,118.0
USGS-09180000,2025-11-17 09:00:00+00:00,8.4,1795.0,118.0
USGS-09180000,2025-11-17 10:00:00+00:00,8.4,1785.0,120.0
USGS-09180000,2025-11-17 11:00:00+00:00,8.4,1775.0,123.0
USGS-09180000,2025-11-17 12:00:00+00:00,8.3,1760.0,125.0
USGS-09180000,2025-11-17 13:00:00+00:00,8.2,1750.0,125.0
USGS-09180000,2025-11-17 14:00:00+00:00,8.1,1740.0,128.0
USGS-09180000,2025-11-17 15:00:00+00:00,8.1,1740.0,130.0
USGS-09180000,2025-11-17 16:00:00+00:00,8.1,1730.0,130.0
USGS-09180000,2025-11-17 17:00:00+00:00,8.350000000000001,1730.0,132.0
USGS-09180000,2025-11-17 18:00:00+00:00,8.8,1720.0,135.0
USGS-09180000,2025-11-17 19:00:00+00:00,9.05,1720.0,144.0
USGS-09180000,2025-11-17 20:00:00+00:00,9.3,1720.0,150.0
USGS-09180000,2025-11-17 21:00:00+00:00,9.55,1730.0,156.0
USGS-09180000,2025-11-17 22:00:00+00:00,9.6,1740.0,156.0
USGS-09180000,2025-11-17 23:00:00+00:00,9.5,1750.0,156.0
USGS-09180000,2025-11-18 00:00:00+00:00,9.3,1760.0,156.0
USGS-09180000,2025-11-18 01:00:00+00:00,9.2,1770.0,156.0
USGS-09180000,2025-11-18 02:00:00+00:00,9.3,1780.0,156.0
USGS-09180000,2025-11-18 03:00:00+00:00,9.25,1780.0,153.0
USGS-09180000,2025-11-18 04:00:00+00:00,9.15,1780.0,153.0
USGS-09180000,2025-11-18 05:00:00+00:00,8.9,1765.0,153.0
USGS-09180000,2025-11-18 06:00:00+00:00,8.8,1740.0,153.0
USGS-09180000,2025-11-18 07:00:00+00:00,8.649999999999999,1710.0,156.0
USGS-09180000,2025-11-18 08:00:00+00:00,8.6,1690.0,162.5
USGS-09180000,2025-11-18 09:00:00+00:00,8.55,1665.0,177.0
USGS-09180000,2025-11-18 10:00:00+00:00,8.4,1625.0,184.0
USGS-09180000,2025-11-18 11:00:00+00:00,8.25,1610.0,187.0
USGS-09180000,2025-11-18 12:00:00+00:00,8.05,1620.0,190.0
USGS-09180000,2025-11-18 13:00:00+00:00,7.9,1635.0,197.0
USGS-09180000,2025-11-18 14:00:00+00:00,7.75,1660.0,201.5
USGS-09180000,2025-11-18 15:00:00+00:00,7.7,1675.0,203.0
USGS-09180000,2025-11-18 16:00:00+00:00,7.7,1700.0,203.0
USGS-09180000,2025-11-18 17:00:00+00:00,7.95,1725.0,200.0
USGS-09180000,2025-11-18 18:00:00+00:00,8.149999999999999,1770.0,197.0
USGS-09180000,2025-11-18 19:00:00+00:00,8.55,1910.0,195.5
USGS-09180000,2025-11-18 20:00:00+00:00,8.55,2185.0,197.0
USGS-09180000,2025-11-18 21:00:00+00:00,8.5,2305.0,204.5
USGS-09180000,2025-11-18 22:00:00+00:00,8.55,2175.0,217.5
USGS-09180000,2025-11-18 23:00:00+00:00,8.55,1975.0,241.5
USGS-09180000,2025-11-19 00:00:00+00:00,8.6,1830.0,263.0
USGS-09180000,2025-11-19 01:00:00+00:00,8.6,1730.0,269.0
USGS-09180000,2025-11-19 02:00:00+00:00,8.6,1675.0,269.0
USGS-09180000,2025-11-19 03:00:00+00:00,8.7,1685.0,265.0
USGS-09180000,2025-11-19 04:00:00+00:00,8.8,1710.0,265.0
USGS-09180000,2025-11-19 05:00:00+00:00,8.7,1720.0,274.0
USGS-09180000,2025-11-19 06:00:00+00:00,8.649999999999999,1725.0,294.0
USGS-09180000,2025-11-19 07:00:00+00:00,8.6,1740.0,308.0
USGS-09180000,2025-11-19 08:00:00+00:00,8.6,1700.0,308.0
USGS-09180000,2025-11-19 09:00:00+00:00,8.5,1635.0,306.0
USGS-09180000,2025-11-19 10:00:00+00:00,8.4,1605.0,300.0
USGS-09180000,2025-11-19 11:00:00+00:00,8.3,1595.0,292.0
USGS-09180000,2025-11-19 12:00:00+00:00,8.2,1580.0,284.0
USGS-09180000,2025-11-19 13:00:00+00:00,8.1,1555.0,276.0
USGS-09180000,2025-11-19 14:00:00+00:00,8.1,1560.0,269.0
USGS-09180000,2025-11-19 15:00:00+00:00,8.0,1605.0,263.0
USGS-09180000,2025-11-19 16:00:00+00:00,8.05,1635.0,256.0
USGS-09180000,2025-11-19 17:00:00+00:00,8.2,1640.0,250.0
USGS-09180000,2025-11-19 18:00:00+00:00,8.649999999999999,1605.0,247.0
USGS-09180000,2025-11-19 19:00:00+00:00,8.95,1535.0,240.0
USGS-09180000,2025-11-19 20:00:00+00:00,9.2,1450.0,236.0
USGS-09180000,2025-11-19 21:00:00+00:00,9.4,1370.0,233.0
USGS-09180000,2025-11-19 22:00:00+00:00,9.3,1340.0,229.0
USGS-09180000,2025-11-19 23:00:00+00:00,9.2,1340.0,226.0
USGS-09180000,2025-11-20 00:00:00+00:00,9.2,1330.0,223.0
USGS-09180000,2025-11-20 01:00:00+00:00,9.2,1330.0,217.5
USGS-09180000,2025-11-20 02:00:00+00:00,9.2,1345.0,213.0
USGS-09180000,2025-11-20 03:00:00+00:00,9.1,1380.0,209.0
USGS-09180000,2025-11-20 04:00:00+00:00,9.0,1435.0,204.5
USGS-09180000,2025-11-20 05:00:00+00:00,9.0,1490.0,200.0
USGS-09180000,2025-11-20 06:00:00+00:00,9.1,1550.0,198.5
USGS-09180000,2025-11-20 07:00:00+00:00,9.1,1570.0,206.0
USGS-09180000,2025-11-20 08:00:00+00:00,9.1,1595.0,207.5
USGS-09180000,2025-11-20 09:00:00+00:00,9.0,1600.0,200.0
USGS-09180000,2025-11-20 10:00:00+00:00,8.95,1635.0,197.0
USGS-09180000,2025-11-20 11:00:00+00:00,8.9,1700.0,194.0
USGS-09180000,2025-11-20 12:00:00+00:00,8.8,1820.0,188.5
USGS-09180000,2025-11-20 13:00:00+00:00,8.8,1965.0,184.0
USGS-09180000,2025-11-20 14:00:00+00:00,8.7,2070.0,181.0
USGS-09180000,2025-11-20 15:00:00+00:00,8.75,2075.0,178.0
USGS-09180000,2025-11-20 16:00:00+00:00,8.850000000000001,1995.0,176.0
USGS-09180000,2025-11-20 17:00:00+00:00,9.05,1860.0,173.0
USGS-09180000,2025-11-20 18:00:00+00:00,9.55,1720.0,171.5
USGS-09180000,2025-11-20 19:00:00+00:00,9.8,1580.0,170.0
USGS-09180000,2025-11-20 20:00:00+00:00,9.85,1460.0,167.0
USGS-09180000,2025-11-20 21:00:00+00:00,9.8,1365.0,164.0
USGS-09180000,2025-11-20 22:00:00+00:00,9.7,1290.0,164.0
USGS-09180000,2025-11-20 23:00:00+00:00,9.6,1235.0,161.0
USGS-09180000,2025-11-21 00:00:00+00:00,9.4,1200.0,159.0
USGS-09180000,2025-11-21 01:00:00+00:00,9.4,1205.0,159.0
USGS-09180000,2025-11-21 02:00:00+00:00,9.3,1235.0,156.0
USGS-09180000,2025-11-21 03:00:00+00:00,9.15,1310.0,156.0
USGS-09180000,2025-11-21 04:00:00+00:00,9.0,1415.0,156.0
USGS-09180000,2025-11-21 05:00:00+00:00,8.95,1545.0,153.0
USGS-09180000,2025-11-21 06:00:00+00:00,8.9,1710.0,153.0
USGS-09180000,2025-11-21 07:00:00+00:00,8.9,1845.0,151.5
USGS-09180000,2025-11-21 08:00:00+00:00,8.9,1890.0,150.0
USGS-09180000,2025-11-21 09:00:00+00:00,8.9,1825.0,150.0
USGS-09180000,2025-11-21 10:00:00+00:00,8.9,1665.0,150.0
USGS-09180000,2025-11-21 11:00:00+00:00,8.8,1470.0,150.0
USGS-09180000,2025-11-21 12:00:00+00:00,8.649999999999999,1290.0,150.0
USGS-09180000,2025-11-21 13:00:00+00:00,8.5,1155.0,150.0
USGS-09180000,2025-11-21 14:00:00+00:00,8.4,1070.0,150.0
USGS-09180000,2025-11-21 15:00:00+00:00,8.4,1015.0,148.0
USGS-09180000,2025-11-21 16:00:00+00:00,8.45,987.0,148.0
USGS-09180000,2025-11-21 17:00:00+00:00,8.7,973.0,148.0
USGS-09180000,2025-11-21 18:00:00+00:00,9.1,966.0,148.0
USGS-09180000,2025-11-21 19:00:00+00:00,9.55,960.0,148.0
USGS-09180000,2025-11-21 20:00:00+00:00,9.85,958.0,148.0
USGS-09180000,2025-11-21 21:00:00+00:00,9.8,957.0,145.0
USGS-09180000,2025-11-21 22:00:00+00:00,9.9,957.0,145.0
USGS-09180000,2025-11-21 23:00:00+00:00,9.65,955.0,145.0
USGS-09180000,2025-11-22 00:00:00+00:00,9.45,951.0,145.0
USGS-09180000,2025-11-22 01:00:00+00:00,9.3,946.5,143.0
USGS-09180000,2025-11-22 02:00:00+00:00,9.25,941.5,143.0
USGS-09180000,2025-11-22 03:00:00+00:00,9.3,935.0,143.0
USGS-09180000,2025-11-22 04:00:00+00:00,9.15,928.5,143.0
USGS-09180000,2025-11-22 05:00:00+00:00,9.0,928.5,140.0
USGS-09180000,2025-11-22 06:00:00+00:00,8.850000000000001,965.0,140.0
USGS-09180000,2025-11-22 07:00:00+00:00,8.75,1075.0,140.0
USGS-09180000,2025-11-22 08:00:00+00:00,8.7,1225.0,140.0
USGS-09180000,2025-11-22 09:00:00+00:00,8.6,1335.0,140.0
USGS-09180000,2025-11-22 10:00:00+00:00,8.45,1335.0,140.0
USGS-09180000,2025-11-22 11:00:00+00:00,8.3,1250.0,140.0
USGS-09180000,2025-11-22 12:00:00+00:00,8.149999999999999,1145.0,140.0
USGS-09180000,2025-11-22 13:00:00+00:00,8.0,1050.0,140.0
USGS-09180000,2025-11-22 14:00:00+00:00,7.85,979.0,140.0
USGS-09180000,2025-11-22 15:00:00+00:00,7.7,931.5,140.0
USGS-09180000,2025-11-22 16:00:00+00:00,7.75,896.0,143.0
USGS-09180000,2025-11-22 17:00:00+00:00,7.95,870.0,143.0
USGS-09180000,2025-11-22 18:00:00+00:00,8.45,852.0,144.0
USGS-09180000,2025-11-22 19:00:00+00:00,8.9,840.5,145.0
USGS-09180000,2025-11-22 20:00:00+00:00,9.25,833.0,145.0
USGS-09180000,2025-11-22 21:00:00+00:00,9.4,830.0,145.0
USGS-09180000,2025-11-22 22:00:00+00:00,9.25,830.0,145.0
USGS-09180000,2025-11-22 23:00:00+00:00,8.95,831.5,145.0
USGS-09180000,2025-11-23 00:00:00+00:00,8.649999999999999,835.0,143.0
USGS-09180000,2025-11-23 01:00:00+00:00,8.4,839.0,143.0
USGS-09180000,2025-11-23 02:00:00+00:00,8.45,844.0,143.0
USGS-09180000,2025-11-23 03:00:00+00:00,8.6,850.5,140.0
USGS-09180000,2025-11-23 04:00:00+00:00,8.6,857.0,140.0
USGS-09180000,2025-11-23 05:00:00+00:00,8.45,864.0,140.0
USGS-09180000,2025-11-23 06:00:00+00:00,8.25,870.0,140.0
USGS-09180000,2025-11-23 07:00:00+00:00,8.2,878.0,140.0
USGS-09180000,2025-11-23 08:00:00+00:00,8.2,882.5,140.0
USGS-09180000,2025-11-23 09:00:00+00:00,8.3,889.0,140.0
USGS-09180000,2025-11-23 10:00:00+00:00,8.3,894.5,140.0
USGS-09180000,2025-11-23 11:00:00+00:00,8.149999999999999,900.0,140.0
USGS-09180000,2025-11-23 12:00:00+00:00,8.0,905.0,140.0
USGS-09180000,2025-11-23 13:00:00+00:00,7.9,910.5,140.0
USGS-09180000,2025-11-23 14:00:00+00:00,7.75,916.0,140.0
USGS-09180000,2025-11-23 15:00:00+00:00,7.6,923.0,140.0
USGS-09180000,2025-11-23 16:00:00+00:00,7.6,927.5,140.0
USGS-09180000,2025-11-23 17:00:00+00:00,7.75,933.5,143.0
USGS-09180000,2025-11-23 18:00:00+00:00,7.95,938.5,146.5
USGS-09180000,2025-11-23 19:00:00+00:00,8.2,945.5,150.0
USGS-09180000,2025-11-23 20:00:00+00:00,8.5,950.0,150.0
USGS-09180000,2025-11-23 21:00:00+00:00,8.7,957.5,153.0
USGS-09180000,2025-11-23 22:00:00+00:00,8.8,964.0,151.5
USGS-09180000,2025-11-23 23:00:00+00:00,8.75,973.5,150.0
USGS-09180000,2025-11-24 00:00:00+00:00,8.5,985.5,150.0
USGS-09180000,2025-11-24 01:00:00+00:00,8.25,998.5,149.0
USGS-09180000,2025-11-24 02:00:00+00:00,8.05,1010.0,148.0
USGS-09180000,2025-11-24 03:00:00+00:00,7.9,1030.0,148.0
USGS-09180000,2025-11-24 04:00:00+00:00,7.8,1045.0,145.0
USGS-09180000,2025-11-24 05:00:00+00:00,7.7,1060.0,145.0
USGS-09180000,2025-11-24 06:00:00+00:00,7.6,1080.0,143.0
USGS-09180000,2025-11-24 07:00:00+00:00,7.5,1095.0,143.0
USGS-09180000,2025-11-24 08:00:00+00:00,7.4,1115.0,140.0
USGS-09180000,2025-11-24 09:00:00+00:00,7.35,1130.0,140.0
USGS-09180000,2025-11-24 10:00:00+00:00,7.25,1150.0,140.0
USGS-09180000,2025-11-24 11:00:00+00:00,7.1,1170.0,138.5
USGS-09180000,2025-11-24 12:00:00+00:00,6.95,1195.0,137.0
USGS-09180000,2025-11-24 13:00:00+00:00,6.8,1210.0,137.0
USGS-09180000,2025-11-24 14:00:00+00:00,6.7,1230.0,137.0
USGS-09180000,2025-11-24 15:00:00+00:00,6.7,1245.0,137.0
USGS-09180000,2025-11-24 16:00:00+00:00,6.8,1270.0,135.0
USGS-09180000,2025-11-24 17:00:00+00:00,7.05,1280.0,135.0
USGS-09180000,2025-11-24 18:00:00+00:00,7.55,1280.0,135.0
USGS-09180000,2025-11-24 19:00:00+00:00,7.95,1290.0,135.0
USGS-09180000,2025-11-24 20:00:00+00:00,8.350000000000001,1300.0,135.0
USGS-09180000,2025-11-24 21:00:00+00:00,8.5,1310.0,135.0
USGS-09180000,2025-11-24 22:00:00+00:00,8.350000000000001,1320.0,135.0
USGS-09180000,2025-11-24 23:00:00+00:00,7.95,1320.0,132.0
USGS-09180000,2025-11-25 00:00:00+00:00,7.6,1330.0,132.0
USGS-09180000,2025-11-25 01:00:00+00:00,7.3,1340.0,132.0
USGS-09180000,2025-11-25 02:00:00+00:00,7.2,1340.0,132.0
USGS-09180000,2025-11-25 03:00:00+00:00,7.3,1345.0,132.0
USGS-09180000,2025-11-25 04:00:00+00:00,7.4,1350.0,130.0
USGS-09180000,2025-11-25 05:00:00+00:00,7.3,1355.0,130.0
USGS-09180000,2025-11-25 06:00:00+00:00,7.05,1360.0,130.0
USGS-09180000,2025-11-25 07:00:00+00:00,6.8,1360.0,130.0
USGS-09180000,2025-11-25 08:00:00+00:00,6.8,1370.0,128.0
USGS-09180000,2025-11-25 09:00:00+00:00,6.8,1370.0,128.0
USGS-09180000,2025-11-25 10:00:00+00:00,6.7,1370.0,128.0
USGS-09180000,2025-11-25 11:00:00+00:00,6.65,1370.0,128.0
USGS-09180000,2025-11-25 12:00:00+00:00,6.55,1370.0,128.0
USGS-09180000,2025-11-25 13:00:00+00:00,6.4,1370.0,128.0
USGS-09180000,2025-11-25 14:00:00+00:00,6.15,1380.0,128.0
USGS-09180000,2025-11-25 15:00:00+00:00,6.0,1380.0,128.0
USGS-09180000,2025-11-25 16:00:00+00:00,5.95,1355.0,128.0
USGS-09180000,2025-11-25 17:00:00+00:00,6.05,1335.0,125.0
USGS-09180000,2025-11-25 18:00:00+00:00,6.5,1350.0,125.0
USGS-09180000,2025-11-25 19:00:00+00:00,6.95,1370.0,124.0
USGS-09180000,2025-11-25 20:00:00+00:00,7.45,1395.0,123.0
USGS-09180000,2025-11-25 21:00:00+00:00,7.7,1420.0,121.5
USGS-09180000,2025-11-25 22:00:00+00:00,7.7,1445.0,120.0
USGS-09180000,2025-11-25 23:00:00+00:00,7.35,1465.0,118.0
USGS-09180000,2025-11-26 00:00:00+00:00,6.95,1485.0,117.0
USGS-09180000,2025-11-26 01:00:00+00:00,6.55,1510.0,116.0
USGS-09180000,2025-11-26 02:00:00+00:00,6.3,1530.0,116.0
USGS-09180000,2025-11-26 03:00:00+00:00,6.3,1550.0,116.0
USGS-09180000,2025-11-26 04:00:00+00:00,6.45,1565.0,118.0
USGS-09180000,2025-11-26 05:00:00+00:00,6.5,1585.0,118.0
USGS-09180000,2025-11-26 06:00:00+00:00,6.35,1635.0,118.0
USGS-09180000,2025-11-26 07:00:00+00:00,6.05,1655.0,116.0
USGS-09180000,2025-11-26 08:00:00+00:00,5.8,1675.0,114.0
USGS-09180000,2025-11-26 09:00:00+00:00,5.8,1695.0,111.0
USGS-09180000,2025-11-26 10:00:00+00:00,5.8,1735.0,109.0
USGS-09180000,2025-11-26 11:00:00+00:00,5.9,1765.0,106.0
USGS-09180000,2025-11-26 12:00:00+00:00,5.95,1805.0,104.0
USGS-09180000,2025-11-26 13:00:00+00:00,5.9,1855.0,101.5
USGS-09180000,2025-11-26 14:00:00+00:00,5.75,1895.0,99.15
USGS-09180000,2025-11-26 15:00:00+00:00,5.6,1945.0,97.3
USGS-09180000,2025-11-26 16:00:00+00:00,5.6,1980.0,96.3
USGS-09180000,2025-11-26 17:00:00+00:00,5.65,2000.0,96.3
USGS-09180000,2025-11-26 18:00:00+00:00,5.95,2010.0,94.2
USGS-09180000,2025-11-26 19:00:00+00:00,6.35,2000.0,94.2
USGS-09180000,2025-11-26 20:00:00+00:00,6.800000000000001,1995.0,94.2
USGS-09180000,2025-11-26 21:00:00+00:00,7.1,1985.0,96.3
USGS-09180000,2025-11-26 22:00:00+00:00,7.3,1970.0,96.3
USGS-09180000,2025-11-26 23:00:00+00:00,7.25,1935.0,98.3
USGS-09180000,2025-11-27 00:00:00+00:00,6.8,1905.0,100.0
USGS-09180000,2025-11-27 01:00:00+00:00,6.45,1875.0,100.0
USGS-09180000,2025-11-27 02:00:00+00:00,6.2,1835.0,103.0
USGS-09180000,2025-11-27 03:00:00+00:00,6.0,1795.0,103.0
USGS-09180000,2025-11-27 04:00:00+00:00,6.0,1745.0,105.0
USGS-09180000,2025-11-27 05:00:00+00:00,6.0,1695.0,107.0
USGS-09180000,2025-11-27 06:00:00+00:00,6.0,1605.0,111.0
USGS-09180000,2025-11-27 07:00:00+00:00,5.9,1555.0,117.0
USGS-09180000,2025-11-27 08:00:00+00:00,5.65,1520.0,123.0
USGS-09180000,2025-11-27 09:00:00+00:00,5.5,1490.0,125.0
USGS-09180000,2025-11-27 10:00:00+00:00,5.45,1470.0,125.0
USGS-09180000,2025-11-27 11:00:00+00:00,5.4,1460.0,125.0
USGS-09180000,2025-11-27 12:00:00+00:00,5.4,1450.0,125.0
USGS-09180000,2025-11-27 13:00:00+00:00,5.3,1450.0,123.0
USGS-09180000,2025-11-27 14:00:00+00:00,5.15,1440.0,123.0
USGS-09180000,2025-11-27 15:00:00+00:00,4.9,1445.0,120.0
USGS-09180000,2025-11-27 16:00:00+00:00,4.9,1450.0,120.0
USGS-09180000,2025-11-27 17:00:00+00:00,5.0,1455.0,118.0
USGS-09180000,2025-11-27 18:00:00+00:00,5.5,1460.0,117.0
USGS-09180000,2025-11-27 19:00:00+00:00,6.05,1475.0,116.0
USGS-09180000,2025-11-27 20:00:00+00:00,6.5,1490.0,116.0
USGS-09180000,2025-11-27 21:00:00+00:00,6.8,1510.0,115.0
USGS-09180000,2025-11-27 22:00:00+00:00,6.75,1535.0,114.0
USGS-09180000,2025-11-27 23:00:00+00:00,6.45,1560.0,114.0
USGS-09180000,2025-11-28 00:00:00+00:00,5.95,1590.0,114.0
USGS-09180000,2025-11-28 01:00:00+00:00,5.6,1615.0,114.0
USGS-09180000,2025-11-28 02:00:00+00:00,5.4,1645.0,114.0
USGS-09180000,2025-11-28 03:00:00+00:00,5.4,1710.0,114.0
USGS-09180000,2025-11-28 04:00:00+00:00,5.6,1725.0,114.0
USGS-09180000,2025-11-28 05:00:00+00:00,5.7,1740.0,111.0
USGS-09180000,2025-11-28 06:00:00+00:00,5.65,1750.0,111.0
USGS-09180000,2025-11-28 07:00:00+00:00,5.4,1765.0,111.0
USGS-09180000,2025-11-28 08:00:00+00:00,5.2,1770.0,109.0
USGS-09180000,2025-11-28 09:00:00+00:00,5.1,1780.0,109.0
USGS-09180000,2025-11-28 10:00:00+00:00,5.1,1790.0,108.0
USGS-09180000,2025-11-28 11:00:00+00:00,5.1,1790.0,107.0
USGS-09180000,2025-11-28 12:00:00+00:00,5.1,1800.0,107.0
USGS-09180000,2025-11-28 13:00:00+00:00,5.1,1805.0,105.0
USGS-09180000,2025-11-28 14:00:00+00:00,5.0,1810.0,105.0
USGS-09180000,2025-11-28 15:00:00+00:00,4.85,1815.0,105.0
USGS-09180000,2025-11-28 16:00:00+00:00,4.8,1820.0,105.0
USGS-09180000,2025-11-28 17:00:00+00:00,4.8,1820.0,104.0
USGS-09180000,2025-11-28 18:00:00+00:00,5.15,1820.0,103.0
USGS-09180000,2025-11-28 19:00:00+00:00,5.65,1820.0,103.0
USGS-09180000,2025-11-28 20:00:00+00:00,6.1,1820.0,103.0
USGS-09180000,2025-11-28 21:00:00+00:00,6.6,1830.0,103.0
USGS-09180000,2025-11-28 22:00:00+00:00,6.7,1845.0,103.0
USGS-09180000,2025-11-28 23:00:00+00:00,6.65,1850.0,103.0
USGS-09180000,2025-11-29 00:00:00+00:00,6.25,1865.0,103.0
USGS-09180000,2025-11-29 01:00:00+00:00,5.85,1885.0,105.0
USGS-09180000,2025-11-29 02:00:00+00:00,5.55,1910.0,105.0
USGS-09180000,2025-11-29 03:00:00+00:00,5.4,1930.0,105.0
USGS-09180000,2025-11-29 04:00:00+00:00,5.4,1955.0,105.0
USGS-09180000,2025-11-29 05:00:00+00:00,5.55,1975.0,104.0
USGS-09180000,2025-11-29 06:00:00+00:00,5.6,2000.0,103.0
USGS-09180000,2025-11-29 07:00:00+00:00,5.45,2020.0,103.0
USGS-09180000,2025-11-29 08:00:00+00:00,5.2,2030.0,103.0
USGS-09180000,2025-11-29 09:00:00+00:00,5.05,2020.0,100.0
USGS-09180000,2025-11-29 10:00:00+00:00,4.95,2015.0,100.0
USGS-09180000,2025-11-29 11:00:00+00:00,4.85,2005.0,98.3
USGS-09180000,2025-11-29 12:00:00+00:00,4.8,2000.0,98.3
USGS-09180000,2025-11-29 13:00:00+00:00,4.7,2000.0,98.3
USGS-09180000,2025-11-29 14:00:00+00:00,4.6,2010.0,98.3
USGS-09180000,2025-11-29 15:00:00+00:00,4.6,2045.0,96.3
USGS-09180000,2025-11-29 16:00:00+00:00,4.6,2085.0,98.3
USGS-09180000,2025-11-29 17:00:00+00:00,4.75,2125.0,98.3
USGS-09180000,2025-11-29 18:00:00+00:00,5.15,2150.0,98.3
USGS-09180000,2025-11-29 19:00:00+00:00,5.699999999999999,2175.0,98.3
USGS-09180000,2025-11-29 20:00:00+00:00,6.05,2205.0,98.3
USGS-09180000,2025-11-29 21:00:00+00:00,6.35,2235.0,100.0
USGS-09180000,2025-11-29 22:00:00+00:00,6.4,2250.0,100.0
USGS-09180000,2025-11-29 23:00:00+00:00,6.15,2260.0,100.0
USGS-09180000,2025-11-30 00:00:00+00:00,5.6,2260.0,103.0
USGS-09180000,2025-11-30 01:00:00+00:00,5.15,2260.0,103.0
USGS-09180000,2025-11-30 02:00:00+00:00,4.85,2245.0,105.0
USGS-09180000,2025-11-30 03:00:00+00:00,4.7,2235.0,105.0
USGS-09180000,2025-11-30 04:00:00+00:00,4.8,2215.0,105.0
USGS-09180000,2025-11-30 05:00:00+00:00,5.05,2200.0,105.0
USGS-09180000,2025-11-30 06:00:00+00:00,5.2,2200.0,105.0
USGS-09180000,2025-11-30 07:00:00+00:00,5.05,2200.0,105.0
USGS-09180000,2025-11-30 08:00:00+00:00,4.75,2215.0,105.0
USGS-09180000,2025-11-30 09:00:00+00:00,4.6,2235.0,105.0
USGS-09180000,2025-11-30 10:00:00+00:00,4.5,2265.0,103.0
USGS-09180000,2025-11-30 11:00:00+00:00,4.5,2305.0,103.0
USGS-09180000,2025-11-30 12:00:00+00:00,4.5,2365.0,103.0
USGS-09180000,2025-11-30 13:00:00+00:00,4.5,2430.0,100.0
USGS-09180000,2025-11-30 14:00:00+00:00,4.5,2510.0,100.0
USGS-09180000,2025-11-30 15:00:00+00:00,4.4,2590.0,100.0
USGS-09180000,2025-11-30 16:00:00+00:00,4.35,2660.0,100.0
USGS-09180000,2025-11-30 17:00:00+00:00,4.3,2720.0,100.0
USGS-09180000,2025-11-30 18:00:00+00:00,4.3,2755.0,100.0
USGS-09180000,2025-11-30 19:00:00+00:00,4.35,2760.0,100.0
USGS-09180000,2025-11-30 20:00:00+00:00,4.4,2745.0,100.0
USGS-09180000,2025-11-30 21:00:00+00:00,4.45,2690.0,100.0
USGS-09180000,2025-11-30 22:00:00+00:00,4.5,2595.0,103.0
USGS-09180000,2025-11-30 23:00:00+00:00,4.5,2485.0,103.0
USGS-09180000,2025-12-01 00:00:00+00:00,4.5,2360.0,105.0
USGS-09180000,2025-12-01 01:00:00+00:00,4.5,2235.0,105.0
USGS-09180000,2025-12-01 02:00:00+00:00,4.4,2105.0,106.0
USGS-09180000,2025-12-01 03:00:00+00:00,4.4,2000.0,109.0
USGS-09180000,2025-12-01 04:00:00+00:00,4.4,1865.0,112.5
USGS-09180000,2025-12-01 05:00:00+00:00,4.3,1815.0,111.0
USGS-09180000,2025-12-01 06:00:00+00:00,4.2,1715.0,109.0
USGS-09180000,2025-12-01 07:00:00+00:00,4.1,1690.0,109.0
USGS-09180000,2025-12-01 08:00:00+00:00,4.0,1675.0,107.0
USGS-09180000,2025-12-01 09:00:00+00:00,3.85,1665.0,106.0
USGS-09180000,2025-12-01 10:00:00+00:00,3.7,1655.0,105.0
USGS-09180000,2025-12-01 11:00:00+00:00,3.6,1640.0,105.0
USGS-09180000,2025-12-01 12:00:00+00:00,3.4,1625.0,103.0
USGS-09180000,2025-12-01 13:00:00+00:00,3.25,1605.0,103.0
USGS-09180000,2025-12-01 14:00:00+00:00,3.1500000000000004,1590.0,104.0
USGS-09180000,2025-12-01 15:00:00+00:00,3.0,1590.0,104.0
USGS-09180000,2025-12-01 16:00:00+00:00,3.0,1590.0,105.0
USGS-09180000,2025-12-01 17:00:00+00:00,3.2,1580.0,105.0
USGS-09180000,2025-12-01 18:00:00+00:00,3.7,1580.0,105.0
USGS-09180000,2025-12-01 19:00:00+00:00,4.25,1575.0,105.0
USGS-09180000,2025-12-01 20:00:00+00:00,4.65,1570.0,105.0
USGS-09180000,2025-12-01 21:00:00+00:00,4.95,1570.0,108.0
USGS-09180000,2025-12-01 22:00:00+00:00,4.9,1580.0,117.0
USGS-09180000,2025-12-01 23:00:00+00:00,4.45,1590.0,124.0
USGS-09180000,2025-12-02 00:00:00+00:00,3.85,1600.0,129.0
USGS-09180000,2025-12-02 01:00:00+00:00,3.5,1610.0,131.0
USGS-09180000,2025-12-02 02:00:00+00:00,3.3,1625.0,132.0
USGS-09180000,2025-12-02 03:00:00+00:00,3.45,1635.0,130.0
USGS-09180000,2025-12-02 04:00:00+00:00,3.7,1640.0,130.0
USGS-09180000,2025-12-02 05:00:00+00:00,3.65,1650.0,129.0
USGS-09180000,2025-12-02 06:00:00+00:00,3.3499999999999996,1650.0,128.0
USGS-09180000,2025-12-02 07:00:00+00:00,3.1500000000000004,1640.0,125.0
USGS-09180000,2025-12-02 08:00:00+00:00,3.05,1635.0,125.0
USGS-09180000,2025-12-02 09:00:00+00:00,3.1,1630.0,124.0
USGS-09180000,2025-12-02 10:00:00+00:00,3.1,1620.0,123.0
USGS-09180000,2025-12-02 11:00:00+00:00,3.1,1630.0,123.0
USGS-09180000,2025-12-02 12:00:00+00:00,3.05,1635.0,123.0
USGS-09180000,2025-12-02 13:00:00+00:00,2.95,1645.0,123.0
USGS-09180000,2025-12-02 14:00:00+00:00,2.8,1665.0,125.0
USGS-09180000,2025-12-02 15:00:00+00:00,2.7,1690.0,125.0
USGS-09180000,2025-12-02 16:00:00+00:00,2.7,1720.0,125.0
USGS-09180000,2025-12-02 17:00:00+00:00,2.7,1745.0,125.0
USGS-09180000,2025-12-02 18:00:00+00:00,2.8,1770.0,125.0
USGS-09180000,2025-12-02 19:00:00+00:00,3.0,1785.0,125.0
USGS-09180000,2025-12-02 20:00:00+00:00,3.1500000000000004,1825.0,125.0
USGS-09180000,2025-12-02 21:00:00+00:00,3.2,1860.0,125.0
USGS-09180000,2025-12-02 22:00:00+00:00,3.3,1875.0,125.0
USGS-09180000,2025-12-02 23:00:00+00:00,3.3,1885.0,123.0
USGS-09180000,2025-12-03 00:00:00+00:00,3.2,1890.0,123.0
USGS-09180000,2025-12-03 01:00:00+00:00,3.1500000000000004,1900.0,123.0
USGS-09180000,2025-12-03 02:00:00+00:00,3.0,1900.0,123.0
USGS-09180000,2025-12-03 03:00:00+00:00,2.9,1900.0,123.0
USGS-09180000,2025-12-03 04:00:00+00:00,2.8,1895.0,123.0
USGS-09180000,2025-12-03 05:00:00+00:00,2.8,1890.0,123.0
USGS-09180000,2025-12-03 06:00:00+00:00,2.7,1880.0,123.0
USGS-09180000,2025-12-03 07:00:00+00:00,2.6,1840.0,123.0
USGS-09180000,2025-12-03 08:00:00+00:00,2.6,1840.0,123.0
USGS-09180000,2025-12-03 09:00:00+00:00,2.5,1895.0,123.0
USGS-09180000,2025-12-03 10:00:00+00:00,2.5,1910.0,123.0
USGS-09180000,2025-12-03 11:00:00+00:00,2.5,1930.0,125.0
USGS-09180000,2025-12-03 12:00:00+00:00,2.5,1940.0,125.0
USGS-09180000,2025-12-03 13:00:00+00:00,2.4,1945.0,125.0
USGS-09180000,2025-12-03 14:00:00+00:00,2.4,1950.0,125.0
USGS-09180000,2025-12-03 15:00:00+00:00,2.4,1950.0,125.0
USGS-09180000,2025-12-03 16:00:00+00:00,2.5,1960.0,125.0
USGS-09180000,2025-12-03 17:00:00+00:00,2.6500000000000004,1970.0,125.0
USGS-09180000,2025-12-03 18:00:00+00:00,2.9,1975.0,125.0
USGS-09180000,2025-12-03 19:00:00+00:00,3.25,1980.0,125.0
USGS-09180000,2025-12-03 20:00:00+00:00,3.6,1990.0,125.0
USGS-09180000,2025-12-03 21:00:00+00:00,3.8,2000.0,123.0
USGS-09180000,2025-12-03 22:00:00+00:00,3.9,2010.0,123.0
USGS-09180000,2025-12-03 23:00:00+00:00,3.8,2020.0,120.0
USGS-09180000,2025-12-04 00:00:00+00:00,3.7,2030.0,118.0
USGS-09180000,2025-12-04 01:00:00+00:00,3.6,2045.0,116.0
USGS-09180000,2025-12-04 02:00:00+00:00,3.45,2060.0,116.0
USGS-09180000,2025-12-04 03:00:00+00:00,3.3,2075.0,114.0
USGS-09180000,2025-12-04 04:00:00+00:00,3.1500000000000004,2090.0,114.0
USGS-09180000,2025-12-04 05:00:00+00:00,3.0,2100.0,111.0
USGS-09180000,2025-12-04 06:00:00+00:00,2.8,2105.0,111.0
USGS-09180000,2025-12-04 07:00:00+00:00,2.6500000000000004,2110.0,111.0
USGS-09180000,2025-12-04 08:00:00+00:00,2.5,2110.0,111.0
USGS-09180000,2025-12-04 09:00:00+00:00,2.4,2110.0,111.0
USGS-09180000,2025-12-04 10:00:00+00:00,2.2,2100.0,111.0
USGS-09180000,2025-12-04 11:00:00+00:00,2.05,2100.0,109.0
USGS-09180000,2025-12-04 12:00:00+00:00,1.9,2090.0,109.0
USGS-09180000,2025-12-04 13:00:00+00:00,1.75,2090.0,109.0
USGS-09180000,2025-12-04 14:00:00+00:00,1.55,2080.0,109.0
USGS-09180000,2025-12-04 15:00:00+00:00,1.4,2070.0,109.0
USGS-09180000,2025-12-04 16:00:00+00:00,1.4,2055.0,109.0
USGS-09180000,2025-12-04 17:00:00+00:00,1.55,2025.0,109.0
USGS-09180000,2025-12-04 18:00:00+00:00,1.95,1985.0,107.0
USGS-09180000,2025-12-04 19:00:00+00:00,2.55,1945.0,108.0
USGS-09180000,2025-12-04 20:00:00+00:00,2.95,1905.0,107.0
USGS-09180000,2025-12-04 21:00:00+00:00,3.25,1875.0,107.0
USGS-09180000,2025-12-04 22:00:00+00:00,3.25,1805.0,105.0
USGS-09180000,2025-12-04 23:00:00+00:00,2.9,1795.0,105.0
USGS-09180000,2025-12-05 00:00:00+00:00,2.3499999999999996,1790.0,103.0
USGS-09180000,2025-12-05 01:00:00+00:00,1.95,1800.0,100.0
USGS-09180000,2025-12-05 02:00:00+00:00,1.7,1805.0,100.0
USGS-09180000,2025-12-05 03:00:00+00:00,1.55,1815.0,98.3
USGS-09180000,2025-12-05 04:00:00+00:00,1.6,1825.0,98.3
USGS-09180000,2025-12-05 05:00:00+00:00,1.85,1835.0,98.3
USGS-09180000,2025-12-05 06:00:00+00:00,2.0,1845.0,96.3
USGS-09180000,2025-12-05 07:00:00+00:00,2.05,1855.0,98.3
USGS-09180000,2025-12-05 08:00:00+00:00,1.95,1860.0,98.3
USGS-09180000,2025-12-05 09:00:00+00:00,1.8,1870.0,98.3
USGS-09180000,2025-12-05 10:00:00+00:00,1.8,1870.0,100.0
USGS-09180000,2025-12-05 11:00:00+00:00,1.8,1870.0,100.0
USGS-09180000,2025-12-05 12:00:00+00:00,1.8,1870.0,101.5
USGS-09180000,2025-12-05 13:00:00+00:00,1.8,1870.0,106.0
USGS-09180000,2025-12-05 14:00:00+00:00,1.8,1870.0,112.5
USGS-09180000,2025-12-05 15:00:00+00:00,1.8,1860.0,119.0
USGS-09180000,2025-12-05 16:00:00+00:00,1.8,1850.0,123.0
USGS-09180000,2025-12-05 17:00:00+00:00,1.8,1840.0,125.0
USGS-09180000,2025-12-05 18:00:00+00:00,2.1500000000000004,1825.0,126.5
USGS-09180000,2025-12-05 19:00:00+00:00,2.6500000000000004,1815.0,128.0
USGS-09180000,2025-12-05 20:00:00+00:00,3.05,1810.0,128.0
USGS-09180000,2025-12-05 21:00:00+00:00,3.3,1810.0,128.0
USGS-09180000,2025-12-05 22:00:00+00:00,3.5,1855.0,126.5
USGS-09180000,2025-12-05 23:00:00+00:00,3.3499999999999996,1840.0,125.0
USGS-09180000,2025-12-06 00:00:00+00:00,3.0,1820.0,125.0
USGS-09180000,2025-12-06 01:00:00+00:00,2.8,1820.0,123.0
USGS-09180000,2025-12-06 02:00:00+00:00,2.6,1830.0,123.0
USGS-09180000,2025-12-06 03:00:00+00:00,2.7,1830.0,120.0
USGS-09180000,2025-12-06 04:00:00+00:00,2.9,1830.0,120.0
USGS-09180000,2025-12-06 05:00:00+00:00,3.0,1830.0,118.0
USGS-09180000,2025-12-06 06:00:00+00:00,3.0,1830.0,118.0
USGS-09180000,2025-12-06 07:00:00+00:00,2.8,1820.0,118.0
USGS-09180000,2025-12-06 08:00:00+00:00,2.7,1820.0,118.0
USGS-09180000,2025-12-06 09:00:00+00:00,2.75,1820.0,118.0
USGS-09180000,2025-12-06 10:00:00+00:00,2.8,1815.0,118.0
USGS-09180000,2025-12-06 11:00:00+00:00,2.8,1805.0,118.0
USGS-09180000,2025-12-06 12:00:00+00:00,2.8,1795.0,118.0
USGS-09180000,2025-12-06 13:00:00+00:00,2.8,1780.0,116.0
USGS-09180000,2025-12-06 14:00:00+00:00,2.8,1770.0,116.0
USGS-09180000,2025-12-06 15:00:00+00:00,2.8,1750.0,116.0
USGS-09180000,2025-12-06 16:00:00+00:00,2.8,1740.0,116.0
USGS-09180000,2025-12-06 17:00:00+00:00,2.8499999999999996,1725.0,116.0
USGS-09180000,2025-12-06 18:00:00+00:00,3.25,1710.0,116.0
USGS-09180000,2025-12-06 19:00:00+00:00,3.5,1695.0,118.0
USGS-09180000,2025-12-06 20:00:00+00:00,3.85,1680.0,120.0
USGS-09180000,2025-12-06 21:00:00+00:00,4.2,1670.0,120.0
USGS-09180000,2025-12-06 22:00:00+00:00,4.35,1660.0,120.0
USGS-09180000,2025-12-06 23:00:00+00:00,4.35,1660.0,120.0
USGS-09180000,2025-12-07 00:00:00+00:00,4.2,1670.0,118.0
USGS-09180000,2025-12-07 01:00:00+00:00,3.95,1685.0,118.0
USGS-09180000,2025-12-07 02:00:00+00:00,3.7,1705.0,116.0
USGS-09180000,2025-12-07 03:00:00+00:00,3.55,1735.0,114.0
USGS-09180000,2025-12-07 04:00:00+00:00,3.5,1765.0,114.0
USGS-09180000,2025-12-07 05:00:00+00:00,3.4,1795.0,111.0
USGS-09180000,2025-12-07 06:00:00+00:00,3.3499999999999996,1820.0,111.0
USGS-09180000,2025-12-07 07:00:00+00:00,3.2,1890.0,109.0
USGS-09180000,2025-12-07 08:00:00+00:00,3.1,1910.0,109.0
USGS-09180000,2025-12-07 09:00:00+00:00,3.0,1930.0,107.0
USGS-09180000,2025-12-07 10:00:00+00:00,2.9,1945.0,106.0
USGS-09180000,2025-12-07 11:00:00+00:00,2.8,1960.0,104.0
USGS-09180000,2025-12-07 12:00:00+00:00,2.6,1975.0,103.0
USGS-09180000,2025-12-07 13:00:00+00:00,2.5,1990.0,100.0
USGS-09180000,2025-12-07 14:00:00+00:00,2.3499999999999996,2010.0,99.15
USGS-09180000,2025-12-07 15:00:00+00:00,2.2,2025.0,98.3
USGS-09180000,2025-12-07 16:00:00+00:00,2.2,2045.0,96.3
USGS-09180000,2025-12-07 17:00:00+00:00,2.3,2060.0,96.3
USGS-09180000,2025-12-07 18:00:00+00:00,2.7,2070.0,96.3
USGS-09180000,2025-12-07 19:00:00+00:00,3.3,2080.0,96.3
USGS-09180000,2025-12-07 20:00:00+00:00,3.75,2090.0,94.2
USGS-09180000,2025-12-07 21:00:00+00:00,4.0,2100.0,94.2
USGS-09180000,2025-12-07 22:00:00+00:00,4.0,2120.0,94.2
USGS-09180000,2025-12-07 23:00:00+00:00,3.75,2130.0,94.2
USGS-09180000,2025-12-08 00:00:00+00:00,3.3499999999999996,2150.0,94.2
USGS-09180000,2025-12-08 01:00:00+00:00,3.0,2180.0,94.2
USGS-09180000,2025-12-08 02:00:00+00:00,2.75,2210.0,94.2
USGS-09180000,2025-12-08 03:00:00+00:00,2.6,2235.0,94.2
USGS-09180000,2025-12-08 04:00:00+00:00,2.5,2265.0,95.25
USGS-09180000,2025-12-08 05:00:00+00:00,2.6,2290.0,97.3
USGS-09180000,2025-12-08 06:00:00+00:00,2.7,2310.0,99.15
USGS-09180000,2025-12-08 07:00:00+00:00,2.7,2325.0,100.0
USGS-09180000,2025-12-08 08:00:00+00:00,2.55,2340.0,103.0
USGS-09180000,2025-12-08 09:00:00+00:00,2.4,2340.0,105.0
USGS-09180000,2025-12-08 10:00:00+00:00,2.4,2340.0,107.0
USGS-09180000,2025-12-08 11:00:00+00:00,2.4,2340.0,110.0
USGS-09180000,2025-12-08 12:00:00+00:00,2.4,2330.0,116.0
USGS-09180000,2025-12-08 13:00:00+00:00,2.4,2310.0,120.0
USGS-09180000,2025-12-08 14:00:00+00:00,2.3,2285.0,123.0
USGS-09180000,2025-12-08 15:00:00+00:00,2.1,2250.0,125.0
USGS-09180000,2025-12-08 16:00:00+00:00,2.0,2215.0,125.0
USGS-09180000,2025-12-08 17:00:00+00:00,2.1,2165.0,128.0
USGS-09180000,2025-12-08 18:00:00+00:00,2.5,2115.0,128.0
USGS-09180000,2025-12-08 19:00:00+00:00,3.05,2075.0,128.0
USGS-09180000,2025-12-08 20:00:00+00:00,3.5,2050.0,128.0
USGS-09180000,2025-12-08 21:00:00+00:00,3.8,2035.0,125.0
USGS-09180000,2025-12-08 22:00:00+00:00,3.8,2030.0,125.0
USGS-09180000,2025-12-08 23:00:00+00:00,3.45,2030.0,125.0
USGS-09180000,2025-12-09 00:00:00+00:00,3.05,2020.0,125.0
USGS-09180000,2025-12-09 01:00:00+00:00,2.8,2020.0,123.0
USGS-09180000,2025-12-09 02:00:00+00:00,2.6,2020.0,123.0
USGS-09180000,2025-12-09 03:00:00+00:00,2.75,2020.0,123.0
USGS-09180000,2025-12-09 04:00:00+00:00,3.0,2020.0,123.0
USGS-09180000,2025-12-09 05:00:00+00:00,3.0,2020.0,121.5
USGS-09180000,2025-12-09 06:00:00+00:00,2.8499999999999996,2030.0,120.0
USGS-09180000,2025-12-09 07:00:00+00:00,2.6,2035.0,120.0
USGS-09180000,2025-12-09 08:00:00+00:00,2.5,2040.0,119.0
USGS-09180000,2025-12-09 09:00:00+00:00,2.5,2040.0,118.0
USGS-09180000,2025-12-09 10:00:00+00:00,2.6,2035.0,117.0
USGS-09180000,2025-12-09 11:00:00+00:00,2.6,2030.0,116.0
USGS-09180000,2025-12-09 12:00:00+00:00,2.6,2020.0,114.0
USGS-09180000,2025-12-09 13:00:00+00:00,2.5,2010.0,114.0
USGS-09180000,2025-12-09 14:00:00+00:00,2.3499999999999996,2000.0,114.0
USGS-09180000,2025-12-09 15:00:00+00:00,2.2,1990.0,114.0
USGS-09180000,2025-12-09 16:00:00+00:00,2.2,1990.0,114.0
USGS-09180000,2025-12-09 17:00:00+00:00,2.3499999999999996,1990.0,111.0
USGS-09180000,2025-12-09 18:00:00+00:00,2.75,1980.0,114.0
USGS-09180000,2025-12-09 19:00:00+00:00,3.25,1970.0,111.0
USGS-09180000,2025-12-09 20:00:00+00:00,3.75,1960.0,114.0
USGS-09180000,2025-12-09 21:00:00+00:00,4.1,1950.0,114.0
USGS-09180000,2025-12-09 22:00:00+00:00,4.3,1935.0,116.0
USGS-09180000,2025-12-09 23:00:00+00:00,4.1,1915.0,116.0
USGS-09180000,2025-12-10 00:00:00+00:00,3.75,1900.0,118.0
USGS-09180000,2025-12-10 01:00:00+00:00,3.5,1890.0,117.0
USGS-09180000,2025-12-10 02:00:00+00:00,3.3,1840.0,116.0
USGS-09180000,2025-12-10 03:00:00+00:00,3.3,1865.0,116.0
USGS-09180000,2025-12-10 04:00:00+00:00,3.4,1910.0,116.0
USGS-09180000,2025-12-10 05:00:00+00:00,3.5,1935.0,114.0
USGS-09180000,2025-12-10 06:00:00+00:00,3.45,1970.0,114.0
USGS-09180000,2025-12-10 07:00:00+00:00,3.2,2005.0,112.5
USGS-09180000,2025-12-10 08:00:00+00:00,3.0,2040.0,111.0
USGS-09180000,2025-12-10 09:00:00+00:00,3.0,2070.0,111.0
USGS-09180000,2025-12-10 10:00:00+00:00,2.9,2095.0,109.0
USGS-09180000,2025-12-10 11:00:00+00:00,2.9,2115.0,108.0
USGS-09180000,2025-12-10 12:00:00+00:00,2.9,2140.0,107.0
USGS-09180000,2025-12-10 13:00:00+00:00,2.9,2155.0,105.0
USGS-09180000,2025-12-10 14:00:00+00:00,2.8,2175.0,105.0
USGS-09180000,2025-12-10 15:00:00+00:00,2.7,2195.0,103.0
USGS-09180000,2025-12-10 16:00:00+00:00,2.7,2220.0,103.0
USGS-09180000,2025-12-10 17:00:00+00:00,2.8,2235.0,103.0
USGS-09180000,2025-12-10 18:00:00+00:00,3.1500000000000004,2250.0,103.0
USGS-09180000,2025-12-10 19:00:00+00:00,3.7,2255.0,103.0
USGS-09180000,2025-12-10 20:00:00+00:00,4.15,2260.0,103.0
USGS-09180000,2025-12-10 21:00:00+00:00,4.5,2275.0,105.0
USGS-09180000,2025-12-10 22:00:00+00:00,4.6,2290.0,105.0
USGS-09180000,2025-12-10 23:00:00+00:00,4.45,2300.0,105.0
USGS-09180000,2025-12-11 00:00:00+00:00,4.15,2305.0,107.0
USGS-09180000,2025-12-11 01:00:00+00:00,3.8,2320.0,107.0
USGS-09180000,2025-12-11 02:00:00+00:00,3.5,2320.0,109.0
USGS-09180000,2025-12-11 03:00:00+00:00,3.4,2320.0,109.0
USGS-09180000,2025-12-11 04:00:00+00:00,3.4,2315.0,109.0
USGS-09180000,2025-12-11 05:00:00+00:00,3.6,2305.0,109.0
USGS-09180000,2025-12-11 06:00:00+00:00,3.6,2300.0,107.0
USGS-09180000,2025-12-11 07:00:00+00:00,3.4,2300.0,107.0
USGS-09180000,2025-12-11 08:00:00+00:00,3.2,2300.0,107.0
USGS-09180000,2025-12-11 09:00:00+00:00,3.05,2300.0,105.0
USGS-09180000,2025-12-11 10:00:00+00:00,3.0,2310.0,105.0
USGS-09180000,2025-12-11 11:00:00+00:00,2.95,2300.0,105.0
USGS-09180000,2025-12-11 12:00:00+00:00,2.9,2290.0,103.0
USGS-09180000,2025-12-11 13:00:00+00:00,2.8,2270.0,103.0
USGS-09180000,2025-12-11 14:00:00+00:00,2.75,2245.0,104.0
USGS-09180000,2025-12-11 15:00:00+00:00,2.6500000000000004,2220.0,105.0
USGS-09180000,2025-12-11 16:00:00+00:00,2.6500000000000004,2195.0,105.0
USGS-09180000,2025-12-11 17:00:00+00:00,2.75,2165.0,107.0
USGS-09180000,2025-12-11 18:00:00+00:00,3.1,2135.0,107.0
USGS-09180000,2025-12-11 19:00:00+00:00,3.65,2115.0,109.0
USGS-09180000,2025-12-11 20:00:00+00:00,4.15,2100.0,109.0
USGS-09180000,2025-12-11 21:00:00+00:00,4.45,2090.0,111.0
USGS-09180000,2025-12-11 22:00:00+00:00,4.55,2090.0,111.0
USGS-09180000,2025-12-11 23:00:00+00:00,4.25,2080.0,114.0
USGS-09180000,2025-12-12 00:00:00+00:00,3.75,2090.0,114.0
USGS-09180000,2025-12-12 01:00:00+00:00,3.3499999999999996,2090.0,116.0
USGS-09180000,2025-12-12 02:00:00+00:00,3.1,2085.0,114.0
USGS-09180000,2025-12-12 03:00:00+00:00,3.1,2070.0,114.0
USGS-09180000,2025-12-12 04:00:00+00:00,3.3,2045.0,114.0
USGS-09180000,2025-12-12 05:00:00+00:00,3.5,2020.0,111.0
USGS-09180000,2025-12-12 06:00:00+00:00,3.5,1985.0,110.0
USGS-09180000,2025-12-12 07:00:00+00:00,3.25,1955.0,109.0
USGS-09180000,2025-12-12 08:00:00+00:00,3.0,1895.0,107.0
USGS-09180000,2025-12-12 09:00:00+00:00,2.9,1845.0,107.0
USGS-09180000,2025-12-12 10:00:00+00:00,2.8499999999999996,1830.0,105.0
USGS-09180000,2025-12-12 11:00:00+00:00,2.8,1815.0,106.0
USGS-09180000,2025-12-12 12:00:00+00:00,2.8,1810.0,108.0
USGS-09180000,2025-12-12 13:00:00+00:00,2.8,1800.0,111.0
USGS-09180000,2025-12-12 14:00:00+00:00,2.7,1810.0,116.0
USGS-09180000,2025-12-12 15:00:00+00:00,2.6,1810.0,118.0
USGS-09180000,2025-12-12 16:00:00+00:00,2.5,1810.0,120.0
USGS-09180000,2025-12-12 17:00:00+00:00,2.55,1820.0,120.0
USGS-09180000,2025-12-12 18:00:00+00:00,2.95,1825.0,123.0
USGS-09180000,2025-12-12 19:00:00+00:00,3.5,1830.0,123.0
USGS-09180000,2025-12-12 20:00:00+00:00,3.95,1900.0,123.0
USGS-09180000,2025-12-12 21:00:00+00:00,4.25,1915.0,123.0
USGS-09180000,2025-12-12 22:00:00+00:00,4.25,1930.0,123.0
USGS-09180000,2025-12-12 23:00:00+00:00,3.95,1950.0,123.0
USGS-09180000,2025-12-13 00:00:00+00:00,3.5,1960.0,123.0
USGS-09180000,2025-12-13 01:00:00+00:00,3.1500000000000004,1960.0,123.0
USGS-09180000,2025-12-13 02:00:00+00:00,2.9,1970.0,123.0
USGS-09180000,2025-12-13 03:00:00+00:00,3.0,1960.0,123.0
USGS-09180000,2025-12-13 04:00:00+00:00,3.25,1970.0,120.0
USGS-09180000,2025-12-13 05:00:00+00:00,3.3,1980.0,120.0
USGS-09180000,2025-12-13 06:00:00+00:00,3.1500000000000004,1995.0,118.0
USGS-09180000,2025-12-13 07:00:00+00:00,2.8499999999999996,2015.0,117.0
USGS-09180000,2025-12-13 08:00:00+00:00,2.6500000000000004,2045.0,116.0
USGS-09180000,2025-12-13 09:00:00+00:00,2.6,2085.0,114.0
USGS-09180000,2025-12-13 10:00:00+00:00,2.6,2115.0,112.5
USGS-09180000,2025-12-13 11:00:00+00:00,2.5,2145.0,111.0
USGS-09180000,2025-12-13 12:00:00+00:00,2.45,2165.0,111.0
USGS-09180000,2025-12-13 13:00:00+00:00,2.4,2180.0,111.0
USGS-09180000,2025-12-13 14:00:00+00:00,2.2,2190.0,111.0
USGS-09180000,2025-12-13 15:00:00+00:00,2.0,2190.0,111.0
USGS-09180000,2025-12-13 16:00:00+00:00,2.0,2200.0,111.0
USGS-09180000,2025-12-13 17:00:00+00:00,2.05,2185.0,114.0
USGS-09180000,2025-12-13 18:00:00+00:00,2.45,2160.0,114.0
USGS-09180000,2025-12-13 19:00:00+00:00,3.05,2135.0,116.0
USGS-09180000,2025-12-13 20:00:00+00:00,3.5,2115.0,118.0
USGS-09180000,2025-12-13 21:00:00+00:00,3.8,2100.0,118.0
USGS-09180000,2025-12-13 22:00:00+00:00,3.8,2090.0,120.0
USGS-09180000,2025-12-13 23:00:00+00:00,3.45,2090.0,120.0
USGS-09180000,2025-12-14 00:00:00+00:00,3.05,2095.0,120.0
USGS-09180000,2025-12-14 01:00:00+00:00,2.6500000000000004,2110.0,120.0
USGS-09180000,2025-12-14 02:00:00+00:00,2.4,2135.0,120.0
USGS-09180000,2025-12-14 03:00:00+00:00,2.4,2160.0,120.0
USGS-09180000,2025-12-14 04:00:00+00:00,2.6500000000000004,2195.0,118.0
USGS-09180000,2025-12-14 05:00:00+00:00,2.8,2245.0,118.0
USGS-09180000,2025-12-14 06:00:00+00:00,2.6500000000000004,2290.0,116.0
USGS-09180000,2025-12-14 07:00:00+00:00,2.3499999999999996,2340.0,116.0
USGS-09180000,2025-12-14 08:00:00+00:00,2.2,2385.0,114.0
USGS-09180000,2025-12-14 09:00:00+00:00,2.1,2420.0,111.0
USGS-09180000,2025-12-14 10:00:00+00:00,2.1,2455.0,109.0
USGS-09180000,2025-12-14 11:00:00+00:00,2.0,2485.0,108.0
USGS-09180000,2025-12-14 12:00:00+00:00,2.0,2500.0,107.0
USGS-09180000,2025-12-14 13:00:00+00:00,1.9,2500.0,105.0
USGS-09180000,2025-12-14 14:00:00+00:00,1.8,2500.0,105.0
USGS-09180000,2025-12-14 15:00:00+00:00,1.6,2490.0,103.0
USGS-09180000,2025-12-14 16:00:00+00:00,1.6,2480.0,103.0
USGS-09180000,2025-12-14 17:00:00+00:00,1.65,2460.0,103.0
USGS-09180000,2025-12-14 18:00:00+00:00,2.05,2435.0,103.0
USGS-09180000,2025-12-14 19:00:00+00:00,2.6500000000000004,2420.0,105.0
USGS-09180000,2025-12-14 20:00:00+00:00,3.05,2410.0,107.0
USGS-09180000,2025-12-14 21:00:00+00:00,3.4,2405.0,110.0
USGS-09180000,2025-12-14 22:00:00+00:00,3.45,2410.0,115.0
USGS-09180000,2025-12-14 23:00:00+00:00,3.1500000000000004,2415.0,118.0
USGS-09180000,2025-12-15 00:00:00+00:00,2.6500000000000004,2425.0,120.0
USGS-09180000,2025-12-15 01:00:00+00:00,2.3,2445.0,120.0
USGS-09180000,2025-12-15 02:00:00+00:00,2.1,2465.0,119.0
USGS-09180000,2025-12-15 03:00:00+00:00,2.1,2485.0,118.0
USGS-09180000,2025-12-15 04:00:00+00:00,2.3,2510.0,118.0
USGS-09180000,2025-12-15 05:00:00+00:00,2.4,2530.0,116.0
USGS-09180000,2025-12-15 06:00:00+00:00,2.2,2540.0,116.0
USGS-09180000,2025-12-15 07:00:00+00:00,2.0,2535.0,114.0
USGS-09180000,2025-12-15 08:00:00+00:00,1.8,2515.0,111.0
USGS-09180000,2025-12-15 09:00:00+00:00,1.8,2485.0,110.0
USGS-09180000,2025-12-15 10:00:00+00:00,1.8,2445.0,109.0
USGS-09180000,2025-12-15 11:00:00+00:00,1.7,2395.0,107.0
USGS-09180000,2025-12-15 12:00:00+00:00,1.7,2345.0,107.0
USGS-09180000,2025-12-15 13:00:00+00:00,1.6,2285.0,105.0
USGS-09180000,2025-12-15 14:00:00+00:00,1.5,2230.0,105.0
USGS-09180000,2025-12-15 15:00:00+00:00,1.35,2175.0,105.0
USGS-09180000,2025-12-15 16:00:00+00:00,1.3,2135.0,105.0
USGS-09180000,2025-12-15 17:00:00+00:00,1.4,2095.0,105.0
USGS-09180000,2025-12-15 18:00:00+00:00,1.7000000000000002,2065.0,105.0
USGS-09180000,2025-12-15 19:00:00+00:00,2.3499999999999996,2040.0,105.0
USGS-09180000,2025-12-15 20:00:00+00:00,2.8499999999999996,2030.0,105.0
USGS-09180000,2025-12-15 21:00:00+00:00,3.2,2030.0,107.0
USGS-09180000,2025-12-15 22:00:00+00:00,3.25,2035.0,109.0
USGS-09180000,2025-12-15 23:00:00+00:00,2.95,2055.0,114.0
USGS-09180000,2025-12-16 00:00:00+00:00,2.45,2075.0,116.0
USGS-09180000,2025-12-16 01:00:00+00:00,2.0,2105.0,116.0
USGS-09180000,2025-12-16 02:00:00+00:00,1.75,2130.0,116.0
USGS-09180000,2025-12-16 03:00:00+00:00,1.7,2150.0,114.0
USGS-09180000,2025-12-16 04:00:00+00:00,1.9,2160.0,111.0
USGS-09180000,2025-12-16 05:00:00+00:00,2.1,2160.0,111.0
USGS-09180000,2025-12-16 06:00:00+00:00,2.0,2155.0,109.0
USGS-09180000,2025-12-16 07:00:00+00:00,1.8,2135.0,108.0
USGS-09180000,2025-12-16 08:00:00+00:00,1.6,2110.0,107.0
USGS-09180000,2025-12-16 09:00:00+00:00,1.5,2085.0,105.0
USGS-09180000,2025-12-16 10:00:00+00:00,1.5,2065.0,105.0
USGS-09180000,2025-12-16 11:00:00+00:00,1.5,2060.0,105.0
USGS-09180000,2025-12-16 12:00:00+00:00,1.5,2070.0,103.0
USGS-09180000,2025-12-16 13:00:00+00:00,1.4,2095.0,103.0
USGS-09180000,2025-12-16 14:00:00+00:00,1.35,2125.0,103.0
USGS-09180000,2025-12-16 15:00:00+00:00,1.25,2160.0,103.0
USGS-09180000,2025-12-16 16:00:00+00:00,1.2,2205.0,103.0
USGS-09180000,2025-12-16 17:00:00+00:00,1.3,2235.0,103.0
USGS-09180000,2025-12-16 18:00:00+00:00,1.55,2250.0,103.0
USGS-09180000,2025-12-16 19:00:00+00:00,2.2,2260.0,105.0
USGS-09180000,2025-12-16 20:00:00+00:00,2.6500000000000004,2250.0,105.0
USGS-09180000,2025-12-16 21:00:00+00:00,3.0,2235.0,105.0
USGS-09180000,2025-12-16 22:00:00+00:00,3.0,2215.0,105.0
USGS-09180000,2025-12-16 23:00:00+00:00,2.8,2190.0,107.0
USGS-09180000,2025-12-17 00:00:00+00:00,2.45,2160.0,107.0
USGS-09180000,2025-12-17 01:00:00+00:00,2.2,2140.0,107.0
USGS-09180000,2025-12-17 02:00:00+00:00,2.0,2130.0,107.0
USGS-09180000,2025-12-17 03:00:00+00:00,2.0,2130.0,107.0
USGS-09180000,2025-12-17 04:00:00+00:00,2.0,2140.0,107.0
USGS-09180000,2025-12-17 05:00:00+00:00,2.1,2155.0,105.0
USGS-09180000,2025-12-17 06:00:00+00:00,2.1,2175.0,105.0
USGS-09180000,2025-12-17 07:00:00+00:00,1.95,2195.0,103.0
USGS-09180000,2025-12-17 08:00:00+00:00,1.8,2210.0,103.0
USGS-09180000,2025-12-17 09:00:00+00:00,1.7,2220.0,100.0
USGS-09180000,2025-12-17 10:00:00+00:00,1.6,2220.0,100.0
USGS-09180000,2025-12-17 11:00:00+00:00,1.6,2225.0,100.0
USGS-09180000,2025-12-17 12:00:00+00:00,1.5,2235.0,100.0
USGS-09180000,2025-12-17 13:00:00+00:00,1.5,2250.0,100.0
USGS-09180000,2025-12-17 14:00:00+00:00,1.4,2265.0,103.0
USGS-09180000,2025-12-17 15:00:00+00:00,1.3,2295.0,106.0
USGS-09180000,2025-12-17 16:00:00+00:00,1.3,2330.0,107.0
USGS-09180000,2025-12-17 17:00:00+00:00,1.5,2370.0,109.0
USGS-09180000,2025-12-17 18:00:00+00:00,1.65,2400.0,111.0
USGS-09180000,2025-12-17 19:00:00+00:00,2.2,2430.0,111.0
USGS-09180000,2025-12-17 20:00:00+00:00,2.7,2440.0,111.0
USGS-09180000,2025-12-17 21:00:00+00:00,3.1500000000000004,2450.0,112.5
USGS-09180000,2025-12-17 22:00:00+00:00,3.2,2440.0,114.0
USGS-09180000,2025-12-17 23:00:00+00:00,3.0,2405.0,114.0
USGS-09180000,2025-12-18 00:00:00+00:00,2.6500000000000004,2385.0,114.0
USGS-09180000,2025-12-18 01:00:00+00:00,2.25,2355.0,111.0
USGS-09180000,2025-12-18 02:00:00+00:00,2.1,2325.0,111.0
USGS-09180000,2025-12-18 03:00:00+00:00,2.1,2300.0,109.0
USGS-09180000,2025-12-18 04:00:00+00:00,2.3,2280.0,109.0
USGS-09180000,2025-12-18 05:00:00+00:00,2.5,2280.0,107.0
USGS-09180000,2025-12-18 06:00:00+00:00,2.6,2300.0,105.0
USGS-09180000,2025-12-18 07:00:00+00:00,2.4,2335.0,103.0
USGS-09180000,2025-12-18 08:00:00+00:00,2.3,2385.0,103.0
USGS-09180000,2025-12-18 09:00:00+00:00,2.1,2440.0,100.0
USGS-09180000,2025-12-18 10:00:00+00:00,2.1,2505.0,100.0
USGS-09180000,2025-12-18 11:00:00+00:00,2.1,2580.0,100.0
USGS-09180000,2025-12-18 12:00:00+00:00,2.05,2650.0,100.0
USGS-09180000,2025-12-18 13:00:00+00:00,2.0,2715.0,103.0
USGS-09180000,2025-12-18 14:00:00+00:00,1.9,2765.0,105.0
USGS-09180000,2025-12-18 15:00:00+00:00,1.8,2805.0,107.0
USGS-09180000,2025-12-18 16:00:00+00:00,1.8,2850.0,107.0
USGS-09180000,2025-12-18 17:00:00+00:00,1.9,2840.0,107.0
USGS-09180000,2025-12-18 18:00:00+00:00,2.2,2815.0,107.0
USGS-09180000,2025-12-18 19:00:00+00:00,2.7,2775.0,107.0
USGS-09180000,2025-12-18 20:00:00+00:00,3.05,2720.0,109.0
USGS-09180000,2025-12-18 21:00:00+00:00,3.3,2650.0,109.0
USGS-09180000,2025-12-18 22:00:00+00:00,3.6,2570.0,109.0
USGS-09180000,2025-12-18 23:00:00+00:00,3.65,2470.0,111.0
USGS-09180000,2025-12-19 00:00:00+00:00,3.5,2385.0,111.0
USGS-09180000,2025-12-19 01:00:00+00:00,3.3499999999999996,2300.0,111.0
USGS-09180000,2025-12-19 02:00:00+00:00,3.2,2240.0,111.0
USGS-09180000,2025-12-19 03:00:00+00:00,3.05,2195.0,109.0
USGS-09180000,2025-12-19 04:00:00+00:00,3.1,2170.0,108.0
USGS-09180000,2025-12-19 05:00:00+00:00,3.1500000000000004,2160.0,107.0
USGS-09180000,2025-12-19 06:00:00+00:00,3.2,2170.0,105.0
USGS-09180000,2025-12-19 07:00:00+00:00,3.1,2195.0,103.0
USGS-09180000,2025-12-19 08:00:00+00:00,3.0,2225.0,101.5
USGS-09180000,2025-12-19 09:00:00+00:00,2.9,2255.0,100.0
USGS-09180000,2025-12-19 10:00:00+00:00,2.8,2295.0,98.3
USGS-09180000,2025-12-19 11:00:00+00:00,2.7,2345.0,98.3
USGS-09180000,2025-12-19 12:00:00+00:00,2.6,2385.0,96.3
USGS-09180000,2025-12-19 13:00:00+00:00,2.6,2435.0,96.3
USGS-09180000,2025-12-19 14:00:00+00:00,2.5,2475.0,98.3
USGS-09180000,2025-12-19 15:00:00+00:00,2.4,2515.0,100.0
USGS-09180000,2025-12-19 16:00:00+00:00,2.4,2560.0,104.0
USGS-09180000,2025-12-19 17:00:00+00:00,2.5,2625.0,107.0
USGS-09180000,2025-12-19 18:00:00+00:00,2.6,2665.0,109.0
USGS-09180000,2025-12-19 19:00:00+00:00,2.95,2680.0,111.0
USGS-09180000,2025-12-19 20:00:00+00:00,3.25,2690.0,111.0
USGS-09180000,2025-12-19 21:00:00+00:00,3.45,2675.0,114.0
USGS-09180000,2025-12-19 22:00:00+00:00,3.6,2630.0,114.0
USGS-09180000,2025-12-19 23:00:00+00:00,3.3499999999999996,2555.0,116.0
USGS-09180000,2025-12-20 00:00:00+00:00,3.1500000000000004,2455.0,116.0
USGS-09180000,2025-12-20 01:00:00+00:00,2.9,2360.0,116.0
USGS-09180000,2025-12-20 02:00:00+00:00,2.75,2295.0,116.0
USGS-09180000,2025-12-20 03:00:00+00:00,2.7,2280.0,114.0
USGS-09180000,2025-12-20 04:00:00+00:00,2.8,2295.0,114.0
USGS-09180000,2025-12-20 05:00:00+00:00,2.9,2360.0,114.0
USGS-09180000,2025-12-20 06:00:00+00:00,2.9,2440.0,111.0
USGS-09180000,2025-12-20 07:00:00+00:00,2.9,2520.0,111.0
USGS-09180000,2025-12-20 08:00:00+00:00,2.9,2585.0,111.0
USGS-09180000,2025-12-20 09:00:00+00:00,3.0,2610.0,109.0
USGS-09180000,2025-12-20 10:00:00+00:00,3.1,2605.0,109.0
USGS-09180000,2025-12-20 11:00:00+00:00,3.1,2575.0,109.0
USGS-09180000,2025-12-20 12:00:00+00:00,3.1,2535.0,107.0
USGS-09180000,2025-12-20 13:00:00+00:00,3.05,2495.0,108.0
USGS-09180000,2025-12-20 14:00:00+00:00,3.0,2480.0,109.0
USGS-09180000,2025-12-20 15:00:00+00:00,3.0,2485.0,110.0
USGS-09180000,2025-12-20 16:00:00+00:00,3.0,2515.0,111.0
USGS-09180000,2025-12-20 17:00:00+00:00,3.05,2570.0,114.0
USGS-09180000,2025-12-20 18:00:00+00:00,3.45,2615.0,116.0
USGS-09180000,2025-12-20 19:00:00+00:00,3.9,2620.0,118.0
USGS-09180000,2025-12-20 20:00:00+00:00,4.35,2575.0,120.0
USGS-09180000,2025-12-20 21:00:00+00:00,4.65,2510.0,124.0
USGS-09180000,2025-12-20 22:00:00+00:00,4.8,2440.0,125.0
USGS-09180000,2025-12-20 23:00:00+00:00,4.7,2375.0,128.0
USGS-09180000,2025-12-21 00:00:00+00:00,4.6,2365.0,128.0
USGS-09180000,2025-12-21 01:00:00+00:00,4.5,2415.0,125.0
USGS-09180000,2025-12-21 02:00:00+00:00,4.5,2515.0,125.0
USGS-09180000,2025-12-21 03:00:00+00:00,4.4,2635.0,124.0
USGS-09180000,2025-12-21 04:00:00+00:00,4.4,2730.0,123.0
USGS-09180000,2025-12-21 05:00:00+00:00,4.3,2765.0,123.0
USGS-09180000,2025-12-21 06:00:00+00:00,4.2,2730.0,123.0
USGS-09180000,2025-12-21 07:00:00+00:00,4.1,2635.0,120.0
USGS-09180000,2025-12-21 08:00:00+00:00,4.1,2490.0,119.0
USGS-09180000,2025-12-21 09:00:00+00:00,4.0,2345.0,118.0
USGS-09180000,2025-12-21 10:00:00+00:00,3.95,2225.0,116.0
USGS-09180000,2025-12-21 11:00:00+00:00,3.9,2155.0,116.0
USGS-09180000,2025-12-21 12:00:00+00:00,3.8,2130.0,114.0
USGS-09180000,2025-12-21 13:00:00+00:00,3.7,2145.0,114.0
USGS-09180000,2025-12-21 14:00:00+00:00,3.55,2200.0,114.0
USGS-09180000,2025-12-21 15:00:00+00:00,3.4,2280.0,114.0
USGS-09180000,2025-12-21 16:00:00+00:00,3.4,2365.0,114.0
USGS-09180000,2025-12-21 17:00:00+00:00,3.45,2415.0,115.0
USGS-09180000,2025-12-21 18:00:00+00:00,3.8,2440.0,116.0
USGS-09180000,2025-12-21 19:00:00+00:00,4.15,2430.0,116.0
USGS-09180000,2025-12-21 20:00:00+00:00,4.65,2420.0,117.0
USGS-09180000,2025-12-21 21:00:00+00:00,5.05,2435.0,118.0
USGS-09180000,2025-12-21 22:00:00+00:00,5.2,2505.0,120.0
USGS-09180000,2025-12-21 23:00:00+00:00,4.95,2640.0,123.0
USGS-09180000,2025-12-22 00:00:00+00:00,4.6,2825.0,123.0
USGS-09180000,2025-12-22 01:00:00+00:00,4.4,3020.0,121.5
USGS-09180000,2025-12-22 02:00:00+00:00,4.3,3180.0,120.0
USGS-09180000,2025-12-22 03:00:00+00:00,4.4,3265.0,120.0
USGS-09180000,2025-12-22 04:00:00+00:00,4.55,3250.0,119.0
USGS-09180000,2025-12-22 05:00:00+00:00,4.7,3145.0,118.0
USGS-09180000,2025-12-22 06:00:00+00:00,4.7,2980.0,118.0
USGS-09180000,2025-12-22 07:00:00+00:00,4.6,2790.0,118.0
USGS-09180000,2025-12-22 08:00:00+00:00,4.5,2630.0,116.0
USGS-09180000,2025-12-22 09:00:00+00:00,4.6,2530.0,116.0
USGS-09180000,2025-12-22 10:00:00+00:00,4.6,2490.0,116.0
USGS-09180000,2025-12-22 11:00:00+00:00,4.6,2505.0,116.0
USGS-09180000,2025-12-22 12:00:00+00:00,4.6,2535.0,116.0
USGS-09180000,2025-12-22 13:00:00+00:00,4.45,2560.0,114.0
USGS-09180000,2025-12-22 14:00:00+00:00,4.3,2545.0,114.0
USGS-09180000,2025-12-22 15:00:00+00:00,4.15,2500.0,114.0
USGS-09180000,2025-12-22 16:00:00+00:00,4.1,2460.0,116.0
USGS-09180000,2025-12-22 17:00:00+00:00,4.2,2405.0,116.0
USGS-09180000,2025-12-22 18:00:00+00:00,4.55,2380.0,118.0
USGS-09180000,2025-12-22 19:00:00+00:00,5.15,2405.0,118.0
USGS-09180000,2025-12-22 20:00:00+00:00,5.65,2515.0,120.0
USGS-09180000,2025-12-22 21:00:00+00:00,6.05,2685.0,121.5
USGS-09180000,2025-12-22 22:00:00+00:00,6.15,2900.0,123.0
USGS-09180000,2025-12-22 23:00:00+00:00,5.9,3100.0,124.0
USGS-09180000,2025-12-23 00:00:00+00:00,5.6,3245.0,125.0
USGS-09180000,2025-12-23 01:00:00+00:00,5.35,3300.0,123.0
USGS-09180000,2025-12-23 02:00:00+00:00,5.2,3260.0,123.0
USGS-09180000,2025-12-23 03:00:00+00:00,5.25,3150.0,123.0
USGS-09180000,2025-12-23 04:00:00+00:00,5.4,3000.0,123.0
USGS-09180000,2025-12-23 05:00:00+00:00,5.4,2865.0,123.0
USGS-09180000,2025-12-23 06:00:00+00:00,5.25,2765.0,123.0
USGS-09180000,2025-12-23 07:00:00+00:00,5.0,2715.0,120.0
USGS-09180000,2025-12-23 08:00:00+00:00,4.85,2710.0,120.0
USGS-09180000,2025-12-23 09:00:00+00:00,4.8,2720.0,120.0
USGS-09180000,2025-12-23 10:00:00+00:00,4.8,2715.0,120.0
USGS-09180000,2025-12-23 11:00:00+00:00,4.8,2675.0,119.0
USGS-09180000,2025-12-23 12:00:00+00:00,4.8,2610.0,118.0
USGS-09180000,2025-12-23 13:00:00+00:00,4.7,2520.0,118.0
USGS-09180000,2025-12-23 14:00:00+00:00,4.6,2415.0,118.0
USGS-09180000,2025-12-23 15:00:00+00:00,4.5,2320.0,116.0
USGS-09180000,2025-12-23 16:00:00+00:00,4.4,2255.0,116.0
USGS-09180000,2025-12-23 17:00:00+00:00,4.55,2235.0,116.0
USGS-09180000,2025-12-23 18:00:00+00:00,4.7,2220.0,116.0
USGS-09180000,2025-12-23 19:00:00+00:00,5.05,2245.0,116.0
USGS-09180000,2025-12-23 20:00:00+00:00,5.55,2285.0,116.0
USGS-09180000,2025-12-23 21:00:00+00:00,5.95,2325.0,116.0
USGS-09180000,2025-12-23 22:00:00+00:00,6.3,2365.0,116.0
USGS-09180000,2025-12-23 23:00:00+00:00,6.2,2400.0,116.0
USGS-09180000,2025-12-24 00:00:00+00:00,6.0,2425.0,118.0
USGS-09180000,2025-12-24 01:00:00+00:00,5.75,2445.0,118.0
USGS-09180000,2025-12-24 02:00:00+00:00,5.45,2460.0,118.0
USGS-09180000,2025-12-24 03:00:00+00:00,5.4,2470.0,118.0
USGS-09180000,2025-12-24 04:00:00+00:00,5.4,2490.0,118.0
USGS-09180000,2025-12-24 05:00:00+00:00,5.5,2520.0,118.0
USGS-09180000,2025-12-24 06:00:00+00:00,5.5,2565.0,118.0
USGS-09180000,2025-12-24 07:00:00+00:00,5.4,2620.0,118.0
USGS-09180000,2025-12-24 08:00:00+00:00,5.4,2685.0,118.0
USGS-09180000,2025-12-24 09:00:00+00:00,5.5,2745.0,118.0
USGS-09180000,2025-12-24 10:00:00+00:00,5.6,2770.0,117.0
USGS-09180000,2025-12-24 11:00:00+00:00,5.7,2770.0,117.0
USGS-09180000,2025-12-24 12:00:00+00:00,5.7,2725.0,117.0
USGS-09180000,2025-12-24 13:00:00+00:00,5.6,2655.0,116.0
USGS-09180000,2025-12-24 14:00:00+00:00,5.45,2565.0,116.0
USGS-09180000,2025-12-24 15:00:00+00:00,5.3,2470.0,116.0
USGS-09180000,2025-12-24 16:00:00+00:00,5.3,2405.0,117.0
USGS-09180000,2025-12-24 17:00:00+00:00,5.4,2345.0,116.0
USGS-09180000,2025-12-24 18:00:00+00:00,5.55,2320.0,116.0
USGS-09180000,2025-12-24 19:00:00+00:00,5.85,2330.0,116.0
USGS-09180000,2025-12-24 20:00:00+00:00,6.300000000000001,2330.0,116.0
USGS-09180000,2025-12-24 21:00:00+00:00,6.75,2310.0,116.0
USGS-09180000,2025-12-24 22:00:00+00:00,7.15,2310.0,116.0
USGS-09180000,2025-12-24 23:00:00+00:00,7.1,2300.0,116.0
USGS-09180000,2025-12-25 00:00:00+00:00,7.0,2290.0,117.0
USGS-09180000,2025-12-25 01:00:00+00:00,7.0,2290.0,117.0
USGS-09180000,2025-12-25 02:00:00+00:00,7.0,2300.0,116.0
USGS-09180000,2025-12-25 03:00:00+00:00,7.1,2310.0,116.0
USGS-09180000,2025-12-25 04:00:00+00:00,7.45,2335.0,116.0
USGS-09180000,2025-12-25 05:00:00+00:00,7.8,2375.0,115.0
USGS-09180000,2025-12-25 06:00:00+00:00,8.05,2425.0,114.0
USGS-09180000,2025-12-25 07:00:00+00:00,8.1,2485.0,112.5
USGS-09180000,2025-12-25 08:00:00+00:00,8.2,2540.0,112.5
USGS-09180000,2025-12-25 09:00:00+00:00,8.350000000000001,2585.0,111.0
USGS-09180000,2025-12-25 10:00:00+00:00,8.55,2610.0,114.0
USGS-09180000,2025-12-25 11:00:00+00:00,8.7,2610.0,114.0
USGS-09180000,2025-12-25 12:00:00+00:00,8.850000000000001,2585.0,115.0
USGS-09180000,2025-12-25 13:00:00+00:00,8.9,2540.0,115.0
USGS-09180000,2025-12-25 14:00:00+00:00,9.0,2480.0,114.0
USGS-09180000,2025-12-25 15:00:00+00:00,9.0,2415.0,116.0
USGS-09180000,2025-12-25 16:00:00+00:00,9.0,2355.0,116.0
USGS-09180000,2025-12-25 17:00:00+00:00,9.15,2320.0,117.0
USGS-09180000,2025-12-25 18:00:00+00:00,9.4,2295.0,116.0
USGS-09180000,2025-12-25 19:00:00+00:00,9.95,2295.0,116.0
USGS-09180000,2025-12-25 20:00:00+00:00,10.35,2325.0,116.0
USGS-09180000,2025-12-25 21:00:00+00:00,10.65,2365.0,116.0
USGS-09180000,2025-12-25 22:00:00+00:00,10.65,2415.0,116.0
USGS-09180000,2025-12-25 23:00:00+00:00,10.35,2465.0,116.0
USGS-09180000,2025-12-26 00:00:00+00:00,9.8,2505.0,118.0
USGS-09180000,2025-12-26 01:00:00+00:00,9.35,2535.0,116.0
USGS-09180000,2025-12-26 02:00:00+00:00,9.05,2555.0,116.0
USGS-09180000,2025-12-26 03:00:00+00:00,9.0,2560.0,116.0
USGS-09180000,2025-12-26 04:00:00+00:00,9.05,2570.0,116.0
USGS-09180000,2025-12-26 05:00:00+00:00,9.1,2570.0,116.0
USGS-09180000,2025-12-26 06:00:00+00:00,9.0,2585.0,116.0
USGS-09180000,2025-12-26 07:00:00+00:00,8.75,2605.0,116.0
USGS-09180000,2025-12-26 08:00:00+00:00,8.5,2635.0,115.0
USGS-09180000,2025-12-26 09:00:00+00:00,8.4,2665.0,114.0
USGS-09180000,2025-12-26 10:00:00+00:00,8.4,2690.0,114.0
USGS-09180000,2025-12-26 11:00:00+00:00,8.4,2690.0,116.0
USGS-09180000,2025-12-26 12:00:00+00:00,8.350000000000001,2685.0,117.0
USGS-09180000,2025-12-26 13:00:00+00:00,8.3,2655.0,121.5
USGS-09180000,2025-12-26 14:00:00+00:00,8.2,2605.0,126.5
USGS-09180000,2025-12-26 15:00:00+00:00,8.0,2530.0,130.0
USGS-09180000,2025-12-26 16:00:00+00:00,7.9,2430.0,132.0
USGS-09180000,2025-12-26 17:00:00+00:00,7.9,2340.0,132.0
USGS-09180000,2025-12-26 18:00:00+00:00,8.0,2265.0,132.0
USGS-09180000,2025-12-26 19:00:00+00:00,8.25,2225.0,132.0
USGS-09180000,2025-12-26 20:00:00+00:00,8.4,2170.0,132.0
USGS-09180000,2025-12-26 21:00:00+00:00,8.5,2160.0,131.0
USGS-09180000,2025-12-26 22:00:00+00:00,8.6,2150.0,130.0
USGS-09180000,2025-12-26 23:00:00+00:00,8.6,2145.0,131.0
USGS-09180000,2025-12-27 00:00:00+00:00,8.45,2175.0,130.0
USGS-09180000,2025-12-27 01:00:00+00:00,8.25,2215.0,130.0
USGS-09180000,2025-12-27 02:00:00+00:00,8.1,2265.0,130.0
USGS-09180000,2025-12-27 03:00:00+00:00,8.0,2315.0,130.0
USGS-09180000,2025-12-27 04:00:00+00:00,7.9,2365.0,129.0
USGS-09180000,2025-12-27 05:00:00+00:00,7.8,2415.0,129.0
USGS-09180000,2025-12-27 06:00:00+00:00,7.7,2440.0,128.0
USGS-09180000,2025-12-27 07:00:00+00:00,7.6,2430.0,128.0
USGS-09180000,2025-12-27 08:00:00+00:00,7.5,2405.0,128.0
USGS-09180000,2025-12-27 09:00:00+00:00,7.4,2400.0,128.0
USGS-09180000,2025-12-27 10:00:00+00:00,7.3,2420.0,128.0
USGS-09180000,2025-12-27 11:00:00+00:00,7.2,2445.0,128.0
USGS-09180000,2025-12-27 12:00:00+00:00,7.05,2465.0,130.0
USGS-09180000,2025-12-27 13:00:00+00:00,6.95,2470.0,130.0
USGS-09180000,2025-12-27 14:00:00+00:00,6.85,2465.0,131.0
USGS-09180000,2025-12-27 15:00:00+00:00,6.8,2445.0,132.0
USGS-09180000,2025-12-27 16:00:00+00:00,6.8,2405.0,132.0
USGS-09180000,2025-12-27 17:00:00+00:00,6.9,2360.0,132.0
USGS-09180000,2025-12-27 18:00:00+00:00,7.0,2295.0,132.0
USGS-09180000,2025-12-27 19:00:00+00:00,7.1,2240.0,132.0
USGS-09180000,2025-12-27 20:00:00+00:00,7.3,2195.0,132.0
USGS-09180000,2025-12-27 21:00:00+00:00,7.45,2165.0,132.0
USGS-09180000,2025-12-27 22:00:00+00:00,7.5,2145.0,132.0
USGS-09180000,2025-12-27 23:00:00+00:00,7.5,2140.0,132.0
USGS-09180000,2025-12-28 00:00:00+00:00,7.35,2150.0,132.0
USGS-09180000,2025-12-28 01:00:00+00:00,7.15,2170.0,132.0
USGS-09180000,2025-12-28 02:00:00+00:00,6.95,2195.0,132.0
USGS-09180000,2025-12-28 03:00:00+00:00,6.75,2225.0,132.0
USGS-09180000,2025-12-28 04:00:00+00:00,6.6,2265.0,130.0
USGS-09180000,2025-12-28 05:00:00+00:00,6.4,2315.0,130.0
USGS-09180000,2025-12-28 06:00:00+00:00,6.2,2355.0,130.0
USGS-09180000,2025-12-28 07:00:00+00:00,6.1,2405.0,130.0
USGS-09180000,2025-12-28 08:00:00+00:00,5.95,2445.0,130.0
USGS-09180000,2025-12-28 09:00:00+00:00,5.8,2495.0,130.0
USGS-09180000,2025-12-28 10:00:00+00:00,5.6,2545.0,132.0
USGS-09180000,2025-12-28 11:00:00+00:00,5.45,2580.0,132.0
USGS-09180000,2025-12-28 12:00:00+00:00,5.25,2615.0,135.0
USGS-09180000,2025-12-28 13:00:00+00:00,5.05,2645.0,135.0
USGS-09180000,2025-12-28 14:00:00+00:00,4.8,2665.0,135.0
USGS-09180000,2025-12-28 15:00:00+00:00,4.55,2680.0,135.0
USGS-09180000,2025-12-28 16:00:00+00:00,4.4,2710.0,137.0
USGS-09180000,2025-12-28 17:00:00+00:00,4.35,2700.0,137.0
USGS-09180000,2025-12-28 18:00:00+00:00,4.6,2665.0,137.0
USGS-09180000,2025-12-28 19:00:00+00:00,5.0,2635.0,137.0
USGS-09180000,2025-12-28 20:00:00+00:00,5.25,2600.0,137.0
USGS-09180000,2025-12-28 21:00:00+00:00,5.4,2565.0,137.0
USGS-09180000,2025-12-28 22:00:00+00:00,5.15,2535.0,135.0
USGS-09180000,2025-12-28 23:00:00+00:00,4.699999999999999,2485.0,135.0
USGS-09180000,2025-12-29 00:00:00+00:00,4.25,2465.0,135.0
USGS-09180000,2025-12-29 01:00:00+00:00,3.85,2450.0,135.0
USGS-09180000,2025-12-29 02:00:00+00:00,3.6,2440.0,133.5
USGS-09180000,2025-12-29 03:00:00+00:00,3.75,2450.0,132.0
USGS-09180000,2025-12-29 04:00:00+00:00,3.9,2460.0,132.0
USGS-09180000,2025-12-29 05:00:00+00:00,3.8,2475.0,132.0
USGS-09180000,2025-12-29 06:00:00+00:00,3.45,2495.0,131.0
USGS-09180000,2025-12-29 07:00:00+00:00,3.1,2525.0,130.0
USGS-09180000,2025-12-29 08:00:00+00:00,2.9,2555.0,130.0
USGS-09180000,2025-12-29 09:00:00+00:00,2.8,2595.0,130.0
USGS-09180000,2025-12-29 10:00:00+00:00,2.75,2635.0,130.0
USGS-09180000,2025-12-29 11:00:00+00:00,2.6500000000000004,2680.0,130.0
USGS-09180000,2025-12-29 12:00:00+00:00,2.55,2725.0,130.0
USGS-09180000,2025-12-29 13:00:00+00:00,2.3499999999999996,2765.0,130.0
USGS-09180000,2025-12-29 14:00:00+00:00,2.05,2795.0,130.0
USGS-09180000,2025-12-29 15:00:00+00:00,1.8,2825.0,130.0
USGS-09180000,2025-12-29 16:00:00+00:00,1.7,2875.0,130.0
USGS-09180000,2025-12-29 17:00:00+00:00,1.8,2890.0,130.0
USGS-09180000,2025-12-29 18:00:00+00:00,2.1500000000000004,2880.0,130.0
USGS-09180000,2025-12-29 19:00:00+00:00,2.75,2875.0,130.0
USGS-09180000,2025-12-29 20:00:00+00:00,3.1500000000000004,2860.0,130.0
USGS-09180000,2025-12-29 21:00:00+00:00,3.3499999999999996,2835.0,130.0
USGS-09180000,2025-12-29 22:00:00+00:00,3.25,2795.0,130.0
USGS-09180000,2025-12-29 23:00:00+00:00,2.9,2745.0,130.0
USGS-09180000,2025-12-30 00:00:00+00:00,2.45,2705.0,130.0
USGS-09180000,2025-12-30 01:00:00+00:00,2.05,2665.0,128.0
USGS-09180000,2025-12-30 02:00:00+00:00,1.8,2635.0,128.0
USGS-09180000,2025-12-30 03:00:00+00:00,1.8,2615.0,128.0
USGS-09180000,2025-12-30 04:00:00+00:00,2.0,2610.0,128.0
USGS-09180000,2025-12-30 05:00:00+00:00,1.95,2610.0,128.0
USGS-09180000,2025-12-30 06:00:00+00:00,1.75,2610.0,126.5
USGS-09180000,2025-12-30 07:00:00+00:00,1.4,2625.0,128.0
USGS-09180000,2025-12-30 08:00:00+00:00,1.25,2640.0,125.0
USGS-09180000,2025-12-30 09:00:00+00:00,1.2,2650.0,125.0
USGS-09180000,2025-12-30 10:00:00+00:00,1.2,2660.0,125.0
USGS-09180000,2025-12-30 11:00:00+00:00,1.15,2680.0,125.0
USGS-09180000,2025-12-30 12:00:00+00:00,1.1,2690.0,125.0
USGS-09180000,2025-12-30 13:00:00+00:00,1.0,2690.0,125.0
USGS-09180000,2025-12-30 14:00:00+00:00,0.8,2700.0,125.0
USGS-09180000,2025-12-30 15:00:00+00:00,0.6,2705.0,125.0
USGS-09180000,2025-12-30 16:00:00+00:00,0.5,2725.0,124.0
USGS-09180000,2025-12-30 17:00:00+00:00,0.6,2710.0,125.0
USGS-09180000,2025-12-30 18:00:00+00:00,1.0,2695.0,125.0
USGS-09180000,2025-12-30 19:00:00+00:00,1.65,2670.0,125.0
USGS-09180000,2025-12-30 20:00:00+00:00,2.05,2635.0,125.0
USGS-09180000,2025-12-30 21:00:00+00:00,2.4,2595.0,125.0
USGS-09180000,2025-12-30 22:00:00+00:00,2.4,2565.0,123.0
USGS-09180000,2025-12-30 23:00:00+00:00,2.05,2520.0,123.0
USGS-09180000,2025-12-31 00:00:00+00:00,1.65,2490.0,123.0
USGS-09180000,2025-12-31 01:00:00+00:00,1.25,2465.0,123.0
USGS-09180000,2025-12-31 02:00:00+00:00,1.0,2445.0,120.0
USGS-09180000,2025-12-31 03:00:00+00:00,1.0,2425.0,120.0
USGS-09180000,2025-12-31 04:00:00+00:00,1.25,2410.0,120.0
USGS-09180000,2025-12-31 05:00:00+00:00,1.35,2400.0,118.0
USGS-09180000,2025-12-31 06:00:00+00:00,1.2,2385.0,118.0
USGS-09180000,2025-12-31 07:00:00+00:00,0.95,2370.0,118.0
USGS-09180000,2025-12-31 08:00:00+00:00,0.8,2360.0,118.0
USGS-09180000,2025-12-31 09:00:00+00:00,0.7,2350.0,116.0
USGS-09180000,2025-12-31 10:00:00+00:00,0.7,2340.0,116.0
USGS-09180000,2025-12-31 11:00:00+00:00,0.7,2340.0,114.0
USGS-09180000,2025-12-31 12:00:00+00:00,0.7,2350.0,114.0
USGS-09180000,2025-12-31 13:00:00+00:00,0.6,2360.0,114.0
USGS-09180000,2025-12-31 14:00:00+00:00,0.5,2370.0,111.0
USGS-09180000,2025-12-31 15:00:00+00:00,0.35,2390.0,111.0
USGS-09180000,2025-12-31 16:00:00+00:00,0.3,2415.0,111.0
USGS-09180000,2025-12-31 17:00:00+00:00,0.4,2435.0,111.0
USGS-09180000,2025-12-31 18:00:00+00:00,0.7,2450.0,109.0
USGS-09180000,2025-12-31 19:00:00+00:00,1.2999999999999998,2475.0,109.0
USGS-09180000,2025-12-31 20:00:00+00:00,1.85,2495.0,109.0
USGS-09180000,2025-12-31 21:00:00+00:00,2.1500000000000004,2520.0,109.0
USGS-09180000,2025-12-31 22:00:00+00:00,2.3,2535.0,108.0
USGS-09180000,2025-12-31 23:00:00+00:00,2.05,2550.0,107.0
USGS-09180000,2026-01-01 00:00:00+00:00,1.65,2545.0,107.0
USGS-09180000,2026-01-01 01:00:00+00:00,1.3,2555.0,107.0
USGS-09180000,2026-01-01 02:00:00+00:00,1.1,2560.0,105.0
USGS-09180000,2026-01-01 03:00:00+00:00,1.0,2560.0,103.0
USGS-09180000,2026-01-01 04:00:00+00:00,1.1,2550.0,103.0
USGS-09180000,2026-01-01 05:00:00+00:00,1.25,2545.0,100.0
USGS-09180000,2026-01-01 06:00:00+00:00,1.45,2540.0,98.3
USGS-09180000,2026-01-01 07:00:00+00:00,1.5,2530.0,97.3
USGS-09180000,2026-01-01 08:00:00+00:00,1.4,2530.0,96.3
USGS-09180000,2026-01-01 09:00:00+00:00,1.4,2525.0,95.25
USGS-09180000,2026-01-01 10:00:00+00:00,1.4,2520.0,94.2
USGS-09180000,2026-01-01 11:00:00+00:00,1.45,2520.0,92.2
USGS-09180000,2026-01-01 12:00:00+00:00,1.6,2520.0,90.3
USGS-09180000,2026-01-01 13:00:00+00:00,1.65,2520.0,90.3
USGS-09180000,2026-01-01 14:00:00+00:00,1.75,2520.0,88.3
USGS-09180000,2026-01-01 15:00:00+00:00,1.8,2530.0,88.3
USGS-09180000,2026-01-01 16:00:00+00:00,1.8,2530.0,89.3
USGS-09180000,2026-01-01 17:00:00+00:00,1.9,2530.0,88.3
USGS-09180000,2026-01-01 18:00:00+00:00,1.9,2540.0,88.3
USGS-09180000,2026-01-01 19:00:00+00:00,2.0,2550.0,88.3
USGS-09180000,2026-01-01 20:00:00+00:00,2.1,2555.0,88.3
USGS-09180000,2026-01-01 21:00:00+00:00,2.2,2560.0,86.4
USGS-09180000,2026-01-01 22:00:00+00:00,2.3,2570.0,84.4
USGS-09180000,2026-01-01 23:00:00+00:00,2.4,2570.0,82.6
USGS-09180000,2026-01-02 00:00:00+00:00,2.5,2580.0,80.7
USGS-09180000,2026-01-02 01:00:00+00:00,2.5,2590.0,80.7
USGS-09180000,2026-01-02 02:00:00+00:00,2.5,2600.0,78.9
USGS-09180000,2026-01-02 03:00:00+00:00,2.55,2600.0,78.9
USGS-09180000,2026-01-02 04:00:00+00:00,2.6,2610.0,78.9
USGS-09180000,2026-01-02 05:00:00+00:00,2.6,2610.0,78.9
USGS-09180000,2026-01-02 06:00:00+00:00,2.6500000000000004,2610.0,78.9
USGS-09180000,2026-01-02 07:00:00+00:00,2.7,2610.0,78.9
USGS-09180000,2026-01-02 08:00:00+00:00,2.75,2610.0,78.9
USGS-09180000,2026-01-02 09:00:00+00:00,2.8,2600.0,77.1
USGS-09180000,2026-01-02 10:00:00+00:00,2.9,2590.0,75.3
USGS-09180000,2026-01-02 11:00:00+00:00,2.9,2580.0,75.3
USGS-09180000,2026-01-02 12:00:00+00:00,3.0,2565.0,75.3
USGS-09180000,2026-01-02 13:00:00+00:00,3.0,2535.0,78.0
USGS-09180000,2026-01-02 14:00:00+00:00,3.1,2355.0,91.25
USGS-09180000,2026-01-02 15:00:00+00:00,3.2,2255.0,112.5
USGS-09180000,2026-01-02 16:00:00+00:00,3.3,2350.0,114.0
USGS-09180000,2026-01-02 17:00:00+00:00,3.45,2285.0,111.0
USGS-09180000,2026-01-02 18:00:00+00:00,3.85,2320.0,112.5
USGS-09180000,2026-01-02 19:00:00+00:00,4.35,2390.0,115.0
USGS-09180000,2026-01-02 20:00:00+00:00,4.9,2425.0,119.0
USGS-09180000,2026-01-02 21:00:00+00:00,5.25,2430.0,123.0
USGS-09180000,2026-01-02 22:00:00+00:00,5.3,2425.0,128.0
USGS-09180000,2026-01-02 23:00:00+00:00,5.05,2385.0,130.0
USGS-09180000,2026-01-03 00:00:00+00:00,4.65,2380.0,130.0
USGS-09180000,2026-01-03 01:00:00+00:00,4.35,2385.0,130.0
USGS-09180000,2026-01-03 02:00:00+00:00,4.2,2400.0,130.0
USGS-09180000,2026-01-03 03:00:00+00:00,4.25,2405.0,128.0
USGS-09180000,2026-01-03 04:00:00+00:00,4.45,2405.0,128.0
USGS-09180000,2026-01-03 05:00:00+00:00,4.5,2395.0,128.0
USGS-09180000,2026-01-03 06:00:00+00:00,4.35,2390.0,128.0
USGS-09180000,2026-01-03 07:00:00+00:00,4.2,2405.0,125.0
USGS-09180000,2026-01-03 08:00:00+00:00,4.2,2435.0,125.0
USGS-09180000,2026-01-03 09:00:00+00:00,4.3,2475.0,124.0
USGS-09180000,2026-01-03 10:00:00+00:00,4.4,2500.0,123.0
USGS-09180000,2026-01-03 11:00:00+00:00,4.55,2515.0,123.0
USGS-09180000,2026-01-03 12:00:00+00:00,4.6,2520.0,125.0
USGS-09180000,2026-01-03 13:00:00+00:00,4.6,2535.0,128.0
USGS-09180000,2026-01-03 14:00:00+00:00,4.4,2550.0,130.0
USGS-09180000,2026-01-03 15:00:00+00:00,4.2,2575.0,132.0
USGS-09180000,2026-01-03 16:00:00+00:00,4.1,2595.0,135.0
USGS-09180000,2026-01-03 17:00:00+00:00,4.05,2610.0,137.0
USGS-09180000,2026-01-03 18:00:00+00:00,4.2,2620.0,140.0
USGS-09180000,2026-01-03 19:00:00+00:00,4.4,2620.0,143.0
USGS-09180000,2026-01-03 20:00:00+00:00,4.6,2615.0,143.0
USGS-09180000,2026-01-03 21:00:00+00:00,4.8,2595.0,145.0
USGS-09180000,2026-01-03 22:00:00+00:00,4.8,2580.0,146.5
USGS-09180000,2026-01-03 23:00:00+00:00,4.65,2570.0,148.0
USGS-09180000,2026-01-04 00:00:00+00:00,4.45,2570.0,150.0
USGS-09180000,2026-01-04 01:00:00+00:00,4.35,2565.0,150.0
USGS-09180000,2026-01-04 02:00:00+00:00,4.2,2560.0,150.0
USGS-09180000,2026-01-04 03:00:00+00:00,4.2,2550.0,150.0
USGS-09180000,2026-01-04 04:00:00+00:00,4.2,2550.0,150.0
USGS-09180000,2026-01-04 05:00:00+00:00,4.2,2565.0,150.0
USGS-09180000,2026-01-04 06:00:00+00:00,4.2,2595.0,150.0
USGS-09180000,2026-01-04 07:00:00+00:00,4.25,2660.0,150.0
USGS-09180000,2026-01-04 08:00:00+00:00,4.2,2740.0,150.0
USGS-09180000,2026-01-04 09:00:00+00:00,4.2,2835.0,148.0
USGS-09180000,2026-01-04 10:00:00+00:00,4.1,2935.0,148.0
USGS-09180000,2026-01-04 11:00:00+00:00,4.0,3030.0,146.5
USGS-09180000,2026-01-04 12:00:00+00:00,3.95,3125.0,145.0
USGS-09180000,2026-01-04 13:00:00+00:00,3.9,3215.0,145.0
USGS-09180000,2026-01-04 14:00:00+00:00,3.9,3315.0,143.0
USGS-09180000,2026-01-04 15:00:00+00:00,3.9,3425.0,143.0
USGS-09180000,2026-01-04 16:00:00+00:00,4.0,3545.0,143.0
USGS-09180000,2026-01-04 17:00:00+00:00,4.1,3695.0,143.0
USGS-09180000,2026-01-04 18:00:00+00:00,4.3,3890.0,143.0
USGS-09180000,2026-01-04 19:00:00+00:00,4.55,4120.0,143.0
USGS-09180000,2026-01-04 20:00:00+00:00,4.9,4365.0,140.0
USGS-09180000,2026-01-04 21:00:00+00:00,5.0,4520.0,140.0
USGS-09180000,2026-01-04 22:00:00+00:00,5.1,4520.0,140.0
USGS-09180000,2026-01-04 23:00:00+00:00,5.0,4340.0,138.5
USGS-09180000,2026-01-05 00:00:00+00:00,4.85,4055.0,137.0
USGS-09180000,2026-01-05 01:00:00+00:00,4.7,3765.0,136.0
USGS-09180000,2026-01-05 02:00:00+00:00,4.55,3525.0,135.0
USGS-09180000,2026-01-05 03:00:00+00:00,4.5,3360.0,135.0
USGS-09180000,2026-01-05 04:00:00+00:00,4.45,3245.0,132.0
USGS-09180000,2026-01-05 05:00:00+00:00,4.4,3150.0,132.0
USGS-09180000,2026-01-05 06:00:00+00:00,4.4,3080.0,132.0
USGS-09180000,2026-01-05 07:00:00+00:00,4.5,3035.0,130.0
USGS-09180000,2026-01-05 08:00:00+00:00,4.5,3020.0,130.0
USGS-09180000,2026-01-05 09:00:00+00:00,4.5,3065.0,130.0
USGS-09180000,2026-01-05 10:00:00+00:00,4.5,3150.0,128.0
USGS-09180000,2026-01-05 11:00:00+00:00,4.5,3260.0,128.0
USGS-09180000,2026-01-05 12:00:00+00:00,4.5,3350.0,128.0
USGS-09180000,2026-01-05 13:00:00+00:00,4.5,3400.0,128.0
USGS-09180000,2026-01-05 14:00:00+00:00,4.4,3375.0,128.0
USGS-09180000,2026-01-05 15:00:00+00:00,4.4,3285.0,129.0
USGS-09180000,2026-01-05 16:00:00+00:00,4.4,3150.0,130.0
USGS-09180000,2026-01-05 17:00:00+00:00,4.65,3015.0,130.0
USGS-09180000,2026-01-05 18:00:00+00:00,5.15,2920.0,130.0
USGS-09180000,2026-01-05 19:00:00+00:00,5.699999999999999,2875.0,128.0
USGS-09180000,2026-01-05 20:00:00+00:00,6.300000000000001,2880.0,130.0
USGS-09180000,2026-01-05 21:00:00+00:00,6.75,2915.0,129.0
USGS-09180000,2026-01-05 22:00:00+00:00,6.9,2955.0,128.0
USGS-09180000,2026-01-05 23:00:00+00:00,6.65,2960.0,128.0
USGS-09180000,2026-01-06 00:00:00+00:00,6.25,2935.0,128.0
USGS-09180000,2026-01-06 01:00:00+00:00,6.0,2870.0,125.0
USGS-09180000,2026-01-06 02:00:00+00:00,5.9,2780.0,125.0
USGS-09180000,2026-01-06 03:00:00+00:00,5.9,2680.0,125.0
USGS-09180000,2026-01-06 04:00:00+00:00,6.0,2585.0,123.0
USGS-09180000,2026-01-06 05:00:00+00:00,6.0,2500.0,123.0
USGS-09180000,2026-01-06 06:00:00+00:00,5.75,2425.0,123.0
USGS-09180000,2026-01-06 07:00:00+00:00,5.45,2365.0,123.0
USGS-09180000,2026-01-06 08:00:00+00:00,5.2,2330.0,123.0
USGS-09180000,2026-01-06 09:00:00+00:00,5.1,2305.0,120.0
USGS-09180000,2026-01-06 10:00:00+00:00,5.1,2290.0,120.0
USGS-09180000,2026-01-06 11:00:00+00:00,5.0,2275.0,123.0
USGS-09180000,2026-01-06 12:00:00+00:00,5.0,2260.0,123.0
USGS-09180000,2026-01-06 13:00:00+00:00,4.85,2250.0,123.0
USGS-09180000,2026-01-06 14:00:00+00:00,4.7,2240.0,123.0
USGS-09180000,2026-01-06 15:00:00+00:00,4.5,2240.0,125.0
USGS-09180000,2026-01-06 16:00:00+00:00,4.4,2250.0,125.0
USGS-09180000,2026-01-06 17:00:00+00:00,4.4,2260.0,125.0
USGS-09180000,2026-01-06 18:00:00+00:00,4.65,2270.0,125.0
USGS-09180000,2026-01-06 19:00:00+00:00,5.35,2355.0,124.0
USGS-09180000,2026-01-06 20:00:00+00:00,5.75,2375.0,124.0
USGS-09180000,2026-01-06 21:00:00+00:00,6.1,2405.0,123.0
USGS-09180000,2026-01-06 22:00:00+00:00,6.1,2435.0,123.0
USGS-09180000,2026-01-06 23:00:00+00:00,5.75,2475.0,123.0
USGS-09180000,2026-01-07 00:00:00+00:00,5.35,2505.0,123.0
USGS-09180000,2026-01-07 01:00:00+00:00,5.0,2535.0,123.0
USGS-09180000,2026-01-07 02:00:00+00:00,4.8,2550.0,123.0
USGS-09180000,2026-01-07 03:00:00+00:00,4.8,2560.0,123.0
USGS-09180000,2026-01-07 04:00:00+00:00,5.05,2560.0,123.0
USGS-09180000,2026-01-07 05:00:00+00:00,5.1,2555.0,123.0
USGS-09180000,2026-01-07 06:00:00+00:00,5.0,2550.0,123.0
USGS-09180000,2026-01-07 07:00:00+00:00,4.75,2540.0,123.0
USGS-09180000,2026-01-07 08:00:00+00:00,4.5,2530.0,123.0
USGS-09180000,2026-01-07 09:00:00+00:00,4.4,2510.0,123.0
USGS-09180000,2026-01-07 10:00:00+00:00,4.4,2495.0,123.0
USGS-09180000,2026-01-07 11:00:00+00:00,4.4,2480.0,123.0
USGS-09180000,2026-01-07 12:00:00+00:00,4.4,2460.0,123.0
USGS-09180000,2026-01-07 13:00:00+00:00,4.3,2445.0,120.0
USGS-09180000,2026-01-07 14:00:00+00:00,4.15,2425.0,120.0
USGS-09180000,2026-01-07 15:00:00+00:00,3.95,2410.0,120.0
USGS-09180000,2026-01-07 16:00:00+00:00,3.9,2400.0,120.0
USGS-09180000,2026-01-07 17:00:00+00:00,3.95,2390.0,121.5
USGS-09180000,2026-01-07 18:00:00+00:00,4.300000000000001,2380.0,120.0
USGS-09180000,2026-01-07 19:00:00+00:00,4.85,2380.0,120.0
USGS-09180000,2026-01-07 20:00:00+00:00,5.15,2380.0,120.0
USGS-09180000,2026-01-07 21:00:00+00:00,5.2,2390.0,120.0
USGS-09180000,2026-01-07 22:00:00+00:00,5.2,2410.0,120.0
USGS-09180000,2026-01-07 23:00:00+00:00,5.1,2440.0,120.0
USGS-09180000,2026-01-08 00:00:00+00:00,4.9,2465.0,120.0
USGS-09180000,2026-01-08 01:00:00+00:00,4.8,2495.0,120.0
USGS-09180000,2026-01-08 02:00:00+00:00,4.7,2525.0,118.0
USGS-09180000,2026-01-08 03:00:00+00:00,4.6,2555.0,118.0
USGS-09180000,2026-01-08 04:00:00+00:00,4.6,2580.0,118.0
USGS-09180000,2026-01-08 05:00:00+00:00,4.55,2590.0,118.0
USGS-09180000,2026-01-08 06:00:00+00:00,4.45,2600.0,118.0
USGS-09180000,2026-01-08 07:00:00+00:00,4.4,2600.0,118.0
USGS-09180000,2026-01-08 08:00:00+00:00,4.3,2590.0,118.0
USGS-09180000,2026-01-08 09:00:00+00:00,4.4,2565.0,120.0
USGS-09180000,2026-01-08 10:00:00+00:00,4.4,2535.0,120.0
USGS-09180000,2026-01-08 11:00:00+00:00,4.4,2495.0,120.0
USGS-09180000,2026-01-08 12:00:00+00:00,4.4,2455.0,120.0
USGS-09180000,2026-01-08 13:00:00+00:00,4.35,2415.0,120.0
USGS-09180000,2026-01-08 14:00:00+00:00,4.25,2390.0,118.0
USGS-09180000,2026-01-08 15:00:00+00:00,4.1,2380.0,120.0
USGS-09180000,2026-01-08 16:00:00+00:00,4.1,2370.0,120.0
USGS-09180000,2026-01-08 17:00:00+00:00,4.2,2360.0,120.0
USGS-09180000,2026-01-08 18:00:00+00:00,4.4,2360.0,120.0
USGS-09180000,2026-01-08 19:00:00+00:00,4.6,2365.0,120.0
USGS-09180000,2026-01-08 20:00:00+00:00,4.8,2375.0,118.0
USGS-09180000,2026-01-08 21:00:00+00:00,4.9,2390.0,118.0
USGS-09180000,2026-01-08 22:00:00+00:00,4.9,2410.0,118.0
USGS-09180000,2026-01-08 23:00:00+00:00,4.9,2435.0,118.0
USGS-09180000,2026-01-09 00:00:00+00:00,4.75,2470.0,120.0
USGS-09180000,2026-01-09 01:00:00+00:00,4.6,2455.0,123.0
USGS-09180000,2026-01-09 02:00:00+00:00,4.5,2525.0,123.0
USGS-09180000,2026-01-09 03:00:00+00:00,4.4,2600.0,120.0
USGS-09180000,2026-01-09 04:00:00+00:00,4.3,2680.0,120.0
USGS-09180000,2026-01-09 05:00:00+00:00,4.2,2775.0,120.0
USGS-09180000,2026-01-09 06:00:00+00:00,4.1,2875.0,120.0
USGS-09180000,2026-01-09 07:00:00+00:00,4.05,2960.0,118.0
USGS-09180000,2026-01-09 08:00:00+00:00,4.0,3040.0,118.0
USGS-09180000,2026-01-09 09:00:00+00:00,3.85,3095.0,118.0
USGS-09180000,2026-01-09 10:00:00+00:00,3.75,3135.0,116.0
USGS-09180000,2026-01-09 11:00:00+00:00,3.6,3160.0,115.0
USGS-09180000,2026-01-09 12:00:00+00:00,3.4,3155.0,114.0
USGS-09180000,2026-01-09 13:00:00+00:00,3.2,3140.0,114.0
USGS-09180000,2026-01-09 14:00:00+00:00,2.95,3110.0,114.0
USGS-09180000,2026-01-09 15:00:00+00:00,2.75,3080.0,114.0
USGS-09180000,2026-01-09 16:00:00+00:00,2.6500000000000004,3055.0,114.0
USGS-09180000,2026-01-09 17:00:00+00:00,2.7,3015.0,114.0
USGS-09180000,2026-01-09 18:00:00+00:00,2.95,2965.0,114.0
USGS-09180000,2026-01-09 19:00:00+00:00,3.45,2915.0,114.0
USGS-09180000,2026-01-09 20:00:00+00:00,3.8,2865.0,114.0
USGS-09180000,2026-01-09 21:00:00+00:00,4.0,2815.0,114.0
USGS-09180000,2026-01-09 22:00:00+00:00,3.95,2765.0,112.5
USGS-09180000,2026-01-09 23:00:00+00:00,3.5,2720.0,112.5
USGS-09180000,2026-01-10 00:00:00+00:00,2.9,2680.0,111.0
USGS-09180000,2026-01-10 01:00:00+00:00,2.3499999999999996,2645.0,111.0
USGS-09180000,2026-01-10 02:00:00+00:00,1.95,2630.0,111.0
USGS-09180000,2026-01-10 03:00:00+00:00,1.8,2620.0,111.0
USGS-09180000,2026-01-10 04:00:00+00:00,1.8,2620.0,111.0
USGS-09180000,2026-01-10 05:00:00+00:00,1.9,2620.0,111.0
USGS-09180000,2026-01-10 06:00:00+00:00,1.85,2630.0,
USGS-09180000,2026-01-10 07:00:00+00:00,1.55,2645.0,
USGS-09180000,2026-01-10 08:00:00+00:00,1.2,2665.0,
USGS-09180000,2026-01-10 09:00:00+00:00,1.0,2690.0,111.0
USGS-09180000,2026-01-10 10:00:00+00:00,0.8500000000000001,2715.0,
USGS-09180000,2026-01-10 11:00:00+00:00,0.8,2745.0,
USGS-09180000,2026-01-10 12:00:00+00:00,0.8,2770.0,
USGS-09180000,2026-01-10 13:00:00+00:00,0.7,2795.0,111.0
USGS-09180000,2026-01-10 14:00:00+00:00,0.6,2825.0,
USGS-09180000,2026-01-10 15:00:00+00:00,0.4,2850.0,
USGS-09180000,2026-01-10 16:00:00+00:00,0.3,2870.0,
USGS-09180000,2026-01-10 17:00:00+00:00,0.3,2880.0,110.0
USGS-09180000,2026-01-10 18:00:00+00:00,0.7,2870.0,
USGS-09180000,2026-01-10 19:00:00+00:00,1.25,2845.0,
USGS-09180000,2026-01-10 20:00:00+00:00,1.65,2815.0,
USGS-09180000,2026-01-10 21:00:00+00:00,2.0,2785.0,110.0
USGS-09180000,2026-01-10 22:00:00+00:00,2.05,2755.0,
USGS-09180000,2026-01-10 23:00:00+00:00,1.75,2730.0,
USGS-09180000,2026-01-11 00:00:00+00:00,1.35,2720.0,
USGS-09180000,2026-01-11 01:00:00+00:00,0.95,2710.0,110.0
USGS-09180000,2026-01-11 02:00:00+00:00,0.7,2710.0,
USGS-09180000,2026-01-11 03:00:00+00:00,0.6499999999999999,2710.0,
USGS-09180000,2026-01-11 04:00:00+00:00,0.8,2710.0,
USGS-09180000,2026-01-11 05:00:00+00:00,1.0,2710.0,110.0
USGS-09180000,2026-01-11 06:00:00+00:00,0.9,2720.0,
USGS-09180000,2026-01-11 07:00:00+00:00,0.6499999999999999,2735.0,
USGS-09180000,2026-01-11 08:00:00+00:00,0.4,2750.0,
USGS-09180000,2026-01-11 09:00:00+00:00,0.3,2760.0,109.0
USGS-09180000,2026-01-11 10:00:00+00:00,0.3,2760.0,
USGS-09180000,2026-01-11 11:00:00+00:00,0.2,2760.0,
USGS-09180000,2026-01-11 12:00:00+00:00,0.2,2760.0,
USGS-09180000,2026-01-11 13:00:00+00:00,0.2,2760.0,106.0
USGS-09180000,2026-01-11 14:00:00+00:00,0.05,2750.0,
USGS-09180000,2026-01-11 15:00:00+00:00,-0.0,2755.0,
USGS-09180000,2026-01-11 16:00:00+00:00,0.0,2760.0,
USGS-09180000,2026-01-11 17:00:00+00:00,0.1,2760.0,102.0
USGS-09180000,2026-01-11 18:00:00+00:00,0.45,2755.0,
USGS-09180000,2026-01-11 19:00:00+00:00,1.0,2740.0,
USGS-09180000,2026-01-11 20:00:00+00:00,1.45,2730.0,
USGS-09180000,2026-01-11 21:00:00+00:00,1.65,2720.0,98.0
USGS-09180000,2026-01-11 22:00:00+00:00,1.7,2720.0,
USGS-09180000,2026-01-11 23:00:00+00:00,1.65,2720.0,
USGS-09180000,2026-01-12 00:00:00+00:00,1.5,2715.0,
USGS-09180000,2026-01-12 01:00:00+00:00,1.3,2720.0,94.0
USGS-09180000,2026-01-12 02:00:00+00:00,1.15,2730.0,
USGS-09180000,2026-01-12 03:00:00+00:00,1.05,2740.0,
USGS-09180000,2026-01-12 04:00:00+00:00,0.9,2750.0,
USGS-09180000,2026-01-12 05:00:00+00:00,0.9,2750.0,90.0
USGS-09180000,2026-01-12 06:00:00+00:00,0.9,2760.0,
USGS-09180000,2026-01-12 07:00:00+00:00,0.8,2760.0,
USGS-09180000,2026-01-12 08:00:00+00:00,0.6499999999999999,2775.0,
USGS-09180000,2026-01-12 09:00:00+00:00,0.5,2795.0,86.1
USGS-09180000,2026-01-12 10:00:00+00:00,0.4,2810.0,
USGS-09180000,2026-01-12 11:00:00+00:00,0.3,2830.0,
USGS-09180000,2026-01-12 12:00:00+00:00,0.2,2840.0,
USGS-09180000,2026-01-12 13:00:00+00:00,0.05,2850.0,82.1
USGS-09180000,2026-01-12 14:00:00+00:00,0.0,2870.0,
USGS-09180000,2026-01-12 15:00:00+00:00,-0.0,2890.0,
USGS-09180000,2026-01-12 16:00:00+00:00,0.0,2920.0,
USGS-09180000,2026-01-12 17:00:00+00:00,0.15,2930.0,80.5
USGS-09180000,2026-01-12 18:00:00+00:00,0.4,2950.0,
USGS-09180000,2026-01-12 19:00:00+00:00,0.95,2950.0,
USGS-09180000,2026-01-12 20:00:00+00:00,1.45,2960.0,
USGS-09180000,2026-01-12 21:00:00+00:00,1.95,2970.0,80.2
USGS-09180000,2026-01-12 22:00:00+00:00,2.2,2980.0,
USGS-09180000,2026-01-12 23:00:00+00:00,2.1500000000000004,2990.0,
USGS-09180000,2026-01-13 00:00:00+00:00,1.75,3000.0,
USGS-09180000,2026-01-13 01:00:00+00:00,1.2999999999999998,3020.0,80.0
USGS-09180000,2026-01-13 02:00:00+00:00,0.8500000000000001,3040.0,
USGS-09180000,2026-01-13 03:00:00+00:00,0.5,3055.0,
USGS-09180000,2026-01-13 04:00:00+00:00,0.4,3070.0,
USGS-09180000,2026-01-13 05:00:00+00:00,0.4,3080.0,79.7
USGS-09180000,2026-01-13 06:00:00+00:00,0.6,3070.0,
USGS-09180000,2026-01-13 07:00:00+00:00,0.8,3070.0,
USGS-09180000,2026-01-13 08:00:00+00:00,0.8,3070.0,
USGS-09180000,2026-01-13 09:00:00+00:00,0.6,3060.0,79.4
USGS-09180000,2026-01-13 10:00:00+00:00,0.4,3040.0,
USGS-09180000,2026-01-13 11:00:00+00:00,0.3,3025.0,
USGS-09180000,2026-01-13 12:00:00+00:00,0.3,3015.0,
USGS-09180000,2026-01-13 13:00:00+00:00,0.3,3000.0,79.1
USGS-09180000,2026-01-13 14:00:00+00:00,0.3,2985.0,
USGS-09180000,2026-01-13 15:00:00+00:00,0.35,2990.0,
USGS-09180000,2026-01-13 16:00:00+00:00,0.5,2990.0,
USGS-09180000,2026-01-13 17:00:00+00:00,0.75,2990.0,80.7
USGS-09180000,2026-01-13 18:00:00+00:00,1.15,2980.0,80.7
USGS-09180000,2026-01-13 19:00:00+00:00,1.65,2975.0,80.7
USGS-09180000,2026-01-13 20:00:00+00:00,2.1500000000000004,2965.0,82.6
USGS-09180000,2026-01-13 21:00:00+00:00,2.45,2950.0,82.6
USGS-09180000,2026-01-13 22:00:00+00:00,2.7,2940.0,84.4
USGS-09180000,2026-01-13 23:00:00+00:00,2.6500000000000004,2930.0,84.4
USGS-09180000,2026-01-14 00:00:00+00:00,2.45,2930.0,84.4
USGS-09180000,2026-01-14 01:00:00+00:00,2.1500000000000004,2940.0,86.4
USGS-09180000,2026-01-14 02:00:00+00:00,1.65,2950.0,88.3
USGS-09180000,2026-01-14 03:00:00+00:00,1.4,2970.0,86.4
USGS-09180000,2026-01-14 04:00:00+00:00,1.25,2980.0,86.4
USGS-09180000,2026-01-14 05:00:00+00:00,1.2,2990.0,84.4
USGS-09180000,2026-01-14 06:00:00+00:00,1.2,2990.0,82.6
USGS-09180000,2026-01-14 07:00:00+00:00,1.2,2990.0,80.7
USGS-09180000,2026-01-14 08:00:00+00:00,1.2,2980.0,78.9
USGS-09180000,2026-01-14 09:00:00+00:00,1.1,2970.0,77.1
USGS-09180000,2026-01-14 10:00:00+00:00,1.0,2960.0,73.5
USGS-09180000,2026-01-14 11:00:00+00:00,0.9,2940.0,71.8
USGS-09180000,2026-01-14 12:00:00+00:00,0.8,2925.0,70.1
USGS-09180000,2026-01-14 13:00:00+00:00,0.7,2905.0,70.94999999999999
USGS-09180000,2026-01-14 14:00:00+00:00,0.6,2885.0,83.55000000000001
USGS-09180000,2026-01-14 15:00:00+00:00,0.6,2880.0,102.5
USGS-09180000,2026-01-14 16:00:00+00:00,0.7,2880.0,107.0
USGS-09180000,2026-01-14 17:00:00+00:00,1.0,2885.0,107.0
USGS-09180000,2026-01-14 18:00:00+00:00,1.4,2905.0,105.0
USGS-09180000,2026-01-14 19:00:00+00:00,2.05,2920.0,101.5
USGS-09180000,2026-01-14 20:00:00+00:00,2.6500000000000004,2930.0,98.3
USGS-09180000,2026-01-14 21:00:00+00:00,3.0,2950.0,94.2
USGS-09180000,2026-01-14 22:00:00+00:00,3.2,2960.0,92.2
USGS-09180000,2026-01-14 23:00:00+00:00,3.05,2980.0,90.3
USGS-09180000,2026-01-15 00:00:00+00:00,2.6500000000000004,3005.0,90.3
USGS-09180000,2026-01-15 01:00:00+00:00,2.1,3035.0,88.3
USGS-09180000,2026-01-15 02:00:00+00:00,1.65,3065.0,88.3
USGS-09180000,2026-01-15 03:00:00+00:00,1.45,3090.0,86.4
USGS-09180000,2026-01-15 04:00:00+00:00,1.3,3115.0,85.4
USGS-09180000,2026-01-15 05:00:00+00:00,1.3,3130.0,83.5
USGS-09180000,2026-01-15 06:00:00+00:00,1.45,3135.0,80.7
USGS-09180000,2026-01-15 07:00:00+00:00,1.6,3130.0,79.80000000000001
USGS-09180000,2026-01-15 08:00:00+00:00,1.7,3120.0,78.0
USGS-09180000,2026-01-15 09:00:00+00:00,1.6,3100.0,77.1
USGS-09180000,2026-01-15 10:00:00+00:00,1.45,3085.0,75.3
USGS-09180000,2026-01-15 11:00:00+00:00,1.2,3075.0,79.80000000000001
USGS-09180000,2026-01-15 12:00:00+00:00,1.1,3070.0,97.1
USGS-09180000,2026-01-15 13:00:00+00:00,1.05,3075.0,110.0
USGS-09180000,2026-01-15 14:00:00+00:00,1.1,3105.0,114.0
USGS-09180000,2026-01-15 15:00:00+00:00,1.2,3135.0,114.0
USGS-09180000,2026-01-15 16:00:00+00:00,1.35,3160.0,111.0
USGS-09180000,2026-01-15 17:00:00+00:00,1.55,3150.0,108.0
USGS-09180000,2026-01-15 18:00:00+00:00,1.95,3125.0,105.0
USGS-09180000,2026-01-15 19:00:00+00:00,2.5,3085.0,100.0
USGS-09180000,2026-01-15 20:00:00+00:00,2.95,3050.0,97.3
USGS-09180000,2026-01-15 21:00:00+00:00,3.3499999999999996,3025.0,95.25
USGS-09180000,2026-01-15 22:00:00+00:00,3.6,3020.0,94.2
USGS-09180000,2026-01-15 23:00:00+00:00,3.5,3020.0,94.2
USGS-09180000,2026-01-16 00:00:00+00:00,3.05,3030.0,96.3
USGS-09180000,2026-01-16 01:00:00+00:00,2.55,3040.0,98.3
USGS-09180000,2026-01-16 02:00:00+00:00,2.1500000000000004,3040.0,98.3
USGS-09180000,2026-01-16 03:00:00+00:00,1.9,3030.0,98.3
USGS-09180000,2026-01-16 04:00:00+00:00,1.8,2995.0,100.0
USGS-09180000,2026-01-16 05:00:00+00:00,2.0,2940.0,100.0
USGS-09180000,2026-01-16 06:00:00+00:00,2.3,2885.0,103.0
USGS-09180000,2026-01-16 07:00:00+00:00,2.4,2840.0,105.0
USGS-09180000,2026-01-16 08:00:00+00:00,2.1500000000000004,2820.0,108.0
USGS-09180000,2026-01-16 09:00:00+00:00,1.85,2810.0,111.0
USGS-09180000,2026-01-16 10:00:00+00:00,1.7,2815.0,119.0
USGS-09180000,2026-01-16 11:00:00+00:00,1.7,2835.0,131.0
USGS-09180000,2026-01-16 12:00:00+00:00,1.75,2890.0,138.5
USGS-09180000,2026-01-16 13:00:00+00:00,1.75,2975.0,140.0
USGS-09180000,2026-01-16 14:00:00+00:00,1.6,3085.0,140.0
USGS-09180000,2026-01-16 15:00:00+00:00,1.4,3240.0,140.0
USGS-09180000,2026-01-16 16:00:00+00:00,1.2,3435.0,137.0
USGS-09180000,2026-01-16 17:00:00+00:00,1.25,3635.0,135.0
USGS-09180000,2026-01-16 18:00:00+00:00,1.75,3850.0,132.0
USGS-09180000,2026-01-16 19:00:00+00:00,2.3499999999999996,4095.0,130.0
USGS-09180000,2026-01-16 20:00:00+00:00,2.8499999999999996,4330.0,128.0
USGS-09180000,2026-01-16 21:00:00+00:00,3.25,4520.0,125.0
USGS-09180000,2026-01-16 22:00:00+00:00,3.3,4620.0,124.0
USGS-09180000,2026-01-16 23:00:00+00:00,3.05,4620.0,123.0
USGS-09180000,2026-01-17 00:00:00+00:00,2.75,4540.0,120.0
USGS-09180000,2026-01-17 01:00:00+00:00,2.45,4465.0,118.0
USGS-09180000,2026-01-17 02:00:00+00:00,2.25,4435.0,116.0
USGS-09180000,2026-01-17 03:00:00+00:00,2.2,4480.0,115.0
USGS-09180000,2026-01-17 04:00:00+00:00,2.3499999999999996,4590.0,114.0
USGS-09180000,2026-01-17 05:00:00+00:00,2.4,4755.0,111.0
USGS-09180000,2026-01-17 06:00:00+00:00,2.3499999999999996,4960.0,109.0
USGS-09180000,2026-01-17 07:00:00+00:00,2.05,5205.0,107.0
USGS-09180000,2026-01-17 08:00:00+00:00,1.85,5500.0,105.0
USGS-09180000,2026-01-17 09:00:00+00:00,1.65,5800.0,105.0
USGS-09180000,2026-01-17 10:00:00+00:00,1.55,6070.0,103.0
USGS-09180000,2026-01-17 11:00:00+00:00,1.5,6240.0,101.5
USGS-09180000,2026-01-17 12:00:00+00:00,1.4,6270.0,100.0
USGS-09180000,2026-01-17 13:00:00+00:00,1.3,6105.0,100.0
USGS-09180000,2026-01-17 14:00:00+00:00,1.2,5750.0,104.0
USGS-09180000,2026-01-17 15:00:00+00:00,1.0,5265.0,108.0
USGS-09180000,2026-01-17 16:00:00+00:00,1.0,4735.0,112.5
USGS-09180000,2026-01-17 17:00:00+00:00,1.05,4270.0,116.0
USGS-09180000,2026-01-17 18:00:00+00:00,1.4,3935.0,116.0
USGS-09180000,2026-01-17 19:00:00+00:00,2.0,3755.0,117.0
USGS-09180000,2026-01-17 20:00:00+00:00,2.45,3695.0,118.0
USGS-09180000,2026-01-17 21:00:00+00:00,2.8499999999999996,3715.0,118.0
USGS-09180000,2026-01-17 22:00:00+00:00,3.0,3785.0,116.0
USGS-09180000,2026-01-17 23:00:00+00:00,2.75,3905.0,116.0
USGS-09180000,2026-01-18 00:00:00+00:00,2.3,4065.0,116.0
USGS-09180000,2026-01-18 01:00:00+00:00,1.85,4290.0,116.0
USGS-09180000,2026-01-18 02:00:00+00:00,1.6,4570.0,114.0
USGS-09180000,2026-01-18 03:00:00+00:00,1.5,4865.0,111.0
USGS-09180000,2026-01-18 04:00:00+00:00,1.6,5105.0,109.0
USGS-09180000,2026-01-18 05:00:00+00:00,1.8,5235.0,107.0
USGS-09180000,2026-01-18 06:00:00+00:00,1.8,5210.0,105.0
USGS-09180000,2026-01-18 07:00:00+00:00,1.55,5025.0,103.0
USGS-09180000,2026-01-18 08:00:00+00:00,1.25,4705.0,100.0
USGS-09180000,2026-01-18 09:00:00+00:00,1.0,4295.0,100.0
USGS-09180000,2026-01-18 10:00:00+00:00,0.8500000000000001,3880.0,99.15
USGS-09180000,2026-01-18 11:00:00+00:00,0.8,3515.0,98.3
USGS-09180000,2026-01-18 12:00:00+00:00,0.75,3250.0,96.3
USGS-09180000,2026-01-18 13:00:00+00:00,0.7,3100.0,94.2
USGS-09180000,2026-01-18 14:00:00+00:00,0.6,3050.0,94.2
USGS-09180000,2026-01-18 15:00:00+00:00,0.5,3070.0,94.2
USGS-09180000,2026-01-18 16:00:00+00:00,0.5,3180.0,95.25
USGS-09180000,2026-01-18 17:00:00+00:00,0.6,3315.0,96.3
USGS-09180000,2026-01-18 18:00:00+00:00,0.95,3480.0,99.15
USGS-09180000,2026-01-18 19:00:00+00:00,1.55,3650.0,105.0
USGS-09180000,2026-01-18 20:00:00+00:00,2.05,3855.0,109.0
USGS-09180000,2026-01-18 21:00:00+00:00,2.45,4080.0,111.0
USGS-09180000,2026-01-18 22:00:00+00:00,2.6,4320.0,110.0
USGS-09180000,2026-01-18 23:00:00+00:00,2.3,4570.0,111.0
USGS-09180000,2026-01-19 00:00:00+00:00,1.85,4830.0,109.0
USGS-09180000,2026-01-19 01:00:00+00:00,1.35,5065.0,109.0
USGS-09180000,2026-01-19 02:00:00+00:00,1.1,5220.0,107.0
USGS-09180000,2026-01-19 03:00:00+00:00,1.0,5255.0,107.0
USGS-09180000,2026-01-19 04:00:00+00:00,1.05,5145.0,107.0
USGS-09180000,2026-01-19 05:00:00+00:00,1.3,4895.0,104.0
USGS-09180000,2026-01-19 06:00:00+00:00,1.4,4565.0,99.15
USGS-09180000,2026-01-19 07:00:00+00:00,1.35,4200.0,94.2
USGS-09180000,2026-01-19 08:00:00+00:00,1.1,3835.0,91.25
USGS-09180000,2026-01-19 09:00:00+00:00,0.8500000000000001,3510.0,88.3
USGS-09180000,2026-01-19 10:00:00+00:00,0.6499999999999999,3230.0,86.4
USGS-09180000,2026-01-19 11:00:00+00:00,0.6,3020.0,86.4
USGS-09180000,2026-01-19 12:00:00+00:00,0.5,2860.0,84.4
USGS-09180000,2026-01-19 13:00:00+00:00,0.4,2760.0,
USGS-09180000,2026-01-19 14:00:00+00:00,0.4,2710.0,
USGS-09180000,2026-01-19 15:00:00+00:00,0.35,2715.0,
USGS-09180000,2026-01-19 16:00:00+00:00,0.4,2755.0,84.4
USGS-09180000,2026-01-19 17:00:00+00:00,0.6,2815.0,
USGS-09180000,2026-01-19 18:00:00+00:00,1.0,2880.0,
USGS-09180000,2026-01-19 19:00:00+00:00,1.65,2935.0,
USGS-09180000,2026-01-19 20:00:00+00:00,2.1500000000000004,2975.0,84.4
USGS-09180000,2026-01-19 21:00:00+00:00,2.55,3005.0,
USGS-09180000,2026-01-19 22:00:00+00:00,2.8,3030.0,
USGS-09180000,2026-01-19 23:00:00+00:00,2.75,3050.0,
USGS-09180000,2026-01-20 00:00:00+00:00,2.25,3060.0,83.5
USGS-09180000,2026-01-20 01:00:00+00:00,1.6,3075.0,
USGS-09180000,2026-01-20 02:00:00+00:00,1.15,3090.0,
USGS-09180000,2026-01-20 03:00:00+00:00,0.8500000000000001,3100.0,
USGS-09180000,2026-01-20 04:00:00+00:00,0.8,3115.0,82.3
USGS-09180000,2026-01-20 05:00:00+00:00,0.95,3130.0,
USGS-09180000,2026-01-20 06:00:00+00:00,1.2,3165.0,
USGS-09180000,2026-01-20 07:00:00+00:00,1.15,3220.0,
USGS-09180000,2026-01-20 08:00:00+00:00,0.95,3300.0,79.8
USGS-09180000,2026-01-20 09:00:00+00:00,0.6499999999999999,3415.0,
USGS-09180000,2026-01-20 10:00:00+00:00,0.4,3560.0,
USGS-09180000,2026-01-20 11:00:00+00:00,0.2,3710.0,
USGS-09180000,2026-01-20 12:00:00+00:00,0.1,3860.0,78.5
USGS-09180000,2026-01-20 13:00:00+00:00,0.0,4005.0,
USGS-09180000,2026-01-20 14:00:00+00:00,0.0,4145.0,
USGS-09180000,2026-01-20 15:00:00+00:00,-0.1,4265.0,
USGS-09180000,2026-01-20 16:00:00+00:00,0.0,4355.0,79.6
USGS-09180000,2026-01-20 17:00:00+00:00,0.2,4355.0,
USGS-09180000,2026-01-20 18:00:00+00:00,0.5,4305.0,
USGS-09180000,2026-01-20 19:00:00+00:00,1.1,4215.0,
USGS-09180000,2026-01-20 20:00:00+00:00,1.45,4095.0,79.3
USGS-09180000,2026-01-20 21:00:00+00:00,1.85,3995.0,
USGS-09180000,2026-01-20 22:00:00+00:00,2.2,3925.0,
USGS-09180000,2026-01-20 23:00:00+00:00,2.1,3895.0,
USGS-09180000,2026-01-21 00:00:00+00:00,1.7000000000000002,3895.0,76.8
USGS-09180000,2026-01-21 01:00:00+00:00,1.25,3935.0,
USGS-09180000,2026-01-21 02:00:00+00:00,0.8500000000000001,3985.0,
USGS-09180000,2026-01-21 03:00:00+00:00,0.55,4040.0,
USGS-09180000,2026-01-21 04:00:00+00:00,0.35,4080.0,73.1
USGS-09180000,2026-01-21 05:00:00+00:00,0.3,4075.0,
USGS-09180000,2026-01-21 06:00:00+00:00,0.3,4035.0,
USGS-09180000,2026-01-21 07:00:00+00:00,0.4,3965.0,
USGS-09180000,2026-01-21 08:00:00+00:00,0.3,3880.0,68.9
USGS-09180000,2026-01-21 09:00:00+00:00,0.15,3790.0,
USGS-09180000,2026-01-21 10:00:00+00:00,0.0,3710.0,
USGS-09180000,2026-01-21 11:00:00+00:00,-0.1,3640.0,
USGS-09180000,2026-01-21 12:00:00+00:00,-0.1,3560.0,66.8
USGS-09180000,2026-01-21 13:00:00+00:00,-0.1,3480.0,
USGS-09180000,2026-01-21 14:00:00+00:00,-0.1,3410.0,
USGS-09180000,2026-01-21 15:00:00+00:00,-0.1,3380.0,
USGS-09180000,2026-01-21 16:00:00+00:00,-0.0,3400.0,67.9
USGS-09180000,2026-01-21 17:00:00+00:00,0.1,3445.0,
USGS-09180000,2026-01-21 18:00:00+00:00,0.25,3515.0,
USGS-09180000,2026-01-21 19:00:00+00:00,0.75,3600.0,
USGS-09180000,2026-01-21 20:00:00+00:00,1.15,3680.0,72.9
USGS-09180000,2026-01-21 21:00:00+00:00,1.45,3745.0,
USGS-09180000,2026-01-21 22:00:00+00:00,1.7,3805.0,
USGS-09180000,2026-01-21 23:00:00+00:00,1.7,3865.0,
USGS-09180000,2026-01-22 00:00:00+00:00,1.55,3905.0,77.6
USGS-09180000,2026-01-22 01:00:00+00:00,1.15,3965.0,
USGS-09180000,2026-01-22 02:00:00+00:00,0.9,4005.0,
USGS-09180000,2026-01-22 03:00:00+00:00,0.7,4050.0,
USGS-09180000,2026-01-22 04:00:00+00:00,0.6,4085.0,76.1
USGS-09180000,2026-01-22 05:00:00+00:00,0.6,4100.0,
USGS-09180000,2026-01-22 06:00:00+00:00,0.6,4100.0,
USGS-09180000,2026-01-22 07:00:00+00:00,0.6,4090.0,
USGS-09180000,2026-01-22 08:00:00+00:00,0.6,4090.0,71.9
USGS-09180000,2026-01-22 09:00:00+00:00,0.5,4095.0,
USGS-09180000,2026-01-22 10:00:00+00:00,0.25,4125.0,
USGS-09180000,2026-01-22 11:00:00+00:00,0.05,4165.0,
USGS-09180000,2026-01-22 12:00:00+00:00,-0.1,4220.0,73.5
USGS-09180000,2026-01-22 13:00:00+00:00,-0.1,4290.0,
USGS-09180000,2026-01-22 14:00:00+00:00,-0.1,4365.0,
USGS-09180000,2026-01-22 15:00:00+00:00,-0.1,4395.0,
USGS-09180000,2026-01-22 16:00:00+00:00,-0.0,4380.0,78.4
USGS-09180000,2026-01-22 17:00:00+00:00,0.2,4285.0,
USGS-09180000,2026-01-22 18:00:00+00:00,0.7,4180.0,
USGS-09180000,2026-01-22 19:00:00+00:00,1.35,4090.0,
USGS-09180000,2026-01-22 20:00:00+00:00,1.75,4035.0,78.2
USGS-09180000,2026-01-22 21:00:00+00:00,2.05,4000.0,
USGS-09180000,2026-01-22 22:00:00+00:00,2.3,4015.0,
USGS-09180000,2026-01-22 23:00:00+00:00,2.3,4070.0,
USGS-09180000,2026-01-23 00:00:00+00:00,2.1,4150.0,74.6
USGS-09180000,2026-01-23 01:00:00+00:00,1.75,4255.0,
USGS-09180000,2026-01-23 02:00:00+00:00,1.5,4365.0,
USGS-09180000,2026-01-23 03:00:00+00:00,1.3,4460.0,
USGS-09180000,2026-01-23 04:00:00+00:00,1.2,4525.0,71.0
USGS-09180000,2026-01-23 05:00:00+00:00,1.1,4545.0,
USGS-09180000,2026-01-23 06:00:00+00:00,1.2,4505.0,
USGS-09180000,2026-01-23 07:00:00+00:00,1.35,4430.0,
USGS-09180000,2026-01-23 08:00:00+00:00,1.45,4335.0,67.8
USGS-09180000,2026-01-23 09:00:00+00:00,1.5,4230.0,
USGS-09180000,2026-01-23 10:00:00+00:00,1.5,4135.0,
USGS-09180000,2026-01-23 11:00:00+00:00,1.4,4040.0,
USGS-09180000,2026-01-23 12:00:00+00:00,1.3,3970.0,73.6
USGS-09180000,2026-01-23 13:00:00+00:00,1.3,3920.0,
USGS-09180000,2026-01-23 14:00:00+00:00,1.3,3910.0,
USGS-09180000,2026-01-23 15:00:00+00:00,1.4,3915.0,
USGS-09180000,2026-01-23 16:00:00+00:00,1.6,3935.0,82.6
USGS-09180000,2026-01-23 17:00:00+00:00,1.75,3955.0,
USGS-09180000,2026-01-23 18:00:00+00:00,1.95,3975.0,
USGS-09180000,2026-01-23 19:00:00+00:00,2.0,4005.0,
USGS-09180000,2026-01-23 20:00:00+00:00,2.1,4025.0,85.8
USGS-09180000,2026-01-23 21:00:00+00:00,2.1,4045.0,
USGS-09180000,2026-01-23 22:00:00+00:00,2.1,4085.0,
USGS-09180000,2026-01-23 23:00:00+00:00,2.1,4135.0,
USGS-09180000,2026-01-24 00:00:00+00:00,2.1,4190.0,85.8
USGS-09180000,2026-01-24 01:00:00+00:00,2.1,4240.0,
USGS-09180000,2026-01-24 02:00:00+00:00,2.1,4350.0,
USGS-09180000,2026-01-24 03:00:00+00:00,2.1,4425.0,
USGS-09180000,2026-01-24 04:00:00+00:00,1.95,4410.0,85.4
USGS-09180000,2026-01-24 05:00:00+00:00,1.9,4270.0,
USGS-09180000,2026-01-24 06:00:00+00:00,1.9,4185.0,
USGS-09180000,2026-01-24 07:00:00+00:00,1.9,4140.0,
USGS-09180000,2026-01-24 08:00:00+00:00,1.9,4030.0,83.8
USGS-09180000,2026-01-24 09:00:00+00:00,1.9,3900.0,
USGS-09180000,2026-01-24 10:00:00+00:00,2.0,3770.0,
USGS-09180000,2026-01-24 11:00:00+00:00,2.0,3655.0,84.4
USGS-09180000,2026-01-24 12:00:00+00:00,2.0,3535.0,91.25
USGS-09180000,2026-01-24 13:00:00+00:00,1.9,3430.0,104.0
USGS-09180000,2026-01-24 14:00:00+00:00,1.8,3380.0,111.0
USGS-09180000,2026-01-24 15:00:00+00:00,1.8,3410.0,114.0
USGS-09180000,2026-01-24 16:00:00+00:00,1.75,3505.0,114.0
USGS-09180000,2026-01-24 17:00:00+00:00,1.95,3645.0,111.0
USGS-09180000,2026-01-24 18:00:00+00:00,2.25,3780.0,110.0
USGS-09180000,2026-01-24 19:00:00+00:00,2.6500000000000004,3920.0,107.0
USGS-09180000,2026-01-24 20:00:00+00:00,3.1500000000000004,4070.0,107.0
USGS-09180000,2026-01-24 21:00:00+00:00,3.7,4240.0,105.0
USGS-09180000,2026-01-24 22:00:00+00:00,3.9,4425.0,103.0
USGS-09180000,2026-01-24 23:00:00+00:00,3.75,4635.0,103.0
USGS-09180000,2026-01-25 00:00:00+00:00,3.45,4835.0,100.0
USGS-09180000,2026-01-25 01:00:00+00:00,3.05,5005.0,100.0
USGS-09180000,2026-01-25 02:00:00+00:00,2.75,5105.0,100.0
USGS-09180000,2026-01-25 03:00:00+00:00,2.45,5100.0,100.0
USGS-09180000,2026-01-25 04:00:00+00:00,2.3499999999999996,5000.0,100.0
USGS-09180000,2026-01-25 05:00:00+00:00,2.3,4795.0,100.0
USGS-09180000,2026-01-25 06:00:00+00:00,2.3,4530.0,
USGS-09180000,2026-01-25 07:00:00+00:00,2.25,4225.0,
USGS-09180000,2026-01-25 08:00:00+00:00,1.95,3955.0,
USGS-09180000,2026-01-25 09:00:00+00:00,1.65,3775.0,100.0
USGS-09180000,2026-01-25 10:00:00+00:00,1.5,3720.0,
USGS-09180000,2026-01-25 11:00:00+00:00,1.45,3790.0,
USGS-09180000,2026-01-25 12:00:00+00:00,1.4,3950.0,
USGS-09180000,2026-01-25 13:00:00+00:00,1.25,4155.0,100.0
USGS-09180000,2026-01-25 14:00:00+00:00,1.1,4375.0,
USGS-09180000,2026-01-25 15:00:00+00:00,0.8500000000000001,4600.0,
USGS-09180000,2026-01-25 16:00:00+00:00,0.7,4820.0,
USGS-09180000,2026-01-25 17:00:00+00:00,0.8,5020.0,100.0
USGS-09180000,2026-01-25 18:00:00+00:00,1.1,5190.0,
USGS-09180000,2026-01-25 19:00:00+00:00,1.45,5310.0,
USGS-09180000,2026-01-25 20:00:00+00:00,1.9,5335.0,
USGS-09180000,2026-01-25 21:00:00+00:00,2.3499999999999996,5240.0,99.9
USGS-09180000,2026-01-25 22:00:00+00:00,2.6,5000.0,
USGS-09180000,2026-01-25 23:00:00+00:00,2.5,4645.0,
USGS-09180000,2026-01-26 00:00:00+00:00,2.25,4205.0,
USGS-09180000,2026-01-26 01:00:00+00:00,1.8,3775.0,99.8
USGS-09180000,2026-01-26 02:00:00+00:00,1.5,3410.0,
USGS-09180000,2026-01-26 03:00:00+00:00,1.35,3175.0,
USGS-09180000,2026-01-26 04:00:00+00:00,1.3,3080.0,
USGS-09180000,2026-01-26 05:00:00+00:00,1.2,3120.0,99.7
USGS-09180000,2026-01-26 06:00:00+00:00,1.1,3275.0,
USGS-09180000,2026-01-26 07:00:00+00:00,0.8500000000000001,3525.0,
USGS-09180000,2026-01-26 08:00:00+00:00,0.45,3845.0,
USGS-09180000,2026-01-26 09:00:00+00:00,0.2,4205.0,97.6
USGS-09180000,2026-01-26 10:00:00+00:00,0.0,4610.0,
USGS-09180000,2026-01-26 11:00:00+00:00,-0.1,5055.0,
USGS-09180000,2026-01-26 12:00:00+00:00,-0.15,5505.0,
USGS-09180000,2026-01-26 13:00:00+00:00,-0.2,5885.0,94.7
USGS-09180000,2026-01-26 14:00:00+00:00,-0.15,6065.0,
USGS-09180000,2026-01-26 15:00:00+00:00,-0.1,6020.0,
USGS-09180000,2026-01-26 16:00:00+00:00,-0.1,5645.0,
USGS-09180000,2026-01-26 17:00:00+00:00,-0.05,5355.0,91.8
USGS-09180000,2026-01-26 18:00:00+00:00,-0.0,4810.0,
USGS-09180000,2026-01-26 19:00:00+00:00,0.2,4345.0,
USGS-09180000,2026-01-26 20:00:00+00:00,0.6499999999999999,4100.0,
USGS-09180000,2026-01-26 21:00:00+00:00,1.1,4020.0,88.5
USGS-09180000,2026-01-26 22:00:00+00:00,1.35,4060.0,
USGS-09180000,2026-01-26 23:00:00+00:00,1.25,4195.0,
USGS-09180000,2026-01-27 00:00:00+00:00,0.8500000000000001,4415.0,
USGS-09180000,2026-01-27 01:00:00+00:00,0.45,4715.0,84.3
USGS-09180000,2026-01-27 02:00:00+00:00,0.0,5090.0,
USGS-09180000,2026-01-27 03:00:00+00:00,-0.15,5515.0,
USGS-09180000,2026-01-27 04:00:00+00:00,-0.2,5865.0,
USGS-09180000,2026-01-27 05:00:00+00:00,-0.2,6110.0,80.1
USGS-09180000,2026-01-27 06:00:00+00:00,-0.2,6360.0,
USGS-09180000,2026-01-27 07:00:00+00:00,-0.2,6530.0,
USGS-09180000,2026-01-27 08:00:00+00:00,-0.2,6605.0,
USGS-09180000,2026-01-27 09:00:00+00:00,-0.2,6620.0,75.9
USGS-09180000,2026-01-27 10:00:00+00:00,-0.2,6500.0,
USGS-09180000,2026-01-27 11:00:00+00:00,-0.2,6260.0,
USGS-09180000,2026-01-27 12:00:00+00:00,-0.1,5910.0,
USGS-09180000,2026-01-27 13:00:00+00:00,-0.1,5495.0,71.8
USGS-09180000,2026-01-27 14:00:00+00:00,-0.1,5165.0,
USGS-09180000,2026-01-27 15:00:00+00:00,-0.1,4895.0,
USGS-09180000,2026-01-27 16:00:00+00:00,-0.0,4615.0,
USGS-09180000,2026-01-27 17:00:00+00:00,0.1,4450.0,67.6
USGS-09180000,2026-01-27 18:00:00+00:00,0.2,4320.0,
USGS-09180000,2026-01-27 19:00:00+00:00,0.4,4245.0,
USGS-09180000,2026-01-27 20:00:00+00:00,0.9,4220.0,
USGS-09180000,2026-01-27 21:00:00+00:00,1.25,4215.0,63.4
USGS-09180000,2026-01-27 22:00:00+00:00,1.65,4245.0,
USGS-09180000,2026-01-27 23:00:00+00:00,1.8,4280.0,
USGS-09180000,2026-01-28 00:00:00+00:00,1.65,4315.0,
USGS-09180000,2026-01-28 01:00:00+00:00,1.1,4380.0,64.5
USGS-09180000,2026-01-28 02:00:00+00:00,0.55,4480.0,
USGS-09180000,2026-01-28 03:00:00+00:00,0.2,4580.0,
USGS-09180000,2026-01-28 04:00:00+00:00,0.0,4680.0,
USGS-09180000,2026-01-28 05:00:00+00:00,-0.1,4780.0,67.1
USGS-09180000,2026-01-28 06:00:00+00:00,0.0,4865.0,
USGS-09180000,2026-01-28 07:00:00+00:00,0.2,4880.0,
USGS-09180000,2026-01-28 08:00:00+00:00,0.2,4865.0,
USGS-09180000,2026-01-28 09:00:00+00:00,0.15,4825.0,69.7
USGS-09180000,2026-01-28 10:00:00+00:00,-0.05,4750.0,
USGS-09180000,2026-01-28 11:00:00+00:00,-0.1,4650.0,
USGS-09180000,2026-01-28 12:00:00+00:00,-0.1,4470.0,
USGS-09180000,2026-01-28 13:00:00+00:00,-0.1,4225.0,72.2
USGS-09180000,2026-01-28 14:00:00+00:00,-0.1,3875.0,
USGS-09180000,2026-01-28 15:00:00+00:00,-0.05,3585.0,
USGS-09180000,2026-01-28 16:00:00+00:00,-0.0,3340.0,
USGS-09180000,2026-01-28 17:00:00+00:00,0.05,3140.0,74.8
USGS-09180000,2026-01-28 18:00:00+00:00,0.35,3010.0,
USGS-09180000,2026-01-28 19:00:00+00:00,0.75,2935.0,
USGS-09180000,2026-01-28 20:00:00+00:00,1.2000000000000002,2885.0,
USGS-09180000,2026-01-28 21:00:00+00:00,1.6,2860.0,73.1
USGS-09180000,2026-01-28 22:00:00+00:00,1.9,2865.0,
USGS-09180000,2026-01-28 23:00:00+00:00,1.85,2885.0,
USGS-09180000,2026-01-29 00:00:00+00:00,1.55,2940.0,
USGS-09180000,2026-01-29 01:00:00+00:00,1.25,3025.0,67.9
USGS-09180000,2026-01-29 02:00:00+00:00,1.0,3115.0,
USGS-09180000,2026-01-29 03:00:00+00:00,0.75,3205.0,
USGS-09180000,2026-01-29 04:00:00+00:00,0.5,3300.0,
USGS-09180000,2026-01-29 05:00:00+00:00,0.4,3380.0,62.7
USGS-09180000,2026-01-29 06:00:00+00:00,0.4,3435.0,
USGS-09180000,2026-01-29 07:00:00+00:00,0.3,3465.0,
USGS-09180000,2026-01-29 08:00:00+00:00,0.3,3470.0,
USGS-09180000,2026-01-29 09:00:00+00:00,0.2,3480.0,57.5
USGS-09180000,2026-01-29 10:00:00+00:00,0.1,3470.0,
USGS-09180000,2026-01-29 11:00:00+00:00,0.0,3465.0,
USGS-09180000,2026-01-29 12:00:00+00:00,-0.1,3450.0,
USGS-09180000,2026-01-29 13:00:00+00:00,-0.1,3415.0,57.4
USGS-09180000,2026-01-29 14:00:00+00:00,-0.1,3385.0,
USGS-09180000,2026-01-29 15:00:00+00:00,-0.05,3380.0,
USGS-09180000,2026-01-29 16:00:00+00:00,-0.0,3395.0,
USGS-09180000,2026-01-29 17:00:00+00:00,0.15,3440.0,61.7
USGS-09180000,2026-01-29 18:00:00+00:00,0.45,3495.0,
USGS-09180000,2026-01-29 19:00:00+00:00,0.95,3535.0,
USGS-09180000,2026-01-29 20:00:00+00:00,1.55,3555.0,
USGS-09180000,2026-01-29 21:00:00+00:00,2.05,3555.0,66.1
USGS-09180000,2026-01-29 22:00:00+00:00,2.3499999999999996,3540.0,
USGS-09180000,2026-01-29 23:00:00+00:00,2.3499999999999996,3525.0,
USGS-09180000,2026-01-30 00:00:00+00:00,2.05,3495.0,
USGS-09180000,2026-01-30 01:00:00+00:00,1.55,3470.0,66.5
USGS-09180000,2026-01-30 02:00:00+00:00,1.15,3445.0,
USGS-09180000,2026-01-30 03:00:00+00:00,0.75,3405.0,
USGS-09180000,2026-01-30 04:00:00+00:00,0.45,3365.0,
USGS-09180000,2026-01-30 05:00:00+00:00,0.3,3335.0,62.0
USGS-09180000,2026-01-30 06:00:00+00:00,0.35,3295.0,
USGS-09180000,2026-01-30 07:00:00+00:00,0.4,3255.0,
USGS-09180000,2026-01-30 08:00:00+00:00,0.4,3215.0,
USGS-09180000,2026-01-30 09:00:00+00:00,0.4,3175.0,57.5
USGS-09180000,2026-01-30 10:00:00+00:00,0.4,3145.0,
USGS-09180000,2026-01-30 11:00:00+00:00,0.3,3120.0,
USGS-09180000,2026-01-30 12:00:00+00:00,0.1,3110.0,
USGS-09180000,2026-01-30 13:00:00+00:00,-0.0,3110.0,58.6
USGS-09180000,2026-01-30 14:00:00+00:00,-0.0,3130.0,
USGS-09180000,2026-01-30 15:00:00+00:00,-0.0,3185.0,
USGS-09180000,2026-01-30 16:00:00+00:00,0.0,3225.0,
USGS-09180000,2026-01-30 17:00:00+00:00,0.2,3275.0,65.2
USGS-09180000,2026-01-30 18:00:00+00:00,0.8,3315.0,
USGS-09180000,2026-01-30 19:00:00+00:00,1.5,3340.0,
USGS-09180000,2026-01-30 20:00:00+00:00,2.1500000000000004,3335.0,
USGS-09180000,2026-01-30 21:00:00+00:00,2.6,3295.0,71.8
USGS-09180000,2026-01-30 22:00:00+00:00,2.7,3265.0,
USGS-09180000,2026-01-30 23:00:00+00:00,2.6500000000000004,3250.0,
USGS-09180000,2026-01-31 00:00:00+00:00,2.3499999999999996,3230.0,
USGS-09180000,2026-01-31 01:00:00+00:00,1.9,3220.0,74.6
USGS-09180000,2026-01-31 02:00:00+00:00,1.45,3210.0,
USGS-09180000,2026-01-31 03:00:00+00:00,1.15,3190.0,
USGS-09180000,2026-01-31 04:00:00+00:00,1.0,3170.0,
USGS-09180000,2026-01-31 05:00:00+00:00,1.0,3140.0,71.2
USGS-09180000,2026-01-31 06:00:00+00:00,1.05,3110.0,
USGS-09180000,2026-01-31 07:00:00+00:00,1.15,3080.0,
USGS-09180000,2026-01-31 08:00:00+00:00,1.2,3055.0,
USGS-09180000,2026-01-31 09:00:00+00:00,1.2,3030.0,67.8
USGS-09180000,2026-01-31 10:00:00+00:00,1.05,3010.0,
USGS-09180000,2026-01-31 11:00:00+00:00,0.75,3010.0,
USGS-09180000,2026-01-31 12:00:00+00:00,0.6,3045.0,
USGS-09180000,2026-01-31 13:00:00+00:00,0.7,3060.0,81.8
USGS-09180000,2026-01-31 14:00:00+00:00,0.8,3070.0,
USGS-09180000,2026-01-31 15:00:00+00:00,0.9,3075.0,
USGS-09180000,2026-01-31 16:00:00+00:00,1.0,3065.0,
USGS-09180000,2026-01-31 17:00:00+00:00,1.1,3045.0,98.0
USGS-09180000,2026-01-31 18:00:00+00:00,1.45,3040.0,
USGS-09180000,2026-01-31 19:00:00+00:00,1.95,3065.0,
USGS-09180000,2026-01-31 20:00:00+00:00,2.45,3130.0,
USGS-09180000,2026-01-31 21:00:00+00:00,3.05,3220.0,106.0
USGS-09180000,2026-01-31 22:00:00+00:00,3.3,3325.0,
USGS-09180000,2026-01-31 23:00:00+00:00,3.2,3415.0,
USGS-09180000,2026-02-01 00:00:00+00:00,2.8499999999999996,3465.0,
USGS-09180000,2026-02-01 01:00:00+00:00,2.55,3490.0,108.0
USGS-09180000,2026-02-01 02:00:00+00:00,2.25,3475.0,105.0
USGS-09180000,2026-02-01 03:00:00+00:00,2.2,3450.0,103.0
USGS-09180000,2026-02-01 04:00:00+00:00,2.3,3465.0,99.15
USGS-09180000,2026-02-01 05:00:00+00:00,2.4,3530.0,94.2
USGS-09180000,2026-02-01 06:00:00+00:00,2.4,3615.0,89.3
USGS-09180000,2026-02-01 07:00:00+00:00,2.3,3710.0,84.4
USGS-09180000,2026-02-01 08:00:00+00:00,2.1,3800.0,80.7
USGS-09180000,2026-02-01 09:00:00+00:00,1.75,3870.0,78.0
USGS-09180000,2026-02-01 10:00:00+00:00,1.45,3925.0,75.3
USGS-09180000,2026-02-01 11:00:00+00:00,1.25,3950.0,75.3
USGS-09180000,2026-02-01 12:00:00+00:00,1.15,3940.0,76.19999999999999
USGS-09180000,2026-02-01 13:00:00+00:00,1.05,3915.0,84.5
USGS-09180000,2026-02-01 14:00:00+00:00,1.0,3875.0,99.15
USGS-09180000,2026-02-01 15:00:00+00:00,1.05,3860.0,108.0
USGS-09180000,2026-02-01 16:00:00+00:00,1.25,3875.0,110.0
USGS-09180000,2026-02-01 17:00:00+00:00,1.55,3930.0,109.0
USGS-09180000,2026-02-01 18:00:00+00:00,2.1,4040.0,110.0
USGS-09180000,2026-02-01 19:00:00+00:00,2.6500000000000004,4185.0,112.5
USGS-09180000,2026-02-01 20:00:00+00:00,3.1500000000000004,4365.0,116.0
USGS-09180000,2026-02-01 21:00:00+00:00,3.55,4550.0,118.0
USGS-09180000,2026-02-01 22:00:00+00:00,3.7,4765.0,120.0
USGS-09180000,2026-02-01 23:00:00+00:00,3.55,5000.0,118.0
USGS-09180000,2026-02-02 00:00:00+00:00,3.25,5205.0,116.0
USGS-09180000,2026-02-02 01:00:00+00:00,2.95,5365.0,114.0
USGS-09180000,2026-02-02 02:00:00+00:00,2.6500000000000004,5410.0,109.0
USGS-09180000,2026-02-02 03:00:00+00:00,2.6500000000000004,5335.0,106.0
USGS-09180000,2026-02-02 04:00:00+00:00,2.8499999999999996,5180.0,100.0
USGS-09180000,2026-02-02 05:00:00+00:00,3.0,5015.0,95.25
USGS-09180000,2026-02-02 06:00:00+00:00,3.1,4900.0,91.25
USGS-09180000,2026-02-02 07:00:00+00:00,3.0,4845.0,86.4
USGS-09180000,2026-02-02 08:00:00+00:00,2.8499999999999996,4850.0,81.65
USGS-09180000,2026-02-02 09:00:00+00:00,2.6,4895.0,78.9
USGS-09180000,2026-02-02 10:00:00+00:00,2.4,4945.0,75.3
USGS-09180000,2026-02-02 11:00:00+00:00,2.2,5005.0,74.4
USGS-09180000,2026-02-02 12:00:00+00:00,2.2,5055.0,86.44999999999999
USGS-09180000,2026-02-02 13:00:00+00:00,2.2,5115.0,111.5
USGS-09180000,2026-02-02 14:00:00+00:00,2.2,5125.0,119.0
USGS-09180000,2026-02-02 15:00:00+00:00,2.3,5055.0,118.0
USGS-09180000,2026-02-02 16:00:00+00:00,2.4,4915.0,117.0
USGS-09180000,2026-02-02 17:00:00+00:00,2.55,4695.0,114.0
USGS-09180000,2026-02-02 18:00:00+00:00,2.8499999999999996,4410.0,114.0
USGS-09180000,2026-02-02 19:00:00+00:00,3.25,4125.0,114.0
USGS-09180000,2026-02-02 20:00:00+00:00,3.6,3895.0,116.0
USGS-09180000,2026-02-02 21:00:00+00:00,4.15,3760.0,118.0
USGS-09180000,2026-02-02 22:00:00+00:00,4.45,3735.0,118.0
USGS-09180000,2026-02-02 23:00:00+00:00,4.6,3780.0,118.0
USGS-09180000,2026-02-03 00:00:00+00:00,4.25,3850.0,115.0
USGS-09180000,2026-02-03 01:00:00+00:00,3.85,3920.0,111.0
USGS-09180000,2026-02-03 02:00:00+00:00,3.55,3965.0,109.0
USGS-09180000,2026-02-03 03:00:00+00:00,3.4,4005.0,105.0
USGS-09180000,2026-02-03 04:00:00+00:00,3.4,4040.0,101.5
USGS-09180000,2026-02-03 05:00:00+00:00,3.3,4100.0,98.3
USGS-09180000,2026-02-03 06:00:00+00:00,3.3,4180.0,94.2
USGS-09180000,2026-02-03 07:00:00+00:00,3.2,4245.0,92.2
USGS-09180000,2026-02-03 08:00:00+00:00,3.0,4255.0,88.3
USGS-09180000,2026-02-03 09:00:00+00:00,2.6500000000000004,4200.0,88.3
USGS-09180000,2026-02-03 10:00:00+00:00,2.45,4070.0,94.25
USGS-09180000,2026-02-03 11:00:00+00:00,2.3,3825.0,116.0
USGS-09180000,2026-02-03 12:00:00+00:00,2.3,3460.0,131.0
USGS-09180000,2026-02-03 13:00:00+00:00,2.2,3065.0,132.0
USGS-09180000,2026-02-03 14:00:00+00:00,2.2,2770.0,130.0
USGS-09180000,2026-02-03 15:00:00+00:00,2.05,2615.0,126.5
USGS-09180000,2026-02-03 16:00:00+00:00,2.0,2570.0,123.0
USGS-09180000,2026-02-03 17:00:00+00:00,2.05,2595.0,120.0
USGS-09180000,2026-02-03 18:00:00+00:00,2.6500000000000004,2670.0,120.0
USGS-09180000,2026-02-03 19:00:00+00:00,3.2,2755.0,121.5
USGS-09180000,2026-02-03 20:00:00+00:00,3.85,2840.0,124.0
USGS-09180000,2026-02-03 21:00:00+00:00,4.35,2920.0,124.0
USGS-09180000,2026-02-03 22:00:00+00:00,4.6,2990.0,123.0
USGS-09180000,2026-02-03 23:00:00+00:00,4.5,3055.0,120.0
USGS-09180000,2026-02-04 00:00:00+00:00,4.2,3120.0,117.0
USGS-09180000,2026-02-04 01:00:00+00:00,3.85,3205.0,114.0
USGS-09180000,2026-02-04 02:00:00+00:00,3.55,3315.0,111.0
USGS-09180000,2026-02-04 03:00:00+00:00,3.5,3450.0,109.0
USGS-09180000,2026-02-04 04:00:00+00:00,3.6,3585.0,106.0
USGS-09180000,2026-02-04 05:00:00+00:00,3.7,3690.0,105.0
USGS-09180000,2026-02-04 06:00:00+00:00,3.6,3745.0,101.5
USGS-09180000,2026-02-04 07:00:00+00:00,3.4,3745.0,100.0
USGS-09180000,2026-02-04 08:00:00+00:00,3.05,3665.0,98.3
USGS-09180000,2026-02-04 09:00:00+00:00,2.75,3540.0,96.3
USGS-09180000,2026-02-04 10:00:00+00:00,2.55,3375.0,97.3
USGS-09180000,2026-02-04 11:00:00+00:00,2.5,3200.0,104.0
USGS-09180000,2026-02-04 12:00:00+00:00,2.4,3045.0,116.0
USGS-09180000,2026-02-04 13:00:00+00:00,2.4,2940.0,125.0
USGS-09180000,2026-02-04 14:00:00+00:00,2.3,2910.0,128.0
USGS-09180000,2026-02-04 15:00:00+00:00,2.2,2955.0,128.0
USGS-09180000,2026-02-04 16:00:00+00:00,2.1,3025.0,125.0
USGS-09180000,2026-02-04 17:00:00+00:00,2.25,3110.0,123.0
USGS-09180000,2026-02-04 18:00:00+00:00,2.8499999999999996,3190.0,120.0
USGS-09180000,2026-02-04 19:00:00+00:00,3.45,3265.0,120.0
USGS-09180000,2026-02-04 20:00:00+00:00,4.05,3335.0,118.0
USGS-09180000,2026-02-04 21:00:00+00:00,4.65,3415.0,117.0
USGS-09180000,2026-02-04 22:00:00+00:00,4.9,3505.0,116.0
USGS-09180000,2026-02-04 23:00:00+00:00,4.8,3615.0,115.0
USGS-09180000,2026-02-05 00:00:00+00:00,4.5,3720.0,112.5
USGS-09180000,2026-02-05 01:00:00+00:00,4.15,3820.0,111.0
USGS-09180000,2026-02-05 02:00:00+00:00,3.85,3870.0,111.0
USGS-09180000,2026-02-05 03:00:00+00:00,3.8,3855.0,111.0
USGS-09180000,2026-02-05 04:00:00+00:00,3.95,3765.0,109.0
USGS-09180000,2026-02-05 05:00:00+00:00,4.1,3595.0,109.0
USGS-09180000,2026-02-05 06:00:00+00:00,4.05,3370.0,109.0
USGS-09180000,2026-02-05 07:00:00+00:00,3.85,3140.0,107.0
USGS-09180000,2026-02-05 08:00:00+00:00,3.45,2935.0,106.0
USGS-09180000,2026-02-05 09:00:00+00:00,3.1500000000000004,2785.0,105.0
USGS-09180000,2026-02-05 10:00:00+00:00,3.0,2705.0,105.0
USGS-09180000,2026-02-05 11:00:00+00:00,3.0,2690.0,105.0
USGS-09180000,2026-02-05 12:00:00+00:00,3.0,2715.0,105.0
USGS-09180000,2026-02-05 13:00:00+00:00,2.95,2785.0,107.0
USGS-09180000,2026-02-05 14:00:00+00:00,2.8499999999999996,2875.0,107.0
USGS-09180000,2026-02-05 15:00:00+00:00,2.7,2995.0,109.0
USGS-09180000,2026-02-05 16:00:00+00:00,2.7,3090.0,111.0
USGS-09180000,2026-02-05 17:00:00+00:00,2.8499999999999996,3170.0,114.0
USGS-09180000,2026-02-05 18:00:00+00:00,3.45,3235.0,118.0
USGS-09180000,2026-02-05 19:00:00+00:00,4.0,3300.0,120.0
USGS-09180000,2026-02-05 20:00:00+00:00,4.6,3385.0,121.5
USGS-09180000,2026-02-05 21:00:00+00:00,5.15,3515.0,123.0
USGS-09180000,2026-02-05 22:00:00+00:00,5.3,3685.0,123.0
USGS-09180000,2026-02-05 23:00:00+00:00,5.25,3850.0,120.0
USGS-09180000,2026-02-06 00:00:00+00:00,4.95,3955.0,120.0
USGS-09180000,2026-02-06 01:00:00+00:00,4.55,3950.0,119.0
USGS-09180000,2026-02-06 02:00:00+00:00,4.25,3805.0,118.0
USGS-09180000,2026-02-06 03:00:00+00:00,4.25,3535.0,118.0
USGS-09180000,2026-02-06 04:00:00+00:00,4.45,3200.0,116.0
USGS-09180000,2026-02-06 05:00:00+00:00,4.5,2890.0,116.0
USGS-09180000,2026-02-06 06:00:00+00:00,4.4,2655.0,114.0
USGS-09180000,2026-02-06 07:00:00+00:00,4.15,2515.0,111.0
USGS-09180000,2026-02-06 08:00:00+00:00,3.75,2480.0,110.0
USGS-09180000,2026-02-06 09:00:00+00:00,3.55,2520.0,108.0
USGS-09180000,2026-02-06 10:00:00+00:00,3.5,2610.0,106.0
USGS-09180000,2026-02-06 11:00:00+00:00,3.45,2725.0,104.0
USGS-09180000,2026-02-06 12:00:00+00:00,3.4,2825.0,103.0
USGS-09180000,2026-02-06 13:00:00+00:00,3.3,2910.0,100.0
USGS-09180000,2026-02-06 14:00:00+00:00,3.2,2975.0,100.0
USGS-09180000,2026-02-06 15:00:00+00:00,3.05,3020.0,101.5
USGS-09180000,2026-02-06 16:00:00+00:00,3.05,3030.0,105.0
USGS-09180000,2026-02-06 17:00:00+00:00,3.2,3020.0,107.0
USGS-09180000,2026-02-06 18:00:00+00:00,3.7,3010.0,111.0
USGS-09180000,2026-02-06 19:00:00+00:00,4.4,3015.0,115.0
USGS-09180000,2026-02-06 20:00:00+00:00,4.85,3070.0,116.0
USGS-09180000,2026-02-06 21:00:00+00:00,5.35,3180.0,118.0
USGS-09180000,2026-02-06 22:00:00+00:00,5.6,3340.0,118.0
USGS-09180000,2026-02-06 23:00:00+00:00,5.6,3510.0,118.0
USGS-09180000,2026-02-07 00:00:00+00:00,5.4,3635.0,118.0
USGS-09180000,2026-02-07 01:00:00+00:00,5.05,3665.0,118.0
USGS-09180000,2026-02-07 02:00:00+00:00,4.8,3580.0,118.0
USGS-09180000,2026-02-07 03:00:00+00:00,4.75,3390.0,118.0
USGS-09180000,2026-02-07 04:00:00+00:00,4.9,3150.0,116.0
USGS-09180000,2026-02-07 05:00:00+00:00,5.0,2910.0,116.0
USGS-09180000,2026-02-07 06:00:00+00:00,4.9,2710.0,114.0
USGS-09180000,2026-02-07 07:00:00+00:00,4.65,2585.0,111.0
USGS-09180000,2026-02-07 08:00:00+00:00,4.35,2525.0,110.0
USGS-09180000,2026-02-07 09:00:00+00:00,4.2,2535.0,107.0
USGS-09180000,2026-02-07 10:00:00+00:00,4.1,2595.0,105.0
USGS-09180000,2026-02-07 11:00:00+00:00,4.0,2670.0,103.0
USGS-09180000,2026-02-07 12:00:00+00:00,3.95,2745.0,100.0
USGS-09180000,2026-02-07 13:00:00+00:00,3.8,2795.0,99.15
USGS-09180000,2026-02-07 14:00:00+00:00,3.6,2810.0,98.3
USGS-09180000,2026-02-07 15:00:00+00:00,3.5,2810.0,98.3
USGS-09180000,2026-02-07 16:00:00+00:00,3.5,2770.0,98.3
USGS-09180000,2026-02-07 17:00:00+00:00,3.65,2705.0,99.15
USGS-09180000,2026-02-07 18:00:00+00:00,4.300000000000001,2645.0,103.0
USGS-09180000,2026-02-07 19:00:00+00:00,5.0,2605.0,108.0
USGS-09180000,2026-02-07 20:00:00+00:00,5.65,2605.0,111.0
USGS-09180000,2026-02-07 21:00:00+00:00,6.25,2675.0,116.0
USGS-09180000,2026-02-07 22:00:00+00:00,6.5,2810.0,118.0
USGS-09180000,2026-02-07 23:00:00+00:00,6.35,2985.0,120.0
USGS-09180000,2026-02-08 00:00:00+00:00,6.05,3160.0,123.0
USGS-09180000,2026-02-08 01:00:00+00:00,5.65,3285.0,123.0
USGS-09180000,2026-02-08 02:00:00+00:00,5.3,3305.0,120.0
USGS-09180000,2026-02-08 03:00:00+00:00,5.35,3225.0,120.0
USGS-09180000,2026-02-08 04:00:00+00:00,5.55,3060.0,118.0
USGS-09180000,2026-02-08 05:00:00+00:00,5.6,2870.0,116.0
USGS-09180000,2026-02-08 06:00:00+00:00,5.5,2715.0,114.0
USGS-09180000,2026-02-08 07:00:00+00:00,5.15,2610.0,114.0
USGS-09180000,2026-02-08 08:00:00+00:00,4.85,2570.0,111.0
USGS-09180000,2026-02-08 09:00:00+00:00,4.6,2585.0,109.0
USGS-09180000,2026-02-08 10:00:00+00:00,4.6,2635.0,106.0
USGS-09180000,2026-02-08 11:00:00+00:00,4.5,2700.0,105.0
USGS-09180000,2026-02-08 12:00:00+00:00,4.4,2755.0,103.0
USGS-09180000,2026-02-08 13:00:00+00:00,4.3,2790.0,100.0
USGS-09180000,2026-02-08 14:00:00+00:00,4.15,2790.0,100.0
USGS-09180000,2026-02-08 15:00:00+00:00,4.0,2775.0,100.0
USGS-09180000,2026-02-08 16:00:00+00:00,4.0,2715.0,100.0
USGS-09180000,2026-02-08 17:00:00+00:00,4.15,2635.0,100.0
USGS-09180000,2026-02-08 18:00:00+00:00,4.800000000000001,2560.0,105.0
USGS-09180000,2026-02-08 19:00:00+00:00,5.4,2495.0,110.0
USGS-09180000,2026-02-08 20:00:00+00:00,5.95,2490.0,116.0
USGS-09180000,2026-02-08 21:00:00+00:00,6.45,2560.0,120.0
USGS-09180000,2026-02-08 22:00:00+00:00,6.7,2705.0,123.0
USGS-09180000,2026-02-08 23:00:00+00:00,6.7,2905.0,125.0
USGS-09180000,2026-02-09 00:00:00+00:00,6.4,3090.0,125.0
USGS-09180000,2026-02-09 01:00:00+00:00,5.95,3210.0,123.0
USGS-09180000,2026-02-09 02:00:00+00:00,5.6,3225.0,121.5
USGS-09180000,2026-02-09 03:00:00+00:00,5.6,3135.0,120.0
USGS-09180000,2026-02-09 04:00:00+00:00,5.8,2980.0,118.0
USGS-09180000,2026-02-09 05:00:00+00:00,5.85,2825.0,118.0
USGS-09180000,2026-02-09 06:00:00+00:00,5.75,2710.0,116.0
USGS-09180000,2026-02-09 07:00:00+00:00,5.45,2655.0,114.0
USGS-09180000,2026-02-09 08:00:00+00:00,5.1,2655.0,114.0
USGS-09180000,2026-02-09 09:00:00+00:00,4.9,2685.0,111.0
USGS-09180000,2026-02-09 10:00:00+00:00,4.85,2715.0,109.0
USGS-09180000,2026-02-09 11:00:00+00:00,4.8,2740.0,109.0
USGS-09180000,2026-02-09 12:00:00+00:00,4.7,2740.0,107.0
USGS-09180000,2026-02-09 13:00:00+00:00,4.6,2720.0,106.0
USGS-09180000,2026-02-09 14:00:00+00:00,4.4,2675.0,105.0
USGS-09180000,2026-02-09 15:00:00+00:00,4.25,2630.0,105.0
USGS-09180000,2026-02-09 16:00:00+00:00,4.25,2560.0,105.0
USGS-09180000,2026-02-09 17:00:00+00:00,4.45,2495.0,107.0
USGS-09180000,2026-02-09 18:00:00+00:00,5.05,2445.0,110.0
USGS-09180000,2026-02-09 19:00:00+00:00,5.699999999999999,2435.0,112.5
USGS-09180000,2026-02-09 20:00:00+00:00,6.35,2460.0,116.0
USGS-09180000,2026-02-09 21:00:00+00:00,6.85,2535.0,118.0
USGS-09180000,2026-02-09 22:00:00+00:00,7.15,2655.0,120.0
USGS-09180000,2026-02-09 23:00:00+00:00,7.15,2790.0,123.0
USGS-09180000,2026-02-10 00:00:00+00:00,7.0,2910.0,123.0
USGS-09180000,2026-02-10 01:00:00+00:00,6.7,2975.0,123.0
USGS-09180000,2026-02-10 02:00:00+00:00,6.5,2990.0,120.0
USGS-09180000,2026-02-10 03:00:00+00:00,6.6,2945.0,118.0
USGS-09180000,2026-02-10 04:00:00+00:00,6.8,2885.0,117.0
USGS-09180000,2026-02-10 05:00:00+00:00,6.9,2835.0,116.0
USGS-09180000,2026-02-10 06:00:00+00:00,6.8,2810.0,114.0
USGS-09180000,2026-02-10 07:00:00+00:00,6.6,2800.0,111.0
USGS-09180000,2026-02-10 08:00:00+00:00,6.3,2800.0,110.0
USGS-09180000,2026-02-10 09:00:00+00:00,6.2,2795.0,109.0
USGS-09180000,2026-02-10 10:00:00+00:00,6.2,2770.0,107.0
USGS-09180000,2026-02-10 11:00:00+00:00,6.15,2735.0,105.0
USGS-09180000,2026-02-10 12:00:00+00:00,6.1,2685.0,105.0
USGS-09180000,2026-02-10 13:00:00+00:00,6.0,2635.0,103.0
USGS-09180000,2026-02-10 14:00:00+00:00,5.9,2600.0,103.0
USGS-09180000,2026-02-10 15:00:00+00:00,5.8,2570.0,103.0
USGS-09180000,2026-02-10 16:00:00+00:00,5.8,2560.0,103.0
USGS-09180000,2026-02-10 17:00:00+00:00,5.9,2550.0,104.0
USGS-09180000,2026-02-10 18:00:00+00:00,6.15,2540.0,105.0
USGS-09180000,2026-02-10 19:00:00+00:00,6.45,2550.0,107.0
USGS-09180000,2026-02-10 20:00:00+00:00,6.95,2575.0,109.0
USGS-09180000,2026-02-10 21:00:00+00:00,7.35,2615.0,110.0
USGS-09180000,2026-02-10 22:00:00+00:00,7.55,2665.0,111.0
USGS-09180000,2026-02-10 23:00:00+00:00,7.6,2715.0,115.0
USGS-09180000,2026-02-11 00:00:00+00:00,7.45,2760.0,117.0
USGS-09180000,2026-02-11 01:00:00+00:00,7.25,2795.0,118.0
USGS-09180000,2026-02-11 02:00:00+00:00,7.05,2820.0,118.0
USGS-09180000,2026-02-11 03:00:00+00:00,6.9,2830.0,118.0
USGS-09180000,2026-02-11 04:00:00+00:00,6.8,2855.0,117.0
USGS-09180000,2026-02-11 05:00:00+00:00,6.75,2880.0,116.0
USGS-09180000,2026-02-11 06:00:00+00:00,6.65,2915.0,114.0
USGS-09180000,2026-02-11 07:00:00+00:00,6.5,2955.0,111.0
USGS-09180000,2026-02-11 08:00:00+00:00,6.35,2985.0,111.0
USGS-09180000,2026-02-11 09:00:00+00:00,6.2,2995.0,109.0
USGS-09180000,2026-02-11 10:00:00+00:00,6.2,2975.0,109.0
USGS-09180000,2026-02-11 11:00:00+00:00,6.1,2935.0,107.0
USGS-09180000,2026-02-11 12:00:00+00:00,6.0,2880.0,105.0
USGS-09180000,2026-02-11 13:00:00+00:00,5.9,2820.0,105.0
USGS-09180000,2026-02-11 14:00:00+00:00,5.8,2765.0,103.0
USGS-09180000,2026-02-11 15:00:00+00:00,5.7,2715.0,103.0
USGS-09180000,2026-02-11 16:00:00+00:00,5.65,2680.0,100.0
USGS-09180000,2026-02-11 17:00:00+00:00,5.65,2660.0,100.0
USGS-09180000,2026-02-11 18:00:00+00:00,5.75,2650.0,100.0
USGS-09180000,2026-02-11 19:00:00+00:00,6.0,2640.0,100.0
USGS-09180000,2026-02-11 20:00:00+00:00,6.15,2640.0,100.0
USGS-09180000,2026-02-11 21:00:00+00:00,6.3,2640.0,103.0
USGS-09180000,2026-02-11 22:00:00+00:00,6.4,2655.0,106.0
USGS-09180000,2026-02-11 23:00:00+00:00,6.5,2665.0,110.0
USGS-09180000,2026-02-12 00:00:00+00:00,6.4,2670.0,114.0
USGS-09180000,2026-02-12 01:00:00+00:00,6.35,2680.0,116.0
USGS-09180000,2026-02-12 02:00:00+00:00,6.3,2690.0,118.0
USGS-09180000,2026-02-12 03:00:00+00:00,6.2,2700.0,118.0
USGS-09180000,2026-02-12 04:00:00+00:00,6.2,2715.0,118.0
USGS-09180000,2026-02-12 05:00:00+00:00,6.2,2750.0,116.0
USGS-09180000,2026-02-12 06:00:00+00:00,6.2,2795.0,116.0
USGS-09180000,2026-02-12 07:00:00+00:00,6.2,2850.0,116.0
USGS-09180000,2026-02-12 08:00:00+00:00,6.2,2905.0,114.0
USGS-09180000,2026-02-12 09:00:00+00:00,6.2,2945.0,114.0
USGS-09180000,2026-02-12 10:00:00+00:00,6.2,2965.0,111.0
USGS-09180000,2026-02-12 11:00:00+00:00,6.15,2950.0,111.0
USGS-09180000,2026-02-12 12:00:00+00:00,6.1,2905.0,111.0
USGS-09180000,2026-02-12 13:00:00+00:00,5.95,2840.0,109.0
USGS-09180000,2026-02-12 14:00:00+00:00,5.85,2770.0,109.0
USGS-09180000,2026-02-12 15:00:00+00:00,5.8,2715.0,107.0
USGS-09180000,2026-02-12 16:00:00+00:00,5.95,2665.0,107.0
USGS-09180000,2026-02-12 17:00:00+00:00,6.25,2625.0,107.0
USGS-09180000,2026-02-12 18:00:00+00:00,6.699999999999999,2585.0,105.0
USGS-09180000,2026-02-12 19:00:00+00:00,7.45,2545.0,105.0
USGS-09180000,2026-02-12 20:00:00+00:00,7.95,2505.0,107.0
USGS-09180000,2026-02-12 21:00:00+00:00,8.25,2455.0,107.0
USGS-09180000,2026-02-12 22:00:00+00:00,8.5,2405.0,109.0
USGS-09180000,2026-02-12 23:00:00+00:00,8.45,2355.0,110.0
USGS-09180000,2026-02-13 00:00:00+00:00,8.3,2315.0,111.0
USGS-09180000,2026-02-13 01:00:00+00:00,8.05,2285.0,112.5
USGS-09180000,2026-02-13 02:00:00+00:00,7.65,2270.0,114.0
USGS-09180000,2026-02-13 03:00:00+00:00,7.4,2275.0,114.0
USGS-09180000,2026-02-13 04:00:00+00:00,7.5,2295.0,114.0
USGS-09180000,2026-02-13 05:00:00+00:00,7.6,2335.0,114.0
USGS-09180000,2026-02-13 06:00:00+00:00,7.55,2395.0,112.5
USGS-09180000,2026-02-13 07:00:00+00:00,7.45,2470.0,112.5
USGS-09180000,2026-02-13 08:00:00+00:00,7.3,2565.0,112.5
USGS-09180000,2026-02-13 09:00:00+00:00,7.2,2675.0,114.0
USGS-09180000,2026-02-13 10:00:00+00:00,7.1,2785.0,114.0
USGS-09180000,2026-02-13 11:00:00+00:00,7.05,2900.0,114.0
USGS-09180000,2026-02-13 12:00:00+00:00,7.0,2995.0,112.5
USGS-09180000,2026-02-13 13:00:00+00:00,7.0,3075.0,111.0
USGS-09180000,2026-02-13 14:00:00+00:00,6.95,3125.0,111.0
USGS-09180000,2026-02-13 15:00:00+00:00,6.9,3135.0,114.0
USGS-09180000,2026-02-13 16:00:00+00:00,6.8,3095.0,114.0
USGS-09180000,2026-02-13 17:00:00+00:00,6.8,3015.0,114.0
USGS-09180000,2026-02-13 18:00:00+00:00,6.9,2915.0,116.0
USGS-09180000,2026-02-13 19:00:00+00:00,7.05,2800.0,116.0
USGS-09180000,2026-02-13 20:00:00+00:00,7.25,2695.0,116.0
USGS-09180000,2026-02-13 21:00:00+00:00,7.4,2600.0,114.0
USGS-09180000,2026-02-13 22:00:00+00:00,7.5,2525.0,114.0
USGS-09180000,2026-02-13 23:00:00+00:00,7.45,2475.0,114.0
USGS-09180000,2026-02-14 00:00:00+00:00,7.4,2440.0,114.0
USGS-09180000,2026-02-14 01:00:00+00:00,7.3,2430.0,114.0
USGS-09180000,2026-02-14 02:00:00+00:00,7.2,2430.0,114.0
USGS-09180000,2026-02-14 03:00:00+00:00,7.1,2440.0,111.0
USGS-09180000,2026-02-14 04:00:00+00:00,6.95,2465.0,111.0
USGS-09180000,2026-02-14 05:00:00+00:00,6.8,2500.0,111.0
USGS-09180000,2026-02-14 06:00:00+00:00,6.6,2545.0,111.0
USGS-09180000,2026-02-14 07:00:00+00:00,6.45,2585.0,111.0
USGS-09180000,2026-02-14 08:00:00+00:00,6.3,2640.0,111.0
USGS-09180000,2026-02-14 09:00:00+00:00,6.15,2695.0,114.0
USGS-09180000,2026-02-14 10:00:00+00:00,6.0,2760.0,114.0
USGS-09180000,2026-02-14 11:00:00+00:00,5.9,2830.0,116.0
USGS-09180000,2026-02-14 12:00:00+00:00,5.8,2900.0,118.0
USGS-09180000,2026-02-14 13:00:00+00:00,5.8,2970.0,118.0
USGS-09180000,2026-02-14 14:00:00+00:00,5.7,3025.0,118.0
USGS-09180000,2026-02-14 15:00:00+00:00,5.6,3055.0,118.0
USGS-09180000,2026-02-14 16:00:00+00:00,5.7,3045.0,118.0
USGS-09180000,2026-02-14 17:00:00+00:00,5.95,2990.0,119.0
USGS-09180000,2026-02-14 18:00:00+00:00,6.65,2900.0,118.0
USGS-09180000,2026-02-14 19:00:00+00:00,7.300000000000001,2800.0,118.0
USGS-09180000,2026-02-14 20:00:00+00:00,7.95,2705.0,118.0
USGS-09180000,2026-02-14 21:00:00+00:00,8.45,2625.0,118.0
USGS-09180000,2026-02-14 22:00:00+00:00,8.7,2575.0,118.0
USGS-09180000,2026-02-14 23:00:00+00:00,8.649999999999999,2550.0,118.0
USGS-09180000,2026-02-15 00:00:00+00:00,8.350000000000001,2555.0,118.0
USGS-09180000,2026-02-15 01:00:00+00:00,7.9,2585.0,117.0
USGS-09180000,2026-02-15 02:00:00+00:00,7.55,2615.0,116.0
USGS-09180000,2026-02-15 03:00:00+00:00,7.5,2665.0,116.0
USGS-09180000,2026-02-15 04:00:00+00:00,7.65,2710.0,116.0
USGS-09180000,2026-02-15 05:00:00+00:00,7.7,2755.0,116.0
USGS-09180000,2026-02-15 06:00:00+00:00,7.6,2805.0,118.0
USGS-09180000,2026-02-15 07:00:00+00:00,7.35,2855.0,118.0
USGS-09180000,2026-02-15 08:00:00+00:00,6.85,2905.0,118.0
USGS-09180000,2026-02-15 09:00:00+00:00,6.65,2945.0,118.0
USGS-09180000,2026-02-15 10:00:00+00:00,6.6,2985.0,118.0
USGS-09180000,2026-02-15 11:00:00+00:00,6.6,3025.0,119.0
USGS-09180000,2026-02-15 12:00:00+00:00,6.5,3055.0,120.0
USGS-09180000,2026-02-15 13:00:00+00:00,6.35,3070.0,120.0
USGS-09180000,2026-02-15 14:00:00+00:00,6.15,3055.0,120.0
USGS-09180000,2026-02-15 15:00:00+00:00,6.0,3025.0,120.0
USGS-09180000,2026-02-15 16:00:00+00:00,5.85,2980.0,121.5
USGS-09180000,2026-02-15 17:00:00+00:00,5.8,2920.0,120.0
USGS-09180000,2026-02-15 18:00:00+00:00,6.05,2850.0,123.0
USGS-09180000,2026-02-15 19:00:00+00:00,6.4,2770.0,121.5
USGS-09180000,2026-02-15 20:00:00+00:00,6.85,2705.0,123.0
USGS-09180000,2026-02-15 21:00:00+00:00,7.25,2655.0,123.0
USGS-09180000,2026-02-15 22:00:00+00:00,7.5,2615.0,123.0
USGS-09180000,2026-02-15 23:00:00+00:00,7.5,2590.0,123.0
USGS-09180000,2026-02-16 00:00:00+00:00,7.4,2580.0,123.0
USGS-09180000,2026-02-16 01:00:00+00:00,7.25,2570.0,121.5
USGS-09180000,2026-02-16 02:00:00+00:00,7.1,2560.0,120.0
USGS-09180000,2026-02-16 03:00:00+00:00,7.0,2565.0,120.0
USGS-09180000,2026-02-16 04:00:00+00:00,6.9,2570.0,120.0
USGS-09180000,2026-02-16 05:00:00+00:00,6.8,2585.0,118.0
USGS-09180000,2026-02-16 06:00:00+00:00,6.8,2610.0,118.0
USGS-09180000,2026-02-16 07:00:00+00:00,6.75,2640.0,118.0
USGS-09180000,2026-02-16 08:00:00+00:00,6.7,2675.0,118.0
USGS-09180000,2026-02-16 09:00:00+00:00,6.6,2705.0,118.0
USGS-09180000,2026-02-16 10:00:00+00:00,6.6,2740.0,118.0
USGS-09180000,2026-02-16 11:00:00+00:00,6.5,2760.0,118.0
USGS-09180000,2026-02-16 12:00:00+00:00,6.4,2770.0,118.0
USGS-09180000,2026-02-16 13:00:00+00:00,6.3,2770.0,119.0
USGS-09180000,2026-02-16 14:00:00+00:00,6.2,2770.0,120.0
USGS-09180000,2026-02-16 15:00:00+00:00,6.1,2770.0,120.0
USGS-09180000,2026-02-16 16:00:00+00:00,6.1,2780.0,120.0
USGS-09180000,2026-02-16 17:00:00+00:00,6.2,2790.0,120.0
USGS-09180000,2026-02-16 18:00:00+00:00,6.45,2790.0,118.0
USGS-09180000,2026-02-16 19:00:00+00:00,6.65,2775.0,118.0
USGS-09180000,2026-02-16 20:00:00+00:00,6.95,2755.0,118.0
USGS-09180000,2026-02-16 21:00:00+00:00,7.35,2730.0,118.0
USGS-09180000,2026-02-16 22:00:00+00:00,7.7,2695.0,118.0
USGS-09180000,2026-02-16 23:00:00+00:00,7.9,2655.0,118.0
USGS-09180000,2026-02-17 00:00:00+00:00,7.9,2620.0,118.0
USGS-09180000,2026-02-17 01:00:00+00:00,7.75,2585.0,117.0
USGS-09180000,2026-02-17 02:00:00+00:00,7.6,2565.0,118.0
USGS-09180000,2026-02-17 03:00:00+00:00,7.45,2550.0,116.0
USGS-09180000,2026-02-17 04:00:00+00:00,7.3,2540.0,116.0
USGS-09180000,2026-02-17 05:00:00+00:00,7.2,2540.0,118.0
USGS-09180000,2026-02-17 06:00:00+00:00,7.1,2550.0,115.0
USGS-09180000,2026-02-17 07:00:00+00:00,7.1,2565.0,114.0
USGS-09180000,2026-02-17 08:00:00+00:00,7.05,2585.0,114.0
USGS-09180000,2026-02-17 09:00:00+00:00,7.0,2615.0,114.0
USGS-09180000,2026-02-17 10:00:00+00:00,7.0,2645.0,113.5
USGS-09180000,2026-02-17 11:00:00+00:00,6.9,2655.0,117.0
USGS-09180000,2026-02-17 12:00:00+00:00,6.8,2530.0,123.0
USGS-09180000,2026-02-17 13:00:00+00:00,6.6,2625.0,123.0
USGS-09180000,2026-02-17 14:00:00+00:00,6.4,2685.0,118.0
USGS-09180000,2026-02-17 15:00:00+00:00,6.3,2720.0,118.0
USGS-09180000,2026-02-17 16:00:00+00:00,6.35,2775.0,118.0
USGS-09180000,2026-02-17 17:00:00+00:00,6.65,2790.0,116.0
USGS-09180000,2026-02-17 18:00:00+00:00,7.199999999999999,2790.0,116.0
USGS-09180000,2026-02-17 19:00:00+00:00,7.800000000000001,2765.0,116.0
USGS-09180000,2026-02-17 20:00:00+00:00,8.45,2735.0,118.0
USGS-09180000,2026-02-17 21:00:00+00:00,8.850000000000001,2695.0,116.0
USGS-09180000,2026-02-17 22:00:00+00:00,9.0,2655.0,116.0
USGS-09180000,2026-02-17 23:00:00+00:00,8.850000000000001,2615.0,115.0
USGS-09180000,2026-02-18 00:00:00+00:00,8.5,2575.0,116.0
USGS-09180000,2026-02-18 01:00:00+00:00,7.95,2525.0,115.0
USGS-09180000,2026-02-18 02:00:00+00:00,7.55,2485.0,114.0
USGS-09180000,2026-02-18 03:00:00+00:00,7.4,2455.0,114.0
USGS-09180000,2026-02-18 04:00:00+00:00,7.5,2415.0,114.0
USGS-09180000,2026-02-18 05:00:00+00:00,7.5,2395.0,114.0
USGS-09180000,2026-02-18 06:00:00+00:00,7.4,2380.0,116.0
USGS-09180000,2026-02-18 07:00:00+00:00,7.15,2380.0,114.0
USGS-09180000,2026-02-18 08:00:00+00:00,6.85,2380.0,114.0
USGS-09180000,2026-02-18 09:00:00+00:00,6.6,2385.0,114.0
USGS-09180000,2026-02-18 10:00:00+00:00,6.5,2390.0,111.0
USGS-09180000,2026-02-18 11:00:00+00:00,6.5,2405.0,111.0
USGS-09180000,2026-02-18 12:00:00+00:00,6.4,2420.0,111.0
USGS-09180000,2026-02-18 13:00:00+00:00,6.3,2445.0,111.0
USGS-09180000,2026-02-18 14:00:00+00:00,6.15,2465.0,111.0
USGS-09180000,2026-02-18 15:00:00+00:00,6.0,2485.0,111.0
USGS-09180000,2026-02-18 16:00:00+00:00,5.9,2510.0,111.0
USGS-09180000,2026-02-18 17:00:00+00:00,5.9,2525.0,114.0
USGS-09180000,2026-02-18 18:00:00+00:00,6.15,2540.0,115.0
USGS-09180000,2026-02-18 19:00:00+00:00,6.45,2550.0,116.0
USGS-09180000,2026-02-18 20:00:00+00:00,6.45,2560.0,117.0
USGS-09180000,2026-02-18 21:00:00+00:00,6.6,2560.0,116.0
USGS-09180000,2026-02-18 22:00:00+00:00,6.7,2560.0,116.0
USGS-09180000,2026-02-18 23:00:00+00:00,6.8,2550.0,116.0
USGS-09180000,2026-02-19 00:00:00+00:00,6.8,2540.0,117.0
USGS-09180000,2026-02-19 01:00:00+00:00,6.45,2520.0,116.0
USGS-09180000,2026-02-19 02:00:00+00:00,5.95,2500.0,116.0
USGS-09180000,2026-02-19 03:00:00+00:00,5.55,2480.0,116.0
USGS-09180000,2026-02-19 04:00:00+00:00,5.25,2460.0,116.0
USGS-09180000,2026-02-19 05:00:00+00:00,5.15,2440.0,116.0
USGS-09180000,2026-02-19 06:00:00+00:00,4.85,2425.0,116.0
USGS-09180000,2026-02-19 07:00:00+00:00,4.6,2410.0,116.0
USGS-09180000,2026-02-19 08:00:00+00:00,4.45,2400.0,116.0
USGS-09180000,2026-02-19 09:00:00+00:00,4.2,2400.0,116.0
USGS-09180000,2026-02-19 10:00:00+00:00,3.95,2410.0,116.0
USGS-09180000,2026-02-19 11:00:00+00:00,3.75,2425.0,116.0
USGS-09180000,2026-02-19 12:00:00+00:00,3.6,2445.0,116.0
USGS-09180000,2026-02-19 13:00:00+00:00,3.3499999999999996,2475.0,116.0
USGS-09180000,2026-02-19 14:00:00+00:00,3.2,2505.0,116.0
USGS-09180000,2026-02-19 15:00:00+00:00,3.1,2540.0,116.0
USGS-09180000,2026-02-19 16:00:00+00:00,3.2,2565.0,118.0
USGS-09180000,2026-02-19 17:00:00+00:00,3.5,2590.0,118.0
USGS-09180000,2026-02-19 18:00:00+00:00,4.1,2610.0,118.0
USGS-09180000,2026-02-19 19:00:00+00:00,4.6,2630.0,118.0
USGS-09180000,2026-02-19 20:00:00+00:00,5.199999999999999,2655.0,119.0
USGS-09180000,2026-02-19 21:00:00+00:00,5.75,2685.0,120.0
USGS-09180000,2026-02-19 22:00:00+00:00,6.0,2710.0,120.0
USGS-09180000,2026-02-19 23:00:00+00:00,5.95,2720.0,120.0
USGS-09180000,2026-02-20 00:00:00+00:00,5.6,2705.0,118.0
USGS-09180000,2026-02-20 01:00:00+00:00,5.15,2675.0,118.0
USGS-09180000,2026-02-20 02:00:00+00:00,4.9,2640.0,118.0
USGS-09180000,2026-02-20 03:00:00+00:00,5.0,2605.0,118.0
USGS-09180000,2026-02-20 04:00:00+00:00,5.2,2575.0,118.0
USGS-09180000,2026-02-20 05:00:00+00:00,5.2,2550.0,118.0
USGS-09180000,2026-02-20 06:00:00+00:00,5.2,2530.0,118.0
USGS-09180000,2026-02-20 07:00:00+00:00,4.95,2520.0,118.0
USGS-09180000,2026-02-20 08:00:00+00:00,4.6,2510.0,117.0
USGS-09180000,2026-02-20 09:00:00+00:00,4.4,2520.0,117.0
USGS-09180000,2026-02-20 10:00:00+00:00,4.35,2530.0,117.0
USGS-09180000,2026-02-20 11:00:00+00:00,4.2,2540.0,118.0
USGS-09180000,2026-02-20 12:00:00+00:00,4.2,2560.0,116.0
USGS-09180000,2026-02-20 13:00:00+00:00,3.95,2575.0,118.0
USGS-09180000,2026-02-20 14:00:00+00:00,3.6,2595.0,118.0
USGS-09180000,2026-02-20 15:00:00+00:00,3.45,2615.0,118.0
USGS-09180000,2026-02-20 16:00:00+00:00,3.25,2630.0,118.0
USGS-09180000,2026-02-20 17:00:00+00:00,3.1,2645.0,120.0
USGS-09180000,2026-02-20 18:00:00+00:00,3.0,2640.0,121.5
USGS-09180000,2026-02-20 19:00:00+00:00,3.0,2610.0,123.0
USGS-09180000,2026-02-20 20:00:00+00:00,3.3,2605.0,125.0
USGS-09180000,2026-02-20 21:00:00+00:00,4.199999999999999,2610.0,125.0
USGS-09180000,2026-02-20 22:00:00+00:00,4.65,2610.0,125.0
USGS-09180000,2026-02-20 23:00:00+00:00,5.0,2600.0,125.0
USGS-09180000,2026-02-21 00:00:00+00:00,4.85,2610.0,124.0
USGS-09180000,2026-02-21 01:00:00+00:00,4.5,2610.0,123.0
USGS-09180000,2026-02-21 02:00:00+00:00,4.25,2620.0,123.0
USGS-09180000,2026-02-21 03:00:00+00:00,4.0,2610.0,123.0
USGS-09180000,2026-02-21 04:00:00+00:00,3.8,2610.0,123.0
USGS-09180000,2026-02-21 05:00:00+00:00,3.6,2600.0,120.0
USGS-09180000,2026-02-21 06:00:00+00:00,3.4,2610.0,120.0
USGS-09180000,2026-02-21 07:00:00+00:00,3.05,2615.0,120.0
USGS-09180000,2026-02-21 08:00:00+00:00,2.75,2625.0,120.0
USGS-09180000,2026-02-21 09:00:00+00:00,2.55,2635.0,118.0
USGS-09180000,2026-02-21 10:00:00+00:00,2.45,2650.0,118.0
USGS-09180000,2026-02-21 11:00:00+00:00,2.3499999999999996,2660.0,117.0
USGS-09180000,2026-02-21 12:00:00+00:00,2.2,2660.0,116.0
USGS-09180000,2026-02-21 13:00:00+00:00,2.05,2660.0,116.0
USGS-09180000,2026-02-21 14:00:00+00:00,1.85,2660.0,114.0
USGS-09180000,2026-02-21 15:00:00+00:00,1.8,2660.0,114.0
USGS-09180000,2026-02-21 16:00:00+00:00,1.85,2650.0,114.0
USGS-09180000,2026-02-21 17:00:00+00:00,2.2,2640.0,115.0
USGS-09180000,2026-02-21 18:00:00+00:00,2.8,2640.0,114.0
USGS-09180000,2026-02-21 19:00:00+00:00,3.5,2630.0,114.0
USGS-09180000,2026-02-21 20:00:00+00:00,4.15,2630.0,114.0
USGS-09180000,2026-02-21 21:00:00+00:00,4.75,2630.0,111.0
USGS-09180000,2026-02-21 22:00:00+00:00,5.05,2640.0,111.0
USGS-09180000,2026-02-21 23:00:00+00:00,5.1,2640.0,110.0
USGS-09180000,2026-02-22 00:00:00+00:00,4.85,2650.0,109.0
USGS-09180000,2026-02-22 01:00:00+00:00,4.300000000000001,2660.0,107.0
USGS-09180000,2026-02-22 02:00:00+00:00,3.85,2670.0,106.0
USGS-09180000,2026-02-22 03:00:00+00:00,3.6,2680.0,105.0
USGS-09180000,2026-02-22 04:00:00+00:00,3.75,2680.0,105.0
USGS-09180000,2026-02-22 05:00:00+00:00,3.85,2680.0,105.0
USGS-09180000,2026-02-22 06:00:00+00:00,3.9,2680.0,105.0
USGS-09180000,2026-02-22 07:00:00+00:00,3.8,2690.0,107.0
USGS-09180000,2026-02-22 08:00:00+00:00,3.5,2695.0,107.0
USGS-09180000,2026-02-22 09:00:00+00:00,3.05,2700.0,109.0
USGS-09180000,2026-02-22 10:00:00+00:00,2.9,2710.0,109.0
USGS-09180000,2026-02-22 11:00:00+00:00,2.8,2710.0,109.0
USGS-09180000,2026-02-22 12:00:00+00:00,2.7,2720.0,109.0
USGS-09180000,2026-02-22 13:00:00+00:00,2.6,2720.0,109.0
USGS-09180000,2026-02-22 14:00:00+00:00,2.45,2710.0,109.0
USGS-09180000,2026-02-22 15:00:00+00:00,2.4,2710.0,109.0
USGS-09180000,2026-02-22 16:00:00+00:00,2.4,2690.0,109.0
USGS-09180000,2026-02-22 17:00:00+00:00,2.75,2665.0,109.0
USGS-09180000,2026-02-22 18:00:00+00:00,3.3,2635.0,109.0
USGS-09180000,2026-02-22 19:00:00+00:00,4.0,2600.0,109.0
USGS-09180000,2026-02-22 20:00:00+00:00,4.65,2565.0,109.0
USGS-09180000,2026-02-22 21:00:00+00:00,5.15,2540.0,109.0
USGS-09180000,2026-02-22 22:00:00+00:00,5.55,2525.0,109.0
USGS-09180000,2026-02-22 23:00:00+00:00,5.6,2520.0,109.0
USGS-09180000,2026-02-23 00:00:00+00:00,5.35,2520.0,107.0
USGS-09180000,2026-02-23 01:00:00+00:00,4.95,2510.0,107.0
USGS-09180000,2026-02-23 02:00:00+00:00,4.65,2510.0,105.0
USGS-09180000,2026-02-23 03:00:00+00:00,4.5,2500.0,105.0
USGS-09180000,2026-02-23 04:00:00+00:00,4.5,2490.0,105.0
USGS-09180000,2026-02-23 05:00:00+00:00,4.5,2500.0,105.0
USGS-09180000,2026-02-23 06:00:00+00:00,4.45,2520.0,107.0
USGS-09180000,2026-02-23 07:00:00+00:00,4.4,2535.0,107.0
USGS-09180000,2026-02-23 08:00:00+00:00,4.15,2550.0,107.0
USGS-09180000,2026-02-23 09:00:00+00:00,3.9,2550.0,107.0
USGS-09180000,2026-02-23 10:00:00+00:00,3.75,2550.0,107.0
USGS-09180000,2026-02-23 11:00:00+00:00,3.65,2540.0,107.0
USGS-09180000,2026-02-23 12:00:00+00:00,3.55,2530.0,107.0
USGS-09180000,2026-02-23 13:00:00+00:00,3.4,2530.0,107.0
USGS-09180000,2026-02-23 14:00:00+00:00,3.2,2520.0,109.0
USGS-09180000,2026-02-23 15:00:00+00:00,3.1,2520.0,109.0
USGS-09180000,2026-02-23 16:00:00+00:00,3.2,2510.0,109.0
USGS-09180000,2026-02-23 17:00:00+00:00,3.55,2500.0,109.0
USGS-09180000,2026-02-23 18:00:00+00:00,4.15,2500.0,111.0
USGS-09180000,2026-02-23 19:00:00+00:00,4.9,2490.0,111.0
USGS-09180000,2026-02-23 20:00:00+00:00,5.6,2490.0,112.5
USGS-09180000,2026-02-23 21:00:00+00:00,6.300000000000001,2490.0,114.0
USGS-09180000,2026-02-23 22:00:00+00:00,6.6,2490.0,114.0
USGS-09180000,2026-02-23 23:00:00+00:00,6.6,2505.0,114.0
USGS-09180000,2026-02-24 00:00:00+00:00,6.25,2525.0,114.0
USGS-09180000,2026-02-24 01:00:00+00:00,5.9,2535.0,111.0
USGS-09180000,2026-02-24 02:00:00+00:00,5.7,2540.0,111.0
USGS-09180000,2026-02-24 03:00:00+00:00,5.75,2550.0,109.0
USGS-09180000,2026-02-24 04:00:00+00:00,5.9,2550.0,109.0
USGS-09180000,2026-02-24 05:00:00+00:00,5.9,2560.0,107.0
USGS-09180000,2026-02-24 06:00:00+00:00,5.8,2570.0,106.0
USGS-09180000,2026-02-24 07:00:00+00:00,5.7,2580.0,105.0
USGS-09180000,2026-02-24 08:00:00+00:00,5.4,2585.0,103.0
USGS-09180000,2026-02-24 09:00:00+00:00,5.1,2600.0,100.0
USGS-09180000,2026-02-24 10:00:00+00:00,4.95,2605.0,100.0
USGS-09180000,2026-02-24 11:00:00+00:00,4.85,2610.0,98.3
USGS-09180000,2026-02-24 12:00:00+00:00,4.8,2610.0,98.3
USGS-09180000,2026-02-24 13:00:00+00:00,4.65,2590.0,96.3
USGS-09180000,2026-02-24 14:00:00+00:00,4.5,2575.0,95.25
USGS-09180000,2026-02-24 15:00:00+00:00,4.5,2565.0,94.2
USGS-09180000,2026-02-24 16:00:00+00:00,4.6,2540.0,94.2
USGS-09180000,2026-02-24 17:00:00+00:00,5.0,2525.0,92.2
USGS-09180000,2026-02-24 18:00:00+00:00,5.699999999999999,2510.0,92.2
USGS-09180000,2026-02-24 19:00:00+00:00,6.5,2500.0,92.2
USGS-09180000,2026-02-24 20:00:00+00:00,7.199999999999999,2490.0,90.3
USGS-09180000,2026-02-24 21:00:00+00:00,7.9,2480.0,90.3
USGS-09180000,2026-02-24 22:00:00+00:00,8.4,2480.0,91.25
USGS-09180000,2026-02-24 23:00:00+00:00,8.6,2470.0,92.2
USGS-09180000,2026-02-25 00:00:00+00:00,8.45,2470.0,93.2
USGS-09180000,2026-02-25 01:00:00+00:00,7.95,2475.0,94.2
USGS-09180000,2026-02-25 02:00:00+00:00,7.5,2485.0,94.2
USGS-09180000,2026-02-25 03:00:00+00:00,7.15,2505.0,96.3
USGS-09180000,2026-02-25 04:00:00+00:00,7.1,2525.0,98.3
USGS-09180000,2026-02-25 05:00:00+00:00,7.35,2555.0,104.0
USGS-09180000,2026-02-25 06:00:00+00:00,7.6,2585.0,109.0
USGS-09180000,2026-02-25 07:00:00+00:00,7.75,2615.0,111.0
USGS-09180000,2026-02-25 08:00:00+00:00,7.75,2645.0,114.0
USGS-09180000,2026-02-25 09:00:00+00:00,7.55,2680.0,114.0
USGS-09180000,2026-02-25 10:00:00+00:00,7.5,2705.0,114.0
USGS-09180000,2026-02-25 11:00:00+00:00,7.5,2720.0,114.0
USGS-09180000,2026-02-25 12:00:00+00:00,7.6,2720.0,115.0
USGS-09180000,2026-02-25 13:00:00+00:00,7.7,2720.0,116.0
USGS-09180000,2026-02-25 14:00:00+00:00,7.6,2720.0,118.0
USGS-09180000,2026-02-25 15:00:00+00:00,7.6,2710.0,118.0
USGS-09180000,2026-02-25 16:00:00+00:00,7.5,2710.0,118.0
USGS-09180000,2026-02-25 17:00:00+00:00,7.55,2720.0,118.0
USGS-09180000,2026-02-25 18:00:00+00:00,7.95,2720.0,118.0
USGS-09180000,2026-02-25 19:00:00+00:00,8.5,2730.0,116.0
USGS-09180000,2026-02-25 20:00:00+00:00,9.2,2750.0,116.0
USGS-09180000,2026-02-25 21:00:00+00:00,9.6,2770.0,114.0
USGS-09180000,2026-02-25 22:00:00+00:00,10.0,2790.0,114.0
USGS-09180000,2026-02-25 23:00:00+00:00,10.25,2815.0,111.0
USGS-09180000,2026-02-26 00:00:00+00:00,10.3,2840.0,114.0
USGS-09180000,2026-02-26 01:00:00+00:00,10.15,2850.0,114.0
USGS-09180000,2026-02-26 02:00:00+00:00,9.85,2850.0,114.0
USGS-09180000,2026-02-26 03:00:00+00:00,9.55,2840.0,116.0
USGS-09180000,2026-02-26 04:00:00+00:00,9.35,2820.0,116.0
USGS-09180000,2026-02-26 05:00:00+00:00,9.15,2795.0,116.0
USGS-09180000,2026-02-26 06:00:00+00:00,8.95,2765.0,118.0
USGS-09180000,2026-02-26 07:00:00+00:00,8.8,2725.0,118.0
USGS-09180000,2026-02-26 08:00:00+00:00,8.649999999999999,2695.0,118.0
USGS-09180000,2026-02-26 09:00:00+00:00,8.5,2655.0,118.0
USGS-09180000,2026-02-26 10:00:00+00:00,8.3,2625.0,118.0
USGS-09180000,2026-02-26 11:00:00+00:00,8.149999999999999,2585.0,118.0
USGS-09180000,2026-02-26 12:00:00+00:00,7.95,2545.0,118.0
USGS-09180000,2026-02-26 13:00:00+00:00,7.7,2505.0,119.0
USGS-09180000,2026-02-26 14:00:00+00:00,7.45,2465.0,120.0
USGS-09180000,2026-02-26 15:00:00+00:00,7.4,2435.0,120.0
USGS-09180000,2026-02-26 16:00:00+00:00,7.45,2395.0,118.0
USGS-09180000,2026-02-26 17:00:00+00:00,7.9,2365.0,118.0
USGS-09180000,2026-02-26 18:00:00+00:00,8.7,2335.0,118.0
USGS-09180000,2026-02-26 19:00:00+00:00,9.5,2305.0,118.0
USGS-09180000,2026-02-26 20:00:00+00:00,10.3,2285.0,116.0
USGS-09180000,2026-02-26 21:00:00+00:00,10.9,2270.0,116.0
USGS-09180000,2026-02-26 22:00:00+00:00,11.25,2260.0,116.0
USGS-09180000,2026-02-26 23:00:00+00:00,11.35,2250.0,114.0
USGS-09180000,2026-02-27 00:00:00+00:00,11.05,2250.0,114.0
USGS-09180000,2026-02-27 01:00:00+00:00,10.45,2260.0,114.0
USGS-09180000,2026-02-27 02:00:00+00:00,9.95,2270.0,111.0
USGS-09180000,2026-02-27 03:00:00+00:00,9.8,2280.0,111.0
USGS-09180000,2026-02-27 04:00:00+00:00,9.9,2300.0,114.0
USGS-09180000,2026-02-27 05:00:00+00:00,9.9,2325.0,115.0
USGS-09180000,2026-02-27 06:00:00+00:00,9.85,2370.0,116.0
USGS-09180000,2026-02-27 07:00:00+00:00,9.6,2415.0,116.0
USGS-09180000,2026-02-27 08:00:00+00:00,9.15,2470.0,116.0
USGS-09180000,2026-02-27 09:00:00+00:00,8.8,2515.0,116.0
USGS-09180000,2026-02-27 10:00:00+00:00,8.7,2555.0,116.0
USGS-09180000,2026-02-27 11:00:00+00:00,8.6,2580.0,116.0
USGS-09180000,2026-02-27 12:00:00+00:00,8.4,2590.0,114.0
USGS-09180000,2026-02-27 13:00:00+00:00,8.2,2580.0,114.0
USGS-09180000,2026-02-27 14:00:00+00:00,8.0,2570.0,114.0
USGS-09180000,2026-02-27 15:00:00+00:00,7.85,2560.0,114.0
USGS-09180000,2026-02-27 16:00:00+00:00,7.85,2560.0,116.0
USGS-09180000,2026-02-27 17:00:00+00:00,8.2,2560.0,118.0
USGS-09180000,2026-02-27 18:00:00+00:00,8.75,2575.0,118.0
USGS-09180000,2026-02-27 19:00:00+00:00,9.4,2595.0,120.0
USGS-09180000,2026-02-27 20:00:00+00:00,10.15,2615.0,120.0
USGS-09180000,2026-02-27 21:00:00+00:00,10.75,2640.0,123.0
USGS-09180000,2026-02-27 22:00:00+00:00,11.15,2665.0,123.0
USGS-09180000,2026-02-27 23:00:00+00:00,11.15,2695.0,125.0
USGS-09180000,2026-02-28 00:00:00+00:00,10.75,2710.0,128.0
USGS-09180000,2026-02-28 01:00:00+00:00,10.25,2705.0,131.0
USGS-09180000,2026-02-28 02:00:00+00:00,9.95,2665.0,132.0
USGS-09180000,2026-02-28 03:00:00+00:00,10.0,2615.0,135.0
USGS-09180000,2026-02-28 04:00:00+00:00,9.95,2575.0,135.0
USGS-09180000,2026-02-28 05:00:00+00:00,9.85,2530.0,133.5
USGS-09180000,2026-02-28 06:00:00+00:00,9.55,2500.0,132.0
USGS-09180000,2026-02-28 07:00:00+00:00,9.2,2475.0,131.0
USGS-09180000,2026-02-28 08:00:00+00:00,8.95,2450.0,130.0
USGS-09180000,2026-02-28 09:00:00+00:00,8.8,2425.0,130.0
USGS-09180000,2026-02-28 10:00:00+00:00,8.6,2395.0,128.0
USGS-09180000,2026-02-28 11:00:00+00:00,8.4,2355.0,128.0
USGS-09180000,2026-02-28 12:00:00+00:00,8.2,2315.0,130.0
USGS-09180000,2026-02-28 13:00:00+00:00,7.9,2270.0,130.0
USGS-09180000,2026-02-28 14:00:00+00:00,7.6,2240.0,130.0
USGS-09180000,2026-02-28 15:00:00+00:00,7.4,2215.0,130.0
USGS-09180000,2026-02-28 16:00:00+00:00,7.45,2195.0,130.0
USGS-09180000,2026-02-28 17:00:00+00:00,8.0,2165.0,130.0
USGS-09180000,2026-02-28 18:00:00+00:00,8.7,2115.0,128.0
USGS-09180000,2026-02-28 19:00:00+00:00,9.55,2065.0,130.0
USGS-09180000,2026-02-28 20:00:00+00:00,10.3,2035.0,130.0
USGS-09180000,2026-02-28 21:00:00+00:00,10.85,2020.0,130.0
USGS-09180000,2026-02-28 22:00:00+00:00,10.9,2020.0,132.0
USGS-09180000,2026-02-28 23:00:00+00:00,10.65,2020.0,130.0
USGS-09180000,2026-03-01 00:00:00+00:00,10.25,2030.0,130.0
USGS-09180000,2026-03-01 01:00:00+00:00,9.95,2050.0,130.0
USGS-09180000,2026-03-01 02:00:00+00:00,9.95,2075.0,130.0
USGS-09180000,2026-03-01 03:00:00+00:00,10.1,2105.0,131.0
USGS-09180000,2026-03-01 04:00:00+00:00,10.1,2135.0,132.0
USGS-09180000,2026-03-01 05:00:00+00:00,10.1,2170.0,132.0
USGS-09180000,2026-03-01 06:00:00+00:00,9.95,2195.0,130.0
USGS-09180000,2026-03-01 07:00:00+00:00,9.75,2220.0,130.0
USGS-09180000,2026-03-01 08:00:00+00:00,9.6,2245.0,130.0
USGS-09180000,2026-03-01 09:00:00+00:00,9.6,2260.0,130.0
USGS-09180000,2026-03-01 10:00:00+00:00,9.5,2275.0,130.0
USGS-09180000,2026-03-01 11:00:00+00:00,9.4,2285.0,130.0
USGS-09180000,2026-03-01 12:00:00+00:00,9.2,2300.0,130.0
USGS-09180000,2026-03-01 13:00:00+00:00,8.95,2310.0,132.0
USGS-09180000,2026-03-01 14:00:00+00:00,8.7,2315.0,132.0
USGS-09180000,2026-03-01 15:00:00+00:00,8.6,2325.0,133.5
USGS-09180000,2026-03-01 16:00:00+00:00,8.649999999999999,2330.0,135.0
USGS-09180000,2026-03-01 17:00:00+00:00,8.850000000000001,2340.0,135.0
USGS-09180000,2026-03-01 18:00:00+00:00,9.25,2350.0,135.0
USGS-09180000,2026-03-01 19:00:00+00:00,9.8,2365.0,135.0
USGS-09180000,2026-03-01 20:00:00+00:00,10.35,2395.0,132.0
USGS-09180000,2026-03-01 21:00:00+00:00,11.0,2420.0,132.0
USGS-09180000,2026-03-01 22:00:00+00:00,11.45,2450.0,132.0
USGS-09180000,2026-03-01 23:00:00+00:00,11.6,2475.0,131.0
USGS-09180000,2026-03-02 00:00:00+00:00,11.55,2500.0,130.0
USGS-09180000,2026-03-02 01:00:00+00:00,11.25,2525.0,130.0
USGS-09180000,2026-03-02 02:00:00+00:00,10.95,2550.0,129.0
USGS-09180000,2026-03-02 03:00:00+00:00,10.65,2575.0,128.0
USGS-09180000,2026-03-02 04:00:00+00:00,10.5,2605.0,128.0
USGS-09180000,2026-03-02 05:00:00+00:00,10.4,2630.0,128.0
USGS-09180000,2026-03-02 06:00:00+00:00,10.2,2650.0,129.0
USGS-09180000,2026-03-02 07:00:00+00:00,9.95,2660.0,130.0
USGS-09180000,2026-03-02 08:00:00+00:00,9.8,2650.0,130.0
USGS-09180000,2026-03-02 09:00:00+00:00,9.7,2630.0,130.0
USGS-09180000,2026-03-02 10:00:00+00:00,9.6,2595.0,130.0
USGS-09180000,2026-03-02 11:00:00+00:00,9.55,2555.0,132.0
USGS-09180000,2026-03-02 12:00:00+00:00,9.4,2525.0,133.5
USGS-09180000,2026-03-02 13:00:00+00:00,9.3,2500.0,136.0
USGS-09180000,2026-03-02 14:00:00+00:00,9.1,2490.0,140.0
USGS-09180000,2026-03-02 15:00:00+00:00,9.0,2495.0,140.0
USGS-09180000,2026-03-02 16:00:00+00:00,9.1,2500.0,140.0
USGS-09180000,2026-03-02 17:00:00+00:00,9.3,2510.0,140.0
USGS-09180000,2026-03-02 18:00:00+00:00,9.75,2530.0,140.0
USGS-09180000,2026-03-02 19:00:00+00:00,10.2,2540.0,140.0
USGS-09180000,2026-03-02 20:00:00+00:00,10.7,2555.0,138.5
USGS-09180000,2026-03-02 21:00:00+00:00,11.3,2560.0,137.0
USGS-09180000,2026-03-02 22:00:00+00:00,11.85,2560.0,136.0
USGS-09180000,2026-03-02 23:00:00+00:00,12.1,2540.0,135.0
USGS-09180000,2026-03-03 00:00:00+00:00,11.95,2520.0,135.0
USGS-09180000,2026-03-03 01:00:00+00:00,11.5,2485.0,132.0
USGS-09180000,2026-03-03 02:00:00+00:00,11.2,2445.0,132.0
USGS-09180000,2026-03-03 03:00:00+00:00,11.05,2390.0,132.0
USGS-09180000,2026-03-03 04:00:00+00:00,10.9,2335.0,132.0
USGS-09180000,2026-03-03 05:00:00+00:00,10.7,2270.0,132.0
USGS-09180000,2026-03-03 06:00:00+00:00,10.55,2210.0,132.0
USGS-09180000,2026-03-03 07:00:00+00:00,10.3,2155.0,132.0
USGS-09180000,2026-03-03 08:00:00+00:00,10.1,2105.0,132.0
USGS-09180000,2026-03-03 09:00:00+00:00,10.1,2055.0,132.0
USGS-09180000,2026-03-03 10:00:00+00:00,10.0,2025.0,135.0
USGS-09180000,2026-03-03 11:00:00+00:00,9.9,2010.0,137.0
USGS-09180000,2026-03-03 12:00:00+00:00,9.7,2010.0,140.0
USGS-09180000,2026-03-03 13:00:00+00:00,9.45,2025.0,143.0
USGS-09180000,2026-03-03 14:00:00+00:00,9.2,2045.0,143.0
USGS-09180000,2026-03-03 15:00:00+00:00,9.0,2075.0,145.0
USGS-09180000,2026-03-03 16:00:00+00:00,9.15,2100.0,145.0
USGS-09180000,2026-03-03 17:00:00+00:00,9.55,2125.0,145.0
USGS-09180000,2026-03-03 18:00:00+00:00,10.3,2155.0,145.0
USGS-09180000,2026-03-03 19:00:00+00:00,11.0,2195.0,145.0
USGS-09180000,2026-03-03 20:00:00+00:00,11.7,2235.0,145.0
USGS-09180000,2026-03-03 21:00:00+00:00,12.35,2275.0,145.0
USGS-09180000,2026-03-03 22:00:00+00:00,12.75,2290.0,144.0
USGS-09180000,2026-03-03 23:00:00+00:00,12.55,2290.0,143.0
USGS-09180000,2026-03-04 00:00:00+00:00,12.2,2280.0,143.0
USGS-09180000,2026-03-04 01:00:00+00:00,11.75,2245.0,143.0
USGS-09180000,2026-03-04 02:00:00+00:00,11.45,2205.0,143.0
USGS-09180000,2026-03-04 03:00:00+00:00,11.15,2160.0,143.0
USGS-09180000,2026-03-04 04:00:00+00:00,10.85,2105.0,140.0
USGS-09180000,2026-03-04 05:00:00+00:00,10.55,2055.0,140.0
USGS-09180000,2026-03-04 06:00:00+00:00,10.15,2025.0,140.0
USGS-09180000,2026-03-04 07:00:00+00:00,9.9,2000.0,143.0
USGS-09180000,2026-03-04 08:00:00+00:00,9.8,1990.0,144.0
USGS-09180000,2026-03-04 09:00:00+00:00,9.75,1990.0,148.0
USGS-09180000,2026-03-04 10:00:00+00:00,9.6,1995.0,151.5
USGS-09180000,2026-03-04 11:00:00+00:00,9.45,2010.0,157.5
USGS-09180000,2026-03-04 12:00:00+00:00,9.25,2025.0,159.0
USGS-09180000,2026-03-04 13:00:00+00:00,9.0,2040.0,161.0
USGS-09180000,2026-03-04 14:00:00+00:00,8.7,2050.0,161.0
USGS-09180000,2026-03-04 15:00:00+00:00,8.55,2055.0,161.0
USGS-09180000,2026-03-04 16:00:00+00:00,8.649999999999999,2070.0,161.0
USGS-09180000,2026-03-04 17:00:00+00:00,9.2,2090.0,161.0
USGS-09180000,2026-03-04 18:00:00+00:00,9.9,2115.0,161.0
USGS-09180000,2026-03-04 19:00:00+00:00,10.7,2130.0,159.0
USGS-09180000,2026-03-04 20:00:00+00:00,11.5,2150.0,159.0
USGS-09180000,2026-03-04 21:00:00+00:00,12.05,2165.0,159.0
USGS-09180000,2026-03-04 22:00:00+00:00,12.3,2180.0,156.0
USGS-09180000,2026-03-04 23:00:00+00:00,12.2,2180.0,156.0
USGS-09180000,2026-03-05 00:00:00+00:00,11.85,2180.0,156.0
USGS-09180000,2026-03-05 01:00:00+00:00,11.7,2180.0,156.0
USGS-09180000,2026-03-05 02:00:00+00:00,11.65,2180.0,153.0
USGS-09180000,2026-03-05 03:00:00+00:00,11.5,2190.0,153.0
USGS-09180000,2026-03-05 04:00:00+00:00,11.4,2200.0,154.5
USGS-09180000,2026-03-05 05:00:00+00:00,11.3,2200.0,156.0
USGS-09180000,2026-03-05 06:00:00+00:00,10.95,2200.0,156.0
USGS-09180000,2026-03-05 07:00:00+00:00,10.75,2195.0,159.0
USGS-09180000,2026-03-05 08:00:00+00:00,10.7,2185.0,160.0
USGS-09180000,2026-03-05 09:00:00+00:00,10.5,2170.0,161.0
USGS-09180000,2026-03-05 10:00:00+00:00,10.2,2150.0,164.0
USGS-09180000,2026-03-05 11:00:00+00:00,9.9,2135.0,164.0
USGS-09180000,2026-03-05 12:00:00+00:00,9.6,2125.0,164.0
USGS-09180000,2026-03-05 13:00:00+00:00,9.35,2120.0,164.0
USGS-09180000,2026-03-05 14:00:00+00:00,9.0,2115.0,164.0
USGS-09180000,2026-03-05 15:00:00+00:00,8.95,2100.0,162.5
USGS-09180000,2026-03-05 16:00:00+00:00,9.05,2085.0,161.0
USGS-09180000,2026-03-05 17:00:00+00:00,9.25,2060.0,161.0
USGS-09180000,2026-03-05 18:00:00+00:00,9.75,2035.0,161.0
USGS-09180000,2026-03-05 19:00:00+00:00,10.25,2020.0,159.0
USGS-09180000,2026-03-05 20:00:00+00:00,10.45,2010.0,156.0
USGS-09180000,2026-03-05 21:00:00+00:00,10.8,2010.0,154.5
USGS-09180000,2026-03-05 22:00:00+00:00,10.95,2010.0,153.0
USGS-09180000,2026-03-05 23:00:00+00:00,10.65,2020.0,153.0
USGS-09180000,2026-03-06 00:00:00+00:00,10.25,2020.0,150.0
USGS-09180000,2026-03-06 01:00:00+00:00,10.0,2030.0,149.0
USGS-09180000,2026-03-06 02:00:00+00:00,9.8,2040.0,148.0
USGS-09180000,2026-03-06 03:00:00+00:00,9.7,2050.0,145.0
USGS-09180000,2026-03-06 04:00:00+00:00,9.55,2060.0,145.0
USGS-09180000,2026-03-06 05:00:00+00:00,9.35,2070.0,145.0
USGS-09180000,2026-03-06 06:00:00+00:00,9.0,2070.0,145.0
USGS-09180000,2026-03-06 07:00:00+00:00,8.75,2070.0,145.0
USGS-09180000,2026-03-06 08:00:00+00:00,8.6,2070.0,145.0
USGS-09180000,2026-03-06 09:00:00+00:00,8.5,2060.0,145.0
USGS-09180000,2026-03-06 10:00:00+00:00,8.3,2050.0,148.0
USGS-09180000,2026-03-06 11:00:00+00:00,8.1,2035.0,148.0
USGS-09180000,2026-03-06 12:00:00+00:00,7.95,2020.0,148.0
USGS-09180000,2026-03-06 13:00:00+00:00,7.75,2010.0,148.0
USGS-09180000,2026-03-06 14:00:00+00:00,7.6,1985.0,148.0
USGS-09180000,2026-03-06 15:00:00+00:00,7.4,1965.0,148.0
USGS-09180000,2026-03-06 16:00:00+00:00,7.4,1930.0,148.0
USGS-09180000,2026-03-06 17:00:00+00:00,7.75,1895.0,148.0
USGS-09180000,2026-03-06 18:00:00+00:00,7.85,1870.0,148.0
USGS-09180000,2026-03-06 19:00:00+00:00,8.1,1850.0,148.0
USGS-09180000,2026-03-06 20:00:00+00:00,8.149999999999999,1835.0,145.0
USGS-09180000,2026-03-06 21:00:00+00:00,8.3,1830.0,145.0
USGS-09180000,2026-03-06 22:00:00+00:00,8.45,1830.0,145.0
USGS-09180000,2026-03-06 23:00:00+00:00,8.7,1830.0,143.0
USGS-09180000,2026-03-07 00:00:00+00:00,8.8,1840.0,143.0
USGS-09180000,2026-03-07 01:00:00+00:00,8.55,1850.0,140.0
USGS-09180000,2026-03-07 02:00:00+00:00,8.25,1860.0,140.0
USGS-09180000,2026-03-07 03:00:00+00:00,8.0,1880.0,140.0
USGS-09180000,2026-03-07 04:00:00+00:00,7.9,1900.0,140.0
USGS-09180000,2026-03-07 05:00:00+00:00,7.7,1915.0,140.0
USGS-09180000,2026-03-07 06:00:00+00:00,7.45,1930.0,140.0
USGS-09180000,2026-03-07 07:00:00+00:00,7.25,1945.0,143.0
USGS-09180000,2026-03-07 08:00:00+00:00,7.1,1960.0,145.0
USGS-09180000,2026-03-07 09:00:00+00:00,7.0,1970.0,146.5
USGS-09180000,2026-03-07 10:00:00+00:00,6.8,1970.0,148.0
USGS-09180000,2026-03-07 11:00:00+00:00,6.65,1970.0,150.0
USGS-09180000,2026-03-07 12:00:00+00:00,6.55,1965.0,150.0
USGS-09180000,2026-03-07 13:00:00+00:00,6.4,1950.0,150.0
USGS-09180000,2026-03-07 14:00:00+00:00,6.2,1930.0,153.0
USGS-09180000,2026-03-07 15:00:00+00:00,6.1,1905.0,153.0
USGS-09180000,2026-03-07 16:00:00+00:00,6.25,1875.0,153.0
USGS-09180000,2026-03-07 17:00:00+00:00,6.9,1845.0,153.0
USGS-09180000,2026-03-07 18:00:00+00:00,7.699999999999999,1815.0,153.0
USGS-09180000,2026-03-07 19:00:00+00:00,8.5,1785.0,154.5
USGS-09180000,2026-03-07 20:00:00+00:00,9.3,1765.0,153.0
USGS-09180000,2026-03-07 21:00:00+00:00,9.95,1750.0,153.0
USGS-09180000,2026-03-07 22:00:00+00:00,10.2,1750.0,153.0
USGS-09180000,2026-03-07 23:00:00+00:00,10.15,1750.0,151.5
USGS-09180000,2026-03-08 00:00:00+00:00,9.85,1750.0,150.0
USGS-09180000,2026-03-08 01:00:00+00:00,9.6,1765.0,150.0
USGS-09180000,2026-03-08 02:00:00+00:00,9.6,1770.0,150.0
USGS-09180000,2026-03-08 03:00:00+00:00,9.6,1780.0,149.0
USGS-09180000,2026-03-08 04:00:00+00:00,9.5,1795.0,148.0
USGS-09180000,2026-03-08 05:00:00+00:00,9.35,1810.0,150.0
USGS-09180000,2026-03-08 06:00:00+00:00,8.95,1820.0,150.0
USGS-09180000,2026-03-08 07:00:00+00:00,8.55,1835.0,150.0
USGS-09180000,2026-03-08 08:00:00+00:00,8.4,1850.0,150.0
USGS-09180000,2026-03-08 09:00:00+00:00,8.3,1865.0,153.0
USGS-09180000,2026-03-08 10:00:00+00:00,8.149999999999999,1880.0,153.0
USGS-09180000,2026-03-08 11:00:00+00:00,7.9,1895.0,154.5
USGS-09180000,2026-03-08 12:00:00+00:00,7.6,1905.0,156.0
USGS-09180000,2026-03-08 13:00:00+00:00,7.25,1910.0,156.0
USGS-09180000,2026-03-08 14:00:00+00:00,6.9,1910.0,156.0
USGS-09180000,2026-03-08 15:00:00+00:00,6.7,1895.0,156.0
USGS-09180000,2026-03-08 16:00:00+00:00,6.9,1880.0,156.0
USGS-09180000,2026-03-08 17:00:00+00:00,7.6,1860.0,156.0
USGS-09180000,2026-03-08 18:00:00+00:00,8.4,1840.0,156.0
USGS-09180000,2026-03-08 19:00:00+00:00,9.2,1825.0,156.0
USGS-09180000,2026-03-08 20:00:00+00:00,10.0,1815.0,156.0
USGS-09180000,2026-03-08 21:00:00+00:00,10.55,1810.0,156.0
USGS-09180000,2026-03-08 22:00:00+00:00,10.9,1815.0,156.0
USGS-09180000,2026-03-08 23:00:00+00:00,10.85,1820.0,153.0
USGS-09180000,2026-03-09 00:00:00+00:00,10.55,1835.0,153.0
USGS-09180000,2026-03-09 01:00:00+00:00,10.4,1850.0,150.0
USGS-09180000,2026-03-09 02:00:00+00:00,10.4,1865.0,149.0
USGS-09180000,2026-03-09 03:00:00+00:00,10.2,1880.0,148.0
USGS-09180000,2026-03-09 04:00:00+00:00,10.05,1905.0,146.5
USGS-09180000,2026-03-09 05:00:00+00:00,9.95,1925.0,145.0
USGS-09180000,2026-03-09 06:00:00+00:00,9.55,1955.0,143.0
USGS-09180000,2026-03-09 07:00:00+00:00,9.2,1985.0,143.0
USGS-09180000,2026-03-09 08:00:00+00:00,9.0,2015.0,143.0
USGS-09180000,2026-03-09 09:00:00+00:00,8.9,2045.0,140.0
USGS-09180000,2026-03-09 10:00:00+00:00,8.8,2065.0,140.0
USGS-09180000,2026-03-09 11:00:00+00:00,8.6,2085.0,140.0
USGS-09180000,2026-03-09 12:00:00+00:00,8.350000000000001,2090.0,137.0
USGS-09180000,2026-03-09 13:00:00+00:00,7.95,2090.0,138.5
USGS-09180000,2026-03-09 14:00:00+00:00,7.65,2080.0,137.0
USGS-09180000,2026-03-09 15:00:00+00:00,7.4,2055.0,137.0
USGS-09180000,2026-03-09 16:00:00+00:00,7.45,2035.0,137.0
USGS-09180000,2026-03-09 17:00:00+00:00,8.1,2005.0,137.0
USGS-09180000,2026-03-09 18:00:00+00:00,9.0,1980.0,135.0
USGS-09180000,2026-03-09 19:00:00+00:00,9.95,1960.0,135.0
USGS-09180000,2026-03-09 20:00:00+00:00,10.8,1950.0,133.5
USGS-09180000,2026-03-09 21:00:00+00:00,11.6,1940.0,132.0
USGS-09180000,2026-03-09 22:00:00+00:00,12.15,1940.0,132.0
USGS-09180000,2026-03-09 23:00:00+00:00,12.25,1940.0,130.0
USGS-09180000,2026-03-10 00:00:00+00:00,11.95,1940.0,130.0
USGS-09180000,2026-03-10 01:00:00+00:00,11.45,1950.0,128.0
USGS-09180000,2026-03-10 02:00:00+00:00,11.15,1955.0,126.5
USGS-09180000,2026-03-10 03:00:00+00:00,11.1,1960.0,125.0
USGS-09180000,2026-03-10 04:00:00+00:00,11.1,1960.0,125.0
USGS-09180000,2026-03-10 05:00:00+00:00,11.0,1960.0,123.0
USGS-09180000,2026-03-10 06:00:00+00:00,10.95,1970.0,123.0
USGS-09180000,2026-03-10 07:00:00+00:00,10.65,1975.0,123.0
USGS-09180000,2026-03-10 08:00:00+00:00,10.35,1985.0,123.0
USGS-09180000,2026-03-10 09:00:00+00:00,10.2,1995.0,123.0
USGS-09180000,2026-03-10 10:00:00+00:00,10.1,2010.0,126.5
USGS-09180000,2026-03-10 11:00:00+00:00,9.95,2025.0,130.0
USGS-09180000,2026-03-10 12:00:00+00:00,9.7,2040.0,132.0
USGS-09180000,2026-03-10 13:00:00+00:00,9.45,2050.0,135.0
USGS-09180000,2026-03-10 14:00:00+00:00,9.25,2060.0,135.0
USGS-09180000,2026-03-10 15:00:00+00:00,9.1,2060.0,135.0
USGS-09180000,2026-03-10 16:00:00+00:00,9.25,2045.0,135.0
USGS-09180000,2026-03-10 17:00:00+00:00,9.65,2035.0,135.0
USGS-09180000,2026-03-10 18:00:00+00:00,10.4,2015.0,135.0
USGS-09180000,2026-03-10 19:00:00+00:00,11.2,1990.0,132.0
USGS-09180000,2026-03-10 20:00:00+00:00,11.95,1970.0,132.0
USGS-09180000,2026-03-10 21:00:00+00:00,12.7,1945.0,130.0
USGS-09180000,2026-03-10 22:00:00+00:00,13.25,1925.0,128.0
USGS-09180000,2026-03-10 23:00:00+00:00,13.5,1905.0,128.0
USGS-09180000,2026-03-11 00:00:00+00:00,13.2,1895.0,125.0
USGS-09180000,2026-03-11 01:00:00+00:00,12.75,1890.0,125.0
USGS-09180000,2026-03-11 02:00:00+00:00,12.3,1880.0,123.0
USGS-09180000,2026-03-11 03:00:00+00:00,12.15,1880.0,123.0
USGS-09180000,2026-03-11 04:00:00+00:00,12.1,1890.0,121.5
USGS-09180000,2026-03-11 05:00:00+00:00,12.0,1900.0,123.0
USGS-09180000,2026-03-11 06:00:00+00:00,11.9,1910.0,120.0
USGS-09180000,2026-03-11 07:00:00+00:00,11.55,1920.0,121.5
USGS-09180000,2026-03-11 08:00:00+00:00,11.15,1920.0,123.0
USGS-09180000,2026-03-11 09:00:00+00:00,10.8,1930.0,128.0
USGS-09180000,2026-03-11 10:00:00+00:00,10.6,1930.0,130.0
USGS-09180000,2026-03-11 11:00:00+00:00,10.35,1940.0,132.0
USGS-09180000,2026-03-11 12:00:00+00:00,10.05,1940.0,133.5
USGS-09180000,2026-03-11 13:00:00+00:00,9.75,1950.0,135.0
USGS-09180000,2026-03-11 14:00:00+00:00,9.5,1950.0,135.0
USGS-09180000,2026-03-11 15:00:00+00:00,9.3,1960.0,135.0
USGS-09180000,2026-03-11 16:00:00+00:00,9.4,1960.0,135.0
USGS-09180000,2026-03-11 17:00:00+00:00,9.9,1960.0,135.0
USGS-09180000,2026-03-11 18:00:00+00:00,10.6,1960.0,135.0
USGS-09180000,2026-03-11 19:00:00+00:00,11.4,1960.0,135.0
USGS-09180000,2026-03-11 20:00:00+00:00,12.15,1965.0,135.0
USGS-09180000,2026-03-11 21:00:00+00:00,12.85,1970.0,132.0
USGS-09180000,2026-03-11 22:00:00+00:00,13.2,1970.0,132.0
USGS-09180000,2026-03-11 23:00:00+00:00,13.2,1970.0,131.0
USGS-09180000,2026-03-12 00:00:00+00:00,12.85,1970.0,130.0
USGS-09180000,2026-03-12 01:00:00+00:00,12.3,1970.0,130.0
USGS-09180000,2026-03-12 02:00:00+00:00,12.05,1960.0,128.0
USGS-09180000,2026-03-12 03:00:00+00:00,11.95,1960.0,128.0
USGS-09180000,2026-03-12 04:00:00+00:00,11.8,1960.0,128.0
USGS-09180000,2026-03-12 05:00:00+00:00,11.6,1960.0,128.0
USGS-09180000,2026-03-12 06:00:00+00:00,11.35,1960.0,126.5
USGS-09180000,2026-03-12 07:00:00+00:00,10.85,1960.0,128.0
USGS-09180000,2026-03-12 08:00:00+00:00,10.45,1970.0,128.0
USGS-09180000,2026-03-12 09:00:00+00:00,10.3,1975.0,130.0
USGS-09180000,2026-03-12 10:00:00+00:00,10.15,1985.0,130.0
USGS-09180000,2026-03-12 11:00:00+00:00,9.9,2000.0,132.0
USGS-09180000,2026-03-12 12:00:00+00:00,9.6,2020.0,132.0
USGS-09180000,2026-03-12 13:00:00+00:00,9.25,2045.0,135.0
USGS-09180000,2026-03-12 14:00:00+00:00,8.95,2065.0,135.0
USGS-09180000,2026-03-12 15:00:00+00:00,8.7,2085.0,135.0
USGS-09180000,2026-03-12 16:00:00+00:00,8.75,2110.0,137.0
USGS-09180000,2026-03-12 17:00:00+00:00,9.2,2130.0,137.0
USGS-09180000,2026-03-12 18:00:00+00:00,9.9,2155.0,137.0
USGS-09180000,2026-03-12 19:00:00+00:00,10.75,2180.0,137.0
USGS-09180000,2026-03-12 20:00:00+00:00,11.6,2200.0,137.0
USGS-09180000,2026-03-12 21:00:00+00:00,12.3,2225.0,137.0
USGS-09180000,2026-03-12 22:00:00+00:00,12.65,2250.0,137.0
USGS-09180000,2026-03-12 23:00:00+00:00,12.7,2260.0,136.0
USGS-09180000,2026-03-13 00:00:00+00:00,12.45,2245.0,135.0
USGS-09180000,2026-03-13 01:00:00+00:00,12.05,2215.0,135.0
USGS-09180000,2026-03-13 02:00:00+00:00,11.9,2165.0,135.0
USGS-09180000,2026-03-13 03:00:00+00:00,11.8,2110.0,135.0
USGS-09180000,2026-03-13 04:00:00+00:00,11.65,2065.0,135.0
USGS-09180000,2026-03-13 05:00:00+00:00,11.5,2030.0,135.0
USGS-09180000,2026-03-13 06:00:00+00:00,11.25,2010.0,135.0
USGS-09180000,2026-03-13 07:00:00+00:00,10.95,2000.0,135.0
USGS-09180000,2026-03-13 08:00:00+00:00,10.7,2010.0,137.0
USGS-09180000,2026-03-13 09:00:00+00:00,10.6,2025.0,137.0
USGS-09180000,2026-03-13 10:00:00+00:00,10.45,2045.0,140.0
USGS-09180000,2026-03-13 11:00:00+00:00,10.25,2075.0,140.0
USGS-09180000,2026-03-13 12:00:00+00:00,10.0,2105.0,140.0
USGS-09180000,2026-03-13 13:00:00+00:00,9.75,2145.0,143.0
USGS-09180000,2026-03-13 14:00:00+00:00,9.45,2180.0,143.0
USGS-09180000,2026-03-13 15:00:00+00:00,9.3,2215.0,145.0
USGS-09180000,2026-03-13 16:00:00+00:00,9.5,2245.0,148.0
USGS-09180000,2026-03-13 17:00:00+00:00,10.1,2265.0,150.0
USGS-09180000,2026-03-13 18:00:00+00:00,10.9,2285.0,151.5
USGS-09180000,2026-03-13 19:00:00+00:00,11.75,2300.0,153.0
USGS-09180000,2026-03-13 20:00:00+00:00,12.5,2290.0,153.0
USGS-09180000,2026-03-13 21:00:00+00:00,13.15,2265.0,153.0
USGS-09180000,2026-03-13 22:00:00+00:00,13.4,2215.0,151.5
USGS-09180000,2026-03-13 23:00:00+00:00,13.4,2160.0,150.0
USGS-09180000,2026-03-14 00:00:00+00:00,13.05,2105.0,150.0
USGS-09180000,2026-03-14 01:00:00+00:00,12.9,2065.0,150.0
USGS-09180000,2026-03-14 02:00:00+00:00,12.9,2040.0,148.0
USGS-09180000,2026-03-14 03:00:00+00:00,12.8,2030.0,148.0
USGS-09180000,2026-03-14 04:00:00+00:00,12.65,2020.0,148.0
USGS-09180000,2026-03-14 05:00:00+00:00,12.4,2030.0,146.5
USGS-09180000,2026-03-14 06:00:00+00:00,12.05,2040.0,145.0
USGS-09180000,2026-03-14 07:00:00+00:00,11.65,2050.0,145.0
USGS-09180000,2026-03-14 08:00:00+00:00,11.5,2060.0,145.0
USGS-09180000,2026-03-14 09:00:00+00:00,11.45,2075.0,145.0
USGS-09180000,2026-03-14 10:00:00+00:00,11.25,2100.0,144.0
USGS-09180000,2026-03-14 11:00:00+00:00,11.1,2125.0,143.0
USGS-09180000,2026-03-14 12:00:00+00:00,10.85,2155.0,143.0
USGS-09180000,2026-03-14 13:00:00+00:00,10.45,2180.0,143.0
USGS-09180000,2026-03-14 14:00:00+00:00,10.15,2205.0,143.0
USGS-09180000,2026-03-14 15:00:00+00:00,9.9,2230.0,143.0
USGS-09180000,2026-03-14 16:00:00+00:00,9.9,2240.0,143.0
USGS-09180000,2026-03-14 17:00:00+00:00,10.3,2240.0,143.0
USGS-09180000,2026-03-14 18:00:00+00:00,10.95,2225.0,143.0
USGS-09180000,2026-03-14 19:00:00+00:00,11.8,2195.0,143.0
USGS-09180000,2026-03-14 20:00:00+00:00,12.5,2155.0,143.0
USGS-09180000,2026-03-14 21:00:00+00:00,13.25,2120.0,143.0
USGS-09180000,2026-03-14 22:00:00+00:00,13.4,2085.0,143.0
USGS-09180000,2026-03-14 23:00:00+00:00,13.4,2060.0,141.5
USGS-09180000,2026-03-15 00:00:00+00:00,13.15,2035.0,140.0
USGS-09180000,2026-03-15 01:00:00+00:00,12.8,2020.0,140.0
USGS-09180000,2026-03-15 02:00:00+00:00,12.5,2010.0,140.0
USGS-09180000,2026-03-15 03:00:00+00:00,12.15,2010.0,140.0
USGS-09180000,2026-03-15 04:00:00+00:00,11.9,2010.0,140.0
USGS-09180000,2026-03-15 05:00:00+00:00,11.75,2010.0,140.0
USGS-09180000,2026-03-15 06:00:00+00:00,11.45,2015.0,140.0
USGS-09180000,2026-03-15 07:00:00+00:00,11.25,2025.0,140.0
USGS-09180000,2026-03-15 08:00:00+00:00,11.05,2045.0,140.0
USGS-09180000,2026-03-15 09:00:00+00:00,10.85,2065.0,140.0
USGS-09180000,2026-03-15 10:00:00+00:00,10.55,2080.0,138.5
USGS-09180000,2026-03-15 11:00:00+00:00,10.15,2105.0,140.0
USGS-09180000,2026-03-15 12:00:00+00:00,9.7,2120.0,143.0
USGS-09180000,2026-03-15 13:00:00+00:00,9.25,2130.0,143.0
USGS-09180000,2026-03-15 14:00:00+00:00,8.8,2130.0,143.0
USGS-09180000,2026-03-15 15:00:00+00:00,8.6,2120.0,143.0
USGS-09180000,2026-03-15 16:00:00+00:00,8.55,2105.0,141.5
USGS-09180000,2026-03-15 17:00:00+00:00,9.05,2080.0,140.0
USGS-09180000,2026-03-15 18:00:00+00:00,9.75,2055.0,141.5
USGS-09180000,2026-03-15 19:00:00+00:00,10.4,2025.0,140.0
USGS-09180000,2026-03-15 20:00:00+00:00,11.0,2000.0,143.0
USGS-09180000,2026-03-15 21:00:00+00:00,11.55,1975.0,145.0
USGS-09180000,2026-03-15 22:00:00+00:00,11.7,1945.0,148.0
USGS-09180000,2026-03-15 23:00:00+00:00,11.55,1920.0,148.0
USGS-09180000,2026-03-16 00:00:00+00:00,11.05,1895.0,148.0
USGS-09180000,2026-03-16 01:00:00+00:00,10.75,1865.0,145.0
USGS-09180000,2026-03-16 02:00:00+00:00,10.6,1835.0,145.0
USGS-09180000,2026-03-16 03:00:00+00:00,10.45,1810.0,146.5
USGS-09180000,2026-03-16 04:00:00+00:00,10.15,1790.0,148.0
USGS-09180000,2026-03-16 05:00:00+00:00,9.9,1770.0,148.0
USGS-09180000,2026-03-16 06:00:00+00:00,9.55,1770.0,148.0
USGS-09180000,2026-03-16 07:00:00+00:00,9.3,1760.0,148.0
USGS-09180000,2026-03-16 08:00:00+00:00,9.1,1770.0,148.0
USGS-09180000,2026-03-16 09:00:00+00:00,8.850000000000001,1770.0,148.0
USGS-09180000,2026-03-16 10:00:00+00:00,8.649999999999999,1780.0,148.0
USGS-09180000,2026-03-16 11:00:00+00:00,8.350000000000001,1790.0,148.0
USGS-09180000,2026-03-16 12:00:00+00:00,8.1,1790.0,150.0
USGS-09180000,2026-03-16 13:00:00+00:00,7.9,1790.0,150.0
USGS-09180000,2026-03-16 14:00:00+00:00,7.75,1780.0,153.0
USGS-09180000,2026-03-16 15:00:00+00:00,7.7,1770.0,153.0
USGS-09180000,2026-03-16 16:00:00+00:00,7.95,1760.0,153.0
USGS-09180000,2026-03-16 17:00:00+00:00,8.4,1750.0,154.5
USGS-09180000,2026-03-16 18:00:00+00:00,9.2,1745.0,156.0
USGS-09180000,2026-03-16 19:00:00+00:00,10.1,1730.0,154.5
USGS-09180000,2026-03-16 20:00:00+00:00,10.9,1720.0,156.0
USGS-09180000,2026-03-16 21:00:00+00:00,11.55,1720.0,156.0
USGS-09180000,2026-03-16 22:00:00+00:00,11.9,1720.0,156.0
USGS-09180000,2026-03-16 23:00:00+00:00,12.0,1710.0,156.0
USGS-09180000,2026-03-17 00:00:00+00:00,11.8,1720.0,156.0
USGS-09180000,2026-03-17 01:00:00+00:00,11.6,1725.0,156.0
USGS-09180000,2026-03-17 02:00:00+00:00,11.45,1735.0,156.0
USGS-09180000,2026-03-17 03:00:00+00:00,11.2,1745.0,156.0
USGS-09180000,2026-03-17 04:00:00+00:00,11.0,1750.0,156.0
USGS-09180000,2026-03-17 05:00:00+00:00,10.85,1760.0,156.0
USGS-09180000,2026-03-17 06:00:00+00:00,10.45,1770.0,156.0
USGS-09180000,2026-03-17 07:00:00+00:00,10.2,1775.0,156.0
USGS-09180000,2026-03-17 08:00:00+00:00,10.1,1785.0,156.0
USGS-09180000,2026-03-17 09:00:00+00:00,10.0,1800.0,156.0
USGS-09180000,2026-03-17 10:00:00+00:00,9.85,1820.0,156.0
USGS-09180000,2026-03-17 11:00:00+00:00,9.65,1835.0,156.0
USGS-09180000,2026-03-17 12:00:00+00:00,9.35,1850.0,156.0
USGS-09180000,2026-03-17 13:00:00+00:00,8.95,1850.0,156.0
USGS-09180000,2026-03-17 14:00:00+00:00,8.7,1850.0,156.0
USGS-09180000,2026-03-17 15:00:00+00:00,8.6,1850.0,156.0
USGS-09180000,2026-03-17 16:00:00+00:00,8.95,1840.0,156.0
USGS-09180000,2026-03-17 17:00:00+00:00,9.7,1830.0,156.0
USGS-09180000,2026-03-17 18:00:00+00:00,10.55,1825.0,156.0
USGS-09180000,2026-03-17 19:00:00+00:00,11.55,1820.0,156.0
USGS-09180000,2026-03-17 20:00:00+00:00,12.5,1820.0,156.0
USGS-09180000,2026-03-17 21:00:00+00:00,13.2,1815.0,156.0
USGS-09180000,2026-03-17 22:00:00+00:00,13.55,1805.0,156.0
USGS-09180000,2026-03-17 23:00:00+00:00,13.45,1790.0,156.0
USGS-09180000,2026-03-18 00:00:00+00:00,13.25,1790.0,156.0
USGS-09180000,2026-03-18 01:00:00+00:00,13.3,1790.0,156.0
USGS-09180000,2026-03-18 02:00:00+00:00,13.3,1800.0,156.0
USGS-09180000,2026-03-18 03:00:00+00:00,13.15,1810.0,153.0
USGS-09180000,2026-03-18 04:00:00+00:00,12.9,1820.0,153.0
USGS-09180000,2026-03-18 05:00:00+00:00,12.75,1830.0,153.0
USGS-09180000,2026-03-18 06:00:00+00:00,12.35,1835.0,153.0
USGS-09180000,2026-03-18 07:00:00+00:00,12.1,1845.0,150.0
USGS-09180000,2026-03-18 08:00:00+00:00,12.0,1860.0,150.0
USGS-09180000,2026-03-18 09:00:00+00:00,11.8,1870.0,150.0
USGS-09180000,2026-03-18 10:00:00+00:00,11.55,1885.0,148.0
USGS-09180000,2026-03-18 11:00:00+00:00,11.25,1900.0,148.0
USGS-09180000,2026-03-18 12:00:00+00:00,10.95,1900.0,148.0
USGS-09180000,2026-03-18 13:00:00+00:00,10.55,1900.0,148.0
USGS-09180000,2026-03-18 14:00:00+00:00,10.25,1900.0,148.0
USGS-09180000,2026-03-18 15:00:00+00:00,10.2,1890.0,148.0
USGS-09180000,2026-03-18 16:00:00+00:00,10.5,1870.0,148.0
USGS-09180000,2026-03-18 17:00:00+00:00,11.2,1855.0,148.0
USGS-09180000,2026-03-18 18:00:00+00:00,12.1,1840.0,148.0
USGS-09180000,2026-03-18 19:00:00+00:00,13.1,1820.0,148.0
USGS-09180000,2026-03-18 20:00:00+00:00,14.0,1805.0,148.0
USGS-09180000,2026-03-18 21:00:00+00:00,14.7,1795.0,150.0
USGS-09180000,2026-03-18 22:00:00+00:00,15.05,1785.0,150.0
USGS-09180000,2026-03-18 23:00:00+00:00,15.1,1780.0,149.0
USGS-09180000,2026-03-19 00:00:00+00:00,14.85,1770.0,148.0
USGS-09180000,2026-03-19 01:00:00+00:00,14.65,1770.0,148.0
USGS-09180000,2026-03-19 02:00:00+00:00,14.55,1770.0,145.0
USGS-09180000,2026-03-19 03:00:00+00:00,14.25,1770.0,144.0
USGS-09180000,2026-03-19 04:00:00+00:00,14.0,1780.0,143.0
USGS-09180000,2026-03-19 05:00:00+00:00,13.8,1780.0,143.0
USGS-09180000,2026-03-19 06:00:00+00:00,13.4,1780.0,143.0
USGS-09180000,2026-03-19 07:00:00+00:00,12.95,1790.0,143.0
USGS-09180000,2026-03-19 08:00:00+00:00,12.7,1795.0,144.0
USGS-09180000,2026-03-19 09:00:00+00:00,12.5,1805.0,145.0
USGS-09180000,2026-03-19 10:00:00+00:00,12.35,1815.0,143.0
USGS-09180000,2026-03-19 11:00:00+00:00,12.05,1820.0,143.0
USGS-09180000,2026-03-19 12:00:00+00:00,11.75,1820.0,143.0
USGS-09180000,2026-03-19 13:00:00+00:00,11.4,1820.0,143.0
USGS-09180000,2026-03-19 14:00:00+00:00,11.05,1810.0,143.0
USGS-09180000,2026-03-19 15:00:00+00:00,10.95,1800.0,143.0
USGS-09180000,2026-03-19 16:00:00+00:00,11.2,1790.0,143.0
USGS-09180000,2026-03-19 17:00:00+00:00,11.8,1785.0,143.0
USGS-09180000,2026-03-19 18:00:00+00:00,12.7,1780.0,145.0
USGS-09180000,2026-03-19 19:00:00+00:00,13.7,1780.0,148.0
USGS-09180000,2026-03-19 20:00:00+00:00,14.7,1770.0,148.0
USGS-09180000,2026-03-19 21:00:00+00:00,15.4,1770.0,148.0
USGS-09180000,2026-03-19 22:00:00+00:00,15.75,1760.0,148.0
USGS-09180000,2026-03-19 23:00:00+00:00,15.8,1750.0,148.0
USGS-09180000,2026-03-20 00:00:00+00:00,15.65,1745.0,148.0
USGS-09180000,2026-03-20 01:00:00+00:00,15.5,1735.0,148.0
USGS-09180000,2026-03-20 02:00:00+00:00,15.4,1725.0,148.0
USGS-09180000,2026-03-20 03:00:00+00:00,15.2,1715.0,148.0
USGS-09180000,2026-03-20 04:00:00+00:00,14.95,1705.0,148.0
USGS-09180000,2026-03-20 05:00:00+00:00,14.75,1695.0,145.0
USGS-09180000,2026-03-20 06:00:00+00:00,14.35,1685.0,145.0
USGS-09180000,2026-03-20 07:00:00+00:00,13.95,1680.0,145.0
USGS-09180000,2026-03-20 08:00:00+00:00,13.75,1670.0,145.0
USGS-09180000,2026-03-20 09:00:00+00:00,13.55,1670.0,143.0
USGS-09180000,2026-03-20 10:00:00+00:00,13.35,1660.0,143.0
USGS-09180000,2026-03-20 11:00:00+00:00,13.05,1645.0,143.0
USGS-09180000,2026-03-20 12:00:00+00:00,12.7,1630.0,143.0
USGS-09180000,2026-03-20 13:00:00+00:00,12.3,1630.0,145.0
USGS-09180000,2026-03-20 14:00:00+00:00,12.0,1630.0,145.0
USGS-09180000,2026-03-20 15:00:00+00:00,11.9,1630.0,148.0
USGS-09180000,2026-03-20 16:00:00+00:00,12.25,1630.0,153.0
USGS-09180000,2026-03-20 17:00:00+00:00,12.9,1640.0,159.0
USGS-09180000,2026-03-20 18:00:00+00:00,13.7,1640.0,161.0
USGS-09180000,2026-03-20 19:00:00+00:00,14.65,1650.0,164.0
USGS-09180000,2026-03-20 20:00:00+00:00,15.6,1670.0,161.0
USGS-09180000,2026-03-20 21:00:00+00:00,16.15,1690.0,161.0
USGS-09180000,2026-03-20 22:00:00+00:00,16.55,1710.0,161.0
USGS-09180000,2026-03-20 23:00:00+00:00,16.6,1725.0,159.0
USGS-09180000,2026-03-21 00:00:00+00:00,16.5,1740.0,159.0
USGS-09180000,2026-03-21 01:00:00+00:00,16.5,1750.0,159.0
USGS-09180000,2026-03-21 02:00:00+00:00,16.4,1750.0,156.0
USGS-09180000,2026-03-21 03:00:00+00:00,16.05,1750.0,156.0
USGS-09180000,2026-03-21 04:00:00+00:00,15.75,1750.0,153.0
USGS-09180000,2026-03-21 05:00:00+00:00,15.5,1750.0,153.0
USGS-09180000,2026-03-21 06:00:00+00:00,15.05,1740.0,150.0
USGS-09180000,2026-03-21 07:00:00+00:00,14.7,1715.0,150.0
USGS-09180000,2026-03-21 08:00:00+00:00,14.5,1675.0,150.0
USGS-09180000,2026-03-21 09:00:00+00:00,14.3,1635.0,150.0
USGS-09180000,2026-03-21 10:00:00+00:00,14.05,1620.0,153.0
USGS-09180000,2026-03-21 11:00:00+00:00,13.75,1620.0,153.0
USGS-09180000,2026-03-21 12:00:00+00:00,13.25,1630.0,156.0
USGS-09180000,2026-03-21 13:00:00+00:00,12.75,1655.0,159.0
USGS-09180000,2026-03-21 14:00:00+00:00,12.45,1685.0,160.0
USGS-09180000,2026-03-21 15:00:00+00:00,12.3,1705.0,162.5
USGS-09180000,2026-03-21 16:00:00+00:00,12.6,1730.0,167.0
USGS-09180000,2026-03-21 17:00:00+00:00,13.3,1740.0,170.0
USGS-09180000,2026-03-21 18:00:00+00:00,14.15,1750.0,170.0
USGS-09180000,2026-03-21 19:00:00+00:00,15.0,1740.0,173.0
USGS-09180000,2026-03-21 20:00:00+00:00,15.8,1715.0,173.0
USGS-09180000,2026-03-21 21:00:00+00:00,16.25,1680.0,170.0
USGS-09180000,2026-03-21 22:00:00+00:00,16.4,1650.0,170.0
USGS-09180000,2026-03-21 23:00:00+00:00,16.2,1630.0,167.0
USGS-09180000,2026-03-22 00:00:00+00:00,16.2,1620.0,167.0
USGS-09180000,2026-03-22 01:00:00+00:00,16.4,1610.0,167.0
USGS-09180000,2026-03-22 02:00:00+00:00,16.4,1600.0,167.0
USGS-09180000,2026-03-22 03:00:00+00:00,16.2,1590.0,167.0
USGS-09180000,2026-03-22 04:00:00+00:00,16.0,1585.0,167.0
USGS-09180000,2026-03-22 05:00:00+00:00,15.75,1580.0,167.0
USGS-09180000,2026-03-22 06:00:00+00:00,15.55,1565.0,165.5
USGS-09180000,2026-03-22 07:00:00+00:00,15.4,1550.0,167.0
USGS-09180000,2026-03-22 08:00:00+00:00,15.2,1540.0,167.0
USGS-09180000,2026-03-22 09:00:00+00:00,14.95,1540.0,170.0
USGS-09180000,2026-03-22 10:00:00+00:00,14.75,1550.0,170.0
USGS-09180000,2026-03-22 11:00:00+00:00,14.45,1570.0,173.0
USGS-09180000,2026-03-22 12:00:00+00:00,14.05,1605.0,173.0
USGS-09180000,2026-03-22 13:00:00+00:00,13.75,1650.0,176.0
USGS-09180000,2026-03-22 14:00:00+00:00,13.5,1705.0,176.0
USGS-09180000,2026-03-22 15:00:00+00:00,13.5,1770.0,178.0
USGS-09180000,2026-03-22 16:00:00+00:00,13.9,1840.0,181.0
USGS-09180000,2026-03-22 17:00:00+00:00,14.5,1905.0,181.0
USGS-09180000,2026-03-22 18:00:00+00:00,15.3,1955.0,184.0
USGS-09180000,2026-03-22 19:00:00+00:00,16.1,1995.0,184.0
USGS-09180000,2026-03-22 20:00:00+00:00,16.85,2015.0,184.0
USGS-09180000,2026-03-22 21:00:00+00:00,17.35,2020.0,181.0
USGS-09180000,2026-03-22 22:00:00+00:00,17.6,2005.0,181.0
USGS-09180000,2026-03-22 23:00:00+00:00,17.7,1985.0,181.0
USGS-09180000,2026-03-23 00:00:00+00:00,17.8,1965.0,181.0
USGS-09180000,2026-03-23 01:00:00+00:00,17.7,1935.0,181.0
USGS-09180000,2026-03-23 02:00:00+00:00,17.45,1905.0,181.0
USGS-09180000,2026-03-23 03:00:00+00:00,17.15,1880.0,181.0
USGS-09180000,2026-03-23 04:00:00+00:00,17.0,1855.0,181.0
USGS-09180000,2026-03-23 05:00:00+00:00,16.65,1830.0,184.0
USGS-09180000,2026-03-23 06:00:00+00:00,16.2,1800.0,185.5
USGS-09180000,2026-03-23 07:00:00+00:00,16.0,1785.0,188.5
USGS-09180000,2026-03-23 08:00:00+00:00,15.75,1790.0,190.0
USGS-09180000,2026-03-23 09:00:00+00:00,15.5,1800.0,194.0
USGS-09180000,2026-03-23 10:00:00+00:00,15.25,1820.0,194.0
USGS-09180000,2026-03-23 11:00:00+00:00,14.85,1840.0,194.0
USGS-09180000,2026-03-23 12:00:00+00:00,14.45,1860.0,194.0
USGS-09180000,2026-03-23 13:00:00+00:00,14.1,1870.0,194.0
USGS-09180000,2026-03-23 14:00:00+00:00,13.85,1870.0,197.0
USGS-09180000,2026-03-23 15:00:00+00:00,13.7,1865.0,197.0
USGS-09180000,2026-03-23 16:00:00+00:00,13.75,1855.0,197.0
USGS-09180000,2026-03-23 17:00:00+00:00,13.95,1840.0,200.0
USGS-09180000,2026-03-23 18:00:00+00:00,14.35,1830.0,201.5
USGS-09180000,2026-03-23 19:00:00+00:00,14.75,1825.0,203.0
USGS-09180000,2026-03-23 20:00:00+00:00,14.85,1820.0,203.0
USGS-09180000,2026-03-23 21:00:00+00:00,15.0,1810.0,203.0
USGS-09180000,2026-03-23 22:00:00+00:00,15.1,1800.0,203.0
USGS-09180000,2026-03-23 23:00:00+00:00,15.3,1790.0,203.0
USGS-09180000,2026-03-24 00:00:00+00:00,15.4,1775.0,206.0
USGS-09180000,2026-03-24 01:00:00+00:00,15.2,1760.0,206.0
USGS-09180000,2026-03-24 02:00:00+00:00,15.0,1760.0,209.0
USGS-09180000,2026-03-24 03:00:00+00:00,14.9,1755.0,213.0
USGS-09180000,2026-03-24 04:00:00+00:00,14.8,1760.0,216.0
USGS-09180000,2026-03-24 05:00:00+00:00,14.65,1760.0,216.0
USGS-09180000,2026-03-24 06:00:00+00:00,14.55,1750.0,216.0
USGS-09180000,2026-03-24 07:00:00+00:00,14.4,1745.0,216.0
USGS-09180000,2026-03-24 08:00:00+00:00,14.25,1740.0,219.0
USGS-09180000,2026-03-24 09:00:00+00:00,14.05,1730.0,219.0
USGS-09180000,2026-03-24 10:00:00+00:00,13.9,1730.0,219.0
USGS-09180000,2026-03-24 11:00:00+00:00,13.7,1740.0,219.0
USGS-09180000,2026-03-24 12:00:00+00:00,13.5,1750.0,221.0
USGS-09180000,2026-03-24 13:00:00+00:00,13.25,1755.0,223.0
USGS-09180000,2026-03-24 14:00:00+00:00,13.1,1760.0,223.0
USGS-09180000,2026-03-24 15:00:00+00:00,13.2,1760.0,226.0
USGS-09180000,2026-03-24 16:00:00+00:00,13.65,1770.0,226.0
USGS-09180000,2026-03-24 17:00:00+00:00,14.2,1770.0,226.0
USGS-09180000,2026-03-24 18:00:00+00:00,14.9,1770.0,226.0
USGS-09180000,2026-03-24 19:00:00+00:00,15.6,1770.0,227.5
USGS-09180000,2026-03-24 20:00:00+00:00,16.15,1775.0,229.0
USGS-09180000,2026-03-24 21:00:00+00:00,16.65,1780.0,229.0
USGS-09180000,2026-03-24 22:00:00+00:00,16.95,1780.0,229.0
USGS-09180000,2026-03-24 23:00:00+00:00,17.55,1780.0,229.0
USGS-09180000,2026-03-25 00:00:00+00:00,17.85,1790.0,233.0
USGS-09180000,2026-03-25 01:00:00+00:00,17.8,1825.0,233.0
USGS-09180000,2026-03-25 02:00:00+00:00,17.6,1880.0,234.5
USGS-09180000,2026-03-25 03:00:00+00:00,17.6,1945.0,236.0
USGS-09180000,2026-03-25 04:00:00+00:00,17.25,1995.0,236.0
USGS-09180000,2026-03-25 05:00:00+00:00,16.9,2020.0,236.0
USGS-09180000,2026-03-25 06:00:00+00:00,16.8,2030.0,240.0
USGS-09180000,2026-03-25 07:00:00+00:00,16.65,2020.0,236.0
USGS-09180000,2026-03-25 08:00:00+00:00,16.45,2020.0,238.0
USGS-09180000,2026-03-25 09:00:00+00:00,16.2,2010.0,236.0
USGS-09180000,2026-03-25 10:00:00+00:00,15.9,2000.0,236.0
USGS-09180000,2026-03-25 11:00:00+00:00,15.55,2000.0,240.0
USGS-09180000,2026-03-25 12:00:00+00:00,15.25,1975.0,240.0
USGS-09180000,2026-03-25 13:00:00+00:00,14.95,1930.0,240.0
USGS-09180000,2026-03-25 14:00:00+00:00,14.75,1845.0,240.0
USGS-09180000,2026-03-25 15:00:00+00:00,14.7,1735.0,240.0
USGS-09180000,2026-03-25 16:00:00+00:00,15.05,1620.0,240.0
USGS-09180000,2026-03-25 17:00:00+00:00,15.5,1520.0,240.0
USGS-09180000,2026-03-25 18:00:00+00:00,16.200000000000003,1445.0,240.0
USGS-09180000,2026-03-25 19:00:00+00:00,16.85,1385.0,240.0
USGS-09180000,2026-03-25 20:00:00+00:00,17.4,1345.0,240.0
USGS-09180000,2026-03-25 21:00:00+00:00,17.85,1320.0,240.0
USGS-09180000,2026-03-25 22:00:00+00:00,18.299999999999997,1300.0,240.0
USGS-09180000,2026-03-25 23:00:00+00:00,18.95,1290.0,241.5
USGS-09180000,2026-03-26 00:00:00+00:00,19.25,1280.0,240.0
USGS-09180000,2026-03-26 01:00:00+00:00,19.15,1270.0,243.0
USGS-09180000,2026-03-26 02:00:00+00:00,18.9,1270.0,241.5
USGS-09180000,2026-03-26 03:00:00+00:00,18.8,1260.0,240.0
USGS-09180000,2026-03-26 04:00:00+00:00,18.45,1260.0,240.0
USGS-09180000,2026-03-26 05:00:00+00:00,18.2,1260.0,240.0
USGS-09180000,2026-03-26 06:00:00+00:00,18.05,1250.0,240.0
USGS-09180000,2026-03-26 07:00:00+00:00,17.9,1250.0,240.0
USGS-09180000,2026-03-26 08:00:00+00:00,17.7,1250.0,240.0
USGS-09180000,2026-03-26 09:00:00+00:00,17.35,1250.0,240.0
USGS-09180000,2026-03-26 10:00:00+00:00,16.95,1245.0,240.0
USGS-09180000,2026-03-26 11:00:00+00:00,16.55,1240.0,240.0
USGS-09180000,2026-03-26 12:00:00+00:00,16.15,1230.0,240.0
USGS-09180000,2026-03-26 13:00:00+00:00,15.85,1210.0,240.0
USGS-09180000,2026-03-26 14:00:00+00:00,15.65,1200.0,243.0
USGS-09180000,2026-03-26 15:00:00+00:00,15.7,1180.0,243.0
USGS-09180000,2026-03-26 16:00:00+00:00,16.05,1165.0,243.0
USGS-09180000,2026-03-26 17:00:00+00:00,16.55,1155.0,247.0
USGS-09180000,2026-03-26 18:00:00+00:00,17.15,1150.0,247.0
USGS-09180000,2026-03-26 19:00:00+00:00,17.65,1140.0,247.0
USGS-09180000,2026-03-26 20:00:00+00:00,18.05,1140.0,250.0
USGS-09180000,2026-03-26 21:00:00+00:00,18.35,1140.0,254.0
USGS-09180000,2026-03-26 22:00:00+00:00,18.799999999999997,1140.0,258.0
USGS-09180000,2026-03-26 23:00:00+00:00,19.35,1150.0,261.0
USGS-09180000,2026-03-27 00:00:00+00:00,19.4,1155.0,261.0
USGS-09180000,2026-03-27 01:00:00+00:00,19.200000000000003,1160.0,261.0
USGS-09180000,2026-03-27 02:00:00+00:00,18.85,1170.0,254.0
USGS-09180000,2026-03-27 03:00:00+00:00,18.55,1180.0,248.5
USGS-09180000,2026-03-27 04:00:00+00:00,18.0,1190.0,241.5
USGS-09180000,2026-03-27 05:00:00+00:00,17.55,1200.0,240.0
USGS-09180000,2026-03-27 06:00:00+00:00,17.3,1205.0,234.5
USGS-09180000,2026-03-27 07:00:00+00:00,16.95,1210.0,233.0
USGS-09180000,2026-03-27 08:00:00+00:00,16.45,1210.0,233.0
USGS-09180000,2026-03-27 09:00:00+00:00,15.95,1210.0,238.0
USGS-09180000,2026-03-27 10:00:00+00:00,15.35,1210.0,248.5
USGS-09180000,2026-03-27 11:00:00+00:00,15.0,1200.0,259.5
USGS-09180000,2026-03-27 12:00:00+00:00,14.75,1195.0,263.0
USGS-09180000,2026-03-27 13:00:00+00:00,14.35,1190.0,265.0
USGS-09180000,2026-03-27 14:00:00+00:00,14.05,1180.0,261.0
USGS-09180000,2026-03-27 15:00:00+00:00,14.0,1170.0,258.0
USGS-09180000,2026-03-27 16:00:00+00:00,14.35,1170.0,252.0
USGS-09180000,2026-03-27 17:00:00+00:00,14.85,1160.0,247.0
USGS-09180000,2026-03-27 18:00:00+00:00,15.5,1160.0,240.0
USGS-09180000,2026-03-27 19:00:00+00:00,16.15,1170.0,236.0
USGS-09180000,2026-03-27 20:00:00+00:00,16.75,1170.0,234.5
USGS-09180000,2026-03-27 21:00:00+00:00,17.15,1180.0,236.0
USGS-09180000,2026-03-27 22:00:00+00:00,17.45,1180.0,240.0
USGS-09180000,2026-03-27 23:00:00+00:00,18.05,1190.0,247.0
USGS-09180000,2026-03-28 00:00:00+00:00,18.25,1195.0,256.0
USGS-09180000,2026-03-28 01:00:00+00:00,18.05,1200.0,261.0
USGS-09180000,2026-03-28 02:00:00+00:00,17.85,1200.0,265.0
USGS-09180000,2026-03-28 03:00:00+00:00,17.700000000000003,1200.0,269.0
USGS-09180000,2026-03-28 04:00:00+00:00,17.1,1200.0,269.0
USGS-09180000,2026-03-28 05:00:00+00:00,16.75,1200.0,269.0
USGS-09180000,2026-03-28 06:00:00+00:00,16.45,1200.0,269.0
USGS-09180000,2026-03-28 07:00:00+00:00,16.15,1200.0,270.5
USGS-09180000,2026-03-28 08:00:00+00:00,15.75,1200.0,272.0
USGS-09180000,2026-03-28 09:00:00+00:00,15.3,1190.0,272.0
USGS-09180000,2026-03-28 10:00:00+00:00,14.85,1190.0,272.0
USGS-09180000,2026-03-28 11:00:00+00:00,14.45,1185.0,272.0
USGS-09180000,2026-03-28 12:00:00+00:00,14.15,1180.0,276.0
USGS-09180000,2026-03-28 13:00:00+00:00,13.95,1170.0,272.0
USGS-09180000,2026-03-28 14:00:00+00:00,13.65,1175.0,274.0
USGS-09180000,2026-03-28 15:00:00+00:00,13.6,1190.0,276.0
USGS-09180000,2026-03-28 16:00:00+00:00,13.8,1200.0,276.0
USGS-09180000,2026-03-28 17:00:00+00:00,14.3,1200.0,276.0
USGS-09180000,2026-03-28 18:00:00+00:00,15.1,1210.0,276.0
USGS-09180000,2026-03-28 19:00:00+00:00,15.7,1210.0,282.0
USGS-09180000,2026-03-28 20:00:00+00:00,16.25,1195.0,288.0
USGS-09180000,2026-03-28 21:00:00+00:00,16.65,1155.0,292.0
USGS-09180000,2026-03-28 22:00:00+00:00,17.25,1150.0,292.0
USGS-09180000,2026-03-28 23:00:00+00:00,17.75,1105.0,296.0
USGS-09180000,2026-03-29 00:00:00+00:00,17.9,1115.0,294.0
USGS-09180000,2026-03-29 01:00:00+00:00,17.65,1130.0,292.0
USGS-09180000,2026-03-29 02:00:00+00:00,17.45,1135.0,292.0
USGS-09180000,2026-03-29 03:00:00+00:00,17.2,1155.0,292.0
USGS-09180000,2026-03-29 04:00:00+00:00,16.85,1170.0,288.0
USGS-09180000,2026-03-29 05:00:00+00:00,16.65,1185.0,288.0
USGS-09180000,2026-03-29 06:00:00+00:00,16.4,1200.0,284.0
USGS-09180000,2026-03-29 07:00:00+00:00,16.1,1200.0,282.0
USGS-09180000,2026-03-29 08:00:00+00:00,15.75,1170.0,280.0
USGS-09180000,2026-03-29 09:00:00+00:00,15.35,1160.0,276.0
USGS-09180000,2026-03-29 10:00:00+00:00,15.0,1150.0,276.0
USGS-09180000,2026-03-29 11:00:00+00:00,14.75,1140.0,276.0
USGS-09180000,2026-03-29 12:00:00+00:00,14.5,1140.0,272.0
USGS-09180000,2026-03-29 13:00:00+00:00,14.25,1135.0,272.0
USGS-09180000,2026-03-29 14:00:00+00:00,14.0,1130.0,272.0
USGS-09180000,2026-03-29 15:00:00+00:00,14.05,1120.0,272.0
USGS-09180000,2026-03-29 16:00:00+00:00,14.35,1110.0,272.0
USGS-09180000,2026-03-29 17:00:00+00:00,14.8,1105.0,272.0
USGS-09180000,2026-03-29 18:00:00+00:00,15.6,1090.0,276.0
USGS-09180000,2026-03-29 19:00:00+00:00,16.25,1075.0,276.0
USGS-09180000,2026-03-29 20:00:00+00:00,16.799999999999997,1060.0,280.0
USGS-09180000,2026-03-29 21:00:00+00:00,17.25,1050.0,282.0
USGS-09180000,2026-03-29 22:00:00+00:00,17.9,1040.0,284.0
USGS-09180000,2026-03-29 23:00:00+00:00,18.5,1040.0,284.0
USGS-09180000,2026-03-30 00:00:00+00:00,18.5,1040.0,284.0
USGS-09180000,2026-03-30 01:00:00+00:00,18.1,1040.0,282.0
USGS-09180000,2026-03-30 02:00:00+00:00,17.7,1030.0,278.0
USGS-09180000,2026-03-30 03:00:00+00:00,17.6,1020.0,274.0
USGS-09180000,2026-03-30 04:00:00+00:00,17.3,1015.0,272.0
USGS-09180000,2026-03-30 05:00:00+00:00,17.05,1000.0,269.0
USGS-09180000,2026-03-30 06:00:00+00:00,16.85,989.5,265.0
USGS-09180000,2026-03-30 07:00:00+00:00,16.55,978.0,265.0
USGS-09180000,2026-03-30 08:00:00+00:00,16.25,970.0,261.0
USGS-09180000,2026-03-30 09:00:00+00:00,15.95,965.0,261.0
USGS-09180000,2026-03-30 10:00:00+00:00,15.55,962.0,258.0
USGS-09180000,2026-03-30 11:00:00+00:00,15.15,960.0,258.0
USGS-09180000,2026-03-30 12:00:00+00:00,14.75,960.0,258.0
USGS-09180000,2026-03-30 13:00:00+00:00,14.4,961.0,256.0
USGS-09180000,2026-03-30 14:00:00+00:00,14.15,964.5,254.0
USGS-09180000,2026-03-30 15:00:00+00:00,14.05,968.5,254.0
USGS-09180000,2026-03-30 16:00:00+00:00,14.25,970.0,254.0
USGS-09180000,2026-03-30 17:00:00+00:00,14.7,968.5,254.0
USGS-09180000,2026-03-30 18:00:00+00:00,15.35,966.5,254.0
USGS-09180000,2026-03-30 19:00:00+00:00,16.05,965.0,254.0
USGS-09180000,2026-03-30 20:00:00+00:00,16.45,963.0,258.0
USGS-09180000,2026-03-30 21:00:00+00:00,16.6,962.5,258.0
USGS-09180000,2026-03-30 22:00:00+00:00,16.9,963.0,258.0
USGS-09180000,2026-03-30 23:00:00+00:00,17.35,965.5,261.0
USGS-09180000,2026-03-31 00:00:00+00:00,17.5,968.5,261.0
USGS-09180000,2026-03-31 01:00:00+00:00,17.45,970.5,261.0
USGS-09180000,2026-03-31 02:00:00+00:00,17.35,975.0,261.0
USGS-09180000,2026-03-31 03:00:00+00:00,17.2,980.5,259.5
USGS-09180000,2026-03-31 04:00:00+00:00,16.9,988.0,258.0
USGS-09180000,2026-03-31 05:00:00+00:00,16.6,992.0,258.0
USGS-09180000,2026-03-31 06:00:00+00:00,16.35,998.0,258.0
USGS-09180000,2026-03-31 07:00:00+00:00,16.0,1000.0,254.0
USGS-09180000,2026-03-31 08:00:00+00:00,15.75,999.0,250.0
USGS-09180000,2026-03-31 09:00:00+00:00,15.4,997.0,250.0
USGS-09180000,2026-03-31 10:00:00+00:00,15.15,993.5,247.0
USGS-09180000,2026-03-31 11:00:00+00:00,14.85,989.5,247.0
USGS-09180000,2026-03-31 12:00:00+00:00,14.65,986.0,245.0
USGS-09180000,2026-03-31 13:00:00+00:00,14.4,981.5,243.0
USGS-09180000,2026-03-31 14:00:00+00:00,14.2,978.0,243.0
USGS-09180000,2026-03-31 15:00:00+00:00,14.1,972.5,243.0
USGS-09180000,2026-03-31 16:00:00+00:00,14.25,967.0,240.0
USGS-09180000,2026-03-31 17:00:00+00:00,14.3,957.5,240.0
USGS-09180000,2026-03-31 18:00:00+00:00,14.4,944.5,241.5
USGS-09180000,2026-03-31 19:00:00+00:00,14.55,931.5,241.5
USGS-09180000,2026-03-31 20:00:00+00:00,15.0,918.5,240.0
USGS-09180000,2026-03-31 21:00:00+00:00,15.55,906.5,240.0
USGS-09180000,2026-03-31 22:00:00+00:00,15.8,887.5,241.5
USGS-09180000,2026-03-31 23:00:00+00:00,15.8,879.0,243.0
USGS-09180000,2026-04-01 00:00:00+00:00,15.65,893.5,247.0
USGS-09180000,2026-04-01 01:00:00+00:00,15.5,897.5,247.0
USGS-09180000,2026-04-01 02:00:00+00:00,15.35,915.5,243.0
USGS-09180000,2026-04-01 03:00:00+00:00,15.15,927.0,243.0
USGS-09180000,2026-04-01 04:00:00+00:00,15.0,941.0,243.0
USGS-09180000,2026-04-01 05:00:00+00:00,14.8,958.0,243.0
USGS-09180000,2026-04-01 06:00:00+00:00,14.65,976.0,240.0
USGS-09180000,2026-04-01 07:00:00+00:00,14.45,994.5,240.0
USGS-09180000,2026-04-01 08:00:00+00:00,14.2,1010.0,236.0
USGS-09180000,2026-04-01 09:00:00+00:00,14.0,1030.0,234.5
USGS-09180000,2026-04-01 10:00:00+00:00,13.9,1040.0,233.0
USGS-09180000,2026-04-01 11:00:00+00:00,13.8,1040.0,233.0
USGS-09180000,2026-04-01 12:00:00+00:00,13.7,1040.0,233.0
USGS-09180000,2026-04-01 13:00:00+00:00,13.6,1040.0,233.0
USGS-09180000,2026-04-01 14:00:00+00:00,13.6,1040.0,229.0
USGS-09180000,2026-04-01 15:00:00+00:00,13.55,1040.0,229.0
USGS-09180000,2026-04-01 16:00:00+00:00,13.5,1030.0,229.0
USGS-09180000,2026-04-01 17:00:00+00:00,13.55,1030.0,229.0
USGS-09180000,2026-04-01 18:00:00+00:00,13.6,1020.0,233.0
USGS-09180000,2026-04-01 19:00:00+00:00,13.7,1010.0,229.0
USGS-09180000,2026-04-01 20:00:00+00:00,13.85,999.5,233.0
USGS-09180000,2026-04-01 21:00:00+00:00,14.4,991.5,233.0
USGS-09180000,2026-04-01 22:00:00+00:00,14.45,981.0,233.0
USGS-09180000,2026-04-01 23:00:00+00:00,14.5,975.0,234.5
USGS-09180000,2026-04-02 00:00:00+00:00,14.45,970.0,236.0
USGS-09180000,2026-04-02 01:00:00+00:00,14.45,970.0,240.0
USGS-09180000,2026-04-02 02:00:00+00:00,14.05,975.5,240.0
USGS-09180000,2026-04-02 03:00:00+00:00,13.75,984.5,241.5
USGS-09180000,2026-04-02 04:00:00+00:00,13.55,977.0,243.0
USGS-09180000,2026-04-02 05:00:00+00:00,13.5,984.0,243.0
USGS-09180000,2026-04-02 06:00:00+00:00,13.5,999.0,247.0
USGS-09180000,2026-04-02 07:00:00+00:00,13.4,1005.0,248.5
USGS-09180000,2026-04-02 08:00:00+00:00,13.15,1020.0,252.0
USGS-09180000,2026-04-02 09:00:00+00:00,12.85,1010.0,256.0
USGS-09180000,2026-04-02 10:00:00+00:00,12.55,1020.0,259.5
USGS-09180000,2026-04-02 11:00:00+00:00,12.25,1020.0,265.0
USGS-09180000,2026-04-02 12:00:00+00:00,12.0,1030.0,272.0
USGS-09180000,2026-04-02 13:00:00+00:00,11.8,1035.0,276.0
USGS-09180000,2026-04-02 14:00:00+00:00,11.6,1010.0,282.0
USGS-09180000,2026-04-02 15:00:00+00:00,11.65,1000.0,288.0
USGS-09180000,2026-04-02 16:00:00+00:00,12.1,997.5,290.0
USGS-09180000,2026-04-02 17:00:00+00:00,12.65,973.5,296.0
USGS-09180000,2026-04-02 18:00:00+00:00,13.4,980.0,318.0
USGS-09180000,2026-04-02 19:00:00+00:00,14.05,940.0,345.5
USGS-09180000,2026-04-02 20:00:00+00:00,14.5,930.0,365.5
USGS-09180000,2026-04-02 21:00:00+00:00,15.3,919.5,374.5
USGS-09180000,2026-04-02 22:00:00+00:00,16.05,926.0,379.0
USGS-09180000,2026-04-02 23:00:00+00:00,16.4,935.0,386.0
USGS-09180000,2026-04-03 00:00:00+00:00,16.3,949.0,395.0
USGS-09180000,2026-04-03 01:00:00+00:00,16.05,1000.0,400.0
USGS-09180000,2026-04-03 02:00:00+00:00,15.65,1035.0,405.0
USGS-09180000,2026-04-03 03:00:00+00:00,15.1,1080.0,411.5
USGS-09180000,2026-04-03 04:00:00+00:00,14.95,1105.0,414.0
USGS-09180000,2026-04-03 05:00:00+00:00,14.65,1165.0,411.5
USGS-09180000,2026-04-03 06:00:00+00:00,14.05,1190.0,416.5
USGS-09180000,2026-04-03 07:00:00+00:00,13.6,1145.0,414.0
USGS-09180000,2026-04-03 08:00:00+00:00,13.25,1070.0,414.0
USGS-09180000,2026-04-03 09:00:00+00:00,12.9,1040.0,414.0
USGS-09180000,2026-04-03 10:00:00+00:00,12.65,1015.0,409.0
USGS-09180000,2026-04-03 11:00:00+00:00,12.25,1000.0,407.0
USGS-09180000,2026-04-03 12:00:00+00:00,11.85,990.5,405.0
USGS-09180000,2026-04-03 13:00:00+00:00,11.55,979.5,400.0
USGS-09180000,2026-04-03 14:00:00+00:00,11.4,975.0,400.0
USGS-09180000,2026-04-03 15:00:00+00:00,11.4,976.0,397.5
USGS-09180000,2026-04-03 16:00:00+00:00,11.6,986.5,395.0
USGS-09180000,2026-04-03 17:00:00+00:00,12.05,1005.0,393.0
USGS-09180000,2026-04-03 18:00:00+00:00,12.45,1015.0,388.5
USGS-09180000,2026-04-03 19:00:00+00:00,12.85,995.0,381.0
USGS-09180000,2026-04-03 20:00:00+00:00,13.25,946.0,377.0
USGS-09180000,2026-04-03 21:00:00+00:00,13.9,897.5,372.0
USGS-09180000,2026-04-03 22:00:00+00:00,14.45,862.0,368.0
USGS-09180000,2026-04-03 23:00:00+00:00,14.6,834.5,363.0
USGS-09180000,2026-04-04 00:00:00+00:00,14.45,816.0,359.0
USGS-09180000,2026-04-04 01:00:00+00:00,13.95,800.0,359.0
USGS-09180000,2026-04-04 02:00:00+00:00,13.55,785.5,359.0
USGS-09180000,2026-04-04 03:00:00+00:00,12.9,775.0,359.0
USGS-09180000,2026-04-04 04:00:00+00:00,12.65,768.5,359.0
USGS-09180000,2026-04-04 05:00:00+00:00,12.35,762.5,359.0
USGS-09180000,2026-04-04 06:00:00+00:00,12.05,754.0,359.0
USGS-09180000,2026-04-04 07:00:00+00:00,11.65,745.0,359.0
USGS-09180000,2026-04-04 08:00:00+00:00,11.25,736.5,359.0
USGS-09180000,2026-04-04 09:00:00+00:00,10.95,728.5,354.0
USGS-09180000,2026-04-04 10:00:00+00:00,10.65,722.5,354.0
USGS-09180000,2026-04-04 11:00:00+00:00,10.4,721.0,350.0
USGS-09180000,2026-04-04 12:00:00+00:00,10.1,722.5,350.0
USGS-09180000,2026-04-04 13:00:00+00:00,9.8,727.5,350.0
USGS-09180000,2026-04-04 14:00:00+00:00,9.6,734.5,350.0
USGS-09180000,2026-04-04 15:00:00+00:00,9.65,735.5,350.0
USGS-09180000,2026-04-04 16:00:00+00:00,10.0,734.5,350.0
USGS-09180000,2026-04-04 17:00:00+00:00,10.55,731.5,350.0
USGS-09180000,2026-04-04 18:00:00+00:00,11.25,727.5,350.0
USGS-09180000,2026-04-04 19:00:00+00:00,11.8,724.5,350.0
USGS-09180000,2026-04-04 20:00:00+00:00,12.4,726.0,345.0
USGS-09180000,2026-04-04 21:00:00+00:00,13.25,732.0,345.0
USGS-09180000,2026-04-04 22:00:00+00:00,14.15,743.5,341.0
USGS-09180000,2026-04-04 23:00:00+00:00,14.6,757.0,337.0
USGS-09180000,2026-04-05 00:00:00+00:00,14.7,769.5,335.0
USGS-09180000,2026-04-05 01:00:00+00:00,14.4,778.5,333.0
USGS-09180000,2026-04-05 02:00:00+00:00,14.05,782.5,328.0
USGS-09180000,2026-04-05 03:00:00+00:00,13.5,786.0,326.0
USGS-09180000,2026-04-05 04:00:00+00:00,13.2,787.0,324.0
USGS-09180000,2026-04-05 05:00:00+00:00,13.0,788.5,324.0
USGS-09180000,2026-04-05 06:00:00+00:00,12.75,790.0,320.0
USGS-09180000,2026-04-05 07:00:00+00:00,12.45,790.0,320.0
USGS-09180000,2026-04-05 08:00:00+00:00,12.15,785.5,316.0
USGS-09180000,2026-04-05 09:00:00+00:00,11.85,775.5,316.0
USGS-09180000,2026-04-05 10:00:00+00:00,11.6,762.5,316.0
USGS-09180000,2026-04-05 11:00:00+00:00,11.35,753.0,312.0
USGS-09180000,2026-04-05 12:00:00+00:00,11.05,748.5,312.0
USGS-09180000,2026-04-05 13:00:00+00:00,10.8,748.5,308.0
USGS-09180000,2026-04-05 14:00:00+00:00,10.6,752.0,304.0
USGS-09180000,2026-04-05 15:00:00+00:00,10.7,756.5,304.0
USGS-09180000,2026-04-05 16:00:00+00:00,11.05,764.5,300.0
USGS-09180000,2026-04-05 17:00:00+00:00,11.65,775.0,298.0
USGS-09180000,2026-04-05 18:00:00+00:00,12.35,784.5,296.0
USGS-09180000,2026-04-05 19:00:00+00:00,12.95,789.5,296.0
USGS-09180000,2026-04-05 20:00:00+00:00,13.5,791.0,296.0
USGS-09180000,2026-04-05 21:00:00+00:00,14.1,788.0,292.0
USGS-09180000,2026-04-05 22:00:00+00:00,15.1,781.0,288.0
USGS-09180000,2026-04-05 23:00:00+00:00,15.75,772.0,288.0
USGS-09180000,2026-04-06 00:00:00+00:00,15.9,764.0,282.0
USGS-09180000,2026-04-06 01:00:00+00:00,15.65,758.0,278.0
USGS-09180000,2026-04-06 02:00:00+00:00,15.35,754.0,276.0
USGS-09180000,2026-04-06 03:00:00+00:00,15.0,753.0,272.0
USGS-09180000,2026-04-06 04:00:00+00:00,14.35,753.0,269.0
USGS-09180000,2026-04-06 05:00:00+00:00,14.1,,267.0
USGS-09180000,2026-04-06 06:00:00+00:00,13.85,762.0,265.0
USGS-09180000,2026-04-06 07:00:00+00:00,13.55,763.5,265.0
USGS-09180000,2026-04-06 08:00:00+00:00,13.25,765.5,261.0
USGS-09180000,2026-04-06 09:00:00+00:00,12.95,764.0,261.0
USGS-09180000,2026-04-06 10:00:00+00:00,12.6,761.5,261.0
USGS-09180000,2026-04-06 11:00:00+00:00,12.35,757.5,261.0
USGS-09180000,2026-04-06 12:00:00+00:00,11.95,754.5,258.0
USGS-09180000,2026-04-06 13:00:00+00:00,11.65,752.5,258.0
USGS-09180000,2026-04-06 14:00:00+00:00,11.5,751.5,254.0
USGS-09180000,2026-04-06 15:00:00+00:00,11.6,751.5,254.0
USGS-09180000,2026-04-06 16:00:00+00:00,11.95,753.0,250.0
USGS-09180000,2026-04-06 17:00:00+00:00,12.45,757.0,250.0
USGS-09180000,2026-04-06 18:00:00+00:00,13.1,761.5,250.0
USGS-09180000,2026-04-06 19:00:00+00:00,13.75,765.5,250.0
USGS-09180000,2026-04-06 20:00:00+00:00,14.15,769.0,250.0
USGS-09180000,2026-04-06 21:00:00+00:00,14.55,770.5,254.0
USGS-09180000,2026-04-06 22:00:00+00:00,15.2,772.0,254.0
USGS-09180000,2026-04-06 23:00:00+00:00,15.85,772.0,254.0
USGS-09180000,2026-04-07 00:00:00+00:00,16.0,772.0,254.0
USGS-09180000,2026-04-07 01:00:00+00:00,15.9,770.5,250.0
USGS-09180000,2026-04-07 02:00:00+00:00,15.65,768.5,250.0
USGS-09180000,2026-04-07 03:00:00+00:00,15.6,766.0,247.0
USGS-09180000,2026-04-07 04:00:00+00:00,15.4,763.0,247.0
USGS-09180000,2026-04-07 05:00:00+00:00,15.25,762.0,241.5
USGS-09180000,2026-04-07 06:00:00+00:00,15.05,760.0,240.0
USGS-09180000,2026-04-07 07:00:00+00:00,14.75,760.0,240.0
USGS-09180000,2026-04-07 08:00:00+00:00,14.45,760.0,236.0
USGS-09180000,2026-04-07 09:00:00+00:00,14.2,761.0,236.0
USGS-09180000,2026-04-07 10:00:00+00:00,14.0,762.5,234.5
USGS-09180000,2026-04-07 11:00:00+00:00,13.9,767.5,233.0
USGS-09180000,2026-04-07 12:00:00+00:00,13.65,774.0,234.5
USGS-09180000,2026-04-07 13:00:00+00:00,13.45,781.0,233.0
USGS-09180000,2026-04-07 14:00:00+00:00,13.2,789.0,233.0
USGS-09180000,2026-04-07 15:00:00+00:00,13.2,795.0,233.0
USGS-09180000,2026-04-07 16:00:00+00:00,13.5,800.0,233.0
USGS-09180000,2026-04-07 17:00:00+00:00,14.1,804.5,233.0
USGS-09180000,2026-04-07 18:00:00+00:00,14.8,808.5,229.0
USGS-09180000,2026-04-07 19:00:00+00:00,15.55,814.0,229.0
USGS-09180000,2026-04-07 20:00:00+00:00,16.15,822.0,229.0
USGS-09180000,2026-04-07 21:00:00+00:00,16.6,829.0,229.0
USGS-09180000,2026-04-07 22:00:00+00:00,17.05,835.5,229.0
USGS-09180000,2026-04-07 23:00:00+00:00,17.6,841.5,229.0
USGS-09180000,2026-04-08 00:00:00+00:00,17.75,845.0,229.0
USGS-09180000,2026-04-08 01:00:00+00:00,17.55,848.0,229.0
USGS-09180000,2026-04-08 02:00:00+00:00,17.2,850.5,226.0
USGS-09180000,2026-04-08 03:00:00+00:00,17.05,856.0,224.5
USGS-09180000,2026-04-08 04:00:00+00:00,16.65,863.0,223.0
USGS-09180000,2026-04-08 05:00:00+00:00,16.15,873.0,223.0
USGS-09180000,2026-04-08 06:00:00+00:00,16.0,883.0,219.0
USGS-09180000,2026-04-08 07:00:00+00:00,15.65,893.5,219.0
USGS-09180000,2026-04-08 08:00:00+00:00,15.25,903.0,219.0
USGS-09180000,2026-04-08 09:00:00+00:00,14.85,910.5,219.0
USGS-09180000,2026-04-08 10:00:00+00:00,14.5,914.5,219.0
USGS-09180000,2026-04-08 11:00:00+00:00,14.15,917.0,219.0
USGS-09180000,2026-04-08 12:00:00+00:00,13.85,918.0,219.0
USGS-09180000,2026-04-08 13:00:00+00:00,13.55,920.5,223.0
USGS-09180000,2026-04-08 14:00:00+00:00,13.3,923.5,223.0
USGS-09180000,2026-04-08 15:00:00+00:00,13.45,928.5,223.0
USGS-09180000,2026-04-08 16:00:00+00:00,13.85,935.0,223.0
USGS-09180000,2026-04-08 17:00:00+00:00,14.35,942.5,223.0
USGS-09180000,2026-04-08 18:00:00+00:00,15.1,949.5,223.0
USGS-09180000,2026-04-08 19:00:00+00:00,15.8,956.5,223.0
USGS-09180000,2026-04-08 20:00:00+00:00,16.35,964.0,223.0
USGS-09180000,2026-04-08 21:00:00+00:00,16.75,971.0,219.0
USGS-09180000,2026-04-08 22:00:00+00:00,17.1,977.5,219.0
USGS-09180000,2026-04-08 23:00:00+00:00,17.700000000000003,983.0,219.0
USGS-09180000,2026-04-09 00:00:00+00:00,17.9,987.5,219.0
USGS-09180000,2026-04-09 01:00:00+00:00,17.75,989.5,219.0
USGS-09180000,2026-04-09 02:00:00+00:00,17.45,991.5,216.0
USGS-09180000,2026-04-09 03:00:00+00:00,17.2,995.5,216.0
USGS-09180000,2026-04-09 04:00:00+00:00,16.85,998.5,214.5
USGS-09180000,2026-04-09 05:00:00+00:00,16.4,1000.0,213.0
USGS-09180000,2026-04-09 06:00:00+00:00,16.3,1010.0,213.0
USGS-09180000,2026-04-09 07:00:00+00:00,16.05,1015.0,213.0
USGS-09180000,2026-04-09 08:00:00+00:00,15.75,1020.0,209.0
USGS-09180000,2026-04-09 09:00:00+00:00,15.35,1030.0,209.0
USGS-09180000,2026-04-09 10:00:00+00:00,14.95,1040.0,209.0
USGS-09180000,2026-04-09 11:00:00+00:00,14.65,1050.0,209.0
USGS-09180000,2026-04-09 12:00:00+00:00,14.35,1060.0,213.0
USGS-09180000,2026-04-09 13:00:00+00:00,14.05,1070.0,213.0
USGS-09180000,2026-04-09 14:00:00+00:00,13.9,1080.0,213.0
USGS-09180000,2026-04-09 15:00:00+00:00,13.95,1090.0,213.0
USGS-09180000,2026-04-09 16:00:00+00:00,14.4,1110.0,216.0
USGS-09180000,2026-04-09 17:00:00+00:00,15.0,1130.0,216.0
USGS-09180000,2026-04-09 18:00:00+00:00,15.7,1150.0,216.0
USGS-09180000,2026-04-09 19:00:00+00:00,16.299999999999997,1175.0,216.0
USGS-09180000,2026-04-09 20:00:00+00:00,16.95,1190.0,216.0
USGS-09180000,2026-04-09 21:00:00+00:00,17.3,1205.0,214.5
USGS-09180000,2026-04-09 22:00:00+00:00,17.55,1210.0,213.0
USGS-09180000,2026-04-09 23:00:00+00:00,18.05,1215.0,213.0
USGS-09180000,2026-04-10 00:00:00+00:00,18.3,1210.0,209.0
USGS-09180000,2026-04-10 01:00:00+00:00,18.15,1220.0,209.0
USGS-09180000,2026-04-10 02:00:00+00:00,17.95,1220.0,206.0
USGS-09180000,2026-04-10 03:00:00+00:00,17.8,1220.0,206.0
USGS-09180000,2026-04-10 04:00:00+00:00,17.55,1230.0,203.0
USGS-09180000,2026-04-10 05:00:00+00:00,16.95,1230.0,203.0
USGS-09180000,2026-04-10 06:00:00+00:00,16.75,1230.0,203.0
USGS-09180000,2026-04-10 07:00:00+00:00,16.55,1230.0,203.0
USGS-09180000,2026-04-10 08:00:00+00:00,16.25,1220.0,203.0
USGS-09180000,2026-04-10 09:00:00+00:00,16.0,1220.0,203.0
USGS-09180000,2026-04-10 10:00:00+00:00,15.65,1210.0,203.0
USGS-09180000,2026-04-10 11:00:00+00:00,15.35,1210.0,204.5
USGS-09180000,2026-04-10 12:00:00+00:00,15.0,1210.0,206.0
USGS-09180000,2026-04-10 13:00:00+00:00,14.65,1210.0,206.0
USGS-09180000,2026-04-10 14:00:00+00:00,14.6,1220.0,206.0
USGS-09180000,2026-04-10 15:00:00+00:00,14.8,1225.0,206.0
USGS-09180000,2026-04-10 16:00:00+00:00,15.15,1240.0,206.0
USGS-09180000,2026-04-10 17:00:00+00:00,15.55,1250.0,206.0
USGS-09180000,2026-04-10 18:00:00+00:00,15.9,1260.0,206.0
USGS-09180000,2026-04-10 19:00:00+00:00,16.55,1260.0,206.0
USGS-09180000,2026-04-10 20:00:00+00:00,16.7,1260.0,206.0
USGS-09180000,2026-04-10 21:00:00+00:00,16.8,1260.0,206.0
USGS-09180000,2026-04-10 22:00:00+00:00,16.8,1260.0,206.0
USGS-09180000,2026-04-10 23:00:00+00:00,16.9,1260.0,203.0
USGS-09180000,2026-04-11 00:00:00+00:00,16.8,1260.0,204.5
USGS-09180000,2026-04-11 01:00:00+00:00,16.6,1260.0,204.5
USGS-09180000,2026-04-11 02:00:00+00:00,16.5,1265.0,203.0
USGS-09180000,2026-04-11 03:00:00+00:00,16.35,1270.0,201.5
USGS-09180000,2026-04-11 04:00:00+00:00,16.2,1270.0,200.0
USGS-09180000,2026-04-11 05:00:00+00:00,16.0,1270.0,200.0
USGS-09180000,2026-04-11 06:00:00+00:00,15.8,1280.0,200.0
USGS-09180000,2026-04-11 07:00:00+00:00,15.55,1290.0,197.0
USGS-09180000,2026-04-11 08:00:00+00:00,15.3,1290.0,197.0
USGS-09180000,2026-04-11 09:00:00+00:00,15.0,1300.0,194.0
USGS-09180000,2026-04-11 10:00:00+00:00,14.75,1300.0,194.0
USGS-09180000,2026-04-11 11:00:00+00:00,14.45,1300.0,194.0
USGS-09180000,2026-04-11 12:00:00+00:00,14.15,1310.0,194.0
USGS-09180000,2026-04-11 13:00:00+00:00,13.85,1310.0,194.0
USGS-09180000,2026-04-11 14:00:00+00:00,13.6,1320.0,194.0
USGS-09180000,2026-04-11 15:00:00+00:00,13.75,1330.0,194.0
USGS-09180000,2026-04-11 16:00:00+00:00,13.8,1340.0,194.0
USGS-09180000,2026-04-11 17:00:00+00:00,13.8,1360.0,197.0
USGS-09180000,2026-04-11 18:00:00+00:00,13.7,1380.0,197.0
USGS-09180000,2026-04-11 19:00:00+00:00,13.7,1405.0,198.5
USGS-09180000,2026-04-11 20:00:00+00:00,13.85,1430.0,200.0
USGS-09180000,2026-04-11 21:00:00+00:00,14.25,1450.0,200.0
USGS-09180000,2026-04-11 22:00:00+00:00,14.45,1465.0,198.5
USGS-09180000,2026-04-11 23:00:00+00:00,14.65,1480.0,197.0
USGS-09180000,2026-04-12 00:00:00+00:00,15.0,1490.0,198.5
USGS-09180000,2026-04-12 01:00:00+00:00,15.0,1495.0,197.0
USGS-09180000,2026-04-12 02:00:00+00:00,14.9,1500.0,197.0
USGS-09180000,2026-04-12 03:00:00+00:00,14.8,1490.0,197.0
USGS-09180000,2026-04-12 04:00:00+00:00,14.65,1490.0,194.0
USGS-09180000,2026-04-12 05:00:00+00:00,14.3,1480.0,194.0
USGS-09180000,2026-04-12 06:00:00+00:00,14.05,1485.0,192.0
USGS-09180000,2026-04-12 07:00:00+00:00,13.9,1490.0,190.0
USGS-09180000,2026-04-12 08:00:00+00:00,13.9,1490.0,187.0
USGS-09180000,2026-04-12 09:00:00+00:00,13.7,1490.0,187.0
USGS-09180000,2026-04-12 10:00:00+00:00,13.45,1490.0,187.0
USGS-09180000,2026-04-12 11:00:00+00:00,13.15,1500.0,187.0
USGS-09180000,2026-04-12 12:00:00+00:00,12.85,1500.0,188.5
USGS-09180000,2026-04-12 13:00:00+00:00,12.7,1505.0,190.0
USGS-09180000,2026-04-12 14:00:00+00:00,12.7,1510.0,190.0
USGS-09180000,2026-04-12 15:00:00+00:00,12.85,1520.0,190.0
USGS-09180000,2026-04-12 16:00:00+00:00,13.3,1530.0,194.0
USGS-09180000,2026-04-12 17:00:00+00:00,14.05,1540.0,190.0
USGS-09180000,2026-04-12 18:00:00+00:00,14.9,1555.0,190.0
USGS-09180000,2026-04-12 19:00:00+00:00,15.65,1560.0,190.0
USGS-09180000,2026-04-12 20:00:00+00:00,16.35,1570.0,190.0
USGS-09180000,2026-04-12 21:00:00+00:00,16.75,1570.0,190.0
USGS-09180000,2026-04-12 22:00:00+00:00,16.9,1570.0,190.0
USGS-09180000,2026-04-12 23:00:00+00:00,16.9,1560.0,190.0
USGS-09180000,2026-04-13 00:00:00+00:00,17.0,1550.0,190.0
USGS-09180000,2026-04-13 01:00:00+00:00,16.85,1535.0,190.0
USGS-09180000,2026-04-13 02:00:00+00:00,16.45,1515.0,190.0
USGS-09180000,2026-04-13 03:00:00+00:00,16.05,1490.0,190.0
USGS-09180000,2026-04-13 04:00:00+00:00,15.8,1460.0,187.0
USGS-09180000,2026-04-13 05:00:00+00:00,15.45,1435.0,185.5
USGS-09180000,2026-04-13 06:00:00+00:00,15.05,1405.0,187.0
USGS-09180000,2026-04-13 07:00:00+00:00,14.75,1380.0,184.0
USGS-09180000,2026-04-13 08:00:00+00:00,14.5,1360.0,184.0
USGS-09180000,2026-04-13 09:00:00+00:00,14.2,1345.0,184.0
USGS-09180000,2026-04-13 10:00:00+00:00,13.8,1340.0,184.0
USGS-09180000,2026-04-13 11:00:00+00:00,13.35,1330.0,182.5
USGS-09180000,2026-04-13 12:00:00+00:00,13.0,1320.0,181.0
USGS-09180000,2026-04-13 13:00:00+00:00,12.65,1310.0,181.0
USGS-09180000,2026-04-13 14:00:00+00:00,12.55,1305.0,181.0
USGS-09180000,2026-04-13 15:00:00+00:00,12.65,1300.0,181.0
USGS-09180000,2026-04-13 16:00:00+00:00,13.25,1300.0,181.0
USGS-09180000,2026-04-13 17:00:00+00:00,14.15,1300.0,182.5
USGS-09180000,2026-04-13 18:00:00+00:00,14.95,1300.0,184.0
USGS-09180000,2026-04-13 19:00:00+00:00,15.25,1295.0,184.0
USGS-09180000,2026-04-13 20:00:00+00:00,15.4,1290.0,184.0
USGS-09180000,2026-04-13 21:00:00+00:00,15.7,1300.0,184.0
USGS-09180000,2026-04-13 22:00:00+00:00,16.1,1305.0,184.0
USGS-09180000,2026-04-13 23:00:00+00:00,16.35,1310.0,184.0
USGS-09180000,2026-04-14 00:00:00+00:00,16.15,1320.0,184.0
USGS-09180000,2026-04-14 01:00:00+00:00,15.8,1340.0,184.0
USGS-09180000,2026-04-14 02:00:00+00:00,15.3,1360.0,184.0
USGS-09180000,2026-04-14 03:00:00+00:00,14.9,1385.0,184.0
USGS-09180000,2026-04-14 04:00:00+00:00,14.75,1415.0,182.5
USGS-09180000,2026-04-14 05:00:00+00:00,14.35,1445.0,181.0
USGS-09180000,2026-04-14 06:00:00+00:00,14.05,1485.0,177.0
USGS-09180000,2026-04-14 07:00:00+00:00,13.75,1520.0,176.0
USGS-09180000,2026-04-14 08:00:00+00:00,13.5,1555.0,176.0
USGS-09180000,2026-04-14 09:00:00+00:00,13.25,1585.0,176.0
USGS-09180000,2026-04-14 10:00:00+00:00,13.05,1610.0,176.0
USGS-09180000,2026-04-14 11:00:00+00:00,12.8,1620.0,176.0
USGS-09180000,2026-04-14 12:00:00+00:00,12.55,1620.0,178.0
USGS-09180000,2026-04-14 13:00:00+00:00,12.35,1620.0,178.0
USGS-09180000,2026-04-14 14:00:00+00:00,12.2,1620.0,181.0
USGS-09180000,2026-04-14 15:00:00+00:00,12.2,1620.0,181.0
USGS-09180000,2026-04-14 16:00:00+00:00,12.5,1610.0,181.0
USGS-09180000,2026-04-14 17:00:00+00:00,13.0,1600.0,181.0
USGS-09180000,2026-04-14 18:00:00+00:00,13.4,1590.0,181.0
USGS-09180000,2026-04-14 19:00:00+00:00,13.45,1590.0,181.0
USGS-09180000,2026-04-14 20:00:00+00:00,13.65,1580.0,184.0
USGS-09180000,2026-04-14 21:00:00+00:00,13.9,1580.0,184.0
USGS-09180000,2026-04-14 22:00:00+00:00,14.15,1575.0,184.0
USGS-09180000,2026-04-14 23:00:00+00:00,14.35,1570.0,181.0
USGS-09180000,2026-04-15 00:00:00+00:00,14.55,1570.0,181.0
USGS-09180000,2026-04-15 01:00:00+00:00,14.35,1570.0,181.0
USGS-09180000,2026-04-15 02:00:00+00:00,13.85,1570.0,181.0
USGS-09180000,2026-04-15 03:00:00+00:00,13.55,1570.0,178.0
USGS-09180000,2026-04-15 04:00:00+00:00,13.35,1570.0,177.0
USGS-09180000,2026-04-15 05:00:00+00:00,13.15,1585.0,176.0
USGS-09180000,2026-04-15 06:00:00+00:00,13.0,1590.0,176.0
USGS-09180000,2026-04-15 07:00:00+00:00,12.85,1590.0,176.0
USGS-09180000,2026-04-15 08:00:00+00:00,12.7,1590.0,176.0
USGS-09180000,2026-04-15 09:00:00+00:00,12.5,1590.0,176.0
USGS-09180000,2026-04-15 10:00:00+00:00,12.25,1580.0,176.0
USGS-09180000,2026-04-15 11:00:00+00:00,12.05,1570.0,176.0
USGS-09180000,2026-04-15 12:00:00+00:00,11.8,1550.0,176.0
USGS-09180000,2026-04-15 13:00:00+00:00,11.55,1535.0,174.5
USGS-09180000,2026-04-15 14:00:00+00:00,11.4,1520.0,176.0
USGS-09180000,2026-04-15 15:00:00+00:00,11.65,1500.0,176.0
USGS-09180000,2026-04-15 16:00:00+00:00,12.15,1490.0,176.0
USGS-09180000,2026-04-15 17:00:00+00:00,12.9,1475.0,176.0
USGS-09180000,2026-04-15 18:00:00+00:00,13.85,1465.0,176.0
USGS-09180000,2026-04-15 19:00:00+00:00,14.8,1460.0,176.0
USGS-09180000,2026-04-15 20:00:00+00:00,15.45,1460.0,176.0
USGS-09180000,2026-04-15 21:00:00+00:00,16.0,1470.0,176.0
USGS-09180000,2026-04-15 22:00:00+00:00,16.3,1485.0,176.0
USGS-09180000,2026-04-15 23:00:00+00:00,16.45,1490.0,176.0
USGS-09180000,2026-04-16 00:00:00+00:00,16.7,1500.0,176.0
USGS-09180000,2026-04-16 01:00:00+00:00,16.6,1510.0,176.0
USGS-09180000,2026-04-16 02:00:00+00:00,16.25,1510.0,176.0
USGS-09180000,2026-04-16 03:00:00+00:00,15.95,1510.0,176.0
USGS-09180000,2026-04-16 04:00:00+00:00,15.8,1500.0,173.0
USGS-09180000,2026-04-16 05:00:00+00:00,15.5,1480.0,173.0
USGS-09180000,2026-04-16 06:00:00+00:00,15.1,1470.0,173.0
USGS-09180000,2026-04-16 07:00:00+00:00,15.0,1470.0,173.0
USGS-09180000,2026-04-16 08:00:00+00:00,14.9,1470.0,170.0
USGS-09180000,2026-04-16 09:00:00+00:00,14.5,1480.0,170.0
USGS-09180000,2026-04-16 10:00:00+00:00,14.15,1490.0,170.0
USGS-09180000,2026-04-16 11:00:00+00:00,13.75,1500.0,173.0
USGS-09180000,2026-04-16 12:00:00+00:00,13.25,1505.0,173.0
USGS-09180000,2026-04-16 13:00:00+00:00,12.95,1510.0,173.0
USGS-09180000,2026-04-16 14:00:00+00:00,12.9,1525.0,174.5
USGS-09180000,2026-04-16 15:00:00+00:00,13.15,1545.0,176.0
USGS-09180000,2026-04-16 16:00:00+00:00,13.55,1570.0,176.0
USGS-09180000,2026-04-16 17:00:00+00:00,13.8,1580.0,176.0
USGS-09180000,2026-04-16 18:00:00+00:00,13.95,1565.0,176.0
USGS-09180000,2026-04-16 19:00:00+00:00,14.0,1535.0,176.0
USGS-09180000,2026-04-16 20:00:00+00:00,14.0,1495.0,176.0
USGS-09180000,2026-04-16 21:00:00+00:00,14.05,1480.0,176.0
USGS-09180000,2026-04-16 22:00:00+00:00,14.1,1485.0,176.0
USGS-09180000,2026-04-16 23:00:00+00:00,14.2,1505.0,176.0
USGS-09180000,2026-04-17 00:00:00+00:00,14.3,1525.0,176.0
USGS-09180000,2026-04-17 01:00:00+00:00,14.2,1540.0,176.0
USGS-09180000,2026-04-17 02:00:00+00:00,14.0,1555.0,176.0
USGS-09180000,2026-04-17 03:00:00+00:00,13.75,1575.0,174.5
USGS-09180000,2026-04-17 04:00:00+00:00,13.45,1590.0,173.0
USGS-09180000,2026-04-17 05:00:00+00:00,13.25,1600.0,173.0
USGS-09180000,2026-04-17 06:00:00+00:00,12.95,1600.0,173.0
USGS-09180000,2026-04-17 07:00:00+00:00,12.6,1600.0,170.0
USGS-09180000,2026-04-17 08:00:00+00:00,12.35,1610.0,170.0
USGS-09180000,2026-04-17 09:00:00+00:00,11.95,1630.0,170.0
USGS-09180000,2026-04-17 10:00:00+00:00,11.6,1650.0,167.0
USGS-09180000,2026-04-17 11:00:00+00:00,11.35,1675.0,167.0
USGS-09180000,2026-04-17 12:00:00+00:00,10.7,1690.0,167.0
USGS-09180000,2026-04-17 13:00:00+00:00,10.15,1690.0,168.5
USGS-09180000,2026-04-17 14:00:00+00:00,9.9,1685.0,170.0
USGS-09180000,2026-04-17 15:00:00+00:00,10.25,1690.0,167.0
USGS-09180000,2026-04-17 16:00:00+00:00,10.55,1700.0,167.0
USGS-09180000,2026-04-17 17:00:00+00:00,11.1,1710.0,167.0
USGS-09180000,2026-04-17 18:00:00+00:00,11.5,1710.0,164.0
USGS-09180000,2026-04-17 19:00:00+00:00,11.95,1710.0,161.0
USGS-09180000,2026-04-17 20:00:00+00:00,12.5,1710.0,162.5
USGS-09180000,2026-04-17 21:00:00+00:00,13.5,1720.0,161.0
USGS-09180000,2026-04-17 22:00:00+00:00,13.75,1730.0,159.0
USGS-09180000,2026-04-17 23:00:00+00:00,13.9,1730.0,159.0
USGS-09180000,2026-04-18 00:00:00+00:00,14.1,1715.0,159.0
USGS-09180000,2026-04-18 01:00:00+00:00,14.0,1685.0,159.0
USGS-09180000,2026-04-18 02:00:00+00:00,13.65,1670.0,159.0
USGS-09180000,2026-04-18 03:00:00+00:00,13.25,1660.0,159.0
USGS-09180000,2026-04-18 04:00:00+00:00,12.75,1680.0,156.0
USGS-09180000,2026-04-18 05:00:00+00:00,12.35,1715.0,156.0
USGS-09180000,2026-04-18 06:00:00+00:00,11.95,1745.0,154.5
USGS-09180000,2026-04-18 07:00:00+00:00,11.6,1760.0,153.0
USGS-09180000,2026-04-18 08:00:00+00:00,11.45,1775.0,153.0
USGS-09180000,2026-04-18 09:00:00+00:00,11.15,1790.0,153.0
USGS-09180000,2026-04-18 10:00:00+00:00,10.75,1800.0,150.0
USGS-09180000,2026-04-18 11:00:00+00:00,10.35,1820.0,150.0
USGS-09180000,2026-04-18 12:00:00+00:00,9.95,1845.0,150.0
USGS-09180000,2026-04-18 13:00:00+00:00,9.65,1865.0,150.0
USGS-09180000,2026-04-18 14:00:00+00:00,9.6,1890.0,150.0
USGS-09180000,2026-04-18 15:00:00+00:00,9.75,1905.0,150.0
USGS-09180000,2026-04-18 16:00:00+00:00,10.3,1910.0,150.0
USGS-09180000,2026-04-18 17:00:00+00:00,11.1,1920.0,150.0
USGS-09180000,2026-04-18 18:00:00+00:00,12.05,1920.0,150.0
USGS-09180000,2026-04-18 19:00:00+00:00,13.05,1920.0,150.0
USGS-09180000,2026-04-18 20:00:00+00:00,13.75,1920.0,150.0
USGS-09180000,2026-04-18 21:00:00+00:00,14.3,1915.0,150.0
USGS-09180000,2026-04-18 22:00:00+00:00,14.6,1900.0,150.0
USGS-09180000,2026-04-18 23:00:00+00:00,14.75,1885.0,150.0
USGS-09180000,2026-04-19 00:00:00+00:00,14.9,1870.0,150.0
USGS-09180000,2026-04-19 01:00:00+00:00,14.85,1870.0,150.0
USGS-09180000,2026-04-19 02:00:00+00:00,14.55,1885.0,150.0
USGS-09180000,2026-04-19 03:00:00+00:00,14.1,1900.0,150.0
USGS-09180000,2026-04-19 04:00:00+00:00,13.65,1915.0,150.0
USGS-09180000,2026-04-19 05:00:00+00:00,13.4,1925.0,151.5
USGS-09180000,2026-04-19 06:00:00+00:00,13.05,1940.0,153.0
USGS-09180000,2026-04-19 07:00:00+00:00,12.7,1965.0,153.0
USGS-09180000,2026-04-19 08:00:00+00:00,12.6,1990.0,153.0
USGS-09180000,2026-04-19 09:00:00+00:00,12.5,2020.0,153.0
USGS-09180000,2026-04-19 10:00:00+00:00,12.25,2040.0,153.0
USGS-09180000,2026-04-19 11:00:00+00:00,11.95,2060.0,153.0
USGS-09180000,2026-04-19 12:00:00+00:00,11.55,2070.0,156.0
USGS-09180000,2026-04-19 13:00:00+00:00,11.15,2080.0,156.0
USGS-09180000,2026-04-19 14:00:00+00:00,11.1,2100.0,159.0
USGS-09180000,2026-04-19 15:00:00+00:00,11.25,2115.0,159.0
USGS-09180000,2026-04-19 16:00:00+00:00,11.8,2130.0,161.0
USGS-09180000,2026-04-19 17:00:00+00:00,12.6,2125.0,161.0
USGS-09180000,2026-04-19 18:00:00+00:00,13.55,2110.0,162.5
USGS-09180000,2026-04-19 19:00:00+00:00,14.7,2085.0,164.0
USGS-09180000,2026-04-19 20:00:00+00:00,15.55,2060.0,164.0
USGS-09180000,2026-04-19 21:00:00+00:00,16.15,2025.0,161.0
USGS-09180000,2026-04-19 22:00:00+00:00,16.55,1995.0,161.0
USGS-09180000,2026-04-19 23:00:00+00:00,16.75,1955.0,161.0
USGS-09180000,2026-04-20 00:00:00+00:00,16.95,1925.0,159.0
USGS-09180000,2026-04-20 01:00:00+00:00,16.9,1900.0,159.0
USGS-09180000,2026-04-20 02:00:00+00:00,16.65,1890.0,159.0
USGS-09180000,2026-04-20 03:00:00+00:00,16.25,1880.0,156.0
USGS-09180000,2026-04-20 04:00:00+00:00,15.75,1875.0,156.0
USGS-09180000,2026-04-20 05:00:00+00:00,15.45,1870.0,153.0
USGS-09180000,2026-04-20 06:00:00+00:00,14.95,1870.0,153.0
USGS-09180000,2026-04-20 07:00:00+00:00,14.6,1870.0,150.0
USGS-09180000,2026-04-20 08:00:00+00:00,14.4,1860.0,150.0
USGS-09180000,2026-04-20 09:00:00+00:00,14.15,1860.0,150.0
USGS-09180000,2026-04-20 10:00:00+00:00,13.85,1850.0,150.0
USGS-09180000,2026-04-20 11:00:00+00:00,13.55,1850.0,153.0
USGS-09180000,2026-04-20 12:00:00+00:00,13.15,1850.0,153.0
USGS-09180000,2026-04-20 13:00:00+00:00,12.85,1855.0,153.0
USGS-09180000,2026-04-20 14:00:00+00:00,12.8,1860.0,153.0
USGS-09180000,2026-04-20 15:00:00+00:00,12.85,1870.0,153.0
USGS-09180000,2026-04-20 16:00:00+00:00,13.35,1885.0,153.0
USGS-09180000,2026-04-20 17:00:00+00:00,13.75,1900.0,153.0
USGS-09180000,2026-04-20 18:00:00+00:00,14.75,1910.0,150.0
USGS-09180000,2026-04-20 19:00:00+00:00,15.7,1905.0,150.0
USGS-09180000,2026-04-20 20:00:00+00:00,16.65,1895.0,150.0
USGS-09180000,2026-04-20 21:00:00+00:00,17.35,1880.0,148.0
USGS-09180000,2026-04-20 22:00:00+00:00,17.85,1860.0,145.0
USGS-09180000,2026-04-20 23:00:00+00:00,18.1,1850.0,145.0
USGS-09180000,2026-04-21 00:00:00+00:00,18.2,1835.0,143.0
USGS-09180000,2026-04-21 01:00:00+00:00,18.15,1830.0,143.0
USGS-09180000,2026-04-21 02:00:00+00:00,17.85,1820.0,141.5
USGS-09180000,2026-04-21 03:00:00+00:00,17.55,1820.0,138.5
USGS-09180000,2026-04-21 04:00:00+00:00,17.05,1830.0,136.0
USGS-09180000,2026-04-21 05:00:00+00:00,16.7,1830.0,135.0
USGS-09180000,2026-04-21 06:00:00+00:00,16.35,1830.0,132.0
USGS-09180000,2026-04-21 07:00:00+00:00,15.9,1840.0,130.0
USGS-09180000,2026-04-21 08:00:00+00:00,15.6,1840.0,130.0
USGS-09180000,2026-04-21 09:00:00+00:00,15.4,1840.0,130.0
USGS-09180000,2026-04-21 10:00:00+00:00,15.25,1840.0,132.0
USGS-09180000,2026-04-21 11:00:00+00:00,14.95,1840.0,133.5
USGS-09180000,2026-04-21 12:00:00+00:00,14.55,1840.0,135.0
USGS-09180000,2026-04-21 13:00:00+00:00,14.15,1850.0,137.0
USGS-09180000,2026-04-21 14:00:00+00:00,13.9,1850.0,137.0
USGS-09180000,2026-04-21 15:00:00+00:00,14.0,1870.0,137.0
USGS-09180000,2026-04-21 16:00:00+00:00,14.5,1885.0,137.0
USGS-09180000,2026-04-21 17:00:00+00:00,15.35,1915.0,136.0
USGS-09180000,2026-04-21 18:00:00+00:00,16.35,1945.0,136.0
USGS-09180000,2026-04-21 19:00:00+00:00,17.0,1965.0,135.0
USGS-09180000,2026-04-21 20:00:00+00:00,17.9,1980.0,135.0
USGS-09180000,2026-04-21 21:00:00+00:00,18.45,1990.0,132.0
USGS-09180000,2026-04-21 22:00:00+00:00,18.6,1995.0,132.0
USGS-09180000,2026-04-21 23:00:00+00:00,18.6,2000.0,132.0
USGS-09180000,2026-04-22 00:00:00+00:00,18.25,2000.0,131.0
USGS-09180000,2026-04-22 01:00:00+00:00,18.1,2000.0,130.0
USGS-09180000,2026-04-22 02:00:00+00:00,17.75,2000.0,130.0
USGS-09180000,2026-04-22 03:00:00+00:00,17.45,1990.0,128.0
USGS-09180000,2026-04-22 04:00:00+00:00,16.95,1990.0,126.5
USGS-09180000,2026-04-22 05:00:00+00:00,16.55,1990.0,125.0
USGS-09180000,2026-04-22 06:00:00+00:00,16.25,2000.0,123.0
USGS-09180000,2026-04-22 07:00:00+00:00,15.95,2000.0,123.0
USGS-09180000,2026-04-22 08:00:00+00:00,15.65,2010.0,120.0
USGS-09180000,2026-04-22 09:00:00+00:00,15.3,2010.0,120.0
USGS-09180000,2026-04-22 10:00:00+00:00,14.95,2010.0,120.0
USGS-09180000,2026-04-22 11:00:00+00:00,14.55,2010.0,118.0
USGS-09180000,2026-04-22 12:00:00+00:00,14.15,2000.0,118.0
USGS-09180000,2026-04-22 13:00:00+00:00,13.85,1995.0,117.0
USGS-09180000,2026-04-22 14:00:00+00:00,13.8,1980.0,116.0
USGS-09180000,2026-04-22 15:00:00+00:00,14.0,1970.0,116.0
USGS-09180000,2026-04-22 16:00:00+00:00,14.6,1960.0,116.0
USGS-09180000,2026-04-22 17:00:00+00:00,15.4,1950.0,116.0
USGS-09180000,2026-04-22 18:00:00+00:00,16.299999999999997,1940.0,115.0
USGS-09180000,2026-04-22 19:00:00+00:00,17.1,1930.0,114.0
USGS-09180000,2026-04-22 20:00:00+00:00,17.799999999999997,1920.0,114.0
USGS-09180000,2026-04-22 21:00:00+00:00,18.4,1920.0,111.0
USGS-09180000,2026-04-22 22:00:00+00:00,18.6,1920.0,110.0
USGS-09180000,2026-04-22 23:00:00+00:00,18.6,1910.0,109.0
USGS-09180000,2026-04-23 00:00:00+00:00,18.25,1910.0,109.0
USGS-09180000,2026-04-23 01:00:00+00:00,17.75,1900.0,107.0
USGS-09180000,2026-04-23 02:00:00+00:00,17.1,1895.0,108.0
USGS-09180000,2026-04-23 03:00:00+00:00,16.75,1890.0,109.0
USGS-09180000,2026-04-23 04:00:00+00:00,16.25,1880.0,109.0
USGS-09180000,2026-04-23 05:00:00+00:00,15.75,1870.0,109.0
USGS-09180000,2026-04-23 06:00:00+00:00,15.15,1865.0,109.0
USGS-09180000,2026-04-23 07:00:00+00:00,14.85,1860.0,111.0
USGS-09180000,2026-04-23 08:00:00+00:00,14.5,1860.0,109.0
USGS-09180000,2026-04-23 09:00:00+00:00,14.05,1855.0,109.0
USGS-09180000,2026-04-23 10:00:00+00:00,13.85,1850.0,109.0
USGS-09180000,2026-04-23 11:00:00+00:00,13.7,1845.0,109.0
USGS-09180000,2026-04-23 12:00:00+00:00,13.45,1840.0,109.0
USGS-09180000,2026-04-23 13:00:00+00:00,13.15,1840.0,109.0
USGS-09180000,2026-04-23 14:00:00+00:00,13.0,1840.0,109.0
USGS-09180000,2026-04-23 15:00:00+00:00,13.0,1840.0,109.0
USGS-09180000,2026-04-23 16:00:00+00:00,13.35,1840.0,107.0
USGS-09180000,2026-04-23 17:00:00+00:00,14.1,1840.0,107.0
USGS-09180000,2026-04-23 18:00:00+00:00,14.9,1845.0,107.0
USGS-09180000,2026-04-23 19:00:00+00:00,15.8,1850.0,105.0
USGS-09180000,2026-04-23 20:00:00+00:00,16.700000000000003,1850.0,105.0
USGS-09180000,2026-04-23 21:00:00+00:00,17.35,1860.0,105.0
USGS-09180000,2026-04-23 22:00:00+00:00,17.85,1855.0,105.0
USGS-09180000,2026-04-23 23:00:00+00:00,18.0,1860.0,104.0
USGS-09180000,2026-04-24 00:00:00+00:00,17.75,1870.0,103.0
USGS-09180000,2026-04-24 01:00:00+00:00,17.4,1870.0,103.0
USGS-09180000,2026-04-24 02:00:00+00:00,16.75,1885.0,103.0
USGS-09180000,2026-04-24 03:00:00+00:00,16.5,1895.0,103.0
USGS-09180000,2026-04-24 04:00:00+00:00,16.25,1905.0,103.0
USGS-09180000,2026-04-24 05:00:00+00:00,15.85,1915.0,105.0
USGS-09180000,2026-04-24 06:00:00+00:00,15.45,1920.0,105.0
USGS-09180000,2026-04-24 07:00:00+00:00,14.95,1930.0,105.0
USGS-09180000,2026-04-24 08:00:00+00:00,14.55,1930.0,105.0
USGS-09180000,2026-04-24 09:00:00+00:00,14.05,1935.0,105.0
USGS-09180000,2026-04-24 10:00:00+00:00,13.65,1940.0,105.0
USGS-09180000,2026-04-24 11:00:00+00:00,13.4,1940.0,105.0
USGS-09180000,2026-04-24 12:00:00+00:00,13.15,1950.0,104.0
USGS-09180000,2026-04-24 13:00:00+00:00,12.85,1960.0,103.0
USGS-09180000,2026-04-24 14:00:00+00:00,12.8,1970.0,100.0
USGS-09180000,2026-04-24 15:00:00+00:00,12.9,1990.0,100.0
USGS-09180000,2026-04-24 16:00:00+00:00,13.25,2000.0,
USGS-09180000,2026-04-24 17:00:00+00:00,14.0,2030.0,
USGS-09180000,2026-04-24 18:00:00+00:00,15.05,2065.0,
USGS-09180000,2026-04-24 19:00:00+00:00,16.05,2070.0,
USGS-09180000,2026-04-24 20:00:00+00:00,17.0,2080.0,
USGS-09180000,2026-04-24 21:00:00+00:00,17.55,2070.0,
USGS-09180000,2026-04-24 22:00:00+00:00,17.75,2080.0,
USGS-09180000,2026-04-24 23:00:00+00:00,17.55,2080.0,
USGS-09180000,2026-04-25 00:00:00+00:00,17.1,2080.0,
USGS-09180000,2026-04-25 01:00:00+00:00,16.65,2090.0,
USGS-09180000,2026-04-25 02:00:00+00:00,16.3,2090.0,
USGS-09180000,2026-04-25 03:00:00+00:00,16.15,2100.0,
USGS-09180000,2026-04-25 04:00:00+00:00,16.05,2105.0,
USGS-09180000,2026-04-25 05:00:00+00:00,16.0,2110.0,
USGS-09180000,2026-04-25 06:00:00+00:00,15.75,2115.0,
USGS-09180000,2026-04-25 07:00:00+00:00,15.55,2120.0,
USGS-09180000,2026-04-25 08:00:00+00:00,15.35,2120.0,
USGS-09180000,2026-04-25 09:00:00+00:00,14.95,2120.0,
USGS-09180000,2026-04-25 10:00:00+00:00,14.65,2120.0,
USGS-09180000,2026-04-25 11:00:00+00:00,14.4,2120.0,
USGS-09180000,2026-04-25 12:00:00+00:00,14.25,2120.0,
USGS-09180000,2026-04-25 13:00:00+00:00,14.1,,
USGS-09180000,2026-04-25 14:00:00+00:00,14.1,,
USGS-09180000,2026-04-25 15:00:00+00:00,14.3,2115.0,
USGS-09180000,2026-04-25 16:00:00+00:00,14.45,2105.0,
USGS-09180000,2026-04-25 17:00:00+00:00,15.3,2090.0,
USGS-09180000,2026-04-25 18:00:00+00:00,16.1,2080.0,
USGS-09180000,2026-04-25 19:00:00+00:00,16.85,2065.0,
USGS-09180000,2026-04-25 20:00:00+00:00,17.6,2055.0,
USGS-09180000,2026-04-25 21:00:00+00:00,18.1,2040.0,
USGS-09180000,2026-04-25 22:00:00+00:00,18.35,2030.0,
USGS-09180000,2026-04-25 23:00:00+00:00,18.4,2020.0,
USGS-09180000,2026-04-26 00:00:00+00:00,18.05,2010.0,
USGS-09180000,2026-04-26 01:00:00+00:00,17.75,2000.0,
USGS-09180000,2026-04-26 02:00:00+00:00,17.45,1990.0,
USGS-09180000,2026-04-26 03:00:00+00:00,17.15,1980.0,
USGS-09180000,2026-04-26 04:00:00+00:00,16.85,1970.0,
USGS-09180000,2026-04-26 05:00:00+00:00,16.5,1970.0,
USGS-09180000,2026-04-26 06:00:00+00:00,16.25,1960.0,
USGS-09180000,2026-04-26 07:00:00+00:00,15.95,1950.0,
USGS-09180000,2026-04-26 08:00:00+00:00,15.7,1935.0,
USGS-09180000,2026-04-26 09:00:00+00:00,15.45,1920.0,
USGS-09180000,2026-04-26 10:00:00+00:00,15.05,1900.0,
USGS-09180000,2026-04-26 11:00:00+00:00,14.75,1885.0,
USGS-09180000,2026-04-26 12:00:00+00:00,14.35,1870.0,
USGS-09180000,2026-04-26 13:00:00+00:00,14.15,1860.0,
USGS-09180000,2026-04-26 14:00:00+00:00,14.0,1860.0,
USGS-09180000,2026-04-26 15:00:00+00:00,13.9,1860.0,
USGS-09180000,2026-04-26 16:00:00+00:00,13.8,1860.0,
USGS-09180000,2026-04-26 17:00:00+00:00,14.2,1860.0,
USGS-09180000,2026-04-26 18:00:00+00:00,14.4,1870.0,
USGS-09180000,2026-04-26 19:00:00+00:00,14.65,1870.0,
USGS-09180000,2026-04-26 20:00:00+00:00,14.85,1870.0,
USGS-09180000,2026-04-26 21:00:00+00:00,14.6,1870.0,
USGS-09180000,2026-04-26 22:00:00+00:00,14.5,1870.0,
USGS-09180000,2026-04-26 23:00:00+00:00,14.55,1870.0,
USGS-09180000,2026-04-27 00:00:00+00:00,14.75,1870.0,
USGS-09180000,2026-04-27 01:00:00+00:00,14.5,1865.0,
USGS-09180000,2026-04-27 02:00:00+00:00,14.4,1865.0,
USGS-09180000,2026-04-27 03:00:00+00:00,14.2,1870.0,
USGS-09180000,2026-04-27 04:00:00+00:00,13.95,1880.0,
USGS-09180000,2026-04-27 05:00:00+00:00,13.65,1880.0,
USGS-09180000,2026-04-27 06:00:00+00:00,13.55,1895.0,
USGS-09180000,2026-04-27 07:00:00+00:00,13.35,1900.0,
USGS-09180000,2026-04-27 08:00:00+00:00,13.1,1900.0,
USGS-09180000,2026-04-27 09:00:00+00:00,12.9,1900.0,
USGS-09180000,2026-04-27 10:00:00+00:00,12.7,1890.0,
USGS-09180000,2026-04-27 11:00:00+00:00,12.5,1880.0,
USGS-09180000,2026-04-27 12:00:00+00:00,12.4,1880.0,
USGS-09180000,2026-04-27 13:00:00+00:00,12.45,1880.0,
USGS-09180000,2026-04-27 14:00:00+00:00,12.6,1890.0,
USGS-09180000,2026-04-27 15:00:00+00:00,12.75,1900.0,
USGS-09180000,2026-04-27 16:00:00+00:00,13.3,1910.0,
USGS-09180000,2026-04-27 17:00:00+00:00,13.85,1930.0,
USGS-09180000,2026-04-27 18:00:00+00:00,14.7,1945.0,
USGS-09180000,2026-04-27 19:00:00+00:00,15.65,1970.0,
USGS-09180000,2026-04-27 20:00:00+00:00,16.299999999999997,1995.0,
USGS-09180000,2026-04-27 21:00:00+00:00,16.700000000000003,2030.0,
USGS-09180000,2026-04-27 22:00:00+00:00,17.0,2075.0,
USGS-09180000,2026-04-27 23:00:00+00:00,17.2,2115.0,
USGS-09180000,2026-04-28 00:00:00+00:00,17.2,2165.0,
USGS-09180000,2026-04-28 01:00:00+00:00,16.700000000000003,2195.0,
USGS-09180000,2026-04-28 02:00:00+00:00,16.25,2240.0,
USGS-09180000,2026-04-28 03:00:00+00:00,15.95,2275.0,
USGS-09180000,2026-04-28 04:00:00+00:00,15.55,2315.0,
USGS-09180000,2026-04-28 05:00:00+00:00,15.25,2350.0,
USGS-09180000,2026-04-28 06:00:00+00:00,14.95,2380.0,
USGS-09180000,2026-04-28 07:00:00+00:00,14.6,2415.0,
USGS-09180000,2026-04-28 08:00:00+00:00,14.4,2445.0,
USGS-09180000,2026-04-28 09:00:00+00:00,14.3,2485.0,
USGS-09180000,2026-04-28 10:00:00+00:00,13.95,2510.0,
USGS-09180000,2026-04-28 11:00:00+00:00,13.65,2540.0,
USGS-09180000,2026-04-28 12:00:00+00:00,13.35,2560.0,
USGS-09180000,2026-04-28 13:00:00+00:00,13.05,2580.0,
USGS-09180000,2026-04-28 14:00:00+00:00,13.1,2580.0,
USGS-09180000,2026-04-28 15:00:00+00:00,13.35,2575.0,
USGS-09180000,2026-04-28 16:00:00+00:00,13.85,2555.0,
USGS-09180000,2026-04-28 17:00:00+00:00,14.55,2530.0,
USGS-09180000,2026-04-28 18:00:00+00:00,15.65,2510.0,
USGS-09180000,2026-04-28 19:00:00+00:00,16.700000000000003,2490.0,
USGS-09180000,2026-04-28 20:00:00+00:00,17.65,2470.0,
USGS-09180000,2026-04-28 21:00:00+00:00,18.15,2470.0,
USGS-09180000,2026-04-28 22:00:00+00:00,18.35,2470.0,
USGS-09180000,2026-04-28 23:00:00+00:00,18.4,2460.0,
USGS-09180000,2026-04-29 00:00:00+00:00,18.25,2445.0,
USGS-09180000,2026-04-29 01:00:00+00:00,17.85,2420.0,
USGS-09180000,2026-04-29 02:00:00+00:00,17.299999999999997,2390.0,
USGS-09180000,2026-04-29 03:00:00+00:00,16.95,2375.0,
USGS-09180000,2026-04-29 04:00:00+00:00,16.45,2360.0,
USGS-09180000,2026-04-29 05:00:00+00:00,15.95,2360.0,
USGS-09180000,2026-04-29 06:00:00+00:00,15.45,2385.0,
USGS-09180000,2026-04-29 07:00:00+00:00,15.05,2405.0,
USGS-09180000,2026-04-29 08:00:00+00:00,14.6,2440.0,
USGS-09180000,2026-04-29 09:00:00+00:00,14.2,2470.0,
USGS-09180000,2026-04-29 10:00:00+00:00,14.0,2500.0,
USGS-09180000,2026-04-29 11:00:00+00:00,13.9,2520.0,
USGS-09180000,2026-04-29 12:00:00+00:00,13.7,2530.0,
USGS-09180000,2026-04-29 13:00:00+00:00,13.5,2525.0,
USGS-09180000,2026-04-29 14:00:00+00:00,13.5,2495.0,
USGS-09180000,2026-04-29 15:00:00+00:00,13.7,2445.0,
USGS-09180000,2026-04-29 16:00:00+00:00,14.2,2380.0,
USGS-09180000,2026-04-29 17:00:00+00:00,15.0,2340.0,
USGS-09180000,2026-04-29 18:00:00+00:00,16.0,2320.0,
USGS-09180000,2026-04-29 19:00:00+00:00,17.049999999999997,2335.0,
USGS-09180000,2026-04-29 20:00:00+00:00,18.0,2360.0,
USGS-09180000,2026-04-29 21:00:00+00:00,18.3,2380.0,
USGS-09180000,2026-04-29 22:00:00+00:00,18.55,2390.0,
USGS-09180000,2026-04-29 23:00:00+00:00,18.95,2400.0,
USGS-09180000,2026-04-30 00:00:00+00:00,18.85,2400.0,
USGS-09180000,2026-04-30 01:00:00+00:00,18.55,2405.0,
USGS-09180000,2026-04-30 02:00:00+00:00,18.2,2410.0,
USGS-09180000,2026-04-30 03:00:00+00:00,18.0,2425.0,
USGS-09180000,2026-04-30 04:00:00+00:00,17.65,2445.0,
USGS-09180000,2026-04-30 05:00:00+00:00,17.1,2470.0,
USGS-09180000,2026-04-30 06:00:00+00:00,16.55,2480.0,
USGS-09180000,2026-04-30 07:00:00+00:00,15.95,2490.0,
USGS-09180000,2026-04-30 08:00:00+00:00,15.35,2490.0,
USGS-09180000,2026-04-30 09:00:00+00:00,15.0,2495.0,
USGS-09180000,2026-04-30 10:00:00+00:00,14.75,2520.0,
USGS-09180000,2026-04-30 11:00:00+00:00,14.55,2545.0,
USGS-09180000,2026-04-30 12:00:00+00:00,14.3,2575.0,
USGS-09180000,2026-04-30 13:00:00+00:00,14.0,2590.0,
USGS-09180000,2026-04-30 14:00:00+00:00,14.0,2590.0,
USGS-09180000,2026-04-30 15:00:00+00:00,14.2,2585.0,
USGS-09180000,2026-04-30 16:00:00+00:00,14.7,2595.0,
USGS-09180000,2026-04-30 17:00:00+00:00,15.6,2625.0,
USGS-09180000,2026-04-30 18:00:00+00:00,16.6,2690.0,
USGS-09180000,2026-04-30 19:00:00+00:00,17.65,2760.0,
USGS-09180000,2026-04-30 20:00:00+00:00,18.35,2850.0,
USGS-09180000,2026-04-30 21:00:00+00:00,18.6,2920.0,
USGS-09180000,2026-04-30 22:00:00+00:00,18.45,2985.0,
USGS-09180000,2026-04-30 23:00:00+00:00,18.3,3035.0,
USGS-09180000,2026-05-01 00:00:00+00:00,17.95,3070.0,
USGS-09180000,2026-05-01 01:00:00+00:00,17.65,3070.0,
USGS-09180000,2026-05-01 02:00:00+00:00,17.25,3045.0,
USGS-09180000,2026-05-01 03:00:00+00:00,17.05,3015.0,
USGS-09180000,2026-05-01 04:00:00+00:00,16.65,2985.0,
USGS-09180000,2026-05-01 05:00:00+00:00,16.35,2955.0,
USGS-09180000,2026-05-01 06:00:00+00:00,15.95,2905.0,
USGS-09180000,2026-05-01 07:00:00+00:00,15.5,2855.0,
USGS-09180000,2026-05-01 08:00:00+00:00,15.05,2795.0,
USGS-09180000,2026-05-01 09:00:00+00:00,14.6,2755.0,
USGS-09180000,2026-05-01 10:00:00+00:00,14.3,2680.0,
USGS-09180000,2026-05-01 11:00:00+00:00,14.05,2635.0,
USGS-09180000,2026-05-01 12:00:00+00:00,13.9,2595.0,
USGS-09180000,2026-05-01 13:00:00+00:00,13.7,2575.0,
USGS-09180000,2026-05-01 14:00:00+00:00,13.7,2550.0,
USGS-09180000,2026-05-01 15:00:00+00:00,13.95,2550.0,
USGS-09180000,2026-05-01 16:00:00+00:00,14.4,2540.0,
USGS-09180000,2026-05-01 17:00:00+00:00,15.15,2530.0,
USGS-09180000,2026-05-01 18:00:00+00:00,16.1,2550.0,
USGS-09180000,2026-05-01 19:00:00+00:00,17.049999999999997,2565.0,
USGS-09180000,2026-05-01 20:00:00+00:00,18.1,2585.0,
USGS-09180000,2026-05-01 21:00:00+00:00,18.95,2605.0,
USGS-09180000,2026-05-01 22:00:00+00:00,19.45,2620.0,
USGS-09180000,2026-05-01 23:00:00+00:00,19.6,2635.0,
USGS-09180000,2026-05-02 00:00:00+00:00,19.35,2645.0,
USGS-09180000,2026-05-02 01:00:00+00:00,18.95,2665.0,
USGS-09180000,2026-05-02 02:00:00+00:00,18.299999999999997,2690.0,
USGS-09180000,2026-05-02 03:00:00+00:00,17.85,2725.0,
USGS-09180000,2026-05-02 04:00:00+00:00,17.55,2765.0,
USGS-09180000,2026-05-02 05:00:00+00:00,17.15,2800.0,
USGS-09180000,2026-05-02 06:00:00+00:00,16.65,2820.0,
USGS-09180000,2026-05-02 07:00:00+00:00,16.15,2840.0,
USGS-09180000,2026-05-02 08:00:00+00:00,15.65,2850.0,
USGS-09180000,2026-05-02 09:00:00+00:00,15.15,2860.0,
USGS-09180000,2026-05-02 10:00:00+00:00,14.75,2875.0,
USGS-09180000,2026-05-02 11:00:00+00:00,14.4,2905.0,
USGS-09180000,2026-05-02 12:00:00+00:00,14.15,2935.0,
USGS-09180000,2026-05-02 13:00:00+00:00,13.9,2960.0,
USGS-09180000,2026-05-02 14:00:00+00:00,13.9,2985.0,
USGS-09180000,2026-05-02 15:00:00+00:00,14.25,3000.0,
USGS-09180000,2026-05-02 16:00:00+00:00,14.8,3025.0,
USGS-09180000,2026-05-02 17:00:00+00:00,15.75,3035.0,
USGS-09180000,2026-05-02 18:00:00+00:00,16.85,3055.0,
USGS-09180000,2026-05-02 19:00:00+00:00,17.950000000000003,3075.0,
USGS-09180000,2026-05-02 20:00:00+00:00,19.0,3090.0,
USGS-09180000,2026-05-02 21:00:00+00:00,19.950000000000003,3100.0,
USGS-09180000,2026-05-02 22:00:00+00:00,20.25,3110.0,
USGS-09180000,2026-05-02 23:00:00+00:00,20.4,3100.0,
USGS-09180000,2026-05-03 00:00:00+00:00,20.35,3095.0,
USGS-09180000,2026-05-03 01:00:00+00:00,20.05,3080.0,
USGS-09180000,2026-05-03 02:00:00+00:00,19.65,3060.0,
USGS-09180000,2026-05-03 03:00:00+00:00,19.25,3040.0,
USGS-09180000,2026-05-03 04:00:00+00:00,18.95,3025.0,
USGS-09180000,2026-05-03 05:00:00+00:00,18.6,2990.0,
USGS-09180000,2026-05-03 06:00:00+00:00,18.200000000000003,2970.0,
USGS-09180000,2026-05-03 07:00:00+00:00,17.700000000000003,2955.0,
USGS-09180000,2026-05-03 08:00:00+00:00,17.15,2940.0,
USGS-09180000,2026-05-03 09:00:00+00:00,16.65,2915.0,
USGS-09180000,2026-05-03 10:00:00+00:00,16.25,2920.0,
USGS-09180000,2026-05-03 11:00:00+00:00,15.85,2935.0,
USGS-09180000,2026-05-03 12:00:00+00:00,15.6,2950.0,
USGS-09180000,2026-05-03 13:00:00+00:00,15.4,2945.0,
USGS-09180000,2026-05-03 14:00:00+00:00,15.4,2940.0,
USGS-09180000,2026-05-03 15:00:00+00:00,15.45,2915.0,
USGS-09180000,2026-05-03 16:00:00+00:00,15.85,2865.0,
USGS-09180000,2026-05-03 17:00:00+00:00,16.5,2825.0,
USGS-09180000,2026-05-03 18:00:00+00:00,17.549999999999997,2785.0,
USGS-09180000,2026-05-03 19:00:00+00:00,18.700000000000003,2760.0,
USGS-09180000,2026-05-03 20:00:00+00:00,19.6,2760.0,
USGS-09180000,2026-05-03 21:00:00+00:00,20.35,2760.0,
USGS-09180000,2026-05-03 22:00:00+00:00,20.6,2795.0,
USGS-09180000,2026-05-03 23:00:00+00:00,20.8,2825.0,
USGS-09180000,2026-05-04 00:00:00+00:00,20.55,2870.0,
USGS-09180000,2026-05-04 01:00:00+00:00,20.3,2930.0,
USGS-09180000,2026-05-04 02:00:00+00:00,19.9,2980.0,
USGS-09180000,2026-05-04 03:00:00+00:00,19.45,3040.0,
USGS-09180000,2026-05-04 04:00:00+00:00,19.15,3065.0,
USGS-09180000,2026-05-04 05:00:00+00:00,18.9,3080.0,
USGS-09180000,2026-05-04 06:00:00+00:00,18.6,3080.0,
USGS-09180000,2026-05-04 07:00:00+00:00,18.35,3055.0,
USGS-09180000,2026-05-04 08:00:00+00:00,18.05,3025.0,
USGS-09180000,2026-05-04 09:00:00+00:00,17.700000000000003,2980.0,
USGS-09180000,2026-05-04 10:00:00+00:00,17.25,2940.0,
USGS-09180000,2026-05-04 11:00:00+00:00,16.85,2895.0,
USGS-09180000,2026-05-04 12:00:00+00:00,16.65,2845.0,
USGS-09180000,2026-05-04 13:00:00+00:00,16.4,2790.0,
USGS-09180000,2026-05-04 14:00:00+00:00,16.4,2740.0,
USGS-09180000,2026-05-04 15:00:00+00:00,16.45,2675.0,
USGS-09180000,2026-05-04 16:00:00+00:00,17.0,2615.0,
USGS-09180000,2026-05-04 17:00:00+00:00,17.799999999999997,2565.0,
USGS-09180000,2026-05-04 18:00:00+00:00,18.6,2515.0,
USGS-09180000,2026-05-04 19:00:00+00:00,19.5,2465.0,
USGS-09180000,2026-05-04 20:00:00+00:00,20.15,2420.0,
USGS-09180000,2026-05-04 21:00:00+00:00,20.45,2295.0,
USGS-09180000,2026-05-04 22:00:00+00:00,20.6,2285.0,
USGS-09180000,2026-05-04 23:00:00+00:00,20.45,2335.0,
USGS-09180000,2026-05-05 00:00:00+00:00,20.15,2345.0,
USGS-09180000,2026-05-05 01:00:00+00:00,19.65,2345.0,
USGS-09180000,2026-05-05 02:00:00+00:00,19.15,2355.0,
USGS-09180000,2026-05-05 03:00:00+00:00,18.65,2370.0,
USGS-09180000,2026-05-05 04:00:00+00:00,18.25,2385.0,
USGS-09180000,2026-05-05 05:00:00+00:00,18.0,2405.0,
USGS-09180000,2026-05-05 06:00:00+00:00,17.65,2425.0,
USGS-09180000,2026-05-05 07:00:00+00:00,17.4,2440.0,
USGS-09180000,2026-05-05 08:00:00+00:00,17.05,2455.0,
USGS-09180000,2026-05-05 09:00:00+00:00,16.85,2470.0,
USGS-09180000,2026-05-05 10:00:00+00:00,16.6,2490.0,
USGS-09180000,2026-05-05 11:00:00+00:00,16.35,2505.0,
USGS-09180000,2026-05-05 12:00:00+00:00,16.0,2525.0,
USGS-09180000,2026-05-05 13:00:00+00:00,15.8,2540.0,
USGS-09180000,2026-05-05 14:00:00+00:00,15.8,2560.0,
USGS-09180000,2026-05-05 15:00:00+00:00,16.05,2565.0,
USGS-09180000,2026-05-05 16:00:00+00:00,16.5,2570.0,
USGS-09180000,2026-05-05 17:00:00+00:00,17.25,2560.0,
USGS-09180000,2026-05-05 18:00:00+00:00,18.049999999999997,2540.0,
USGS-09180000,2026-05-05 19:00:00+00:00,18.9,2520.0,
USGS-09180000,2026-05-05 20:00:00+00:00,19.55,2490.0,
USGS-09180000,2026-05-05 21:00:00+00:00,20.15,2455.0,
USGS-09180000,2026-05-05 22:00:00+00:00,20.45,2425.0,
USGS-09180000,2026-05-05 23:00:00+00:00,20.3,2395.0,
USGS-09180000,2026-05-06 00:00:00+00:00,19.9,2365.0,
USGS-09180000,2026-05-06 01:00:00+00:00,19.299999999999997,2335.0,
USGS-09180000,2026-05-06 02:00:00+00:00,18.6,2320.0,
USGS-09180000,2026-05-06 03:00:00+00:00,18.1,2300.0,
USGS-09180000,2026-05-06 04:00:00+00:00,17.9,2290.0,
USGS-09180000,2026-05-06 05:00:00+00:00,17.7,2280.0,
USGS-09180000,2026-05-06 06:00:00+00:00,17.5,2270.0,
USGS-09180000,2026-05-06 07:00:00+00:00,17.25,2270.0,
USGS-09180000,2026-05-06 08:00:00+00:00,17.0,2280.0,
USGS-09180000,2026-05-06 09:00:00+00:00,16.6,2280.0,
USGS-09180000,2026-05-06 10:00:00+00:00,16.2,2285.0,
USGS-09180000,2026-05-06 11:00:00+00:00,15.85,2290.0,
USGS-09180000,2026-05-06 12:00:00+00:00,15.55,2280.0,
USGS-09180000,2026-05-06 13:00:00+00:00,15.15,2270.0,
USGS-09180000,2026-05-06 14:00:00+00:00,14.95,2260.0,
USGS-09180000,2026-05-06 15:00:00+00:00,15.0,2255.0,
USGS-09180000,2026-05-06 16:00:00+00:00,15.35,2250.0,
USGS-09180000,2026-05-06 17:00:00+00:00,15.65,2230.0,
USGS-09180000,2026-05-06 18:00:00+00:00,16.299999999999997,2230.0,
USGS-09180000,2026-05-06 19:00:00+00:00,17.25,2240.0,
USGS-09180000,2026-05-06 20:00:00+00:00,18.200000000000003,2240.0,
USGS-09180000,2026-05-06 21:00:00+00:00,18.85,2230.0,
USGS-09180000,2026-05-06 22:00:00+00:00,19.15,2215.0,
USGS-09180000,2026-05-06 23:00:00+00:00,19.3,2200.0,
USGS-09180000,2026-05-07 00:00:00+00:00,19.2,2180.0,
USGS-09180000,2026-05-07 01:00:00+00:00,18.85,2160.0,
USGS-09180000,2026-05-07 02:00:00+00:00,18.35,2140.0,
USGS-09180000,2026-05-07 03:00:00+00:00,17.75,2125.0,
USGS-09180000,2026-05-07 04:00:00+00:00,17.25,2110.0,
USGS-09180000,2026-05-07 05:00:00+00:00,16.85,2100.0,
USGS-09180000,2026-05-07 06:00:00+00:00,16.45,2095.0,
USGS-09180000,2026-05-07 07:00:00+00:00,15.95,2090.0,
USGS-09180000,2026-05-07 08:00:00+00:00,15.45,2090.0,
USGS-09180000,2026-05-07 09:00:00+00:00,14.9,2100.0,
USGS-09180000,2026-05-07 10:00:00+00:00,14.35,2120.0,
USGS-09180000,2026-05-07 11:00:00+00:00,13.95,2145.0,
USGS-09180000,2026-05-07 12:00:00+00:00,13.65,2185.0,
USGS-09180000,2026-05-07 13:00:00+00:00,13.55,2215.0,
USGS-09180000,2026-05-07 14:00:00+00:00,13.75,2250.0,
USGS-09180000,2026-05-07 15:00:00+00:00,14.05,2275.0,
USGS-09180000,2026-05-07 16:00:00+00:00,14.6,2300.0,
USGS-09180000,2026-05-07 17:00:00+00:00,15.55,2320.0,
USGS-09180000,2026-05-07 18:00:00+00:00,16.65,2330.0,
USGS-09180000,2026-05-07 19:00:00+00:00,17.700000000000003,2340.0,
USGS-09180000,2026-05-07 20:00:00+00:00,18.75,2340.0,
USGS-09180000,2026-05-07 21:00:00+00:00,19.700000000000003,2335.0,
USGS-09180000,2026-05-07 22:00:00+00:00,20.25,2340.0,
USGS-09180000,2026-05-07 23:00:00+00:00,20.5,2325.0,
USGS-09180000,2026-05-08 00:00:00+00:00,20.45,2310.0,
USGS-09180000,2026-05-08 01:00:00+00:00,20.15,2300.0,
USGS-09180000,2026-05-08 02:00:00+00:00,19.65,2290.0,
USGS-09180000,2026-05-08 03:00:00+00:00,19.25,2275.0,
USGS-09180000,2026-05-08 04:00:00+00:00,19.0,2270.0,
USGS-09180000,2026-05-08 05:00:00+00:00,18.75,2270.0,
USGS-09180000,2026-05-08 06:00:00+00:00,18.45,2270.0,
USGS-09180000,2026-05-08 07:00:00+00:00,17.95,2290.0,
USGS-09180000,2026-05-08 08:00:00+00:00,17.65,2305.0,
USGS-09180000,2026-05-08 09:00:00+00:00,17.35,2345.0,
USGS-09180000,2026-05-08 10:00:00+00:00,17.0,2395.0,
USGS-09180000,2026-05-08 11:00:00+00:00,16.75,2455.0,
USGS-09180000,2026-05-08 12:00:00+00:00,16.55,2520.0,
USGS-09180000,2026-05-08 13:00:00+00:00,16.4,2600.0,
USGS-09180000,2026-05-08 14:00:00+00:00,16.55,2665.0,
USGS-09180000,2026-05-08 15:00:00+00:00,16.75,2730.0,
USGS-09180000,2026-05-08 16:00:00+00:00,17.35,2800.0,
USGS-09180000,2026-05-08 17:00:00+00:00,18.1,2850.0,
USGS-09180000,2026-05-08 18:00:00+00:00,18.9,2885.0,
USGS-09180000,2026-05-08 19:00:00+00:00,19.85,2925.0,
USGS-09180000,2026-05-08 20:00:00+00:00,20.700000000000003,2960.0,
USGS-09180000,2026-05-08 21:00:00+00:00,21.35,2985.0,
USGS-09180000,2026-05-08 22:00:00+00:00,21.95,3010.0,
USGS-09180000,2026-05-08 23:00:00+00:00,22.05,3025.0,
USGS-09180000,2026-05-09 00:00:00+00:00,21.85,3030.0,
USGS-09180000,2026-05-09 01:00:00+00:00,21.55,3030.0,
USGS-09180000,2026-05-09 02:00:00+00:00,20.95,3020.0,
USGS-09180000,2026-05-09 03:00:00+00:00,20.55,3010.0,
USGS-09180000,2026-05-09 04:00:00+00:00,20.15,2985.0,
USGS-09180000,2026-05-09 05:00:00+00:00,19.9,2970.0,
USGS-09180000,2026-05-09 06:00:00+00:00,19.65,,
USGS-09180000,2026-05-09 07:00:00+00:00,19.25,2920.0,
USGS-09180000,2026-05-09 08:00:00+00:00,18.85,2915.0,
USGS-09180000,2026-05-09 09:00:00+00:00,18.45,2920.0,
USGS-09180000,2026-05-09 10:00:00+00:00,18.0,2945.0,
USGS-09180000,2026-05-09 11:00:00+00:00,17.65,2975.0,
USGS-09180000,2026-05-09 12:00:00+00:00,17.35,3005.0,
USGS-09180000,2026-05-09 13:00:00+00:00,17.2,3035.0,
USGS-09180000,2026-05-09 14:00:00+00:00,17.2,3060.0,
USGS-09180000,2026-05-09 15:00:00+00:00,17.45,3070.0,
USGS-09180000,2026-05-09 16:00:00+00:00,18.1,3075.0,
USGS-09180000,2026-05-09 17:00:00+00:00,18.9,3070.0,
USGS-09180000,2026-05-09 18:00:00+00:00,19.9,3060.0,
USGS-09180000,2026-05-09 19:00:00+00:00,20.799999999999997,3060.0,
USGS-09180000,2026-05-09 20:00:00+00:00,21.5,3085.0,
USGS-09180000,2026-05-09 21:00:00+00:00,21.75,3120.0,
USGS-09180000,2026-05-09 22:00:00+00:00,21.8,3170.0,
USGS-09180000,2026-05-09 23:00:00+00:00,21.6,3240.0,
USGS-09180000,2026-05-10 00:00:00+00:00,21.15,3305.0,
USGS-09180000,2026-05-10 01:00:00+00:00,20.65,3345.0,
USGS-09180000,2026-05-10 02:00:00+00:00,20.05,3380.0,
USGS-09180000,2026-05-10 03:00:00+00:00,19.55,3380.0,
USGS-09180000,2026-05-10 04:00:00+00:00,19.1,3345.0,
USGS-09180000,2026-05-10 05:00:00+00:00,18.65,3300.0,
USGS-09180000,2026-05-10 06:00:00+00:00,18.4,3240.0,
USGS-09180000,2026-05-10 07:00:00+00:00,18.1,3185.0,
USGS-09180000,2026-05-10 08:00:00+00:00,17.65,3125.0,
USGS-09180000,2026-05-10 09:00:00+00:00,17.25,3085.0,
USGS-09180000,2026-05-10 10:00:00+00:00,16.85,3045.0,
USGS-09180000,2026-05-10 11:00:00+00:00,16.45,3015.0,
USGS-09180000,2026-05-10 12:00:00+00:00,16.15,2990.0,
USGS-09180000,2026-05-10 13:00:00+00:00,15.9,2980.0,
USGS-09180000,2026-05-10 14:00:00+00:00,16.05,2970.0,
USGS-09180000,2026-05-10 15:00:00+00:00,16.5,2980.0,
USGS-09180000,2026-05-10 16:00:00+00:00,17.1,2970.0,
USGS-09180000,2026-05-10 17:00:00+00:00,17.9,2970.0,
USGS-09180000,2026-05-10 18:00:00+00:00,18.9,2960.0,
USGS-09180000,2026-05-10 19:00:00+00:00,19.85,2950.0,
USGS-09180000,2026-05-10 20:00:00+00:00,20.75,2945.0,
USGS-09180000,2026-05-10 21:00:00+00:00,21.55,2945.0,
USGS-09180000,2026-05-10 22:00:00+00:00,22.15,2960.0,
USGS-09180000,2026-05-10 23:00:00+00:00,22.4,2975.0,
USGS-09180000,2026-05-11 00:00:00+00:00,22.35,2990.0,
USGS-09180000,2026-05-11 01:00:00+00:00,22.05,2990.0,
USGS-09180000,2026-05-11 02:00:00+00:00,21.5,2990.0,
USGS-09180000,2026-05-11 03:00:00+00:00,20.799999999999997,2985.0,
USGS-09180000,2026-05-11 04:00:00+00:00,20.25,2965.0,
USGS-09180000,2026-05-11 05:00:00+00:00,19.75,2935.0,
USGS-09180000,2026-05-11 06:00:00+00:00,19.35,2905.0,
USGS-09180000,2026-05-11 07:00:00+00:00,18.95,2845.0,
USGS-09180000,2026-05-11 08:00:00+00:00,18.5,2815.0,
USGS-09180000,2026-05-11 09:00:00+00:00,18.05,2775.0,
USGS-09180000,2026-05-11 10:00:00+00:00,17.65,2745.0,
USGS-09180000,2026-05-11 11:00:00+00:00,17.25,2720.0,
USGS-09180000,2026-05-11 12:00:00+00:00,16.85,2715.0,
USGS-09180000,2026-05-11 13:00:00+00:00,16.6,2720.0,
USGS-09180000,2026-05-11 14:00:00+00:00,16.75,2735.0,
USGS-09180000,2026-05-11 15:00:00+00:00,17.05,2765.0,
USGS-09180000,2026-05-11 16:00:00+00:00,17.700000000000003,2805.0,
USGS-09180000,2026-05-11 17:00:00+00:00,18.65,2835.0,
USGS-09180000,2026-05-11 18:00:00+00:00,19.85,2865.0,
USGS-09180000,2026-05-11 19:00:00+00:00,20.9,2890.0,
USGS-09180000,2026-05-11 20:00:00+00:00,21.85,2900.0,
USGS-09180000,2026-05-11 21:00:00+00:00,22.75,2900.0,
USGS-09180000,2026-05-11 22:00:00+00:00,23.45,2885.0,
USGS-09180000,2026-05-11 23:00:00+00:00,23.8,2865.0,
USGS-09180000,2026-05-12 00:00:00+00:00,23.8,2830.0,
USGS-09180000,2026-05-12 01:00:00+00:00,23.45,2795.0,
USGS-09180000,2026-05-12 02:00:00+00:00,22.85,2775.0,
USGS-09180000,2026-05-12 03:00:00+00:00,22.15,2735.0,
USGS-09180000,2026-05-12 04:00:00+00:00,21.55,2695.0,
USGS-09180000,2026-05-12 05:00:00+00:00,21.05,2655.0,
USGS-09180000,2026-05-12 06:00:00+00:00,20.55,2625.0,
USGS-09180000,2026-05-12 07:00:00+00:00,20.15,2585.0,
USGS-09180000,2026-05-12 08:00:00+00:00,19.75,2555.0,
USGS-09180000,2026-05-12 09:00:00+00:00,19.25,2525.0,
USGS-09180000,2026-05-12 10:00:00+00:00,18.85,2500.0,
USGS-09180000,2026-05-12 11:00:00+00:00,18.35,2480.0,
USGS-09180000,2026-05-12 12:00:00+00:00,17.95,2465.0,
USGS-09180000,2026-05-12 13:00:00+00:00,17.7,2450.0,
USGS-09180000,2026-05-12 14:00:00+00:00,17.75,2450.0,
USGS-09180000,2026-05-12 15:00:00+00:00,18.05,2450.0,
USGS-09180000,2026-05-12 16:00:00+00:00,18.6,2450.0,
USGS-09180000,2026-05-12 17:00:00+00:00,19.549999999999997,,
USGS-09180000,2026-05-12 18:00:00+00:00,20.75,2480.0,
USGS-09180000,2026-05-12 19:00:00+00:00,21.950000000000003,2490.0,
USGS-09180000,2026-05-12 20:00:00+00:00,23.0,2500.0,
USGS-09180000,2026-05-12 21:00:00+00:00,23.9,2510.0,
USGS-09180000,2026-05-12 22:00:00+00:00,24.65,2535.0,
USGS-09180000,2026-05-12 23:00:00+00:00,24.9,2550.0,
USGS-09180000,2026-05-13 00:00:00+00:00,24.8,2595.0,
USGS-09180000,2026-05-13 01:00:00+00:00,24.4,2610.0,
USGS-09180000,2026-05-13 02:00:00+00:00,23.799999999999997,2625.0,
USGS-09180000,2026-05-13 03:00:00+00:00,23.1,2650.0,
USGS-09180000,2026-05-13 04:00:00+00:00,22.45,2670.0,
USGS-09180000,2026-05-13 05:00:00+00:00,21.95,2695.0,
USGS-09180000,2026-05-13 06:00:00+00:00,21.45,2720.0,
USGS-09180000,2026-05-13 07:00:00+00:00,21.05,2745.0,
USGS-09180000,2026-05-13 08:00:00+00:00,20.65,2775.0,
USGS-09180000,2026-05-13 09:00:00+00:00,20.1,2795.0,
USGS-09180000,2026-05-13 10:00:00+00:00,19.65,2810.0,
USGS-09180000,2026-05-13 11:00:00+00:00,19.25,2835.0,
USGS-09180000,2026-05-13 12:00:00+00:00,18.75,2850.0,
USGS-09180000,2026-05-13 13:00:00+00:00,18.4,2860.0,
USGS-09180000,2026-05-13 14:00:00+00:00,18.5,2870.0,
USGS-09180000,2026-05-13 15:00:00+00:00,18.95,2880.0,
USGS-09180000,2026-05-13 16:00:00+00:00,19.5,2885.0,
USGS-09180000,2026-05-13 17:00:00+00:00,20.35,2890.0,
USGS-09180000,2026-05-13 18:00:00+00:00,21.35,2890.0,
USGS-09180000,2026-05-13 19:00:00+00:00,22.05,2900.0,
USGS-09180000,2026-05-13 20:00:00+00:00,22.55,2910.0,
USGS-09180000,2026-05-13 21:00:00+00:00,22.65,2920.0,
USGS-09180000,2026-05-13 22:00:00+00:00,23.15,2935.0,
USGS-09180000,2026-05-13 23:00:00+00:00,23.4,2955.0,
USGS-09180000,2026-05-14 00:00:00+00:00,23.15,2980.0,
USGS-09180000,2026-05-14 01:00:00+00:00,22.6,3005.0,
USGS-09180000,2026-05-14 02:00:00+00:00,22.1,3025.0,
USGS-09180000,2026-05-14 03:00:00+00:00,21.45,3050.0,
USGS-09180000,2026-05-14 04:00:00+00:00,20.9,3070.0,
USGS-09180000,2026-05-14 05:00:00+00:00,20.45,3090.0,
USGS-09180000,2026-05-14 06:00:00+00:00,20.2,3105.0,
USGS-09180000,2026-05-14 07:00:00+00:00,19.95,3130.0,
USGS-09180000,2026-05-14 08:00:00+00:00,19.65,3155.0,
USGS-09180000,2026-05-14 09:00:00+00:00,19.25,3185.0,
USGS-09180000,2026-05-14 10:00:00+00:00,18.85,3205.0,
USGS-09180000,2026-05-14 11:00:00+00:00,18.45,3225.0,
USGS-09180000,2026-05-14 12:00:00+00:00,18.1,3240.0,
USGS-09180000,2026-05-14 13:00:00+00:00,17.95,3240.0,
USGS-09180000,2026-05-14 14:00:00+00:00,18.15,3240.0,
USGS-09180000,2026-05-14 15:00:00+00:00,18.65,3240.0,
USGS-09180000,2026-05-14 16:00:00+00:00,19.25,3250.0,
USGS-09180000,2026-05-14 17:00:00+00:00,20.15,3240.0,
USGS-09180000,2026-05-14 18:00:00+00:00,21.200000000000003,3250.0,
USGS-09180000,2026-05-14 19:00:00+00:00,22.1,3250.0,
USGS-09180000,2026-05-14 20:00:00+00:00,22.9,3250.0,
USGS-09180000,2026-05-14 21:00:00+00:00,23.55,3260.0,
USGS-09180000,2026-05-14 22:00:00+00:00,24.0,3260.0,
USGS-09180000,2026-05-14 23:00:00+00:00,24.0,3260.0,
USGS-09180000,2026-05-15 00:00:00+00:00,23.85,3250.0,
USGS-09180000,2026-05-15 01:00:00+00:00,23.45,3235.0,
USGS-09180000,2026-05-15 02:00:00+00:00,22.9,3215.0,
USGS-09180000,2026-05-15 03:00:00+00:00,22.45,3175.0,
USGS-09180000,2026-05-15 04:00:00+00:00,22.15,3125.0,
USGS-09180000,2026-05-15 05:00:00+00:00,21.8,3065.0,
USGS-09180000,2026-05-15 06:00:00+00:00,21.35,3000.0,
USGS-09180000,2026-05-15 07:00:00+00:00,20.85,2940.0,
USGS-09180000,2026-05-15 08:00:00+00:00,20.25,2870.0,
USGS-09180000,2026-05-15 09:00:00+00:00,19.75,2800.0,
USGS-09180000,2026-05-15 10:00:00+00:00,19.35,2730.0,
USGS-09180000,2026-05-15 11:00:00+00:00,19.05,2670.0,
USGS-09180000,2026-05-15 12:00:00+00:00,18.8,2630.0,
USGS-09180000,2026-05-15 13:00:00+00:00,18.5,2635.0,
USGS-09180000,2026-05-15 14:00:00+00:00,18.55,2680.0,
USGS-09180000,2026-05-15 15:00:00+00:00,18.75,2745.0,
USGS-09180000,2026-05-15 16:00:00+00:00,19.35,2810.0,
USGS-09180000,2026-05-15 17:00:00+00:00,20.200000000000003,2875.0,
USGS-09180000,2026-05-15 18:00:00+00:00,21.1,2915.0,
USGS-09180000,2026-05-15 19:00:00+00:00,22.0,2930.0,
USGS-09180000,2026-05-15 20:00:00+00:00,22.65,2915.0,
USGS-09180000,2026-05-15 21:00:00+00:00,23.15,2860.0,
USGS-09180000,2026-05-15 22:00:00+00:00,23.55,2780.0,
USGS-09180000,2026-05-15 23:00:00+00:00,23.65,2700.0,
USGS-09180000,2026-05-16 00:00:00+00:00,23.6,2625.0,
USGS-09180000,2026-05-16 01:00:00+00:00,23.25,2585.0,
USGS-09180000,2026-05-16 02:00:00+00:00,23.05,2545.0,
USGS-09180000,2026-05-16 03:00:00+00:00,22.75,2525.0,
USGS-09180000,2026-05-16 04:00:00+00:00,22.35,2510.0,
USGS-09180000,2026-05-16 05:00:00+00:00,21.95,2510.0,
USGS-09180000,2026-05-16 06:00:00+00:00,21.65,2520.0,
USGS-09180000,2026-05-16 07:00:00+00:00,21.25,2545.0,
USGS-09180000,2026-05-16 08:00:00+00:00,20.95,2570.0,
USGS-09180000,2026-05-16 09:00:00+00:00,20.75,2570.0,
USGS-09180000,2026-05-16 10:00:00+00:00,20.4,2560.0,
USGS-09180000,2026-05-16 11:00:00+00:00,19.85,2560.0,
USGS-09180000,2026-05-16 12:00:00+00:00,19.35,2560.0,
USGS-09180000,2026-05-16 13:00:00+00:00,19.1,2565.0,
USGS-09180000,2026-05-16 14:00:00+00:00,19.2,2575.0,
USGS-09180000,2026-05-16 15:00:00+00:00,19.55,2595.0,
USGS-09180000,2026-05-16 16:00:00+00:00,20.200000000000003,2620.0,
USGS-09180000,2026-05-16 17:00:00+00:00,20.9,2635.0,
USGS-09180000,2026-05-16 18:00:00+00:00,21.6,2650.0,
USGS-09180000,2026-05-16 19:00:00+00:00,22.2,2645.0,
USGS-09180000,2026-05-16 20:00:00+00:00,22.6,2640.0,
USGS-09180000,2026-05-16 21:00:00+00:00,22.75,2630.0,
USGS-09180000,2026-05-16 22:00:00+00:00,22.700000000000003,2625.0,
USGS-09180000,2026-05-16 23:00:00+00:00,22.8,2630.0,
USGS-09180000,2026-05-17 00:00:00+00:00,22.8,2600.0,
USGS-09180000,2026-05-17 01:00:00+00:00,22.55,2535.0,
USGS-09180000,2026-05-17 02:00:00+00:00,22.0,2440.0,
USGS-09180000,2026-05-17 03:00:00+00:00,21.1,2355.0,
USGS-09180000,2026-05-17 04:00:00+00:00,20.45,2305.0,
USGS-09180000,2026-05-17 05:00:00+00:00,19.799999999999997,2290.0,
USGS-09180000,2026-05-17 06:00:00+00:00,19.15,2285.0,
USGS-09180000,2026-05-17 07:00:00+00:00,18.65,2240.0,
USGS-09180000,2026-05-17 08:00:00+00:00,18.25,2180.0,
USGS-09180000,2026-05-17 09:00:00+00:00,17.85,2135.0,
USGS-09180000,2026-05-17 10:00:00+00:00,17.55,2075.0,
USGS-09180000,2026-05-17 11:00:00+00:00,17.3,1995.0,
USGS-09180000,2026-05-17 12:00:00+00:00,17.1,1920.0,
USGS-09180000,2026-05-17 13:00:00+00:00,17.0,1850.0,
USGS-09180000,2026-05-17 14:00:00+00:00,17.05,1785.0,
USGS-09180000,2026-05-17 15:00:00+00:00,17.2,1735.0,
USGS-09180000,2026-05-17 16:00:00+00:00,17.65,1695.0,
USGS-09180000,2026-05-17 17:00:00+00:00,18.299999999999997,1650.0,
USGS-09180000,2026-05-17 18:00:00+00:00,19.1,1615.0,
USGS-09180000,2026-05-17 19:00:00+00:00,20.1,1590.0,
USGS-09180000,2026-05-17 20:00:00+00:00,20.5,1555.0,
USGS-09180000,2026-05-17 21:00:00+00:00,20.4,1520.0,
USGS-09180000,2026-05-17 22:00:00+00:00,20.5,1510.0,
USGS-09180000,2026-05-17 23:00:00+00:00,20.5,1505.0,
USGS-09180000,2026-05-18 00:00:00+00:00,20.55,1490.0,
USGS-09180000,2026-05-18 01:00:00+00:00,20.15,1450.0,
USGS-09180000,2026-05-18 02:00:00+00:00,19.55,1415.0,
USGS-09180000,2026-05-18 03:00:00+00:00,19.05,1395.0,
USGS-09180000,2026-05-18 04:00:00+00:00,18.75,1375.0,
USGS-09180000,2026-05-18 05:00:00+00:00,18.5,1360.0,
USGS-09180000,2026-05-18 06:00:00+00:00,18.25,1345.0,
USGS-09180000,2026-05-18 07:00:00+00:00,17.95,1325.0,
USGS-09180000,2026-05-18 08:00:00+00:00,17.65,1305.0,
USGS-09180000,2026-05-18 09:00:00+00:00,17.25,1285.0,
USGS-09180000,2026-05-18 10:00:00+00:00,16.85,1265.0,
USGS-09180000,2026-05-18 11:00:00+00:00,16.55,1250.0,
USGS-09180000,2026-05-18 12:00:00+00:00,16.2,1240.0,
USGS-09180000,2026-05-18 13:00:00+00:00,16.05,1240.0,
USGS-09180000,2026-05-18 14:00:00+00:00,15.75,1235.0,
USGS-09180000,2026-05-18 15:00:00+00:00,15.5,1190.0,
USGS-09180000,2026-05-18 16:00:00+00:00,15.45,1175.0,
USGS-09180000,2026-05-18 17:00:00+00:00,15.35,1165.0,
USGS-09180000,2026-05-18 18:00:00+00:00,15.3,1160.0,
USGS-09180000,2026-05-18 19:00:00+00:00,15.2,1150.0,
USGS-09180000,2026-05-18 20:00:00+00:00,15.3,1140.0,
USGS-09180000,2026-05-18 21:00:00+00:00,15.4,1120.0,
USGS-09180000,2026-05-18 22:00:00+00:00,15.4,1110.0,
USGS-09180000,2026-05-18 23:00:00+00:00,15.65,1110.0,
USGS-09180000,2026-05-19 00:00:00+00:00,15.8,1100.0,
USGS-09180000,2026-05-19 01:00:00+00:00,15.75,1100.0,
USGS-09180000,2026-05-19 02:00:00+00:00,15.45,1090.0,
USGS-09180000,2026-05-19 03:00:00+00:00,15.1,1090.0,
USGS-09180000,2026-05-19 04:00:00+00:00,14.95,1080.0,
USGS-09180000,2026-05-19 05:00:00+00:00,14.75,1080.0,
USGS-09180000,2026-05-19 06:00:00+00:00,14.6,1080.0,
USGS-09180000,2026-05-19 07:00:00+00:00,14.6,1080.0,
USGS-09180000,2026-05-19 08:00:00+00:00,14.55,1090.0,
USGS-09180000,2026-05-19 09:00:00+00:00,14.4,1110.0,
USGS-09180000,2026-05-19 10:00:00+00:00,14.3,1140.0,
USGS-09180000,2026-05-19 11:00:00+00:00,14.3,1175.0,
USGS-09180000,2026-05-19 12:00:00+00:00,14.3,1215.0,
USGS-09180000,2026-05-19 13:00:00+00:00,14.2,1225.0,
USGS-09180000,2026-05-19 14:00:00+00:00,14.2,1205.0,
USGS-09180000,2026-05-19 15:00:00+00:00,14.35,1180.0,
USGS-09180000,2026-05-19 16:00:00+00:00,14.85,1160.0,
USGS-09180000,2026-05-19 17:00:00+00:00,15.5,1165.0,
USGS-09180000,2026-05-19 18:00:00+00:00,16.450000000000003,1220.0,
USGS-09180000,2026-05-19 19:00:00+00:00,17.299999999999997,1290.0,
USGS-09180000,2026-05-19 20:00:00+00:00,18.1,1370.0,
USGS-09180000,2026-05-19 21:00:00+00:00,18.799999999999997,1400.0,
USGS-09180000,2026-05-19 22:00:00+00:00,19.45,1385.0,
USGS-09180000,2026-05-19 23:00:00+00:00,19.6,1345.0,
USGS-09180000,2026-05-20 00:00:00+00:00,19.6,1305.0,
USGS-09180000,2026-05-20 01:00:00+00:00,19.6,1275.0,
USGS-09180000,2026-05-20 02:00:00+00:00,19.25,1245.0,
USGS-09180000,2026-05-20 03:00:00+00:00,18.700000000000003,1220.0,
USGS-09180000,2026-05-20 04:00:00+00:00,18.0,1200.0,
USGS-09180000,2026-05-20 05:00:00+00:00,17.200000000000003,1190.0,
USGS-09180000,2026-05-20 06:00:00+00:00,16.45,1190.0,
USGS-09180000,2026-05-20 07:00:00+00:00,16.05,1195.0,
USGS-09180000,2026-05-20 08:00:00+00:00,15.75,1205.0,
USGS-09180000,2026-05-20 09:00:00+00:00,15.35,1220.0,
USGS-09180000,2026-05-20 10:00:00+00:00,14.95,1220.0,
USGS-09180000,2026-05-20 11:00:00+00:00,14.6,1220.0,
USGS-09180000,2026-05-20 12:00:00+00:00,14.3,1220.0,
USGS-09180000,2026-05-20 13:00:00+00:00,14.2,1220.0,
USGS-09180000,2026-05-20 14:00:00+00:00,14.35,1195.0,
USGS-09180000,2026-05-20 15:00:00+00:00,14.8,1175.0,
USGS-09180000,2026-05-20 16:00:00+00:00,15.5,1150.0,
USGS-09180000,2026-05-20 17:00:00+00:00,16.4,1155.0,
USGS-09180000,2026-05-20 18:00:00+00:00,17.299999999999997,1185.0,
USGS-09180000,2026-05-20 19:00:00+00:00,18.1,1215.0,
USGS-09180000,2026-05-20 20:00:00+00:00,18.700000000000003,1245.0,
USGS-09180000,2026-05-20 21:00:00+00:00,19.25,1295.0,
USGS-09180000,2026-05-20 22:00:00+00:00,19.75,1315.0,
USGS-09180000,2026-05-20 23:00:00+00:00,20.35,1315.0,
USGS-09180000,2026-05-21 00:00:00+00:00,20.5,1300.0,
USGS-09180000,2026-05-21 01:00:00+00:00,20.35,1290.0,
USGS-09180000,2026-05-21 02:00:00+00:00,19.9,1280.0,
USGS-09180000,2026-05-21 03:00:00+00:00,19.25,1280.0,
USGS-09180000,2026-05-21 04:00:00+00:00,18.75,1295.0,
USGS-09180000,2026-05-21 05:00:00+00:00,18.1,1325.0,
USGS-09180000,2026-05-21 06:00:00+00:00,17.6,1370.0,
USGS-09180000,2026-05-21 07:00:00+00:00,17.4,1440.0,
USGS-09180000,2026-05-21 08:00:00+00:00,17.2,1520.0,
USGS-09180000,2026-05-21 09:00:00+00:00,16.85,1590.0,
USGS-09180000,2026-05-21 10:00:00+00:00,16.45,1670.0,
USGS-09180000,2026-05-21 11:00:00+00:00,16.05,1815.0,
USGS-09180000,2026-05-21 12:00:00+00:00,15.75,2035.0,
USGS-09180000,2026-05-21 13:00:00+00:00,15.5,2305.0,
USGS-09180000,2026-05-21 14:00:00+00:00,15.55,2585.0,
USGS-09180000,2026-05-21 15:00:00+00:00,15.85,2815.0,
USGS-09180000,2026-05-21 16:00:00+00:00,16.4,2980.0,
USGS-09180000,2026-05-21 17:00:00+00:00,17.1,3065.0,
USGS-09180000,2026-05-21 18:00:00+00:00,18.0,3100.0,
USGS-09180000,2026-05-21 19:00:00+00:00,18.9,3100.0,
USGS-09180000,2026-05-21 20:00:00+00:00,19.6,3090.0,
USGS-09180000,2026-05-21 21:00:00+00:00,20.15,3070.0,
USGS-09180000,2026-05-21 22:00:00+00:00,20.3,3035.0,
USGS-09180000,2026-05-21 23:00:00+00:00,20.4,2995.0,
USGS-09180000,2026-05-22 00:00:00+00:00,20.55,2950.0,
USGS-09180000,2026-05-22 01:00:00+00:00,20.35,2905.0,
USGS-09180000,2026-05-22 02:00:00+00:00,20.05,2875.0,
USGS-09180000,2026-05-22 03:00:00+00:00,19.65,2865.0,
USGS-09180000,2026-05-22 04:00:00+00:00,19.15,2865.0,
USGS-09180000,2026-05-22 05:00:00+00:00,18.65,2875.0,
USGS-09180000,2026-05-22 06:00:00+00:00,18.200000000000003,2890.0,
USGS-09180000,2026-05-22 07:00:00+00:00,17.65,2915.0,
USGS-09180000,2026-05-22 08:00:00+00:00,17.25,2945.0,
USGS-09180000,2026-05-22 09:00:00+00:00,16.85,2975.0,
USGS-09180000,2026-05-22 10:00:00+00:00,16.45,3000.0,
USGS-09180000,2026-05-22 11:00:00+00:00,15.95,3020.0,
USGS-09180000,2026-05-22 12:00:00+00:00,15.65,3020.0,
USGS-09180000,2026-05-22 13:00:00+00:00,15.4,3020.0,
USGS-09180000,2026-05-22 14:00:00+00:00,15.5,3010.0,
USGS-09180000,2026-05-22 15:00:00+00:00,15.65,2990.0,
USGS-09180000,2026-05-22 16:00:00+00:00,16.200000000000003,2975.0,
USGS-09180000,2026-05-22 17:00:00+00:00,16.4,2960.0,
USGS-09180000,2026-05-22 18:00:00+00:00,16.75,2960.0,
USGS-09180000,2026-05-22 19:00:00+00:00,17.1,2965.0,
USGS-09180000,2026-05-22 20:00:00+00:00,17.65,2980.0,
USGS-09180000,2026-05-22 21:00:00+00:00,18.5,2990.0,
USGS-09180000,2026-05-22 22:00:00+00:00,19.0,2980.0,
USGS-09180000,2026-05-22 23:00:00+00:00,19.2,2945.0,
USGS-09180000,2026-05-23 00:00:00+00:00,19.25,2890.0,
USGS-09180000,2026-05-23 01:00:00+00:00,19.0,2810.0,
USGS-09180000,2026-05-23 02:00:00+00:00,18.55,2730.0,
USGS-09180000,2026-05-23 03:00:00+00:00,18.15,2660.0,
USGS-09180000,2026-05-23 04:00:00+00:00,17.75,2585.0,
USGS-09180000,2026-05-23 05:00:00+00:00,17.45,2515.0,
USGS-09180000,2026-05-23 06:00:00+00:00,17.15,2440.0,
USGS-09180000,2026-05-23 07:00:00+00:00,16.9,2370.0,
USGS-09180000,2026-05-23 08:00:00+00:00,16.65,2310.0,
USGS-09180000,2026-05-23 09:00:00+00:00,16.45,2245.0,
USGS-09180000,2026-05-23 10:00:00+00:00,16.15,2190.0,
USGS-09180000,2026-05-23 11:00:00+00:00,15.85,2135.0,
USGS-09180000,2026-05-23 12:00:00+00:00,15.6,2095.0,
USGS-09180000,2026-05-23 13:00:00+00:00,15.4,2055.0,
USGS-09180000,2026-05-23 14:00:00+00:00,15.35,2015.0,
USGS-09180000,2026-05-23 15:00:00+00:00,15.7,1985.0,
USGS-09180000,2026-05-23 16:00:00+00:00,16.4,1955.0,
USGS-09180000,2026-05-23 17:00:00+00:00,17.299999999999997,1935.0,
USGS-09180000,2026-05-23 18:00:00+00:00,18.35,1915.0,
USGS-09180000,2026-05-23 19:00:00+00:00,19.450000000000003,1900.0,
USGS-09180000,2026-05-23 20:00:00+00:00,20.549999999999997,1890.0,
USGS-09180000,2026-05-23 21:00:00+00:00,21.299999999999997,1880.0,
USGS-09180000,2026-05-23 22:00:00+00:00,21.7,1870.0,
USGS-09180000,2026-05-23 23:00:00+00:00,21.65,1860.0,
USGS-09180000,2026-05-24 00:00:00+00:00,21.45,1850.0,
USGS-09180000,2026-05-24 01:00:00+00:00,21.1,1835.0,
USGS-09180000,2026-05-24 02:00:00+00:00,20.95,1815.0,
USGS-09180000,2026-05-24 03:00:00+00:00,20.65,1795.0,
USGS-09180000,2026-05-24 04:00:00+00:00,20.5,1770.0,
USGS-09180000,2026-05-24 05:00:00+00:00,20.15,1745.0,
USGS-09180000,2026-05-24 06:00:00+00:00,19.85,1720.0,
USGS-09180000,2026-05-24 07:00:00+00:00,19.6,1700.0,
USGS-09180000,2026-05-24 08:00:00+00:00,19.35,1680.0,
USGS-09180000,2026-05-24 09:00:00+00:00,19.05,1670.0,
USGS-09180000,2026-05-24 10:00:00+00:00,18.75,1650.0,
USGS-09180000,2026-05-24 11:00:00+00:00,18.4,1645.0,
USGS-09180000,2026-05-24 12:00:00+00:00,18.05,1630.0,
USGS-09180000,2026-05-24 13:00:00+00:00,17.75,1625.0,
USGS-09180000,2026-05-24 14:00:00+00:00,17.6,1615.0,
USGS-09180000,2026-05-24 15:00:00+00:00,17.85,1610.0,
USGS-09180000,2026-05-24 16:00:00+00:00,18.299999999999997,1600.0,
USGS-09180000,2026-05-24 17:00:00+00:00,19.15,1590.0,
USGS-09180000,2026-05-24 18:00:00+00:00,20.299999999999997,1585.0,
USGS-09180000,2026-05-24 19:00:00+00:00,21.299999999999997,1580.0,
USGS-09180000,2026-05-24 20:00:00+00:00,22.299999999999997,1570.0,
USGS-09180000,2026-05-24 21:00:00+00:00,23.05,1565.0,
USGS-09180000,2026-05-24 22:00:00+00:00,23.700000000000003,1560.0,
USGS-09180000,2026-05-24 23:00:00+00:00,24.0,1550.0,
USGS-09180000,2026-05-25 00:00:00+00:00,23.65,1540.0,
USGS-09180000,2026-05-25 01:00:00+00:00,23.25,1530.0,
USGS-09180000,2026-05-25 02:00:00+00:00,22.8,1520.0,
USGS-09180000,2026-05-25 03:00:00+00:00,22.45,1520.0,
USGS-09180000,2026-05-25 04:00:00+00:00,22.15,1510.0,
USGS-09180000,2026-05-25 05:00:00+00:00,21.65,1500.0,
USGS-09180000,2026-05-25 06:00:00+00:00,21.05,1500.0,
USGS-09180000,2026-05-25 07:00:00+00:00,20.65,1500.0,
USGS-09180000,2026-05-25 08:00:00+00:00,20.25,1500.0,
USGS-09180000,2026-05-25 09:00:00+00:00,19.95,1500.0,
USGS-09180000,2026-05-25 10:00:00+00:00,19.75,1505.0,
USGS-09180000,2026-05-25 11:00:00+00:00,19.55,1510.0,
USGS-09180000,2026-05-25 12:00:00+00:00,19.25,1510.0,
USGS-09180000,2026-05-25 13:00:00+00:00,19.0,1520.0,
USGS-09180000,2026-05-25 14:00:00+00:00,18.9,1520.0,
USGS-09180000,2026-05-25 15:00:00+00:00,19.0,1520.0,
USGS-09180000,2026-05-25 16:00:00+00:00,19.35,1520.0,
USGS-09180000,2026-05-25 17:00:00+00:00,19.6,1530.0,
USGS-09180000,2026-05-25 18:00:00+00:00,19.85,1530.0,
USGS-09180000,2026-05-25 19:00:00+00:00,20.1,1540.0,
USGS-09180000,2026-05-25 20:00:00+00:00,20.75,1540.0,
USGS-09180000,2026-05-25 21:00:00+00:00,21.1,1540.0,
USGS-09180000,2026-05-25 22:00:00+00:00,21.0,1540.0,
USGS-09180000,2026-05-25 23:00:00+00:00,20.8,1550.0,
USGS-09180000,2026-05-26 00:00:00+00:00,20.6,1550.0,
USGS-09180000,2026-05-26 01:00:00+00:00,20.4,1560.0,
USGS-09180000,2026-05-26 02:00:00+00:00,20.2,1570.0,
USGS-09180000,2026-05-26 03:00:00+00:00,19.95,1580.0,
USGS-09180000,2026-05-26 04:00:00+00:00,19.65,1590.0,
USGS-09180000,2026-05-26 05:00:00+00:00,19.45,1600.0,
USGS-09180000,2026-05-26 06:00:00+00:00,19.15,1600.0,
USGS-09180000,2026-05-26 07:00:00+00:00,18.85,1610.0,
USGS-09180000,2026-05-26 08:00:00+00:00,18.65,1610.0,
USGS-09180000,2026-05-26 09:00:00+00:00,18.4,1610.0,
USGS-09180000,2026-05-26 10:00:00+00:00,18.15,1610.0,
USGS-09180000,2026-05-26 11:00:00+00:00,17.85,1610.0,
USGS-09180000,2026-05-26 12:00:00+00:00,17.6,1610.0,
USGS-09180000,2026-05-26 13:00:00+00:00,17.45,1610.0,
USGS-09180000,2026-05-26 14:00:00+00:00,17.4,1610.0,
USGS-09180000,2026-05-26 15:00:00+00:00,17.5,1620.0,
USGS-09180000,2026-05-26 16:00:00+00:00,18.1,1635.0,
USGS-09180000,2026-05-26 17:00:00+00:00,19.2,1655.0,
USGS-09180000,2026-05-26 18:00:00+00:00,19.6,1670.0,
USGS-09180000,2026-05-26 19:00:00+00:00,20.1,1680.0,
USGS-09180000,2026-05-26 20:00:00+00:00,20.8,1690.0,
USGS-09180000,2026-05-26 21:00:00+00:00,21.4,1690.0,
USGS-09180000,2026-05-26 22:00:00+00:00,22.0,1690.0,
USGS-09180000,2026-05-26 23:00:00+00:00,21.75,1700.0,
USGS-09180000,2026-05-27 00:00:00+00:00,21.6,1705.0,
USGS-09180000,2026-05-27 01:00:00+00:00,21.35,1710.0,
USGS-09180000,2026-05-27 02:00:00+00:00,20.95,1720.0,
USGS-09180000,2026-05-27 03:00:00+00:00,20.65,1725.0,
USGS-09180000,2026-05-27 04:00:00+00:00,20.35,1730.0,
USGS-09180000,2026-05-27 05:00:00+00:00,19.9,1730.0,
USGS-09180000,2026-05-27 06:00:00+00:00,19.299999999999997,1740.0,
USGS-09180000,2026-05-27 07:00:00+00:00,18.85,1745.0,
USGS-09180000,2026-05-27 08:00:00+00:00,18.45,1750.0,
USGS-09180000,2026-05-27 09:00:00+00:00,18.05,1750.0,
USGS-09180000,2026-05-27 10:00:00+00:00,17.65,1750.0,
USGS-09180000,2026-05-27 11:00:00+00:00,17.35,1750.0,
USGS-09180000,2026-05-27 12:00:00+00:00,17.05,1760.0,
USGS-09180000,2026-05-27 13:00:00+00:00,16.8,1770.0,
USGS-09180000,2026-05-27 14:00:00+00:00,16.85,1775.0,
USGS-09180000,2026-05-27 15:00:00+00:00,17.15,1790.0,
USGS-09180000,2026-05-27 16:00:00+00:00,17.799999999999997,1810.0,
USGS-09180000,2026-05-27 17:00:00+00:00,18.700000000000003,1835.0,
USGS-09180000,2026-05-27 18:00:00+00:00,19.700000000000003,1875.0,
USGS-09180000,2026-05-27 19:00:00+00:00,20.65,1910.0,
USGS-09180000,2026-05-27 20:00:00+00:00,21.5,1940.0,
USGS-09180000,2026-05-27 21:00:00+00:00,22.15,1960.0,
USGS-09180000,2026-05-27 22:00:00+00:00,22.55,1970.0,
USGS-09180000,2026-05-27 23:00:00+00:00,22.8,1980.0,
USGS-09180000,2026-05-28 00:00:00+00:00,22.8,1985.0,
USGS-09180000,2026-05-28 01:00:00+00:00,22.75,2000.0,
USGS-09180000,2026-05-28 02:00:00+00:00,22.25,2015.0,
USGS-09180000,2026-05-28 03:00:00+00:00,21.95,2035.0,
USGS-09180000,2026-05-28 04:00:00+00:00,21.5,2060.0,
USGS-09180000,2026-05-28 05:00:00+00:00,21.0,2085.0,
USGS-09180000,2026-05-28 06:00:00+00:00,20.4,2115.0,
USGS-09180000,2026-05-28 07:00:00+00:00,19.85,2145.0,
USGS-09180000,2026-05-28 08:00:00+00:00,19.6,2175.0,
USGS-09180000,2026-05-28 09:00:00+00:00,19.4,2190.0,
USGS-09180000,2026-05-28 10:00:00+00:00,19.2,2205.0,
USGS-09180000,2026-05-28 11:00:00+00:00,18.85,2210.0,
USGS-09180000,2026-05-28 12:00:00+00:00,18.35,2200.0,
USGS-09180000,2026-05-28 13:00:00+00:00,18.0,2200.0,
USGS-09180000,2026-05-28 14:00:00+00:00,18.05,2200.0,
USGS-09180000,2026-05-28 15:00:00+00:00,18.35,2190.0,
USGS-09180000,2026-05-28 16:00:00+00:00,18.95,2190.0,
USGS-09180000,2026-05-28 17:00:00+00:00,19.6,2175.0,
USGS-09180000,2026-05-28 18:00:00+00:00,20.5,2170.0,
USGS-09180000,2026-05-28 19:00:00+00:00,21.5,2160.0,
USGS-09180000,2026-05-28 20:00:00+00:00,22.299999999999997,2160.0,
USGS-09180000,2026-05-28 21:00:00+00:00,22.95,2155.0,
USGS-09180000,2026-05-28 22:00:00+00:00,23.3,2130.0,
USGS-09180000,2026-05-28 23:00:00+00:00,23.55,2095.0,
USGS-09180000,2026-05-29 00:00:00+00:00,23.6,2055.0,
USGS-09180000,2026-05-29 01:00:00+00:00,23.55,2025.0,
USGS-09180000,2026-05-29 02:00:00+00:00,23.0,1995.0,
USGS-09180000,2026-05-29 03:00:00+00:00,22.55,1965.0,
USGS-09180000,2026-05-29 04:00:00+00:00,22.0,1925.0,
USGS-09180000,2026-05-29 05:00:00+00:00,21.45,1885.0,
USGS-09180000,2026-05-29 06:00:00+00:00,21.0,1845.0,
USGS-09180000,2026-05-29 07:00:00+00:00,20.5,1795.0,
USGS-09180000,2026-05-29 08:00:00+00:00,20.15,1765.0,
USGS-09180000,2026-05-29 09:00:00+00:00,20.0,1745.0,
USGS-09180000,2026-05-29 10:00:00+00:00,19.8,1740.0,
USGS-09180000,2026-05-29 11:00:00+00:00,19.4,1740.0,
USGS-09180000,2026-05-29 12:00:00+00:00,18.85,1730.0,
USGS-09180000,2026-05-29 13:00:00+00:00,18.5,1695.0,
USGS-09180000,2026-05-29 14:00:00+00:00,18.4,1655.0,
USGS-09180000,2026-05-29 15:00:00+00:00,18.45,1605.0,
USGS-09180000,2026-05-29 16:00:00+00:00,19.0,1590.0,
USGS-09180000,2026-05-29 17:00:00+00:00,19.799999999999997,1595.0,
USGS-09180000,2026-05-29 18:00:00+00:00,20.799999999999997,1610.0,
USGS-09180000,2026-05-29 19:00:00+00:00,21.9,1615.0,
USGS-09180000,2026-05-29 20:00:00+00:00,22.700000000000003,1610.0,
USGS-09180000,2026-05-29 21:00:00+00:00,23.25,1595.0,
USGS-09180000,2026-05-29 22:00:00+00:00,23.35,1590.0,
USGS-09180000,2026-05-29 23:00:00+00:00,22.5,1580.0,
USGS-09180000,2026-05-30 00:00:00+00:00,21.95,1580.0,
USGS-09180000,2026-05-30 01:00:00+00:00,21.6,1570.0,
USGS-09180000,2026-05-30 02:00:00+00:00,21.15,1560.0,
USGS-09180000,2026-05-30 03:00:00+00:00,20.65,1545.0,
USGS-09180000,2026-05-30 04:00:00+00:00,20.25,1520.0,
USGS-09180000,2026-05-30 05:00:00+00:00,20.0,1485.0,
USGS-09180000,2026-05-30 06:00:00+00:00,19.75,1435.0,
USGS-09180000,2026-05-30 07:00:00+00:00,19.25,1410.0,
USGS-09180000,2026-05-30 08:00:00+00:00,18.75,1410.0,
USGS-09180000,2026-05-30 09:00:00+00:00,18.25,1440.0,
USGS-09180000,2026-05-30 10:00:00+00:00,17.9,1460.0,
USGS-09180000,2026-05-30 11:00:00+00:00,17.45,1450.0,
USGS-09180000,2026-05-30 12:00:00+00:00,17.2,1430.0,
USGS-09180000,2026-05-30 13:00:00+00:00,17.1,1400.0,
USGS-09180000,2026-05-30 14:00:00+00:00,17.0,1375.0,
USGS-09180000,2026-05-30 15:00:00+00:00,17.15,1360.0,
USGS-09180000,2026-05-30 16:00:00+00:00,17.65,1355.0,
USGS-09180000,2026-05-30 17:00:00+00:00,18.1,1350.0,
USGS-09180000,2026-05-30 18:00:00+00:00,18.85,1350.0,
USGS-09180000,2026-05-30 19:00:00+00:00,19.45,1340.0,
USGS-09180000,2026-05-30 20:00:00+00:00,19.95,1330.0,
USGS-09180000,2026-05-30 21:00:00+00:00,20.45,1325.0,
USGS-09180000,2026-05-30 22:00:00+00:00,20.8,1305.0,
USGS-09180000,2026-05-30 23:00:00+00:00,21.1,1285.0,
USGS-09180000,2026-05-31 00:00:00+00:00,21.15,1290.0,
USGS-09180000,2026-05-31 01:00:00+00:00,21.0,1300.0,
USGS-09180000,2026-05-31 02:00:00+00:00,21.0,1300.0,
USGS-09180000,2026-05-31 03:00:00+00:00,20.75,1300.0,
USGS-09180000,2026-05-31 04:00:00+00:00,20.299999999999997,1335.0,
USGS-09180000,2026-05-31 05:00:00+00:00,19.85,1370.0,
USGS-09180000,2026-05-31 06:00:00+00:00,19.5,1390.0,
USGS-09180000,2026-05-31 07:00:00+00:00,19.2,1385.0,
USGS-09180000,2026-05-31 08:00:00+00:00,18.95,1355.0,
USGS-09180000,2026-05-31 09:00:00+00:00,18.75,1325.0,
USGS-09180000,2026-05-31 10:00:00+00:00,18.45,1305.0,
USGS-09180000,2026-05-31 11:00:00+00:00,18.15,1290.0,
USGS-09180000,2026-05-31 12:00:00+00:00,17.85,1300.0,
USGS-09180000,2026-05-31 13:00:00+00:00,17.6,1300.0,
USGS-09180000,2026-05-31 14:00:00+00:00,17.5,1305.0,
USGS-09180000,2026-05-31 15:00:00+00:00,17.700000000000003,1285.0,
USGS-09180000,2026-05-31 16:00:00+00:00,18.25,1255.0,
USGS-09180000,2026-05-31 17:00:00+00:00,19.0,1240.0,
USGS-09180000,2026-05-31 18:00:00+00:00,19.9,1225.0,
USGS-09180000,2026-05-31 19:00:00+00:00,20.700000000000003,1210.0,
USGS-09180000,2026-05-31 20:00:00+00:00,21.35,1200.0,
USGS-09180000,2026-05-31 21:00:00+00:00,21.75,1205.0,
USGS-09180000,2026-05-31 22:00:00+00:00,22.299999999999997,1225.0,
USGS-09180000,2026-05-31 23:00:00+00:00,22.65,1255.0,
USGS-09180000,2026-06-01 00:00:00+00:00,22.9,1270.0,
USGS-09180000,2026-06-01 01:00:00+00:00,22.65,1255.0,
USGS-09180000,2026-06-01 02:00:00+00:00,22.25,1225.0,
USGS-09180000,2026-06-01 03:00:00+00:00,21.85,1200.0,
USGS-09180000,2026-06-01 04:00:00+00:00,21.299999999999997,1185.0,
USGS-09180000,2026-06-01 05:00:00+00:00,20.75,1170.0,
USGS-09180000,2026-06-01 06:00:00+00:00,20.55,1170.0,
USGS-09180000,2026-06-01 07:00:00+00:00,20.3,1180.0,
USGS-09180000,2026-06-01 08:00:00+00:00,20.05,1180.0,
USGS-09180000,2026-06-01 09:00:00+00:00,19.65,1170.0,
USGS-09180000,2026-06-01 10:00:00+00:00,19.15,1145.0,
USGS-09180000,2026-06-01 11:00:00+00:00,18.700000000000003,1105.0,
USGS-09180000,2026-06-01 12:00:00+00:00,18.35,1040.0,
USGS-09180000,2026-06-01 13:00:00+00:00,18.15,994.5,
USGS-09180000,2026-06-01 14:00:00+00:00,18.2,973.0,
USGS-09180000,2026-06-01 15:00:00+00:00,18.55,976.0,
USGS-09180000,2026-06-01 16:00:00+00:00,19.1,1005.0,
USGS-09180000,2026-06-01 17:00:00+00:00,19.85,1055.0,
USGS-09180000,2026-06-01 18:00:00+00:00,20.700000000000003,1095.0,
USGS-09180000,2026-06-01 19:00:00+00:00,21.4,1110.0,
USGS-09180000,2026-06-01 20:00:00+00:00,21.95,1100.0,
USGS-09180000,2026-06-01 21:00:00+00:00,22.45,1075.0,
USGS-09180000,2026-06-01 22:00:00+00:00,22.9,1045.0,
USGS-09180000,2026-06-01 23:00:00+00:00,23.45,1015.0,
USGS-09180000,2026-06-02 00:00:00+00:00,23.85,985.0,
USGS-09180000,2026-06-02 01:00:00+00:00,23.85,976.5,
USGS-09180000,2026-06-02 02:00:00+00:00,23.55,990.0,
USGS-09180000,2026-06-02 03:00:00+00:00,23.1,1015.0,
USGS-09180000,2026-06-02 04:00:00+00:00,22.700000000000003,1030.0,
USGS-09180000,2026-06-02 05:00:00+00:00,22.1,1020.0,
USGS-09180000,2026-06-02 06:00:00+00:00,21.65,1010.0,
USGS-09180000,2026-06-02 07:00:00+00:00,21.35,997.0,
USGS-09180000,2026-06-02 08:00:00+00:00,21.05,995.0,
USGS-09180000,2026-06-02 09:00:00+00:00,20.65,1000.0,
USGS-09180000,2026-06-02 10:00:00+00:00,20.35,1015.0,
USGS-09180000,2026-06-02 11:00:00+00:00,19.95,1030.0,
USGS-09180000,2026-06-02 12:00:00+00:00,19.55,1040.0,
USGS-09180000,2026-06-02 13:00:00+00:00,19.3,1030.0,
USGS-09180000,2026-06-02 14:00:00+00:00,19.3,1020.0,
USGS-09180000,2026-06-02 15:00:00+00:00,19.5,1010.0,
USGS-09180000,2026-06-02 16:00:00+00:00,20.0,1000.0,
USGS-09180000,2026-06-02 17:00:00+00:00,20.700000000000003,1010.0,
USGS-09180000,2026-06-02 18:00:00+00:00,21.65,1020.0,
USGS-09180000,2026-06-02 19:00:00+00:00,22.6,1030.0,
USGS-09180000,2026-06-02 20:00:00+00:00,23.35,1040.0,
USGS-09180000,2026-06-02 21:00:00+00:00,23.85,1040.0,
USGS-09180000,2026-06-02 22:00:00+00:00,24.0,1035.0,
USGS-09180000,2026-06-02 23:00:00+00:00,24.05,1030.0,
USGS-09180000,2026-06-03 00:00:00+00:00,24.45,1020.0,
USGS-09180000,2026-06-03 01:00:00+00:00,24.55,1010.0,
USGS-09180000,2026-06-03 02:00:00+00:00,24.1,1010.0,
USGS-09180000,2026-06-03 03:00:00+00:00,23.55,1005.0,
USGS-09180000,2026-06-03 04:00:00+00:00,23.05,1000.0,
USGS-09180000,2026-06-03 05:00:00+00:00,22.45,996.0,
USGS-09180000,2026-06-03 06:00:00+00:00,22.05,989.0,
USGS-09180000,2026-06-03 07:00:00+00:00,21.9,982.0,
USGS-09180000,2026-06-03 08:00:00+00:00,21.65,979.0,
USGS-09180000,2026-06-03 09:00:00+00:00,21.25,974.5,
USGS-09180000,2026-06-03 10:00:00+00:00,20.65,966.0,
USGS-09180000,2026-06-03 11:00:00+00:00,20.15,958.0,
USGS-09180000,2026-06-03 12:00:00+00:00,19.9,950.0,
USGS-09180000,2026-06-03 13:00:00+00:00,19.7,943.5,
USGS-09180000,2026-06-03 14:00:00+00:00,19.7,942.0,
USGS-09180000,2026-06-03 15:00:00+00:00,20.05,945.0,
USGS-09180000,2026-06-03 16:00:00+00:00,20.55,953.5,
USGS-09180000,2026-06-03 17:00:00+00:00,21.05,972.0,
USGS-09180000,2026-06-03 18:00:00+00:00,21.55,994.0,
USGS-09180000,2026-06-03 19:00:00+00:00,22.200000000000003,1015.0,
USGS-09180000,2026-06-03 20:00:00+00:00,22.9,1040.0,
USGS-09180000,2026-06-03 21:00:00+00:00,23.35,1050.0,
USGS-09180000,2026-06-03 22:00:00+00:00,23.799999999999997,1065.0,
USGS-09180000,2026-06-03 23:00:00+00:00,24.15,1070.0,
USGS-09180000,2026-06-04 00:00:00+00:00,24.3,1070.0,
USGS-09180000,2026-06-04 01:00:00+00:00,24.25,1080.0,
USGS-09180000,2026-06-04 02:00:00+00:00,23.8,1080.0,
USGS-09180000,2026-06-04 03:00:00+00:00,23.25,1090.0,
USGS-09180000,2026-06-04 04:00:00+00:00,22.85,1090.0,
USGS-09180000,2026-06-04 05:00:00+00:00,22.35,1090.0,
USGS-09180000,2026-06-04 06:00:00+00:00,22.0,1090.0,
USGS-09180000,2026-06-04 07:00:00+00:00,21.65,1090.0,
USGS-09180000,2026-06-04 08:00:00+00:00,21.35,1090.0,
USGS-09180000,2026-06-04 09:00:00+00:00,20.95,1090.0,
USGS-09180000,2026-06-04 10:00:00+00:00,20.45,1090.0,
USGS-09180000,2026-06-04 11:00:00+00:00,20.05,1095.0,
USGS-09180000,2026-06-04 12:00:00+00:00,19.65,1100.0,
USGS-09180000,2026-06-04 13:00:00+00:00,19.5,1115.0,
USGS-09180000,2026-06-04 14:00:00+00:00,19.5,1130.0,
USGS-09180000,2026-06-04 15:00:00+00:00,19.700000000000003,1140.0,
USGS-09180000,2026-06-04 16:00:00+00:00,20.25,1140.0,
USGS-09180000,2026-06-04 17:00:00+00:00,21.0,1125.0,
USGS-09180000,2026-06-04 18:00:00+00:00,21.799999999999997,1105.0,
USGS-09180000,2026-06-04 19:00:00+00:00,22.6,1085.0,
USGS-09180000,2026-06-04 20:00:00+00:00,23.299999999999997,1080.0,
USGS-09180000,2026-06-04 21:00:00+00:00,23.85,1080.0,
USGS-09180000,2026-06-04 22:00:00+00:00,24.25,1090.0,
USGS-09180000,2026-06-04 23:00:00+00:00,24.75,1090.0,
USGS-09180000,2026-06-05 00:00:00+00:00,25.1,1090.0,
USGS-09180000,2026-06-05 01:00:00+00:00,25.05,1090.0,
USGS-09180000,2026-06-05 02:00:00+00:00,24.85,1080.0,
USGS-09180000,2026-06-05 03:00:00+00:00,24.35,1070.0,
USGS-09180000,2026-06-05 04:00:00+00:00,23.85,1050.0,
USGS-09180000,2026-06-05 05:00:00+00:00,23.200000000000003,1040.0,
USGS-09180000,2026-06-05 06:00:00+00:00,22.75,1030.0,
USGS-09180000,2026-06-05 07:00:00+00:00,22.55,1020.0,
USGS-09180000,2026-06-05 08:00:00+00:00,22.35,1010.0,
USGS-09180000,2026-06-05 09:00:00+00:00,21.95,1010.0,
USGS-09180000,2026-06-05 10:00:00+00:00,21.55,1000.0,
USGS-09180000,2026-06-05 11:00:00+00:00,21.15,1000.0,
USGS-09180000,2026-06-05 12:00:00+00:00,20.85,1005.0,
USGS-09180000,2026-06-05 13:00:00+00:00,20.6,1015.0,
USGS-09180000,2026-06-05 14:00:00+00:00,20.6,1025.0,
USGS-09180000,2026-06-05 15:00:00+00:00,20.95,1030.0,
USGS-09180000,2026-06-05 16:00:00+00:00,21.65,1030.0,
USGS-09180000,2026-06-05 17:00:00+00:00,22.3,1030.0,
USGS-09180000,2026-06-05 18:00:00+00:00,,,
USGS-09180000,2026-06-05 19:00:00+00:00,,,
USGS-09180000,2026-06-05 20:00:00+00:00,,,
USGS-09180000,2026-06-05 21:00:00+00:00,,,
USGS-09180000,2026-06-05 22:00:00+00:00,,,
USGS-09180000,2026-06-05 23:00:00+00:00,,,
USGS-09180000,2026-06-06 00:00:00+00:00,,,
USGS-09180000,2026-06-06 01:00:00+00:00,,,
USGS-09180000,2026-06-06 02:00:00+00:00,,,
USGS-09180000,2026-06-06 03:00:00+00:00,,,
USGS-09180000,2026-06-06 04:00:00+00:00,,,
USGS-09180000,2026-06-06 05:00:00+00:00,,,
USGS-09180000,2026-06-06 06:00:00+00:00,,,
USGS-09180000,2026-06-06 07:00:00+00:00,,,
USGS-09180000,2026-06-06 08:00:00+00:00,,,
USGS-09180000,2026-06-06 09:00:00+00:00,,,
USGS-09180000,2026-06-06 10:00:00+00:00,,,
USGS-09180000,2026-06-06 11:00:00+00:00,,,
USGS-09180000,2026-06-06 12:00:00+00:00,,,
USGS-09180000,2026-06-06 13:00:00+00:00,,,
USGS-09180000,2026-06-06 14:00:00+00:00,,,
USGS-09180000,2026-06-06 15:00:00+00:00,,,
USGS-09180000,2026-06-06 16:00:00+00:00,,,
USGS-09180000,2026-06-06 17:00:00+00:00,,,
USGS-09180000,2026-06-06 18:00:00+00:00,,,
USGS-09180000,2026-06-06 19:00:00+00:00,,,
USGS-09180000,2026-06-06 20:00:00+00:00,,,
USGS-09180000,2026-06-06 21:00:00+00:00,,,
USGS-09180000,2026-06-06 22:00:00+00:00,,,
USGS-09180000,2026-06-06 23:00:00+00:00,,,
USGS-09180000,2026-06-07 00:00:00+00:00,,,
USGS-09180000,2026-06-07 01:00:00+00:00,,,
USGS-09180000,2026-06-07 02:00:00+00:00,,,
USGS-09180000,2026-06-07 03:00:00+00:00,,,
USGS-09180000,2026-06-07 04:00:00+00:00,,,
USGS-09180000,2026-06-07 05:00:00+00:00,,,
USGS-09180000,2026-06-07 06:00:00+00:00,,,
USGS-09180000,2026-06-07 07:00:00+00:00,,,
USGS-09180000,2026-06-07 08:00:00+00:00,,,
USGS-09180000,2026-06-07 09:00:00+00:00,,,
USGS-09180000,2026-06-07 10:00:00+00:00,,,
USGS-09180000,2026-06-07 11:00:00+00:00,,,
USGS-09180000,2026-06-07 12:00:00+00:00,,,
USGS-09180000,2026-06-07 13:00:00+00:00,,,
USGS-09180000,2026-06-07 14:00:00+00:00,,,
USGS-09180000,2026-06-07 15:00:00+00:00,,,
USGS-09180000,2026-06-07 16:00:00+00:00,,,
USGS-09180000,2026-06-07 17:00:00+00:00,,,
USGS-09180000,2026-06-07 18:00:00+00:00,,,
USGS-09180000,2026-06-07 19:00:00+00:00,,,
USGS-09180000,2026-06-07 20:00:00+00:00,,,
USGS-09180000,2026-06-07 21:00:00+00:00,,,
USGS-09180000,2026-06-07 22:00:00+00:00,,,
USGS-09180000,2026-06-07 23:00:00+00:00,,,
USGS-09180000,2026-06-08 00:00:00+00:00,,,
USGS-09180000,2026-06-08 01:00:00+00:00,,,
USGS-09180000,2026-06-08 02:00:00+00:00,,,
USGS-09180000,2026-06-08 03:00:00+00:00,,,
USGS-09180000,2026-06-08 04:00:00+00:00,,,
USGS-09180000,2026-06-08 05:00:00+00:00,,,
USGS-09180000,2026-06-08 06:00:00+00:00,,,
USGS-09180000,2026-06-08 07:00:00+00:00,,,
USGS-09180000,2026-06-08 08:00:00+00:00,,,
USGS-09180000,2026-06-08 09:00:00+00:00,,,
USGS-09180000,2026-06-08 10:00:00+00:00,,,
USGS-09180000,2026-06-08 11:00:00+00:00,,,
USGS-09180000,2026-06-08 12:00:00+00:00,,,
USGS-09180000,2026-06-08 13:00:00+00:00,,,
USGS-09180000,2026-06-08 14:00:00+00:00,,,
USGS-09180000,2026-06-08 15:00:00+00:00,,,
USGS-09180000,2026-06-08 16:00:00+00:00,,,
USGS-09180000,2026-06-08 17:00:00+00:00,,,
USGS-09180000,2026-06-08 18:00:00+00:00,,,
USGS-09180000,2026-06-08 19:00:00+00:00,,,
USGS-09180000,2026-06-08 20:00:00+00:00,,,
USGS-09180000,2026-06-08 21:00:00+00:00,,,
USGS-09180000,2026-06-08 22:00:00+00:00,,,
USGS-09180000,2026-06-08 23:00:00+00:00,,,
USGS-09180000,2026-06-09 00:00:00+00:00,,,
USGS-09180000,2026-06-09 01:00:00+00:00,,,
USGS-09180000,2026-06-09 02:00:00+00:00,,,
USGS-09180000,2026-06-09 03:00:00+00:00,,,
USGS-09180000,2026-06-09 04:00:00+00:00,,,
USGS-09180000,2026-06-09 05:00:00+00:00,,,
USGS-09180000,2026-06-09 06:00:00+00:00,,,
USGS-09180000,2026-06-09 07:00:00+00:00,,,
USGS-09180000,2026-06-09 08:00:00+00:00,,,
USGS-09180000,2026-06-09 09:00:00+00:00,,,
USGS-09180000,2026-06-09 10:00:00+00:00,,,
USGS-09180000,2026-06-09 11:00:00+00:00,,,
USGS-09180000,2026-06-09 12:00:00+00:00,,,
USGS-09180000,2026-06-09 13:00:00+00:00,,,
USGS-09180000,2026-06-09 14:00:00+00:00,,,
USGS-09180000,2026-06-09 15:00:00+00:00,,,
USGS-09180000,2026-06-09 16:00:00+00:00,,,
USGS-09180000,2026-06-09 17:00:00+00:00,,,
USGS-09180000,2026-06-09 18:00:00+00:00,,,
USGS-09180000,2026-06-09 19:00:00+00:00,,,
USGS-09180000,2026-06-09 20:00:00+00:00,,,
USGS-09180000,2026-06-09 21:00:00+00:00,,,
USGS-09180000,2026-06-09 22:00:00+00:00,,,
USGS-09180000,2026-06-09 23:00:00+00:00,,,
USGS-09180000,2026-06-10 00:00:00+00:00,,,
USGS-09180000,2026-06-10 01:00:00+00:00,,,
USGS-09180000,2026-06-10 02:00:00+00:00,,,
USGS-09180000,2026-06-10 03:00:00+00:00,,,
USGS-09180000,2026-06-10 04:00:00+00:00,,,
USGS-09180000,2026-06-10 05:00:00+00:00,,,
USGS-09180000,2026-06-10 06:00:00+00:00,,,
USGS-09180000,2026-06-10 07:00:00+00:00,,,
USGS-09180000,2026-06-10 08:00:00+00:00,,,
USGS-09180000,2026-06-10 09:00:00+00:00,,,
USGS-09180000,2026-06-10 10:00:00+00:00,,,
USGS-09180000,2026-06-10 11:00:00+00:00,,,
USGS-09180000,2026-06-10 12:00:00+00:00,,,
USGS-09180000,2026-06-10 13:00:00+00:00,,,
USGS-09180000,2026-06-10 14:00:00+00:00,,,
USGS-09180000,2026-06-10 15:00:00+00:00,,,
USGS-09180000,2026-06-10 16:00:00+00:00,,,
USGS-09180000,2026-06-10 17:00:00+00:00,,,
USGS-09180000,2026-06-10 18:00:00+00:00,,,
USGS-09180000,2026-06-10 19:00:00+00:00,,,
USGS-09180000,2026-06-10 20:00:00+00:00,,,
USGS-09180000,2026-06-10 21:00:00+00:00,,,
USGS-09180000,2026-06-10 22:00:00+00:00,,,
USGS-09180000,2026-06-10 23:00:00+00:00,,,
USGS-09180000,2026-06-11 00:00:00+00:00,,,
USGS-09180000,2026-06-11 01:00:00+00:00,,,
USGS-09180000,2026-06-11 02:00:00+00:00,,,
USGS-09180000,2026-06-11 03:00:00+00:00,,,
USGS-09180000,2026-06-11 04:00:00+00:00,,,
USGS-09180000,2026-06-11 05:00:00+00:00,,,
USGS-09180000,2026-06-11 06:00:00+00:00,,,
USGS-09180000,2026-06-11 07:00:00+00:00,,,
USGS-09180000,2026-06-11 08:00:00+00:00,,,
USGS-09180000,2026-06-11 09:00:00+00:00,,,
USGS-09180000,2026-06-11 10:00:00+00:00,,,
USGS-09180000,2026-06-11 11:00:00+00:00,,,
USGS-09180000,2026-06-11 12:00:00+00:00,,,
USGS-09180000,2026-06-11 13:00:00+00:00,,,
USGS-09180000,2026-06-11 14:00:00+00:00,,,
USGS-09180000,2026-06-11 15:00:00+00:00,,,
USGS-09180000,2026-06-11 16:00:00+00:00,,,
USGS-09180000,2026-06-11 17:00:00+00:00,,,
USGS-09180000,2026-06-11 18:00:00+00:00,,,
USGS-09180000,2026-06-11 19:00:00+00:00,,,
USGS-09180000,2026-06-11 20:00:00+00:00,,,
USGS-09180000,2026-06-11 21:00:00+00:00,,,
USGS-09180000,2026-06-11 22:00:00+00:00,,,
USGS-09180000,2026-06-11 23:00:00+00:00,,,
USGS-09180000,2026-06-12 00:00:00+00:00,,,
USGS-09180000,2026-06-12 01:00:00+00:00,,,
USGS-09180000,2026-06-12 02:00:00+00:00,,,
USGS-09180000,2026-06-12 03:00:00+00:00,,,
USGS-09180000,2026-06-12 04:00:00+00:00,,,
USGS-09180000,2026-06-12 05:00:00+00:00,,,
USGS-09180000,2026-06-12 06:00:00+00:00,,,
USGS-09180000,2026-06-12 07:00:00+00:00,,,
USGS-09180000,2026-06-12 08:00:00+00:00,,,
USGS-09180000,2026-06-12 09:00:00+00:00,,,
USGS-09180000,2026-06-12 10:00:00+00:00,,,
USGS-09180000,2026-06-12 11:00:00+00:00,,,
USGS-09180000,2026-06-12 12:00:00+00:00,,,
USGS-09180000,2026-06-12 13:00:00+00:00,,,
USGS-09180000,2026-06-12 14:00:00+00:00,,,
USGS-09180000,2026-06-12 15:00:00+00:00,,,
USGS-09180000,2026-06-12 16:00:00+00:00,,,
USGS-09180000,2026-06-12 17:00:00+00:00,,,
USGS-09180000,2026-06-12 18:00:00+00:00,,,
USGS-09180000,2026-06-12 19:00:00+00:00,,,
USGS-09180000,2026-06-12 20:00:00+00:00,,,
USGS-09180000,2026-06-12 21:00:00+00:00,,,
USGS-09180000,2026-06-12 22:00:00+00:00,,,
USGS-09180000,2026-06-12 23:00:00+00:00,,,
USGS-09180000,2026-06-13 00:00:00+00:00,,,
USGS-09180000,2026-06-13 01:00:00+00:00,,,
USGS-09180000,2026-06-13 02:00:00+00:00,,,
USGS-09180000,2026-06-13 03:00:00+00:00,,,
USGS-09180000,2026-06-13 04:00:00+00:00,,,
USGS-09180000,2026-06-13 05:00:00+00:00,,,
USGS-09180000,2026-06-13 06:00:00+00:00,,,
USGS-09180000,2026-06-13 07:00:00+00:00,,,
USGS-09180000,2026-06-13 08:00:00+00:00,,,
USGS-09180000,2026-06-13 09:00:00+00:00,,,
USGS-09180000,2026-06-13 10:00:00+00:00,,,
USGS-09180000,2026-06-13 11:00:00+00:00,,,
USGS-09180000,2026-06-13 12:00:00+00:00,,,
USGS-09180000,2026-06-13 13:00:00+00:00,,,
USGS-09180000,2026-06-13 14:00:00+00:00,,,
USGS-09180000,2026-06-13 15:00:00+00:00,,,
USGS-09180000,2026-06-13 16:00:00+00:00,,,
USGS-09180000,2026-06-13 17:00:00+00:00,,,
USGS-09180000,2026-06-13 18:00:00+00:00,,,
USGS-09180000,2026-06-13 19:00:00+00:00,,,
USGS-09180000,2026-06-13 20:00:00+00:00,,,
USGS-09180000,2026-06-13 21:00:00+00:00,,,
USGS-09180000,2026-06-13 22:00:00+00:00,,,
USGS-09180000,2026-06-13 23:00:00+00:00,,,
USGS-09180000,2026-06-14 00:00:00+00:00,,,
USGS-09180000,2026-06-14 01:00:00+00:00,,,
USGS-09180000,2026-06-14 02:00:00+00:00,,,
USGS-09180000,2026-06-14 03:00:00+00:00,,,
USGS-09180000,2026-06-14 04:00:00+00:00,,,
USGS-09180000,2026-06-14 05:00:00+00:00,,,
USGS-09180000,2026-06-14 06:00:00+00:00,,,
USGS-09180000,2026-06-14 07:00:00+00:00,,,
USGS-09180000,2026-06-14 08:00:00+00:00,,,
USGS-09180000,2026-06-14 09:00:00+00:00,,,
USGS-09180000,2026-06-14 10:00:00+00:00,,,
USGS-09180000,2026-06-14 11:00:00+00:00,,,
USGS-09180000,2026-06-14 12:00:00+00:00,,,
USGS-09180000,2026-06-14 13:00:00+00:00,,,
USGS-09180000,2026-06-14 14:00:00+00:00,,,
USGS-09180000,2026-06-14 15:00:00+00:00,,,
USGS-09180000,2026-06-14 16:00:00+00:00,,,
USGS-09180000,2026-06-14 17:00:00+00:00,,,
USGS-09180000,2026-06-14 18:00:00+00:00,,,
USGS-09180000,2026-06-14 19:00:00+00:00,,,
USGS-09180000,2026-06-14 20:00:00+00:00,,,
USGS-09180000,2026-06-14 21:00:00+00:00,,,
USGS-09180000,2026-06-14 22:00:00+00:00,,,
USGS-09180000,2026-06-14 23:00:00+00:00,,,
USGS-09180000,2026-06-15 00:00:00+00:00,,,
USGS-09180000,2026-06-15 01:00:00+00:00,,,
USGS-09180000,2026-06-15 02:00:00+00:00,,,
USGS-09180000,2026-06-15 03:00:00+00:00,,,
USGS-09180000,2026-06-15 04:00:00+00:00,,,
USGS-09180000,2026-06-15 05:00:00+00:00,,,
USGS-09180000,2026-06-15 06:00:00+00:00,,,
USGS-09180000,2026-06-15 07:00:00+00:00,,,
USGS-09180000,2026-06-15 08:00:00+00:00,,,
USGS-09180000,2026-06-15 09:00:00+00:00,,,
USGS-09180000,2026-06-15 10:00:00+00:00,,,
USGS-09180000,2026-06-15 11:00:00+00:00,,,
USGS-09180000,2026-06-15 12:00:00+00:00,,,
USGS-09180000,2026-06-15 13:00:00+00:00,,,
USGS-09180000,2026-06-15 14:00:00+00:00,,,
USGS-09180000,2026-06-15 15:00:00+00:00,,,
USGS-09180000,2026-06-15 16:00:00+00:00,,,
USGS-09180000,2026-06-15 17:00:00+00:00,,,
USGS-09180000,2026-06-15 18:00:00+00:00,,,
USGS-09180000,2026-06-15 19:00:00+00:00,,,
USGS-09180000,2026-06-15 20:00:00+00:00,,,
USGS-09180000,2026-06-15 21:00:00+00:00,,,
USGS-09180000,2026-06-15 22:00:00+00:00,,,
USGS-09180000,2026-06-15 23:00:00+00:00,,,
USGS-09180000,2026-06-16 00:00:00+00:00,,,
USGS-09180000,2026-06-16 01:00:00+00:00,,,
USGS-09180000,2026-06-16 02:00:00+00:00,,,
USGS-09180000,2026-06-16 03:00:00+00:00,,,
USGS-09180000,2026-06-16 04:00:00+00:00,,,
USGS-09180000,2026-06-16 05:00:00+00:00,,,
USGS-09180000,2026-06-16 06:00:00+00:00,,,
USGS-09180000,2026-06-16 07:00:00+00:00,,,
USGS-09180000,2026-06-16 08:00:00+00:00,,,
USGS-09180000,2026-06-16 09:00:00+00:00,,,
USGS-09180000,2026-06-16 10:00:00+00:00,,,
USGS-09180000,2026-06-16 11:00:00+00:00,,,
USGS-09180000,2026-06-16 12:00:00+00:00,,,
USGS-09180000,2026-06-16 13:00:00+00:00,,,
USGS-09180000,2026-06-16 14:00:00+00:00,,,
USGS-09180000,2026-06-16 15:00:00+00:00,,,
USGS-09180000,2026-06-16 16:00:00+00:00,,,
USGS-09180000,2026-06-16 17:00:00+00:00,,,
USGS-09180000,2026-06-16 18:00:00+00:00,,,
USGS-09180000,2026-06-16 19:00:00+00:00,,,
USGS-09180000,2026-06-16 20:00:00+00:00,,,
USGS-09180000,2026-06-16 21:00:00+00:00,,,
USGS-09180000,2026-06-16 22:00:00+00:00,,,
USGS-09180000,2026-06-16 23:00:00+00:00,,,
USGS-09180000,2026-06-17 00:00:00+00:00,,,
USGS-09180000,2026-06-17 01:00:00+00:00,,,
USGS-09180000,2026-06-17 02:00:00+00:00,,,
USGS-09180000,2026-06-17 03:00:00+00:00,,,
USGS-09180000,2026-06-17 04:00:00+00:00,,,
USGS-09180000,2026-06-17 05:00:00+00:00,,,
USGS-09180000,2026-06-17 06:00:00+00:00,,,
USGS-09180000,2026-06-17 07:00:00+00:00,,,
USGS-09180000,2026-06-17 08:00:00+00:00,,,
USGS-09180000,2026-06-17 09:00:00+00:00,,,
USGS-09180000,2026-06-17 10:00:00+00:00,,,
USGS-09180000,2026-06-17 11:00:00+00:00,,,
USGS-09180000,2026-06-17 12:00:00+00:00,,,
USGS-09180000,2026-06-17 13:00:00+00:00,,,
USGS-09180000,2026-06-17 14:00:00+00:00,,,
USGS-09180000,2026-06-17 15:00:00+00:00,,,
USGS-09180000,2026-06-17 16:00:00+00:00,,,
USGS-09180000,2026-06-17 17:00:00+00:00,,,
USGS-09180000,2026-06-17 18:00:00+00:00,,,
USGS-09180000,2026-06-17 19:00:00+00:00,,,
USGS-09180000,2026-06-17 20:00:00+00:00,,,
USGS-09180000,2026-06-17 21:00:00+00:00,,,
USGS-09180000,2026-06-17 22:00:00+00:00,,,
USGS-09180000,2026-06-17 23:00:00+00:00,,,
USGS-09180000,2026-06-18 00:00:00+00:00,,,
USGS-09180000,2026-06-18 01:00:00+00:00,,,
USGS-09180000,2026-06-18 02:00:00+00:00,,,
USGS-09180000,2026-06-18 03:00:00+00:00,,,
USGS-09180000,2026-06-18 04:00:00+00:00,,,
USGS-09180000,2026-06-18 05:00:00+00:00,,,
USGS-09180000,2026-06-18 06:00:00+00:00,,,
USGS-09180000,2026-06-18 07:00:00+00:00,,,
USGS-09180000,2026-06-18 08:00:00+00:00,,,
USGS-09180000,2026-06-18 09:00:00+00:00,,,
USGS-09180000,2026-06-18 10:00:00+00:00,,,
USGS-09180000,2026-06-18 11:00:00+00:00,,,
USGS-09180000,2026-06-18 12:00:00+00:00,,,
USGS-09180000,2026-06-18 13:00:00+00:00,,,
USGS-09180000,2026-06-18 14:00:00+00:00,,,
USGS-09180000,2026-06-18 15:00:00+00:00,,,
USGS-09180000,2026-06-18 16:00:00+00:00,,,
USGS-09180000,2026-06-18 17:00:00+00:00,,,
USGS-09180000,2026-06-18 18:00:00+00:00,,,
USGS-09180000,2026-06-18 19:00:00+00:00,,,
USGS-09180000,2026-06-18 20:00:00+00:00,,,
USGS-09180000,2026-06-18 21:00:00+00:00,,,
USGS-09180000,2026-06-18 22:00:00+00:00,,,
USGS-09180000,2026-06-18 23:00:00+00:00,,,
USGS-09180000,2026-06-19 00:00:00+00:00,,,
USGS-09180000,2026-06-19 01:00:00+00:00,,,
USGS-09180000,2026-06-19 02:00:00+00:00,,,
USGS-09180000,2026-06-19 03:00:00+00:00,,,
USGS-09180000,2026-06-19 04:00:00+00:00,,,
USGS-09180000,2026-06-19 05:00:00+00:00,,,
USGS-09180000,2026-06-19 06:00:00+00:00,,,
USGS-09180000,2026-06-19 07:00:00+00:00,,,
USGS-09180000,2026-06-19 08:00:00+00:00,,,
USGS-09180000,2026-06-19 09:00:00+00:00,,,
USGS-09180000,2026-06-19 10:00:00+00:00,,,
USGS-09180000,2026-06-19 11:00:00+00:00,,,
USGS-09180000,2026-06-19 12:00:00+00:00,,,
USGS-09180000,2026-06-19 13:00:00+00:00,,,
USGS-09180000,2026-06-19 14:00:00+00:00,,,
USGS-09180000,2026-06-19 15:00:00+00:00,,,
USGS-09180000,2026-06-19 16:00:00+00:00,,,
USGS-09180000,2026-06-19 17:00:00+00:00,,,
USGS-09180000,2026-06-19 18:00:00+00:00,,,
USGS-09180000,2026-06-19 19:00:00+00:00,,,
USGS-09180000,2026-06-19 20:00:00+00:00,,,
USGS-09180000,2026-06-19 21:00:00+00:00,,,
USGS-09180000,2026-06-19 22:00:00+00:00,,,
USGS-09180000,2026-06-19 23:00:00+00:00,,,
USGS-09180000,2026-06-20 00:00:00+00:00,,,
USGS-09180000,2026-06-20 01:00:00+00:00,,,
USGS-09180000,2026-06-20 02:00:00+00:00,,,
USGS-09180000,2026-06-20 03:00:00+00:00,,,
USGS-09180000,2026-06-20 04:00:00+00:00,,,
USGS-09180000,2026-06-20 05:00:00+00:00,,,
USGS-09180000,2026-06-20 06:00:00+00:00,,,
USGS-09180000,2026-06-20 07:00:00+00:00,,,
USGS-09180000,2026-06-20 08:00:00+00:00,,,
USGS-09180000,2026-06-20 09:00:00+00:00,,,
USGS-09180000,2026-06-20 10:00:00+00:00,,,
USGS-09180000,2026-06-20 11:00:00+00:00,,,
USGS-09180000,2026-06-20 12:00:00+00:00,,,
USGS-09180000,2026-06-20 13:00:00+00:00,,,
USGS-09180000,2026-06-20 14:00:00+00:00,,,
USGS-09180000,2026-06-20 15:00:00+00:00,,,
USGS-09180000,2026-06-20 16:00:00+00:00,,,
USGS-09180000,2026-06-20 17:00:00+00:00,,,
USGS-09180000,2026-06-20 18:00:00+00:00,,,
USGS-09180000,2026-06-20 19:00:00+00:00,,,
USGS-09180000,2026-06-20 20:00:00+00:00,,,
USGS-09180000,2026-06-20 21:00:00+00:00,,,
USGS-09180000,2026-06-20 22:00:00+00:00,,,
USGS-09180000,2026-06-20 23:00:00+00:00,,,
USGS-09180000,2026-06-21 00:00:00+00:00,,,
USGS-09180000,2026-06-21 01:00:00+00:00,,,
USGS-09180000,2026-06-21 02:00:00+00:00,,,
USGS-09180000,2026-06-21 03:00:00+00:00,,,
USGS-09180000,2026-06-21 04:00:00+00:00,,,
USGS-09180000,2026-06-21 05:00:00+00:00,,,
USGS-09180000,2026-06-21 06:00:00+00:00,,,
USGS-09180000,2026-06-21 07:00:00+00:00,,,
USGS-09180000,2026-06-21 08:00:00+00:00,,,
USGS-09180000,2026-06-21 09:00:00+00:00,,,
USGS-09180000,2026-06-21 10:00:00+00:00,,,
USGS-09180000,2026-06-21 11:00:00+00:00,,,
USGS-09180000,2026-06-21 12:00:00+00:00,,,
USGS-09180000,2026-06-21 13:00:00+00:00,,,
USGS-09180000,2026-06-21 14:00:00+00:00,,,
USGS-09180000,2026-06-21 15:00:00+00:00,,,
USGS-09180000,2026-06-21 16:00:00+00:00,,,
USGS-09180000,2026-06-21 17:00:00+00:00,,,
USGS-09180000,2026-06-21 18:00:00+00:00,,,
USGS-09180000,2026-06-21 19:00:00+00:00,,,
USGS-09180000,2026-06-21 20:00:00+00:00,,,
USGS-09180000,2026-06-21 21:00:00+00:00,,,
USGS-09180000,2026-06-21 22:00:00+00:00,,,
USGS-09180000,2026-06-21 23:00:00+00:00,,,
USGS-09180000,2026-06-22 00:00:00+00:00,,,
USGS-09180000,2026-06-22 01:00:00+00:00,,,
USGS-09180000,2026-06-22 02:00:00+00:00,,,
USGS-09180000,2026-06-22 03:00:00+00:00,,,
USGS-09180000,2026-06-22 04:00:00+00:00,,,
USGS-09180000,2026-06-22 05:00:00+00:00,,,
USGS-09180000,2026-06-22 06:00:00+00:00,,,
USGS-09180000,2026-06-22 07:00:00+00:00,,,
USGS-09180000,2026-06-22 08:00:00+00:00,,,
USGS-09180000,2026-06-22 09:00:00+00:00,,,
USGS-09180000,2026-06-22 10:00:00+00:00,,,
USGS-09180000,2026-06-22 11:00:00+00:00,,,
USGS-09180000,2026-06-22 12:00:00+00:00,,,
USGS-09180000,2026-06-22 13:00:00+00:00,,,
USGS-09180000,2026-06-22 14:00:00+00:00,,,
USGS-09180000,2026-06-22 15:00:00+00:00,,,
USGS-09180000,2026-06-22 16:00:00+00:00,,,
USGS-09180000,2026-06-22 17:00:00+00:00,,,
USGS-09180000,2026-06-22 18:00:00+00:00,,,
USGS-09180000,2026-06-22 19:00:00+00:00,,,
USGS-09180000,2026-06-22 20:00:00+00:00,,,
USGS-09180000,2026-06-22 21:00:00+00:00,,,
USGS-09180000,2026-06-22 22:00:00+00:00,,,
USGS-09180000,2026-06-22 23:00:00+00:00,,,
USGS-09180000,2026-06-23 00:00:00+00:00,,,
USGS-09180000,2026-06-23 01:00:00+00:00,,,
USGS-09180000,2026-06-23 02:00:00+00:00,,,
USGS-09180000,2026-06-23 03:00:00+00:00,,,
USGS-09180000,2026-06-23 04:00:00+00:00,,,
USGS-09180000,2026-06-23 05:00:00+00:00,,,
USGS-09180000,2026-06-23 06:00:00+00:00,,,
USGS-09180000,2026-06-23 07:00:00+00:00,,,
USGS-09180000,2026-06-23 08:00:00+00:00,,,
USGS-09180000,2026-06-23 09:00:00+00:00,,,
USGS-09180000,2026-06-23 10:00:00+00:00,,,
USGS-09180000,2026-06-23 11:00:00+00:00,,,
USGS-09180000,2026-06-23 12:00:00+00:00,,,
USGS-09180000,2026-06-23 13:00:00+00:00,,,
USGS-09180000,2026-06-23 14:00:00+00:00,,,
USGS-09180000,2026-06-23 15:00:00+00:00,,,
USGS-09180000,2026-06-23 16:00:00+00:00,,,
USGS-09180000,2026-06-23 17:00:00+00:00,,,
USGS-09180000,2026-06-23 18:00:00+00:00,,,
USGS-09180000,2026-06-23 19:00:00+00:00,,,
USGS-09180000,2026-06-23 20:00:00+00:00,,,
USGS-09180000,2026-06-23 21:00:00+00:00,,,
USGS-09180000,2026-06-23 22:00:00+00:00,,,
USGS-09180000,2026-06-23 23:00:00+00:00,,,
USGS-09180000,2026-06-24 00:00:00+00:00,,,
USGS-09180000,2026-06-24 01:00:00+00:00,,,
USGS-09180000,2026-06-24 02:00:00+00:00,,,
USGS-09180000,2026-06-24 03:00:00+00:00,,,
USGS-09180000,2026-06-24 04:00:00+00:00,,,
USGS-09180000,2026-06-24 05:00:00+00:00,,,
USGS-09180000,2026-06-24 06:00:00+00:00,,,
USGS-09180000,2026-06-24 07:00:00+00:00,,,
USGS-09180000,2026-06-24 08:00:00+00:00,,,
USGS-09180000,2026-06-24 09:00:00+00:00,,,
USGS-09180000,2026-06-24 10:00:00+00:00,,,
USGS-09180000,2026-06-24 11:00:00+00:00,,,
USGS-09180000,2026-06-24 12:00:00+00:00,,,
USGS-09180000,2026-06-24 13:00:00+00:00,,,
USGS-09180000,2026-06-24 14:00:00+00:00,,,
USGS-09180000,2026-06-24 15:00:00+00:00,,,
USGS-09180000,2026-06-24 16:00:00+00:00,,,
USGS-09180000,2026-06-24 17:00:00+00:00,,,
USGS-09180000,2026-06-24 18:00:00+00:00,,,
USGS-09180000,2026-06-24 19:00:00+00:00,,,
USGS-09180000,2026-06-24 20:00:00+00:00,,,
USGS-09180000,2026-06-24 21:00:00+00:00,,,
USGS-09180000,2026-06-24 22:00:00+00:00,,,
USGS-09180000,2026-06-24 23:00:00+00:00,,,
USGS-09180000,2026-06-25 00:00:00+00:00,,,
USGS-09180000,2026-06-25 01:00:00+00:00,,,
USGS-09180000,2026-06-25 02:00:00+00:00,,,
USGS-09180000,2026-06-25 03:00:00+00:00,,,
USGS-09180000,2026-06-25 04:00:00+00:00,,,
USGS-09180000,2026-06-25 05:00:00+00:00,,,
USGS-09180000,2026-06-25 06:00:00+00:00,,,
USGS-09180000,2026-06-25 07:00:00+00:00,,,
USGS-09180000,2026-06-25 08:00:00+00:00,,,
USGS-09180000,2026-06-25 09:00:00+00:00,,,
USGS-09180000,2026-06-25 10:00:00+00:00,,,
USGS-09180000,2026-06-25 11:00:00+00:00,,,
USGS-09180000,2026-06-25 12:00:00+00:00,,,
USGS-09180000,2026-06-25 13:00:00+00:00,,,
USGS-09180000,2026-06-25 14:00:00+00:00,,,
USGS-09180000,2026-06-25 15:00:00+00:00,,,
USGS-09180000,2026-06-25 16:00:00+00:00,,,
USGS-09180000,2026-06-25 17:00:00+00:00,,,
USGS-09180000,2026-06-25 18:00:00+00:00,,,
USGS-09180000,2026-06-25 19:00:00+00:00,,,
USGS-09180000,2026-06-25 20:00:00+00:00,,,
USGS-09180000,2026-06-25 21:00:00+00:00,,,
USGS-09180000,2026-06-25 22:00:00+00:00,,,
USGS-09180000,2026-06-25 23:00:00+00:00,,,
USGS-09180000,2026-06-26 00:00:00+00:00,,,
USGS-09180000,2026-06-26 01:00:00+00:00,,,
USGS-09180000,2026-06-26 02:00:00+00:00,,,
USGS-09180000,2026-06-26 03:00:00+00:00,,,
USGS-09180000,2026-06-26 04:00:00+00:00,,,
USGS-09180000,2026-06-26 05:00:00+00:00,,,
USGS-09180000,2026-06-26 06:00:00+00:00,,,
USGS-09180000,2026-06-26 07:00:00+00:00,,,
USGS-09180000,2026-06-26 08:00:00+00:00,,,
USGS-09180000,2026-06-26 09:00:00+00:00,,,
USGS-09180000,2026-06-26 10:00:00+00:00,,,
USGS-09180000,2026-06-26 11:00:00+00:00,,,
USGS-09180000,2026-06-26 12:00:00+00:00,,,
USGS-09180000,2026-06-26 13:00:00+00:00,,,
USGS-09180000,2026-06-26 14:00:00+00:00,,,
USGS-09180000,2026-06-26 15:00:00+00:00,,,
USGS-09180000,2026-06-26 16:00:00+00:00,,,
USGS-09180000,2026-06-26 17:00:00+00:00,,,
USGS-09180000,2026-06-26 18:00:00+00:00,,,
USGS-09180000,2026-06-26 19:00:00+00:00,,,
USGS-09180000,2026-06-26 20:00:00+00:00,,,
USGS-09180000,2026-06-26 21:00:00+00:00,,,
USGS-09180000,2026-06-26 22:00:00+00:00,,,
USGS-09180000,2026-06-26 23:00:00+00:00,,,
USGS-09180000,2026-06-27 00:00:00+00:00,,,
USGS-09180000,2026-06-27 01:00:00+00:00,,,
USGS-09180000,2026-06-27 02:00:00+00:00,,,
USGS-09180000,2026-06-27 03:00:00+00:00,,,
USGS-09180000,2026-06-27 04:00:00+00:00,,,
USGS-09180000,2026-06-27 05:00:00+00:00,,,
USGS-09180000,2026-06-27 06:00:00+00:00,,,
USGS-09180000,2026-06-27 07:00:00+00:00,,,
USGS-09180000,2026-06-27 08:00:00+00:00,,,
USGS-09180000,2026-06-27 09:00:00+00:00,,,
USGS-09180000,2026-06-27 10:00:00+00:00,,,
USGS-09180000,2026-06-27 11:00:00+00:00,,,
USGS-09180000,2026-06-27 12:00:00+00:00,,,
USGS-09180000,2026-06-27 13:00:00+00:00,,,
USGS-09180000,2026-06-27 14:00:00+00:00,,,
USGS-09180000,2026-06-27 15:00:00+00:00,,,
USGS-09180000,2026-06-27 16:00:00+00:00,,,
USGS-09180000,2026-06-27 17:00:00+00:00,,,
USGS-09180000,2026-06-27 18:00:00+00:00,,,
USGS-09180000,2026-06-27 19:00:00+00:00,,,
USGS-09180000,2026-06-27 20:00:00+00:00,,,
USGS-09180000,2026-06-27 21:00:00+00:00,,,
USGS-09180000,2026-06-27 22:00:00+00:00,,,
USGS-09180000,2026-06-27 23:00:00+00:00,,,
USGS-09180000,2026-06-28 00:00:00+00:00,,,
USGS-09180000,2026-06-28 01:00:00+00:00,,,
USGS-09180000,2026-06-28 02:00:00+00:00,,,
USGS-09180000,2026-06-28 03:00:00+00:00,,,
USGS-09180000,2026-06-28 04:00:00+00:00,,,
USGS-09180000,2026-06-28 05:00:00+00:00,,,
USGS-09180000,2026-06-28 06:00:00+00:00,,,
USGS-09180000,2026-06-28 07:00:00+00:00,,,
USGS-09180000,2026-06-28 08:00:00+00:00,,,
USGS-09180000,2026-06-28 09:00:00+00:00,,,
USGS-09180000,2026-06-28 10:00:00+00:00,,,
USGS-09180000,2026-06-28 11:00:00+00:00,,,
USGS-09180000,2026-06-28 12:00:00+00:00,,,
USGS-09180000,2026-06-28 13:00:00+00:00,,,
USGS-09180000,2026-06-28 14:00:00+00:00,,,
USGS-09180000,2026-06-28 15:00:00+00:00,,,
USGS-09180000,2026-06-28 16:00:00+00:00,,,
USGS-09180000,2026-06-28 17:00:00+00:00,,,
USGS-09180000,2026-06-28 18:00:00+00:00,,,
USGS-09180000,2026-06-28 19:00:00+00:00,,,
USGS-09180000,2026-06-28 20:00:00+00:00,,,
USGS-09180000,2026-06-28 21:00:00+00:00,,,
USGS-09180000,2026-06-28 22:00:00+00:00,,,
USGS-09180000,2026-06-28 23:00:00+00:00,,,
USGS-09180000,2026-06-29 00:00:00+00:00,,,
USGS-09180000,2026-06-29 01:00:00+00:00,,,
USGS-09180000,2026-06-29 02:00:00+00:00,,,
USGS-09180000,2026-06-29 03:00:00+00:00,,,
USGS-09180000,2026-06-29 04:00:00+00:00,,,
USGS-09180000,2026-06-29 05:00:00+00:00,,,
USGS-09180000,2026-06-29 06:00:00+00:00,,,
USGS-09180000,2026-06-29 07:00:00+00:00,,,
USGS-09180000,2026-06-29 08:00:00+00:00,,,
USGS-09180000,2026-06-29 09:00:00+00:00,,,
USGS-09180000,2026-06-29 10:00:00+00:00,,,
USGS-09180000,2026-06-29 11:00:00+00:00,,,
USGS-09180000,2026-06-29 12:00:00+00:00,,,
USGS-09180000,2026-06-29 13:00:00+00:00,,,
USGS-09180000,2026-06-29 14:00:00+00:00,,,
USGS-09180000,2026-06-29 15:00:00+00:00,,,
USGS-09180000,2026-06-29 16:00:00+00:00,,,
USGS-09180000,2026-06-29 17:00:00+00:00,,,
USGS-09180000,2026-06-29 18:00:00+00:00,,,
USGS-09180000,2026-06-29 19:00:00+00:00,,,
USGS-09180000,2026-06-29 20:00:00+00:00,,,
USGS-09180000,2026-06-29 21:00:00+00:00,,,
USGS-09180000,2026-06-29 22:00:00+00:00,,,
USGS-09180000,2026-06-29 23:00:00+00:00,,,
USGS-09180000,2026-06-30 00:00:00+00:00,,,
USGS-09180000,2026-06-30 01:00:00+00:00,,,
USGS-09180000,2026-06-30 02:00:00+00:00,,,
USGS-09180000,2026-06-30 03:00:00+00:00,,,
USGS-09180000,2026-06-30 04:00:00+00:00,,,
USGS-09180000,2026-06-30 05:00:00+00:00,,,
USGS-09180000,2026-06-30 06:00:00+00:00,,,
USGS-09180000,2026-06-30 07:00:00+00:00,,,
USGS-09180000,2026-06-30 08:00:00+00:00,,,
USGS-09180000,2026-06-30 09:00:00+00:00,,,
USGS-09180000,2026-06-30 10:00:00+00:00,,,
USGS-09180000,2026-06-30 11:00:00+00:00,,,
USGS-09180000,2026-06-30 12:00:00+00:00,,,
USGS-09180000,2026-06-30 13:00:00+00:00,,,
USGS-09180000,2026-06-30 14:00:00+00:00,,,
USGS-09180000,2026-06-30 15:00:00+00:00,,,
USGS-09180000,2026-06-30 16:00:00+00:00,,,
USGS-09180000,2026-06-30 17:00:00+00:00,,,
USGS-09180000,2026-06-30 18:00:00+00:00,,,
USGS-09180000,2026-06-30 19:00:00+00:00,,,
USGS-09180000,2026-06-30 20:00:00+00:00,,,
USGS-09180000,2026-06-30 21:00:00+00:00,,,
USGS-09180000,2026-06-30 22:00:00+00:00,,,
USGS-09180000,2026-06-30 23:00:00+00:00,,,
USGS-09180000,2026-07-01 00:00:00+00:00,,,
USGS-09180000,2026-07-01 01:00:00+00:00,,,
USGS-09180000,2026-07-01 02:00:00+00:00,,,
USGS-09180000,2026-07-01 03:00:00+00:00,,,
USGS-09180000,2026-07-01 04:00:00+00:00,,,
USGS-09180000,2026-07-01 05:00:00+00:00,,,
USGS-09180000,2026-07-01 06:00:00+00:00,,,
USGS-09180000,2026-07-01 07:00:00+00:00,,,
USGS-09180000,2026-07-01 08:00:00+00:00,,,
USGS-09180000,2026-07-01 09:00:00+00:00,,,
USGS-09180000,2026-07-01 10:00:00+00:00,,,
USGS-09180000,2026-07-01 11:00:00+00:00,,,
USGS-09180000,2026-07-01 12:00:00+00:00,,,
USGS-09180000,2026-07-01 13:00:00+00:00,,,
USGS-09180000,2026-07-01 14:00:00+00:00,,,
USGS-09180000,2026-07-01 15:00:00+00:00,,,
USGS-09180000,2026-07-01 16:00:00+00:00,,,
USGS-09180000,2026-07-01 17:00:00+00:00,,,
USGS-09180000,2026-07-01 18:00:00+00:00,,,
USGS-09180000,2026-07-01 19:00:00+00:00,,,
USGS-09180000,2026-07-01 20:00:00+00:00,,,
USGS-09180000,2026-07-01 21:00:00+00:00,,,
USGS-09180000,2026-07-01 22:00:00+00:00,,,
USGS-09180000,2026-07-01 23:00:00+00:00,,,
USGS-09180000,2026-07-02 00:00:00+00:00,,,
USGS-09180000,2026-07-02 01:00:00+00:00,,,
USGS-09180000,2026-07-02 02:00:00+00:00,,,
USGS-09180000,2026-07-02 03:00:00+00:00,,,
USGS-09180000,2026-07-02 04:00:00+00:00,,,
USGS-09180000,2026-07-02 05:00:00+00:00,,,
USGS-09180000,2026-07-02 06:00:00+00:00,,,
USGS-09180000,2026-07-02 07:00:00+00:00,,,
USGS-09180000,2026-07-02 08:00:00+00:00,,,
USGS-09180000,2026-07-02 09:00:00+00:00,,,
USGS-09180000,2026-07-02 10:00:00+00:00,,,
USGS-09180000,2026-07-02 11:00:00+00:00,,,
USGS-09180000,2026-07-02 12:00:00+00:00,,,
USGS-09180000,2026-07-02 13:00:00+00:00,,,
USGS-09180000,2026-07-02 14:00:00+00:00,,,
USGS-09180000,2026-07-02 15:00:00+00:00,,,
USGS-09180000,2026-07-02 16:00:00+00:00,,,
USGS-09180000,2026-07-02 17:00:00+00:00,,,
USGS-09180000,2026-07-02 18:00:00+00:00,,,
USGS-09180000,2026-07-02 19:00:00+00:00,,,
USGS-09180000,2026-07-02 20:00:00+00:00,,,
USGS-09180000,2026-07-02 21:00:00+00:00,,,
USGS-09180000,2026-07-02 22:00:00+00:00,,,
USGS-09180000,2026-07-02 23:00:00+00:00,,,
USGS-09180000,2026-07-03 00:00:00+00:00,,,
USGS-09180000,2026-07-03 01:00:00+00:00,,,
USGS-09180000,2026-07-03 02:00:00+00:00,,,
USGS-09180000,2026-07-03 03:00:00+00:00,,,
USGS-09180000,2026-07-03 04:00:00+00:00,,,
USGS-09180000,2026-07-03 05:00:00+00:00,,,
USGS-09180000,2026-07-03 06:00:00+00:00,,,
USGS-09180000,2026-07-03 07:00:00+00:00,,,
USGS-09180000,2026-07-03 08:00:00+00:00,,,
USGS-09180000,2026-07-03 09:00:00+00:00,,,
USGS-09180000,2026-07-03 10:00:00+00:00,,,
USGS-09180000,2026-07-03 11:00:00+00:00,,,
USGS-09180000,2026-07-03 12:00:00+00:00,,,
USGS-09180000,2026-07-03 13:00:00+00:00,,,
USGS-09180000,2026-07-03 14:00:00+00:00,,,
USGS-09180000,2026-07-03 15:00:00+00:00,,,
USGS-09180000,2026-07-03 16:00:00+00:00,,,
USGS-09180000,2026-07-03 17:00:00+00:00,,,
USGS-09180000,2026-07-03 18:00:00+00:00,,,
USGS-09180000,2026-07-03 19:00:00+00:00,,,
USGS-09180000,2026-07-03 20:00:00+00:00,,,
USGS-09180000,2026-07-03 21:00:00+00:00,,,
USGS-09180000,2026-07-03 22:00:00+00:00,,,
USGS-09180000,2026-07-03 23:00:00+00:00,,,
USGS-09180000,2026-07-04 00:00:00+00:00,,,
USGS-09180000,2026-07-04 01:00:00+00:00,,,
USGS-09180000,2026-07-04 02:00:00+00:00,,,
USGS-09180000,2026-07-04 03:00:00+00:00,,,
USGS-09180000,2026-07-04 04:00:00+00:00,,,
USGS-09180000,2026-07-04 05:00:00+00:00,,,
USGS-09180000,2026-07-04 06:00:00+00:00,,,
USGS-09180000,2026-07-04 07:00:00+00:00,,,
USGS-09180000,2026-07-04 08:00:00+00:00,,,
USGS-09180000,2026-07-04 09:00:00+00:00,,,
USGS-09180000,2026-07-04 10:00:00+00:00,,,
USGS-09180000,2026-07-04 11:00:00+00:00,,,
USGS-09180000,2026-07-04 12:00:00+00:00,,,
USGS-09180000,2026-07-04 13:00:00+00:00,,,
USGS-09180000,2026-07-04 14:00:00+00:00,,,
USGS-09180000,2026-07-04 15:00:00+00:00,,,
USGS-09180000,2026-07-04 16:00:00+00:00,,,
USGS-09180000,2026-07-04 17:00:00+00:00,,,
USGS-09180000,2026-07-04 18:00:00+00:00,,,
USGS-09180000,2026-07-04 19:00:00+00:00,,,
USGS-09180000,2026-07-04 20:00:00+00:00,,,
USGS-09180000,2026-07-04 21:00:00+00:00,,,
USGS-09180000,2026-07-04 22:00:00+00:00,,,
USGS-09180000,2026-07-04 23:00:00+00:00,,,
USGS-09180000,2026-07-05 00:00:00+00:00,,,
USGS-09180000,2026-07-05 01:00:00+00:00,,,
USGS-09180000,2026-07-05 02:00:00+00:00,,,
USGS-09180000,2026-07-05 03:00:00+00:00,,,
USGS-09180000,2026-07-05 04:00:00+00:00,,,
USGS-09180000,2026-07-05 05:00:00+00:00,,,
USGS-09180000,2026-07-05 06:00:00+00:00,,,
USGS-09180000,2026-07-05 07:00:00+00:00,,,
USGS-09180000,2026-07-05 08:00:00+00:00,,,
USGS-09180000,2026-07-05 09:00:00+00:00,,,
USGS-09180000,2026-07-05 10:00:00+00:00,,,
USGS-09180000,2026-07-05 11:00:00+00:00,,,
USGS-09180000,2026-07-05 12:00:00+00:00,,,
USGS-09180000,2026-07-05 13:00:00+00:00,,,
USGS-09180000,2026-07-05 14:00:00+00:00,,,
USGS-09180000,2026-07-05 15:00:00+00:00,,,
USGS-09180000,2026-07-05 16:00:00+00:00,,,
USGS-09180000,2026-07-05 17:00:00+00:00,,,
USGS-09180000,2026-07-05 18:00:00+00:00,,,
USGS-09180000,2026-07-05 19:00:00+00:00,,,
USGS-09180000,2026-07-05 20:00:00+00:00,,,
USGS-09180000,2026-07-05 21:00:00+00:00,,,
USGS-09180000,2026-07-05 22:00:00+00:00,,,
USGS-09180000,2026-07-05 23:00:00+00:00,,,
USGS-09180000,2026-07-06 00:00:00+00:00,,,
USGS-09180000,2026-07-06 01:00:00+00:00,,,
USGS-09180000,2026-07-06 02:00:00+00:00,,,
USGS-09180000,2026-07-06 03:00:00+00:00,,,
USGS-09180000,2026-07-06 04:00:00+00:00,,,
USGS-09180000,2026-07-06 05:00:00+00:00,,,
USGS-09180000,2026-07-06 06:00:00+00:00,,,
USGS-09180000,2026-07-06 07:00:00+00:00,,,
USGS-09180000,2026-07-06 08:00:00+00:00,,,
USGS-09180000,2026-07-06 09:00:00+00:00,,,
USGS-09180000,2026-07-06 10:00:00+00:00,,,
USGS-09180000,2026-07-06 11:00:00+00:00,,,
USGS-09180000,2026-07-06 12:00:00+00:00,,,
USGS-09180000,2026-07-06 13:00:00+00:00,,,
USGS-09180000,2026-07-06 14:00:00+00:00,,,
USGS-09180000,2026-07-06 15:00:00+00:00,,,
USGS-09180000,2026-07-06 16:00:00+00:00,,,
USGS-09180000,2026-07-06 17:00:00+00:00,,,
USGS-09180000,2026-07-06 18:00:00+00:00,,,
USGS-09180000,2026-07-06 19:00:00+00:00,,,
USGS-09180000,2026-07-06 20:00:00+00:00,,,
USGS-09180000,2026-07-06 21:00:00+00:00,,,
USGS-09180000,2026-07-06 22:00:00+00:00,,,
USGS-09180000,2026-07-06 23:00:00+00:00,,,
USGS-09180000,2026-07-07 00:00:00+00:00,,,
USGS-09180000,2026-07-07 01:00:00+00:00,,,
USGS-09180000,2026-07-07 02:00:00+00:00,,,
USGS-09180000,2026-07-07 03:00:00+00:00,,,
USGS-09180000,2026-07-07 04:00:00+00:00,,,
USGS-09180000,2026-07-07 05:00:00+00:00,,,
USGS-09180000,2026-07-07 06:00:00+00:00,,,
USGS-09180000,2026-07-07 07:00:00+00:00,,,
USGS-09180000,2026-07-07 08:00:00+00:00,,,
USGS-09180000,2026-07-07 09:00:00+00:00,,,
USGS-09180000,2026-07-07 10:00:00+00:00,,,
USGS-09180000,2026-07-07 11:00:00+00:00,,,
USGS-09180000,2026-07-07 12:00:00+00:00,,,
USGS-09180000,2026-07-07 13:00:00+00:00,,,
USGS-09180000,2026-07-07 14:00:00+00:00,,,
USGS-09180000,2026-07-07 15:00:00+00:00,,,
USGS-09180000,2026-07-07 16:00:00+00:00,,,
USGS-09180000,2026-07-07 17:00:00+00:00,,,
USGS-09180000,2026-07-07 18:00:00+00:00,,,
USGS-09180000,2026-07-07 19:00:00+00:00,,,
USGS-09180000,2026-07-07 20:00:00+00:00,,,
USGS-09180000,2026-07-07 21:00:00+00:00,,,
USGS-09180000,2026-07-07 22:00:00+00:00,,,
USGS-09180000,2026-07-07 23:00:00+00:00,,,
USGS-09180000,2026-07-08 00:00:00+00:00,,,
USGS-09180000,2026-07-08 01:00:00+00:00,,,
USGS-09180000,2026-07-08 02:00:00+00:00,,,
USGS-09180000,2026-07-08 03:00:00+00:00,,,
USGS-09180000,2026-07-08 04:00:00+00:00,,,
USGS-09180000,2026-07-08 05:00:00+00:00,,,
USGS-09180000,2026-07-08 06:00:00+00:00,,,
USGS-09180000,2026-07-08 07:00:00+00:00,,,
USGS-09180000,2026-07-08 08:00:00+00:00,,,
USGS-09180000,2026-07-08 09:00:00+00:00,,,
USGS-09180000,2026-07-08 10:00:00+00:00,,,
USGS-09180000,2026-07-08 11:00:00+00:00,,,
USGS-09180000,2026-07-08 12:00:00+00:00,,,
USGS-09180000,2026-07-08 13:00:00+00:00,,,
USGS-09180000,2026-07-08 14:00:00+00:00,,,
USGS-09180000,2026-07-08 15:00:00+00:00,,,
USGS-09180000,2026-07-08 16:00:00+00:00,,,
USGS-09180000,2026-07-08 17:00:00+00:00,,,
USGS-09180000,2026-07-08 18:00:00+00:00,,,
USGS-09180000,2026-07-08 19:00:00+00:00,,,
USGS-09180000,2026-07-08 20:00:00+00:00,,,
USGS-09180000,2026-07-08 21:00:00+00:00,,,
USGS-09180000,2026-07-08 22:00:00+00:00,,,
USGS-09180000,2026-07-08 23:00:00+00:00,,,
USGS-09180000,2026-07-09 00:00:00+00:00,,,
USGS-09180000,2026-07-09 01:00:00+00:00,,,
USGS-09180000,2026-07-09 02:00:00+00:00,,,
USGS-09180000,2026-07-09 03:00:00+00:00,,,
USGS-09180000,2026-07-09 04:00:00+00:00,,,
USGS-09180000,2026-07-09 05:00:00+00:00,,,
USGS-09180000,2026-07-09 06:00:00+00:00,,,
USGS-09180000,2026-07-09 07:00:00+00:00,,,
USGS-09180000,2026-07-09 08:00:00+00:00,,,
USGS-09180000,2026-07-09 09:00:00+00:00,,,
USGS-09180000,2026-07-09 10:00:00+00:00,,,
USGS-09180000,2026-07-09 11:00:00+00:00,,,
USGS-09180000,2026-07-09 12:00:00+00:00,,,
USGS-09180000,2026-07-09 13:00:00+00:00,,,
USGS-09180000,2026-07-09 14:00:00+00:00,,,
USGS-09180000,2026-07-09 15:00:00+00:00,,,
USGS-09180000,2026-07-09 16:00:00+00:00,,,
USGS-09180000,2026-07-09 17:00:00+00:00,,,
USGS-09180000,2026-07-09 18:00:00+00:00,,,
USGS-09180000,2026-07-09 19:00:00+00:00,,,
USGS-09180000,2026-07-09 20:00:00+00:00,,,
USGS-09180000,2026-07-09 21:00:00+00:00,,,
USGS-09180000,2026-07-09 22:00:00+00:00,,,
USGS-09180000,2026-07-09 23:00:00+00:00,,,
USGS-09180000,2026-07-10 00:00:00+00:00,,,
USGS-09180000,2026-07-10 01:00:00+00:00,,,
USGS-09180000,2026-07-10 02:00:00+00:00,,,
USGS-09180000,2026-07-10 03:00:00+00:00,,,
USGS-09180000,2026-07-10 04:00:00+00:00,,,
USGS-09180000,2026-07-10 05:00:00+00:00,,,
USGS-09180000,2026-07-10 06:00:00+00:00,,,
USGS-09180000,2026-07-10 07:00:00+00:00,,,
USGS-09180000,2026-07-10 08:00:00+00:00,,,
USGS-09180000,2026-07-10 09:00:00+00:00,,,
USGS-09180000,2026-07-10 10:00:00+00:00,,,
USGS-09180000,2026-07-10 11:00:00+00:00,,,
USGS-09180000,2026-07-10 12:00:00+00:00,,,
USGS-09180000,2026-07-10 13:00:00+00:00,,,
USGS-09180000,2026-07-10 14:00:00+00:00,,,
USGS-09180000,2026-07-10 15:00:00+00:00,,,
USGS-09180000,2026-07-10 16:00:00+00:00,,,
USGS-09180000,2026-07-10 17:00:00+00:00,,,
USGS-09180000,2026-07-10 18:00:00+00:00,,,
USGS-09180000,2026-07-10 19:00:00+00:00,,,
USGS-09180000,2026-07-10 20:00:00+00:00,,,
USGS-09180000,2026-07-10 21:00:00+00:00,,,
USGS-09180000,2026-07-10 22:00:00+00:00,,,
USGS-09180000,2026-07-10 23:00:00+00:00,,,
USGS-09180000,2026-07-11 00:00:00+00:00,,,
USGS-09180000,2026-07-11 01:00:00+00:00,,,
USGS-09180000,2026-07-11 02:00:00+00:00,,,
USGS-09180000,2026-07-11 03:00:00+00:00,,,
USGS-09180000,2026-07-11 04:00:00+00:00,,,
USGS-09180000,2026-07-11 05:00:00+00:00,,,
USGS-09180000,2026-07-11 06:00:00+00:00,,,
USGS-09180000,2026-07-11 07:00:00+00:00,,,
USGS-09180000,2026-07-11 08:00:00+00:00,,,
USGS-09180000,2026-07-11 09:00:00+00:00,,,
USGS-09180000,2026-07-11 10:00:00+00:00,,,
USGS-09180000,2026-07-11 11:00:00+00:00,,,
USGS-09180000,2026-07-11 12:00:00+00:00,,,
USGS-09180000,2026-07-11 13:00:00+00:00,,,
USGS-09180000,2026-07-11 14:00:00+00:00,,,
USGS-09180000,2026-07-11 15:00:00+00:00,,,
USGS-09180000,2026-07-11 16:00:00+00:00,,,
USGS-09180000,2026-07-11 17:00:00+00:00,,,
USGS-09180000,2026-07-11 18:00:00+00:00,,,
USGS-09180000,2026-07-11 19:00:00+00:00,,,
USGS-09180000,2026-07-11 20:00:00+00:00,,,
USGS-09180000,2026-07-11 21:00:00+00:00,,,
USGS-09180000,2026-07-11 22:00:00+00:00,,,
USGS-09180000,2026-07-11 23:00:00+00:00,,,
USGS-09180000,2026-07-12 00:00:00+00:00,,,
USGS-09180000,2026-07-12 01:00:00+00:00,,,
USGS-09180000,2026-07-12 02:00:00+00:00,,,
USGS-09180000,2026-07-12 03:00:00+00:00,,,
USGS-09180000,2026-07-12 04:00:00+00:00,,,
USGS-09180000,2026-07-12 05:00:00+00:00,,,
USGS-09180000,2026-07-12 06:00:00+00:00,,,
USGS-09180000,2026-07-12 07:00:00+00:00,,,
USGS-09180000,2026-07-12 08:00:00+00:00,,,
USGS-09180000,2026-07-12 09:00:00+00:00,,,
USGS-09180000,2026-07-12 10:00:00+00:00,,,
USGS-09180000,2026-07-12 11:00:00+00:00,,,
USGS-09180000,2026-07-12 12:00:00+00:00,,,
USGS-09180000,2026-07-12 13:00:00+00:00,,,
USGS-09180000,2026-07-12 14:00:00+00:00,,,
USGS-09180000,2026-07-12 15:00:00+00:00,,,
USGS-09180000,2026-07-12 16:00:00+00:00,,,
USGS-09180000,2026-07-12 17:00:00+00:00,,,
USGS-09180000,2026-07-12 18:00:00+00:00,,,
USGS-09180000,2026-07-12 19:00:00+00:00,,,
USGS-09180000,2026-07-12 20:00:00+00:00,,,
USGS-09180000,2026-07-12 21:00:00+00:00,,,
USGS-09180000,2026-07-12 22:00:00+00:00,,,
USGS-09180000,2026-07-12 23:00:00+00:00,,,
USGS-09180000,2026-07-13 00:00:00+00:00,,,
USGS-09180000,2026-07-13 01:00:00+00:00,,,
USGS-09180000,2026-07-13 02:00:00+00:00,,,
USGS-09180000,2026-07-13 03:00:00+00:00,,,
USGS-09180000,2026-07-13 04:00:00+00:00,,,
USGS-09180000,2026-07-13 05:00:00+00:00,,,
USGS-09180000,2026-07-13 06:00:00+00:00,,,
USGS-09180000,2026-07-13 07:00:00+00:00,,,
USGS-09180000,2026-07-13 08:00:00+00:00,,,
USGS-09180000,2026-07-13 09:00:00+00:00,,,
USGS-09180000,2026-07-13 10:00:00+00:00,,,
USGS-09180000,2026-07-13 11:00:00+00:00,,,
USGS-09180000,2026-07-13 12:00:00+00:00,,,
USGS-09180000,2026-07-13 13:00:00+00:00,,,
USGS-09180000,2026-07-13 14:00:00+00:00,,,
USGS-09180000,2026-07-13 15:00:00+00:00,,,
USGS-09180000,2026-07-13 16:00:00+00:00,,,
USGS-09180000,2026-07-13 17:00:00+00:00,,,
USGS-09180000,2026-07-13 18:00:00+00:00,,,
USGS-09180000,2026-07-13 19:00:00+00:00,,,
USGS-09180000,2026-07-13 20:00:00+00:00,,,
USGS-09180000,2026-07-13 21:00:00+00:00,,,
USGS-09180000,2026-07-13 22:00:00+00:00,,,
USGS-09180000,2026-07-13 23:00:00+00:00,,,
USGS-09180000,2026-07-14 00:00:00+00:00,,,
USGS-09180000,2026-07-14 01:00:00+00:00,,,
USGS-09180000,2026-07-14 02:00:00+00:00,,,
USGS-09180000,2026-07-14 03:00:00+00:00,,,
USGS-09180000,2026-07-14 04:00:00+00:00,,,
USGS-09180000,2026-07-14 05:00:00+00:00,,,
USGS-09180000,2026-07-14 06:00:00+00:00,,,
USGS-09180000,2026-07-14 07:00:00+00:00,,,
USGS-09180000,2026-07-14 08:00:00+00:00,,,
USGS-09180000,2026-07-14 09:00:00+00:00,,,
USGS-09180000,2026-07-14 10:00:00+00:00,,,
USGS-09180000,2026-07-14 11:00:00+00:00,,,
USGS-09180000,2026-07-14 12:00:00+00:00,,,
USGS-09180000,2026-07-14 13:00:00+00:00,,,
USGS-09180000,2026-07-14 14:00:00+00:00,,,
USGS-09180000,2026-07-14 15:00:00+00:00,,,
USGS-09180000,2026-07-14 16:00:00+00:00,,,
USGS-09180000,2026-07-14 17:00:00+00:00,,,
USGS-09180000,2026-07-14 18:00:00+00:00,,,
USGS-09180000,2026-07-14 19:00:00+00:00,,,
USGS-09180000,2026-07-14 20:00:00+00:00,,,
USGS-09180000,2026-07-14 21:00:00+00:00,,,
USGS-09180000,2026-07-14 22:00:00+00:00,,,
USGS-09180000,2026-07-14 23:00:00+00:00,,,
USGS-09180000,2026-07-15 00:00:00+00:00,,,
USGS-09180000,2026-07-15 01:00:00+00:00,,,
USGS-09180000,2026-07-15 02:00:00+00:00,,,
USGS-09180000,2026-07-15 03:00:00+00:00,,,
USGS-09180000,2026-07-15 04:00:00+00:00,,,
USGS-09180000,2026-07-15 05:00:00+00:00,,,
USGS-09180000,2026-07-15 06:00:00+00:00,,,
USGS-09180000,2026-07-15 07:00:00+00:00,,,
USGS-09180000,2026-07-15 08:00:00+00:00,,,
USGS-09180000,2026-07-15 09:00:00+00:00,,,
USGS-09180000,2026-07-15 10:00:00+00:00,,,
USGS-09180000,2026-07-15 11:00:00+00:00,,,
USGS-09180000,2026-07-15 12:00:00+00:00,,,
USGS-09180000,2026-07-15 13:00:00+00:00,,,
USGS-09180000,2026-07-15 14:00:00+00:00,,,
USGS-09180000,2026-07-15 15:00:00+00:00,,,
USGS-09180000,2026-07-15 16:00:00+00:00,,,
USGS-09180000,2026-07-15 17:00:00+00:00,,,
USGS-09180000,2026-07-15 18:00:00+00:00,,,
USGS-09180000,2026-07-15 19:00:00+00:00,,,
USGS-09180000,2026-07-15 20:00:00+00:00,,,
USGS-09180000,2026-07-15 21:00:00+00:00,,,
USGS-09180000,2026-07-15 22:00:00+00:00,,,
USGS-09180000,2026-07-15 23:00:00+00:00,,,
USGS-09180000,2026-07-16 00:00:00+00:00,,,
USGS-09180000,2026-07-16 01:00:00+00:00,,,
USGS-09180000,2026-07-16 02:00:00+00:00,,,
USGS-09180000,2026-07-16 03:00:00+00:00,,,
USGS-09180000,2026-07-16 04:00:00+00:00,,,
USGS-09180000,2026-07-16 05:00:00+00:00,,,
USGS-09180000,2026-07-16 06:00:00+00:00,,,
USGS-09180000,2026-07-16 07:00:00+00:00,,,
USGS-09180000,2026-07-16 08:00:00+00:00,,,
USGS-09180000,2026-07-16 09:00:00+00:00,,,
USGS-09180000,2026-07-16 10:00:00+00:00,,,
USGS-09180000,2026-07-16 11:00:00+00:00,,,
USGS-09180000,2026-07-16 12:00:00+00:00,,,
USGS-09180000,2026-07-16 13:00:00+00:00,,,
USGS-09180000,2026-07-16 14:00:00+00:00,,,
USGS-09180000,2026-07-16 15:00:00+00:00,,,
USGS-09180000,2026-07-16 16:00:00+00:00,,,
USGS-09180000,2026-07-16 17:00:00+00:00,,,
USGS-09180000,2026-07-16 18:00:00+00:00,,,
USGS-09180000,2026-07-16 19:00:00+00:00,,,
USGS-09180000,2026-07-16 20:00:00+00:00,,,
USGS-09180000,2026-07-16 21:00:00+00:00,,,
USGS-09180000,2026-07-16 22:00:00+00:00,,,
USGS-09180000,2026-07-16 23:00:00+00:00,,,
USGS-09180000,2026-07-17 00:00:00+00:00,,,
USGS-09180000,2026-07-17 01:00:00+00:00,,,
USGS-09180000,2026-07-17 02:00:00+00:00,,,
USGS-09180000,2026-07-17 03:00:00+00:00,,,
USGS-09180000,2026-07-17 04:00:00+00:00,,,
USGS-09180000,2026-07-17 05:00:00+00:00,,,
USGS-09180000,2026-07-17 06:00:00+00:00,,,
USGS-09180000,2026-07-17 07:00:00+00:00,,,
USGS-09180000,2026-07-17 08:00:00+00:00,,,
USGS-09180000,2026-07-17 09:00:00+00:00,,,
USGS-09180000,2026-07-17 10:00:00+00:00,,,
USGS-09180000,2026-07-17 11:00:00+00:00,,,
USGS-09180000,2026-07-17 12:00:00+00:00,,,
USGS-09180000,2026-07-17 13:00:00+00:00,,,
USGS-09180000,2026-07-17 14:00:00+00:00,,,
USGS-09180000,2026-07-17 15:00:00+00:00,,,
USGS-09180000,2026-07-17 16:00:00+00:00,,,
USGS-09180000,2026-07-17 17:00:00+00:00,,,
USGS-09180000,2026-07-17 18:00:00+00:00,,,
USGS-09180000,2026-07-17 19:00:00+00:00,,,
USGS-09180000,2026-07-17 20:00:00+00:00,,,
USGS-09180000,2026-07-17 21:00:00+00:00,,,
USGS-09180000,2026-07-17 22:00:00+00:00,,,
USGS-09180000,2026-07-17 23:00:00+00:00,,,
USGS-09180000,2026-07-18 00:00:00+00:00,,,
USGS-09180000,2026-07-18 01:00:00+00:00,,,
USGS-09180000,2026-07-18 02:00:00+00:00,,,
USGS-09180000,2026-07-18 03:00:00+00:00,,,
USGS-09180000,2026-07-18 04:00:00+00:00,,,
USGS-09180000,2026-07-18 05:00:00+00:00,,,
USGS-09180000,2026-07-18 06:00:00+00:00,,,
USGS-09180000,2026-07-18 07:00:00+00:00,,,
USGS-09180000,2026-07-18 08:00:00+00:00,,,
USGS-09180000,2026-07-18 09:00:00+00:00,,,
USGS-09180000,2026-07-18 10:00:00+00:00,,,
USGS-09180000,2026-07-18 11:00:00+00:00,,,
USGS-09180000,2026-07-18 12:00:00+00:00,,,
USGS-09180000,2026-07-18 13:00:00+00:00,,,
USGS-09180000,2026-07-18 14:00:00+00:00,,,
USGS-09180000,2026-07-18 15:00:00+00:00,,,
USGS-09180000,2026-07-18 16:00:00+00:00,,,
USGS-09180000,2026-07-18 17:00:00+00:00,,,
USGS-09180000,2026-07-18 18:00:00+00:00,,,
USGS-09180000,2026-07-18 19:00:00+00:00,,,
USGS-09180000,2026-07-18 20:00:00+00:00,,,
USGS-09180000,2026-07-18 21:00:00+00:00,,,
USGS-09180000,2026-07-18 22:00:00+00:00,,,
USGS-09180000,2026-07-18 23:00:00+00:00,,,
USGS-09180000,2026-07-19 00:00:00+00:00,,,
USGS-09180000,2026-07-19 01:00:00+00:00,,,
USGS-09180000,2026-07-19 02:00:00+00:00,,,
USGS-09180000,2026-07-19 03:00:00+00:00,,,
USGS-09180000,2026-07-19 04:00:00+00:00,,,
USGS-09180000,2026-07-19 05:00:00+00:00,,,
USGS-09180000,2026-07-19 06:00:00+00:00,,,
USGS-09180000,2026-07-19 07:00:00+00:00,,,
USGS-09180000,2026-07-19 08:00:00+00:00,,,
USGS-09180000,2026-07-19 09:00:00+00:00,,,
USGS-09180000,2026-07-19 10:00:00+00:00,,,
USGS-09180000,2026-07-19 11:00:00+00:00,,,
USGS-09180000,2026-07-19 12:00:00+00:00,,,
USGS-09180000,2026-07-19 13:00:00+00:00,,,
USGS-09180000,2026-07-19 14:00:00+00:00,,,
USGS-09180000,2026-07-19 15:00:00+00:00,,,
USGS-09180000,2026-07-19 16:00:00+00:00,,,
USGS-09180000,2026-07-19 17:00:00+00:00,,,
USGS-09180000,2026-07-19 18:00:00+00:00,,,
USGS-09180000,2026-07-19 19:00:00+00:00,,,
USGS-09180000,2026-07-19 20:00:00+00:00,,,
USGS-09180000,2026-07-19 21:00:00+00:00,,,
USGS-09180000,2026-07-19 22:00:00+00:00,,,
USGS-09180000,2026-07-19 23:00:00+00:00,,,
USGS-09180000,2026-07-20 00:00:00+00:00,,,
USGS-09180000,2026-07-20 01:00:00+00:00,,,
USGS-09180000,2026-07-20 02:00:00+00:00,,,
USGS-09180000,2026-07-20 03:00:00+00:00,,,
USGS-09180000,2026-07-20 04:00:00+00:00,,,
USGS-09180000,2026-07-20 05:00:00+00:00,,,
USGS-09180000,2026-07-20 06:00:00+00:00,,,
USGS-09180000,2026-07-20 07:00:00+00:00,,,
USGS-09180000,2026-07-20 08:00:00+00:00,,,
USGS-09180000,2026-07-20 09:00:00+00:00,,,
USGS-09180000,2026-07-20 10:00:00+00:00,,,
USGS-09180000,2026-07-20 11:00:00+00:00,,,
USGS-09180000,2026-07-20 12:00:00+00:00,,,
USGS-09180000,2026-07-20 13:00:00+00:00,,,
USGS-09180000,2026-07-20 14:00:00+00:00,,,
USGS-09180000,2026-07-20 15:00:00+00:00,,,
USGS-09180000,2026-07-20 16:00:00+00:00,,,
USGS-09180000,2026-07-20 17:00:00+00:00,,,
USGS-09180000,2026-07-20 18:00:00+00:00,,,
USGS-09180000,2026-07-20 19:00:00+00:00,,,
USGS-09180000,2026-07-20 20:00:00+00:00,,,
USGS-09180000,2026-07-20 21:00:00+00:00,,,
USGS-09180000,2026-07-20 22:00:00+00:00,,,
USGS-09180000,2026-07-20 23:00:00+00:00,,,
USGS-09180000,2026-07-21 00:00:00+00:00,,,
USGS-09180000,2026-07-21 01:00:00+00:00,,,
USGS-09180000,2026-07-21 02:00:00+00:00,,,
USGS-09180000,2026-07-21 03:00:00+00:00,,,
USGS-09180000,2026-07-21 04:00:00+00:00,,,
USGS-09180000,2026-07-21 05:00:00+00:00,,,
USGS-09180000,2026-07-21 06:00:00+00:00,,,
USGS-09180000,2026-07-21 07:00:00+00:00,,,
USGS-09180000,2026-07-21 08:00:00+00:00,,,
USGS-09180000,2026-07-21 09:00:00+00:00,,,
USGS-09180000,2026-07-21 10:00:00+00:00,,,
USGS-09180000,2026-07-21 11:00:00+00:00,,,
USGS-09180000,2026-07-21 12:00:00+00:00,,,
USGS-09180000,2026-07-21 13:00:00+00:00,,,
USGS-09180000,2026-07-21 14:00:00+00:00,,,
USGS-09180000,2026-07-21 15:00:00+00:00,,,
USGS-09180000,2026-07-21 16:00:00+00:00,,,
USGS-09180000,2026-07-21 17:00:00+00:00,,,
USGS-09180000,2026-07-21 18:00:00+00:00,,,
USGS-09180000,2026-07-21 19:00:00+00:00,,,
USGS-09180000,2026-07-21 20:00:00+00:00,,,
USGS-09180000,2026-07-21 21:00:00+00:00,,,
USGS-09180000,2026-07-21 22:00:00+00:00,,,
USGS-09180000,2026-07-21 23:00:00+00:00,,,
USGS-09180000,2026-07-22 00:00:00+00:00,,,
USGS-09180000,2026-07-22 01:00:00+00:00,,,
USGS-09180000,2026-07-22 02:00:00+00:00,,,
USGS-09180000,2026-07-22 03:00:00+00:00,,,
USGS-09180000,2026-07-22 04:00:00+00:00,,,
USGS-09180000,2026-07-22 05:00:00+00:00,,,
USGS-09180000,2026-07-22 06:00:00+00:00,,,
USGS-09180000,2026-07-22 07:00:00+00:00,,,
USGS-09180000,2026-07-22 08:00:00+00:00,,,
USGS-09180000,2026-07-22 09:00:00+00:00,,,
USGS-09180000,2026-07-22 10:00:00+00:00,,,
USGS-09180000,2026-07-22 11:00:00+00:00,,,
USGS-09180000,2026-07-22 12:00:00+00:00,,,
USGS-09180000,2026-07-22 13:00:00+00:00,,,
USGS-09180000,2026-07-22 14:00:00+00:00,,,
USGS-09180000,2026-07-22 15:00:00+00:00,,,
USGS-09180000,2026-07-22 16:00:00+00:00,,,
USGS-09180000,2026-07-22 17:00:00+00:00,,,
USGS-09180000,2026-07-22 18:00:00+00:00,,,
USGS-09180000,2026-07-22 19:00:00+00:00,,,
USGS-09180000,2026-07-22 20:00:00+00:00,,,
USGS-09180000,2026-07-22 21:00:00+00:00,,,
USGS-09180000,2026-07-22 22:00:00+00:00,,,
USGS-09180000,2026-07-22 23:00:00+00:00,,,
USGS-09180000,2026-07-23 00:00:00+00:00,,,
USGS-09180000,2026-07-23 01:00:00+00:00,,,
USGS-09180000,2026-07-23 02:00:00+00:00,,,
USGS-09180000,2026-07-23 03:00:00+00:00,,,
USGS-09180000,2026-07-23 04:00:00+00:00,,,
USGS-09180000,2026-07-23 05:00:00+00:00,,,
USGS-09180000,2026-07-23 06:00:00+00:00,,,
USGS-09180000,2026-07-23 07:00:00+00:00,,,
USGS-09180000,2026-07-23 08:00:00+00:00,,,
USGS-09180000,2026-07-23 09:00:00+00:00,,,
USGS-09180000,2026-07-23 10:00:00+00:00,,,
USGS-09180000,2026-07-23 11:00:00+00:00,,,
USGS-09180000,2026-07-23 12:00:00+00:00,,,
USGS-09180000,2026-07-23 13:00:00+00:00,,,
USGS-09180000,2026-07-23 14:00:00+00:00,,,
USGS-09180000,2026-07-23 15:00:00+00:00,,,
USGS-09180000,2026-07-23 16:00:00+00:00,,,
USGS-09180000,2026-07-23 17:00:00+00:00,,,
USGS-09180000,2026-07-23 18:00:00+00:00,,,
USGS-09180000,2026-07-23 19:00:00+00:00,,,
USGS-09180000,2026-07-23 20:00:00+00:00,,,
USGS-09180000,2026-07-23 21:00:00+00:00,,,
USGS-09180000,2026-07-23 22:00:00+00:00,,,
USGS-09180000,2026-07-23 23:00:00+00:00,,,
USGS-09180000,2026-07-24 00:00:00+00:00,,,
USGS-09180000,2026-07-24 01:00:00+00:00,,,
USGS-09180000,2026-07-24 02:00:00+00:00,,,
USGS-09180000,2026-07-24 03:00:00+00:00,,,
USGS-09180000,2026-07-24 04:00:00+00:00,,,
USGS-09180000,2026-07-24 05:00:00+00:00,,,
USGS-09180000,2026-07-24 06:00:00+00:00,,,
USGS-09180000,2026-07-24 07:00:00+00:00,,,
USGS-09180000,2026-07-24 08:00:00+00:00,,,
USGS-09180000,2026-07-24 09:00:00+00:00,,,
USGS-09180000,2026-07-24 10:00:00+00:00,,,
USGS-09180000,2026-07-24 11:00:00+00:00,,,
USGS-09180000,2026-07-24 12:00:00+00:00,,,
USGS-09180000,2026-07-24 13:00:00+00:00,,,
USGS-09180000,2026-07-24 14:00:00+00:00,,,
USGS-09180000,2026-07-24 15:00:00+00:00,,,
USGS-09180000,2026-07-24 16:00:00+00:00,,,
USGS-09180000,2026-07-24 17:00:00+00:00,,,
USGS-09180000,2026-07-24 18:00:00+00:00,,,
USGS-09180000,2026-07-24 19:00:00+00:00,,,
USGS-09180000,2026-07-24 20:00:00+00:00,,,
USGS-09180000,2026-07-24 21:00:00+00:00,,,
USGS-09180000,2026-07-24 22:00:00+00:00,,,
USGS-09180000,2026-07-24 23:00:00+00:00,,,
USGS-09180000,2026-07-25 00:00:00+00:00,,,
USGS-09180000,2026-07-25 01:00:00+00:00,,,
USGS-09180000,2026-07-25 02:00:00+00:00,,,
USGS-09180000,2026-07-25 03:00:00+00:00,,,
USGS-09180000,2026-07-25 04:00:00+00:00,,,
USGS-09180000,2026-07-25 05:00:00+00:00,,,
USGS-09180000,2026-07-25 06:00:00+00:00,,,
USGS-09180000,2026-07-25 07:00:00+00:00,,,
USGS-09180000,2026-07-25 08:00:00+00:00,,,
USGS-09180000,2026-07-25 09:00:00+00:00,,,
USGS-09180000,2026-07-25 10:00:00+00:00,,,
USGS-09180000,2026-07-25 11:00:00+00:00,,,
USGS-09180000,2026-07-25 12:00:00+00:00,,,
USGS-09180000,2026-07-25 13:00:00+00:00,,,
USGS-09180000,2026-07-25 14:00:00+00:00,,,
USGS-09180000,2026-07-25 15:00:00+00:00,,,
USGS-09180000,2026-07-25 16:00:00+00:00,,,
USGS-09180000,2026-07-25 17:00:00+00:00,,,
USGS-09180000,2026-07-25 18:00:00+00:00,,,
USGS-09180000,2026-07-25 19:00:00+00:00,,,
USGS-09180000,2026-07-25 20:00:00+00:00,,,
USGS-09180000,2026-07-25 21:00:00+00:00,,,
USGS-09180000,2026-07-25 22:00:00+00:00,,,
USGS-09180000,2026-07-25 23:00:00+00:00,,,
USGS-09180000,2026-07-26 00:00:00+00:00,,,
USGS-09180000,2026-07-26 01:00:00+00:00,,,
USGS-09180000,2026-07-26 02:00:00+00:00,,,
USGS-09180000,2026-07-26 03:00:00+00:00,,,
USGS-09180000,2026-07-26 04:00:00+00:00,,,
USGS-09180000,2026-07-26 05:00:00+00:00,,,
USGS-09180000,2026-07-26 06:00:00+00:00,,,
USGS-09180000,2026-07-26 07:00:00+00:00,,,
USGS-09180000,2026-07-26 08:00:00+00:00,,,
USGS-09180000,2026-07-26 09:00:00+00:00,,,
USGS-09180000,2026-07-26 10:00:00+00:00,,,
USGS-09180000,2026-07-26 11:00:00+00:00,,,
USGS-09180000,2026-07-26 12:00:00+00:00,,,
USGS-09180000,2026-07-26 13:00:00+00:00,,,
USGS-09180000,2026-07-26 14:00:00+00:00,,,
USGS-09180000,2026-07-26 15:00:00+00:00,,,
USGS-09180000,2026-07-26 16:00:00+00:00,,,
USGS-09180000,2026-07-26 17:00:00+00:00,,,
USGS-09180000,2026-07-26 18:00:00+00:00,,,
USGS-09180000,2026-07-26 19:00:00+00:00,,,
USGS-09180000,2026-07-26 20:00:00+00:00,,,
USGS-09180000,2026-07-26 21:00:00+00:00,,,
USGS-09180000,2026-07-26 22:00:00+00:00,,,
USGS-09180000,2026-07-26 23:00:00+00:00,,,
USGS-09180000,2026-07-27 00:00:00+00:00,,,
USGS-09180000,2026-07-27 01:00:00+00:00,,,
USGS-09180000,2026-07-27 02:00:00+00:00,,,
USGS-09180000,2026-07-27 03:00:00+00:00,,,
USGS-09180000,2026-07-27 04:00:00+00:00,,,
USGS-09180000,2026-07-27 05:00:00+00:00,,,
USGS-09180000,2026-07-27 06:00:00+00:00,,,
USGS-09180000,2026-07-27 07:00:00+00:00,,,
USGS-09180000,2026-07-27 08:00:00+00:00,,,
USGS-09180000,2026-07-27 09:00:00+00:00,,,
USGS-09180000,2026-07-27 10:00:00+00:00,,,
USGS-09180000,2026-07-27 11:00:00+00:00,,,
USGS-09180000,2026-07-27 12:00:00+00:00,,,
USGS-09180000,2026-07-27 13:00:00+00:00,,,
USGS-09180000,2026-07-27 14:00:00+00:00,,,
USGS-09180000,2026-07-27 15:00:00+00:00,,,
USGS-09180000,2026-07-27 16:00:00+00:00,,,
USGS-09180000,2026-07-27 17:00:00+00:00,,,
USGS-09180000,2026-07-27 18:00:00+00:00,,,
USGS-09180000,2026-07-27 19:00:00+00:00,,,
USGS-09180000,2026-07-27 20:00:00+00:00,,,
USGS-09180000,2026-07-27 21:00:00+00:00,,,
USGS-09180000,2026-07-27 22:00:00+00:00,,,
USGS-09180000,2026-07-27 23:00:00+00:00,,,
USGS-09180000,2026-07-28 00:00:00+00:00,,,
USGS-09180000,2026-07-28 01:00:00+00:00,,,
USGS-09180000,2026-07-28 02:00:00+00:00,,,
USGS-09180000,2026-07-28 03:00:00+00:00,,,
USGS-09180000,2026-07-28 04:00:00+00:00,,,
USGS-09180000,2026-07-28 05:00:00+00:00,,,
USGS-09180000,2026-07-28 06:00:00+00:00,,,
USGS-09180000,2026-07-28 07:00:00+00:00,,,
USGS-09180000,2026-07-28 08:00:00+00:00,,,
USGS-09180000,2026-07-28 09:00:00+00:00,,,
USGS-09180000,2026-07-28 10:00:00+00:00,,,
USGS-09180000,2026-07-28 11:00:00+00:00,,,
USGS-09180000,2026-07-28 12:00:00+00:00,,,
USGS-09180000,2026-07-28 13:00:00+00:00,,,
USGS-09180000,2026-07-28 14:00:00+00:00,,,
USGS-09180000,2026-07-28 15:00:00+00:00,,,
USGS-09180000,2026-07-28 16:00:00+00:00,,,
USGS-09180000,2026-07-28 17:00:00+00:00,,,
USGS-09180000,2026-07-28 18:00:00+00:00,,,
USGS-09180000,2026-07-28 19:00:00+00:00,,,
USGS-09180000,2026-07-28 20:00:00+00:00,,,
USGS-09180000,2026-07-28 21:00:00+00:00,,,
USGS-09180000,2026-07-28 22:00:00+00:00,,,
USGS-09180000,2026-07-28 23:00:00+00:00,,,
USGS-09180000,2026-07-29 00:00:00+00:00,,,
USGS-09180000,2026-07-29 01:00:00+00:00,,,
USGS-09180000,2026-07-29 02:00:00+00:00,,,
USGS-09180000,2026-07-29 03:00:00+00:00,,,
USGS-09180000,2026-07-29 04:00:00+00:00,,,
USGS-09180000,2026-07-29 05:00:00+00:00,,,
USGS-09180000,2026-07-29 06:00:00+00:00,,,
USGS-09180000,2026-07-29 07:00:00+00:00,,,
USGS-09180000,2026-07-29 08:00:00+00:00,,,
USGS-09180000,2026-07-29 09:00:00+00:00,,,
USGS-09180000,2026-07-29 10:00:00+00:00,,,
USGS-09180000,2026-07-29 11:00:00+00:00,,,
USGS-09180000,2026-07-29 12:00:00+00:00,,,
USGS-09180000,2026-07-29 13:00:00+00:00,,,
USGS-09180000,2026-07-29 14:00:00+00:00,,,
USGS-09180000,2026-07-29 15:00:00+00:00,,,
USGS-09180000,2026-07-29 16:00:00+00:00,,,
USGS-09180000,2026-07-29 17:00:00+00:00,,,
USGS-09180000,2026-07-29 18:00:00+00:00,,,
USGS-09180000,2026-07-29 19:00:00+00:00,,,
USGS-09180000,2026-07-29 20:00:00+00:00,,,
USGS-09180000,2026-07-29 21:00:00+00:00,,,
USGS-09180000,2026-07-29 22:00:00+00:00,,,
USGS-09180000,2026-07-29 23:00:00+00:00,,,
USGS-09180000,2026-07-30 00:00:00+00:00,,,
USGS-09180000,2026-07-30 01:00:00+00:00,,,
USGS-09180000,2026-07-30 02:00:00+00:00,,,
USGS-09180000,2026-07-30 03:00:00+00:00,,,
USGS-09180000,2026-07-30 04:00:00+00:00,,,
USGS-09180000,2026-07-30 05:00:00+00:00,,,
USGS-09180000,2026-07-30 06:00:00+00:00,,,
USGS-09180000,2026-07-30 07:00:00+00:00,,,
USGS-09180000,2026-07-30 08:00:00+00:00,,,
USGS-09180000,2026-07-30 09:00:00+00:00,,,
USGS-09180000,2026-07-30 10:00:00+00:00,,,
USGS-09180000,2026-07-30 11:00:00+00:00,,,
USGS-09180000,2026-07-30 12:00:00+00:00,,,
USGS-09180000,2026-07-30 13:00:00+00:00,,,
USGS-09180000,2026-07-30 14:00:00+00:00,,,
USGS-09180000,2026-07-30 15:00:00+00:00,,,
USGS-09180000,2026-07-30 16:00:00+00:00,,,
USGS-09180000,2026-07-30 17:00:00+00:00,,,
USGS-09180000,2026-07-30 18:00:00+00:00,,,
USGS-09180000,2026-07-30 19:00:00+00:00,,,
USGS-09180000,2026-07-30 20:00:00+00:00,,,
USGS-09180000,2026-07-30 21:00:00+00:00,,,
USGS-09180000,2026-07-30 22:00:00+00:00,,,
USGS-09180000,2026-07-30 23:00:00+00:00,,,
USGS-09180000,2026-07-31 00:00:00+00:00,,,
USGS-09180000,2026-07-31 01:00:00+00:00,,,
USGS-09180000,2026-07-31 02:00:00+00:00,,,
USGS-09180000,2026-07-31 03:00:00+00:00,,,
USGS-09180000,2026-07-31 04:00:00+00:00,,,
USGS-09180000,2026-07-31 05:00:00+00:00,,,
USGS-09180000,2026-07-31 06:00:00+00:00,,,
USGS-09180000,2026-07-31 07:00:00+00:00,,,
USGS-09180000,2026-07-31 08:00:00+00:00,,,
USGS-09180000,2026-07-31 09:00:00+00:00,,,
USGS-09180000,2026-07-31 10:00:00+00:00,,,
USGS-09180000,2026-07-31 11:00:00+00:00,,,
USGS-09180000,2026-07-31 12:00:00+00:00,,,
USGS-09180000,2026-07-31 13:00:00+00:00,,,
USGS-09180000,2026-07-31 14:00:00+00:00,,,
USGS-09180000,2026-07-31 15:00:00+00:00,,,
USGS-09180000,2026-07-31 16:00:00+00:00,,,
USGS-09180000,2026-07-31 17:00:00+00:00,,,
USGS-09180000,2026-07-31 18:00:00+00:00,,,
USGS-09180000,2026-07-31 19:00:00+00:00,,,
USGS-09180000,2026-07-31 20:00:00+00:00,,,
USGS-09180000,2026-07-31 21:00:00+00:00,,,
USGS-09180000,2026-07-31 22:00:00+00:00,,,
USGS-09180000,2026-07-31 23:00:00+00:00,,,
USGS-09180000,2026-08-01 00:00:00+00:00,,,
USGS-09180000,2026-08-01 01:00:00+00:00,,,
USGS-09180000,2026-08-01 02:00:00+00:00,,,
USGS-09180000,2026-08-01 03:00:00+00:00,,,
USGS-09180000,2026-08-01 04:00:00+00:00,,,
USGS-09180000,2026-08-01 05:00:00+00:00,,,
USGS-09180000,2026-08-01 06:00:00+00:00,,,
USGS-09180000,2026-08-01 07:00:00+00:00,,,
USGS-09180000,2026-08-01 08:00:00+00:00,,,
USGS-09180000,2026-08-01 09:00:00+00:00,,,
USGS-09180000,2026-08-01 10:00:00+00:00,,,
USGS-09180000,2026-08-01 11:00:00+00:00,,,
USGS-09180000,2026-08-01 12:00:00+00:00,,,
USGS-09180000,2026-08-01 13:00:00+00:00,,,
USGS-09180000,2026-08-01 14:00:00+00:00,,,
USGS-09180000,2026-08-01 15:00:00+00:00,,,
USGS-09180000,2026-08-01 16:00:00+00:00,,,
USGS-09180000,2026-08-01 17:00:00+00:00,,,
USGS-09180000,2026-08-01 18:00:00+00:00,,,
USGS-09180000,2026-08-01 19:00:00+00:00,,,
USGS-09180000,2026-08-01 20:00:00+00:00,,,
USGS-09180000,2026-08-01 21:00:00+00:00,,,
USGS-09180000,2026-08-01 22:00:00+00:00,,,
USGS-09180000,2026-08-01 23:00:00+00:00,,,
USGS-09180000,2026-08-02 00:00:00+00:00,,,
USGS-09180000,2026-08-02 01:00:00+00:00,,,
USGS-09180000,2026-08-02 02:00:00+00:00,,,
USGS-09180000,2026-08-02 03:00:00+00:00,,,
USGS-09180000,2026-08-02 04:00:00+00:00,,,
USGS-09180000,2026-08-02 05:00:00+00:00,,,
USGS-09180000,2026-08-02 06:00:00+00:00,,,
USGS-09180000,2026-08-02 07:00:00+00:00,,,
USGS-09180000,2026-08-02 08:00:00+00:00,,,
USGS-09180000,2026-08-02 09:00:00+00:00,,,
USGS-09180000,2026-08-02 10:00:00+00:00,,,
USGS-09180000,2026-08-02 11:00:00+00:00,,,
USGS-09180000,2026-08-02 12:00:00+00:00,,,
USGS-09180000,2026-08-02 13:00:00+00:00,,,
USGS-09180000,2026-08-02 14:00:00+00:00,,,
USGS-09180000,2026-08-02 15:00:00+00:00,,,
USGS-09180000,2026-08-02 16:00:00+00:00,,,
USGS-09180000,2026-08-02 17:00:00+00:00,,,
USGS-09180000,2026-08-02 18:00:00+00:00,,,
USGS-09180000,2026-08-02 19:00:00+00:00,,,
USGS-09180000,2026-08-02 20:00:00+00:00,,,
USGS-09180000,2026-08-02 21:00:00+00:00,,,
USGS-09180000,2026-08-02 22:00:00+00:00,,,
USGS-09180000,2026-08-02 23:00:00+00:00,,,
USGS-09180000,2026-08-03 00:00:00+00:00,,,
USGS-09180000,2026-08-03 01:00:00+00:00,,,
USGS-09180000,2026-08-03 02:00:00+00:00,,,
USGS-09180000,2026-08-03 03:00:00+00:00,,,
USGS-09180000,2026-08-03 04:00:00+00:00,,,
USGS-09180000,2026-08-03 05:00:00+00:00,,,
USGS-09180000,2026-08-03 06:00:00+00:00,,,
USGS-09180000,2026-08-03 07:00:00+00:00,,,
USGS-09180000,2026-08-03 08:00:00+00:00,,,
USGS-09180000,2026-08-03 09:00:00+00:00,,,
USGS-09180000,2026-08-03 10:00:00+00:00,,,
USGS-09180000,2026-08-03 11:00:00+00:00,,,
USGS-09180000,2026-08-03 12:00:00+00:00,,,
USGS-09180000,2026-08-03 13:00:00+00:00,,,
USGS-09180000,2026-08-03 14:00:00+00:00,,,
USGS-09180000,2026-08-03 15:00:00+00:00,,,
USGS-09180000,2026-08-03 16:00:00+00:00,,,
USGS-09180000,2026-08-03 17:00:00+00:00,,,
USGS-09180000,2026-08-03 18:00:00+00:00,,,
USGS-09180000,2026-08-03 19:00:00+00:00,,,
USGS-09180000,2026-08-03 20:00:00+00:00,,,
USGS-09180000,2026-08-03 21:00:00+00:00,,,
USGS-09180000,2026-08-03 22:00:00+00:00,,,
USGS-09180000,2026-08-03 23:00:00+00:00,,,
USGS-09180000,2026-08-04 00:00:00+00:00,,,
USGS-09180000,2026-08-04 01:00:00+00:00,,,
USGS-09180000,2026-08-04 02:00:00+00:00,,,
USGS-09180000,2026-08-04 03:00:00+00:00,,,
USGS-09180000,2026-08-04 04:00:00+00:00,,,
USGS-09180000,2026-08-04 05:00:00+00:00,,,
USGS-09180000,2026-08-04 06:00:00+00:00,,,
USGS-09180000,2026-08-04 07:00:00+00:00,,,
USGS-09180000,2026-08-04 08:00:00+00:00,,,
USGS-09180000,2026-08-04 09:00:00+00:00,,,
USGS-09180000,2026-08-04 10:00:00+00:00,,,
USGS-09180000,2026-08-04 11:00:00+00:00,,,
USGS-09180000,2026-08-04 12:00:00+00:00,,,
USGS-09180000,2026-08-04 13:00:00+00:00,,,
USGS-09180000,2026-08-04 14:00:00+00:00,,,
USGS-09180000,2026-08-04 15:00:00+00:00,,,
USGS-09180000,2026-08-04 16:00:00+00:00,,,
USGS-09180000,2026-08-04 17:00:00+00:00,,,
USGS-09180000,2026-08-04 18:00:00+00:00,,,
USGS-09180000,2026-08-04 19:00:00+00:00,,,
USGS-09180000,2026-08-04 20:00:00+00:00,,,
USGS-09180000,2026-08-04 21:00:00+00:00,,,
USGS-09180000,2026-08-04 22:00:00+00:00,,,
USGS-09180000,2026-08-04 23:00:00+00:00,,,
USGS-09180000,2026-08-05 00:00:00+00:00,,,
USGS-09180000,2026-08-05 01:00:00+00:00,,,
USGS-09180000,2026-08-05 02:00:00+00:00,,,
USGS-09180000,2026-08-05 03:00:00+00:00,,,
USGS-09180000,2026-08-05 04:00:00+00:00,,,
USGS-09180000,2026-08-05 05:00:00+00:00,,,
USGS-09180000,2026-08-05 06:00:00+00:00,,,
USGS-09180000,2026-08-05 07:00:00+00:00,,,
USGS-09180000,2026-08-05 08:00:00+00:00,,,
USGS-09180000,2026-08-05 09:00:00+00:00,,,
USGS-09180000,2026-08-05 10:00:00+00:00,,,
USGS-09180000,2026-08-05 11:00:00+00:00,,,
USGS-09180000,2026-08-05 12:00:00+00:00,,,
USGS-09180000,2026-08-05 13:00:00+00:00,,,
USGS-09180000,2026-08-05 14:00:00+00:00,,,
USGS-09180000,2026-08-05 15:00:00+00:00,,,
USGS-09180000,2026-08-05 16:00:00+00:00,,,
USGS-09180000,2026-08-05 17:00:00+00:00,,,
USGS-09180000,2026-08-05 18:00:00+00:00,,,
USGS-09180000,2026-08-05 19:00:00+00:00,,,
USGS-09180000,2026-08-05 20:00:00+00:00,,,
USGS-09180000,2026-08-05 21:00:00+00:00,,,
USGS-09180000,2026-08-05 22:00:00+00:00,,,
USGS-09180000,2026-08-05 23:00:00+00:00,,,
USGS-09180000,2026-08-06 00:00:00+00:00,,,
USGS-09180000,2026-08-06 01:00:00+00:00,,,
USGS-09180000,2026-08-06 02:00:00+00:00,,,
USGS-09180000,2026-08-06 03:00:00+00:00,,,
USGS-09180000,2026-08-06 04:00:00+00:00,,,
USGS-09180000,2026-08-06 05:00:00+00:00,,,
USGS-09180000,2026-08-06 06:00:00+00:00,,,
USGS-09180000,2026-08-06 07:00:00+00:00,,,
USGS-09180000,2026-08-06 08:00:00+00:00,,,
USGS-09180000,2026-08-06 09:00:00+00:00,,,
USGS-09180000,2026-08-06 10:00:00+00:00,,,
USGS-09180000,2026-08-06 11:00:00+00:00,,,
USGS-09180000,2026-08-06 12:00:00+00:00,,,
USGS-09180000,2026-08-06 13:00:00+00:00,,,
USGS-09180000,2026-08-06 14:00:00+00:00,,,
USGS-09180000,2026-08-06 15:00:00+00:00,,,
USGS-09180000,2026-08-06 16:00:00+00:00,,,
USGS-09180000,2026-08-06 17:00:00+00:00,,,
USGS-09180000,2026-08-06 18:00:00+00:00,,,
USGS-09180000,2026-08-06 19:00:00+00:00,,,
USGS-09180000,2026-08-06 20:00:00+00:00,,,
USGS-09180000,2026-08-06 21:00:00+00:00,,,
USGS-09180000,2026-08-06 22:00:00+00:00,,,
USGS-09180000,2026-08-06 23:00:00+00:00,,,
USGS-09180000,2026-08-07 00:00:00+00:00,,,
USGS-09180000,2026-08-07 01:00:00+00:00,,,
USGS-09180000,2026-08-07 02:00:00+00:00,,,
USGS-09180000,2026-08-07 03:00:00+00:00,,,
USGS-09180000,2026-08-07 04:00:00+00:00,,,
USGS-09180000,2026-08-07 05:00:00+00:00,,,
USGS-09180000,2026-08-07 06:00:00+00:00,,,
USGS-09180000,2026-08-07 07:00:00+00:00,,,
USGS-09180000,2026-08-07 08:00:00+00:00,,,
USGS-09180000,2026-08-07 09:00:00+00:00,,,
USGS-09180000,2026-08-07 10:00:00+00:00,,,
USGS-09180000,2026-08-07 11:00:00+00:00,,,
USGS-09180000,2026-08-07 12:00:00+00:00,,,
USGS-09180000,2026-08-07 13:00:00+00:00,,,
USGS-09180000,2026-08-07 14:00:00+00:00,,,
USGS-09180000,2026-08-07 15:00:00+00:00,,,
USGS-09180000,2026-08-07 16:00:00+00:00,,,
USGS-09180000,2026-08-07 17:00:00+00:00,,,
USGS-09180000,2026-08-07 18:00:00+00:00,,,
USGS-09180000,2026-08-07 19:00:00+00:00,,,
USGS-09180000,2026-08-07 20:00:00+00:00,,,
USGS-09180000,2026-08-07 21:00:00+00:00,,,
USGS-09180000,2026-08-07 22:00:00+00:00,,,
USGS-09180000,2026-08-07 23:00:00+00:00,,,
USGS-09180000,2026-08-08 00:00:00+00:00,,,
USGS-09180000,2026-08-08 01:00:00+00:00,,,
USGS-09180000,2026-08-08 02:00:00+00:00,,,
USGS-09180000,2026-08-08 03:00:00+00:00,,,
USGS-09180000,2026-08-08 04:00:00+00:00,,,
USGS-09180000,2026-08-08 05:00:00+00:00,,,
USGS-09180000,2026-08-08 06:00:00+00:00,,,
USGS-09180000,2026-08-08 07:00:00+00:00,,,
USGS-09180000,2026-08-08 08:00:00+00:00,,,
USGS-09180000,2026-08-08 09:00:00+00:00,,,
USGS-09180000,2026-08-08 10:00:00+00:00,,,
USGS-09180000,2026-08-08 11:00:00+00:00,,,
USGS-09180000,2026-08-08 12:00:00+00:00,,,
USGS-09180000,2026-08-08 13:00:00+00:00,,,
USGS-09180000,2026-08-08 14:00:00+00:00,,,
USGS-09180000,2026-08-08 15:00:00+00:00,,,
USGS-09180000,2026-08-08 16:00:00+00:00,,,
USGS-09180000,2026-08-08 17:00:00+00:00,,,
USGS-09180000,2026-08-08 18:00:00+00:00,,,
USGS-09180000,2026-08-08 19:00:00+00:00,,,
USGS-09180000,2026-08-08 20:00:00+00:00,,,
USGS-09180000,2026-08-08 21:00:00+00:00,,,
USGS-09180000,2026-08-08 22:00:00+00:00,,,
USGS-09180000,2026-08-08 23:00:00+00:00,,,
USGS-09180000,2026-08-09 00:00:00+00:00,,,
USGS-09180000,2026-08-09 01:00:00+00:00,,,
USGS-09180000,2026-08-09 02:00:00+00:00,,,
USGS-09180000,2026-08-09 03:00:00+00:00,,,
USGS-09180000,2026-08-09 04:00:00+00:00,,,
USGS-09180000,2026-08-09 05:00:00+00:00,,,
USGS-09180000,2026-08-09 06:00:00+00:00,,,
USGS-09180000,2026-08-09 07:00:00+00:00,,,
USGS-09180000,2026-08-09 08:00:00+00:00,,,
USGS-09180000,2026-08-09 09:00:00+00:00,,,
USGS-09180000,2026-08-09 10:00:00+00:00,,,
USGS-09180000,2026-08-09 11:00:00+00:00,,,
USGS-09180000,2026-08-09 12:00:00+00:00,,,
USGS-09180000,2026-08-09 13:00:00+00:00,,,
USGS-09180000,2026-08-09 14:00:00+00:00,,,
USGS-09180000,2026-08-09 15:00:00+00:00,,,
USGS-09180000,2026-08-09 16:00:00+00:00,,,
USGS-09180000,2026-08-09 17:00:00+00:00,,,
USGS-09180000,2026-08-09 18:00:00+00:00,,,
USGS-09180000,2026-08-09 19:00:00+00:00,,,
USGS-09180000,2026-08-09 20:00:00+00:00,,,
USGS-09180000,2026-08-09 21:00:00+00:00,,,
USGS-09180000,2026-08-09 22:00:00+00:00,,,
USGS-09180000,2026-08-09 23:00:00+00:00,,,
USGS-09180000,2026-08-10 00:00:00+00:00,,,
USGS-09180000,2026-08-10 01:00:00+00:00,,,
USGS-09180000,2026-08-10 02:00:00+00:00,,,
USGS-09180000,2026-08-10 03:00:00+00:00,,,
USGS-09180000,2026-08-10 04:00:00+00:00,,,
USGS-09180000,2026-08-10 05:00:00+00:00,,,
USGS-09180000,2026-08-10 06:00:00+00:00,,,
USGS-09180000,2026-08-10 07:00:00+00:00,,,
USGS-09180000,2026-08-10 08:00:00+00:00,,,
USGS-09180000,2026-08-10 09:00:00+00:00,,,
USGS-09180000,2026-08-10 10:00:00+00:00,,,
USGS-09180000,2026-08-10 11:00:00+00:00,,,
USGS-09180000,2026-08-10 12:00:00+00:00,,,
USGS-09180000,2026-08-10 13:00:00+00:00,,,
USGS-09180000,2026-08-10 14:00:00+00:00,,,
USGS-09180000,2026-08-10 15:00:00+00:00,,,
USGS-09180000,2026-08-10 16:00:00+00:00,,,
USGS-09180000,2026-08-10 17:00:00+00:00,,,
USGS-09180000,2026-08-10 18:00:00+00:00,,,
USGS-09180000,2026-08-10 19:00:00+00:00,,,
USGS-09180000,2026-08-10 20:00:00+00:00,,,
USGS-09180000,2026-08-10 21:00:00+00:00,,,
USGS-09180000,2026-08-10 22:00:00+00:00,,,
USGS-09180000,2026-08-10 23:00:00+00:00,,,
USGS-09180000,2026-08-11 00:00:00+00:00,,,
USGS-09180000,2026-08-11 01:00:00+00:00,,,
USGS-09180000,2026-08-11 02:00:00+00:00,,,
USGS-09180000,2026-08-11 03:00:00+00:00,,,
USGS-09180000,2026-08-11 04:00:00+00:00,,,
USGS-09180000,2026-08-11 05:00:00+00:00,,,
USGS-09180000,2026-08-11 06:00:00+00:00,,,
USGS-09180000,2026-08-11 07:00:00+00:00,,,
USGS-09180000,2026-08-11 08:00:00+00:00,,,
USGS-09180000,2026-08-11 09:00:00+00:00,,,
USGS-09180000,2026-08-11 10:00:00+00:00,,,
USGS-09180000,2026-08-11 11:00:00+00:00,,,
USGS-09180000,2026-08-11 12:00:00+00:00,,,
USGS-09180000,2026-08-11 13:00:00+00:00,,,
USGS-09180000,2026-08-11 14:00:00+00:00,,,
USGS-09180000,2026-08-11 15:00:00+00:00,,,
USGS-09180000,2026-08-11 16:00:00+00:00,,,
USGS-09180000,2026-08-11 17:00:00+00:00,,,
USGS-09180000,2026-08-11 18:00:00+00:00,,,
USGS-09180000,2026-08-11 19:00:00+00:00,,,
USGS-09180000,2026-08-11 20:00:00+00:00,,,
USGS-09180000,2026-08-11 21:00:00+00:00,,,
USGS-09180000,2026-08-11 22:00:00+00:00,,,
USGS-09180000,2026-08-11 23:00:00+00:00,,,
USGS-09180000,2026-08-12 00:00:00+00:00,,,
USGS-09180000,2026-08-12 01:00:00+00:00,,,
USGS-09180000,2026-08-12 02:00:00+00:00,,,
USGS-09180000,2026-08-12 03:00:00+00:00,,,
USGS-09180000,2026-08-12 04:00:00+00:00,,,
USGS-09180000,2026-08-12 05:00:00+00:00,,,
USGS-09180000,2026-08-12 06:00:00+00:00,,,
USGS-09180000,2026-08-12 07:00:00+00:00,,,
USGS-09180000,2026-08-12 08:00:00+00:00,,,
USGS-09180000,2026-08-12 09:00:00+00:00,,,
USGS-09180000,2026-08-12 10:00:00+00:00,,,
USGS-09180000,2026-08-12 11:00:00+00:00,,,
USGS-09180000,2026-08-12 12:00:00+00:00,,,
USGS-09180000,2026-08-12 13:00:00+00:00,,,
USGS-09180000,2026-08-12 14:00:00+00:00,,,
USGS-09180000,2026-08-12 15:00:00+00:00,,,
USGS-09180000,2026-08-12 16:00:00+00:00,,,
USGS-09180000,2026-08-12 17:00:00+00:00,,,
USGS-09180000,2026-08-12 18:00:00+00:00,,,
USGS-09180000,2026-08-12 19:00:00+00:00,,,
USGS-09180000,2026-08-12 20:00:00+00:00,,,
USGS-09180000,2026-08-12 21:00:00+00:00,,,
USGS-09180000,2026-08-12 22:00:00+00:00,,,
USGS-09180000,2026-08-12 23:00:00+00:00,,,
USGS-09180000,2026-08-13 00:00:00+00:00,,,
USGS-09180000,2026-08-13 01:00:00+00:00,,,
USGS-09180000,2026-08-13 02:00:00+00:00,,,
USGS-09180000,2026-08-13 03:00:00+00:00,,,
USGS-09180000,2026-08-13 04:00:00+00:00,,,
USGS-09180000,2026-08-13 05:00:00+00:00,,,
USGS-09180000,2026-08-13 06:00:00+00:00,,,
USGS-09180000,2026-08-13 07:00:00+00:00,,,
USGS-09180000,2026-08-13 08:00:00+00:00,,,
USGS-09180000,2026-08-13 09:00:00+00:00,,,
USGS-09180000,2026-08-13 10:00:00+00:00,,,
USGS-09180000,2026-08-13 11:00:00+00:00,,,
USGS-09180000,2026-08-13 12:00:00+00:00,,,
USGS-09180000,2026-08-13 13:00:00+00:00,,,
USGS-09180000,2026-08-13 14:00:00+00:00,,,
USGS-09180000,2026-08-13 15:00:00+00:00,,,
USGS-09180000,2026-08-13 16:00:00+00:00,,,
USGS-09180000,2026-08-13 17:00:00+00:00,,,
USGS-09180000,2026-08-13 18:00:00+00:00,,,
USGS-09180000,2026-08-13 19:00:00+00:00,,,
USGS-09180000,2026-08-13 20:00:00+00:00,,,
USGS-09180000,2026-08-13 21:00:00+00:00,,,
USGS-09180000,2026-08-13 22:00:00+00:00,,,
USGS-09180000,2026-08-13 23:00:00+00:00,,,
USGS-09180000,2026-08-14 00:00:00+00:00,,,
USGS-09180000,2026-08-14 01:00:00+00:00,,,
USGS-09180000,2026-08-14 02:00:00+00:00,,,
USGS-09180000,2026-08-14 03:00:00+00:00,,,
USGS-09180000,2026-08-14 04:00:00+00:00,,,
USGS-09180000,2026-08-14 05:00:00+00:00,,,
USGS-09180000,2026-08-14 06:00:00+00:00,,,
USGS-09180000,2026-08-14 07:00:00+00:00,,,
USGS-09180000,2026-08-14 08:00:00+00:00,,,
USGS-09180000,2026-08-14 09:00:00+00:00,,,
USGS-09180000,2026-08-14 10:00:00+00:00,,,
USGS-09180000,2026-08-14 11:00:00+00:00,,,
USGS-09180000,2026-08-14 12:00:00+00:00,,,
USGS-09180000,2026-08-14 13:00:00+00:00,,,
USGS-09180000,2026-08-14 14:00:00+00:00,,,
USGS-09180000,2026-08-14 15:00:00+00:00,,,
USGS-09180000,2026-08-14 16:00:00+00:00,,,
USGS-09180000,2026-08-14 17:00:00+00:00,,,
USGS-09180000,2026-08-14 18:00:00+00:00,,,
USGS-09180000,2026-08-14 19:00:00+00:00,,,
USGS-09180000,2026-08-14 20:00:00+00:00,,,
USGS-09180000,2026-08-14 21:00:00+00:00,,,
USGS-09180000,2026-08-14 22:00:00+00:00,,,
USGS-09180000,2026-08-14 23:00:00+00:00,,,
USGS-09180000,2026-08-15 00:00:00+00:00,,,
USGS-09180000,2026-08-15 01:00:00+00:00,,,
USGS-09180000,2026-08-15 02:00:00+00:00,,,
USGS-09180000,2026-08-15 03:00:00+00:00,,,
USGS-09180000,2026-08-15 04:00:00+00:00,,,
USGS-09180000,2026-08-15 05:00:00+00:00,,,
USGS-09180000,2026-08-15 06:00:00+00:00,,,
USGS-09180000,2026-08-15 07:00:00+00:00,,,
USGS-09180000,2026-08-15 08:00:00+00:00,,,
USGS-09180000,2026-08-15 09:00:00+00:00,,,
USGS-09180000,2026-08-15 10:00:00+00:00,,,
USGS-09180000,2026-08-15 11:00:00+00:00,,,
USGS-09180000,2026-08-15 12:00:00+00:00,,,
USGS-09180000,2026-08-15 13:00:00+00:00,,,
USGS-09180000,2026-08-15 14:00:00+00:00,,,
USGS-09180000,2026-08-15 15:00:00+00:00,,,
USGS-09180000,2026-08-15 16:00:00+00:00,,,
USGS-09180000,2026-08-15 17:00:00+00:00,,,
USGS-09180000,2026-08-15 18:00:00+00:00,,,
USGS-09180000,2026-08-15 19:00:00+00:00,,,
USGS-09180000,2026-08-15 20:00:00+00:00,,,
USGS-09180000,2026-08-15 21:00:00+00:00,,,
USGS-09180000,2026-08-15 22:00:00+00:00,,,
USGS-09180000,2026-08-15 23:00:00+00:00,,,
USGS-09180000,2026-08-16 00:00:00+00:00,,,
USGS-09180000,2026-08-16 01:00:00+00:00,,,
USGS-09180000,2026-08-16 02:00:00+00:00,,,
USGS-09180000,2026-08-16 03:00:00+00:00,,,
USGS-09180000,2026-08-16 04:00:00+00:00,,,
USGS-09180000,2026-08-16 05:00:00+00:00,,,
USGS-09180000,2026-08-16 06:00:00+00:00,,,
USGS-09180000,2026-08-16 07:00:00+00:00,,,
USGS-09180000,2026-08-16 08:00:00+00:00,,,
USGS-09180000,2026-08-16 09:00:00+00:00,,,
USGS-09180000,2026-08-16 10:00:00+00:00,,,
USGS-09180000,2026-08-16 11:00:00+00:00,,,
USGS-09180000,2026-08-16 12:00:00+00:00,,,
USGS-09180000,2026-08-16 13:00:00+00:00,,,
USGS-09180000,2026-08-16 14:00:00+00:00,,,
USGS-09180000,2026-08-16 15:00:00+00:00,,,
USGS-09180000,2026-08-16 16:00:00+00:00,,,
USGS-09180000,2026-08-16 17:00:00+00:00,,,
USGS-09180000,2026-08-16 18:00:00+00:00,,,
USGS-09180000,2026-08-16 19:00:00+00:00,,,
USGS-09180000,2026-08-16 20:00:00+00:00,,,
USGS-09180000,2026-08-16 21:00:00+00:00,,,
USGS-09180000,2026-08-16 22:00:00+00:00,,,
USGS-09180000,2026-08-16 23:00:00+00:00,,,
USGS-09180000,2026-08-17 00:00:00+00:00,,,
USGS-09180000,2026-08-17 01:00:00+00:00,,,
USGS-09180000,2026-08-17 02:00:00+00:00,,,
USGS-09180000,2026-08-17 03:00:00+00:00,,,
USGS-09180000,2026-08-17 04:00:00+00:00,,,
USGS-09180000,2026-08-17 05:00:00+00:00,,,
USGS-09180000,2026-08-17 06:00:00+00:00,,,
USGS-09180000,2026-08-17 07:00:00+00:00,,,
USGS-09180000,2026-08-17 08:00:00+00:00,,,
USGS-09180000,2026-08-17 09:00:00+00:00,,,
USGS-09180000,2026-08-17 10:00:00+00:00,,,
USGS-09180000,2026-08-17 11:00:00+00:00,,,
USGS-09180000,2026-08-17 12:00:00+00:00,,,
USGS-09180000,2026-08-17 13:00:00+00:00,,,
USGS-09180000,2026-08-17 14:00:00+00:00,,,
USGS-09180000,2026-08-17 15:00:00+00:00,,,
USGS-09180000,2026-08-17 16:00:00+00:00,,,
USGS-09180000,2026-08-17 17:00:00+00:00,,,
USGS-09180000,2026-08-17 18:00:00+00:00,,,
USGS-09180000,2026-08-17 19:00:00+00:00,,,
USGS-09180000,2026-08-17 20:00:00+00:00,,,
USGS-09180000,2026-08-17 21:00:00+00:00,,,
USGS-09180000,2026-08-17 22:00:00+00:00,,,
USGS-09180000,2026-08-17 23:00:00+00:00,,,
USGS-09180000,2026-08-18 00:00:00+00:00,,,
USGS-09180000,2026-08-18 01:00:00+00:00,,,
USGS-09180000,2026-08-18 02:00:00+00:00,,,
USGS-09180000,2026-08-18 03:00:00+00:00,,,
USGS-09180000,2026-08-18 04:00:00+00:00,,,
USGS-09180000,2026-08-18 05:00:00+00:00,,,
USGS-09180000,2026-08-18 06:00:00+00:00,,,
USGS-09180000,2026-08-18 07:00:00+00:00,,,
USGS-09180000,2026-08-18 08:00:00+00:00,,,
USGS-09180000,2026-08-18 09:00:00+00:00,,,
USGS-09180000,2026-08-18 10:00:00+00:00,,,
USGS-09180000,2026-08-18 11:00:00+00:00,,,
USGS-09180000,2026-08-18 12:00:00+00:00,,,
USGS-09180000,2026-08-18 13:00:00+00:00,,,
USGS-09180000,2026-08-18 14:00:00+00:00,,,
USGS-09180000,2026-08-18 15:00:00+00:00,,,
USGS-09180000,2026-08-18 16:00:00+00:00,,,
USGS-09180000,2026-08-18 17:00:00+00:00,,,
USGS-09180000,2026-08-18 18:00:00+00:00,,,
USGS-09180000,2026-08-18 19:00:00+00:00,,,
USGS-09180000,2026-08-18 20:00:00+00:00,,,
USGS-09180000,2026-08-18 21:00:00+00:00,,,
USGS-09180000,2026-08-18 22:00:00+00:00,,,
USGS-09180000,2026-08-18 23:00:00+00:00,,,
USGS-09180000,2026-08-19 00:00:00+00:00,,,
USGS-09180000,2026-08-19 01:00:00+00:00,,,
USGS-09180000,2026-08-19 02:00:00+00:00,,,
USGS-09180000,2026-08-19 03:00:00+00:00,,,
USGS-09180000,2026-08-19 04:00:00+00:00,,,
USGS-09180000,2026-08-19 05:00:00+00:00,,,
USGS-09180000,2026-08-19 06:00:00+00:00,,,
USGS-09180000,2026-08-19 07:00:00+00:00,,,
USGS-09180000,2026-08-19 08:00:00+00:00,,,
USGS-09180000,2026-08-19 09:00:00+00:00,,,
USGS-09180000,2026-08-19 10:00:00+00:00,,,
USGS-09180000,2026-08-19 11:00:00+00:00,,,
USGS-09180000,2026-08-19 12:00:00+00:00,,,
USGS-09180000,2026-08-19 13:00:00+00:00,,,
USGS-09180000,2026-08-19 14:00:00+00:00,,,
USGS-09180000,2026-08-19 15:00:00+00:00,,,
USGS-09180000,2026-08-19 16:00:00+00:00,,,
USGS-09180000,2026-08-19 17:00:00+00:00,,,
USGS-09180000,2026-08-19 18:00:00+00:00,,,
USGS-09180000,2026-08-19 19:00:00+00:00,,,
USGS-09180000,2026-08-19 20:00:00+00:00,,,
USGS-09180000,2026-08-19 21:00:00+00:00,,,
USGS-09180000,2026-08-19 22:00:00+00:00,,,
USGS-09180000,2026-08-19 23:00:00+00:00,,,
USGS-09180000,2026-08-20 00:00:00+00:00,,,
USGS-09180000,2026-08-20 01:00:00+00:00,,,
USGS-09180000,2026-08-20 02:00:00+00:00,,,
USGS-09180000,2026-08-20 03:00:00+00:00,,,
USGS-09180000,2026-08-20 04:00:00+00:00,,,
USGS-09180000,2026-08-20 05:00:00+00:00,,,
USGS-09180000,2026-08-20 06:00:00+00:00,,,
USGS-09180000,2026-08-20 07:00:00+00:00,,,
USGS-09180000,2026-08-20 08:00:00+00:00,,,
USGS-09180000,2026-08-20 09:00:00+00:00,,,
USGS-09180000,2026-08-20 10:00:00+00:00,,,
USGS-09180000,2026-08-20 11:00:00+00:00,,,
USGS-09180000,2026-08-20 12:00:00+00:00,,,
USGS-09180000,2026-08-20 13:00:00+00:00,,,
USGS-09180000,2026-08-20 14:00:00+00:00,,,
USGS-09180000,2026-08-20 15:00:00+00:00,,,
USGS-09180000,2026-08-20 16:00:00+00:00,,,
USGS-09180000,2026-08-20 17:00:00+00:00,,,
USGS-09180000,2026-08-20 18:00:00+00:00,,,
USGS-09180000,2026-08-20 19:00:00+00:00,,,
USGS-09180000,2026-08-20 20:00:00+00:00,,,
USGS-09180000,2026-08-20 21:00:00+00:00,,,
USGS-09180000,2026-08-20 22:00:00+00:00,,,
USGS-09180000,2026-08-20 23:00:00+00:00,,,
USGS-09180000,2026-08-21 00:00:00+00:00,,,
USGS-09180000,2026-08-21 01:00:00+00:00,,,
USGS-09180000,2026-08-21 02:00:00+00:00,,,
USGS-09180000,2026-08-21 03:00:00+00:00,,,
USGS-09180000,2026-08-21 04:00:00+00:00,,,
USGS-09180000,2026-08-21 05:00:00+00:00,,,
USGS-09180000,2026-08-21 06:00:00+00:00,,,
USGS-09180000,2026-08-21 07:00:00+00:00,,,
USGS-09180000,2026-08-21 08:00:00+00:00,,,
USGS-09180000,2026-08-21 09:00:00+00:00,,,
USGS-09180000,2026-08-21 10:00:00+00:00,,,
USGS-09180000,2026-08-21 11:00:00+00:00,,,
USGS-09180000,2026-08-21 12:00:00+00:00,,,
USGS-09180000,2026-08-21 13:00:00+00:00,,,
USGS-09180000,2026-08-21 14:00:00+00:00,,,
USGS-09180000,2026-08-21 15:00:00+00:00,,,
USGS-09180000,2026-08-21 16:00:00+00:00,,,
USGS-09180000,2026-08-21 17:00:00+00:00,,,
USGS-09180000,2026-08-21 18:00:00+00:00,,,
USGS-09180000,2026-08-21 19:00:00+00:00,,,
USGS-09180000,2026-08-21 20:00:00+00:00,,,
USGS-09180000,2026-08-21 21:00:00+00:00,,,
USGS-09180000,2026-08-21 22:00:00+00:00,,,
USGS-09180000,2026-08-21 23:00:00+00:00,,,
USGS-09180000,2026-08-22 00:00:00+00:00,,,
USGS-09180000,2026-08-22 01:00:00+00:00,,,
USGS-09180000,2026-08-22 02:00:00+00:00,,,
USGS-09180000,2026-08-22 03:00:00+00:00,,,
USGS-09180000,2026-08-22 04:00:00+00:00,,,
USGS-09180000,2026-08-22 05:00:00+00:00,,,
USGS-09180000,2026-08-22 06:00:00+00:00,,,
USGS-09180000,2026-08-22 07:00:00+00:00,,,
USGS-09180000,2026-08-22 08:00:00+00:00,,,
USGS-09180000,2026-08-22 09:00:00+00:00,,,
USGS-09180000,2026-08-22 10:00:00+00:00,,,
USGS-09180000,2026-08-22 11:00:00+00:00,,,
USGS-09180000,2026-08-22 12:00:00+00:00,,,
USGS-09180000,2026-08-22 13:00:00+00:00,,,
USGS-09180000,2026-08-22 14:00:00+00:00,,,
USGS-09180000,2026-08-22 15:00:00+00:00,,,
USGS-09180000,2026-08-22 16:00:00+00:00,,,
USGS-09180000,2026-08-22 17:00:00+00:00,,,
USGS-09180000,2026-08-22 18:00:00+00:00,,,
USGS-09180000,2026-08-22 19:00:00+00:00,,,
USGS-09180000,2026-08-22 20:00:00+00:00,,,
USGS-09180000,2026-08-22 21:00:00+00:00,,,
USGS-09180000,2026-08-22 22:00:00+00:00,,,
USGS-09180000,2026-08-22 23:00:00+00:00,,,
USGS-09180000,2026-08-23 00:00:00+00:00,,,
USGS-09180000,2026-08-23 01:00:00+00:00,,,
USGS-09180000,2026-08-23 02:00:00+00:00,,,
USGS-09180000,2026-08-23 03:00:00+00:00,,,
USGS-09180000,2026-08-23 04:00:00+00:00,,,
USGS-09180000,2026-08-23 05:00:00+00:00,,,
USGS-09180000,2026-08-23 06:00:00+00:00,,,
USGS-09180000,2026-08-23 07:00:00+00:00,,,
USGS-09180000,2026-08-23 08:00:00+00:00,,,
USGS-09180000,2026-08-23 09:00:00+00:00,,,
USGS-09180000,2026-08-23 10:00:00+00:00,,,
USGS-09180000,2026-08-23 11:00:00+00:00,,,
USGS-09180000,2026-08-23 12:00:00+00:00,,,
USGS-09180000,2026-08-23 13:00:00+00:00,,,
USGS-09180000,2026-08-23 14:00:00+00:00,,,
USGS-09180000,2026-08-23 15:00:00+00:00,,,
USGS-09180000,2026-08-23 16:00:00+00:00,,,
USGS-09180000,2026-08-23 17:00:00+00:00,,,
USGS-09180000,2026-08-23 18:00:00+00:00,,,
USGS-09180000,2026-08-23 19:00:00+00:00,,,
USGS-09180000,2026-08-23 20:00:00+00:00,,,
USGS-09180000,2026-08-23 21:00:00+00:00,,,
USGS-09180000,2026-08-23 22:00:00+00:00,,,
USGS-09180000,2026-08-23 23:00:00+00:00,,,
USGS-09180000,2026-08-24 00:00:00+00:00,,,
USGS-09180000,2026-08-24 01:00:00+00:00,,,
USGS-09180000,2026-08-24 02:00:00+00:00,,,
USGS-09180000,2026-08-24 03:00:00+00:00,,,
USGS-09180000,2026-08-24 04:00:00+00:00,,,
USGS-09180000,2026-08-24 05:00:00+00:00,,,
USGS-09180000,2026-08-24 06:00:00+00:00,,,
USGS-09180000,2026-08-24 07:00:00+00:00,,,
USGS-09180000,2026-08-24 08:00:00+00:00,,,
USGS-09180000,2026-08-24 09:00:00+00:00,,,
USGS-09180000,2026-08-24 10:00:00+00:00,,,
USGS-09180000,2026-08-24 11:00:00+00:00,,,
USGS-09180000,2026-08-24 12:00:00+00:00,,,
USGS-09180000,2026-08-24 13:00:00+00:00,,,
USGS-09180000,2026-08-24 14:00:00+00:00,,,
USGS-09180000,2026-08-24 15:00:00+00:00,,,
USGS-09180000,2026-08-24 16:00:00+00:00,,,
USGS-09180000,2026-08-24 17:00:00+00:00,,,
USGS-09180000,2026-08-24 18:00:00+00:00,,,
USGS-09180000,2026-08-24 19:00:00+00:00,,,
USGS-09180000,2026-08-24 20:00:00+00:00,,,
USGS-09180000,2026-08-24 21:00:00+00:00,,,
USGS-09180000,2026-08-24 22:00:00+00:00,,,
USGS-09180000,2026-08-24 23:00:00+00:00,,,
USGS-09180000,2026-08-25 00:00:00+00:00,,,
USGS-09180000,2026-08-25 01:00:00+00:00,,,
USGS-09180000,2026-08-25 02:00:00+00:00,,,
USGS-09180000,2026-08-25 03:00:00+00:00,,,
USGS-09180000,2026-08-25 04:00:00+00:00,,,
USGS-09180000,2026-08-25 05:00:00+00:00,,,
USGS-09180000,2026-08-25 06:00:00+00:00,,,
USGS-09180000,2026-08-25 07:00:00+00:00,,,
USGS-09180000,2026-08-25 08:00:00+00:00,,,
USGS-09180000,2026-08-25 09:00:00+00:00,,,
USGS-09180000,2026-08-25 10:00:00+00:00,,,
USGS-09180000,2026-08-25 11:00:00+00:00,,,
USGS-09180000,2026-08-25 12:00:00+00:00,,,
USGS-09180000,2026-08-25 13:00:00+00:00,,,
USGS-09180000,2026-08-25 14:00:00+00:00,,,
USGS-09180000,2026-08-25 15:00:00+00:00,,,
USGS-09180000,2026-08-25 16:00:00+00:00,,,
USGS-09180000,2026-08-25 17:00:00+00:00,,,
USGS-09180000,2026-08-25 18:00:00+00:00,,,
USGS-09180000,2026-08-25 19:00:00+00:00,,,
USGS-09180000,2026-08-25 20:00:00+00:00,,,
USGS-09180000,2026-08-25 21:00:00+00:00,,,
USGS-09180000,2026-08-25 22:00:00+00:00,,,
USGS-09180000,2026-08-25 23:00:00+00:00,,,
USGS-09180000,2026-08-26 00:00:00+00:00,,,
USGS-09180000,2026-08-26 01:00:00+00:00,,,
USGS-09180000,2026-08-26 02:00:00+00:00,,,
USGS-09180000,2026-08-26 03:00:00+00:00,,,
USGS-09180000,2026-08-26 04:00:00+00:00,,,
USGS-09180000,2026-08-26 05:00:00+00:00,,,
USGS-09180000,2026-08-26 06:00:00+00:00,,,
USGS-09180000,2026-08-26 07:00:00+00:00,,,
USGS-09180000,2026-08-26 08:00:00+00:00,,,
USGS-09180000,2026-08-26 09:00:00+00:00,,,
USGS-09180000,2026-08-26 10:00:00+00:00,,,
USGS-09180000,2026-08-26 11:00:00+00:00,,,
USGS-09180000,2026-08-26 12:00:00+00:00,,,
USGS-09180000,2026-08-26 13:00:00+00:00,,,
USGS-09180000,2026-08-26 14:00:00+00:00,,,
USGS-09180000,2026-08-26 15:00:00+00:00,,,
USGS-09180000,2026-08-26 16:00:00+00:00,,,
USGS-09180000,2026-08-26 17:00:00+00:00,,,
USGS-09180000,2026-08-26 18:00:00+00:00,,,
USGS-09180000,2026-08-26 19:00:00+00:00,,,
USGS-09180000,2026-08-26 20:00:00+00:00,,,
USGS-09180000,2026-08-26 21:00:00+00:00,,,
USGS-09180000,2026-08-26 22:00:00+00:00,,,
USGS-09180000,2026-08-26 23:00:00+00:00,,,
USGS-09180000,2026-08-27 00:00:00+00:00,,,
USGS-09180000,2026-08-27 01:00:00+00:00,,,
USGS-09180000,2026-08-27 02:00:00+00:00,,,
USGS-09180000,2026-08-27 03:00:00+00:00,,,
USGS-09180000,2026-08-27 04:00:00+00:00,,,
USGS-09180000,2026-08-27 05:00:00+00:00,,,
USGS-09180000,2026-08-27 06:00:00+00:00,,,
USGS-09180000,2026-08-27 07:00:00+00:00,,,
USGS-09180000,2026-08-27 08:00:00+00:00,,,
USGS-09180000,2026-08-27 09:00:00+00:00,,,
USGS-09180000,2026-08-27 10:00:00+00:00,,,
USGS-09180000,2026-08-27 11:00:00+00:00,,,
USGS-09180000,2026-08-27 12:00:00+00:00,,,
USGS-09180000,2026-08-27 13:00:00+00:00,,,
USGS-09180000,2026-08-27 14:00:00+00:00,,,
USGS-09180000,2026-08-27 15:00:00+00:00,,,
USGS-09180000,2026-08-27 16:00:00+00:00,,,
USGS-09180000,2026-08-27 17:00:00+00:00,,,
USGS-09180000,2026-08-27 18:00:00+00:00,,,
USGS-09180000,2026-08-27 19:00:00+00:00,,,
USGS-09180000,2026-08-27 20:00:00+00:00,,,
USGS-09180000,2026-08-27 21:00:00+00:00,,,
USGS-09180000,2026-08-27 22:00:00+00:00,,,
USGS-09180000,2026-08-27 23:00:00+00:00,,,
USGS-09180000,2026-08-28 00:00:00+00:00,,,
USGS-09180000,2026-08-28 01:00:00+00:00,,,
USGS-09180000,2026-08-28 02:00:00+00:00,,,
USGS-09180000,2026-08-28 03:00:00+00:00,,,
USGS-09180000,2026-08-28 04:00:00+00:00,,,
USGS-09180000,2026-08-28 05:00:00+00:00,,,
USGS-09180000,2026-08-28 06:00:00+00:00,,,
USGS-09180000,2026-08-28 07:00:00+00:00,,,
USGS-09180000,2026-08-28 08:00:00+00:00,,,
USGS-09180000,2026-08-28 09:00:00+00:00,,,
USGS-09180000,2026-08-28 10:00:00+00:00,,,
USGS-09180000,2026-08-28 11:00:00+00:00,,,
USGS-09180000,2026-08-28 12:00:00+00:00,,,
USGS-09180000,2026-08-28 13:00:00+00:00,,,
USGS-09180000,2026-08-28 14:00:00+00:00,,,
USGS-09180000,2026-08-28 15:00:00+00:00,,,
USGS-09180000,2026-08-28 16:00:00+00:00,,,
USGS-09180000,2026-08-28 17:00:00+00:00,,,
USGS-09180000,2026-08-28 18:00:00+00:00,,,
USGS-09180000,2026-08-28 19:00:00+00:00,,,
USGS-09180000,2026-08-28 20:00:00+00:00,,,
USGS-09180000,2026-08-28 21:00:00+00:00,,,
USGS-09180000,2026-08-28 22:00:00+00:00,,,
USGS-09180000,2026-08-28 23:00:00+00:00,,,
USGS-09180000,2026-08-29 00:00:00+00:00,,,
USGS-09180000,2026-08-29 01:00:00+00:00,,,
USGS-09180000,2026-08-29 02:00:00+00:00,,,
USGS-09180000,2026-08-29 03:00:00+00:00,,,
USGS-09180000,2026-08-29 04:00:00+00:00,,,
USGS-09180000,2026-08-29 05:00:00+00:00,,,
USGS-09180000,2026-08-29 06:00:00+00:00,,,
USGS-09180000,2026-08-29 07:00:00+00:00,,,
USGS-09180000,2026-08-29 08:00:00+00:00,,,
USGS-09180000,2026-08-29 09:00:00+00:00,,,
USGS-09180000,2026-08-29 10:00:00+00:00,,,
USGS-09180000,2026-08-29 11:00:00+00:00,,,
USGS-09180000,2026-08-29 12:00:00+00:00,,,
USGS-09180000,2026-08-29 13:00:00+00:00,,,
USGS-09180000,2026-08-29 14:00:00+00:00,,,
USGS-09180000,2026-08-29 15:00:00+00:00,,,
USGS-09180000,2026-08-29 16:00:00+00:00,,,
USGS-09180000,2026-08-29 17:00:00+00:00,,,
USGS-09180000,2026-08-29 18:00:00+00:00,,,
USGS-09180000,2026-08-29 19:00:00+00:00,,,
USGS-09180000,2026-08-29 20:00:00+00:00,,,
USGS-09180000,2026-08-29 21:00:00+00:00,,,
USGS-09180000,2026-08-29 22:00:00+00:00,,,
USGS-09180000,2026-08-29 23:00:00+00:00,,,
USGS-09180000,2026-08-30 00:00:00+00:00,,,
USGS-09180000,2026-08-30 01:00:00+00:00,,,
USGS-09180000,2026-08-30 02:00:00+00:00,,,
USGS-09180000,2026-08-30 03:00:00+00:00,,,
USGS-09180000,2026-08-30 04:00:00+00:00,,,
USGS-09180000,2026-08-30 05:00:00+00:00,,,
USGS-09180000,2026-08-30 06:00:00+00:00,,,
USGS-09180000,2026-08-30 07:00:00+00:00,,,
USGS-09180000,2026-08-30 08:00:00+00:00,,,
USGS-09180000,2026-08-30 09:00:00+00:00,,,
USGS-09180000,2026-08-30 10:00:00+00:00,,,
USGS-09180000,2026-08-30 11:00:00+00:00,,,
USGS-09180000,2026-08-30 12:00:00+00:00,,,
USGS-09180000,2026-08-30 13:00:00+00:00,,,
USGS-09180000,2026-08-30 14:00:00+00:00,,,
USGS-09180000,2026-08-30 15:00:00+00:00,,,
USGS-09180000,2026-08-30 16:00:00+00:00,,,
USGS-09180000,2026-08-30 17:00:00+00:00,,,
USGS-09180000,2026-08-30 18:00:00+00:00,,,
USGS-09180000,2026-08-30 19:00:00+00:00,,,
USGS-09180000,2026-08-30 20:00:00+00:00,,,
USGS-09180000,2026-08-30 21:00:00+00:00,,,
USGS-09180000,2026-08-30 22:00:00+00:00,,,
USGS-09180000,2026-08-30 23:00:00+00:00,,,
USGS-09180000,2026-08-31 00:00:00+00:00,,,
USGS-09180000,2026-08-31 01:00:00+00:00,,,
USGS-09180000,2026-08-31 02:00:00+00:00,,,
USGS-09180000,2026-08-31 03:00:00+00:00,,,
USGS-09180000,2026-08-31 04:00:00+00:00,,,
USGS-09180000,2026-08-31 05:00:00+00:00,,,
USGS-09180000,2026-08-31 06:00:00+00:00,,,
USGS-09180000,2026-08-31 07:00:00+00:00,,,
USGS-09180000,2026-08-31 08:00:00+00:00,,,
USGS-09180000,2026-08-31 09:00:00+00:00,,,
USGS-09180000,2026-08-31 10:00:00+00:00,,,
USGS-09180000,2026-08-31 11:00:00+00:00,,,
USGS-09180000,2026-08-31 12:00:00+00:00,,,
USGS-09180000,2026-08-31 13:00:00+00:00,,,
USGS-09180000,2026-08-31 14:00:00+00:00,,,
USGS-09180000,2026-08-31 15:00:00+00:00,,,
USGS-09180000,2026-08-31 16:00:00+00:00,,,
USGS-09180000,2026-08-31 17:00:00+00:00,,,
USGS-09180000,2026-08-31 18:00:00+00:00,,,
USGS-09180000,2026-08-31 19:00:00+00:00,,,
USGS-09180000,2026-08-31 20:00:00+00:00,,,
USGS-09180000,2026-08-31 21:00:00+00:00,,,
USGS-09180000,2026-08-31 22:00:00+00:00,,,
USGS-09180000,2026-08-31 23:00:00+00:00,,,
USGS-09180000,2026-09-01 00:00:00+00:00,,,
USGS-09180000,2026-09-01 01:00:00+00:00,,,
USGS-09180000,2026-09-01 02:00:00+00:00,,,
USGS-09180000,2026-09-01 03:00:00+00:00,,,
USGS-09180000,2026-09-01 04:00:00+00:00,,,
USGS-09180000,2026-09-01 05:00:00+00:00,,,
USGS-09180000,2026-09-01 06:00:00+00:00,,,
USGS-09180000,2026-09-01 07:00:00+00:00,,,
USGS-09180000,2026-09-01 08:00:00+00:00,,,
USGS-09180000,2026-09-01 09:00:00+00:00,,,
USGS-09180000,2026-09-01 10:00:00+00:00,,,
USGS-09180000,2026-09-01 11:00:00+00:00,,,
USGS-09180000,2026-09-01 12:00:00+00:00,,,
USGS-09180000,2026-09-01 13:00:00+00:00,,,
USGS-09180000,2026-09-01 14:00:00+00:00,,,
USGS-09180000,2026-09-01 15:00:00+00:00,,,
USGS-09180000,2026-09-01 16:00:00+00:00,,,
USGS-09180000,2026-09-01 17:00:00+00:00,,,
USGS-09180000,2026-09-01 18:00:00+00:00,,,
USGS-09180000,2026-09-01 19:00:00+00:00,,,
USGS-09180000,2026-09-01 20:00:00+00:00,,,
USGS-09180000,2026-09-01 21:00:00+00:00,,,
USGS-09180000,2026-09-01 22:00:00+00:00,,,
USGS-09180000,2026-09-01 23:00:00+00:00,,,
USGS-09180000,2026-09-02 00:00:00+00:00,,,
USGS-09180000,2026-09-02 01:00:00+00:00,,,
USGS-09180000,2026-09-02 02:00:00+00:00,,,
USGS-09180000,2026-09-02 03:00:00+00:00,,,
USGS-09180000,2026-09-02 04:00:00+00:00,,,
USGS-09180000,2026-09-02 05:00:00+00:00,,,
USGS-09180000,2026-09-02 06:00:00+00:00,,,
USGS-09180000,2026-09-02 07:00:00+00:00,,,
USGS-09180000,2026-09-02 08:00:00+00:00,,,
USGS-09180000,2026-09-02 09:00:00+00:00,,,
USGS-09180000,2026-09-02 10:00:00+00:00,,,
USGS-09180000,2026-09-02 11:00:00+00:00,,,
USGS-09180000,2026-09-02 12:00:00+00:00,,,
USGS-09180000,2026-09-02 13:00:00+00:00,,,
USGS-09180000,2026-09-02 14:00:00+00:00,,,
USGS-09180000,2026-09-02 15:00:00+00:00,,,
USGS-09180000,2026-09-02 16:00:00+00:00,,,
USGS-09180000,2026-09-02 17:00:00+00:00,,,
USGS-09180000,2026-09-02 18:00:00+00:00,,,
USGS-09180000,2026-09-02 19:00:00+00:00,,,
USGS-09180000,2026-09-02 20:00:00+00:00,,,
USGS-09180000,2026-09-02 21:00:00+00:00,,,
USGS-09180000,2026-09-02 22:00:00+00:00,,,
USGS-09180000,2026-09-02 23:00:00+00:00,,,
USGS-09180000,2026-09-03 00:00:00+00:00,,,
USGS-09180000,2026-09-03 01:00:00+00:00,,,
USGS-09180000,2026-09-03 02:00:00+00:00,,,
USGS-09180000,2026-09-03 03:00:00+00:00,,,
USGS-09180000,2026-09-03 04:00:00+00:00,,,
USGS-09180000,2026-09-03 05:00:00+00:00,,,
USGS-09180000,2026-09-03 06:00:00+00:00,,,
USGS-09180000,2026-09-03 07:00:00+00:00,,,
USGS-09180000,2026-09-03 08:00:00+00:00,,,
USGS-09180000,2026-09-03 09:00:00+00:00,,,
USGS-09180000,2026-09-03 10:00:00+00:00,,,
USGS-09180000,2026-09-03 11:00:00+00:00,,,
USGS-09180000,2026-09-03 12:00:00+00:00,,,
USGS-09180000,2026-09-03 13:00:00+00:00,,,
USGS-09180000,2026-09-03 14:00:00+00:00,,,
USGS-09180000,2026-09-03 15:00:00+00:00,,,
USGS-09180000,2026-09-03 16:00:00+00:00,,,
USGS-09180000,2026-09-03 17:00:00+00:00,,,
USGS-09180000,2026-09-03 18:00:00+00:00,,,
USGS-09180000,2026-09-03 19:00:00+00:00,,,
USGS-09180000,2026-09-03 20:00:00+00:00,,,
USGS-09180000,2026-09-03 21:00:00+00:00,,,
USGS-09180000,2026-09-03 22:00:00+00:00,,,
USGS-09180000,2026-09-03 23:00:00+00:00,,,
USGS-09180000,2026-09-04 00:00:00+00:00,,,
USGS-09180000,2026-09-04 01:00:00+00:00,,,
USGS-09180000,2026-09-04 02:00:00+00:00,,,
USGS-09180000,2026-09-04 03:00:00+00:00,,,
USGS-09180000,2026-09-04 04:00:00+00:00,,,
USGS-09180000,2026-09-04 05:00:00+00:00,,,
USGS-09180000,2026-09-04 06:00:00+00:00,,,
USGS-09180000,2026-09-04 07:00:00+00:00,,,
USGS-09180000,2026-09-04 08:00:00+00:00,,,
USGS-09180000,2026-09-04 09:00:00+00:00,,,
USGS-09180000,2026-09-04 10:00:00+00:00,,,
USGS-09180000,2026-09-04 11:00:00+00:00,,,
USGS-09180000,2026-09-04 12:00:00+00:00,,,
USGS-09180000,2026-09-04 13:00:00+00:00,,,
USGS-09180000,2026-09-04 14:00:00+00:00,,,
USGS-09180000,2026-09-04 15:00:00+00:00,,,
USGS-09180000,2026-09-04 16:00:00+00:00,,,
USGS-09180000,2026-09-04 17:00:00+00:00,,,
USGS-09180000,2026-09-04 18:00:00+00:00,,,
USGS-09180000,2026-09-04 19:00:00+00:00,,,
USGS-09180000,2026-09-04 20:00:00+00:00,,,
USGS-09180000,2026-09-04 21:00:00+00:00,,,
USGS-09180000,2026-09-04 22:00:00+00:00,,,
USGS-09180000,2026-09-04 23:00:00+00:00,,,
USGS-09180000,2026-09-05 00:00:00+00:00,,,
USGS-09180000,2026-09-05 01:00:00+00:00,,,
USGS-09180000,2026-09-05 02:00:00+00:00,,,
USGS-09180000,2026-09-05 03:00:00+00:00,,,
USGS-09180000,2026-09-05 04:00:00+00:00,,,
USGS-09180000,2026-09-05 05:00:00+00:00,,,
USGS-09180000,2026-09-05 06:00:00+00:00,,,
USGS-09180000,2026-09-05 07:00:00+00:00,,,
USGS-09180000,2026-09-05 08:00:00+00:00,,,
USGS-09180000,2026-09-05 09:00:00+00:00,,,
USGS-09180000,2026-09-05 10:00:00+00:00,,,
USGS-09180000,2026-09-05 11:00:00+00:00,,,
USGS-09180000,2026-09-05 12:00:00+00:00,,,
USGS-09180000,2026-09-05 13:00:00+00:00,,,
USGS-09180000,2026-09-05 14:00:00+00:00,,,
USGS-09180000,2026-09-05 15:00:00+00:00,,,
USGS-09180000,2026-09-05 16:00:00+00:00,,,
USGS-09180000,2026-09-05 17:00:00+00:00,,,
USGS-09180000,2026-09-05 18:00:00+00:00,,,
USGS-09180000,2026-09-05 19:00:00+00:00,,,
USGS-09180000,2026-09-05 20:00:00+00:00,,,
USGS-09180000,2026-09-05 21:00:00+00:00,,,
USGS-09180000,2026-09-05 22:00:00+00:00,,,
USGS-09180000,2026-09-05 23:00:00+00:00,,,
USGS-09180000,2026-09-06 00:00:00+00:00,,,
USGS-09180000,2026-09-06 01:00:00+00:00,,,
USGS-09180000,2026-09-06 02:00:00+00:00,,,
USGS-09180000,2026-09-06 03:00:00+00:00,,,
USGS-09180000,2026-09-06 04:00:00+00:00,,,
USGS-09180000,2026-09-06 05:00:00+00:00,,,
USGS-09180000,2026-09-06 06:00:00+00:00,,,
USGS-09180000,2026-09-06 07:00:00+00:00,,,
USGS-09180000,2026-09-06 08:00:00+00:00,,,
USGS-09180000,2026-09-06 09:00:00+00:00,,,
USGS-09180000,2026-09-06 10:00:00+00:00,,,
USGS-09180000,2026-09-06 11:00:00+00:00,,,
USGS-09180000,2026-09-06 12:00:00+00:00,,,
USGS-09180000,2026-09-06 13:00:00+00:00,,,
USGS-09180000,2026-09-06 14:00:00+00:00,,,
USGS-09180000,2026-09-06 15:00:00+00:00,,,
USGS-09180000,2026-09-06 16:00:00+00:00,,,
USGS-09180000,2026-09-06 17:00:00+00:00,,,
USGS-09180000,2026-09-06 18:00:00+00:00,,,
USGS-09180000,2026-09-06 19:00:00+00:00,,,
USGS-09180000,2026-09-06 20:00:00+00:00,,,
USGS-09180000,2026-09-06 21:00:00+00:00,,,
USGS-09180000,2026-09-06 22:00:00+00:00,,,
USGS-09180000,2026-09-06 23:00:00+00:00,,,
USGS-09180000,2026-09-07 00:00:00+00:00,,,
USGS-09180000,2026-09-07 01:00:00+00:00,,,
USGS-09180000,2026-09-07 02:00:00+00:00,,,
USGS-09180000,2026-09-07 03:00:00+00:00,,,
USGS-09180000,2026-09-07 04:00:00+00:00,,,
USGS-09180000,2026-09-07 05:00:00+00:00,,,
USGS-09180000,2026-09-07 06:00:00+00:00,,,
USGS-09180000,2026-09-07 07:00:00+00:00,,,
USGS-09180000,2026-09-07 08:00:00+00:00,,,
USGS-09180000,2026-09-07 09:00:00+00:00,,,
USGS-09180000,2026-09-07 10:00:00+00:00,,,
USGS-09180000,2026-09-07 11:00:00+00:00,,,
USGS-09180000,2026-09-07 12:00:00+00:00,,,
USGS-09180000,2026-09-07 13:00:00+00:00,,,
USGS-09180000,2026-09-07 14:00:00+00:00,,,
USGS-09180000,2026-09-07 15:00:00+00:00,,,
USGS-09180000,2026-09-07 16:00:00+00:00,,,
USGS-09180000,2026-09-07 17:00:00+00:00,,,
USGS-09180000,2026-09-07 18:00:00+00:00,,,
USGS-09180000,2026-09-07 19:00:00+00:00,,,
USGS-09180000,2026-09-07 20:00:00+00:00,,,
USGS-09180000,2026-09-07 21:00:00+00:00,,,
USGS-09180000,2026-09-07 22:00:00+00:00,,,
USGS-09180000,2026-09-07 23:00:00+00:00,,,
USGS-09180000,2026-09-08 00:00:00+00:00,,,
USGS-09180000,2026-09-08 01:00:00+00:00,,,
USGS-09180000,2026-09-08 02:00:00+00:00,,,
USGS-09180000,2026-09-08 03:00:00+00:00,,,
USGS-09180000,2026-09-08 04:00:00+00:00,,,
USGS-09180000,2026-09-08 05:00:00+00:00,,,
USGS-09180000,2026-09-08 06:00:00+00:00,,,
USGS-09180000,2026-09-08 07:00:00+00:00,,,
USGS-09180000,2026-09-08 08:00:00+00:00,,,
USGS-09180000,2026-09-08 09:00:00+00:00,,,
USGS-09180000,2026-09-08 10:00:00+00:00,,,
USGS-09180000,2026-09-08 11:00:00+00:00,,,
USGS-09180000,2026-09-08 12:00:00+00:00,,,
USGS-09180000,2026-09-08 13:00:00+00:00,,,
USGS-09180000,2026-09-08 14:00:00+00:00,,,
USGS-09180000,2026-09-08 15:00:00+00:00,,,
USGS-09180000,2026-09-08 16:00:00+00:00,,,
USGS-09180000,2026-09-08 17:00:00+00:00,,,
USGS-09180000,2026-09-08 18:00:00+00:00,,,
USGS-09180000,2026-09-08 19:00:00+00:00,,,
USGS-09180000,2026-09-08 20:00:00+00:00,,,
USGS-09180000,2026-09-08 21:00:00+00:00,,,
USGS-09180000,2026-09-08 22:00:00+00:00,,,
USGS-09180000,2026-09-08 23:00:00+00:00,,,
USGS-09180000,2026-09-09 00:00:00+00:00,,,
USGS-09180000,2026-09-09 01:00:00+00:00,,,
USGS-09180000,2026-09-09 02:00:00+00:00,,,
USGS-09180000,2026-09-09 03:00:00+00:00,,,
USGS-09180000,2026-09-09 04:00:00+00:00,,,
USGS-09180000,2026-09-09 05:00:00+00:00,,,
USGS-09180000,2026-09-09 06:00:00+00:00,,,
USGS-09180000,2026-09-09 07:00:00+00:00,,,
USGS-09180000,2026-09-09 08:00:00+00:00,,,
USGS-09180000,2026-09-09 09:00:00+00:00,,,
USGS-09180000,2026-09-09 10:00:00+00:00,,,
USGS-09180000,2026-09-09 11:00:00+00:00,,,
USGS-09180000,2026-09-09 12:00:00+00:00,,,
USGS-09180000,2026-09-09 13:00:00+00:00,,,
USGS-09180000,2026-09-09 14:00:00+00:00,,,
USGS-09180000,2026-09-09 15:00:00+00:00,,,
USGS-09180000,2026-09-09 16:00:00+00:00,,,
USGS-09180000,2026-09-09 17:00:00+00:00,,,
USGS-09180000,2026-09-09 18:00:00+00:00,,,
USGS-09180000,2026-09-09 19:00:00+00:00,,,
USGS-09180000,2026-09-09 20:00:00+00:00,,,
USGS-09180000,2026-09-09 21:00:00+00:00,,,
USGS-09180000,2026-09-09 22:00:00+00:00,,,
USGS-09180000,2026-09-09 23:00:00+00:00,,,
USGS-09180000,2026-09-10 00:00:00+00:00,,,
USGS-09180000,2026-09-10 01:00:00+00:00,,,
USGS-09180000,2026-09-10 02:00:00+00:00,,,
USGS-09180000,2026-09-10 03:00:00+00:00,,,
USGS-09180000,2026-09-10 04:00:00+00:00,,,
USGS-09180000,2026-09-10 05:00:00+00:00,,,
USGS-09180000,2026-09-10 06:00:00+00:00,,,
USGS-09180000,2026-09-10 07:00:00+00:00,,,
USGS-09180000,2026-09-10 08:00:00+00:00,,,
USGS-09180000,2026-09-10 09:00:00+00:00,,,
USGS-09180000,2026-09-10 10:00:00+00:00,,,
USGS-09180000,2026-09-10 11:00:00+00:00,,,
USGS-09180000,2026-09-10 12:00:00+00:00,,,
USGS-09180000,2026-09-10 13:00:00+00:00,,,
USGS-09180000,2026-09-10 14:00:00+00:00,,,
USGS-09180000,2026-09-10 15:00:00+00:00,,,
USGS-09180000,2026-09-10 16:00:00+00:00,,,
USGS-09180000,2026-09-10 17:00:00+00:00,,,
USGS-09180000,2026-09-10 18:00:00+00:00,,,
USGS-09180000,2026-09-10 19:00:00+00:00,,,
USGS-09180000,2026-09-10 20:00:00+00:00,,,
USGS-09180000,2026-09-10 21:00:00+00:00,,,
USGS-09180000,2026-09-10 22:00:00+00:00,,,
USGS-09180000,2026-09-10 23:00:00+00:00,,,
USGS-09180000,2026-09-11 00:00:00+00:00,,,
USGS-09180000,2026-09-11 01:00:00+00:00,,,
USGS-09180000,2026-09-11 02:00:00+00:00,,,
USGS-09180000,2026-09-11 03:00:00+00:00,,,
USGS-09180000,2026-09-11 04:00:00+00:00,,,
USGS-09180000,2026-09-11 05:00:00+00:00,,,
USGS-09180000,2026-09-11 06:00:00+00:00,,,
USGS-09180000,2026-09-11 07:00:00+00:00,,,
USGS-09180000,2026-09-11 08:00:00+00:00,,,
USGS-09180000,2026-09-11 09:00:00+00:00,,,
USGS-09180000,2026-09-11 10:00:00+00:00,,,
USGS-09180000,2026-09-11 11:00:00+00:00,,,
USGS-09180000,2026-09-11 12:00:00+00:00,,,
USGS-09180000,2026-09-11 13:00:00+00:00,,,
USGS-09180000,2026-09-11 14:00:00+00:00,,,
USGS-09180000,2026-09-11 15:00:00+00:00,,,
USGS-09180000,2026-09-11 16:00:00+00:00,,,
USGS-09180000,2026-09-11 17:00:00+00:00,,,
USGS-09180000,2026-09-11 18:00:00+00:00,,,
USGS-09180000,2026-09-11 19:00:00+00:00,,,
USGS-09180000,2026-09-11 20:00:00+00:00,,,
USGS-09180000,2026-09-11 21:00:00+00:00,,,
USGS-09180000,2026-09-11 22:00:00+00:00,,,
USGS-09180000,2026-09-11 23:00:00+00:00,,,
USGS-09180000,2026-09-12 00:00:00+00:00,,,
USGS-09180000,2026-09-12 01:00:00+00:00,,,
USGS-09180000,2026-09-12 02:00:00+00:00,,,
USGS-09180000,2026-09-12 03:00:00+00:00,,,
USGS-09180000,2026-09-12 04:00:00+00:00,,,
USGS-09180000,2026-09-12 05:00:00+00:00,,,
USGS-09180000,2026-09-12 06:00:00+00:00,,,
USGS-09180000,2026-09-12 07:00:00+00:00,,,
USGS-09180000,2026-09-12 08:00:00+00:00,,,
USGS-09180000,2026-09-12 09:00:00+00:00,,,
USGS-09180000,2026-09-12 10:00:00+00:00,,,
USGS-09180000,2026-09-12 11:00:00+00:00,,,
USGS-09180000,2026-09-12 12:00:00+00:00,,,
USGS-09180000,2026-09-12 13:00:00+00:00,,,
USGS-09180000,2026-09-12 14:00:00+00:00,,,
USGS-09180000,2026-09-12 15:00:00+00:00,,,
USGS-09180000,2026-09-12 16:00:00+00:00,,,
USGS-09180000,2026-09-12 17:00:00+00:00,,,
USGS-09180000,2026-09-12 18:00:00+00:00,,,
USGS-09180000,2026-09-12 19:00:00+00:00,,,
USGS-09180000,2026-09-12 20:00:00+00:00,,,
USGS-09180000,2026-09-12 21:00:00+00:00,,,
USGS-09180000,2026-09-12 22:00:00+00:00,,,
USGS-09180000,2026-09-12 23:00:00+00:00,,,
USGS-09180000,2026-09-13 00:00:00+00:00,,,
USGS-09180000,2026-09-13 01:00:00+00:00,,,
USGS-09180000,2026-09-13 02:00:00+00:00,,,
USGS-09180000,2026-09-13 03:00:00+00:00,,,
USGS-09180000,2026-09-13 04:00:00+00:00,,,
USGS-09180000,2026-09-13 05:00:00+00:00,,,
USGS-09180000,2026-09-13 06:00:00+00:00,,,
USGS-09180000,2026-09-13 07:00:00+00:00,,,
USGS-09180000,2026-09-13 08:00:00+00:00,,,
USGS-09180000,2026-09-13 09:00:00+00:00,,,
USGS-09180000,2026-09-13 10:00:00+00:00,,,
USGS-09180000,2026-09-13 11:00:00+00:00,,,
USGS-09180000,2026-09-13 12:00:00+00:00,,,
USGS-09180000,2026-09-13 13:00:00+00:00,,,
USGS-09180000,2026-09-13 14:00:00+00:00,,,
USGS-09180000,2026-09-13 15:00:00+00:00,,,
USGS-09180000,2026-09-13 16:00:00+00:00,,,
USGS-09180000,2026-09-13 17:00:00+00:00,,,
USGS-09180000,2026-09-13 18:00:00+00:00,,,
USGS-09180000,2026-09-13 19:00:00+00:00,,,
USGS-09180000,2026-09-13 20:00:00+00:00,,,
USGS-09180000,2026-09-13 21:00:00+00:00,,,
USGS-09180000,2026-09-13 22:00:00+00:00,,,
USGS-09180000,2026-09-13 23:00:00+00:00,,,
USGS-09180000,2026-09-14 00:00:00+00:00,,,
USGS-09180000,2026-09-14 01:00:00+00:00,,,
USGS-09180000,2026-09-14 02:00:00+00:00,,,
USGS-09180000,2026-09-14 03:00:00+00:00,,,
USGS-09180000,2026-09-14 04:00:00+00:00,,,
USGS-09180000,2026-09-14 05:00:00+00:00,,,
USGS-09180000,2026-09-14 06:00:00+00:00,,,
USGS-09180000,2026-09-14 07:00:00+00:00,,,
USGS-09180000,2026-09-14 08:00:00+00:00,,,
USGS-09180000,2026-09-14 09:00:00+00:00,,,
USGS-09180000,2026-09-14 10:00:00+00:00,,,
USGS-09180000,2026-09-14 11:00:00+00:00,,,
USGS-09180000,2026-09-14 12:00:00+00:00,,,
USGS-09180000,2026-09-14 13:00:00+00:00,,,
USGS-09180000,2026-09-14 14:00:00+00:00,,,
USGS-09180000,2026-09-14 15:00:00+00:00,,,
USGS-09180000,2026-09-14 16:00:00+00:00,,,
USGS-09180000,2026-09-14 17:00:00+00:00,,,
USGS-09180000,2026-09-14 18:00:00+00:00,,,
USGS-09180000,2026-09-14 19:00:00+00:00,,,
USGS-09180000,2026-09-14 20:00:00+00:00,,,
USGS-09180000,2026-09-14 21:00:00+00:00,,,
USGS-09180000,2026-09-14 22:00:00+00:00,,,
USGS-09180000,2026-09-14 23:00:00+00:00,,,
USGS-09180000,2026-09-15 00:00:00+00:00,,,
USGS-09180000,2026-09-15 01:00:00+00:00,,,
USGS-09180000,2026-09-15 02:00:00+00:00,,,
USGS-09180000,2026-09-15 03:00:00+00:00,,,
USGS-09180000,2026-09-15 04:00:00+00:00,,,
USGS-09180000,2026-09-15 05:00:00+00:00,,,
USGS-09180000,2026-09-15 06:00:00+00:00,,,
USGS-09180000,2026-09-15 07:00:00+00:00,,,
USGS-09180000,2026-09-15 08:00:00+00:00,,,
USGS-09180000,2026-09-15 09:00:00+00:00,,,
USGS-09180000,2026-09-15 10:00:00+00:00,,,
USGS-09180000,2026-09-15 11:00:00+00:00,,,
USGS-09180000,2026-09-15 12:00:00+00:00,,,
USGS-09180000,2026-09-15 13:00:00+00:00,,,
USGS-09180000,2026-09-15 14:00:00+00:00,,,
USGS-09180000,2026-09-15 15:00:00+00:00,,,
USGS-09180000,2026-09-15 16:00:00+00:00,,,
USGS-09180000,2026-09-15 17:00:00+00:00,,,
USGS-09180000,2026-09-15 18:00:00+00:00,,,
USGS-09180000,2026-09-15 19:00:00+00:00,,,
USGS-09180000,2026-09-15 20:00:00+00:00,,,
USGS-09180000,2026-09-15 21:00:00+00:00,,,
USGS-09180000,2026-09-15 22:00:00+00:00,,,
USGS-09180000,2026-09-15 23:00:00+00:00,,,
USGS-09180000,2026-09-16 00:00:00+00:00,,,
USGS-09180000,2026-09-16 01:00:00+00:00,,,
USGS-09180000,2026-09-16 02:00:00+00:00,,,
USGS-09180000,2026-09-16 03:00:00+00:00,,,
USGS-09180000,2026-09-16 04:00:00+00:00,,,
USGS-09180000,2026-09-16 05:00:00+00:00,,,
USGS-09180000,2026-09-16 06:00:00+00:00,,,
USGS-09180000,2026-09-16 07:00:00+00:00,,,
USGS-09180000,2026-09-16 08:00:00+00:00,,,
USGS-09180000,2026-09-16 09:00:00+00:00,,,
USGS-09180000,2026-09-16 10:00:00+00:00,,,
USGS-09180000,2026-09-16 11:00:00+00:00,,,
USGS-09180000,2026-09-16 12:00:00+00:00,,,
USGS-09180000,2026-09-16 13:00:00+00:00,,,
USGS-09180000,2026-09-16 14:00:00+00:00,,,
USGS-09180000,2026-09-16 15:00:00+00:00,,,
USGS-09180000,2026-09-16 16:00:00+00:00,,,
USGS-09180000,2026-09-16 17:00:00+00:00,,,
USGS-09180000,2026-09-16 18:00:00+00:00,,,
USGS-09180000,2026-09-16 19:00:00+00:00,,,
USGS-09180000,2026-09-16 20:00:00+00:00,,,
USGS-09180000,2026-09-16 21:00:00+00:00,,,
USGS-09180000,2026-09-16 22:00:00+00:00,,,
USGS-09180000,2026-09-16 23:00:00+00:00,,,
USGS-09180000,2026-09-17 00:00:00+00:00,,,
USGS-09180000,2026-09-17 01:00:00+00:00,,,
USGS-09180000,2026-09-17 02:00:00+00:00,,,
USGS-09180000,2026-09-17 03:00:00+00:00,,,
USGS-09180000,2026-09-17 04:00:00+00:00,,,
USGS-09180000,2026-09-17 05:00:00+00:00,,,
USGS-09180000,2026-09-17 06:00:00+00:00,,,
USGS-09180000,2026-09-17 07:00:00+00:00,,,
USGS-09180000,2026-09-17 08:00:00+00:00,,,
USGS-09180000,2026-09-17 09:00:00+00:00,,,
USGS-09180000,2026-09-17 10:00:00+00:00,,,
USGS-09180000,2026-09-17 11:00:00+00:00,,,
USGS-09180000,2026-09-17 12:00:00+00:00,,,
USGS-09180000,2026-09-17 13:00:00+00:00,,,
USGS-09180000,2026-09-17 14:00:00+00:00,,,
USGS-09180000,2026-09-17 15:00:00+00:00,,,
USGS-09180000,2026-09-17 16:00:00+00:00,,,
USGS-09180000,2026-09-17 17:00:00+00:00,,,
USGS-09180000,2026-09-17 18:00:00+00:00,,,
USGS-09180000,2026-09-17 19:00:00+00:00,,,
USGS-09180000,2026-09-17 20:00:00+00:00,,,
USGS-09180000,2026-09-17 21:00:00+00:00,,,
USGS-09180000,2026-09-17 22:00:00+00:00,,,
USGS-09180000,2026-09-17 23:00:00+00:00,,,
USGS-09180000,2026-09-18 00:00:00+00:00,,,
USGS-09180000,2026-09-18 01:00:00+00:00,,,
USGS-09180000,2026-09-18 02:00:00+00:00,,,
USGS-09180000,2026-09-18 03:00:00+00:00,,,
USGS-09180000,2026-09-18 04:00:00+00:00,,,
USGS-09180000,2026-09-18 05:00:00+00:00,,,
USGS-09180000,2026-09-18 06:00:00+00:00,,,
USGS-09180000,2026-09-18 07:00:00+00:00,,,
USGS-09180000,2026-09-18 08:00:00+00:00,,,
USGS-09180000,2026-09-18 09:00:00+00:00,,,
USGS-09180000,2026-09-18 10:00:00+00:00,,,
USGS-09180000,2026-09-18 11:00:00+00:00,,,
USGS-09180000,2026-09-18 12:00:00+00:00,,,
USGS-09180000,2026-09-18 13:00:00+00:00,,,
USGS-09180000,2026-09-18 14:00:00+00:00,,,
USGS-09180000,2026-09-18 15:00:00+00:00,,,
USGS-09180000,2026-09-18 16:00:00+00:00,,,
USGS-09180000,2026-09-18 17:00:00+00:00,,,
USGS-09180000,2026-09-18 18:00:00+00:00,,,
USGS-09180000,2026-09-18 19:00:00+00:00,,,
USGS-09180000,2026-09-18 20:00:00+00:00,,,
USGS-09180000,2026-09-18 21:00:00+00:00,,,
USGS-09180000,2026-09-18 22:00:00+00:00,,,
USGS-09180000,2026-09-18 23:00:00+00:00,,,
USGS-09180000,2026-09-19 00:00:00+00:00,,,
USGS-09180000,2026-09-19 01:00:00+00:00,,,
USGS-09180000,2026-09-19 02:00:00+00:00,,,
USGS-09180000,2026-09-19 03:00:00+00:00,,,
USGS-09180000,2026-09-19 04:00:00+00:00,,,
USGS-09180000,2026-09-19 05:00:00+00:00,,,
USGS-09180000,2026-09-19 06:00:00+00:00,,,
USGS-09180000,2026-09-19 07:00:00+00:00,,,
USGS-09180000,2026-09-19 08:00:00+00:00,,,
USGS-09180000,2026-09-19 09:00:00+00:00,,,
USGS-09180000,2026-09-19 10:00:00+00:00,,,
USGS-09180000,2026-09-19 11:00:00+00:00,,,
USGS-09180000,2026-09-19 12:00:00+00:00,,,
USGS-09180000,2026-09-19 13:00:00+00:00,,,
USGS-09180000,2026-09-19 14:00:00+00:00,,,
USGS-09180000,2026-09-19 15:00:00+00:00,,,
USGS-09180000,2026-09-19 16:00:00+00:00,,,
USGS-09180000,2026-09-19 17:00:00+00:00,,,
USGS-09180000,2026-09-19 18:00:00+00:00,,,
USGS-09180000,2026-09-19 19:00:00+00:00,,,
USGS-09180000,2026-09-19 20:00:00+00:00,,,
USGS-09180000,2026-09-19 21:00:00+00:00,,,
USGS-09180000,2026-09-19 22:00:00+00:00,,,
USGS-09180000,2026-09-19 23:00:00+00:00,,,
USGS-09180000,2026-09-20 00:00:00+00:00,,,
USGS-09180000,2026-09-20 01:00:00+00:00,,,
USGS-09180000,2026-09-20 02:00:00+00:00,,,
USGS-09180000,2026-09-20 03:00:00+00:00,,,
USGS-09180000,2026-09-20 04:00:00+00:00,,,
USGS-09180000,2026-09-20 05:00:00+00:00,,,
USGS-09180000,2026-09-20 06:00:00+00:00,,,
USGS-09180000,2026-09-20 07:00:00+00:00,,,
USGS-09180000,2026-09-20 08:00:00+00:00,,,
USGS-09180000,2026-09-20 09:00:00+00:00,,,
USGS-09180000,2026-09-20 10:00:00+00:00,,,
USGS-09180000,2026-09-20 11:00:00+00:00,,,
USGS-09180000,2026-09-20 12:00:00+00:00,,,
USGS-09180000,2026-09-20 13:00:00+00:00,,,
USGS-09180000,2026-09-20 14:00:00+00:00,,,
USGS-09180000,2026-09-20 15:00:00+00:00,,,
USGS-09180000,2026-09-20 16:00:00+00:00,,,
USGS-09180000,2026-09-20 17:00:00+00:00,,,
USGS-09180000,2026-09-20 18:00:00+00:00,,,
USGS-09180000,2026-09-20 19:00:00+00:00,,,
USGS-09180000,2026-09-20 20:00:00+00:00,,,
USGS-09180000,2026-09-20 21:00:00+00:00,,,
USGS-09180000,2026-09-20 22:00:00+00:00,,,
USGS-09180000,2026-09-20 23:00:00+00:00,,,
USGS-09180000,2026-09-21 00:00:00+00:00,,,
USGS-09180000,2026-09-21 01:00:00+00:00,,,
USGS-09180000,2026-09-21 02:00:00+00:00,,,
USGS-09180000,2026-09-21 03:00:00+00:00,,,
USGS-09180000,2026-09-21 04:00:00+00:00,,,
USGS-09180000,2026-09-21 05:00:00+00:00,,,
USGS-09180000,2026-09-21 06:00:00+00:00,,,
USGS-09180000,2026-09-21 07:00:00+00:00,,,
USGS-09180000,2026-09-21 08:00:00+00:00,,,
USGS-09180000,2026-09-21 09:00:00+00:00,,,
USGS-09180000,2026-09-21 10:00:00+00:00,,,
USGS-09180000,2026-09-21 11:00:00+00:00,,,
USGS-09180000,2026-09-21 12:00:00+00:00,,,
USGS-09180000,2026-09-21 13:00:00+00:00,,,
USGS-09180000,2026-09-21 14:00:00+00:00,,,
USGS-09180000,2026-09-21 15:00:00+00:00,,,
USGS-09180000,2026-09-21 16:00:00+00:00,,,
USGS-09180000,2026-09-21 17:00:00+00:00,,,
USGS-09180000,2026-09-21 18:00:00+00:00,,,
USGS-09180000,2026-09-21 19:00:00+00:00,,,
USGS-09180000,2026-09-21 20:00:00+00:00,,,
USGS-09180000,2026-09-21 21:00:00+00:00,,,
USGS-09180000,2026-09-21 22:00:00+00:00,,,
USGS-09180000,2026-09-21 23:00:00+00:00,,,
USGS-09180000,2026-09-22 00:00:00+00:00,,,
USGS-09180000,2026-09-22 01:00:00+00:00,,,
USGS-09180000,2026-09-22 02:00:00+00:00,,,
USGS-09180000,2026-09-22 03:00:00+00:00,,,
USGS-09180000,2026-09-22 04:00:00+00:00,,,
USGS-09180000,2026-09-22 05:00:00+00:00,,,
USGS-09180000,2026-09-22 06:00:00+00:00,,,
USGS-09180000,2026-09-22 07:00:00+00:00,,,
USGS-09180000,2026-09-22 08:00:00+00:00,,,
USGS-09180000,2026-09-22 09:00:00+00:00,,,
USGS-09180000,2026-09-22 10:00:00+00:00,,,
USGS-09180000,2026-09-22 11:00:00+00:00,,,
USGS-09180000,2026-09-22 12:00:00+00:00,,,
USGS-09180000,2026-09-22 13:00:00+00:00,,,
USGS-09180000,2026-09-22 14:00:00+00:00,,,
USGS-09180000,2026-09-22 15:00:00+00:00,,,
USGS-09180000,2026-09-22 16:00:00+00:00,,,
USGS-09180000,2026-09-22 17:00:00+00:00,,,
USGS-09180000,2026-09-22 18:00:00+00:00,,,
USGS-09180000,2026-09-22 19:00:00+00:00,,,
USGS-09180000,2026-09-22 20:00:00+00:00,,,
USGS-09180000,2026-09-22 21:00:00+00:00,,,
USGS-09180000,2026-09-22 22:00:00+00:00,,,
USGS-09180000,2026-09-22 23:00:00+00:00,,,
USGS-09180000,2026-09-23 00:00:00+00:00,,,
USGS-09180000,2026-09-23 01:00:00+00:00,,,
USGS-09180000,2026-09-23 02:00:00+00:00,,,
USGS-09180000,2026-09-23 03:00:00+00:00,,,
USGS-09180000,2026-09-23 04:00:00+00:00,,,
USGS-09180000,2026-09-23 05:00:00+00:00,,,
USGS-09180000,2026-09-23 06:00:00+00:00,,,
USGS-09180000,2026-09-23 07:00:00+00:00,,,
USGS-09180000,2026-09-23 08:00:00+00:00,,,
USGS-09180000,2026-09-23 09:00:00+00:00,,,
USGS-09180000,2026-09-23 10:00:00+00:00,,,
USGS-09180000,2026-09-23 11:00:00+00:00,,,
USGS-09180000,2026-09-23 12:00:00+00:00,,,
USGS-09180000,2026-09-23 13:00:00+00:00,,,
USGS-09180000,2026-09-23 14:00:00+00:00,,,
USGS-09180000,2026-09-23 15:00:00+00:00,,,
USGS-09180000,2026-09-23 16:00:00+00:00,,,
USGS-09180000,2026-09-23 17:00:00+00:00,,,
USGS-09180000,2026-09-23 18:00:00+00:00,,,
USGS-09180000,2026-09-23 19:00:00+00:00,,,
USGS-09180000,2026-09-23 20:00:00+00:00,,,
USGS-09180000,2026-09-23 21:00:00+00:00,,,
USGS-09180000,2026-09-23 22:00:00+00:00,,,
USGS-09180000,2026-09-23 23:00:00+00:00,,,
USGS-09180000,2026-09-24 00:00:00+00:00,,,
USGS-09180000,2026-09-24 01:00:00+00:00,,,
USGS-09180000,2026-09-24 02:00:00+00:00,,,
USGS-09180000,2026-09-24 03:00:00+00:00,,,
USGS-09180000,2026-09-24 04:00:00+00:00,,,
USGS-09180000,2026-09-24 05:00:00+00:00,,,
USGS-09180000,2026-09-24 06:00:00+00:00,,,
USGS-09180000,2026-09-24 07:00:00+00:00,,,
USGS-09180000,2026-09-24 08:00:00+00:00,,,
USGS-09180000,2026-09-24 09:00:00+00:00,,,
USGS-09180000,2026-09-24 10:00:00+00:00,,,
USGS-09180000,2026-09-24 11:00:00+00:00,,,
USGS-09180000,2026-09-24 12:00:00+00:00,,,
USGS-09180000,2026-09-24 13:00:00+00:00,,,
USGS-09180000,2026-09-24 14:00:00+00:00,,,
USGS-09180000,2026-09-24 15:00:00+00:00,,,
USGS-09180000,2026-09-24 16:00:00+00:00,,,
USGS-09180000,2026-09-24 17:00:00+00:00,,,
USGS-09180000,2026-09-24 18:00:00+00:00,,,
USGS-09180000,2026-09-24 19:00:00+00:00,,,
USGS-09180000,2026-09-24 20:00:00+00:00,,,
USGS-09180000,2026-09-24 21:00:00+00:00,,,
USGS-09180000,2026-09-24 22:00:00+00:00,,,
USGS-09180000,2026-09-24 23:00:00+00:00,,,
USGS-09180000,2026-09-25 00:00:00+00:00,,,
USGS-09180000,2026-09-25 01:00:00+00:00,,,
USGS-09180000,2026-09-25 02:00:00+00:00,,,
USGS-09180000,2026-09-25 03:00:00+00:00,,,
USGS-09180000,2026-09-25 04:00:00+00:00,,,
USGS-09180000,2026-09-25 05:00:00+00:00,,,
USGS-09180000,2026-09-25 06:00:00+00:00,,,
USGS-09180000,2026-09-25 07:00:00+00:00,,,
USGS-09180000,2026-09-25 08:00:00+00:00,,,
USGS-09180000,2026-09-25 09:00:00+00:00,,,
USGS-09180000,2026-09-25 10:00:00+00:00,,,
USGS-09180000,2026-09-25 11:00:00+00:00,,,
USGS-09180000,2026-09-25 12:00:00+00:00,,,
USGS-09180000,2026-09-25 13:00:00+00:00,,,
USGS-09180000,2026-09-25 14:00:00+00:00,,,
USGS-09180000,2026-09-25 15:00:00+00:00,,,
USGS-09180000,2026-09-25 16:00:00+00:00,,,
USGS-09180000,2026-09-25 17:00:00+00:00,,,
USGS-09180000,2026-09-25 18:00:00+00:00,,,
USGS-09180000,2026-09-25 19:00:00+00:00,,,
USGS-09180000,2026-09-25 20:00:00+00:00,,,
USGS-09180000,2026-09-25 21:00:00+00:00,,,
USGS-09180000,2026-09-25 22:00:00+00:00,,,
USGS-09180000,2026-09-25 23:00:00+00:00,,,
USGS-09180000,2026-09-26 00:00:00+00:00,,,
USGS-09180000,2026-09-26 01:00:00+00:00,,,
USGS-09180000,2026-09-26 02:00:00+00:00,,,
USGS-09180000,2026-09-26 03:00:00+00:00,,,
USGS-09180000,2026-09-26 04:00:00+00:00,,,
USGS-09180000,2026-09-26 05:00:00+00:00,,,
USGS-09180000,2026-09-26 06:00:00+00:00,,,
USGS-09180000,2026-09-26 07:00:00+00:00,,,
USGS-09180000,2026-09-26 08:00:00+00:00,,,
USGS-09180000,2026-09-26 09:00:00+00:00,,,
USGS-09180000,2026-09-26 10:00:00+00:00,,,
USGS-09180000,2026-09-26 11:00:00+00:00,,,
USGS-09180000,2026-09-26 12:00:00+00:00,,,
USGS-09180000,2026-09-26 13:00:00+00:00,,,
USGS-09180000,2026-09-26 14:00:00+00:00,,,
USGS-09180000,2026-09-26 15:00:00+00:00,,,
USGS-09180000,2026-09-26 16:00:00+00:00,,,
USGS-09180000,2026-09-26 17:00:00+00:00,,,
USGS-09180000,2026-09-26 18:00:00+00:00,,,
USGS-09180000,2026-09-26 19:00:00+00:00,,,
USGS-09180000,2026-09-26 20:00:00+00:00,,,
USGS-09180000,2026-09-26 21:00:00+00:00,,,
USGS-09180000,2026-09-26 22:00:00+00:00,,,
USGS-09180000,2026-09-26 23:00:00+00:00,,,
USGS-09180000,2026-09-27 00:00:00+00:00,,,
USGS-09180000,2026-09-27 01:00:00+00:00,,,
USGS-09180000,2026-09-27 02:00:00+00:00,,,
USGS-09180000,2026-09-27 03:00:00+00:00,,,
USGS-09180000,2026-09-27 04:00:00+00:00,,,
USGS-09180000,2026-09-27 05:00:00+00:00,,,
USGS-09180000,2026-09-27 06:00:00+00:00,,,
USGS-09180000,2026-09-27 07:00:00+00:00,,,
USGS-09180000,2026-09-27 08:00:00+00:00,,,
USGS-09180000,2026-09-27 09:00:00+00:00,,,
USGS-09180000,2026-09-27 10:00:00+00:00,,,
USGS-09180000,2026-09-27 11:00:00+00:00,,,
USGS-09180000,2026-09-27 12:00:00+00:00,,,
USGS-09180000,2026-09-27 13:00:00+00:00,,,
USGS-09180000,2026-09-27 14:00:00+00:00,,,
USGS-09180000,2026-09-27 15:00:00+00:00,,,
USGS-09180000,2026-09-27 16:00:00+00:00,,,
USGS-09180000,2026-09-27 17:00:00+00:00,,,
USGS-09180000,2026-09-27 18:00:00+00:00,,,
USGS-09180000,2026-09-27 19:00:00+00:00,,,
USGS-09180000,2026-09-27 20:00:00+00:00,,,
USGS-09180000,2026-09-27 21:00:00+00:00,,,
USGS-09180000,2026-09-27 22:00:00+00:00,,,
USGS-09180000,2026-09-27 23:00:00+00:00,,,
USGS-09180000,2026-09-28 00:00:00+00:00,,,
USGS-09180000,2026-09-28 01:00:00+00:00,,,
USGS-09180000,2026-09-28 02:00:00+00:00,,,
USGS-09180000,2026-09-28 03:00:00+00:00,,,
USGS-09180000,2026-09-28 04:00:00+00:00,,,
USGS-09180000,2026-09-28 05:00:00+00:00,,,
USGS-09180000,2026-09-28 06:00:00+00:00,,,
USGS-09180000,2026-09-28 07:00:00+00:00,,,
USGS-09180000,2026-09-28 08:00:00+00:00,,,
USGS-09180000,2026-09-28 09:00:00+00:00,,,
USGS-09180000,2026-09-28 10:00:00+00:00,,,
USGS-09180000,2026-09-28 11:00:00+00:00,,,
USGS-09180000,2026-09-28 12:00:00+00:00,,,
USGS-09180000,2026-09-28 13:00:00+00:00,,,
USGS-09180000,2026-09-28 14:00:00+00:00,,,
USGS-09180000,2026-09-28 15:00:00+00:00,,,
USGS-09180000,2026-09-28 16:00:00+00:00,,,
USGS-09180000,2026-09-28 17:00:00+00:00,,,
USGS-09180000,2026-09-28 18:00:00+00:00,,,
USGS-09180000,2026-09-28 19:00:00+00:00,,,
USGS-09180000,2026-09-28 20:00:00+00:00,,,
USGS-09180000,2026-09-28 21:00:00+00:00,,,
USGS-09180000,2026-09-28 22:00:00+00:00,,,
USGS-09180000,2026-09-28 23:00:00+00:00,,,
USGS-09180000,2026-09-29 00:00:00+00:00,,,
USGS-09180000,2026-09-29 01:00:00+00:00,,,
USGS-09180000,2026-09-29 02:00:00+00:00,,,
USGS-09180000,2026-09-29 03:00:00+00:00,,,
USGS-09180000,2026-09-29 04:00:00+00:00,,,
USGS-09180000,2026-09-29 05:00:00+00:00,,,
USGS-09180000,2026-09-29 06:00:00+00:00,,,
USGS-09180000,2026-09-29 07:00:00+00:00,,,
USGS-09180000,2026-09-29 08:00:00+00:00,,,
USGS-09180000,2026-09-29 09:00:00+00:00,,,
USGS-09180000,2026-09-29 10:00:00+00:00,,,
USGS-09180000,2026-09-29 11:00:00+00:00,,,
USGS-09180000,2026-09-29 12:00:00+00:00,,,
USGS-09180000,2026-09-29 13:00:00+00:00,,,
USGS-09180000,2026-09-29 14:00:00+00:00,,,
USGS-09180000,2026-09-29 15:00:00+00:00,,,
USGS-09180000,2026-09-29 16:00:00+00:00,,,
USGS-09180000,2026-09-29 17:00:00+00:00,,,
USGS-09180000,2026-09-29 18:00:00+00:00,,,
USGS-09180000,2026-09-29 19:00:00+00:00,,,
USGS-09180000,2026-09-29 20:00:00+00:00,,,
USGS-09180000,2026-09-29 21:00:00+00:00,,,
USGS-09180000,2026-09-29 22:00:00+00:00,,,
USGS-09180000,2026-09-29 23:00:00+00:00,,,
USGS-09180000,2026-09-30 00:00:00+00:00,,,
USGS-09180000,2026-09-30 01:00:00+00:00,,,
USGS-09180000,2026-09-30 02:00:00+00:00,,,
USGS-09180000,2026-09-30 03:00:00+00:00,,,
USGS-09180000,2026-09-30 04:00:00+00:00,,,
USGS-09180000,2026-09-30 05:00:00+00:00,,,
USGS-09180000,2026-09-30 06:00:00+00:00,,,
USGS-09180000,2026-09-30 07:00:00+00:00,,,
USGS-09180000,2026-09-30 08:00:00+00:00,,,
USGS-09180000,2026-09-30 09:00:00+00:00,,,
USGS-09180000,2026-09-30 10:00:00+00:00,,,
USGS-09180000,2026-09-30 11:00:00+00:00,,,
USGS-09180000,2026-09-30 12:00:00+00:00,,,
USGS-09180000,2026-09-30 13:00:00+00:00,,,
USGS-09180000,2026-09-30 14:00:00+00:00,,,
USGS-09180000,2026-09-30 15:00:00+00:00,,,
USGS-09180000,2026-09-30 16:00:00+00:00,,,
USGS-09180000,2026-09-30 17:00:00+00:00,,,
USGS-09180000,2026-09-30 18:00:00+00:00,,,
USGS-09180000,2026-09-30 19:00:00+00:00,,,
USGS-09180000,2026-09-30 20:00:00+00:00,,,
USGS-09180000,2026-09-30 21:00:00+00:00,,,
USGS-09180000,2026-09-30 22:00:00+00:00,,,
USGS-09180000,2026-09-30 23:00:00+00:00,,,
USGS-09180000,2026-10-01 00:00:00+00:00,,,
USGS-09180000,2026-10-01 01:00:00+00:00,,,
USGS-09180000,2026-10-01 02:00:00+00:00,,,
USGS-09180000,2026-10-01 03:00:00+00:00,,,
USGS-09180000,2026-10-01 04:00:00+00:00,,,
USGS-09180000,2026-10-01 05:00:00+00:00,,,
USGS-09180000,2026-10-01 06:00:00+00:00,,,
USGS-09180000,2026-10-01 07:00:00+00:00,,,
USGS-09180000,2026-10-01 08:00:00+00:00,,,
USGS-09180000,2026-10-01 09:00:00+00:00,,,
USGS-09180000,2026-10-01 10:00:00+00:00,,,
USGS-09180000,2026-10-01 11:00:00+00:00,,,
USGS-09180000,2026-10-01 12:00:00+00:00,,,
USGS-09180000,2026-10-01 13:00:00+00:00,,,
USGS-09180000,2026-10-01 14:00:00+00:00,,,
USGS-09180000,2026-10-01 15:00:00+00:00,,,
USGS-09180000,2026-10-01 16:00:00+00:00,,,
USGS-09180000,2026-10-01 17:00:00+00:00,,,
USGS-09180000,2026-10-01 18:00:00+00:00,,,
USGS-09180000,2026-10-01 19:00:00+00:00,,,
USGS-09180000,2026-10-01 20:00:00+00:00,,,
USGS-09180000,2026-10-01 21:00:00+00:00,,,
USGS-09180000,2026-10-01 22:00:00+00:00,,,
USGS-09180000,2026-10-01 23:00:00+00:00,,,
USGS-09180000,2026-10-02 00:00:00+00:00,,,
USGS-09180000,2026-10-02 01:00:00+00:00,,,
USGS-09180000,2026-10-02 02:00:00+00:00,,,
USGS-09180000,2026-10-02 03:00:00+00:00,,,
USGS-09180000,2026-10-02 04:00:00+00:00,,,
USGS-09180000,2026-10-02 05:00:00+00:00,,,
USGS-09180000,2026-10-02 06:00:00+00:00,,,
