time,station,DO concentration,Water temperature,Specific conductance,Turbidity,pH,Discharge,Stage
2025-09-26 00:00:00+00:00,USGS-09380000,11.4,13.2,848.5,,8.05,9325.0,8.46
2025-09-26 01:00:00+00:00,USGS-09380000,11.5,13.0,850.5,,8.1,9995.0,8.64
2025-09-26 02:00:00+00:00,USGS-09380000,11.55,13.0,850.5,,8.1,11100.0,8.915
2025-09-26 03:00:00+00:00,USGS-09380000,11.350000000000001,13.4,841.0,,8.1,11800.0,9.075
2025-09-26 04:00:00+00:00,USGS-09380000,11.2,14.2,827.5,,8.1,12200.0,9.17
2025-09-26 05:00:00+00:00,USGS-09380000,11.0,14.649999999999999,818.0,,8.1,12300.0,9.2
2025-09-26 06:00:00+00:00,USGS-09380000,10.649999999999999,14.8,814.5,,8.1,12250.0,9.18
2025-09-26 07:00:00+00:00,USGS-09380000,10.1,14.9,810.0,,8.0,11700.0,9.065
2025-09-26 08:00:00+00:00,USGS-09380000,9.0,15.45,796.5,,8.0,11050.0,8.905000000000001
2025-09-26 09:00:00+00:00,USGS-09380000,7.75,16.200000000000003,779.0,,7.95,10350.0,8.73
2025-09-26 10:00:00+00:00,USGS-09380000,6.800000000000001,16.85,765.0,,7.9,9605.0,8.535
2025-09-26 11:00:00+00:00,USGS-09380000,6.25,17.25,757.0,,7.8,9045.0,8.385
2025-09-26 12:00:00+00:00,USGS-09380000,5.9,17.4,752.5,,7.8,8685.0,8.285
2025-09-26 13:00:00+00:00,USGS-09380000,5.7,17.5,750.5,,7.8,8510.0,8.235
2025-09-26 14:00:00+00:00,USGS-09380000,5.6,17.6,749.0,,7.7,8405.0,8.205
2025-09-26 15:00:00+00:00,USGS-09380000,5.5,17.6,748.5,,7.7,8390.0,8.2
2025-09-26 16:00:00+00:00,USGS-09380000,5.5,17.6,748.0,,7.7,8350.0,8.19
2025-09-26 17:00:00+00:00,USGS-09380000,5.65,17.6,748.5,,7.7,8390.0,8.2
2025-09-26 18:00:00+00:00,USGS-09380000,6.15,17.5,753.5,,7.7,8475.0,8.225000000000001
2025-09-26 19:00:00+00:00,USGS-09380000,7.25,16.95,768.0,,7.8,8615.0,8.265
2025-09-26 20:00:00+00:00,USGS-09380000,8.399999999999999,16.0,790.0,,7.85,8740.0,8.3
2025-09-26 21:00:00+00:00,USGS-09380000,9.5,14.75,814.5,,7.9,8810.0,8.32
2025-09-26 22:00:00+00:00,USGS-09380000,10.350000000000001,13.850000000000001,833.5,,8.0,8830.0,8.325
2025-09-26 23:00:00+00:00,USGS-09380000,10.75,13.25,843.5,,8.0,8880.0,8.34
2025-09-27 00:00:00+00:00,USGS-09380000,11.05,13.0,847.5,,8.0,9230.0,8.435
2025-09-27 01:00:00+00:00,USGS-09380000,11.350000000000001,12.8,851.5,,8.05,10150.0,8.675
2025-09-27 02:00:00+00:00,USGS-09380000,11.5,12.8,851.5,,8.1,11150.0,8.93
2025-09-27 03:00:00+00:00,USGS-09380000,11.3,13.1,844.5,,8.1,11800.0,9.08
2025-09-27 04:00:00+00:00,USGS-09380000,11.1,13.649999999999999,833.5,,8.1,12150.0,9.17
2025-09-27 05:00:00+00:00,USGS-09380000,10.95,14.05,825.5,,8.1,12350.0,9.2
2025-09-27 06:00:00+00:00,USGS-09380000,10.649999999999999,14.2,820.5,,8.1,12250.0,9.18
2025-09-27 07:00:00+00:00,USGS-09380000,10.2,14.4,814.0,,8.0,11750.0,9.065000000000001
2025-09-27 08:00:00+00:00,USGS-09380000,9.100000000000001,15.0,799.5,,8.0,11050.0,8.91
2025-09-27 09:00:00+00:00,USGS-09380000,7.85,15.8,781.5,,7.9,10750.0,8.82
2025-09-27 10:00:00+00:00,USGS-09380000,6.800000000000001,16.45,767.5,,7.9,10300.0,8.715
2025-09-27 11:00:00+00:00,USGS-09380000,6.25,16.85,759.5,,7.8,9660.0,8.55
2025-09-27 12:00:00+00:00,USGS-09380000,5.9,17.15,755.5,,7.8,8810.0,8.32
2025-09-27 13:00:00+00:00,USGS-09380000,5.7,17.3,753.5,,7.8,8110.0,8.120000000000001
2025-09-27 14:00:00+00:00,USGS-09380000,5.65,17.4,752.5,,7.75,7590.0,7.965
2025-09-27 15:00:00+00:00,USGS-09380000,5.6,17.5,752.0,,7.7,7560.0,7.955
2025-09-27 16:00:00+00:00,USGS-09380000,5.6,17.6,751.0,,7.7,8040.0,8.1
2025-09-27 17:00:00+00:00,USGS-09380000,5.75,17.7,751.0,,7.8,8690.0,8.285
2025-09-27 18:00:00+00:00,USGS-09380000,6.300000000000001,17.55,756.5,,7.8,9175.0,8.42
2025-09-27 19:00:00+00:00,USGS-09380000,7.4,16.950000000000003,771.0,,7.8,9490.0,8.504999999999999
2025-09-27 20:00:00+00:00,USGS-09380000,8.65,16.0,792.5,,7.9,9640.0,8.545
2025-09-27 21:00:00+00:00,USGS-09380000,9.6,15.25,810.0,,7.95,9680.0,8.555
2025-09-27 22:00:00+00:00,USGS-09380000,10.2,14.649999999999999,822.5,,8.0,9720.0,8.565000000000001
2025-09-27 23:00:00+00:00,USGS-09380000,10.649999999999999,14.149999999999999,832.0,,8.0,9740.0,8.57
2025-09-28 00:00:00+00:00,USGS-09380000,10.9,13.9,836.0,,8.1,9600.0,8.535
2025-09-28 01:00:00+00:00,USGS-09380000,11.0,13.95,833.5,,8.1,9715.0,8.565
2025-09-28 02:00:00+00:00,USGS-09380000,11.05,14.1,829.5,,8.1,10300.0,8.71
2025-09-28 03:00:00+00:00,USGS-09380000,11.0,14.25,826.0,,8.1,10800.0,8.84
2025-09-28 04:00:00+00:00,USGS-09380000,11.0,14.4,823.5,,8.1,11100.0,8.915
2025-09-28 05:00:00+00:00,USGS-09380000,10.9,14.4,822.0,,8.1,11200.0,8.95
2025-09-28 06:00:00+00:00,USGS-09380000,10.649999999999999,14.4,821.0,,8.1,10900.0,8.875
2025-09-28 07:00:00+00:00,USGS-09380000,10.350000000000001,14.25,822.0,,8.1,10085.0,8.665
2025-09-28 08:00:00+00:00,USGS-09380000,9.850000000000001,14.3,818.5,,8.0,9010.0,8.375
2025-09-28 09:00:00+00:00,USGS-09380000,9.1,14.7,808.5,,8.0,8490.0,8.23
2025-09-28 10:00:00+00:00,USGS-09380000,8.2,15.4,794.0,,7.9,8615.0,8.265
2025-09-28 11:00:00+00:00,USGS-09380000,7.199999999999999,16.200000000000003,778.0,,7.9,8635.0,8.27
2025-09-28 12:00:00+00:00,USGS-09380000,6.6,16.75,767.0,,7.9,8195.0,8.145
2025-09-28 13:00:00+00:00,USGS-09380000,6.15,17.15,760.0,,7.8,7740.0,8.01
2025-09-28 14:00:00+00:00,USGS-09380000,5.95,17.45,755.5,,7.8,7380.0,7.9
2025-09-28 15:00:00+00:00,USGS-09380000,5.8,17.6,753.5,,7.8,7410.0,7.91
2025-09-28 16:00:00+00:00,USGS-09380000,5.8,17.8,752.0,,7.8,7955.0,8.075
2025-09-28 17:00:00+00:00,USGS-09380000,5.95,17.7,752.5,,7.8,8600.0,8.26
2025-09-28 18:00:00+00:00,USGS-09380000,6.5,17.35,761.5,,7.8,9065.0,8.39
2025-09-28 19:00:00+00:00,USGS-09380000,7.7,16.4,782.0,,7.8,9320.0,8.46
2025-09-28 20:00:00+00:00,USGS-09380000,8.85,15.35,804.5,,7.9,9470.0,8.5
2025-09-28 21:00:00+00:00,USGS-09380000,9.7,14.7,817.5,,7.9,9565.0,8.524999999999999
2025-09-28 22:00:00+00:00,USGS-09380000,10.25,14.25,827.0,,8.0,9600.0,8.535
2025-09-28 23:00:00+00:00,USGS-09380000,10.6,13.850000000000001,835.0,,8.0,9640.0,8.545
2025-09-29 00:00:00+00:00,USGS-09380000,10.8,13.7,839.0,,8.1,9870.0,8.605
2025-09-29 01:00:00+00:00,USGS-09380000,10.95,13.7,837.5,,8.1,10400.0,8.745000000000001
2025-09-29 02:00:00+00:00,USGS-09380000,11.1,13.9,834.5,,8.1,10950.0,8.875
2025-09-29 03:00:00+00:00,USGS-09380000,11.1,14.1,831.0,,8.1,11200.0,8.94
2025-09-29 04:00:00+00:00,USGS-09380000,11.1,14.2,830.0,,8.1,11350.0,8.975000000000001
2025-09-29 05:00:00+00:00,USGS-09380000,10.95,14.2,829.0,,8.1,11400.0,8.99
2025-09-29 06:00:00+00:00,USGS-09380000,10.75,14.2,829.0,,8.1,11500.0,9.0
2025-09-29 07:00:00+00:00,USGS-09380000,10.45,14.1,829.0,,8.0,11100.0,8.91
2025-09-29 08:00:00+00:00,USGS-09380000,10.0,14.149999999999999,824.0,,8.0,10200.0,8.685
2025-09-29 09:00:00+00:00,USGS-09380000,9.4,14.55,813.5,,7.95,9065.0,8.39
2025-09-29 10:00:00+00:00,USGS-09380000,8.45,15.2,797.5,,7.9,8195.0,8.145
2025-09-29 11:00:00+00:00,USGS-09380000,7.65,15.8,783.5,,7.9,7620.0,7.975
2025-09-29 12:00:00+00:00,USGS-09380000,6.95,16.299999999999997,772.0,,7.9,7285.0,7.869999999999999
2025-09-29 13:00:00+00:00,USGS-09380000,6.55,16.65,764.5,,7.8,7075.0,7.805
2025-09-29 14:00:00+00:00,USGS-09380000,6.25,16.85,760.0,,7.8,6960.0,7.77
2025-09-29 15:00:00+00:00,USGS-09380000,6.1,17.0,757.5,,7.8,7200.0,7.845000000000001
2025-09-29 16:00:00+00:00,USGS-09380000,6.0,17.1,755.0,,7.8,7970.0,8.08
2025-09-29 17:00:00+00:00,USGS-09380000,6.0,17.2,754.0,,7.8,8760.0,8.305
2025-09-29 18:00:00+00:00,USGS-09380000,6.5,17.2,758.0,,7.8,9325.0,8.46
2025-09-29 19:00:00+00:00,USGS-09380000,7.5,16.700000000000003,773.0,,7.85,9660.0,8.55
2025-09-29 20:00:00+00:00,USGS-09380000,8.7,15.75,796.5,,7.9,9810.0,8.59
2025-09-29 21:00:00+00:00,USGS-09380000,9.7,14.7,820.5,,7.95,9930.0,8.62
2025-09-29 22:00:00+00:00,USGS-09380000,10.45,14.05,835.5,,8.0,9960.0,8.63
2025-09-29 23:00:00+00:00,USGS-09380000,10.9,13.649999999999999,843.5,,8.0,9960.0,8.63
2025-09-30 00:00:00+00:00,USGS-09380000,11.1,13.6,844.5,,8.1,10150.0,8.675
2025-09-30 01:00:00+00:00,USGS-09380000,11.2,13.6,841.5,,8.1,10550.0,8.785
2025-09-30 02:00:00+00:00,USGS-09380000,11.2,13.8,835.5,,8.1,10950.0,8.875
2025-09-30 03:00:00+00:00,USGS-09380000,11.2,13.9,832.0,,8.1,11200.0,8.934999999999999
2025-09-30 04:00:00+00:00,USGS-09380000,11.2,14.0,830.0,,8.1,11350.0,8.975000000000001
2025-09-30 05:00:00+00:00,USGS-09380000,11.1,14.0,829.0,,8.1,11400.0,8.99
2025-09-30 06:00:00+00:00,USGS-09380000,10.850000000000001,13.95,829.0,,8.1,11350.0,8.975000000000001
2025-09-30 07:00:00+00:00,USGS-09380000,10.55,13.850000000000001,829.0,,8.05,11000.0,8.89
2025-09-30 08:00:00+00:00,USGS-09380000,9.9,14.05,821.5,,8.0,10080.0,8.665
2025-09-30 09:00:00+00:00,USGS-09380000,8.85,14.7,807.0,,7.9,9010.0,8.375
2025-09-30 10:00:00+00:00,USGS-09380000,7.9,15.4,791.0,,7.9,8160.0,8.135
2025-09-30 11:00:00+00:00,USGS-09380000,7.05,16.1,776.5,,7.9,7590.0,7.965
2025-09-30 12:00:00+00:00,USGS-09380000,6.55,16.45,768.0,,7.8,7250.0,7.859999999999999
2025-09-30 13:00:00+00:00,USGS-09380000,6.25,16.75,763.5,,7.8,7075.0,7.805
2025-09-30 14:00:00+00:00,USGS-09380000,6.05,16.95,759.5,,7.8,6960.0,7.77
2025-09-30 15:00:00+00:00,USGS-09380000,5.95,17.1,757.5,,7.8,6975.0,7.775
2025-09-30 16:00:00+00:00,USGS-09380000,5.9,17.2,756.0,,7.8,7375.0,7.9
2025-09-30 17:00:00+00:00,USGS-09380000,5.95,17.2,755.0,,7.8,8175.0,8.14
2025-09-30 18:00:00+00:00,USGS-09380000,6.4,17.15,758.0,,7.8,8935.0,8.355
2025-09-30 19:00:00+00:00,USGS-09380000,7.35,16.700000000000003,770.0,,7.8,9470.0,8.5
2025-09-30 20:00:00+00:00,USGS-09380000,8.65,15.65,792.5,,7.9,9770.0,8.58
2025-09-30 21:00:00+00:00,USGS-09380000,9.7,14.6,815.0,,7.95,9920.0,8.62
2025-09-30 22:00:00+00:00,USGS-09380000,10.45,13.850000000000001,829.5,,8.0,10000.0,8.65
2025-09-30 23:00:00+00:00,USGS-09380000,10.95,13.45,837.5,,8.0,10150.0,8.675
2025-10-01 00:00:00+00:00,USGS-09380000,11.2,13.2,841.5,,8.1,10400.0,8.74
2025-10-01 01:00:00+00:00,USGS-09380000,11.350000000000001,13.149999999999999,840.5,,8.1,10800.0,8.84
2025-10-01 02:00:00+00:00,USGS-09380000,11.4,13.350000000000001,836.5,,8.1,11100.0,8.915
2025-10-01 03:00:00+00:00,USGS-09380000,11.4,13.6,832.5,,8.1,11300.0,8.96
2025-10-01 04:00:00+00:00,USGS-09380000,11.3,13.75,830.0,,8.1,11400.0,8.98
2025-10-01 05:00:00+00:00,USGS-09380000,11.1,13.8,829.0,,8.1,11400.0,8.99
2025-10-01 06:00:00+00:00,USGS-09380000,10.9,13.8,829.0,,8.1,11500.0,9.0
2025-10-01 07:00:00+00:00,USGS-09380000,10.55,13.8,828.0,,8.0,11150.0,8.93
2025-10-01 08:00:00+00:00,USGS-09380000,9.85,14.1,819.5,,8.0,10300.0,8.715
2025-10-01 09:00:00+00:00,USGS-09380000,8.75,14.75,803.0,,7.9,9250.0,8.440000000000001
2025-10-01 10:00:00+00:00,USGS-09380000,7.800000000000001,15.5,786.5,,7.9,8365.0,8.195
2025-10-01 11:00:00+00:00,USGS-09380000,7.0,16.1,774.0,,7.9,7805.0,8.030000000000001
2025-10-01 12:00:00+00:00,USGS-09380000,6.45,16.55,765.0,,7.8,7475.0,7.93
2025-10-01 13:00:00+00:00,USGS-09380000,6.15,16.8,759.5,,7.8,7265.0,7.865
2025-10-01 14:00:00+00:00,USGS-09380000,5.9,17.0,756.0,,7.8,7180.0,7.84
2025-10-01 15:00:00+00:00,USGS-09380000,5.8,17.1,754.0,,7.75,7315.0,7.880000000000001
2025-10-01 16:00:00+00:00,USGS-09380000,5.8,17.2,753.0,,7.7,7820.0,8.035
2025-10-01 17:00:00+00:00,USGS-09380000,5.85,17.2,753.0,,7.7,8505.0,8.235
2025-10-01 18:00:00+00:00,USGS-09380000,6.449999999999999,17.05,759.0,,7.8,8975.0,8.365
2025-10-01 19:00:00+00:00,USGS-09380000,7.550000000000001,16.4,775.5,,7.8,9210.0,8.43
2025-10-01 20:00:00+00:00,USGS-09380000,8.75,15.45,797.0,,7.9,9375.0,8.475000000000001
2025-10-01 21:00:00+00:00,USGS-09380000,9.8,14.45,818.5,,7.9,9430.0,8.49
2025-10-01 22:00:00+00:00,USGS-09380000,10.5,13.850000000000001,831.5,,8.0,9470.0,8.5
2025-10-01 23:00:00+00:00,USGS-09380000,10.9,13.55,837.5,,8.0,9540.0,8.52
2025-10-02 00:00:00+00:00,USGS-09380000,11.1,13.4,839.5,,8.05,9580.0,8.53
2025-10-02 01:00:00+00:00,USGS-09380000,11.2,13.45,837.5,,8.1,9430.0,8.49
2025-10-02 02:00:00+00:00,USGS-09380000,11.1,13.7,831.5,,8.1,9095.0,8.4
2025-10-02 03:00:00+00:00,USGS-09380000,11.1,13.95,826.5,,8.1,8950.0,8.36
2025-10-02 04:00:00+00:00,USGS-09380000,11.0,14.149999999999999,823.0,,8.1,9080.0,8.395
2025-10-02 05:00:00+00:00,USGS-09380000,11.0,14.3,821.0,,8.1,9025.0,8.379999999999999
2025-10-02 06:00:00+00:00,USGS-09380000,10.95,14.3,821.0,,8.1,8485.0,8.23
2025-10-02 07:00:00+00:00,USGS-09380000,10.8,14.3,821.0,,8.1,7855.0,8.045
2025-10-02 08:00:00+00:00,USGS-09380000,10.6,14.2,821.0,,8.1,7390.0,7.904999999999999
2025-10-02 09:00:00+00:00,USGS-09380000,10.350000000000001,14.149999999999999,821.0,,8.0,7150.0,7.83
2025-10-02 10:00:00+00:00,USGS-09380000,10.1,14.05,821.0,,8.0,7010.0,7.785
2025-10-02 11:00:00+00:00,USGS-09380000,9.75,14.05,819.0,,8.0,6960.0,7.77
2025-10-02 12:00:00+00:00,USGS-09380000,9.3,14.25,813.0,,7.9,6990.0,7.78
2025-10-02 13:00:00+00:00,USGS-09380000,8.6,14.7,802.0,,7.9,6990.0,7.78
2025-10-02 14:00:00+00:00,USGS-09380000,7.699999999999999,15.4,787.0,,7.8,7010.0,7.785
2025-10-02 15:00:00+00:00,USGS-09380000,6.9,16.1,772.5,,7.8,7245.0,7.859999999999999
2025-10-02 16:00:00+00:00,USGS-09380000,6.35,16.65,762.0,,7.8,7855.0,8.045
2025-10-02 17:00:00+00:00,USGS-09380000,6.1,17.0,755.5,,7.8,8505.0,8.235
2025-10-02 18:00:00+00:00,USGS-09380000,6.35,17.05,757.0,,7.8,8895.0,8.344999999999999
2025-10-02 19:00:00+00:00,USGS-09380000,7.35,16.450000000000003,773.0,,7.8,9170.0,8.42
2025-10-02 20:00:00+00:00,USGS-09380000,8.7,15.25,799.5,,7.9,9360.0,8.47
2025-10-02 21:00:00+00:00,USGS-09380000,9.8,14.3,821.0,,7.9,9450.0,8.495000000000001
2025-10-02 22:00:00+00:00,USGS-09380000,10.5,13.649999999999999,834.0,,8.0,9490.0,8.504999999999999
2025-10-02 23:00:00+00:00,USGS-09380000,10.95,13.350000000000001,841.5,,8.0,9490.0,8.504999999999999
2025-10-03 00:00:00+00:00,USGS-09380000,11.149999999999999,13.2,843.0,,8.0,9520.0,8.515
2025-10-03 01:00:00+00:00,USGS-09380000,11.2,13.3,839.5,,8.1,9395.0,8.48
2025-10-03 02:00:00+00:00,USGS-09380000,11.1,13.55,834.5,,8.1,9025.0,8.379999999999999
2025-10-03 03:00:00+00:00,USGS-09380000,11.1,13.8,829.5,,8.1,8860.0,8.335
2025-10-03 04:00:00+00:00,USGS-09380000,11.1,14.0,826.5,,8.1,9005.0,8.375
2025-10-03 05:00:00+00:00,USGS-09380000,11.0,14.1,825.0,,8.1,9005.0,8.375
2025-10-03 06:00:00+00:00,USGS-09380000,10.95,14.2,824.0,,8.1,8485.0,8.23
2025-10-03 07:00:00+00:00,USGS-09380000,10.8,14.2,824.0,,8.1,7785.0,8.025
2025-10-03 08:00:00+00:00,USGS-09380000,10.6,14.1,824.0,,8.1,7310.0,7.88
2025-10-03 09:00:00+00:00,USGS-09380000,10.4,14.0,825.0,,8.0,7040.0,7.795
2025-10-03 10:00:00+00:00,USGS-09380000,10.149999999999999,13.9,825.0,,8.0,6930.0,7.76
2025-10-03 11:00:00+00:00,USGS-09380000,9.850000000000001,13.9,822.5,,8.0,6930.0,7.76
2025-10-03 12:00:00+00:00,USGS-09380000,9.45,14.05,817.0,,7.9,6960.0,7.77
2025-10-03 13:00:00+00:00,USGS-09380000,8.7,14.5,806.5,,7.9,6975.0,7.775
2025-10-03 14:00:00+00:00,USGS-09380000,7.800000000000001,15.1,791.0,,7.9,6990.0,7.78
2025-10-03 15:00:00+00:00,USGS-09380000,7.1,15.75,776.5,,7.8,7245.0,7.859999999999999
2025-10-03 16:00:00+00:00,USGS-09380000,6.45,16.35,764.5,,7.8,7870.0,8.05
2025-10-03 17:00:00+00:00,USGS-09380000,6.2,16.75,757.5,,7.8,8490.0,8.23
2025-10-03 18:00:00+00:00,USGS-09380000,6.4,16.85,758.0,,7.8,8935.0,8.355
2025-10-03 19:00:00+00:00,USGS-09380000,7.35,16.35,772.0,,7.8,9150.0,8.415
2025-10-03 20:00:00+00:00,USGS-09380000,8.6,15.3,796.5,,7.9,9280.0,8.45
2025-10-03 21:00:00+00:00,USGS-09380000,9.7,14.3,818.5,,7.9,9390.0,8.48
2025-10-03 22:00:00+00:00,USGS-09380000,10.45,13.7,832.5,,8.0,9450.0,8.495000000000001
2025-10-03 23:00:00+00:00,USGS-09380000,10.850000000000001,13.4,839.5,,8.0,9485.0,8.504999999999999
2025-10-04 00:00:00+00:00,USGS-09380000,11.0,13.25,841.0,,8.0,9430.0,8.49
2025-10-04 01:00:00+00:00,USGS-09380000,11.1,13.350000000000001,837.5,,8.1,9245.0,8.44
2025-10-04 02:00:00+00:00,USGS-09380000,11.1,13.55,832.5,,8.1,8895.0,8.344999999999999
2025-10-04 03:00:00+00:00,USGS-09380000,11.0,13.75,828.5,,8.1,8810.0,8.32
2025-10-04 04:00:00+00:00,USGS-09380000,10.9,13.9,826.0,,8.1,8965.0,8.365
2025-10-04 05:00:00+00:00,USGS-09380000,10.9,14.0,824.0,,8.1,8930.0,8.355
2025-10-04 06:00:00+00:00,USGS-09380000,10.8,14.1,824.0,,8.1,8470.0,8.225
2025-10-04 07:00:00+00:00,USGS-09380000,10.7,14.0,824.0,,8.1,7820.0,8.035
2025-10-04 08:00:00+00:00,USGS-09380000,10.5,13.95,824.0,,8.1,7325.0,7.885
2025-10-04 09:00:00+00:00,USGS-09380000,10.3,13.8,825.0,,8.0,7040.0,7.795
2025-10-04 10:00:00+00:00,USGS-09380000,10.1,13.7,825.0,,8.0,6840.0,7.73
2025-10-04 11:00:00+00:00,USGS-09380000,9.75,13.7,823.0,,8.0,6695.0,7.6850000000000005
2025-10-04 12:00:00+00:00,USGS-09380000,9.3,13.850000000000001,817.0,,7.9,6620.0,7.66
2025-10-04 13:00:00+00:00,USGS-09380000,8.7,14.25,806.5,,7.9,6620.0,7.66
2025-10-04 14:00:00+00:00,USGS-09380000,8.0,14.75,794.0,,7.85,6590.0,7.65
2025-10-04 15:00:00+00:00,USGS-09380000,7.199999999999999,15.3,779.5,,7.8,6775.0,7.710000000000001
2025-10-04 16:00:00+00:00,USGS-09380000,6.65,15.75,770.0,,7.8,7360.0,7.895
2025-10-04 17:00:00+00:00,USGS-09380000,6.35,16.0,762.5,,7.8,7970.0,8.08
2025-10-04 18:00:00+00:00,USGS-09380000,6.45,16.1,759.5,,7.8,8455.0,8.22
2025-10-04 19:00:00+00:00,USGS-09380000,7.1,15.9,767.5,,7.8,8755.0,8.305
2025-10-04 20:00:00+00:00,USGS-09380000,8.3,15.05,789.0,,7.85,8895.0,8.344999999999999
2025-10-04 21:00:00+00:00,USGS-09380000,9.4,14.1,811.5,,7.9,8950.0,8.36
2025-10-04 22:00:00+00:00,USGS-09380000,10.149999999999999,13.45,827.5,,8.0,8930.0,8.355
2025-10-04 23:00:00+00:00,USGS-09380000,10.649999999999999,13.05,836.5,,8.0,8930.0,8.355
2025-10-05 00:00:00+00:00,USGS-09380000,10.9,12.75,841.0,,8.0,8950.0,8.36
2025-10-05 01:00:00+00:00,USGS-09380000,10.95,12.7,839.5,,8.0,8880.0,8.34
2025-10-05 02:00:00+00:00,USGS-09380000,10.95,12.850000000000001,835.5,,8.0,8880.0,8.34
2025-10-05 03:00:00+00:00,USGS-09380000,10.9,13.149999999999999,830.0,,8.1,8910.0,8.35
2025-10-05 04:00:00+00:00,USGS-09380000,10.9,13.4,824.5,,8.1,8990.0,8.37
2025-10-05 05:00:00+00:00,USGS-09380000,10.9,13.6,821.0,,8.1,8895.0,8.344999999999999
2025-10-05 06:00:00+00:00,USGS-09380000,10.8,13.6,820.0,,8.1,8400.0,8.205
2025-10-05 07:00:00+00:00,USGS-09380000,10.75,13.6,819.0,,8.1,7635.0,7.98
2025-10-05 08:00:00+00:00,USGS-09380000,10.6,13.5,820.0,,8.1,7135.0,7.824999999999999
2025-10-05 09:00:00+00:00,USGS-09380000,10.4,13.4,820.0,,8.0,6840.0,7.73
2025-10-05 10:00:00+00:00,USGS-09380000,10.2,13.25,821.0,,8.0,6680.0,7.68
2025-10-05 11:00:00+00:00,USGS-09380000,9.95,13.2,819.5,,7.95,6605.0,7.655
2025-10-05 12:00:00+00:00,USGS-09380000,9.45,13.350000000000001,814.5,,7.9,6575.0,7.645
2025-10-05 13:00:00+00:00,USGS-09380000,8.8,13.649999999999999,805.5,,7.85,6560.0,7.64
2025-10-05 14:00:00+00:00,USGS-09380000,7.949999999999999,14.2,793.0,,7.8,6560.0,7.64
2025-10-05 15:00:00+00:00,USGS-09380000,7.1,14.75,779.5,,7.75,6545.0,7.635
2025-10-05 16:00:00+00:00,USGS-09380000,6.4,15.25,768.5,,7.7,6775.0,7.710000000000001
2025-10-05 17:00:00+00:00,USGS-09380000,5.95,15.6,761.5,,7.7,7310.0,7.88
2025-10-05 18:00:00+00:00,USGS-09380000,5.9,15.8,759.0,,7.7,7990.0,8.085
2025-10-05 19:00:00+00:00,USGS-09380000,6.449999999999999,15.649999999999999,763.5,,7.7,8415.0,8.21
2025-10-05 20:00:00+00:00,USGS-09380000,7.65,15.0,782.0,,7.8,8735.0,8.3
2025-10-05 21:00:00+00:00,USGS-09380000,9.05,14.0,807.0,,7.9,8860.0,8.335
2025-10-05 22:00:00+00:00,USGS-09380000,10.1,13.2,827.5,,7.9,8950.0,8.36
2025-10-05 23:00:00+00:00,USGS-09380000,10.649999999999999,12.75,838.0,,8.0,8990.0,8.37
2025-10-06 00:00:00+00:00,USGS-09380000,11.0,12.45,843.5,,8.0,9020.0,8.38
2025-10-06 01:00:00+00:00,USGS-09380000,11.1,12.350000000000001,846.0,,8.0,8930.0,8.355
2025-10-06 02:00:00+00:00,USGS-09380000,11.1,12.4,844.5,,8.0,8840.0,8.33
2025-10-06 03:00:00+00:00,USGS-09380000,11.1,12.55,840.5,,8.0,8860.0,8.335
2025-10-06 04:00:00+00:00,USGS-09380000,11.1,12.850000000000001,835.0,,8.0,8930.0,8.355
2025-10-06 05:00:00+00:00,USGS-09380000,11.1,13.05,830.5,,8.1,8755.0,8.305
2025-10-06 06:00:00+00:00,USGS-09380000,11.05,13.25,828.0,,8.1,8125.0,8.125
2025-10-06 07:00:00+00:00,USGS-09380000,10.9,13.350000000000001,826.0,,8.1,7360.0,7.895
2025-10-06 08:00:00+00:00,USGS-09380000,10.7,13.4,825.0,,8.0,6885.0,7.745
2025-10-06 09:00:00+00:00,USGS-09380000,10.5,13.4,824.0,,8.0,6665.0,7.675
2025-10-06 10:00:00+00:00,USGS-09380000,10.3,13.3,823.0,,8.0,6575.0,7.645
2025-10-06 11:00:00+00:00,USGS-09380000,10.05,13.3,821.5,,7.9,6530.0,7.63
2025-10-06 12:00:00+00:00,USGS-09380000,9.649999999999999,13.4,818.0,,7.9,6530.0,7.63
2025-10-06 13:00:00+00:00,USGS-09380000,9.0,13.649999999999999,809.0,,7.9,6500.0,7.62
2025-10-06 14:00:00+00:00,USGS-09380000,8.1,14.1,796.0,,7.8,6500.0,7.62
2025-10-06 15:00:00+00:00,USGS-09380000,7.300000000000001,14.649999999999999,781.5,,7.8,6740.0,7.699999999999999
2025-10-06 16:00:00+00:00,USGS-09380000,6.55,15.149999999999999,769.5,,7.7,7375.0,7.9
2025-10-06 17:00:00+00:00,USGS-09380000,6.05,15.55,760.0,,7.8,8035.0,8.1
2025-10-06 18:00:00+00:00,USGS-09380000,6.05,15.850000000000001,757.0,,7.8,8470.0,8.225000000000001
2025-10-06 19:00:00+00:00,USGS-09380000,6.75,15.7,763.0,,7.8,8750.0,8.305
2025-10-06 20:00:00+00:00,USGS-09380000,8.05,14.9,784.5,,7.8,8895.0,8.344999999999999
2025-10-06 21:00:00+00:00,USGS-09380000,9.35,14.0,808.0,,7.9,9005.0,8.375
2025-10-06 22:00:00+00:00,USGS-09380000,10.2,13.350000000000001,826.0,,7.95,9060.0,8.39
2025-10-06 23:00:00+00:00,USGS-09380000,10.75,13.0,836.0,,8.0,9060.0,8.39
2025-10-07 00:00:00+00:00,USGS-09380000,10.95,12.850000000000001,840.5,,8.0,9075.0,8.395
2025-10-07 01:00:00+00:00,USGS-09380000,11.0,12.850000000000001,840.5,,8.0,8930.0,8.355
2025-10-07 02:00:00+00:00,USGS-09380000,11.0,13.1,836.5,,8.0,8895.0,8.344999999999999
2025-10-07 03:00:00+00:00,USGS-09380000,11.0,13.350000000000001,832.5,,8.1,8990.0,8.37
2025-10-07 04:00:00+00:00,USGS-09380000,11.0,13.6,829.5,,8.1,9040.0,8.385000000000002
2025-10-07 05:00:00+00:00,USGS-09380000,11.0,13.7,827.5,,8.1,8965.0,8.365
2025-10-07 06:00:00+00:00,USGS-09380000,10.9,13.8,827.0,,8.1,8395.0,8.205
2025-10-07 07:00:00+00:00,USGS-09380000,10.8,13.75,827.0,,8.1,7620.0,7.975
2025-10-07 08:00:00+00:00,USGS-09380000,10.649999999999999,13.7,827.0,,8.05,7085.0,7.8100000000000005
2025-10-07 09:00:00+00:00,USGS-09380000,10.45,13.6,827.0,,8.0,6770.0,7.71
2025-10-07 10:00:00+00:00,USGS-09380000,10.2,13.6,827.0,,8.0,6635.0,7.665
2025-10-07 11:00:00+00:00,USGS-09380000,9.95,13.55,826.0,,8.0,6545.0,7.635
2025-10-07 12:00:00+00:00,USGS-09380000,9.45,13.7,820.0,,7.9,6500.0,7.62
2025-10-07 13:00:00+00:00,USGS-09380000,8.8,14.05,810.5,,7.9,6470.0,7.61
2025-10-07 14:00:00+00:00,USGS-09380000,8.0,14.6,796.5,,7.8,6485.0,7.615
2025-10-07 15:00:00+00:00,USGS-09380000,7.199999999999999,15.25,782.0,,7.8,6790.0,7.715
2025-10-07 16:00:00+00:00,USGS-09380000,6.55,15.8,769.5,,7.8,7390.0,7.904999999999999
2025-10-07 17:00:00+00:00,USGS-09380000,6.15,16.25,761.0,,7.8,7985.0,8.085
2025-10-07 18:00:00+00:00,USGS-09380000,6.05,16.55,757.0,,7.8,8465.0,8.225000000000001
2025-10-07 19:00:00+00:00,USGS-09380000,6.75,16.35,763.5,,7.8,8805.0,8.32
2025-10-07 20:00:00+00:00,USGS-09380000,7.949999999999999,15.6,782.5,,7.8,9000.0,8.375
2025-10-07 21:00:00+00:00,USGS-09380000,9.25,14.6,806.0,,7.9,9060.0,8.39
2025-10-07 22:00:00+00:00,USGS-09380000,10.149999999999999,13.850000000000001,820.5,,7.95,9090.0,8.4
2025-10-07 23:00:00+00:00,USGS-09380000,10.649999999999999,13.5,828.5,,8.0,9110.0,8.405000000000001
2025-10-08 00:00:00+00:00,USGS-09380000,10.850000000000001,13.3,832.0,,8.0,9110.0,8.405000000000001
2025-10-08 01:00:00+00:00,USGS-09380000,10.9,13.3,830.5,,8.0,8965.0,8.364999999999998
2025-10-08 02:00:00+00:00,USGS-09380000,10.9,13.45,827.0,,8.0,8880.0,8.34
2025-10-08 03:00:00+00:00,USGS-09380000,10.9,13.649999999999999,823.5,,8.1,8965.0,8.364999999999998
2025-10-08 04:00:00+00:00,USGS-09380000,10.9,13.9,819.5,,8.1,9170.0,8.42
2025-10-08 05:00:00+00:00,USGS-09380000,10.9,14.05,817.0,,8.1,9075.0,8.395
2025-10-08 06:00:00+00:00,USGS-09380000,10.850000000000001,14.1,816.0,,8.1,8485.0,8.23
2025-10-08 07:00:00+00:00,USGS-09380000,10.7,14.1,816.0,,8.1,7685.0,7.994999999999999
2025-10-08 08:00:00+00:00,USGS-09380000,10.55,14.0,817.0,,8.0,7130.0,7.824999999999999
2025-10-08 09:00:00+00:00,USGS-09380000,10.350000000000001,13.9,817.0,,8.0,7050.0,7.8
2025-10-08 10:00:00+00:00,USGS-09380000,10.149999999999999,13.8,817.0,,8.0,7370.0,7.9
2025-10-08 11:00:00+00:00,USGS-09380000,9.75,13.8,814.5,,7.9,7405.0,7.91
2025-10-08 12:00:00+00:00,USGS-09380000,9.25,14.05,807.5,,7.9,6990.0,7.779999999999999
2025-10-08 13:00:00+00:00,USGS-09380000,8.55,14.5,797.0,,7.9,6455.0,7.605
2025-10-08 14:00:00+00:00,USGS-09380000,7.800000000000001,15.05,784.5,,7.9,6100.0,7.484999999999999
2025-10-08 15:00:00+00:00,USGS-09380000,7.15,15.55,773.0,,7.8,6000.0,7.45
2025-10-08 16:00:00+00:00,USGS-09380000,6.65,15.95,764.0,,7.8,6455.0,7.605
2025-10-08 17:00:00+00:00,USGS-09380000,6.35,16.3,758.0,,7.8,7100.0,7.8149999999999995
2025-10-08 18:00:00+00:00,USGS-09380000,6.25,16.6,755.0,,7.8,7570.0,7.96
2025-10-08 19:00:00+00:00,USGS-09380000,6.75,16.55,758.0,,7.8,7870.0,8.05
2025-10-08 20:00:00+00:00,USGS-09380000,7.7,16.05,772.0,,7.8,8035.0,8.1
2025-10-08 21:00:00+00:00,USGS-09380000,8.9,15.25,792.0,,7.9,8120.0,8.125
2025-10-08 22:00:00+00:00,USGS-09380000,9.7,14.8,802.0,,7.9,8210.0,8.15
2025-10-08 23:00:00+00:00,USGS-09380000,10.149999999999999,14.6,808.5,,8.0,8225.0,8.155000000000001
2025-10-09 00:00:00+00:00,USGS-09380000,10.4,14.350000000000001,813.5,,8.0,8240.0,8.16
2025-10-09 01:00:00+00:00,USGS-09380000,10.5,14.2,817.0,,8.0,8210.0,8.15
2025-10-09 02:00:00+00:00,USGS-09380000,10.5,14.2,816.5,,8.0,8325.0,8.184999999999999
2025-10-09 03:00:00+00:00,USGS-09380000,10.5,14.350000000000001,812.5,,8.0,8695.0,8.29
2025-10-09 04:00:00+00:00,USGS-09380000,10.5,14.649999999999999,808.5,,8.05,9075.0,8.395
2025-10-09 05:00:00+00:00,USGS-09380000,10.6,14.850000000000001,805.0,,8.1,9280.0,8.45
2025-10-09 06:00:00+00:00,USGS-09380000,10.55,15.0,803.0,,8.1,9115.0,8.405000000000001
2025-10-09 07:00:00+00:00,USGS-09380000,10.45,15.1,802.0,,8.1,8695.0,8.29
2025-10-09 08:00:00+00:00,USGS-09380000,10.25,15.05,802.5,,8.05,8660.0,8.28
2025-10-09 09:00:00+00:00,USGS-09380000,9.95,15.0,803.0,,8.0,8700.0,8.29
2025-10-09 10:00:00+00:00,USGS-09380000,9.55,15.0,801.5,,8.0,8660.0,8.28
2025-10-09 11:00:00+00:00,USGS-09380000,8.9,15.25,794.5,,7.9,8255.0,8.165
2025-10-09 12:00:00+00:00,USGS-09380000,8.1,15.75,782.5,,7.9,7500.0,7.9399999999999995
2025-10-09 13:00:00+00:00,USGS-09380000,7.300000000000001,16.299999999999997,771.5,,7.9,6770.0,7.71
2025-10-09 14:00:00+00:00,USGS-09380000,6.75,16.75,763.0,,7.8,6230.0,7.529999999999999
2025-10-09 15:00:00+00:00,USGS-09380000,6.4,17.05,756.5,,7.8,6090.0,7.48
2025-10-09 16:00:00+00:00,USGS-09380000,6.15,17.3,752.5,,7.8,6485.0,7.615
2025-10-09 17:00:00+00:00,USGS-09380000,6.0,17.5,750.0,,7.8,7085.0,7.8100000000000005
2025-10-09 18:00:00+00:00,USGS-09380000,6.25,17.5,751.0,,7.8,7550.0,7.955
2025-10-09 19:00:00+00:00,USGS-09380000,7.0,17.35,758.5,,7.8,7850.0,8.045
2025-10-09 20:00:00+00:00,USGS-09380000,8.05,16.700000000000003,773.5,,7.85,8015.0,8.094999999999999
2025-10-09 21:00:00+00:00,USGS-09380000,8.9,16.1,787.5,,7.9,8140.0,8.13
2025-10-09 22:00:00+00:00,USGS-09380000,9.45,15.649999999999999,797.0,,7.9,8190.0,8.145
2025-10-09 23:00:00+00:00,USGS-09380000,9.75,15.350000000000001,804.0,,8.0,8240.0,8.16
2025-10-10 00:00:00+00:00,USGS-09380000,10.05,15.05,810.0,,8.0,8240.0,8.16
2025-10-10 01:00:00+00:00,USGS-09380000,10.25,14.8,814.5,,8.0,8220.0,8.155000000000001
2025-10-10 02:00:00+00:00,USGS-09380000,10.4,14.8,814.5,,8.0,8360.0,8.195
2025-10-10 03:00:00+00:00,USGS-09380000,10.4,14.9,811.0,,8.0,8675.0,8.285
2025-10-10 04:00:00+00:00,USGS-09380000,10.4,15.1,806.5,,8.1,9055.0,8.39
2025-10-10 05:00:00+00:00,USGS-09380000,10.3,15.3,802.5,,8.1,9295.0,8.455
2025-10-10 06:00:00+00:00,USGS-09380000,10.3,15.4,800.0,,8.1,9145.0,8.415
2025-10-10 07:00:00+00:00,USGS-09380000,10.149999999999999,15.4,799.0,,8.0,8805.0,8.32
2025-10-10 08:00:00+00:00,USGS-09380000,9.95,15.4,798.0,,8.0,8730.0,8.3
2025-10-10 09:00:00+00:00,USGS-09380000,9.75,15.4,798.0,,8.0,8770.0,8.31
2025-10-10 10:00:00+00:00,USGS-09380000,9.4,15.4,796.5,,7.9,8710.0,8.295
2025-10-10 11:00:00+00:00,USGS-09380000,8.850000000000001,15.649999999999999,790.5,,7.9,8270.0,8.17
2025-10-10 12:00:00+00:00,USGS-09380000,8.1,16.15,780.5,,7.9,7500.0,7.9399999999999995
2025-10-10 13:00:00+00:00,USGS-09380000,7.300000000000001,16.700000000000003,769.5,,7.8,6785.0,7.715
2025-10-10 14:00:00+00:00,USGS-09380000,6.75,17.15,761.5,,7.8,6230.0,7.529999999999999
2025-10-10 15:00:00+00:00,USGS-09380000,6.35,17.45,755.5,,7.8,6105.0,7.485
2025-10-10 16:00:00+00:00,USGS-09380000,6.1,17.65,751.5,,7.8,6515.0,7.625
2025-10-10 17:00:00+00:00,USGS-09380000,5.95,17.8,749.0,,7.8,7085.0,7.8100000000000005
2025-10-10 18:00:00+00:00,USGS-09380000,6.15,17.75,750.5,,7.8,7565.0,7.960000000000001
2025-10-10 19:00:00+00:00,USGS-09380000,6.800000000000001,17.35,758.5,,7.8,7865.0,8.05
2025-10-10 20:00:00+00:00,USGS-09380000,7.6,16.700000000000003,773.0,,7.8,8050.0,8.105
2025-10-10 21:00:00+00:00,USGS-09380000,8.5,15.9,789.0,,7.8,8120.0,8.125
2025-10-10 22:00:00+00:00,USGS-09380000,8.95,15.45,798.0,,7.85,8170.0,8.14
2025-10-10 23:00:00+00:00,USGS-09380000,9.350000000000001,15.1,805.5,,7.9,8200.0,8.15
2025-10-11 00:00:00+00:00,USGS-09380000,9.649999999999999,14.8,812.0,,7.9,8220.0,8.155000000000001
2025-10-11 01:00:00+00:00,USGS-09380000,9.9,14.6,816.5,,7.9,8200.0,8.15
2025-10-11 02:00:00+00:00,USGS-09380000,10.0,14.6,816.5,,8.0,8325.0,8.184999999999999
2025-10-11 03:00:00+00:00,USGS-09380000,10.1,14.8,813.5,,8.0,8715.0,8.295
2025-10-11 04:00:00+00:00,USGS-09380000,10.05,15.0,808.5,,8.0,9070.0,8.395
2025-10-11 05:00:00+00:00,USGS-09380000,10.0,15.1,806.5,,8.0,9280.0,8.45
2025-10-11 06:00:00+00:00,USGS-09380000,10.0,15.1,805.0,,8.0,9125.0,8.41
2025-10-11 07:00:00+00:00,USGS-09380000,10.0,15.1,805.0,,8.0,8800.0,8.32
2025-10-11 08:00:00+00:00,USGS-09380000,9.850000000000001,15.1,804.0,,8.0,8730.0,8.3
2025-10-11 09:00:00+00:00,USGS-09380000,9.649999999999999,15.1,803.5,,7.95,8555.0,8.25
2025-10-11 10:00:00+00:00,USGS-09380000,9.4,15.2,801.5,,7.9,7965.0,8.08
2025-10-11 11:00:00+00:00,USGS-09380000,8.95,15.45,796.0,,7.9,7180.0,7.84
2025-10-11 12:00:00+00:00,USGS-09380000,8.25,16.0,786.5,,7.9,6500.0,7.619999999999999
2025-10-11 13:00:00+00:00,USGS-09380000,7.55,16.55,776.0,,7.9,5985.0,7.445
2025-10-11 14:00:00+00:00,USGS-09380000,7.0,16.95,767.0,,7.9,5675.0,7.335
2025-10-11 15:00:00+00:00,USGS-09380000,6.6,17.3,760.5,,7.8,5745.0,7.359999999999999
2025-10-11 16:00:00+00:00,USGS-09380000,6.35,17.6,755.5,,7.8,6485.0,7.615
2025-10-11 17:00:00+00:00,USGS-09380000,6.1,17.8,752.5,,7.8,7370.0,7.9
2025-10-11 18:00:00+00:00,USGS-09380000,6.15,17.95,751.0,,7.8,8030.0,8.1
2025-10-11 19:00:00+00:00,USGS-09380000,6.699999999999999,17.85,755.0,,7.8,8465.0,8.225000000000001
2025-10-11 20:00:00+00:00,USGS-09380000,7.75,17.299999999999997,769.0,,7.9,8655.0,8.28
2025-10-11 21:00:00+00:00,USGS-09380000,8.7,16.55,785.5,,7.9,8785.0,8.315000000000001
2025-10-11 22:00:00+00:00,USGS-09380000,9.55,15.75,801.5,,8.0,8870.0,8.34
2025-10-11 23:00:00+00:00,USGS-09380000,10.0,15.149999999999999,813.0,,8.0,8890.0,8.344999999999999
2025-10-12 00:00:00+00:00,USGS-09380000,10.25,14.850000000000001,818.5,,8.0,8890.0,8.344999999999999
2025-10-12 01:00:00+00:00,USGS-09380000,10.4,14.7,820.0,,8.0,8800.0,8.32
2025-10-12 02:00:00+00:00,USGS-09380000,10.4,14.7,818.5,,8.0,8800.0,8.32
2025-10-12 03:00:00+00:00,USGS-09380000,10.5,14.8,816.5,,8.05,8965.0,8.364999999999998
2025-10-12 04:00:00+00:00,USGS-09380000,10.5,14.850000000000001,815.5,,8.1,9125.0,8.41
2025-10-12 05:00:00+00:00,USGS-09380000,10.5,14.9,815.0,,8.1,9255.0,8.445
2025-10-12 06:00:00+00:00,USGS-09380000,10.5,14.9,815.5,,8.1,9220.0,8.434999999999999
2025-10-12 07:00:00+00:00,USGS-09380000,10.4,14.8,816.0,,8.1,8800.0,8.32
2025-10-12 08:00:00+00:00,USGS-09380000,10.149999999999999,14.7,816.0,,8.0,8050.0,8.105
2025-10-12 09:00:00+00:00,USGS-09380000,9.95,14.7,816.0,,8.0,7450.0,7.925000000000001
2025-10-12 10:00:00+00:00,USGS-09380000,9.7,14.7,814.5,,8.0,7050.0,7.8
2025-10-12 11:00:00+00:00,USGS-09380000,9.350000000000001,14.850000000000001,811.0,,7.9,6710.0,7.6899999999999995
2025-10-12 12:00:00+00:00,USGS-09380000,8.8,15.25,802.5,,7.9,6500.0,7.62
2025-10-12 13:00:00+00:00,USGS-09380000,8.1,15.8,791.0,,7.9,6365.0,7.575
2025-10-12 14:00:00+00:00,USGS-09380000,7.35,16.4,778.5,,7.9,6245.0,7.535
2025-10-12 15:00:00+00:00,USGS-09380000,6.75,16.95,767.0,,7.9,6365.0,7.574999999999999
2025-10-12 16:00:00+00:00,USGS-09380000,6.35,17.35,759.5,,7.8,6880.0,7.744999999999999
2025-10-12 17:00:00+00:00,USGS-09380000,6.1,17.65,754.5,,7.8,7480.0,7.9350000000000005
2025-10-12 18:00:00+00:00,USGS-09380000,6.1,17.9,751.0,,7.8,7910.0,8.065000000000001
2025-10-12 19:00:00+00:00,USGS-09380000,6.55,17.8,755.0,,7.8,8165.0,8.14
2025-10-12 20:00:00+00:00,USGS-09380000,7.449999999999999,17.15,769.0,,7.85,8255.0,8.165
2025-10-12 21:00:00+00:00,USGS-09380000,8.55,16.15,791.5,,7.9,8340.0,8.19
2025-10-12 22:00:00+00:00,USGS-09380000,9.5,15.1,812.0,,7.95,8380.0,8.2
2025-10-12 23:00:00+00:00,USGS-09380000,10.149999999999999,14.350000000000001,824.5,,8.0,8410.0,8.21
2025-10-13 00:00:00+00:00,USGS-09380000,10.4,13.9,830.5,,8.0,8410.0,8.21
2025-10-13 01:00:00+00:00,USGS-09380000,10.5,13.649999999999999,832.0,,8.0,8340.0,8.19
2025-10-13 02:00:00+00:00,USGS-09380000,10.5,13.649999999999999,829.5,,8.0,8500.0,8.235
2025-10-13 03:00:00+00:00,USGS-09380000,10.5,13.850000000000001,824.5,,8.0,9015.0,8.379999999999999
2025-10-13 04:00:00+00:00,USGS-09380000,10.5,14.149999999999999,819.5,,8.0,9515.0,8.515
2025-10-13 05:00:00+00:00,USGS-09380000,10.5,14.350000000000001,816.5,,8.0,9610.0,8.54
2025-10-13 06:00:00+00:00,USGS-09380000,10.5,14.45,816.0,,8.1,9090.0,8.399999999999999
2025-10-13 07:00:00+00:00,USGS-09380000,10.4,14.5,817.0,,8.05,8235.0,8.16
2025-10-13 08:00:00+00:00,USGS-09380000,10.25,14.4,817.5,,8.0,7550.0,7.955
2025-10-13 09:00:00+00:00,USGS-09380000,10.05,14.3,818.0,,8.0,7035.0,7.795
2025-10-13 10:00:00+00:00,USGS-09380000,9.75,14.3,816.5,,8.0,6710.0,7.6899999999999995
2025-10-13 11:00:00+00:00,USGS-09380000,9.4,14.45,812.0,,7.9,6515.0,7.625
2025-10-13 12:00:00+00:00,USGS-09380000,8.850000000000001,14.75,804.5,,7.9,6410.0,7.59
2025-10-13 13:00:00+00:00,USGS-09380000,8.1,15.3,792.5,,7.9,6530.0,7.630000000000001
2025-10-13 14:00:00+00:00,USGS-09380000,7.300000000000001,15.9,779.0,,7.8,7050.0,7.800000000000001
2025-10-13 15:00:00+00:00,USGS-09380000,6.55,16.5,767.0,,7.8,7595.0,7.970000000000001
2025-10-13 16:00:00+00:00,USGS-09380000,6.15,16.95,758.5,,7.75,8035.0,8.1
2025-10-13 17:00:00+00:00,USGS-09380000,5.9,17.15,754.0,,7.7,8305.0,8.18
2025-10-13 18:00:00+00:00,USGS-09380000,6.15,17.2,754.5,,7.7,8500.0,8.235
2025-10-13 19:00:00+00:00,USGS-09380000,6.949999999999999,16.75,766.0,,7.8,8550.0,8.25
2025-10-13 20:00:00+00:00,USGS-09380000,8.1,15.75,788.5,,7.85,8640.0,8.274999999999999
2025-10-13 21:00:00+00:00,USGS-09380000,9.15,14.75,812.0,,7.9,8660.0,8.28
2025-10-13 22:00:00+00:00,USGS-09380000,9.9,14.149999999999999,826.0,,7.95,8675.0,8.285
2025-10-13 23:00:00+00:00,USGS-09380000,10.3,13.9,831.0,,8.0,8605.0,8.265
2025-10-14 00:00:00+00:00,USGS-09380000,10.5,13.9,829.5,,8.0,8590.0,8.26
2025-10-14 01:00:00+00:00,USGS-09380000,10.6,14.05,825.5,,8.0,8570.0,8.254999999999999
2025-10-14 02:00:00+00:00,USGS-09380000,10.6,14.25,821.5,,8.05,8640.0,8.274999999999999
2025-10-14 03:00:00+00:00,USGS-09380000,10.6,14.4,818.0,,8.1,8925.0,8.355
2025-10-14 04:00:00+00:00,USGS-09380000,10.6,14.5,815.5,,8.1,9275.0,8.45
2025-10-14 05:00:00+00:00,USGS-09380000,10.6,14.6,814.0,,8.1,9310.0,8.46
2025-10-14 06:00:00+00:00,USGS-09380000,10.45,14.6,814.0,,8.1,8785.0,8.315
2025-10-14 07:00:00+00:00,USGS-09380000,10.3,14.6,814.0,,8.05,7985.0,8.085
2025-10-14 08:00:00+00:00,USGS-09380000,10.1,14.5,814.0,,8.0,7435.0,7.92
2025-10-14 09:00:00+00:00,USGS-09380000,9.9,14.45,814.0,,8.0,7005.0,7.785
2025-10-14 10:00:00+00:00,USGS-09380000,9.7,14.4,814.0,,8.0,6695.0,7.6850000000000005
2025-10-14 11:00:00+00:00,USGS-09380000,9.45,14.5,811.5,,7.95,6485.0,7.615
2025-10-14 12:00:00+00:00,USGS-09380000,8.95,14.75,805.0,,7.9,6395.0,7.585
2025-10-14 13:00:00+00:00,USGS-09380000,8.350000000000001,15.25,794.5,,7.9,6485.0,7.615
2025-10-14 14:00:00+00:00,USGS-09380000,7.65,15.8,782.0,,7.9,6985.0,7.779999999999999
2025-10-14 15:00:00+00:00,USGS-09380000,6.95,16.4,768.5,,7.8,7550.0,7.955
2025-10-14 16:00:00+00:00,USGS-09380000,6.55,16.9,759.0,,7.8,7980.0,8.085
2025-10-14 17:00:00+00:00,USGS-09380000,6.25,17.25,752.5,,7.8,8235.0,8.16
2025-10-14 18:00:00+00:00,USGS-09380000,6.35,17.4,751.5,,7.8,8410.0,8.21
2025-10-14 19:00:00+00:00,USGS-09380000,7.1,17.0,761.0,,7.8,8480.0,8.23
2025-10-14 20:00:00+00:00,USGS-09380000,8.1,16.15,781.0,,7.9,8480.0,8.23
2025-10-14 21:00:00+00:00,USGS-09380000,9.15,15.15,803.0,,7.9,8495.0,8.235
2025-10-14 22:00:00+00:00,USGS-09380000,9.9,14.45,818.5,,8.0,8510.0,8.24
2025-10-14 23:00:00+00:00,USGS-09380000,10.25,14.2,824.0,,8.0,8590.0,8.26
2025-10-15 00:00:00+00:00,USGS-09380000,10.4,14.25,823.5,,8.0,8570.0,8.254999999999999
2025-10-15 01:00:00+00:00,USGS-09380000,10.4,14.45,820.5,,8.0,8550.0,8.25
2025-10-15 02:00:00+00:00,USGS-09380000,10.4,14.6,817.5,,8.1,8655.0,8.28
2025-10-15 03:00:00+00:00,USGS-09380000,10.4,14.8,815.5,,8.1,8980.0,8.370000000000001
2025-10-15 04:00:00+00:00,USGS-09380000,10.4,14.8,814.5,,8.1,9345.0,8.47
2025-10-15 05:00:00+00:00,USGS-09380000,10.350000000000001,14.8,814.0,,8.1,9365.0,8.475000000000001
2025-10-15 06:00:00+00:00,USGS-09380000,10.3,14.8,814.0,,8.1,8870.0,8.34
2025-10-15 07:00:00+00:00,USGS-09380000,10.2,14.7,814.0,,8.1,8100.0,8.120000000000001
2025-10-15 08:00:00+00:00,USGS-09380000,10.0,14.6,814.0,,8.05,7435.0,7.92
2025-10-15 09:00:00+00:00,USGS-09380000,9.850000000000001,14.55,814.0,,8.0,6970.0,7.775
2025-10-15 10:00:00+00:00,USGS-09380000,9.649999999999999,14.5,813.0,,8.0,6635.0,7.665
2025-10-15 11:00:00+00:00,USGS-09380000,9.350000000000001,14.6,810.5,,8.0,6350.0,7.57
2025-10-15 12:00:00+00:00,USGS-09380000,8.95,14.8,805.0,,7.9,6155.0,7.505
2025-10-15 13:00:00+00:00,USGS-09380000,8.4,15.2,795.0,,7.9,6050.0,7.47
2025-10-15 14:00:00+00:00,USGS-09380000,7.699999999999999,15.7,783.5,,7.9,6140.0,7.5
2025-10-15 15:00:00+00:00,USGS-09380000,7.1,16.299999999999997,770.5,,7.8,6635.0,7.665
2025-10-15 16:00:00+00:00,USGS-09380000,6.65,16.75,760.0,,7.8,7175.0,7.84
2025-10-15 17:00:00+00:00,USGS-09380000,6.35,17.05,753.5,,7.8,7615.0,7.975
2025-10-15 18:00:00+00:00,USGS-09380000,6.35,17.25,749.5,,7.8,7925.0,8.07
2025-10-15 19:00:00+00:00,USGS-09380000,6.800000000000001,17.15,753.0,,7.8,8080.0,8.114999999999998
2025-10-15 20:00:00+00:00,USGS-09380000,7.65,16.549999999999997,766.5,,7.9,8150.0,8.135000000000002
2025-10-15 21:00:00+00:00,USGS-09380000,8.7,15.45,789.0,,7.9,8220.0,8.155000000000001
2025-10-15 22:00:00+00:00,USGS-09380000,9.6,14.6,809.0,,7.95,8200.0,8.15
2025-10-15 23:00:00+00:00,USGS-09380000,10.149999999999999,13.95,821.0,,8.0,8170.0,8.14
2025-10-16 00:00:00+00:00,USGS-09380000,10.45,13.649999999999999,826.5,,8.0,8150.0,8.135000000000002
2025-10-16 01:00:00+00:00,USGS-09380000,10.5,13.6,826.5,,8.0,8205.0,8.15
2025-10-16 02:00:00+00:00,USGS-09380000,10.5,13.75,822.5,,8.0,8495.0,8.235
2025-10-16 03:00:00+00:00,USGS-09380000,10.4,13.95,818.5,,8.0,8980.0,8.370000000000001
2025-10-16 04:00:00+00:00,USGS-09380000,10.4,14.1,815.0,,8.0,9420.0,8.49
2025-10-16 05:00:00+00:00,USGS-09380000,10.4,14.2,813.0,,8.0,9650.0,8.55
2025-10-16 06:00:00+00:00,USGS-09380000,10.350000000000001,14.2,812.0,,8.0,9425.0,8.49
2025-10-16 07:00:00+00:00,USGS-09380000,10.25,14.1,812.0,,8.0,8995.0,8.375
2025-10-16 08:00:00+00:00,USGS-09380000,10.1,14.0,812.0,,8.0,8530.0,8.245000000000001
2025-10-16 09:00:00+00:00,USGS-09380000,9.9,13.8,812.0,,8.0,7945.0,8.075
2025-10-16 10:00:00+00:00,USGS-09380000,9.55,13.8,809.5,,7.9,7305.0,7.880000000000001
2025-10-16 11:00:00+00:00,USGS-09380000,9.1,13.9,804.0,,7.9,6815.0,7.725
2025-10-16 12:00:00+00:00,USGS-09380000,8.5,14.149999999999999,795.5,,7.85,6425.0,7.595000000000001
2025-10-16 13:00:00+00:00,USGS-09380000,7.800000000000001,14.45,785.5,,7.8,6185.0,7.515
2025-10-16 14:00:00+00:00,USGS-09380000,7.199999999999999,14.75,776.0,,7.8,6230.0,7.529999999999999
2025-10-16 15:00:00+00:00,USGS-09380000,6.75,14.95,769.0,,7.8,6695.0,7.6850000000000005
2025-10-16 16:00:00+00:00,USGS-09380000,6.45,15.149999999999999,763.0,,7.7,7235.0,7.859999999999999
2025-10-16 17:00:00+00:00,USGS-09380000,6.3,15.3,759.5,,7.7,7680.0,7.995
2025-10-16 18:00:00+00:00,USGS-09380000,6.35,15.4,758.0,,7.7,7965.0,8.08
2025-10-16 19:00:00+00:00,USGS-09380000,6.9,15.3,763.0,,7.8,8080.0,8.114999999999998
2025-10-16 20:00:00+00:00,USGS-09380000,7.949999999999999,14.8,778.0,,7.8,8185.0,8.145
2025-10-16 21:00:00+00:00,USGS-09380000,9.1,14.05,801.0,,7.9,8230.0,8.16
2025-10-16 22:00:00+00:00,USGS-09380000,9.9,13.350000000000001,820.0,,7.9,8270.0,8.17
2025-10-16 23:00:00+00:00,USGS-09380000,10.45,12.95,831.0,,7.95,8285.0,8.175
2025-10-17 00:00:00+00:00,USGS-09380000,10.649999999999999,12.7,835.0,,8.0,8300.0,8.18
2025-10-17 01:00:00+00:00,USGS-09380000,10.7,12.7,834.5,,8.0,8370.0,8.2
2025-10-17 02:00:00+00:00,USGS-09380000,10.7,12.8,830.0,,8.0,8635.0,8.274999999999999
2025-10-17 03:00:00+00:00,USGS-09380000,10.6,13.0,825.0,,8.0,9105.0,8.405000000000001
2025-10-17 04:00:00+00:00,USGS-09380000,10.7,13.149999999999999,820.5,,8.0,9515.0,8.515
2025-10-17 05:00:00+00:00,USGS-09380000,10.7,13.2,817.0,,8.0,9665.0,8.555
2025-10-17 06:00:00+00:00,USGS-09380000,10.7,13.3,814.5,,8.0,9455.0,8.5
2025-10-17 07:00:00+00:00,USGS-09380000,10.6,13.4,814.0,,8.0,9065.0,8.395
2025-10-17 08:00:00+00:00,USGS-09380000,10.4,13.4,814.0,,8.0,8620.0,8.27
2025-10-17 09:00:00+00:00,USGS-09380000,10.149999999999999,13.4,814.0,,8.0,7980.0,8.085
2025-10-17 10:00:00+00:00,USGS-09380000,9.75,13.5,812.5,,7.9,7350.0,7.895
2025-10-17 11:00:00+00:00,USGS-09380000,9.25,13.7,807.0,,7.9,6815.0,7.725
2025-10-17 12:00:00+00:00,USGS-09380000,8.5,14.0,798.0,,7.9,6405.0,7.59
2025-10-17 13:00:00+00:00,USGS-09380000,7.85,14.350000000000001,789.0,,7.9,6185.0,7.515
2025-10-17 14:00:00+00:00,USGS-09380000,7.25,14.649999999999999,780.5,,7.8,6215.0,7.525
2025-10-17 15:00:00+00:00,USGS-09380000,6.75,15.0,773.0,,7.8,6675.0,7.68
2025-10-17 16:00:00+00:00,USGS-09380000,6.45,15.25,767.5,,7.8,7235.0,7.859999999999999
2025-10-17 17:00:00+00:00,USGS-09380000,6.3,15.55,763.0,,7.7,7660.0,7.99
2025-10-17 18:00:00+00:00,USGS-09380000,6.35,15.8,761.0,,7.7,7925.0,8.07
2025-10-17 19:00:00+00:00,USGS-09380000,7.0,15.850000000000001,765.5,,7.8,8060.0,8.11
2025-10-17 20:00:00+00:00,USGS-09380000,7.949999999999999,15.4,779.5,,7.9,8170.0,8.14
2025-10-17 21:00:00+00:00,USGS-09380000,9.0,14.7,797.5,,7.9,8200.0,8.15
2025-10-17 22:00:00+00:00,USGS-09380000,9.8,13.95,813.5,,7.9,8230.0,8.16
2025-10-17 23:00:00+00:00,USGS-09380000,10.350000000000001,13.4,823.0,,7.95,8230.0,8.16
2025-10-18 00:00:00+00:00,USGS-09380000,10.6,13.1,827.0,,8.0,8230.0,8.16
2025-10-18 01:00:00+00:00,USGS-09380000,10.6,13.0,825.5,,8.0,8305.0,8.18
2025-10-18 02:00:00+00:00,USGS-09380000,10.6,13.149999999999999,821.5,,8.0,8655.0,8.28
2025-10-18 03:00:00+00:00,USGS-09380000,10.6,13.350000000000001,816.5,,8.0,9125.0,8.41
2025-10-18 04:00:00+00:00,USGS-09380000,10.6,13.55,813.5,,8.0,9530.0,8.52
2025-10-18 05:00:00+00:00,USGS-09380000,10.6,13.649999999999999,812.0,,8.0,9660.0,8.555
2025-10-18 06:00:00+00:00,USGS-09380000,10.649999999999999,13.7,811.0,,8.05,9435.0,8.495000000000001
2025-10-18 07:00:00+00:00,USGS-09380000,10.55,13.7,812.0,,8.0,9070.0,8.395
2025-10-18 08:00:00+00:00,USGS-09380000,10.350000000000001,13.6,813.0,,8.0,8620.0,8.27
2025-10-18 09:00:00+00:00,USGS-09380000,10.149999999999999,13.6,813.5,,8.0,8015.0,8.094999999999999
2025-10-18 10:00:00+00:00,USGS-09380000,9.8,13.649999999999999,811.5,,7.9,7450.0,7.925000000000001
2025-10-18 11:00:00+00:00,USGS-09380000,9.25,13.9,805.0,,7.9,7095.0,7.8149999999999995
2025-10-18 12:00:00+00:00,USGS-09380000,8.55,14.350000000000001,794.5,,7.9,6845.0,7.735
2025-10-18 13:00:00+00:00,USGS-09380000,7.800000000000001,14.8,782.5,,7.9,6725.0,7.695
2025-10-18 14:00:00+00:00,USGS-09380000,7.15,15.25,772.5,,7.8,6625.0,7.665
2025-10-18 15:00:00+00:00,USGS-09380000,6.65,15.55,765.0,,7.8,6845.0,7.734999999999999
2025-10-18 16:00:00+00:00,USGS-09380000,6.4,15.8,759.5,,7.8,7365.0,7.9
2025-10-18 17:00:00+00:00,USGS-09380000,6.2,15.95,756.0,,7.8,7925.0,8.07
2025-10-18 18:00:00+00:00,USGS-09380000,6.45,16.0,756.5,,7.8,8375.0,8.2
2025-10-18 19:00:00+00:00,USGS-09380000,7.25,15.75,767.0,,7.8,8690.0,8.29
2025-10-18 20:00:00+00:00,USGS-09380000,8.35,15.1,787.0,,7.8,8865.0,8.34
2025-10-18 21:00:00+00:00,USGS-09380000,9.5,14.149999999999999,812.0,,7.9,8980.0,8.37
2025-10-18 22:00:00+00:00,USGS-09380000,10.2,13.5,829.0,,7.9,9030.0,8.385000000000002
2025-10-18 23:00:00+00:00,USGS-09380000,10.6,13.05,839.5,,7.9,9050.0,8.39
2025-10-19 00:00:00+00:00,USGS-09380000,10.8,12.8,844.0,,7.9,9090.0,8.4
2025-10-19 01:00:00+00:00,USGS-09380000,10.8,12.8,842.5,,8.0,8995.0,8.375
2025-10-19 02:00:00+00:00,USGS-09380000,10.8,12.95,838.5,,8.0,8740.0,8.305
2025-10-19 03:00:00+00:00,USGS-09380000,10.7,13.149999999999999,833.0,,8.0,8515.0,8.24
2025-10-19 04:00:00+00:00,USGS-09380000,10.7,13.350000000000001,828.5,,8.0,8305.0,8.18
2025-10-19 05:00:00+00:00,USGS-09380000,10.8,13.5,824.5,,8.0,8145.0,8.135000000000002
2025-10-19 06:00:00+00:00,USGS-09380000,10.75,13.5,822.5,,8.0,7740.0,8.015
2025-10-19 07:00:00+00:00,USGS-09380000,10.7,13.6,821.0,,8.0,7220.0,7.855
2025-10-19 08:00:00+00:00,USGS-09380000,10.6,13.5,820.0,,8.0,6845.0,7.735
2025-10-19 09:00:00+00:00,USGS-09380000,10.45,13.5,820.0,,8.0,6675.0,7.68
2025-10-19 10:00:00+00:00,USGS-09380000,10.3,13.4,820.0,,8.0,6565.0,7.645
2025-10-19 11:00:00+00:00,USGS-09380000,10.1,13.350000000000001,820.0,,7.9,6520.0,7.63
2025-10-19 12:00:00+00:00,USGS-09380000,9.850000000000001,13.4,817.5,,7.9,6490.0,7.62
2025-10-19 13:00:00+00:00,USGS-09380000,9.350000000000001,13.6,811.0,,7.9,6490.0,7.62
2025-10-19 14:00:00+00:00,USGS-09380000,8.7,13.95,799.5,,7.85,6490.0,7.62
2025-10-19 15:00:00+00:00,USGS-09380000,7.9,14.5,786.0,,7.9,6705.0,7.6899999999999995
2025-10-19 16:00:00+00:00,USGS-09380000,7.199999999999999,15.05,772.5,,7.8,7280.0,7.875
2025-10-19 17:00:00+00:00,USGS-09380000,6.75,15.55,763.0,,7.8,7925.0,8.07
2025-10-19 18:00:00+00:00,USGS-09380000,6.65,15.8,758.5,,7.8,8425.0,8.215
2025-10-19 19:00:00+00:00,USGS-09380000,7.199999999999999,15.649999999999999,764.5,,7.8,8740.0,8.305
2025-10-19 20:00:00+00:00,USGS-09380000,8.35,14.95,785.0,,7.9,8885.0,8.344999999999999
2025-10-19 21:00:00+00:00,USGS-09380000,9.5,14.1,806.0,,7.9,8980.0,8.37
2025-10-19 22:00:00+00:00,USGS-09380000,10.2,13.4,822.5,,7.9,9010.0,8.38
2025-10-19 23:00:00+00:00,USGS-09380000,10.649999999999999,13.05,830.5,,8.0,9010.0,8.38
2025-10-20 00:00:00+00:00,USGS-09380000,10.850000000000001,12.850000000000001,835.0,,8.0,9050.0,8.39
2025-10-20 01:00:00+00:00,USGS-09380000,10.9,12.9,833.5,,8.0,8920.0,8.355
2025-10-20 02:00:00+00:00,USGS-09380000,10.9,13.05,829.5,,8.0,8705.0,8.295
2025-10-20 03:00:00+00:00,USGS-09380000,10.9,13.350000000000001,824.5,,8.0,8460.0,8.225000000000001
2025-10-20 04:00:00+00:00,USGS-09380000,10.9,13.55,821.5,,8.0,8320.0,8.184999999999999
2025-10-20 05:00:00+00:00,USGS-09380000,10.9,13.649999999999999,819.5,,8.0,8095.0,8.120000000000001
2025-10-20 06:00:00+00:00,USGS-09380000,10.9,13.7,819.0,,8.1,7575.0,7.965
2025-10-20 07:00:00+00:00,USGS-09380000,10.8,13.7,818.0,,8.1,7015.0,7.789999999999999
2025-10-20 08:00:00+00:00,USGS-09380000,10.7,13.7,819.0,,8.05,6735.0,7.7
2025-10-20 09:00:00+00:00,USGS-09380000,10.55,13.6,819.0,,8.0,6595.0,7.655
2025-10-20 10:00:00+00:00,USGS-09380000,10.350000000000001,13.55,820.0,,8.0,6520.0,7.63
2025-10-20 11:00:00+00:00,USGS-09380000,10.149999999999999,13.5,820.0,,8.0,6490.0,7.62
2025-10-20 12:00:00+00:00,USGS-09380000,9.850000000000001,13.5,817.5,,7.9,6460.0,7.61
2025-10-20 13:00:00+00:00,USGS-09380000,9.4,13.75,812.0,,7.9,6460.0,7.61
2025-10-20 14:00:00+00:00,USGS-09380000,8.75,14.149999999999999,801.5,,7.9,6460.0,7.61
2025-10-20 15:00:00+00:00,USGS-09380000,8.0,14.649999999999999,787.0,,7.8,6705.0,7.6899999999999995
2025-10-20 16:00:00+00:00,USGS-09380000,7.300000000000001,15.2,773.0,,7.9,7335.0,7.890000000000001
2025-10-20 17:00:00+00:00,USGS-09380000,6.75,15.649999999999999,762.0,,7.8,8030.0,8.100000000000001
2025-10-20 18:00:00+00:00,USGS-09380000,6.65,15.95,758.0,,7.8,8530.0,8.245000000000001
2025-10-20 19:00:00+00:00,USGS-09380000,7.300000000000001,15.75,766.0,,7.8,8870.0,8.34
2025-10-20 20:00:00+00:00,USGS-09380000,8.45,15.0,787.5,,7.8,9030.0,8.385000000000002
2025-10-20 21:00:00+00:00,USGS-09380000,9.5,14.0,811.5,,7.9,9160.0,8.42
2025-10-20 22:00:00+00:00,USGS-09380000,10.25,13.4,826.5,,7.9,9190.0,8.43
2025-10-20 23:00:00+00:00,USGS-09380000,10.649999999999999,13.05,836.0,,7.95,9250.0,8.445
2025-10-21 00:00:00+00:00,USGS-09380000,10.8,12.8,839.0,,8.0,9250.0,8.445
2025-10-21 01:00:00+00:00,USGS-09380000,10.8,12.8,838.5,,8.0,9120.0,8.41
2025-10-21 02:00:00+00:00,USGS-09380000,10.8,13.0,834.5,,8.0,8900.0,8.35
2025-10-21 03:00:00+00:00,USGS-09380000,10.7,13.2,830.5,,8.0,8790.0,8.32
2025-10-21 04:00:00+00:00,USGS-09380000,10.7,13.350000000000001,828.0,,8.0,8760.0,8.31
2025-10-21 05:00:00+00:00,USGS-09380000,10.8,13.45,826.0,,8.0,8635.0,8.274999999999999
2025-10-21 06:00:00+00:00,USGS-09380000,10.7,13.5,825.0,,8.0,8250.0,8.165
2025-10-21 07:00:00+00:00,USGS-09380000,10.649999999999999,13.5,825.0,,8.0,7725.0,8.01
2025-10-21 08:00:00+00:00,USGS-09380000,10.5,13.5,825.0,,8.0,7175.0,7.84
2025-10-21 09:00:00+00:00,USGS-09380000,10.4,13.4,825.0,,8.0,6625.0,7.665
2025-10-21 10:00:00+00:00,USGS-09380000,10.25,13.350000000000001,825.0,,7.95,6225.0,7.529999999999999
2025-10-21 11:00:00+00:00,USGS-09380000,10.05,13.3,824.0,,7.9,5995.0,7.45
2025-10-21 12:00:00+00:00,USGS-09380000,9.75,13.4,820.5,,7.9,5895.0,7.415
2025-10-21 13:00:00+00:00,USGS-09380000,9.3,13.649999999999999,814.0,,7.9,5850.0,7.4
2025-10-21 14:00:00+00:00,USGS-09380000,8.7,14.05,802.5,,7.85,5980.0,7.445
2025-10-21 15:00:00+00:00,USGS-09380000,7.9,14.649999999999999,787.5,,7.9,6550.0,7.640000000000001
2025-10-21 16:00:00+00:00,USGS-09380000,7.15,15.25,772.5,,7.8,7205.0,7.85
2025-10-21 17:00:00+00:00,USGS-09380000,6.65,15.75,761.0,,7.8,7655.0,7.99
2025-10-21 18:00:00+00:00,USGS-09380000,6.6,16.0,758.0,,7.8,7925.0,8.07
2025-10-21 19:00:00+00:00,USGS-09380000,7.199999999999999,15.75,766.5,,7.8,8095.0,8.120000000000001
2025-10-21 20:00:00+00:00,USGS-09380000,8.1,15.25,780.5,,7.8,8160.0,8.14
2025-10-21 21:00:00+00:00,USGS-09380000,8.4,15.25,782.0,,7.9,8200.0,8.15
2025-10-21 22:00:00+00:00,USGS-09380000,8.25,15.7,774.5,,7.9,8230.0,8.16
2025-10-21 23:00:00+00:00,USGS-09380000,7.95,16.15,763.5,,7.9,8270.0,8.17
2025-10-22 00:00:00+00:00,USGS-09380000,7.65,16.55,756.0,,7.9,8300.0,8.18
2025-10-22 01:00:00+00:00,USGS-09380000,7.35,16.8,750.5,,7.9,8435.0,8.22
2025-10-22 02:00:00+00:00,USGS-09380000,7.2,17.0,747.0,,7.9,8865.0,8.34
2025-10-22 03:00:00+00:00,USGS-09380000,7.1,17.15,745.0,,7.9,9325.0,8.465
2025-10-22 04:00:00+00:00,USGS-09380000,7.1,17.2,744.0,,7.9,9640.0,8.55
2025-10-22 05:00:00+00:00,USGS-09380000,7.1,17.3,743.0,,7.9,9660.0,8.555
2025-10-22 06:00:00+00:00,USGS-09380000,7.1,17.3,743.0,,7.9,9305.0,8.46
2025-10-22 07:00:00+00:00,USGS-09380000,7.05,17.2,743.0,,7.9,8725.0,8.3
2025-10-22 08:00:00+00:00,USGS-09380000,6.85,17.2,743.0,,7.9,7910.0,8.065
2025-10-22 09:00:00+00:00,USGS-09380000,6.65,17.1,743.0,,7.8,7155.0,7.835
2025-10-22 10:00:00+00:00,USGS-09380000,6.5,17.0,744.0,,7.8,6595.0,7.654999999999999
2025-10-22 11:00:00+00:00,USGS-09380000,6.35,17.0,744.0,,7.8,6225.0,7.529999999999999
2025-10-22 12:00:00+00:00,USGS-09380000,6.2,16.9,744.0,,7.8,6005.0,7.455
2025-10-22 13:00:00+00:00,USGS-09380000,6.1,16.8,744.0,,7.7,5880.0,7.41
2025-10-22 14:00:00+00:00,USGS-09380000,6.1,16.8,744.0,,7.7,5880.0,7.41
2025-10-22 15:00:00+00:00,USGS-09380000,6.0,16.7,744.0,,7.7,6210.0,7.525
2025-10-22 16:00:00+00:00,USGS-09380000,6.0,16.7,744.5,,7.7,6840.0,7.734999999999999
2025-10-22 17:00:00+00:00,USGS-09380000,6.0,16.7,745.0,,7.7,7410.0,7.915
2025-10-22 18:00:00+00:00,USGS-09380000,6.15,16.7,745.0,,7.7,7790.0,8.03
2025-10-22 19:00:00+00:00,USGS-09380000,6.35,16.8,744.0,,7.8,7975.0,8.085
2025-10-22 20:00:00+00:00,USGS-09380000,6.65,16.95,744.0,,7.8,8075.0,8.114999999999998
2025-10-22 21:00:00+00:00,USGS-09380000,6.85,17.05,744.0,,7.85,8110.0,8.125
2025-10-22 22:00:00+00:00,USGS-09380000,7.1,17.2,743.0,,7.9,8145.0,8.135000000000002
2025-10-22 23:00:00+00:00,USGS-09380000,7.2,17.2,743.0,,7.9,8130.0,8.13
2025-10-23 00:00:00+00:00,USGS-09380000,7.3,17.15,744.0,,7.9,8180.0,8.145
2025-10-23 01:00:00+00:00,USGS-09380000,7.3,17.1,744.0,,7.9,8455.0,8.225
2025-10-23 02:00:00+00:00,USGS-09380000,7.35,17.1,744.0,,7.9,8975.0,8.370000000000001
2025-10-23 03:00:00+00:00,USGS-09380000,7.4,17.1,745.0,,7.9,9380.0,8.48
2025-10-23 04:00:00+00:00,USGS-09380000,7.5,17.1,745.0,,7.9,9700.0,8.565000000000001
2025-10-23 05:00:00+00:00,USGS-09380000,7.4,17.1,746.0,,7.9,9910.0,8.62
2025-10-23 06:00:00+00:00,USGS-09380000,7.35,17.0,746.0,,7.9,9755.0,8.58
2025-10-23 07:00:00+00:00,USGS-09380000,7.2,17.0,746.0,,7.9,9080.0,8.399999999999999
2025-10-23 08:00:00+00:00,USGS-09380000,6.95,16.9,747.0,,7.9,8180.0,8.145
2025-10-23 09:00:00+00:00,USGS-09380000,6.7,16.8,747.0,,7.8,7310.0,7.885
2025-10-23 10:00:00+00:00,USGS-09380000,6.55,16.7,748.0,,7.8,6700.0,7.6899999999999995
2025-10-23 11:00:00+00:00,USGS-09380000,6.35,16.6,748.0,,7.8,6280.0,7.55
2025-10-23 12:00:00+00:00,USGS-09380000,6.2,16.55,748.5,,7.8,6035.0,7.465
2025-10-23 13:00:00+00:00,USGS-09380000,6.1,16.5,749.0,,7.7,5910.0,7.42
2025-10-23 14:00:00+00:00,USGS-09380000,6.05,16.4,749.0,,7.7,5865.0,7.405
2025-10-23 15:00:00+00:00,USGS-09380000,6.0,16.4,749.5,,7.7,6195.0,7.52
2025-10-23 16:00:00+00:00,USGS-09380000,6.0,16.4,750.0,,7.7,6700.0,7.6899999999999995
2025-10-23 17:00:00+00:00,USGS-09380000,6.0,16.3,749.0,,7.7,7315.0,7.885
2025-10-23 18:00:00+00:00,USGS-09380000,6.1,16.4,749.0,,7.7,7740.0,8.015
2025-10-23 19:00:00+00:00,USGS-09380000,6.2,16.5,748.5,,7.7,7990.0,8.09
2025-10-23 20:00:00+00:00,USGS-09380000,6.3,16.6,748.0,,7.7,8110.0,8.125
2025-10-23 21:00:00+00:00,USGS-09380000,6.45,16.7,747.0,,7.8,8110.0,8.125
2025-10-23 22:00:00+00:00,USGS-09380000,6.65,16.85,746.0,,7.8,8130.0,8.13
2025-10-23 23:00:00+00:00,USGS-09380000,6.9,17.0,745.0,,7.9,8160.0,8.14
2025-10-24 00:00:00+00:00,USGS-09380000,7.0,17.1,745.0,,7.9,8200.0,8.15
2025-10-24 01:00:00+00:00,USGS-09380000,7.0,17.2,744.0,,7.9,8435.0,8.22
2025-10-24 02:00:00+00:00,USGS-09380000,7.0,17.2,744.0,,7.9,8955.0,8.365
2025-10-24 03:00:00+00:00,USGS-09380000,7.0,17.3,743.5,,7.9,9395.0,8.485
2025-10-24 04:00:00+00:00,USGS-09380000,7.0,17.35,743.0,,7.9,9715.0,8.57
2025-10-24 05:00:00+00:00,USGS-09380000,7.1,17.4,743.0,,7.9,9890.0,8.614999999999998
2025-10-24 06:00:00+00:00,USGS-09380000,7.1,17.4,743.0,,7.9,9735.0,8.575
2025-10-24 07:00:00+00:00,USGS-09380000,7.0,17.3,743.0,,7.9,9100.0,8.405000000000001
2025-10-24 08:00:00+00:00,USGS-09380000,6.85,17.3,743.5,,7.9,8160.0,8.14
2025-10-24 09:00:00+00:00,USGS-09380000,6.65,17.2,744.0,,7.8,7315.0,7.885
2025-10-24 10:00:00+00:00,USGS-09380000,6.45,17.2,744.0,,7.8,6715.0,7.695
2025-10-24 11:00:00+00:00,USGS-09380000,6.25,17.1,744.0,,7.8,6295.0,7.555
2025-10-24 12:00:00+00:00,USGS-09380000,6.1,17.1,744.0,,7.8,6065.0,7.475
2025-10-24 13:00:00+00:00,USGS-09380000,6.0,17.1,743.0,,7.7,5925.0,7.425
2025-10-24 14:00:00+00:00,USGS-09380000,6.0,17.1,743.0,,7.7,5835.0,7.395
2025-10-24 15:00:00+00:00,USGS-09380000,5.9,17.1,743.0,,7.7,5980.0,7.445
2025-10-24 16:00:00+00:00,USGS-09380000,5.9,17.15,743.0,,7.7,6460.0,7.609999999999999
2025-10-24 17:00:00+00:00,USGS-09380000,5.9,17.2,743.0,,7.7,7075.0,7.8100000000000005
2025-10-24 18:00:00+00:00,USGS-09380000,6.0,17.2,743.0,,7.7,7540.0,7.955
2025-10-24 19:00:00+00:00,USGS-09380000,6.25,17.3,743.0,,7.8,7825.0,8.04
2025-10-24 20:00:00+00:00,USGS-09380000,6.45,17.4,743.0,,7.8,7975.0,8.085
2025-10-24 21:00:00+00:00,USGS-09380000,6.75,17.5,743.0,,7.8,8075.0,8.114999999999998
2025-10-24 22:00:00+00:00,USGS-09380000,7.0,17.6,742.0,,7.9,8130.0,8.13
2025-10-24 23:00:00+00:00,USGS-09380000,7.1,17.6,742.0,,7.9,8160.0,8.14
2025-10-25 00:00:00+00:00,USGS-09380000,7.05,17.6,741.0,,7.9,8200.0,8.15
2025-10-25 01:00:00+00:00,USGS-09380000,7.0,17.7,741.0,,7.9,8455.0,8.225000000000001
2025-10-25 02:00:00+00:00,USGS-09380000,6.9,17.7,741.0,,7.9,8975.0,8.370000000000001
2025-10-25 03:00:00+00:00,USGS-09380000,6.9,17.6,741.0,,7.9,9415.0,8.49
2025-10-25 04:00:00+00:00,USGS-09380000,6.95,17.7,741.0,,7.9,9720.0,8.57
2025-10-25 05:00:00+00:00,USGS-09380000,7.05,17.8,741.0,,7.9,9770.0,8.585
2025-10-25 06:00:00+00:00,USGS-09380000,7.1,17.9,740.0,,7.9,9505.0,8.515
2025-10-25 07:00:00+00:00,USGS-09380000,6.95,18.0,739.5,,7.9,8920.0,8.355
2025-10-25 08:00:00+00:00,USGS-09380000,6.8,18.0,739.0,,7.9,8090.0,8.120000000000001
2025-10-25 09:00:00+00:00,USGS-09380000,6.6,17.9,739.0,,7.9,7310.0,7.885
2025-10-25 10:00:00+00:00,USGS-09380000,6.4,17.8,739.0,,7.8,6700.0,7.6899999999999995
2025-10-25 11:00:00+00:00,USGS-09380000,6.3,17.75,739.5,,7.8,6295.0,7.555
2025-10-25 12:00:00+00:00,USGS-09380000,6.15,17.6,740.0,,7.8,6035.0,7.465
2025-10-25 13:00:00+00:00,USGS-09380000,6.1,17.5,740.0,,7.8,5920.0,7.425
2025-10-25 14:00:00+00:00,USGS-09380000,6.0,17.4,740.0,,7.75,5835.0,7.395
2025-10-25 15:00:00+00:00,USGS-09380000,6.0,17.3,741.0,,7.7,5975.0,7.445
2025-10-25 16:00:00+00:00,USGS-09380000,6.0,17.2,741.0,,7.7,6505.0,7.625
2025-10-25 17:00:00+00:00,USGS-09380000,6.0,17.2,741.0,,7.7,7120.0,7.824999999999999
2025-10-25 18:00:00+00:00,USGS-09380000,6.1,17.2,741.0,,7.7,7570.0,7.965
2025-10-25 19:00:00+00:00,USGS-09380000,6.25,17.3,741.0,,7.8,7855.0,8.05
2025-10-25 20:00:00+00:00,USGS-09380000,6.5,17.4,740.5,,7.8,7975.0,8.085
2025-10-25 21:00:00+00:00,USGS-09380000,6.75,17.4,741.0,,7.8,8055.0,8.11
2025-10-25 22:00:00+00:00,USGS-09380000,7.0,17.4,741.0,,7.9,8130.0,8.13
2025-10-25 23:00:00+00:00,USGS-09380000,7.15,17.4,741.0,,7.9,8130.0,8.13
2025-10-26 00:00:00+00:00,USGS-09380000,7.25,17.3,741.5,,7.9,8160.0,8.14
2025-10-26 01:00:00+00:00,USGS-09380000,7.3,17.3,742.0,,7.9,8230.0,8.16
2025-10-26 02:00:00+00:00,USGS-09380000,7.25,17.3,742.0,,7.9,8420.0,8.215
2025-10-26 03:00:00+00:00,USGS-09380000,7.2,17.3,742.0,,7.9,8610.0,8.27
2025-10-26 04:00:00+00:00,USGS-09380000,7.2,17.4,743.0,,7.9,8700.0,8.295
2025-10-26 05:00:00+00:00,USGS-09380000,7.25,17.4,743.0,,7.9,8615.0,8.27
2025-10-26 06:00:00+00:00,USGS-09380000,7.3,17.4,743.0,,7.9,8405.0,8.21
2025-10-26 07:00:00+00:00,USGS-09380000,7.2,17.4,743.0,,7.9,7990.0,8.09
2025-10-26 08:00:00+00:00,USGS-09380000,7.05,17.4,744.0,,7.9,7395.0,7.91
2025-10-26 09:00:00+00:00,USGS-09380000,6.85,17.3,744.0,,7.9,6810.0,7.725
2025-10-26 10:00:00+00:00,USGS-09380000,6.65,17.2,744.0,,7.8,6385.0,7.585
2025-10-26 11:00:00+00:00,USGS-09380000,6.5,17.1,745.0,,7.8,6095.0,7.484999999999999
2025-10-26 12:00:00+00:00,USGS-09380000,6.3,17.0,745.0,,7.8,5920.0,7.425
2025-10-26 13:00:00+00:00,USGS-09380000,6.15,16.9,746.0,,7.8,5850.0,7.4
2025-10-26 14:00:00+00:00,USGS-09380000,6.05,16.8,746.0,,7.7,5820.0,7.39
2025-10-26 15:00:00+00:00,USGS-09380000,6.0,16.7,746.0,,7.7,5950.0,7.4350000000000005
2025-10-26 16:00:00+00:00,USGS-09380000,6.0,16.7,747.0,,7.7,6445.0,7.605
2025-10-26 17:00:00+00:00,USGS-09380000,5.95,16.7,747.0,,7.7,7040.0,7.800000000000001
2025-10-26 18:00:00+00:00,USGS-09380000,6.05,16.7,747.0,,7.7,7475.0,7.9350000000000005
2025-10-26 19:00:00+00:00,USGS-09380000,6.25,16.8,747.0,,7.7,7770.0,8.024999999999999
2025-10-26 20:00:00+00:00,USGS-09380000,6.45,16.85,746.0,,7.8,7960.0,8.08
2025-10-26 21:00:00+00:00,USGS-09380000,6.75,16.95,746.0,,7.8,8040.0,8.105
2025-10-26 22:00:00+00:00,USGS-09380000,6.95,17.0,746.0,,7.9,8090.0,8.12
2025-10-26 23:00:00+00:00,USGS-09380000,7.1,17.1,746.0,,7.9,8145.0,8.135000000000002
2025-10-27 00:00:00+00:00,USGS-09380000,7.1,17.1,745.0,,7.9,8160.0,8.14
2025-10-27 01:00:00+00:00,USGS-09380000,7.0,17.1,745.0,,7.9,8230.0,8.16
2025-10-27 02:00:00+00:00,USGS-09380000,7.0,17.1,745.0,,7.9,8350.0,8.195
2025-10-27 03:00:00+00:00,USGS-09380000,7.0,17.1,745.0,,7.9,8510.0,8.24
2025-10-27 04:00:00+00:00,USGS-09380000,7.0,17.2,745.0,,7.9,8610.0,8.27
2025-10-27 05:00:00+00:00,USGS-09380000,7.0,17.2,745.0,,7.9,8490.0,8.235
2025-10-27 06:00:00+00:00,USGS-09380000,7.0,17.2,745.0,,7.9,8315.0,8.184999999999999
2025-10-27 07:00:00+00:00,USGS-09380000,7.0,17.2,745.0,,7.9,7870.0,8.055
2025-10-27 08:00:00+00:00,USGS-09380000,6.9,17.2,745.0,,7.9,7310.0,7.885
2025-10-27 09:00:00+00:00,USGS-09380000,6.7,17.1,746.0,,7.9,6790.0,7.720000000000001
2025-10-27 10:00:00+00:00,USGS-09380000,6.55,17.0,746.0,,7.8,6430.0,7.6
2025-10-27 11:00:00+00:00,USGS-09380000,6.4,17.0,746.0,,7.8,6175.0,7.515
2025-10-27 12:00:00+00:00,USGS-09380000,6.3,16.9,746.0,,7.8,6005.0,7.455
2025-10-27 13:00:00+00:00,USGS-09380000,6.15,16.8,746.0,,7.8,5920.0,7.425
2025-10-27 14:00:00+00:00,USGS-09380000,6.1,16.75,746.0,,7.7,6020.0,7.46
2025-10-27 15:00:00+00:00,USGS-09380000,6.0,16.7,746.0,,7.7,6505.0,7.625
2025-10-27 16:00:00+00:00,USGS-09380000,6.0,16.7,746.0,,7.7,7090.0,7.8149999999999995
2025-10-27 17:00:00+00:00,USGS-09380000,6.0,16.7,746.0,,7.7,7570.0,7.965
2025-10-27 18:00:00+00:00,USGS-09380000,6.1,16.7,746.0,,7.7,7855.0,8.05
2025-10-27 19:00:00+00:00,USGS-09380000,6.25,16.8,746.0,,7.8,8005.0,8.094999999999999
2025-10-27 20:00:00+00:00,USGS-09380000,6.55,16.9,745.0,,7.8,8090.0,8.12
2025-10-27 21:00:00+00:00,USGS-09380000,6.85,17.0,745.0,,7.85,8120.0,8.13
2025-10-27 22:00:00+00:00,USGS-09380000,7.05,17.15,745.0,,7.9,8160.0,8.14
2025-10-27 23:00:00+00:00,USGS-09380000,7.1,17.2,744.0,,7.9,8190.0,8.15
2025-10-28 00:00:00+00:00,USGS-09380000,7.1,17.2,744.0,,7.9,8175.0,8.145
2025-10-28 01:00:00+00:00,USGS-09380000,7.05,17.2,744.0,,7.9,8385.0,8.205
2025-10-28 02:00:00+00:00,USGS-09380000,7.0,17.2,744.0,,7.9,8840.0,8.335
2025-10-28 03:00:00+00:00,USGS-09380000,7.0,17.2,744.0,,7.9,9300.0,8.46
2025-10-28 04:00:00+00:00,USGS-09380000,7.0,17.2,744.0,,7.9,9620.0,8.545
2025-10-28 05:00:00+00:00,USGS-09380000,7.1,17.3,744.0,,7.9,9600.0,8.54
2025-10-28 06:00:00+00:00,USGS-09380000,7.1,17.3,744.0,,7.9,9170.0,8.425
2025-10-28 07:00:00+00:00,USGS-09380000,7.0,17.2,744.0,,7.9,8525.0,8.245000000000001
2025-10-28 08:00:00+00:00,USGS-09380000,6.85,17.15,744.0,,7.9,7650.0,7.99
2025-10-28 09:00:00+00:00,USGS-09380000,6.7,17.0,744.5,,7.85,6915.0,7.76
2025-10-28 10:00:00+00:00,USGS-09380000,6.6,16.9,745.0,,7.8,6490.0,7.62
2025-10-28 11:00:00+00:00,USGS-09380000,6.45,16.8,745.0,,7.8,6190.0,7.52
2025-10-28 12:00:00+00:00,USGS-09380000,6.4,16.7,745.0,,7.8,5975.0,7.445
2025-10-28 13:00:00+00:00,USGS-09380000,6.3,16.6,745.5,,7.8,5880.0,7.41
2025-10-28 14:00:00+00:00,USGS-09380000,6.2,16.6,746.0,,7.75,5990.0,7.45
2025-10-28 15:00:00+00:00,USGS-09380000,6.1,16.6,746.0,,7.7,6535.0,7.635
2025-10-28 16:00:00+00:00,USGS-09380000,6.1,16.5,746.0,,7.7,7165.0,7.84
2025-10-28 17:00:00+00:00,USGS-09380000,6.1,16.4,746.0,,7.7,7670.0,7.995
2025-10-28 18:00:00+00:00,USGS-09380000,6.2,16.45,746.0,,7.7,7920.0,8.07
2025-10-28 19:00:00+00:00,USGS-09380000,6.4,16.5,746.0,,7.8,8090.0,8.12
2025-10-28 20:00:00+00:00,USGS-09380000,6.65,16.6,746.0,,7.8,8175.0,8.145
2025-10-28 21:00:00+00:00,USGS-09380000,6.9,16.7,745.0,,7.8,8210.0,8.155000000000001
2025-10-28 22:00:00+00:00,USGS-09380000,7.1,16.8,745.0,,7.9,8260.0,8.17
2025-10-28 23:00:00+00:00,USGS-09380000,7.15,16.8,744.0,,7.9,8260.0,8.17
2025-10-29 00:00:00+00:00,USGS-09380000,7.1,16.8,744.0,,7.9,8260.0,8.17
2025-10-29 01:00:00+00:00,USGS-09380000,7.0,16.8,744.0,,7.9,8365.0,8.2
2025-10-29 02:00:00+00:00,USGS-09380000,7.0,16.8,744.0,,7.9,8755.0,8.31
2025-10-29 03:00:00+00:00,USGS-09380000,7.0,16.8,745.0,,7.9,9245.0,8.445
2025-10-29 04:00:00+00:00,USGS-09380000,7.0,16.8,745.0,,7.85,9580.0,8.535
2025-10-29 05:00:00+00:00,USGS-09380000,7.05,16.8,745.0,,7.9,9580.0,8.535
2025-10-29 06:00:00+00:00,USGS-09380000,7.1,16.8,745.0,,7.9,9245.0,8.445
2025-10-29 07:00:00+00:00,USGS-09380000,7.0,16.8,745.0,,7.9,8665.0,8.285
2025-10-29 08:00:00+00:00,USGS-09380000,6.9,16.9,744.0,,7.9,7835.0,8.045
2025-10-29 09:00:00+00:00,USGS-09380000,6.75,16.9,744.0,,7.85,7090.0,7.8149999999999995
2025-10-29 10:00:00+00:00,USGS-09380000,6.6,16.85,744.0,,7.8,6565.0,7.645
2025-10-29 11:00:00+00:00,USGS-09380000,6.5,16.8,744.0,,7.8,6235.0,7.535
2025-10-29 12:00:00+00:00,USGS-09380000,6.4,16.7,744.5,,7.8,6035.0,7.465
2025-10-29 13:00:00+00:00,USGS-09380000,6.3,16.6,745.0,,7.8,5930.0,7.43
2025-10-29 14:00:00+00:00,USGS-09380000,6.3,16.4,746.0,,7.8,6045.0,7.470000000000001
2025-10-29 15:00:00+00:00,USGS-09380000,6.25,16.4,746.0,,7.75,6595.0,7.654999999999999
2025-10-29 16:00:00+00:00,USGS-09380000,6.3,16.4,746.0,,7.7,7195.0,7.85
2025-10-29 17:00:00+00:00,USGS-09380000,6.3,16.4,745.0,,7.75,7670.0,7.995
2025-10-29 18:00:00+00:00,USGS-09380000,6.35,16.5,745.0,,7.8,7970.0,8.085
2025-10-29 19:00:00+00:00,USGS-09380000,6.55,16.7,744.0,,7.8,8125.0,8.129999999999999
2025-10-29 20:00:00+00:00,USGS-09380000,6.8,16.9,743.0,,7.85,8210.0,8.155000000000001
2025-10-29 21:00:00+00:00,USGS-09380000,7.05,17.1,742.0,,7.9,8300.0,8.18
2025-10-29 22:00:00+00:00,USGS-09380000,7.3,17.2,742.0,,7.9,8315.0,8.184999999999999
2025-10-29 23:00:00+00:00,USGS-09380000,7.3,17.2,742.0,,7.9,8330.0,8.19
2025-10-30 00:00:00+00:00,USGS-09380000,7.3,17.1,742.0,,7.9,8330.0,8.19
2025-10-30 01:00:00+00:00,USGS-09380000,7.25,17.05,742.0,,7.9,8380.0,8.205
2025-10-30 02:00:00+00:00,USGS-09380000,7.2,17.0,742.0,,7.9,8700.0,8.295
2025-10-30 03:00:00+00:00,USGS-09380000,7.1,17.0,742.0,,7.9,9170.0,8.425
2025-10-30 04:00:00+00:00,USGS-09380000,7.15,17.1,742.0,,7.9,9580.0,8.535
2025-10-30 05:00:00+00:00,USGS-09380000,7.2,17.1,742.0,,7.9,9620.0,8.545
2025-10-30 06:00:00+00:00,USGS-09380000,7.2,17.05,742.0,,7.9,9280.0,8.455
2025-10-30 07:00:00+00:00,USGS-09380000,7.2,17.0,742.0,,7.9,8695.0,8.295
2025-10-30 08:00:00+00:00,USGS-09380000,7.0,16.9,743.0,,7.9,7920.0,8.07
2025-10-30 09:00:00+00:00,USGS-09380000,6.85,16.8,743.0,,7.9,7135.0,7.83
2025-10-30 10:00:00+00:00,USGS-09380000,6.7,16.8,743.0,,7.8,6445.0,7.605
2025-10-30 11:00:00+00:00,USGS-09380000,6.6,16.7,744.0,,7.8,5945.0,7.4350000000000005
2025-10-30 12:00:00+00:00,USGS-09380000,6.45,16.6,744.0,,7.8,5635.0,7.325
2025-10-30 13:00:00+00:00,USGS-09380000,6.4,16.6,744.0,,7.8,5420.0,7.245
2025-10-30 14:00:00+00:00,USGS-09380000,6.3,16.6,744.0,,7.8,5515.0,7.279999999999999
2025-10-30 15:00:00+00:00,USGS-09380000,6.3,16.6,744.0,,7.8,6150.0,7.505
2025-10-30 16:00:00+00:00,USGS-09380000,6.3,16.5,744.0,,7.8,6900.0,7.755000000000001
2025-10-30 17:00:00+00:00,USGS-09380000,6.3,16.5,744.0,,7.8,7525.0,7.949999999999999
2025-10-30 18:00:00+00:00,USGS-09380000,6.35,16.6,744.0,,7.8,7885.0,8.06
2025-10-30 19:00:00+00:00,USGS-09380000,6.5,16.7,743.5,,7.8,8070.0,8.114999999999998
2025-10-30 20:00:00+00:00,USGS-09380000,6.8,16.8,743.0,,7.8,8175.0,8.145
2025-10-30 21:00:00+00:00,USGS-09380000,7.05,16.9,743.0,,7.9,8230.0,8.16
2025-10-30 22:00:00+00:00,USGS-09380000,7.25,17.0,742.0,,7.9,8230.0,8.16
2025-10-30 23:00:00+00:00,USGS-09380000,7.3,17.1,741.5,,7.9,8260.0,8.17
2025-10-31 00:00:00+00:00,USGS-09380000,7.3,17.1,741.0,,7.9,8290.0,8.18
2025-10-31 01:00:00+00:00,USGS-09380000,7.25,17.1,741.0,,7.9,8365.0,8.2
2025-10-31 02:00:00+00:00,USGS-09380000,7.2,17.2,741.0,,7.9,8625.0,8.274999999999999
2025-10-31 03:00:00+00:00,USGS-09380000,7.2,17.2,741.0,,7.9,9095.0,8.405000000000001
2025-10-31 04:00:00+00:00,USGS-09380000,7.2,17.25,741.0,,7.9,9540.0,8.524999999999999
2025-10-31 05:00:00+00:00,USGS-09380000,7.25,17.3,741.0,,7.9,9580.0,8.535
2025-10-31 06:00:00+00:00,USGS-09380000,7.3,17.3,741.0,,7.95,9280.0,8.455
2025-10-31 07:00:00+00:00,USGS-09380000,7.2,17.3,741.5,,7.9,8700.0,8.295
2025-10-31 08:00:00+00:00,USGS-09380000,7.0,17.2,742.0,,7.9,7905.0,8.065
2025-10-31 09:00:00+00:00,USGS-09380000,6.85,17.1,742.0,,7.9,7120.0,7.824999999999999
2025-10-31 10:00:00+00:00,USGS-09380000,6.7,17.0,743.0,,7.8,6445.0,7.605
2025-10-31 11:00:00+00:00,USGS-09380000,6.5,16.85,743.0,,7.8,5945.0,7.4350000000000005
2025-10-31 12:00:00+00:00,USGS-09380000,6.4,16.75,744.0,,7.8,5625.0,7.32
2025-10-31 13:00:00+00:00,USGS-09380000,6.3,16.65,744.0,,7.8,5435.0,7.25
2025-10-31 14:00:00+00:00,USGS-09380000,6.3,16.55,744.0,,7.8,5515.0,7.279999999999999
2025-10-31 15:00:00+00:00,USGS-09380000,6.2,16.5,744.0,,7.7,6075.0,7.48
2025-10-31 16:00:00+00:00,USGS-09380000,6.2,16.4,745.0,,7.7,6930.0,7.765000000000001
2025-10-31 17:00:00+00:00,USGS-09380000,6.25,16.4,745.0,,7.7,7540.0,7.955
2025-10-31 18:00:00+00:00,USGS-09380000,6.35,16.4,745.0,,7.8,7885.0,8.06
2025-10-31 19:00:00+00:00,USGS-09380000,6.55,16.45,745.0,,7.8,8070.0,8.114999999999998
2025-10-31 20:00:00+00:00,USGS-09380000,6.75,16.55,744.5,,7.8,8175.0,8.145
2025-10-31 21:00:00+00:00,USGS-09380000,7.0,16.7,744.0,,7.9,8220.0,8.16
2025-10-31 22:00:00+00:00,USGS-09380000,7.2,16.8,743.0,,7.9,8220.0,8.16
2025-10-31 23:00:00+00:00,USGS-09380000,7.3,16.9,743.0,,7.9,8205.0,8.155000000000001
2025-11-01 00:00:00+00:00,USGS-09380000,7.3,16.9,743.0,,7.9,8220.0,8.16
2025-11-01 01:00:00+00:00,USGS-09380000,7.3,16.9,742.5,,7.9,8295.0,8.18
2025-11-01 02:00:00+00:00,USGS-09380000,7.3,16.9,743.0,,7.9,8520.0,8.245000000000001
2025-11-01 03:00:00+00:00,USGS-09380000,7.2,16.9,743.0,,7.9,9005.0,8.379999999999999
2025-11-01 04:00:00+00:00,USGS-09380000,7.2,17.0,743.0,,7.9,9445.0,8.5
2025-11-01 05:00:00+00:00,USGS-09380000,7.3,17.0,742.0,,7.9,9540.0,8.524999999999999
2025-11-01 06:00:00+00:00,USGS-09380000,7.3,17.1,742.0,,7.9,9245.0,8.445
2025-11-01 07:00:00+00:00,USGS-09380000,7.2,17.0,743.0,,7.9,8680.0,8.29
2025-11-01 08:00:00+00:00,USGS-09380000,7.05,17.0,743.0,,7.9,7865.0,8.055
2025-11-01 09:00:00+00:00,USGS-09380000,6.9,16.9,743.0,,7.9,7105.0,7.82
2025-11-01 10:00:00+00:00,USGS-09380000,6.7,16.8,744.0,,7.8,6505.0,7.625
2025-11-01 11:00:00+00:00,USGS-09380000,6.6,16.7,744.0,,7.8,6060.0,7.475
2025-11-01 12:00:00+00:00,USGS-09380000,6.5,16.6,744.0,,7.8,5790.0,7.38
2025-11-01 13:00:00+00:00,USGS-09380000,6.4,16.55,744.5,,7.8,5635.0,7.325
2025-11-01 14:00:00+00:00,USGS-09380000,6.3,16.5,745.0,,7.8,5525.0,7.285
2025-11-01 15:00:00+00:00,USGS-09380000,6.3,16.4,745.0,,7.8,5500.0,7.275
2025-11-01 16:00:00+00:00,USGS-09380000,6.3,16.4,745.0,,7.8,5690.0,7.345000000000001
2025-11-01 17:00:00+00:00,USGS-09380000,6.3,16.35,745.0,,7.8,6415.0,7.595
2025-11-01 18:00:00+00:00,USGS-09380000,6.3,16.4,745.0,,7.8,7260.0,7.87
2025-11-01 19:00:00+00:00,USGS-09380000,6.5,16.4,745.0,,7.8,7850.0,8.05
2025-11-01 20:00:00+00:00,USGS-09380000,6.75,16.5,744.0,,7.8,8225.0,8.16
2025-11-01 21:00:00+00:00,USGS-09380000,7.1,16.6,744.0,,7.9,8450.0,8.225000000000001
2025-11-01 22:00:00+00:00,USGS-09380000,7.3,16.7,743.0,,7.9,8555.0,8.254999999999999
2025-11-01 23:00:00+00:00,USGS-09380000,7.3,16.75,742.5,,7.9,8610.0,8.27
2025-11-02 00:00:00+00:00,USGS-09380000,7.3,16.7,742.0,,7.9,8625.0,8.274999999999999
2025-11-02 01:00:00+00:00,USGS-09380000,7.3,16.7,742.0,,7.9,8680.0,8.29
2025-11-02 02:00:00+00:00,USGS-09380000,7.25,16.7,742.0,,7.9,8700.0,8.295
2025-11-02 03:00:00+00:00,USGS-09380000,7.2,16.8,742.0,,7.9,8680.0,8.29
2025-11-02 04:00:00+00:00,USGS-09380000,7.2,16.8,742.0,,7.9,8380.0,8.205
2025-11-02 05:00:00+00:00,USGS-09380000,7.3,16.8,742.0,,7.9,7765.0,8.025
2025-11-02 06:00:00+00:00,USGS-09380000,7.3,16.85,742.5,,7.9,7035.0,7.8
2025-11-02 07:00:00+00:00,USGS-09380000,7.2,16.8,743.0,,7.9,6460.0,7.609999999999999
2025-11-02 08:00:00+00:00,USGS-09380000,7.1,16.8,743.0,,7.9,6045.0,7.470000000000001
2025-11-02 09:00:00+00:00,USGS-09380000,7.0,16.8,743.0,,7.9,5760.0,7.37
2025-11-02 10:00:00+00:00,USGS-09380000,6.9,16.7,743.0,,7.9,5620.0,7.32
2025-11-02 11:00:00+00:00,USGS-09380000,6.75,16.65,744.0,,7.8,5510.0,7.28
2025-11-02 12:00:00+00:00,USGS-09380000,6.6,16.6,744.0,,7.8,5490.0,7.27
2025-11-02 13:00:00+00:00,USGS-09380000,6.5,16.5,744.0,,7.8,5475.0,7.265
2025-11-02 14:00:00+00:00,USGS-09380000,6.4,16.4,744.0,,7.8,5510.0,7.28
2025-11-02 15:00:00+00:00,USGS-09380000,6.35,16.35,744.0,,7.8,5510.0,7.28
2025-11-02 16:00:00+00:00,USGS-09380000,6.3,16.3,745.0,,7.75,5690.0,7.345000000000001
2025-11-02 17:00:00+00:00,USGS-09380000,6.3,16.3,745.0,,7.7,6385.0,7.585
2025-11-02 18:00:00+00:00,USGS-09380000,6.35,16.3,745.0,,7.7,7150.0,7.835
2025-11-02 19:00:00+00:00,USGS-09380000,6.5,16.3,744.0,,7.8,7815.0,8.04
2025-11-02 20:00:00+00:00,USGS-09380000,6.75,16.4,744.0,,7.8,8185.0,8.15
2025-11-02 21:00:00+00:00,USGS-09380000,7.05,16.55,744.0,,7.85,8380.0,8.205
2025-11-02 22:00:00+00:00,USGS-09380000,7.25,16.7,743.5,,7.9,8485.0,8.235
2025-11-02 23:00:00+00:00,USGS-09380000,7.3,16.7,743.0,,7.9,8540.0,8.25
2025-11-03 00:00:00+00:00,USGS-09380000,7.3,16.7,743.0,,7.9,8570.0,8.26
2025-11-03 01:00:00+00:00,USGS-09380000,7.2,16.7,743.0,,7.9,8570.0,8.26
2025-11-03 02:00:00+00:00,USGS-09380000,7.2,16.7,743.0,,7.9,8570.0,8.26
2025-11-03 03:00:00+00:00,USGS-09380000,7.1,16.75,743.0,,7.9,8570.0,8.26
2025-11-03 04:00:00+00:00,USGS-09380000,7.1,16.8,743.0,,7.9,8345.0,8.195
2025-11-03 05:00:00+00:00,USGS-09380000,7.2,16.8,744.0,,7.9,7750.0,8.02
2025-11-03 06:00:00+00:00,USGS-09380000,7.2,16.8,744.0,,7.9,7020.0,7.795
2025-11-03 07:00:00+00:00,USGS-09380000,7.2,16.8,744.0,,7.9,6425.0,7.6
2025-11-03 08:00:00+00:00,USGS-09380000,7.15,16.8,744.0,,7.9,6000.0,7.455
2025-11-03 09:00:00+00:00,USGS-09380000,7.05,16.8,744.0,,7.9,5790.0,7.38
2025-11-03 10:00:00+00:00,USGS-09380000,6.95,16.75,744.0,,7.9,5620.0,7.32
2025-11-03 11:00:00+00:00,USGS-09380000,6.8,16.7,744.0,,7.9,5510.0,7.28
2025-11-03 12:00:00+00:00,USGS-09380000,6.7,16.6,744.0,,7.8,5460.0,7.26
2025-11-03 13:00:00+00:00,USGS-09380000,6.6,16.5,745.0,,7.8,5400.0,7.24
2025-11-03 14:00:00+00:00,USGS-09380000,6.5,16.45,745.0,,7.8,5400.0,7.24
2025-11-03 15:00:00+00:00,USGS-09380000,6.4,16.4,745.0,,7.8,5390.0,7.235
2025-11-03 16:00:00+00:00,USGS-09380000,6.4,16.35,745.0,,7.8,5625.0,7.32
2025-11-03 17:00:00+00:00,USGS-09380000,6.35,16.3,745.0,,7.8,6350.0,7.575
2025-11-03 18:00:00+00:00,USGS-09380000,6.4,16.3,745.0,,7.8,7180.0,7.845
2025-11-03 19:00:00+00:00,USGS-09380000,6.6,16.3,745.0,,7.8,7800.0,8.035
2025-11-03 20:00:00+00:00,USGS-09380000,6.85,16.4,745.0,,7.8,8185.0,8.15
2025-11-03 21:00:00+00:00,USGS-09380000,7.15,16.5,745.0,,7.9,8380.0,8.205
2025-11-03 22:00:00+00:00,USGS-09380000,7.35,16.6,744.0,,7.9,8485.0,8.235
2025-11-03 23:00:00+00:00,USGS-09380000,7.4,16.7,744.0,,7.9,8570.0,8.26
2025-11-04 00:00:00+00:00,USGS-09380000,7.4,16.7,744.0,,7.9,8590.0,8.265
2025-11-04 01:00:00+00:00,USGS-09380000,7.4,16.7,744.0,,7.9,8610.0,8.27
2025-11-04 02:00:00+00:00,USGS-09380000,7.4,16.7,744.0,,7.9,8610.0,8.27
2025-11-04 03:00:00+00:00,USGS-09380000,7.4,16.7,744.0,,7.9,8610.0,8.27
2025-11-04 04:00:00+00:00,USGS-09380000,7.4,16.75,744.0,,7.9,8610.0,8.27
2025-11-04 05:00:00+00:00,USGS-09380000,7.4,16.8,744.0,,7.9,8380.0,8.205
2025-11-04 06:00:00+00:00,USGS-09380000,7.4,16.8,744.5,,7.9,7765.0,8.025
2025-11-04 07:00:00+00:00,USGS-09380000,7.3,16.7,745.0,,7.9,7020.0,7.795
2025-11-04 08:00:00+00:00,USGS-09380000,7.2,16.7,745.0,,7.9,6435.0,7.605
2025-11-04 09:00:00+00:00,USGS-09380000,7.05,16.6,745.0,,7.9,6015.0,7.46
2025-11-04 10:00:00+00:00,USGS-09380000,6.9,16.6,745.0,,7.9,5805.0,7.385
2025-11-04 11:00:00+00:00,USGS-09380000,6.75,16.5,746.0,,7.8,5665.0,7.335
2025-11-04 12:00:00+00:00,USGS-09380000,6.6,16.4,746.0,,7.8,5605.0,7.3149999999999995
2025-11-04 13:00:00+00:00,USGS-09380000,6.5,16.4,746.0,,7.8,5605.0,7.3149999999999995
2025-11-04 14:00:00+00:00,USGS-09380000,6.4,16.3,746.0,,7.8,5830.0,7.395
2025-11-04 15:00:00+00:00,USGS-09380000,6.3,16.2,746.0,,7.8,6740.0,7.705
2025-11-04 16:00:00+00:00,USGS-09380000,6.3,16.2,747.0,,7.7,7915.0,8.07
2025-11-04 17:00:00+00:00,USGS-09380000,6.3,16.1,747.0,,7.7,8840.0,8.335
2025-11-04 18:00:00+00:00,USGS-09380000,6.45,16.2,747.0,,7.75,9290.0,8.46
2025-11-04 19:00:00+00:00,USGS-09380000,6.65,16.2,746.0,,7.8,9275.0,8.455
2025-11-04 20:00:00+00:00,USGS-09380000,6.85,16.35,746.0,,7.8,9090.0,8.405000000000001
2025-11-04 21:00:00+00:00,USGS-09380000,7.1,16.5,745.0,,7.85,8945.0,8.364999999999998
2025-11-04 22:00:00+00:00,USGS-09380000,7.25,16.6,745.0,,7.9,8840.0,8.335
2025-11-04 23:00:00+00:00,USGS-09380000,7.3,16.6,745.0,,7.9,8780.0,8.32
2025-11-05 00:00:00+00:00,USGS-09380000,7.3,16.6,745.0,,7.9,8855.0,8.34
2025-11-05 01:00:00+00:00,USGS-09380000,7.2,16.6,745.0,,7.9,8960.0,8.37
2025-11-05 02:00:00+00:00,USGS-09380000,7.2,16.6,745.0,,7.9,9165.0,8.425
2025-11-05 03:00:00+00:00,USGS-09380000,7.2,16.65,744.0,,7.9,9290.0,8.46
2025-11-05 04:00:00+00:00,USGS-09380000,7.2,16.7,744.0,,7.9,9255.0,8.45
2025-11-05 05:00:00+00:00,USGS-09380000,7.2,16.7,744.0,,7.9,9150.0,8.42
2025-11-05 06:00:00+00:00,USGS-09380000,7.2,16.8,744.0,,7.9,9110.0,8.41
2025-11-05 07:00:00+00:00,USGS-09380000,7.15,16.7,744.0,,7.9,8985.0,8.375
2025-11-05 08:00:00+00:00,USGS-09380000,7.0,16.65,744.0,,7.9,8785.0,8.32
2025-11-05 09:00:00+00:00,USGS-09380000,6.8,16.6,744.5,,7.85,8345.0,8.195
2025-11-05 10:00:00+00:00,USGS-09380000,6.7,16.5,745.0,,7.8,7615.0,7.98
2025-11-05 11:00:00+00:00,USGS-09380000,6.55,16.4,745.0,,7.8,6895.0,7.755000000000001
2025-11-05 12:00:00+00:00,USGS-09380000,6.5,16.3,746.0,,7.8,6305.0,7.5600000000000005
2025-11-05 13:00:00+00:00,USGS-09380000,6.4,16.25,746.0,,7.8,6160.0,7.51
2025-11-05 14:00:00+00:00,USGS-09380000,6.4,16.2,746.0,,7.8,6620.0,7.665
2025-11-05 15:00:00+00:00,USGS-09380000,6.3,16.2,746.0,,7.8,7385.0,7.91
2025-11-05 16:00:00+00:00,USGS-09380000,6.3,16.1,746.0,,7.8,8085.0,8.120000000000001
2025-11-05 17:00:00+00:00,USGS-09380000,6.4,16.1,746.0,,7.8,8570.0,8.26
2025-11-05 18:00:00+00:00,USGS-09380000,6.45,16.2,746.0,,7.8,8855.0,8.34
2025-11-05 19:00:00+00:00,USGS-09380000,6.65,16.3,745.0,,7.8,9000.0,8.38
2025-11-05 20:00:00+00:00,USGS-09380000,6.9,16.4,744.5,,7.85,9000.0,8.38
2025-11-05 21:00:00+00:00,USGS-09380000,7.15,16.55,744.0,,7.9,9000.0,8.38
2025-11-05 22:00:00+00:00,USGS-09380000,7.3,16.7,743.0,,7.9,8980.0,8.375
2025-11-05 23:00:00+00:00,USGS-09380000,7.3,16.7,743.0,,7.9,8980.0,8.375
2025-11-06 00:00:00+00:00,USGS-09380000,7.3,16.7,743.0,,7.9,9040.0,8.39
2025-11-06 01:00:00+00:00,USGS-09380000,7.3,16.7,743.0,,7.9,9090.0,8.405000000000001
2025-11-06 02:00:00+00:00,USGS-09380000,7.3,16.7,743.0,,7.9,9090.0,8.405000000000001
2025-11-06 03:00:00+00:00,USGS-09380000,7.2,16.7,743.0,,7.9,9000.0,8.38
2025-11-06 04:00:00+00:00,USGS-09380000,7.25,16.8,743.0,,7.9,9040.0,8.39
2025-11-06 05:00:00+00:00,USGS-09380000,7.3,16.8,743.0,,7.9,9110.0,8.41
2025-11-06 06:00:00+00:00,USGS-09380000,7.3,16.8,743.0,,7.9,9150.0,8.42
2025-11-06 07:00:00+00:00,USGS-09380000,7.25,16.8,743.0,,7.9,9075.0,8.4
2025-11-06 08:00:00+00:00,USGS-09380000,7.1,16.75,743.5,,7.9,8855.0,8.34
2025-11-06 09:00:00+00:00,USGS-09380000,6.9,16.65,744.0,,7.9,8415.0,8.215
2025-11-06 10:00:00+00:00,USGS-09380000,6.7,16.5,744.0,,7.8,7650.0,7.99
2025-11-06 11:00:00+00:00,USGS-09380000,6.6,16.4,745.0,,7.8,6940.0,7.77
2025-11-06 12:00:00+00:00,USGS-09380000,6.5,16.3,745.0,,7.8,6405.0,7.595000000000001
2025-11-06 13:00:00+00:00,USGS-09380000,6.4,16.25,745.5,,7.8,6265.0,7.545
2025-11-06 14:00:00+00:00,USGS-09380000,6.4,16.2,746.0,,7.8,6725.0,7.7
2025-11-06 15:00:00+00:00,USGS-09380000,6.3,16.1,746.0,,7.7,7470.0,7.9350000000000005
2025-11-06 16:00:00+00:00,USGS-09380000,6.3,16.1,746.0,,7.7,8170.0,8.145
2025-11-06 17:00:00+00:00,USGS-09380000,6.35,16.05,746.0,,7.7,8625.0,8.274999999999999
2025-11-06 18:00:00+00:00,USGS-09380000,6.45,16.1,746.0,,7.7,8875.0,8.344999999999999
2025-11-06 19:00:00+00:00,USGS-09380000,6.65,16.15,746.0,,7.8,9000.0,8.38
2025-11-06 20:00:00+00:00,USGS-09380000,6.85,16.2,746.0,,7.8,9020.0,8.385000000000002
2025-11-06 21:00:00+00:00,USGS-09380000,7.1,16.3,746.0,,7.9,9000.0,8.38
2025-11-06 22:00:00+00:00,USGS-09380000,7.3,16.4,745.0,,7.9,9000.0,8.38
2025-11-06 23:00:00+00:00,USGS-09380000,7.3,16.4,745.0,,7.9,8910.0,8.355
2025-11-07 00:00:00+00:00,USGS-09380000,7.3,16.4,745.0,,7.9,8910.0,8.355
2025-11-07 01:00:00+00:00,USGS-09380000,7.3,16.4,745.0,,7.9,8980.0,8.375
2025-11-07 02:00:00+00:00,USGS-09380000,7.25,16.4,745.0,,7.9,9055.0,8.395
2025-11-07 03:00:00+00:00,USGS-09380000,7.2,16.4,746.0,,7.9,9150.0,8.42
2025-11-07 04:00:00+00:00,USGS-09380000,7.2,16.4,746.0,,7.9,9165.0,8.425
2025-11-07 05:00:00+00:00,USGS-09380000,7.3,16.4,746.0,,7.9,9200.0,8.434999999999999
2025-11-07 06:00:00+00:00,USGS-09380000,7.3,16.4,746.0,,7.9,9180.0,8.43
2025-11-07 07:00:00+00:00,USGS-09380000,7.2,16.4,746.0,,7.9,9090.0,8.405000000000001
2025-11-07 08:00:00+00:00,USGS-09380000,7.0,16.4,746.5,,7.9,8870.0,8.344999999999999
2025-11-07 09:00:00+00:00,USGS-09380000,6.85,16.25,747.0,,7.8,8410.0,8.215
2025-11-07 10:00:00+00:00,USGS-09380000,6.7,16.2,748.0,,7.8,7650.0,7.99
2025-11-07 11:00:00+00:00,USGS-09380000,6.55,16.1,748.0,,7.8,6940.0,7.77
2025-11-07 12:00:00+00:00,USGS-09380000,6.45,16.0,749.0,,7.8,6405.0,7.595000000000001
2025-11-07 13:00:00+00:00,USGS-09380000,6.4,15.9,749.0,,7.7,6260.0,7.545
2025-11-07 14:00:00+00:00,USGS-09380000,6.3,15.850000000000001,749.0,,7.7,6695.0,7.6899999999999995
2025-11-07 15:00:00+00:00,USGS-09380000,6.3,15.8,749.0,,7.7,7435.0,7.925000000000001
2025-11-07 16:00:00+00:00,USGS-09380000,6.3,15.8,749.0,,7.7,8085.0,8.120000000000001
2025-11-07 17:00:00+00:00,USGS-09380000,6.3,15.7,749.0,,7.7,8535.0,8.25
2025-11-07 18:00:00+00:00,USGS-09380000,6.4,15.8,749.0,,7.7,8855.0,8.34
2025-11-07 19:00:00+00:00,USGS-09380000,6.6,15.8,749.0,,7.8,8960.0,8.37
2025-11-07 20:00:00+00:00,USGS-09380000,6.85,15.9,749.0,,7.8,8960.0,8.37
2025-11-07 21:00:00+00:00,USGS-09380000,7.05,16.0,748.0,,7.8,8960.0,8.37
2025-11-07 22:00:00+00:00,USGS-09380000,7.2,16.1,748.0,,7.9,8930.0,8.36
2025-11-07 23:00:00+00:00,USGS-09380000,7.3,16.1,747.0,,7.9,8910.0,8.355
2025-11-08 00:00:00+00:00,USGS-09380000,7.2,16.1,747.0,,7.9,8945.0,8.364999999999998
2025-11-08 01:00:00+00:00,USGS-09380000,7.2,16.1,747.0,,7.9,8980.0,8.375
2025-11-08 02:00:00+00:00,USGS-09380000,7.1,16.1,747.0,,7.9,9020.0,8.385000000000002
2025-11-08 03:00:00+00:00,USGS-09380000,7.1,16.1,747.0,,7.9,9055.0,8.395
2025-11-08 04:00:00+00:00,USGS-09380000,7.1,16.2,746.0,,7.9,9090.0,8.405000000000001
2025-11-08 05:00:00+00:00,USGS-09380000,7.2,16.2,746.0,,7.9,9125.0,8.415
2025-11-08 06:00:00+00:00,USGS-09380000,7.2,16.3,746.0,,7.9,9140.0,8.42
2025-11-08 07:00:00+00:00,USGS-09380000,7.1,16.3,746.0,,7.9,9035.0,8.39
2025-11-08 08:00:00+00:00,USGS-09380000,7.0,16.2,746.0,,7.9,8820.0,8.33
2025-11-08 09:00:00+00:00,USGS-09380000,6.85,16.2,747.0,,7.8,8360.0,8.2
2025-11-08 10:00:00+00:00,USGS-09380000,6.7,16.1,747.0,,7.8,7630.0,7.984999999999999
2025-11-08 11:00:00+00:00,USGS-09380000,6.55,16.0,747.0,,7.8,6910.0,7.76
2025-11-08 12:00:00+00:00,USGS-09380000,6.5,15.9,748.0,,7.8,6390.0,7.59
2025-11-08 13:00:00+00:00,USGS-09380000,6.4,15.850000000000001,748.0,,7.8,6230.0,7.535
2025-11-08 14:00:00+00:00,USGS-09380000,6.4,15.8,748.0,,7.7,6695.0,7.6899999999999995
2025-11-08 15:00:00+00:00,USGS-09380000,6.3,15.7,748.0,,7.7,7435.0,7.925
2025-11-08 16:00:00+00:00,USGS-09380000,6.3,15.7,748.0,,7.7,8120.0,8.129999999999999
2025-11-08 17:00:00+00:00,USGS-09380000,6.4,15.7,749.0,,7.7,8535.0,8.25
2025-11-08 18:00:00+00:00,USGS-09380000,6.45,15.7,748.5,,7.7,8800.0,8.325
2025-11-08 19:00:00+00:00,USGS-09380000,6.65,15.8,748.0,,7.8,8930.0,8.36
2025-11-08 20:00:00+00:00,USGS-09380000,6.85,15.9,748.0,,7.8,8930.0,8.36
2025-11-08 21:00:00+00:00,USGS-09380000,7.1,16.0,747.0,,7.8,8930.0,8.36
2025-11-08 22:00:00+00:00,USGS-09380000,7.3,16.1,746.0,,7.9,8945.0,8.364999999999998
2025-11-08 23:00:00+00:00,USGS-09380000,7.3,16.1,746.0,,7.9,8945.0,8.364999999999998
2025-11-09 00:00:00+00:00,USGS-09380000,7.3,16.1,746.0,,7.9,8930.0,8.36
2025-11-09 01:00:00+00:00,USGS-09380000,7.2,16.1,746.0,,7.9,9015.0,8.385000000000002
2025-11-09 02:00:00+00:00,USGS-09380000,7.2,16.0,746.0,,7.9,9030.0,8.39
2025-11-09 03:00:00+00:00,USGS-09380000,7.2,16.05,746.0,,7.9,9110.0,8.41
2025-11-09 04:00:00+00:00,USGS-09380000,7.2,16.1,746.0,,7.9,9090.0,8.405000000000001
2025-11-09 05:00:00+00:00,USGS-09380000,7.3,16.1,746.0,,7.9,9125.0,8.415
2025-11-09 06:00:00+00:00,USGS-09380000,7.3,16.1,746.0,,7.9,9140.0,8.42
2025-11-09 07:00:00+00:00,USGS-09380000,7.2,16.1,746.0,,7.9,9050.0,8.395
2025-11-09 08:00:00+00:00,USGS-09380000,7.05,16.1,746.0,,7.9,8785.0,8.32
2025-11-09 09:00:00+00:00,USGS-09380000,6.9,16.0,747.0,,7.8,8360.0,8.2
2025-11-09 10:00:00+00:00,USGS-09380000,6.7,15.9,747.0,,7.8,7630.0,7.984999999999999
2025-11-09 11:00:00+00:00,USGS-09380000,6.6,15.8,747.0,,7.8,6955.0,7.775
2025-11-09 12:00:00+00:00,USGS-09380000,6.5,15.7,748.0,,7.8,6390.0,7.59
2025-11-09 13:00:00+00:00,USGS-09380000,6.5,15.649999999999999,748.0,,7.8,6225.0,7.535
2025-11-09 14:00:00+00:00,USGS-09380000,6.4,15.6,748.0,,7.7,6675.0,7.6850000000000005
2025-11-09 15:00:00+00:00,USGS-09380000,6.4,15.6,748.0,,7.7,7435.0,7.925
2025-11-09 16:00:00+00:00,USGS-09380000,6.4,15.5,748.0,,7.7,8080.0,8.120000000000001
2025-11-09 17:00:00+00:00,USGS-09380000,6.4,15.5,748.0,,7.7,8565.0,8.26
2025-11-09 18:00:00+00:00,USGS-09380000,6.5,15.6,748.0,,7.7,8815.0,8.33
2025-11-09 19:00:00+00:00,USGS-09380000,6.7,15.649999999999999,748.0,,7.8,8945.0,8.364999999999998
2025-11-09 20:00:00+00:00,USGS-09380000,6.9,15.75,748.0,,7.8,8930.0,8.36
2025-11-09 21:00:00+00:00,USGS-09380000,7.15,15.850000000000001,747.0,,7.85,8930.0,8.36
2025-11-09 22:00:00+00:00,USGS-09380000,7.3,15.95,747.0,,7.9,8910.0,8.355
2025-11-09 23:00:00+00:00,USGS-09380000,7.3,16.0,747.0,,7.9,8930.0,8.36
2025-11-10 00:00:00+00:00,USGS-09380000,7.3,15.95,747.0,,7.9,8930.0,8.36
2025-11-10 01:00:00+00:00,USGS-09380000,7.2,15.9,746.0,,7.9,9000.0,8.38
2025-11-10 02:00:00+00:00,USGS-09380000,7.2,15.9,746.0,,7.9,9110.0,8.41
2025-11-10 03:00:00+00:00,USGS-09380000,7.2,16.0,746.0,,7.9,9110.0,8.41
2025-11-10 04:00:00+00:00,USGS-09380000,7.2,16.0,746.0,,7.9,9125.0,8.415
2025-11-10 05:00:00+00:00,USGS-09380000,7.25,16.0,746.0,,7.9,9125.0,8.415
2025-11-10 06:00:00+00:00,USGS-09380000,7.3,16.1,745.0,,7.9,9125.0,8.415
2025-11-10 07:00:00+00:00,USGS-09380000,7.2,16.0,745.0,,7.9,9015.0,8.385000000000002
2025-11-10 08:00:00+00:00,USGS-09380000,7.1,16.0,745.0,,7.85,8800.0,8.325
2025-11-10 09:00:00+00:00,USGS-09380000,6.9,15.9,746.0,,7.8,8360.0,8.2
2025-11-10 10:00:00+00:00,USGS-09380000,6.75,15.850000000000001,746.0,,7.8,7615.0,7.98
2025-11-10 11:00:00+00:00,USGS-09380000,6.65,15.8,746.0,,7.8,6925.0,7.765000000000001
2025-11-10 12:00:00+00:00,USGS-09380000,6.6,15.7,747.0,,7.8,6375.0,7.585
2025-11-10 13:00:00+00:00,USGS-09380000,6.5,15.649999999999999,747.0,,7.8,6240.0,7.54
2025-11-10 14:00:00+00:00,USGS-09380000,6.5,15.6,747.0,,7.7,6690.0,7.6899999999999995
2025-11-10 15:00:00+00:00,USGS-09380000,6.4,15.6,747.0,,7.7,7415.0,7.92
2025-11-10 16:00:00+00:00,USGS-09380000,6.4,15.5,747.0,,7.7,8100.0,8.125
2025-11-10 17:00:00+00:00,USGS-09380000,6.5,15.5,747.0,,7.7,8570.0,8.26
2025-11-10 18:00:00+00:00,USGS-09380000,6.55,15.6,747.0,,7.7,8855.0,8.34
2025-11-10 19:00:00+00:00,USGS-09380000,6.7,15.649999999999999,747.0,,7.8,8980.0,8.375
2025-11-10 20:00:00+00:00,USGS-09380000,6.95,15.75,746.5,,7.8,9000.0,8.38
2025-11-10 21:00:00+00:00,USGS-09380000,7.2,15.850000000000001,746.0,,7.9,8980.0,8.375
2025-11-10 22:00:00+00:00,USGS-09380000,7.4,15.95,745.0,,7.9,8960.0,8.37
2025-11-10 23:00:00+00:00,USGS-09380000,7.4,16.0,745.0,,7.9,8940.0,8.364999999999998
2025-11-11 00:00:00+00:00,USGS-09380000,7.4,16.0,744.5,,7.9,8920.0,8.36
2025-11-11 01:00:00+00:00,USGS-09380000,7.3,16.0,744.0,,7.9,8980.0,8.375
2025-11-11 02:00:00+00:00,USGS-09380000,7.3,16.0,744.0,,7.9,9000.0,8.38
2025-11-11 03:00:00+00:00,USGS-09380000,7.3,16.0,744.0,,7.9,9070.0,8.4
2025-11-11 04:00:00+00:00,USGS-09380000,7.3,16.1,744.0,,7.9,9070.0,8.4
2025-11-11 05:00:00+00:00,USGS-09380000,7.3,16.15,744.0,,7.9,9140.0,8.42
2025-11-11 06:00:00+00:00,USGS-09380000,7.3,16.2,743.5,,7.9,9125.0,8.415
2025-11-11 07:00:00+00:00,USGS-09380000,7.25,16.2,744.0,,7.9,9015.0,8.385000000000002
2025-11-11 08:00:00+00:00,USGS-09380000,7.1,16.15,744.0,,7.9,8780.0,8.32
2025-11-11 09:00:00+00:00,USGS-09380000,6.95,16.05,744.0,,7.8,8360.0,8.2
2025-11-11 10:00:00+00:00,USGS-09380000,6.8,16.0,745.0,,7.8,7625.0,7.984999999999999
2025-11-11 11:00:00+00:00,USGS-09380000,6.7,15.850000000000001,745.0,,7.8,6925.0,7.765000000000001
2025-11-11 12:00:00+00:00,USGS-09380000,6.6,15.8,745.0,,7.8,6390.0,7.59
2025-11-11 13:00:00+00:00,USGS-09380000,6.5,15.7,746.0,,7.8,6270.0,7.55
2025-11-11 14:00:00+00:00,USGS-09380000,6.5,15.6,746.0,,7.8,6735.0,7.705
2025-11-11 15:00:00+00:00,USGS-09380000,6.45,15.6,746.0,,7.7,7450.0,7.93
2025-11-11 16:00:00+00:00,USGS-09380000,6.5,15.6,746.0,,7.7,8165.0,8.145
2025-11-11 17:00:00+00:00,USGS-09380000,6.5,15.5,746.0,,7.7,8635.0,8.28
2025-11-11 18:00:00+00:00,USGS-09380000,6.6,15.6,746.0,,7.75,8905.0,8.355
2025-11-11 19:00:00+00:00,USGS-09380000,6.75,15.649999999999999,746.0,,7.8,9030.0,8.39
2025-11-11 20:00:00+00:00,USGS-09380000,6.95,15.75,745.0,,7.8,9070.0,8.4
2025-11-11 21:00:00+00:00,USGS-09380000,7.2,15.9,745.0,,7.85,9015.0,8.385000000000002
2025-11-11 22:00:00+00:00,USGS-09380000,7.4,16.0,744.0,,7.9,9030.0,8.39
2025-11-11 23:00:00+00:00,USGS-09380000,7.4,16.0,743.5,,7.9,9030.0,8.39
2025-11-12 00:00:00+00:00,USGS-09380000,7.4,16.0,743.0,,7.9,9030.0,8.39
2025-11-12 01:00:00+00:00,USGS-09380000,7.4,16.0,743.0,,7.9,9090.0,8.405000000000001
2025-11-12 02:00:00+00:00,USGS-09380000,7.3,16.0,743.0,,7.9,9140.0,8.42
2025-11-12 03:00:00+00:00,USGS-09380000,7.3,16.0,743.0,,7.9,9180.0,8.43
2025-11-12 04:00:00+00:00,USGS-09380000,7.3,16.05,743.0,,7.9,9220.0,8.44
2025-11-12 05:00:00+00:00,USGS-09380000,7.4,16.1,743.0,,7.9,9220.0,8.44
2025-11-12 06:00:00+00:00,USGS-09380000,7.35,16.1,743.0,,7.9,9220.0,8.44
2025-11-12 07:00:00+00:00,USGS-09380000,7.3,16.1,743.0,,7.9,9125.0,8.415
2025-11-12 08:00:00+00:00,USGS-09380000,7.15,16.05,744.0,,7.9,8870.0,8.344999999999999
2025-11-12 09:00:00+00:00,USGS-09380000,6.95,16.0,744.0,,7.8,8410.0,8.215
2025-11-12 10:00:00+00:00,USGS-09380000,6.8,15.9,744.5,,7.8,7680.0,8.0
2025-11-12 11:00:00+00:00,USGS-09380000,6.65,15.8,745.0,,7.8,6970.0,7.779999999999999
2025-11-12 12:00:00+00:00,USGS-09380000,6.6,15.7,745.0,,7.8,6435.0,7.605
2025-11-12 13:00:00+00:00,USGS-09380000,6.5,15.7,745.5,,7.75,6300.0,7.5600000000000005
2025-11-12 14:00:00+00:00,USGS-09380000,6.5,15.6,746.0,,7.7,6750.0,7.71
2025-11-12 15:00:00+00:00,USGS-09380000,6.4,15.55,746.0,,7.7,7510.0,7.95
2025-11-12 16:00:00+00:00,USGS-09380000,6.4,15.5,746.0,,7.7,8150.0,8.14
2025-11-12 17:00:00+00:00,USGS-09380000,6.5,15.5,746.0,,7.7,8550.0,8.254999999999999
2025-11-12 18:00:00+00:00,USGS-09380000,6.6,15.55,746.0,,7.75,8885.0,8.35
2025-11-12 19:00:00+00:00,USGS-09380000,6.75,15.6,745.0,,7.8,8980.0,8.375
2025-11-12 20:00:00+00:00,USGS-09380000,7.0,15.7,745.0,,7.8,9030.0,8.39
2025-11-12 21:00:00+00:00,USGS-09380000,7.25,15.8,744.5,,7.9,9030.0,8.39
2025-11-12 22:00:00+00:00,USGS-09380000,7.4,15.8,744.0,,7.9,9000.0,8.38
2025-11-12 23:00:00+00:00,USGS-09380000,7.5,15.8,744.0,,7.9,9000.0,8.38
2025-11-13 00:00:00+00:00,USGS-09380000,7.5,15.8,743.5,,7.9,9050.0,8.395
2025-11-13 01:00:00+00:00,USGS-09380000,7.55,15.9,743.0,,7.9,9140.0,8.42
2025-11-13 02:00:00+00:00,USGS-09380000,7.6,15.9,743.0,,7.9,9200.0,8.434999999999999
2025-11-13 03:00:00+00:00,USGS-09380000,7.6,15.9,743.0,,7.9,9220.0,8.44
2025-11-13 04:00:00+00:00,USGS-09380000,7.6,16.0,743.0,,7.9,9200.0,8.434999999999999
2025-11-13 05:00:00+00:00,USGS-09380000,7.6,16.0,743.0,,7.9,9180.0,8.43
2025-11-13 06:00:00+00:00,USGS-09380000,7.5,16.0,743.0,,7.9,9210.0,8.44
2025-11-13 07:00:00+00:00,USGS-09380000,7.35,16.0,743.5,,7.9,9105.0,8.41
2025-11-13 08:00:00+00:00,USGS-09380000,7.15,16.0,744.0,,7.9,8870.0,8.344999999999999
2025-11-13 09:00:00+00:00,USGS-09380000,6.95,15.9,744.0,,7.8,8405.0,8.215
2025-11-13 10:00:00+00:00,USGS-09380000,6.75,15.8,744.5,,7.8,7640.0,7.99
2025-11-13 11:00:00+00:00,USGS-09380000,6.6,15.75,745.0,,7.8,6920.0,7.765000000000001
2025-11-13 12:00:00+00:00,USGS-09380000,6.5,15.7,745.0,,7.8,6390.0,7.59
2025-11-13 13:00:00+00:00,USGS-09380000,6.5,15.6,746.0,,7.75,6195.0,7.525
2025-11-13 14:00:00+00:00,USGS-09380000,6.4,15.6,746.0,,7.7,6660.0,7.68
2025-11-13 15:00:00+00:00,USGS-09380000,6.4,15.5,746.0,,7.7,7430.0,7.925
2025-11-13 16:00:00+00:00,USGS-09380000,6.4,15.5,746.0,,7.7,8095.0,8.125
2025-11-13 17:00:00+00:00,USGS-09380000,6.4,15.45,746.5,,7.7,8565.0,8.26
2025-11-13 18:00:00+00:00,USGS-09380000,6.5,15.5,747.0,,7.7,8865.0,8.344999999999999
2025-11-13 19:00:00+00:00,USGS-09380000,6.65,15.5,746.0,,7.8,8990.0,8.38
2025-11-13 20:00:00+00:00,USGS-09380000,6.9,15.6,746.0,,7.8,9030.0,8.39
2025-11-13 21:00:00+00:00,USGS-09380000,7.15,15.7,745.5,,7.8,8960.0,8.37
2025-11-13 22:00:00+00:00,USGS-09380000,7.3,15.8,745.0,,7.9,8745.0,8.31
2025-11-13 23:00:00+00:00,USGS-09380000,7.3,15.8,745.0,,7.9,8475.0,8.235
2025-11-14 00:00:00+00:00,USGS-09380000,7.3,15.8,745.0,,7.9,8490.0,8.24
2025-11-14 01:00:00+00:00,USGS-09380000,7.3,15.7,745.0,,7.9,8705.0,8.3
2025-11-14 02:00:00+00:00,USGS-09380000,7.2,15.7,745.0,,7.9,8850.0,8.34
2025-11-14 03:00:00+00:00,USGS-09380000,7.2,15.75,744.0,,7.9,8975.0,8.375
2025-11-14 04:00:00+00:00,USGS-09380000,7.2,15.8,744.0,,7.9,9030.0,8.39
2025-11-14 05:00:00+00:00,USGS-09380000,7.3,15.850000000000001,744.0,,7.9,9100.0,8.41
2025-11-14 06:00:00+00:00,USGS-09380000,7.3,15.9,744.0,,7.9,9100.0,8.41
2025-11-14 07:00:00+00:00,USGS-09380000,7.25,15.9,744.0,,7.9,9010.0,8.385000000000002
2025-11-14 08:00:00+00:00,USGS-09380000,7.15,15.9,744.0,,7.9,8795.0,8.325
2025-11-14 09:00:00+00:00,USGS-09380000,6.95,15.8,744.0,,7.8,8390.0,8.21
2025-11-14 10:00:00+00:00,USGS-09380000,6.8,15.75,744.5,,7.8,7680.0,8.0
2025-11-14 11:00:00+00:00,USGS-09380000,6.7,15.649999999999999,745.0,,7.8,6950.0,7.775
2025-11-14 12:00:00+00:00,USGS-09380000,6.6,15.6,745.0,,7.8,6405.0,7.595000000000001
2025-11-14 13:00:00+00:00,USGS-09380000,6.5,15.5,745.5,,7.8,6240.0,7.54
2025-11-14 14:00:00+00:00,USGS-09380000,6.5,15.45,746.0,,7.7,6705.0,7.695
2025-11-14 15:00:00+00:00,USGS-09380000,6.45,15.4,746.0,,7.7,7445.0,7.93
2025-11-14 16:00:00+00:00,USGS-09380000,6.4,15.4,746.0,,7.7,8130.0,8.135
2025-11-14 17:00:00+00:00,USGS-09380000,6.5,15.4,746.0,,7.7,8600.0,8.27
2025-11-14 18:00:00+00:00,USGS-09380000,6.55,15.4,746.0,,7.7,8870.0,8.344999999999999
2025-11-14 19:00:00+00:00,USGS-09380000,6.75,15.5,746.0,,7.8,8960.0,8.37
2025-11-14 20:00:00+00:00,USGS-09380000,7.05,15.6,745.0,,7.8,8990.0,8.38
2025-11-14 21:00:00+00:00,USGS-09380000,7.2,15.7,744.0,,7.9,8990.0,8.38
2025-11-14 22:00:00+00:00,USGS-09380000,7.35,15.8,744.0,,7.9,8960.0,8.37
2025-11-14 23:00:00+00:00,USGS-09380000,7.4,15.8,744.0,,7.9,8920.0,8.36
2025-11-15 00:00:00+00:00,USGS-09380000,7.4,15.8,744.0,,7.9,8960.0,8.37
2025-11-15 01:00:00+00:00,USGS-09380000,7.5,15.7,744.0,,7.9,8990.0,8.38
2025-11-15 02:00:00+00:00,USGS-09380000,7.5,15.7,743.0,,7.9,9030.0,8.39
2025-11-15 03:00:00+00:00,USGS-09380000,7.5,15.8,743.0,,7.9,9070.0,8.4
2025-11-15 04:00:00+00:00,USGS-09380000,7.5,15.8,743.0,,7.9,9100.0,8.41
2025-11-15 05:00:00+00:00,USGS-09380000,7.5,15.9,743.0,,7.9,9140.0,8.42
2025-11-15 06:00:00+00:00,USGS-09380000,7.4,15.9,743.0,,7.9,9160.0,8.425
2025-11-15 07:00:00+00:00,USGS-09380000,7.3,15.9,743.0,,7.9,9065.0,8.4
2025-11-15 08:00:00+00:00,USGS-09380000,7.15,15.8,744.0,,7.9,8815.0,8.33
2025-11-15 09:00:00+00:00,USGS-09380000,7.0,15.8,744.0,,7.8,8405.0,8.215
2025-11-15 10:00:00+00:00,USGS-09380000,6.8,15.7,744.0,,7.8,7640.0,7.99
2025-11-15 11:00:00+00:00,USGS-09380000,6.7,15.6,745.0,,7.8,6905.0,7.76
2025-11-15 12:00:00+00:00,USGS-09380000,6.6,15.5,745.0,,7.75,6390.0,7.59
2025-11-15 13:00:00+00:00,USGS-09380000,6.5,15.45,746.0,,7.7,6225.0,7.535
2025-11-15 14:00:00+00:00,USGS-09380000,6.5,15.4,746.0,,7.7,6705.0,7.695
2025-11-15 15:00:00+00:00,USGS-09380000,6.5,15.350000000000001,746.0,,7.7,7445.0,7.93
2025-11-15 16:00:00+00:00,USGS-09380000,6.5,15.3,746.0,,7.7,8130.0,8.135
2025-11-15 17:00:00+00:00,USGS-09380000,6.5,15.3,746.0,,7.7,8615.0,8.274999999999999
2025-11-15 18:00:00+00:00,USGS-09380000,6.55,15.350000000000001,746.0,,7.7,8885.0,8.35
2025-11-15 19:00:00+00:00,USGS-09380000,6.75,15.4,746.0,,7.75,8975.0,8.375
2025-11-15 20:00:00+00:00,USGS-09380000,6.95,15.5,745.5,,7.8,9010.0,8.385000000000002
2025-11-15 21:00:00+00:00,USGS-09380000,7.2,15.6,745.0,,7.8,8990.0,8.38
2025-11-15 22:00:00+00:00,USGS-09380000,7.4,15.6,744.0,,7.9,8990.0,8.38
2025-11-15 23:00:00+00:00,USGS-09380000,7.5,15.7,744.0,,7.9,8960.0,8.37
2025-11-16 00:00:00+00:00,USGS-09380000,7.5,15.7,744.0,,7.9,9010.0,8.385000000000002
2025-11-16 01:00:00+00:00,USGS-09380000,7.5,15.7,744.0,,7.9,9070.0,8.4
2025-11-16 02:00:00+00:00,USGS-09380000,7.55,15.7,744.0,,7.9,9100.0,8.41
2025-11-16 03:00:00+00:00,USGS-09380000,7.6,15.75,744.0,,7.9,9140.0,8.42
2025-11-16 04:00:00+00:00,USGS-09380000,7.6,15.8,743.0,,7.9,9160.0,8.425
2025-11-16 05:00:00+00:00,USGS-09380000,7.6,15.9,743.0,,7.9,9180.0,8.43
2025-11-16 06:00:00+00:00,USGS-09380000,7.6,15.9,743.0,,7.9,9180.0,8.43
2025-11-16 07:00:00+00:00,USGS-09380000,7.5,15.95,743.0,,7.9,9085.0,8.405000000000001
2025-11-16 08:00:00+00:00,USGS-09380000,7.3,15.9,743.0,,7.9,8845.0,8.34
2025-11-16 09:00:00+00:00,USGS-09380000,7.1,15.8,744.0,,7.8,8335.0,8.195
2025-11-16 10:00:00+00:00,USGS-09380000,6.9,15.7,744.0,,7.8,7555.0,7.965
2025-11-16 11:00:00+00:00,USGS-09380000,6.75,15.649999999999999,745.0,,7.8,6890.0,7.755000000000001
2025-11-16 12:00:00+00:00,USGS-09380000,6.65,15.6,745.0,,7.8,6345.0,7.574999999999999
2025-11-16 13:00:00+00:00,USGS-09380000,6.6,15.6,746.0,,7.75,6195.0,7.525
2025-11-16 14:00:00+00:00,USGS-09380000,6.5,15.5,746.0,,7.7,6645.0,7.675000000000001
2025-11-16 15:00:00+00:00,USGS-09380000,6.5,15.5,746.0,,7.7,7400.0,7.915
2025-11-16 16:00:00+00:00,USGS-09380000,6.5,15.5,746.0,,7.7,8080.0,8.120000000000001
2025-11-16 17:00:00+00:00,USGS-09380000,6.5,15.5,746.0,,7.7,8545.0,8.254999999999999
2025-11-16 18:00:00+00:00,USGS-09380000,6.6,15.5,745.0,,7.7,8845.0,8.34
2025-11-16 19:00:00+00:00,USGS-09380000,6.75,15.5,744.5,,7.8,9100.0,8.41
2025-11-16 20:00:00+00:00,USGS-09380000,6.9,15.6,744.0,,7.8,9160.0,8.425
2025-11-16 21:00:00+00:00,USGS-09380000,7.0,15.6,743.0,,7.8,9085.0,8.405000000000001
2025-11-16 22:00:00+00:00,USGS-09380000,7.05,15.7,743.0,,7.8,8990.0,8.38
2025-11-16 23:00:00+00:00,USGS-09380000,7.2,15.7,743.0,,7.8,8975.0,8.375
2025-11-17 00:00:00+00:00,USGS-09380000,7.3,15.7,742.0,,7.85,8975.0,8.375
2025-11-17 01:00:00+00:00,USGS-09380000,7.4,15.7,742.0,,7.9,8990.0,8.38
2025-11-17 02:00:00+00:00,USGS-09380000,7.35,15.6,742.0,,7.9,9050.0,8.395
2025-11-17 03:00:00+00:00,USGS-09380000,7.3,15.6,742.0,,7.9,9105.0,8.41
2025-11-17 04:00:00+00:00,USGS-09380000,7.3,15.6,743.0,,7.9,9100.0,8.41
2025-11-17 05:00:00+00:00,USGS-09380000,7.3,15.6,743.0,,7.9,9100.0,8.41
2025-11-17 06:00:00+00:00,USGS-09380000,7.3,15.6,743.0,,7.9,9100.0,8.41
2025-11-17 07:00:00+00:00,USGS-09380000,7.2,15.55,743.5,,7.85,9010.0,8.385000000000002
2025-11-17 08:00:00+00:00,USGS-09380000,7.1,15.5,744.0,,7.8,8795.0,8.325
2025-11-17 09:00:00+00:00,USGS-09380000,6.95,15.4,744.0,,7.8,8350.0,8.2
2025-11-17 10:00:00+00:00,USGS-09380000,6.8,15.4,744.5,,7.8,7610.0,7.98
2025-11-17 11:00:00+00:00,USGS-09380000,6.7,15.3,745.0,,7.8,6890.0,7.755000000000001
2025-11-17 12:00:00+00:00,USGS-09380000,6.6,15.3,745.0,,7.8,6345.0,7.574999999999999
2025-11-17 13:00:00+00:00,USGS-09380000,6.6,15.3,745.0,,7.7,6195.0,7.525
2025-11-17 14:00:00+00:00,USGS-09380000,6.5,15.3,746.0,,7.7,6660.0,7.68
2025-11-17 15:00:00+00:00,USGS-09380000,6.5,15.3,746.0,,7.7,7395.0,7.915
2025-11-17 16:00:00+00:00,USGS-09380000,6.5,15.3,746.0,,7.7,8060.0,8.115
2025-11-17 17:00:00+00:00,USGS-09380000,6.5,15.4,745.0,,7.7,8495.0,8.24
2025-11-17 18:00:00+00:00,USGS-09380000,6.6,15.4,745.0,,7.7,8775.0,8.32
2025-11-17 19:00:00+00:00,USGS-09380000,6.75,15.5,745.0,,7.8,8900.0,8.355
2025-11-17 20:00:00+00:00,USGS-09380000,6.95,15.5,745.0,,7.8,8900.0,8.355
2025-11-17 21:00:00+00:00,USGS-09380000,7.2,15.5,746.0,,7.8,8920.0,8.36
2025-11-17 22:00:00+00:00,USGS-09380000,7.35,15.5,746.0,,7.85,8865.0,8.344999999999999
2025-11-17 23:00:00+00:00,USGS-09380000,7.5,15.5,746.0,,7.9,8850.0,8.34
2025-11-18 00:00:00+00:00,USGS-09380000,7.6,15.5,745.0,,7.9,8900.0,8.355
2025-11-18 01:00:00+00:00,USGS-09380000,7.7,15.5,745.0,,7.9,8920.0,8.36
2025-11-18 02:00:00+00:00,USGS-09380000,7.7,15.5,745.0,,7.9,8960.0,8.37
2025-11-18 03:00:00+00:00,USGS-09380000,7.7,15.6,744.0,,7.9,8990.0,8.38
2025-11-18 04:00:00+00:00,USGS-09380000,7.7,15.6,744.0,,7.9,9030.0,8.39
2025-11-18 05:00:00+00:00,USGS-09380000,7.7,15.6,744.0,,7.9,9030.0,8.39
2025-11-18 06:00:00+00:00,USGS-09380000,7.65,15.55,745.0,,7.9,9045.0,8.395
2025-11-18 07:00:00+00:00,USGS-09380000,7.55,15.5,745.0,,7.9,8960.0,8.37
2025-11-18 08:00:00+00:00,USGS-09380000,7.35,15.4,745.0,,7.9,8760.0,8.315000000000001
2025-11-18 09:00:00+00:00,USGS-09380000,7.15,15.4,745.0,,7.8,8280.0,8.18
2025-11-18 10:00:00+00:00,USGS-09380000,6.95,15.3,745.0,,7.8,7575.0,7.970000000000001
2025-11-18 11:00:00+00:00,USGS-09380000,6.8,15.3,745.0,,7.8,6855.0,7.744999999999999
2025-11-18 12:00:00+00:00,USGS-09380000,6.7,15.3,744.5,,7.8,6330.0,7.57
2025-11-18 13:00:00+00:00,USGS-09380000,6.6,15.3,744.0,,7.8,6195.0,7.525
2025-11-18 14:00:00+00:00,USGS-09380000,6.6,15.4,743.5,,7.7,6645.0,7.675000000000001
2025-11-18 15:00:00+00:00,USGS-09380000,6.5,15.4,743.0,,7.7,7380.0,7.91
2025-11-18 16:00:00+00:00,USGS-09380000,6.5,15.4,742.5,,7.7,8060.0,8.115
2025-11-18 17:00:00+00:00,USGS-09380000,6.5,15.4,742.0,,7.7,8525.0,8.25
2025-11-18 18:00:00+00:00,USGS-09380000,6.5,15.45,742.0,,7.7,8795.0,8.325
2025-11-18 19:00:00+00:00,USGS-09380000,6.6,15.5,742.0,,7.8,8940.0,8.364999999999998
2025-11-18 20:00:00+00:00,USGS-09380000,6.7,15.5,741.0,,7.8,8960.0,8.37
2025-11-18 21:00:00+00:00,USGS-09380000,6.8,15.5,741.0,,7.8,8920.0,8.36
2025-11-18 22:00:00+00:00,USGS-09380000,6.85,15.55,741.0,,7.8,8880.0,8.35
2025-11-18 23:00:00+00:00,USGS-09380000,6.95,15.6,741.0,,7.8,8865.0,8.344999999999999
2025-11-19 00:00:00+00:00,USGS-09380000,7.0,15.6,741.5,,7.8,8880.0,8.35
2025-11-19 01:00:00+00:00,USGS-09380000,7.1,15.5,742.0,,7.8,8920.0,8.36
2025-11-19 02:00:00+00:00,USGS-09380000,7.1,15.5,743.0,,7.8,8990.0,8.38
2025-11-19 03:00:00+00:00,USGS-09380000,7.2,15.4,743.5,,7.8,9030.0,8.39
2025-11-19 04:00:00+00:00,USGS-09380000,7.2,15.4,744.0,,7.8,9060.0,8.4
2025-11-19 05:00:00+00:00,USGS-09380000,7.2,15.350000000000001,745.0,,7.8,9080.0,8.405000000000001
2025-11-19 06:00:00+00:00,USGS-09380000,7.2,15.3,745.0,,7.8,9080.0,8.405000000000001
2025-11-19 07:00:00+00:00,USGS-09380000,7.1,15.3,745.0,,7.8,8970.0,8.375
2025-11-19 08:00:00+00:00,USGS-09380000,7.1,15.3,745.0,,7.8,8775.0,8.32
2025-11-19 09:00:00+00:00,USGS-09380000,6.95,15.2,745.0,,7.8,8320.0,8.190000000000001
2025-11-19 10:00:00+00:00,USGS-09380000,6.85,15.2,745.5,,7.8,7590.0,7.975
2025-11-19 11:00:00+00:00,USGS-09380000,6.8,15.2,746.0,,7.8,6870.0,7.75
2025-11-19 12:00:00+00:00,USGS-09380000,6.7,15.1,746.0,,7.7,6360.0,7.58
2025-11-19 13:00:00+00:00,USGS-09380000,6.7,15.1,746.0,,7.7,6210.0,7.529999999999999
2025-11-19 14:00:00+00:00,USGS-09380000,6.6,15.1,746.0,,7.7,6690.0,7.6899999999999995
2025-11-19 15:00:00+00:00,USGS-09380000,6.6,15.1,746.0,,7.7,7445.0,7.93
2025-11-19 16:00:00+00:00,USGS-09380000,6.6,15.1,746.0,,7.7,8130.0,8.135
2025-11-19 17:00:00+00:00,USGS-09380000,6.6,15.2,746.0,,7.7,8580.0,8.265
2025-11-19 18:00:00+00:00,USGS-09380000,6.7,15.2,746.0,,7.7,8810.0,8.33
2025-11-19 19:00:00+00:00,USGS-09380000,6.8,15.2,745.0,,7.8,8955.0,8.370000000000001
2025-11-19 20:00:00+00:00,USGS-09380000,6.9,15.2,745.0,,7.8,9010.0,8.385000000000002
2025-11-19 21:00:00+00:00,USGS-09380000,7.0,15.25,744.0,,7.8,8990.0,8.38
2025-11-19 22:00:00+00:00,USGS-09380000,7.1,15.3,744.0,,7.8,8990.0,8.38
2025-11-19 23:00:00+00:00,USGS-09380000,7.25,15.3,744.0,,7.8,8970.0,8.375
2025-11-20 00:00:00+00:00,USGS-09380000,7.4,15.3,744.0,,7.8,8950.0,8.37
2025-11-20 01:00:00+00:00,USGS-09380000,7.5,15.3,744.0,,7.9,8990.0,8.38
2025-11-20 02:00:00+00:00,USGS-09380000,7.6,15.3,744.0,,7.9,9030.0,8.39
2025-11-20 03:00:00+00:00,USGS-09380000,7.6,15.4,744.0,,7.9,9080.0,8.405000000000001
2025-11-20 04:00:00+00:00,USGS-09380000,7.6,15.4,743.0,,7.9,9120.0,8.415
2025-11-20 05:00:00+00:00,USGS-09380000,7.6,15.4,743.0,,7.9,9100.0,8.41
2025-11-20 06:00:00+00:00,USGS-09380000,7.5,15.4,742.0,,7.9,9140.0,8.42
2025-11-20 07:00:00+00:00,USGS-09380000,7.4,15.4,742.0,,7.9,9010.0,8.385000000000002
2025-11-20 08:00:00+00:00,USGS-09380000,7.25,15.4,742.0,,7.85,8825.0,8.335
2025-11-20 09:00:00+00:00,USGS-09380000,7.1,15.3,742.0,,7.8,8335.0,8.195
2025-11-20 10:00:00+00:00,USGS-09380000,7.0,15.3,742.0,,7.8,7605.0,7.98
2025-11-20 11:00:00+00:00,USGS-09380000,6.85,15.3,742.0,,7.8,6905.0,7.76
2025-11-20 12:00:00+00:00,USGS-09380000,6.8,15.2,742.5,,7.8,6375.0,7.585
2025-11-20 13:00:00+00:00,USGS-09380000,6.7,15.2,742.5,,7.8,6210.0,7.529999999999999
2025-11-20 14:00:00+00:00,USGS-09380000,6.7,15.2,742.0,,7.8,6690.0,7.6899999999999995
2025-11-20 15:00:00+00:00,USGS-09380000,6.65,15.2,742.0,,7.7,7425.0,7.925000000000001
2025-11-20 16:00:00+00:00,USGS-09380000,6.6,15.2,742.0,,7.7,8090.0,8.125
2025-11-20 17:00:00+00:00,USGS-09380000,6.65,15.3,742.0,,7.7,8565.0,8.26
2025-11-20 18:00:00+00:00,USGS-09380000,6.7,15.3,742.0,,7.8,8845.0,8.34
2025-11-20 19:00:00+00:00,USGS-09380000,6.9,15.4,742.0,,7.8,8950.0,8.37
2025-11-20 20:00:00+00:00,USGS-09380000,7.05,15.5,741.5,,7.8,8990.0,8.38
2025-11-20 21:00:00+00:00,USGS-09380000,7.25,15.55,741.0,,7.8,8990.0,8.38
2025-11-20 22:00:00+00:00,USGS-09380000,7.4,15.6,740.5,,7.9,8990.0,8.38
2025-11-20 23:00:00+00:00,USGS-09380000,7.5,15.7,740.0,,7.9,8950.0,8.37
2025-11-21 00:00:00+00:00,USGS-09380000,7.6,15.7,740.0,,7.9,8950.0,8.37
2025-11-21 01:00:00+00:00,USGS-09380000,7.6,15.7,740.0,,7.9,9030.0,8.39
2025-11-21 02:00:00+00:00,USGS-09380000,7.65,15.7,740.0,,7.9,9060.0,8.4
2025-11-21 03:00:00+00:00,USGS-09380000,7.7,15.7,740.0,,7.9,9120.0,8.415
2025-11-21 04:00:00+00:00,USGS-09380000,7.7,15.7,740.0,,7.9,9140.0,8.42
2025-11-21 05:00:00+00:00,USGS-09380000,7.7,15.7,740.0,,7.9,9170.0,8.43
2025-11-21 06:00:00+00:00,USGS-09380000,7.65,15.7,740.0,,7.9,9170.0,8.43
2025-11-21 07:00:00+00:00,USGS-09380000,7.5,15.649999999999999,740.0,,7.9,9080.0,8.405000000000001
2025-11-21 08:00:00+00:00,USGS-09380000,7.4,15.6,740.0,,7.9,8810.0,8.33
2025-11-21 09:00:00+00:00,USGS-09380000,7.2,15.6,740.0,,7.9,8335.0,8.195
2025-11-21 10:00:00+00:00,USGS-09380000,7.05,15.55,740.0,,7.8,7605.0,7.98
2025-11-21 11:00:00+00:00,USGS-09380000,6.9,15.5,740.0,,7.8,6885.0,7.755000000000001
2025-11-21 12:00:00+00:00,USGS-09380000,6.8,15.5,740.0,,7.8,6325.0,7.57
2025-11-21 13:00:00+00:00,USGS-09380000,6.8,15.5,740.0,,7.8,6165.0,7.515
2025-11-21 14:00:00+00:00,USGS-09380000,6.7,15.5,740.0,,7.8,6625.0,7.67
2025-11-21 15:00:00+00:00,USGS-09380000,6.7,15.5,740.0,,7.8,7490.0,7.945
2025-11-21 16:00:00+00:00,USGS-09380000,6.7,15.5,740.0,,7.8,8365.0,8.205
2025-11-21 17:00:00+00:00,USGS-09380000,6.7,15.5,740.0,,7.8,9045.0,8.395
2025-11-21 18:00:00+00:00,USGS-09380000,6.8,15.5,739.0,,7.8,9395.0,8.49
2025-11-21 19:00:00+00:00,USGS-09380000,6.95,15.5,739.0,,7.8,9490.0,8.515
2025-11-21 20:00:00+00:00,USGS-09380000,7.15,15.6,738.0,,7.8,9470.0,8.51
2025-11-21 21:00:00+00:00,USGS-09380000,7.3,15.649999999999999,738.0,,7.9,9430.0,8.5
2025-11-21 22:00:00+00:00,USGS-09380000,7.4,15.7,738.0,,7.9,9430.0,8.5
2025-11-21 23:00:00+00:00,USGS-09380000,7.55,15.6,738.0,,7.9,9390.0,8.49
2025-11-22 00:00:00+00:00,USGS-09380000,7.6,15.6,739.0,,7.9,9390.0,8.49
2025-11-22 01:00:00+00:00,USGS-09380000,7.7,15.5,740.0,,7.95,9390.0,8.49
2025-11-22 02:00:00+00:00,USGS-09380000,7.7,15.5,740.0,,8.0,9450.0,8.504999999999999
2025-11-22 03:00:00+00:00,USGS-09380000,7.6,15.5,740.0,,7.9,9600.0,8.545
2025-11-22 04:00:00+00:00,USGS-09380000,7.6,15.5,741.0,,7.9,9715.0,8.575
2025-11-22 05:00:00+00:00,USGS-09380000,7.6,15.5,741.0,,7.9,9850.0,8.61
2025-11-22 06:00:00+00:00,USGS-09380000,7.6,15.45,741.5,,7.9,9905.0,8.625
2025-11-22 07:00:00+00:00,USGS-09380000,7.5,15.4,742.0,,7.9,9870.0,8.614999999999998
2025-11-22 08:00:00+00:00,USGS-09380000,7.3,15.4,742.0,,7.9,9600.0,8.545
2025-11-22 09:00:00+00:00,USGS-09380000,7.15,15.3,742.5,,7.8,8920.0,8.36
2025-11-22 10:00:00+00:00,USGS-09380000,7.0,15.25,743.0,,7.8,7955.0,8.085
2025-11-22 11:00:00+00:00,USGS-09380000,6.9,15.2,743.5,,7.8,7085.0,7.82
2025-11-22 12:00:00+00:00,USGS-09380000,6.8,15.149999999999999,744.0,,7.8,6440.0,7.609999999999999
2025-11-22 13:00:00+00:00,USGS-09380000,6.75,15.1,745.0,,7.8,6325.0,7.57
2025-11-22 14:00:00+00:00,USGS-09380000,6.7,15.0,745.0,,7.7,7025.0,7.8
2025-11-22 15:00:00+00:00,USGS-09380000,6.7,15.0,745.5,,7.7,8060.0,8.115
2025-11-22 16:00:00+00:00,USGS-09380000,6.7,15.0,746.0,,7.7,8845.0,8.34
2025-11-22 17:00:00+00:00,USGS-09380000,6.7,14.9,746.0,,7.7,9265.0,8.455
2025-11-22 18:00:00+00:00,USGS-09380000,6.8,15.0,746.0,,7.8,9320.0,8.47
2025-11-22 19:00:00+00:00,USGS-09380000,7.0,15.0,746.0,,7.8,9250.0,8.45
2025-11-22 20:00:00+00:00,USGS-09380000,7.15,15.1,745.5,,7.8,9190.0,8.434999999999999
2025-11-22 21:00:00+00:00,USGS-09380000,7.35,15.1,745.0,,7.8,9170.0,8.43
2025-11-22 22:00:00+00:00,USGS-09380000,7.5,15.1,746.0,,7.9,9100.0,8.41
2025-11-22 23:00:00+00:00,USGS-09380000,7.6,15.1,746.5,,7.9,9115.0,8.415
2025-11-23 00:00:00+00:00,USGS-09380000,7.75,15.0,747.0,,7.9,9100.0,8.41
2025-11-23 01:00:00+00:00,USGS-09380000,7.8,15.0,748.0,,7.9,9080.0,8.405000000000001
2025-11-23 02:00:00+00:00,USGS-09380000,7.9,15.0,748.0,,7.9,9150.0,8.425
2025-11-23 03:00:00+00:00,USGS-09380000,7.9,15.0,748.0,,7.9,9430.0,8.5
2025-11-23 04:00:00+00:00,USGS-09380000,7.9,15.0,747.5,,7.9,9640.0,8.555
2025-11-23 05:00:00+00:00,USGS-09380000,7.9,15.1,747.0,,7.9,9770.0,8.59
2025-11-23 06:00:00+00:00,USGS-09380000,7.8,15.1,747.0,,7.9,9750.0,8.585
2025-11-23 07:00:00+00:00,USGS-09380000,7.65,15.1,747.0,,7.9,9485.0,8.515
2025-11-23 08:00:00+00:00,USGS-09380000,7.45,15.0,747.0,,7.9,9060.0,8.4
2025-11-23 09:00:00+00:00,USGS-09380000,7.25,15.0,747.0,,7.8,8455.0,8.23
2025-11-23 10:00:00+00:00,USGS-09380000,7.1,15.0,747.0,,7.8,7655.0,7.994999999999999
2025-11-23 11:00:00+00:00,USGS-09380000,6.95,14.9,747.0,,7.8,6885.0,7.755000000000001
2025-11-23 12:00:00+00:00,USGS-09380000,6.9,14.9,747.5,,7.8,6325.0,7.57
2025-11-23 13:00:00+00:00,USGS-09380000,6.8,14.9,748.0,,7.8,6180.0,7.52
2025-11-23 14:00:00+00:00,USGS-09380000,6.8,14.8,748.0,,7.7,6655.0,7.68
2025-11-23 15:00:00+00:00,USGS-09380000,6.7,14.8,748.0,,7.7,7555.0,7.965
2025-11-23 16:00:00+00:00,USGS-09380000,6.7,14.8,747.0,,7.7,8450.0,8.23
2025-11-23 17:00:00+00:00,USGS-09380000,6.7,14.8,747.0,,7.7,9025.0,8.39
2025-11-23 18:00:00+00:00,USGS-09380000,6.8,14.9,746.0,,7.7,9170.0,8.43
2025-11-23 19:00:00+00:00,USGS-09380000,6.9,15.0,745.5,,7.8,9210.0,8.44
2025-11-23 20:00:00+00:00,USGS-09380000,7.1,15.0,745.0,,7.8,9170.0,8.43
2025-11-23 21:00:00+00:00,USGS-09380000,7.3,15.1,745.0,,7.8,9130.0,8.42
2025-11-23 22:00:00+00:00,USGS-09380000,7.4,15.149999999999999,744.0,,7.9,9130.0,8.42
2025-11-23 23:00:00+00:00,USGS-09380000,7.5,15.2,744.0,,7.9,9115.0,8.415
2025-11-24 00:00:00+00:00,USGS-09380000,7.6,15.2,744.0,,7.9,9130.0,8.42
2025-11-24 01:00:00+00:00,USGS-09380000,7.7,15.2,743.0,,7.9,9130.0,8.42
2025-11-24 02:00:00+00:00,USGS-09380000,7.8,15.2,743.0,,7.9,9245.0,8.45
2025-11-24 03:00:00+00:00,USGS-09380000,7.8,15.2,743.0,,7.9,9470.0,8.51
2025-11-24 04:00:00+00:00,USGS-09380000,7.8,15.2,743.0,,7.9,9675.0,8.565000000000001
2025-11-24 05:00:00+00:00,USGS-09380000,7.8,15.2,744.0,,7.9,9770.0,8.59
2025-11-24 06:00:00+00:00,USGS-09380000,7.7,15.2,744.0,,7.9,9750.0,8.585
2025-11-24 07:00:00+00:00,USGS-09380000,7.6,15.1,744.0,,7.9,9580.0,8.54
2025-11-24 08:00:00+00:00,USGS-09380000,7.4,15.1,743.5,,7.9,9245.0,8.45
2025-11-24 09:00:00+00:00,USGS-09380000,7.25,15.05,743.0,,7.8,8680.0,8.295
2025-11-24 10:00:00+00:00,USGS-09380000,7.05,15.0,744.0,,7.8,7870.0,8.059999999999999
2025-11-24 11:00:00+00:00,USGS-09380000,6.95,14.9,744.0,,7.8,7185.0,7.85
2025-11-24 12:00:00+00:00,USGS-09380000,6.85,14.9,744.0,,7.8,6700.0,7.695
2025-11-24 13:00:00+00:00,USGS-09380000,6.8,14.8,744.0,,7.8,6635.0,7.675000000000001
2025-11-24 14:00:00+00:00,USGS-09380000,6.8,14.8,744.0,,7.7,7215.0,7.859999999999999
2025-11-24 15:00:00+00:00,USGS-09380000,6.7,14.8,744.0,,7.7,8005.0,8.100000000000001
2025-11-24 16:00:00+00:00,USGS-09380000,6.7,14.8,743.0,,7.7,8735.0,8.309999999999999
2025-11-24 17:00:00+00:00,USGS-09380000,6.75,14.8,743.0,,7.7,9150.0,8.425
2025-11-24 18:00:00+00:00,USGS-09380000,6.8,14.8,743.0,,7.7,9320.0,8.47
2025-11-24 19:00:00+00:00,USGS-09380000,7.0,14.9,743.0,,7.8,9320.0,8.47
2025-11-24 20:00:00+00:00,USGS-09380000,7.15,15.0,742.5,,7.8,9240.0,8.45
2025-11-24 21:00:00+00:00,USGS-09380000,7.35,15.05,742.0,,7.8,9170.0,8.43
2025-11-24 22:00:00+00:00,USGS-09380000,7.5,15.1,742.0,,7.9,9170.0,8.43
2025-11-24 23:00:00+00:00,USGS-09380000,7.5,15.2,742.0,,7.9,9130.0,8.42
2025-11-25 00:00:00+00:00,USGS-09380000,7.5,15.149999999999999,742.0,,7.9,9130.0,8.42
2025-11-25 01:00:00+00:00,USGS-09380000,7.45,15.2,741.0,,7.9,9170.0,8.43
2025-11-25 02:00:00+00:00,USGS-09380000,7.4,15.2,741.0,,7.9,9300.0,8.465
2025-11-25 03:00:00+00:00,USGS-09380000,7.4,15.25,741.0,,7.9,9505.0,8.52
2025-11-25 04:00:00+00:00,USGS-09380000,7.5,15.3,740.5,,7.9,9690.0,8.57
2025-11-25 05:00:00+00:00,USGS-09380000,7.5,15.4,740.0,,7.9,9825.0,8.605
2025-11-25 06:00:00+00:00,USGS-09380000,7.5,15.4,740.0,,7.9,9880.0,8.62
2025-11-25 07:00:00+00:00,USGS-09380000,7.4,15.4,740.0,,7.9,9880.0,8.62
2025-11-25 08:00:00+00:00,USGS-09380000,7.3,15.4,739.0,,7.85,9615.0,8.55
2025-11-25 09:00:00+00:00,USGS-09380000,7.15,15.4,739.0,,7.8,8880.0,8.350000000000001
2025-11-25 10:00:00+00:00,USGS-09380000,7.0,15.4,739.0,,7.8,7950.0,8.085
2025-11-25 11:00:00+00:00,USGS-09380000,6.95,15.4,738.0,,7.8,7100.0,7.825
2025-11-25 12:00:00+00:00,USGS-09380000,6.9,15.350000000000001,738.0,,7.8,6470.0,7.619999999999999
2025-11-25 13:00:00+00:00,USGS-09380000,6.85,15.3,738.0,,7.8,6260.0,7.55
2025-11-25 14:00:00+00:00,USGS-09380000,6.8,15.3,738.0,,7.8,6695.0,7.695
2025-11-25 15:00:00+00:00,USGS-09380000,6.8,15.3,738.0,,7.8,7570.0,7.97
2025-11-25 16:00:00+00:00,USGS-09380000,6.8,15.3,738.0,,7.8,8435.0,8.225
2025-11-25 17:00:00+00:00,USGS-09380000,6.8,15.3,737.0,,7.8,9060.0,8.4
2025-11-25 18:00:00+00:00,USGS-09380000,6.95,15.3,737.0,,7.8,9335.0,8.475000000000001
2025-11-25 19:00:00+00:00,USGS-09380000,7.1,15.4,737.0,,7.8,9390.0,8.49
2025-11-25 20:00:00+00:00,USGS-09380000,7.3,15.45,737.0,,7.8,9300.0,8.465
2025-11-25 21:00:00+00:00,USGS-09380000,7.5,15.5,737.0,,7.9,9240.0,8.45
2025-11-25 22:00:00+00:00,USGS-09380000,7.6,15.6,737.0,,7.9,9170.0,8.43
2025-11-25 23:00:00+00:00,USGS-09380000,7.6,15.55,737.0,,7.9,9110.0,8.415
2025-11-26 00:00:00+00:00,USGS-09380000,7.6,15.5,737.0,,7.9,9090.0,8.41
2025-11-26 01:00:00+00:00,USGS-09380000,7.6,15.4,737.5,,7.9,9170.0,8.43
2025-11-26 02:00:00+00:00,USGS-09380000,7.5,15.4,738.0,,7.9,9315.0,8.47
2025-11-26 03:00:00+00:00,USGS-09380000,7.5,15.4,738.0,,7.9,9520.0,8.524999999999999
2025-11-26 04:00:00+00:00,USGS-09380000,7.5,15.4,738.0,,7.9,9730.0,8.58
2025-11-26 05:00:00+00:00,USGS-09380000,7.5,15.4,739.0,,7.9,9840.0,8.61
2025-11-26 06:00:00+00:00,USGS-09380000,7.5,15.4,739.0,,7.9,9880.0,8.62
2025-11-26 07:00:00+00:00,USGS-09380000,7.4,15.3,739.0,,7.9,9785.0,8.594999999999999
2025-11-26 08:00:00+00:00,USGS-09380000,7.25,15.25,740.0,,7.8,9335.0,8.475
2025-11-26 09:00:00+00:00,USGS-09380000,7.1,15.2,740.0,,7.8,8610.0,8.275
2025-11-26 10:00:00+00:00,USGS-09380000,7.0,15.1,740.5,,7.8,7750.0,8.025
2025-11-26 11:00:00+00:00,USGS-09380000,6.9,15.0,741.0,,7.8,6940.0,7.775
2025-11-26 12:00:00+00:00,USGS-09380000,6.8,15.0,741.0,,7.7,6380.0,7.59
2025-11-26 13:00:00+00:00,USGS-09380000,6.8,14.9,741.0,,7.7,6185.0,7.525
2025-11-26 14:00:00+00:00,USGS-09380000,6.8,14.8,742.0,,7.7,6650.0,7.68
2025-11-26 15:00:00+00:00,USGS-09380000,6.7,14.8,742.0,,7.7,7420.0,7.925000000000001
2025-11-26 16:00:00+00:00,USGS-09380000,6.7,14.7,742.5,,7.7,8415.0,8.219999999999999
2025-11-26 17:00:00+00:00,USGS-09380000,6.75,14.7,743.0,,7.7,9075.0,8.405000000000001
2025-11-26 18:00:00+00:00,USGS-09380000,6.85,14.7,744.0,,7.7,9385.0,8.49
2025-11-26 19:00:00+00:00,USGS-09380000,7.0,14.7,744.0,,7.7,9420.0,8.5
2025-11-26 20:00:00+00:00,USGS-09380000,7.2,14.7,744.0,,7.8,9330.0,8.475000000000001
2025-11-26 21:00:00+00:00,USGS-09380000,7.4,14.8,744.0,,7.8,9240.0,8.45
2025-11-26 22:00:00+00:00,USGS-09380000,7.6,14.8,745.0,,7.8,9170.0,8.43
2025-11-26 23:00:00+00:00,USGS-09380000,7.7,14.7,746.0,,7.8,9110.0,8.415
2025-11-27 00:00:00+00:00,USGS-09380000,7.7,14.649999999999999,747.0,,7.85,9075.0,8.405000000000001
2025-11-27 01:00:00+00:00,USGS-09380000,7.7,14.6,747.0,,7.9,9145.0,8.425
2025-11-27 02:00:00+00:00,USGS-09380000,7.7,14.6,748.0,,7.9,9335.0,8.475000000000001
2025-11-27 03:00:00+00:00,USGS-09380000,7.7,14.6,748.0,,7.9,9540.0,8.53
2025-11-27 04:00:00+00:00,USGS-09380000,7.8,14.6,748.0,,7.9,9730.0,8.58
2025-11-27 05:00:00+00:00,USGS-09380000,7.8,14.6,748.0,,7.9,9840.0,8.61
2025-11-27 06:00:00+00:00,USGS-09380000,7.75,14.6,748.5,,7.9,9840.0,8.61
2025-11-27 07:00:00+00:00,USGS-09380000,7.6,14.5,749.0,,7.9,9780.0,8.594999999999999
2025-11-27 08:00:00+00:00,USGS-09380000,7.45,14.5,749.0,,7.8,9330.0,8.475
2025-11-27 09:00:00+00:00,USGS-09380000,7.25,14.4,749.0,,7.8,8570.0,8.265
2025-11-27 10:00:00+00:00,USGS-09380000,7.1,14.4,750.0,,7.8,7660.0,8.0
2025-11-27 11:00:00+00:00,USGS-09380000,7.0,14.3,750.0,,7.8,6910.0,7.765000000000001
2025-11-27 12:00:00+00:00,USGS-09380000,6.9,14.2,750.0,,7.7,6320.0,7.57
2025-11-27 13:00:00+00:00,USGS-09380000,6.9,14.2,751.0,,7.7,6155.0,7.515
2025-11-27 14:00:00+00:00,USGS-09380000,6.9,14.1,751.0,,7.7,6620.0,7.67
2025-11-27 15:00:00+00:00,USGS-09380000,6.85,14.1,751.0,,7.7,7435.0,7.93
2025-11-27 16:00:00+00:00,USGS-09380000,6.85,14.1,751.0,,7.7,8185.0,8.155000000000001
2025-11-27 17:00:00+00:00,USGS-09380000,6.9,14.05,752.0,,7.7,8675.0,8.295
2025-11-27 18:00:00+00:00,USGS-09380000,6.95,14.1,752.0,,7.7,8980.0,8.38
2025-11-27 19:00:00+00:00,USGS-09380000,7.1,14.1,752.0,,7.7,9090.0,8.41
2025-11-27 20:00:00+00:00,USGS-09380000,7.3,14.2,752.0,,7.8,9130.0,8.42
2025-11-27 21:00:00+00:00,USGS-09380000,7.5,14.2,751.0,,7.8,9110.0,8.415
2025-11-27 22:00:00+00:00,USGS-09380000,7.6,14.3,751.0,,7.8,9110.0,8.415
2025-11-27 23:00:00+00:00,USGS-09380000,7.7,14.3,751.0,,7.8,9090.0,8.41
2025-11-28 00:00:00+00:00,USGS-09380000,7.6,14.3,750.0,,7.8,9050.0,8.4
2025-11-28 01:00:00+00:00,USGS-09380000,7.6,14.3,750.0,,7.8,9050.0,8.4
2025-11-28 02:00:00+00:00,USGS-09380000,7.6,14.3,749.0,,7.8,9125.0,8.42
2025-11-28 03:00:00+00:00,USGS-09380000,7.6,14.4,749.0,,7.8,9385.0,8.49
2025-11-28 04:00:00+00:00,USGS-09380000,7.6,14.4,748.5,,7.85,9550.0,8.535
2025-11-28 05:00:00+00:00,USGS-09380000,7.7,14.5,748.0,,7.9,9740.0,8.585
2025-11-28 06:00:00+00:00,USGS-09380000,7.7,14.6,747.0,,7.9,9700.0,8.575
2025-11-28 07:00:00+00:00,USGS-09380000,7.6,14.6,746.0,,7.9,9515.0,8.524999999999999
2025-11-28 08:00:00+00:00,USGS-09380000,7.45,14.6,746.0,,7.8,9215.0,8.445
2025-11-28 09:00:00+00:00,USGS-09380000,7.3,14.6,746.0,,7.8,8890.0,8.355
2025-11-28 10:00:00+00:00,USGS-09380000,7.15,14.6,746.0,,7.8,8600.0,8.274999999999999
2025-11-28 11:00:00+00:00,USGS-09380000,7.0,14.5,746.0,,7.8,8390.0,8.215
2025-11-28 12:00:00+00:00,USGS-09380000,6.95,14.5,746.0,,7.8,8285.0,8.184999999999999
2025-11-28 13:00:00+00:00,USGS-09380000,6.9,14.4,746.0,,7.7,8240.0,8.17
2025-11-28 14:00:00+00:00,USGS-09380000,6.9,14.4,745.0,,7.7,8185.0,8.155000000000001
2025-11-28 15:00:00+00:00,USGS-09380000,6.8,14.4,745.0,,7.7,8390.0,8.215
2025-11-28 16:00:00+00:00,USGS-09380000,6.8,14.3,745.0,,7.7,8835.0,8.34
2025-11-28 17:00:00+00:00,USGS-09380000,6.9,14.3,745.0,,7.7,9090.0,8.41
2025-11-28 18:00:00+00:00,USGS-09380000,6.95,14.350000000000001,745.0,,7.7,9070.0,8.405000000000001
2025-11-28 19:00:00+00:00,USGS-09380000,7.1,14.4,745.0,,7.8,8890.0,8.355
2025-11-28 20:00:00+00:00,USGS-09380000,7.25,14.5,745.0,,7.8,8745.0,8.315000000000001
2025-11-28 21:00:00+00:00,USGS-09380000,7.5,14.6,744.0,,7.8,8650.0,8.29
2025-11-28 22:00:00+00:00,USGS-09380000,7.65,14.6,744.0,,7.8,8580.0,8.27
2025-11-28 23:00:00+00:00,USGS-09380000,7.7,14.649999999999999,743.0,,7.9,8530.0,8.254999999999999
2025-11-29 00:00:00+00:00,USGS-09380000,7.6,14.6,743.0,,7.9,8510.0,8.25
2025-11-29 01:00:00+00:00,USGS-09380000,7.6,14.6,742.5,,7.8,8600.0,8.274999999999999
2025-11-29 02:00:00+00:00,USGS-09380000,7.6,14.6,742.0,,7.8,8925.0,8.365
2025-11-29 03:00:00+00:00,USGS-09380000,7.55,14.7,742.0,,7.8,9290.0,8.465
2025-11-29 04:00:00+00:00,USGS-09380000,7.6,14.7,742.0,,7.9,9510.0,8.524999999999999
2025-11-29 05:00:00+00:00,USGS-09380000,7.6,14.8,742.0,,7.9,9660.0,8.565000000000001
2025-11-29 06:00:00+00:00,USGS-09380000,7.6,14.8,741.0,,7.9,9720.0,8.58
2025-11-29 07:00:00+00:00,USGS-09380000,7.55,14.8,741.0,,7.9,9550.0,8.535
2025-11-29 08:00:00+00:00,USGS-09380000,7.4,14.8,741.0,,7.8,9145.0,8.425
2025-11-29 09:00:00+00:00,USGS-09380000,7.25,14.8,741.0,,7.8,8760.0,8.32
2025-11-29 10:00:00+00:00,USGS-09380000,7.1,14.7,742.0,,7.8,8495.0,8.245000000000001
2025-11-29 11:00:00+00:00,USGS-09380000,7.0,14.7,742.0,,7.8,8320.0,8.195
2025-11-29 12:00:00+00:00,USGS-09380000,7.0,14.6,742.0,,7.8,8250.0,8.175
2025-11-29 13:00:00+00:00,USGS-09380000,6.9,14.6,742.0,,7.8,8160.0,8.15
2025-11-29 14:00:00+00:00,USGS-09380000,6.9,14.55,742.0,,7.8,8130.0,8.14
2025-11-29 15:00:00+00:00,USGS-09380000,6.9,14.5,742.0,,7.8,8130.0,8.14
2025-11-29 16:00:00+00:00,USGS-09380000,6.9,14.5,742.0,,7.8,8160.0,8.15
2025-11-29 17:00:00+00:00,USGS-09380000,6.9,14.5,742.0,,7.8,8250.0,8.175
2025-11-29 18:00:00+00:00,USGS-09380000,7.0,14.5,742.0,,7.8,8340.0,8.2
2025-11-29 19:00:00+00:00,USGS-09380000,7.1,14.6,742.0,,7.8,8410.0,8.22
2025-11-29 20:00:00+00:00,USGS-09380000,7.3,14.6,741.5,,7.8,8425.0,8.225000000000001
2025-11-29 21:00:00+00:00,USGS-09380000,7.55,14.7,741.0,,7.85,8480.0,8.24
2025-11-29 22:00:00+00:00,USGS-09380000,7.7,14.7,741.0,,7.9,8495.0,8.245000000000001
2025-11-29 23:00:00+00:00,USGS-09380000,7.7,14.7,741.0,,7.9,8480.0,8.24
2025-11-30 00:00:00+00:00,USGS-09380000,7.7,14.7,740.0,,7.9,8510.0,8.25
2025-11-30 01:00:00+00:00,USGS-09380000,7.7,14.7,740.0,,7.9,8655.0,8.29
2025-11-30 02:00:00+00:00,USGS-09380000,7.7,14.7,740.0,,7.9,9030.0,8.395
2025-11-30 03:00:00+00:00,USGS-09380000,7.7,14.7,740.0,,7.9,9360.0,8.485
2025-11-30 04:00:00+00:00,USGS-09380000,7.7,14.7,740.0,,7.9,9600.0,8.55
2025-11-30 05:00:00+00:00,USGS-09380000,7.75,14.75,739.0,,7.9,9720.0,8.58
2025-11-30 06:00:00+00:00,USGS-09380000,7.8,14.8,740.0,,7.9,9660.0,8.565000000000001
2025-11-30 07:00:00+00:00,USGS-09380000,7.7,14.8,740.0,,7.9,9380.0,8.49
2025-11-30 08:00:00+00:00,USGS-09380000,7.55,14.8,740.0,,7.9,9025.0,8.395
2025-11-30 09:00:00+00:00,USGS-09380000,7.4,14.7,740.0,,7.8,8705.0,8.305
2025-11-30 10:00:00+00:00,USGS-09380000,7.2,14.6,740.0,,7.8,8475.0,8.24
2025-11-30 11:00:00+00:00,USGS-09380000,7.1,14.6,740.0,,7.8,8355.0,8.205
2025-11-30 12:00:00+00:00,USGS-09380000,7.0,14.5,740.0,,7.8,8250.0,8.175
2025-11-30 13:00:00+00:00,USGS-09380000,6.95,14.5,740.0,,7.8,8215.0,8.165
2025-11-30 14:00:00+00:00,USGS-09380000,6.9,14.4,740.0,,7.8,8200.0,8.16
2025-11-30 15:00:00+00:00,USGS-09380000,6.9,14.4,740.0,,7.7,8200.0,8.16
2025-11-30 16:00:00+00:00,USGS-09380000,6.9,14.4,740.0,,7.8,8285.0,8.184999999999999
2025-11-30 17:00:00+00:00,USGS-09380000,6.9,14.4,740.0,,7.8,8385.0,8.215
2025-11-30 18:00:00+00:00,USGS-09380000,7.0,14.4,740.0,,7.8,8440.0,8.23
2025-11-30 19:00:00+00:00,USGS-09380000,7.15,14.45,740.0,,7.8,8490.0,8.245000000000001
2025-11-30 20:00:00+00:00,USGS-09380000,7.35,14.5,740.0,,7.8,8490.0,8.245000000000001
2025-11-30 21:00:00+00:00,USGS-09380000,7.55,14.5,740.0,,7.8,8455.0,8.235
2025-11-30 22:00:00+00:00,USGS-09380000,7.7,14.6,740.0,,7.9,8470.0,8.24
2025-11-30 23:00:00+00:00,USGS-09380000,7.85,14.6,740.0,,7.9,8510.0,8.25
2025-12-01 00:00:00+00:00,USGS-09380000,8.0,14.6,740.0,,7.9,8405.0,8.22
2025-12-01 01:00:00+00:00,USGS-09380000,8.0,14.6,740.0,,7.9,8650.0,8.29
2025-12-01 02:00:00+00:00,USGS-09380000,8.0,14.6,740.0,,7.9,8955.0,8.375
2025-12-01 03:00:00+00:00,USGS-09380000,8.1,14.5,740.0,,7.9,9305.0,8.47
2025-12-01 04:00:00+00:00,USGS-09380000,8.1,14.5,741.0,,7.9,9510.0,8.524999999999999
2025-12-01 05:00:00+00:00,USGS-09380000,8.1,14.5,741.0,,7.9,9545.0,8.535
2025-12-01 06:00:00+00:00,USGS-09380000,8.0,14.5,741.0,,7.9,9305.0,8.47
2025-12-01 07:00:00+00:00,USGS-09380000,7.8,14.4,742.0,,7.9,8955.0,8.375
2025-12-01 08:00:00+00:00,USGS-09380000,7.6,14.4,742.0,,7.9,8670.0,8.295
2025-12-01 09:00:00+00:00,USGS-09380000,7.4,14.3,742.0,,7.8,8215.0,8.165
2025-12-01 10:00:00+00:00,USGS-09380000,7.2,14.2,742.0,,7.8,7545.0,7.965
2025-12-01 11:00:00+00:00,USGS-09380000,7.1,14.1,743.0,,7.8,6965.0,7.785
2025-12-01 12:00:00+00:00,USGS-09380000,7.05,14.05,743.0,,7.8,6550.0,7.65
2025-12-01 13:00:00+00:00,USGS-09380000,7.0,14.0,743.0,,7.8,6280.0,7.5600000000000005
2025-12-01 14:00:00+00:00,USGS-09380000,7.0,14.0,743.0,,7.75,6125.0,7.505
2025-12-01 15:00:00+00:00,USGS-09380000,7.0,13.9,743.0,,7.7,6370.0,7.59
2025-12-01 16:00:00+00:00,USGS-09380000,7.0,13.8,744.0,,7.7,7375.0,7.915
2025-12-01 17:00:00+00:00,USGS-09380000,7.0,13.8,744.0,,7.7,8350.0,8.205
2025-12-01 18:00:00+00:00,USGS-09380000,7.0,13.8,744.0,,7.7,8755.0,8.32
2025-12-01 19:00:00+00:00,USGS-09380000,7.15,13.8,744.0,,7.8,8790.0,8.33
2025-12-01 20:00:00+00:00,USGS-09380000,7.3,13.8,745.0,,7.8,8700.0,8.305
2025-12-01 21:00:00+00:00,USGS-09380000,7.5,13.8,745.0,,7.8,8680.0,8.3
2025-12-01 22:00:00+00:00,USGS-09380000,7.7,13.8,746.0,,7.8,8630.0,8.285
2025-12-01 23:00:00+00:00,USGS-09380000,7.7,13.8,746.0,,7.8,8610.0,8.28
2025-12-02 00:00:00+00:00,USGS-09380000,7.65,13.8,746.0,,7.8,8580.0,8.27
2025-12-02 01:00:00+00:00,USGS-09380000,7.6,13.7,746.0,,7.8,8610.0,8.28
2025-12-02 02:00:00+00:00,USGS-09380000,7.55,13.7,747.0,,7.8,8790.0,8.33
2025-12-02 03:00:00+00:00,USGS-09380000,7.5,13.6,748.0,,7.8,9285.0,8.465
2025-12-02 04:00:00+00:00,USGS-09380000,7.5,13.6,748.0,,7.8,9715.0,8.58
2025-12-02 05:00:00+00:00,USGS-09380000,7.6,13.6,749.0,,7.8,10000.0,8.66
2025-12-02 06:00:00+00:00,USGS-09380000,7.6,13.6,749.0,,7.8,9925.0,8.635
2025-12-02 07:00:00+00:00,USGS-09380000,7.55,13.6,749.0,,7.8,9245.0,8.455
2025-12-02 08:00:00+00:00,USGS-09380000,7.4,13.6,749.0,,7.8,8280.0,8.185
2025-12-02 09:00:00+00:00,USGS-09380000,7.3,13.6,749.0,,7.8,7455.0,7.9399999999999995
2025-12-02 10:00:00+00:00,USGS-09380000,7.2,13.6,749.0,,7.8,6885.0,7.76
2025-12-02 11:00:00+00:00,USGS-09380000,7.15,13.5,749.0,,7.8,6520.0,7.640000000000001
2025-12-02 12:00:00+00:00,USGS-09380000,7.1,13.5,748.0,,7.75,6310.0,7.57
2025-12-02 13:00:00+00:00,USGS-09380000,7.0,13.5,748.0,,7.7,6175.0,7.525
2025-12-02 14:00:00+00:00,USGS-09380000,7.0,13.5,748.0,,7.7,6110.0,7.5
2025-12-02 15:00:00+00:00,USGS-09380000,7.0,13.5,748.0,,7.7,6400.0,7.6
2025-12-02 16:00:00+00:00,USGS-09380000,7.0,13.4,748.0,,7.7,7425.0,7.93
2025-12-02 17:00:00+00:00,USGS-09380000,7.1,13.4,749.0,,7.7,8420.0,8.225
2025-12-02 18:00:00+00:00,USGS-09380000,7.15,13.3,749.5,,7.7,8790.0,8.33
2025-12-02 19:00:00+00:00,USGS-09380000,7.35,13.3,750.0,,7.8,8840.0,8.344999999999999
2025-12-02 20:00:00+00:00,USGS-09380000,7.55,13.2,751.0,,7.8,8790.0,8.33
2025-12-02 21:00:00+00:00,USGS-09380000,7.7,13.2,751.0,,7.8,8750.0,8.32
2025-12-02 22:00:00+00:00,USGS-09380000,7.8,13.3,750.5,,7.8,8680.0,8.3
2025-12-02 23:00:00+00:00,USGS-09380000,7.85,13.350000000000001,750.0,,7.8,8665.0,8.295
2025-12-03 00:00:00+00:00,USGS-09380000,7.9,13.45,749.0,,7.85,8650.0,8.29
2025-12-03 01:00:00+00:00,USGS-09380000,8.0,13.6,748.0,,7.9,8630.0,8.285
2025-12-03 02:00:00+00:00,USGS-09380000,8.1,13.649999999999999,748.0,,7.9,8785.0,8.33
2025-12-03 03:00:00+00:00,USGS-09380000,8.1,13.7,747.0,,7.9,9265.0,8.46
2025-12-03 04:00:00+00:00,USGS-09380000,8.1,13.8,747.0,,7.9,9770.0,8.594999999999999
2025-12-03 05:00:00+00:00,USGS-09380000,8.1,13.8,747.0,,7.9,10100.0,8.68
2025-12-03 06:00:00+00:00,USGS-09380000,8.0,13.8,747.0,,7.9,9960.0,8.645
2025-12-03 07:00:00+00:00,USGS-09380000,7.8,13.8,748.0,,7.9,9335.0,8.48
2025-12-03 08:00:00+00:00,USGS-09380000,7.6,13.7,748.0,,7.8,8435.0,8.23
2025-12-03 09:00:00+00:00,USGS-09380000,7.45,13.7,748.0,,7.8,7665.0,8.004999999999999
2025-12-03 10:00:00+00:00,USGS-09380000,7.3,13.7,748.0,,7.8,6990.0,7.795
2025-12-03 11:00:00+00:00,USGS-09380000,7.2,13.6,748.0,,7.8,6625.0,7.675000000000001
2025-12-03 12:00:00+00:00,USGS-09380000,7.1,13.6,748.5,,7.8,6370.0,7.59
2025-12-03 13:00:00+00:00,USGS-09380000,7.1,13.6,749.0,,7.7,6205.0,7.535
2025-12-03 14:00:00+00:00,USGS-09380000,7.0,13.5,749.0,,7.7,6130.0,7.51
2025-12-03 15:00:00+00:00,USGS-09380000,7.0,13.5,749.0,,7.7,6415.0,7.605
2025-12-03 16:00:00+00:00,USGS-09380000,7.0,13.5,749.5,,7.7,7450.0,7.94
2025-12-03 17:00:00+00:00,USGS-09380000,7.0,13.4,750.0,,7.7,8450.0,8.235
2025-12-03 18:00:00+00:00,USGS-09380000,7.1,13.4,750.0,,7.7,8805.0,8.335
2025-12-03 19:00:00+00:00,USGS-09380000,7.2,13.4,749.0,,7.7,8820.0,8.34
2025-12-03 20:00:00+00:00,USGS-09380000,7.3,13.4,749.0,,7.8,8790.0,8.33
2025-12-03 21:00:00+00:00,USGS-09380000,7.5,13.5,748.5,,7.8,8735.0,8.315000000000001
2025-12-03 22:00:00+00:00,USGS-09380000,7.65,13.5,749.0,,7.8,8700.0,8.305
2025-12-03 23:00:00+00:00,USGS-09380000,7.8,13.5,749.0,,7.8,8640.0,8.29
2025-12-04 00:00:00+00:00,USGS-09380000,7.9,13.5,749.0,,7.8,8640.0,8.29
2025-12-04 01:00:00+00:00,USGS-09380000,7.9,13.5,749.0,,7.9,8660.0,8.295
2025-12-04 02:00:00+00:00,USGS-09380000,7.9,13.5,749.0,,7.9,8860.0,8.35
2025-12-04 03:00:00+00:00,USGS-09380000,8.0,13.5,748.0,,7.9,9350.0,8.485
2025-12-04 04:00:00+00:00,USGS-09380000,8.05,13.6,747.5,,7.9,9805.0,8.605
2025-12-04 05:00:00+00:00,USGS-09380000,8.1,13.6,746.5,,7.9,10150.0,8.69
2025-12-04 06:00:00+00:00,USGS-09380000,8.1,13.7,746.0,,7.9,10020.0,8.66
2025-12-04 07:00:00+00:00,USGS-09380000,7.95,13.7,745.0,,7.9,9300.0,8.469999999999999
2025-12-04 08:00:00+00:00,USGS-09380000,7.8,13.7,745.0,,7.9,8380.0,8.215
2025-12-04 09:00:00+00:00,USGS-09380000,7.6,13.6,745.0,,7.8,7535.0,7.965
2025-12-04 10:00:00+00:00,USGS-09380000,7.5,13.6,745.0,,7.8,6910.0,7.77
2025-12-04 11:00:00+00:00,USGS-09380000,7.4,13.55,745.5,,7.8,6510.0,7.640000000000001
2025-12-04 12:00:00+00:00,USGS-09380000,7.3,13.5,746.0,,7.8,6295.0,7.5649999999999995
2025-12-04 13:00:00+00:00,USGS-09380000,7.2,13.4,746.0,,7.8,6175.0,7.525
2025-12-04 14:00:00+00:00,USGS-09380000,7.2,13.4,746.0,,7.75,6085.0,7.495
2025-12-04 15:00:00+00:00,USGS-09380000,7.2,13.4,746.0,,7.7,6395.0,7.6
2025-12-04 16:00:00+00:00,USGS-09380000,7.2,13.4,746.0,,7.7,7435.0,7.9350000000000005
2025-12-04 17:00:00+00:00,USGS-09380000,7.2,13.3,746.0,,7.7,8415.0,8.225
2025-12-04 18:00:00+00:00,USGS-09380000,7.25,13.4,745.0,,7.7,8780.0,8.33
2025-12-04 19:00:00+00:00,USGS-09380000,7.4,13.4,745.0,,7.8,8780.0,8.33
2025-12-04 20:00:00+00:00,USGS-09380000,7.55,13.5,744.0,,7.8,8765.0,8.325
2025-12-04 21:00:00+00:00,USGS-09380000,7.75,13.6,744.0,,7.8,8730.0,8.315000000000001
2025-12-04 22:00:00+00:00,USGS-09380000,7.9,13.6,744.0,,7.8,8680.0,8.3
2025-12-04 23:00:00+00:00,USGS-09380000,7.9,13.6,744.0,,7.9,8640.0,8.29
2025-12-05 00:00:00+00:00,USGS-09380000,7.9,13.5,744.0,,7.8,8640.0,8.29
2025-12-05 01:00:00+00:00,USGS-09380000,7.8,13.5,744.0,,7.8,8610.0,8.28
2025-12-05 02:00:00+00:00,USGS-09380000,7.8,13.5,744.0,,7.8,8820.0,8.34
2025-12-05 03:00:00+00:00,USGS-09380000,7.8,13.4,745.0,,7.8,9295.0,8.469999999999999
2025-12-05 04:00:00+00:00,USGS-09380000,7.8,13.5,745.0,,7.8,9760.0,8.594999999999999
2025-12-05 05:00:00+00:00,USGS-09380000,7.8,13.5,745.0,,7.8,10100.0,8.675
2025-12-05 06:00:00+00:00,USGS-09380000,7.8,13.6,744.0,,7.8,9985.0,8.655000000000001
2025-12-05 07:00:00+00:00,USGS-09380000,7.75,13.6,744.0,,7.8,9335.0,8.48
2025-12-05 08:00:00+00:00,USGS-09380000,7.6,13.6,744.0,,7.8,8340.0,8.205
2025-12-05 09:00:00+00:00,USGS-09380000,7.5,13.5,744.0,,7.8,7500.0,7.955
2025-12-05 10:00:00+00:00,USGS-09380000,7.4,13.5,744.0,,7.8,6880.0,7.76
2025-12-05 11:00:00+00:00,USGS-09380000,7.3,13.4,745.0,,7.8,6510.0,7.640000000000001
2025-12-05 12:00:00+00:00,USGS-09380000,7.2,13.4,745.0,,7.8,6275.0,7.5600000000000005
2025-12-05 13:00:00+00:00,USGS-09380000,7.2,13.3,745.0,,7.8,6130.0,7.51
2025-12-05 14:00:00+00:00,USGS-09380000,7.2,13.3,745.0,,7.7,6070.0,7.49
2025-12-05 15:00:00+00:00,USGS-09380000,7.1,13.25,745.0,,7.7,6350.0,7.585
2025-12-05 16:00:00+00:00,USGS-09380000,7.1,13.2,746.0,,7.7,7385.0,7.92
2025-12-05 17:00:00+00:00,USGS-09380000,7.15,13.2,746.0,,7.7,8375.0,8.215
2025-12-05 18:00:00+00:00,USGS-09380000,7.2,13.2,745.0,,7.7,8800.0,8.335
2025-12-05 19:00:00+00:00,USGS-09380000,,,,,,8835.0,8.344999999999999
2025-12-05 20:00:00+00:00,USGS-09380000,7.55,13.4,745.0,0.35,7.9,8780.0,8.33
2025-12-05 21:00:00+00:00,USGS-09380000,7.7,13.4,745.0,0.3,7.9,8710.0,8.31
2025-12-05 22:00:00+00:00,USGS-09380000,7.85,13.5,745.0,0.3,7.9,8695.0,8.305
2025-12-05 23:00:00+00:00,USGS-09380000,7.9,13.4,745.0,0.3,7.95,8655.0,8.295
2025-12-06 00:00:00+00:00,USGS-09380000,7.85,13.4,745.0,0.3,7.9,8640.0,8.29
2025-12-06 01:00:00+00:00,USGS-09380000,7.8,13.4,745.0,0.3,7.9,8640.0,8.29
2025-12-06 02:00:00+00:00,USGS-09380000,7.8,13.4,745.0,0.3,7.9,8875.0,8.355
2025-12-06 03:00:00+00:00,USGS-09380000,7.8,13.4,745.0,0.3,8.0,9385.0,8.495000000000001
2025-12-06 04:00:00+00:00,USGS-09380000,7.8,13.45,745.0,0.3,8.0,9800.0,8.605
2025-12-06 05:00:00+00:00,USGS-09380000,7.85,13.55,744.0,0.3,8.0,10150.0,8.695
2025-12-06 06:00:00+00:00,USGS-09380000,7.9,13.6,744.0,0.35,8.0,9965.0,8.655000000000001
2025-12-06 07:00:00+00:00,USGS-09380000,7.8,13.7,743.0,0.35,8.0,9310.0,8.475
2025-12-06 08:00:00+00:00,USGS-09380000,7.7,13.7,743.0,0.4,8.0,8290.0,8.190000000000001
2025-12-06 09:00:00+00:00,USGS-09380000,7.6,13.649999999999999,743.0,0.3,7.9,7465.0,7.945
2025-12-06 10:00:00+00:00,USGS-09380000,7.5,13.6,743.0,0.3,7.9,6865.0,7.755
2025-12-06 11:00:00+00:00,USGS-09380000,7.4,13.6,742.0,0.3,7.9,6495.0,7.635
2025-12-06 12:00:00+00:00,USGS-09380000,7.3,13.6,742.0,0.3,7.9,6285.0,7.5649999999999995
2025-12-06 13:00:00+00:00,USGS-09380000,7.3,13.5,742.0,0.3,7.9,6145.0,7.515
2025-12-06 14:00:00+00:00,USGS-09380000,7.3,13.5,742.0,0.3,7.9,6070.0,7.49
2025-12-06 15:00:00+00:00,USGS-09380000,7.2,13.4,742.0,0.3,7.9,5995.0,7.465
2025-12-06 16:00:00+00:00,USGS-09380000,7.2,13.4,742.0,0.3,7.9,6225.0,7.545
2025-12-06 17:00:00+00:00,USGS-09380000,7.2,13.4,742.0,0.3,7.9,6815.0,7.74
2025-12-06 18:00:00+00:00,USGS-09380000,7.3,13.4,742.0,0.25,7.9,7480.0,7.95
2025-12-06 19:00:00+00:00,USGS-09380000,7.4,13.4,742.0,0.3,7.9,7980.0,8.1
2025-12-06 20:00:00+00:00,USGS-09380000,7.6,13.5,741.5,0.25,7.9,8285.0,8.19
2025-12-06 21:00:00+00:00,USGS-09380000,7.8,13.6,741.0,0.25,8.0,8410.0,8.225000000000001
2025-12-06 22:00:00+00:00,USGS-09380000,7.95,13.6,741.0,0.25,8.0,8480.0,8.245000000000001
2025-12-06 23:00:00+00:00,USGS-09380000,8.0,13.6,741.0,0.3,8.0,8495.0,8.25
2025-12-07 00:00:00+00:00,USGS-09380000,8.0,13.6,741.0,0.3,8.0,8530.0,8.26
2025-12-07 01:00:00+00:00,USGS-09380000,7.9,13.55,741.0,0.3,8.0,8585.0,8.274999999999999
2025-12-07 02:00:00+00:00,USGS-09380000,7.9,13.5,742.0,0.3,8.0,8835.0,8.344999999999999
2025-12-07 03:00:00+00:00,USGS-09380000,7.9,13.5,742.0,0.3,8.0,9290.0,8.47
2025-12-07 04:00:00+00:00,USGS-09380000,7.9,13.55,742.0,0.3,8.0,9795.0,8.605
2025-12-07 05:00:00+00:00,USGS-09380000,7.9,13.6,743.0,0.3,8.0,10100.0,8.684999999999999
2025-12-07 06:00:00+00:00,USGS-09380000,8.0,13.6,742.0,0.35,8.0,9965.0,8.655000000000001
2025-12-07 07:00:00+00:00,USGS-09380000,7.9,13.7,742.0,0.4,8.0,9330.0,8.48
2025-12-07 08:00:00+00:00,USGS-09380000,7.75,13.6,742.0,0.35,8.0,8355.0,8.21
2025-12-07 09:00:00+00:00,USGS-09380000,7.6,13.6,742.0,0.3,7.9,7495.0,7.955
2025-12-07 10:00:00+00:00,USGS-09380000,7.5,13.55,743.0,0.3,7.9,6905.0,7.77
2025-12-07 11:00:00+00:00,USGS-09380000,7.4,13.5,743.0,0.3,7.9,6510.0,7.640000000000001
2025-12-07 12:00:00+00:00,USGS-09380000,7.3,13.4,743.0,0.3,7.9,6270.0,7.5600000000000005
2025-12-07 13:00:00+00:00,USGS-09380000,7.3,13.4,744.0,0.3,7.9,6165.0,7.525
2025-12-07 14:00:00+00:00,USGS-09380000,7.2,13.3,744.0,0.3,7.9,6085.0,7.495
2025-12-07 15:00:00+00:00,USGS-09380000,7.2,13.2,744.0,0.3,7.85,6055.0,7.485
2025-12-07 16:00:00+00:00,USGS-09380000,7.2,13.2,744.0,0.3,7.8,6255.0,7.555
2025-12-07 17:00:00+00:00,USGS-09380000,7.2,13.2,744.0,0.3,7.8,6860.0,7.755000000000001
2025-12-07 18:00:00+00:00,USGS-09380000,7.25,13.2,745.0,0.3,7.85,7515.0,7.960000000000001
2025-12-07 19:00:00+00:00,USGS-09380000,7.4,13.2,745.0,0.25,7.9,7960.0,8.094999999999999
2025-12-07 20:00:00+00:00,USGS-09380000,7.55,13.2,745.0,0.6,7.9,8235.0,8.175
2025-12-07 21:00:00+00:00,USGS-09380000,7.75,13.3,744.5,0.6499999999999999,7.9,8405.0,8.225000000000001
2025-12-07 22:00:00+00:00,USGS-09380000,7.9,13.3,744.5,0.6499999999999999,7.95,8510.0,8.254999999999999
2025-12-07 23:00:00+00:00,USGS-09380000,7.9,13.3,745.0,0.3,8.0,8560.0,8.27
2025-12-08 00:00:00+00:00,USGS-09380000,7.9,13.2,746.0,0.3,7.9,8560.0,8.27
2025-12-08 01:00:00+00:00,USGS-09380000,7.85,13.149999999999999,746.5,0.3,7.9,8580.0,8.274999999999999
2025-12-08 02:00:00+00:00,USGS-09380000,7.8,13.1,747.0,0.3,7.9,8795.0,8.335
2025-12-08 03:00:00+00:00,USGS-09380000,7.8,13.1,747.0,0.3,7.9,9325.0,8.48
2025-12-08 04:00:00+00:00,USGS-09380000,7.8,13.1,748.0,0.3,7.9,9755.0,8.594999999999999
2025-12-08 05:00:00+00:00,USGS-09380000,7.85,13.149999999999999,748.0,0.3,7.9,9815.0,8.61
2025-12-08 06:00:00+00:00,USGS-09380000,7.9,13.2,748.0,0.35,8.0,9270.0,8.465
2025-12-08 07:00:00+00:00,USGS-09380000,7.85,13.2,748.0,0.35,8.0,8285.0,8.190000000000001
2025-12-08 08:00:00+00:00,USGS-09380000,7.75,13.2,748.0,0.3,7.9,7445.0,7.9399999999999995
2025-12-08 09:00:00+00:00,USGS-09380000,7.65,13.2,748.0,0.35,7.9,6875.0,7.76
2025-12-08 10:00:00+00:00,USGS-09380000,7.55,13.2,748.0,0.35,7.9,6495.0,7.635
2025-12-08 11:00:00+00:00,USGS-09380000,7.5,13.149999999999999,748.0,0.3,7.9,6255.0,7.555
2025-12-08 12:00:00+00:00,USGS-09380000,7.4,13.1,748.0,0.3,7.9,6095.0,7.5
2025-12-08 13:00:00+00:00,USGS-09380000,7.35,13.0,748.0,0.3,7.9,6040.0,7.48
2025-12-08 14:00:00+00:00,USGS-09380000,7.3,13.0,748.0,0.3,7.9,6025.0,7.475
2025-12-08 15:00:00+00:00,USGS-09380000,7.3,12.95,749.0,0.3,7.9,6345.0,7.585
2025-12-08 16:00:00+00:00,USGS-09380000,7.3,12.9,749.0,0.3,7.8,7395.0,7.925
2025-12-08 17:00:00+00:00,USGS-09380000,7.3,12.9,749.0,0.3,7.8,8370.0,8.215
2025-12-08 18:00:00+00:00,USGS-09380000,7.35,12.9,749.0,0.3,7.8,8740.0,8.32
2025-12-08 19:00:00+00:00,USGS-09380000,7.5,12.9,749.0,0.3,7.9,8780.0,8.33
2025-12-08 20:00:00+00:00,USGS-09380000,7.65,13.0,749.0,0.3,7.9,8740.0,8.32
2025-12-08 21:00:00+00:00,USGS-09380000,7.85,13.05,749.0,0.3,7.9,8700.0,8.31
2025-12-08 22:00:00+00:00,USGS-09380000,8.0,13.1,750.0,0.3,7.9,8700.0,8.31
2025-12-08 23:00:00+00:00,USGS-09380000,8.0,13.0,750.0,0.3,7.95,8685.0,8.305
2025-12-09 00:00:00+00:00,USGS-09380000,8.0,13.0,751.0,0.3,7.9,8670.0,8.3
2025-12-09 01:00:00+00:00,USGS-09380000,7.9,12.9,752.0,0.4,7.9,8670.0,8.3
2025-12-09 02:00:00+00:00,USGS-09380000,7.9,12.8,753.5,0.35,7.9,8885.0,8.36
2025-12-09 03:00:00+00:00,USGS-09380000,7.9,12.8,754.5,0.3,7.9,9375.0,8.495000000000001
2025-12-09 04:00:00+00:00,USGS-09380000,7.9,12.8,755.0,0.3,7.9,9810.0,8.61
2025-12-09 05:00:00+00:00,USGS-09380000,8.0,12.850000000000001,755.0,0.4,7.9,10150.0,8.69
2025-12-09 06:00:00+00:00,USGS-09380000,8.0,12.9,755.0,0.3,8.0,9985.0,8.66
2025-12-09 07:00:00+00:00,USGS-09380000,7.9,12.9,755.0,0.4,8.0,9300.0,8.475
2025-12-09 08:00:00+00:00,USGS-09380000,7.8,12.9,755.0,0.35,7.9,8335.0,8.205
2025-12-09 09:00:00+00:00,USGS-09380000,7.7,12.9,754.0,0.35,7.9,7490.0,7.955
2025-12-09 10:00:00+00:00,USGS-09380000,7.6,12.850000000000001,754.0,0.4,7.9,6900.0,7.77
2025-12-09 11:00:00+00:00,USGS-09380000,7.5,12.8,754.0,0.3,7.9,6525.0,7.645
2025-12-09 12:00:00+00:00,USGS-09380000,7.4,12.8,755.0,0.3,7.9,6255.0,7.555
2025-12-09 13:00:00+00:00,USGS-09380000,7.4,12.7,755.0,0.3,7.9,6105.0,7.505
2025-12-09 14:00:00+00:00,USGS-09380000,7.4,12.649999999999999,755.0,0.3,7.9,6060.0,7.49
2025-12-09 15:00:00+00:00,USGS-09380000,7.3,12.6,756.0,0.3,7.8,6370.0,7.595
2025-12-09 16:00:00+00:00,USGS-09380000,7.3,12.6,756.0,0.3,7.8,7395.0,7.925
2025-12-09 17:00:00+00:00,USGS-09380000,7.3,12.5,756.0,0.3,7.8,8370.0,8.215
2025-12-09 18:00:00+00:00,USGS-09380000,7.4,12.55,756.0,0.35,7.8,8790.0,8.335
2025-12-09 19:00:00+00:00,USGS-09380000,7.5,12.6,755.5,0.35,7.9,8830.0,8.344999999999999
2025-12-09 20:00:00+00:00,USGS-09380000,7.7,12.7,754.5,0.35,7.9,8770.0,8.33
2025-12-09 21:00:00+00:00,USGS-09380000,7.85,12.75,754.0,0.35,7.9,8700.0,8.31
2025-12-09 22:00:00+00:00,USGS-09380000,8.0,12.8,753.5,0.3,7.9,8670.0,8.3
2025-12-09 23:00:00+00:00,USGS-09380000,8.1,12.8,751.0,0.5,7.9,8630.0,8.29
2025-12-10 00:00:00+00:00,USGS-09380000,8.0,12.75,754.0,0.6,7.9,8630.0,8.29
2025-12-10 01:00:00+00:00,USGS-09380000,8.0,12.7,754.0,0.3,7.9,8630.0,8.29
2025-12-10 02:00:00+00:00,USGS-09380000,7.9,12.7,755.5,0.4,7.9,8805.0,8.34
2025-12-10 03:00:00+00:00,USGS-09380000,7.9,12.6,756.0,0.3,7.9,9335.0,8.485
2025-12-10 04:00:00+00:00,USGS-09380000,8.0,12.7,757.0,0.35,7.95,9770.0,8.6
2025-12-10 05:00:00+00:00,USGS-09380000,8.0,12.7,757.0,0.4,8.0,10050.0,8.68
2025-12-10 06:00:00+00:00,USGS-09380000,8.0,12.75,757.0,0.4,8.0,9960.0,8.65
2025-12-10 07:00:00+00:00,USGS-09380000,7.9,12.8,756.0,0.4,8.0,9265.0,8.465
2025-12-10 08:00:00+00:00,USGS-09380000,7.8,12.8,756.0,0.4,7.9,8350.0,8.21
2025-12-10 09:00:00+00:00,USGS-09380000,7.7,12.8,755.0,0.4,7.9,7490.0,7.955
2025-12-10 10:00:00+00:00,USGS-09380000,7.6,12.8,754.5,0.35,7.9,6870.0,7.76
2025-12-10 11:00:00+00:00,USGS-09380000,7.5,12.8,754.0,0.35,7.9,6470.0,7.63
2025-12-10 12:00:00+00:00,USGS-09380000,7.45,12.8,753.5,0.3,7.9,6165.0,7.525
2025-12-10 13:00:00+00:00,USGS-09380000,7.4,12.75,753.0,0.3,7.9,5965.0,7.455
2025-12-10 14:00:00+00:00,USGS-09380000,7.4,12.7,753.0,0.3,7.9,5920.0,7.44
2025-12-10 15:00:00+00:00,USGS-09380000,7.3,12.7,753.0,0.3,7.9,6250.0,7.555
2025-12-10 16:00:00+00:00,USGS-09380000,7.3,12.649999999999999,753.0,0.3,7.9,7345.0,7.91
2025-12-10 17:00:00+00:00,USGS-09380000,7.3,12.6,753.0,0.3,7.8,8385.0,8.219999999999999
2025-12-10 18:00:00+00:00,USGS-09380000,7.4,12.6,753.0,0.3,7.9,8790.0,8.335
2025-12-10 19:00:00+00:00,USGS-09380000,7.5,12.7,753.0,0.35,7.9,8840.0,8.35
2025-12-10 20:00:00+00:00,USGS-09380000,7.65,12.8,752.5,0.35,7.9,8770.0,8.33
2025-12-10 21:00:00+00:00,USGS-09380000,7.9,12.850000000000001,752.0,0.4,7.9,8740.0,8.32
2025-12-10 22:00:00+00:00,USGS-09380000,8.0,12.9,751.0,0.3,8.0,8660.0,8.3
2025-12-10 23:00:00+00:00,USGS-09380000,8.0,12.9,750.5,0.3,8.0,8645.0,8.295
2025-12-11 00:00:00+00:00,USGS-09380000,8.0,12.9,750.0,0.3,8.0,8630.0,8.29
2025-12-11 01:00:00+00:00,USGS-09380000,8.0,12.9,750.0,0.35,8.0,8610.0,8.285
2025-12-11 02:00:00+00:00,USGS-09380000,7.9,12.8,751.0,0.3,7.95,8825.0,8.344999999999999
2025-12-11 03:00:00+00:00,USGS-09380000,7.9,12.8,751.0,0.35,8.0,9335.0,8.485
2025-12-11 04:00:00+00:00,USGS-09380000,7.9,12.850000000000001,751.0,0.4,8.0,9770.0,8.6
2025-12-11 05:00:00+00:00,USGS-09380000,8.0,12.9,751.0,0.4,8.0,10050.0,8.675
2025-12-11 06:00:00+00:00,USGS-09380000,8.0,13.0,750.0,0.4,8.0,9940.0,8.645
2025-12-11 07:00:00+00:00,USGS-09380000,8.0,13.05,749.0,0.4,8.0,9260.0,8.465
2025-12-11 08:00:00+00:00,USGS-09380000,7.85,13.1,748.0,0.4,8.0,8330.0,8.205
2025-12-11 09:00:00+00:00,USGS-09380000,7.7,13.1,748.0,0.35,8.0,7505.0,7.96
2025-12-11 10:00:00+00:00,USGS-09380000,7.6,13.1,747.0,0.4,7.9,6900.0,7.77
2025-12-11 11:00:00+00:00,USGS-09380000,7.55,13.0,747.0,0.4,7.9,6545.0,7.654999999999999
2025-12-11 12:00:00+00:00,USGS-09380000,7.5,13.0,747.0,0.35,7.9,6260.0,7.5600000000000005
2025-12-11 13:00:00+00:00,USGS-09380000,7.4,13.0,747.0,0.3,7.9,6150.0,7.52
2025-12-11 14:00:00+00:00,USGS-09380000,7.4,12.95,747.0,0.3,7.9,6075.0,7.495
2025-12-11 15:00:00+00:00,USGS-09380000,7.4,12.9,747.0,0.3,7.9,6425.0,7.615
2025-12-11 16:00:00+00:00,USGS-09380000,7.4,12.9,747.0,0.3,7.9,7470.0,7.95
2025-12-11 17:00:00+00:00,USGS-09380000,7.4,12.9,747.0,0.4,7.9,8470.0,8.245000000000001
2025-12-11 18:00:00+00:00,USGS-09380000,7.4,12.9,746.0,0.3,7.9,8860.0,8.355
2025-12-11 19:00:00+00:00,USGS-09380000,7.55,12.95,746.0,0.45,7.9,8880.0,8.36
2025-12-11 20:00:00+00:00,USGS-09380000,7.7,13.0,745.0,0.35,7.9,8770.0,8.33
2025-12-11 21:00:00+00:00,USGS-09380000,7.9,13.1,744.0,0.3,8.0,8730.0,8.32
2025-12-11 22:00:00+00:00,USGS-09380000,8.0,13.2,744.0,0.3,8.0,8660.0,8.3
2025-12-11 23:00:00+00:00,USGS-09380000,8.0,13.2,744.0,0.4,8.0,8630.0,8.29
2025-12-12 00:00:00+00:00,USGS-09380000,8.0,13.1,744.0,0.35,8.0,8610.0,8.285
2025-12-12 01:00:00+00:00,USGS-09380000,7.95,13.1,744.0,0.3,8.0,8590.0,8.28
2025-12-12 02:00:00+00:00,USGS-09380000,7.9,13.0,745.0,0.35,8.0,8840.0,8.35
2025-12-12 03:00:00+00:00,USGS-09380000,7.9,13.0,745.0,0.4,8.0,9335.0,8.485
2025-12-12 04:00:00+00:00,USGS-09380000,7.9,13.0,746.0,0.4,8.0,9785.0,8.605
2025-12-12 05:00:00+00:00,USGS-09380000,7.9,13.1,746.0,0.4,8.0,10100.0,8.68
2025-12-12 06:00:00+00:00,USGS-09380000,8.0,13.2,746.0,0.4,8.0,9980.0,8.66
2025-12-12 07:00:00+00:00,USGS-09380000,7.9,13.2,745.0,0.35,8.0,9315.0,8.48
2025-12-12 08:00:00+00:00,USGS-09380000,7.8,13.2,745.0,0.35,8.0,8330.0,8.205
2025-12-12 09:00:00+00:00,USGS-09380000,7.65,13.1,745.0,0.4,7.9,7500.0,7.96
2025-12-12 10:00:00+00:00,USGS-09380000,7.6,13.1,745.0,0.4,7.9,6895.0,7.77
2025-12-12 11:00:00+00:00,USGS-09380000,7.5,13.05,745.0,0.75,7.9,6515.0,7.645
2025-12-12 12:00:00+00:00,USGS-09380000,7.4,13.0,745.0,0.45,7.9,6290.0,7.57
2025-12-12 13:00:00+00:00,USGS-09380000,7.4,13.0,746.0,0.45,7.9,6135.0,7.515
2025-12-12 14:00:00+00:00,USGS-09380000,7.3,12.9,746.0,0.4,7.9,6090.0,7.5
2025-12-12 15:00:00+00:00,USGS-09380000,7.3,12.9,746.0,0.4,7.9,6440.0,7.62
2025-12-12 16:00:00+00:00,USGS-09380000,7.3,12.8,746.5,0.85,7.9,7550.0,7.975
2025-12-12 17:00:00+00:00,USGS-09380000,7.3,12.8,747.0,0.5,7.9,8480.0,8.25
2025-12-12 18:00:00+00:00,USGS-09380000,7.4,12.8,747.0,0.35,7.9,8800.0,8.34
2025-12-12 19:00:00+00:00,USGS-09380000,7.5,12.8,747.0,0.4,7.9,8750.0,8.325
2025-12-12 20:00:00+00:00,USGS-09380000,7.65,12.9,746.5,0.4,7.9,8700.0,8.31
2025-12-12 21:00:00+00:00,USGS-09380000,7.85,13.0,746.0,0.3,7.95,8620.0,8.29
2025-12-12 22:00:00+00:00,USGS-09380000,8.0,13.0,746.0,0.4,8.0,8620.0,8.29
2025-12-12 23:00:00+00:00,USGS-09380000,8.0,13.0,746.5,0.4,8.0,8590.0,8.28
2025-12-13 00:00:00+00:00,USGS-09380000,8.0,12.9,747.0,0.4,8.0,8590.0,8.28
2025-12-13 01:00:00+00:00,USGS-09380000,7.9,12.9,747.0,0.4,8.0,8535.0,8.265
2025-12-13 02:00:00+00:00,USGS-09380000,7.9,12.850000000000001,748.0,0.4,8.0,8715.0,8.315000000000001
2025-12-13 03:00:00+00:00,USGS-09380000,7.9,12.8,749.0,0.45,8.0,9225.0,8.455
2025-12-13 04:00:00+00:00,USGS-09380000,7.9,12.8,749.0,0.4,8.0,9610.0,8.56
2025-12-13 05:00:00+00:00,USGS-09380000,7.95,12.9,749.0,0.4,8.0,10100.0,8.68
2025-12-13 06:00:00+00:00,USGS-09380000,8.0,12.9,749.0,0.4,8.0,10030.0,8.665
2025-12-13 07:00:00+00:00,USGS-09380000,7.9,12.9,749.0,0.4,8.0,9310.0,8.48
2025-12-13 08:00:00+00:00,USGS-09380000,7.8,12.9,749.0,0.45,8.0,8305.0,8.2
2025-12-13 09:00:00+00:00,USGS-09380000,7.7,12.9,749.0,0.4,7.9,7470.0,7.95
2025-12-13 10:00:00+00:00,USGS-09380000,7.6,12.8,749.0,0.4,7.9,6880.0,7.765000000000001
2025-12-13 11:00:00+00:00,USGS-09380000,7.5,12.8,749.0,0.4,7.9,6485.0,7.635
2025-12-13 12:00:00+00:00,USGS-09380000,7.5,12.8,749.0,0.4,7.9,6260.0,7.5600000000000005
2025-12-13 13:00:00+00:00,USGS-09380000,7.4,12.7,749.0,0.45,7.9,6125.0,7.515
2025-12-13 14:00:00+00:00,USGS-09380000,7.4,12.7,749.0,0.4,7.9,6045.0,7.485
2025-12-13 15:00:00+00:00,USGS-09380000,7.4,12.6,749.5,0.4,7.9,6030.0,7.48
2025-12-13 16:00:00+00:00,USGS-09380000,7.4,12.6,750.0,0.35,7.9,6215.0,7.545
2025-12-13 17:00:00+00:00,USGS-09380000,7.4,12.6,750.0,0.4,7.9,6815.0,7.744999999999999
2025-12-13 18:00:00+00:00,USGS-09380000,7.4,12.6,750.0,0.4,7.9,7405.0,7.93
2025-12-13 19:00:00+00:00,USGS-09380000,7.5,12.6,750.0,0.5,7.9,7910.0,8.085
2025-12-13 20:00:00+00:00,USGS-09380000,7.7,12.649999999999999,750.0,0.4,7.9,8220.0,8.175
2025-12-13 21:00:00+00:00,USGS-09380000,7.9,12.7,749.0,0.5,8.0,8380.0,8.22
2025-12-13 22:00:00+00:00,USGS-09380000,8.05,12.8,749.0,0.6,8.0,8480.0,8.25
2025-12-13 23:00:00+00:00,USGS-09380000,8.1,12.8,749.0,0.4,8.0,8520.0,8.26
2025-12-14 00:00:00+00:00,USGS-09380000,8.0,12.7,749.0,0.4,8.0,8550.0,8.27
2025-12-14 01:00:00+00:00,USGS-09380000,8.0,12.7,749.5,0.4,8.0,8710.0,8.315000000000001
2025-12-14 02:00:00+00:00,USGS-09380000,8.0,12.7,750.0,0.45,8.0,9145.0,8.435
2025-12-14 03:00:00+00:00,USGS-09380000,7.9,12.7,750.5,0.5,8.0,9610.0,8.56
2025-12-14 04:00:00+00:00,USGS-09380000,8.0,12.7,751.0,0.5,8.0,9970.0,8.655000000000001
2025-12-14 05:00:00+00:00,USGS-09380000,8.0,12.7,751.0,0.55,8.0,10200.0,8.71
2025-12-14 06:00:00+00:00,USGS-09380000,8.0,12.8,751.0,0.6,8.0,9960.0,8.655000000000001
2025-12-14 07:00:00+00:00,USGS-09380000,7.95,12.8,750.0,0.6,8.0,9200.0,8.45
2025-12-14 08:00:00+00:00,USGS-09380000,7.85,12.8,750.0,0.6,8.0,8220.0,8.175
2025-12-14 09:00:00+00:00,USGS-09380000,7.7,12.8,750.0,0.6,7.9,7420.0,7.9350000000000005
2025-12-14 10:00:00+00:00,USGS-09380000,7.65,12.7,750.0,0.55,7.9,6830.0,7.75
2025-12-14 11:00:00+00:00,USGS-09380000,7.6,12.7,750.0,0.5,7.9,6485.0,7.635
2025-12-14 12:00:00+00:00,USGS-09380000,7.5,12.7,750.0,0.5,7.9,6245.0,7.555
2025-12-14 13:00:00+00:00,USGS-09380000,7.5,12.6,749.0,0.6,7.9,6110.0,7.51
2025-12-14 14:00:00+00:00,USGS-09380000,7.5,12.6,749.0,0.9,7.9,6070.0,7.495
2025-12-14 15:00:00+00:00,USGS-09380000,7.4,12.6,749.0,0.65,7.9,6045.0,7.485
2025-12-14 16:00:00+00:00,USGS-09380000,7.4,12.6,749.0,0.6,7.9,6230.0,7.550000000000001
2025-12-14 17:00:00+00:00,USGS-09380000,7.4,12.6,749.0,0.95,7.9,6845.0,7.755000000000001
2025-12-14 18:00:00+00:00,USGS-09380000,7.5,12.5,749.0,0.7,7.9,7465.0,7.949999999999999
2025-12-14 19:00:00+00:00,USGS-09380000,7.6,12.6,749.0,0.55,7.9,7965.0,8.1
2025-12-14 20:00:00+00:00,USGS-09380000,7.85,12.6,748.0,0.4,7.95,8220.0,8.175
2025-12-14 21:00:00+00:00,USGS-09380000,8.05,12.7,748.0,0.4,8.0,8355.0,8.215
2025-12-14 22:00:00+00:00,USGS-09380000,8.1,12.7,748.0,0.4,8.0,8440.0,8.24
2025-12-14 23:00:00+00:00,USGS-09380000,8.2,12.7,748.0,0.4,8.0,8480.0,8.25
2025-12-15 00:00:00+00:00,USGS-09380000,8.2,12.7,748.0,0.4,8.0,8510.0,8.26
2025-12-15 01:00:00+00:00,USGS-09380000,8.2,12.7,748.5,0.5,8.0,8510.0,8.26
2025-12-15 02:00:00+00:00,USGS-09380000,8.2,12.7,749.0,0.5,8.0,8745.0,8.325
2025-12-15 03:00:00+00:00,USGS-09380000,8.2,12.7,749.0,0.55,8.0,9275.0,8.469999999999999
2025-12-15 04:00:00+00:00,USGS-09380000,8.2,12.7,749.0,0.55,8.0,9740.0,8.594999999999999
2025-12-15 05:00:00+00:00,USGS-09380000,8.2,12.7,750.0,0.6,8.0,9740.0,8.594999999999999
2025-12-15 06:00:00+00:00,USGS-09380000,8.2,12.8,750.0,0.6,8.0,9160.0,8.440000000000001
2025-12-15 07:00:00+00:00,USGS-09380000,8.2,12.8,750.0,0.6,8.0,8250.0,8.185
2025-12-15 08:00:00+00:00,USGS-09380000,8.05,12.8,750.0,1.4500000000000002,8.0,7450.0,7.945
2025-12-15 09:00:00+00:00,USGS-09380000,7.95,12.75,749.0,0.55,8.0,6860.0,7.76
2025-12-15 10:00:00+00:00,USGS-09380000,7.8,12.7,750.0,0.5,8.0,6490.0,7.640000000000001
2025-12-15 11:00:00+00:00,USGS-09380000,7.7,12.7,749.5,0.5,8.0,6245.0,7.555
2025-12-15 12:00:00+00:00,USGS-09380000,7.6,12.7,749.0,0.5,7.9,6125.0,7.515
2025-12-15 13:00:00+00:00,USGS-09380000,7.55,12.6,749.0,0.4,7.9,6035.0,7.485
2025-12-15 14:00:00+00:00,USGS-09380000,7.5,12.6,749.0,0.45,7.9,6020.0,7.48
2025-12-15 15:00:00+00:00,USGS-09380000,7.5,12.6,749.0,0.45,7.9,6345.0,7.59
2025-12-15 16:00:00+00:00,USGS-09380000,7.4,12.5,749.0,0.55,7.9,7400.0,7.93
2025-12-15 17:00:00+00:00,USGS-09380000,7.4,12.5,749.0,0.6,7.9,8355.0,8.215
2025-12-15 18:00:00+00:00,USGS-09380000,7.5,12.5,749.0,0.6,7.9,8705.0,8.315000000000001
2025-12-15 19:00:00+00:00,USGS-09380000,7.6,12.6,749.0,0.5,7.9,8760.0,8.33
2025-12-15 20:00:00+00:00,USGS-09380000,7.7,12.6,749.0,0.5,7.9,8690.0,8.31
2025-12-15 21:00:00+00:00,USGS-09380000,7.9,12.7,749.0,0.65,8.0,8650.0,8.3
2025-12-15 22:00:00+00:00,USGS-09380000,8.05,12.7,749.0,0.6499999999999999,8.0,8600.0,8.285
2025-12-15 23:00:00+00:00,USGS-09380000,8.1,12.7,749.0,0.8,8.0,8620.0,8.29
2025-12-16 00:00:00+00:00,USGS-09380000,8.05,12.6,749.0,0.95,8.0,8620.0,8.29
2025-12-16 01:00:00+00:00,USGS-09380000,8.0,12.6,749.0,0.8500000000000001,8.0,8690.0,8.31
2025-12-16 02:00:00+00:00,USGS-09380000,8.0,12.6,750.0,0.8,8.0,8905.0,8.370000000000001
2025-12-16 03:00:00+00:00,USGS-09380000,8.0,12.6,750.5,0.9,8.0,9385.0,8.5
2025-12-16 04:00:00+00:00,USGS-09380000,8.0,12.6,751.0,0.75,8.0,9815.0,8.615
2025-12-16 05:00:00+00:00,USGS-09380000,8.1,12.6,751.0,1.05,8.0,10100.0,8.69
2025-12-16 06:00:00+00:00,USGS-09380000,8.1,12.6,751.0,0.6499999999999999,8.0,10025.0,8.665
2025-12-16 07:00:00+00:00,USGS-09380000,8.0,12.6,751.0,0.6499999999999999,8.0,9305.0,8.48
2025-12-16 08:00:00+00:00,USGS-09380000,7.9,12.6,751.0,0.7,8.0,8320.0,8.205
2025-12-16 09:00:00+00:00,USGS-09380000,7.8,12.6,751.0,0.8,8.0,7495.0,7.96
2025-12-16 10:00:00+00:00,USGS-09380000,7.7,12.55,751.0,0.8500000000000001,8.0,6890.0,7.77
2025-12-16 11:00:00+00:00,USGS-09380000,7.6,12.5,750.0,0.8500000000000001,7.9,6505.0,7.645
2025-12-16 12:00:00+00:00,USGS-09380000,7.5,12.5,750.0,0.8,7.9,6255.0,7.5600000000000005
2025-12-16 13:00:00+00:00,USGS-09380000,7.5,12.4,750.0,0.9,7.9,6140.0,7.52
2025-12-16 14:00:00+00:00,USGS-09380000,7.5,12.4,750.0,0.8500000000000001,7.9,6080.0,7.5
2025-12-16 15:00:00+00:00,USGS-09380000,7.4,12.4,750.0,0.95,7.9,6415.0,7.615
2025-12-16 16:00:00+00:00,USGS-09380000,7.4,12.4,750.0,0.9,7.9,7460.0,7.95
2025-12-16 17:00:00+00:00,USGS-09380000,7.45,12.4,750.0,0.9,7.9,8440.0,8.24
2025-12-16 18:00:00+00:00,USGS-09380000,7.5,12.4,750.0,0.9,7.9,8810.0,8.344999999999999
2025-12-16 19:00:00+00:00,USGS-09380000,7.6,12.4,750.0,0.95,7.9,8830.0,8.35
2025-12-16 20:00:00+00:00,USGS-09380000,7.8,12.5,749.0,1.05,7.9,8775.0,8.335
2025-12-16 21:00:00+00:00,USGS-09380000,7.95,12.55,749.0,1.1,8.0,8670.0,8.305
2025-12-16 22:00:00+00:00,USGS-09380000,8.1,12.6,749.0,1.25,8.0,8620.0,8.29
2025-12-16 23:00:00+00:00,USGS-09380000,8.1,12.6,749.0,1.2,8.0,8560.0,8.274999999999999
2025-12-17 00:00:00+00:00,USGS-09380000,8.1,12.5,749.0,1.2,8.0,8540.0,8.27
2025-12-17 01:00:00+00:00,USGS-09380000,8.1,12.5,749.0,1.25,8.0,8560.0,8.274999999999999
2025-12-17 02:00:00+00:00,USGS-09380000,8.0,12.5,750.0,1.1,8.0,8815.0,8.344999999999999
2025-12-17 03:00:00+00:00,USGS-09380000,8.0,12.5,750.0,1.05,8.0,9305.0,8.48
2025-12-17 04:00:00+00:00,USGS-09380000,8.0,12.5,751.0,0.9,8.0,9775.0,8.605
2025-12-17 05:00:00+00:00,USGS-09380000,8.1,12.5,751.0,0.8,8.0,10045.0,8.675
2025-12-17 06:00:00+00:00,USGS-09380000,8.1,12.6,751.0,0.8500000000000001,8.0,10025.0,8.665
2025-12-17 07:00:00+00:00,USGS-09380000,8.05,12.6,750.0,0.9,8.0,9305.0,8.48
2025-12-17 08:00:00+00:00,USGS-09380000,7.9,12.6,750.0,0.8,8.0,8350.0,8.215
2025-12-17 09:00:00+00:00,USGS-09380000,7.8,12.6,750.0,0.95,8.0,7525.0,7.970000000000001
2025-12-17 10:00:00+00:00,USGS-09380000,7.7,12.6,749.0,1.0,7.9,6890.0,7.77
2025-12-17 11:00:00+00:00,USGS-09380000,7.6,12.5,748.5,1.05,7.9,6505.0,7.645
2025-12-17 12:00:00+00:00,USGS-09380000,7.6,12.5,748.5,1.05,7.9,6265.0,7.5649999999999995
2025-12-17 13:00:00+00:00,USGS-09380000,7.5,12.5,748.0,1.1,7.9,6125.0,7.515
2025-12-17 14:00:00+00:00,USGS-09380000,7.5,12.45,748.0,1.1,7.9,6080.0,7.5
2025-12-17 15:00:00+00:00,USGS-09380000,7.5,12.4,748.0,1.1,7.9,6370.0,7.6
2025-12-17 16:00:00+00:00,USGS-09380000,7.5,12.4,747.0,1.15,7.9,7445.0,7.945
2025-12-17 17:00:00+00:00,USGS-09380000,7.5,12.4,747.0,1.1,7.9,8420.0,8.235
2025-12-17 18:00:00+00:00,USGS-09380000,7.5,12.4,748.0,1.5,7.9,8810.0,8.344999999999999
2025-12-17 19:00:00+00:00,USGS-09380000,7.65,12.5,747.0,1.7,7.9,8845.0,8.355
2025-12-17 20:00:00+00:00,USGS-09380000,7.8,12.5,747.0,0.4,7.9,8810.0,8.344999999999999
2025-12-17 21:00:00+00:00,USGS-09380000,7.95,12.6,747.0,0.5,8.0,8760.0,8.33
2025-12-17 22:00:00+00:00,USGS-09380000,8.1,12.6,747.0,0.5,8.0,8680.0,8.31
2025-12-17 23:00:00+00:00,USGS-09380000,8.1,12.6,747.0,0.5,8.0,8630.0,8.295
2025-12-18 00:00:00+00:00,USGS-09380000,8.1,12.6,747.0,0.5,8.0,8490.0,8.254999999999999
2025-12-18 01:00:00+00:00,USGS-09380000,8.1,12.6,747.0,0.5,8.0,8420.0,8.235
2025-12-18 02:00:00+00:00,USGS-09380000,8.0,12.55,747.0,0.6,8.0,8645.0,8.3
2025-12-18 03:00:00+00:00,USGS-09380000,8.0,12.5,747.0,0.55,8.0,9135.0,8.434999999999999
2025-12-18 04:00:00+00:00,USGS-09380000,8.0,12.5,747.0,0.5,8.0,9620.0,8.565000000000001
2025-12-18 05:00:00+00:00,USGS-09380000,8.1,12.6,747.0,0.55,8.0,9970.0,8.66
2025-12-18 06:00:00+00:00,USGS-09380000,8.1,12.6,747.0,0.6,8.0,9910.0,8.64
2025-12-18 07:00:00+00:00,USGS-09380000,8.0,12.7,747.0,0.6,8.0,9230.0,8.46
2025-12-18 08:00:00+00:00,USGS-09380000,7.9,12.7,747.0,0.55,8.0,8280.0,8.195
2025-12-18 09:00:00+00:00,USGS-09380000,7.8,12.7,747.0,0.6,8.0,7410.0,7.9350000000000005
2025-12-18 10:00:00+00:00,USGS-09380000,7.7,12.649999999999999,746.5,0.6,8.0,6840.0,7.755
2025-12-18 11:00:00+00:00,USGS-09380000,7.6,12.6,746.0,0.6,8.0,6460.0,7.63
2025-12-18 12:00:00+00:00,USGS-09380000,7.55,12.6,746.0,0.6,7.9,6250.0,7.56
2025-12-18 13:00:00+00:00,USGS-09380000,7.5,12.6,746.0,0.6,7.9,6130.0,7.52
2025-12-18 14:00:00+00:00,USGS-09380000,7.5,12.6,746.0,0.6,7.9,6080.0,7.5
2025-12-18 15:00:00+00:00,USGS-09380000,7.5,12.5,746.0,0.6499999999999999,7.9,6385.0,7.605
2025-12-18 16:00:00+00:00,USGS-09380000,7.5,12.5,746.5,0.6,7.9,7390.0,7.93
2025-12-18 17:00:00+00:00,USGS-09380000,7.5,12.5,747.0,0.6499999999999999,7.9,8385.0,8.225
2025-12-18 18:00:00+00:00,USGS-09380000,7.5,12.5,747.0,0.5,7.9,8735.0,8.325
2025-12-18 19:00:00+00:00,USGS-09380000,7.65,12.55,747.0,0.6,7.9,8790.0,8.34
2025-12-18 20:00:00+00:00,USGS-09380000,7.8,12.6,746.0,0.6,8.0,8735.0,8.325
2025-12-18 21:00:00+00:00,USGS-09380000,8.0,12.7,746.0,0.7,8.0,8680.0,8.31
2025-12-18 22:00:00+00:00,USGS-09380000,8.1,12.7,746.0,0.7,8.0,8630.0,8.295
2025-12-18 23:00:00+00:00,USGS-09380000,8.2,12.7,746.0,0.6499999999999999,8.0,8610.0,8.29
2025-12-19 00:00:00+00:00,USGS-09380000,8.2,12.6,746.0,0.6,8.0,8610.0,8.29
2025-12-19 01:00:00+00:00,USGS-09380000,8.1,12.6,747.0,0.6,8.0,8595.0,8.285
2025-12-19 02:00:00+00:00,USGS-09380000,8.1,12.6,747.5,0.6,8.0,8865.0,8.36
2025-12-19 03:00:00+00:00,USGS-09380000,8.1,12.6,748.0,0.6,8.0,9355.0,8.495000000000001
2025-12-19 04:00:00+00:00,USGS-09380000,8.1,12.6,748.0,0.6,8.0,9830.0,8.620000000000001
2025-12-19 05:00:00+00:00,USGS-09380000,8.2,12.6,749.0,0.5,8.0,10100.0,8.695
2025-12-19 06:00:00+00:00,USGS-09380000,8.2,12.6,749.0,0.6,8.0,10050.0,8.68
2025-12-19 07:00:00+00:00,USGS-09380000,8.1,12.6,749.0,0.6,8.0,9320.0,8.485
2025-12-19 08:00:00+00:00,USGS-09380000,8.0,12.6,749.0,0.6,8.0,8350.0,8.215
2025-12-19 09:00:00+00:00,USGS-09380000,7.85,12.6,749.0,0.6,8.0,7485.0,7.960000000000001
2025-12-19 10:00:00+00:00,USGS-09380000,7.75,12.5,749.0,0.6,8.0,6885.0,7.77
2025-12-19 11:00:00+00:00,USGS-09380000,7.7,12.5,749.0,0.6,8.0,6490.0,7.640000000000001
2025-12-19 12:00:00+00:00,USGS-09380000,7.6,12.4,749.0,0.6,7.9,6280.0,7.57
2025-12-19 13:00:00+00:00,USGS-09380000,7.5,12.4,749.0,0.55,7.9,6145.0,7.525
2025-12-19 14:00:00+00:00,USGS-09380000,7.5,12.4,749.0,0.6,7.9,6080.0,7.5
2025-12-19 15:00:00+00:00,USGS-09380000,7.5,12.350000000000001,749.0,0.6,7.9,6400.0,7.609999999999999
2025-12-19 16:00:00+00:00,USGS-09380000,7.5,12.3,749.0,0.6499999999999999,7.9,7440.0,7.945
2025-12-19 17:00:00+00:00,USGS-09380000,7.5,12.3,749.0,0.6,7.9,8415.0,8.235
2025-12-19 18:00:00+00:00,USGS-09380000,7.6,12.3,749.0,0.6,7.9,8770.0,8.335
2025-12-19 19:00:00+00:00,USGS-09380000,7.75,12.4,748.5,0.6,7.9,8840.0,8.355
2025-12-19 20:00:00+00:00,USGS-09380000,7.9,12.4,748.0,0.6,8.0,8770.0,8.335
2025-12-19 21:00:00+00:00,USGS-09380000,8.05,12.5,748.0,0.6,8.0,8680.0,8.31
2025-12-19 22:00:00+00:00,USGS-09380000,8.2,12.5,748.0,0.6499999999999999,8.0,8660.0,8.305
2025-12-19 23:00:00+00:00,USGS-09380000,8.3,12.5,748.0,0.6,8.0,8640.0,8.3
2025-12-20 00:00:00+00:00,USGS-09380000,8.4,12.5,748.0,0.7,8.0,8610.0,8.29
2025-12-20 01:00:00+00:00,USGS-09380000,8.4,12.5,749.0,0.7,8.0,8610.0,8.29
2025-12-20 02:00:00+00:00,USGS-09380000,8.4,12.5,749.0,0.7,8.0,8805.0,8.344999999999999
2025-12-20 03:00:00+00:00,USGS-09380000,8.4,12.5,749.5,0.7,8.0,9335.0,8.49
2025-12-20 04:00:00+00:00,USGS-09380000,8.4,12.5,750.0,0.7,8.0,9785.0,8.61
2025-12-20 05:00:00+00:00,USGS-09380000,8.4,12.5,750.0,0.75,8.1,10100.0,8.684999999999999
2025-12-20 06:00:00+00:00,USGS-09380000,8.4,12.5,750.0,0.8,8.1,9950.0,8.655000000000001
2025-12-20 07:00:00+00:00,USGS-09380000,8.3,12.5,751.0,0.8,8.0,9260.0,8.469999999999999
2025-12-20 08:00:00+00:00,USGS-09380000,8.149999999999999,12.4,751.0,0.8,8.0,8325.0,8.21
2025-12-20 09:00:00+00:00,USGS-09380000,8.0,12.4,751.5,0.8500000000000001,8.0,7450.0,7.95
2025-12-20 10:00:00+00:00,USGS-09380000,7.8,12.3,752.0,0.8,8.0,6880.0,7.77
2025-12-20 11:00:00+00:00,USGS-09380000,7.7,12.3,752.0,0.8,8.0,6505.0,7.645
2025-12-20 12:00:00+00:00,USGS-09380000,7.6,12.25,753.0,0.8,8.0,6250.0,7.5600000000000005
2025-12-20 13:00:00+00:00,USGS-09380000,7.6,12.2,753.0,0.8,7.9,6115.0,7.515
2025-12-20 14:00:00+00:00,USGS-09380000,7.5,12.2,753.0,0.8,7.9,6040.0,7.49
2025-12-20 15:00:00+00:00,USGS-09380000,7.5,12.1,753.0,0.8,7.9,6020.0,7.48
2025-12-20 16:00:00+00:00,USGS-09380000,7.5,12.1,753.0,0.8,7.9,6220.0,7.550000000000001
2025-12-20 17:00:00+00:00,USGS-09380000,7.5,12.1,753.0,0.75,7.9,6835.0,7.755000000000001
2025-12-20 18:00:00+00:00,USGS-09380000,7.55,12.1,753.0,0.8,7.9,7470.0,7.955
2025-12-20 19:00:00+00:00,USGS-09380000,7.7,12.1,753.0,0.8,7.9,7935.0,8.094999999999999
2025-12-20 20:00:00+00:00,USGS-09380000,7.9,12.2,752.0,0.8,8.0,8225.0,8.18
2025-12-20 21:00:00+00:00,USGS-09380000,8.149999999999999,12.2,752.0,0.8,8.0,8365.0,8.22
2025-12-20 22:00:00+00:00,USGS-09380000,8.3,12.3,752.0,0.8500000000000001,8.0,8450.0,8.245000000000001
2025-12-20 23:00:00+00:00,USGS-09380000,8.4,12.3,752.0,0.9,8.0,8500.0,8.26
2025-12-21 00:00:00+00:00,USGS-09380000,8.4,12.2,752.0,1.05,8.0,8500.0,8.26
2025-12-21 01:00:00+00:00,USGS-09380000,8.4,12.2,752.0,0.95,8.0,8520.0,8.265
2025-12-21 02:00:00+00:00,USGS-09380000,8.4,12.2,752.5,0.9,8.0,8805.0,8.344999999999999
2025-12-21 03:00:00+00:00,USGS-09380000,8.4,12.2,753.0,0.9,8.0,9295.0,8.48
2025-12-21 04:00:00+00:00,USGS-09380000,8.5,12.2,754.0,0.8,8.1,9745.0,8.6
2025-12-21 05:00:00+00:00,USGS-09380000,8.4,12.2,754.5,0.9,8.1,9785.0,8.61
2025-12-21 06:00:00+00:00,USGS-09380000,8.4,12.2,755.0,0.9,8.0,9425.0,8.515
2025-12-21 07:00:00+00:00,USGS-09380000,8.3,12.2,755.0,0.8500000000000001,8.0,8840.0,8.355
2025-12-21 08:00:00+00:00,USGS-09380000,8.1,12.2,756.0,0.8,8.0,8020.0,8.120000000000001
2025-12-21 09:00:00+00:00,USGS-09380000,7.95,12.149999999999999,756.0,0.75,8.0,7310.0,7.904999999999999
2025-12-21 10:00:00+00:00,USGS-09380000,7.8,12.1,756.0,0.75,8.0,6770.0,7.734999999999999
2025-12-21 11:00:00+00:00,USGS-09380000,7.7,12.1,756.0,0.7,7.95,6435.0,7.625
2025-12-21 12:00:00+00:00,USGS-09380000,7.65,12.0,756.0,0.7,7.9,6220.0,7.55
2025-12-21 13:00:00+00:00,USGS-09380000,7.6,12.0,756.5,0.7,7.9,6100.0,7.51
2025-12-21 14:00:00+00:00,USGS-09380000,7.5,12.0,757.0,0.75,7.9,6025.0,7.485
2025-12-21 15:00:00+00:00,USGS-09380000,7.5,11.9,757.0,0.8,7.9,6010.0,7.48
2025-12-21 16:00:00+00:00,USGS-09380000,7.5,11.9,757.0,0.8,7.9,6190.0,7.539999999999999
2025-12-21 17:00:00+00:00,USGS-09380000,7.5,11.9,756.5,0.8,7.9,6815.0,7.75
2025-12-21 18:00:00+00:00,USGS-09380000,7.55,11.9,756.0,0.8,7.9,7435.0,7.945
2025-12-21 19:00:00+00:00,USGS-09380000,7.7,11.95,756.0,0.75,7.9,7945.0,8.1
2025-12-21 20:00:00+00:00,USGS-09380000,7.9,12.0,755.0,0.9,8.0,8225.0,8.18
2025-12-21 21:00:00+00:00,USGS-09380000,8.149999999999999,12.05,754.5,0.75,8.0,8320.0,8.21
2025-12-21 22:00:00+00:00,USGS-09380000,8.3,12.1,754.0,0.6499999999999999,8.0,8410.0,8.235
2025-12-21 23:00:00+00:00,USGS-09380000,8.4,12.1,754.5,0.6,8.0,8430.0,8.24
2025-12-22 00:00:00+00:00,USGS-09380000,8.45,12.1,755.0,0.6,8.0,8500.0,8.26
2025-12-22 01:00:00+00:00,USGS-09380000,8.5,12.1,755.0,0.6,8.0,8515.0,8.265
2025-12-22 02:00:00+00:00,USGS-09380000,8.55,12.1,755.0,0.6,8.1,8780.0,8.34
2025-12-22 03:00:00+00:00,USGS-09380000,8.6,12.1,756.0,0.7,8.1,9275.0,8.475
2025-12-22 04:00:00+00:00,USGS-09380000,8.6,12.1,756.5,0.7,8.1,9535.0,8.545
2025-12-22 05:00:00+00:00,USGS-09380000,8.6,12.1,757.0,0.7,8.1,9345.0,8.495000000000001
2025-12-22 06:00:00+00:00,USGS-09380000,8.5,12.1,757.0,0.75,8.1,8690.0,8.315
2025-12-22 07:00:00+00:00,USGS-09380000,8.4,12.1,758.0,0.6499999999999999,8.05,7895.0,8.085
2025-12-22 08:00:00+00:00,USGS-09380000,8.3,12.1,758.0,0.7,8.0,7195.0,7.87
2025-12-22 09:00:00+00:00,USGS-09380000,8.149999999999999,12.0,758.0,0.7,8.0,6705.0,7.715
2025-12-22 10:00:00+00:00,USGS-09380000,8.0,12.0,758.0,0.7,8.0,6375.0,7.605
2025-12-22 11:00:00+00:00,USGS-09380000,7.85,12.0,759.0,0.6499999999999999,8.0,6175.0,7.535
2025-12-22 12:00:00+00:00,USGS-09380000,7.75,11.9,759.0,0.7,7.9,6070.0,7.5
2025-12-22 13:00:00+00:00,USGS-09380000,7.7,11.9,759.0,0.6,7.9,6010.0,7.48
2025-12-22 14:00:00+00:00,USGS-09380000,7.6,11.850000000000001,759.0,0.7,7.9,5980.0,7.47
2025-12-22 15:00:00+00:00,USGS-09380000,7.6,11.8,759.0,0.6499999999999999,7.9,6215.0,7.550000000000001
2025-12-22 16:00:00+00:00,USGS-09380000,7.5,11.8,759.0,0.6,7.9,7020.0,7.8149999999999995
2025-12-22 17:00:00+00:00,USGS-09380000,7.5,11.8,759.0,0.6,7.9,8035.0,8.125
2025-12-22 18:00:00+00:00,USGS-09380000,7.6,11.8,758.0,0.35,7.9,8515.0,8.265
2025-12-22 19:00:00+00:00,USGS-09380000,7.7,11.8,757.0,0.4,7.9,8640.0,8.3
2025-12-22 20:00:00+00:00,USGS-09380000,7.9,11.9,757.0,0.4,7.95,8640.0,8.3
2025-12-22 21:00:00+00:00,USGS-09380000,8.1,12.0,756.0,0.4,8.0,8600.0,8.29
2025-12-22 22:00:00+00:00,USGS-09380000,8.25,12.0,756.0,0.4,8.0,8600.0,8.29
2025-12-22 23:00:00+00:00,USGS-09380000,8.3,12.0,756.0,0.4,8.0,8570.0,8.28
2025-12-23 00:00:00+00:00,USGS-09380000,8.3,12.0,756.0,0.4,8.0,8530.0,8.27
2025-12-23 01:00:00+00:00,USGS-09380000,8.3,12.0,756.0,0.4,8.0,8530.0,8.27
2025-12-23 02:00:00+00:00,USGS-09380000,8.3,12.0,756.0,0.4,8.0,8725.0,8.325
2025-12-23 03:00:00+00:00,USGS-09380000,8.3,12.0,756.0,0.5,8.0,9215.0,8.46
2025-12-23 04:00:00+00:00,USGS-09380000,8.3,12.0,756.0,0.5,8.0,9725.0,8.594999999999999
2025-12-23 05:00:00+00:00,USGS-09380000,8.4,12.0,756.0,0.5,8.0,9950.0,8.655000000000001
2025-12-23 06:00:00+00:00,USGS-09380000,8.3,12.0,756.0,0.5,8.0,9855.0,8.629999999999999
2025-12-23 07:00:00+00:00,USGS-09380000,8.25,12.0,757.0,0.9,8.0,9160.0,8.445
2025-12-23 08:00:00+00:00,USGS-09380000,8.1,12.0,757.0,0.9,8.0,8235.0,8.185
2025-12-23 09:00:00+00:00,USGS-09380000,7.95,12.0,757.0,0.8500000000000001,8.0,7400.0,7.9350000000000005
2025-12-23 10:00:00+00:00,USGS-09380000,7.8,11.95,757.0,0.8,7.95,6830.0,7.755
2025-12-23 11:00:00+00:00,USGS-09380000,7.7,11.9,757.5,0.7,7.9,6450.0,7.63
2025-12-23 12:00:00+00:00,USGS-09380000,7.65,11.9,758.0,0.7,7.9,6225.0,7.555
2025-12-23 13:00:00+00:00,USGS-09380000,7.6,11.8,758.0,0.6,7.9,6115.0,7.515
2025-12-23 14:00:00+00:00,USGS-09380000,7.6,11.8,758.0,0.6,7.9,6040.0,7.49
2025-12-23 15:00:00+00:00,USGS-09380000,7.5,11.8,758.0,0.6,7.9,6225.0,7.555
2025-12-23 16:00:00+00:00,USGS-09380000,7.5,11.8,758.0,0.7,7.9,7035.0,7.82
2025-12-23 17:00:00+00:00,USGS-09380000,7.5,11.8,758.0,0.8,7.9,8045.0,8.129999999999999
2025-12-23 18:00:00+00:00,USGS-09380000,7.6,11.8,758.0,0.75,7.9,8535.0,8.27
2025-12-23 19:00:00+00:00,USGS-09380000,7.75,11.8,757.5,0.7,7.9,8640.0,8.3
2025-12-23 20:00:00+00:00,USGS-09380000,7.95,11.850000000000001,757.0,0.7,7.95,8640.0,8.3
2025-12-23 21:00:00+00:00,USGS-09380000,8.149999999999999,11.9,756.0,0.6,8.0,8640.0,8.3
2025-12-23 22:00:00+00:00,USGS-09380000,8.3,12.0,756.0,0.6,8.0,8600.0,8.29
2025-12-23 23:00:00+00:00,USGS-09380000,8.4,12.0,756.0,0.45,8.0,8570.0,8.28
2025-12-24 00:00:00+00:00,USGS-09380000,8.5,12.0,755.5,0.55,8.0,8560.0,8.28
2025-12-24 01:00:00+00:00,USGS-09380000,8.6,12.0,756.0,0.45,8.0,8530.0,8.27
2025-12-24 02:00:00+00:00,USGS-09380000,8.6,12.0,756.0,0.6,8.1,8775.0,8.34
2025-12-24 03:00:00+00:00,USGS-09380000,8.6,12.0,757.0,0.6,8.1,9305.0,8.485
2025-12-24 04:00:00+00:00,USGS-09380000,8.6,12.0,757.0,0.6499999999999999,8.1,9740.0,8.6
2025-12-24 05:00:00+00:00,USGS-09380000,8.6,12.1,757.0,0.6,8.1,9985.0,8.665
2025-12-24 06:00:00+00:00,USGS-09380000,8.6,12.1,757.0,0.6,8.1,9850.0,8.629999999999999
2025-12-24 07:00:00+00:00,USGS-09380000,8.45,12.1,757.0,0.7,8.05,9180.0,8.45
2025-12-24 08:00:00+00:00,USGS-09380000,8.25,12.05,757.0,0.75,8.0,8300.0,8.205
2025-12-24 09:00:00+00:00,USGS-09380000,8.05,12.0,758.0,0.7,8.0,7430.0,7.945
2025-12-24 10:00:00+00:00,USGS-09380000,7.9,12.0,758.0,0.6499999999999999,8.0,6825.0,7.755
2025-12-24 11:00:00+00:00,USGS-09380000,7.75,11.95,758.0,0.6499999999999999,7.9,6465.0,7.635
2025-12-24 12:00:00+00:00,USGS-09380000,7.65,11.9,758.0,0.7,7.9,6225.0,7.555
2025-12-24 13:00:00+00:00,USGS-09380000,7.6,11.9,759.0,0.7,7.9,6095.0,7.51
2025-12-24 14:00:00+00:00,USGS-09380000,7.5,11.850000000000001,759.0,0.6499999999999999,7.9,6040.0,7.49
2025-12-24 15:00:00+00:00,USGS-09380000,7.5,11.8,759.0,0.6,7.9,6225.0,7.555
2025-12-24 16:00:00+00:00,USGS-09380000,7.5,11.8,760.0,0.6499999999999999,7.9,7015.0,7.8149999999999995
2025-12-24 17:00:00+00:00,USGS-09380000,7.5,11.8,760.0,0.75,7.9,8030.0,8.125
2025-12-24 18:00:00+00:00,USGS-09380000,7.55,11.8,760.0,0.8,7.9,8495.0,8.26
2025-12-24 19:00:00+00:00,USGS-09380000,7.7,11.850000000000001,760.0,0.9,7.9,8630.0,8.3
2025-12-24 20:00:00+00:00,USGS-09380000,7.95,11.9,759.0,0.9,7.95,8630.0,8.3
2025-12-24 21:00:00+00:00,USGS-09380000,8.1,11.9,759.0,0.8,8.0,8600.0,8.29
2025-12-24 22:00:00+00:00,USGS-09380000,8.2,11.9,759.0,0.8500000000000001,8.0,8580.0,8.285
2025-12-24 23:00:00+00:00,USGS-09380000,8.2,12.0,759.0,0.8,8.0,8560.0,8.28
2025-12-25 00:00:00+00:00,USGS-09380000,8.1,12.0,759.0,0.8,8.0,8560.0,8.28
2025-12-25 01:00:00+00:00,USGS-09380000,8.2,12.0,760.0,0.9,8.0,8545.0,8.274999999999999
2025-12-25 02:00:00+00:00,USGS-09380000,8.3,12.0,760.0,0.95,8.0,8830.0,8.355
2025-12-25 03:00:00+00:00,USGS-09380000,8.350000000000001,12.0,760.5,0.7,8.0,9360.0,8.5
2025-12-25 04:00:00+00:00,USGS-09380000,8.4,12.0,761.0,0.6,8.0,9715.0,8.594999999999999
2025-12-25 05:00:00+00:00,USGS-09380000,8.350000000000001,12.05,761.0,0.5,8.0,9950.0,8.655000000000001
2025-12-25 06:00:00+00:00,USGS-09380000,8.25,12.1,761.0,0.6499999999999999,8.0,9810.0,8.620000000000001
2025-12-25 07:00:00+00:00,USGS-09380000,8.1,12.1,761.0,0.6,8.0,9160.0,8.445
2025-12-25 08:00:00+00:00,USGS-09380000,7.9,12.05,761.0,0.6499999999999999,8.0,8230.0,8.185
2025-12-25 09:00:00+00:00,USGS-09380000,7.8,12.0,761.0,0.6499999999999999,7.9,7410.0,7.9399999999999995
2025-12-25 10:00:00+00:00,USGS-09380000,7.7,12.0,761.0,0.6499999999999999,7.9,6765.0,7.734999999999999
2025-12-25 11:00:00+00:00,USGS-09380000,7.6,12.0,761.0,0.6,7.9,6450.0,7.63
2025-12-25 12:00:00+00:00,USGS-09380000,7.6,12.0,759.5,5.3,7.85,6330.0,7.59
2025-12-25 13:00:00+00:00,USGS-09380000,7.6,12.0,717.5,5.75,7.75,6150.0,7.53
2025-12-25 14:00:00+00:00,USGS-09380000,7.5,12.0,757.0,0.6,7.9,6150.0,7.53
2025-12-25 15:00:00+00:00,USGS-09380000,7.5,11.9,760.0,0.6499999999999999,7.9,6285.0,7.574999999999999
2025-12-25 16:00:00+00:00,USGS-09380000,7.5,11.9,760.0,0.7,7.9,7090.0,7.84
2025-12-25 17:00:00+00:00,USGS-09380000,7.5,11.9,759.0,0.9,7.9,8010.0,8.120000000000001
2025-12-25 18:00:00+00:00,USGS-09380000,7.6,11.9,752.5,0.75,7.9,8565.0,8.28
2025-12-25 19:00:00+00:00,USGS-09380000,7.65,12.0,758.0,0.8,7.9,8685.0,8.315000000000001
2025-12-25 20:00:00+00:00,USGS-09380000,7.8,12.05,757.5,0.5,7.9,8595.0,8.29
2025-12-25 21:00:00+00:00,USGS-09380000,7.95,12.1,756.5,0.7,7.95,8455.0,8.25
2025-12-25 22:00:00+00:00,USGS-09380000,8.1,12.149999999999999,756.0,0.8,8.0,8390.0,8.23
2025-12-25 23:00:00+00:00,USGS-09380000,8.1,12.1,755.0,0.9,8.0,8320.0,8.21
2025-12-26 00:00:00+00:00,USGS-09380000,8.1,12.1,755.0,0.8,8.0,8320.0,8.21
2025-12-26 01:00:00+00:00,USGS-09380000,8.1,12.0,756.0,0.8,8.0,8580.0,8.285
2025-12-26 02:00:00+00:00,USGS-09380000,8.1,11.95,757.5,0.7,8.0,9100.0,8.43
2025-12-26 03:00:00+00:00,USGS-09380000,8.0,11.9,758.0,0.5,8.0,9600.0,8.565000000000001
2025-12-26 04:00:00+00:00,USGS-09380000,8.1,11.9,759.0,0.5,8.0,9945.0,8.655000000000001
2025-12-26 05:00:00+00:00,USGS-09380000,8.1,11.9,758.5,0.5,8.0,10100.0,8.7
2025-12-26 06:00:00+00:00,USGS-09380000,8.2,11.95,759.0,0.5,8.0,9905.0,8.645
2025-12-26 07:00:00+00:00,USGS-09380000,8.1,12.0,759.0,0.4,8.0,9210.0,8.46
2025-12-26 08:00:00+00:00,USGS-09380000,8.0,11.9,758.5,0.5,8.0,8260.0,8.195
2025-12-26 09:00:00+00:00,USGS-09380000,7.85,11.9,758.0,0.5,8.0,7425.0,7.945
2025-12-26 10:00:00+00:00,USGS-09380000,7.75,11.9,758.0,0.45,7.9,6840.0,7.76
2025-12-26 11:00:00+00:00,USGS-09380000,7.7,11.9,758.0,0.5,7.9,6440.0,7.63
2025-12-26 12:00:00+00:00,USGS-09380000,7.6,11.850000000000001,758.0,0.4,7.9,6225.0,7.555
2025-12-26 13:00:00+00:00,USGS-09380000,7.6,11.8,758.0,0.4,7.9,6090.0,7.51
2025-12-26 14:00:00+00:00,USGS-09380000,7.5,11.8,758.0,0.4,7.9,6035.0,7.49
2025-12-26 15:00:00+00:00,USGS-09380000,7.5,11.8,757.0,0.4,7.9,6210.0,7.550000000000001
2025-12-26 16:00:00+00:00,USGS-09380000,7.5,11.8,757.0,0.45,7.9,7010.0,7.8149999999999995
2025-12-26 17:00:00+00:00,USGS-09380000,7.5,11.8,757.0,0.4,7.9,7955.0,8.105
2025-12-26 18:00:00+00:00,USGS-09380000,7.6,11.8,756.0,0.4,7.9,8470.0,8.254999999999999
2025-12-26 19:00:00+00:00,USGS-09380000,7.7,11.9,756.0,0.4,7.9,8610.0,8.295
2025-12-26 20:00:00+00:00,USGS-09380000,7.85,11.9,757.0,0.55,7.9,8610.0,8.295
2025-12-26 21:00:00+00:00,USGS-09380000,8.0,11.9,757.5,0.5,8.0,8590.0,8.29
2025-12-26 22:00:00+00:00,USGS-09380000,8.149999999999999,11.95,758.0,0.5,8.0,8560.0,8.28
2025-12-26 23:00:00+00:00,USGS-09380000,8.25,11.9,758.0,0.55,8.0,8540.0,8.274999999999999
2025-12-27 00:00:00+00:00,USGS-09380000,8.3,11.9,758.0,0.5,8.0,8520.0,8.27
2025-12-27 01:00:00+00:00,USGS-09380000,8.3,11.9,759.0,0.5,8.0,8520.0,8.27
2025-12-27 02:00:00+00:00,USGS-09380000,8.3,11.9,759.0,0.55,8.0,8755.0,8.335
2025-12-27 03:00:00+00:00,USGS-09380000,8.3,11.9,758.0,0.6,8.0,9285.0,8.48
2025-12-27 04:00:00+00:00,USGS-09380000,8.3,12.0,757.0,0.55,8.0,9770.0,8.61
2025-12-27 05:00:00+00:00,USGS-09380000,8.4,12.0,756.0,0.6499999999999999,8.0,9980.0,8.665
2025-12-27 06:00:00+00:00,USGS-09380000,8.4,12.1,754.0,0.75,8.0,9845.0,8.629999999999999
2025-12-27 07:00:00+00:00,USGS-09380000,8.3,12.1,753.0,0.5,8.0,9150.0,8.445
2025-12-27 08:00:00+00:00,USGS-09380000,8.149999999999999,12.1,753.0,0.4,8.0,8210.0,8.18
2025-12-27 09:00:00+00:00,USGS-09380000,8.0,12.1,753.0,0.4,8.0,7420.0,7.945
2025-12-27 10:00:00+00:00,USGS-09380000,7.85,12.1,753.0,0.45,8.0,6825.0,7.755
2025-12-27 11:00:00+00:00,USGS-09380000,7.75,12.0,753.0,0.5,7.95,6455.0,7.635
2025-12-27 12:00:00+00:00,USGS-09380000,7.65,12.0,754.0,0.45,7.9,6235.0,7.5600000000000005
2025-12-27 13:00:00+00:00,USGS-09380000,7.6,11.9,754.5,0.4,7.9,6090.0,7.51
2025-12-27 14:00:00+00:00,USGS-09380000,7.5,11.9,755.5,0.4,7.9,6015.0,7.485
2025-12-27 15:00:00+00:00,USGS-09380000,7.5,11.8,756.5,0.4,7.9,5970.0,7.47
2025-12-27 16:00:00+00:00,USGS-09380000,7.45,11.8,758.0,0.4,7.9,6190.0,7.545
2025-12-27 17:00:00+00:00,USGS-09380000,7.4,11.8,758.5,0.35,7.9,6790.0,7.744999999999999
2025-12-27 18:00:00+00:00,USGS-09380000,7.4,11.7,760.0,0.3,7.9,7435.0,7.949999999999999
2025-12-27 19:00:00+00:00,USGS-09380000,7.5,11.7,760.0,0.4,7.9,7920.0,8.094999999999999
2025-12-27 20:00:00+00:00,USGS-09380000,7.6,11.75,761.0,0.4,7.9,8190.0,8.175
2025-12-27 21:00:00+00:00,USGS-09380000,7.75,11.8,761.0,0.4,7.9,8295.0,8.205
2025-12-27 22:00:00+00:00,USGS-09380000,7.95,11.8,761.0,0.45,7.9,8280.0,8.2
2025-12-27 23:00:00+00:00,USGS-09380000,8.1,11.8,760.0,0.4,8.0,8190.0,8.175
2025-12-28 00:00:00+00:00,USGS-09380000,8.2,11.8,760.0,0.4,8.0,8120.0,8.155000000000001
2025-12-28 01:00:00+00:00,USGS-09380000,8.2,11.8,760.0,0.4,8.0,8070.0,8.14
2025-12-28 02:00:00+00:00,USGS-09380000,8.25,11.8,759.0,0.4,8.0,8275.0,8.2
2025-12-28 03:00:00+00:00,USGS-09380000,8.3,11.8,759.0,0.45,8.0,8900.0,8.375
2025-12-28 04:00:00+00:00,USGS-09380000,8.3,11.8,759.0,0.4,8.0,9485.0,8.535
2025-12-28 05:00:00+00:00,USGS-09380000,8.4,11.8,759.0,0.45,8.0,9790.0,8.614999999999998
2025-12-28 06:00:00+00:00,USGS-09380000,8.4,11.8,758.0,0.55,8.0,9750.0,8.605
2025-12-28 07:00:00+00:00,USGS-09380000,8.3,11.8,758.0,0.5,8.1,9205.0,8.46
2025-12-28 08:00:00+00:00,USGS-09380000,8.2,11.8,758.0,0.45,8.05,8345.0,8.219999999999999
2025-12-28 09:00:00+00:00,USGS-09380000,8.05,11.7,758.0,0.4,8.0,7535.0,7.98
2025-12-28 10:00:00+00:00,USGS-09380000,7.9,11.7,758.5,0.4,8.0,6930.0,7.789999999999999
2025-12-28 11:00:00+00:00,USGS-09380000,7.8,11.6,759.0,0.4,7.9,6500.0,7.65
2025-12-28 12:00:00+00:00,USGS-09380000,7.7,11.55,760.0,0.45,7.9,6260.0,7.57
2025-12-28 13:00:00+00:00,USGS-09380000,7.6,11.5,761.0,0.45,7.9,6120.0,7.52
2025-12-28 14:00:00+00:00,USGS-09380000,7.6,11.4,762.0,0.4,7.9,6030.0,7.49
2025-12-28 15:00:00+00:00,USGS-09380000,7.5,11.4,763.0,0.4,7.9,6000.0,7.48
2025-12-28 16:00:00+00:00,USGS-09380000,7.5,11.3,763.5,0.4,7.9,6205.0,7.550000000000001
2025-12-28 17:00:00+00:00,USGS-09380000,7.5,11.3,764.0,0.5,7.9,6790.0,7.744999999999999
2025-12-28 18:00:00+00:00,USGS-09380000,7.5,11.3,763.0,0.5,7.9,7450.0,7.955
2025-12-28 19:00:00+00:00,USGS-09380000,7.65,11.4,763.0,0.4,7.9,7920.0,8.094999999999999
2025-12-28 20:00:00+00:00,USGS-09380000,7.8,11.5,762.0,0.4,7.9,8190.0,8.175
2025-12-28 21:00:00+00:00,USGS-09380000,8.0,11.6,761.5,0.5,7.95,8345.0,8.22
2025-12-28 22:00:00+00:00,USGS-09380000,8.149999999999999,11.6,761.0,0.45,8.0,8450.0,8.25
2025-12-28 23:00:00+00:00,USGS-09380000,8.2,11.6,761.0,0.4,8.0,8480.0,8.26
2025-12-29 00:00:00+00:00,USGS-09380000,8.2,11.5,761.0,0.4,8.0,8480.0,8.26
2025-12-29 01:00:00+00:00,USGS-09380000,8.1,11.4,762.0,0.4,8.0,8500.0,8.265
2025-12-29 02:00:00+00:00,USGS-09380000,8.1,11.4,762.0,0.5,7.95,8750.0,8.335
2025-12-29 03:00:00+00:00,USGS-09380000,8.1,11.4,763.0,0.55,7.9,9255.0,8.475000000000001
2025-12-29 04:00:00+00:00,USGS-09380000,8.1,11.4,763.0,0.65,7.9,9500.0,8.54
2025-12-29 05:00:00+00:00,USGS-09380000,8.1,11.4,763.0,0.5,8.0,9295.0,8.485
2025-12-29 06:00:00+00:00,USGS-09380000,8.2,11.4,763.5,0.5,8.0,8710.0,8.325
2025-12-29 07:00:00+00:00,USGS-09380000,8.1,11.4,763.0,0.6499999999999999,8.0,7900.0,8.09
2025-12-29 08:00:00+00:00,USGS-09380000,8.1,11.4,764.0,0.6,8.0,7195.0,7.875
2025-12-29 09:00:00+00:00,USGS-09380000,8.0,11.4,764.0,0.6,8.0,6680.0,7.710000000000001
2025-12-29 10:00:00+00:00,USGS-09380000,7.85,11.3,764.0,0.6,7.9,6350.0,7.6
2025-12-29 11:00:00+00:00,USGS-09380000,7.8,11.3,765.0,0.5,7.9,6185.0,7.545
2025-12-29 12:00:00+00:00,USGS-09380000,7.7,11.2,765.0,0.5,7.9,6075.0,7.505
2025-12-29 13:00:00+00:00,USGS-09380000,7.7,11.2,765.0,0.5,7.9,6015.0,7.485
2025-12-29 14:00:00+00:00,USGS-09380000,7.6,11.149999999999999,765.0,0.5,7.9,5970.0,7.47
2025-12-29 15:00:00+00:00,USGS-09380000,7.6,11.1,765.0,0.5,7.9,6200.0,7.550000000000001
2025-12-29 16:00:00+00:00,USGS-09380000,7.6,11.1,765.0,0.5,7.9,7005.0,7.8149999999999995
2025-12-29 17:00:00+00:00,USGS-09380000,7.6,11.0,766.0,0.6,7.9,8035.0,8.129999999999999
2025-12-29 18:00:00+00:00,USGS-09380000,7.6,11.0,766.0,0.7,7.9,8485.0,8.26
2025-12-29 19:00:00+00:00,USGS-09380000,7.7,11.05,766.0,0.55,7.9,8620.0,8.3
2025-12-29 20:00:00+00:00,USGS-09380000,7.85,11.1,767.5,0.5,7.9,8620.0,8.3
2025-12-29 21:00:00+00:00,USGS-09380000,8.05,11.1,768.0,0.5,7.9,8590.0,8.29
2025-12-29 22:00:00+00:00,USGS-09380000,8.2,11.2,768.0,0.7,7.9,8570.0,8.285
2025-12-29 23:00:00+00:00,USGS-09380000,8.2,11.2,768.0,1.25,8.0,8550.0,8.28
2025-12-30 00:00:00+00:00,USGS-09380000,8.2,11.1,767.0,0.7,8.0,8550.0,8.28
2025-12-30 01:00:00+00:00,USGS-09380000,8.2,11.149999999999999,766.0,0.65,8.0,8570.0,8.285
2025-12-30 02:00:00+00:00,USGS-09380000,8.2,11.2,765.5,0.8,8.0,8785.0,8.344999999999999
2025-12-30 03:00:00+00:00,USGS-09380000,8.2,11.2,765.5,1.4,8.0,9295.0,8.485
2025-12-30 04:00:00+00:00,USGS-09380000,8.2,11.2,765.5,0.8,8.0,9780.0,8.615
2025-12-30 05:00:00+00:00,USGS-09380000,8.2,11.2,765.0,1.0,8.0,9970.0,8.665
2025-12-30 06:00:00+00:00,USGS-09380000,8.3,11.2,765.0,0.6499999999999999,8.0,9840.0,8.629999999999999
2025-12-30 07:00:00+00:00,USGS-09380000,8.2,11.2,764.5,0.5,8.0,9160.0,8.45
2025-12-30 08:00:00+00:00,USGS-09380000,8.1,11.2,764.0,0.5,8.0,8220.0,8.185
2025-12-30 09:00:00+00:00,USGS-09380000,8.0,11.2,764.0,0.6,8.0,7385.0,7.9350000000000005
2025-12-30 10:00:00+00:00,USGS-09380000,7.9,11.2,764.0,0.4,7.9,6800.0,7.75
2025-12-30 11:00:00+00:00,USGS-09380000,7.8,11.2,764.0,0.4,7.9,6440.0,7.63
2025-12-30 12:00:00+00:00,USGS-09380000,7.75,11.1,764.0,0.4,7.9,6230.0,7.5600000000000005
2025-12-30 13:00:00+00:00,USGS-09380000,7.7,11.1,764.0,0.4,7.9,6095.0,7.515
2025-12-30 14:00:00+00:00,USGS-09380000,7.7,11.05,764.0,0.4,7.9,6045.0,7.495
2025-12-30 15:00:00+00:00,USGS-09380000,7.6,11.0,763.5,0.4,7.9,6015.0,7.485
2025-12-30 16:00:00+00:00,USGS-09380000,7.6,11.0,763.5,0.4,7.9,6200.0,7.550000000000001
2025-12-30 17:00:00+00:00,USGS-09380000,7.7,11.0,763.0,0.4,7.9,6800.0,7.75
2025-12-30 18:00:00+00:00,USGS-09380000,7.7,11.0,763.0,0.4,7.9,7450.0,7.955
2025-12-30 19:00:00+00:00,USGS-09380000,7.8,11.0,763.0,0.4,7.9,7910.0,8.094999999999999
2025-12-30 20:00:00+00:00,USGS-09380000,8.0,11.1,762.0,0.4,7.9,8220.0,8.184999999999999
2025-12-30 21:00:00+00:00,USGS-09380000,8.2,11.1,762.0,0.4,8.0,8340.0,8.22
2025-12-30 22:00:00+00:00,USGS-09380000,8.350000000000001,11.149999999999999,763.0,0.4,8.0,8425.0,8.245000000000001
2025-12-30 23:00:00+00:00,USGS-09380000,8.4,11.1,763.5,0.4,8.0,8440.0,8.25
2025-12-31 00:00:00+00:00,USGS-09380000,8.4,11.1,764.0,0.4,8.0,8475.0,8.26
2025-12-31 01:00:00+00:00,USGS-09380000,8.4,11.05,764.0,0.4,8.0,8570.0,8.285
2025-12-31 02:00:00+00:00,USGS-09380000,8.4,11.1,764.0,0.4,8.0,8925.0,8.385
2025-12-31 03:00:00+00:00,USGS-09380000,8.4,11.1,763.0,0.4,8.0,9440.0,8.524999999999999
2025-12-31 04:00:00+00:00,USGS-09380000,8.4,11.149999999999999,762.0,0.4,8.0,9820.0,8.625
2025-12-31 05:00:00+00:00,USGS-09380000,8.45,11.2,762.0,0.45,8.0,9760.0,8.61
2025-12-31 06:00:00+00:00,USGS-09380000,8.45,11.2,761.0,0.45,8.0,9070.0,8.425
2025-12-31 07:00:00+00:00,USGS-09380000,8.4,11.3,761.0,0.45,8.0,8135.0,8.16
2025-12-31 08:00:00+00:00,USGS-09380000,8.25,11.2,762.0,0.4,8.0,7400.0,7.94
2025-12-31 09:00:00+00:00,USGS-09380000,8.1,11.2,762.0,0.4,8.0,6800.0,7.75
2025-12-31 10:00:00+00:00,USGS-09380000,8.0,11.149999999999999,762.0,0.4,7.95,6420.0,7.625
2025-12-31 11:00:00+00:00,USGS-09380000,7.9,11.1,762.0,0.4,7.9,6215.0,7.555
2025-12-31 12:00:00+00:00,USGS-09380000,7.8,11.05,762.0,0.4,7.9,6095.0,7.515
2025-12-31 13:00:00+00:00,USGS-09380000,7.75,11.0,763.0,0.4,7.9,6030.0,7.49
2025-12-31 14:00:00+00:00,USGS-09380000,7.7,11.0,763.0,0.4,7.9,5970.0,7.47
2025-12-31 15:00:00+00:00,USGS-09380000,7.7,10.9,764.0,0.4,7.9,5970.0,7.47
2025-12-31 16:00:00+00:00,USGS-09380000,7.7,10.9,764.0,0.4,7.9,6185.0,7.545
2025-12-31 17:00:00+00:00,USGS-09380000,7.6,10.9,764.0,0.35,7.9,6800.0,7.75
2025-12-31 18:00:00+00:00,USGS-09380000,7.7,10.9,764.0,0.4,7.9,7465.0,7.960000000000001
2025-12-31 19:00:00+00:00,USGS-09380000,7.8,10.9,763.5,0.4,7.9,7910.0,8.094999999999999
2025-12-31 20:00:00+00:00,USGS-09380000,7.95,10.95,762.5,0.35,7.9,8200.0,8.18
2025-12-31 21:00:00+00:00,USGS-09380000,8.2,11.0,762.0,0.4,8.0,8340.0,8.22
2025-12-31 22:00:00+00:00,USGS-09380000,8.4,11.1,761.0,0.35,8.0,8425.0,8.245000000000001
2025-12-31 23:00:00+00:00,USGS-09380000,8.5,11.1,761.0,0.4,8.0,8480.0,8.26
2026-01-01 00:00:00+00:00,USGS-09380000,8.6,11.149999999999999,760.0,0.4,8.0,8510.0,8.27
2026-01-01 01:00:00+00:00,USGS-09380000,8.6,11.2,759.0,0.4,8.0,8510.0,8.27
2026-01-01 02:00:00+00:00,USGS-09380000,8.7,11.2,759.0,0.4,8.0,8705.0,8.325
2026-01-01 03:00:00+00:00,USGS-09380000,8.7,11.3,759.0,0.5,8.0,9215.0,8.465
2026-01-01 04:00:00+00:00,USGS-09380000,8.7,11.3,760.0,0.5,8.0,9460.0,8.53
2026-01-01 05:00:00+00:00,USGS-09380000,8.7,11.3,760.0,0.6,8.05,9285.0,8.485
2026-01-01 06:00:00+00:00,USGS-09380000,8.7,11.350000000000001,760.5,0.4,8.0,8655.0,8.309999999999999
2026-01-01 07:00:00+00:00,USGS-09380000,8.55,11.4,761.0,0.5,8.0,7890.0,8.09
2026-01-01 08:00:00+00:00,USGS-09380000,8.4,11.3,760.0,0.4,8.0,7205.0,7.880000000000001
2026-01-01 09:00:00+00:00,USGS-09380000,8.25,11.3,760.0,0.4,8.0,7080.0,7.84
2026-01-01 10:00:00+00:00,USGS-09380000,8.05,11.3,760.0,0.4,8.0,7775.0,8.055
2026-01-01 11:00:00+00:00,USGS-09380000,7.9,11.3,759.0,0.4,7.9,8670.0,8.315
2026-01-01 12:00:00+00:00,USGS-09380000,7.8,11.3,759.0,0.4,7.9,9345.0,8.5
2026-01-01 13:00:00+00:00,USGS-09380000,7.7,11.3,759.0,0.5,7.9,9760.0,8.61
2026-01-01 14:00:00+00:00,USGS-09380000,7.6,11.3,758.0,0.45,7.9,9720.0,8.6
2026-01-01 15:00:00+00:00,USGS-09380000,7.6,11.3,758.0,0.4,7.9,9455.0,8.53
2026-01-01 16:00:00+00:00,USGS-09380000,7.6,11.3,757.5,0.5,7.9,9310.0,8.49
2026-01-01 17:00:00+00:00,USGS-09380000,7.6,11.3,757.0,0.5,7.9,9340.0,8.5
2026-01-01 18:00:00+00:00,USGS-09380000,7.7,11.4,756.0,0.45,7.9,9210.0,8.465
2026-01-01 19:00:00+00:00,USGS-09380000,7.85,11.4,756.0,0.5,7.9,8995.0,8.405000000000001
2026-01-01 20:00:00+00:00,USGS-09380000,8.0,11.4,757.0,0.4,8.0,8850.0,8.364999999999998
2026-01-01 21:00:00+00:00,USGS-09380000,8.149999999999999,11.5,757.0,0.4,8.0,8720.0,8.33
2026-01-01 22:00:00+00:00,USGS-09380000,8.3,11.5,758.0,0.4,8.0,8635.0,8.305
2026-01-01 23:00:00+00:00,USGS-09380000,8.4,11.5,758.0,0.4,8.0,8600.0,8.295
2026-01-02 00:00:00+00:00,USGS-09380000,8.5,11.5,758.0,0.4,8.0,8580.0,8.29
2026-01-02 01:00:00+00:00,USGS-09380000,8.55,11.5,758.0,0.4,8.0,8670.0,8.315000000000001
2026-01-02 02:00:00+00:00,USGS-09380000,8.6,11.5,758.0,0.4,8.0,9120.0,8.440000000000001
2026-01-02 03:00:00+00:00,USGS-09380000,8.6,11.5,758.0,0.4,8.0,9875.0,8.64
2026-01-02 04:00:00+00:00,USGS-09380000,8.7,11.5,758.0,0.4,8.05,10450.0,8.795
2026-01-02 05:00:00+00:00,USGS-09380000,8.7,11.5,758.0,0.5,8.1,10750.0,8.86
2026-01-02 06:00:00+00:00,USGS-09380000,8.6,11.5,757.0,0.5,8.0,10500.0,8.8
2026-01-02 07:00:00+00:00,USGS-09380000,8.4,11.5,757.0,0.5,8.0,9930.0,8.655000000000001
2026-01-02 08:00:00+00:00,USGS-09380000,8.2,11.5,757.0,0.5,8.0,9395.0,8.515
2026-01-02 09:00:00+00:00,USGS-09380000,8.0,11.45,757.0,0.5,8.0,9250.0,8.475000000000001
2026-01-02 10:00:00+00:00,USGS-09380000,7.85,11.4,757.0,0.55,7.9,9475.0,8.535
2026-01-02 11:00:00+00:00,USGS-09380000,7.7,11.4,758.0,0.5,7.9,9910.0,8.65
2026-01-02 12:00:00+00:00,USGS-09380000,7.6,11.4,758.0,0.5,7.9,10300.0,8.75
2026-01-02 13:00:00+00:00,USGS-09380000,7.6,11.3,759.0,0.6,7.9,10500.0,8.79
2026-01-02 14:00:00+00:00,USGS-09380000,7.6,11.3,759.0,0.6,7.9,10250.0,8.74
2026-01-02 15:00:00+00:00,USGS-09380000,7.6,11.3,759.0,0.55,7.9,10100.0,8.7
2026-01-02 16:00:00+00:00,USGS-09380000,7.6,11.3,758.0,0.5,7.9,10400.0,8.775
2026-01-02 17:00:00+00:00,USGS-09380000,7.6,11.3,757.0,0.5,7.9,10800.0,8.875
2026-01-02 18:00:00+00:00,USGS-09380000,7.7,11.4,756.0,0.4,7.9,10750.0,8.870000000000001
2026-01-02 19:00:00+00:00,USGS-09380000,7.8,11.4,756.0,0.45,7.9,10350.0,8.754999999999999
2026-01-02 20:00:00+00:00,USGS-09380000,7.9,11.5,756.5,0.4,7.95,9830.0,8.629999999999999
2026-01-02 21:00:00+00:00,USGS-09380000,8.05,11.5,757.0,0.45,8.0,9375.0,8.51
2026-01-02 22:00:00+00:00,USGS-09380000,8.2,11.5,757.0,0.4,8.0,9045.0,8.42
2026-01-02 23:00:00+00:00,USGS-09380000,8.2,11.5,757.0,0.4,8.0,8860.0,8.37
2026-01-03 00:00:00+00:00,USGS-09380000,8.2,11.5,757.0,0.35,8.0,8955.0,8.395
2026-01-03 01:00:00+00:00,USGS-09380000,8.2,11.4,757.0,0.4,8.0,9545.0,8.555
2026-01-03 02:00:00+00:00,USGS-09380000,8.1,11.4,757.0,0.4,8.0,10550.0,8.805
2026-01-03 03:00:00+00:00,USGS-09380000,8.1,11.4,756.5,0.45,8.0,11550.0,9.059999999999999
2026-01-03 04:00:00+00:00,USGS-09380000,8.2,11.5,755.5,0.45,8.0,12250.0,9.219999999999999
2026-01-03 05:00:00+00:00,USGS-09380000,8.3,11.5,754.0,0.5,8.0,12350.0,9.245000000000001
2026-01-03 06:00:00+00:00,USGS-09380000,8.2,11.5,755.0,0.55,8.0,11800.0,9.115
2026-01-03 07:00:00+00:00,USGS-09380000,8.1,11.4,757.0,0.6499999999999999,8.0,10850.0,8.885
2026-01-03 08:00:00+00:00,USGS-09380000,7.9,11.350000000000001,759.5,0.6,7.95,9965.0,8.66
2026-01-03 09:00:00+00:00,USGS-09380000,7.8,11.3,761.0,0.7,7.9,9335.0,8.5
2026-01-03 10:00:00+00:00,USGS-09380000,7.65,11.2,762.0,0.75,7.9,8990.0,8.405000000000001
2026-01-03 11:00:00+00:00,USGS-09380000,7.6,11.2,762.0,0.7,7.9,8775.0,8.344999999999999
2026-01-03 12:00:00+00:00,USGS-09380000,7.5,11.2,763.0,0.6,7.9,8630.0,8.305
2026-01-03 13:00:00+00:00,USGS-09380000,7.5,11.1,763.0,0.6,7.9,8580.0,8.29
2026-01-03 14:00:00+00:00,USGS-09380000,7.5,11.1,764.0,0.55,7.9,8580.0,8.29
2026-01-03 15:00:00+00:00,USGS-09380000,7.5,11.1,764.0,0.5,7.9,8735.0,8.335
2026-01-03 16:00:00+00:00,USGS-09380000,7.5,11.0,765.0,0.55,7.8,9205.0,8.465
2026-01-03 17:00:00+00:00,USGS-09380000,7.5,11.0,765.0,0.55,7.8,9695.0,8.594999999999999
2026-01-03 18:00:00+00:00,USGS-09380000,7.6,11.05,764.0,0.5,7.9,9695.0,8.594999999999999
2026-01-03 19:00:00+00:00,USGS-09380000,7.75,11.1,763.0,0.5,7.9,9395.0,8.515
2026-01-03 20:00:00+00:00,USGS-09380000,7.9,11.2,762.0,0.45,7.9,9065.0,8.425
2026-01-03 21:00:00+00:00,USGS-09380000,8.1,11.3,761.0,0.4,8.0,8845.0,8.365
2026-01-03 22:00:00+00:00,USGS-09380000,8.2,11.3,760.0,0.4,8.0,8700.0,8.325
2026-01-03 23:00:00+00:00,USGS-09380000,8.350000000000001,11.4,760.0,0.4,8.0,8610.0,8.3
2026-01-04 00:00:00+00:00,USGS-09380000,8.45,11.4,759.0,0.5,8.0,8580.0,8.29
2026-01-04 01:00:00+00:00,USGS-09380000,8.55,11.4,760.0,0.4,8.0,8540.0,8.28
2026-01-04 02:00:00+00:00,USGS-09380000,8.6,11.4,760.0,0.4,8.0,9045.0,8.420000000000002
2026-01-04 03:00:00+00:00,USGS-09380000,8.6,11.4,761.0,0.5,8.0,10350.0,8.765
2026-01-04 04:00:00+00:00,USGS-09380000,8.6,11.350000000000001,762.0,0.5,8.0,11650.0,9.079999999999998
2026-01-04 05:00:00+00:00,USGS-09380000,8.649999999999999,11.4,762.5,0.45,8.0,12450.0,9.274999999999999
2026-01-04 06:00:00+00:00,USGS-09380000,8.55,11.350000000000001,763.0,0.55,8.0,12450.0,9.265
2026-01-04 07:00:00+00:00,USGS-09380000,8.3,11.3,763.0,0.6499999999999999,8.0,11650.0,9.08
2026-01-04 08:00:00+00:00,USGS-09380000,8.05,11.3,763.0,1.4,7.95,10700.0,8.850000000000001
2026-01-04 09:00:00+00:00,USGS-09380000,7.85,11.2,763.0,0.6499999999999999,7.9,10300.0,8.74
2026-01-04 10:00:00+00:00,USGS-09380000,7.7,11.2,763.0,0.6,7.9,10450.0,8.78
2026-01-04 11:00:00+00:00,USGS-09380000,7.65,11.2,763.0,0.6,7.9,10650.0,8.835
2026-01-04 12:00:00+00:00,USGS-09380000,7.6,11.1,763.0,0.6499999999999999,7.9,10450.0,8.785
2026-01-04 13:00:00+00:00,USGS-09380000,7.6,11.1,763.0,0.6,7.9,9885.0,8.645
2026-01-04 14:00:00+00:00,USGS-09380000,7.6,11.1,762.0,0.6,7.9,9375.0,8.51
2026-01-04 15:00:00+00:00,USGS-09380000,7.6,11.1,762.0,0.6,7.9,9130.0,8.445
2026-01-04 16:00:00+00:00,USGS-09380000,7.6,11.1,761.5,0.5,7.9,9260.0,8.48
2026-01-04 17:00:00+00:00,USGS-09380000,7.7,11.1,761.0,0.6,7.9,9580.0,8.565000000000001
2026-01-04 18:00:00+00:00,USGS-09380000,7.75,11.1,760.0,0.5,7.9,9790.0,8.62
2026-01-04 19:00:00+00:00,USGS-09380000,7.85,11.2,760.0,0.5,7.9,9675.0,8.59
2026-01-04 20:00:00+00:00,USGS-09380000,8.0,11.2,760.0,0.5,7.95,9335.0,8.5
2026-01-04 21:00:00+00:00,USGS-09380000,8.2,11.3,760.0,0.4,8.0,9025.0,8.415
2026-01-04 22:00:00+00:00,USGS-09380000,8.25,11.3,761.0,0.4,8.0,8805.0,8.355
2026-01-04 23:00:00+00:00,USGS-09380000,8.3,11.25,762.0,0.4,8.0,8700.0,8.325
2026-01-05 00:00:00+00:00,USGS-09380000,8.3,11.2,762.0,0.4,8.0,8630.0,8.305
2026-01-05 01:00:00+00:00,USGS-09380000,8.3,11.2,763.0,0.4,8.0,8570.0,8.29
2026-01-05 02:00:00+00:00,USGS-09380000,8.3,11.2,763.0,0.4,8.0,8590.0,8.295
2026-01-05 03:00:00+00:00,USGS-09380000,8.3,11.2,763.0,0.4,8.0,8825.0,8.36
2026-01-05 04:00:00+00:00,USGS-09380000,8.350000000000001,11.2,763.0,0.45,8.0,9355.0,8.504999999999999
2026-01-05 05:00:00+00:00,USGS-09380000,8.4,11.2,763.0,0.4,8.0,10000.0,8.675
2026-01-05 06:00:00+00:00,USGS-09380000,8.5,11.3,762.0,0.5,8.0,10300.0,8.745000000000001
2026-01-05 07:00:00+00:00,USGS-09380000,8.4,11.3,762.0,0.5,8.0,10050.0,8.69
2026-01-05 08:00:00+00:00,USGS-09380000,8.3,11.3,762.0,0.5,8.0,9595.0,8.57
2026-01-05 09:00:00+00:00,USGS-09380000,8.1,11.2,762.0,0.4,8.0,9185.0,8.46
2026-01-05 10:00:00+00:00,USGS-09380000,7.95,11.2,762.0,0.45,7.95,8875.0,8.375
2026-01-05 11:00:00+00:00,USGS-09380000,7.8,11.2,762.0,0.5,7.9,8735.0,8.335
2026-01-05 12:00:00+00:00,USGS-09380000,7.7,11.2,762.0,0.5,7.9,8610.0,8.3
2026-01-05 13:00:00+00:00,USGS-09380000,7.7,11.1,762.5,0.45,7.9,8590.0,8.295
2026-01-05 14:00:00+00:00,USGS-09380000,7.65,11.1,763.0,0.5,7.9,8570.0,8.29
2026-01-05 15:00:00+00:00,USGS-09380000,7.6,11.1,764.0,0.5,7.9,8930.0,8.39
2026-01-05 16:00:00+00:00,USGS-09380000,7.6,11.0,764.0,0.5,7.9,9960.0,8.66
2026-01-05 17:00:00+00:00,USGS-09380000,7.6,11.0,765.0,0.5,7.9,10850.0,8.89
2026-01-05 18:00:00+00:00,USGS-09380000,7.7,11.05,765.0,0.5,7.9,11100.0,8.945
2026-01-05 19:00:00+00:00,USGS-09380000,7.8,11.1,764.0,0.5,7.9,10650.0,8.835
2026-01-05 20:00:00+00:00,USGS-09380000,7.95,11.2,764.0,0.5,7.9,10050.0,8.695
2026-01-05 21:00:00+00:00,USGS-09380000,8.1,11.25,764.0,0.4,8.0,9615.0,8.575
2026-01-05 22:00:00+00:00,USGS-09380000,8.2,11.3,763.0,0.5,8.0,9300.0,8.49
2026-01-05 23:00:00+00:00,USGS-09380000,8.2,11.3,763.0,0.4,8.0,9040.0,8.42
2026-01-06 00:00:00+00:00,USGS-09380000,8.2,11.2,763.5,0.5,8.0,9040.0,8.42
2026-01-06 01:00:00+00:00,USGS-09380000,8.2,11.2,764.0,0.45,8.0,9560.0,8.559999999999999
2026-01-06 02:00:00+00:00,USGS-09380000,8.2,11.2,765.0,0.45,8.0,10850.0,8.89
2026-01-06 03:00:00+00:00,USGS-09380000,8.3,11.2,765.0,0.55,8.0,12100.0,9.185
2026-01-06 04:00:00+00:00,USGS-09380000,8.4,11.2,764.0,0.55,8.0,12850.0,9.365
2026-01-06 05:00:00+00:00,USGS-09380000,8.4,11.3,763.0,0.6,8.0,13200.0,9.43
2026-01-06 06:00:00+00:00,USGS-09380000,8.3,11.2,763.5,0.7,8.0,12850.0,9.355
2026-01-06 07:00:00+00:00,USGS-09380000,8.05,11.2,764.5,0.7,8.0,11950.0,9.149999999999999
2026-01-06 08:00:00+00:00,USGS-09380000,7.9,11.1,765.0,0.8,7.9,10950.0,8.915
2026-01-06 09:00:00+00:00,USGS-09380000,7.75,11.0,766.0,0.8,7.9,10150.0,8.71
2026-01-06 10:00:00+00:00,USGS-09380000,7.7,11.0,767.0,0.8,7.9,9520.0,8.55
2026-01-06 11:00:00+00:00,USGS-09380000,7.6,11.0,767.5,0.6499999999999999,7.9,9095.0,8.434999999999999
2026-01-06 12:00:00+00:00,USGS-09380000,7.6,10.9,768.5,0.6499999999999999,7.9,8875.0,8.375
2026-01-06 13:00:00+00:00,USGS-09380000,7.5,10.9,769.0,0.6,7.9,8730.0,8.335
2026-01-06 14:00:00+00:00,USGS-09380000,7.5,10.8,769.0,0.6,7.9,8680.0,8.32
2026-01-06 15:00:00+00:00,USGS-09380000,7.5,10.8,770.0,0.55,7.8,9110.0,8.440000000000001
2026-01-06 16:00:00+00:00,USGS-09380000,7.55,10.8,770.0,0.55,7.9,10400.0,8.77
2026-01-06 17:00:00+00:00,USGS-09380000,7.6,10.8,769.0,0.55,7.9,11550.0,9.059999999999999
2026-01-06 18:00:00+00:00,USGS-09380000,7.7,10.850000000000001,769.0,0.55,7.9,11800.0,9.114999999999998
2026-01-06 19:00:00+00:00,USGS-09380000,7.8,10.9,768.0,0.45,7.9,11200.0,8.969999999999999
2026-01-06 20:00:00+00:00,USGS-09380000,7.95,11.0,768.0,0.55,7.9,10300.0,8.76
2026-01-06 21:00:00+00:00,USGS-09380000,8.05,11.0,769.0,0.5,7.95,9635.0,8.58
2026-01-06 22:00:00+00:00,USGS-09380000,8.1,11.0,769.0,0.5,8.0,9165.0,8.455
2026-01-06 23:00:00+00:00,USGS-09380000,8.2,11.0,769.0,0.5,8.0,8895.0,8.379999999999999
2026-01-07 00:00:00+00:00,USGS-09380000,8.2,11.0,769.0,0.5,8.0,8910.0,8.385000000000002
2026-01-07 01:00:00+00:00,USGS-09380000,8.2,11.0,770.0,0.45,8.0,9295.0,8.49
2026-01-07 02:00:00+00:00,USGS-09380000,8.2,11.0,769.0,0.5,8.0,10250.0,8.745000000000001
2026-01-07 03:00:00+00:00,USGS-09380000,8.2,11.0,768.0,0.5,8.0,11650.0,9.075
2026-01-07 04:00:00+00:00,USGS-09380000,8.3,11.0,767.0,0.6,8.0,12600.0,9.305
2026-01-07 05:00:00+00:00,USGS-09380000,8.3,11.1,766.0,0.6,8.0,13250.0,9.44
2026-01-07 06:00:00+00:00,USGS-09380000,8.25,11.1,766.0,0.6,8.0,12950.0,9.39
2026-01-07 07:00:00+00:00,USGS-09380000,8.05,11.1,767.0,0.7,7.9,12050.0,9.185
2026-01-07 08:00:00+00:00,USGS-09380000,7.85,11.0,767.0,0.8,7.9,10950.0,8.915
2026-01-07 09:00:00+00:00,USGS-09380000,7.75,11.0,768.0,0.7,7.9,10020.0,8.68
2026-01-07 10:00:00+00:00,USGS-09380000,7.65,10.9,769.0,0.7,7.9,9405.0,8.52
2026-01-07 11:00:00+00:00,USGS-09380000,7.6,10.9,769.5,0.6499999999999999,7.9,9015.0,8.415
2026-01-07 12:00:00+00:00,USGS-09380000,7.6,10.8,770.0,0.6,7.9,8800.0,8.355
2026-01-07 13:00:00+00:00,USGS-09380000,7.5,10.8,771.0,0.7,7.9,8680.0,8.32
2026-01-07 14:00:00+00:00,USGS-09380000,7.5,10.8,771.0,0.55,7.9,8715.0,8.33
2026-01-07 15:00:00+00:00,USGS-09380000,7.5,10.8,770.0,0.6,7.9,9390.0,8.515
2026-01-07 16:00:00+00:00,USGS-09380000,7.6,10.7,770.0,0.55,7.9,10700.0,8.855
2026-01-07 17:00:00+00:00,USGS-09380000,7.6,10.8,768.5,0.55,7.9,11750.0,9.11
2026-01-07 18:00:00+00:00,USGS-09380000,7.7,10.8,767.0,0.6,7.9,11800.0,9.125
2026-01-07 19:00:00+00:00,USGS-09380000,7.9,10.9,765.0,0.6,7.9,11100.0,8.955
2026-01-07 20:00:00+00:00,USGS-09380000,8.0,10.9,764.0,0.6,7.95,10200.0,8.735
2026-01-07 21:00:00+00:00,USGS-09380000,8.1,11.0,764.0,0.6,8.0,9555.0,8.559999999999999
2026-01-07 22:00:00+00:00,USGS-09380000,8.2,11.0,764.0,0.5,8.0,9125.0,8.445
2026-01-07 23:00:00+00:00,USGS-09380000,8.3,11.0,765.0,0.55,8.0,8835.0,8.364999999999998
2026-01-08 00:00:00+00:00,USGS-09380000,8.350000000000001,11.0,766.0,0.45,8.0,8750.0,8.34
2026-01-08 01:00:00+00:00,USGS-09380000,8.4,11.0,767.0,0.6,8.0,9000.0,8.41
2026-01-08 02:00:00+00:00,USGS-09380000,8.4,11.0,768.0,0.55,8.0,10050.0,8.685
2026-01-08 03:00:00+00:00,USGS-09380000,8.4,11.0,770.0,0.55,8.0,11550.0,9.055
2026-01-08 04:00:00+00:00,USGS-09380000,8.5,11.0,770.0,0.9,8.0,12600.0,9.309999999999999
2026-01-08 05:00:00+00:00,USGS-09380000,8.5,11.05,769.0,1.15,8.0,13100.0,9.42
2026-01-08 06:00:00+00:00,USGS-09380000,8.350000000000001,11.1,767.5,1.0,8.0,12950.0,9.379999999999999
2026-01-08 07:00:00+00:00,USGS-09380000,8.149999999999999,11.0,766.0,2.3,8.0,12000.0,9.17
2026-01-08 08:00:00+00:00,USGS-09380000,7.95,11.0,765.0,4.15,7.9,10950.0,8.925
2026-01-08 09:00:00+00:00,USGS-09380000,7.8,11.0,765.0,1.15,7.9,10015.0,8.685
2026-01-08 10:00:00+00:00,USGS-09380000,7.7,11.0,765.0,1.35,7.9,9380.0,8.515
2026-01-08 11:00:00+00:00,USGS-09380000,7.7,11.0,766.0,1.25,7.9,9015.0,8.415
2026-01-08 12:00:00+00:00,USGS-09380000,7.7,10.9,766.0,1.25,7.9,8780.0,8.35
2026-01-08 13:00:00+00:00,USGS-09380000,7.7,10.9,766.0,1.4500000000000002,7.9,8620.0,8.305
2026-01-08 14:00:00+00:00,USGS-09380000,7.65,10.8,767.0,1.9,7.9,8570.0,8.29
2026-01-08 15:00:00+00:00,USGS-09380000,7.6,10.8,767.0,0.95,7.9,8640.0,8.309999999999999
2026-01-08 16:00:00+00:00,USGS-09380000,7.7,10.8,766.5,1.2,7.9,9440.0,8.530000000000001
2026-01-08 17:00:00+00:00,USGS-09380000,7.7,10.8,766.0,1.35,7.9,10500.0,8.809999999999999
2026-01-08 18:00:00+00:00,USGS-09380000,7.8,10.9,765.0,0.8,7.9,11000.0,8.93
2026-01-08 19:00:00+00:00,USGS-09380000,7.95,10.9,764.0,2.45,7.9,10700.0,8.85
2026-01-08 20:00:00+00:00,USGS-09380000,8.1,11.0,764.0,2.7,8.0,10100.0,8.705
2026-01-08 21:00:00+00:00,USGS-09380000,8.2,11.0,765.0,0.5,8.0,9440.0,8.53
2026-01-08 22:00:00+00:00,USGS-09380000,8.3,11.0,765.0,0.45,8.0,9050.0,8.425
2026-01-08 23:00:00+00:00,USGS-09380000,8.4,11.0,766.0,0.4,8.0,8815.0,8.36
2026-01-09 00:00:00+00:00,USGS-09380000,8.5,11.0,766.5,0.4,8.0,9125.0,8.445
2026-01-09 01:00:00+00:00,USGS-09380000,8.5,11.0,767.5,0.4,8.0,10300.0,8.75
2026-01-09 02:00:00+00:00,USGS-09380000,8.5,10.9,769.0,0.4,8.0,11650.0,9.075
2026-01-09 03:00:00+00:00,USGS-09380000,8.55,10.9,769.0,0.55,8.0,12500.0,9.285
2026-01-09 04:00:00+00:00,USGS-09380000,8.6,10.9,768.0,0.6,8.0,13100.0,9.415
2026-01-09 05:00:00+00:00,USGS-09380000,8.55,10.9,765.5,0.7,8.0,13200.0,9.44
2026-01-09 06:00:00+00:00,USGS-09380000,8.4,10.8,764.0,0.75,8.0,12850.0,9.36
2026-01-09 07:00:00+00:00,USGS-09380000,8.2,10.7,765.5,0.8500000000000001,8.0,11800.0,9.120000000000001
2026-01-09 08:00:00+00:00,USGS-09380000,8.0,10.6,768.0,0.7,7.9,10600.0,8.835
2026-01-09 09:00:00+00:00,USGS-09380000,7.9,10.5,770.0,0.6499999999999999,7.9,9795.0,8.625
2026-01-09 10:00:00+00:00,USGS-09380000,7.9,10.45,770.0,0.6,7.9,9270.0,8.485
2026-01-09 11:00:00+00:00,USGS-09380000,7.9,10.4,770.0,0.5,7.9,8850.0,8.37
2026-01-09 12:00:00+00:00,USGS-09380000,7.9,10.3,770.0,0.5,7.9,8690.0,8.325
2026-01-09 13:00:00+00:00,USGS-09380000,7.9,10.25,770.0,0.5,7.9,8560.0,8.29
2026-01-09 14:00:00+00:00,USGS-09380000,7.9,10.2,770.5,0.55,7.9,8530.0,8.28
2026-01-09 15:00:00+00:00,USGS-09380000,7.9,10.149999999999999,771.0,0.45,7.9,8830.0,8.365
2026-01-09 16:00:00+00:00,USGS-09380000,7.9,10.1,770.0,0.45,7.9,10005.0,8.675
2026-01-09 17:00:00+00:00,USGS-09380000,7.9,10.1,770.0,0.45,7.9,11300.0,9.0
2026-01-09 18:00:00+00:00,USGS-09380000,7.9,10.1,771.5,0.5,7.9,11600.0,9.08
2026-01-09 19:00:00+00:00,USGS-09380000,8.0,10.1,774.0,0.5,7.9,11100.0,8.96
2026-01-09 20:00:00+00:00,USGS-09380000,8.05,10.2,776.0,0.4,7.9,10250.0,8.74
2026-01-09 21:00:00+00:00,USGS-09380000,8.149999999999999,10.25,776.0,0.45,7.9,9565.0,8.565000000000001
2026-01-09 22:00:00+00:00,USGS-09380000,8.2,10.3,776.0,0.4,8.0,9140.0,8.45
2026-01-09 23:00:00+00:00,USGS-09380000,8.2,10.3,776.5,0.4,8.0,8990.0,8.41
2026-01-10 00:00:00+00:00,USGS-09380000,8.149999999999999,10.2,779.5,0.4,7.9,8960.0,8.4
2026-01-10 01:00:00+00:00,USGS-09380000,8.05,10.149999999999999,784.5,0.4,7.9,9305.0,8.495000000000001
2026-01-10 02:00:00+00:00,USGS-09380000,7.95,10.0,789.5,0.45,7.9,10400.0,8.780000000000001
2026-01-10 03:00:00+00:00,USGS-09380000,7.9,10.0,793.5,0.5,7.9,11700.0,9.100000000000001
2026-01-10 04:00:00+00:00,USGS-09380000,7.9,9.9,796.5,0.5,7.9,12500.0,9.285
2026-01-10 05:00:00+00:00,USGS-09380000,8.0,10.0,795.5,0.6,7.9,13000.0,9.4
2026-01-10 06:00:00+00:00,USGS-09380000,8.0,10.1,791.5,0.6499999999999999,7.9,12950.0,9.39
2026-01-10 07:00:00+00:00,USGS-09380000,7.9,10.1,788.0,0.6,7.9,12050.0,9.18
2026-01-10 08:00:00+00:00,USGS-09380000,7.75,10.149999999999999,787.0,0.6,7.9,10900.0,8.91
2026-01-10 09:00:00+00:00,USGS-09380000,7.6,10.1,786.0,0.6,7.9,9995.0,8.675
2026-01-10 10:00:00+00:00,USGS-09380000,7.6,10.149999999999999,785.0,0.5,7.8,9395.0,8.52
2026-01-10 11:00:00+00:00,USGS-09380000,7.5,10.1,785.0,0.5,7.8,8995.0,8.41
2026-01-10 12:00:00+00:00,USGS-09380000,7.5,10.1,784.5,0.5,7.8,8775.0,8.35
2026-01-10 13:00:00+00:00,USGS-09380000,7.5,10.1,785.0,0.45,7.8,8630.0,8.31
2026-01-10 14:00:00+00:00,USGS-09380000,7.5,10.0,786.0,0.5,7.8,8600.0,8.3
2026-01-10 15:00:00+00:00,USGS-09380000,7.5,10.0,786.0,0.5,7.8,8810.0,8.36
2026-01-10 16:00:00+00:00,USGS-09380000,7.5,10.0,786.5,0.4,7.8,9395.0,8.52
2026-01-10 17:00:00+00:00,USGS-09380000,7.6,9.9,787.0,0.45,7.8,9870.0,8.645
2026-01-10 18:00:00+00:00,USGS-09380000,7.65,9.9,787.0,0.4,7.8,9755.0,8.615
2026-01-10 19:00:00+00:00,USGS-09380000,7.75,10.0,787.0,0.4,7.9,9415.0,8.524999999999999
2026-01-10 20:00:00+00:00,USGS-09380000,7.9,10.05,785.5,0.4,7.9,9045.0,8.425
2026-01-10 21:00:00+00:00,USGS-09380000,8.05,10.149999999999999,784.5,0.4,7.9,8830.0,8.364999999999998
2026-01-10 22:00:00+00:00,USGS-09380000,8.2,10.2,784.0,0.4,7.9,8685.0,8.325
2026-01-10 23:00:00+00:00,USGS-09380000,8.2,10.2,784.0,0.4,7.9,8600.0,8.3
2026-01-11 00:00:00+00:00,USGS-09380000,8.2,10.2,783.0,0.4,7.9,8530.0,8.28
2026-01-11 01:00:00+00:00,USGS-09380000,8.2,10.1,783.0,0.4,7.9,8615.0,8.305
2026-01-11 02:00:00+00:00,USGS-09380000,8.2,10.1,784.0,0.4,7.9,9230.0,8.475
2026-01-11 03:00:00+00:00,USGS-09380000,8.2,10.1,784.0,0.4,7.9,10550.0,8.809999999999999
2026-01-11 04:00:00+00:00,USGS-09380000,8.2,10.1,784.0,0.4,7.9,11700.0,9.100000000000001
2026-01-11 05:00:00+00:00,USGS-09380000,8.3,10.2,782.5,0.5,7.95,12450.0,9.27
2026-01-11 06:00:00+00:00,USGS-09380000,8.4,10.3,778.5,0.5,8.0,12350.0,9.254999999999999
2026-01-11 07:00:00+00:00,USGS-09380000,8.3,10.3,774.5,0.5,8.0,11550.0,9.065
2026-01-11 08:00:00+00:00,USGS-09380000,8.2,10.3,772.5,0.5,8.0,10550.0,8.815
2026-01-11 09:00:00+00:00,USGS-09380000,8.1,10.3,771.0,0.5,7.9,9755.0,8.615
2026-01-11 10:00:00+00:00,USGS-09380000,8.0,10.3,771.0,0.5,7.9,9210.0,8.47
2026-01-11 11:00:00+00:00,USGS-09380000,7.9,10.3,771.0,0.55,7.9,8900.0,8.385000000000002
2026-01-11 12:00:00+00:00,USGS-09380000,7.9,10.2,771.5,0.4,7.9,8720.0,8.335
2026-01-11 13:00:00+00:00,USGS-09380000,7.9,10.2,772.0,0.4,7.9,8630.0,8.31
2026-01-11 14:00:00+00:00,USGS-09380000,7.9,10.149999999999999,772.0,0.4,7.9,8600.0,8.3
2026-01-11 15:00:00+00:00,USGS-09380000,7.8,10.1,772.0,0.4,7.9,8755.0,8.344999999999999
2026-01-11 16:00:00+00:00,USGS-09380000,7.9,10.1,772.5,0.4,7.9,9285.0,8.49
2026-01-11 17:00:00+00:00,USGS-09380000,7.9,10.1,772.0,0.4,7.9,9715.0,8.605
2026-01-11 18:00:00+00:00,USGS-09380000,7.95,10.1,772.0,0.4,7.9,9680.0,8.594999999999999
2026-01-11 19:00:00+00:00,USGS-09380000,8.0,10.2,771.0,0.45,7.9,9375.0,8.515
2026-01-11 20:00:00+00:00,USGS-09380000,8.149999999999999,10.2,772.0,0.4,7.9,9065.0,8.43
2026-01-11 21:00:00+00:00,USGS-09380000,8.3,10.3,773.0,0.4,8.0,8810.0,8.36
2026-01-11 22:00:00+00:00,USGS-09380000,8.4,10.3,774.0,0.4,8.0,8720.0,8.335
2026-01-11 23:00:00+00:00,USGS-09380000,8.4,10.3,776.0,0.4,8.0,8630.0,8.31
2026-01-12 00:00:00+00:00,USGS-09380000,8.4,10.3,777.0,0.4,8.0,8610.0,8.305
2026-01-12 01:00:00+00:00,USGS-09380000,8.5,10.2,778.0,0.4,8.0,8590.0,8.3
2026-01-12 02:00:00+00:00,USGS-09380000,8.5,10.2,778.0,0.4,8.0,8915.0,8.39
2026-01-12 03:00:00+00:00,USGS-09380000,8.4,10.2,778.0,0.4,8.0,9675.0,8.594999999999999
2026-01-12 04:00:00+00:00,USGS-09380000,8.4,10.2,777.0,0.4,8.0,10300.0,8.76
2026-01-12 05:00:00+00:00,USGS-09380000,8.55,10.3,775.5,0.4,8.0,10700.0,8.86
2026-01-12 06:00:00+00:00,USGS-09380000,8.6,10.4,775.0,0.4,8.0,10650.0,8.844999999999999
2026-01-12 07:00:00+00:00,USGS-09380000,8.55,10.4,774.0,0.45,8.0,10100.0,8.71
2026-01-12 08:00:00+00:00,USGS-09380000,8.4,10.4,775.0,0.4,8.0,9565.0,8.565000000000001
2026-01-12 09:00:00+00:00,USGS-09380000,8.25,10.3,775.0,0.45,8.0,9170.0,8.46
2026-01-12 10:00:00+00:00,USGS-09380000,8.1,10.25,775.0,0.4,7.9,8860.0,8.375
2026-01-12 11:00:00+00:00,USGS-09380000,7.95,10.2,776.0,0.45,7.9,8700.0,8.33
2026-01-12 12:00:00+00:00,USGS-09380000,7.85,10.149999999999999,776.5,0.4,7.9,8610.0,8.305
2026-01-12 13:00:00+00:00,USGS-09380000,7.8,10.1,777.0,0.55,7.9,8560.0,8.29
2026-01-12 14:00:00+00:00,USGS-09380000,7.8,10.05,778.0,0.4,7.9,8625.0,8.31
2026-01-12 15:00:00+00:00,USGS-09380000,7.7,10.0,778.0,0.5,7.9,9300.0,8.495000000000001
2026-01-12 16:00:00+00:00,USGS-09380000,7.7,10.0,779.0,0.45,7.9,10550.0,8.815
2026-01-12 17:00:00+00:00,USGS-09380000,7.8,10.0,779.0,0.45,7.9,11450.0,9.035
2026-01-12 18:00:00+00:00,USGS-09380000,7.8,10.0,778.5,0.4,7.9,11500.0,9.055
2026-01-12 19:00:00+00:00,USGS-09380000,7.9,10.1,777.0,0.4,7.9,10900.0,8.91
2026-01-12 20:00:00+00:00,USGS-09380000,8.05,10.2,776.0,0.4,7.9,10100.0,8.71
2026-01-12 21:00:00+00:00,USGS-09380000,8.2,10.3,776.0,0.4,7.9,9545.0,8.559999999999999
2026-01-12 22:00:00+00:00,USGS-09380000,8.3,10.3,777.0,0.5,8.0,9095.0,8.44
2026-01-12 23:00:00+00:00,USGS-09380000,8.3,10.3,777.5,0.4,8.0,8825.0,8.364999999999998
2026-01-13 00:00:00+00:00,USGS-09380000,8.3,10.2,778.0,0.45,8.0,8720.0,8.335
2026-01-13 01:00:00+00:00,USGS-09380000,8.3,10.2,778.0,0.4,8.0,8860.0,8.375
2026-01-13 02:00:00+00:00,USGS-09380000,8.25,10.2,778.0,0.4,8.0,9790.0,8.625
2026-01-13 03:00:00+00:00,USGS-09380000,8.3,10.2,777.0,0.4,8.0,11100.0,8.955
2026-01-13 04:00:00+00:00,USGS-09380000,8.3,10.2,775.5,0.45,8.0,12100.0,9.195
2026-01-13 05:00:00+00:00,USGS-09380000,8.4,10.3,774.0,0.6,8.0,12500.0,9.285
2026-01-13 06:00:00+00:00,USGS-09380000,8.4,10.3,773.0,0.5,8.0,12350.0,9.24
2026-01-13 07:00:00+00:00,USGS-09380000,8.3,10.3,773.0,0.5,8.0,11600.0,9.065
2026-01-13 08:00:00+00:00,USGS-09380000,8.1,10.3,773.0,0.5,7.9,10600.0,8.83
2026-01-13 09:00:00+00:00,USGS-09380000,8.0,10.2,774.0,0.6,7.9,9785.0,8.625
2026-01-13 10:00:00+00:00,USGS-09380000,7.9,10.2,775.0,0.5,7.9,9225.0,8.475000000000001
2026-01-13 11:00:00+00:00,USGS-09380000,7.8,10.1,776.5,0.45,7.9,8895.0,8.385000000000002
2026-01-13 12:00:00+00:00,USGS-09380000,7.8,10.1,777.0,0.5,7.9,8720.0,8.335
2026-01-13 13:00:00+00:00,USGS-09380000,7.7,10.0,778.0,0.4,7.9,8575.0,8.295
2026-01-13 14:00:00+00:00,USGS-09380000,7.7,10.0,778.0,0.45,7.9,8645.0,8.315000000000001
2026-01-13 15:00:00+00:00,USGS-09380000,7.7,10.0,778.0,0.5,7.9,9260.0,8.485
2026-01-13 16:00:00+00:00,USGS-09380000,7.8,10.0,777.0,0.4,7.9,10450.0,8.795
2026-01-13 17:00:00+00:00,USGS-09380000,7.8,10.0,775.0,0.4,7.9,11400.0,9.035
2026-01-13 18:00:00+00:00,USGS-09380000,7.95,10.1,773.0,0.5,7.9,11650.0,9.085
2026-01-13 19:00:00+00:00,USGS-09380000,8.1,10.149999999999999,771.0,0.4,7.9,11100.0,8.96
2026-01-13 20:00:00+00:00,USGS-09380000,8.25,10.2,770.0,0.45,8.0,10300.0,8.765
2026-01-13 21:00:00+00:00,USGS-09380000,8.4,10.3,769.0,0.4,8.0,9715.0,8.605
2026-01-13 22:00:00+00:00,USGS-09380000,8.5,10.4,769.0,0.4,8.0,9315.0,8.5
2026-01-13 23:00:00+00:00,USGS-09380000,8.5,10.4,769.0,0.4,8.0,9045.0,8.425
2026-01-14 00:00:00+00:00,USGS-09380000,8.6,10.4,769.0,0.4,8.0,8910.0,8.39
2026-01-14 01:00:00+00:00,USGS-09380000,8.6,10.3,769.0,0.4,8.0,9075.0,8.434999999999999
2026-01-14 02:00:00+00:00,USGS-09380000,8.7,10.3,769.5,0.4,8.0,10005.0,8.675
2026-01-14 03:00:00+00:00,USGS-09380000,8.7,10.3,769.5,0.4,8.0,11250.0,8.995000000000001
2026-01-14 04:00:00+00:00,USGS-09380000,8.7,10.4,769.0,0.4,8.0,12150.0,9.205
2026-01-14 05:00:00+00:00,USGS-09380000,8.7,10.4,769.0,0.5,8.0,12550.0,9.295
2026-01-14 06:00:00+00:00,USGS-09380000,8.6,10.4,769.0,0.45,8.0,12350.0,9.254999999999999
2026-01-14 07:00:00+00:00,USGS-09380000,8.45,10.4,770.0,0.5,8.0,11600.0,9.065
2026-01-14 08:00:00+00:00,USGS-09380000,8.25,10.4,770.0,0.5,8.0,10600.0,8.83
2026-01-14 09:00:00+00:00,USGS-09380000,8.1,10.3,770.0,0.5,7.9,9785.0,8.625
2026-01-14 10:00:00+00:00,USGS-09380000,8.0,10.3,770.0,0.5,7.9,9225.0,8.475000000000001
2026-01-14 11:00:00+00:00,USGS-09380000,7.9,10.2,770.0,0.45,7.9,8895.0,8.385000000000002
2026-01-14 12:00:00+00:00,USGS-09380000,7.9,10.2,770.0,0.4,7.9,8700.0,8.33
2026-01-14 13:00:00+00:00,USGS-09380000,7.9,10.2,770.0,0.4,7.9,8590.0,8.3
2026-01-14 14:00:00+00:00,USGS-09380000,7.9,10.1,770.0,0.4,7.9,8610.0,8.305
2026-01-14 15:00:00+00:00,USGS-09380000,7.9,10.1,770.0,0.4,7.9,9260.0,8.485
2026-01-14 16:00:00+00:00,USGS-09380000,7.9,10.1,769.0,0.4,7.9,10450.0,8.8
2026-01-14 17:00:00+00:00,USGS-09380000,7.9,10.1,768.5,0.4,7.9,11300.0,9.01
2026-01-14 18:00:00+00:00,USGS-09380000,8.0,10.149999999999999,767.5,0.4,7.9,11500.0,9.045
2026-01-14 19:00:00+00:00,USGS-09380000,8.1,10.2,766.0,0.4,7.9,11000.0,8.925
2026-01-14 20:00:00+00:00,USGS-09380000,8.25,10.350000000000001,765.0,0.4,8.0,10250.0,8.74
2026-01-14 21:00:00+00:00,USGS-09380000,8.4,10.4,764.5,0.4,8.0,9635.0,8.585
2026-01-14 22:00:00+00:00,USGS-09380000,8.5,10.5,764.0,0.4,8.0,9205.0,8.47
2026-01-14 23:00:00+00:00,USGS-09380000,8.55,10.45,764.0,0.4,8.0,9040.0,8.425
2026-01-15 00:00:00+00:00,USGS-09380000,8.6,10.4,764.0,0.4,8.0,8840.0,8.37
2026-01-15 01:00:00+00:00,USGS-09380000,8.55,10.4,764.0,0.4,8.0,9005.0,8.415
2026-01-15 02:00:00+00:00,USGS-09380000,8.5,10.4,764.5,0.4,8.0,10005.0,8.675
2026-01-15 03:00:00+00:00,USGS-09380000,8.5,10.4,765.0,0.4,8.0,11300.0,9.0
2026-01-15 04:00:00+00:00,USGS-09380000,8.6,10.4,764.0,0.4,8.0,12250.0,9.225000000000001
2026-01-15 05:00:00+00:00,USGS-09380000,8.7,10.5,762.5,0.55,8.0,12600.0,9.31
2026-01-15 06:00:00+00:00,USGS-09380000,8.649999999999999,10.5,761.5,0.45,8.0,12350.0,9.25
2026-01-15 07:00:00+00:00,USGS-09380000,8.5,10.5,761.0,0.55,8.0,11600.0,9.07
2026-01-15 08:00:00+00:00,USGS-09380000,8.350000000000001,10.5,761.0,0.5,8.0,10600.0,8.83
2026-01-15 09:00:00+00:00,USGS-09380000,8.2,10.4,761.5,0.5,8.0,9770.0,8.620000000000001
2026-01-15 10:00:00+00:00,USGS-09380000,8.1,10.4,762.0,0.5,8.0,9185.0,8.465
2026-01-15 11:00:00+00:00,USGS-09380000,8.1,10.3,762.0,0.45,7.9,8845.0,8.370000000000001
2026-01-15 12:00:00+00:00,USGS-09380000,8.1,10.3,762.0,0.45,7.9,8660.0,8.32
2026-01-15 13:00:00+00:00,USGS-09380000,8.0,10.3,762.0,0.4,7.9,8560.0,8.29
2026-01-15 14:00:00+00:00,USGS-09380000,8.0,10.2,762.0,0.4,7.9,8555.0,8.29
2026-01-15 15:00:00+00:00,USGS-09380000,8.0,10.2,762.0,0.45,7.9,9150.0,8.455
2026-01-15 16:00:00+00:00,USGS-09380000,8.0,10.2,762.0,0.4,7.9,10350.0,8.765
2026-01-15 17:00:00+00:00,USGS-09380000,8.1,10.2,761.0,0.4,7.9,11250.0,8.985
2026-01-15 18:00:00+00:00,USGS-09380000,8.149999999999999,10.25,761.0,0.45,7.95,11250.0,9.0
2026-01-15 19:00:00+00:00,USGS-09380000,8.2,10.3,760.5,0.4,8.0,10600.0,8.83
2026-01-15 20:00:00+00:00,USGS-09380000,8.350000000000001,10.4,760.0,0.4,8.0,9845.0,8.64
2026-01-15 21:00:00+00:00,USGS-09380000,8.5,10.5,760.0,0.4,8.0,9280.0,8.49
2026-01-15 22:00:00+00:00,USGS-09380000,8.6,10.5,760.0,0.4,8.0,8915.0,8.39
2026-01-15 23:00:00+00:00,USGS-09380000,8.6,10.5,760.5,0.4,8.0,8680.0,8.325
2026-01-16 00:00:00+00:00,USGS-09380000,8.6,10.5,761.0,0.35,8.0,8590.0,8.3
2026-01-16 01:00:00+00:00,USGS-09380000,8.6,10.4,762.0,0.35,8.0,8790.0,8.355
2026-01-16 02:00:00+00:00,USGS-09380000,8.55,10.4,762.5,0.4,8.0,9710.0,8.605
2026-01-16 03:00:00+00:00,USGS-09380000,8.5,10.4,763.0,0.4,8.0,11000.0,8.925
2026-01-16 04:00:00+00:00,USGS-09380000,8.6,10.4,763.0,0.4,8.0,12050.0,9.18
2026-01-16 05:00:00+00:00,USGS-09380000,8.649999999999999,10.45,762.0,0.4,8.0,12500.0,9.28
2026-01-16 06:00:00+00:00,USGS-09380000,8.649999999999999,10.5,762.0,0.5,8.0,12300.0,9.23
2026-01-16 07:00:00+00:00,USGS-09380000,8.5,10.5,762.0,0.5,8.0,11500.0,9.045
2026-01-16 08:00:00+00:00,USGS-09380000,8.350000000000001,10.4,763.0,0.5,8.0,10550.0,8.825
2026-01-16 09:00:00+00:00,USGS-09380000,8.2,10.4,764.0,0.5,8.0,9735.0,8.61
2026-01-16 10:00:00+00:00,USGS-09380000,8.1,10.3,765.0,0.5,8.0,9185.0,8.465
2026-01-16 11:00:00+00:00,USGS-09380000,8.0,10.3,765.5,0.5,7.9,8875.0,8.379999999999999
2026-01-16 12:00:00+00:00,USGS-09380000,8.0,10.2,766.0,0.45,7.9,8680.0,8.325
2026-01-16 13:00:00+00:00,USGS-09380000,8.0,10.2,766.0,0.4,7.9,8560.0,8.29
2026-01-16 14:00:00+00:00,USGS-09380000,8.0,10.2,766.5,0.4,7.9,8625.0,8.31
2026-01-16 15:00:00+00:00,USGS-09380000,8.0,10.1,767.0,0.4,7.9,9260.0,8.485
2026-01-16 16:00:00+00:00,USGS-09380000,8.0,10.1,767.0,0.45,7.9,10450.0,8.8
2026-01-16 17:00:00+00:00,USGS-09380000,8.0,10.1,766.5,0.4,7.9,11350.0,9.02
2026-01-16 18:00:00+00:00,USGS-09380000,8.1,10.149999999999999,766.0,0.4,7.9,11350.0,9.015
2026-01-16 19:00:00+00:00,USGS-09380000,8.2,10.2,766.0,0.4,8.0,10700.0,8.844999999999999
2026-01-16 20:00:00+00:00,USGS-09380000,8.3,10.3,766.0,0.4,8.0,9885.0,8.65
2026-01-16 21:00:00+00:00,USGS-09380000,8.45,10.350000000000001,766.0,0.4,8.0,9315.0,8.5
2026-01-16 22:00:00+00:00,USGS-09380000,8.5,10.4,766.0,0.4,8.0,8950.0,8.4
2026-01-16 23:00:00+00:00,USGS-09380000,8.6,10.4,767.0,0.4,8.0,8700.0,8.33
2026-01-17 00:00:00+00:00,USGS-09380000,8.5,10.3,768.0,0.4,8.0,8575.0,8.295
2026-01-17 01:00:00+00:00,USGS-09380000,8.5,10.3,769.0,0.4,8.0,8810.0,8.36
2026-01-17 02:00:00+00:00,USGS-09380000,8.5,10.2,770.0,0.4,8.0,9770.0,8.620000000000001
2026-01-17 03:00:00+00:00,USGS-09380000,8.4,10.2,771.0,0.35,8.0,11050.0,8.95
2026-01-17 04:00:00+00:00,USGS-09380000,8.45,10.2,772.0,0.4,8.0,12050.0,9.175
2026-01-17 05:00:00+00:00,USGS-09380000,8.5,10.3,772.0,0.4,8.0,12450.0,9.274999999999999
2026-01-17 06:00:00+00:00,USGS-09380000,8.5,10.3,772.0,0.5,8.0,12150.0,9.21
2026-01-17 07:00:00+00:00,USGS-09380000,8.4,10.3,772.0,0.55,8.0,11450.0,9.04
2026-01-17 08:00:00+00:00,USGS-09380000,8.2,10.25,772.0,0.6,8.0,10600.0,8.825
2026-01-17 09:00:00+00:00,USGS-09380000,8.1,10.2,773.0,0.5,7.95,9770.0,8.620000000000001
2026-01-17 10:00:00+00:00,USGS-09380000,8.0,10.149999999999999,773.0,0.5,7.9,9245.0,8.48
2026-01-17 11:00:00+00:00,USGS-09380000,7.9,10.1,774.0,0.5,7.9,8875.0,8.379999999999999
2026-01-17 12:00:00+00:00,USGS-09380000,7.9,10.05,774.0,0.4,7.9,8680.0,8.325
2026-01-17 13:00:00+00:00,USGS-09380000,7.9,10.0,774.0,0.45,7.9,8575.0,8.295
2026-01-17 14:00:00+00:00,USGS-09380000,7.9,10.0,774.0,0.4,7.9,8520.0,8.28
2026-01-17 15:00:00+00:00,USGS-09380000,7.9,9.9,775.0,0.4,7.9,8700.0,8.33
2026-01-17 16:00:00+00:00,USGS-09380000,7.9,9.9,774.5,0.4,7.9,9135.0,8.45
2026-01-17 17:00:00+00:00,USGS-09380000,8.0,9.9,774.0,0.4,7.9,9640.0,8.585
2026-01-17 18:00:00+00:00,USGS-09380000,8.0,9.9,773.0,0.4,7.9,9560.0,8.565000000000001
2026-01-17 19:00:00+00:00,USGS-09380000,8.1,10.0,772.0,0.4,7.9,9265.0,8.485
2026-01-17 20:00:00+00:00,USGS-09380000,8.25,10.1,771.5,0.35,8.0,8950.0,8.4
2026-01-17 21:00:00+00:00,USGS-09380000,8.4,10.149999999999999,771.0,0.35,8.0,8735.0,8.34
2026-01-17 22:00:00+00:00,USGS-09380000,8.55,10.2,771.0,0.35,8.0,8590.0,8.3
2026-01-17 23:00:00+00:00,USGS-09380000,8.6,10.2,771.0,0.4,8.0,8520.0,8.28
2026-01-18 00:00:00+00:00,USGS-09380000,8.6,10.2,772.0,0.4,8.0,8470.0,8.265
2026-01-18 01:00:00+00:00,USGS-09380000,8.5,10.1,772.0,0.4,8.0,8560.0,8.29
2026-01-18 02:00:00+00:00,USGS-09380000,8.5,10.1,772.5,0.4,8.0,9115.0,8.445
2026-01-18 03:00:00+00:00,USGS-09380000,8.5,10.1,773.0,0.35,8.0,10200.0,8.73
2026-01-18 04:00:00+00:00,USGS-09380000,8.5,10.1,773.0,0.4,8.0,11150.0,8.969999999999999
2026-01-18 05:00:00+00:00,USGS-09380000,8.6,10.2,774.0,0.4,8.0,11700.0,9.1
2026-01-18 06:00:00+00:00,USGS-09380000,8.6,10.2,774.0,0.45,8.0,11550.0,9.065000000000001
2026-01-18 07:00:00+00:00,USGS-09380000,8.45,10.2,775.0,0.45,8.0,10900.0,8.9
2026-01-18 08:00:00+00:00,USGS-09380000,8.3,10.149999999999999,775.0,0.4,8.0,10100.0,8.705
2026-01-18 09:00:00+00:00,USGS-09380000,8.149999999999999,10.1,776.0,0.45,7.95,9465.0,8.54
2026-01-18 10:00:00+00:00,USGS-09380000,8.0,10.0,776.0,0.45,7.9,9075.0,8.434999999999999
2026-01-18 11:00:00+00:00,USGS-09380000,8.0,10.0,776.5,0.4,7.9,8790.0,8.355
2026-01-18 12:00:00+00:00,USGS-09380000,7.9,10.0,777.0,0.4,7.9,8630.0,8.31
2026-01-18 13:00:00+00:00,USGS-09380000,7.9,9.9,777.0,0.4,7.9,8540.0,8.285
2026-01-18 14:00:00+00:00,USGS-09380000,7.9,9.9,777.0,0.4,7.9,8520.0,8.28
2026-01-18 15:00:00+00:00,USGS-09380000,7.9,9.850000000000001,778.0,0.4,7.9,8665.0,8.32
2026-01-18 16:00:00+00:00,USGS-09380000,7.9,9.8,778.0,0.4,7.9,9170.0,8.46
2026-01-18 17:00:00+00:00,USGS-09380000,7.9,9.8,777.0,0.4,7.9,9620.0,8.58
2026-01-18 18:00:00+00:00,USGS-09380000,8.0,9.850000000000001,776.0,0.4,7.9,9600.0,8.575
2026-01-18 19:00:00+00:00,USGS-09380000,8.1,9.9,775.0,0.4,7.9,9280.0,8.49
2026-01-18 20:00:00+00:00,USGS-09380000,8.25,10.0,774.0,0.4,8.0,8985.0,8.41
2026-01-18 21:00:00+00:00,USGS-09380000,8.45,10.1,773.5,0.3,8.0,8775.0,8.35
2026-01-18 22:00:00+00:00,USGS-09380000,8.6,10.2,773.0,0.35,8.0,8590.0,8.3
2026-01-18 23:00:00+00:00,USGS-09380000,8.6,10.2,773.0,0.35,8.0,8540.0,8.285
2026-01-19 00:00:00+00:00,USGS-09380000,8.7,10.1,773.0,0.4,8.0,8490.0,8.27
2026-01-19 01:00:00+00:00,USGS-09380000,8.6,10.1,773.0,0.35,8.0,8450.0,8.26
2026-01-19 02:00:00+00:00,USGS-09380000,8.6,10.0,773.0,0.4,8.0,8750.0,8.344999999999999
2026-01-19 03:00:00+00:00,USGS-09380000,8.6,10.0,774.0,0.4,8.0,9445.0,8.535
2026-01-19 04:00:00+00:00,USGS-09380000,8.6,10.05,774.0,0.4,8.0,10150.0,8.715
2026-01-19 05:00:00+00:00,USGS-09380000,8.7,10.1,774.0,0.4,8.0,10600.0,8.825
2026-01-19 06:00:00+00:00,USGS-09380000,8.7,10.2,774.0,0.4,8.0,10450.0,8.8
2026-01-19 07:00:00+00:00,USGS-09380000,8.6,10.2,773.0,0.4,8.0,10010.0,8.68
2026-01-19 08:00:00+00:00,USGS-09380000,8.5,10.1,773.0,0.4,8.0,9445.0,8.535
2026-01-19 09:00:00+00:00,USGS-09380000,8.350000000000001,10.1,773.0,0.45,8.0,9025.0,8.42
2026-01-19 10:00:00+00:00,USGS-09380000,8.2,10.0,773.0,0.4,8.0,8790.0,8.355
2026-01-19 11:00:00+00:00,USGS-09380000,8.1,10.0,773.0,0.4,7.95,8645.0,8.315000000000001
2026-01-19 12:00:00+00:00,USGS-09380000,8.0,10.0,774.0,0.5,7.9,8540.0,8.285
2026-01-19 13:00:00+00:00,USGS-09380000,8.0,9.9,774.0,0.4,7.9,8520.0,8.28
2026-01-19 14:00:00+00:00,USGS-09380000,8.0,9.9,774.0,0.4,7.9,8555.0,8.29
2026-01-19 15:00:00+00:00,USGS-09380000,8.0,9.850000000000001,774.0,0.45,7.9,9190.0,8.465
2026-01-19 16:00:00+00:00,USGS-09380000,8.0,9.8,774.0,0.45,7.9,10450.0,8.785
2026-01-19 17:00:00+00:00,USGS-09380000,8.0,9.8,773.0,0.4,7.9,11300.0,9.004999999999999
2026-01-19 18:00:00+00:00,USGS-09380000,8.1,9.9,773.0,0.4,7.9,11350.0,9.015
2026-01-19 19:00:00+00:00,USGS-09380000,8.149999999999999,10.0,772.0,0.45,7.95,10700.0,8.865
2026-01-19 20:00:00+00:00,USGS-09380000,8.3,10.0,772.0,0.4,8.0,10010.0,8.68
2026-01-19 21:00:00+00:00,USGS-09380000,8.45,10.1,772.0,0.4,8.0,9335.0,8.504999999999999
2026-01-19 22:00:00+00:00,USGS-09380000,8.55,10.2,772.5,0.4,8.0,8950.0,8.4
2026-01-19 23:00:00+00:00,USGS-09380000,8.6,10.2,773.0,0.4,8.0,8755.0,8.344999999999999
2026-01-20 00:00:00+00:00,USGS-09380000,8.6,10.1,774.0,0.4,8.0,8590.0,8.3
2026-01-20 01:00:00+00:00,USGS-09380000,8.5,10.0,775.5,0.4,8.0,8810.0,8.36
2026-01-20 02:00:00+00:00,USGS-09380000,8.5,10.0,776.5,0.4,8.0,9935.0,8.665
2026-01-20 03:00:00+00:00,USGS-09380000,8.5,10.0,777.0,0.4,8.0,11350.0,9.004999999999999
2026-01-20 04:00:00+00:00,USGS-09380000,8.5,10.0,777.0,0.45,8.0,12250.0,9.225000000000001
2026-01-20 05:00:00+00:00,USGS-09380000,8.6,10.1,777.0,0.45,8.0,12600.0,9.31
2026-01-20 06:00:00+00:00,USGS-09380000,8.6,10.1,776.0,0.5,8.0,12450.0,9.265
2026-01-20 07:00:00+00:00,USGS-09380000,8.45,10.1,776.0,0.5,8.0,11550.0,9.059999999999999
2026-01-20 08:00:00+00:00,USGS-09380000,8.25,10.0,777.0,0.5,8.0,10600.0,8.83
2026-01-20 09:00:00+00:00,USGS-09380000,8.1,10.0,778.0,0.5,8.0,9770.0,8.620000000000001
2026-01-20 10:00:00+00:00,USGS-09380000,8.0,9.9,779.0,0.5,7.9,9205.0,8.469999999999999
2026-01-20 11:00:00+00:00,USGS-09380000,7.95,9.9,780.0,0.5,7.9,8895.0,8.385
2026-01-20 12:00:00+00:00,USGS-09380000,7.9,9.8,780.0,0.45,7.9,8680.0,8.325
2026-01-20 13:00:00+00:00,USGS-09380000,7.9,9.8,780.0,0.4,7.9,8575.0,8.295
2026-01-20 14:00:00+00:00,USGS-09380000,7.9,9.8,780.0,0.4,7.9,8625.0,8.31
2026-01-20 15:00:00+00:00,USGS-09380000,7.9,9.7,780.0,0.4,7.9,9320.0,8.5
2026-01-20 16:00:00+00:00,USGS-09380000,7.9,9.7,779.0,0.45,7.9,10600.0,8.83
2026-01-20 17:00:00+00:00,USGS-09380000,8.0,9.7,778.0,0.45,7.9,11450.0,9.035
2026-01-20 18:00:00+00:00,USGS-09380000,8.1,9.8,776.5,0.45,7.9,11400.0,9.024999999999999
2026-01-20 19:00:00+00:00,USGS-09380000,8.2,9.8,775.5,0.4,7.95,10800.0,8.879999999999999
2026-01-20 20:00:00+00:00,USGS-09380000,8.350000000000001,9.95,775.0,0.45,8.0,9940.0,8.67
2026-01-20 21:00:00+00:00,USGS-09380000,8.5,10.0,775.0,0.5,8.0,9375.0,8.515
2026-01-20 22:00:00+00:00,USGS-09380000,8.6,10.1,775.0,0.4,8.0,9005.0,8.415
2026-01-20 23:00:00+00:00,USGS-09380000,8.6,10.1,775.0,0.4,8.0,8735.0,8.34
2026-01-21 00:00:00+00:00,USGS-09380000,8.6,10.0,776.0,0.5,8.0,8630.0,8.31
2026-01-21 01:00:00+00:00,USGS-09380000,8.5,10.0,777.0,0.4,8.0,8775.0,8.35
2026-01-21 02:00:00+00:00,USGS-09380000,8.5,9.9,778.0,0.4,8.0,9655.0,8.59
2026-01-21 03:00:00+00:00,USGS-09380000,8.5,9.9,779.0,0.4,8.0,11050.0,8.935
2026-01-21 04:00:00+00:00,USGS-09380000,8.5,9.9,778.5,0.5,8.0,12050.0,9.18
2026-01-21 05:00:00+00:00,USGS-09380000,8.6,10.0,778.0,0.4,8.0,12500.0,9.29
2026-01-21 06:00:00+00:00,USGS-09380000,8.6,10.0,778.0,0.5,8.0,12350.0,9.25
2026-01-21 07:00:00+00:00,USGS-09380000,8.5,10.0,778.0,0.6,8.0,11600.0,9.07
2026-01-21 08:00:00+00:00,USGS-09380000,8.3,10.0,779.0,0.55,8.0,10550.0,8.82
2026-01-21 09:00:00+00:00,USGS-09380000,8.149999999999999,9.9,779.0,0.5,7.95,9785.0,8.625
2026-01-21 10:00:00+00:00,USGS-09380000,8.05,9.850000000000001,780.0,0.6,7.9,9225.0,8.475000000000001
2026-01-21 11:00:00+00:00,USGS-09380000,8.0,9.8,781.0,0.5,7.9,8895.0,8.385000000000002
2026-01-21 12:00:00+00:00,USGS-09380000,7.9,9.8,782.0,0.45,7.9,8700.0,8.33
2026-01-21 13:00:00+00:00,USGS-09380000,7.9,9.7,782.0,0.5,7.9,8610.0,8.305
2026-01-21 14:00:00+00:00,USGS-09380000,7.9,9.7,783.0,0.4,7.9,8595.0,8.3
2026-01-21 15:00:00+00:00,USGS-09380000,7.9,9.7,783.0,0.4,7.9,9190.0,8.465
2026-01-21 16:00:00+00:00,USGS-09380000,7.9,9.6,782.0,0.4,7.9,10400.0,8.780000000000001
2026-01-21 17:00:00+00:00,USGS-09380000,7.95,9.6,781.5,0.4,7.9,11400.0,9.02
2026-01-21 18:00:00+00:00,USGS-09380000,8.05,9.7,780.0,0.4,7.9,11500.0,9.045
2026-01-21 19:00:00+00:00,USGS-09380000,8.2,9.75,779.0,0.45,7.9,10900.0,8.899999999999999
2026-01-21 20:00:00+00:00,USGS-09380000,8.350000000000001,9.8,778.0,0.4,8.0,10080.0,8.695
2026-01-21 21:00:00+00:00,USGS-09380000,8.5,9.9,778.0,0.4,8.0,9445.0,8.535
2026-01-21 22:00:00+00:00,USGS-09380000,8.6,9.95,778.0,0.4,8.0,9025.0,8.42
2026-01-21 23:00:00+00:00,USGS-09380000,8.7,10.0,778.0,0.4,8.0,8775.0,8.35
2026-01-22 00:00:00+00:00,USGS-09380000,8.7,10.0,778.0,0.4,8.0,8660.0,8.32
2026-01-22 01:00:00+00:00,USGS-09380000,8.7,9.9,778.0,0.4,8.0,8825.0,8.365
2026-01-22 02:00:00+00:00,USGS-09380000,8.7,9.9,779.0,0.4,8.0,9845.0,8.645
2026-01-22 03:00:00+00:00,USGS-09380000,8.7,9.9,780.0,0.45,8.0,11200.0,8.98
2026-01-22 04:00:00+00:00,USGS-09380000,8.7,9.9,780.0,0.45,8.0,12200.0,9.21
2026-01-22 05:00:00+00:00,USGS-09380000,8.8,10.0,780.0,0.6,8.05,12600.0,9.3
2026-01-22 06:00:00+00:00,USGS-09380000,8.8,10.0,780.0,0.5,8.05,12350.0,9.245000000000001
2026-01-22 07:00:00+00:00,USGS-09380000,8.6,10.0,780.5,0.5,8.0,11650.0,9.085
2026-01-22 08:00:00+00:00,USGS-09380000,8.350000000000001,9.95,781.0,0.5,8.0,10600.0,8.825
2026-01-22 09:00:00+00:00,USGS-09380000,8.2,9.9,782.0,0.5,8.0,9735.0,8.61
2026-01-22 10:00:00+00:00,USGS-09380000,8.05,9.8,783.0,0.5,7.9,9155.0,8.455
2026-01-22 11:00:00+00:00,USGS-09380000,7.95,9.8,784.0,0.5,7.9,8860.0,8.375
2026-01-22 12:00:00+00:00,USGS-09380000,7.9,9.75,784.0,0.4,7.9,8665.0,8.32
2026-01-22 13:00:00+00:00,USGS-09380000,7.9,9.7,784.0,0.5,7.9,8540.0,8.285
2026-01-22 14:00:00+00:00,USGS-09380000,7.9,9.7,784.0,0.45,7.9,8610.0,8.305
2026-01-22 15:00:00+00:00,USGS-09380000,7.9,9.649999999999999,784.0,0.4,7.9,9410.0,8.525
2026-01-22 16:00:00+00:00,USGS-09380000,7.9,9.6,783.0,0.45,7.9,10650.0,8.850000000000001
2026-01-22 17:00:00+00:00,USGS-09380000,7.95,9.6,782.0,0.4,7.9,11500.0,9.05
2026-01-22 18:00:00+00:00,USGS-09380000,8.05,9.7,780.5,0.45,7.9,11450.0,9.04
2026-01-22 19:00:00+00:00,USGS-09380000,8.2,9.8,779.5,0.4,7.95,10800.0,8.885
2026-01-22 20:00:00+00:00,USGS-09380000,8.3,9.8,778.5,0.4,8.0,10030.0,8.684999999999999
2026-01-22 21:00:00+00:00,USGS-09380000,8.45,9.850000000000001,778.0,0.5,8.0,9280.0,8.49
2026-01-22 22:00:00+00:00,USGS-09380000,8.6,9.9,778.0,0.4,8.0,8860.0,8.375
2026-01-22 23:00:00+00:00,USGS-09380000,8.7,9.9,778.5,0.4,8.0,8700.0,8.33
2026-01-23 00:00:00+00:00,USGS-09380000,8.7,9.9,779.5,0.4,8.0,8630.0,8.31
2026-01-23 01:00:00+00:00,USGS-09380000,8.7,9.9,781.0,0.4,8.0,8755.0,8.344999999999999
2026-01-23 02:00:00+00:00,USGS-09380000,8.7,9.9,782.0,0.45,8.0,9655.0,8.59
2026-01-23 03:00:00+00:00,USGS-09380000,8.75,9.9,782.5,0.4,8.0,10950.0,8.92
2026-01-23 04:00:00+00:00,USGS-09380000,8.8,9.95,782.0,0.4,8.0,12100.0,9.185
2026-01-23 05:00:00+00:00,USGS-09380000,8.9,10.0,782.0,0.55,8.1,12500.0,9.28
2026-01-23 06:00:00+00:00,USGS-09380000,8.850000000000001,10.0,781.0,0.55,8.05,12350.0,9.245000000000001
2026-01-23 07:00:00+00:00,USGS-09380000,8.649999999999999,10.0,781.0,0.5,8.0,11550.0,9.055
2026-01-23 08:00:00+00:00,USGS-09380000,8.4,10.0,782.0,0.5,8.0,10550.0,8.825
2026-01-23 09:00:00+00:00,USGS-09380000,8.2,9.9,782.0,0.5,8.0,9755.0,8.615
2026-01-23 10:00:00+00:00,USGS-09380000,8.05,9.9,783.0,0.55,7.9,9185.0,8.465
2026-01-23 11:00:00+00:00,USGS-09380000,8.0,9.8,784.0,0.45,7.9,8880.0,8.38
2026-01-23 12:00:00+00:00,USGS-09380000,7.9,9.8,784.0,0.45,7.9,8665.0,8.32
2026-01-23 13:00:00+00:00,USGS-09380000,7.9,9.8,785.0,0.45,7.9,8560.0,8.29
2026-01-23 14:00:00+00:00,USGS-09380000,7.9,9.8,785.0,0.4,7.9,8610.0,8.305
2026-01-23 15:00:00+00:00,USGS-09380000,7.9,9.7,784.0,0.4,7.9,9210.0,8.469999999999999
2026-01-23 16:00:00+00:00,USGS-09380000,7.9,9.75,783.5,0.45,7.9,10450.0,8.8
2026-01-23 17:00:00+00:00,USGS-09380000,7.95,9.8,782.0,0.4,7.9,11300.0,9.01
2026-01-23 18:00:00+00:00,USGS-09380000,8.05,9.8,780.0,0.4,7.9,11450.0,9.04
2026-01-23 19:00:00+00:00,USGS-09380000,8.2,9.9,778.5,0.5,7.95,10900.0,8.9
2026-01-23 20:00:00+00:00,USGS-09380000,8.4,9.9,778.0,0.45,8.0,10050.0,8.695
2026-01-23 21:00:00+00:00,USGS-09380000,8.5,10.0,777.0,0.45,8.0,9375.0,8.515
2026-01-23 22:00:00+00:00,USGS-09380000,8.6,10.0,778.0,0.4,8.0,8930.0,8.395
2026-01-23 23:00:00+00:00,USGS-09380000,8.7,10.0,778.0,0.4,8.0,8665.0,8.32
2026-01-24 00:00:00+00:00,USGS-09380000,8.8,10.0,779.0,0.4,8.0,8540.0,8.285
2026-01-24 01:00:00+00:00,USGS-09380000,8.9,10.0,779.5,0.4,8.1,8720.0,8.335
2026-01-24 02:00:00+00:00,USGS-09380000,8.95,10.0,780.0,0.4,8.1,9640.0,8.585
2026-01-24 03:00:00+00:00,USGS-09380000,9.0,10.0,781.0,0.4,8.1,11000.0,8.93
2026-01-24 04:00:00+00:00,USGS-09380000,9.0,10.1,781.0,0.5,8.1,12050.0,9.18
2026-01-24 05:00:00+00:00,USGS-09380000,9.0,10.1,780.0,0.5,8.1,12450.0,9.274999999999999
2026-01-24 06:00:00+00:00,USGS-09380000,8.850000000000001,10.1,780.0,0.5,8.0,12300.0,9.24
2026-01-24 07:00:00+00:00,USGS-09380000,8.6,10.05,780.0,0.5,8.0,11550.0,9.059999999999999
2026-01-24 08:00:00+00:00,USGS-09380000,8.350000000000001,10.0,781.0,0.5,8.0,10550.0,8.82
2026-01-24 09:00:00+00:00,USGS-09380000,8.149999999999999,10.0,781.5,0.5,8.0,9755.0,8.615
2026-01-24 10:00:00+00:00,USGS-09380000,8.05,9.9,782.0,0.45,7.9,9185.0,8.465
2026-01-24 11:00:00+00:00,USGS-09380000,7.95,9.9,783.0,0.5,7.9,8845.0,8.370000000000001
2026-01-24 12:00:00+00:00,USGS-09380000,7.9,9.8,783.0,0.5,7.9,8645.0,8.315000000000001
2026-01-24 13:00:00+00:00,USGS-09380000,7.9,9.8,783.0,0.4,7.9,8540.0,8.285
2026-01-24 14:00:00+00:00,USGS-09380000,7.9,9.8,783.0,0.4,7.9,8505.0,8.274999999999999
2026-01-24 15:00:00+00:00,USGS-09380000,7.9,9.8,783.0,0.4,7.9,8665.0,8.32
2026-01-24 16:00:00+00:00,USGS-09380000,7.9,9.8,783.0,0.4,7.9,9170.0,8.46
2026-01-24 17:00:00+00:00,USGS-09380000,7.9,9.8,782.0,0.45,7.9,9655.0,8.59
2026-01-24 18:00:00+00:00,USGS-09380000,7.95,9.8,780.5,0.4,7.9,9660.0,8.59
2026-01-24 19:00:00+00:00,USGS-09380000,8.05,9.8,779.5,0.45,7.9,9355.0,8.51
2026-01-24 20:00:00+00:00,USGS-09380000,8.149999999999999,9.8,778.5,0.4,7.9,9040.0,8.425
2026-01-24 21:00:00+00:00,USGS-09380000,8.25,9.850000000000001,778.0,0.4,8.0,8790.0,8.355
2026-01-24 22:00:00+00:00,USGS-09380000,8.4,9.9,777.5,0.4,8.0,8625.0,8.31
2026-01-24 23:00:00+00:00,USGS-09380000,8.5,9.95,777.0,0.4,8.0,8540.0,8.285
2026-01-25 00:00:00+00:00,USGS-09380000,8.6,10.0,777.0,0.4,8.0,8505.0,8.274999999999999
2026-01-25 01:00:00+00:00,USGS-09380000,8.7,9.95,777.0,0.4,8.0,8490.0,8.27
2026-01-25 02:00:00+00:00,USGS-09380000,8.8,10.0,777.0,0.4,8.0,8825.0,8.365
2026-01-25 03:00:00+00:00,USGS-09380000,8.8,9.9,778.0,0.4,8.0,9810.0,8.629999999999999
2026-01-25 04:00:00+00:00,USGS-09380000,8.7,9.9,779.0,0.4,8.0,10950.0,8.92
2026-01-25 05:00:00+00:00,USGS-09380000,8.7,9.9,779.5,0.45,8.0,11750.0,9.11
2026-01-25 06:00:00+00:00,USGS-09380000,8.7,9.9,781.0,0.45,8.0,11750.0,9.105
2026-01-25 07:00:00+00:00,USGS-09380000,8.55,9.8,781.5,0.5,8.0,11150.0,8.965
2026-01-25 08:00:00+00:00,USGS-09380000,8.4,9.8,782.0,0.45,8.0,10300.0,8.754999999999999
2026-01-25 09:00:00+00:00,USGS-09380000,8.25,9.7,782.5,0.5,8.0,9580.0,8.57
2026-01-25 10:00:00+00:00,USGS-09380000,8.1,9.7,783.0,0.45,7.9,9115.0,8.445
2026-01-25 11:00:00+00:00,USGS-09380000,8.0,9.6,784.0,0.5,7.9,8805.0,8.36
2026-01-25 12:00:00+00:00,USGS-09380000,7.9,9.6,785.0,0.4,7.9,8630.0,8.31
2026-01-25 13:00:00+00:00,USGS-09380000,7.9,9.5,786.5,0.5,7.9,8560.0,8.29
2026-01-25 14:00:00+00:00,USGS-09380000,7.85,9.5,787.0,0.4,7.9,8490.0,8.27
2026-01-25 15:00:00+00:00,USGS-09380000,7.8,9.4,788.0,0.45,7.9,8685.0,8.325
2026-01-25 16:00:00+00:00,USGS-09380000,7.9,9.4,788.0,0.5,7.9,9170.0,8.46
2026-01-25 17:00:00+00:00,USGS-09380000,7.9,9.4,787.0,0.4,7.9,9620.0,8.58
2026-01-25 18:00:00+00:00,USGS-09380000,8.0,9.45,785.5,0.45,7.9,9675.0,8.594999999999999
2026-01-25 19:00:00+00:00,USGS-09380000,8.1,9.55,784.0,0.4,7.9,9295.0,8.495000000000001
2026-01-25 20:00:00+00:00,USGS-09380000,8.25,9.6,783.0,0.4,8.0,9025.0,8.42
2026-01-25 21:00:00+00:00,USGS-09380000,8.45,9.7,782.0,0.4,8.0,8775.0,8.35
2026-01-25 22:00:00+00:00,USGS-09380000,8.6,9.8,781.0,0.5,8.0,8590.0,8.3
2026-01-25 23:00:00+00:00,USGS-09380000,8.7,9.8,780.0,0.4,8.0,8560.0,8.29
2026-01-26 00:00:00+00:00,USGS-09380000,8.7,9.75,780.0,0.4,8.0,8470.0,8.265
2026-01-26 01:00:00+00:00,USGS-09380000,8.7,9.7,780.0,0.35,8.0,8435.0,8.254999999999999
2026-01-26 02:00:00+00:00,USGS-09380000,8.7,9.6,781.0,0.45,8.0,8755.0,8.345
2026-01-26 03:00:00+00:00,USGS-09380000,8.7,9.55,782.0,0.45,8.0,9525.0,8.555
2026-01-26 04:00:00+00:00,USGS-09380000,8.649999999999999,9.5,783.5,0.4,8.0,10250.0,8.735
2026-01-26 05:00:00+00:00,USGS-09380000,8.7,9.6,785.0,0.4,8.0,10550.0,8.815000000000001
2026-01-26 06:00:00+00:00,USGS-09380000,8.7,9.6,785.0,0.4,8.0,10500.0,8.805
2026-01-26 07:00:00+00:00,USGS-09380000,8.7,9.6,785.0,0.4,8.0,10010.0,8.685
2026-01-26 08:00:00+00:00,USGS-09380000,8.55,9.5,785.0,0.4,8.0,9445.0,8.535
2026-01-26 09:00:00+00:00,USGS-09380000,8.4,9.5,785.0,0.45,8.0,9060.0,8.43
2026-01-26 10:00:00+00:00,USGS-09380000,8.3,9.4,785.0,0.4,8.0,8790.0,8.355
2026-01-26 11:00:00+00:00,USGS-09380000,8.2,9.4,783.5,0.4,8.0,8610.0,8.305
2026-01-26 12:00:00+00:00,USGS-09380000,8.149999999999999,9.4,782.0,0.4,7.9,8590.0,8.3
2026-01-26 13:00:00+00:00,USGS-09380000,8.1,9.4,782.0,0.4,7.9,8755.0,8.344999999999999
2026-01-26 14:00:00+00:00,USGS-09380000,8.1,9.3,783.0,0.4,7.9,9465.0,8.54
2026-01-26 15:00:00+00:00,USGS-09380000,8.0,9.3,785.5,0.4,7.9,10500.0,8.805
2026-01-26 16:00:00+00:00,USGS-09380000,8.0,9.2,789.5,0.5,7.9,11350.0,9.015
2026-01-26 17:00:00+00:00,USGS-09380000,7.9,9.2,791.5,0.45,7.9,11700.0,9.094999999999999
2026-01-26 18:00:00+00:00,USGS-09380000,8.0,9.2,791.0,0.5,7.9,11550.0,9.06
2026-01-26 19:00:00+00:00,USGS-09380000,8.149999999999999,9.3,789.0,0.45,7.9,10900.0,8.91
2026-01-26 20:00:00+00:00,USGS-09380000,8.3,9.4,789.0,0.45,7.95,10500.0,8.81
2026-01-26 21:00:00+00:00,USGS-09380000,8.4,9.5,789.0,0.45,8.0,10600.0,8.835
2026-01-26 22:00:00+00:00,USGS-09380000,8.5,9.6,790.5,0.4,8.0,10800.0,8.89
2026-01-26 23:00:00+00:00,USGS-09380000,8.5,9.5,792.5,0.5,8.0,11000.0,8.92
2026-01-27 00:00:00+00:00,USGS-09380000,8.4,9.4,795.5,0.5,8.0,10850.0,8.895
2026-01-27 01:00:00+00:00,USGS-09380000,8.4,9.4,797.0,0.45,8.0,10950.0,8.915
2026-01-27 02:00:00+00:00,USGS-09380000,8.4,9.4,797.0,0.4,8.0,11250.0,9.0
2026-01-27 03:00:00+00:00,USGS-09380000,8.4,9.4,795.5,0.5,8.0,11600.0,9.075
2026-01-27 04:00:00+00:00,USGS-09380000,8.5,9.5,792.0,0.45,8.0,11800.0,9.12
2026-01-27 05:00:00+00:00,USGS-09380000,8.6,9.6,788.5,0.4,8.0,11900.0,9.14
2026-01-27 06:00:00+00:00,USGS-09380000,8.55,9.6,785.5,0.4,8.0,11750.0,9.115
2026-01-27 07:00:00+00:00,USGS-09380000,8.45,9.6,784.0,0.5,8.0,11200.0,8.985
2026-01-27 08:00:00+00:00,USGS-09380000,8.3,9.5,784.0,0.5,8.0,10400.0,8.780000000000001
2026-01-27 09:00:00+00:00,USGS-09380000,8.2,9.45,785.0,0.5,8.0,9715.0,8.605
2026-01-27 10:00:00+00:00,USGS-09380000,8.1,9.4,787.0,0.5,7.9,9335.0,8.504999999999999
2026-01-27 11:00:00+00:00,USGS-09380000,8.0,9.3,789.0,0.4,7.9,9040.0,8.425
2026-01-27 12:00:00+00:00,USGS-09380000,7.9,9.3,790.0,0.45,7.9,8880.0,8.38
2026-01-27 13:00:00+00:00,USGS-09380000,7.9,9.2,792.0,0.4,7.9,8875.0,8.379999999999999
2026-01-27 14:00:00+00:00,USGS-09380000,7.9,9.2,793.0,0.45,7.9,9355.0,8.51
2026-01-27 15:00:00+00:00,USGS-09380000,7.9,9.1,794.5,0.4,7.9,10300.0,8.75
2026-01-27 16:00:00+00:00,USGS-09380000,7.9,9.1,795.0,0.45,7.9,10950.0,8.925
2026-01-27 17:00:00+00:00,USGS-09380000,7.9,9.1,794.5,0.5,7.9,11350.0,9.015
2026-01-27 18:00:00+00:00,USGS-09380000,8.0,9.149999999999999,793.5,0.4,7.9,11250.0,8.995000000000001
2026-01-27 19:00:00+00:00,USGS-09380000,8.1,9.2,792.0,0.45,7.9,10600.0,8.825
2026-01-27 20:00:00+00:00,USGS-09380000,8.3,9.350000000000001,791.0,0.4,7.95,9845.0,8.64
2026-01-27 21:00:00+00:00,USGS-09380000,8.45,9.4,790.0,0.45,8.0,9300.0,8.495000000000001
2026-01-27 22:00:00+00:00,USGS-09380000,8.55,9.5,790.0,0.4,8.0,9020.0,8.42
2026-01-27 23:00:00+00:00,USGS-09380000,8.6,9.5,789.0,0.4,8.0,8910.0,8.39
2026-01-28 00:00:00+00:00,USGS-09380000,8.649999999999999,9.5,789.0,0.4,8.0,9080.0,8.434999999999999
2026-01-28 01:00:00+00:00,USGS-09380000,8.7,9.5,787.5,0.4,8.0,9715.0,8.605
2026-01-28 02:00:00+00:00,USGS-09380000,8.7,9.4,786.0,0.4,8.0,10600.0,8.825
2026-01-28 03:00:00+00:00,USGS-09380000,8.7,9.5,784.5,0.4,8.0,11250.0,8.985
2026-01-28 04:00:00+00:00,USGS-09380000,8.8,9.5,782.5,0.4,8.0,11550.0,9.07
2026-01-28 05:00:00+00:00,USGS-09380000,8.9,9.6,779.5,0.4,8.1,11750.0,9.114999999999998
2026-01-28 06:00:00+00:00,USGS-09380000,9.0,9.649999999999999,778.0,0.45,8.1,11850.0,9.135000000000002
2026-01-28 07:00:00+00:00,USGS-09380000,8.850000000000001,9.6,777.0,0.45,8.05,11800.0,9.12
2026-01-28 08:00:00+00:00,USGS-09380000,8.649999999999999,9.6,777.0,0.5,8.0,11450.0,9.04
2026-01-28 09:00:00+00:00,USGS-09380000,8.45,9.5,778.5,0.5,8.0,10700.0,8.865
2026-01-28 10:00:00+00:00,USGS-09380000,8.3,9.45,780.5,0.5,8.0,9905.0,8.66
2026-01-28 11:00:00+00:00,USGS-09380000,8.2,9.4,782.0,0.5,8.0,9335.0,8.504999999999999
2026-01-28 12:00:00+00:00,USGS-09380000,8.1,9.350000000000001,783.0,0.5,7.9,8915.0,8.39
2026-01-28 13:00:00+00:00,USGS-09380000,8.1,9.3,784.5,0.5,7.9,8770.0,8.35
2026-01-28 14:00:00+00:00,USGS-09380000,8.0,9.25,786.0,0.4,7.9,8965.0,8.405000000000001
2026-01-28 15:00:00+00:00,USGS-09380000,8.0,9.2,788.0,0.4,7.9,9655.0,8.59
2026-01-28 16:00:00+00:00,USGS-09380000,8.0,9.2,789.0,0.45,7.9,10500.0,8.815
2026-01-28 17:00:00+00:00,USGS-09380000,8.0,9.2,790.0,0.5,7.9,11150.0,8.96
2026-01-28 18:00:00+00:00,USGS-09380000,8.1,9.2,791.0,0.4,7.9,11250.0,8.995000000000001
2026-01-28 19:00:00+00:00,USGS-09380000,8.2,9.2,792.0,0.45,7.9,10700.0,8.865
2026-01-28 20:00:00+00:00,USGS-09380000,8.350000000000001,9.3,793.0,0.4,8.0,9940.0,8.67
2026-01-28 21:00:00+00:00,USGS-09380000,8.45,9.4,793.0,0.4,8.0,9375.0,8.515
2026-01-28 22:00:00+00:00,USGS-09380000,8.6,9.45,793.0,0.4,8.0,8950.0,8.4
2026-01-28 23:00:00+00:00,USGS-09380000,8.7,9.5,792.0,0.4,8.0,8740.0,8.34
2026-01-29 00:00:00+00:00,USGS-09380000,8.8,9.5,791.0,0.4,8.0,8555.0,8.29
2026-01-29 01:00:00+00:00,USGS-09380000,8.8,9.5,790.0,0.4,8.0,8950.0,8.399999999999999
2026-01-29 02:00:00+00:00,USGS-09380000,8.9,9.5,789.0,0.4,8.0,9845.0,8.64
2026-01-29 03:00:00+00:00,USGS-09380000,8.9,9.5,788.0,0.4,8.05,10700.0,8.86
2026-01-29 04:00:00+00:00,USGS-09380000,8.95,9.5,786.5,0.5,8.1,11350.0,9.01
2026-01-29 05:00:00+00:00,USGS-09380000,9.0,9.5,785.0,0.4,8.1,11700.0,9.09
2026-01-29 06:00:00+00:00,USGS-09380000,8.95,9.55,783.5,0.5,8.1,11800.0,9.12
2026-01-29 07:00:00+00:00,USGS-09380000,8.75,9.5,783.0,0.5,8.0,11550.0,9.065000000000001
2026-01-29 08:00:00+00:00,USGS-09380000,8.55,9.45,783.0,0.45,8.0,10900.0,8.895
2026-01-29 09:00:00+00:00,USGS-09380000,8.350000000000001,9.4,784.5,0.5,8.0,10080.0,8.7
2026-01-29 10:00:00+00:00,USGS-09380000,8.2,9.3,786.0,0.5,7.95,9465.0,8.54
2026-01-29 11:00:00+00:00,USGS-09380000,8.1,9.3,787.0,0.5,7.9,9095.0,8.44
2026-01-29 12:00:00+00:00,USGS-09380000,8.0,9.2,788.0,0.5,7.9,8875.0,8.379999999999999
2026-01-29 13:00:00+00:00,USGS-09380000,8.0,9.2,789.0,0.45,7.9,8770.0,8.35
2026-01-29 14:00:00+00:00,USGS-09380000,8.0,9.2,790.0,0.4,7.9,8935.0,8.395
2026-01-29 15:00:00+00:00,USGS-09380000,8.0,9.1,791.0,0.45,7.9,9615.0,8.58
2026-01-29 16:00:00+00:00,USGS-09380000,8.0,9.1,792.0,0.45,7.9,10500.0,8.809999999999999
2026-01-29 17:00:00+00:00,USGS-09380000,8.0,9.1,791.0,0.4,7.9,11100.0,8.955
2026-01-29 18:00:00+00:00,USGS-09380000,8.1,9.149999999999999,791.0,0.45,7.9,11250.0,8.99
2026-01-29 19:00:00+00:00,USGS-09380000,8.2,9.2,791.0,0.4,7.9,10850.0,8.885
2026-01-29 20:00:00+00:00,USGS-09380000,8.3,9.3,791.0,0.4,8.0,10150.0,8.719999999999999
2026-01-29 21:00:00+00:00,USGS-09380000,8.5,9.4,791.0,0.4,8.0,9615.0,8.58
2026-01-29 22:00:00+00:00,USGS-09380000,8.6,9.45,790.0,0.4,8.0,9280.0,8.49
2026-01-29 23:00:00+00:00,USGS-09380000,8.7,9.5,790.0,0.4,8.0,9095.0,8.44
2026-01-30 00:00:00+00:00,USGS-09380000,8.7,9.4,790.0,0.4,8.0,9020.0,8.42
2026-01-30 01:00:00+00:00,USGS-09380000,8.7,9.4,790.0,0.4,8.0,9225.0,8.475000000000001
2026-01-30 02:00:00+00:00,USGS-09380000,8.7,9.4,789.0,0.4,8.0,9905.0,8.66
2026-01-30 03:00:00+00:00,USGS-09380000,8.7,9.4,788.5,0.4,8.0,10750.0,8.870000000000001
2026-01-30 04:00:00+00:00,USGS-09380000,8.7,9.4,787.5,0.45,8.0,11300.0,9.01
2026-01-30 05:00:00+00:00,USGS-09380000,8.8,9.5,787.0,0.45,8.0,11600.0,9.08
2026-01-30 06:00:00+00:00,USGS-09380000,8.8,9.5,787.0,0.5,8.0,11700.0,9.11
2026-01-30 07:00:00+00:00,USGS-09380000,8.649999999999999,9.5,788.0,0.5,8.0,11450.0,9.045
2026-01-30 08:00:00+00:00,USGS-09380000,8.45,9.4,789.5,0.55,8.0,10900.0,8.905000000000001
2026-01-30 09:00:00+00:00,USGS-09380000,8.2,9.350000000000001,791.5,0.5,7.95,10200.0,8.725
2026-01-30 10:00:00+00:00,USGS-09380000,8.1,9.3,793.5,0.5,7.9,9560.0,8.565000000000001
2026-01-30 11:00:00+00:00,USGS-09380000,8.0,9.2,795.0,0.5,7.9,9170.0,8.46
2026-01-30 12:00:00+00:00,USGS-09380000,7.9,9.2,796.0,0.45,7.9,8915.0,8.39
2026-01-30 13:00:00+00:00,USGS-09380000,7.9,9.149999999999999,796.0,0.5,7.9,8810.0,8.36
2026-01-30 14:00:00+00:00,USGS-09380000,7.9,9.1,796.0,0.4,7.9,8950.0,8.4
2026-01-30 15:00:00+00:00,USGS-09380000,7.9,9.1,797.0,0.4,7.9,9635.0,8.585
2026-01-30 16:00:00+00:00,USGS-09380000,7.9,9.0,797.0,0.4,7.9,10500.0,8.815
2026-01-30 17:00:00+00:00,USGS-09380000,7.9,9.0,796.5,0.4,7.9,11150.0,8.97
2026-01-30 18:00:00+00:00,USGS-09380000,8.0,9.1,795.5,0.45,7.9,11250.0,8.995000000000001
2026-01-30 19:00:00+00:00,USGS-09380000,8.149999999999999,9.2,795.0,0.4,7.9,10850.0,8.885
2026-01-30 20:00:00+00:00,USGS-09380000,8.3,9.25,794.0,0.4,7.95,10250.0,8.735
2026-01-30 21:00:00+00:00,USGS-09380000,8.45,9.350000000000001,793.0,0.4,8.0,9695.0,8.6
2026-01-30 22:00:00+00:00,USGS-09380000,8.6,9.4,793.0,0.4,8.0,9320.0,8.5
2026-01-30 23:00:00+00:00,USGS-09380000,8.7,9.4,793.0,0.4,8.0,9130.0,8.45
2026-01-31 00:00:00+00:00,USGS-09380000,8.7,9.4,793.0,0.4,8.0,8990.0,8.41
2026-01-31 01:00:00+00:00,USGS-09380000,8.6,9.350000000000001,793.0,0.4,8.0,9225.0,8.475000000000001
2026-01-31 02:00:00+00:00,USGS-09380000,8.6,9.3,793.0,0.4,8.0,9990.0,8.675
2026-01-31 03:00:00+00:00,USGS-09380000,8.6,9.3,792.5,0.4,8.0,10800.0,8.879999999999999
2026-01-31 04:00:00+00:00,USGS-09380000,8.7,9.4,791.0,0.4,8.0,11350.0,9.015
2026-01-31 05:00:00+00:00,USGS-09380000,8.8,9.45,790.0,0.45,8.0,11650.0,9.085
2026-01-31 06:00:00+00:00,USGS-09380000,8.8,9.5,789.0,0.5,8.0,11700.0,9.11
2026-01-31 07:00:00+00:00,USGS-09380000,8.649999999999999,9.5,789.0,0.5,8.0,11550.0,9.055
2026-01-31 08:00:00+00:00,USGS-09380000,8.45,9.4,790.0,0.45,8.0,10900.0,8.91
2026-01-31 09:00:00+00:00,USGS-09380000,8.25,9.4,791.5,0.5,8.0,10200.0,8.735
2026-01-31 10:00:00+00:00,USGS-09380000,8.1,9.3,793.5,0.5,7.9,9695.0,8.6
2026-01-31 11:00:00+00:00,USGS-09380000,8.0,9.25,795.0,0.5,7.9,9300.0,8.495000000000001
2026-01-31 12:00:00+00:00,USGS-09380000,7.95,9.2,796.0,0.45,7.9,9115.0,8.445
2026-01-31 13:00:00+00:00,USGS-09380000,7.9,9.2,797.0,0.5,7.9,9005.0,8.415
2026-01-31 14:00:00+00:00,USGS-09380000,7.9,9.1,798.0,0.45,7.9,8990.0,8.41
2026-01-31 15:00:00+00:00,USGS-09380000,7.9,9.1,798.0,0.45,7.9,9375.0,8.515
2026-01-31 16:00:00+00:00,USGS-09380000,7.9,9.1,798.0,0.45,7.9,10200.0,8.735
2026-01-31 17:00:00+00:00,USGS-09380000,7.9,9.1,797.5,0.4,7.9,10800.0,8.875
2026-01-31 18:00:00+00:00,USGS-09380000,8.0,9.1,796.0,0.5,7.9,10600.0,8.83
2026-01-31 19:00:00+00:00,USGS-09380000,8.149999999999999,9.2,795.0,0.4,7.9,10050.0,8.695
2026-01-31 20:00:00+00:00,USGS-09380000,8.3,9.3,795.0,0.5,7.95,9600.0,8.575
2026-01-31 21:00:00+00:00,USGS-09380000,8.5,9.4,794.0,0.4,8.0,9280.0,8.49
2026-01-31 22:00:00+00:00,USGS-09380000,8.6,9.45,793.0,0.4,8.0,9100.0,8.44
2026-01-31 23:00:00+00:00,USGS-09380000,8.7,9.5,793.0,0.4,8.0,8990.0,8.41
2026-02-01 00:00:00+00:00,USGS-09380000,8.7,9.4,793.0,0.4,8.0,8950.0,8.4
2026-02-01 01:00:00+00:00,USGS-09380000,8.7,9.4,793.0,0.4,8.0,9155.0,8.455
2026-02-01 02:00:00+00:00,USGS-09380000,8.7,9.4,793.5,0.45,8.0,9695.0,8.600000000000001
2026-02-01 03:00:00+00:00,USGS-09380000,8.7,9.4,792.5,0.4,8.0,10500.0,8.809999999999999
2026-02-01 04:00:00+00:00,USGS-09380000,8.7,9.4,791.0,0.4,8.0,11150.0,8.975000000000001
2026-02-01 05:00:00+00:00,USGS-09380000,8.8,9.5,790.0,0.4,8.0,11550.0,9.065000000000001
2026-02-01 06:00:00+00:00,USGS-09380000,8.8,9.5,790.0,0.45,8.0,11650.0,9.085
2026-02-01 07:00:00+00:00,USGS-09380000,8.649999999999999,9.5,791.5,0.5,8.0,11100.0,8.96
2026-02-01 08:00:00+00:00,USGS-09380000,8.4,9.45,793.5,0.5,8.0,10350.0,8.77
2026-02-01 09:00:00+00:00,USGS-09380000,8.2,9.4,795.0,0.5,8.0,9635.0,8.585
2026-02-01 10:00:00+00:00,USGS-09380000,8.1,9.3,796.5,0.5,7.9,8915.0,8.39
2026-02-01 11:00:00+00:00,USGS-09380000,8.0,9.2,797.5,0.4,7.9,8420.0,8.25
2026-02-01 12:00:00+00:00,USGS-09380000,7.9,9.2,798.0,0.45,7.9,8070.0,8.15
2026-02-01 13:00:00+00:00,USGS-09380000,7.9,9.2,798.0,0.4,7.9,7885.0,8.094999999999999
2026-02-01 14:00:00+00:00,USGS-09380000,7.9,9.1,798.0,0.4,7.9,7885.0,8.094999999999999
2026-02-01 15:00:00+00:00,USGS-09380000,7.9,9.1,798.0,0.45,7.9,8385.0,8.24
2026-02-01 16:00:00+00:00,USGS-09380000,7.9,9.1,797.5,0.4,7.9,9190.0,8.465
2026-02-01 17:00:00+00:00,USGS-09380000,7.9,9.1,796.5,0.4,7.9,9560.0,8.565000000000001
2026-02-01 18:00:00+00:00,USGS-09380000,8.0,9.1,795.0,0.4,7.9,9375.0,8.515
2026-02-01 19:00:00+00:00,USGS-09380000,8.2,9.2,793.0,0.45,7.9,8985.0,8.41
2026-02-01 20:00:00+00:00,USGS-09380000,8.350000000000001,9.3,791.0,0.4,8.0,8625.0,8.31
2026-02-01 21:00:00+00:00,USGS-09380000,8.55,9.4,789.5,0.4,8.0,8400.0,8.245000000000001
2026-02-01 22:00:00+00:00,USGS-09380000,8.75,9.5,788.0,0.4,8.0,8225.0,8.195
2026-02-01 23:00:00+00:00,USGS-09380000,8.850000000000001,9.5,787.0,0.35,8.0,8110.0,8.16
2026-02-02 00:00:00+00:00,USGS-09380000,8.850000000000001,9.5,787.0,0.4,8.0,8070.0,8.15
2026-02-02 01:00:00+00:00,USGS-09380000,8.8,9.4,787.5,0.4,8.0,8175.0,8.18
2026-02-02 02:00:00+00:00,USGS-09380000,8.8,9.4,788.0,0.4,8.0,8700.0,8.33
2026-02-02 03:00:00+00:00,USGS-09380000,8.8,9.4,788.0,0.4,8.0,9595.0,8.575
2026-02-02 04:00:00+00:00,USGS-09380000,8.8,9.4,787.0,0.4,8.0,10450.0,8.79
2026-02-02 05:00:00+00:00,USGS-09380000,8.850000000000001,9.5,786.5,0.45,8.0,10850.0,8.895
2026-02-02 06:00:00+00:00,USGS-09380000,8.9,9.55,786.0,0.45,8.0,10650.0,8.84
2026-02-02 07:00:00+00:00,USGS-09380000,8.850000000000001,9.6,786.0,0.4,8.0,9925.0,8.665
2026-02-02 08:00:00+00:00,USGS-09380000,8.7,9.5,786.0,0.5,8.0,9170.0,8.46
2026-02-02 09:00:00+00:00,USGS-09380000,8.5,9.5,787.0,0.4,8.0,8575.0,8.295
2026-02-02 10:00:00+00:00,USGS-09380000,8.350000000000001,9.4,789.0,0.45,8.0,8175.0,8.18
2026-02-02 11:00:00+00:00,USGS-09380000,8.2,9.3,790.5,0.4,7.9,7920.0,8.105
2026-02-02 12:00:00+00:00,USGS-09380000,8.1,9.3,792.0,0.4,7.9,7785.0,8.065000000000001
2026-02-02 13:00:00+00:00,USGS-09380000,8.0,9.2,793.5,0.45,7.9,7740.0,8.05
2026-02-02 14:00:00+00:00,USGS-09380000,8.0,9.2,794.0,0.45,7.9,7970.0,8.120000000000001
2026-02-02 15:00:00+00:00,USGS-09380000,7.9,9.2,795.0,0.4,7.9,8915.0,8.39
2026-02-02 16:00:00+00:00,USGS-09380000,7.95,9.1,795.0,0.4,7.9,10080.0,8.7
2026-02-02 17:00:00+00:00,USGS-09380000,8.0,9.2,794.5,0.45,7.9,10850.0,8.885
2026-02-02 18:00:00+00:00,USGS-09380000,8.149999999999999,9.2,793.0,0.45,7.9,10750.0,8.870000000000001
2026-02-02 19:00:00+00:00,USGS-09380000,8.3,9.3,791.0,0.4,7.95,10150.0,8.719999999999999
2026-02-02 20:00:00+00:00,USGS-09380000,8.5,9.4,789.0,0.45,8.0,9410.0,8.524999999999999
2026-02-02 21:00:00+00:00,USGS-09380000,8.7,9.5,788.0,0.4,8.0,8845.0,8.370000000000001
2026-02-02 22:00:00+00:00,USGS-09380000,8.850000000000001,9.6,787.0,0.4,8.0,8485.0,8.27
2026-02-02 23:00:00+00:00,USGS-09380000,8.9,9.6,787.0,0.4,8.0,8295.0,8.215
2026-02-03 00:00:00+00:00,USGS-09380000,8.95,9.6,788.0,0.4,8.0,8170.0,8.18
2026-02-03 01:00:00+00:00,USGS-09380000,8.9,9.5,789.5,0.4,8.0,8365.0,8.235
2026-02-03 02:00:00+00:00,USGS-09380000,8.9,9.5,791.0,0.4,8.0,9150.0,8.455
2026-02-03 03:00:00+00:00,USGS-09380000,8.9,9.4,791.5,0.4,8.05,10150.0,8.719999999999999
2026-02-03 04:00:00+00:00,USGS-09380000,9.0,9.45,791.0,0.4,8.1,11000.0,8.93
2026-02-03 05:00:00+00:00,USGS-09380000,9.0,9.5,789.5,0.4,8.1,11450.0,9.04
2026-02-03 06:00:00+00:00,USGS-09380000,9.0,9.6,788.0,0.4,8.1,11400.0,9.024999999999999
2026-02-03 07:00:00+00:00,USGS-09380000,8.9,9.55,788.0,0.5,8.05,10750.0,8.870000000000001
2026-02-03 08:00:00+00:00,USGS-09380000,8.649999999999999,9.5,788.5,0.45,8.0,9905.0,8.655000000000001
2026-02-03 09:00:00+00:00,USGS-09380000,8.45,9.4,790.0,0.5,8.0,9080.0,8.435
2026-02-03 10:00:00+00:00,USGS-09380000,8.3,9.350000000000001,791.5,0.4,8.0,8505.0,8.274999999999999
2026-02-03 11:00:00+00:00,USGS-09380000,8.149999999999999,9.3,793.5,0.4,7.9,8125.0,8.165
2026-02-03 12:00:00+00:00,USGS-09380000,8.05,9.2,795.0,0.4,7.9,7885.0,8.094999999999999
2026-02-03 13:00:00+00:00,USGS-09380000,8.0,9.2,796.0,0.45,7.9,7785.0,8.065000000000001
2026-02-03 14:00:00+00:00,USGS-09380000,8.0,9.1,797.0,0.45,7.9,7970.0,8.120000000000001
2026-02-03 15:00:00+00:00,USGS-09380000,7.9,9.1,797.0,0.4,7.9,8880.0,8.379999999999999
2026-02-03 16:00:00+00:00,USGS-09380000,8.0,9.1,797.0,0.4,7.9,9990.0,8.68
2026-02-03 17:00:00+00:00,USGS-09380000,8.0,9.1,796.5,0.4,7.9,10750.0,8.870000000000001
2026-02-03 18:00:00+00:00,USGS-09380000,8.1,9.1,794.5,0.4,7.9,10750.0,8.870000000000001
2026-02-03 19:00:00+00:00,USGS-09380000,8.25,9.2,792.5,0.4,7.9,10100.0,8.705
2026-02-03 20:00:00+00:00,USGS-09380000,8.45,9.3,791.0,0.4,8.0,9375.0,8.515
2026-02-03 21:00:00+00:00,USGS-09380000,8.6,9.4,790.0,0.4,8.0,8825.0,8.365
2026-02-03 22:00:00+00:00,USGS-09380000,8.75,9.5,790.0,0.45,8.0,8455.0,8.26
2026-02-03 23:00:00+00:00,USGS-09380000,8.8,9.5,790.0,0.4,8.0,8275.0,8.21
2026-02-04 00:00:00+00:00,USGS-09380000,8.8,9.45,791.0,0.4,8.0,8170.0,8.18
2026-02-04 01:00:00+00:00,USGS-09380000,8.8,9.4,792.5,0.4,8.0,8365.0,8.235
2026-02-04 02:00:00+00:00,USGS-09380000,8.7,9.3,794.0,0.4,8.0,9100.0,8.440000000000001
2026-02-04 03:00:00+00:00,USGS-09380000,8.7,9.3,794.0,0.4,8.0,10080.0,8.695
2026-02-04 04:00:00+00:00,USGS-09380000,8.7,9.3,794.0,0.4,8.0,10900.0,8.905000000000001
2026-02-04 05:00:00+00:00,USGS-09380000,8.8,9.4,793.0,0.45,8.0,11300.0,9.004999999999999
2026-02-04 06:00:00+00:00,USGS-09380000,8.9,9.5,791.5,0.5,8.0,11250.0,8.995000000000001
2026-02-04 07:00:00+00:00,USGS-09380000,8.8,9.5,791.0,0.5,8.0,10650.0,8.84
2026-02-04 08:00:00+00:00,USGS-09380000,8.6,9.4,791.5,0.45,8.0,9785.0,8.625
2026-02-04 09:00:00+00:00,USGS-09380000,8.4,9.4,792.5,0.5,8.0,8990.0,8.41
2026-02-04 10:00:00+00:00,USGS-09380000,8.25,9.3,794.0,0.4,7.95,8470.0,8.265
2026-02-04 11:00:00+00:00,USGS-09380000,8.1,9.2,796.0,0.5,7.9,8090.0,8.155000000000001
2026-02-04 12:00:00+00:00,USGS-09380000,8.0,9.2,797.0,0.5,7.9,7885.0,8.094999999999999
2026-02-04 13:00:00+00:00,USGS-09380000,8.0,9.1,798.0,0.4,7.9,7755.0,8.055
2026-02-04 14:00:00+00:00,USGS-09380000,7.9,9.1,799.0,0.4,7.9,7970.0,8.120000000000001
2026-02-04 15:00:00+00:00,USGS-09380000,7.9,9.0,800.0,0.45,7.9,8880.0,8.379999999999999
2026-02-04 16:00:00+00:00,USGS-09380000,7.9,9.0,801.0,0.4,7.9,9975.0,8.675
2026-02-04 17:00:00+00:00,USGS-09380000,7.9,9.0,800.0,0.45,7.9,10750.0,8.870000000000001
2026-02-04 18:00:00+00:00,USGS-09380000,8.05,9.05,798.5,0.4,7.9,10750.0,8.86
2026-02-04 19:00:00+00:00,USGS-09380000,8.2,9.149999999999999,797.0,0.5,7.9,10100.0,8.715
2026-02-04 20:00:00+00:00,USGS-09380000,8.4,9.25,795.0,0.5,8.0,9410.0,8.524999999999999
2026-02-04 21:00:00+00:00,USGS-09380000,8.55,9.350000000000001,794.0,0.45,8.0,8860.0,8.375
2026-02-04 22:00:00+00:00,USGS-09380000,8.7,9.4,793.5,0.55,8.0,8505.0,8.274999999999999
2026-02-04 23:00:00+00:00,USGS-09380000,8.8,9.5,793.0,0.4,8.0,8315.0,8.22
2026-02-05 00:00:00+00:00,USGS-09380000,8.8,9.4,794.0,0.4,8.0,8170.0,8.18
2026-02-05 01:00:00+00:00,USGS-09380000,8.7,9.4,795.5,0.45,8.0,8365.0,8.235
2026-02-05 02:00:00+00:00,USGS-09380000,8.7,9.3,797.0,0.65,8.0,9205.0,8.469999999999999
2026-02-05 03:00:00+00:00,USGS-09380000,8.6,9.3,797.0,0.4,8.0,10200.0,8.73
2026-02-05 04:00:00+00:00,USGS-09380000,8.649999999999999,9.3,797.0,0.4,8.0,10850.0,8.895
2026-02-05 05:00:00+00:00,USGS-09380000,8.75,9.4,795.5,0.7,8.0,11200.0,8.975000000000001
2026-02-05 06:00:00+00:00,USGS-09380000,8.8,9.45,793.5,0.4,8.0,11050.0,8.945
2026-02-05 07:00:00+00:00,USGS-09380000,8.8,9.5,793.0,0.5,8.0,10500.0,8.8
2026-02-05 08:00:00+00:00,USGS-09380000,8.6,9.4,793.0,0.55,8.0,9600.0,8.575
2026-02-05 09:00:00+00:00,USGS-09380000,8.4,9.350000000000001,793.0,0.5,8.0,8825.0,8.365
2026-02-05 10:00:00+00:00,USGS-09380000,8.3,9.3,794.5,0.4,8.0,8295.0,8.215
2026-02-05 11:00:00+00:00,USGS-09380000,8.1,9.2,796.5,0.45,7.9,7970.0,8.120000000000001
2026-02-05 12:00:00+00:00,USGS-09380000,8.0,9.1,798.0,0.4,7.9,7835.0,8.08
2026-02-05 13:00:00+00:00,USGS-09380000,8.0,9.1,799.0,0.4,7.9,7770.0,8.06
2026-02-05 14:00:00+00:00,USGS-09380000,7.9,9.1,800.0,0.4,7.9,7970.0,8.120000000000001
2026-02-05 15:00:00+00:00,USGS-09380000,7.9,9.0,800.0,0.4,7.9,8895.0,8.385
2026-02-05 16:00:00+00:00,USGS-09380000,7.9,9.0,800.0,0.4,7.9,9935.0,8.66
2026-02-05 17:00:00+00:00,USGS-09380000,8.0,9.0,799.0,0.4,7.9,10550.0,8.81
2026-02-05 18:00:00+00:00,USGS-09380000,8.05,9.1,798.0,0.45,7.9,10300.0,8.765
2026-02-05 19:00:00+00:00,USGS-09380000,8.2,9.2,796.0,0.5,7.9,9675.0,8.594999999999999
2026-02-05 20:00:00+00:00,USGS-09380000,8.4,9.25,794.0,0.45,8.0,9155.0,8.455
2026-02-05 21:00:00+00:00,USGS-09380000,8.6,9.350000000000001,793.0,0.4,8.0,8805.0,8.36
2026-02-05 22:00:00+00:00,USGS-09380000,8.75,9.4,792.5,0.4,8.0,8595.0,8.3
2026-02-05 23:00:00+00:00,USGS-09380000,8.850000000000001,9.5,792.0,0.4,8.0,8420.0,8.25
2026-02-06 00:00:00+00:00,USGS-09380000,8.8,9.4,793.5,0.4,8.0,8380.0,8.24
2026-02-06 01:00:00+00:00,USGS-09380000,8.8,9.350000000000001,795.0,0.4,8.0,8630.0,8.309999999999999
2026-02-06 02:00:00+00:00,USGS-09380000,8.7,9.3,796.0,0.4,8.0,9430.0,8.530000000000001
2026-02-06 03:00:00+00:00,USGS-09380000,8.7,9.3,796.5,0.4,8.0,10300.0,8.765
2026-02-06 04:00:00+00:00,USGS-09380000,8.7,9.3,795.5,0.4,8.0,10950.0,8.925
2026-02-06 05:00:00+00:00,USGS-09380000,8.8,9.4,794.0,0.45,8.0,11350.0,9.015
2026-02-06 06:00:00+00:00,USGS-09380000,8.9,9.5,792.5,0.45,8.0,11250.0,8.99
2026-02-06 07:00:00+00:00,USGS-09380000,8.8,9.5,792.0,0.75,8.0,10600.0,8.83
2026-02-06 08:00:00+00:00,USGS-09380000,8.6,9.4,792.0,0.45,8.0,9695.0,8.600000000000001
2026-02-06 09:00:00+00:00,USGS-09380000,8.4,9.350000000000001,792.5,0.5,8.0,8950.0,8.4
2026-02-06 10:00:00+00:00,USGS-09380000,8.25,9.3,794.0,0.45,8.0,8435.0,8.254999999999999
2026-02-06 11:00:00+00:00,USGS-09380000,8.1,9.2,796.0,0.45,7.9,8040.0,8.14
2026-02-06 12:00:00+00:00,USGS-09380000,8.0,9.2,797.5,0.4,7.9,7735.0,8.05
2026-02-06 13:00:00+00:00,USGS-09380000,8.0,9.1,799.0,0.45,7.9,7620.0,8.015
2026-02-06 14:00:00+00:00,USGS-09380000,7.9,9.1,800.0,0.45,7.9,7850.0,8.085
2026-02-06 15:00:00+00:00,USGS-09380000,7.9,9.1,800.0,0.4,7.9,8770.0,8.350000000000001
2026-02-06 16:00:00+00:00,USGS-09380000,7.9,9.1,800.0,0.45,7.9,9885.0,8.649999999999999
2026-02-06 17:00:00+00:00,USGS-09380000,8.0,9.1,798.5,0.5,7.9,10500.0,8.8
2026-02-06 18:00:00+00:00,USGS-09380000,8.1,9.149999999999999,796.5,0.4,7.9,10250.0,8.745000000000001
2026-02-06 19:00:00+00:00,USGS-09380000,8.3,9.25,793.5,0.45,7.9,9695.0,8.6
2026-02-06 20:00:00+00:00,USGS-09380000,8.5,9.350000000000001,791.5,0.45,8.0,9115.0,8.445
2026-02-06 21:00:00+00:00,USGS-09380000,8.649999999999999,9.45,790.0,0.45,8.0,8805.0,8.36
2026-02-06 22:00:00+00:00,USGS-09380000,8.850000000000001,9.55,789.0,0.4,8.0,8575.0,8.295
2026-02-06 23:00:00+00:00,USGS-09380000,9.0,9.6,789.0,0.4,8.05,8435.0,8.254999999999999
2026-02-07 00:00:00+00:00,USGS-09380000,8.9,9.5,790.5,0.4,8.0,8420.0,8.25
2026-02-07 01:00:00+00:00,USGS-09380000,8.850000000000001,9.4,792.5,0.4,8.0,8575.0,8.295
2026-02-07 02:00:00+00:00,USGS-09380000,8.8,9.4,794.0,0.4,8.0,9280.0,8.49
2026-02-07 03:00:00+00:00,USGS-09380000,8.8,9.4,794.0,0.4,8.0,10200.0,8.73
2026-02-07 04:00:00+00:00,USGS-09380000,8.8,9.4,793.0,0.4,8.0,10950.0,8.915
2026-02-07 05:00:00+00:00,USGS-09380000,8.9,9.5,791.5,0.5,8.05,11400.0,9.024999999999999
2026-02-07 06:00:00+00:00,USGS-09380000,9.0,9.5,790.0,0.55,8.1,11250.0,9.0
2026-02-07 07:00:00+00:00,USGS-09380000,8.9,9.5,789.0,0.55,8.05,10600.0,8.83
2026-02-07 08:00:00+00:00,USGS-09380000,8.7,9.5,790.0,0.5,8.0,9735.0,8.61
2026-02-07 09:00:00+00:00,USGS-09380000,8.5,9.4,791.0,0.55,8.0,9025.0,8.42
2026-02-07 10:00:00+00:00,USGS-09380000,8.3,9.3,792.5,0.5,8.0,8450.0,8.26
2026-02-07 11:00:00+00:00,USGS-09380000,8.2,9.25,794.5,0.4,7.9,8035.0,8.14
2026-02-07 12:00:00+00:00,USGS-09380000,8.05,9.2,796.5,0.4,7.9,7785.0,8.065000000000001
2026-02-07 13:00:00+00:00,USGS-09380000,8.0,9.2,798.5,0.5,7.9,7700.0,8.04
2026-02-07 14:00:00+00:00,USGS-09380000,7.9,9.1,799.5,0.45,7.9,7770.0,8.06
2026-02-07 15:00:00+00:00,USGS-09380000,7.9,9.1,800.0,0.4,7.9,8330.0,8.225
2026-02-07 16:00:00+00:00,USGS-09380000,8.0,9.05,800.0,0.45,7.9,9115.0,8.445
2026-02-07 17:00:00+00:00,USGS-09380000,8.0,9.0,799.0,0.4,7.9,9600.0,8.575
2026-02-07 18:00:00+00:00,USGS-09380000,8.1,9.1,798.0,0.4,7.9,9450.0,8.535
2026-02-07 19:00:00+00:00,USGS-09380000,8.25,9.2,796.0,0.4,7.9,9060.0,8.43
2026-02-07 20:00:00+00:00,USGS-09380000,8.45,9.3,794.0,0.45,8.0,8775.0,8.35
2026-02-07 21:00:00+00:00,USGS-09380000,8.649999999999999,9.4,792.5,0.4,8.0,8560.0,8.29
2026-02-07 22:00:00+00:00,USGS-09380000,8.850000000000001,9.5,791.0,0.4,8.0,8420.0,8.25
2026-02-07 23:00:00+00:00,USGS-09380000,9.0,9.5,790.5,0.4,8.0,8380.0,8.24
2026-02-08 00:00:00+00:00,USGS-09380000,9.0,9.5,791.0,0.4,8.0,8330.0,8.225000000000001
2026-02-08 01:00:00+00:00,USGS-09380000,8.9,9.4,792.5,0.4,8.0,8385.0,8.24
2026-02-08 02:00:00+00:00,USGS-09380000,8.8,9.4,794.0,0.4,8.0,8735.0,8.34
2026-02-08 03:00:00+00:00,USGS-09380000,8.8,9.3,795.0,0.4,8.0,9465.0,8.54
2026-02-08 04:00:00+00:00,USGS-09380000,8.8,9.4,795.0,0.45,8.0,10200.0,8.73
2026-02-08 05:00:00+00:00,USGS-09380000,8.9,9.4,794.0,0.55,8.0,10550.0,8.815000000000001
2026-02-08 06:00:00+00:00,USGS-09380000,8.9,9.5,793.5,0.4,8.1,10450.0,8.785
2026-02-08 07:00:00+00:00,USGS-09380000,8.9,9.5,793.0,0.4,8.05,9845.0,8.64
2026-02-08 08:00:00+00:00,USGS-09380000,8.75,9.5,793.0,0.4,8.0,9130.0,8.45
2026-02-08 09:00:00+00:00,USGS-09380000,8.55,9.4,794.0,0.4,8.0,8540.0,8.285
2026-02-08 10:00:00+00:00,USGS-09380000,8.4,9.4,794.0,0.5,8.0,8075.0,8.15
2026-02-08 11:00:00+00:00,USGS-09380000,8.25,9.3,795.0,0.5,7.95,7750.0,8.055
2026-02-08 12:00:00+00:00,USGS-09380000,8.1,9.2,796.5,0.45,7.9,7620.0,8.015
2026-02-08 13:00:00+00:00,USGS-09380000,8.1,9.2,798.0,0.4,7.9,7570.0,8.0
2026-02-08 14:00:00+00:00,USGS-09380000,8.0,9.1,799.0,0.4,7.9,7720.0,8.045
2026-02-08 15:00:00+00:00,USGS-09380000,8.0,9.1,800.0,0.4,7.9,8230.0,8.195
2026-02-08 16:00:00+00:00,USGS-09380000,7.95,9.1,801.0,0.4,7.9,8970.0,8.405000000000001
2026-02-08 17:00:00+00:00,USGS-09380000,8.0,9.1,801.0,0.55,7.9,9260.0,8.485
2026-02-08 18:00:00+00:00,USGS-09380000,8.05,9.1,800.5,0.4,7.9,9095.0,8.44
2026-02-08 19:00:00+00:00,USGS-09380000,8.2,9.2,799.0,0.4,7.9,8805.0,8.36
2026-02-08 20:00:00+00:00,USGS-09380000,8.4,9.3,797.0,0.4,8.0,8595.0,8.3
2026-02-08 21:00:00+00:00,USGS-09380000,8.649999999999999,9.4,794.5,0.5,8.0,8490.0,8.27
2026-02-08 22:00:00+00:00,USGS-09380000,8.850000000000001,9.5,793.5,0.4,8.0,8380.0,8.24
2026-02-08 23:00:00+00:00,USGS-09380000,9.0,9.6,792.5,0.4,8.0,8350.0,8.23
2026-02-09 00:00:00+00:00,USGS-09380000,9.0,9.5,793.0,0.4,8.1,8350.0,8.23
2026-02-09 01:00:00+00:00,USGS-09380000,8.9,9.45,793.5,0.45,8.0,8560.0,8.29
2026-02-09 02:00:00+00:00,USGS-09380000,8.9,9.4,794.5,0.45,8.0,9115.0,8.445
2026-02-09 03:00:00+00:00,USGS-09380000,8.8,9.4,795.0,0.4,8.0,9715.0,8.605
2026-02-09 04:00:00+00:00,USGS-09380000,8.850000000000001,9.4,796.0,0.4,8.0,9960.0,8.67
2026-02-09 05:00:00+00:00,USGS-09380000,8.9,9.5,795.0,0.55,8.0,10100.0,8.7
2026-02-09 06:00:00+00:00,USGS-09380000,9.0,9.5,794.5,0.4,8.1,9940.0,8.665
2026-02-09 07:00:00+00:00,USGS-09380000,8.9,9.5,794.0,0.5,8.1,9465.0,8.54
2026-02-09 08:00:00+00:00,USGS-09380000,8.8,9.5,794.0,0.5,8.0,8825.0,8.365
2026-02-09 09:00:00+00:00,USGS-09380000,8.6,9.45,795.0,0.6499999999999999,8.0,8385.0,8.24
2026-02-09 10:00:00+00:00,USGS-09380000,8.4,9.4,795.0,0.45,8.0,8035.0,8.14
2026-02-09 11:00:00+00:00,USGS-09380000,8.3,9.3,796.0,0.5,8.0,7870.0,8.09
2026-02-09 12:00:00+00:00,USGS-09380000,8.149999999999999,9.25,797.0,0.4,7.9,7755.0,8.055
2026-02-09 13:00:00+00:00,USGS-09380000,8.1,9.2,798.0,0.55,7.9,7700.0,8.04
2026-02-09 14:00:00+00:00,USGS-09380000,8.0,9.2,798.0,0.45,7.9,7940.0,8.11
2026-02-09 15:00:00+00:00,USGS-09380000,8.0,9.1,799.0,0.55,7.9,8880.0,8.379999999999999
2026-02-09 16:00:00+00:00,USGS-09380000,8.0,9.1,800.0,2.0,7.9,9935.0,8.665
2026-02-09 17:00:00+00:00,USGS-09380000,8.0,9.1,800.0,0.55,7.9,10550.0,8.815000000000001
2026-02-09 18:00:00+00:00,USGS-09380000,8.1,9.1,799.5,0.6,7.9,10300.0,8.75
2026-02-09 19:00:00+00:00,USGS-09380000,8.25,9.2,798.0,0.65,7.9,9735.0,8.61
2026-02-09 20:00:00+00:00,USGS-09380000,8.45,9.3,797.0,0.45,8.0,9205.0,8.47
2026-02-09 21:00:00+00:00,USGS-09380000,8.649999999999999,9.4,795.5,0.5,8.0,8825.0,8.364999999999998
2026-02-09 22:00:00+00:00,USGS-09380000,8.8,9.5,795.0,0.55,8.0,8610.0,8.305
2026-02-09 23:00:00+00:00,USGS-09380000,8.9,9.6,794.5,0.45,8.0,8470.0,8.265
2026-02-10 00:00:00+00:00,USGS-09380000,8.9,9.55,795.0,0.55,8.0,8420.0,8.25
2026-02-10 01:00:00+00:00,USGS-09380000,8.9,9.5,796.5,0.4,8.0,8575.0,8.295
2026-02-10 02:00:00+00:00,USGS-09380000,8.8,9.4,798.0,0.4,8.0,9300.0,8.495000000000001
2026-02-10 03:00:00+00:00,USGS-09380000,8.9,9.4,798.0,0.45,8.0,10250.0,8.74
2026-02-10 04:00:00+00:00,USGS-09380000,8.9,9.4,797.0,0.6,8.0,11000.0,8.93
2026-02-10 05:00:00+00:00,USGS-09380000,9.0,9.5,795.0,0.8500000000000001,8.1,11350.0,9.015
2026-02-10 06:00:00+00:00,USGS-09380000,9.0,9.6,793.0,1.3,8.1,11300.0,9.004999999999999
2026-02-10 07:00:00+00:00,USGS-09380000,8.95,9.6,792.0,0.6,8.1,10600.0,8.835
2026-02-10 08:00:00+00:00,USGS-09380000,8.7,9.55,792.5,1.5,8.0,9830.0,8.635
2026-02-10 09:00:00+00:00,USGS-09380000,8.5,9.5,793.0,0.6499999999999999,8.0,9040.0,8.425
2026-02-10 10:00:00+00:00,USGS-09380000,8.3,9.4,794.0,2.2,8.0,8470.0,8.265
2026-02-10 11:00:00+00:00,USGS-09380000,8.2,9.4,795.5,0.7,7.9,8120.0,8.165
2026-02-10 12:00:00+00:00,USGS-09380000,8.1,9.3,797.0,1.1,7.9,7920.0,8.105
2026-02-10 13:00:00+00:00,USGS-09380000,8.0,9.3,798.0,0.85,7.9,7800.0,8.07
2026-02-10 14:00:00+00:00,USGS-09380000,7.9,9.3,799.0,0.8500000000000001,7.9,8025.0,8.135
2026-02-10 15:00:00+00:00,USGS-09380000,7.9,9.2,800.0,1.05,7.9,8915.0,8.39
2026-02-10 16:00:00+00:00,USGS-09380000,7.9,9.2,800.0,0.6,7.9,10060.0,8.695
2026-02-10 17:00:00+00:00,USGS-09380000,7.95,9.3,800.0,0.4,7.9,10600.0,8.825
2026-02-10 18:00:00+00:00,USGS-09380000,8.05,9.3,798.5,0.5,7.9,10300.0,8.76
2026-02-10 19:00:00+00:00,USGS-09380000,8.25,9.4,796.5,0.4,7.9,9695.0,8.6
2026-02-10 20:00:00+00:00,USGS-09380000,8.45,9.5,794.5,0.4,8.0,9135.0,8.45
2026-02-10 21:00:00+00:00,USGS-09380000,8.7,9.6,793.0,0.4,8.0,8715.0,8.335
2026-02-10 22:00:00+00:00,USGS-09380000,8.8,9.7,793.0,0.4,8.0,8490.0,8.27
2026-02-10 23:00:00+00:00,USGS-09380000,,,,,,8380.0,8.24
2026-02-11 00:00:00+00:00,USGS-09380000,9.0,9.7,794.0,0.3,8.2,8350.0,8.23
2026-02-11 01:00:00+00:00,USGS-09380000,9.0,9.6,795.0,0.25,8.2,8610.0,8.305
2026-02-11 02:00:00+00:00,USGS-09380000,9.05,9.6,797.0,0.3,8.2,9525.0,8.555
2026-02-11 03:00:00+00:00,USGS-09380000,9.1,9.6,797.0,0.3,8.25,10500.0,8.809999999999999
2026-02-11 04:00:00+00:00,USGS-09380000,9.149999999999999,9.6,796.0,0.3,8.3,11150.0,8.96
2026-02-11 05:00:00+00:00,USGS-09380000,9.2,9.7,794.0,0.3,8.3,11500.0,9.045
2026-02-11 06:00:00+00:00,USGS-09380000,9.2,9.7,793.0,0.3,8.3,11350.0,9.015
2026-02-11 07:00:00+00:00,USGS-09380000,9.05,9.7,793.0,0.3,,10700.0,8.844999999999999
2026-02-11 08:00:00+00:00,USGS-09380000,8.8,9.6,793.0,0.3,,9755.0,8.615
2026-02-11 09:00:00+00:00,USGS-09380000,8.55,9.55,794.0,0.35,,9040.0,8.425
2026-02-11 10:00:00+00:00,USGS-09380000,8.3,9.5,796.0,0.4,,8525.0,8.28
2026-02-11 11:00:00+00:00,USGS-09380000,8.149999999999999,9.4,798.0,0.4,,8140.0,8.17
2026-02-11 12:00:00+00:00,USGS-09380000,8.0,9.4,800.0,0.35,,7920.0,8.105
2026-02-11 13:00:00+00:00,USGS-09380000,7.9,9.3,801.0,0.3,,7800.0,8.07
2026-02-11 14:00:00+00:00,USGS-09380000,7.9,9.3,802.0,0.3,,8025.0,8.135
2026-02-11 15:00:00+00:00,USGS-09380000,7.8,9.2,802.5,0.25,,8915.0,8.39
2026-02-11 16:00:00+00:00,USGS-09380000,7.8,9.2,802.0,0.3,,10060.0,8.695
2026-02-11 17:00:00+00:00,USGS-09380000,7.9,9.25,801.0,0.3,8.1,10600.0,8.83
2026-02-11 18:00:00+00:00,USGS-09380000,8.0,9.3,799.0,0.3,8.1,10350.0,8.774999999999999
2026-02-11 19:00:00+00:00,USGS-09380000,8.2,9.3,797.0,0.3,8.1,9710.0,8.605
2026-02-11 20:00:00+00:00,USGS-09380000,8.350000000000001,9.4,795.5,0.3,8.2,9265.0,8.485
2026-02-11 21:00:00+00:00,USGS-09380000,8.55,9.5,794.5,0.3,8.2,8895.0,8.385
2026-02-11 22:00:00+00:00,USGS-09380000,8.75,9.5,794.0,0.3,8.2,8740.0,8.34
2026-02-11 23:00:00+00:00,USGS-09380000,8.9,9.6,794.0,0.3,8.2,8630.0,8.31
2026-02-12 00:00:00+00:00,USGS-09380000,9.0,9.6,795.0,0.3,8.3,8560.0,8.29
2026-02-12 01:00:00+00:00,USGS-09380000,9.1,9.6,797.0,0.3,8.3,8715.0,8.335
2026-02-12 02:00:00+00:00,USGS-09380000,9.1,9.6,798.0,0.3,8.3,9505.0,8.55
2026-02-12 03:00:00+00:00,USGS-09380000,9.2,9.6,798.0,0.3,8.3,10300.0,8.76
2026-02-12 04:00:00+00:00,USGS-09380000,9.2,9.6,796.0,0.3,8.3,11050.0,8.940000000000001
2026-02-12 05:00:00+00:00,USGS-09380000,9.3,9.7,794.5,0.3,8.3,11300.0,9.004999999999999
2026-02-12 06:00:00+00:00,USGS-09380000,9.2,9.7,793.0,0.3,8.3,11350.0,9.01
2026-02-12 07:00:00+00:00,USGS-09380000,9.05,9.7,792.0,0.35,8.3,10600.0,8.829999999999998
2026-02-12 08:00:00+00:00,USGS-09380000,8.75,9.6,792.5,0.4,8.2,9785.0,8.625
2026-02-12 09:00:00+00:00,USGS-09380000,8.55,9.6,794.0,0.4,8.2,9080.0,8.435
2026-02-12 10:00:00+00:00,USGS-09380000,8.3,9.5,796.0,0.4,8.2,8520.0,8.280000000000001
2026-02-12 11:00:00+00:00,USGS-09380000,8.1,9.4,799.0,0.3,8.1,8175.0,8.18
2026-02-12 12:00:00+00:00,USGS-09380000,8.0,9.4,801.5,0.3,8.1,7935.0,8.11
2026-02-12 13:00:00+00:00,USGS-09380000,7.9,9.3,803.0,0.3,8.1,7785.0,8.065000000000001
2026-02-12 14:00:00+00:00,USGS-09380000,7.85,9.25,804.0,0.3,8.1,7985.0,8.125
2026-02-12 15:00:00+00:00,USGS-09380000,7.8,9.2,805.0,0.3,8.1,8900.0,8.385
2026-02-12 16:00:00+00:00,USGS-09380000,7.8,9.2,803.5,0.3,8.1,10060.0,8.690000000000001
2026-02-12 17:00:00+00:00,USGS-09380000,7.9,9.2,802.0,0.3,8.1,10550.0,8.815000000000001
2026-02-12 18:00:00+00:00,USGS-09380000,8.0,9.3,801.0,0.3,8.1,10350.0,8.76
2026-02-12 19:00:00+00:00,USGS-09380000,8.149999999999999,9.4,801.5,0.25,8.1,9695.0,8.600000000000001
2026-02-12 20:00:00+00:00,USGS-09380000,8.3,9.45,802.5,0.3,8.149999999999999,9190.0,8.465
2026-02-12 21:00:00+00:00,USGS-09380000,8.5,9.5,803.0,0.3,8.2,8805.0,8.36
2026-02-12 22:00:00+00:00,USGS-09380000,8.7,9.6,803.0,0.3,8.2,8610.0,8.305
2026-02-12 23:00:00+00:00,USGS-09380000,8.8,9.6,802.0,0.25,8.2,8455.0,8.26
2026-02-13 00:00:00+00:00,USGS-09380000,8.9,9.6,802.0,0.3,8.2,8365.0,8.235
2026-02-13 01:00:00+00:00,USGS-09380000,8.9,9.5,802.0,0.3,8.2,8630.0,8.309999999999999
2026-02-13 02:00:00+00:00,USGS-09380000,8.9,9.5,802.0,0.25,8.2,9375.0,8.515
2026-02-13 03:00:00+00:00,USGS-09380000,8.9,9.5,802.0,0.25,8.2,10300.0,8.760000000000002
2026-02-13 04:00:00+00:00,USGS-09380000,8.9,9.5,802.5,0.4,8.25,11100.0,8.945
2026-02-13 05:00:00+00:00,USGS-09380000,9.0,9.5,803.0,0.4,8.3,11450.0,9.035
2026-02-13 06:00:00+00:00,USGS-09380000,8.95,9.6,803.0,0.3,8.3,11350.0,9.01
2026-02-13 07:00:00+00:00,USGS-09380000,8.8,9.55,803.0,0.4,8.2,10700.0,8.85
2026-02-13 08:00:00+00:00,USGS-09380000,8.6,9.5,803.0,0.35,8.2,9900.0,8.655000000000001
2026-02-13 09:00:00+00:00,USGS-09380000,8.350000000000001,9.4,803.0,0.4,8.2,9020.0,8.42
2026-02-13 10:00:00+00:00,USGS-09380000,8.149999999999999,9.4,804.0,0.3,8.1,8505.0,8.274999999999999
2026-02-13 11:00:00+00:00,USGS-09380000,8.0,9.4,804.0,2.95,8.1,8125.0,8.165
2026-02-13 12:00:00+00:00,USGS-09380000,7.9,9.3,805.0,4.15,8.1,7885.0,8.094999999999999
2026-02-13 13:00:00+00:00,USGS-09380000,7.8,9.3,805.0,0.3,8.1,7785.0,8.065000000000001
2026-02-13 14:00:00+00:00,USGS-09380000,7.8,9.3,806.0,0.3,8.1,8005.0,8.129999999999999
2026-02-13 15:00:00+00:00,USGS-09380000,7.75,9.3,807.0,0.3,8.1,8915.0,8.39
2026-02-13 16:00:00+00:00,USGS-09380000,7.75,9.3,807.0,0.3,8.1,10060.0,8.690000000000001
2026-02-13 17:00:00+00:00,USGS-09380000,7.8,9.3,807.0,0.3,8.1,10500.0,8.81
2026-02-13 18:00:00+00:00,USGS-09380000,7.9,9.3,807.0,0.35,8.1,10250.0,8.735
2026-02-13 19:00:00+00:00,USGS-09380000,8.0,9.4,806.5,0.3,8.1,9635.0,8.585
2026-02-13 20:00:00+00:00,USGS-09380000,8.149999999999999,9.4,806.5,0.3,8.1,9115.0,8.445
2026-02-13 21:00:00+00:00,USGS-09380000,8.25,9.4,806.0,0.3,8.1,8790.0,8.355
2026-02-13 22:00:00+00:00,USGS-09380000,8.4,9.4,806.0,0.4,8.2,8525.0,8.28
2026-02-13 23:00:00+00:00,USGS-09380000,8.6,9.5,807.0,0.4,8.2,8420.0,8.25
2026-02-14 00:00:00+00:00,USGS-09380000,8.75,9.5,808.0,0.3,8.2,8365.0,8.235
2026-02-14 01:00:00+00:00,USGS-09380000,8.8,9.5,809.5,0.3,8.2,8575.0,8.295
2026-02-14 02:00:00+00:00,USGS-09380000,8.8,9.45,811.0,0.3,8.2,9225.0,8.475
2026-02-14 03:00:00+00:00,USGS-09380000,8.850000000000001,9.4,810.5,0.3,8.2,10100.0,8.715
2026-02-14 04:00:00+00:00,USGS-09380000,8.9,9.45,809.0,0.3,8.2,10900.0,8.91
2026-02-14 05:00:00+00:00,USGS-09380000,9.0,9.5,808.0,0.3,8.3,11300.0,9.004999999999999
2026-02-14 06:00:00+00:00,USGS-09380000,9.0,9.5,808.0,0.35,8.3,11250.0,8.99
2026-02-14 07:00:00+00:00,USGS-09380000,8.8,9.5,808.0,0.45,8.2,10600.0,8.83
2026-02-14 08:00:00+00:00,USGS-09380000,8.6,9.4,808.0,0.35,8.2,9715.0,8.605
2026-02-14 09:00:00+00:00,USGS-09380000,8.350000000000001,9.4,808.0,0.35,8.2,8985.0,8.41
2026-02-14 10:00:00+00:00,USGS-09380000,8.149999999999999,9.3,808.0,0.3,8.1,8470.0,8.265
2026-02-14 11:00:00+00:00,USGS-09380000,8.0,9.2,809.0,0.3,8.1,8140.0,8.17
2026-02-14 12:00:00+00:00,USGS-09380000,7.9,9.2,810.0,0.3,8.1,7885.0,8.094999999999999
2026-02-14 13:00:00+00:00,USGS-09380000,7.8,9.2,811.0,0.3,8.1,7770.0,8.06
2026-02-14 14:00:00+00:00,USGS-09380000,7.75,9.1,811.5,0.3,8.1,7835.0,8.08
2026-02-14 15:00:00+00:00,USGS-09380000,7.7,9.1,812.0,0.3,8.1,8345.0,8.23
2026-02-14 16:00:00+00:00,USGS-09380000,7.7,9.1,811.0,0.3,8.1,9245.0,8.48
2026-02-14 17:00:00+00:00,USGS-09380000,7.8,9.1,810.0,0.4,8.1,9640.0,8.585
2026-02-14 18:00:00+00:00,USGS-09380000,7.9,9.1,808.0,0.3,8.1,9465.0,8.54
2026-02-14 19:00:00+00:00,USGS-09380000,8.1,9.2,806.5,0.5,8.1,9095.0,8.44
2026-02-14 20:00:00+00:00,USGS-09380000,8.3,9.3,805.0,0.35,8.1,8825.0,8.365
2026-02-14 21:00:00+00:00,USGS-09380000,8.55,9.4,803.0,0.4,8.2,8610.0,8.305
2026-02-14 22:00:00+00:00,USGS-09380000,8.75,9.5,801.5,0.3,8.2,8485.0,8.27
2026-02-14 23:00:00+00:00,USGS-09380000,8.9,9.6,800.0,0.3,8.2,8420.0,8.25
2026-02-15 00:00:00+00:00,USGS-09380000,8.9,9.6,800.0,0.3,8.2,8365.0,8.235
2026-02-15 01:00:00+00:00,USGS-09380000,8.9,9.5,801.0,0.3,8.2,8420.0,8.25
2026-02-15 02:00:00+00:00,USGS-09380000,8.8,9.4,802.0,0.3,8.2,8810.0,8.36
2026-02-15 03:00:00+00:00,USGS-09380000,8.8,9.4,803.0,0.3,8.2,9545.0,8.559999999999999
2026-02-15 04:00:00+00:00,USGS-09380000,8.8,9.4,803.0,0.3,8.2,10300.0,8.75
2026-02-15 05:00:00+00:00,USGS-09380000,8.850000000000001,9.5,803.5,0.3,8.2,10650.0,8.84
2026-02-15 06:00:00+00:00,USGS-09380000,8.9,9.5,804.0,0.3,8.2,10550.0,8.81
2026-02-15 07:00:00+00:00,USGS-09380000,8.8,9.5,804.0,0.3,8.2,9885.0,8.649999999999999
2026-02-15 08:00:00+00:00,USGS-09380000,8.649999999999999,9.5,804.0,0.3,8.2,9190.0,8.465
2026-02-15 09:00:00+00:00,USGS-09380000,8.45,9.4,804.0,0.35,8.2,8575.0,8.295
2026-02-15 10:00:00+00:00,USGS-09380000,8.25,9.350000000000001,805.0,0.3,8.1,8175.0,8.18
2026-02-15 11:00:00+00:00,USGS-09380000,8.1,9.3,806.0,0.3,8.1,7905.0,8.1
2026-02-15 12:00:00+00:00,USGS-09380000,8.0,9.25,807.5,0.3,8.1,7785.0,8.065000000000001
2026-02-15 13:00:00+00:00,USGS-09380000,7.9,9.2,809.0,0.3,8.1,7720.0,8.045
2026-02-15 14:00:00+00:00,USGS-09380000,7.8,9.2,810.0,0.55,8.1,7805.0,8.07
2026-02-15 15:00:00+00:00,USGS-09380000,7.8,9.2,810.0,0.35,8.1,8330.0,8.225
2026-02-15 16:00:00+00:00,USGS-09380000,7.8,9.1,810.0,0.3,8.1,9040.0,8.425
2026-02-15 17:00:00+00:00,USGS-09380000,7.9,9.149999999999999,809.0,0.3,8.1,9350.0,8.51
2026-02-15 18:00:00+00:00,USGS-09380000,8.0,9.2,808.0,0.4,8.1,9170.0,8.46
2026-02-15 19:00:00+00:00,USGS-09380000,8.149999999999999,9.3,806.5,0.4,8.1,8895.0,8.385
2026-02-15 20:00:00+00:00,USGS-09380000,8.4,9.4,803.0,0.3,8.1,8665.0,8.32
2026-02-15 21:00:00+00:00,USGS-09380000,8.649999999999999,9.5,802.0,0.35,8.2,8505.0,8.274999999999999
2026-02-15 22:00:00+00:00,USGS-09380000,8.850000000000001,9.6,799.5,0.3,8.2,8420.0,8.25
2026-02-15 23:00:00+00:00,USGS-09380000,9.05,9.649999999999999,799.0,0.3,8.2,8350.0,8.23
2026-02-16 00:00:00+00:00,USGS-09380000,9.1,9.6,801.0,0.3,8.3,8330.0,8.225000000000001
2026-02-16 01:00:00+00:00,USGS-09380000,9.2,9.6,802.0,0.4,8.3,8525.0,8.28
2026-02-16 02:00:00+00:00,USGS-09380000,9.1,9.6,802.0,0.3,8.3,9115.0,8.445
2026-02-16 03:00:00+00:00,USGS-09380000,9.1,9.6,802.0,0.4,8.3,9655.0,8.59
2026-02-16 04:00:00+00:00,USGS-09380000,9.149999999999999,9.6,801.0,0.4,8.3,10050.0,8.69
2026-02-16 05:00:00+00:00,USGS-09380000,9.2,9.7,799.5,0.4,8.3,10200.0,8.735
2026-02-16 06:00:00+00:00,USGS-09380000,9.2,9.7,800.0,0.4,8.3,10050.0,8.7
2026-02-16 07:00:00+00:00,USGS-09380000,9.149999999999999,9.7,800.0,0.4,8.3,9545.0,8.559999999999999
2026-02-16 08:00:00+00:00,USGS-09380000,8.95,9.649999999999999,800.0,0.4,8.2,8950.0,8.4
2026-02-16 09:00:00+00:00,USGS-09380000,8.649999999999999,9.6,802.0,0.4,8.2,8435.0,8.254999999999999
2026-02-16 10:00:00+00:00,USGS-09380000,8.4,9.5,804.0,0.4,8.2,8140.0,8.17
2026-02-16 11:00:00+00:00,USGS-09380000,8.149999999999999,9.4,806.0,0.4,8.1,7940.0,8.11
2026-02-16 12:00:00+00:00,USGS-09380000,8.0,9.4,807.5,0.35,8.1,7785.0,8.065000000000001
2026-02-16 13:00:00+00:00,USGS-09380000,7.9,9.3,808.5,0.4,8.1,7740.0,8.05
2026-02-16 14:00:00+00:00,USGS-09380000,7.8,9.3,809.5,0.4,8.1,7985.0,8.125
2026-02-16 15:00:00+00:00,USGS-09380000,7.8,9.3,810.0,0.4,8.1,8915.0,8.39
2026-02-16 16:00:00+00:00,USGS-09380000,7.8,9.3,810.0,0.4,8.1,10080.0,8.7
2026-02-16 17:00:00+00:00,USGS-09380000,7.85,9.3,809.0,0.4,8.1,10600.0,8.83
2026-02-16 18:00:00+00:00,USGS-09380000,8.0,9.3,808.0,0.4,8.1,10300.0,8.754999999999999
2026-02-16 19:00:00+00:00,USGS-09380000,8.25,9.4,807.0,0.4,8.1,9735.0,8.61
2026-02-16 20:00:00+00:00,USGS-09380000,8.45,9.45,806.0,0.4,8.149999999999999,9155.0,8.455
2026-02-16 21:00:00+00:00,USGS-09380000,8.6,9.55,805.0,0.4,8.2,8825.0,8.364999999999998
2026-02-16 22:00:00+00:00,USGS-09380000,8.8,9.6,804.0,0.4,8.2,8595.0,8.3
2026-02-16 23:00:00+00:00,USGS-09380000,9.0,9.649999999999999,804.0,0.4,8.2,8490.0,8.27
2026-02-17 00:00:00+00:00,USGS-09380000,9.1,9.7,804.5,0.4,8.3,8380.0,8.24
2026-02-17 01:00:00+00:00,USGS-09380000,9.2,9.7,806.0,0.4,8.3,8505.0,8.274999999999999
2026-02-17 02:00:00+00:00,USGS-09380000,9.3,9.6,807.5,0.4,8.3,9150.0,8.455
2026-02-17 03:00:00+00:00,USGS-09380000,9.3,9.6,808.0,0.4,8.3,10030.0,8.690000000000001
2026-02-17 04:00:00+00:00,USGS-09380000,9.350000000000001,9.6,807.0,0.65,8.3,10850.0,8.895
2026-02-17 05:00:00+00:00,USGS-09380000,9.4,9.6,806.0,0.55,8.3,11400.0,9.024999999999999
2026-02-17 06:00:00+00:00,USGS-09380000,9.4,9.6,805.0,1.1,8.3,11300.0,9.004999999999999
2026-02-17 07:00:00+00:00,USGS-09380000,9.149999999999999,9.6,805.0,0.7,8.3,10500.0,8.805
2026-02-17 08:00:00+00:00,USGS-09380000,8.9,9.55,805.0,0.8999999999999999,8.2,9695.0,8.600000000000001
2026-02-17 09:00:00+00:00,USGS-09380000,8.7,9.4,805.5,0.9500000000000001,8.2,9095.0,8.44
2026-02-17 10:00:00+00:00,USGS-09380000,8.5,9.4,807.0,0.55,8.2,8505.0,8.275
2026-02-17 11:00:00+00:00,USGS-09380000,8.350000000000001,9.3,808.5,0.4,8.1,8160.0,8.175
2026-02-17 12:00:00+00:00,USGS-09380000,8.2,9.2,811.5,0.7,8.1,7855.0,8.085
2026-02-17 13:00:00+00:00,USGS-09380000,8.05,9.1,814.5,0.4,8.1,7840.0,8.08
2026-02-17 14:00:00+00:00,USGS-09380000,7.95,9.1,814.5,0.4,8.1,8055.0,8.145
2026-02-17 15:00:00+00:00,USGS-09380000,7.9,9.0,819.5,0.45,8.1,8900.0,8.385
2026-02-17 16:00:00+00:00,USGS-09380000,7.8,9.0,821.5,0.4,8.1,10060.0,8.690000000000001
2026-02-17 17:00:00+00:00,USGS-09380000,7.8,8.9,823.0,0.4,8.1,10550.0,8.815000000000001
2026-02-17 18:00:00+00:00,USGS-09380000,7.9,8.9,823.0,0.4,8.1,10250.0,8.74
2026-02-17 19:00:00+00:00,USGS-09380000,8.1,9.0,822.0,0.4,8.1,9735.0,8.61
2026-02-17 20:00:00+00:00,USGS-09380000,8.3,9.05,821.0,0.4,8.1,9190.0,8.465
2026-02-17 21:00:00+00:00,USGS-09380000,8.5,9.1,820.0,0.4,8.1,8845.0,8.370000000000001
2026-02-17 22:00:00+00:00,USGS-09380000,8.6,9.2,821.5,0.4,8.2,8625.0,8.31
2026-02-17 23:00:00+00:00,USGS-09380000,8.6,9.2,826.0,0.4,8.2,8490.0,8.27
2026-02-18 00:00:00+00:00,USGS-09380000,8.6,9.1,833.0,0.5,8.2,8435.0,8.254999999999999
2026-02-18 01:00:00+00:00,USGS-09380000,8.5,9.0,839.5,0.35,8.2,8685.0,8.325
2026-02-18 02:00:00+00:00,USGS-09380000,8.4,8.95,845.5,0.4,8.1,9355.0,8.51
2026-02-18 03:00:00+00:00,USGS-09380000,8.4,8.9,849.5,0.35,8.1,10250.0,8.74
2026-02-18 04:00:00+00:00,USGS-09380000,8.4,8.9,851.0,0.4,8.1,10950.0,8.915
2026-02-18 05:00:00+00:00,USGS-09380000,8.5,9.0,847.5,0.4,8.2,11400.0,9.024999999999999
2026-02-18 06:00:00+00:00,USGS-09380000,8.5,9.0,843.5,0.5,8.2,11350.0,9.01
2026-02-18 07:00:00+00:00,USGS-09380000,8.4,9.0,842.0,0.4,8.149999999999999,10700.0,8.850000000000001
2026-02-18 08:00:00+00:00,USGS-09380000,8.149999999999999,8.9,843.5,0.45,8.1,9805.0,8.629999999999999
2026-02-18 09:00:00+00:00,USGS-09380000,7.85,8.75,848.0,0.4,8.1,9115.0,8.445
2026-02-18 10:00:00+00:00,USGS-09380000,7.55,8.649999999999999,852.5,0.4,8.0,8595.0,8.3
2026-02-18 11:00:00+00:00,USGS-09380000,7.35,8.6,855.5,0.4,8.0,8175.0,8.18
2026-02-18 12:00:00+00:00,USGS-09380000,7.2,8.5,858.5,0.45,8.0,7855.0,8.085
2026-02-18 13:00:00+00:00,USGS-09380000,7.1,8.5,862.0,0.6,8.0,7705.0,8.04
2026-02-18 14:00:00+00:00,USGS-09380000,7.0,8.4,865.5,0.5,8.0,7990.0,8.125
2026-02-18 15:00:00+00:00,USGS-09380000,7.1,8.4,869.0,0.5,8.0,8825.0,8.365
2026-02-18 16:00:00+00:00,USGS-09380000,7.2,8.3,871.0,0.4,8.0,9925.0,8.665
2026-02-18 17:00:00+00:00,USGS-09380000,7.3,8.3,872.0,0.7,8.0,10600.0,8.835
2026-02-18 18:00:00+00:00,USGS-09380000,7.3,8.3,874.5,0.7,8.0,10300.0,8.76
2026-02-18 19:00:00+00:00,USGS-09380000,7.3,8.3,876.5,0.45,8.0,9770.0,8.620000000000001
2026-02-18 20:00:00+00:00,USGS-09380000,7.2,8.3,880.0,0.55,8.0,9170.0,8.46
2026-02-18 21:00:00+00:00,USGS-09380000,7.3,8.3,883.0,0.75,8.0,8790.0,8.355
2026-02-18 22:00:00+00:00,USGS-09380000,7.55,8.3,882.5,1.0,8.0,8610.0,8.305
2026-02-18 23:00:00+00:00,USGS-09380000,7.85,8.350000000000001,878.0,0.5,8.0,8525.0,8.28
2026-02-19 00:00:00+00:00,USGS-09380000,8.1,8.4,871.5,0.4,8.1,8490.0,8.27
2026-02-19 01:00:00+00:00,USGS-09380000,8.2,8.3,867.0,0.4,8.1,8665.0,8.32
2026-02-19 02:00:00+00:00,USGS-09380000,8.3,8.3,864.5,0.35,8.1,9315.0,8.5
2026-02-19 03:00:00+00:00,USGS-09380000,8.3,8.3,864.5,0.4,8.1,10300.0,8.745000000000001
2026-02-19 04:00:00+00:00,USGS-09380000,8.3,8.3,867.5,0.4,8.1,11050.0,8.94
2026-02-19 05:00:00+00:00,USGS-09380000,8.2,8.25,872.5,0.6,8.1,11500.0,9.04
2026-02-19 06:00:00+00:00,USGS-09380000,8.0,8.2,878.0,0.4,8.1,11350.0,9.015
2026-02-19 07:00:00+00:00,USGS-09380000,7.7,8.1,884.5,0.4,8.0,10700.0,8.855
2026-02-19 08:00:00+00:00,USGS-09380000,7.35,8.0,888.0,0.4,8.0,9785.0,8.625
2026-02-19 09:00:00+00:00,USGS-09380000,7.05,8.0,889.5,0.4,8.0,9095.0,8.440000000000001
2026-02-19 10:00:00+00:00,USGS-09380000,6.75,8.0,891.0,0.4,7.9,8470.0,8.265
2026-02-19 11:00:00+00:00,USGS-09380000,6.55,7.9,893.5,0.4,7.9,8105.0,8.16
2026-02-19 12:00:00+00:00,USGS-09380000,6.35,7.9,896.5,0.35,7.9,7905.0,8.1
2026-02-19 13:00:00+00:00,USGS-09380000,6.2,7.85,899.5,0.35,7.9,7800.0,8.07
2026-02-19 14:00:00+00:00,USGS-09380000,6.1,7.8,902.5,0.4,7.9,8005.0,8.129999999999999
2026-02-19 15:00:00+00:00,USGS-09380000,5.95,7.8,906.5,0.4,7.9,8895.0,8.385
2026-02-19 16:00:00+00:00,USGS-09380000,5.9,7.8,909.0,0.4,7.9,10080.0,8.7
2026-02-19 17:00:00+00:00,USGS-09380000,5.9,7.8,911.5,0.4,7.9,10600.0,8.84
2026-02-19 18:00:00+00:00,USGS-09380000,5.95,7.9,914.0,0.4,7.9,10350.0,8.774999999999999
2026-02-19 19:00:00+00:00,USGS-09380000,6.1,8.0,916.0,0.4,7.9,9770.0,8.620000000000001
2026-02-19 20:00:00+00:00,USGS-09380000,6.25,8.1,915.5,0.4,7.9,9205.0,8.469999999999999
2026-02-19 21:00:00+00:00,USGS-09380000,6.45,8.2,913.5,0.4,7.9,8845.0,8.370000000000001
2026-02-19 22:00:00+00:00,USGS-09380000,6.65,8.3,913.0,0.4,7.9,8645.0,8.315000000000001
2026-02-19 23:00:00+00:00,USGS-09380000,6.75,8.4,914.0,0.35,8.0,8470.0,8.265
2026-02-20 00:00:00+00:00,USGS-09380000,6.8,8.3,915.0,0.4,8.0,8380.0,8.24
2026-02-20 01:00:00+00:00,USGS-09380000,6.95,8.3,914.0,0.35,8.0,8610.0,8.305
2026-02-20 02:00:00+00:00,USGS-09380000,7.1,8.3,911.5,0.4,8.0,9600.0,8.575
2026-02-20 03:00:00+00:00,USGS-09380000,7.1,8.4,909.0,0.45,8.0,10650.0,8.845
2026-02-20 04:00:00+00:00,USGS-09380000,7.2,8.4,908.0,0.4,8.0,11250.0,8.995000000000001
2026-02-20 05:00:00+00:00,USGS-09380000,7.2,8.5,907.0,0.4,8.0,11550.0,9.07
2026-02-20 06:00:00+00:00,USGS-09380000,7.2,8.5,906.0,0.45,8.0,11350.0,9.02
2026-02-20 07:00:00+00:00,USGS-09380000,7.05,8.45,903.0,0.4,8.0,10700.0,8.850000000000001
2026-02-20 08:00:00+00:00,USGS-09380000,6.85,8.4,897.0,0.45,8.0,9695.0,8.600000000000001
2026-02-20 09:00:00+00:00,USGS-09380000,6.7,8.350000000000001,892.5,0.4,7.95,9005.0,8.415
2026-02-20 10:00:00+00:00,USGS-09380000,6.6,8.3,889.5,0.45,7.9,8505.0,8.274999999999999
2026-02-20 11:00:00+00:00,USGS-09380000,6.5,8.3,887.0,0.3,7.9,8105.0,8.16
2026-02-20 12:00:00+00:00,USGS-09380000,6.5,8.3,883.5,0.3,7.9,7890.0,8.094999999999999
2026-02-20 13:00:00+00:00,USGS-09380000,6.6,8.2,879.5,0.3,7.9,7770.0,8.06
2026-02-20 14:00:00+00:00,USGS-09380000,6.7,8.2,876.5,0.35,7.9,7985.0,8.125
2026-02-20 15:00:00+00:00,USGS-09380000,6.8,8.2,873.0,0.4,7.9,8860.0,8.375
2026-02-20 16:00:00+00:00,USGS-09380000,6.9,8.2,869.5,0.4,8.0,9975.0,8.67
2026-02-20 17:00:00+00:00,USGS-09380000,7.05,8.2,865.5,0.7,8.0,10550.0,8.815000000000001
2026-02-20 18:00:00+00:00,USGS-09380000,7.35,8.3,862.5,0.9,8.0,10350.0,8.76
2026-02-20 19:00:00+00:00,USGS-09380000,7.55,8.4,862.0,0.9,8.0,9755.0,8.615
2026-02-20 20:00:00+00:00,USGS-09380000,7.7,8.5,863.0,1.0,8.0,9170.0,8.46
2026-02-20 21:00:00+00:00,USGS-09380000,7.8,8.55,865.5,0.9,8.05,8735.0,8.34
2026-02-20 22:00:00+00:00,USGS-09380000,7.9,8.6,871.0,0.75,8.1,8555.0,8.29
2026-02-20 23:00:00+00:00,USGS-09380000,7.85,8.6,879.0,0.4,8.1,8435.0,8.254999999999999
2026-02-21 00:00:00+00:00,USGS-09380000,7.75,8.5,886.0,0.4,8.1,8365.0,8.235
2026-02-21 01:00:00+00:00,USGS-09380000,7.6,8.4,892.0,0.4,8.0,8555.0,8.29
2026-02-21 02:00:00+00:00,USGS-09380000,7.5,8.3,894.0,0.3,8.0,9280.0,8.49
2026-02-21 03:00:00+00:00,USGS-09380000,7.5,8.3,898.0,0.35,8.0,10250.0,8.745000000000001
2026-02-21 04:00:00+00:00,USGS-09380000,7.5,8.3,899.0,0.4,8.0,11050.0,8.934999999999999
2026-02-21 05:00:00+00:00,USGS-09380000,7.5,8.4,898.5,0.4,8.0,11450.0,9.03
2026-02-21 06:00:00+00:00,USGS-09380000,7.5,8.4,898.0,0.4,8.0,11350.0,9.015
2026-02-21 07:00:00+00:00,USGS-09380000,7.35,8.350000000000001,898.0,0.4,8.0,10700.0,8.844999999999999
2026-02-21 08:00:00+00:00,USGS-09380000,7.1,8.25,898.0,0.3,8.0,9805.0,8.629999999999999
2026-02-21 09:00:00+00:00,USGS-09380000,6.75,8.2,900.0,0.4,8.0,9040.0,8.425
2026-02-21 10:00:00+00:00,USGS-09380000,6.55,8.1,900.0,0.4,7.9,8520.0,8.280000000000001
2026-02-21 11:00:00+00:00,USGS-09380000,6.35,8.05,900.5,0.35,7.9,8105.0,8.16
2026-02-21 12:00:00+00:00,USGS-09380000,6.3,8.0,899.5,0.35,7.9,7885.0,8.094999999999999
2026-02-21 13:00:00+00:00,USGS-09380000,6.4,8.0,894.0,0.35,7.9,7770.0,8.06
2026-02-21 14:00:00+00:00,USGS-09380000,6.45,8.0,889.0,0.35,7.9,7840.0,8.08
2026-02-21 15:00:00+00:00,USGS-09380000,6.5,8.0,885.5,0.35,7.9,8385.0,8.24
2026-02-21 16:00:00+00:00,USGS-09380000,6.6,8.0,883.0,0.35,7.9,9225.0,8.475
2026-02-21 17:00:00+00:00,USGS-09380000,6.7,8.0,881.0,0.4,7.9,9540.0,8.56
2026-02-21 18:00:00+00:00,USGS-09380000,6.8,8.05,879.0,0.4,7.9,9410.0,8.524999999999999
2026-02-21 19:00:00+00:00,USGS-09380000,7.05,8.2,876.5,0.35,8.0,9060.0,8.43
2026-02-21 20:00:00+00:00,USGS-09380000,7.3,8.3,873.5,0.45,8.0,8775.0,8.35
2026-02-21 21:00:00+00:00,USGS-09380000,7.55,8.4,869.5,0.4,8.0,8555.0,8.29
2026-02-21 22:00:00+00:00,USGS-09380000,7.85,8.5,867.5,0.4,8.05,8470.0,8.265
2026-02-21 23:00:00+00:00,USGS-09380000,8.0,8.6,864.5,0.4,8.1,8400.0,8.245000000000001
2026-02-22 00:00:00+00:00,USGS-09380000,8.1,8.6,864.0,0.35,8.1,8350.0,8.23
2026-02-22 01:00:00+00:00,USGS-09380000,8.1,8.5,863.0,0.4,8.1,8400.0,8.245000000000001
2026-02-22 02:00:00+00:00,USGS-09380000,8.1,8.45,863.0,0.3,8.1,8770.0,8.35
2026-02-22 03:00:00+00:00,USGS-09380000,8.1,8.45,862.0,0.3,8.1,9565.0,8.565
2026-02-22 04:00:00+00:00,USGS-09380000,8.1,8.5,865.0,0.3,8.1,10250.0,8.74
2026-02-22 05:00:00+00:00,USGS-09380000,8.2,8.55,865.0,0.3,8.1,10600.0,8.84
2026-02-22 06:00:00+00:00,USGS-09380000,8.3,8.6,863.0,0.3,8.1,10450.0,8.795
2026-02-22 07:00:00+00:00,USGS-09380000,8.2,8.6,862.0,0.3,8.1,9905.0,8.655000000000001
2026-02-22 08:00:00+00:00,USGS-09380000,8.05,8.5,861.0,0.35,8.1,9150.0,8.455
2026-02-22 09:00:00+00:00,USGS-09380000,7.85,8.45,861.0,0.3,8.1,8560.0,8.29
2026-02-22 10:00:00+00:00,USGS-09380000,7.6,8.4,861.0,0.3,8.0,8175.0,8.18
2026-02-22 11:00:00+00:00,USGS-09380000,7.45,8.3,861.0,0.3,8.0,7920.0,8.105
2026-02-22 12:00:00+00:00,USGS-09380000,7.35,8.3,861.0,0.35,8.0,7785.0,8.065000000000001
2026-02-22 13:00:00+00:00,USGS-09380000,7.3,8.25,861.0,0.3,8.0,7700.0,8.04
2026-02-22 14:00:00+00:00,USGS-09380000,7.2,8.2,861.0,0.3,8.0,7790.0,8.065000000000001
2026-02-22 15:00:00+00:00,USGS-09380000,7.2,8.2,861.0,0.3,8.0,8260.0,8.205
2026-02-22 16:00:00+00:00,USGS-09380000,7.2,8.2,861.0,0.3,8.0,9040.0,8.425
2026-02-22 17:00:00+00:00,USGS-09380000,7.3,8.2,860.0,0.35,8.0,9320.0,8.5
2026-02-22 18:00:00+00:00,USGS-09380000,7.35,8.2,860.0,0.35,8.0,9135.0,8.45
2026-02-22 19:00:00+00:00,USGS-09380000,7.5,8.350000000000001,861.0,0.4,8.0,8860.0,8.375
2026-02-22 20:00:00+00:00,USGS-09380000,7.7,8.45,862.0,0.35,8.0,8645.0,8.315000000000001
2026-02-22 21:00:00+00:00,USGS-09380000,7.9,8.55,863.0,0.35,8.0,8490.0,8.27
2026-02-22 22:00:00+00:00,USGS-09380000,8.05,8.6,864.0,0.35,8.1,8435.0,8.254999999999999
2026-02-22 23:00:00+00:00,USGS-09380000,8.149999999999999,8.7,866.5,0.35,8.1,8380.0,8.24
2026-02-23 00:00:00+00:00,USGS-09380000,8.2,8.7,869.5,0.3,8.1,8365.0,8.235
2026-02-23 01:00:00+00:00,USGS-09380000,8.1,8.6,874.5,0.35,8.1,8555.0,8.29
2026-02-23 02:00:00+00:00,USGS-09380000,8.0,8.6,877.0,0.35,8.1,9115.0,8.445
2026-02-23 03:00:00+00:00,USGS-09380000,8.1,8.6,876.5,0.3,8.1,9675.0,8.594999999999999
2026-02-23 04:00:00+00:00,USGS-09380000,8.25,8.6,870.0,0.3,8.1,10000.0,8.684999999999999
2026-02-23 05:00:00+00:00,USGS-09380000,8.55,8.7,861.0,0.3,8.1,10200.0,8.725000000000001
2026-02-23 06:00:00+00:00,USGS-09380000,8.7,8.8,853.0,0.3,8.2,10050.0,8.69
2026-02-23 07:00:00+00:00,USGS-09380000,8.75,8.8,848.0,0.3,8.2,9545.0,8.559999999999999
2026-02-23 08:00:00+00:00,USGS-09380000,8.6,8.8,845.0,0.3,8.2,8930.0,8.395
2026-02-23 09:00:00+00:00,USGS-09380000,8.4,8.7,843.5,0.3,8.1,8415.0,8.25
2026-02-23 10:00:00+00:00,USGS-09380000,8.149999999999999,8.649999999999999,843.0,0.3,8.1,8075.0,8.15
2026-02-23 11:00:00+00:00,USGS-09380000,7.95,8.6,844.0,0.3,8.1,7855.0,8.085
2026-02-23 12:00:00+00:00,USGS-09380000,7.75,8.5,845.5,0.3,8.0,7755.0,8.055
2026-02-23 13:00:00+00:00,USGS-09380000,7.6,8.5,848.0,0.3,8.0,7685.0,8.035
2026-02-23 14:00:00+00:00,USGS-09380000,7.5,8.4,849.5,0.3,8.0,7920.0,8.105
2026-02-23 15:00:00+00:00,USGS-09380000,7.4,8.4,850.5,0.3,8.0,8845.0,8.370000000000001
2026-02-23 16:00:00+00:00,USGS-09380000,7.4,8.4,851.0,0.35,8.0,10010.0,8.685
2026-02-23 17:00:00+00:00,USGS-09380000,7.45,8.4,851.0,0.4,8.0,10600.0,8.825
2026-02-23 18:00:00+00:00,USGS-09380000,7.55,8.45,851.0,0.4,8.0,10350.0,8.77
2026-02-23 19:00:00+00:00,USGS-09380000,7.8,8.6,851.0,0.3,8.0,9750.0,8.615
2026-02-23 20:00:00+00:00,USGS-09380000,7.95,8.7,850.0,0.3,8.05,9205.0,8.47
2026-02-23 21:00:00+00:00,USGS-09380000,8.149999999999999,8.8,849.0,0.35,8.1,8845.0,8.370000000000001
2026-02-23 22:00:00+00:00,USGS-09380000,8.4,8.9,848.0,0.3,8.1,8595.0,8.3
2026-02-23 23:00:00+00:00,USGS-09380000,8.5,8.9,849.0,0.3,8.1,8450.0,8.26
2026-02-24 00:00:00+00:00,USGS-09380000,8.6,8.9,850.0,0.3,8.1,8420.0,8.25
2026-02-24 01:00:00+00:00,USGS-09380000,8.6,8.9,852.0,0.3,8.1,8625.0,8.31
2026-02-24 02:00:00+00:00,USGS-09380000,8.6,8.8,853.5,0.3,8.1,9390.0,8.52
2026-02-24 03:00:00+00:00,USGS-09380000,8.5,8.8,854.0,0.3,8.1,10350.0,8.765
2026-02-24 04:00:00+00:00,USGS-09380000,8.6,8.9,854.0,0.35,8.1,11100.0,8.95
2026-02-24 05:00:00+00:00,USGS-09380000,8.7,9.0,853.0,0.35,8.2,11450.0,9.035
2026-02-24 06:00:00+00:00,USGS-09380000,8.7,9.0,850.5,0.6,8.2,11350.0,9.01
2026-02-24 07:00:00+00:00,USGS-09380000,8.649999999999999,9.0,848.0,0.35,8.2,10700.0,8.844999999999999
2026-02-24 08:00:00+00:00,USGS-09380000,8.4,9.0,846.5,0.3,8.1,9770.0,8.620000000000001
2026-02-24 09:00:00+00:00,USGS-09380000,8.149999999999999,8.9,845.5,0.3,8.1,9095.0,8.440000000000001
2026-02-24 10:00:00+00:00,USGS-09380000,7.85,8.850000000000001,845.0,0.3,8.1,8590.0,8.3
2026-02-24 11:00:00+00:00,USGS-09380000,7.7,8.8,846.0,0.25,8.0,8275.0,8.21
2026-02-24 12:00:00+00:00,USGS-09380000,7.55,8.7,847.0,0.3,8.0,8090.0,8.155000000000001
2026-02-24 13:00:00+00:00,USGS-09380000,7.4,8.7,848.0,0.3,8.0,7970.0,8.12
2026-02-24 14:00:00+00:00,USGS-09380000,7.4,8.6,849.0,0.3,8.0,8195.0,8.185
2026-02-24 15:00:00+00:00,USGS-09380000,7.3,8.6,849.0,0.3,8.0,8935.0,8.395
2026-02-24 16:00:00+00:00,USGS-09380000,7.35,8.6,848.5,0.3,8.0,10060.0,8.7
2026-02-24 17:00:00+00:00,USGS-09380000,7.45,8.6,846.5,0.3,8.0,10600.0,8.83
2026-02-24 18:00:00+00:00,USGS-09380000,7.6,8.649999999999999,844.0,0.4,8.0,10350.0,8.774999999999999
2026-02-24 19:00:00+00:00,USGS-09380000,7.85,8.8,842.0,0.4,8.05,9865.0,8.645
2026-02-24 20:00:00+00:00,USGS-09380000,8.05,8.9,840.5,0.3,8.1,9355.0,8.51
2026-02-24 21:00:00+00:00,USGS-09380000,8.25,9.0,839.0,0.3,8.1,9060.0,8.43
2026-02-24 22:00:00+00:00,USGS-09380000,8.5,9.1,839.0,0.3,8.1,8825.0,8.364999999999998
2026-02-24 23:00:00+00:00,USGS-09380000,8.649999999999999,9.2,839.5,0.3,8.149999999999999,8700.0,8.33
2026-02-25 00:00:00+00:00,USGS-09380000,8.7,9.2,841.0,0.3,8.2,8575.0,8.295
2026-02-25 01:00:00+00:00,USGS-09380000,8.6,9.1,843.0,0.3,8.2,8770.0,8.35
2026-02-25 02:00:00+00:00,USGS-09380000,8.6,9.1,844.0,0.3,8.149999999999999,9545.0,8.559999999999999
2026-02-25 03:00:00+00:00,USGS-09380000,8.6,9.1,844.0,0.3,8.2,10500.0,8.795
2026-02-25 04:00:00+00:00,USGS-09380000,8.7,9.1,842.0,0.4,8.2,11150.0,8.969999999999999
2026-02-25 05:00:00+00:00,USGS-09380000,8.8,9.2,839.5,1.15,8.2,11500.0,9.04
2026-02-25 06:00:00+00:00,USGS-09380000,8.8,9.2,838.0,1.1,8.2,11350.0,9.015
2026-02-25 07:00:00+00:00,USGS-09380000,8.7,9.2,837.0,0.8500000000000001,8.2,10850.0,8.895
2026-02-25 08:00:00+00:00,USGS-09380000,8.45,9.1,837.0,0.75,8.1,10080.0,8.695
2026-02-25 09:00:00+00:00,USGS-09380000,8.149999999999999,9.0,837.0,0.44999999999999996,8.1,9335.0,8.504999999999999
2026-02-25 10:00:00+00:00,USGS-09380000,7.9,8.9,838.0,0.3,8.1,8770.0,8.35
2026-02-25 11:00:00+00:00,USGS-09380000,7.7,8.850000000000001,839.0,0.3,8.0,8385.0,8.24
2026-02-25 12:00:00+00:00,USGS-09380000,7.6,8.8,840.5,0.35,8.0,8175.0,8.18
2026-02-25 13:00:00+00:00,USGS-09380000,7.5,8.8,841.5,0.3,8.0,8055.0,8.145
2026-02-25 14:00:00+00:00,USGS-09380000,7.45,8.8,842.0,0.35,8.0,8280.0,8.21
2026-02-25 15:00:00+00:00,USGS-09380000,7.4,8.7,842.0,0.3,8.0,9115.0,8.445
2026-02-25 16:00:00+00:00,USGS-09380000,7.45,8.7,841.0,0.45,8.0,10200.0,8.735
2026-02-25 17:00:00+00:00,USGS-09380000,7.5,8.8,841.0,0.35,8.0,10700.0,8.86
2026-02-25 18:00:00+00:00,USGS-09380000,7.65,8.8,840.0,0.4,8.0,10500.0,8.805
2026-02-25 19:00:00+00:00,USGS-09380000,7.9,8.95,839.0,0.3,8.05,9960.0,8.675
2026-02-25 20:00:00+00:00,USGS-09380000,8.149999999999999,9.05,837.5,0.3,8.1,9485.0,8.545
2026-02-25 21:00:00+00:00,USGS-09380000,8.350000000000001,9.1,842.0,0.4,8.149999999999999,9110.0,8.47
2026-02-25 22:00:00+00:00,USGS-09380000,8.6,9.3,835.0,,8.2,8855.0,
2026-02-25 23:00:00+00:00,USGS-09380000,8.8,9.350000000000001,834.5,,8.2,8685.0,
2026-02-26 00:00:00+00:00,USGS-09380000,8.9,9.4,834.0,0.3,8.2,8590.0,8.3
2026-02-26 01:00:00+00:00,USGS-09380000,9.0,9.3,834.5,0.3,8.2,8840.0,8.370000000000001
2026-02-26 02:00:00+00:00,USGS-09380000,9.0,9.3,835.0,0.3,8.2,9565.0,8.565
2026-02-26 03:00:00+00:00,USGS-09380000,9.0,9.3,835.0,0.35,8.2,10450.0,8.79
2026-02-26 04:00:00+00:00,USGS-09380000,9.05,9.3,834.0,0.35,8.2,11100.0,8.95
2026-02-26 05:00:00+00:00,USGS-09380000,9.1,9.4,833.0,0.6,8.2,11400.0,9.03
2026-02-26 06:00:00+00:00,USGS-09380000,9.05,9.4,832.0,0.4,8.2,11250.0,9.0
2026-02-26 07:00:00+00:00,USGS-09380000,8.850000000000001,9.3,831.0,0.4,8.2,10800.0,8.879999999999999
2026-02-26 08:00:00+00:00,USGS-09380000,8.55,9.25,831.0,0.3,8.149999999999999,10010.0,8.685
2026-02-26 09:00:00+00:00,USGS-09380000,8.25,9.149999999999999,830.0,0.3,8.1,9315.0,8.5
2026-02-26 10:00:00+00:00,USGS-09380000,8.05,9.1,830.0,0.3,8.1,8755.0,8.344999999999999
2026-02-26 11:00:00+00:00,USGS-09380000,7.9,9.0,830.0,0.3,8.05,8345.0,8.23
2026-02-26 12:00:00+00:00,USGS-09380000,7.8,9.0,830.0,0.3,8.0,8125.0,8.165
2026-02-26 13:00:00+00:00,USGS-09380000,7.7,8.95,830.0,0.3,8.0,8040.0,8.14
2026-02-26 14:00:00+00:00,USGS-09380000,7.7,8.9,830.0,0.3,8.0,8310.0,8.219999999999999
2026-02-26 15:00:00+00:00,USGS-09380000,7.7,8.9,830.0,0.3,8.0,9115.0,8.445
2026-02-26 16:00:00+00:00,USGS-09380000,7.7,8.9,829.5,0.35,8.0,10100.0,8.715
2026-02-26 17:00:00+00:00,USGS-09380000,7.7,8.9,829.0,0.3,8.0,10600.0,8.83
2026-02-26 18:00:00+00:00,USGS-09380000,7.9,9.0,828.0,0.35,8.0,10450.0,8.79
2026-02-26 19:00:00+00:00,USGS-09380000,8.1,9.1,827.0,0.35,8.1,9885.0,8.65
2026-02-26 20:00:00+00:00,USGS-09380000,8.350000000000001,9.25,826.0,0.3,8.1,9295.0,8.495000000000001
2026-02-26 21:00:00+00:00,USGS-09380000,8.55,9.350000000000001,825.0,0.3,8.1,8875.0,8.379999999999999
2026-02-26 22:00:00+00:00,USGS-09380000,8.75,9.45,825.0,0.3,8.149999999999999,8665.0,8.32
2026-02-26 23:00:00+00:00,USGS-09380000,9.0,9.55,825.0,0.3,8.2,8520.0,8.28
2026-02-27 00:00:00+00:00,USGS-09380000,9.1,9.6,825.0,0.3,8.2,8555.0,8.29
2026-02-27 01:00:00+00:00,USGS-09380000,9.1,9.5,826.0,0.3,8.2,8755.0,8.344999999999999
2026-02-27 02:00:00+00:00,USGS-09380000,9.1,9.4,827.0,0.3,8.2,9390.0,8.52
2026-02-27 03:00:00+00:00,USGS-09380000,9.1,9.4,826.0,0.3,8.2,10400.0,8.785
2026-02-27 04:00:00+00:00,USGS-09380000,9.1,9.5,825.0,0.35,8.2,11100.0,8.95
2026-02-27 05:00:00+00:00,USGS-09380000,9.2,9.6,824.0,0.4,8.2,11450.0,9.045
2026-02-27 06:00:00+00:00,USGS-09380000,9.2,9.6,822.5,0.5,8.2,11450.0,9.03
2026-02-27 07:00:00+00:00,USGS-09380000,9.05,9.55,822.0,0.4,8.2,10900.0,8.91
2026-02-27 08:00:00+00:00,USGS-09380000,8.75,9.4,821.0,0.4,8.2,10250.0,8.74
2026-02-27 09:00:00+00:00,USGS-09380000,8.45,9.3,821.0,0.4,8.1,9545.0,8.559999999999999
2026-02-27 10:00:00+00:00,USGS-09380000,8.25,9.2,821.0,0.3,8.1,8950.0,8.4
2026-02-27 11:00:00+00:00,USGS-09380000,8.1,9.1,822.0,0.3,8.1,8505.0,8.274999999999999
2026-02-27 12:00:00+00:00,USGS-09380000,8.0,9.1,822.0,0.3,8.1,8225.0,8.195
2026-02-27 13:00:00+00:00,USGS-09380000,7.9,9.0,822.0,0.3,8.0,8070.0,8.15
2026-02-27 14:00:00+00:00,USGS-09380000,7.9,9.0,822.0,0.3,8.0,8280.0,8.21
2026-02-27 15:00:00+00:00,USGS-09380000,7.9,9.0,822.0,0.3,8.0,9060.0,8.43
2026-02-27 16:00:00+00:00,USGS-09380000,7.9,9.1,822.0,0.4,8.0,10080.0,8.7
2026-02-27 17:00:00+00:00,USGS-09380000,7.9,9.1,822.0,0.55,8.0,10650.0,8.844999999999999
2026-02-27 18:00:00+00:00,USGS-09380000,8.0,9.149999999999999,823.0,0.5,8.05,10700.0,8.855
2026-02-27 19:00:00+00:00,USGS-09380000,8.25,9.2,822.5,0.4,8.1,10350.0,8.765
2026-02-27 20:00:00+00:00,USGS-09380000,8.5,9.3,821.0,0.4,8.1,9750.0,8.615
2026-02-27 21:00:00+00:00,USGS-09380000,8.75,9.4,820.0,0.4,8.1,9265.0,8.485
2026-02-27 22:00:00+00:00,USGS-09380000,8.95,9.5,818.5,0.4,8.2,8935.0,8.395
2026-02-27 23:00:00+00:00,USGS-09380000,9.2,9.6,818.0,0.3,8.2,8720.0,8.335
2026-02-28 00:00:00+00:00,USGS-09380000,9.3,9.6,817.0,0.3,8.2,8630.0,8.31
2026-02-28 01:00:00+00:00,USGS-09380000,9.3,9.6,818.0,0.3,8.2,8845.0,8.370000000000001
2026-02-28 02:00:00+00:00,USGS-09380000,9.2,9.5,818.5,0.35,8.2,9410.0,8.525
2026-02-28 03:00:00+00:00,USGS-09380000,9.2,9.5,819.0,0.45,8.2,10250.0,8.74
2026-02-28 04:00:00+00:00,USGS-09380000,9.3,9.5,819.0,0.65,8.2,11000.0,8.925
2026-02-28 05:00:00+00:00,USGS-09380000,9.350000000000001,9.6,817.5,0.4,8.2,11400.0,9.024999999999999
2026-02-28 06:00:00+00:00,USGS-09380000,9.350000000000001,9.6,816.0,0.4,8.2,11300.0,9.004999999999999
2026-02-28 07:00:00+00:00,USGS-09380000,9.2,9.6,815.0,0.45,8.2,10750.0,8.870000000000001
2026-02-28 08:00:00+00:00,USGS-09380000,8.95,9.5,814.0,0.4,8.2,9905.0,8.66
2026-02-28 09:00:00+00:00,USGS-09380000,8.649999999999999,9.4,814.0,0.4,8.149999999999999,9170.0,8.46
2026-02-28 10:00:00+00:00,USGS-09380000,8.45,9.3,814.5,0.35,8.1,8610.0,8.305
2026-02-28 11:00:00+00:00,USGS-09380000,8.25,9.2,816.0,0.3,8.1,8295.0,8.215
2026-02-28 12:00:00+00:00,USGS-09380000,8.1,9.2,817.0,0.4,8.1,8070.0,8.15
2026-02-28 13:00:00+00:00,USGS-09380000,8.0,9.1,818.0,0.35,8.1,7970.0,8.12
2026-02-28 14:00:00+00:00,USGS-09380000,8.0,9.1,818.0,0.4,8.05,7920.0,8.105
2026-02-28 15:00:00+00:00,USGS-09380000,8.0,9.1,818.0,0.35,8.1,8160.0,8.175
2026-02-28 16:00:00+00:00,USGS-09380000,8.0,9.1,818.0,0.4,8.1,8825.0,8.365
2026-02-28 17:00:00+00:00,USGS-09380000,8.0,9.1,816.5,0.35,8.05,9485.0,8.545
2026-02-28 18:00:00+00:00,USGS-09380000,8.149999999999999,9.1,817.5,0.4,8.1,9660.0,8.59
2026-02-28 19:00:00+00:00,USGS-09380000,8.350000000000001,9.2,818.0,0.4,8.1,9430.0,8.53
2026-02-28 20:00:00+00:00,USGS-09380000,8.6,9.3,818.0,0.35,8.1,9095.0,8.44
2026-02-28 21:00:00+00:00,USGS-09380000,8.850000000000001,9.4,818.0,0.4,8.2,8790.0,8.355
2026-02-28 22:00:00+00:00,USGS-09380000,9.05,9.5,818.0,0.3,8.2,8590.0,8.3
2026-02-28 23:00:00+00:00,USGS-09380000,9.25,9.55,818.0,0.3,8.2,8520.0,8.28
2026-03-01 00:00:00+00:00,USGS-09380000,9.4,9.6,818.0,0.3,8.2,8450.0,8.26
2026-03-01 01:00:00+00:00,USGS-09380000,9.5,9.6,819.0,0.3,8.2,8470.0,8.265
2026-03-01 02:00:00+00:00,USGS-09380000,9.4,9.5,820.0,0.3,8.2,8700.0,8.33
2026-03-01 03:00:00+00:00,USGS-09380000,9.4,9.5,821.0,0.25,8.2,9170.0,8.46
2026-03-01 04:00:00+00:00,USGS-09380000,9.5,9.5,822.0,0.35,8.3,9675.0,8.594999999999999
2026-03-01 05:00:00+00:00,USGS-09380000,9.5,9.6,822.0,0.3,8.3,10150.0,8.725000000000001
2026-03-01 06:00:00+00:00,USGS-09380000,9.5,9.6,821.0,0.3,8.3,10500.0,8.8
2026-03-01 07:00:00+00:00,USGS-09380000,9.3,9.6,821.0,0.3,8.2,10350.0,8.76
2026-03-01 08:00:00+00:00,USGS-09380000,9.0,9.5,820.5,0.3,8.2,9755.0,8.615
2026-03-01 09:00:00+00:00,USGS-09380000,8.75,9.4,821.0,0.3,8.2,8880.0,8.379999999999999
2026-03-01 10:00:00+00:00,USGS-09380000,8.45,9.350000000000001,821.0,0.3,8.1,7885.0,8.095
2026-03-01 11:00:00+00:00,USGS-09380000,8.25,9.3,822.0,0.3,8.1,7055.0,7.84
2026-03-01 12:00:00+00:00,USGS-09380000,8.1,9.2,822.5,0.3,8.1,6470.0,7.65
2026-03-01 13:00:00+00:00,USGS-09380000,8.0,9.2,823.0,0.3,8.1,6120.0,7.529999999999999
2026-03-01 14:00:00+00:00,USGS-09380000,7.9,9.149999999999999,823.5,0.35,8.0,6195.0,7.555
2026-03-01 15:00:00+00:00,USGS-09380000,7.9,9.1,824.0,0.45,8.0,6850.0,7.775
2026-03-01 16:00:00+00:00,USGS-09380000,7.8,9.1,825.0,0.4,8.0,7640.0,8.02
2026-03-01 17:00:00+00:00,USGS-09380000,7.85,9.1,826.0,0.45,8.0,8105.0,8.16
2026-03-01 18:00:00+00:00,USGS-09380000,7.95,9.2,826.0,0.55,8.0,8365.0,8.235
2026-03-01 19:00:00+00:00,USGS-09380000,8.149999999999999,9.3,827.0,0.4,8.1,8400.0,8.245000000000001
2026-03-01 20:00:00+00:00,USGS-09380000,8.4,9.4,826.0,0.3,8.1,8350.0,8.23
2026-03-01 21:00:00+00:00,USGS-09380000,8.649999999999999,9.6,825.0,0.3,8.1,8365.0,8.235
2026-03-01 22:00:00+00:00,USGS-09380000,8.9,9.7,824.0,0.3,8.2,8295.0,8.215
2026-03-01 23:00:00+00:00,USGS-09380000,9.149999999999999,9.8,823.0,0.2,8.2,8310.0,8.22
2026-03-02 00:00:00+00:00,USGS-09380000,9.2,9.8,824.0,0.2,8.2,8310.0,8.22
2026-03-02 01:00:00+00:00,USGS-09380000,9.25,9.75,825.0,0.25,8.2,8365.0,8.235
2026-03-02 02:00:00+00:00,USGS-09380000,9.2,9.7,826.5,0.2,8.2,8525.0,8.28
2026-03-02 03:00:00+00:00,USGS-09380000,9.2,9.7,828.0,0.2,8.2,8645.0,8.315000000000001
2026-03-02 04:00:00+00:00,USGS-09380000,9.2,9.7,828.0,0.2,8.2,8755.0,8.344999999999999
2026-03-02 05:00:00+00:00,USGS-09380000,9.2,9.7,828.0,0.2,8.2,8770.0,8.35
2026-03-02 06:00:00+00:00,USGS-09380000,9.2,9.8,828.0,0.2,8.2,8700.0,8.33
2026-03-02 07:00:00+00:00,USGS-09380000,9.2,9.8,828.0,0.2,8.2,8415.0,8.25
2026-03-02 08:00:00+00:00,USGS-09380000,9.0,9.7,829.0,0.2,8.2,7955.0,8.115
2026-03-02 09:00:00+00:00,USGS-09380000,8.8,9.6,829.0,0.2,8.2,7275.0,7.91
2026-03-02 10:00:00+00:00,USGS-09380000,8.55,9.55,830.0,0.2,8.1,6680.0,7.720000000000001
2026-03-02 11:00:00+00:00,USGS-09380000,8.3,9.4,831.0,0.3,8.1,6280.0,7.585
2026-03-02 12:00:00+00:00,USGS-09380000,8.1,9.350000000000001,832.5,0.3,8.1,6005.0,7.49
2026-03-02 13:00:00+00:00,USGS-09380000,7.9,9.3,833.5,0.35,8.0,5845.0,7.4350000000000005
2026-03-02 14:00:00+00:00,USGS-09380000,7.8,9.2,835.0,0.35,8.0,6020.0,7.494999999999999
2026-03-02 15:00:00+00:00,USGS-09380000,7.7,9.2,835.5,0.4,8.0,6805.0,7.76
2026-03-02 16:00:00+00:00,USGS-09380000,7.7,9.149999999999999,836.0,0.3,8.0,7585.0,8.004999999999999
2026-03-02 17:00:00+00:00,USGS-09380000,7.65,9.149999999999999,836.0,0.3,8.0,8070.0,8.15
2026-03-02 18:00:00+00:00,USGS-09380000,7.8,9.2,836.0,0.3,8.0,8310.0,8.22
2026-03-02 19:00:00+00:00,USGS-09380000,8.05,9.2,835.5,0.3,8.1,8380.0,8.24
2026-03-02 20:00:00+00:00,USGS-09380000,8.350000000000001,9.350000000000001,834.0,0.3,8.1,8380.0,8.24
2026-03-02 21:00:00+00:00,USGS-09380000,8.649999999999999,9.4,832.0,0.35,8.1,8365.0,8.235
2026-03-02 22:00:00+00:00,USGS-09380000,8.850000000000001,9.5,831.5,0.6000000000000001,8.2,8310.0,8.22
2026-03-02 23:00:00+00:00,USGS-09380000,9.05,9.6,831.0,0.6,8.2,8330.0,8.225000000000001
2026-03-03 00:00:00+00:00,USGS-09380000,9.3,9.649999999999999,831.0,0.4,8.2,8280.0,8.21
2026-03-03 01:00:00+00:00,USGS-09380000,9.5,9.7,832.0,0.45,8.25,8310.0,8.22
2026-03-03 02:00:00+00:00,USGS-09380000,9.6,9.7,833.5,0.6499999999999999,8.3,8400.0,8.245000000000001
2026-03-03 03:00:00+00:00,USGS-09380000,9.6,9.6,834.0,0.4,8.3,8575.0,8.295
2026-03-03 04:00:00+00:00,USGS-09380000,9.5,9.6,835.0,0.3,8.3,8645.0,8.315000000000001
2026-03-03 05:00:00+00:00,USGS-09380000,9.5,9.6,835.0,0.25,8.3,8790.0,8.355
2026-03-03 06:00:00+00:00,USGS-09380000,9.5,9.7,835.0,0.25,8.3,8775.0,8.35
2026-03-03 07:00:00+00:00,USGS-09380000,9.4,9.6,835.0,0.25,8.3,8630.0,8.31
2026-03-03 08:00:00+00:00,USGS-09380000,9.149999999999999,9.6,835.0,0.25,8.2,8155.0,8.175
2026-03-03 09:00:00+00:00,USGS-09380000,8.9,9.5,836.0,0.3,8.2,7470.0,7.970000000000001
2026-03-03 10:00:00+00:00,USGS-09380000,8.649999999999999,9.4,836.0,0.2,8.149999999999999,6775.0,7.75
2026-03-03 11:00:00+00:00,USGS-09380000,8.4,9.350000000000001,837.5,0.3,8.1,6305.0,7.595000000000001
2026-03-03 12:00:00+00:00,USGS-09380000,8.149999999999999,9.25,839.0,0.3,8.1,6045.0,7.505
2026-03-03 13:00:00+00:00,USGS-09380000,7.95,9.2,840.0,0.3,8.1,5890.0,7.45
2026-03-03 14:00:00+00:00,USGS-09380000,7.8,9.1,841.5,0.3,8.0,6035.0,7.5
2026-03-03 15:00:00+00:00,USGS-09380000,7.7,9.1,842.5,0.3,8.0,6730.0,7.734999999999999
2026-03-03 16:00:00+00:00,USGS-09380000,7.55,9.0,844.0,0.3,8.0,7520.0,7.984999999999999
2026-03-03 17:00:00+00:00,USGS-09380000,7.5,9.0,846.0,0.25,8.0,8105.0,8.16
2026-03-03 18:00:00+00:00,USGS-09380000,7.5,9.1,848.0,0.35,8.0,8365.0,8.235
2026-03-03 19:00:00+00:00,USGS-09380000,7.65,9.2,849.0,0.3,8.0,8450.0,8.26
2026-03-03 20:00:00+00:00,USGS-09380000,7.9,9.25,850.0,0.35,8.0,8450.0,8.26
2026-03-03 21:00:00+00:00,USGS-09380000,8.1,9.350000000000001,852.0,0.2,8.1,8400.0,8.245000000000001
2026-03-03 22:00:00+00:00,USGS-09380000,8.3,9.4,854.0,0.2,8.1,8380.0,8.24
2026-03-03 23:00:00+00:00,USGS-09380000,8.55,9.5,854.0,0.3,8.1,8330.0,8.225000000000001
2026-03-04 00:00:00+00:00,USGS-09380000,8.7,9.5,852.5,0.25,8.1,8350.0,8.23
2026-03-04 01:00:00+00:00,USGS-09380000,8.7,9.4,850.5,0.2,8.1,8400.0,8.245000000000001
2026-03-04 02:00:00+00:00,USGS-09380000,8.8,9.4,849.0,0.2,8.2,8555.0,8.29
2026-03-04 03:00:00+00:00,USGS-09380000,8.8,9.4,848.0,0.2,8.2,8740.0,8.34
2026-03-04 04:00:00+00:00,USGS-09380000,8.8,9.4,847.0,0.2,8.2,8825.0,8.364999999999998
2026-03-04 05:00:00+00:00,USGS-09380000,8.9,9.4,846.0,0.2,8.2,8895.0,8.385000000000002
2026-03-04 06:00:00+00:00,USGS-09380000,8.9,9.4,845.0,0.2,8.2,8910.0,8.39
2026-03-04 07:00:00+00:00,USGS-09380000,8.9,9.4,845.0,0.2,8.2,8805.0,8.36
2026-03-04 08:00:00+00:00,USGS-09380000,8.7,9.350000000000001,845.0,0.2,8.2,8330.0,8.225
2026-03-04 09:00:00+00:00,USGS-09380000,8.45,9.25,844.0,0.2,8.1,7570.0,8.0
2026-03-04 10:00:00+00:00,USGS-09380000,8.25,9.2,843.0,0.2,8.1,6900.0,7.789999999999999
2026-03-04 11:00:00+00:00,USGS-09380000,8.1,9.1,841.5,0.2,8.1,6425.0,7.635
2026-03-04 12:00:00+00:00,USGS-09380000,7.9,9.05,841.0,0.2,8.1,6105.0,7.525
2026-03-04 13:00:00+00:00,USGS-09380000,7.8,9.0,840.0,0.2,8.0,5935.0,7.465
2026-03-04 14:00:00+00:00,USGS-09380000,7.7,9.0,840.0,0.3,8.0,6120.0,7.529999999999999
2026-03-04 15:00:00+00:00,USGS-09380000,7.6,8.9,840.0,0.35,8.0,6850.0,7.775
2026-03-04 16:00:00+00:00,USGS-09380000,7.6,8.9,840.0,0.3,8.0,7600.0,8.01
2026-03-04 17:00:00+00:00,USGS-09380000,7.6,8.9,841.0,0.3,8.0,8160.0,8.175
2026-03-04 18:00:00+00:00,USGS-09380000,7.65,8.95,842.0,0.25,8.0,8450.0,8.26
2026-03-04 19:00:00+00:00,USGS-09380000,7.85,9.1,843.5,0.2,8.0,8520.0,8.28
2026-03-04 20:00:00+00:00,USGS-09380000,8.05,9.2,845.0,0.25,8.1,8450.0,8.26
2026-03-04 21:00:00+00:00,USGS-09380000,8.25,9.3,847.0,0.25,8.1,8400.0,8.245000000000001
2026-03-04 22:00:00+00:00,USGS-09380000,8.45,9.4,849.0,0.2,8.1,8380.0,8.24
2026-03-04 23:00:00+00:00,USGS-09380000,8.649999999999999,9.5,850.0,0.2,8.1,8350.0,8.23
2026-03-05 00:00:00+00:00,USGS-09380000,8.8,9.5,851.0,0.2,8.2,8350.0,8.23
2026-03-05 01:00:00+00:00,USGS-09380000,8.8,9.5,852.0,0.2,8.149999999999999,8420.0,8.25
2026-03-05 02:00:00+00:00,USGS-09380000,8.7,9.4,853.0,0.2,8.2,8595.0,8.3
2026-03-05 03:00:00+00:00,USGS-09380000,8.7,9.4,853.0,0.2,8.2,8825.0,8.364999999999998
2026-03-05 04:00:00+00:00,USGS-09380000,8.75,9.4,853.0,0.2,8.2,8910.0,8.39
2026-03-05 05:00:00+00:00,USGS-09380000,8.8,9.5,852.0,0.2,8.2,8930.0,8.395
2026-03-05 06:00:00+00:00,USGS-09380000,8.9,9.6,850.0,0.2,8.2,8910.0,8.39
2026-03-05 07:00:00+00:00,USGS-09380000,8.9,9.6,848.0,0.2,8.2,8790.0,8.355
2026-03-05 08:00:00+00:00,USGS-09380000,8.75,9.6,847.0,0.2,8.2,8310.0,8.219999999999999
2026-03-05 09:00:00+00:00,USGS-09380000,8.5,9.5,846.0,0.2,8.1,7570.0,8.0
2026-03-05 10:00:00+00:00,USGS-09380000,8.25,9.4,845.0,0.2,8.1,6915.0,7.795
2026-03-05 11:00:00+00:00,USGS-09380000,8.05,9.3,845.0,0.2,8.1,6410.0,7.630000000000001
2026-03-05 12:00:00+00:00,USGS-09380000,7.9,9.2,844.0,0.2,8.1,6075.0,7.515
2026-03-05 13:00:00+00:00,USGS-09380000,7.8,9.2,843.0,0.2,8.0,5920.0,7.46
2026-03-05 14:00:00+00:00,USGS-09380000,7.7,9.1,842.0,0.3,8.0,6090.0,7.52
2026-03-05 15:00:00+00:00,USGS-09380000,7.6,9.1,840.5,0.2,8.0,6850.0,7.775
2026-03-05 16:00:00+00:00,USGS-09380000,7.6,9.1,839.5,0.25,8.0,7605.0,8.01
2026-03-05 17:00:00+00:00,USGS-09380000,7.65,9.1,838.5,0.4,8.0,7970.0,8.120000000000001
2026-03-05 18:00:00+00:00,USGS-09380000,7.8,9.2,838.0,0.35,8.0,8225.0,8.195
2026-03-05 19:00:00+00:00,USGS-09380000,8.05,9.3,837.5,0.35,8.05,8315.0,8.22
2026-03-05 20:00:00+00:00,USGS-09380000,8.350000000000001,9.4,836.0,0.3,8.1,8365.0,8.235
2026-03-05 21:00:00+00:00,USGS-09380000,8.6,9.5,836.0,0.25,8.1,8365.0,8.235
2026-03-05 22:00:00+00:00,USGS-09380000,8.850000000000001,9.6,836.0,0.5,8.149999999999999,8190.0,8.184999999999999
2026-03-05 23:00:00+00:00,USGS-09380000,9.1,9.6,837.0,0.35,8.2,8210.0,8.19
2026-03-06 00:00:00+00:00,USGS-09380000,9.2,9.6,838.5,0.35,8.2,8280.0,8.21
2026-03-06 01:00:00+00:00,USGS-09380000,9.2,9.5,841.0,0.2,8.2,8295.0,8.215
2026-03-06 02:00:00+00:00,USGS-09380000,9.3,9.45,843.5,0.2,8.2,8365.0,8.235
2026-03-06 03:00:00+00:00,USGS-09380000,9.3,9.4,845.5,0.3,8.2,8575.0,8.295
2026-03-06 04:00:00+00:00,USGS-09380000,9.4,9.4,846.0,0.2,8.2,8660.0,8.32
2026-03-06 05:00:00+00:00,USGS-09380000,9.4,9.45,845.5,0.2,8.25,8825.0,8.364999999999998
2026-03-06 06:00:00+00:00,USGS-09380000,9.4,9.5,843.5,0.2,8.3,8810.0,8.36
2026-03-06 07:00:00+00:00,USGS-09380000,9.350000000000001,9.6,841.0,0.2,8.3,8665.0,8.32
2026-03-06 08:00:00+00:00,USGS-09380000,9.149999999999999,9.5,841.0,0.2,8.2,8310.0,8.219999999999999
2026-03-06 09:00:00+00:00,USGS-09380000,8.850000000000001,9.45,843.5,0.2,8.2,7555.0,7.994999999999999
2026-03-06 10:00:00+00:00,USGS-09380000,8.45,9.3,847.0,0.2,8.1,6915.0,7.795
2026-03-06 11:00:00+00:00,USGS-09380000,8.149999999999999,9.149999999999999,850.5,0.3,8.1,6395.0,7.625
2026-03-06 12:00:00+00:00,USGS-09380000,7.9,9.0,853.0,0.25,8.05,6105.0,7.525
2026-03-06 13:00:00+00:00,USGS-09380000,7.7,8.9,854.5,0.3,8.0,5905.0,7.455
2026-03-06 14:00:00+00:00,USGS-09380000,7.6,8.8,856.0,0.3,8.0,6105.0,7.525
2026-03-06 15:00:00+00:00,USGS-09380000,7.5,8.8,856.0,0.3,8.0,6805.0,7.76
2026-03-06 16:00:00+00:00,USGS-09380000,7.5,8.8,856.0,0.3,8.0,7585.0,8.004999999999999
2026-03-06 17:00:00+00:00,USGS-09380000,7.5,8.8,853.0,0.3,8.0,8195.0,8.185
2026-03-06 18:00:00+00:00,USGS-09380000,7.65,8.850000000000001,850.0,0.3,8.0,8470.0,8.265
2026-03-06 19:00:00+00:00,USGS-09380000,7.9,9.0,848.5,0.35,8.0,8520.0,8.28
2026-03-06 20:00:00+00:00,USGS-09380000,8.1,9.05,848.0,,8.1,8450.0,8.26
2026-03-06 21:00:00+00:00,USGS-09380000,8.350000000000001,9.1,849.0,,8.1,8365.0,8.235
2026-03-06 22:00:00+00:00,USGS-09380000,8.6,9.2,848.5,,8.1,8400.0,8.245000000000001
2026-03-06 23:00:00+00:00,USGS-09380000,8.850000000000001,9.2,848.0,,8.149999999999999,8400.0,8.245000000000001
2026-03-07 00:00:00+00:00,USGS-09380000,9.0,9.2,848.0,,8.2,8365.0,8.235
2026-03-07 01:00:00+00:00,USGS-09380000,9.0,9.2,849.5,,8.2,8350.0,8.23
2026-03-07 02:00:00+00:00,USGS-09380000,8.9,9.1,851.5,,8.2,8505.0,8.274999999999999
2026-03-07 03:00:00+00:00,USGS-09380000,8.9,9.1,853.0,,8.2,8645.0,8.315000000000001
2026-03-07 04:00:00+00:00,USGS-09380000,8.9,9.1,853.0,,8.2,8825.0,8.364999999999998
2026-03-07 05:00:00+00:00,USGS-09380000,9.0,9.149999999999999,849.0,,8.2,8840.0,8.37
2026-03-07 06:00:00+00:00,USGS-09380000,9.1,9.2,844.5,,8.2,8845.0,8.370000000000001
2026-03-07 07:00:00+00:00,USGS-09380000,9.1,9.2,840.0,,8.2,8770.0,8.35
2026-03-07 08:00:00+00:00,USGS-09380000,9.0,9.2,838.0,,8.2,8315.0,8.219999999999999
2026-03-07 09:00:00+00:00,USGS-09380000,8.75,9.1,836.5,,8.2,7655.0,8.025
2026-03-07 10:00:00+00:00,USGS-09380000,8.5,9.05,836.0,,8.1,6980.0,7.8149999999999995
2026-03-07 11:00:00+00:00,USGS-09380000,8.3,9.0,836.0,,8.1,6440.0,7.640000000000001
2026-03-07 12:00:00+00:00,USGS-09380000,8.1,8.95,837.0,,8.1,6120.0,7.529999999999999
2026-03-07 13:00:00+00:00,USGS-09380000,7.95,8.9,838.0,,8.1,5950.0,7.470000000000001
2026-03-07 14:00:00+00:00,USGS-09380000,7.8,8.8,839.5,,8.0,6090.0,7.52
2026-03-07 15:00:00+00:00,USGS-09380000,7.7,8.8,841.0,,8.0,6820.0,7.765000000000001
2026-03-07 16:00:00+00:00,USGS-09380000,7.65,8.8,843.0,,8.0,7620.0,8.015
2026-03-07 17:00:00+00:00,USGS-09380000,7.6,8.8,845.0,,8.0,8140.0,8.17
2026-03-07 18:00:00+00:00,USGS-09380000,7.7,8.8,846.0,,8.0,8415.0,8.25
2026-03-07 19:00:00+00:00,USGS-09380000,7.95,8.95,847.0,,8.0,8455.0,8.26
2026-03-07 20:00:00+00:00,USGS-09380000,8.2,9.1,846.5,,8.1,8400.0,8.245000000000001
2026-03-07 21:00:00+00:00,USGS-09380000,8.45,9.2,845.5,,8.1,8380.0,8.24
2026-03-07 22:00:00+00:00,USGS-09380000,8.850000000000001,9.4,843.5,,8.1,8380.0,8.24
2026-03-07 23:00:00+00:00,USGS-09380000,9.149999999999999,9.5,841.5,,8.2,8365.0,8.235
2026-03-08 00:00:00+00:00,USGS-09380000,9.3,9.5,839.0,,8.2,8365.0,8.235
2026-03-08 01:00:00+00:00,USGS-09380000,9.4,9.5,837.0,,8.2,8400.0,8.245000000000001
2026-03-08 02:00:00+00:00,USGS-09380000,9.4,9.5,836.0,,8.2,8560.0,8.29
2026-03-08 03:00:00+00:00,USGS-09380000,9.4,9.5,837.0,,8.2,8720.0,8.335
2026-03-08 04:00:00+00:00,USGS-09380000,9.4,9.5,838.0,,8.2,8825.0,8.364999999999998
2026-03-08 05:00:00+00:00,USGS-09380000,9.4,9.5,838.0,,8.2,8880.0,8.38
2026-03-08 06:00:00+00:00,USGS-09380000,9.5,9.6,836.5,,8.25,8755.0,8.344999999999999
2026-03-08 07:00:00+00:00,USGS-09380000,9.5,9.6,833.5,,8.3,8525.0,8.28
2026-03-08 08:00:00+00:00,USGS-09380000,9.350000000000001,9.5,831.5,,8.2,8055.0,8.145
2026-03-08 09:00:00+00:00,USGS-09380000,9.149999999999999,9.5,831.0,,8.2,7390.0,7.945
2026-03-08 10:00:00+00:00,USGS-09380000,8.9,9.4,830.5,,8.2,6790.0,7.755000000000001
2026-03-08 11:00:00+00:00,USGS-09380000,8.649999999999999,9.4,830.0,,8.1,6350.0,7.609999999999999
2026-03-08 12:00:00+00:00,USGS-09380000,8.5,9.3,830.0,,8.1,6060.0,7.51
2026-03-08 13:00:00+00:00,USGS-09380000,8.3,9.3,830.0,,8.1,5905.0,7.455
2026-03-08 14:00:00+00:00,USGS-09380000,8.2,9.2,830.0,,8.1,6075.0,7.515000000000001
2026-03-08 15:00:00+00:00,USGS-09380000,8.1,9.2,830.0,,8.1,6820.0,7.765000000000001
2026-03-08 16:00:00+00:00,USGS-09380000,8.1,9.2,831.0,,8.1,7655.0,8.025
2026-03-08 17:00:00+00:00,USGS-09380000,8.1,9.2,831.5,,8.1,8225.0,8.195
2026-03-08 18:00:00+00:00,USGS-09380000,8.2,9.3,832.0,,8.1,8490.0,8.27
2026-03-08 19:00:00+00:00,USGS-09380000,8.45,9.5,831.0,,8.1,8520.0,8.28
2026-03-08 20:00:00+00:00,USGS-09380000,8.7,9.6,830.5,,8.1,8490.0,8.27
2026-03-08 21:00:00+00:00,USGS-09380000,8.95,9.75,830.0,,8.2,8380.0,8.24
2026-03-08 22:00:00+00:00,USGS-09380000,9.25,9.9,829.0,,8.2,8380.0,8.24
2026-03-08 23:00:00+00:00,USGS-09380000,9.5,10.0,830.0,,8.2,8350.0,8.23
2026-03-09 00:00:00+00:00,USGS-09380000,9.6,10.0,831.0,,8.3,8310.0,8.22
2026-03-09 01:00:00+00:00,USGS-09380000,9.6,9.95,832.0,,8.3,8310.0,8.22
2026-03-09 02:00:00+00:00,USGS-09380000,9.5,9.9,833.0,,8.3,8400.0,8.245000000000001
2026-03-09 03:00:00+00:00,USGS-09380000,9.5,9.9,834.0,,8.3,8575.0,8.295
2026-03-09 04:00:00+00:00,USGS-09380000,9.5,9.9,833.0,,8.3,8735.0,8.34
2026-03-09 05:00:00+00:00,USGS-09380000,9.6,9.9,832.0,,8.3,8880.0,8.38
2026-03-09 06:00:00+00:00,USGS-09380000,9.6,10.0,832.0,,8.3,8805.0,8.36
2026-03-09 07:00:00+00:00,USGS-09380000,9.5,9.9,832.5,,8.3,8540.0,8.285
2026-03-09 08:00:00+00:00,USGS-09380000,9.3,9.850000000000001,833.5,,8.25,8055.0,8.145
2026-03-09 09:00:00+00:00,USGS-09380000,8.95,9.75,835.5,,8.2,7375.0,7.9399999999999995
2026-03-09 10:00:00+00:00,USGS-09380000,8.649999999999999,9.6,837.5,,8.2,6775.0,7.75
2026-03-09 11:00:00+00:00,USGS-09380000,8.350000000000001,9.5,839.0,,8.1,6350.0,7.609999999999999
2026-03-09 12:00:00+00:00,USGS-09380000,8.149999999999999,9.4,839.5,,8.1,6075.0,7.515
2026-03-09 13:00:00+00:00,USGS-09380000,8.0,9.3,840.0,,8.1,5935.0,7.465
2026-03-09 14:00:00+00:00,USGS-09380000,7.85,9.2,839.0,,8.0,6090.0,7.52
2026-03-09 15:00:00+00:00,USGS-09380000,7.8,9.1,837.5,,8.0,6885.0,7.785
2026-03-09 16:00:00+00:00,USGS-09380000,7.8,9.1,836.0,,8.0,7720.0,8.045
2026-03-09 17:00:00+00:00,USGS-09380000,7.9,9.1,834.0,,8.0,8315.0,8.22
2026-03-09 18:00:00+00:00,USGS-09380000,8.05,9.2,831.5,,8.0,8575.0,8.295
2026-03-09 19:00:00+00:00,USGS-09380000,8.3,9.4,830.0,,8.1,8590.0,8.3
2026-03-09 20:00:00+00:00,USGS-09380000,8.649999999999999,9.5,829.0,0.2,8.1,8560.0,8.29
2026-03-09 21:00:00+00:00,USGS-09380000,8.9,9.7,829.0,0.2,8.2,8490.0,8.27
2026-03-09 22:00:00+00:00,USGS-09380000,9.149999999999999,9.8,829.0,0.3,8.2,8435.0,8.254999999999999
2026-03-09 23:00:00+00:00,USGS-09380000,9.4,9.95,830.0,0.3,8.2,8380.0,8.24
2026-03-10 00:00:00+00:00,USGS-09380000,9.5,10.0,831.0,0.3,8.3,8380.0,8.24
2026-03-10 01:00:00+00:00,USGS-09380000,9.5,9.9,832.5,0.3,8.3,8415.0,8.25
2026-03-10 02:00:00+00:00,USGS-09380000,9.5,9.9,834.0,0.3,8.3,8575.0,8.295
2026-03-10 03:00:00+00:00,USGS-09380000,9.5,9.9,835.0,0.3,8.3,8755.0,8.344999999999999
2026-03-10 04:00:00+00:00,USGS-09380000,9.5,9.9,836.0,0.3,8.3,8845.0,8.370000000000001
2026-03-10 05:00:00+00:00,USGS-09380000,9.5,9.9,836.0,0.3,8.3,8910.0,8.39
2026-03-10 06:00:00+00:00,USGS-09380000,9.5,10.0,836.0,0.25,8.3,8990.0,8.41
2026-03-10 07:00:00+00:00,USGS-09380000,9.4,9.95,837.0,0.3,8.3,8860.0,8.375
2026-03-10 08:00:00+00:00,USGS-09380000,9.149999999999999,9.9,837.0,0.25,8.2,8380.0,8.24
2026-03-10 09:00:00+00:00,USGS-09380000,8.9,9.8,837.0,0.25,8.2,7655.0,8.025
2026-03-10 10:00:00+00:00,USGS-09380000,8.649999999999999,9.649999999999999,837.0,0.3,8.149999999999999,6960.0,7.8100000000000005
2026-03-10 11:00:00+00:00,USGS-09380000,8.350000000000001,9.6,837.0,0.25,8.1,6515.0,7.665
2026-03-10 12:00:00+00:00,USGS-09380000,8.149999999999999,9.5,837.0,0.25,8.1,6195.0,7.555
2026-03-10 13:00:00+00:00,USGS-09380000,8.0,9.4,836.0,0.2,8.1,6045.0,7.505
2026-03-10 14:00:00+00:00,USGS-09380000,7.9,9.4,836.0,0.2,8.05,6205.0,7.5600000000000005
2026-03-10 15:00:00+00:00,USGS-09380000,7.8,9.3,835.5,0.25,8.0,6915.0,7.795
2026-03-10 16:00:00+00:00,USGS-09380000,7.8,9.3,835.0,0.2,8.0,7720.0,8.045
2026-03-10 17:00:00+00:00,USGS-09380000,7.8,9.4,834.0,0.3,8.0,8280.0,8.21
2026-03-10 18:00:00+00:00,USGS-09380000,7.95,9.45,833.0,0.25,8.0,8505.0,8.274999999999999
2026-03-10 19:00:00+00:00,USGS-09380000,8.3,9.6,831.5,0.25,8.1,8575.0,8.295
2026-03-10 20:00:00+00:00,USGS-09380000,8.6,9.75,829.5,0.3,8.1,8520.0,8.28
2026-03-10 21:00:00+00:00,USGS-09380000,8.850000000000001,9.850000000000001,829.0,0.3,8.149999999999999,8435.0,8.254999999999999
2026-03-10 22:00:00+00:00,USGS-09380000,9.149999999999999,10.0,828.5,0.3,8.2,8380.0,8.24
2026-03-10 23:00:00+00:00,USGS-09380000,9.45,10.1,828.5,0.3,8.2,8380.0,8.24
2026-03-11 00:00:00+00:00,USGS-09380000,9.6,10.1,830.0,0.3,8.3,8380.0,8.24
2026-03-11 01:00:00+00:00,USGS-09380000,9.7,10.1,832.0,0.3,8.3,8420.0,8.25
2026-03-11 02:00:00+00:00,USGS-09380000,9.7,10.1,832.0,0.3,8.3,8525.0,8.28
2026-03-11 03:00:00+00:00,USGS-09380000,9.8,10.1,832.0,0.3,8.3,8680.0,8.325
2026-03-11 04:00:00+00:00,USGS-09380000,9.8,10.1,832.0,0.3,8.3,8860.0,8.375
2026-03-11 05:00:00+00:00,USGS-09380000,9.8,10.2,832.0,0.3,8.3,8930.0,8.395
2026-03-11 06:00:00+00:00,USGS-09380000,9.7,10.2,831.0,0.3,8.3,8860.0,8.375
2026-03-11 07:00:00+00:00,USGS-09380000,9.649999999999999,10.2,831.0,0.3,8.3,8645.0,8.315000000000001
2026-03-11 08:00:00+00:00,USGS-09380000,9.45,10.1,831.0,0.25,8.3,8450.0,8.26
2026-03-11 09:00:00+00:00,USGS-09380000,9.2,10.0,830.5,0.3,8.2,8040.0,8.14
2026-03-11 10:00:00+00:00,USGS-09380000,8.95,9.95,830.0,0.25,8.2,7295.0,7.915
2026-03-11 11:00:00+00:00,USGS-09380000,8.649999999999999,9.9,830.0,0.3,8.2,6805.0,7.76
2026-03-11 12:00:00+00:00,USGS-09380000,8.5,9.8,830.5,0.2,8.1,6280.0,7.585
2026-03-11 13:00:00+00:00,USGS-09380000,8.350000000000001,9.8,831.5,0.3,8.1,6150.0,7.54
2026-03-11 14:00:00+00:00,USGS-09380000,8.2,9.7,833.0,0.25,8.1,6235.0,7.57
2026-03-11 15:00:00+00:00,USGS-09380000,8.1,9.7,834.0,0.3,8.1,6840.0,7.77
2026-03-11 16:00:00+00:00,USGS-09380000,8.0,9.6,835.5,0.3,8.05,7650.0,8.024999999999999
2026-03-11 17:00:00+00:00,USGS-09380000,8.0,9.6,837.5,0.2,8.0,8195.0,8.185
2026-03-11 18:00:00+00:00,USGS-09380000,8.05,9.6,838.5,0.3,8.05,8450.0,8.26
2026-03-11 19:00:00+00:00,USGS-09380000,8.25,9.7,840.0,0.3,8.1,8540.0,8.285
2026-03-11 20:00:00+00:00,USGS-09380000,8.5,9.8,841.0,0.25,8.1,8505.0,8.274999999999999
2026-03-11 21:00:00+00:00,USGS-09380000,8.7,9.850000000000001,841.5,0.3,8.1,8490.0,8.27
2026-03-11 22:00:00+00:00,USGS-09380000,8.95,9.9,842.0,0.3,8.2,8505.0,8.274999999999999
2026-03-11 23:00:00+00:00,USGS-09380000,9.2,10.0,842.0,0.3,8.2,8450.0,8.26
2026-03-12 00:00:00+00:00,USGS-09380000,9.4,10.0,840.0,0.2,8.2,8450.0,8.26
2026-03-12 01:00:00+00:00,USGS-09380000,9.5,9.9,838.5,0.3,8.2,8450.0,8.26
2026-03-12 02:00:00+00:00,USGS-09380000,9.5,9.9,835.5,0.3,8.25,8755.0,8.344999999999999
2026-03-12 03:00:00+00:00,USGS-09380000,9.6,9.9,833.5,0.25,8.3,9025.0,8.42
2026-03-12 04:00:00+00:00,USGS-09380000,9.6,9.9,833.0,0.3,8.3,9280.0,8.49
2026-03-12 05:00:00+00:00,USGS-09380000,9.6,9.9,832.0,0.3,8.3,9210.0,8.47
2026-03-12 06:00:00+00:00,USGS-09380000,9.6,10.0,831.0,0.3,8.3,9080.0,8.434999999999999
2026-03-12 07:00:00+00:00,USGS-09380000,9.55,10.0,830.0,0.3,8.3,8860.0,8.375
2026-03-12 08:00:00+00:00,USGS-09380000,9.350000000000001,9.9,829.0,0.3,8.25,8210.0,8.190000000000001
2026-03-12 09:00:00+00:00,USGS-09380000,9.05,9.8,828.0,0.3,8.2,7345.0,7.93
2026-03-12 10:00:00+00:00,USGS-09380000,8.75,9.649999999999999,829.0,0.25,8.2,6715.0,7.73
2026-03-12 11:00:00+00:00,USGS-09380000,8.55,9.6,829.5,0.3,8.1,6265.0,7.58
2026-03-12 12:00:00+00:00,USGS-09380000,8.3,9.45,830.5,0.3,8.1,5990.0,7.485
2026-03-12 13:00:00+00:00,USGS-09380000,8.1,9.4,832.0,0.3,8.1,5860.0,7.44
2026-03-12 14:00:00+00:00,USGS-09380000,7.95,9.3,833.0,0.25,8.05,6075.0,7.515000000000001
2026-03-12 15:00:00+00:00,USGS-09380000,7.85,9.3,833.5,0.25,8.0,6850.0,7.775
2026-03-12 16:00:00+00:00,USGS-09380000,7.8,9.2,835.0,0.2,8.0,7670.0,8.030000000000001
2026-03-12 17:00:00+00:00,USGS-09380000,7.7,9.2,837.0,0.25,8.0,8280.0,8.21
2026-03-12 18:00:00+00:00,USGS-09380000,7.8,9.25,839.0,0.25,8.0,8590.0,8.3
2026-03-12 19:00:00+00:00,USGS-09380000,8.0,9.350000000000001,841.5,0.3,8.05,8610.0,8.305
2026-03-12 20:00:00+00:00,USGS-09380000,8.25,9.45,843.0,,8.1,8540.0,8.285
2026-03-12 21:00:00+00:00,USGS-09380000,8.55,9.6,843.5,,8.1,8490.0,8.27
2026-03-12 22:00:00+00:00,USGS-09380000,8.850000000000001,9.8,843.0,,8.1,8470.0,8.265
2026-03-12 23:00:00+00:00,USGS-09380000,9.149999999999999,9.9,841.0,,8.2,8420.0,8.25
2026-03-13 00:00:00+00:00,USGS-09380000,9.4,10.0,838.0,,8.2,8400.0,8.245000000000001
2026-03-13 01:00:00+00:00,USGS-09380000,9.5,10.0,836.5,,8.2,8380.0,8.24
2026-03-13 02:00:00+00:00,USGS-09380000,9.5,10.0,836.5,,8.2,8435.0,8.254999999999999
2026-03-13 03:00:00+00:00,USGS-09380000,9.5,10.0,837.0,,8.3,8680.0,8.325
2026-03-13 04:00:00+00:00,USGS-09380000,9.5,10.0,838.0,,8.3,8860.0,8.375
2026-03-13 05:00:00+00:00,USGS-09380000,9.5,10.0,838.0,,8.3,8970.0,8.405000000000001
2026-03-13 06:00:00+00:00,USGS-09380000,9.5,10.1,838.0,,8.3,9020.0,8.42
2026-03-13 07:00:00+00:00,USGS-09380000,9.4,10.0,837.0,,8.3,8915.0,8.39
2026-03-13 08:00:00+00:00,USGS-09380000,9.2,10.0,836.5,,8.2,8435.0,8.254999999999999
2026-03-13 09:00:00+00:00,USGS-09380000,8.95,9.9,836.0,,8.2,7670.0,8.030000000000001
2026-03-13 10:00:00+00:00,USGS-09380000,8.649999999999999,9.8,836.0,,8.149999999999999,6980.0,7.8149999999999995
2026-03-13 11:00:00+00:00,USGS-09380000,8.4,9.7,835.0,,8.1,6485.0,7.654999999999999
2026-03-13 12:00:00+00:00,USGS-09380000,8.2,9.6,834.5,,8.1,6150.0,7.54
2026-03-13 13:00:00+00:00,USGS-09380000,8.05,9.6,833.5,,8.1,5965.0,7.475
2026-03-13 14:00:00+00:00,USGS-09380000,8.0,9.5,832.0,,8.0,6150.0,7.539999999999999
2026-03-13 15:00:00+00:00,USGS-09380000,7.9,9.5,830.5,,8.0,6885.0,7.785
2026-03-13 16:00:00+00:00,USGS-09380000,7.9,9.5,828.5,,8.0,7670.0,8.030000000000001
2026-03-13 17:00:00+00:00,USGS-09380000,8.0,9.6,827.0,,8.0,8295.0,8.215
2026-03-13 18:00:00+00:00,USGS-09380000,8.149999999999999,9.649999999999999,826.0,,8.05,8540.0,8.285
2026-03-13 19:00:00+00:00,USGS-09380000,8.45,9.8,825.0,,8.1,8560.0,8.29
2026-03-13 20:00:00+00:00,USGS-09380000,8.75,10.0,824.0,,8.1,8485.0,8.27
2026-03-13 21:00:00+00:00,USGS-09380000,9.0,10.1,823.0,,8.2,8435.0,8.254999999999999
2026-03-13 22:00:00+00:00,USGS-09380000,9.25,10.2,824.0,,8.2,8420.0,8.25
2026-03-13 23:00:00+00:00,USGS-09380000,9.5,10.350000000000001,825.0,,8.2,8380.0,8.24
2026-03-14 00:00:00+00:00,USGS-09380000,9.6,10.4,827.0,,8.3,8365.0,8.235
2026-03-14 01:00:00+00:00,USGS-09380000,9.6,10.3,830.0,,8.3,8450.0,8.26
2026-03-14 02:00:00+00:00,USGS-09380000,9.6,10.2,832.5,,8.3,8610.0,8.305
2026-03-14 03:00:00+00:00,USGS-09380000,9.6,10.2,834.5,,8.3,8790.0,8.355
2026-03-14 04:00:00+00:00,USGS-09380000,9.5,10.2,836.0,,8.3,8895.0,8.385000000000002
2026-03-14 05:00:00+00:00,USGS-09380000,9.6,10.2,835.0,,8.3,8970.0,8.405000000000001
2026-03-14 06:00:00+00:00,USGS-09380000,9.6,10.3,835.0,,8.3,8990.0,8.41
2026-03-14 07:00:00+00:00,USGS-09380000,9.5,10.2,834.0,0.6,8.3,8895.0,8.385000000000002
2026-03-14 08:00:00+00:00,USGS-09380000,9.25,10.1,834.0,0.75,8.2,8400.0,8.245000000000001
2026-03-14 09:00:00+00:00,USGS-09380000,8.95,10.0,835.0,0.8500000000000001,8.2,7655.0,8.025
2026-03-14 10:00:00+00:00,USGS-09380000,8.649999999999999,9.8,836.0,0.6499999999999999,8.149999999999999,6945.0,7.805
2026-03-14 11:00:00+00:00,USGS-09380000,8.350000000000001,9.7,837.0,0.7,8.1,6485.0,7.654999999999999
2026-03-14 12:00:00+00:00,USGS-09380000,8.149999999999999,9.6,837.0,0.75,8.1,6150.0,7.54
2026-03-14 13:00:00+00:00,USGS-09380000,7.95,9.5,837.0,0.7,8.05,5980.0,7.48
2026-03-14 14:00:00+00:00,USGS-09380000,7.8,9.5,836.0,0.8,8.0,6150.0,7.539999999999999
2026-03-14 15:00:00+00:00,USGS-09380000,7.8,9.5,835.0,0.75,8.0,6885.0,7.785
2026-03-14 16:00:00+00:00,USGS-09380000,7.8,9.5,833.5,0.8,8.0,7700.0,8.04
2026-03-14 17:00:00+00:00,USGS-09380000,7.85,9.5,832.0,0.7,8.0,8245.0,8.2
2026-03-14 18:00:00+00:00,USGS-09380000,8.05,9.6,830.0,0.7,8.05,8505.0,8.274999999999999
2026-03-14 19:00:00+00:00,USGS-09380000,8.350000000000001,9.649999999999999,829.0,0.7,8.1,8540.0,8.285
2026-03-14 20:00:00+00:00,USGS-09380000,8.649999999999999,9.8,828.0,1.0,8.1,8490.0,8.27
2026-03-14 21:00:00+00:00,USGS-09380000,8.9,9.9,827.0,1.4,8.149999999999999,8400.0,8.245000000000001
2026-03-14 22:00:00+00:00,USGS-09380000,9.149999999999999,10.0,826.0,2.0999999999999996,8.2,8345.0,8.23
2026-03-14 23:00:00+00:00,USGS-09380000,9.4,10.1,826.0,1.6,8.2,8275.0,8.21
2026-03-15 00:00:00+00:00,USGS-09380000,9.649999999999999,10.2,827.0,0.95,8.3,8240.0,8.2
2026-03-15 01:00:00+00:00,USGS-09380000,9.8,10.2,828.5,1.0,8.3,8435.0,8.254999999999999
2026-03-15 02:00:00+00:00,USGS-09380000,9.8,10.2,830.0,0.75,8.3,8665.0,8.32
2026-03-15 03:00:00+00:00,USGS-09380000,9.8,10.1,831.0,0.6499999999999999,8.3,8840.0,8.37
2026-03-15 04:00:00+00:00,USGS-09380000,9.8,10.1,832.0,0.6,8.3,8910.0,8.39
2026-03-15 05:00:00+00:00,USGS-09380000,9.7,10.1,832.0,0.6499999999999999,8.3,8990.0,8.41
2026-03-15 06:00:00+00:00,USGS-09380000,9.7,10.2,832.0,0.6,8.3,8875.0,8.379999999999999
2026-03-15 07:00:00+00:00,USGS-09380000,9.55,10.149999999999999,832.5,0.6,8.3,8575.0,8.295
2026-03-15 08:00:00+00:00,USGS-09380000,9.350000000000001,10.1,833.0,0.6499999999999999,8.3,8105.0,8.16
2026-03-15 09:00:00+00:00,USGS-09380000,9.05,10.0,833.0,0.6,8.2,7455.0,7.965
2026-03-15 10:00:00+00:00,USGS-09380000,8.75,9.95,833.0,0.6499999999999999,8.2,6790.0,7.755
2026-03-15 11:00:00+00:00,USGS-09380000,8.5,9.9,834.0,0.7,8.1,6380.0,7.619999999999999
2026-03-15 12:00:00+00:00,USGS-09380000,8.25,9.8,835.0,0.7,8.1,6090.0,7.52
2026-03-15 13:00:00+00:00,USGS-09380000,8.0,9.7,836.0,0.7,8.1,5935.0,7.465
2026-03-15 14:00:00+00:00,USGS-09380000,7.8,9.6,838.5,0.9,8.0,6105.0,7.525
2026-03-15 15:00:00+00:00,USGS-09380000,7.65,9.6,841.0,0.7,8.0,6835.0,7.77
2026-03-15 16:00:00+00:00,USGS-09380000,7.5,9.5,843.5,0.8,8.0,7605.0,8.01
2026-03-15 17:00:00+00:00,USGS-09380000,7.5,9.4,847.0,0.8,8.0,8140.0,8.17
2026-03-15 18:00:00+00:00,USGS-09380000,7.6,9.4,849.5,0.9,8.0,8420.0,8.25
2026-03-15 19:00:00+00:00,USGS-09380000,7.85,9.45,851.5,0.7,8.0,8490.0,8.27
2026-03-15 20:00:00+00:00,USGS-09380000,8.149999999999999,9.55,851.5,0.6,8.1,8450.0,8.26
2026-03-15 21:00:00+00:00,USGS-09380000,8.45,9.649999999999999,848.5,0.7,8.1,8385.0,8.24
2026-03-15 22:00:00+00:00,USGS-09380000,8.850000000000001,9.8,843.5,0.7,8.149999999999999,8350.0,8.23
2026-03-15 23:00:00+00:00,USGS-09380000,9.25,10.0,838.5,0.8,8.2,8310.0,8.22
2026-03-16 00:00:00+00:00,USGS-09380000,9.55,10.0,835.5,0.8,8.25,8380.0,8.24
2026-03-16 01:00:00+00:00,USGS-09380000,9.7,10.0,833.0,0.7,8.3,8505.0,8.274999999999999
2026-03-16 02:00:00+00:00,USGS-09380000,9.8,10.0,833.0,0.6,8.3,8610.0,8.305
2026-03-16 03:00:00+00:00,USGS-09380000,9.8,10.0,834.0,0.6499999999999999,8.3,8630.0,8.31
2026-03-16 04:00:00+00:00,USGS-09380000,9.75,10.05,835.5,0.6,8.3,8770.0,8.35
2026-03-16 05:00:00+00:00,USGS-09380000,9.7,10.149999999999999,836.5,0.6,8.3,8895.0,8.385000000000002
2026-03-16 06:00:00+00:00,USGS-09380000,9.7,10.2,838.5,0.6,8.3,8825.0,8.365
2026-03-16 07:00:00+00:00,USGS-09380000,9.45,10.2,841.5,0.6,8.3,8540.0,8.285
2026-03-16 08:00:00+00:00,USGS-09380000,9.149999999999999,10.05,846.5,0.6,8.2,8055.0,8.145
2026-03-16 09:00:00+00:00,USGS-09380000,8.75,9.9,849.0,0.6,8.2,7420.0,7.955
2026-03-16 10:00:00+00:00,USGS-09380000,8.45,9.75,849.0,0.6,8.1,6840.0,7.77
2026-03-16 11:00:00+00:00,USGS-09380000,8.2,9.6,848.0,0.6,8.1,6365.0,7.615
2026-03-16 12:00:00+00:00,USGS-09380000,8.0,9.5,846.5,0.6,8.1,6060.0,7.51
2026-03-16 13:00:00+00:00,USGS-09380000,7.9,9.4,845.0,0.75,8.0,5905.0,7.455
2026-03-16 14:00:00+00:00,USGS-09380000,7.75,9.3,844.0,0.7,8.0,6090.0,7.52
2026-03-16 15:00:00+00:00,USGS-09380000,7.7,9.3,842.0,0.75,8.0,6835.0,7.77
2026-03-16 16:00:00+00:00,USGS-09380000,7.7,9.3,840.5,0.7,8.0,7640.0,8.02
2026-03-16 17:00:00+00:00,USGS-09380000,7.7,9.350000000000001,839.0,0.6,8.0,8210.0,8.190000000000001
2026-03-16 18:00:00+00:00,USGS-09380000,7.95,9.5,838.0,0.6499999999999999,8.0,8380.0,8.24
2026-03-16 19:00:00+00:00,USGS-09380000,8.25,9.649999999999999,838.0,0.6499999999999999,8.1,8380.0,8.24
2026-03-16 20:00:00+00:00,USGS-09380000,8.45,9.8,839.0,0.6,8.1,8380.0,8.24
2026-03-16 21:00:00+00:00,USGS-09380000,8.7,9.9,841.5,0.7,8.1,8295.0,8.215
2026-03-16 22:00:00+00:00,USGS-09380000,8.850000000000001,10.0,844.5,0.6,8.149999999999999,8350.0,8.23
2026-03-16 23:00:00+00:00,USGS-09380000,9.05,10.0,847.0,0.6,8.2,8310.0,8.22
2026-03-17 00:00:00+00:00,USGS-09380000,9.25,10.05,848.0,0.6,8.2,8350.0,8.23
2026-03-17 01:00:00+00:00,USGS-09380000,9.4,10.0,846.5,0.6,8.2,8415.0,8.25
2026-03-17 02:00:00+00:00,USGS-09380000,9.55,10.0,843.5,0.6,8.25,8680.0,8.325
2026-03-17 03:00:00+00:00,USGS-09380000,9.649999999999999,10.0,840.5,0.55,8.3,8860.0,8.375
2026-03-17 04:00:00+00:00,USGS-09380000,9.7,10.0,838.5,0.6,8.3,8950.0,8.4
2026-03-17 05:00:00+00:00,USGS-09380000,9.7,10.0,838.0,0.6,8.3,8970.0,8.405000000000001
2026-03-17 06:00:00+00:00,USGS-09380000,9.6,10.1,838.0,0.6,8.3,8990.0,8.41
2026-03-17 07:00:00+00:00,USGS-09380000,9.5,10.1,839.0,0.6,8.3,8825.0,8.365
2026-03-17 08:00:00+00:00,USGS-09380000,9.2,10.0,840.0,0.55,8.2,8350.0,8.23
2026-03-17 09:00:00+00:00,USGS-09380000,8.850000000000001,10.0,840.0,0.6,8.2,7620.0,8.015
2026-03-17 10:00:00+00:00,USGS-09380000,8.55,9.9,840.0,0.55,8.1,7010.0,7.824999999999999
2026-03-17 11:00:00+00:00,USGS-09380000,8.350000000000001,9.850000000000001,838.5,0.6499999999999999,8.1,6545.0,7.675000000000001
2026-03-17 12:00:00+00:00,USGS-09380000,8.149999999999999,9.8,837.0,0.6,8.1,6250.0,7.574999999999999
2026-03-17 13:00:00+00:00,USGS-09380000,8.0,9.8,835.0,0.6,8.1,6045.0,7.505
2026-03-17 14:00:00+00:00,USGS-09380000,7.9,9.8,834.0,0.6,8.0,6180.0,7.550000000000001
2026-03-17 15:00:00+00:00,USGS-09380000,7.9,9.8,832.0,0.6499999999999999,8.0,6915.0,7.795
2026-03-17 16:00:00+00:00,USGS-09380000,7.9,9.8,831.0,0.6499999999999999,8.0,7685.0,8.035
2026-03-17 17:00:00+00:00,USGS-09380000,7.9,9.8,831.5,0.8,8.0,8190.0,8.184999999999999
2026-03-17 18:00:00+00:00,USGS-09380000,7.95,9.9,833.0,0.6,8.0,8470.0,8.265
2026-03-17 19:00:00+00:00,USGS-09380000,8.149999999999999,10.0,834.5,0.8,8.05,8490.0,8.27
2026-03-17 20:00:00+00:00,USGS-09380000,8.45,10.1,835.0,,8.1,8435.0,8.254999999999999
2026-03-17 21:00:00+00:00,USGS-09380000,8.7,10.2,835.0,0.8,8.1,8450.0,8.26
2026-03-17 22:00:00+00:00,USGS-09380000,9.0,10.350000000000001,834.5,0.75,8.2,8420.0,8.25
2026-03-17 23:00:00+00:00,USGS-09380000,9.3,10.5,834.0,0.9,8.2,8380.0,8.24
2026-03-18 00:00:00+00:00,USGS-09380000,9.5,10.5,833.5,0.55,8.2,8380.0,8.24
2026-03-18 01:00:00+00:00,USGS-09380000,9.5,10.45,835.0,0.55,8.2,8380.0,8.24
2026-03-18 02:00:00+00:00,USGS-09380000,9.5,10.4,836.5,0.55,8.2,8345.0,8.23
2026-03-18 03:00:00+00:00,USGS-09380000,9.5,10.3,838.0,0.5,8.2,8575.0,8.295
2026-03-18 04:00:00+00:00,USGS-09380000,9.4,10.3,839.0,0.55,8.2,8740.0,8.34
2026-03-18 05:00:00+00:00,USGS-09380000,9.5,10.4,839.0,0.5,8.2,8880.0,8.38
2026-03-18 06:00:00+00:00,USGS-09380000,9.5,10.4,837.0,0.55,8.3,8970.0,8.405000000000001
2026-03-18 07:00:00+00:00,USGS-09380000,9.5,10.4,835.5,0.55,8.3,8845.0,8.370000000000001
2026-03-18 08:00:00+00:00,USGS-09380000,9.3,10.4,834.0,0.5,8.2,8380.0,8.24
2026-03-18 09:00:00+00:00,USGS-09380000,9.05,10.350000000000001,833.0,0.5,8.2,7600.0,8.01
2026-03-18 10:00:00+00:00,USGS-09380000,8.75,10.25,832.0,0.5,8.2,6900.0,7.789999999999999
2026-03-18 11:00:00+00:00,USGS-09380000,8.5,10.2,832.0,0.5,8.1,6425.0,7.635
2026-03-18 12:00:00+00:00,USGS-09380000,8.25,10.1,832.0,0.6,8.1,6120.0,7.529999999999999
2026-03-18 13:00:00+00:00,USGS-09380000,8.05,10.0,833.0,0.6,8.1,5980.0,7.48
2026-03-18 14:00:00+00:00,USGS-09380000,7.9,10.0,834.0,0.6,8.0,6165.0,7.545
2026-03-18 15:00:00+00:00,USGS-09380000,7.8,9.9,835.0,0.6,8.0,6900.0,7.79
2026-03-18 16:00:00+00:00,USGS-09380000,7.7,9.9,836.0,0.6,8.0,7720.0,8.045
2026-03-18 17:00:00+00:00,USGS-09380000,7.7,9.9,837.0,0.6,8.0,8275.0,8.21
2026-03-18 18:00:00+00:00,USGS-09380000,7.8,9.9,838.0,0.6,8.0,8590.0,8.3
2026-03-18 19:00:00+00:00,USGS-09380000,8.05,10.0,838.0,0.5,8.0,8630.0,8.31
2026-03-18 20:00:00+00:00,USGS-09380000,8.350000000000001,10.149999999999999,837.0,0.5,8.1,8575.0,8.295
2026-03-18 21:00:00+00:00,USGS-09380000,8.7,10.25,835.0,0.6,8.1,8490.0,8.27
2026-03-18 22:00:00+00:00,USGS-09380000,9.05,10.4,833.0,0.5,8.2,8400.0,8.245000000000001
2026-03-18 23:00:00+00:00,USGS-09380000,9.350000000000001,10.55,832.0,0.5,8.2,8400.0,8.245000000000001
2026-03-19 00:00:00+00:00,USGS-09380000,9.5,10.6,833.5,0.5,8.2,8470.0,8.265
2026-03-19 01:00:00+00:00,USGS-09380000,9.5,10.6,835.5,0.5,8.2,8610.0,8.305
2026-03-19 02:00:00+00:00,USGS-09380000,9.5,10.5,838.5,0.5,8.2,8790.0,8.355
2026-03-19 03:00:00+00:00,USGS-09380000,9.5,10.5,840.0,0.4,8.2,8970.0,8.405000000000001
2026-03-19 04:00:00+00:00,USGS-09380000,9.4,10.5,840.5,0.4,8.2,8990.0,8.41
2026-03-19 05:00:00+00:00,USGS-09380000,9.5,10.6,839.5,0.4,8.3,9005.0,8.415
2026-03-19 06:00:00+00:00,USGS-09380000,9.5,10.6,839.0,0.6,8.3,8990.0,8.41
2026-03-19 07:00:00+00:00,USGS-09380000,9.4,10.6,837.5,0.4,8.3,8915.0,8.39
2026-03-19 08:00:00+00:00,USGS-09380000,9.149999999999999,10.5,838.0,0.5,8.2,8490.0,8.27
2026-03-19 09:00:00+00:00,USGS-09380000,8.850000000000001,10.4,838.0,0.7,8.2,7740.0,8.05
2026-03-19 10:00:00+00:00,USGS-09380000,8.55,10.25,837.5,0.4,8.1,7055.0,7.84
2026-03-19 11:00:00+00:00,USGS-09380000,8.25,10.149999999999999,838.5,0.45,8.1,6545.0,7.675000000000001
2026-03-19 12:00:00+00:00,USGS-09380000,8.0,10.0,839.0,0.5,8.1,6210.0,7.5600000000000005
2026-03-19 13:00:00+00:00,USGS-09380000,7.85,10.0,839.0,0.5,8.0,6015.0,7.495
2026-03-19 14:00:00+00:00,USGS-09380000,7.75,9.9,839.0,0.5,8.0,6190.0,7.555
2026-03-19 15:00:00+00:00,USGS-09380000,7.7,9.9,838.5,0.5,8.0,6915.0,7.795
2026-03-19 16:00:00+00:00,USGS-09380000,7.65,9.9,838.0,0.5,8.0,7720.0,8.045
2026-03-19 17:00:00+00:00,USGS-09380000,7.7,9.9,838.0,0.5,8.0,8295.0,8.215
2026-03-19 18:00:00+00:00,USGS-09380000,7.8,9.95,837.0,0.5,8.0,8645.0,8.315000000000001
2026-03-19 19:00:00+00:00,USGS-09380000,8.1,10.1,836.5,0.5,8.05,8700.0,8.33
2026-03-19 20:00:00+00:00,USGS-09380000,8.45,10.3,834.5,0.5,8.1,8665.0,8.32
2026-03-19 21:00:00+00:00,USGS-09380000,8.75,10.45,833.5,0.6,8.1,8630.0,8.31
2026-03-19 22:00:00+00:00,USGS-09380000,9.05,10.6,831.5,0.6499999999999999,8.2,8595.0,8.3
2026-03-19 23:00:00+00:00,USGS-09380000,9.350000000000001,10.7,830.0,0.6,8.2,8520.0,8.28
2026-03-20 00:00:00+00:00,USGS-09380000,9.55,10.8,830.0,,8.25,8540.0,8.285
2026-03-20 01:00:00+00:00,USGS-09380000,9.6,10.7,830.0,0.4,8.3,8700.0,8.33
2026-03-20 02:00:00+00:00,USGS-09380000,9.7,10.7,830.0,0.45,8.3,8860.0,8.375
2026-03-20 03:00:00+00:00,USGS-09380000,9.7,10.7,829.5,0.4,8.3,8990.0,8.41
2026-03-20 04:00:00+00:00,USGS-09380000,9.7,10.7,828.0,0.75,8.3,8990.0,8.41
2026-03-20 05:00:00+00:00,USGS-09380000,9.7,10.7,827.5,0.4,8.3,9005.0,8.415
2026-03-20 06:00:00+00:00,USGS-09380000,9.7,10.75,825.5,0.45,8.3,9020.0,8.42
2026-03-20 07:00:00+00:00,USGS-09380000,9.6,10.7,828.0,0.4,8.3,8930.0,8.395
2026-03-20 08:00:00+00:00,USGS-09380000,9.4,10.6,828.0,0.4,8.3,8505.0,8.275
2026-03-20 09:00:00+00:00,USGS-09380000,9.05,10.5,828.0,0.4,8.2,7770.0,8.059999999999999
2026-03-20 10:00:00+00:00,USGS-09380000,8.75,10.4,828.0,0.4,8.2,7070.0,7.845000000000001
2026-03-20 11:00:00+00:00,USGS-09380000,8.5,10.25,829.0,0.4,8.1,6545.0,7.675000000000001
2026-03-20 12:00:00+00:00,USGS-09380000,8.25,10.2,830.0,0.45,8.1,6220.0,7.5649999999999995
2026-03-20 13:00:00+00:00,USGS-09380000,8.05,10.1,830.5,0.5,8.1,6015.0,7.495
2026-03-20 14:00:00+00:00,USGS-09380000,7.9,10.0,831.0,0.45,8.0,6205.0,7.5600000000000005
2026-03-20 15:00:00+00:00,USGS-09380000,7.85,10.0,831.5,0.6499999999999999,8.0,6950.0,7.805
2026-03-20 16:00:00+00:00,USGS-09380000,7.8,10.0,832.0,0.6,8.0,7705.0,8.04
2026-03-20 17:00:00+00:00,USGS-09380000,7.8,10.0,832.0,0.6,8.0,8275.0,8.21
2026-03-20 18:00:00+00:00,USGS-09380000,7.9,10.1,833.0,0.6,8.0,8590.0,8.3
2026-03-20 19:00:00+00:00,USGS-09380000,8.149999999999999,10.2,831.5,0.6499999999999999,8.05,8645.0,8.315000000000001
2026-03-20 20:00:00+00:00,USGS-09380000,8.5,10.4,830.0,1.4,8.1,8575.0,8.295
2026-03-20 21:00:00+00:00,USGS-09380000,8.8,10.55,830.0,1.2,8.1,8520.0,8.28
2026-03-20 22:00:00+00:00,USGS-09380000,9.1,10.7,828.0,,8.2,8470.0,8.265
2026-03-20 23:00:00+00:00,USGS-09380000,9.4,10.8,826.0,0.9,8.2,8450.0,8.26
2026-03-21 00:00:00+00:00,USGS-09380000,9.6,10.9,827.0,0.85,8.25,8490.0,8.27
2026-03-21 01:00:00+00:00,USGS-09380000,9.6,10.850000000000001,827.5,0.5,8.3,8630.0,8.31
2026-03-21 02:00:00+00:00,USGS-09380000,9.6,10.8,832.0,0.5,8.3,8740.0,8.34
2026-03-21 03:00:00+00:00,USGS-09380000,9.6,10.8,833.0,0.4,8.3,8860.0,8.375
2026-03-21 04:00:00+00:00,USGS-09380000,9.6,10.8,834.0,1.2,8.3,8910.0,8.39
2026-03-21 05:00:00+00:00,USGS-09380000,9.6,10.8,834.0,0.4,8.3,8930.0,8.395
2026-03-21 06:00:00+00:00,USGS-09380000,9.6,10.8,834.0,0.4,8.3,8950.0,8.4
2026-03-21 07:00:00+00:00,USGS-09380000,9.5,10.8,834.0,0.4,8.3,8895.0,8.385
2026-03-21 08:00:00+00:00,USGS-09380000,9.25,10.7,835.0,0.4,8.2,8505.0,8.275
2026-03-21 09:00:00+00:00,USGS-09380000,8.95,10.6,835.0,0.4,8.2,7770.0,8.059999999999999
2026-03-21 10:00:00+00:00,USGS-09380000,8.649999999999999,10.4,835.0,0.4,8.1,7040.0,7.835
2026-03-21 11:00:00+00:00,USGS-09380000,8.350000000000001,10.3,835.0,0.4,8.1,6545.0,7.675000000000001
2026-03-21 12:00:00+00:00,USGS-09380000,8.1,10.2,835.0,0.5,8.1,6220.0,7.5649999999999995
2026-03-21 13:00:00+00:00,USGS-09380000,7.95,10.1,835.0,0.4,8.0,6030.0,7.5
2026-03-21 14:00:00+00:00,USGS-09380000,7.8,10.0,835.0,0.5,8.0,6190.0,7.555
2026-03-21 15:00:00+00:00,USGS-09380000,7.8,10.0,834.0,0.5,8.0,6950.0,7.805
2026-03-21 16:00:00+00:00,USGS-09380000,7.75,10.0,834.0,0.4,8.0,7720.0,8.045
2026-03-21 17:00:00+00:00,USGS-09380000,7.8,10.0,833.0,0.75,8.0,8240.0,8.2
2026-03-21 18:00:00+00:00,USGS-09380000,7.95,10.05,832.5,1.65,8.0,8485.0,8.27
2026-03-21 19:00:00+00:00,USGS-09380000,8.2,10.2,831.0,1.1,8.1,8560.0,8.29
2026-03-21 20:00:00+00:00,USGS-09380000,8.55,10.4,830.0,0.5,8.1,8520.0,8.28
2026-03-21 21:00:00+00:00,USGS-09380000,8.850000000000001,10.55,828.5,0.7,8.1,8470.0,8.265
2026-03-21 22:00:00+00:00,USGS-09380000,9.149999999999999,10.649999999999999,827.5,0.5,8.2,8450.0,8.26
2026-03-21 23:00:00+00:00,USGS-09380000,9.4,10.8,826.0,0.55,8.2,8420.0,8.25
2026-03-22 00:00:00+00:00,USGS-09380000,9.6,10.8,826.0,0.8500000000000001,8.2,8350.0,8.23
2026-03-22 01:00:00+00:00,USGS-09380000,9.7,10.8,826.0,0.45,8.3,8540.0,8.285
2026-03-22 02:00:00+00:00,USGS-09380000,9.8,10.8,827.0,0.45,8.3,8700.0,8.33
2026-03-22 03:00:00+00:00,USGS-09380000,9.9,10.8,827.0,0.4,8.3,8895.0,8.385000000000002
2026-03-22 04:00:00+00:00,USGS-09380000,9.9,10.9,827.0,0.35,8.3,9005.0,8.415
2026-03-22 05:00:00+00:00,USGS-09380000,9.9,10.9,827.0,0.35,8.3,9020.0,8.42
2026-03-22 06:00:00+00:00,USGS-09380000,9.9,11.0,827.0,0.4,8.3,8950.0,8.4
2026-03-22 07:00:00+00:00,USGS-09380000,9.75,10.9,827.0,0.4,8.3,8625.0,8.31
2026-03-22 08:00:00+00:00,USGS-09380000,9.55,10.8,827.5,0.4,8.3,8105.0,8.16
2026-03-22 09:00:00+00:00,USGS-09380000,9.2,10.7,828.0,0.5,8.2,7455.0,7.965
2026-03-22 10:00:00+00:00,USGS-09380000,8.850000000000001,10.55,829.0,0.4,8.2,6885.0,7.785
2026-03-22 11:00:00+00:00,USGS-09380000,8.55,10.4,830.0,,8.1,6425.0,7.635
2026-03-22 12:00:00+00:00,USGS-09380000,8.3,10.3,831.0,,8.1,6150.0,7.54
2026-03-22 13:00:00+00:00,USGS-09380000,8.1,10.2,831.0,,8.1,6000.0,7.49
2026-03-22 14:00:00+00:00,USGS-09380000,7.9,10.149999999999999,832.0,,8.0,6190.0,7.555
2026-03-22 15:00:00+00:00,USGS-09380000,7.8,10.1,832.0,0.4,8.0,6935.0,7.8
2026-03-22 16:00:00+00:00,USGS-09380000,7.75,10.1,832.0,0.5,8.0,7720.0,8.045
2026-03-22 17:00:00+00:00,USGS-09380000,7.8,10.1,832.0,0.5,8.0,8240.0,8.2
2026-03-22 18:00:00+00:00,USGS-09380000,7.95,10.2,831.0,,8.0,8435.0,8.254999999999999
2026-03-22 19:00:00+00:00,USGS-09380000,8.25,10.25,830.0,,8.1,8470.0,8.265
2026-03-22 20:00:00+00:00,USGS-09380000,8.55,10.3,829.5,,8.1,8420.0,8.25
2026-03-22 21:00:00+00:00,USGS-09380000,8.8,10.4,828.0,0.7,8.1,8420.0,8.25
2026-03-22 22:00:00+00:00,USGS-09380000,9.05,10.6,827.0,0.55,8.2,8380.0,8.24
2026-03-22 23:00:00+00:00,USGS-09380000,9.350000000000001,10.7,827.0,0.7,8.2,8350.0,8.23
2026-03-23 00:00:00+00:00,USGS-09380000,9.55,10.7,827.0,0.7,8.25,8365.0,8.235
2026-03-23 01:00:00+00:00,USGS-09380000,9.7,10.7,828.5,0.55,8.3,8435.0,8.254999999999999
2026-03-23 02:00:00+00:00,USGS-09380000,9.8,10.7,830.0,0.6,8.3,8625.0,8.31
2026-03-23 03:00:00+00:00,USGS-09380000,9.9,10.7,830.5,0.45,8.3,8840.0,8.37
2026-03-23 04:00:00+00:00,USGS-09380000,9.8,10.8,831.0,0.4,8.3,8880.0,8.38
2026-03-23 05:00:00+00:00,USGS-09380000,9.8,10.8,831.5,0.45,8.3,8880.0,8.38
2026-03-23 06:00:00+00:00,USGS-09380000,9.7,10.8,832.0,0.4,8.3,8775.0,8.35
2026-03-23 07:00:00+00:00,USGS-09380000,9.55,10.7,833.0,0.6499999999999999,8.3,8555.0,8.29
2026-03-23 08:00:00+00:00,USGS-09380000,9.25,10.6,834.0,0.4,8.2,8085.0,8.155000000000001
2026-03-23 09:00:00+00:00,USGS-09380000,8.95,10.5,835.0,0.5,8.2,7455.0,7.965
2026-03-23 10:00:00+00:00,USGS-09380000,8.649999999999999,10.4,836.0,0.4,8.149999999999999,6840.0,7.77
2026-03-23 11:00:00+00:00,USGS-09380000,8.350000000000001,10.3,837.0,0.4,8.1,6395.0,7.625
2026-03-23 12:00:00+00:00,USGS-09380000,8.1,10.2,837.5,0.4,8.1,6150.0,7.54
2026-03-23 13:00:00+00:00,USGS-09380000,7.85,10.1,838.0,0.4,8.0,6000.0,7.49
2026-03-23 14:00:00+00:00,USGS-09380000,7.7,10.0,839.0,0.4,8.0,6180.0,7.550000000000001
2026-03-23 15:00:00+00:00,USGS-09380000,7.6,10.0,839.0,0.5,8.0,6915.0,7.795
2026-03-23 16:00:00+00:00,USGS-09380000,7.6,10.0,839.0,0.5,8.0,7740.0,8.05
2026-03-23 17:00:00+00:00,USGS-09380000,7.6,10.0,839.0,0.5,8.0,8310.0,8.219999999999999
2026-03-23 18:00:00+00:00,USGS-09380000,7.7,10.0,839.0,0.5,8.0,8575.0,8.295
2026-03-23 19:00:00+00:00,USGS-09380000,8.0,10.2,838.0,,8.0,8610.0,8.305
2026-03-23 20:00:00+00:00,USGS-09380000,8.350000000000001,10.3,837.0,0.5,8.1,8540.0,8.285
2026-03-23 21:00:00+00:00,USGS-09380000,8.649999999999999,10.4,835.0,0.30000000000000004,8.1,8490.0,8.27
2026-03-23 22:00:00+00:00,USGS-09380000,8.95,10.55,834.0,0.2,8.149999999999999,8450.0,8.26
2026-03-23 23:00:00+00:00,USGS-09380000,9.2,10.7,833.0,0.2,8.2,8420.0,8.25
2026-03-24 00:00:00+00:00,USGS-09380000,9.4,10.75,833.0,0.2,8.2,8505.0,8.274999999999999
2026-03-24 01:00:00+00:00,USGS-09380000,9.6,10.8,834.0,0.2,8.3,8680.0,8.325
2026-03-24 02:00:00+00:00,USGS-09380000,9.7,10.8,834.5,0.25,8.3,8860.0,8.375
2026-03-24 03:00:00+00:00,USGS-09380000,9.8,10.8,835.0,0.2,8.3,8970.0,8.405000000000001
2026-03-24 04:00:00+00:00,USGS-09380000,9.7,10.8,836.0,0.2,8.3,9020.0,8.42
2026-03-24 05:00:00+00:00,USGS-09380000,9.7,10.9,836.0,0.3,8.3,9060.0,8.43
2026-03-24 06:00:00+00:00,USGS-09380000,9.649999999999999,10.9,836.0,0.3,8.3,9080.0,8.434999999999999
2026-03-24 07:00:00+00:00,USGS-09380000,9.5,10.8,836.5,0.3,8.3,9005.0,8.415
2026-03-24 08:00:00+00:00,USGS-09380000,9.2,10.7,837.0,0.3,8.2,8540.0,8.285
2026-03-24 09:00:00+00:00,USGS-09380000,8.850000000000001,10.6,837.5,0.3,8.2,7785.0,8.065
2026-03-24 10:00:00+00:00,USGS-09380000,8.55,10.5,838.0,0.3,8.1,7070.0,7.845000000000001
2026-03-24 11:00:00+00:00,USGS-09380000,8.3,10.4,838.0,0.3,8.1,6545.0,7.675000000000001
2026-03-24 12:00:00+00:00,USGS-09380000,8.05,10.3,838.0,0.4,8.1,6235.0,7.57
2026-03-24 13:00:00+00:00,USGS-09380000,7.9,10.2,838.0,0.4,8.0,6045.0,7.505
2026-03-24 14:00:00+00:00,USGS-09380000,7.75,10.2,838.0,0.4,8.0,6235.0,7.57
2026-03-24 15:00:00+00:00,USGS-09380000,7.6,10.1,838.0,0.35,8.0,6980.0,7.8149999999999995
2026-03-24 16:00:00+00:00,USGS-09380000,7.6,10.1,838.0,0.4,8.0,7785.0,8.065
2026-03-24 17:00:00+00:00,USGS-09380000,7.6,10.1,838.0,0.35,8.0,8350.0,8.23
2026-03-24 18:00:00+00:00,USGS-09380000,7.75,10.2,838.0,0.3,8.0,8610.0,8.305
2026-03-24 19:00:00+00:00,USGS-09380000,8.0,10.350000000000001,838.0,0.4,8.0,8630.0,8.31
2026-03-24 20:00:00+00:00,USGS-09380000,8.3,10.5,837.0,0.35,8.1,8575.0,8.295
2026-03-24 21:00:00+00:00,USGS-09380000,8.6,10.6,836.0,0.4,8.1,8520.0,8.28
2026-03-24 22:00:00+00:00,USGS-09380000,8.95,10.8,834.0,0.3,8.149999999999999,8450.0,8.26
2026-03-24 23:00:00+00:00,USGS-09380000,9.25,10.9,832.0,0.3,8.2,8435.0,8.254999999999999
2026-03-25 00:00:00+00:00,USGS-09380000,9.5,11.0,831.0,0.3,8.2,8455.0,8.26
2026-03-25 01:00:00+00:00,USGS-09380000,9.6,11.0,830.5,0.3,8.25,8625.0,8.31
2026-03-25 02:00:00+00:00,USGS-09380000,9.7,11.0,831.0,0.35,8.3,8790.0,8.355
2026-03-25 03:00:00+00:00,USGS-09380000,9.7,11.0,832.0,0.35,8.3,8875.0,8.379999999999999
2026-03-25 04:00:00+00:00,USGS-09380000,9.7,11.0,833.0,0.3,8.3,8990.0,8.41
2026-03-25 05:00:00+00:00,USGS-09380000,9.7,11.1,834.0,0.3,8.3,9060.0,8.43
2026-03-25 06:00:00+00:00,USGS-09380000,9.7,11.1,834.0,0.3,8.3,9080.0,8.434999999999999
2026-03-25 07:00:00+00:00,USGS-09380000,9.55,11.1,834.0,0.3,8.3,9005.0,8.415
2026-03-25 08:00:00+00:00,USGS-09380000,9.25,11.0,834.5,0.3,8.2,8540.0,8.285
2026-03-25 09:00:00+00:00,USGS-09380000,8.95,10.9,835.0,0.3,8.2,7800.0,8.07
2026-03-25 10:00:00+00:00,USGS-09380000,8.649999999999999,10.75,835.0,0.3,8.1,7070.0,7.845000000000001
2026-03-25 11:00:00+00:00,USGS-09380000,8.350000000000001,10.6,836.0,0.3,8.1,6545.0,7.675000000000001
2026-03-25 12:00:00+00:00,USGS-09380000,8.05,10.5,837.0,0.3,8.05,6210.0,7.5600000000000005
2026-03-25 13:00:00+00:00,USGS-09380000,7.85,10.4,838.0,0.35,8.0,6045.0,7.505
2026-03-25 14:00:00+00:00,USGS-09380000,7.7,10.350000000000001,839.0,0.3,8.0,6205.0,7.5600000000000005
2026-03-25 15:00:00+00:00,USGS-09380000,7.6,10.3,840.0,0.3,8.0,6945.0,7.805
2026-03-25 16:00:00+00:00,USGS-09380000,7.5,10.25,841.0,0.3,8.0,7755.0,8.055
2026-03-25 17:00:00+00:00,USGS-09380000,7.5,10.2,842.0,0.4,8.0,8310.0,8.219999999999999
2026-03-25 18:00:00+00:00,USGS-09380000,7.65,10.3,842.0,0.4,8.0,8560.0,8.29
2026-03-25 19:00:00+00:00,USGS-09380000,7.9,10.4,842.0,0.4,8.0,8590.0,8.3
2026-03-25 20:00:00+00:00,USGS-09380000,8.2,10.55,841.5,0.3,8.05,8560.0,8.29
2026-03-25 21:00:00+00:00,USGS-09380000,8.55,10.7,839.5,0.4,8.1,8450.0,8.26
2026-03-25 22:00:00+00:00,USGS-09380000,8.850000000000001,10.9,837.5,0.35,8.1,8450.0,8.26
2026-03-25 23:00:00+00:00,USGS-09380000,9.149999999999999,11.05,836.0,0.3,8.2,8420.0,8.25
2026-03-26 00:00:00+00:00,USGS-09380000,9.4,11.1,835.0,0.3,8.2,8470.0,8.265
2026-03-26 01:00:00+00:00,USGS-09380000,9.55,11.2,835.0,0.35,8.2,8610.0,8.305
2026-03-26 02:00:00+00:00,USGS-09380000,9.6,11.2,835.0,0.3,8.25,8810.0,8.36
2026-03-26 03:00:00+00:00,USGS-09380000,9.6,11.2,835.5,0.3,8.3,8880.0,8.38
2026-03-26 04:00:00+00:00,USGS-09380000,9.6,11.2,836.0,0.3,8.3,8910.0,8.39
2026-03-26 05:00:00+00:00,USGS-09380000,9.6,11.2,836.0,0.3,8.3,8950.0,8.4
2026-03-26 06:00:00+00:00,USGS-09380000,9.6,11.2,835.0,0.30000000000000004,8.3,8910.0,8.39
2026-03-26 07:00:00+00:00,USGS-09380000,9.55,11.2,834.0,0.3,8.3,8755.0,8.344999999999999
2026-03-26 08:00:00+00:00,USGS-09380000,9.25,11.05,834.0,0.25,8.2,8295.0,8.215
2026-03-26 09:00:00+00:00,USGS-09380000,8.95,10.9,834.0,0.3,8.2,7640.0,8.02
2026-03-26 10:00:00+00:00,USGS-09380000,8.649999999999999,10.75,834.0,0.25,8.1,6980.0,7.8149999999999995
2026-03-26 11:00:00+00:00,USGS-09380000,8.350000000000001,10.6,835.0,0.3,8.1,6530.0,7.67
2026-03-26 12:00:00+00:00,USGS-09380000,8.1,10.5,836.0,0.3,8.1,6210.0,7.5600000000000005
2026-03-26 13:00:00+00:00,USGS-09380000,7.9,10.4,837.0,0.3,8.0,6045.0,7.505
2026-03-26 14:00:00+00:00,USGS-09380000,7.75,10.3,838.0,0.3,8.0,6205.0,7.5600000000000005
2026-03-26 15:00:00+00:00,USGS-09380000,7.6,10.2,838.0,0.3,8.0,6950.0,7.805
2026-03-26 16:00:00+00:00,USGS-09380000,7.6,10.2,839.0,0.4,8.0,7670.0,8.030000000000001
2026-03-26 17:00:00+00:00,USGS-09380000,7.6,10.2,839.0,0.3,8.0,8260.0,8.205
2026-03-26 18:00:00+00:00,USGS-09380000,7.7,10.3,839.0,0.25,8.0,8520.0,8.28
2026-03-26 19:00:00+00:00,USGS-09380000,7.95,10.4,838.0,0.25,8.0,8610.0,8.305
2026-03-26 20:00:00+00:00,USGS-09380000,8.25,10.55,838.0,0.3,8.1,8590.0,8.3
2026-03-26 21:00:00+00:00,USGS-09380000,8.55,10.7,837.0,0.25,8.1,8560.0,8.29
2026-03-26 22:00:00+00:00,USGS-09380000,8.850000000000001,10.850000000000001,836.0,0.2,8.1,8520.0,8.28
2026-03-26 23:00:00+00:00,USGS-09380000,9.149999999999999,11.0,836.0,0.2,8.2,8505.0,8.274999999999999
2026-03-27 00:00:00+00:00,USGS-09380000,9.4,11.1,835.0,0.25,8.2,8540.0,8.285
2026-03-27 01:00:00+00:00,USGS-09380000,9.55,11.1,835.0,0.25,8.2,8665.0,8.32
2026-03-27 02:00:00+00:00,USGS-09380000,9.6,11.149999999999999,835.5,0.2,8.2,8895.0,8.385000000000002
2026-03-27 03:00:00+00:00,USGS-09380000,9.6,11.2,836.0,0.2,8.3,9005.0,8.415
2026-03-27 04:00:00+00:00,USGS-09380000,9.649999999999999,11.2,835.5,0.2,8.3,9100.0,8.44
2026-03-27 05:00:00+00:00,USGS-09380000,9.7,11.3,835.0,0.2,8.3,9045.0,8.425
2026-03-27 06:00:00+00:00,USGS-09380000,9.7,11.3,834.0,0.25,8.3,8755.0,8.344999999999999
2026-03-27 07:00:00+00:00,USGS-09380000,9.55,11.2,835.0,0.2,8.3,8555.0,8.29
2026-03-27 08:00:00+00:00,USGS-09380000,9.25,11.1,835.5,0.25,8.2,8140.0,8.17
2026-03-27 09:00:00+00:00,USGS-09380000,8.95,11.0,836.0,0.2,8.2,7420.0,7.955
2026-03-27 10:00:00+00:00,USGS-09380000,8.649999999999999,10.8,837.0,0.3,8.1,6840.0,7.77
2026-03-27 11:00:00+00:00,USGS-09380000,8.350000000000001,10.7,838.0,0.3,8.1,6395.0,7.625
2026-03-27 12:00:00+00:00,USGS-09380000,8.149999999999999,10.6,839.0,0.2,8.1,6165.0,7.545
2026-03-27 13:00:00+00:00,USGS-09380000,7.9,10.5,839.5,0.35,8.0,6000.0,7.49
2026-03-27 14:00:00+00:00,USGS-09380000,7.7,10.4,841.0,0.2,8.0,5950.0,7.47
2026-03-27 15:00:00+00:00,USGS-09380000,7.6,10.3,842.5,0.3,8.0,6165.0,7.545
2026-03-27 16:00:00+00:00,USGS-09380000,7.5,10.3,844.0,0.2,8.0,6915.0,7.795
2026-03-27 17:00:00+00:00,USGS-09380000,7.4,10.2,845.5,0.2,8.0,7755.0,8.055
2026-03-27 18:00:00+00:00,USGS-09380000,7.55,10.25,846.0,0.2,8.0,8260.0,8.205
2026-03-27 19:00:00+00:00,USGS-09380000,7.8,10.4,846.0,0.2,8.0,8450.0,8.26
2026-03-27 20:00:00+00:00,USGS-09380000,8.149999999999999,10.5,845.5,0.2,8.0,8505.0,8.274999999999999
2026-03-27 21:00:00+00:00,USGS-09380000,8.45,10.7,843.5,0.2,8.1,8520.0,8.28
2026-03-27 22:00:00+00:00,USGS-09380000,8.75,10.9,842.0,0.2,8.1,8505.0,8.274999999999999
2026-03-27 23:00:00+00:00,USGS-09380000,9.05,11.05,840.0,0.2,8.2,8470.0,8.265
2026-03-28 00:00:00+00:00,USGS-09380000,9.3,11.1,838.0,0.2,8.2,8520.0,8.28
2026-03-28 01:00:00+00:00,USGS-09380000,9.5,11.1,836.0,0.2,8.2,8660.0,8.32
2026-03-28 02:00:00+00:00,USGS-09380000,9.6,11.1,835.0,0.25,8.2,8825.0,8.364999999999998
2026-03-28 03:00:00+00:00,USGS-09380000,9.7,11.1,834.5,0.2,8.3,8950.0,8.4
2026-03-28 04:00:00+00:00,USGS-09380000,9.7,11.2,834.0,0.2,8.3,9005.0,8.415
2026-03-28 05:00:00+00:00,USGS-09380000,9.7,11.2,834.0,0.1,8.3,8985.0,8.41
2026-03-28 06:00:00+00:00,USGS-09380000,9.7,11.2,835.0,0.2,8.3,8825.0,8.364999999999998
2026-03-28 07:00:00+00:00,USGS-09380000,9.55,11.1,836.0,0.2,8.3,8665.0,8.32
2026-03-28 08:00:00+00:00,USGS-09380000,9.25,11.0,837.5,0.2,8.2,8260.0,8.205
2026-03-28 09:00:00+00:00,USGS-09380000,8.95,10.8,839.0,0.2,8.2,7600.0,8.01
2026-03-28 10:00:00+00:00,USGS-09380000,8.55,10.7,840.5,0.2,8.1,6945.0,7.805
2026-03-28 11:00:00+00:00,USGS-09380000,8.25,10.55,841.0,0.2,8.1,6485.0,7.654999999999999
2026-03-28 12:00:00+00:00,USGS-09380000,8.0,10.45,842.0,0.2,8.0,6165.0,7.545
2026-03-28 13:00:00+00:00,USGS-09380000,7.8,10.4,843.0,0.25,8.0,6000.0,7.49
2026-03-28 14:00:00+00:00,USGS-09380000,7.65,10.3,843.0,0.2,8.0,6180.0,7.550000000000001
2026-03-28 15:00:00+00:00,USGS-09380000,7.6,10.2,843.5,0.2,8.0,6930.0,7.8
2026-03-28 16:00:00+00:00,USGS-09380000,7.5,10.2,844.0,0.2,8.0,7635.0,8.02
2026-03-28 17:00:00+00:00,USGS-09380000,7.55,10.2,844.0,0.2,8.0,7985.0,8.125
2026-03-28 18:00:00+00:00,USGS-09380000,7.7,10.2,844.0,0.2,8.0,8155.0,8.175
2026-03-28 19:00:00+00:00,USGS-09380000,7.95,10.3,844.0,0.2,8.0,8210.0,8.19
2026-03-28 20:00:00+00:00,USGS-09380000,8.2,10.4,843.5,0.2,8.0,8225.0,8.195
2026-03-28 21:00:00+00:00,USGS-09380000,8.4,10.55,842.0,0.2,8.1,8210.0,8.19
2026-03-28 22:00:00+00:00,USGS-09380000,8.7,10.7,841.0,0.2,8.1,8210.0,8.19
2026-03-28 23:00:00+00:00,USGS-09380000,8.95,10.8,840.0,0.2,8.1,8225.0,8.195
2026-03-29 00:00:00+00:00,USGS-09380000,9.3,11.0,840.0,0.2,8.2,8280.0,8.21
2026-03-29 01:00:00+00:00,USGS-09380000,9.5,11.0,840.0,0.2,8.2,8400.0,8.245000000000001
2026-03-29 02:00:00+00:00,USGS-09380000,9.6,11.0,840.0,0.2,8.2,8595.0,8.3
2026-03-29 03:00:00+00:00,USGS-09380000,9.6,10.9,839.0,0.2,8.2,8755.0,8.344999999999999
2026-03-29 04:00:00+00:00,USGS-09380000,9.6,11.0,838.0,0.2,8.3,8895.0,8.385000000000002
2026-03-29 05:00:00+00:00,USGS-09380000,9.6,11.0,837.0,0.2,8.3,8950.0,8.4
2026-03-29 06:00:00+00:00,USGS-09380000,9.6,11.0,837.0,0.1,8.3,8875.0,8.379999999999999
2026-03-29 07:00:00+00:00,USGS-09380000,9.45,10.95,838.0,0.2,8.25,8575.0,8.295
2026-03-29 08:00:00+00:00,USGS-09380000,9.25,10.850000000000001,838.0,0.15000000000000002,8.2,8105.0,8.16
2026-03-29 09:00:00+00:00,USGS-09380000,8.95,10.75,838.0,0.2,8.2,7420.0,7.955
2026-03-29 10:00:00+00:00,USGS-09380000,8.649999999999999,10.649999999999999,837.0,0.2,8.1,6820.0,7.765000000000001
2026-03-29 11:00:00+00:00,USGS-09380000,8.45,10.55,836.0,0.2,8.1,6395.0,7.625
2026-03-29 12:00:00+00:00,USGS-09380000,8.2,10.45,836.5,0.2,8.1,6135.0,7.535
2026-03-29 13:00:00+00:00,USGS-09380000,8.0,10.4,837.0,0.2,8.0,5980.0,7.48
2026-03-29 14:00:00+00:00,USGS-09380000,7.85,10.3,838.0,0.2,8.0,6180.0,7.550000000000001
2026-03-29 15:00:00+00:00,USGS-09380000,7.75,10.3,838.5,0.2,8.0,6915.0,7.795
2026-03-29 16:00:00+00:00,USGS-09380000,7.65,10.2,840.0,0.3,8.0,7620.0,8.015
2026-03-29 17:00:00+00:00,USGS-09380000,7.65,10.3,841.0,0.2,8.0,8005.0,8.129999999999999
2026-03-29 18:00:00+00:00,USGS-09380000,7.8,10.350000000000001,842.0,0.2,8.0,8125.0,8.165
2026-03-29 19:00:00+00:00,USGS-09380000,8.05,10.5,842.0,0.25,8.0,8155.0,8.175
2026-03-29 20:00:00+00:00,USGS-09380000,8.350000000000001,10.6,841.5,0.2,8.1,8210.0,8.19
2026-03-29 21:00:00+00:00,USGS-09380000,8.6,10.8,840.5,0.2,8.1,8210.0,8.19
2026-03-29 22:00:00+00:00,USGS-09380000,8.850000000000001,10.9,839.0,0.2,8.1,8225.0,8.195
2026-03-29 23:00:00+00:00,USGS-09380000,9.149999999999999,11.0,837.5,0.2,8.2,8240.0,8.2
2026-03-30 00:00:00+00:00,USGS-09380000,9.4,11.0,836.0,0.2,8.2,8295.0,8.215
2026-03-30 01:00:00+00:00,USGS-09380000,9.6,11.0,835.0,0.2,8.2,8400.0,8.245000000000001
2026-03-30 02:00:00+00:00,USGS-09380000,9.75,11.0,835.0,0.2,8.3,8575.0,8.295
2026-03-30 03:00:00+00:00,USGS-09380000,9.8,11.0,834.0,0.2,8.3,8770.0,8.35
2026-03-30 04:00:00+00:00,USGS-09380000,9.8,11.0,834.5,0.2,8.3,8895.0,8.385000000000002
2026-03-30 05:00:00+00:00,USGS-09380000,9.7,11.0,835.0,0.30000000000000004,8.3,8950.0,8.4
2026-03-30 06:00:00+00:00,USGS-09380000,9.6,10.9,837.0,0.2,8.3,8860.0,8.375
2026-03-30 07:00:00+00:00,USGS-09380000,9.45,10.9,838.5,0.25,8.2,8555.0,8.29
2026-03-30 08:00:00+00:00,USGS-09380000,9.2,10.8,839.0,0.2,8.2,8085.0,8.155000000000001
2026-03-30 09:00:00+00:00,USGS-09380000,8.95,10.75,840.0,0.2,8.2,7440.0,7.96
2026-03-30 10:00:00+00:00,USGS-09380000,8.649999999999999,10.7,840.0,0.2,8.1,6840.0,7.77
2026-03-30 11:00:00+00:00,USGS-09380000,8.4,10.6,841.0,0.2,8.1,6395.0,7.625
2026-03-30 12:00:00+00:00,USGS-09380000,8.149999999999999,10.6,842.0,0.2,8.1,6150.0,7.54
2026-03-30 13:00:00+00:00,USGS-09380000,7.95,10.5,843.0,0.2,8.0,5980.0,7.48
2026-03-30 14:00:00+00:00,USGS-09380000,7.7,10.5,844.0,0.3,8.0,6165.0,7.545
2026-03-30 15:00:00+00:00,USGS-09380000,7.6,10.4,845.0,0.2,8.0,6930.0,7.8
2026-03-30 16:00:00+00:00,USGS-09380000,7.5,10.4,846.0,0.35,8.0,7755.0,8.055
2026-03-30 17:00:00+00:00,USGS-09380000,7.5,10.4,846.5,0.2,8.0,8295.0,8.215
2026-03-30 18:00:00+00:00,USGS-09380000,7.65,10.5,846.0,0.2,8.0,8595.0,8.3
2026-03-30 19:00:00+00:00,USGS-09380000,7.95,10.6,844.0,0.3,8.0,8630.0,8.31
2026-03-30 20:00:00+00:00,USGS-09380000,8.350000000000001,10.75,841.5,0.30000000000000004,8.05,8520.0,8.28
2026-03-30 21:00:00+00:00,USGS-09380000,8.649999999999999,10.9,839.0,0.25,8.1,8420.0,8.25
2026-03-30 22:00:00+00:00,USGS-09380000,8.95,11.0,838.0,0.25,8.1,8380.0,8.24
2026-03-30 23:00:00+00:00,USGS-09380000,9.2,11.1,838.0,0.3,8.2,8380.0,8.24
2026-03-31 00:00:00+00:00,USGS-09380000,9.350000000000001,11.2,839.0,0.2,8.2,8505.0,8.274999999999999
2026-03-31 01:00:00+00:00,USGS-09380000,9.5,11.2,841.0,0.2,8.2,8755.0,8.344999999999999
2026-03-31 02:00:00+00:00,USGS-09380000,9.6,11.2,842.0,0.2,8.2,8880.0,8.38
2026-03-31 03:00:00+00:00,USGS-09380000,9.6,11.2,843.0,0.2,8.2,9005.0,8.415
2026-03-31 04:00:00+00:00,USGS-09380000,9.6,11.2,843.0,0.2,8.2,9060.0,8.43
2026-03-31 05:00:00+00:00,USGS-09380000,9.6,11.2,842.0,0.2,8.2,9060.0,8.43
2026-03-31 06:00:00+00:00,USGS-09380000,9.6,11.2,840.5,0.2,8.3,9060.0,8.43
2026-03-31 07:00:00+00:00,USGS-09380000,9.45,11.1,839.5,0.2,8.2,8970.0,8.405000000000001
2026-03-31 08:00:00+00:00,USGS-09380000,9.25,11.0,838.5,0.2,8.2,8520.0,8.280000000000001
2026-03-31 09:00:00+00:00,USGS-09380000,8.95,10.9,838.0,0.2,8.2,7800.0,8.07
2026-03-31 10:00:00+00:00,USGS-09380000,8.649999999999999,10.8,838.0,0.2,8.1,7055.0,7.84
2026-03-31 11:00:00+00:00,USGS-09380000,8.4,10.7,838.5,0.2,8.1,6545.0,7.675000000000001
2026-03-31 12:00:00+00:00,USGS-09380000,8.149999999999999,10.6,839.0,0.2,8.1,6210.0,7.5600000000000005
2026-03-31 13:00:00+00:00,USGS-09380000,7.95,10.55,840.0,0.2,8.0,6015.0,7.495
2026-03-31 14:00:00+00:00,USGS-09380000,7.8,10.45,840.5,0.3,8.0,6190.0,7.555
2026-03-31 15:00:00+00:00,USGS-09380000,7.7,10.4,841.0,0.2,8.0,6965.0,7.81
2026-03-31 16:00:00+00:00,USGS-09380000,7.6,10.3,842.0,0.3,8.0,7785.0,8.065
2026-03-31 17:00:00+00:00,USGS-09380000,7.7,10.3,841.0,0.35,8.0,8400.0,8.245000000000001
2026-03-31 18:00:00+00:00,USGS-09380000,7.85,10.3,839.5,0.3,8.0,8755.0,8.344999999999999
2026-03-31 19:00:00+00:00,USGS-09380000,8.149999999999999,10.350000000000001,835.5,0.25,8.0,8755.0,8.344999999999999
2026-03-31 20:00:00+00:00,USGS-09380000,8.45,10.4,832.5,0.4,8.1,8575.0,8.295
2026-03-31 21:00:00+00:00,USGS-09380000,8.649999999999999,10.5,830.0,0.55,8.1,8435.0,8.254999999999999
2026-03-31 22:00:00+00:00,USGS-09380000,8.95,10.6,828.0,0.5,8.1,8295.0,8.215
2026-03-31 23:00:00+00:00,USGS-09380000,9.2,10.7,828.0,0.5,8.2,8170.0,8.18
2026-04-01 00:00:00+00:00,USGS-09380000,9.3,10.8,828.5,0.5,8.2,8170.0,8.18
2026-04-01 01:00:00+00:00,USGS-09380000,9.5,10.8,830.0,0.4,8.2,8365.0,8.235
2026-04-01 02:00:00+00:00,USGS-09380000,9.6,10.9,830.0,0.3,8.25,8595.0,8.3
2026-04-01 03:00:00+00:00,USGS-09380000,9.7,10.9,830.0,0.35,8.3,8720.0,8.335
2026-04-01 04:00:00+00:00,USGS-09380000,9.649999999999999,10.9,831.0,0.35,8.3,8930.0,8.395
2026-04-01 05:00:00+00:00,USGS-09380000,9.6,10.9,832.0,0.25,8.25,9020.0,8.42
2026-04-01 06:00:00+00:00,USGS-09380000,9.45,10.8,833.0,0.3,8.2,8990.0,8.41
2026-04-01 07:00:00+00:00,USGS-09380000,9.3,10.7,834.0,0.3,8.2,8935.0,8.395
2026-04-01 08:00:00+00:00,USGS-09380000,9.1,10.6,835.0,0.3,8.2,8570.0,8.285
2026-04-01 09:00:00+00:00,USGS-09380000,8.850000000000001,10.5,836.0,0.3,8.2,8020.0,8.120000000000001
2026-04-01 10:00:00+00:00,USGS-09380000,8.55,10.4,839.5,0.35,8.1,7740.0,8.03
2026-04-01 11:00:00+00:00,USGS-09380000,8.2,10.2,843.5,0.25,8.05,7740.0,8.03
2026-04-01 12:00:00+00:00,USGS-09380000,7.9,10.05,847.5,0.25,8.0,7770.0,8.04
2026-04-01 13:00:00+00:00,USGS-09380000,7.65,9.9,851.5,0.3,8.0,7770.0,8.04
2026-04-01 14:00:00+00:00,USGS-09380000,7.5,9.8,853.0,0.25,8.0,7840.0,8.06
2026-04-01 15:00:00+00:00,USGS-09380000,7.4,9.7,854.0,0.25,7.9,7885.0,8.075
2026-04-01 16:00:00+00:00,USGS-09380000,7.4,9.7,854.0,0.3,7.9,7985.0,8.105
2026-04-01 17:00:00+00:00,USGS-09380000,7.45,9.7,852.0,0.3,7.95,8140.0,8.15
2026-04-01 18:00:00+00:00,USGS-09380000,7.65,9.8,849.5,0.30000000000000004,8.0,8110.0,8.14
2026-04-01 19:00:00+00:00,USGS-09380000,7.95,9.850000000000001,846.5,0.4,8.0,8190.0,8.165
2026-04-01 20:00:00+00:00,USGS-09380000,8.2,9.95,843.5,,8.0,8240.0,8.18
2026-04-01 21:00:00+00:00,USGS-09380000,8.4,10.1,842.0,,8.1,8240.0,8.18
2026-04-01 22:00:00+00:00,USGS-09380000,8.55,10.149999999999999,842.0,,8.1,8280.0,8.19
2026-04-01 23:00:00+00:00,USGS-09380000,8.75,10.2,841.0,,8.1,8295.0,8.195
2026-04-02 00:00:00+00:00,USGS-09380000,9.0,10.3,840.0,,8.1,8275.0,8.19
2026-04-02 01:00:00+00:00,USGS-09380000,9.2,10.3,837.5,,8.2,8245.0,8.18
2026-04-02 02:00:00+00:00,USGS-09380000,9.4,10.4,832.5,1.0,8.2,8280.0,8.19
2026-04-02 03:00:00+00:00,USGS-09380000,9.55,10.4,829.0,0.9,8.2,8310.0,8.2
2026-04-02 04:00:00+00:00,USGS-09380000,9.6,10.5,828.0,0.8,8.3,8310.0,8.2
2026-04-02 05:00:00+00:00,USGS-09380000,9.6,10.6,829.0,0.9,8.3,8310.0,8.2
2026-04-02 06:00:00+00:00,USGS-09380000,9.55,10.6,831.0,0.75,8.3,8260.0,8.184999999999999
2026-04-02 07:00:00+00:00,USGS-09380000,9.4,10.6,834.5,0.8,8.2,8140.0,8.15
2026-04-02 08:00:00+00:00,USGS-09380000,9.149999999999999,10.5,838.5,0.8,8.2,8040.0,8.12
2026-04-02 09:00:00+00:00,USGS-09380000,8.850000000000001,10.350000000000001,842.5,0.7,8.149999999999999,7955.0,8.094999999999999
2026-04-02 10:00:00+00:00,USGS-09380000,8.45,10.2,847.5,0.6499999999999999,8.1,7900.0,8.08
2026-04-02 11:00:00+00:00,USGS-09380000,8.1,10.0,851.0,0.6499999999999999,8.05,7870.0,8.07
2026-04-02 12:00:00+00:00,USGS-09380000,7.75,9.850000000000001,854.0,0.6499999999999999,8.0,7870.0,8.07
2026-04-02 13:00:00+00:00,USGS-09380000,7.45,9.649999999999999,856.0,0.6,8.0,7870.0,8.07
2026-04-02 14:00:00+00:00,USGS-09380000,7.25,9.5,858.5,0.6499999999999999,7.9,7900.0,8.08
2026-04-02 15:00:00+00:00,USGS-09380000,7.1,9.4,860.5,0.6499999999999999,7.9,7955.0,8.094999999999999
2026-04-02 16:00:00+00:00,USGS-09380000,7.0,9.3,863.0,0.7,7.9,8020.0,8.114999999999998
2026-04-02 17:00:00+00:00,USGS-09380000,7.0,9.3,865.0,0.7,7.9,8140.0,8.15
2026-04-02 18:00:00+00:00,USGS-09380000,7.1,9.4,865.0,0.6,7.9,8210.0,8.17
2026-04-02 19:00:00+00:00,USGS-09380000,7.35,9.5,865.0,0.6,7.9,8260.0,8.184999999999999
2026-04-02 20:00:00+00:00,USGS-09380000,7.6,9.6,865.0,0.6,8.0,8260.0,8.184999999999999
2026-04-02 21:00:00+00:00,USGS-09380000,7.85,9.8,864.5,0.8,8.0,8260.0,8.184999999999999
2026-04-02 22:00:00+00:00,USGS-09380000,8.2,9.95,862.5,0.75,8.0,8280.0,8.19
2026-04-02 23:00:00+00:00,USGS-09380000,8.55,10.1,858.5,0.8,8.1,8245.0,8.18
2026-04-03 00:00:00+00:00,USGS-09380000,8.850000000000001,10.25,853.5,1.1,8.1,8210.0,8.17
2026-04-03 01:00:00+00:00,USGS-09380000,9.149999999999999,10.4,849.5,1.0,8.2,8225.0,8.175
2026-04-03 02:00:00+00:00,USGS-09380000,9.4,10.5,845.5,1.05,8.2,8210.0,8.17
2026-04-03 03:00:00+00:00,USGS-09380000,9.6,10.6,842.0,1.2,8.2,8225.0,8.175
2026-04-03 04:00:00+00:00,USGS-09380000,9.6,10.75,839.0,0.7,8.2,8310.0,8.2
2026-04-03 05:00:00+00:00,USGS-09380000,9.6,10.8,837.0,0.6499999999999999,8.3,8275.0,8.19
2026-04-03 06:00:00+00:00,USGS-09380000,9.6,10.9,836.5,1.0,8.3,8140.0,8.15
2026-04-03 07:00:00+00:00,USGS-09380000,9.6,10.8,837.0,1.05,8.3,8020.0,8.114999999999998
2026-04-03 08:00:00+00:00,USGS-09380000,9.45,10.7,837.0,0.9,8.2,7900.0,8.08
2026-04-03 09:00:00+00:00,USGS-09380000,9.2,10.55,838.0,0.8,8.2,7835.0,8.06
2026-04-03 10:00:00+00:00,USGS-09380000,8.95,10.350000000000001,840.0,0.6499999999999999,8.2,7870.0,8.07
2026-04-03 11:00:00+00:00,USGS-09380000,8.6,10.149999999999999,842.5,0.55,8.1,7900.0,8.08
2026-04-03 12:00:00+00:00,USGS-09380000,8.25,9.95,845.5,0.5,8.1,7920.0,8.085
2026-04-03 13:00:00+00:00,USGS-09380000,7.95,9.8,848.5,0.5,8.0,7900.0,8.08
2026-04-03 14:00:00+00:00,USGS-09380000,7.65,9.649999999999999,852.5,0.5,8.0,7870.0,8.07
2026-04-03 15:00:00+00:00,USGS-09380000,7.4,9.5,858.0,0.5,7.9,7890.0,8.075
2026-04-03 16:00:00+00:00,USGS-09380000,7.2,9.4,863.5,0.6,7.9,8020.0,8.114999999999998
2026-04-03 17:00:00+00:00,USGS-09380000,7.1,9.3,867.5,0.6,7.9,8140.0,8.15
2026-04-03 18:00:00+00:00,USGS-09380000,7.1,9.3,873.0,0.5,7.9,8210.0,8.17
2026-04-03 19:00:00+00:00,USGS-09380000,7.2,9.3,877.5,0.5,7.9,8280.0,8.19
2026-04-03 20:00:00+00:00,USGS-09380000,7.4,9.45,881.5,0.5,7.9,8310.0,8.2
2026-04-03 21:00:00+00:00,USGS-09380000,7.55,9.6,884.5,0.4,7.9,8310.0,8.2
2026-04-03 22:00:00+00:00,USGS-09380000,7.75,9.75,887.0,0.5,8.0,8310.0,8.2
2026-04-03 23:00:00+00:00,USGS-09380000,8.0,9.9,887.0,0.7,8.0,8295.0,8.195
2026-04-04 00:00:00+00:00,USGS-09380000,8.25,10.0,884.5,0.7,8.0,8310.0,8.2
2026-04-04 01:00:00+00:00,USGS-09380000,8.45,10.0,881.5,0.7,8.1,8310.0,8.2
2026-04-04 02:00:00+00:00,USGS-09380000,8.6,10.0,878.0,0.65,8.1,8280.0,8.19
2026-04-04 03:00:00+00:00,USGS-09380000,8.649999999999999,10.0,874.5,0.4,8.1,8295.0,8.195
2026-04-04 04:00:00+00:00,USGS-09380000,8.75,10.05,870.5,0.4,8.1,8310.0,8.2
2026-04-04 05:00:00+00:00,USGS-09380000,8.850000000000001,10.149999999999999,866.5,0.6,8.1,8280.0,8.19
2026-04-04 06:00:00+00:00,USGS-09380000,9.0,10.25,861.0,0.6499999999999999,8.2,8260.0,8.184999999999999
2026-04-04 07:00:00+00:00,USGS-09380000,9.1,10.3,855.5,0.6,8.2,8140.0,8.15
2026-04-04 08:00:00+00:00,USGS-09380000,9.1,10.3,850.5,0.5,8.2,8070.0,8.13
2026-04-04 09:00:00+00:00,USGS-09380000,8.850000000000001,10.2,847.5,0.5,8.2,7970.0,8.1
2026-04-04 10:00:00+00:00,USGS-09380000,8.6,10.1,846.0,0.6,8.1,7900.0,8.08
2026-04-04 11:00:00+00:00,USGS-09380000,8.25,9.95,847.0,0.4,8.1,7870.0,8.07
2026-04-04 12:00:00+00:00,USGS-09380000,7.95,9.850000000000001,849.0,0.5,8.0,7855.0,8.065000000000001
2026-04-04 13:00:00+00:00,USGS-09380000,7.6,9.75,853.5,0.4,8.0,7840.0,8.06
2026-04-04 14:00:00+00:00,USGS-09380000,7.35,9.649999999999999,858.0,,7.9,7800.0,8.05
2026-04-04 15:00:00+00:00,USGS-09380000,7.15,9.6,862.5,0.4,7.9,7840.0,8.06
2026-04-04 16:00:00+00:00,USGS-09380000,7.0,9.5,866.5,0.4,7.9,7840.0,8.06
2026-04-04 17:00:00+00:00,USGS-09380000,7.0,9.4,869.5,0.4,7.9,7985.0,8.105
2026-04-04 18:00:00+00:00,USGS-09380000,7.05,9.5,872.0,0.55,7.9,8125.0,8.145
2026-04-04 19:00:00+00:00,USGS-09380000,7.25,9.649999999999999,872.0,0.45,7.9,8190.0,8.165
2026-04-04 20:00:00+00:00,USGS-09380000,7.6,9.850000000000001,870.0,0.8,7.95,8240.0,8.18
2026-04-04 21:00:00+00:00,USGS-09380000,7.95,10.05,866.5,,8.0,8240.0,8.18
2026-04-04 22:00:00+00:00,USGS-09380000,8.25,10.3,863.5,0.9,8.0,8240.0,8.18
2026-04-04 23:00:00+00:00,USGS-09380000,8.55,10.45,860.5,0.6,8.1,8280.0,8.19
2026-04-05 00:00:00+00:00,USGS-09380000,8.8,10.55,858.5,0.6,8.1,8280.0,8.19
2026-04-05 01:00:00+00:00,USGS-09380000,8.95,10.6,858.0,0.6,8.1,8280.0,8.19
2026-04-05 02:00:00+00:00,USGS-09380000,9.0,10.5,857.5,0.6,8.1,8280.0,8.19
2026-04-05 03:00:00+00:00,USGS-09380000,9.1,10.5,856.0,0.7,8.2,8280.0,8.19
2026-04-05 04:00:00+00:00,USGS-09380000,9.2,10.6,854.0,0.8500000000000001,8.2,8280.0,8.19
2026-04-05 05:00:00+00:00,USGS-09380000,9.2,10.7,852.5,0.7,8.2,8225.0,8.175
2026-04-05 06:00:00+00:00,USGS-09380000,9.3,10.8,851.0,0.6,8.2,8110.0,8.14
2026-04-05 07:00:00+00:00,USGS-09380000,9.2,10.8,851.0,0.6499999999999999,8.2,7985.0,8.105
2026-04-05 08:00:00+00:00,USGS-09380000,9.05,10.75,852.0,0.6,8.2,7920.0,8.085
2026-04-05 09:00:00+00:00,USGS-09380000,8.8,10.6,853.0,0.6,8.149999999999999,7870.0,8.07
2026-04-05 10:00:00+00:00,USGS-09380000,8.45,10.5,853.0,0.4,8.1,7870.0,8.07
2026-04-05 11:00:00+00:00,USGS-09380000,8.149999999999999,10.4,853.0,0.45,8.05,7870.0,8.07
2026-04-05 12:00:00+00:00,USGS-09380000,7.85,10.350000000000001,853.0,0.45,8.0,7870.0,8.07
2026-04-05 13:00:00+00:00,USGS-09380000,7.6,10.3,853.0,0.4,8.0,7885.0,8.075
2026-04-05 14:00:00+00:00,USGS-09380000,7.5,10.3,853.0,0.4,8.0,7870.0,8.07
2026-04-05 15:00:00+00:00,USGS-09380000,7.4,10.25,854.0,0.4,8.0,7870.0,8.07
2026-04-05 16:00:00+00:00,USGS-09380000,7.3,10.2,854.5,0.4,7.9,7900.0,8.08
2026-04-05 17:00:00+00:00,USGS-09380000,7.4,10.2,853.5,0.5,7.9,8020.0,8.114999999999998
2026-04-05 18:00:00+00:00,USGS-09380000,7.55,10.2,851.5,0.55,8.0,8125.0,8.145
2026-04-05 19:00:00+00:00,USGS-09380000,7.85,10.3,849.0,0.6499999999999999,8.0,8190.0,8.165
2026-04-05 20:00:00+00:00,USGS-09380000,8.149999999999999,10.4,847.0,0.8,8.0,8240.0,8.18
2026-04-05 21:00:00+00:00,USGS-09380000,8.4,10.55,847.0,1.0,8.1,8280.0,8.19
2026-04-05 22:00:00+00:00,USGS-09380000,8.649999999999999,10.7,847.0,0.9,8.1,8280.0,8.19
2026-04-05 23:00:00+00:00,USGS-09380000,8.850000000000001,10.75,848.5,0.8,8.1,8280.0,8.19
2026-04-06 00:00:00+00:00,USGS-09380000,9.05,10.8,850.5,0.75,8.1,8295.0,8.195
2026-04-06 01:00:00+00:00,USGS-09380000,9.1,10.8,852.0,0.7,8.149999999999999,8295.0,8.195
2026-04-06 02:00:00+00:00,USGS-09380000,9.2,10.7,853.0,0.5,8.2,8310.0,8.2
2026-04-06 03:00:00+00:00,USGS-09380000,9.2,10.7,854.0,0.5,8.2,8280.0,8.19
2026-04-06 04:00:00+00:00,USGS-09380000,9.2,10.75,853.5,0.5,8.2,8280.0,8.19
2026-04-06 05:00:00+00:00,USGS-09380000,9.3,10.8,852.5,0.4,8.2,8240.0,8.18
2026-04-06 06:00:00+00:00,USGS-09380000,9.3,10.9,851.0,0.75,8.2,8155.0,8.155000000000001
2026-04-06 07:00:00+00:00,USGS-09380000,9.3,10.9,850.0,0.6,8.2,8040.0,8.12
2026-04-06 08:00:00+00:00,USGS-09380000,9.149999999999999,10.9,850.0,0.6,8.2,7970.0,8.1
2026-04-06 09:00:00+00:00,USGS-09380000,8.850000000000001,10.75,850.0,0.6,8.2,7900.0,8.08
2026-04-06 10:00:00+00:00,USGS-09380000,8.55,10.6,851.0,0.4,8.1,7885.0,8.075
2026-04-06 11:00:00+00:00,USGS-09380000,8.149999999999999,10.45,851.5,0.4,8.1,7870.0,8.07
2026-04-06 12:00:00+00:00,USGS-09380000,7.85,10.3,852.0,0.4,8.0,7870.0,8.07
2026-04-06 13:00:00+00:00,USGS-09380000,7.55,10.2,853.0,0.4,8.0,7870.0,8.07
2026-04-06 14:00:00+00:00,USGS-09380000,7.4,10.149999999999999,854.0,0.35,8.0,7870.0,8.07
2026-04-06 15:00:00+00:00,USGS-09380000,7.3,10.1,855.0,0.45,7.9,7885.0,8.075
2026-04-06 16:00:00+00:00,USGS-09380000,7.25,10.1,855.0,0.55,7.9,8020.0,8.114999999999998
2026-04-06 17:00:00+00:00,USGS-09380000,7.3,10.2,854.0,0.4,7.9,8110.0,8.14
2026-04-06 18:00:00+00:00,USGS-09380000,7.55,10.2,853.5,0.45,8.0,8190.0,8.165
2026-04-06 19:00:00+00:00,USGS-09380000,7.8,10.3,853.0,0.45,8.0,8225.0,8.175
2026-04-06 20:00:00+00:00,USGS-09380000,8.0,10.4,852.0,0.4,8.0,8240.0,8.18
2026-04-06 21:00:00+00:00,USGS-09380000,8.2,10.5,852.0,0.5,8.0,8260.0,8.184999999999999
2026-04-06 22:00:00+00:00,USGS-09380000,8.4,10.55,852.0,0.5,8.1,8260.0,8.184999999999999
2026-04-06 23:00:00+00:00,USGS-09380000,8.6,10.6,852.0,0.45,8.1,8295.0,8.195
2026-04-07 00:00:00+00:00,USGS-09380000,8.850000000000001,10.7,851.5,0.45,8.1,8295.0,8.195
2026-04-07 01:00:00+00:00,USGS-09380000,9.149999999999999,10.8,851.0,0.4,8.2,8310.0,8.2
2026-04-07 02:00:00+00:00,USGS-09380000,9.3,10.8,851.0,0.45,8.2,8280.0,8.19
2026-04-07 03:00:00+00:00,USGS-09380000,9.4,10.8,852.0,0.5,8.2,8310.0,8.2
2026-04-07 04:00:00+00:00,USGS-09380000,9.3,10.8,852.5,0.4,8.2,8280.0,8.19
2026-04-07 05:00:00+00:00,USGS-09380000,9.2,10.8,854.0,0.4,8.2,8280.0,8.19
2026-04-07 06:00:00+00:00,USGS-09380000,9.1,10.8,854.0,0.4,8.2,8260.0,8.184999999999999
2026-04-07 07:00:00+00:00,USGS-09380000,9.0,10.7,855.0,0.45,8.2,8125.0,8.145
2026-04-07 08:00:00+00:00,USGS-09380000,8.850000000000001,10.649999999999999,854.5,0.4,8.2,8020.0,8.114999999999998
2026-04-07 09:00:00+00:00,USGS-09380000,8.7,10.6,853.0,0.4,8.1,7970.0,8.1
2026-04-07 10:00:00+00:00,USGS-09380000,8.5,10.5,850.5,0.4,8.1,7940.0,8.09
2026-04-07 11:00:00+00:00,USGS-09380000,8.3,10.5,847.5,0.45,8.1,7900.0,8.08
2026-04-07 12:00:00+00:00,USGS-09380000,8.149999999999999,10.5,844.5,0.4,8.05,7870.0,8.07
2026-04-07 13:00:00+00:00,USGS-09380000,7.95,10.4,843.0,0.5,8.0,7870.0,8.07
2026-04-07 14:00:00+00:00,USGS-09380000,7.8,10.4,843.0,0.4,8.0,7870.0,8.07
2026-04-07 15:00:00+00:00,USGS-09380000,7.7,10.4,843.0,0.4,8.0,7870.0,8.07
2026-04-07 16:00:00+00:00,USGS-09380000,7.7,10.3,844.0,0.45,8.0,7900.0,8.08
2026-04-07 17:00:00+00:00,USGS-09380000,7.7,10.4,844.0,0.55,8.0,8040.0,8.12
2026-04-07 18:00:00+00:00,USGS-09380000,7.85,10.4,844.0,0.55,8.0,8110.0,8.14
2026-04-07 19:00:00+00:00,USGS-09380000,8.1,10.6,843.0,0.55,8.0,8190.0,8.165
2026-04-07 20:00:00+00:00,USGS-09380000,8.350000000000001,10.7,843.0,0.6,8.05,8240.0,8.18
2026-04-07 21:00:00+00:00,USGS-09380000,8.649999999999999,10.850000000000001,842.0,0.5,8.1,8280.0,8.19
2026-04-07 22:00:00+00:00,USGS-09380000,8.95,11.0,842.0,0.6,8.1,8280.0,8.19
2026-04-07 23:00:00+00:00,USGS-09380000,9.2,11.149999999999999,841.5,0.55,8.2,8280.0,8.19
2026-04-08 00:00:00+00:00,USGS-09380000,9.4,11.2,841.0,0.6,8.2,8280.0,8.19
2026-04-08 01:00:00+00:00,USGS-09380000,9.6,11.2,840.0,0.7,8.2,8280.0,8.19
2026-04-08 02:00:00+00:00,USGS-09380000,9.649999999999999,11.3,838.0,0.55,8.2,8260.0,8.184999999999999
2026-04-08 03:00:00+00:00,USGS-09380000,9.7,11.3,837.0,0.5,8.2,8260.0,8.184999999999999
2026-04-08 04:00:00+00:00,USGS-09380000,9.8,11.3,837.0,0.5,8.3,8310.0,8.2
2026-04-08 05:00:00+00:00,USGS-09380000,9.8,11.4,837.5,0.4,8.3,8295.0,8.195
2026-04-08 06:00:00+00:00,USGS-09380000,9.8,11.4,838.5,0.4,8.3,8280.0,8.19
2026-04-08 07:00:00+00:00,USGS-09380000,9.7,11.4,839.0,0.4,8.3,8260.0,8.184999999999999
2026-04-08 08:00:00+00:00,USGS-09380000,9.5,11.4,840.0,0.4,8.3,8155.0,8.155000000000001
2026-04-08 09:00:00+00:00,USGS-09380000,9.25,11.3,840.0,0.4,8.2,8055.0,8.125
2026-04-08 10:00:00+00:00,USGS-09380000,8.95,11.149999999999999,840.0,0.4,8.2,7985.0,8.105
2026-04-08 11:00:00+00:00,USGS-09380000,8.649999999999999,11.0,841.0,0.5,8.1,7940.0,8.09
2026-04-08 12:00:00+00:00,USGS-09380000,8.350000000000001,10.8,841.0,0.4,8.1,7900.0,8.08
2026-04-08 13:00:00+00:00,USGS-09380000,8.05,10.649999999999999,842.5,0.45,8.0,7870.0,8.07
2026-04-08 14:00:00+00:00,USGS-09380000,7.85,10.55,844.0,0.5,8.0,7885.0,8.075
2026-04-08 15:00:00+00:00,USGS-09380000,7.75,10.5,845.0,0.5,8.0,7870.0,8.07
2026-04-08 16:00:00+00:00,USGS-09380000,7.7,10.4,846.0,0.5,8.0,7920.0,8.085
2026-04-08 17:00:00+00:00,USGS-09380000,7.7,10.4,847.5,0.5,8.0,8005.0,8.11
2026-04-08 18:00:00+00:00,USGS-09380000,7.8,10.5,848.0,0.55,8.0,8110.0,8.14
2026-04-08 19:00:00+00:00,USGS-09380000,8.05,10.6,848.5,0.6,8.0,8190.0,8.165
2026-04-08 20:00:00+00:00,USGS-09380000,8.350000000000001,10.75,848.0,0.5,8.0,8240.0,8.18
2026-04-08 21:00:00+00:00,USGS-09380000,8.649999999999999,10.95,847.0,0.6499999999999999,8.1,8240.0,8.18
2026-04-08 22:00:00+00:00,USGS-09380000,8.95,11.149999999999999,846.0,0.6,8.1,8280.0,8.19
2026-04-08 23:00:00+00:00,USGS-09380000,9.25,11.350000000000001,844.0,0.6,8.2,8280.0,8.19
2026-04-09 00:00:00+00:00,USGS-09380000,9.55,11.5,842.0,0.55,8.2,8280.0,8.19
2026-04-09 01:00:00+00:00,USGS-09380000,9.7,11.6,840.5,0.55,8.2,8280.0,8.19
2026-04-09 02:00:00+00:00,USGS-09380000,9.8,11.6,840.0,0.5,8.3,8310.0,8.2
2026-04-09 03:00:00+00:00,USGS-09380000,9.9,11.6,839.0,0.45,8.3,8295.0,8.195
2026-04-09 04:00:00+00:00,USGS-09380000,9.9,11.6,837.5,0.45,8.3,8280.0,8.19
2026-04-09 05:00:00+00:00,USGS-09380000,10.0,11.7,836.5,0.4,8.3,8310.0,8.2
2026-04-09 06:00:00+00:00,USGS-09380000,10.0,11.7,835.5,0.4,8.3,8295.0,8.195
2026-04-09 07:00:00+00:00,USGS-09380000,9.9,11.7,835.0,0.5,8.3,8240.0,8.18
2026-04-09 08:00:00+00:00,USGS-09380000,9.75,11.55,834.0,0.45,8.3,8140.0,8.15
2026-04-09 09:00:00+00:00,USGS-09380000,9.45,11.4,834.0,0.5,8.25,8040.0,8.12
2026-04-09 10:00:00+00:00,USGS-09380000,9.149999999999999,11.25,835.0,0.45,8.2,7985.0,8.105
2026-04-09 11:00:00+00:00,USGS-09380000,8.8,11.05,835.0,0.5,8.149999999999999,7955.0,8.094999999999999
2026-04-09 12:00:00+00:00,USGS-09380000,8.5,10.9,835.0,0.5,8.1,7900.0,8.08
2026-04-09 13:00:00+00:00,USGS-09380000,8.25,10.8,835.0,0.5,8.1,7900.0,8.08
2026-04-09 14:00:00+00:00,USGS-09380000,8.1,10.7,835.0,0.5,8.0,7900.0,8.08
2026-04-09 15:00:00+00:00,USGS-09380000,8.0,10.6,835.0,0.5,8.0,7940.0,8.09
2026-04-09 16:00:00+00:00,USGS-09380000,8.0,10.6,835.0,0.6499999999999999,8.0,8020.0,8.114999999999998
2026-04-09 17:00:00+00:00,USGS-09380000,8.1,10.6,835.0,0.5,8.0,8125.0,8.145
2026-04-09 18:00:00+00:00,USGS-09380000,8.25,10.7,835.0,0.5,8.0,8170.0,8.16
2026-04-09 19:00:00+00:00,USGS-09380000,8.5,10.8,834.0,0.5,8.1,8240.0,8.18
2026-04-09 20:00:00+00:00,USGS-09380000,8.8,11.0,832.0,0.6,8.1,8225.0,8.175
2026-04-09 21:00:00+00:00,USGS-09380000,9.1,11.2,830.5,0.8500000000000001,8.149999999999999,8260.0,8.184999999999999
2026-04-09 22:00:00+00:00,USGS-09380000,9.350000000000001,11.4,829.0,0.8,8.2,8240.0,8.18
2026-04-09 23:00:00+00:00,USGS-09380000,9.649999999999999,11.6,828.0,0.7,8.2,8280.0,8.19
2026-04-10 00:00:00+00:00,USGS-09380000,9.9,11.7,828.0,0.6,8.3,8310.0,8.2
2026-04-10 01:00:00+00:00,USGS-09380000,10.05,11.7,829.0,0.6499999999999999,8.3,8295.0,8.195
2026-04-10 02:00:00+00:00,USGS-09380000,10.149999999999999,11.8,829.0,0.55,8.3,8310.0,8.2
2026-04-10 03:00:00+00:00,USGS-09380000,10.2,11.8,830.0,0.6,8.3,8350.0,8.21
2026-04-10 04:00:00+00:00,USGS-09380000,10.2,11.8,830.0,0.8,8.3,8310.0,8.2
2026-04-10 05:00:00+00:00,USGS-09380000,10.2,11.8,830.0,0.6,8.4,8310.0,8.2
2026-04-10 06:00:00+00:00,USGS-09380000,10.2,11.8,830.0,0.55,8.4,8295.0,8.195
2026-04-10 07:00:00+00:00,USGS-09380000,10.0,11.8,830.5,0.55,8.3,8210.0,8.17
2026-04-10 08:00:00+00:00,USGS-09380000,9.850000000000001,11.6,832.0,0.4,8.3,8125.0,8.145
2026-04-10 09:00:00+00:00,USGS-09380000,9.55,11.45,834.0,0.5,8.3,8040.0,8.12
2026-04-10 10:00:00+00:00,USGS-09380000,9.149999999999999,11.2,836.0,0.45,8.2,7985.0,8.105
2026-04-10 11:00:00+00:00,USGS-09380000,8.75,11.0,838.0,0.5,8.149999999999999,7940.0,8.09
2026-04-10 12:00:00+00:00,USGS-09380000,8.45,10.8,840.0,0.5,8.1,7900.0,8.08
2026-04-10 13:00:00+00:00,USGS-09380000,8.149999999999999,10.649999999999999,841.0,0.5,8.1,7900.0,8.08
2026-04-10 14:00:00+00:00,USGS-09380000,8.0,10.55,842.0,0.6,8.0,7870.0,8.07
2026-04-10 15:00:00+00:00,USGS-09380000,7.9,10.5,841.5,0.5,8.0,7900.0,8.08
2026-04-10 16:00:00+00:00,USGS-09380000,7.9,10.5,841.0,0.6,8.0,7985.0,8.105
2026-04-10 17:00:00+00:00,USGS-09380000,8.0,10.5,840.0,0.6499999999999999,8.0,8125.0,8.145
2026-04-10 18:00:00+00:00,USGS-09380000,8.2,10.6,839.0,0.7,8.0,8170.0,8.16
2026-04-10 19:00:00+00:00,USGS-09380000,8.45,10.7,838.0,0.6,8.1,8225.0,8.175
2026-04-10 20:00:00+00:00,USGS-09380000,8.7,10.8,838.0,0.6,8.1,8245.0,8.18
2026-04-10 21:00:00+00:00,USGS-09380000,8.9,10.9,838.0,0.5,8.1,8260.0,8.184999999999999
2026-04-10 22:00:00+00:00,USGS-09380000,9.1,11.0,838.0,0.55,8.1,8280.0,8.19
2026-04-10 23:00:00+00:00,USGS-09380000,9.3,11.05,838.0,0.6,8.2,8280.0,8.19
2026-04-11 00:00:00+00:00,USGS-09380000,9.5,11.1,838.0,0.6,8.2,8280.0,8.19
2026-04-11 01:00:00+00:00,USGS-09380000,9.7,11.2,838.5,0.5,8.2,8310.0,8.2
2026-04-11 02:00:00+00:00,USGS-09380000,9.8,11.2,839.0,0.55,8.3,8310.0,8.2
2026-04-11 03:00:00+00:00,USGS-09380000,9.850000000000001,11.2,839.0,0.75,8.3,8310.0,8.2
2026-04-11 04:00:00+00:00,USGS-09380000,9.8,11.2,838.0,0.6,8.3,8380.0,8.22
2026-04-11 05:00:00+00:00,USGS-09380000,9.8,11.2,838.0,0.4,8.3,8400.0,8.225000000000001
2026-04-11 06:00:00+00:00,USGS-09380000,9.7,11.1,838.0,0.5,8.3,8380.0,8.22
2026-04-11 07:00:00+00:00,USGS-09380000,9.6,11.1,838.0,0.45,8.3,8295.0,8.195
2026-04-11 08:00:00+00:00,USGS-09380000,9.4,11.0,838.5,0.45,8.2,8155.0,8.155000000000001
2026-04-11 09:00:00+00:00,USGS-09380000,9.149999999999999,10.9,839.5,0.5,8.2,8055.0,8.125
2026-04-11 10:00:00+00:00,USGS-09380000,8.850000000000001,10.8,841.0,0.45,8.2,7985.0,8.105
2026-04-11 11:00:00+00:00,USGS-09380000,8.55,10.7,842.5,0.5,8.1,7940.0,8.09
2026-04-11 12:00:00+00:00,USGS-09380000,8.25,10.6,844.5,0.55,8.1,7900.0,8.08
2026-04-11 13:00:00+00:00,USGS-09380000,8.05,10.55,846.5,0.55,8.0,7900.0,8.08
2026-04-11 14:00:00+00:00,USGS-09380000,7.8,10.5,849.0,0.55,8.0,7870.0,8.07
2026-04-11 15:00:00+00:00,USGS-09380000,7.7,10.4,851.0,0.55,8.0,7870.0,8.07
2026-04-11 16:00:00+00:00,USGS-09380000,7.6,10.4,852.5,0.7,8.0,7920.0,8.085
2026-04-11 17:00:00+00:00,USGS-09380000,7.7,10.4,854.0,0.8,8.0,7955.0,8.094999999999999
2026-04-11 18:00:00+00:00,USGS-09380000,7.8,10.4,854.0,0.6499999999999999,8.0,8070.0,8.13
2026-04-11 19:00:00+00:00,USGS-09380000,8.05,10.55,852.0,1.0,8.0,8170.0,8.16
2026-04-11 20:00:00+00:00,USGS-09380000,8.45,10.7,849.5,0.7,8.1,8205.0,8.17
2026-04-11 21:00:00+00:00,USGS-09380000,8.75,10.95,847.0,1.1,8.1,8225.0,8.175
2026-04-11 22:00:00+00:00,USGS-09380000,9.0,11.1,845.0,1.15,8.149999999999999,8240.0,8.18
2026-04-11 23:00:00+00:00,USGS-09380000,9.25,11.25,844.0,1.15,8.2,8260.0,8.184999999999999
2026-04-12 00:00:00+00:00,USGS-09380000,9.4,11.3,845.0,0.9,8.2,8295.0,8.195
2026-04-12 01:00:00+00:00,USGS-09380000,9.5,11.3,846.0,1.4,8.2,8280.0,8.19
2026-04-12 02:00:00+00:00,USGS-09380000,9.6,11.2,847.0,0.6,8.2,8310.0,8.2
2026-04-12 03:00:00+00:00,USGS-09380000,9.6,11.2,848.0,0.5,8.2,8310.0,8.2
2026-04-12 04:00:00+00:00,USGS-09380000,9.6,11.2,848.0,0.45,8.2,8310.0,8.2
2026-04-12 05:00:00+00:00,USGS-09380000,9.6,11.2,848.0,0.5,8.2,8260.0,8.184999999999999
2026-04-12 06:00:00+00:00,USGS-09380000,9.6,11.2,848.0,0.45,8.3,8170.0,8.16
2026-04-12 07:00:00+00:00,USGS-09380000,9.5,11.1,848.0,0.55,8.2,8040.0,8.12
2026-04-12 08:00:00+00:00,USGS-09380000,9.4,11.0,849.0,0.4,8.2,7970.0,8.1
2026-04-12 09:00:00+00:00,USGS-09380000,9.149999999999999,10.8,849.0,0.5,8.2,7940.0,8.09
2026-04-12 10:00:00+00:00,USGS-09380000,8.8,10.55,850.0,0.5,8.1,7900.0,8.08
2026-04-12 11:00:00+00:00,USGS-09380000,8.45,10.350000000000001,852.0,0.45,8.1,7885.0,8.075
2026-04-12 12:00:00+00:00,USGS-09380000,8.05,10.05,855.0,0.45,8.0,7885.0,8.075
2026-04-12 13:00:00+00:00,USGS-09380000,7.75,9.850000000000001,857.5,0.5,8.0,7870.0,8.07
2026-04-12 14:00:00+00:00,USGS-09380000,7.5,9.649999999999999,860.0,0.5,7.95,7855.0,8.065000000000001
2026-04-12 15:00:00+00:00,USGS-09380000,7.4,9.55,862.0,0.55,7.9,7870.0,8.07
2026-04-12 16:00:00+00:00,USGS-09380000,7.3,9.5,862.0,0.5,7.9,7885.0,8.075
2026-04-12 17:00:00+00:00,USGS-09380000,7.4,9.5,860.5,0.75,7.9,7970.0,8.1
2026-04-12 18:00:00+00:00,USGS-09380000,7.55,9.6,858.0,0.8500000000000001,7.9,8075.0,8.129999999999999
2026-04-12 19:00:00+00:00,USGS-09380000,7.85,9.8,855.5,0.8,8.0,8125.0,8.145
2026-04-12 20:00:00+00:00,USGS-09380000,8.149999999999999,10.0,854.0,1.05,8.0,8260.0,8.184999999999999
2026-04-12 21:00:00+00:00,USGS-09380000,8.45,10.2,853.0,2.8,8.0,8155.0,8.155000000000001
2026-04-12 22:00:00+00:00,USGS-09380000,8.7,10.3,854.0,1.4,8.1,8275.0,8.19
2026-04-12 23:00:00+00:00,USGS-09380000,8.9,10.4,855.5,1.75,8.1,8245.0,8.18
2026-04-13 00:00:00+00:00,USGS-09380000,9.0,10.45,857.0,1.15,8.1,8225.0,8.175
2026-04-13 01:00:00+00:00,USGS-09380000,9.2,10.5,858.0,1.4,8.2,8240.0,8.18
2026-04-13 02:00:00+00:00,USGS-09380000,9.350000000000001,10.6,858.0,0.8,8.2,8260.0,8.184999999999999
2026-04-13 03:00:00+00:00,USGS-09380000,9.4,10.6,859.0,0.75,8.2,8330.0,8.205
2026-04-13 04:00:00+00:00,USGS-09380000,9.4,10.6,859.5,0.7,8.2,8310.0,8.2
2026-04-13 05:00:00+00:00,USGS-09380000,9.3,10.6,860.0,0.5,8.2,8295.0,8.195
2026-04-13 06:00:00+00:00,USGS-09380000,9.25,10.5,861.0,0.5,8.2,8155.0,8.155000000000001
2026-04-13 07:00:00+00:00,USGS-09380000,9.2,10.45,863.0,0.6,8.2,8070.0,8.13
2026-04-13 08:00:00+00:00,USGS-09380000,9.0,10.3,865.0,0.55,8.2,7985.0,8.105
2026-04-13 09:00:00+00:00,USGS-09380000,8.75,10.1,866.5,0.5,8.1,7955.0,8.094999999999999
2026-04-13 10:00:00+00:00,USGS-09380000,8.45,9.95,867.5,0.5,8.1,7920.0,8.085
2026-04-13 11:00:00+00:00,USGS-09380000,8.149999999999999,9.75,869.0,0.5,8.0,7900.0,8.08
2026-04-13 12:00:00+00:00,USGS-09380000,7.9,9.55,869.0,0.5,8.0,7870.0,8.07
2026-04-13 13:00:00+00:00,USGS-09380000,7.65,9.4,868.5,0.5,7.95,7900.0,8.08
2026-04-13 14:00:00+00:00,USGS-09380000,7.45,9.3,867.5,0.6,7.9,7870.0,8.07
2026-04-13 15:00:00+00:00,USGS-09380000,7.35,9.2,866.5,1.15,7.9,7940.0,8.09
2026-04-13 16:00:00+00:00,USGS-09380000,7.3,9.2,866.0,0.6,7.9,8020.0,8.114999999999998
2026-04-13 17:00:00+00:00,USGS-09380000,7.3,9.2,866.0,0.55,7.9,8125.0,8.145
2026-04-13 18:00:00+00:00,USGS-09380000,7.35,9.25,867.0,0.6,7.9,8210.0,8.17
2026-04-13 19:00:00+00:00,USGS-09380000,7.45,9.3,868.0,0.55,7.9,8260.0,8.184999999999999
2026-04-13 20:00:00+00:00,USGS-09380000,7.6,9.4,868.0,0.55,7.9,8225.0,8.175
2026-04-13 21:00:00+00:00,USGS-09380000,7.8,9.45,868.0,0.6,8.0,8280.0,8.19
2026-04-13 22:00:00+00:00,USGS-09380000,7.95,9.6,868.5,0.6,8.0,8280.0,8.19
2026-04-13 23:00:00+00:00,USGS-09380000,8.1,9.6,869.0,0.75,8.0,8295.0,8.195
2026-04-14 00:00:00+00:00,USGS-09380000,8.25,9.7,870.0,0.6,8.0,8295.0,8.195
2026-04-14 01:00:00+00:00,USGS-09380000,8.4,9.7,870.0,0.55,8.0,8280.0,8.19
2026-04-14 02:00:00+00:00,USGS-09380000,8.6,9.7,870.0,0.55,8.1,8280.0,8.19
2026-04-14 03:00:00+00:00,USGS-09380000,8.6,9.7,870.0,0.55,8.1,8260.0,8.184999999999999
2026-04-14 04:00:00+00:00,USGS-09380000,8.7,9.8,870.0,0.6,8.1,8260.0,8.184999999999999
2026-04-14 05:00:00+00:00,USGS-09380000,8.7,9.8,870.0,0.5,8.1,8310.0,8.2
2026-04-14 06:00:00+00:00,USGS-09380000,8.7,9.8,869.0,0.5,8.1,8310.0,8.2
2026-04-14 07:00:00+00:00,USGS-09380000,8.7,9.9,867.5,0.5,8.1,8170.0,8.16
2026-04-14 08:00:00+00:00,USGS-09380000,8.649999999999999,9.9,866.0,0.5,8.1,8070.0,8.13
2026-04-14 09:00:00+00:00,USGS-09380000,8.5,9.9,864.0,0.4,8.1,8040.0,8.12
2026-04-14 10:00:00+00:00,USGS-09380000,8.350000000000001,9.8,861.5,0.4,8.1,7955.0,8.094999999999999
2026-04-14 11:00:00+00:00,USGS-09380000,8.149999999999999,9.8,859.5,0.4,8.0,7900.0,8.08
2026-04-14 12:00:00+00:00,USGS-09380000,7.95,9.8,857.0,0.4,8.0,7900.0,8.08
2026-04-14 13:00:00+00:00,USGS-09380000,7.8,9.7,854.5,0.5,8.0,7900.0,8.08
2026-04-14 14:00:00+00:00,USGS-09380000,7.7,9.8,853.0,0.4,8.0,7885.0,8.075
2026-04-14 15:00:00+00:00,USGS-09380000,7.6,9.8,853.5,0.5,8.0,7955.0,8.094999999999999
2026-04-14 16:00:00+00:00,USGS-09380000,7.45,9.8,856.5,0.5,7.9,8040.0,8.12
2026-04-14 17:00:00+00:00,USGS-09380000,7.35,9.8,860.5,0.6,7.9,8140.0,8.15
2026-04-14 18:00:00+00:00,USGS-09380000,7.3,9.8,863.5,0.6,7.9,8210.0,8.17
2026-04-14 19:00:00+00:00,USGS-09380000,7.45,9.8,866.0,0.6499999999999999,7.9,8190.0,8.165
2026-04-14 20:00:00+00:00,USGS-09380000,7.65,9.8,867.0,0.6499999999999999,7.9,8260.0,8.184999999999999
2026-04-14 21:00:00+00:00,USGS-09380000,7.9,9.9,867.0,0.6,8.0,8225.0,8.175
2026-04-14 22:00:00+00:00,USGS-09380000,8.1,10.0,865.5,0.6,8.0,8210.0,8.17
2026-04-14 23:00:00+00:00,USGS-09380000,8.350000000000001,10.1,864.0,,8.0,8295.0,8.195
2026-04-15 00:00:00+00:00,USGS-09380000,8.5,10.2,864.0,,8.05,8260.0,8.184999999999999
2026-04-15 01:00:00+00:00,USGS-09380000,8.649999999999999,10.2,864.0,0.15000000000000002,8.1,8280.0,8.19
2026-04-15 02:00:00+00:00,USGS-09380000,8.7,10.1,865.5,0.2,8.1,8310.0,8.2
2026-04-15 03:00:00+00:00,USGS-09380000,8.75,10.1,867.0,0.1,8.1,8310.0,8.2
2026-04-15 04:00:00+00:00,USGS-09380000,8.8,10.1,867.0,0.15000000000000002,8.1,8310.0,8.2
2026-04-15 05:00:00+00:00,USGS-09380000,8.8,10.1,866.0,0.2,8.1,8310.0,8.2
2026-04-15 06:00:00+00:00,USGS-09380000,8.9,10.1,865.0,0.15000000000000002,8.1,8295.0,8.195
2026-04-15 07:00:00+00:00,USGS-09380000,8.9,10.2,863.5,0.1,8.1,8160.0,8.155000000000001
2026-04-15 08:00:00+00:00,USGS-09380000,8.9,10.3,860.5,0.15000000000000002,8.1,8055.0,8.125
2026-04-15 09:00:00+00:00,USGS-09380000,8.9,10.4,856.5,0.15000000000000002,8.1,8000.0,8.11
2026-04-15 10:00:00+00:00,USGS-09380000,8.7,10.4,852.5,0.1,8.1,7940.0,8.09
2026-04-15 11:00:00+00:00,USGS-09380000,8.5,10.3,849.5,0.1,8.1,7920.0,8.085
2026-04-15 12:00:00+00:00,USGS-09380000,8.25,10.2,848.0,0.1,8.05,7900.0,8.08
2026-04-15 13:00:00+00:00,USGS-09380000,7.95,10.1,848.0,0.15000000000000002,8.0,7900.0,8.08
2026-04-15 14:00:00+00:00,USGS-09380000,7.75,10.0,849.5,0.2,8.0,7900.0,8.08
2026-04-15 15:00:00+00:00,USGS-09380000,7.6,9.9,852.0,0.2,7.9,7940.0,8.09
2026-04-15 16:00:00+00:00,USGS-09380000,,,,0.2,,8040.0,8.12
2026-04-15 17:00:00+00:00,USGS-09380000,,,,0.2,,8160.0,8.155000000000001
2026-04-15 18:00:00+00:00,USGS-09380000,7.4,9.9,856.0,0.2,7.9,8210.0,8.17
2026-04-15 19:00:00+00:00,USGS-09380000,7.6,10.05,856.0,0.2,8.0,8240.0,8.18
2026-04-15 20:00:00+00:00,USGS-09380000,7.85,10.25,856.0,0.25,8.0,8280.0,8.19
2026-04-15 21:00:00+00:00,USGS-09380000,8.05,10.45,856.0,0.2,8.0,8260.0,8.184999999999999
2026-04-15 22:00:00+00:00,USGS-09380000,8.350000000000001,10.7,854.5,0.1,8.05,8280.0,8.19
2026-04-15 23:00:00+00:00,USGS-09380000,8.649999999999999,10.95,852.5,0.1,8.1,8280.0,8.19
2026-04-16 00:00:00+00:00,USGS-09380000,8.9,11.1,850.0,0.15000000000000002,8.149999999999999,8295.0,8.195
2026-04-16 01:00:00+00:00,USGS-09380000,9.149999999999999,11.2,848.5,0.1,8.2,8280.0,8.19
2026-04-16 02:00:00+00:00,USGS-09380000,9.25,11.3,848.0,0.1,8.2,8310.0,8.2
2026-04-16 03:00:00+00:00,USGS-09380000,9.3,11.3,847.0,0.1,8.2,8310.0,8.2
2026-04-16 04:00:00+00:00,USGS-09380000,9.3,11.3,847.0,0.1,8.2,8310.0,8.2
2026-04-16 05:00:00+00:00,USGS-09380000,9.3,11.4,848.0,0.1,8.2,8310.0,8.2
2026-04-16 06:00:00+00:00,USGS-09380000,9.3,11.4,848.0,0.2,8.2,8265.0,8.184999999999999
2026-04-16 07:00:00+00:00,USGS-09380000,9.2,11.4,849.0,0.15000000000000002,8.2,8160.0,8.155000000000001
2026-04-16 08:00:00+00:00,USGS-09380000,9.05,11.3,849.5,0.2,8.2,8040.0,8.12
2026-04-16 09:00:00+00:00,USGS-09380000,8.75,11.2,850.0,0.2,8.2,7990.0,8.105
2026-04-16 10:00:00+00:00,USGS-09380000,8.5,11.0,850.5,0.2,8.1,7955.0,8.094999999999999
2026-04-16 11:00:00+00:00,USGS-09380000,8.149999999999999,10.8,851.0,0.2,8.1,7940.0,8.09
2026-04-16 12:00:00+00:00,USGS-09380000,7.9,10.6,852.0,0.2,8.0,7940.0,8.09
2026-04-16 13:00:00+00:00,USGS-09380000,7.65,10.45,852.0,0.2,8.0,7900.0,8.08
2026-04-16 14:00:00+00:00,USGS-09380000,7.5,10.350000000000001,851.0,0.2,8.0,7900.0,8.08
2026-04-16 15:00:00+00:00,USGS-09380000,7.4,10.3,851.0,0.2,8.0,7935.0,8.09
2026-04-16 16:00:00+00:00,USGS-09380000,7.4,10.3,851.0,0.25,8.0,8055.0,8.125
2026-04-16 17:00:00+00:00,USGS-09380000,7.4,10.3,852.0,0.2,8.0,8140.0,8.15
2026-04-16 18:00:00+00:00,USGS-09380000,7.55,10.4,853.0,0.35,8.0,8160.0,8.155000000000001
2026-04-16 19:00:00+00:00,USGS-09380000,7.7,10.5,853.0,0.2,8.0,8210.0,8.17
2026-04-16 20:00:00+00:00,USGS-09380000,7.95,10.6,854.0,0.35,8.0,8280.0,8.19
2026-04-16 21:00:00+00:00,USGS-09380000,8.149999999999999,10.75,854.0,0.2,8.0,8280.0,8.19
2026-04-16 22:00:00+00:00,USGS-09380000,8.45,10.9,854.0,0.3,8.1,8295.0,8.195
2026-04-16 23:00:00+00:00,USGS-09380000,8.75,11.0,853.0,0.3,8.1,8295.0,8.195
2026-04-17 00:00:00+00:00,USGS-09380000,8.95,11.1,851.0,0.2,8.2,8265.0,8.184999999999999
2026-04-17 01:00:00+00:00,USGS-09380000,9.149999999999999,11.2,849.5,0.2,8.2,8300.0,8.195
2026-04-17 02:00:00+00:00,USGS-09380000,9.350000000000001,11.3,848.0,0.2,8.2,8335.0,8.205
2026-04-17 03:00:00+00:00,USGS-09380000,9.4,11.3,846.5,0.25,8.25,8320.0,8.2
2026-04-17 04:00:00+00:00,USGS-09380000,9.5,11.350000000000001,845.5,0.2,8.3,8350.0,8.21
2026-04-17 05:00:00+00:00,USGS-09380000,9.4,11.4,845.0,0.2,8.3,8320.0,8.2
2026-04-17 06:00:00+00:00,USGS-09380000,9.4,11.350000000000001,845.5,0.25,8.3,8210.0,8.17
2026-04-17 07:00:00+00:00,USGS-09380000,9.3,11.25,846.0,0.2,8.25,8195.0,8.165
2026-04-17 08:00:00+00:00,USGS-09380000,9.149999999999999,11.1,847.0,0.4,8.2,7925.0,8.085
2026-04-17 09:00:00+00:00,USGS-09380000,8.95,10.9,848.0,0.35,8.2,7910.0,8.08
2026-04-17 10:00:00+00:00,USGS-09380000,8.7,10.75,849.5,0.35,8.2,7785.0,8.045
2026-04-17 11:00:00+00:00,USGS-09380000,8.350000000000001,10.5,851.0,0.4,8.1,7785.0,8.045
2026-04-17 12:00:00+00:00,USGS-09380000,8.1,10.350000000000001,852.0,0.25,8.1,7755.0,8.035
2026-04-17 13:00:00+00:00,USGS-09380000,7.85,10.149999999999999,854.0,0.3,8.0,7700.0,8.02
2026-04-17 14:00:00+00:00,USGS-09380000,7.7,9.95,856.0,0.25,8.0,7740.0,8.03
2026-04-17 15:00:00+00:00,USGS-09380000,7.55,9.850000000000001,860.0,0.3,8.0,7890.0,8.075
2026-04-17 16:00:00+00:00,USGS-09380000,7.5,9.7,863.0,0.3,8.0,8025.0,8.114999999999998
2026-04-17 17:00:00+00:00,USGS-09380000,7.5,9.6,866.0,0.3,8.0,8020.0,8.115
2026-04-17 18:00:00+00:00,USGS-09380000,7.55,9.7,869.0,0.25,8.0,8110.0,8.14
2026-04-17 19:00:00+00:00,USGS-09380000,7.7,9.8,870.0,0.2,8.0,8110.0,8.14
2026-04-17 20:00:00+00:00,USGS-09380000,7.95,10.0,868.5,0.35,8.0,7970.0,8.1
2026-04-17 21:00:00+00:00,USGS-09380000,8.25,10.25,864.5,0.30000000000000004,8.0,8080.0,8.13
2026-04-17 22:00:00+00:00,USGS-09380000,8.649999999999999,10.55,861.5,0.2,8.1,8080.0,8.13
2026-04-17 23:00:00+00:00,USGS-09380000,8.850000000000001,10.75,861.0,0.2,8.1,8110.0,8.14
2026-04-18 00:00:00+00:00,USGS-09380000,9.05,10.8,861.0,0.2,8.2,8110.0,8.14
2026-04-18 01:00:00+00:00,USGS-09380000,9.1,10.8,862.0,0.2,8.2,8160.0,8.155000000000001
2026-04-18 02:00:00+00:00,USGS-09380000,9.149999999999999,10.8,863.0,0.2,8.2,8230.0,8.175
2026-04-18 03:00:00+00:00,USGS-09380000,9.1,10.8,865.5,0.2,8.2,8440.0,8.235
2026-04-18 04:00:00+00:00,USGS-09380000,8.95,10.7,869.5,0.2,8.2,8775.0,8.33
2026-04-18 05:00:00+00:00,USGS-09380000,8.8,10.6,874.5,0.2,8.2,8865.0,8.355
2026-04-18 06:00:00+00:00,USGS-09380000,8.7,10.5,878.0,0.25,8.1,8665.0,8.3
2026-04-18 07:00:00+00:00,USGS-09380000,8.6,10.4,880.0,0.2,8.1,8425.0,8.23
2026-04-18 08:00:00+00:00,USGS-09380000,8.350000000000001,10.2,881.5,0.25,8.1,8195.0,8.165
2026-04-18 09:00:00+00:00,USGS-09380000,8.1,10.0,881.5,0.2,8.0,8060.0,8.125
2026-04-18 10:00:00+00:00,USGS-09380000,7.85,9.8,878.5,0.2,8.0,7970.0,8.1
2026-04-18 11:00:00+00:00,USGS-09380000,7.65,9.7,873.0,0.2,8.0,7910.0,8.08
2026-04-18 12:00:00+00:00,USGS-09380000,7.5,9.7,868.5,0.2,8.0,7870.0,8.07
2026-04-18 13:00:00+00:00,USGS-09380000,7.4,9.6,865.5,0.2,8.0,7890.0,8.075
2026-04-18 14:00:00+00:00,USGS-09380000,7.3,9.6,862.0,0.3,8.0,7910.0,8.08
2026-04-18 15:00:00+00:00,USGS-09380000,7.3,9.6,860.5,0.25,8.0,8025.0,8.114999999999998
2026-04-18 16:00:00+00:00,USGS-09380000,7.3,9.6,860.0,0.25,8.0,8060.0,8.125
2026-04-18 17:00:00+00:00,USGS-09380000,7.4,9.7,860.5,0.25,8.0,8080.0,8.13
2026-04-18 18:00:00+00:00,USGS-09380000,7.5,9.8,863.0,0.3,8.0,8110.0,8.14
2026-04-18 19:00:00+00:00,USGS-09380000,7.65,10.0,864.0,0.3,8.0,8125.0,8.145
2026-04-18 20:00:00+00:00,USGS-09380000,7.85,10.2,864.0,0.3,8.0,8095.0,8.135000000000002
2026-04-18 21:00:00+00:00,USGS-09380000,8.149999999999999,10.45,863.0,0.3,8.0,8060.0,8.125
2026-04-18 22:00:00+00:00,USGS-09380000,8.4,10.7,863.0,0.3,8.1,8095.0,8.135000000000002
2026-04-18 23:00:00+00:00,USGS-09380000,8.649999999999999,10.9,862.0,0.3,8.1,8095.0,8.135000000000002
2026-04-19 00:00:00+00:00,USGS-09380000,8.8,10.95,862.0,0.3,8.1,8095.0,8.135000000000002
2026-04-19 01:00:00+00:00,USGS-09380000,8.95,10.9,862.0,0.25,8.149999999999999,8125.0,8.145
2026-04-19 02:00:00+00:00,USGS-09380000,9.0,10.9,862.0,0.2,8.2,8180.0,8.16
2026-04-19 03:00:00+00:00,USGS-09380000,9.0,10.8,862.0,0.2,8.2,8335.0,8.205
2026-04-19 04:00:00+00:00,USGS-09380000,9.0,10.8,862.0,0.2,8.2,8490.0,8.25
2026-04-19 05:00:00+00:00,USGS-09380000,9.0,10.8,863.0,0.2,8.2,8580.0,8.274999999999999
2026-04-19 06:00:00+00:00,USGS-09380000,9.0,10.8,863.0,0.2,8.2,8425.0,8.23
2026-04-19 07:00:00+00:00,USGS-09380000,9.0,10.8,860.5,0.2,8.2,8215.0,8.17
2026-04-19 08:00:00+00:00,USGS-09380000,9.0,10.95,856.5,0.2,8.2,8060.0,8.125
2026-04-19 09:00:00+00:00,USGS-09380000,8.850000000000001,11.0,851.5,0.2,8.2,7975.0,8.1
2026-04-19 10:00:00+00:00,USGS-09380000,8.649999999999999,11.0,848.5,0.2,8.2,7925.0,8.085
2026-04-19 11:00:00+00:00,USGS-09380000,8.350000000000001,11.0,847.0,0.15000000000000002,8.1,7910.0,8.08
2026-04-19 12:00:00+00:00,USGS-09380000,8.1,10.9,846.0,0.2,8.1,7870.0,8.07
2026-04-19 13:00:00+00:00,USGS-09380000,7.9,10.8,846.0,0.2,8.0,7870.0,8.07
2026-04-19 14:00:00+00:00,USGS-09380000,7.75,10.8,847.0,0.2,8.0,7910.0,8.08
2026-04-19 15:00:00+00:00,USGS-09380000,7.7,10.7,847.0,0.3,8.0,8010.0,8.11
2026-04-19 16:00:00+00:00,USGS-09380000,7.7,10.7,848.0,0.3,8.0,8080.0,8.13
2026-04-19 17:00:00+00:00,USGS-09380000,7.7,10.8,848.0,0.3,8.0,8110.0,8.14
2026-04-19 18:00:00+00:00,USGS-09380000,7.85,10.850000000000001,848.5,0.25,8.0,8095.0,8.135000000000002
2026-04-19 19:00:00+00:00,USGS-09380000,8.0,10.95,850.0,0.2,8.0,8110.0,8.14
2026-04-19 20:00:00+00:00,USGS-09380000,8.2,11.05,852.5,0.25,8.1,8110.0,8.14
2026-04-19 21:00:00+00:00,USGS-09380000,8.350000000000001,11.149999999999999,854.5,0.25,8.1,8110.0,8.14
2026-04-19 22:00:00+00:00,USGS-09380000,8.55,11.3,856.0,0.2,8.1,8110.0,8.14
2026-04-19 23:00:00+00:00,USGS-09380000,8.75,11.350000000000001,856.0,0.25,8.1,8110.0,8.14
2026-04-20 00:00:00+00:00,USGS-09380000,8.95,11.4,856.0,0.2,8.2,8110.0,8.14
2026-04-20 01:00:00+00:00,USGS-09380000,9.1,11.3,856.0,0.25,8.2,8130.0,8.145
2026-04-20 02:00:00+00:00,USGS-09380000,9.2,11.3,856.0,0.2,8.2,8165.0,8.155000000000001
2026-04-20 03:00:00+00:00,USGS-09380000,9.2,11.25,857.0,0.2,8.2,8300.0,8.195
2026-04-20 04:00:00+00:00,USGS-09380000,9.2,11.3,856.5,0.2,8.2,8530.0,8.26
2026-04-20 05:00:00+00:00,USGS-09380000,9.3,11.350000000000001,855.0,0.3,8.2,8580.0,8.274999999999999
2026-04-20 06:00:00+00:00,USGS-09380000,9.3,11.4,853.5,0.25,8.2,8405.0,8.225000000000001
2026-04-20 07:00:00+00:00,USGS-09380000,9.25,11.5,851.0,0.2,8.2,8230.0,8.175
2026-04-20 08:00:00+00:00,USGS-09380000,9.1,11.4,850.5,0.2,8.2,8075.0,8.129999999999999
2026-04-20 09:00:00+00:00,USGS-09380000,8.9,11.350000000000001,851.0,0.2,8.2,8010.0,8.11
2026-04-20 10:00:00+00:00,USGS-09380000,8.6,11.2,851.0,0.2,8.2,7960.0,8.094999999999999
2026-04-20 11:00:00+00:00,USGS-09380000,8.25,11.05,852.0,0.2,8.1,7960.0,8.094999999999999
2026-04-20 12:00:00+00:00,USGS-09380000,8.0,10.9,854.0,0.3,8.1,7960.0,8.094999999999999
2026-04-20 13:00:00+00:00,USGS-09380000,7.75,10.8,856.0,0.2,8.0,7960.0,8.094999999999999
2026-04-20 14:00:00+00:00,USGS-09380000,7.6,10.649999999999999,857.0,0.2,8.0,7995.0,8.105
2026-04-20 15:00:00+00:00,USGS-09380000,7.5,10.6,858.0,0.30000000000000004,8.0,8095.0,8.135000000000002
2026-04-20 16:00:00+00:00,USGS-09380000,7.5,10.6,859.0,0.2,8.0,8150.0,8.15
2026-04-20 17:00:00+00:00,USGS-09380000,7.55,10.6,858.5,0.4,8.0,8200.0,8.165
2026-04-20 18:00:00+00:00,USGS-09380000,7.7,10.7,858.0,0.4,8.0,8150.0,8.15
2026-04-20 19:00:00+00:00,USGS-09380000,7.9,10.9,857.5,0.4,8.0,8180.0,8.16
2026-04-20 20:00:00+00:00,USGS-09380000,8.149999999999999,11.05,856.5,0.4,8.0,8180.0,8.16
2026-04-20 21:00:00+00:00,USGS-09380000,8.4,11.25,855.0,0.4,8.1,8180.0,8.16
2026-04-20 22:00:00+00:00,USGS-09380000,8.649999999999999,11.45,853.0,0.3,8.1,8180.0,8.16
2026-04-20 23:00:00+00:00,USGS-09380000,8.95,11.649999999999999,852.0,0.4,8.2,8200.0,8.165
2026-04-21 00:00:00+00:00,USGS-09380000,9.1,11.8,851.0,0.4,8.2,8250.0,8.18
2026-04-21 01:00:00+00:00,USGS-09380000,9.2,11.9,851.0,0.3,8.2,8280.0,8.19
2026-04-21 02:00:00+00:00,USGS-09380000,9.3,11.9,851.0,0.4,8.2,8335.0,8.205
2026-04-21 03:00:00+00:00,USGS-09380000,9.3,11.9,851.0,0.3,8.2,8495.0,8.25
2026-04-21 04:00:00+00:00,USGS-09380000,9.3,11.9,850.0,0.4,8.2,8815.0,8.34
2026-04-21 05:00:00+00:00,USGS-09380000,9.3,12.0,850.0,0.3,8.2,8920.0,8.37
2026-04-21 06:00:00+00:00,USGS-09380000,9.3,12.0,849.5,0.3,8.3,8760.0,8.325
2026-04-21 07:00:00+00:00,USGS-09380000,9.25,12.0,849.0,0.4,8.25,8525.0,8.26
2026-04-21 08:00:00+00:00,USGS-09380000,9.1,11.9,849.0,0.35,8.2,8300.0,8.195
2026-04-21 09:00:00+00:00,USGS-09380000,8.850000000000001,11.8,849.0,0.4,8.2,8145.0,8.15
2026-04-21 10:00:00+00:00,USGS-09380000,8.55,11.6,848.0,0.35,8.2,8025.0,8.114999999999998
2026-04-21 11:00:00+00:00,USGS-09380000,8.3,11.45,848.0,0.4,8.1,7940.0,8.09
2026-04-21 12:00:00+00:00,USGS-09380000,8.05,11.3,849.0,0.4,8.1,7880.0,8.07
2026-04-21 13:00:00+00:00,USGS-09380000,7.9,11.2,849.5,0.4,8.05,7880.0,8.07
2026-04-21 14:00:00+00:00,USGS-09380000,7.75,11.1,850.5,0.4,8.0,7895.0,8.075
2026-04-21 15:00:00+00:00,USGS-09380000,7.7,11.1,851.0,0.4,8.0,7980.0,8.1
2026-04-21 16:00:00+00:00,USGS-09380000,7.7,11.1,850.5,0.4,8.0,8030.0,8.114999999999998
2026-04-21 17:00:00+00:00,USGS-09380000,7.8,11.2,848.5,0.4,8.0,8065.0,8.125
2026-04-21 18:00:00+00:00,USGS-09380000,8.0,11.3,846.5,0.4,8.0,8050.0,8.12
2026-04-21 19:00:00+00:00,USGS-09380000,8.2,11.4,844.5,0.4,8.1,8050.0,8.12
2026-04-21 20:00:00+00:00,USGS-09380000,8.45,11.55,843.0,0.4,8.1,8050.0,8.12
2026-04-21 21:00:00+00:00,USGS-09380000,8.7,11.7,842.0,0.4,8.149999999999999,8095.0,8.135000000000002
2026-04-21 22:00:00+00:00,USGS-09380000,8.95,11.9,840.5,0.4,8.2,8080.0,8.13
2026-04-21 23:00:00+00:00,USGS-09380000,9.149999999999999,12.05,840.0,0.4,8.2,8080.0,8.13
2026-04-22 00:00:00+00:00,USGS-09380000,9.350000000000001,12.2,840.0,0.4,8.2,8110.0,8.14
2026-04-22 01:00:00+00:00,USGS-09380000,9.5,12.2,839.0,0.4,8.3,8150.0,8.15
2026-04-22 02:00:00+00:00,USGS-09380000,9.6,12.2,839.0,0.35,8.3,8215.0,8.17
2026-04-22 03:00:00+00:00,USGS-09380000,9.6,12.2,838.0,0.4,8.3,8325.0,8.2
2026-04-22 04:00:00+00:00,USGS-09380000,9.6,12.2,838.0,0.4,8.3,8585.0,8.274999999999999
2026-04-22 05:00:00+00:00,USGS-09380000,9.6,12.2,838.0,0.4,8.3,8670.0,8.3
2026-04-22 06:00:00+00:00,USGS-09380000,9.6,12.2,839.0,0.4,8.3,8605.0,8.28
2026-04-22 07:00:00+00:00,USGS-09380000,9.5,12.2,840.0,0.4,8.3,8355.0,8.21
2026-04-22 08:00:00+00:00,USGS-09380000,9.350000000000001,12.05,840.0,0.45,8.3,8145.0,8.15
2026-04-22 09:00:00+00:00,USGS-09380000,9.149999999999999,11.95,840.0,0.4,8.25,8015.0,8.11
2026-04-22 10:00:00+00:00,USGS-09380000,8.850000000000001,11.75,840.0,0.4,8.2,7910.0,8.08
2026-04-22 11:00:00+00:00,USGS-09380000,8.649999999999999,11.55,840.5,0.4,8.2,7860.0,8.065000000000001
2026-04-22 12:00:00+00:00,USGS-09380000,8.4,11.350000000000001,841.0,0.4,8.1,7840.0,8.06
2026-04-22 13:00:00+00:00,USGS-09380000,8.25,11.2,842.0,0.5,8.1,7910.0,8.08
2026-04-22 14:00:00+00:00,USGS-09380000,8.1,11.0,843.5,0.4,8.1,7925.0,8.085
2026-04-22 15:00:00+00:00,USGS-09380000,8.1,10.9,844.5,0.4,8.1,8010.0,8.11
2026-04-22 16:00:00+00:00,USGS-09380000,8.0,10.8,846.0,0.4,8.0,8030.0,8.114999999999998
2026-04-22 17:00:00+00:00,USGS-09380000,8.0,10.8,846.0,0.35,8.0,8080.0,8.13
2026-04-22 18:00:00+00:00,USGS-09380000,8.1,10.850000000000001,846.0,0.4,8.0,8080.0,8.13
2026-04-22 19:00:00+00:00,USGS-09380000,8.25,10.95,846.0,0.4,8.1,8050.0,8.12
2026-04-22 20:00:00+00:00,USGS-09380000,8.5,11.149999999999999,845.0,0.35,8.1,8050.0,8.12
2026-04-22 21:00:00+00:00,USGS-09380000,8.75,11.3,844.0,0.3,8.1,8080.0,8.13
2026-04-22 22:00:00+00:00,USGS-09380000,8.95,11.5,844.0,0.3,8.2,8065.0,8.125
2026-04-22 23:00:00+00:00,USGS-09380000,9.149999999999999,11.55,844.5,0.4,8.2,7995.0,8.105
2026-04-23 00:00:00+00:00,USGS-09380000,9.3,11.6,846.0,0.4,8.2,8065.0,8.125
2026-04-23 01:00:00+00:00,USGS-09380000,9.4,11.6,847.0,0.35,8.2,8130.0,8.145
2026-04-23 02:00:00+00:00,USGS-09380000,9.4,11.6,847.0,0.3,8.2,8095.0,8.135000000000002
2026-04-23 03:00:00+00:00,USGS-09380000,9.5,11.6,846.0,0.4,8.3,8285.0,8.19
2026-04-23 04:00:00+00:00,USGS-09380000,9.5,11.7,846.0,0.3,8.3,8585.0,8.274999999999999
2026-04-23 05:00:00+00:00,USGS-09380000,9.5,11.7,845.0,0.4,8.3,8710.0,8.31
2026-04-23 06:00:00+00:00,USGS-09380000,9.4,11.8,845.5,0.3,8.3,8600.0,8.28
2026-04-23 07:00:00+00:00,USGS-09380000,9.350000000000001,11.7,847.0,0.3,8.3,8355.0,8.21
2026-04-23 08:00:00+00:00,USGS-09380000,9.2,11.55,848.0,0.4,8.2,8150.0,8.15
2026-04-23 09:00:00+00:00,USGS-09380000,8.95,11.350000000000001,850.0,0.4,8.2,7830.0,8.055
2026-04-23 10:00:00+00:00,USGS-09380000,8.7,11.05,852.0,0.35,8.2,7270.0,7.885
2026-04-23 11:00:00+00:00,USGS-09380000,8.45,10.850000000000001,852.0,0.3,8.1,6860.0,7.755
2026-04-23 12:00:00+00:00,USGS-09380000,8.2,10.649999999999999,852.0,0.35,8.1,6435.0,7.615
2026-04-23 13:00:00+00:00,USGS-09380000,8.05,10.55,852.0,0.3,8.0,6240.0,7.55
2026-04-23 14:00:00+00:00,USGS-09380000,7.9,10.5,852.0,0.3,8.0,6115.0,7.505
2026-04-23 15:00:00+00:00,USGS-09380000,7.75,10.4,852.0,0.3,8.0,6040.0,7.48
2026-04-23 16:00:00+00:00,USGS-09380000,7.7,10.4,853.0,0.3,8.0,6200.0,7.535
2026-04-23 17:00:00+00:00,USGS-09380000,7.6,10.3,854.5,0.3,8.0,6675.0,7.695
2026-04-23 18:00:00+00:00,USGS-09380000,7.6,10.4,855.5,0.25,8.0,7175.0,7.855
2026-04-23 19:00:00+00:00,USGS-09380000,7.7,10.4,858.0,0.3,8.0,7530.0,7.965
2026-04-23 20:00:00+00:00,USGS-09380000,7.85,10.5,860.5,0.3,8.0,7725.0,8.024999999999999
2026-04-23 21:00:00+00:00,USGS-09380000,8.05,10.6,861.5,0.3,8.0,7840.0,8.06
2026-04-23 22:00:00+00:00,USGS-09380000,8.25,10.75,860.5,0.3,8.0,7910.0,8.08
2026-04-23 23:00:00+00:00,USGS-09380000,8.55,11.0,857.0,0.3,8.1,7965.0,8.094999999999999
2026-04-24 00:00:00+00:00,USGS-09380000,8.9,11.25,852.5,0.3,8.1,7895.0,8.075
2026-04-24 01:00:00+00:00,USGS-09380000,9.1,11.4,849.5,0.3,8.2,7910.0,8.08
2026-04-24 02:00:00+00:00,USGS-09380000,9.2,11.4,849.0,0.3,8.2,7965.0,8.094999999999999
2026-04-24 03:00:00+00:00,USGS-09380000,9.2,11.4,851.0,0.3,8.2,8010.0,8.11
2026-04-24 04:00:00+00:00,USGS-09380000,9.1,11.3,853.5,0.3,8.2,7830.0,8.055
2026-04-24 05:00:00+00:00,USGS-09380000,9.1,11.3,854.0,0.35,8.2,7355.0,7.91
2026-04-24 06:00:00+00:00,USGS-09380000,9.1,11.350000000000001,852.0,0.4,8.2,6865.0,7.755
2026-04-24 07:00:00+00:00,USGS-09380000,9.2,11.4,850.5,0.4,8.2,6495.0,7.635
2026-04-24 08:00:00+00:00,USGS-09380000,9.149999999999999,11.4,849.0,0.4,8.2,6270.0,7.5600000000000005
2026-04-24 09:00:00+00:00,USGS-09380000,9.05,11.4,848.0,0.4,8.2,6145.0,7.515
2026-04-24 10:00:00+00:00,USGS-09380000,8.9,11.25,848.5,0.4,8.2,6070.0,7.49
2026-04-24 11:00:00+00:00,USGS-09380000,8.649999999999999,11.05,849.5,0.4,8.149999999999999,6010.0,7.47
2026-04-24 12:00:00+00:00,USGS-09380000,8.4,10.850000000000001,851.0,0.45,8.1,5980.0,7.46
2026-04-24 13:00:00+00:00,USGS-09380000,8.149999999999999,10.649999999999999,852.5,0.5,8.1,5980.0,7.46
2026-04-24 14:00:00+00:00,USGS-09380000,7.9,10.4,854.0,0.5,8.0,5980.0,7.46
2026-04-24 15:00:00+00:00,USGS-09380000,7.7,10.3,855.5,0.35,8.0,5980.0,7.46
2026-04-24 16:00:00+00:00,USGS-09380000,7.6,10.2,856.0,0.4,8.0,6160.0,7.52
2026-04-24 17:00:00+00:00,USGS-09380000,7.6,10.2,857.0,0.3,8.0,6675.0,7.695
2026-04-24 18:00:00+00:00,USGS-09380000,7.6,10.3,857.0,0.35,8.0,7195.0,7.859999999999999
2026-04-24 19:00:00+00:00,USGS-09380000,7.75,10.45,857.0,0.3,8.0,7515.0,7.96
2026-04-24 20:00:00+00:00,USGS-09380000,7.95,10.75,856.5,0.35,8.0,7715.0,8.02
2026-04-24 21:00:00+00:00,USGS-09380000,8.2,10.95,856.0,0.35,8.0,7880.0,8.07
2026-04-24 22:00:00+00:00,USGS-09380000,8.45,11.2,855.5,0.3,8.1,7930.0,8.085
2026-04-24 23:00:00+00:00,USGS-09380000,8.649999999999999,11.4,854.5,0.4,8.1,7965.0,8.094999999999999
2026-04-25 00:00:00+00:00,USGS-09380000,8.9,11.6,852.5,0.35,8.1,7965.0,8.094999999999999
2026-04-25 01:00:00+00:00,USGS-09380000,9.1,11.7,850.0,0.4,8.2,7965.0,8.094999999999999
2026-04-25 02:00:00+00:00,USGS-09380000,9.25,11.75,848.0,0.3,8.2,7965.0,8.094999999999999
2026-04-25 03:00:00+00:00,USGS-09380000,9.350000000000001,11.7,847.0,0.3,8.2,7950.0,8.09
2026-04-25 04:00:00+00:00,USGS-09380000,9.4,11.7,847.0,0.3,8.2,7815.0,8.05
2026-04-25 05:00:00+00:00,USGS-09380000,9.4,11.7,847.0,0.3,8.2,7355.0,7.91
2026-04-25 06:00:00+00:00,USGS-09380000,9.3,11.7,847.0,0.3,8.2,6910.0,7.77
2026-04-25 07:00:00+00:00,USGS-09380000,9.2,11.6,847.0,0.3,8.2,6525.0,7.645
2026-04-25 08:00:00+00:00,USGS-09380000,9.1,11.45,848.0,0.3,8.2,6270.0,7.5600000000000005
2026-04-25 09:00:00+00:00,USGS-09380000,8.95,11.3,849.5,0.25,8.2,6130.0,7.51
2026-04-25 10:00:00+00:00,USGS-09380000,8.75,11.149999999999999,851.0,0.3,8.149999999999999,6055.0,7.485
2026-04-25 11:00:00+00:00,USGS-09380000,8.55,11.0,853.0,0.3,8.1,6025.0,7.475
2026-04-25 12:00:00+00:00,USGS-09380000,8.25,10.8,855.0,0.3,8.1,6010.0,7.47
2026-04-25 13:00:00+00:00,USGS-09380000,8.05,10.649999999999999,856.5,0.3,8.0,5980.0,7.46
2026-04-25 14:00:00+00:00,USGS-09380000,7.85,10.5,857.0,0.3,8.0,5980.0,7.46
2026-04-25 15:00:00+00:00,USGS-09380000,7.75,10.4,857.0,0.3,8.0,5980.0,7.46
2026-04-25 16:00:00+00:00,USGS-09380000,7.7,10.4,856.5,0.3,8.0,6175.0,7.525
2026-04-25 17:00:00+00:00,USGS-09380000,7.7,10.4,856.0,0.3,8.0,6660.0,7.6899999999999995
2026-04-25 18:00:00+00:00,USGS-09380000,7.7,10.55,855.0,0.2,8.0,7145.0,7.845
2026-04-25 19:00:00+00:00,USGS-09380000,7.9,10.7,854.0,0.3,8.0,7500.0,7.955
2026-04-25 20:00:00+00:00,USGS-09380000,8.1,10.850000000000001,854.0,0.2,8.0,7680.0,8.01
2026-04-25 21:00:00+00:00,USGS-09380000,8.3,11.05,853.5,0.3,8.1,7830.0,8.055
2026-04-25 22:00:00+00:00,USGS-09380000,8.5,11.2,854.0,0.3,8.1,7930.0,8.085
2026-04-25 23:00:00+00:00,USGS-09380000,8.7,11.3,856.0,0.3,8.1,7930.0,8.085
2026-04-26 00:00:00+00:00,USGS-09380000,8.8,11.3,856.0,0.3,8.1,7980.0,8.1
2026-04-26 01:00:00+00:00,USGS-09380000,8.95,11.3,856.0,0.3,8.2,7980.0,8.1
2026-04-26 02:00:00+00:00,USGS-09380000,9.1,11.4,854.0,0.3,8.2,8020.0,8.11
2026-04-26 03:00:00+00:00,USGS-09380000,9.2,11.5,852.0,0.35,8.2,8035.0,8.114999999999998
2026-04-26 04:00:00+00:00,USGS-09380000,9.2,11.6,851.0,0.3,8.2,7845.0,8.06
2026-04-26 05:00:00+00:00,USGS-09380000,9.2,11.6,850.0,0.3,8.2,7370.0,7.915
2026-04-26 06:00:00+00:00,USGS-09380000,9.2,11.7,849.0,0.4,8.2,6880.0,7.76
2026-04-26 07:00:00+00:00,USGS-09380000,9.149999999999999,11.6,849.0,0.35,8.2,6510.0,7.640000000000001
2026-04-26 08:00:00+00:00,USGS-09380000,9.1,11.6,848.0,0.4,8.2,6235.0,7.545
2026-04-26 09:00:00+00:00,USGS-09380000,8.95,11.45,848.5,0.4,8.2,6130.0,7.51
2026-04-26 10:00:00+00:00,USGS-09380000,8.8,11.350000000000001,849.0,0.35,8.2,6085.0,7.495
2026-04-26 11:00:00+00:00,USGS-09380000,8.6,11.149999999999999,850.5,0.4,8.1,6010.0,7.47
2026-04-26 12:00:00+00:00,USGS-09380000,8.350000000000001,11.0,852.5,0.45,8.1,5990.0,7.46
2026-04-26 13:00:00+00:00,USGS-09380000,8.149999999999999,10.8,854.5,0.3,8.1,5990.0,7.46
2026-04-26 14:00:00+00:00,USGS-09380000,7.9,10.649999999999999,857.0,0.4,8.0,5975.0,7.455
2026-04-26 15:00:00+00:00,USGS-09380000,7.75,10.55,859.0,0.3,8.0,5975.0,7.455
2026-04-26 16:00:00+00:00,USGS-09380000,7.6,10.4,861.0,0.3,8.0,6145.0,7.515000000000001
2026-04-26 17:00:00+00:00,USGS-09380000,7.5,10.3,863.0,0.3,8.0,6600.0,7.67
2026-04-26 18:00:00+00:00,USGS-09380000,7.55,10.3,864.5,0.3,8.0,7160.0,7.85
2026-04-26 19:00:00+00:00,USGS-09380000,7.7,10.3,866.0,0.3,8.0,7515.0,7.96
2026-04-26 20:00:00+00:00,USGS-09380000,7.95,10.4,867.0,0.3,8.0,7680.0,8.01
2026-04-26 21:00:00+00:00,USGS-09380000,8.2,10.55,866.0,0.25,8.0,7865.0,8.065000000000001
2026-04-26 22:00:00+00:00,USGS-09380000,8.350000000000001,10.7,865.0,0.3,8.1,7965.0,8.094999999999999
2026-04-26 23:00:00+00:00,USGS-09380000,8.55,10.9,863.5,0.3,8.1,8020.0,8.11
2026-04-27 00:00:00+00:00,USGS-09380000,8.7,11.0,862.5,0.3,8.1,8000.0,8.105
2026-04-27 01:00:00+00:00,USGS-09380000,8.8,11.0,861.5,0.3,8.1,7965.0,8.094999999999999
2026-04-27 02:00:00+00:00,USGS-09380000,8.9,11.0,860.0,0.3,8.2,8000.0,8.105
2026-04-27 03:00:00+00:00,USGS-09380000,8.9,11.0,858.5,0.3,8.2,7965.0,8.094999999999999
2026-04-27 04:00:00+00:00,USGS-09380000,9.0,11.0,855.5,0.3,8.2,7830.0,8.055
2026-04-27 05:00:00+00:00,USGS-09380000,9.0,11.0,853.0,0.3,8.2,7385.0,7.92
2026-04-27 06:00:00+00:00,USGS-09380000,8.95,10.95,851.5,0.3,8.2,6880.0,7.76
2026-04-27 07:00:00+00:00,USGS-09380000,8.850000000000001,10.9,851.0,0.3,8.2,6495.0,7.635
2026-04-27 08:00:00+00:00,USGS-09380000,8.7,10.75,852.0,0.3,8.1,6265.0,7.555
2026-04-27 09:00:00+00:00,USGS-09380000,8.55,10.6,853.5,0.3,8.1,6115.0,7.505
2026-04-27 10:00:00+00:00,USGS-09380000,8.350000000000001,10.4,855.0,0.25,8.1,6055.0,7.485
2026-04-27 11:00:00+00:00,USGS-09380000,8.149999999999999,10.3,856.5,0.3,8.0,6020.0,7.47
2026-04-27 12:00:00+00:00,USGS-09380000,8.0,10.2,858.0,0.3,8.0,5990.0,7.46
2026-04-27 13:00:00+00:00,USGS-09380000,7.85,10.1,859.0,0.3,8.0,6005.0,7.465
2026-04-27 14:00:00+00:00,USGS-09380000,7.7,10.0,860.5,0.35,8.0,5990.0,7.46
2026-04-27 15:00:00+00:00,USGS-09380000,7.6,10.0,862.0,0.3,8.0,5990.0,7.46
2026-04-27 16:00:00+00:00,USGS-09380000,7.5,10.0,863.5,0.3,7.95,6175.0,7.525
2026-04-27 17:00:00+00:00,USGS-09380000,7.4,10.0,865.5,0.3,7.9,6680.0,7.695
2026-04-27 18:00:00+00:00,USGS-09380000,7.4,10.05,867.5,0.3,7.9,7175.0,7.855
2026-04-27 19:00:00+00:00,USGS-09380000,7.5,10.1,869.0,0.3,7.9,7520.0,7.96
2026-04-27 20:00:00+00:00,USGS-09380000,7.65,10.2,869.0,0.3,8.0,7765.0,8.035
2026-04-27 21:00:00+00:00,USGS-09380000,7.85,10.350000000000001,868.5,0.3,8.0,7865.0,8.065000000000001
2026-04-27 22:00:00+00:00,USGS-09380000,8.149999999999999,10.55,867.5,0.3,8.0,7900.0,8.075
2026-04-27 23:00:00+00:00,USGS-09380000,8.350000000000001,10.7,867.0,0.3,8.0,8000.0,8.105
2026-04-28 00:00:00+00:00,USGS-09380000,8.6,10.8,867.0,0.3,8.1,8000.0,8.105
2026-04-28 01:00:00+00:00,USGS-09380000,8.75,10.8,867.0,0.3,8.1,8000.0,8.105
2026-04-28 02:00:00+00:00,USGS-09380000,8.8,10.8,867.0,0.3,8.1,7965.0,8.094999999999999
2026-04-28 03:00:00+00:00,USGS-09380000,8.8,10.8,867.0,0.3,8.1,7950.0,8.09
2026-04-28 04:00:00+00:00,USGS-09380000,8.8,10.8,865.5,0.3,8.1,7765.0,8.035
2026-04-28 05:00:00+00:00,USGS-09380000,8.8,10.9,864.0,0.3,8.1,7240.0,7.875
2026-04-28 06:00:00+00:00,USGS-09380000,8.8,11.0,862.0,0.3,8.1,6850.0,7.75
2026-04-28 07:00:00+00:00,USGS-09380000,8.8,11.0,860.5,0.3,8.2,6540.0,7.65
2026-04-28 08:00:00+00:00,USGS-09380000,8.8,11.0,859.0,0.3,8.2,6310.0,7.57
2026-04-28 09:00:00+00:00,USGS-09380000,8.75,11.0,857.5,0.3,8.1,6175.0,7.525
2026-04-28 10:00:00+00:00,USGS-09380000,8.6,10.95,857.0,0.3,8.1,6085.0,7.495
2026-04-28 11:00:00+00:00,USGS-09380000,8.4,10.9,857.5,0.3,8.1,6040.0,7.48
2026-04-28 12:00:00+00:00,USGS-09380000,8.2,10.8,858.0,0.25,8.1,6030.0,7.475
2026-04-28 13:00:00+00:00,USGS-09380000,8.05,10.7,858.0,0.3,8.0,6020.0,7.47
2026-04-28 14:00:00+00:00,USGS-09380000,7.9,10.6,858.0,0.3,8.0,6020.0,7.47
2026-04-28 15:00:00+00:00,USGS-09380000,7.75,10.5,858.0,0.3,8.0,5990.0,7.46
2026-04-28 16:00:00+00:00,USGS-09380000,7.65,10.4,859.0,0.3,8.0,6175.0,7.525
2026-04-28 17:00:00+00:00,USGS-09380000,7.6,10.3,860.5,0.3,8.0,6685.0,7.695
2026-04-28 18:00:00+00:00,USGS-09380000,7.6,10.3,862.5,0.3,7.95,7150.0,7.845000000000001
2026-04-28 19:00:00+00:00,USGS-09380000,7.7,10.350000000000001,865.0,0.3,8.0,7550.0,7.970000000000001
2026-04-28 20:00:00+00:00,USGS-09380000,7.8,10.5,866.5,0.3,8.0,7765.0,8.035
2026-04-28 21:00:00+00:00,USGS-09380000,8.0,10.6,868.0,0.2,8.0,7900.0,8.075
2026-04-28 22:00:00+00:00,USGS-09380000,8.149999999999999,10.8,870.5,0.3,8.0,7950.0,8.09
2026-04-28 23:00:00+00:00,USGS-09380000,8.3,10.95,872.5,0.3,8.0,7950.0,8.09
2026-04-29 00:00:00+00:00,USGS-09380000,8.5,11.1,872.0,0.25,8.05,7980.0,8.1
2026-04-29 01:00:00+00:00,USGS-09380000,8.75,11.3,868.0,0.3,8.1,7980.0,8.1
2026-04-29 02:00:00+00:00,USGS-09380000,9.0,11.45,862.5,0.3,8.1,8000.0,8.105
2026-04-29 03:00:00+00:00,USGS-09380000,9.149999999999999,11.6,856.0,0.3,8.2,8005.0,8.105
2026-04-29 04:00:00+00:00,USGS-09380000,9.3,11.7,850.5,0.3,8.2,7815.0,8.05
2026-04-29 05:00:00+00:00,USGS-09380000,9.3,11.75,848.0,0.3,8.2,7355.0,7.91
2026-04-29 06:00:00+00:00,USGS-09380000,9.3,11.8,847.0,0.3,8.2,6850.0,7.75
2026-04-29 07:00:00+00:00,USGS-09380000,9.2,11.7,848.0,0.3,8.2,6505.0,7.635
2026-04-29 08:00:00+00:00,USGS-09380000,9.1,11.6,849.0,0.3,8.2,6280.0,7.5600000000000005
2026-04-29 09:00:00+00:00,USGS-09380000,8.95,11.5,851.0,0.3,8.2,6145.0,7.515
2026-04-29 10:00:00+00:00,USGS-09380000,8.75,11.350000000000001,852.0,0.2,8.1,6070.0,7.49
2026-04-29 11:00:00+00:00,USGS-09380000,8.5,11.149999999999999,853.5,0.3,8.1,6050.0,7.48
2026-04-29 12:00:00+00:00,USGS-09380000,8.25,11.0,854.5,0.25,8.1,6020.0,7.47
2026-04-29 13:00:00+00:00,USGS-09380000,8.05,10.8,855.0,0.25,8.0,6020.0,7.47
2026-04-29 14:00:00+00:00,USGS-09380000,7.8,10.649999999999999,856.0,0.3,8.0,5990.0,7.46
2026-04-29 15:00:00+00:00,USGS-09380000,7.7,10.5,857.0,0.2,8.0,5990.0,7.46
2026-04-29 16:00:00+00:00,USGS-09380000,7.6,10.45,857.5,0.25,8.0,6175.0,7.525
2026-04-29 17:00:00+00:00,USGS-09380000,7.5,10.4,858.0,0.3,7.9,6670.0,7.6899999999999995
2026-04-29 18:00:00+00:00,USGS-09380000,7.6,10.5,859.0,0.3,7.95,7150.0,7.845000000000001
2026-04-29 19:00:00+00:00,USGS-09380000,7.75,10.649999999999999,859.0,0.25,8.0,7520.0,7.96
2026-04-29 20:00:00+00:00,USGS-09380000,7.95,10.850000000000001,859.0,0.3,8.0,7720.0,8.02
2026-04-29 21:00:00+00:00,USGS-09380000,8.25,11.1,858.0,0.3,8.0,7920.0,8.08
2026-04-29 22:00:00+00:00,USGS-09380000,8.55,11.4,856.5,0.3,8.05,7950.0,8.09
2026-04-29 23:00:00+00:00,USGS-09380000,8.8,11.7,855.0,0.3,8.1,8020.0,8.11
2026-04-30 00:00:00+00:00,USGS-09380000,9.0,11.850000000000001,855.0,0.3,8.1,8020.0,8.11
2026-04-30 01:00:00+00:00,USGS-09380000,9.1,11.95,855.0,0.3,8.149999999999999,7985.0,8.1
2026-04-30 02:00:00+00:00,USGS-09380000,9.2,12.0,855.5,0.3,8.2,8035.0,8.114999999999998
2026-04-30 03:00:00+00:00,USGS-09380000,9.2,11.9,856.0,0.3,8.2,8035.0,8.114999999999998
2026-04-30 04:00:00+00:00,USGS-09380000,9.2,11.9,857.0,0.25,8.2,7850.0,8.06
2026-04-30 05:00:00+00:00,USGS-09380000,9.1,11.9,857.0,0.3,8.2,7355.0,7.91
2026-04-30 06:00:00+00:00,USGS-09380000,9.05,11.850000000000001,857.0,0.3,8.2,6850.0,7.75
2026-04-30 07:00:00+00:00,USGS-09380000,8.95,11.8,857.0,0.3,8.2,6520.0,7.640000000000001
2026-04-30 08:00:00+00:00,USGS-09380000,8.850000000000001,11.7,857.0,0.3,8.2,6265.0,7.555
2026-04-30 09:00:00+00:00,USGS-09380000,8.7,11.6,857.0,0.3,8.1,6145.0,7.515
2026-04-30 10:00:00+00:00,USGS-09380000,8.55,11.45,857.0,0.25,8.1,6080.0,7.49
2026-04-30 11:00:00+00:00,USGS-09380000,8.350000000000001,11.350000000000001,857.0,0.25,8.1,6035.0,7.475
2026-04-30 12:00:00+00:00,USGS-09380000,8.2,11.25,857.0,0.2,8.1,6005.0,7.465
2026-04-30 13:00:00+00:00,USGS-09380000,8.0,11.149999999999999,857.0,0.3,8.0,5975.0,7.455
2026-04-30 14:00:00+00:00,USGS-09380000,7.8,11.05,857.0,0.2,8.0,5960.0,7.45
2026-04-30 15:00:00+00:00,USGS-09380000,7.7,11.0,857.0,0.3,8.0,5960.0,7.45
2026-04-30 16:00:00+00:00,USGS-09380000,7.6,11.0,856.0,0.25,8.0,6135.0,7.51
2026-04-30 17:00:00+00:00,USGS-09380000,7.6,11.0,855.0,0.2,8.0,6625.0,7.675000000000001
2026-04-30 18:00:00+00:00,USGS-09380000,7.75,11.2,854.0,0.3,8.0,7165.0,7.85
2026-04-30 19:00:00+00:00,USGS-09380000,7.95,11.350000000000001,853.0,0.25,8.0,7520.0,7.96
2026-04-30 20:00:00+00:00,USGS-09380000,8.2,11.55,852.0,0.3,8.0,7720.0,8.02
2026-04-30 21:00:00+00:00,USGS-09380000,8.45,11.75,852.0,0.3,8.1,7870.0,8.065000000000001
2026-04-30 22:00:00+00:00,USGS-09380000,8.7,11.9,853.0,0.3,8.1,7935.0,8.085
2026-04-30 23:00:00+00:00,USGS-09380000,8.9,12.0,852.0,0.3,8.1,7950.0,8.09
2026-05-01 00:00:00+00:00,USGS-09380000,9.1,12.1,852.0,0.3,8.2,7950.0,8.09
2026-05-01 01:00:00+00:00,USGS-09380000,9.3,12.1,851.0,0.25,8.2,7990.0,8.1
2026-05-01 02:00:00+00:00,USGS-09380000,9.4,12.1,850.5,0.3,8.2,8020.0,8.11
2026-05-01 03:00:00+00:00,USGS-09380000,9.4,12.1,850.0,0.3,8.2,7990.0,8.1
2026-05-01 04:00:00+00:00,USGS-09380000,9.3,12.1,849.0,0.3,8.2,7820.0,8.05
2026-05-01 05:00:00+00:00,USGS-09380000,9.3,12.1,848.0,0.3,8.2,7340.0,7.904999999999999
2026-05-01 06:00:00+00:00,USGS-09380000,9.3,12.149999999999999,848.0,0.3,8.2,6820.0,7.74
2026-05-01 07:00:00+00:00,USGS-09380000,9.3,12.2,847.0,0.25,8.2,6475.0,7.625
2026-05-01 08:00:00+00:00,USGS-09380000,9.2,12.2,847.0,0.3,8.2,6250.0,7.55
2026-05-01 09:00:00+00:00,USGS-09380000,9.1,12.1,846.5,0.3,8.2,6115.0,7.505
2026-05-01 10:00:00+00:00,USGS-09380000,8.9,12.0,846.0,0.3,8.2,6035.0,7.475
2026-05-01 11:00:00+00:00,USGS-09380000,8.7,11.850000000000001,846.0,0.2,8.2,5975.0,7.455
2026-05-01 12:00:00+00:00,USGS-09380000,8.45,11.7,846.5,0.3,8.1,6035.0,7.475
2026-05-01 13:00:00+00:00,USGS-09380000,8.25,11.6,847.0,0.3,8.1,6145.0,7.515
2026-05-01 14:00:00+00:00,USGS-09380000,8.05,11.45,848.0,0.2,8.05,6400.0,7.6
2026-05-01 15:00:00+00:00,USGS-09380000,7.9,11.350000000000001,848.0,0.3,8.0,6835.0,7.745
2026-05-01 16:00:00+00:00,USGS-09380000,7.8,11.3,848.5,0.3,8.0,7245.0,7.875
2026-05-01 17:00:00+00:00,USGS-09380000,7.8,11.3,848.0,0.25,8.0,7570.0,7.975
2026-05-01 18:00:00+00:00,USGS-09380000,7.85,11.45,847.0,0.3,8.0,7770.0,8.035
2026-05-01 19:00:00+00:00,USGS-09380000,8.05,11.6,846.0,0.3,8.0,7890.0,8.07
2026-05-01 20:00:00+00:00,USGS-09380000,8.3,11.8,846.0,0.3,8.05,7920.0,8.08
2026-05-01 21:00:00+00:00,USGS-09380000,8.55,12.0,846.0,0.3,8.1,7970.0,8.094999999999999
2026-05-01 22:00:00+00:00,USGS-09380000,8.850000000000001,12.25,846.0,0.3,8.1,8020.0,8.11
2026-05-01 23:00:00+00:00,USGS-09380000,9.1,12.4,846.0,0.35,8.2,8005.0,8.105
2026-05-02 00:00:00+00:00,USGS-09380000,9.350000000000001,12.5,846.0,0.35,8.2,8005.0,8.105
2026-05-02 01:00:00+00:00,USGS-09380000,9.5,12.6,846.0,0.3,8.2,7990.0,8.1
2026-05-02 02:00:00+00:00,USGS-09380000,9.6,12.6,845.0,0.3,8.2,8020.0,8.11
2026-05-02 03:00:00+00:00,USGS-09380000,9.6,12.6,845.0,0.3,8.3,8105.0,8.135000000000002
2026-05-02 04:00:00+00:00,USGS-09380000,9.6,12.6,845.0,0.3,8.3,8420.0,8.225000000000001
2026-05-02 05:00:00+00:00,USGS-09380000,9.5,12.6,845.5,0.3,8.2,8735.0,8.315000000000001
2026-05-02 06:00:00+00:00,USGS-09380000,9.5,12.5,847.0,0.3,8.2,8665.0,8.295
2026-05-02 07:00:00+00:00,USGS-09380000,9.350000000000001,12.45,848.0,0.3,8.2,8245.0,8.175
2026-05-02 08:00:00+00:00,USGS-09380000,9.2,12.3,848.0,0.35,8.2,7620.0,7.99
2026-05-02 09:00:00+00:00,USGS-09380000,9.0,12.2,846.5,0.3,8.2,7010.0,7.800000000000001
2026-05-02 10:00:00+00:00,USGS-09380000,8.8,12.05,845.0,0.3,8.2,6595.0,7.665
2026-05-02 11:00:00+00:00,USGS-09380000,8.55,11.95,844.0,0.3,8.149999999999999,6325.0,7.575
2026-05-02 12:00:00+00:00,USGS-09380000,8.350000000000001,11.9,843.0,0.3,8.1,6175.0,7.525
2026-05-02 13:00:00+00:00,USGS-09380000,8.149999999999999,11.8,843.0,0.3,8.1,6095.0,7.495
2026-05-02 14:00:00+00:00,USGS-09380000,7.95,11.7,844.0,0.35,8.1,6035.0,7.475
2026-05-02 15:00:00+00:00,USGS-09380000,7.8,11.649999999999999,845.0,0.3,8.0,6020.0,7.47
2026-05-02 16:00:00+00:00,USGS-09380000,7.75,11.6,846.0,0.3,8.0,6190.0,7.529999999999999
2026-05-02 17:00:00+00:00,USGS-09380000,7.7,11.6,846.0,0.5,8.0,6700.0,7.699999999999999
2026-05-02 18:00:00+00:00,USGS-09380000,7.85,11.7,845.5,0.4,8.0,7200.0,7.859999999999999
2026-05-02 19:00:00+00:00,USGS-09380000,8.1,11.9,844.0,0.3,8.0,7570.0,7.975
2026-05-02 20:00:00+00:00,USGS-09380000,8.45,12.149999999999999,841.5,0.35,8.1,7805.0,8.045
2026-05-02 21:00:00+00:00,USGS-09380000,8.75,12.4,839.5,0.4,8.1,7905.0,8.075
2026-05-02 22:00:00+00:00,USGS-09380000,9.05,12.649999999999999,839.0,0.4,8.2,7975.0,8.094999999999999
2026-05-02 23:00:00+00:00,USGS-09380000,9.25,12.850000000000001,840.0,0.4,8.2,7975.0,8.094999999999999
2026-05-03 00:00:00+00:00,USGS-09380000,9.45,13.0,840.0,0.4,8.2,8020.0,8.11
2026-05-03 01:00:00+00:00,USGS-09380000,9.649999999999999,13.149999999999999,840.5,0.4,8.3,8020.0,8.11
2026-05-03 02:00:00+00:00,USGS-09380000,9.7,13.2,841.0,0.35,8.3,8020.0,8.11
2026-05-03 03:00:00+00:00,USGS-09380000,9.7,13.2,842.0,0.4,8.3,8020.0,8.11
2026-05-03 04:00:00+00:00,USGS-09380000,9.6,13.1,843.0,0.35,8.3,8005.0,8.105
2026-05-03 05:00:00+00:00,USGS-09380000,9.55,13.1,844.0,0.4,8.3,7800.0,8.045
2026-05-03 06:00:00+00:00,USGS-09380000,9.5,13.0,845.0,0.4,8.3,7325.0,7.9
2026-05-03 07:00:00+00:00,USGS-09380000,9.4,13.0,846.0,0.3,8.3,6840.0,7.745
2026-05-03 08:00:00+00:00,USGS-09380000,9.25,12.850000000000001,847.0,0.3,8.25,6505.0,7.635
2026-05-03 09:00:00+00:00,USGS-09380000,9.05,12.7,847.5,0.4,8.2,6295.0,7.5649999999999995
2026-05-03 10:00:00+00:00,USGS-09380000,8.8,12.55,848.0,0.3,8.2,6150.0,7.515
2026-05-03 11:00:00+00:00,USGS-09380000,8.55,12.350000000000001,849.0,0.3,8.2,6080.0,7.49
2026-05-03 12:00:00+00:00,USGS-09380000,8.3,12.2,849.0,0.3,8.1,6035.0,7.475
2026-05-03 13:00:00+00:00,USGS-09380000,8.1,12.0,849.0,0.3,8.1,6020.0,7.47
2026-05-03 14:00:00+00:00,USGS-09380000,7.9,11.850000000000001,849.5,0.3,8.0,6005.0,7.465
2026-05-03 15:00:00+00:00,USGS-09380000,7.8,11.75,850.0,0.3,8.0,6005.0,7.465
2026-05-03 16:00:00+00:00,USGS-09380000,7.7,11.649999999999999,850.5,,8.0,6195.0,7.529999999999999
2026-05-03 17:00:00+00:00,USGS-09380000,7.7,11.649999999999999,851.0,,8.0,6685.0,7.695
2026-05-03 18:00:00+00:00,USGS-09380000,7.85,11.75,850.0,0.35,8.0,7200.0,7.859999999999999
2026-05-03 19:00:00+00:00,USGS-09380000,8.05,11.9,849.0,0.3,8.0,7555.0,7.970000000000001
2026-05-03 20:00:00+00:00,USGS-09380000,8.350000000000001,12.149999999999999,847.5,0.3,8.1,7770.0,8.035
2026-05-03 21:00:00+00:00,USGS-09380000,8.6,12.350000000000001,847.0,0.35,8.1,7840.0,8.055
2026-05-03 22:00:00+00:00,USGS-09380000,8.850000000000001,12.55,846.0,0.4,8.2,7905.0,8.075
2026-05-03 23:00:00+00:00,USGS-09380000,9.05,12.75,845.5,0.45,8.2,7840.0,8.055
2026-05-04 00:00:00+00:00,USGS-09380000,9.2,12.8,846.0,0.5,8.2,7990.0,8.1
2026-05-04 01:00:00+00:00,USGS-09380000,9.4,12.9,846.0,0.6,8.2,8020.0,8.11
2026-05-04 02:00:00+00:00,USGS-09380000,9.45,12.9,845.5,,8.3,7990.0,8.1
2026-05-04 03:00:00+00:00,USGS-09380000,9.5,12.9,844.0,,8.3,7940.0,8.085
2026-05-04 04:00:00+00:00,USGS-09380000,9.6,12.9,843.0,,8.3,7990.0,8.1
2026-05-04 05:00:00+00:00,USGS-09380000,9.55,12.9,842.0,,8.3,7810.0,8.045
2026-05-04 06:00:00+00:00,USGS-09380000,9.5,12.8,841.0,,8.3,7330.0,7.9
2026-05-04 07:00:00+00:00,USGS-09380000,9.350000000000001,12.8,841.0,,8.3,6840.0,7.745
2026-05-04 08:00:00+00:00,USGS-09380000,9.2,12.75,840.0,,8.2,6490.0,7.63
2026-05-04 09:00:00+00:00,USGS-09380000,9.0,12.7,840.0,,8.2,6265.0,7.555
2026-05-04 10:00:00+00:00,USGS-09380000,8.8,12.6,841.0,,8.2,6155.0,7.515
2026-05-04 11:00:00+00:00,USGS-09380000,8.6,12.45,841.0,,8.2,6035.0,7.475
2026-05-04 12:00:00+00:00,USGS-09380000,8.4,12.350000000000001,841.0,,8.1,6020.0,7.47
2026-05-04 13:00:00+00:00,USGS-09380000,8.2,12.2,841.0,,8.1,6020.0,7.47
2026-05-04 14:00:00+00:00,USGS-09380000,8.0,12.2,842.0,,8.1,6210.0,7.535
2026-05-04 15:00:00+00:00,USGS-09380000,7.9,12.1,843.0,,8.1,6670.0,7.6899999999999995
2026-05-04 16:00:00+00:00,USGS-09380000,7.8,12.0,843.5,0.5,8.0,7185.0,7.855
2026-05-04 17:00:00+00:00,USGS-09380000,7.8,12.0,844.0,0.3,8.0,7540.0,7.965
2026-05-04 18:00:00+00:00,USGS-09380000,7.95,12.0,843.5,0.44999999999999996,8.05,7755.0,8.03
2026-05-04 19:00:00+00:00,USGS-09380000,8.149999999999999,12.05,844.0,0.4,8.1,7840.0,8.055
2026-05-04 20:00:00+00:00,USGS-09380000,8.350000000000001,12.1,845.0,0.55,8.1,7940.0,8.085
2026-05-04 21:00:00+00:00,USGS-09380000,8.5,12.1,846.0,0.7,8.1,7975.0,8.094999999999999
2026-05-04 22:00:00+00:00,USGS-09380000,8.7,12.2,847.0,,8.1,7990.0,8.1
2026-05-04 23:00:00+00:00,USGS-09380000,8.95,12.2,846.0,,8.2,8005.0,8.105
2026-05-05 00:00:00+00:00,USGS-09380000,9.25,12.3,845.0,,8.2,7990.0,8.1
2026-05-05 01:00:00+00:00,USGS-09380000,9.45,12.3,844.0,,8.25,7990.0,8.1
2026-05-05 02:00:00+00:00,USGS-09380000,9.6,12.3,843.5,,8.3,7990.0,8.1
2026-05-05 03:00:00+00:00,USGS-09380000,9.7,12.350000000000001,842.5,,8.3,8090.0,8.13
2026-05-05 04:00:00+00:00,USGS-09380000,9.7,12.4,841.0,,8.3,8350.0,8.205
2026-05-05 05:00:00+00:00,USGS-09380000,9.7,12.5,840.0,,8.3,8635.0,8.285
2026-05-05 06:00:00+00:00,USGS-09380000,9.55,12.5,840.0,,8.3,8670.0,8.295
2026-05-05 07:00:00+00:00,USGS-09380000,9.4,12.5,841.0,,8.3,8320.0,8.195
2026-05-05 08:00:00+00:00,USGS-09380000,9.2,12.4,842.0,,8.3,7640.0,7.994999999999999
2026-05-05 09:00:00+00:00,USGS-09380000,9.0,12.25,843.0,,8.2,7045.0,7.8100000000000005
2026-05-05 10:00:00+00:00,USGS-09380000,8.75,12.05,843.5,,8.2,6595.0,7.665
2026-05-05 11:00:00+00:00,USGS-09380000,8.55,11.9,843.5,,8.2,6325.0,7.575
2026-05-05 12:00:00+00:00,USGS-09380000,8.4,11.75,843.0,,8.1,6140.0,7.51
2026-05-05 13:00:00+00:00,USGS-09380000,8.2,11.6,843.0,,8.1,6080.0,7.49
2026-05-05 14:00:00+00:00,USGS-09380000,8.1,11.5,843.0,,8.1,6240.0,7.545
2026-05-05 15:00:00+00:00,USGS-09380000,8.0,11.4,843.0,,8.0,6655.0,7.6850000000000005
2026-05-05 16:00:00+00:00,USGS-09380000,7.9,11.4,844.0,0.3,8.0,7155.0,7.845000000000001
2026-05-05 17:00:00+00:00,USGS-09380000,7.9,11.4,845.0,0.4,8.0,7525.0,7.96
2026-05-05 18:00:00+00:00,USGS-09380000,8.0,11.5,845.0,0.3,8.0,7740.0,8.024999999999999
2026-05-05 19:00:00+00:00,USGS-09380000,8.2,11.649999999999999,845.0,0.3,8.1,7840.0,8.055
2026-05-05 20:00:00+00:00,USGS-09380000,8.45,11.9,844.5,0.4,8.1,7890.0,8.07
2026-05-05 21:00:00+00:00,USGS-09380000,8.75,12.149999999999999,843.5,0.35,8.149999999999999,7960.0,8.09
2026-05-05 22:00:00+00:00,USGS-09380000,9.05,12.350000000000001,843.0,0.3,8.2,7960.0,8.09
2026-05-05 23:00:00+00:00,USGS-09380000,9.350000000000001,12.6,843.0,0.3,8.2,7975.0,8.094999999999999
2026-05-06 00:00:00+00:00,USGS-09380000,9.5,12.7,843.0,0.4,8.25,7990.0,8.1
2026-05-06 01:00:00+00:00,USGS-09380000,9.649999999999999,12.8,842.0,0.35,8.3,7960.0,8.09
2026-05-06 02:00:00+00:00,USGS-09380000,9.7,12.8,841.0,0.35,8.3,7990.0,8.1
2026-05-06 03:00:00+00:00,USGS-09380000,9.7,12.8,839.5,0.35,8.3,8110.0,8.135000000000002
2026-05-06 04:00:00+00:00,USGS-09380000,9.7,12.8,838.0,0.4,8.3,8355.0,8.205
2026-05-06 05:00:00+00:00,USGS-09380000,9.7,12.8,839.0,0.4,8.3,8615.0,8.28
2026-05-06 06:00:00+00:00,USGS-09380000,9.6,12.8,839.5,0.4,8.3,8655.0,8.29
2026-05-06 07:00:00+00:00,USGS-09380000,9.45,12.7,841.0,0.35,8.3,8305.0,8.19
2026-05-06 08:00:00+00:00,USGS-09380000,9.25,12.55,843.0,0.35,8.3,7660.0,8.0
2026-05-06 09:00:00+00:00,USGS-09380000,9.05,12.350000000000001,844.0,0.4,8.2,7030.0,7.805
2026-05-06 10:00:00+00:00,USGS-09380000,8.8,12.2,844.0,0.35,8.2,6625.0,7.675000000000001
2026-05-06 11:00:00+00:00,USGS-09380000,8.55,12.05,844.0,0.35,8.2,6340.0,7.58
2026-05-06 12:00:00+00:00,USGS-09380000,8.350000000000001,11.9,843.0,0.35,8.1,6170.0,7.52
2026-05-06 13:00:00+00:00,USGS-09380000,8.149999999999999,11.8,843.0,0.35,8.1,6110.0,7.5
2026-05-06 14:00:00+00:00,USGS-09380000,8.0,11.7,844.0,0.3,8.1,6240.0,7.545
2026-05-06 15:00:00+00:00,USGS-09380000,7.8,11.6,845.0,0.3,8.0,6670.0,7.6899999999999995
2026-05-06 16:00:00+00:00,USGS-09380000,7.7,11.5,847.0,0.35,8.0,7175.0,7.85
2026-05-06 17:00:00+00:00,USGS-09380000,7.75,11.45,848.5,0.4,8.0,7430.0,7.93
2026-05-06 18:00:00+00:00,USGS-09380000,7.9,11.5,850.0,0.3,8.0,7645.0,7.995
2026-05-06 19:00:00+00:00,USGS-09380000,8.149999999999999,11.649999999999999,849.0,0.35,8.05,7790.0,8.04
2026-05-06 20:00:00+00:00,USGS-09380000,8.4,11.850000000000001,848.0,0.4,8.1,7820.0,8.05
2026-05-06 21:00:00+00:00,USGS-09380000,8.649999999999999,12.05,846.5,0.4,8.1,7910.0,8.075
2026-05-06 22:00:00+00:00,USGS-09380000,9.0,12.3,846.0,0.3,8.2,7890.0,8.07
2026-05-06 23:00:00+00:00,USGS-09380000,9.149999999999999,12.4,846.5,0.35,8.2,7945.0,8.085
2026-05-07 00:00:00+00:00,USGS-09380000,9.350000000000001,12.45,847.0,0.3,8.2,7945.0,8.085
2026-05-07 01:00:00+00:00,USGS-09380000,9.5,12.5,847.0,0.3,8.25,7990.0,8.1
2026-05-07 02:00:00+00:00,USGS-09380000,9.6,12.6,846.0,0.35,8.3,7975.0,8.094999999999999
2026-05-07 03:00:00+00:00,USGS-09380000,9.7,12.6,845.0,0.35,8.3,8080.0,8.125
2026-05-07 04:00:00+00:00,USGS-09380000,9.6,12.6,844.0,0.4,8.3,8355.0,8.205
2026-05-07 05:00:00+00:00,USGS-09380000,9.5,12.6,843.0,0.3,8.3,8615.0,8.28
2026-05-07 06:00:00+00:00,USGS-09380000,9.350000000000001,12.6,844.0,0.35,8.3,8655.0,8.29
2026-05-07 07:00:00+00:00,USGS-09380000,9.2,12.5,845.5,0.4,8.25,8300.0,8.190000000000001
2026-05-07 08:00:00+00:00,USGS-09380000,8.95,12.25,848.5,0.4,8.2,7710.0,8.015
2026-05-07 09:00:00+00:00,USGS-09380000,8.7,12.0,851.5,0.4,8.2,7140.0,7.84
2026-05-07 10:00:00+00:00,USGS-09380000,8.350000000000001,11.75,854.0,0.4,8.1,6750.0,7.715
2026-05-07 11:00:00+00:00,USGS-09380000,8.1,11.55,855.0,0.35,8.1,6505.0,7.635
2026-05-07 12:00:00+00:00,USGS-09380000,7.9,11.4,855.0,0.4,8.0,6370.0,7.59
2026-05-07 13:00:00+00:00,USGS-09380000,7.75,11.25,854.0,0.4,8.0,6340.0,7.58
2026-05-07 14:00:00+00:00,USGS-09380000,7.7,11.2,853.0,0.35,8.0,6445.0,7.615
2026-05-07 15:00:00+00:00,USGS-09380000,7.6,11.2,852.0,0.4,8.0,6845.0,7.745
2026-05-07 16:00:00+00:00,USGS-09380000,7.6,11.2,851.0,0.4,8.0,7250.0,7.875
2026-05-07 17:00:00+00:00,USGS-09380000,7.7,11.350000000000001,850.0,0.4,8.0,7575.0,7.975
2026-05-07 18:00:00+00:00,USGS-09380000,7.85,11.55,849.0,0.4,8.0,7760.0,8.03
2026-05-07 19:00:00+00:00,USGS-09380000,8.1,11.850000000000001,847.5,0.4,8.1,7875.0,8.065000000000001
2026-05-07 20:00:00+00:00,USGS-09380000,8.45,12.1,847.0,0.4,8.1,7945.0,8.085
2026-05-07 21:00:00+00:00,USGS-09380000,8.75,12.45,846.0,0.35,8.2,7960.0,8.09
2026-05-07 22:00:00+00:00,USGS-09380000,9.05,12.75,845.0,0.35,8.2,7975.0,8.094999999999999
2026-05-07 23:00:00+00:00,USGS-09380000,9.3,12.95,845.0,0.4,8.2,7990.0,8.1
2026-05-08 00:00:00+00:00,USGS-09380000,9.55,13.0,845.0,0.4,8.3,7990.0,8.1
2026-05-08 01:00:00+00:00,USGS-09380000,9.7,13.0,846.0,0.4,8.3,7990.0,8.1
2026-05-08 02:00:00+00:00,USGS-09380000,9.7,13.0,847.0,0.4,8.3,7990.0,8.1
2026-05-08 03:00:00+00:00,USGS-09380000,9.649999999999999,12.9,848.5,0.4,8.3,8145.0,8.145
2026-05-08 04:00:00+00:00,USGS-09380000,9.6,12.8,850.0,0.4,8.3,8425.0,8.225000000000001
2026-05-08 05:00:00+00:00,USGS-09380000,9.55,12.8,850.0,0.4,8.3,8690.0,8.3
2026-05-08 06:00:00+00:00,USGS-09380000,9.5,12.9,848.5,0.4,8.3,8710.0,8.305
2026-05-08 07:00:00+00:00,USGS-09380000,9.4,12.95,846.5,0.4,8.3,8370.0,8.21
2026-05-08 08:00:00+00:00,USGS-09380000,9.2,13.0,844.5,0.4,8.3,7745.0,8.025
2026-05-08 09:00:00+00:00,USGS-09380000,9.0,12.9,844.0,0.4,8.2,7125.0,7.835
2026-05-08 10:00:00+00:00,USGS-09380000,8.75,12.8,843.0,0.4,8.2,6690.0,7.695
2026-05-08 11:00:00+00:00,USGS-09380000,8.45,12.7,844.0,0.4,8.2,6430.0,7.609999999999999
2026-05-08 12:00:00+00:00,USGS-09380000,8.149999999999999,12.55,845.0,0.4,8.1,6290.0,7.56
2026-05-08 13:00:00+00:00,USGS-09380000,7.9,12.4,846.0,0.4,8.1,6230.0,7.54
2026-05-08 14:00:00+00:00,USGS-09380000,7.8,12.3,847.0,0.5,8.1,6345.0,7.58
2026-05-08 15:00:00+00:00,USGS-09380000,7.7,12.2,847.0,0.4,8.0,6785.0,7.725
2026-05-08 16:00:00+00:00,USGS-09380000,7.6,12.149999999999999,847.0,0.4,8.0,7190.0,7.855
2026-05-08 17:00:00+00:00,USGS-09380000,7.7,12.1,846.0,0.4,8.0,7495.0,7.95
2026-05-08 18:00:00+00:00,USGS-09380000,7.85,12.2,845.0,0.4,8.05,7695.0,8.01
2026-05-08 19:00:00+00:00,USGS-09380000,8.1,12.25,844.5,0.4,8.1,7860.0,8.06
2026-05-08 20:00:00+00:00,USGS-09380000,8.350000000000001,12.4,844.0,0.4,8.1,7930.0,8.08
2026-05-08 21:00:00+00:00,USGS-09380000,8.7,12.6,843.5,0.4,8.149999999999999,7960.0,8.09
2026-05-08 22:00:00+00:00,USGS-09380000,9.05,12.850000000000001,843.0,0.4,8.2,7945.0,8.085
2026-05-08 23:00:00+00:00,USGS-09380000,9.350000000000001,13.1,843.0,0.4,8.2,7960.0,8.09
2026-05-09 00:00:00+00:00,USGS-09380000,9.55,13.3,842.0,0.4,8.3,7980.0,8.094999999999999
2026-05-09 01:00:00+00:00,USGS-09380000,9.75,13.5,841.0,0.4,8.3,7980.0,8.094999999999999
2026-05-09 02:00:00+00:00,USGS-09380000,9.850000000000001,13.6,841.0,0.4,8.3,8000.0,8.1
2026-05-09 03:00:00+00:00,USGS-09380000,9.850000000000001,13.6,841.0,0.4,8.3,8045.0,8.114999999999998
2026-05-09 04:00:00+00:00,USGS-09380000,9.8,13.6,841.0,0.4,8.4,8390.0,8.215
2026-05-09 05:00:00+00:00,USGS-09380000,9.8,13.6,840.0,0.45,8.4,8640.0,8.285
2026-05-09 06:00:00+00:00,USGS-09380000,9.7,13.6,840.0,0.4,8.3,8710.0,8.305
2026-05-09 07:00:00+00:00,USGS-09380000,9.55,13.55,840.0,0.4,8.3,8355.0,8.205
2026-05-09 08:00:00+00:00,USGS-09380000,9.350000000000001,13.4,840.0,0.4,8.3,7660.0,8.0
2026-05-09 09:00:00+00:00,USGS-09380000,9.05,13.25,841.0,0.4,8.25,7030.0,7.805
2026-05-09 10:00:00+00:00,USGS-09380000,8.75,13.05,842.0,0.4,8.2,6665.0,7.6850000000000005
2026-05-09 11:00:00+00:00,USGS-09380000,8.45,12.9,842.5,0.4,8.2,6350.0,7.58
2026-05-09 12:00:00+00:00,USGS-09380000,8.2,12.7,844.0,0.4,8.1,6230.0,7.54
2026-05-09 13:00:00+00:00,USGS-09380000,8.0,12.6,844.5,0.35,8.1,6140.0,7.51
2026-05-09 14:00:00+00:00,USGS-09380000,7.85,12.4,845.0,0.45,8.1,6095.0,7.495
2026-05-09 15:00:00+00:00,USGS-09380000,7.75,12.4,846.0,0.4,8.0,6080.0,7.49
2026-05-09 16:00:00+00:00,USGS-09380000,7.7,12.4,846.0,0.4,8.0,6275.0,7.555
2026-05-09 17:00:00+00:00,USGS-09380000,7.65,12.4,846.5,0.3,8.0,6695.0,7.695
2026-05-09 18:00:00+00:00,USGS-09380000,7.8,12.5,846.0,0.4,8.0,7125.0,7.835
2026-05-09 19:00:00+00:00,USGS-09380000,8.05,12.649999999999999,846.0,0.45,8.1,7480.0,7.945
2026-05-09 20:00:00+00:00,USGS-09380000,8.350000000000001,12.8,845.0,0.45,8.1,7710.0,8.015
2026-05-09 21:00:00+00:00,USGS-09380000,8.6,12.95,844.0,0.4,8.149999999999999,7825.0,8.05
2026-05-09 22:00:00+00:00,USGS-09380000,8.95,13.2,843.0,0.4,8.2,7875.0,8.065000000000001
2026-05-09 23:00:00+00:00,USGS-09380000,9.25,13.4,842.0,0.4,8.2,7925.0,8.08
2026-05-10 00:00:00+00:00,USGS-09380000,9.45,13.5,840.0,0.4,8.3,7960.0,8.09
2026-05-10 01:00:00+00:00,USGS-09380000,9.6,13.6,839.0,0.4,8.3,7945.0,8.085
2026-05-10 02:00:00+00:00,USGS-09380000,9.7,13.649999999999999,838.0,0.45,8.3,8000.0,8.1
2026-05-10 03:00:00+00:00,USGS-09380000,9.7,13.7,838.0,0.4,8.350000000000001,7980.0,8.094999999999999
2026-05-10 04:00:00+00:00,USGS-09380000,9.7,13.7,838.0,0.45,8.4,7945.0,8.085
2026-05-10 05:00:00+00:00,USGS-09380000,9.649999999999999,13.6,839.0,0.4,8.4,7810.0,8.045
2026-05-10 06:00:00+00:00,USGS-09380000,9.5,13.6,840.0,0.4,8.3,7350.0,7.904999999999999
2026-05-10 07:00:00+00:00,USGS-09380000,9.4,13.45,842.0,0.4,8.3,6890.0,7.76
2026-05-10 08:00:00+00:00,USGS-09380000,9.2,13.3,843.0,0.4,8.3,6560.0,7.65
2026-05-10 09:00:00+00:00,USGS-09380000,9.0,13.1,845.0,0.4,8.25,6335.0,7.575
2026-05-10 10:00:00+00:00,USGS-09380000,8.75,12.95,846.5,0.45,8.2,6200.0,7.53
2026-05-10 11:00:00+00:00,USGS-09380000,8.45,12.75,848.0,0.45,8.2,6140.0,7.51
2026-05-10 12:00:00+00:00,USGS-09380000,8.25,12.6,849.0,0.45,8.149999999999999,6110.0,7.5
2026-05-10 13:00:00+00:00,USGS-09380000,8.0,12.5,849.5,0.4,8.1,6080.0,7.49
2026-05-10 14:00:00+00:00,USGS-09380000,7.8,12.4,850.0,0.5,8.1,6070.0,7.485
2026-05-10 15:00:00+00:00,USGS-09380000,7.7,12.3,851.0,0.5,8.0,6080.0,7.49
2026-05-10 16:00:00+00:00,USGS-09380000,7.6,12.3,851.5,0.5,8.0,6260.0,7.550000000000001
2026-05-10 17:00:00+00:00,USGS-09380000,7.6,12.3,852.0,0.6,8.0,6725.0,7.705
2026-05-10 18:00:00+00:00,USGS-09380000,7.7,12.4,851.0,0.5,8.0,7210.0,7.859999999999999
2026-05-10 19:00:00+00:00,USGS-09380000,7.95,12.6,849.0,0.55,8.1,7550.0,7.965
2026-05-10 20:00:00+00:00,USGS-09380000,8.25,12.850000000000001,847.0,0.5,8.1,7765.0,8.03
2026-05-10 21:00:00+00:00,USGS-09380000,8.649999999999999,13.149999999999999,845.0,0.5,8.2,7880.0,8.065000000000001
2026-05-10 22:00:00+00:00,USGS-09380000,9.05,13.4,844.0,0.5,8.2,7930.0,8.08
2026-05-10 23:00:00+00:00,USGS-09380000,9.3,13.6,843.0,0.55,8.3,7930.0,8.08
2026-05-11 00:00:00+00:00,USGS-09380000,9.6,13.850000000000001,843.0,0.55,8.3,7980.0,8.094999999999999
2026-05-11 01:00:00+00:00,USGS-09380000,9.9,14.05,842.0,0.6499999999999999,8.4,7980.0,8.094999999999999
2026-05-11 02:00:00+00:00,USGS-09380000,10.0,14.1,841.0,0.5,8.4,8000.0,8.1
2026-05-11 03:00:00+00:00,USGS-09380000,10.0,14.1,841.0,0.4,8.4,8000.0,8.1
2026-05-11 04:00:00+00:00,USGS-09380000,9.9,14.0,841.5,0.4,8.4,8000.0,8.1
2026-05-11 05:00:00+00:00,USGS-09380000,9.8,13.8,842.0,0.5,8.4,7810.0,8.045
2026-05-11 06:00:00+00:00,USGS-09380000,9.7,13.7,843.0,0.4,8.4,7335.0,7.9
2026-05-11 07:00:00+00:00,USGS-09380000,9.6,13.6,843.5,0.4,8.3,6875.0,7.755
2026-05-11 08:00:00+00:00,USGS-09380000,9.45,13.4,844.0,0.55,8.3,6560.0,7.65
2026-05-11 09:00:00+00:00,USGS-09380000,9.2,13.2,844.0,0.6,8.3,6335.0,7.575
2026-05-11 10:00:00+00:00,USGS-09380000,9.0,13.05,845.0,0.6,8.2,6215.0,7.535
2026-05-11 11:00:00+00:00,USGS-09380000,8.75,12.850000000000001,845.0,0.45,8.2,6140.0,7.51
2026-05-11 12:00:00+00:00,USGS-09380000,8.45,12.7,845.0,0.5,8.2,6110.0,7.5
2026-05-11 13:00:00+00:00,USGS-09380000,8.149999999999999,12.6,845.0,0.4,8.1,6110.0,7.5
2026-05-11 14:00:00+00:00,USGS-09380000,7.95,12.5,844.5,0.4,8.1,6275.0,7.555
2026-05-11 15:00:00+00:00,USGS-09380000,7.8,12.4,842.5,0.4,8.1,6725.0,7.705
2026-05-11 16:00:00+00:00,USGS-09380000,7.7,12.4,845.0,0.4,8.0,7190.0,7.855
2026-05-11 17:00:00+00:00,USGS-09380000,7.7,12.5,844.0,0.35,8.0,7530.0,7.96
2026-05-11 18:00:00+00:00,USGS-09380000,7.85,12.649999999999999,844.0,0.3,8.1,7730.0,8.02
2026-05-11 19:00:00+00:00,USGS-09380000,8.149999999999999,12.9,843.0,0.35,8.1,7830.0,8.05
2026-05-11 20:00:00+00:00,USGS-09380000,8.45,13.1,844.0,0.4,8.1,7900.0,8.07
2026-05-11 21:00:00+00:00,USGS-09380000,8.7,13.25,844.0,0.4,8.2,7960.0,8.09
2026-05-11 22:00:00+00:00,USGS-09380000,9.0,13.45,845.0,0.3,8.2,7960.0,8.09
2026-05-11 23:00:00+00:00,USGS-09380000,9.25,13.6,845.5,0.4,8.2,7960.0,8.09
2026-05-12 00:00:00+00:00,USGS-09380000,9.55,13.649999999999999,846.0,0.4,8.3,8000.0,8.1
2026-05-12 01:00:00+00:00,USGS-09380000,9.8,13.7,845.0,0.4,8.3,7960.0,8.09
2026-05-12 02:00:00+00:00,USGS-09380000,9.9,13.7,845.0,0.3,8.3,8000.0,8.1
2026-05-12 03:00:00+00:00,USGS-09380000,9.9,13.7,845.0,0.4,8.3,8115.0,8.135000000000002
2026-05-12 04:00:00+00:00,USGS-09380000,9.8,13.7,845.0,0.4,8.3,8415.0,8.22
2026-05-12 05:00:00+00:00,USGS-09380000,9.7,13.7,845.0,0.4,8.3,8675.0,8.295
2026-05-12 06:00:00+00:00,USGS-09380000,9.6,13.7,844.0,0.4,8.3,8710.0,8.305
2026-05-12 07:00:00+00:00,USGS-09380000,9.5,13.7,844.0,0.4,8.3,8340.0,8.2
2026-05-12 08:00:00+00:00,USGS-09380000,9.350000000000001,13.6,844.0,0.35,8.3,7700.0,8.01
2026-05-12 09:00:00+00:00,USGS-09380000,9.05,13.4,843.0,0.4,8.2,7100.0,7.824999999999999
2026-05-12 10:00:00+00:00,USGS-09380000,8.7,13.25,843.0,0.4,8.2,6695.0,7.695
2026-05-12 11:00:00+00:00,USGS-09380000,8.4,13.1,843.0,0.3,8.2,6410.0,7.6
2026-05-12 12:00:00+00:00,USGS-09380000,8.149999999999999,12.9,843.0,0.4,8.1,6260.0,7.55
2026-05-12 13:00:00+00:00,USGS-09380000,7.95,12.8,843.0,0.35,8.1,6185.0,7.525
2026-05-12 14:00:00+00:00,USGS-09380000,7.8,12.7,844.0,0.3,8.1,6305.0,7.5649999999999995
2026-05-12 15:00:00+00:00,USGS-09380000,7.7,12.649999999999999,844.5,0.4,8.0,6740.0,7.710000000000001
2026-05-12 16:00:00+00:00,USGS-09380000,7.6,12.6,845.0,,8.0,7195.0,7.855
2026-05-12 17:00:00+00:00,USGS-09380000,7.65,12.649999999999999,846.0,0.4,8.0,7535.0,7.96
2026-05-12 18:00:00+00:00,USGS-09380000,7.8,12.8,845.5,0.4,8.05,7780.0,8.035
2026-05-12 19:00:00+00:00,USGS-09380000,8.05,12.95,844.5,0.35,8.1,7880.0,8.065000000000001
2026-05-12 20:00:00+00:00,USGS-09380000,8.350000000000001,13.25,843.0,0.4,8.1,7930.0,8.08
2026-05-12 21:00:00+00:00,USGS-09380000,8.75,13.5,841.5,0.35,8.2,7970.0,8.09
2026-05-12 22:00:00+00:00,USGS-09380000,9.149999999999999,13.75,840.0,0.4,8.2,8000.0,8.1
2026-05-12 23:00:00+00:00,USGS-09380000,9.350000000000001,13.95,840.0,0.35,8.3,8030.0,8.11
2026-05-13 00:00:00+00:00,USGS-09380000,9.7,14.149999999999999,840.0,0.4,8.3,8065.0,8.120000000000001
2026-05-13 01:00:00+00:00,USGS-09380000,9.9,14.2,840.0,0.4,8.4,8100.0,8.13
2026-05-13 02:00:00+00:00,USGS-09380000,10.0,14.3,840.5,0.4,8.4,8100.0,8.13
2026-05-13 03:00:00+00:00,USGS-09380000,10.0,14.25,841.0,0.4,8.4,8205.0,8.16
2026-05-13 04:00:00+00:00,USGS-09380000,9.9,14.2,841.0,0.45,8.4,8415.0,8.22
2026-05-13 05:00:00+00:00,USGS-09380000,9.850000000000001,14.2,841.0,0.6499999999999999,8.4,8655.0,8.29
2026-05-13 06:00:00+00:00,USGS-09380000,9.7,14.3,841.0,0.4,8.4,8680.0,8.295
2026-05-13 07:00:00+00:00,USGS-09380000,9.6,14.2,842.0,0.15000000000000002,8.4,8325.0,8.195
2026-05-13 08:00:00+00:00,USGS-09380000,9.350000000000001,14.1,842.0,0.1,8.3,7715.0,8.015
2026-05-13 09:00:00+00:00,USGS-09380000,9.05,13.95,842.5,0.1,8.3,7115.0,7.83
2026-05-13 10:00:00+00:00,USGS-09380000,8.75,13.8,843.0,0.0,8.2,6650.0,7.68
2026-05-13 11:00:00+00:00,USGS-09380000,8.45,13.6,843.0,0.1,8.2,6350.0,7.58
2026-05-13 12:00:00+00:00,USGS-09380000,8.2,13.45,843.0,0.1,8.2,6215.0,7.535
2026-05-13 13:00:00+00:00,USGS-09380000,8.0,13.3,843.0,0.0,8.1,6130.0,7.505
2026-05-13 14:00:00+00:00,USGS-09380000,7.85,13.2,843.0,0.0,8.1,6275.0,7.555
2026-05-13 15:00:00+00:00,USGS-09380000,7.7,13.2,843.0,0.1,8.1,6710.0,7.699999999999999
2026-05-13 16:00:00+00:00,USGS-09380000,7.7,13.2,842.5,0.1,8.1,7180.0,7.85
2026-05-13 17:00:00+00:00,USGS-09380000,7.7,13.2,842.0,0.2,8.1,7500.0,7.95
2026-05-13 18:00:00+00:00,USGS-09380000,7.85,13.3,842.0,0.2,8.1,7715.0,8.015
2026-05-13 19:00:00+00:00,USGS-09380000,8.1,13.5,841.0,0.25,8.1,7800.0,8.04
2026-05-13 20:00:00+00:00,USGS-09380000,8.350000000000001,13.6,840.0,0.4,8.149999999999999,7885.0,8.065000000000001
2026-05-13 21:00:00+00:00,USGS-09380000,8.649999999999999,13.8,839.0,0.3,8.2,7865.0,8.06
2026-05-13 22:00:00+00:00,USGS-09380000,8.95,14.0,837.5,0.3,8.2,7930.0,8.08
2026-05-13 23:00:00+00:00,USGS-09380000,9.2,14.1,836.0,0.35,8.25,7915.0,8.075
2026-05-14 00:00:00+00:00,USGS-09380000,9.4,14.2,834.5,0.3,8.3,7985.0,8.094999999999999
2026-05-14 01:00:00+00:00,USGS-09380000,9.649999999999999,14.350000000000001,833.0,0.3,8.350000000000001,7985.0,8.094999999999999
2026-05-14 02:00:00+00:00,USGS-09380000,9.850000000000001,14.4,832.0,0.3,8.4,7985.0,8.094999999999999
2026-05-14 03:00:00+00:00,USGS-09380000,9.9,14.3,831.5,0.25,8.4,8135.0,8.14
2026-05-14 04:00:00+00:00,USGS-09380000,9.8,14.25,832.0,0.2,8.4,8395.0,8.215
2026-05-14 05:00:00+00:00,USGS-09380000,9.649999999999999,14.149999999999999,834.0,0.2,8.4,8625.0,8.28
2026-05-14 06:00:00+00:00,USGS-09380000,9.55,14.1,835.5,0.25,8.4,8680.0,8.295
2026-05-14 07:00:00+00:00,USGS-09380000,9.4,14.0,836.5,0.2,8.3,8340.0,8.2
2026-05-14 08:00:00+00:00,USGS-09380000,9.2,13.850000000000001,838.0,0.2,8.3,7670.0,8.0
2026-05-14 09:00:00+00:00,USGS-09380000,9.05,13.7,839.0,0.1,8.3,7055.0,7.8100000000000005
2026-05-14 10:00:00+00:00,USGS-09380000,8.8,13.5,839.5,0.1,8.2,6605.0,7.665
2026-05-14 11:00:00+00:00,USGS-09380000,8.55,13.350000000000001,840.0,0.1,8.2,6365.0,7.585
2026-05-14 12:00:00+00:00,USGS-09380000,8.350000000000001,13.149999999999999,841.0,0.1,8.2,6185.0,7.525
2026-05-14 13:00:00+00:00,USGS-09380000,8.149999999999999,12.95,842.0,0.1,8.1,6120.0,7.5
2026-05-14 14:00:00+00:00,USGS-09380000,8.0,12.8,842.5,0.15000000000000002,8.1,6245.0,7.545
2026-05-14 15:00:00+00:00,USGS-09380000,7.85,12.649999999999999,843.0,0.1,8.1,6680.0,7.6899999999999995
2026-05-14 16:00:00+00:00,USGS-09380000,7.8,12.6,843.0,0.15000000000000002,8.1,7165.0,7.845000000000001
2026-05-14 17:00:00+00:00,USGS-09380000,7.8,12.6,842.0,0.2,8.1,7500.0,7.95
2026-05-14 18:00:00+00:00,USGS-09380000,7.95,12.7,841.0,0.2,8.1,7715.0,8.015
2026-05-14 19:00:00+00:00,USGS-09380000,8.25,12.95,839.0,0.2,8.1,7815.0,8.045
2026-05-14 20:00:00+00:00,USGS-09380000,8.55,13.149999999999999,838.0,0.3,8.2,7915.0,8.075
2026-05-14 21:00:00+00:00,USGS-09380000,8.850000000000001,13.350000000000001,838.0,0.35,8.2,7930.0,8.08
2026-05-14 22:00:00+00:00,USGS-09380000,9.1,13.6,838.5,0.3,8.2,7970.0,8.09
2026-05-14 23:00:00+00:00,USGS-09380000,9.45,13.7,839.0,0.2,8.3,7970.0,8.09
2026-05-15 00:00:00+00:00,USGS-09380000,9.649999999999999,13.850000000000001,839.0,0.2,8.3,7970.0,8.09
2026-05-15 01:00:00+00:00,USGS-09380000,9.850000000000001,14.0,839.0,0.3,8.3,7970.0,8.09
2026-05-15 02:00:00+00:00,USGS-09380000,9.9,14.0,839.5,0.3,8.4,8000.0,8.1
2026-05-15 03:00:00+00:00,USGS-09380000,9.9,14.0,840.5,0.3,8.4,8105.0,8.129999999999999
2026-05-15 04:00:00+00:00,USGS-09380000,9.75,13.9,842.0,0.3,8.4,8380.0,8.21
2026-05-15 05:00:00+00:00,USGS-09380000,9.649999999999999,13.9,843.0,0.3,8.3,8625.0,8.28
2026-05-15 06:00:00+00:00,USGS-09380000,9.55,13.9,843.0,0.3,8.3,8680.0,8.295
2026-05-15 07:00:00+00:00,USGS-09380000,9.45,13.8,844.0,0.3,8.3,8330.0,8.195
2026-05-15 08:00:00+00:00,USGS-09380000,9.25,13.7,844.5,0.25,8.3,7670.0,8.0
2026-05-15 09:00:00+00:00,USGS-09380000,8.95,13.45,845.0,0.3,8.25,7085.0,7.82
2026-05-15 10:00:00+00:00,USGS-09380000,8.649999999999999,13.25,846.0,0.2,8.2,6605.0,7.665
2026-05-15 11:00:00+00:00,USGS-09380000,8.3,13.05,847.5,0.2,8.2,6350.0,7.58
2026-05-15 12:00:00+00:00,USGS-09380000,8.05,12.850000000000001,848.5,0.2,8.1,6190.0,7.525
2026-05-15 13:00:00+00:00,USGS-09380000,7.8,12.649999999999999,850.0,0.25,8.1,6150.0,7.51
2026-05-15 14:00:00+00:00,USGS-09380000,7.6,12.55,850.0,0.25,8.0,6260.0,7.55
2026-05-15 15:00:00+00:00,USGS-09380000,7.5,12.5,851.0,0.2,8.0,6695.0,7.695
2026-05-15 16:00:00+00:00,USGS-09380000,7.4,12.5,851.0,0.3,8.0,7180.0,7.85
2026-05-15 17:00:00+00:00,USGS-09380000,7.5,12.5,851.0,0.3,8.0,7520.0,7.955
2026-05-15 18:00:00+00:00,USGS-09380000,7.65,12.649999999999999,850.0,0.3,8.0,7735.0,8.02
2026-05-15 19:00:00+00:00,USGS-09380000,7.9,12.850000000000001,848.5,0.35,8.0,7815.0,8.045
2026-05-15 20:00:00+00:00,USGS-09380000,8.25,13.149999999999999,847.5,0.3,8.1,7900.0,8.07
2026-05-15 21:00:00+00:00,USGS-09380000,8.55,13.350000000000001,845.5,0.35,8.1,7930.0,8.08
2026-05-15 22:00:00+00:00,USGS-09380000,8.95,13.6,843.0,0.4,8.2,7950.0,8.085
2026-05-15 23:00:00+00:00,USGS-09380000,9.25,13.8,840.5,0.35,8.2,7970.0,8.09
2026-05-16 00:00:00+00:00,USGS-09380000,9.5,14.05,838.0,0.3,8.3,7970.0,8.09
2026-05-16 01:00:00+00:00,USGS-09380000,9.7,14.149999999999999,837.0,0.35,8.3,7950.0,8.085
2026-05-16 02:00:00+00:00,USGS-09380000,9.8,14.2,837.0,0.3,8.3,8000.0,8.1
2026-05-16 03:00:00+00:00,USGS-09380000,9.8,14.2,838.0,0.35,8.4,8035.0,8.11
2026-05-16 04:00:00+00:00,USGS-09380000,9.8,14.2,839.0,0.35,8.4,8385.0,8.21
2026-05-16 05:00:00+00:00,USGS-09380000,9.7,14.1,840.0,0.35,8.4,8645.0,8.285
2026-05-16 06:00:00+00:00,USGS-09380000,9.55,14.05,841.0,0.35,8.3,8700.0,8.3
2026-05-16 07:00:00+00:00,USGS-09380000,9.350000000000001,13.9,842.0,0.3,8.3,8310.0,8.190000000000001
2026-05-16 08:00:00+00:00,USGS-09380000,9.1,13.7,843.0,0.3,8.3,7635.0,7.99
2026-05-16 09:00:00+00:00,USGS-09380000,8.9,13.55,843.0,0.25,8.2,7055.0,7.8100000000000005
2026-05-16 10:00:00+00:00,USGS-09380000,8.649999999999999,13.4,844.0,0.25,8.2,6620.0,7.67
2026-05-16 11:00:00+00:00,USGS-09380000,8.45,13.2,844.0,0.2,8.2,6335.0,7.574999999999999
2026-05-16 12:00:00+00:00,USGS-09380000,8.2,13.0,844.0,0.25,8.149999999999999,6180.0,7.52
2026-05-16 13:00:00+00:00,USGS-09380000,8.0,12.9,844.0,0.2,8.1,6060.0,7.48
2026-05-16 14:00:00+00:00,USGS-09380000,7.85,12.8,844.5,0.2,8.1,6030.0,7.47
2026-05-16 15:00:00+00:00,USGS-09380000,7.75,12.7,845.0,0.2,8.1,6000.0,7.46
2026-05-16 16:00:00+00:00,USGS-09380000,7.7,12.7,845.0,0.2,8.05,6180.0,7.52
2026-05-16 17:00:00+00:00,USGS-09380000,7.7,12.7,846.0,0.25,8.0,6650.0,7.68
2026-05-16 18:00:00+00:00,USGS-09380000,7.8,12.75,846.0,0.5,8.05,7150.0,7.84
2026-05-16 19:00:00+00:00,USGS-09380000,8.05,12.9,846.0,0.35,8.1,7505.0,7.95
2026-05-16 20:00:00+00:00,USGS-09380000,8.350000000000001,13.05,844.0,0.3,8.1,7715.0,8.015
2026-05-16 21:00:00+00:00,USGS-09380000,8.75,13.350000000000001,842.5,0.3,8.2,7815.0,8.045
2026-05-16 22:00:00+00:00,USGS-09380000,9.05,13.649999999999999,839.5,0.3,8.2,7870.0,8.06
2026-05-16 23:00:00+00:00,USGS-09380000,9.350000000000001,13.850000000000001,838.0,0.3,8.3,7900.0,8.07
2026-05-17 00:00:00+00:00,USGS-09380000,9.649999999999999,14.0,837.0,0.3,8.3,7970.0,8.09
2026-05-17 01:00:00+00:00,USGS-09380000,9.8,14.149999999999999,837.0,0.35,8.3,7940.0,8.08
2026-05-17 02:00:00+00:00,USGS-09380000,9.9,14.2,836.5,0.4,8.4,7940.0,8.08
2026-05-17 03:00:00+00:00,USGS-09380000,9.9,14.2,837.0,0.4,8.4,7985.0,8.094999999999999
2026-05-17 04:00:00+00:00,USGS-09380000,9.8,14.2,837.5,0.4,8.4,7900.0,8.07
2026-05-17 05:00:00+00:00,USGS-09380000,9.7,14.149999999999999,839.0,0.4,8.4,7790.0,8.035
2026-05-17 06:00:00+00:00,USGS-09380000,9.6,14.1,840.5,0.3,8.4,7310.0,7.890000000000001
2026-05-17 07:00:00+00:00,USGS-09380000,9.5,14.0,842.0,0.25,8.4,6855.0,7.745
2026-05-17 08:00:00+00:00,USGS-09380000,9.4,13.850000000000001,843.0,0.3,8.3,6500.0,7.63
2026-05-17 09:00:00+00:00,USGS-09380000,9.149999999999999,13.75,844.0,0.3,8.3,6250.0,7.545
2026-05-17 10:00:00+00:00,USGS-09380000,8.9,13.55,844.5,0.3,8.3,6120.0,7.5
2026-05-17 11:00:00+00:00,USGS-09380000,8.649999999999999,13.350000000000001,845.5,0.2,8.2,6060.0,7.48
2026-05-17 12:00:00+00:00,USGS-09380000,8.45,13.149999999999999,846.0,0.25,8.2,6015.0,7.465
2026-05-17 13:00:00+00:00,USGS-09380000,8.2,12.9,847.0,0.25,8.1,6000.0,7.46
2026-05-17 14:00:00+00:00,USGS-09380000,7.95,12.75,848.0,0.25,8.1,5980.0,7.45
2026-05-17 15:00:00+00:00,USGS-09380000,7.8,12.6,848.0,0.25,8.1,5980.0,7.45
2026-05-17 16:00:00+00:00,USGS-09380000,7.7,12.5,848.0,0.2,8.0,6165.0,7.515000000000001
2026-05-17 17:00:00+00:00,USGS-09380000,7.7,12.4,848.0,0.3,8.0,6635.0,7.675000000000001
2026-05-17 18:00:00+00:00,USGS-09380000,7.8,12.55,848.0,0.4,8.1,7100.0,7.824999999999999
2026-05-17 19:00:00+00:00,USGS-09380000,8.0,12.649999999999999,848.0,0.4,8.1,7475.0,7.9399999999999995
2026-05-17 20:00:00+00:00,USGS-09380000,8.25,12.850000000000001,848.0,0.4,8.1,7650.0,7.995
2026-05-17 21:00:00+00:00,USGS-09380000,8.6,13.05,849.0,0.4,8.2,7785.0,8.035
2026-05-17 22:00:00+00:00,USGS-09380000,8.850000000000001,13.2,849.0,0.4,8.2,7870.0,8.06
2026-05-17 23:00:00+00:00,USGS-09380000,9.1,13.3,849.0,0.4,8.2,7900.0,8.07
2026-05-18 00:00:00+00:00,USGS-09380000,9.3,13.4,847.0,0.4,8.3,7905.0,8.07
2026-05-18 01:00:00+00:00,USGS-09380000,9.5,13.5,845.5,0.4,8.3,7920.0,8.075
2026-05-18 02:00:00+00:00,USGS-09380000,9.649999999999999,13.5,844.5,0.4,8.3,7920.0,8.075
2026-05-18 03:00:00+00:00,USGS-09380000,9.7,13.5,844.0,0.45,8.4,7870.0,8.06
2026-05-18 04:00:00+00:00,USGS-09380000,9.6,13.5,844.0,0.45,8.4,7970.0,8.09
2026-05-18 05:00:00+00:00,USGS-09380000,9.55,13.5,844.0,0.55,8.4,7655.0,7.994999999999999
2026-05-18 06:00:00+00:00,USGS-09380000,9.45,13.5,844.0,0.75,8.350000000000001,7265.0,7.875
2026-05-18 07:00:00+00:00,USGS-09380000,9.3,13.4,844.0,0.7,8.3,6810.0,7.73
2026-05-18 08:00:00+00:00,USGS-09380000,9.2,13.3,845.0,0.75,8.3,6470.0,7.619999999999999
2026-05-18 09:00:00+00:00,USGS-09380000,9.1,13.149999999999999,846.5,0.55,8.3,6270.0,7.55
2026-05-18 10:00:00+00:00,USGS-09380000,8.9,12.95,847.5,0.45,8.2,6165.0,7.515
2026-05-18 11:00:00+00:00,USGS-09380000,8.7,12.75,848.0,0.5,8.2,6075.0,7.485
2026-05-18 12:00:00+00:00,USGS-09380000,8.5,12.6,848.0,0.35,8.2,6075.0,7.485
2026-05-18 13:00:00+00:00,USGS-09380000,8.3,12.4,848.0,0.35,8.149999999999999,6060.0,7.48
2026-05-18 14:00:00+00:00,USGS-09380000,8.149999999999999,12.2,849.0,0.3,8.1,6210.0,7.529999999999999
2026-05-18 15:00:00+00:00,USGS-09380000,8.05,12.1,849.0,0.30000000000000004,8.1,6655.0,7.68
2026-05-18 16:00:00+00:00,USGS-09380000,7.95,11.95,849.0,0.3,8.0,7125.0,7.83
2026-05-18 17:00:00+00:00,USGS-09380000,7.95,11.8,849.0,0.3,8.0,7475.0,7.9399999999999995
2026-05-18 18:00:00+00:00,USGS-09380000,8.0,11.8,850.0,0.4,8.0,7655.0,7.995
2026-05-18 19:00:00+00:00,USGS-09380000,8.2,11.9,850.0,0.4,8.1,7770.0,8.03
2026-05-18 20:00:00+00:00,USGS-09380000,8.45,12.0,850.0,0.35,8.1,7855.0,8.055
2026-05-18 21:00:00+00:00,USGS-09380000,8.7,12.2,850.5,0.3,8.1,7840.0,8.05
2026-05-18 22:00:00+00:00,USGS-09380000,8.95,12.4,852.0,0.3,8.2,7870.0,8.06
2026-05-18 23:00:00+00:00,USGS-09380000,9.149999999999999,12.4,854.5,0.4,8.2,7840.0,8.05
2026-05-19 00:00:00+00:00,USGS-09380000,9.3,12.4,856.5,0.35,8.2,7955.0,8.085
2026-05-19 01:00:00+00:00,USGS-09380000,9.45,12.3,857.5,0.4,8.2,7940.0,8.08
2026-05-19 02:00:00+00:00,USGS-09380000,9.55,12.3,857.0,0.4,8.2,7920.0,8.075
2026-05-19 03:00:00+00:00,USGS-09380000,9.6,12.3,855.5,0.4,8.3,8025.0,8.105
2026-05-19 04:00:00+00:00,USGS-09380000,9.5,12.3,854.0,0.4,8.3,8260.0,8.175
2026-05-19 05:00:00+00:00,USGS-09380000,9.45,12.2,853.0,0.4,8.2,8505.0,8.245000000000001
2026-05-19 06:00:00+00:00,USGS-09380000,9.3,12.2,854.0,0.4,8.2,8630.0,8.28
2026-05-19 07:00:00+00:00,USGS-09380000,9.149999999999999,12.05,855.0,0.4,8.2,8335.0,8.195
2026-05-19 08:00:00+00:00,USGS-09380000,8.95,11.9,857.0,0.4,8.2,7675.0,8.0
2026-05-19 09:00:00+00:00,USGS-09380000,8.7,11.75,857.0,0.4,8.2,7055.0,7.8100000000000005
2026-05-19 10:00:00+00:00,USGS-09380000,8.5,11.6,857.0,0.3,8.1,6625.0,7.67
2026-05-19 11:00:00+00:00,USGS-09380000,8.25,11.5,856.0,0.35,8.1,6355.0,7.58
2026-05-19 12:00:00+00:00,USGS-09380000,8.05,11.4,855.0,0.4,8.1,6180.0,7.52
2026-05-19 13:00:00+00:00,USGS-09380000,7.9,11.350000000000001,854.0,0.4,8.0,6120.0,7.5
2026-05-19 14:00:00+00:00,USGS-09380000,7.75,11.3,854.0,0.4,8.0,6255.0,7.545
2026-05-19 15:00:00+00:00,USGS-09380000,7.6,11.3,854.0,0.3,8.0,6720.0,7.699999999999999
2026-05-19 16:00:00+00:00,USGS-09380000,7.55,11.2,854.0,0.4,8.0,7185.0,7.85
2026-05-19 17:00:00+00:00,USGS-09380000,7.6,11.25,855.5,0.4,8.0,7525.0,7.955
2026-05-19 18:00:00+00:00,USGS-09380000,7.7,11.4,856.0,0.4,8.0,7700.0,8.01
2026-05-19 19:00:00+00:00,USGS-09380000,7.85,11.5,857.0,0.4,8.0,7820.0,8.045
2026-05-19 20:00:00+00:00,USGS-09380000,8.149999999999999,11.649999999999999,857.5,0.4,8.0,8020.0,8.105
2026-05-19 21:00:00+00:00,USGS-09380000,8.45,11.850000000000001,857.0,0.4,8.1,8810.0,8.33
2026-05-19 22:00:00+00:00,USGS-09380000,8.7,12.0,857.0,0.4,8.1,9400.0,8.49
2026-05-19 23:00:00+00:00,USGS-09380000,8.95,12.25,857.0,0.3,8.2,9115.0,8.415
2026-05-20 00:00:00+00:00,USGS-09380000,9.2,12.45,855.5,0.3,8.2,8755.0,8.315000000000001
2026-05-20 01:00:00+00:00,USGS-09380000,9.45,12.7,853.0,0.3,8.2,8455.0,8.23
2026-05-20 02:00:00+00:00,USGS-09380000,9.55,12.9,849.5,0.3,8.3,8265.0,8.175
2026-05-20 03:00:00+00:00,USGS-09380000,9.6,13.1,847.5,0.35,8.3,8265.0,8.175
2026-05-20 04:00:00+00:00,USGS-09380000,9.6,13.2,847.0,0.3,8.3,8475.0,8.235
2026-05-20 05:00:00+00:00,USGS-09380000,9.45,13.2,847.5,0.3,8.3,8705.0,8.3
2026-05-20 06:00:00+00:00,USGS-09380000,9.4,13.05,851.5,0.3,8.25,8720.0,8.305
2026-05-20 07:00:00+00:00,USGS-09380000,9.649999999999999,12.75,859.5,0.35,8.2,8350.0,8.2
2026-05-20 08:00:00+00:00,USGS-09380000,9.8,12.4,866.5,0.45,8.2,7690.0,8.004999999999999
2026-05-20 09:00:00+00:00,USGS-09380000,9.6,12.2,869.0,0.25,8.2,7060.0,7.8100000000000005
2026-05-20 10:00:00+00:00,USGS-09380000,9.149999999999999,12.1,869.0,0.3,8.1,6645.0,7.675000000000001
2026-05-20 11:00:00+00:00,USGS-09380000,8.649999999999999,12.0,867.5,0.3,8.1,6390.0,7.59
2026-05-20 12:00:00+00:00,USGS-09380000,8.149999999999999,11.9,867.0,0.3,8.0,6225.0,7.535
2026-05-20 13:00:00+00:00,USGS-09380000,7.75,11.8,866.0,0.25,8.0,6150.0,7.51
2026-05-20 14:00:00+00:00,USGS-09380000,7.5,11.7,867.0,0.2,8.0,6270.0,7.55
2026-05-20 15:00:00+00:00,USGS-09380000,7.3,11.7,866.0,0.2,8.0,6720.0,7.699999999999999
2026-05-20 16:00:00+00:00,USGS-09380000,7.2,11.8,865.5,0.25,8.0,7200.0,7.855
2026-05-20 17:00:00+00:00,USGS-09380000,7.3,11.95,863.0,0.45,8.0,7525.0,7.955
2026-05-20 18:00:00+00:00,USGS-09380000,7.55,12.25,859.0,0.35,8.0,7740.0,8.02
2026-05-20 19:00:00+00:00,USGS-09380000,7.85,12.649999999999999,854.0,0.4,8.05,7890.0,8.065000000000001
2026-05-20 20:00:00+00:00,USGS-09380000,8.149999999999999,13.0,849.0,0.3,8.1,7940.0,8.08
2026-05-20 21:00:00+00:00,USGS-09380000,8.649999999999999,13.350000000000001,844.0,0.3,8.2,7970.0,8.09
2026-05-20 22:00:00+00:00,USGS-09380000,8.9,13.649999999999999,843.5,0.35,8.2,8010.0,8.1
2026-05-20 23:00:00+00:00,USGS-09380000,9.2,13.8,844.0,0.4,8.2,8010.0,8.1
2026-05-21 00:00:00+00:00,USGS-09380000,9.45,13.9,844.0,0.3,8.3,8025.0,8.105
2026-05-21 01:00:00+00:00,USGS-09380000,9.6,13.9,844.5,0.35,8.3,8010.0,8.1
2026-05-21 02:00:00+00:00,USGS-09380000,9.7,13.8,846.0,0.3,8.3,8040.0,8.11
2026-05-21 03:00:00+00:00,USGS-09380000,9.649999999999999,13.7,848.0,0.35,8.3,8160.0,8.145
2026-05-21 04:00:00+00:00,USGS-09380000,9.55,13.55,848.5,0.35,8.3,8440.0,8.225000000000001
2026-05-21 05:00:00+00:00,USGS-09380000,9.4,13.5,848.5,0.3,8.3,8665.0,8.29
2026-05-21 06:00:00+00:00,USGS-09380000,9.4,13.5,847.5,0.3,8.3,8705.0,8.3
2026-05-21 07:00:00+00:00,USGS-09380000,9.3,13.5,846.0,0.35,8.3,8355.0,8.2
2026-05-21 08:00:00+00:00,USGS-09380000,9.149999999999999,13.45,844.5,0.3,8.3,7670.0,8.0
2026-05-21 09:00:00+00:00,USGS-09380000,8.95,13.4,843.0,0.3,8.2,7075.0,7.8149999999999995
2026-05-21 10:00:00+00:00,USGS-09380000,8.649999999999999,13.3,842.0,0.2,8.2,6645.0,7.675000000000001
2026-05-21 11:00:00+00:00,USGS-09380000,8.350000000000001,13.2,841.0,0.25,8.2,6360.0,7.58
2026-05-21 12:00:00+00:00,USGS-09380000,8.149999999999999,13.1,840.5,0.3,8.1,6195.0,7.525
2026-05-21 13:00:00+00:00,USGS-09380000,7.95,13.0,840.0,0.3,8.1,6135.0,7.505
2026-05-21 14:00:00+00:00,USGS-09380000,7.8,12.9,841.0,0.25,8.1,6270.0,7.55
2026-05-21 15:00:00+00:00,USGS-09380000,7.7,12.9,841.5,0.2,8.05,6705.0,7.695
2026-05-21 16:00:00+00:00,USGS-09380000,7.6,12.8,843.0,0.4,8.0,7170.0,7.845000000000001
2026-05-21 17:00:00+00:00,USGS-09380000,7.6,12.850000000000001,843.5,0.4,8.0,7560.0,7.965
2026-05-21 18:00:00+00:00,USGS-09380000,7.8,12.95,844.0,0.3,8.1,7805.0,8.04
2026-05-21 19:00:00+00:00,USGS-09380000,7.95,13.149999999999999,844.0,0.3,8.1,7890.0,8.065000000000001
2026-05-21 20:00:00+00:00,USGS-09380000,8.25,13.4,843.0,0.35,8.1,7940.0,8.08
2026-05-21 21:00:00+00:00,USGS-09380000,8.649999999999999,13.75,842.0,0.4,8.2,7940.0,8.08
2026-05-21 22:00:00+00:00,USGS-09380000,8.95,14.0,842.0,0.3,8.2,7940.0,8.08
2026-05-21 23:00:00+00:00,USGS-09380000,9.25,14.2,842.0,0.3,8.3,7925.0,8.075
2026-05-22 00:00:00+00:00,USGS-09380000,9.5,14.4,841.0,0.35,8.3,7975.0,8.09
2026-05-22 01:00:00+00:00,USGS-09380000,9.7,14.45,841.0,0.3,8.3,7980.0,8.09
2026-05-22 02:00:00+00:00,USGS-09380000,9.8,14.45,842.0,0.3,8.4,7980.0,8.09
2026-05-22 03:00:00+00:00,USGS-09380000,9.8,14.4,843.0,0.3,8.4,8130.0,8.135000000000002
2026-05-22 04:00:00+00:00,USGS-09380000,9.7,14.3,844.0,0.4,8.4,8405.0,8.215
2026-05-22 05:00:00+00:00,USGS-09380000,9.6,14.3,845.0,0.4,8.4,8670.0,8.29
2026-05-22 06:00:00+00:00,USGS-09380000,9.5,14.4,844.0,0.4,8.4,8705.0,8.3
2026-05-22 07:00:00+00:00,USGS-09380000,9.4,14.4,843.5,0.35,8.3,8390.0,8.21
2026-05-22 08:00:00+00:00,USGS-09380000,9.2,14.4,843.0,0.35,8.3,7740.0,8.02
2026-05-22 09:00:00+00:00,USGS-09380000,8.95,14.25,843.0,0.25,8.3,7080.0,7.8149999999999995
2026-05-22 10:00:00+00:00,USGS-09380000,8.649999999999999,14.1,843.0,0.3,8.2,6660.0,7.68
2026-05-22 11:00:00+00:00,USGS-09380000,8.4,13.850000000000001,844.0,0.3,8.2,6375.0,7.585
2026-05-22 12:00:00+00:00,USGS-09380000,8.149999999999999,13.7,844.0,0.3,8.2,6195.0,7.525
2026-05-22 13:00:00+00:00,USGS-09380000,7.85,13.5,845.0,0.3,8.1,6090.0,7.49
2026-05-22 14:00:00+00:00,USGS-09380000,7.7,13.4,846.0,0.3,8.1,6225.0,7.535
2026-05-22 15:00:00+00:00,USGS-09380000,7.6,13.3,847.0,0.3,8.1,6660.0,7.68
2026-05-22 16:00:00+00:00,USGS-09380000,7.5,13.2,848.0,0.3,8.0,7155.0,7.84
2026-05-22 17:00:00+00:00,USGS-09380000,7.6,13.2,848.5,0.4,8.0,7475.0,7.9399999999999995
2026-05-22 18:00:00+00:00,USGS-09380000,7.7,13.25,849.0,0.4,8.1,7690.0,8.004999999999999
2026-05-22 19:00:00+00:00,USGS-09380000,7.95,13.4,848.0,0.4,8.1,7825.0,8.045
2026-05-22 20:00:00+00:00,USGS-09380000,8.25,13.5,847.0,0.35,8.1,7875.0,8.06
2026-05-22 21:00:00+00:00,USGS-09380000,8.55,13.7,846.0,0.4,8.2,7940.0,8.08
2026-05-22 22:00:00+00:00,USGS-09380000,8.95,13.95,844.5,0.4,8.2,7910.0,8.07
2026-05-22 23:00:00+00:00,USGS-09380000,9.2,14.1,843.0,0.4,8.25,7875.0,8.06
2026-05-23 00:00:00+00:00,USGS-09380000,9.45,14.2,842.0,0.4,8.3,7960.0,8.085
2026-05-23 01:00:00+00:00,USGS-09380000,9.649999999999999,14.3,841.0,0.4,8.3,7925.0,8.075
2026-05-23 02:00:00+00:00,USGS-09380000,9.8,14.4,841.0,0.4,8.4,7980.0,8.09
2026-05-23 03:00:00+00:00,USGS-09380000,9.8,14.4,841.0,0.4,8.4,8075.0,8.120000000000001
2026-05-23 04:00:00+00:00,USGS-09380000,9.75,14.4,842.0,0.4,8.4,8335.0,8.195
2026-05-23 05:00:00+00:00,USGS-09380000,9.6,14.3,843.0,0.45,8.4,8565.0,8.26
2026-05-23 06:00:00+00:00,USGS-09380000,9.5,14.3,843.0,0.4,8.3,8615.0,8.274999999999999
2026-05-23 07:00:00+00:00,USGS-09380000,9.350000000000001,14.2,843.0,0.4,8.3,8350.0,8.2
2026-05-23 08:00:00+00:00,USGS-09380000,9.149999999999999,14.149999999999999,843.0,0.4,8.3,7710.0,8.01
2026-05-23 09:00:00+00:00,USGS-09380000,8.9,14.1,842.5,0.3,8.3,7080.0,7.8149999999999995
2026-05-23 10:00:00+00:00,USGS-09380000,8.649999999999999,14.0,842.0,0.3,8.2,6645.0,7.675000000000001
2026-05-23 11:00:00+00:00,USGS-09380000,8.350000000000001,13.9,842.0,0.35,8.2,6360.0,7.58
2026-05-23 12:00:00+00:00,USGS-09380000,8.149999999999999,13.8,842.0,0.35,8.2,6195.0,7.525
2026-05-23 13:00:00+00:00,USGS-09380000,7.9,13.649999999999999,842.0,0.4,8.1,6100.0,7.49
2026-05-23 14:00:00+00:00,USGS-09380000,7.75,13.6,842.5,0.35,8.1,6040.0,7.47
2026-05-23 15:00:00+00:00,USGS-09380000,7.6,13.6,843.0,0.3,8.1,6040.0,7.47
2026-05-23 16:00:00+00:00,USGS-09380000,7.6,13.6,843.0,0.3,8.1,6195.0,7.525
2026-05-23 17:00:00+00:00,USGS-09380000,7.6,13.649999999999999,842.0,0.35,8.1,6660.0,7.68
2026-05-23 18:00:00+00:00,USGS-09380000,7.75,13.8,842.0,0.5,8.1,7140.0,7.835
2026-05-23 19:00:00+00:00,USGS-09380000,7.95,14.05,841.0,0.5,8.1,7510.0,7.95
2026-05-23 20:00:00+00:00,USGS-09380000,8.3,14.3,840.0,0.5,8.149999999999999,7710.0,8.01
2026-05-23 21:00:00+00:00,USGS-09380000,8.649999999999999,14.55,839.5,0.45,8.2,7810.0,8.04
2026-05-23 22:00:00+00:00,USGS-09380000,8.95,14.8,839.0,0.5,8.2,7860.0,8.055
2026-05-23 23:00:00+00:00,USGS-09380000,9.25,14.95,838.0,0.4,8.3,7925.0,8.075
2026-05-24 00:00:00+00:00,USGS-09380000,9.55,15.1,836.5,0.4,8.3,7940.0,8.08
2026-05-24 01:00:00+00:00,USGS-09380000,9.75,15.2,836.0,0.4,8.4,7940.0,8.08
2026-05-24 02:00:00+00:00,USGS-09380000,9.8,15.2,836.0,0.4,8.4,7960.0,8.085
2026-05-24 03:00:00+00:00,USGS-09380000,9.8,15.1,836.0,0.4,8.4,7940.0,8.08
2026-05-24 04:00:00+00:00,USGS-09380000,9.8,15.1,836.5,0.4,8.4,7960.0,8.085
2026-05-24 05:00:00+00:00,USGS-09380000,9.7,15.1,837.0,0.4,8.4,7760.0,8.024999999999999
2026-05-24 06:00:00+00:00,USGS-09380000,9.649999999999999,15.05,837.0,0.4,8.4,7300.0,7.885
2026-05-24 07:00:00+00:00,USGS-09380000,9.5,15.0,837.0,0.4,8.4,6825.0,7.734999999999999
2026-05-24 08:00:00+00:00,USGS-09380000,9.350000000000001,14.850000000000001,838.0,0.4,8.3,6480.0,7.62
2026-05-24 09:00:00+00:00,USGS-09380000,9.149999999999999,14.7,838.0,0.4,8.3,6255.0,7.545
2026-05-24 10:00:00+00:00,USGS-09380000,8.850000000000001,14.55,838.0,0.4,8.3,6140.0,7.505
2026-05-24 11:00:00+00:00,USGS-09380000,8.6,14.4,839.0,0.4,8.2,6085.0,7.485
2026-05-24 12:00:00+00:00,USGS-09380000,8.350000000000001,14.2,839.0,0.4,8.2,6070.0,7.48
2026-05-24 13:00:00+00:00,USGS-09380000,8.149999999999999,14.05,839.0,0.4,8.2,6040.0,7.47
2026-05-24 14:00:00+00:00,USGS-09380000,7.95,13.9,840.0,0.4,8.1,6010.0,7.46
2026-05-24 15:00:00+00:00,USGS-09380000,7.8,13.850000000000001,840.0,0.45,8.1,5995.0,7.455
2026-05-24 16:00:00+00:00,USGS-09380000,7.7,13.8,840.0,0.4,8.1,6170.0,7.515000000000001
2026-05-24 17:00:00+00:00,USGS-09380000,7.7,13.8,840.0,0.5,8.1,6645.0,7.675000000000001
2026-05-24 18:00:00+00:00,USGS-09380000,7.8,13.8,840.0,0.55,8.1,7140.0,7.835
2026-05-24 19:00:00+00:00,USGS-09380000,8.05,14.0,840.5,0.5,8.1,7480.0,7.9399999999999995
2026-05-24 20:00:00+00:00,USGS-09380000,8.350000000000001,14.2,841.0,0.6,8.1,7760.0,8.024999999999999
2026-05-24 21:00:00+00:00,USGS-09380000,8.649999999999999,14.4,841.0,0.5,8.2,7825.0,8.045
2026-05-24 22:00:00+00:00,USGS-09380000,8.95,14.55,841.0,0.5,8.2,7910.0,8.07
2026-05-24 23:00:00+00:00,USGS-09380000,9.2,14.7,841.0,0.6,8.3,7910.0,8.07
2026-05-25 00:00:00+00:00,USGS-09380000,9.4,14.8,841.0,0.55,8.3,7925.0,8.075
2026-05-25 01:00:00+00:00,USGS-09380000,9.5,14.850000000000001,840.0,0.5,8.3,7940.0,8.08
2026-05-25 02:00:00+00:00,USGS-09380000,9.5,14.9,840.0,0.5,8.3,7995.0,8.094999999999999
2026-05-25 03:00:00+00:00,USGS-09380000,9.5,14.95,840.0,0.5,8.3,7995.0,8.094999999999999
2026-05-25 04:00:00+00:00,USGS-09380000,9.5,15.0,839.5,0.5,8.4,7975.0,8.09
2026-05-25 05:00:00+00:00,USGS-09380000,9.5,15.1,839.0,0.5,8.4,7790.0,8.035
2026-05-25 06:00:00+00:00,USGS-09380000,9.45,15.1,839.0,0.6,8.4,7315.0,7.890000000000001
2026-05-25 07:00:00+00:00,USGS-09380000,9.3,15.1,839.0,0.5,8.3,6860.0,7.745
2026-05-25 08:00:00+00:00,USGS-09380000,9.1,15.0,840.0,0.5,8.3,6495.0,7.625
2026-05-25 09:00:00+00:00,USGS-09380000,8.9,14.95,840.0,0.5,8.3,6285.0,7.555
2026-05-25 10:00:00+00:00,USGS-09380000,8.649999999999999,14.8,841.0,0.55,8.25,6145.0,7.505
2026-05-25 11:00:00+00:00,USGS-09380000,8.4,14.649999999999999,842.0,0.6,8.2,6055.0,7.475
2026-05-25 12:00:00+00:00,USGS-09380000,8.149999999999999,14.5,842.5,0.45,8.2,6040.0,7.47
2026-05-25 13:00:00+00:00,USGS-09380000,7.9,14.4,843.0,0.4,8.1,6010.0,7.46
2026-05-25 14:00:00+00:00,USGS-09380000,7.65,14.2,844.0,0.4,8.1,5995.0,7.455
2026-05-25 15:00:00+00:00,USGS-09380000,7.5,14.149999999999999,845.0,0.3,8.1,5980.0,7.45
2026-05-25 16:00:00+00:00,USGS-09380000,7.4,14.1,845.5,0.5,8.0,6115.0,7.495
2026-05-25 17:00:00+00:00,USGS-09380000,7.35,14.0,846.0,0.5,8.0,6570.0,7.65
2026-05-25 18:00:00+00:00,USGS-09380000,7.4,13.9,846.5,0.6499999999999999,8.0,7080.0,7.8149999999999995
2026-05-25 19:00:00+00:00,USGS-09380000,7.6,13.9,847.0,0.5,8.0,7450.0,7.93
2026-05-25 20:00:00+00:00,USGS-09380000,7.75,13.95,846.0,0.5,8.1,7695.0,8.004999999999999
2026-05-25 21:00:00+00:00,USGS-09380000,8.0,14.0,845.5,0.5,8.1,7825.0,8.045
2026-05-25 22:00:00+00:00,USGS-09380000,8.2,14.1,845.0,0.5,8.1,7910.0,8.07
2026-05-25 23:00:00+00:00,USGS-09380000,8.45,14.1,844.0,0.5,8.2,7930.0,8.075
2026-05-26 00:00:00+00:00,USGS-09380000,8.649999999999999,14.2,843.0,0.5,8.2,7950.0,8.08
2026-05-26 01:00:00+00:00,USGS-09380000,8.95,14.2,842.0,0.5,8.2,7965.0,8.085
2026-05-26 02:00:00+00:00,USGS-09380000,9.1,14.3,841.5,0.6,8.3,7980.0,8.09
2026-05-26 03:00:00+00:00,USGS-09380000,9.2,14.3,841.0,0.55,8.3,7965.0,8.085
2026-05-26 04:00:00+00:00,USGS-09380000,9.2,14.2,842.0,0.5,8.3,7875.0,8.06
2026-05-26 05:00:00+00:00,USGS-09380000,9.1,14.2,842.0,0.5,8.3,7710.0,8.01
2026-05-26 06:00:00+00:00,USGS-09380000,9.0,14.2,842.0,0.5,8.3,7285.0,7.880000000000001
2026-05-26 07:00:00+00:00,USGS-09380000,8.9,14.1,842.0,0.4,8.3,6830.0,7.734999999999999
2026-05-26 08:00:00+00:00,USGS-09380000,8.8,14.1,842.0,0.4,8.2,6495.0,7.625
2026-05-26 09:00:00+00:00,USGS-09380000,8.7,14.1,842.0,0.4,8.2,6270.0,7.55
2026-05-26 10:00:00+00:00,USGS-09380000,8.55,14.0,842.0,0.5,8.2,6145.0,7.505
2026-05-26 11:00:00+00:00,USGS-09380000,8.4,14.0,842.0,0.4,8.2,6085.0,7.485
2026-05-26 12:00:00+00:00,USGS-09380000,8.25,13.9,842.0,0.3,8.2,6040.0,7.47
2026-05-26 13:00:00+00:00,USGS-09380000,8.05,13.9,842.0,0.35,8.1,6040.0,7.47
2026-05-26 14:00:00+00:00,USGS-09380000,7.9,13.8,843.0,0.4,8.1,6215.0,7.529999999999999
2026-05-26 15:00:00+00:00,USGS-09380000,7.75,13.8,843.0,0.35,8.1,6675.0,7.6850000000000005
2026-05-26 16:00:00+00:00,USGS-09380000,7.6,13.8,843.0,0.4,8.1,7145.0,7.835
2026-05-26 17:00:00+00:00,USGS-09380000,7.6,13.8,843.0,0.55,8.1,7500.0,7.945
2026-05-26 18:00:00+00:00,USGS-09380000,7.75,13.9,843.0,0.6,8.1,7695.0,8.004999999999999
2026-05-26 19:00:00+00:00,USGS-09380000,8.0,14.05,843.0,0.5,8.1,7830.0,8.045
2026-05-26 20:00:00+00:00,USGS-09380000,8.3,14.2,842.0,0.6,8.1,7865.0,8.055
2026-05-26 21:00:00+00:00,USGS-09380000,8.55,14.350000000000001,842.0,0.55,8.2,7980.0,8.09
2026-05-26 22:00:00+00:00,USGS-09380000,8.850000000000001,14.5,841.0,0.5,8.2,7995.0,8.094999999999999
2026-05-26 23:00:00+00:00,USGS-09380000,9.05,14.649999999999999,841.0,0.5,8.25,8050.0,8.11
2026-05-27 00:00:00+00:00,USGS-09380000,9.350000000000001,14.8,841.0,0.7,8.3,8050.0,8.11
2026-05-27 01:00:00+00:00,USGS-09380000,9.6,14.9,841.0,0.6499999999999999,8.3,8050.0,8.11
2026-05-27 02:00:00+00:00,USGS-09380000,9.8,14.9,841.0,0.55,8.4,8050.0,8.11
2026-05-27 03:00:00+00:00,USGS-09380000,9.75,14.9,841.0,0.6,8.4,8135.0,8.135000000000002
2026-05-27 04:00:00+00:00,USGS-09380000,9.649999999999999,14.8,842.0,0.7,8.4,8395.0,8.21
2026-05-27 05:00:00+00:00,USGS-09380000,9.5,14.8,842.0,0.6,8.4,8620.0,8.274999999999999
2026-05-27 06:00:00+00:00,USGS-09380000,9.350000000000001,14.7,842.0,0.6499999999999999,8.3,8675.0,8.29
2026-05-27 07:00:00+00:00,USGS-09380000,9.2,14.649999999999999,842.0,0.6499999999999999,8.3,8320.0,8.190000000000001
2026-05-27 08:00:00+00:00,USGS-09380000,9.0,14.5,842.0,0.6,8.3,7665.0,7.994999999999999
2026-05-27 09:00:00+00:00,USGS-09380000,8.8,14.350000000000001,843.0,0.6,8.3,7000.0,7.79
2026-05-27 10:00:00+00:00,USGS-09380000,8.55,14.149999999999999,844.0,0.75,8.2,6600.0,7.66
2026-05-27 11:00:00+00:00,USGS-09380000,8.25,14.0,845.0,0.95,8.2,6285.0,7.555
2026-05-27 12:00:00+00:00,USGS-09380000,8.05,13.8,846.0,0.8,8.149999999999999,6160.0,7.51
2026-05-27 13:00:00+00:00,USGS-09380000,7.85,13.7,846.0,0.6,8.1,6070.0,7.48
2026-05-27 14:00:00+00:00,USGS-09380000,7.7,13.6,847.0,0.5,8.1,6215.0,7.529999999999999
2026-05-27 15:00:00+00:00,USGS-09380000,7.6,13.5,847.0,0.75,8.1,6630.0,7.67
2026-05-27 16:00:00+00:00,USGS-09380000,7.5,13.5,847.0,0.55,8.0,7080.0,7.8149999999999995
2026-05-27 17:00:00+00:00,USGS-09380000,7.6,13.5,847.0,0.65,8.0,7435.0,7.925000000000001
2026-05-27 18:00:00+00:00,USGS-09380000,7.75,13.6,846.5,0.6,8.1,7630.0,7.985
2026-05-27 19:00:00+00:00,USGS-09380000,8.0,13.8,846.0,0.5,8.1,7760.0,8.024999999999999
2026-05-27 20:00:00+00:00,USGS-09380000,8.25,13.95,845.0,0.5,8.1,7830.0,8.045
2026-05-27 21:00:00+00:00,USGS-09380000,8.649999999999999,14.1,844.0,0.4,8.2,7895.0,8.065000000000001
2026-05-27 22:00:00+00:00,USGS-09380000,8.95,14.25,844.0,0.45,8.2,7830.0,8.045
2026-05-27 23:00:00+00:00,USGS-09380000,9.25,14.4,844.0,0.4,8.3,7895.0,8.065000000000001
2026-05-28 00:00:00+00:00,USGS-09380000,9.5,14.5,843.0,0.4,8.3,7950.0,8.08
2026-05-28 01:00:00+00:00,USGS-09380000,9.7,14.6,843.0,0.4,8.350000000000001,7980.0,8.09
2026-05-28 02:00:00+00:00,USGS-09380000,9.8,14.7,842.0,0.4,8.4,7980.0,8.09
2026-05-28 03:00:00+00:00,USGS-09380000,9.8,14.7,842.0,0.4,8.4,8100.0,8.125
2026-05-28 04:00:00+00:00,USGS-09380000,9.7,14.7,842.0,0.4,8.4,8375.0,8.205
2026-05-28 05:00:00+00:00,USGS-09380000,9.6,14.7,842.0,0.4,8.4,8585.0,8.265
2026-05-28 06:00:00+00:00,USGS-09380000,9.5,14.7,842.0,0.35,8.4,8640.0,8.28
2026-05-28 07:00:00+00:00,USGS-09380000,9.350000000000001,14.649999999999999,843.5,0.35,8.4,8325.0,8.190000000000001
2026-05-28 08:00:00+00:00,USGS-09380000,9.149999999999999,14.45,845.0,0.3,8.3,7680.0,8.0
2026-05-28 09:00:00+00:00,USGS-09380000,8.850000000000001,14.2,847.0,0.35,8.3,7050.0,7.805
2026-05-28 10:00:00+00:00,USGS-09380000,8.55,14.0,848.0,0.6,8.2,6585.0,7.654999999999999
2026-05-28 11:00:00+00:00,USGS-09380000,8.3,13.8,849.0,0.6,8.2,6300.0,7.5600000000000005
2026-05-28 12:00:00+00:00,USGS-09380000,8.05,13.55,850.0,0.95,8.1,6160.0,7.51
2026-05-28 13:00:00+00:00,USGS-09380000,7.85,13.4,850.5,0.4,8.1,6040.0,7.470000000000001
2026-05-28 14:00:00+00:00,USGS-09380000,7.7,13.25,851.0,0.6,8.1,6160.0,7.51
2026-05-28 15:00:00+00:00,USGS-09380000,7.6,13.1,851.5,0.3,8.05,6600.0,7.66
2026-05-28 16:00:00+00:00,USGS-09380000,7.5,13.0,852.5,0.3,8.0,7065.0,7.8100000000000005
2026-05-28 17:00:00+00:00,USGS-09380000,7.55,13.0,853.0,0.35,8.0,7450.0,7.93
2026-05-28 18:00:00+00:00,USGS-09380000,7.7,13.0,853.0,0.3,8.05,7680.0,8.0
2026-05-28 19:00:00+00:00,USGS-09380000,7.95,13.149999999999999,853.0,0.3,8.1,7780.0,8.03
2026-05-28 20:00:00+00:00,USGS-09380000,8.25,13.350000000000001,851.5,0.35,8.1,7930.0,8.075
2026-05-28 21:00:00+00:00,USGS-09380000,8.55,13.649999999999999,849.5,0.25,8.2,7930.0,8.075
2026-05-28 22:00:00+00:00,USGS-09380000,8.850000000000001,13.9,847.5,0.2,8.2,7965.0,8.085
2026-05-28 23:00:00+00:00,USGS-09380000,9.25,14.149999999999999,846.0,0.25,8.25,7915.0,8.07
2026-05-29 00:00:00+00:00,USGS-09380000,9.45,14.350000000000001,844.0,0.2,8.3,7965.0,8.085
2026-05-29 01:00:00+00:00,USGS-09380000,9.649999999999999,14.55,842.5,0.2,8.3,7950.0,8.08
2026-05-29 02:00:00+00:00,USGS-09380000,9.8,14.7,841.0,0.25,8.4,7965.0,8.085
2026-05-29 03:00:00+00:00,USGS-09380000,9.850000000000001,14.8,840.0,0.2,8.4,8085.0,8.120000000000001
2026-05-29 04:00:00+00:00,USGS-09380000,9.75,14.8,840.0,0.2,8.4,8345.0,8.195
2026-05-29 05:00:00+00:00,USGS-09380000,9.6,14.8,841.0,0.3,8.4,8590.0,8.265
2026-05-29 06:00:00+00:00,USGS-09380000,9.45,14.75,841.5,0.2,8.4,8660.0,8.285
2026-05-29 07:00:00+00:00,USGS-09380000,9.3,14.649999999999999,842.5,0.25,8.3,8330.0,8.190000000000001
2026-05-29 08:00:00+00:00,USGS-09380000,9.1,14.5,843.0,0.25,8.3,7630.0,7.984999999999999
2026-05-29 09:00:00+00:00,USGS-09380000,8.850000000000001,14.25,844.0,0.2,8.3,7035.0,7.800000000000001
2026-05-29 10:00:00+00:00,USGS-09380000,8.6,14.05,844.0,0.2,8.2,6615.0,7.665
2026-05-29 11:00:00+00:00,USGS-09380000,8.350000000000001,13.9,843.0,0.2,8.2,6335.0,7.57
2026-05-29 12:00:00+00:00,USGS-09380000,8.1,13.7,843.0,0.2,8.149999999999999,6205.0,7.525
2026-05-29 13:00:00+00:00,USGS-09380000,7.9,13.6,843.0,0.2,8.1,6100.0,7.49
2026-05-29 14:00:00+00:00,USGS-09380000,7.75,13.45,843.0,0.2,8.1,6250.0,7.54
2026-05-29 15:00:00+00:00,USGS-09380000,7.7,13.3,843.0,0.2,8.1,6680.0,7.6850000000000005
2026-05-29 16:00:00+00:00,USGS-09380000,7.6,13.2,844.5,0.2,8.0,7115.0,7.824999999999999
2026-05-29 17:00:00+00:00,USGS-09380000,7.65,13.2,846.5,0.25,8.0,7450.0,7.93
2026-05-29 18:00:00+00:00,USGS-09380000,7.8,13.1,848.0,0.3,8.1,7680.0,8.0
2026-05-29 19:00:00+00:00,USGS-09380000,7.95,13.2,849.0,0.4,8.1,7795.0,8.035
2026-05-29 20:00:00+00:00,USGS-09380000,8.2,13.3,849.0,0.35,8.1,7880.0,8.06
2026-05-29 21:00:00+00:00,USGS-09380000,8.45,13.55,848.0,0.35,8.2,7780.0,8.03
2026-05-29 22:00:00+00:00,USGS-09380000,8.649999999999999,13.7,846.0,0.5,8.2,7815.0,8.04
2026-05-29 23:00:00+00:00,USGS-09380000,8.8,13.8,845.0,0.45,8.2,8050.0,8.11
2026-05-30 00:00:00+00:00,USGS-09380000,9.0,13.9,845.0,0.5,8.2,8035.0,8.105
2026-05-30 01:00:00+00:00,USGS-09380000,9.1,13.850000000000001,846.0,0.4,8.3,7980.0,8.09
2026-05-30 02:00:00+00:00,USGS-09380000,9.2,13.8,847.0,0.3,8.3,8020.0,8.1
2026-05-30 03:00:00+00:00,USGS-09380000,9.2,13.8,848.0,0.75,8.3,8135.0,8.135000000000002
2026-05-30 04:00:00+00:00,USGS-09380000,9.2,13.7,848.0,0.55,8.3,8415.0,8.215
2026-05-30 05:00:00+00:00,USGS-09380000,9.1,13.6,847.0,0.4,8.3,8660.0,8.285
2026-05-30 06:00:00+00:00,USGS-09380000,9.0,13.5,847.0,0.4,8.25,8660.0,8.285
2026-05-30 07:00:00+00:00,USGS-09380000,8.850000000000001,13.4,847.0,0.44999999999999996,8.2,8310.0,8.184999999999999
2026-05-30 08:00:00+00:00,USGS-09380000,8.7,13.4,846.0,0.3,8.2,7665.0,7.994999999999999
2026-05-30 09:00:00+00:00,USGS-09380000,8.6,13.4,845.0,0.25,8.2,7035.0,7.800000000000001
2026-05-30 10:00:00+00:00,USGS-09380000,8.45,13.4,844.0,0.2,8.2,6620.0,7.665
2026-05-30 11:00:00+00:00,USGS-09380000,8.3,13.350000000000001,843.0,0.3,8.2,6355.0,7.575
2026-05-30 12:00:00+00:00,USGS-09380000,8.1,13.25,844.0,0.3,8.1,6205.0,7.525
2026-05-30 13:00:00+00:00,USGS-09380000,7.9,13.1,845.5,0.2,8.1,6100.0,7.49
2026-05-30 14:00:00+00:00,USGS-09380000,7.65,12.9,848.5,0.6,8.1,6040.0,7.47
2026-05-30 15:00:00+00:00,USGS-09380000,7.5,12.649999999999999,851.5,,8.0,6005.0,7.455
2026-05-30 16:00:00+00:00,USGS-09380000,7.4,12.5,854.5,,8.0,6175.0,7.515000000000001
2026-05-30 17:00:00+00:00,USGS-09380000,7.4,12.4,856.5,,8.0,6650.0,7.675000000000001
2026-05-30 18:00:00+00:00,USGS-09380000,7.55,12.55,856.0,,8.0,7135.0,7.83
2026-05-30 19:00:00+00:00,USGS-09380000,7.85,12.75,853.5,,8.0,7520.0,7.95
2026-05-30 20:00:00+00:00,USGS-09380000,8.149999999999999,13.05,849.5,,8.1,7685.0,8.0
2026-05-30 21:00:00+00:00,USGS-09380000,8.55,13.350000000000001,846.5,,8.1,7835.0,8.045
2026-05-30 22:00:00+00:00,USGS-09380000,8.850000000000001,13.649999999999999,844.0,,8.2,7920.0,8.07
2026-05-30 23:00:00+00:00,USGS-09380000,9.149999999999999,14.05,841.5,,8.2,7920.0,8.07
2026-05-31 00:00:00+00:00,USGS-09380000,9.45,14.45,839.0,,8.3,7980.0,8.09
2026-05-31 01:00:00+00:00,USGS-09380000,9.7,14.7,839.0,,8.3,7950.0,8.08
2026-05-31 02:00:00+00:00,USGS-09380000,9.8,14.7,840.5,,8.4,7965.0,8.085
2026-05-31 03:00:00+00:00,USGS-09380000,9.8,14.649999999999999,844.0,,8.4,7980.0,8.09
2026-05-31 04:00:00+00:00,USGS-09380000,9.6,14.4,847.5,,8.3,7980.0,8.09
2026-05-31 05:00:00+00:00,USGS-09380000,9.45,14.2,850.5,,8.3,7800.0,8.035
2026-05-31 06:00:00+00:00,USGS-09380000,9.3,14.0,853.0,,8.3,7245.0,7.865
2026-05-31 07:00:00+00:00,USGS-09380000,9.2,13.850000000000001,854.0,,8.3,6850.0,7.74
2026-05-31 08:00:00+00:00,USGS-09380000,9.0,13.7,854.0,,8.2,6520.0,7.63
2026-05-31 09:00:00+00:00,USGS-09380000,8.850000000000001,13.6,854.0,,8.2,6280.0,7.55
2026-05-31 10:00:00+00:00,USGS-09380000,8.649999999999999,13.45,853.0,,8.2,6145.0,7.505
2026-05-31 11:00:00+00:00,USGS-09380000,8.45,13.4,852.0,,8.2,6060.0,7.475
2026-05-31 12:00:00+00:00,USGS-09380000,8.25,13.3,850.0,,8.149999999999999,6050.0,7.47
2026-05-31 13:00:00+00:00,USGS-09380000,8.1,13.3,848.5,,8.1,6020.0,7.46
2026-05-31 14:00:00+00:00,USGS-09380000,7.9,13.4,847.0,,8.1,5990.0,7.45
2026-05-31 15:00:00+00:00,USGS-09380000,7.75,13.5,846.0,,8.1,5990.0,7.45
2026-05-31 16:00:00+00:00,USGS-09380000,7.65,13.5,846.0,,8.1,6175.0,7.515000000000001
2026-05-31 17:00:00+00:00,USGS-09380000,7.6,13.6,847.0,,8.1,6685.0,7.6850000000000005
2026-05-31 18:00:00+00:00,USGS-09380000,7.7,13.6,849.5,,8.1,7165.0,7.84
2026-05-31 19:00:00+00:00,USGS-09380000,7.85,13.6,851.5,,8.1,7520.0,7.95
2026-05-31 20:00:00+00:00,USGS-09380000,8.05,13.7,854.0,,8.1,7715.0,8.01
2026-05-31 21:00:00+00:00,USGS-09380000,8.350000000000001,13.75,856.0,,8.1,7835.0,8.045
2026-05-31 22:00:00+00:00,USGS-09380000,8.649999999999999,13.9,857.0,,8.2,7920.0,8.07
2026-05-31 23:00:00+00:00,USGS-09380000,8.95,14.05,857.0,,8.2,7915.0,8.07
2026-06-01 00:00:00+00:00,USGS-09380000,9.149999999999999,14.25,855.5,,8.2,7970.0,8.085
2026-06-01 01:00:00+00:00,USGS-09380000,9.45,14.6,852.5,,8.3,7970.0,8.085
2026-06-01 02:00:00+00:00,USGS-09380000,9.649999999999999,14.8,849.0,,8.3,7990.0,8.09
2026-06-01 03:00:00+00:00,USGS-09380000,9.7,14.9,847.0,,8.4,7970.0,8.085
2026-06-01 04:00:00+00:00,USGS-09380000,9.649999999999999,14.9,845.5,,8.4,7990.0,8.09
2026-06-01 05:00:00+00:00,USGS-09380000,9.55,14.8,845.0,,8.3,7800.0,8.035
2026-06-01 06:00:00+00:00,USGS-09380000,9.5,14.649999999999999,845.5,,8.3,7310.0,7.885
2026-06-01 07:00:00+00:00,USGS-09380000,9.4,14.55,846.0,,8.3,6835.0,7.734999999999999
2026-06-01 08:00:00+00:00,USGS-09380000,9.2,14.4,847.0,,8.3,6505.0,7.625
2026-06-01 09:00:00+00:00,USGS-09380000,9.0,14.2,847.0,,8.3,6265.0,7.545
2026-06-01 10:00:00+00:00,USGS-09380000,8.75,14.05,847.0,,8.2,6130.0,7.5
2026-06-01 11:00:00+00:00,USGS-09380000,8.5,13.9,848.0,,8.2,6060.0,7.475
2026-06-01 12:00:00+00:00,USGS-09380000,8.25,13.75,848.0,,8.149999999999999,6020.0,7.46
2026-06-01 13:00:00+00:00,USGS-09380000,8.0,13.6,848.0,,8.1,6020.0,7.46
2026-06-01 14:00:00+00:00,USGS-09380000,7.75,13.6,848.0,,8.1,6265.0,7.545
2026-06-01 15:00:00+00:00,USGS-09380000,7.6,13.6,848.0,,8.1,6960.0,7.775
2026-06-01 16:00:00+00:00,USGS-09380000,7.5,13.6,848.0,,8.0,7635.0,7.984999999999999
2026-06-01 17:00:00+00:00,USGS-09380000,7.5,13.6,848.0,,8.0,7935.0,8.075
2026-06-01 18:00:00+00:00,USGS-09380000,7.7,13.8,848.0,,8.1,7990.0,8.09
2026-06-01 19:00:00+00:00,USGS-09380000,7.85,14.0,848.0,,8.1,8005.0,8.094999999999999
2026-06-01 20:00:00+00:00,USGS-09380000,8.149999999999999,14.149999999999999,849.0,,8.1,7990.0,8.09
2026-06-01 21:00:00+00:00,USGS-09380000,8.45,14.350000000000001,849.0,,8.2,7990.0,8.09
2026-06-01 22:00:00+00:00,USGS-09380000,8.8,14.55,850.0,,8.2,7990.0,8.09
2026-06-01 23:00:00+00:00,USGS-09380000,9.05,14.7,850.0,,8.2,8085.0,8.120000000000001
2026-06-02 00:00:00+00:00,USGS-09380000,9.3,14.8,850.0,0.3,8.3,8540.0,8.25
2026-06-02 01:00:00+00:00,USGS-09380000,9.55,14.9,850.0,0.3,8.3,9205.0,8.435
2026-06-02 02:00:00+00:00,USGS-09380000,9.7,15.0,850.0,0.4,8.3,9730.0,8.575
2026-06-02 03:00:00+00:00,USGS-09380000,9.649999999999999,15.0,849.5,0.35,8.4,10050.0,8.655000000000001
2026-06-02 04:00:00+00:00,USGS-09380000,9.55,15.0,848.0,0.3,8.3,10250.0,8.705
2026-06-02 05:00:00+00:00,USGS-09380000,9.45,15.1,847.0,0.3,8.3,10300.0,8.725000000000001
2026-06-02 06:00:00+00:00,USGS-09380000,9.25,15.0,847.0,0.3,8.3,10350.0,8.735
2026-06-02 07:00:00+00:00,USGS-09380000,8.95,14.8,847.0,0.3,8.3,10150.0,8.69
2026-06-02 08:00:00+00:00,USGS-09380000,8.55,14.55,848.0,0.3,8.2,9715.0,8.57
2026-06-02 09:00:00+00:00,USGS-09380000,8.2,14.25,849.0,0.4,8.2,8950.0,8.365
2026-06-02 10:00:00+00:00,USGS-09380000,7.9,14.0,849.5,0.4,8.1,8055.0,8.11
2026-06-02 11:00:00+00:00,USGS-09380000,7.7,13.850000000000001,850.0,0.3,8.1,7295.0,7.880000000000001
2026-06-02 12:00:00+00:00,USGS-09380000,7.55,13.75,850.0,0.44999999999999996,8.1,6760.0,7.710000000000001
2026-06-02 13:00:00+00:00,USGS-09380000,7.45,13.7,850.0,0.35,8.1,6430.0,7.6
2026-06-02 14:00:00+00:00,USGS-09380000,7.4,13.6,849.0,0.4,8.0,6490.0,7.62
2026-06-02 15:00:00+00:00,USGS-09380000,7.4,13.6,848.5,0.3,8.0,7105.0,7.82
2026-06-02 16:00:00+00:00,USGS-09380000,7.4,13.649999999999999,848.0,0.3,8.0,7700.0,8.004999999999999
2026-06-02 17:00:00+00:00,USGS-09380000,7.5,13.7,847.0,0.35,8.0,7935.0,8.075
2026-06-02 18:00:00+00:00,USGS-09380000,7.65,13.850000000000001,847.0,0.35,8.1,8005.0,8.094999999999999
2026-06-02 19:00:00+00:00,USGS-09380000,7.9,14.0,848.0,0.3,8.1,7990.0,8.09
2026-06-02 20:00:00+00:00,USGS-09380000,8.149999999999999,14.25,848.0,0.3,8.1,8005.0,8.094999999999999
2026-06-02 21:00:00+00:00,USGS-09380000,8.45,14.5,848.0,0.3,8.2,7990.0,8.09
2026-06-02 22:00:00+00:00,USGS-09380000,8.75,14.7,848.0,0.3,8.2,7990.0,8.09
2026-06-02 23:00:00+00:00,USGS-09380000,9.05,14.850000000000001,849.0,0.4,8.2,8125.0,8.129999999999999
2026-06-03 00:00:00+00:00,USGS-09380000,9.350000000000001,15.0,849.0,0.35,8.3,8540.0,8.25
2026-06-03 01:00:00+00:00,USGS-09380000,9.55,15.1,849.0,0.4,8.3,9190.0,8.43
2026-06-03 02:00:00+00:00,USGS-09380000,9.6,15.1,849.0,0.45,8.3,9715.0,8.57
2026-06-03 03:00:00+00:00,USGS-09380000,9.6,15.1,848.0,0.4,8.3,10050.0,8.66
2026-06-03 04:00:00+00:00,USGS-09380000,9.5,15.1,848.0,0.4,8.3,10250.0,8.71
2026-06-03 05:00:00+00:00,USGS-09380000,9.4,15.1,847.0,0.45,8.3,10300.0,8.725000000000001
2026-06-03 06:00:00+00:00,USGS-09380000,9.25,15.05,847.0,0.5,8.3,10350.0,8.735
2026-06-03 07:00:00+00:00,USGS-09380000,8.95,14.9,848.0,0.45,8.3,10250.0,8.7
2026-06-03 08:00:00+00:00,USGS-09380000,8.55,14.649999999999999,849.0,0.5,8.2,9695.0,8.565000000000001
2026-06-03 09:00:00+00:00,USGS-09380000,8.149999999999999,14.350000000000001,850.5,0.5,8.2,8935.0,8.36
2026-06-03 10:00:00+00:00,USGS-09380000,7.9,14.149999999999999,852.0,0.4,8.1,8020.0,8.100000000000001
2026-06-03 11:00:00+00:00,USGS-09380000,7.7,13.95,853.0,0.4,8.1,7280.0,7.875
2026-06-03 12:00:00+00:00,USGS-09380000,7.5,13.8,854.0,0.4,8.1,6745.0,7.705
2026-06-03 13:00:00+00:00,USGS-09380000,7.4,13.7,854.0,0.4,8.0,6400.0,7.59
2026-06-03 14:00:00+00:00,USGS-09380000,7.3,13.7,854.0,0.4,8.0,6490.0,7.619999999999999
2026-06-03 15:00:00+00:00,USGS-09380000,7.3,13.6,854.0,0.4,8.0,7045.0,7.8
2026-06-03 16:00:00+00:00,USGS-09380000,7.3,13.649999999999999,854.0,0.45,8.0,7685.0,8.0
2026-06-03 17:00:00+00:00,USGS-09380000,7.4,13.75,853.5,0.4,8.0,7935.0,8.075
2026-06-03 18:00:00+00:00,USGS-09380000,7.6,13.9,853.0,0.4,8.1,8005.0,8.094999999999999
2026-06-03 19:00:00+00:00,USGS-09380000,7.85,14.05,853.0,0.4,8.1,7970.0,8.085
2026-06-03 20:00:00+00:00,USGS-09380000,8.1,14.25,853.0,0.4,8.1,8005.0,8.094999999999999
2026-06-03 21:00:00+00:00,USGS-09380000,8.45,14.55,852.0,0.4,8.2,7990.0,8.09
2026-06-03 22:00:00+00:00,USGS-09380000,8.75,14.75,851.0,0.45,8.2,7970.0,8.085
2026-06-03 23:00:00+00:00,USGS-09380000,9.0,14.95,851.0,0.4,8.2,8105.0,8.125
2026-06-04 00:00:00+00:00,USGS-09380000,9.25,15.05,850.0,0.5,8.3,8525.0,8.245000000000001
2026-06-04 01:00:00+00:00,USGS-09380000,9.45,15.149999999999999,850.0,0.5,8.3,9190.0,8.43
2026-06-04 02:00:00+00:00,USGS-09380000,9.6,15.2,849.0,0.4,8.3,9715.0,8.57
2026-06-04 03:00:00+00:00,USGS-09380000,9.6,15.25,847.5,0.4,8.3,10100.0,8.66
2026-06-04 04:00:00+00:00,USGS-09380000,9.55,15.3,845.5,0.4,8.3,10250.0,8.7
2026-06-04 05:00:00+00:00,USGS-09380000,9.45,15.3,844.5,0.4,8.3,10300.0,8.73
2026-06-04 06:00:00+00:00,USGS-09380000,9.25,15.2,844.0,0.4,8.3,10350.0,8.735
2026-06-04 07:00:00+00:00,USGS-09380000,9.0,15.1,844.0,0.45,8.3,10250.0,8.7
2026-06-04 08:00:00+00:00,USGS-09380000,8.6,14.8,844.5,0.4,8.2,9695.0,8.565000000000001
2026-06-04 09:00:00+00:00,USGS-09380000,8.3,14.6,845.0,0.45,8.2,8915.0,8.355
2026-06-04 10:00:00+00:00,USGS-09380000,8.0,14.4,845.5,0.4,8.149999999999999,8025.0,8.100000000000001
2026-06-04 11:00:00+00:00,USGS-09380000,7.75,14.25,846.0,0.4,8.1,7250.0,7.865
2026-06-04 12:00:00+00:00,USGS-09380000,7.6,14.2,846.0,0.4,8.1,6745.0,7.705
2026-06-04 13:00:00+00:00,USGS-09380000,7.5,14.1,846.0,0.5,8.1,6415.0,7.595
2026-06-04 14:00:00+00:00,USGS-09380000,7.4,14.1,846.0,0.4,8.05,6475.0,7.615
2026-06-04 15:00:00+00:00,USGS-09380000,7.4,14.1,846.0,0.4,8.0,7090.0,7.8149999999999995
2026-06-04 16:00:00+00:00,USGS-09380000,7.4,14.1,846.0,0.4,8.0,7685.0,8.0
2026-06-04 17:00:00+00:00,USGS-09380000,7.5,14.2,846.0,0.4,8.05,7960.0,8.08
2026-06-04 18:00:00+00:00,USGS-09380000,7.65,14.350000000000001,846.5,0.4,8.1,7960.0,8.08
2026-06-04 19:00:00+00:00,USGS-09380000,7.9,14.55,847.0,0.4,8.1,7975.0,8.085
2026-06-04 20:00:00+00:00,USGS-09380000,8.149999999999999,14.75,847.0,0.4,8.1,7990.0,8.09
2026-06-04 21:00:00+00:00,USGS-09380000,8.45,14.95,847.0,0.4,8.2,7975.0,8.085
2026-06-04 22:00:00+00:00,USGS-09380000,8.8,15.2,846.0,0.4,8.2,7975.0,8.085
2026-06-04 23:00:00+00:00,USGS-09380000,9.1,15.4,845.5,0.4,8.3,8095.0,8.120000000000001
2026-06-05 00:00:00+00:00,USGS-09380000,9.350000000000001,15.55,845.0,0.4,8.3,8510.0,8.24
2026-06-05 01:00:00+00:00,USGS-09380000,9.649999999999999,15.7,844.0,0.45,8.350000000000001,9135.0,8.415
2026-06-05 02:00:00+00:00,USGS-09380000,9.8,15.7,844.0,0.45,8.4,9600.0,8.54
2026-06-05 03:00:00+00:00,USGS-09380000,9.7,15.7,844.0,0.5,8.4,9925.0,8.625
2026-06-05 04:00:00+00:00,USGS-09380000,9.6,15.7,843.0,0.55,8.4,10150.0,8.68
2026-06-05 05:00:00+00:00,USGS-09380000,9.5,15.649999999999999,843.0,0.6,8.350000000000001,10250.0,8.71
2026-06-05 06:00:00+00:00,USGS-09380000,9.3,15.6,843.0,0.5,8.3,10300.0,8.73
2026-06-05 07:00:00+00:00,USGS-09380000,9.0,15.4,843.0,0.45,8.3,10150.0,8.684999999999999
2026-06-05 08:00:00+00:00,USGS-09380000,8.649999999999999,15.1,843.5,0.4,8.2,9715.0,8.57
2026-06-05 09:00:00+00:00,USGS-09380000,8.25,14.8,845.0,0.5,8.2,8900.0,8.350000000000001
2026-06-05 10:00:00+00:00,USGS-09380000,7.95,14.55,846.0,0.5,8.1,8025.0,8.100000000000001
2026-06-05 11:00:00+00:00,USGS-09380000,7.75,14.4,845.5,0.4,8.1,7265.0,7.87
2026-06-05 12:00:00+00:00,USGS-09380000,7.6,14.25,846.5,0.45,8.1,6715.0,7.695
2026-06-05 13:00:00+00:00,USGS-09380000,7.5,14.2,847.0,0.5,8.1,6445.0,7.605
2026-06-05 14:00:00+00:00,USGS-09380000,7.4,14.1,847.0,0.4,8.0,6475.0,7.615
2026-06-05 15:00:00+00:00,USGS-09380000,7.4,14.1,848.0,0.45,8.0,7090.0,7.8149999999999995
2026-06-05 16:00:00+00:00,USGS-09380000,7.4,14.1,848.0,0.45,8.0,7710.0,8.004999999999999
2026-06-05 17:00:00+00:00,USGS-09380000,7.45,14.149999999999999,848.0,0.45,8.0,7940.0,8.075
2026-06-05 18:00:00+00:00,USGS-09380000,7.65,14.3,848.0,0.4,8.1,8005.0,8.094999999999999
2026-06-05 19:00:00+00:00,USGS-09380000,7.85,14.45,848.0,0.4,8.1,8020.0,8.1
2026-06-05 20:00:00+00:00,USGS-09380000,8.1,14.7,847.5,0.4,8.1,7990.0,8.09
2026-06-05 21:00:00+00:00,USGS-09380000,8.45,14.95,847.0,0.4,8.2,7990.0,8.09
2026-06-05 22:00:00+00:00,USGS-09380000,8.75,15.149999999999999,847.0,0.4,8.2,7990.0,8.09
2026-06-05 23:00:00+00:00,USGS-09380000,9.05,15.4,846.0,0.4,8.25,8075.0,8.114999999999998
2026-06-06 00:00:00+00:00,USGS-09380000,9.350000000000001,15.6,845.0,0.45,8.3,8510.0,8.24
2026-06-06 01:00:00+00:00,USGS-09380000,9.649999999999999,15.8,844.0,0.5,8.350000000000001,9140.0,8.415
2026-06-06 02:00:00+00:00,USGS-09380000,9.75,15.8,844.0,0.5,8.4,9735.0,8.575
2026-06-06 03:00:00+00:00,USGS-09380000,9.7,15.8,844.0,0.6,8.4,9950.0,8.63
2026-06-06 04:00:00+00:00,USGS-09380000,9.6,15.7,844.0,0.6499999999999999,8.4,10100.0,8.67
2026-06-06 05:00:00+00:00,USGS-09380000,9.45,15.6,845.0,0.6499999999999999,8.4,10250.0,8.705
2026-06-06 06:00:00+00:00,USGS-09380000,9.25,15.45,845.0,0.55,8.3,10300.0,8.725000000000001
2026-06-06 07:00:00+00:00,USGS-09380000,8.95,15.25,846.0,0.4,8.3,10200.0,8.7
2026-06-06 08:00:00+00:00,USGS-09380000,8.649999999999999,15.1,846.0,0.5,8.2,9715.0,8.57
2026-06-06 09:00:00+00:00,USGS-09380000,8.3,14.9,847.0,0.5,8.2,8920.0,8.355
2026-06-06 10:00:00+00:00,USGS-09380000,8.05,14.7,847.0,0.4,8.149999999999999,8025.0,8.100000000000001
2026-06-06 11:00:00+00:00,USGS-09380000,7.8,14.6,847.0,0.45,8.1,7250.0,7.865
2026-06-06 12:00:00+00:00,USGS-09380000,7.65,14.55,846.0,0.4,8.1,6730.0,7.699999999999999
2026-06-06 13:00:00+00:00,USGS-09380000,7.55,14.5,846.0,0.45,8.1,6400.0,7.59
2026-06-06 14:00:00+00:00,USGS-09380000,7.5,14.5,846.0,0.4,8.1,6370.0,7.58
2026-06-06 15:00:00+00:00,USGS-09380000,7.4,14.5,846.0,0.5,8.1,6840.0,7.734999999999999
2026-06-06 16:00:00+00:00,USGS-09380000,7.4,14.5,847.0,0.4,8.1,7425.0,7.92
2026-06-06 17:00:00+00:00,USGS-09380000,7.5,14.5,847.0,0.45,8.1,7740.0,8.015
2026-06-06 18:00:00+00:00,USGS-09380000,7.65,14.55,848.0,0.4,8.1,7875.0,8.055
2026-06-06 19:00:00+00:00,USGS-09380000,7.9,14.649999999999999,849.0,0.5,8.1,7920.0,8.07
2026-06-06 20:00:00+00:00,USGS-09380000,8.149999999999999,14.8,850.0,0.4,8.1,7940.0,8.075
2026-06-06 21:00:00+00:00,USGS-09380000,8.45,14.95,849.0,0.5,8.2,7975.0,8.085
2026-06-06 22:00:00+00:00,USGS-09380000,8.75,15.149999999999999,848.0,0.4,8.2,7940.0,8.075
2026-06-06 23:00:00+00:00,USGS-09380000,9.05,15.4,846.5,0.5,8.25,7990.0,8.09
2026-06-07 00:00:00+00:00,USGS-09380000,9.350000000000001,15.6,844.0,0.5,8.3,8440.0,8.219999999999999
2026-06-07 01:00:00+00:00,USGS-09380000,9.6,15.8,842.0,0.55,8.350000000000001,9045.0,8.39
2026-06-07 02:00:00+00:00,USGS-09380000,9.7,15.9,841.0,0.55,8.4,9620.0,8.545
2026-06-07 03:00:00+00:00,USGS-09380000,9.7,15.9,841.0,0.45,8.4,9975.0,8.64
2026-06-07 04:00:00+00:00,USGS-09380000,9.55,15.850000000000001,841.5,0.4,8.4,10250.0,8.705
2026-06-07 05:00:00+00:00,USGS-09380000,9.4,15.8,842.0,0.5,8.4,10300.0,8.725000000000001
2026-06-07 06:00:00+00:00,USGS-09380000,9.25,15.7,842.0,0.5,8.3,10400.0,8.74
2026-06-07 07:00:00+00:00,USGS-09380000,9.05,15.55,842.0,0.5,8.3,10150.0,8.69
2026-06-07 08:00:00+00:00,USGS-09380000,8.7,15.25,842.0,0.5,8.25,9700.0,8.565000000000001
2026-06-07 09:00:00+00:00,USGS-09380000,8.350000000000001,15.0,843.0,0.6,8.2,8920.0,8.355
2026-06-07 10:00:00+00:00,USGS-09380000,8.1,14.75,844.0,0.45,8.2,7990.0,8.09
2026-06-07 11:00:00+00:00,USGS-09380000,7.95,14.55,845.0,0.4,8.149999999999999,7235.0,7.859999999999999
2026-06-07 12:00:00+00:00,USGS-09380000,7.8,14.4,846.0,0.4,8.1,6735.0,7.699999999999999
2026-06-07 13:00:00+00:00,USGS-09380000,7.7,14.3,846.0,0.4,8.1,6430.0,7.6
2026-06-07 14:00:00+00:00,USGS-09380000,7.6,14.2,846.0,0.4,8.1,6415.0,7.595
2026-06-07 15:00:00+00:00,USGS-09380000,7.6,14.2,846.0,0.4,8.1,6845.0,7.734999999999999
2026-06-07 16:00:00+00:00,USGS-09380000,7.65,14.1,846.0,0.4,8.1,7445.0,7.925000000000001
2026-06-07 17:00:00+00:00,USGS-09380000,7.75,14.1,847.0,0.4,8.1,7740.0,8.015
2026-06-07 18:00:00+00:00,USGS-09380000,7.9,14.2,847.5,0.6,8.1,7860.0,8.05
2026-06-07 19:00:00+00:00,USGS-09380000,8.05,14.25,848.0,0.5,8.1,7920.0,8.07
2026-06-07 20:00:00+00:00,USGS-09380000,8.25,14.4,848.0,0.5,8.2,7960.0,8.08
2026-06-07 21:00:00+00:00,USGS-09380000,8.5,14.6,847.0,0.45,8.2,7925.0,8.07
2026-06-07 22:00:00+00:00,USGS-09380000,8.8,14.8,846.0,0.55,8.2,7975.0,8.085
2026-06-07 23:00:00+00:00,USGS-09380000,9.1,15.0,845.0,0.45,8.3,8045.0,8.105
2026-06-08 00:00:00+00:00,USGS-09380000,9.3,15.05,845.0,0.45,8.3,8440.0,8.219999999999999
2026-06-08 01:00:00+00:00,USGS-09380000,9.45,15.1,845.0,0.5,8.3,9085.0,8.4
2026-06-08 02:00:00+00:00,USGS-09380000,9.5,15.1,845.0,0.45,8.3,9700.0,8.565000000000001
2026-06-08 03:00:00+00:00,USGS-09380000,9.5,15.1,845.0,0.4,8.3,10050.0,8.655000000000001
2026-06-08 04:00:00+00:00,USGS-09380000,9.5,15.149999999999999,845.0,0.45,8.3,10200.0,8.7
2026-06-08 05:00:00+00:00,USGS-09380000,9.350000000000001,15.1,845.0,0.4,8.3,10300.0,8.72
2026-06-08 06:00:00+00:00,USGS-09380000,9.149999999999999,14.95,844.5,0.4,8.3,10350.0,8.735
2026-06-08 07:00:00+00:00,USGS-09380000,8.9,14.649999999999999,844.0,0.4,8.3,10150.0,8.69
2026-06-08 08:00:00+00:00,USGS-09380000,8.6,14.350000000000001,844.0,0.5,8.2,9720.0,8.57
2026-06-08 09:00:00+00:00,USGS-09380000,8.350000000000001,14.05,845.0,0.5,8.2,8905.0,8.350000000000001
2026-06-08 10:00:00+00:00,USGS-09380000,8.1,13.75,845.0,0.4,8.1,8010.0,8.095
2026-06-08 11:00:00+00:00,USGS-09380000,7.9,13.55,846.0,0.4,8.1,7265.0,7.869999999999999
2026-06-08 12:00:00+00:00,USGS-09380000,7.8,13.45,846.0,0.45,8.1,6735.0,7.699999999999999
2026-06-08 13:00:00+00:00,USGS-09380000,7.7,13.4,846.0,0.4,8.1,6400.0,7.59
2026-06-08 14:00:00+00:00,USGS-09380000,7.65,13.3,846.0,0.4,8.1,6370.0,7.58
2026-06-08 15:00:00+00:00,USGS-09380000,7.6,13.3,846.0,0.4,8.05,6845.0,7.734999999999999
2026-06-08 16:00:00+00:00,USGS-09380000,7.6,13.3,846.0,0.4,8.0,7425.0,7.92
2026-06-08 17:00:00+00:00,USGS-09380000,7.7,13.3,846.0,0.4,8.1,7760.0,8.02
2026-06-08 18:00:00+00:00,USGS-09380000,7.8,13.4,847.0,0.4,8.1,7890.0,8.06
2026-06-08 19:00:00+00:00,USGS-09380000,8.0,13.6,847.0,0.35,8.1,7960.0,8.08
2026-06-08 20:00:00+00:00,USGS-09380000,8.2,13.8,847.0,0.4,8.1,7945.0,8.075
2026-06-08 21:00:00+00:00,USGS-09380000,8.45,14.0,847.0,0.4,8.2,7930.0,8.07
2026-06-08 22:00:00+00:00,USGS-09380000,8.75,14.2,847.0,0.4,8.2,7975.0,8.085
2026-06-08 23:00:00+00:00,USGS-09380000,9.0,14.3,847.0,0.4,8.2,8045.0,8.105
2026-06-09 00:00:00+00:00,USGS-09380000,9.25,14.4,847.0,0.5,8.3,8460.0,8.225000000000001
2026-06-09 01:00:00+00:00,USGS-09380000,9.4,14.5,847.0,0.45,8.3,9085.0,8.4
2026-06-09 02:00:00+00:00,USGS-09380000,9.5,14.6,848.0,0.5,8.3,9645.0,8.55
2026-06-09 03:00:00+00:00,USGS-09380000,9.5,14.6,847.5,0.4,8.3,9990.0,8.64
2026-06-09 04:00:00+00:00,USGS-09380000,9.5,14.75,846.0,0.4,8.3,10200.0,8.7
2026-06-09 05:00:00+00:00,USGS-09380000,9.4,14.850000000000001,844.0,0.4,8.3,10300.0,8.73
2026-06-09 06:00:00+00:00,USGS-09380000,9.25,14.850000000000001,843.0,0.4,8.3,10400.0,8.74
2026-06-09 07:00:00+00:00,USGS-09380000,9.05,14.7,843.0,0.4,8.3,10250.0,8.7
2026-06-09 08:00:00+00:00,USGS-09380000,8.649999999999999,14.4,844.0,0.4,8.2,9720.0,8.57
2026-06-09 09:00:00+00:00,USGS-09380000,8.350000000000001,14.1,845.0,0.5,8.2,8920.0,8.355
2026-06-09 10:00:00+00:00,USGS-09380000,8.1,13.850000000000001,845.0,0.4,8.149999999999999,8030.0,8.100000000000001
2026-06-09 11:00:00+00:00,USGS-09380000,7.95,13.7,845.0,0.4,8.1,7270.0,7.869999999999999
2026-06-09 12:00:00+00:00,USGS-09380000,7.8,13.649999999999999,844.5,0.45,8.1,6770.0,7.710000000000001
2026-06-09 13:00:00+00:00,USGS-09380000,7.7,13.6,844.0,0.4,8.1,6415.0,7.595000000000001
2026-06-09 14:00:00+00:00,USGS-09380000,7.7,13.6,844.0,0.4,8.1,6475.0,7.615
2026-06-09 15:00:00+00:00,USGS-09380000,7.6,13.6,843.5,0.35,8.1,7115.0,7.82
2026-06-09 16:00:00+00:00,USGS-09380000,7.6,13.6,843.0,0.4,8.1,7695.0,8.0
2026-06-09 17:00:00+00:00,USGS-09380000,7.7,13.7,843.0,0.4,8.1,7945.0,8.075
2026-06-09 18:00:00+00:00,USGS-09380000,,,,,,7975.0,8.085
2026-06-09 19:00:00+00:00,USGS-09380000,,,,,,7975.0,8.085
2026-06-09 20:00:00+00:00,USGS-09380000,,,,,,7945.0,8.075
2026-06-09 21:00:00+00:00,USGS-09380000,,,,,,7975.0,8.085
2026-06-09 22:00:00+00:00,USGS-09380000,,,,,,7975.0,8.085
2026-06-09 23:00:00+00:00,USGS-09380000,,,,,,8045.0,8.105
2026-06-10 00:00:00+00:00,USGS-09380000,,,,,,8475.0,8.23
2026-06-10 01:00:00+00:00,USGS-09380000,,,,,,9195.0,8.43
2026-06-10 02:00:00+00:00,USGS-09380000,,,,,,9605.0,8.54
2026-06-10 03:00:00+00:00,USGS-09380000,,,,,,9930.0,8.625
2026-06-10 04:00:00+00:00,USGS-09380000,,,,,,10100.0,8.67
2026-06-10 05:00:00+00:00,USGS-09380000,,,,,,10300.0,8.715
2026-06-10 06:00:00+00:00,USGS-09380000,,,,,,10300.0,8.73
2026-06-10 07:00:00+00:00,USGS-09380000,,,,,,10200.0,8.695
2026-06-10 08:00:00+00:00,USGS-09380000,,,,,,9760.0,8.58
2026-06-10 09:00:00+00:00,USGS-09380000,,,,,,8925.0,8.355
2026-06-10 10:00:00+00:00,USGS-09380000,,,,,,8010.0,8.095
2026-06-10 11:00:00+00:00,USGS-09380000,,,,,,7290.0,7.875
2026-06-10 12:00:00+00:00,USGS-09380000,,,,,,6740.0,7.699999999999999
2026-06-10 13:00:00+00:00,USGS-09380000,,,,,,6405.0,7.59
2026-06-10 14:00:00+00:00,USGS-09380000,,,,,,6465.0,7.609999999999999
2026-06-10 15:00:00+00:00,USGS-09380000,,,,,,7060.0,7.805
2026-06-10 16:00:00+00:00,USGS-09380000,,,,,,7660.0,7.99
2026-06-10 17:00:00+00:00,USGS-09380000,,,,,,7960.0,8.08
2026-06-10 18:00:00+00:00,USGS-09380000,,,,,,8060.0,8.11
2026-06-10 19:00:00+00:00,USGS-09380000,,,,,,8100.0,8.12
2026-06-10 20:00:00+00:00,USGS-09380000,,,,,,8135.0,8.129999999999999
2026-06-10 21:00:00+00:00,USGS-09380000,,,,,,8115.0,8.125
2026-06-10 22:00:00+00:00,USGS-09380000,,,,,,8150.0,8.135000000000002
2026-06-10 23:00:00+00:00,USGS-09380000,,,,,,8305.0,8.18
2026-06-11 00:00:00+00:00,USGS-09380000,,,,,,8710.0,8.295
2026-06-11 01:00:00+00:00,USGS-09380000,,,,,,9275.0,8.45
2026-06-11 02:00:00+00:00,USGS-09380000,,,,,,9740.0,8.575
2026-06-11 03:00:00+00:00,USGS-09380000,,,,,,10100.0,8.67
2026-06-11 04:00:00+00:00,USGS-09380000,,,,,,10300.0,8.71
2026-06-11 05:00:00+00:00,USGS-09380000,,,,,,10350.0,8.735
2026-06-11 06:00:00+00:00,USGS-09380000,,,,,,10300.0,8.73
2026-06-11 07:00:00+00:00,USGS-09380000,,,,,,10200.0,8.695
2026-06-11 08:00:00+00:00,USGS-09380000,,,,,,9665.0,8.555
2026-06-11 09:00:00+00:00,USGS-09380000,,,,,,8940.0,8.36
2026-06-11 10:00:00+00:00,USGS-09380000,,,,,,8030.0,8.100000000000001
2026-06-11 11:00:00+00:00,USGS-09380000,,,,,,7275.0,7.87
2026-06-11 12:00:00+00:00,USGS-09380000,,,,,,6635.0,7.665
2026-06-11 13:00:00+00:00,USGS-09380000,,,,,,6350.0,7.57
2026-06-11 14:00:00+00:00,USGS-09380000,,,,,,6425.0,7.595000000000001
2026-06-11 15:00:00+00:00,USGS-09380000,,,,,,7000.0,7.785
2026-06-11 16:00:00+00:00,USGS-09380000,,,,,,7665.0,7.99
2026-06-11 17:00:00+00:00,USGS-09380000,,,,,,7960.0,8.08
2026-06-11 18:00:00+00:00,USGS-09380000,,,,,,8015.0,8.094999999999999
2026-06-11 19:00:00+00:00,USGS-09380000,,,,,,8030.0,8.1
2026-06-11 20:00:00+00:00,USGS-09380000,,,,,,7980.0,8.085
2026-06-11 21:00:00+00:00,USGS-09380000,,,,,,8000.0,8.09
2026-06-11 22:00:00+00:00,USGS-09380000,,,,,,8000.0,8.09
2026-06-11 23:00:00+00:00,USGS-09380000,,,,,,8095.0,8.120000000000001
2026-06-12 00:00:00+00:00,USGS-09380000,,,,,,8480.0,8.23
2026-06-12 01:00:00+00:00,USGS-09380000,,,,,,9075.0,8.395
2026-06-12 02:00:00+00:00,USGS-09380000,,,,,,9630.0,8.545
2026-06-12 03:00:00+00:00,USGS-09380000,,,,,,9995.0,8.645
2026-06-12 04:00:00+00:00,USGS-09380000,,,,,,10200.0,8.695
2026-06-12 05:00:00+00:00,USGS-09380000,,,,,,10300.0,8.725000000000001
2026-06-12 06:00:00+00:00,USGS-09380000,,,,,,10300.0,8.73
2026-06-12 07:00:00+00:00,USGS-09380000,,,,,,10150.0,8.69
2026-06-12 08:00:00+00:00,USGS-09380000,,,,,,9685.0,8.559999999999999
2026-06-12 09:00:00+00:00,USGS-09380000,,,,,,8890.0,8.345
2026-06-12 10:00:00+00:00,USGS-09380000,,,,,,8100.0,8.120000000000001
2026-06-12 11:00:00+00:00,USGS-09380000,,,,,,7240.0,7.859999999999999
2026-06-12 12:00:00+00:00,USGS-09380000,,,,,,6710.0,7.6899999999999995
2026-06-12 13:00:00+00:00,USGS-09380000,,,,,,6380.0,7.58
2026-06-12 14:00:00+00:00,USGS-09380000,,,,,,6455.0,7.605
2026-06-12 15:00:00+00:00,USGS-09380000,,,,,,7065.0,7.805
2026-06-12 16:00:00+00:00,USGS-09380000,,,,,,7650.0,7.984999999999999
2026-06-12 17:00:00+00:00,USGS-09380000,,,,,,7915.0,8.065000000000001
2026-06-12 18:00:00+00:00,USGS-09380000,,,,,,8000.0,8.09
2026-06-12 19:00:00+00:00,USGS-09380000,,,,,,8000.0,8.09
2026-06-12 20:00:00+00:00,USGS-09380000,,,,,,8000.0,8.09
2026-06-12 21:00:00+00:00,USGS-09380000,,,,,,8000.0,8.09
2026-06-12 22:00:00+00:00,USGS-09380000,,,,,,7980.0,8.085
2026-06-12 23:00:00+00:00,USGS-09380000,,,,,,8080.0,8.115
2026-06-13 00:00:00+00:00,USGS-09380000,,,,,,8500.0,8.235
2026-06-13 01:00:00+00:00,USGS-09380000,,,,,,9055.0,8.39
2026-06-13 02:00:00+00:00,USGS-09380000,,,,,,9645.0,8.55
2026-06-13 03:00:00+00:00,USGS-09380000,,,,,,9990.0,8.64
2026-06-13 04:00:00+00:00,USGS-09380000,,,,,,10150.0,8.69
2026-06-13 05:00:00+00:00,USGS-09380000,,,,,,10300.0,8.71
2026-06-13 06:00:00+00:00,USGS-09380000,,,,,,10300.0,8.72
2026-06-13 07:00:00+00:00,USGS-09380000,,,,,,10150.0,8.675
2026-06-13 08:00:00+00:00,USGS-09380000,,,,,,9665.0,8.555
2026-06-13 09:00:00+00:00,USGS-09380000,,,,,,8890.0,8.345
2026-06-13 10:00:00+00:00,USGS-09380000,,,,,,8015.0,8.095
2026-06-13 11:00:00+00:00,USGS-09380000,,,,,,7260.0,7.865
2026-06-13 12:00:00+00:00,USGS-09380000,,,,,,6740.0,7.699999999999999
2026-06-13 13:00:00+00:00,USGS-09380000,,,,,,6380.0,7.58
2026-06-13 14:00:00+00:00,USGS-09380000,,,,,,6365.0,7.574999999999999
2026-06-13 15:00:00+00:00,USGS-09380000,,,,,,6835.0,7.73
2026-06-13 16:00:00+00:00,USGS-09380000,,,,,,7435.0,7.92
2026-06-13 17:00:00+00:00,USGS-09380000,,,,,,7795.0,8.03
2026-06-13 18:00:00+00:00,USGS-09380000,,,,,,7915.0,8.065000000000001
2026-06-13 19:00:00+00:00,USGS-09380000,,,,,,7930.0,8.07
2026-06-13 20:00:00+00:00,USGS-09380000,,,,,,7960.0,8.08
2026-06-13 21:00:00+00:00,USGS-09380000,,,,,,7985.0,8.085
2026-06-13 22:00:00+00:00,USGS-09380000,,,,,,7900.0,8.059999999999999
2026-06-13 23:00:00+00:00,USGS-09380000,,,,,,8085.0,8.114999999999998
2026-06-14 00:00:00+00:00,USGS-09380000,,,,,,8465.0,8.225
2026-06-14 01:00:00+00:00,USGS-09380000,,,,,,9110.0,8.405000000000001
2026-06-14 02:00:00+00:00,USGS-09380000,,,,,,9515.0,8.515
2026-06-14 03:00:00+00:00,USGS-09380000,,,,,,9955.0,8.629999999999999
2026-06-14 04:00:00+00:00,USGS-09380000,,,,,,10200.0,8.69
2026-06-14 05:00:00+00:00,USGS-09380000,,,,,,10300.0,8.72
2026-06-14 06:00:00+00:00,USGS-09380000,,,,,,10400.0,8.74
2026-06-14 07:00:00+00:00,USGS-09380000,,,,,,10250.0,8.7
2026-06-14 08:00:00+00:00,USGS-09380000,,,,,,9725.0,8.57
2026-06-14 09:00:00+00:00,USGS-09380000,,,,,,8950.0,8.36
2026-06-14 10:00:00+00:00,USGS-09380000,,,,,,8020.0,8.095
2026-06-14 11:00:00+00:00,USGS-09380000,,,,,,7260.0,7.865
2026-06-14 12:00:00+00:00,USGS-09380000,,,,,,6740.0,7.699999999999999
2026-06-14 13:00:00+00:00,USGS-09380000,,,,,,6410.0,7.59
2026-06-14 14:00:00+00:00,USGS-09380000,,,,,,6410.0,7.59
2026-06-14 15:00:00+00:00,USGS-09380000,,,,,,6880.0,7.744999999999999
2026-06-14 16:00:00+00:00,USGS-09380000,,,,,,7450.0,7.925000000000001
2026-06-14 17:00:00+00:00,USGS-09380000,,,,,,7780.0,8.024999999999999
2026-06-14 18:00:00+00:00,USGS-09380000,,,,,,7915.0,8.065000000000001
2026-06-14 19:00:00+00:00,USGS-09380000,,,,,,7970.0,8.08
2026-06-14 20:00:00+00:00,USGS-09380000,,,,,,7985.0,8.085
2026-06-14 21:00:00+00:00,USGS-09380000,,,,,,7930.0,8.07
2026-06-14 22:00:00+00:00,USGS-09380000,,,,,,7985.0,8.085
2026-06-14 23:00:00+00:00,USGS-09380000,,,,,,8000.0,8.09
2026-06-15 00:00:00+00:00,USGS-09380000,,,,,,8325.0,8.185
2026-06-15 01:00:00+00:00,USGS-09380000,,,,,,8985.0,8.370000000000001
2026-06-15 02:00:00+00:00,USGS-09380000,,,,,,9540.0,8.52
2026-06-15 03:00:00+00:00,USGS-09380000,,,,,,9960.0,8.635
2026-06-15 04:00:00+00:00,USGS-09380000,,,,,,10200.0,8.684999999999999
2026-06-15 05:00:00+00:00,USGS-09380000,,,,,,10300.0,8.72
2026-06-15 06:00:00+00:00,USGS-09380000,,,,,,10400.0,8.74
2026-06-15 07:00:00+00:00,USGS-09380000,,,,,,10250.0,8.7
2026-06-15 08:00:00+00:00,USGS-09380000,,,,,,9710.0,8.565000000000001
2026-06-15 09:00:00+00:00,USGS-09380000,,,,,,8910.0,8.350000000000001
2026-06-15 10:00:00+00:00,USGS-09380000,,,,,,8035.0,8.100000000000001
2026-06-15 11:00:00+00:00,USGS-09380000,,,,,,7275.0,7.869999999999999
2026-06-15 12:00:00+00:00,USGS-09380000,,,,,,6755.0,7.705
2026-06-15 13:00:00+00:00,USGS-09380000,,,,,,6425.0,7.595
2026-06-15 14:00:00+00:00,USGS-09380000,,,,,,6500.0,7.619999999999999
2026-06-15 15:00:00+00:00,USGS-09380000,,,,,,7130.0,7.825
2026-06-15 16:00:00+00:00,USGS-09380000,,,,,,7720.0,8.004999999999999
2026-06-15 17:00:00+00:00,USGS-09380000,,,,,,7965.0,8.08
2026-06-15 18:00:00+00:00,USGS-09380000,,,,,,8030.0,8.1
2026-06-15 19:00:00+00:00,USGS-09380000,,,,,,8030.0,8.1
2026-06-15 20:00:00+00:00,USGS-09380000,,,,,,8000.0,8.09
2026-06-15 21:00:00+00:00,USGS-09380000,,,,,,7930.0,8.07
2026-06-15 22:00:00+00:00,USGS-09380000,,,,,,7915.0,8.065000000000001
2026-06-15 23:00:00+00:00,USGS-09380000,,,,,,8050.0,8.105
2026-06-16 00:00:00+00:00,USGS-09380000,,,,,,8540.0,8.245000000000001
2026-06-16 01:00:00+00:00,USGS-09380000,,,,,,9200.0,8.43
2026-06-16 02:00:00+00:00,USGS-09380000,,,,,,9725.0,8.57
2026-06-16 03:00:00+00:00,USGS-09380000,,,,,,10050.0,8.655000000000001
2026-06-16 04:00:00+00:00,USGS-09380000,,,,,,10200.0,8.69
2026-06-16 05:00:00+00:00,USGS-09380000,,,,,,10300.0,8.725000000000001
2026-06-16 06:00:00+00:00,USGS-09380000,,,,,,10400.0,8.74
2026-06-16 07:00:00+00:00,USGS-09380000,,,,,,10250.0,8.7
2026-06-16 08:00:00+00:00,USGS-09380000,,,,,,9710.0,8.565000000000001
2026-06-16 09:00:00+00:00,USGS-09380000,,,,,,8950.0,8.36
2026-06-16 10:00:00+00:00,USGS-09380000,,,,,,8055.0,8.105
2026-06-16 11:00:00+00:00,USGS-09380000,,,,,,7275.0,7.87
2026-06-16 12:00:00+00:00,USGS-09380000,,,,,,6755.0,7.705
2026-06-16 13:00:00+00:00,USGS-09380000,,,,,,6425.0,7.595
2026-06-16 14:00:00+00:00,USGS-09380000,,,,,,6485.0,7.615
2026-06-16 15:00:00+00:00,USGS-09380000,,,,,,7055.0,7.800000000000001
2026-06-16 16:00:00+00:00,USGS-09380000,,,,,,7635.0,7.98
2026-06-16 17:00:00+00:00,USGS-09380000,,,,,,7900.0,8.06
2026-06-16 18:00:00+00:00,USGS-09380000,,,,,,7950.0,8.075
2026-06-16 19:00:00+00:00,USGS-09380000,,,,,,8000.0,8.09
2026-06-16 20:00:00+00:00,USGS-09380000,,,,,,8000.0,8.09
2026-06-16 21:00:00+00:00,USGS-09380000,,,,,,7930.0,8.07
2026-06-16 22:00:00+00:00,USGS-09380000,,,,,,7950.0,8.075
2026-06-16 23:00:00+00:00,USGS-09380000,,,,,,8085.0,8.114999999999998
2026-06-17 00:00:00+00:00,USGS-09380000,,,,,,8540.0,8.245000000000001
2026-06-17 01:00:00+00:00,USGS-09380000,,,,,,9185.0,8.425
2026-06-17 02:00:00+00:00,USGS-09380000,,,,,,9690.0,8.56
2026-06-17 03:00:00+00:00,USGS-09380000,,,,,,9980.0,8.64
2026-06-17 04:00:00+00:00,USGS-09380000,,,,,,10200.0,8.684999999999999
2026-06-17 05:00:00+00:00,USGS-09380000,,,,,,10300.0,8.71
2026-06-17 06:00:00+00:00,USGS-09380000,,,,,,10400.0,8.74
2026-06-17 07:00:00+00:00,USGS-09380000,,,,,,10250.0,8.695
2026-06-17 08:00:00+00:00,USGS-09380000,,,,,,9765.0,8.58
2026-06-17 09:00:00+00:00,USGS-09380000,,,,,,8970.0,8.365
2026-06-17 10:00:00+00:00,USGS-09380000,,,,,,8070.0,8.11
2026-06-17 11:00:00+00:00,USGS-09380000,,,,,,7290.0,7.875
2026-06-17 12:00:00+00:00,USGS-09380000,,,,,,6760.0,7.705
2026-06-17 13:00:00+00:00,USGS-09380000,,,,,,6455.0,7.605
2026-06-17 14:00:00+00:00,USGS-09380000,,,,,,6515.0,7.625
2026-06-17 15:00:00+00:00,USGS-09380000,,,,,,7085.0,7.8100000000000005
2026-06-17 16:00:00+00:00,USGS-09380000,,,,,,7685.0,7.994999999999999
2026-06-17 17:00:00+00:00,USGS-09380000,,,,,,7905.0,8.06
2026-06-17 18:00:00+00:00,USGS-09380000,,,,,,7970.0,8.08
2026-06-17 19:00:00+00:00,USGS-09380000,,,,,,7970.0,8.08
2026-06-17 20:00:00+00:00,USGS-09380000,,,,,,8000.0,8.09
2026-06-17 21:00:00+00:00,USGS-09380000,,,,,,7955.0,8.075
2026-06-17 22:00:00+00:00,USGS-09380000,,,,,,7955.0,8.075
2026-06-17 23:00:00+00:00,USGS-09380000,,,,,,8090.0,8.115
2026-06-18 00:00:00+00:00,USGS-09380000,,,,,,8540.0,8.245000000000001
2026-06-18 01:00:00+00:00,USGS-09380000,,,,,,9150.0,8.415
2026-06-18 02:00:00+00:00,USGS-09380000,,,,,,9710.0,8.565000000000001
2026-06-18 03:00:00+00:00,USGS-09380000,,,,,,9980.0,8.635000000000002
2026-06-18 04:00:00+00:00,USGS-09380000,,,,,,10150.0,8.68
2026-06-18 05:00:00+00:00,USGS-09380000,,,,,,10300.0,8.72
2026-06-18 06:00:00+00:00,USGS-09380000,,,,,,10400.0,8.735
2026-06-18 07:00:00+00:00,USGS-09380000,,,,,,10250.0,8.7
2026-06-18 08:00:00+00:00,USGS-09380000,,,,,,9730.0,8.57
2026-06-18 09:00:00+00:00,USGS-09380000,,,,,,8935.0,8.355
2026-06-18 10:00:00+00:00,USGS-09380000,,,,,,8040.0,8.100000000000001
2026-06-18 11:00:00+00:00,USGS-09380000,,,,,,7260.0,7.865
2026-06-18 12:00:00+00:00,USGS-09380000,,,,,,6730.0,7.695
2026-06-18 13:00:00+00:00,USGS-09380000,,,,,,6410.0,7.59
2026-06-18 14:00:00+00:00,USGS-09380000,,,,,,6470.0,7.609999999999999
2026-06-18 15:00:00+00:00,USGS-09380000,,,,,,7085.0,7.8100000000000005
2026-06-18 16:00:00+00:00,USGS-09380000,,,,,,7655.0,7.984999999999999
2026-06-18 17:00:00+00:00,USGS-09380000,,,,,,7920.0,8.065000000000001
2026-06-18 18:00:00+00:00,USGS-09380000,,,,,,7970.0,8.08
