time,Specific conductance
2025-09-26 00:00:00+00:00,548
2025-09-26 00:15:00+00:00,548
2025-09-26 00:30:00+00:00,547
2025-09-26 00:45:00+00:00,547
2025-09-26 01:00:00+00:00,547
2025-09-26 01:15:00+00:00,547
2025-09-26 01:30:00+00:00,547
2025-09-26 01:45:00+00:00,547
2025-09-26 02:00:00+00:00,546
2025-09-26 02:15:00+00:00,546
2025-09-26 02:30:00+00:00,546
2025-09-26 02:45:00+00:00,546
2025-09-26 03:00:00+00:00,546
2025-09-26 03:15:00+00:00,546
2025-09-26 03:30:00+00:00,546
2025-09-26 03:45:00+00:00,546
2025-09-26 04:00:00+00:00,546
2025-09-26 04:15:00+00:00,546
2025-09-26 04:30:00+00:00,546
2025-09-26 04:45:00+00:00,546
2025-09-26 05:00:00+00:00,546
2025-09-26 05:15:00+00:00,546
2025-09-26 05:30:00+00:00,546
2025-09-26 05:45:00+00:00,546
2025-09-26 06:00:00+00:00,546
2025-09-26 06:15:00+00:00,547
2025-09-26 06:30:00+00:00,547
2025-09-26 06:45:00+00:00,547
2025-09-26 07:00:00+00:00,548
2025-09-26 07:15:00+00:00,548
2025-09-26 07:30:00+00:00,548
2025-09-26 07:45:00+00:00,548
2025-09-26 08:00:00+00:00,549
2025-09-26 08:15:00+00:00,549
2025-09-26 08:30:00+00:00,549
2025-09-26 08:45:00+00:00,549
2025-09-26 09:00:00+00:00,550
2025-09-26 09:15:00+00:00,550
2025-09-26 09:30:00+00:00,550
2025-09-26 09:45:00+00:00,550
2025-09-26 10:00:00+00:00,551
2025-09-26 10:15:00+00:00,551
2025-09-26 10:30:00+00:00,551
2025-09-26 10:45:00+00:00,551
2025-09-26 11:00:00+00:00,551
2025-09-26 11:15:00+00:00,551
2025-09-26 11:30:00+00:00,552
2025-09-26 11:45:00+00:00,551
2025-09-26 12:00:00+00:00,552
2025-09-26 12:15:00+00:00,552
2025-09-26 12:30:00+00:00,552
2025-09-26 12:45:00+00:00,552
2025-09-26 13:00:00+00:00,552
2025-09-26 13:15:00+00:00,552
2025-09-26 13:30:00+00:00,552
2025-09-26 13:45:00+00:00,552
2025-09-26 14:00:00+00:00,552
2025-09-26 14:15:00+00:00,552
2025-09-26 14:30:00+00:00,552
2025-09-26 14:45:00+00:00,552
2025-09-26 15:00:00+00:00,552
2025-09-26 15:15:00+00:00,552
2025-09-26 15:30:00+00:00,552
2025-09-26 15:45:00+00:00,552
2025-09-26 16:00:00+00:00,553
2025-09-26 16:15:00+00:00,553
2025-09-26 16:30:00+00:00,553
2025-09-26 16:45:00+00:00,553
2025-09-26 17:00:00+00:00,553
2025-09-26 17:15:00+00:00,553
2025-09-26 17:30:00+00:00,553
2025-09-26 17:45:00+00:00,554
2025-09-26 18:00:00+00:00,554
2025-09-26 18:15:00+00:00,554
2025-09-26 18:30:00+00:00,554
2025-09-26 18:45:00+00:00,554
2025-09-26 19:00:00+00:00,554
2025-09-26 19:15:00+00:00,554
2025-09-26 19:30:00+00:00,554
2025-09-26 19:45:00+00:00,554
2025-09-26 20:00:00+00:00,554
2025-09-26 20:15:00+00:00,554
2025-09-26 20:30:00+00:00,554
2025-09-26 20:45:00+00:00,554
2025-09-26 21:00:00+00:00,554
2025-09-26 21:15:00+00:00,555
2025-09-26 21:30:00+00:00,555
2025-09-26 21:45:00+00:00,555
2025-09-26 22:00:00+00:00,555
2025-09-26 22:15:00+00:00,556
2025-09-26 22:30:00+00:00,557
2025-09-26 22:45:00+00:00,557
2025-09-26 23:00:00+00:00,557
2025-09-26 23:15:00+00:00,557
2025-09-26 23:30:00+00:00,557
2025-09-26 23:45:00+00:00,558
2025-09-27 00:00:00+00:00,558
2025-09-27 00:15:00+00:00,558
2025-09-27 00:30:00+00:00,559
2025-09-27 00:45:00+00:00,559
2025-09-27 01:00:00+00:00,559
2025-09-27 01:15:00+00:00,559
2025-09-27 01:30:00+00:00,559
2025-09-27 01:45:00+00:00,560
2025-09-27 02:00:00+00:00,560
2025-09-27 02:15:00+00:00,560
2025-09-27 02:30:00+00:00,560
2025-09-27 02:45:00+00:00,560
2025-09-27 03:00:00+00:00,560
2025-09-27 03:15:00+00:00,560
2025-09-27 03:30:00+00:00,560
2025-09-27 03:45:00+00:00,560
2025-09-27 04:00:00+00:00,560
2025-09-27 04:15:00+00:00,560
2025-09-27 04:30:00+00:00,560
2025-09-27 04:45:00+00:00,560
2025-09-27 05:00:00+00:00,560
2025-09-27 05:15:00+00:00,560
2025-09-27 05:30:00+00:00,560
2025-09-27 05:45:00+00:00,560
2025-09-27 06:00:00+00:00,561
2025-09-27 06:15:00+00:00,561
2025-09-27 06:30:00+00:00,561
2025-09-27 06:45:00+00:00,561
2025-09-27 07:00:00+00:00,561
2025-09-27 07:15:00+00:00,561
2025-09-27 07:30:00+00:00,561
2025-09-27 07:45:00+00:00,561
2025-09-27 08:00:00+00:00,561
2025-09-27 08:15:00+00:00,560
2025-09-27 08:30:00+00:00,560
2025-09-27 08:45:00+00:00,559
2025-09-27 09:00:00+00:00,559
2025-09-27 09:15:00+00:00,558
2025-09-27 09:30:00+00:00,558
2025-09-27 09:45:00+00:00,557
2025-09-27 10:00:00+00:00,556
2025-09-27 10:15:00+00:00,556
2025-09-27 10:30:00+00:00,555
2025-09-27 10:45:00+00:00,554
2025-09-27 11:00:00+00:00,553
2025-09-27 11:15:00+00:00,553
2025-09-27 11:30:00+00:00,552
2025-09-27 11:45:00+00:00,551
2025-09-27 12:00:00+00:00,551
2025-09-27 12:15:00+00:00,550
2025-09-27 12:30:00+00:00,549
2025-09-27 12:45:00+00:00,549
2025-09-27 13:00:00+00:00,548
2025-09-27 13:15:00+00:00,547
2025-09-27 13:30:00+00:00,547
2025-09-27 13:45:00+00:00,546
2025-09-27 14:00:00+00:00,546
2025-09-27 14:15:00+00:00,545
2025-09-27 14:30:00+00:00,545
2025-09-27 14:45:00+00:00,544
2025-09-27 15:00:00+00:00,544
2025-09-27 15:15:00+00:00,543
2025-09-27 15:30:00+00:00,543
2025-09-27 15:45:00+00:00,542
2025-09-27 16:00:00+00:00,542
2025-09-27 16:15:00+00:00,542
2025-09-27 16:30:00+00:00,541
2025-09-27 16:45:00+00:00,541
2025-09-27 17:00:00+00:00,541
2025-09-27 17:15:00+00:00,541
2025-09-27 17:30:00+00:00,540
2025-09-27 17:45:00+00:00,540
2025-09-27 18:00:00+00:00,540
2025-09-27 18:15:00+00:00,540
2025-09-27 18:30:00+00:00,540
2025-09-27 18:45:00+00:00,540
2025-09-27 19:00:00+00:00,540
2025-09-27 19:15:00+00:00,540
2025-09-27 19:30:00+00:00,540
2025-09-27 19:45:00+00:00,539
2025-09-27 20:00:00+00:00,539
2025-09-27 20:15:00+00:00,540
2025-09-27 20:30:00+00:00,539
2025-09-27 20:45:00+00:00,539
2025-09-27 21:00:00+00:00,539
2025-09-27 21:15:00+00:00,540
2025-09-27 21:30:00+00:00,540
2025-09-27 21:45:00+00:00,540
2025-09-27 22:00:00+00:00,540
2025-09-27 22:15:00+00:00,540
2025-09-27 22:30:00+00:00,540
2025-09-27 22:45:00+00:00,541
2025-09-27 23:00:00+00:00,541
2025-09-27 23:15:00+00:00,541
2025-09-27 23:30:00+00:00,541
2025-09-27 23:45:00+00:00,541
2025-09-28 00:00:00+00:00,541
2025-09-28 00:15:00+00:00,541
2025-09-28 00:30:00+00:00,541
2025-09-28 00:45:00+00:00,541
2025-09-28 01:00:00+00:00,541
2025-09-28 01:15:00+00:00,541
2025-09-28 01:30:00+00:00,541
2025-09-28 01:45:00+00:00,541
2025-09-28 02:00:00+00:00,541
2025-09-28 02:15:00+00:00,541
2025-09-28 02:30:00+00:00,540
2025-09-28 02:45:00+00:00,540
2025-09-28 03:00:00+00:00,540
2025-09-28 03:15:00+00:00,540
2025-09-28 03:30:00+00:00,540
2025-09-28 03:45:00+00:00,540
2025-09-28 04:00:00+00:00,540
2025-09-28 04:15:00+00:00,540
2025-09-28 04:30:00+00:00,540
2025-09-28 04:45:00+00:00,540
2025-09-28 05:00:00+00:00,540
2025-09-28 05:15:00+00:00,540
2025-09-28 05:30:00+00:00,540
2025-09-28 05:45:00+00:00,539
2025-09-28 06:00:00+00:00,539
2025-09-28 06:15:00+00:00,539
2025-09-28 06:30:00+00:00,539
2025-09-28 06:45:00+00:00,539
2025-09-28 07:00:00+00:00,539
2025-09-28 07:15:00+00:00,538
2025-09-28 07:30:00+00:00,538
2025-09-28 07:45:00+00:00,538
2025-09-28 08:00:00+00:00,537
2025-09-28 08:15:00+00:00,537
2025-09-28 08:30:00+00:00,537
2025-09-28 08:45:00+00:00,536
2025-09-28 09:00:00+00:00,536
2025-09-28 09:15:00+00:00,536
2025-09-28 09:30:00+00:00,535
2025-09-28 09:45:00+00:00,535
2025-09-28 10:00:00+00:00,535
2025-09-28 10:15:00+00:00,534
2025-09-28 10:30:00+00:00,534
2025-09-28 10:45:00+00:00,534
2025-09-28 11:00:00+00:00,533
2025-09-28 11:15:00+00:00,533
2025-09-28 11:30:00+00:00,533
2025-09-28 11:45:00+00:00,533
2025-09-28 12:00:00+00:00,532
2025-09-28 12:15:00+00:00,532
2025-09-28 12:30:00+00:00,532
2025-09-28 12:45:00+00:00,532
2025-09-28 13:00:00+00:00,531
2025-09-28 13:15:00+00:00,531
2025-09-28 13:30:00+00:00,531
2025-09-28 13:45:00+00:00,530
2025-09-28 14:00:00+00:00,530
2025-09-28 14:15:00+00:00,530
2025-09-28 14:30:00+00:00,529
2025-09-28 14:45:00+00:00,529
2025-09-28 15:00:00+00:00,529
2025-09-28 15:15:00+00:00,528
2025-09-28 15:30:00+00:00,528
2025-09-28 15:45:00+00:00,528
2025-09-28 16:00:00+00:00,527
2025-09-28 16:15:00+00:00,527
2025-09-28 16:30:00+00:00,526
2025-09-28 16:45:00+00:00,526
2025-09-28 17:00:00+00:00,526
2025-09-28 17:15:00+00:00,525
2025-09-28 17:30:00+00:00,525
2025-09-28 17:45:00+00:00,525
2025-09-28 18:00:00+00:00,524
2025-09-28 18:15:00+00:00,524
2025-09-28 18:30:00+00:00,524
2025-09-28 18:45:00+00:00,524
2025-09-28 19:00:00+00:00,524
2025-09-28 19:15:00+00:00,524
2025-09-28 19:30:00+00:00,524
2025-09-28 19:45:00+00:00,523
2025-09-28 20:00:00+00:00,523
2025-09-28 20:15:00+00:00,523
2025-09-28 20:30:00+00:00,523
2025-09-28 20:45:00+00:00,523
2025-09-28 21:00:00+00:00,523
2025-09-28 21:15:00+00:00,523
2025-09-28 21:30:00+00:00,523
2025-09-28 21:45:00+00:00,524
2025-09-28 22:00:00+00:00,524
2025-09-28 22:15:00+00:00,524
2025-09-28 22:30:00+00:00,524
2025-09-28 22:45:00+00:00,524
2025-09-28 23:00:00+00:00,524
2025-09-28 23:15:00+00:00,524
2025-09-28 23:30:00+00:00,524
2025-09-28 23:45:00+00:00,524
2025-09-29 00:00:00+00:00,524
2025-09-29 00:15:00+00:00,525
2025-09-29 00:30:00+00:00,525
2025-09-29 00:45:00+00:00,525
2025-09-29 01:00:00+00:00,525
2025-09-29 01:15:00+00:00,525
2025-09-29 01:30:00+00:00,525
2025-09-29 01:45:00+00:00,526
2025-09-29 02:00:00+00:00,526
2025-09-29 02:15:00+00:00,526
2025-09-29 02:30:00+00:00,526
2025-09-29 02:45:00+00:00,527
2025-09-29 03:00:00+00:00,527
2025-09-29 03:15:00+00:00,527
2025-09-29 03:30:00+00:00,526
2025-09-29 03:45:00+00:00,526
2025-09-29 04:00:00+00:00,526
2025-09-29 04:15:00+00:00,526
2025-09-29 04:30:00+00:00,526
2025-09-29 04:45:00+00:00,526
2025-09-29 05:00:00+00:00,526
2025-09-29 05:15:00+00:00,526
2025-09-29 05:30:00+00:00,526
2025-09-29 05:45:00+00:00,526
2025-09-29 06:00:00+00:00,526
2025-09-29 06:15:00+00:00,526
2025-09-29 06:30:00+00:00,526
2025-09-29 06:45:00+00:00,526
2025-09-29 07:00:00+00:00,526
2025-09-29 07:15:00+00:00,525
2025-09-29 07:30:00+00:00,525
2025-09-29 07:45:00+00:00,525
2025-09-29 08:00:00+00:00,525
2025-09-29 08:15:00+00:00,524
2025-09-29 08:30:00+00:00,524
2025-09-29 08:45:00+00:00,524
2025-09-29 09:00:00+00:00,523
2025-09-29 09:15:00+00:00,523
2025-09-29 09:30:00+00:00,523
2025-09-29 09:45:00+00:00,523
2025-09-29 10:00:00+00:00,523
2025-09-29 10:15:00+00:00,523
2025-09-29 10:30:00+00:00,523
2025-09-29 10:45:00+00:00,522
2025-09-29 11:00:00+00:00,522
2025-09-29 11:15:00+00:00,522
2025-09-29 11:30:00+00:00,522
2025-09-29 11:45:00+00:00,522
2025-09-29 12:00:00+00:00,522
2025-09-29 12:15:00+00:00,522
2025-09-29 12:30:00+00:00,522
2025-09-29 12:45:00+00:00,522
2025-09-29 13:00:00+00:00,523
2025-09-29 13:15:00+00:00,522
2025-09-29 13:30:00+00:00,523
2025-09-29 13:45:00+00:00,523
2025-09-29 14:00:00+00:00,523
2025-09-29 14:15:00+00:00,523
2025-09-29 14:30:00+00:00,523
2025-09-29 14:45:00+00:00,522
2025-09-29 15:00:00+00:00,522
2025-09-29 15:15:00+00:00,522
2025-09-29 15:30:00+00:00,522
2025-09-29 15:45:00+00:00,522
2025-09-29 16:00:00+00:00,521
2025-09-29 16:15:00+00:00,521
2025-09-29 16:30:00+00:00,521
2025-09-29 16:45:00+00:00,521
2025-09-29 17:00:00+00:00,521
2025-09-29 17:15:00+00:00,521
2025-09-29 17:30:00+00:00,520
2025-09-29 17:45:00+00:00,520
2025-09-29 18:00:00+00:00,520
2025-09-29 18:15:00+00:00,520
2025-09-29 18:30:00+00:00,520
2025-09-29 18:45:00+00:00,520
2025-09-29 19:00:00+00:00,520
2025-09-29 19:15:00+00:00,520
2025-09-29 19:30:00+00:00,520
2025-09-29 19:45:00+00:00,520
2025-09-29 20:00:00+00:00,521
2025-09-29 20:15:00+00:00,521
2025-09-29 20:30:00+00:00,521
2025-09-29 20:45:00+00:00,521
2025-09-29 21:00:00+00:00,521
2025-09-29 21:15:00+00:00,521
2025-09-29 21:30:00+00:00,521
2025-09-29 21:45:00+00:00,521
2025-09-29 22:00:00+00:00,521
2025-09-29 22:15:00+00:00,521
2025-09-29 22:30:00+00:00,521
2025-09-29 22:45:00+00:00,522
2025-09-29 23:00:00+00:00,522
2025-09-29 23:15:00+00:00,522
2025-09-29 23:30:00+00:00,522
2025-09-29 23:45:00+00:00,523
2025-09-30 00:00:00+00:00,523
2025-09-30 00:15:00+00:00,523
2025-09-30 00:30:00+00:00,523
2025-09-30 00:45:00+00:00,523
2025-09-30 01:00:00+00:00,523
2025-09-30 01:15:00+00:00,524
2025-09-30 01:30:00+00:00,524
2025-09-30 01:45:00+00:00,524
2025-09-30 02:00:00+00:00,524
2025-09-30 02:15:00+00:00,524
2025-09-30 02:30:00+00:00,524
2025-09-30 02:45:00+00:00,525
2025-09-30 03:00:00+00:00,525
2025-09-30 03:15:00+00:00,525
2025-09-30 03:30:00+00:00,525
2025-09-30 03:45:00+00:00,525
2025-09-30 04:00:00+00:00,525
2025-09-30 04:15:00+00:00,525
2025-09-30 04:30:00+00:00,526
2025-09-30 04:45:00+00:00,526
2025-09-30 05:00:00+00:00,527
2025-09-30 05:15:00+00:00,527
2025-09-30 05:30:00+00:00,527
2025-09-30 05:45:00+00:00,527
2025-09-30 06:00:00+00:00,527
2025-09-30 06:15:00+00:00,527
2025-09-30 06:30:00+00:00,527
2025-09-30 06:45:00+00:00,527
2025-09-30 07:00:00+00:00,527
2025-09-30 07:15:00+00:00,527
2025-09-30 07:30:00+00:00,527
2025-09-30 07:45:00+00:00,527
2025-09-30 08:00:00+00:00,527
2025-09-30 08:15:00+00:00,528
2025-09-30 08:30:00+00:00,528
2025-09-30 08:45:00+00:00,528
2025-09-30 09:00:00+00:00,528
2025-09-30 09:15:00+00:00,528
2025-09-30 09:30:00+00:00,528
2025-09-30 09:45:00+00:00,528
2025-09-30 10:00:00+00:00,528
2025-09-30 10:15:00+00:00,528
2025-09-30 10:30:00+00:00,527
2025-09-30 10:45:00+00:00,527
2025-09-30 11:00:00+00:00,527
2025-09-30 11:15:00+00:00,527
2025-09-30 11:30:00+00:00,527
2025-09-30 11:45:00+00:00,527
2025-09-30 12:00:00+00:00,527
2025-09-30 12:15:00+00:00,527
2025-09-30 12:30:00+00:00,527
2025-09-30 12:45:00+00:00,527
2025-09-30 13:00:00+00:00,527
2025-09-30 13:15:00+00:00,527
2025-09-30 13:30:00+00:00,527
2025-09-30 13:45:00+00:00,528
2025-09-30 14:00:00+00:00,528
2025-09-30 14:15:00+00:00,528
2025-09-30 14:30:00+00:00,528
2025-09-30 14:45:00+00:00,528
2025-09-30 15:00:00+00:00,528
2025-09-30 15:15:00+00:00,528
2025-09-30 15:30:00+00:00,528
2025-09-30 15:45:00+00:00,528
2025-09-30 16:00:00+00:00,528
2025-09-30 16:15:00+00:00,527
2025-09-30 16:30:00+00:00,527
2025-09-30 16:45:00+00:00,527
2025-09-30 17:00:00+00:00,527
2025-09-30 17:15:00+00:00,527
2025-09-30 17:30:00+00:00,527
2025-09-30 17:45:00+00:00,527
2025-09-30 18:00:00+00:00,527
2025-09-30 18:15:00+00:00,526
2025-09-30 18:30:00+00:00,527
2025-09-30 18:45:00+00:00,527
2025-09-30 19:00:00+00:00,528
2025-09-30 19:15:00+00:00,529
2025-09-30 19:30:00+00:00,529
2025-09-30 19:45:00+00:00,529
2025-09-30 20:00:00+00:00,529
2025-09-30 20:15:00+00:00,529
2025-09-30 20:30:00+00:00,528
2025-09-30 20:45:00+00:00,528
2025-09-30 21:00:00+00:00,528
2025-09-30 21:15:00+00:00,528
2025-09-30 21:30:00+00:00,528
2025-09-30 21:45:00+00:00,528
2025-09-30 22:00:00+00:00,528
2025-09-30 22:15:00+00:00,529
2025-09-30 22:30:00+00:00,529
2025-09-30 22:45:00+00:00,529
2025-09-30 23:00:00+00:00,530
2025-09-30 23:15:00+00:00,530
2025-09-30 23:30:00+00:00,531
2025-09-30 23:45:00+00:00,532
2025-10-01 00:00:00+00:00,532
2025-10-01 00:15:00+00:00,532
2025-10-01 00:30:00+00:00,532
2025-10-01 00:45:00+00:00,533
2025-10-01 01:00:00+00:00,533
2025-10-01 01:15:00+00:00,533
2025-10-01 01:30:00+00:00,534
2025-10-01 01:45:00+00:00,534
2025-10-01 02:00:00+00:00,535
2025-10-01 02:15:00+00:00,535
2025-10-01 02:30:00+00:00,535
2025-10-01 02:45:00+00:00,535
2025-10-01 03:00:00+00:00,536
2025-10-01 03:15:00+00:00,536
2025-10-01 03:30:00+00:00,537
2025-10-01 03:45:00+00:00,537
2025-10-01 04:00:00+00:00,537
2025-10-01 04:15:00+00:00,537
2025-10-01 04:30:00+00:00,537
2025-10-01 04:45:00+00:00,538
2025-10-01 05:00:00+00:00,538
2025-10-01 05:15:00+00:00,538
2025-10-01 05:30:00+00:00,538
2025-10-01 05:45:00+00:00,539
2025-10-01 06:00:00+00:00,539
2025-10-01 06:15:00+00:00,539
2025-10-01 06:30:00+00:00,539
2025-10-01 06:45:00+00:00,539
2025-10-01 07:00:00+00:00,540
2025-10-01 07:15:00+00:00,540
2025-10-01 07:30:00+00:00,540
2025-10-01 07:45:00+00:00,540
2025-10-01 08:00:00+00:00,541
2025-10-01 08:15:00+00:00,541
2025-10-01 08:30:00+00:00,541
2025-10-01 08:45:00+00:00,541
2025-10-01 09:00:00+00:00,540
2025-10-01 09:15:00+00:00,540
2025-10-01 09:30:00+00:00,540
2025-10-01 09:45:00+00:00,540
2025-10-01 10:00:00+00:00,540
2025-10-01 10:15:00+00:00,540
2025-10-01 10:30:00+00:00,540
2025-10-01 10:45:00+00:00,539
2025-10-01 11:00:00+00:00,539
2025-10-01 11:15:00+00:00,539
2025-10-01 11:30:00+00:00,539
2025-10-01 11:45:00+00:00,539
2025-10-01 12:00:00+00:00,539
2025-10-01 12:15:00+00:00,538
2025-10-01 12:30:00+00:00,538
2025-10-01 12:45:00+00:00,538
2025-10-01 13:00:00+00:00,538
2025-10-01 13:15:00+00:00,537
2025-10-01 13:30:00+00:00,537
2025-10-01 13:45:00+00:00,537
2025-10-01 14:00:00+00:00,537
2025-10-01 14:15:00+00:00,536
2025-10-01 14:30:00+00:00,536
2025-10-01 14:45:00+00:00,536
2025-10-01 15:00:00+00:00,536
2025-10-01 15:15:00+00:00,535
2025-10-01 15:30:00+00:00,535
2025-10-01 15:45:00+00:00,535
2025-10-01 16:00:00+00:00,535
2025-10-01 16:15:00+00:00,534
2025-10-01 16:30:00+00:00,534
2025-10-01 16:45:00+00:00,534
2025-10-01 17:00:00+00:00,534
2025-10-01 17:15:00+00:00,534
2025-10-01 17:30:00+00:00,533
2025-10-01 17:45:00+00:00,533
2025-10-01 18:00:00+00:00,533
2025-10-01 18:15:00+00:00,533
2025-10-01 18:30:00+00:00,533
2025-10-01 18:45:00+00:00,532
2025-10-01 19:00:00+00:00,532
2025-10-01 19:15:00+00:00,532
2025-10-01 19:30:00+00:00,532
2025-10-01 19:45:00+00:00,532
2025-10-01 20:00:00+00:00,532
2025-10-01 20:15:00+00:00,532
2025-10-01 20:30:00+00:00,532
2025-10-01 20:45:00+00:00,532
2025-10-01 21:00:00+00:00,532
2025-10-01 21:15:00+00:00,532
2025-10-01 21:30:00+00:00,532
2025-10-01 21:45:00+00:00,532
2025-10-01 22:00:00+00:00,532
2025-10-01 22:15:00+00:00,532
2025-10-01 22:30:00+00:00,532
2025-10-01 22:45:00+00:00,532
2025-10-01 23:00:00+00:00,532
2025-10-01 23:15:00+00:00,532
2025-10-01 23:30:00+00:00,532
2025-10-01 23:45:00+00:00,532
2025-10-02 00:00:00+00:00,532
2025-10-02 00:15:00+00:00,532
2025-10-02 00:30:00+00:00,532
2025-10-02 00:45:00+00:00,532
2025-10-02 01:00:00+00:00,532
2025-10-02 01:15:00+00:00,532
2025-10-02 01:30:00+00:00,531
2025-10-02 01:45:00+00:00,531
2025-10-02 02:00:00+00:00,531
2025-10-02 02:15:00+00:00,531
2025-10-02 02:30:00+00:00,531
2025-10-02 02:45:00+00:00,531
2025-10-02 03:00:00+00:00,531
2025-10-02 03:15:00+00:00,531
2025-10-02 03:30:00+00:00,530
2025-10-02 03:45:00+00:00,530
2025-10-02 04:00:00+00:00,530
2025-10-02 04:15:00+00:00,530
2025-10-02 04:30:00+00:00,530
2025-10-02 04:45:00+00:00,530
2025-10-02 05:00:00+00:00,530
2025-10-02 05:15:00+00:00,530
2025-10-02 05:30:00+00:00,530
2025-10-02 05:45:00+00:00,530
2025-10-02 06:00:00+00:00,530
2025-10-02 06:15:00+00:00,530
2025-10-02 06:30:00+00:00,531
2025-10-02 06:45:00+00:00,531
2025-10-02 07:00:00+00:00,531
2025-10-02 07:15:00+00:00,532
2025-10-02 07:30:00+00:00,532
2025-10-02 07:45:00+00:00,532
2025-10-02 08:00:00+00:00,533
2025-10-02 08:15:00+00:00,533
2025-10-02 08:30:00+00:00,533
2025-10-02 08:45:00+00:00,534
2025-10-02 09:00:00+00:00,534
2025-10-02 09:15:00+00:00,534
2025-10-02 09:30:00+00:00,534
2025-10-02 09:45:00+00:00,534
2025-10-02 10:00:00+00:00,534
2025-10-02 10:15:00+00:00,534
2025-10-02 10:30:00+00:00,534
2025-10-02 10:45:00+00:00,535
2025-10-02 11:00:00+00:00,535
2025-10-02 11:15:00+00:00,535
2025-10-02 11:30:00+00:00,535
2025-10-02 11:45:00+00:00,535
2025-10-02 12:00:00+00:00,535
2025-10-02 12:15:00+00:00,535
2025-10-02 12:30:00+00:00,536
2025-10-02 12:45:00+00:00,536
2025-10-02 13:00:00+00:00,536
2025-10-02 13:15:00+00:00,536
2025-10-02 13:30:00+00:00,536
2025-10-02 13:45:00+00:00,537
2025-10-02 14:00:00+00:00,537
2025-10-02 14:15:00+00:00,537
2025-10-02 14:30:00+00:00,537
2025-10-02 14:45:00+00:00,537
2025-10-02 15:00:00+00:00,537
2025-10-02 15:15:00+00:00,537
2025-10-02 15:30:00+00:00,537
2025-10-02 15:45:00+00:00,537
2025-10-02 16:00:00+00:00,537
2025-10-02 16:15:00+00:00,537
2025-10-02 16:30:00+00:00,537
2025-10-02 16:45:00+00:00,537
2025-10-02 17:00:00+00:00,537
2025-10-02 17:15:00+00:00,537
2025-10-02 17:30:00+00:00,537
2025-10-02 17:45:00+00:00,537
2025-10-02 18:00:00+00:00,537
2025-10-02 18:15:00+00:00,537
2025-10-02 18:30:00+00:00,536
2025-10-02 18:45:00+00:00,536
2025-10-02 19:00:00+00:00,536
2025-10-02 19:15:00+00:00,536
2025-10-02 19:30:00+00:00,536
2025-10-02 19:45:00+00:00,536
2025-10-02 20:00:00+00:00,536
2025-10-02 20:15:00+00:00,536
2025-10-02 20:30:00+00:00,537
2025-10-02 20:45:00+00:00,537
2025-10-02 21:00:00+00:00,537
2025-10-02 21:15:00+00:00,537
2025-10-02 21:30:00+00:00,537
2025-10-02 21:45:00+00:00,538
2025-10-02 22:00:00+00:00,538
2025-10-02 22:15:00+00:00,538
2025-10-02 22:30:00+00:00,538
2025-10-02 22:45:00+00:00,538
2025-10-02 23:00:00+00:00,538
2025-10-02 23:15:00+00:00,538
2025-10-02 23:30:00+00:00,538
2025-10-02 23:45:00+00:00,539
2025-10-03 00:00:00+00:00,539
2025-10-03 00:15:00+00:00,539
2025-10-03 00:30:00+00:00,539
2025-10-03 00:45:00+00:00,540
2025-10-03 01:00:00+00:00,540
2025-10-03 01:15:00+00:00,540
2025-10-03 01:30:00+00:00,540
2025-10-03 01:45:00+00:00,540
2025-10-03 02:00:00+00:00,540
2025-10-03 02:15:00+00:00,540
2025-10-03 02:30:00+00:00,541
2025-10-03 02:45:00+00:00,541
2025-10-03 03:00:00+00:00,541
2025-10-03 03:15:00+00:00,541
2025-10-03 03:30:00+00:00,541
2025-10-03 03:45:00+00:00,542
2025-10-03 04:00:00+00:00,542
2025-10-03 04:15:00+00:00,542
2025-10-03 04:30:00+00:00,542
2025-10-03 04:45:00+00:00,543
2025-10-03 05:00:00+00:00,543
2025-10-03 05:15:00+00:00,543
2025-10-03 05:30:00+00:00,543
2025-10-03 05:45:00+00:00,543
2025-10-03 06:00:00+00:00,544
2025-10-03 06:15:00+00:00,544
2025-10-03 06:30:00+00:00,545
2025-10-03 06:45:00+00:00,545
2025-10-03 07:00:00+00:00,546
2025-10-03 07:15:00+00:00,546
2025-10-03 07:30:00+00:00,546
2025-10-03 07:45:00+00:00,547
2025-10-03 08:00:00+00:00,547
2025-10-03 08:15:00+00:00,547
2025-10-03 08:30:00+00:00,547
2025-10-03 08:45:00+00:00,547
2025-10-03 09:00:00+00:00,547
2025-10-03 09:15:00+00:00,547
2025-10-03 09:30:00+00:00,547
2025-10-03 09:45:00+00:00,547
2025-10-03 10:00:00+00:00,548
2025-10-03 10:15:00+00:00,548
2025-10-03 10:30:00+00:00,548
2025-10-03 10:45:00+00:00,548
2025-10-03 11:00:00+00:00,548
2025-10-03 11:15:00+00:00,548
2025-10-03 11:30:00+00:00,548
2025-10-03 11:45:00+00:00,548
2025-10-03 12:00:00+00:00,548
2025-10-03 12:15:00+00:00,548
2025-10-03 12:30:00+00:00,548
2025-10-03 12:45:00+00:00,548
2025-10-03 13:00:00+00:00,548
2025-10-03 13:15:00+00:00,548
2025-10-03 13:30:00+00:00,548
2025-10-03 13:45:00+00:00,548
2025-10-03 14:00:00+00:00,548
2025-10-03 14:15:00+00:00,548
2025-10-03 14:30:00+00:00,548
2025-10-03 14:45:00+00:00,548
2025-10-03 15:00:00+00:00,548
2025-10-03 15:15:00+00:00,547
2025-10-03 15:30:00+00:00,547
2025-10-03 15:45:00+00:00,547
2025-10-03 16:00:00+00:00,547
2025-10-03 16:15:00+00:00,547
2025-10-03 16:30:00+00:00,547
2025-10-03 16:45:00+00:00,547
2025-10-03 17:00:00+00:00,547
2025-10-03 17:15:00+00:00,546
2025-10-03 17:30:00+00:00,546
2025-10-03 17:45:00+00:00,546
2025-10-03 18:00:00+00:00,546
2025-10-03 18:15:00+00:00,546
2025-10-03 18:30:00+00:00,546
2025-10-03 18:45:00+00:00,546
2025-10-03 19:00:00+00:00,546
2025-10-03 19:15:00+00:00,546
2025-10-03 19:30:00+00:00,546
2025-10-03 19:45:00+00:00,546
2025-10-03 20:00:00+00:00,546
2025-10-03 20:15:00+00:00,546
2025-10-03 20:30:00+00:00,546
2025-10-03 20:45:00+00:00,546
2025-10-03 21:00:00+00:00,546
2025-10-03 21:15:00+00:00,546
2025-10-03 21:30:00+00:00,546
2025-10-03 21:45:00+00:00,546
2025-10-03 22:00:00+00:00,546
2025-10-03 22:15:00+00:00,546
2025-10-03 22:30:00+00:00,546
2025-10-03 22:45:00+00:00,547
2025-10-03 23:00:00+00:00,547
2025-10-03 23:15:00+00:00,547
2025-10-03 23:30:00+00:00,547
2025-10-03 23:45:00+00:00,547
2025-10-04 00:00:00+00:00,548
2025-10-04 00:15:00+00:00,548
2025-10-04 00:30:00+00:00,548
2025-10-04 00:45:00+00:00,549
2025-10-04 01:00:00+00:00,549
2025-10-04 01:15:00+00:00,549
2025-10-04 01:30:00+00:00,549
2025-10-04 01:45:00+00:00,550
2025-10-04 02:00:00+00:00,550
2025-10-04 02:15:00+00:00,550
2025-10-04 02:30:00+00:00,551
2025-10-04 02:45:00+00:00,551
2025-10-04 03:00:00+00:00,551
2025-10-04 03:15:00+00:00,551
2025-10-04 03:30:00+00:00,551
2025-10-04 03:45:00+00:00,551
2025-10-04 04:00:00+00:00,551
2025-10-04 04:15:00+00:00,552
2025-10-04 04:30:00+00:00,552
2025-10-04 04:45:00+00:00,553
2025-10-04 05:00:00+00:00,553
2025-10-04 05:15:00+00:00,553
2025-10-04 05:30:00+00:00,554
2025-10-04 05:45:00+00:00,555
2025-10-04 06:00:00+00:00,555
2025-10-04 06:15:00+00:00,555
2025-10-04 06:30:00+00:00,555
2025-10-04 06:45:00+00:00,555
2025-10-04 07:00:00+00:00,555
2025-10-04 07:15:00+00:00,555
2025-10-04 07:30:00+00:00,555
2025-10-04 07:45:00+00:00,555
2025-10-04 08:00:00+00:00,555
2025-10-04 08:15:00+00:00,555
2025-10-04 08:30:00+00:00,555
2025-10-04 08:45:00+00:00,555
2025-10-04 09:00:00+00:00,555
2025-10-04 09:15:00+00:00,555
2025-10-04 09:30:00+00:00,555
2025-10-04 09:45:00+00:00,555
2025-10-04 10:00:00+00:00,555
2025-10-04 10:15:00+00:00,555
2025-10-04 10:30:00+00:00,555
2025-10-04 10:45:00+00:00,555
2025-10-04 11:00:00+00:00,555
2025-10-04 11:15:00+00:00,555
2025-10-04 11:30:00+00:00,555
2025-10-04 11:45:00+00:00,555
2025-10-04 12:00:00+00:00,555
2025-10-04 12:15:00+00:00,555
2025-10-04 12:30:00+00:00,555
2025-10-04 12:45:00+00:00,556
2025-10-04 13:00:00+00:00,556
2025-10-04 13:15:00+00:00,556
2025-10-04 13:30:00+00:00,556
2025-10-04 13:45:00+00:00,556
2025-10-04 14:00:00+00:00,556
2025-10-04 14:15:00+00:00,556
2025-10-04 14:30:00+00:00,555
2025-10-04 14:45:00+00:00,555
2025-10-04 15:00:00+00:00,555
2025-10-04 15:15:00+00:00,555
2025-10-04 15:30:00+00:00,554
2025-10-04 15:45:00+00:00,554
2025-10-04 16:00:00+00:00,554
2025-10-04 16:15:00+00:00,554
2025-10-04 16:30:00+00:00,554
2025-10-04 16:45:00+00:00,554
2025-10-04 17:00:00+00:00,554
2025-10-04 17:15:00+00:00,553
2025-10-04 17:30:00+00:00,553
2025-10-04 17:45:00+00:00,553
2025-10-04 18:00:00+00:00,553
2025-10-04 18:15:00+00:00,553
2025-10-04 18:30:00+00:00,552
2025-10-04 18:45:00+00:00,552
2025-10-04 19:00:00+00:00,552
2025-10-04 19:15:00+00:00,552
2025-10-04 19:30:00+00:00,552
2025-10-04 19:45:00+00:00,552
2025-10-04 20:00:00+00:00,552
2025-10-04 20:15:00+00:00,552
2025-10-04 20:30:00+00:00,552
2025-10-04 20:45:00+00:00,553
2025-10-04 21:00:00+00:00,553
2025-10-04 21:15:00+00:00,552
2025-10-04 21:30:00+00:00,552
2025-10-04 21:45:00+00:00,552
2025-10-04 22:00:00+00:00,552
2025-10-04 22:15:00+00:00,552
2025-10-04 22:30:00+00:00,552
2025-10-04 22:45:00+00:00,553
2025-10-04 23:00:00+00:00,553
2025-10-04 23:15:00+00:00,553
2025-10-04 23:30:00+00:00,552
2025-10-04 23:45:00+00:00,552
2025-10-05 00:00:00+00:00,552
2025-10-05 00:15:00+00:00,552
2025-10-05 00:30:00+00:00,553
2025-10-05 00:45:00+00:00,554
2025-10-05 01:00:00+00:00,556
2025-10-05 01:15:00+00:00,558
2025-10-05 01:30:00+00:00,559
2025-10-05 01:45:00+00:00,559
2025-10-05 02:00:00+00:00,558
2025-10-05 02:15:00+00:00,558
2025-10-05 02:30:00+00:00,557
2025-10-05 02:45:00+00:00,556
2025-10-05 03:00:00+00:00,555
2025-10-05 03:15:00+00:00,555
2025-10-05 03:30:00+00:00,555
2025-10-05 03:45:00+00:00,555
2025-10-05 04:00:00+00:00,556
2025-10-05 04:15:00+00:00,557
2025-10-05 04:30:00+00:00,557
2025-10-05 04:45:00+00:00,558
2025-10-05 05:00:00+00:00,558
2025-10-05 05:15:00+00:00,559
2025-10-05 05:30:00+00:00,559
2025-10-05 05:45:00+00:00,559
2025-10-05 06:00:00+00:00,559
2025-10-05 06:15:00+00:00,559
2025-10-05 06:30:00+00:00,558
2025-10-05 06:45:00+00:00,558
2025-10-05 07:00:00+00:00,558
2025-10-05 07:15:00+00:00,558
2025-10-05 07:30:00+00:00,558
2025-10-05 07:45:00+00:00,558
2025-10-05 08:00:00+00:00,559
2025-10-05 08:15:00+00:00,559
2025-10-05 08:30:00+00:00,559
2025-10-05 08:45:00+00:00,560
2025-10-05 09:00:00+00:00,560
2025-10-05 09:15:00+00:00,560
2025-10-05 09:30:00+00:00,561
2025-10-05 09:45:00+00:00,561
2025-10-05 10:00:00+00:00,561
2025-10-05 10:15:00+00:00,562
2025-10-05 10:30:00+00:00,562
2025-10-05 10:45:00+00:00,562
2025-10-05 11:00:00+00:00,562
2025-10-05 11:15:00+00:00,562
2025-10-05 11:30:00+00:00,562
2025-10-05 11:45:00+00:00,562
2025-10-05 12:00:00+00:00,562
2025-10-05 12:15:00+00:00,563
2025-10-05 12:30:00+00:00,563
2025-10-05 12:45:00+00:00,563
2025-10-05 13:00:00+00:00,563
2025-10-05 13:15:00+00:00,563
2025-10-05 13:30:00+00:00,563
2025-10-05 13:45:00+00:00,563
2025-10-05 14:00:00+00:00,562
2025-10-05 14:15:00+00:00,562
2025-10-05 14:30:00+00:00,562
2025-10-05 14:45:00+00:00,562
2025-10-05 15:00:00+00:00,562
2025-10-05 15:15:00+00:00,562
2025-10-05 15:30:00+00:00,562
2025-10-05 15:45:00+00:00,562
2025-10-05 16:00:00+00:00,562
2025-10-05 16:15:00+00:00,562
2025-10-05 16:30:00+00:00,562
2025-10-05 16:45:00+00:00,562
2025-10-05 17:00:00+00:00,562
2025-10-05 17:15:00+00:00,562
2025-10-05 17:30:00+00:00,561
2025-10-05 17:45:00+00:00,561
2025-10-05 18:00:00+00:00,561
2025-10-05 18:15:00+00:00,561
2025-10-05 18:30:00+00:00,561
2025-10-05 18:45:00+00:00,561
2025-10-05 19:00:00+00:00,561
2025-10-05 19:15:00+00:00,561
2025-10-05 19:30:00+00:00,561
2025-10-05 19:45:00+00:00,561
2025-10-05 20:00:00+00:00,561
2025-10-05 20:15:00+00:00,561
2025-10-05 20:30:00+00:00,561
2025-10-05 20:45:00+00:00,561
2025-10-05 21:00:00+00:00,561
2025-10-05 21:15:00+00:00,561
2025-10-05 21:30:00+00:00,561
2025-10-05 21:45:00+00:00,561
2025-10-05 22:00:00+00:00,561
2025-10-05 22:15:00+00:00,561
2025-10-05 22:30:00+00:00,561
2025-10-05 22:45:00+00:00,561
2025-10-05 23:00:00+00:00,561
2025-10-05 23:15:00+00:00,562
2025-10-05 23:30:00+00:00,562
2025-10-05 23:45:00+00:00,562
2025-10-06 00:00:00+00:00,563
2025-10-06 00:15:00+00:00,563
2025-10-06 00:30:00+00:00,563
2025-10-06 00:45:00+00:00,563
2025-10-06 01:00:00+00:00,563
2025-10-06 01:15:00+00:00,563
2025-10-06 01:30:00+00:00,563
2025-10-06 01:45:00+00:00,563
2025-10-06 02:00:00+00:00,563
2025-10-06 02:15:00+00:00,564
2025-10-06 02:30:00+00:00,564
2025-10-06 02:45:00+00:00,564
2025-10-06 03:00:00+00:00,564
2025-10-06 03:15:00+00:00,564
2025-10-06 03:30:00+00:00,563
2025-10-06 03:45:00+00:00,563
2025-10-06 04:00:00+00:00,563
2025-10-06 04:15:00+00:00,563
2025-10-06 04:30:00+00:00,563
2025-10-06 04:45:00+00:00,562
2025-10-06 05:00:00+00:00,561
2025-10-06 05:15:00+00:00,561
2025-10-06 05:30:00+00:00,561
2025-10-06 05:45:00+00:00,561
2025-10-06 06:00:00+00:00,560
2025-10-06 06:15:00+00:00,560
2025-10-06 06:30:00+00:00,560
2025-10-06 06:45:00+00:00,559
2025-10-06 07:00:00+00:00,559
2025-10-06 07:15:00+00:00,559
2025-10-06 07:30:00+00:00,559
2025-10-06 07:45:00+00:00,559
2025-10-06 08:00:00+00:00,559
2025-10-06 08:15:00+00:00,559
2025-10-06 08:30:00+00:00,558
2025-10-06 08:45:00+00:00,558
2025-10-06 09:00:00+00:00,558
2025-10-06 09:15:00+00:00,558
2025-10-06 09:30:00+00:00,558
2025-10-06 09:45:00+00:00,558
2025-10-06 10:00:00+00:00,558
2025-10-06 10:15:00+00:00,558
2025-10-06 10:30:00+00:00,558
2025-10-06 10:45:00+00:00,558
2025-10-06 11:00:00+00:00,558
2025-10-06 11:15:00+00:00,558
2025-10-06 11:30:00+00:00,558
2025-10-06 11:45:00+00:00,558
2025-10-06 12:00:00+00:00,558
2025-10-06 12:15:00+00:00,558
2025-10-06 12:30:00+00:00,558
2025-10-06 12:45:00+00:00,558
2025-10-06 13:00:00+00:00,559
2025-10-06 13:15:00+00:00,559
2025-10-06 13:30:00+00:00,559
2025-10-06 13:45:00+00:00,559
2025-10-06 14:00:00+00:00,559
2025-10-06 14:15:00+00:00,559
2025-10-06 14:30:00+00:00,559
2025-10-06 14:45:00+00:00,559
2025-10-06 15:00:00+00:00,559
2025-10-06 15:15:00+00:00,559
2025-10-06 15:30:00+00:00,559
2025-10-06 15:45:00+00:00,559
2025-10-06 16:00:00+00:00,559
2025-10-06 16:15:00+00:00,559
2025-10-06 16:30:00+00:00,559
2025-10-06 16:45:00+00:00,558
2025-10-06 17:00:00+00:00,558
2025-10-06 17:15:00+00:00,558
2025-10-06 17:30:00+00:00,558
2025-10-06 17:45:00+00:00,557
2025-10-06 18:00:00+00:00,557
2025-10-06 18:15:00+00:00,557
2025-10-06 18:30:00+00:00,557
2025-10-06 18:45:00+00:00,556
2025-10-06 19:00:00+00:00,556
2025-10-06 19:15:00+00:00,556
2025-10-06 19:30:00+00:00,556
2025-10-06 19:45:00+00:00,555
2025-10-06 20:00:00+00:00,555
2025-10-06 20:15:00+00:00,555
2025-10-06 20:30:00+00:00,555
2025-10-06 20:45:00+00:00,555
2025-10-06 21:00:00+00:00,555
2025-10-06 21:15:00+00:00,555
2025-10-06 21:30:00+00:00,555
2025-10-06 21:45:00+00:00,555
2025-10-06 22:00:00+00:00,555
2025-10-06 22:15:00+00:00,556
2025-10-06 22:30:00+00:00,556
2025-10-06 22:45:00+00:00,556
2025-10-06 23:00:00+00:00,556
2025-10-06 23:15:00+00:00,557
2025-10-06 23:30:00+00:00,557
2025-10-06 23:45:00+00:00,557
2025-10-07 00:00:00+00:00,557
2025-10-07 00:15:00+00:00,558
2025-10-07 00:30:00+00:00,558
2025-10-07 00:45:00+00:00,558
2025-10-07 01:00:00+00:00,559
2025-10-07 01:15:00+00:00,559
2025-10-07 01:30:00+00:00,559
2025-10-07 01:45:00+00:00,559
2025-10-07 02:00:00+00:00,559
2025-10-07 02:15:00+00:00,559
2025-10-07 02:30:00+00:00,559
2025-10-07 02:45:00+00:00,560
2025-10-07 03:00:00+00:00,560
2025-10-07 03:15:00+00:00,560
2025-10-07 03:30:00+00:00,560
2025-10-07 03:45:00+00:00,560
2025-10-07 04:00:00+00:00,560
2025-10-07 04:15:00+00:00,560
2025-10-07 04:30:00+00:00,560
2025-10-07 04:45:00+00:00,560
2025-10-07 05:00:00+00:00,560
2025-10-07 05:15:00+00:00,561
2025-10-07 05:30:00+00:00,561
2025-10-07 05:45:00+00:00,561
2025-10-07 06:00:00+00:00,562
2025-10-07 06:15:00+00:00,562
2025-10-07 06:30:00+00:00,562
2025-10-07 06:45:00+00:00,562
2025-10-07 07:00:00+00:00,562
2025-10-07 07:15:00+00:00,562
2025-10-07 07:30:00+00:00,562
2025-10-07 07:45:00+00:00,562
2025-10-07 08:00:00+00:00,562
2025-10-07 08:15:00+00:00,562
2025-10-07 08:30:00+00:00,562
2025-10-07 08:45:00+00:00,563
2025-10-07 09:00:00+00:00,563
2025-10-07 09:15:00+00:00,563
2025-10-07 09:30:00+00:00,563
2025-10-07 09:45:00+00:00,563
2025-10-07 10:00:00+00:00,564
2025-10-07 10:15:00+00:00,564
2025-10-07 10:30:00+00:00,564
2025-10-07 10:45:00+00:00,564
2025-10-07 11:00:00+00:00,565
2025-10-07 11:15:00+00:00,565
2025-10-07 11:30:00+00:00,565
2025-10-07 11:45:00+00:00,566
2025-10-07 12:00:00+00:00,566
2025-10-07 12:15:00+00:00,567
2025-10-07 12:30:00+00:00,567
2025-10-07 12:45:00+00:00,567
2025-10-07 13:00:00+00:00,567
2025-10-07 13:15:00+00:00,568
2025-10-07 13:30:00+00:00,568
2025-10-07 13:45:00+00:00,568
2025-10-07 14:00:00+00:00,569
2025-10-07 14:15:00+00:00,569
2025-10-07 14:30:00+00:00,569
2025-10-07 14:45:00+00:00,570
2025-10-07 15:00:00+00:00,570
2025-10-07 15:15:00+00:00,570
2025-10-07 15:30:00+00:00,570
2025-10-07 15:45:00+00:00,570
2025-10-07 16:00:00+00:00,570
2025-10-07 16:15:00+00:00,569
2025-10-07 16:30:00+00:00,569
2025-10-07 16:45:00+00:00,569
2025-10-07 17:00:00+00:00,569
2025-10-07 17:15:00+00:00,568
2025-10-07 17:30:00+00:00,568
2025-10-07 17:45:00+00:00,568
2025-10-07 18:00:00+00:00,568
2025-10-07 18:15:00+00:00,568
2025-10-07 18:30:00+00:00,568
2025-10-07 18:45:00+00:00,567
2025-10-07 19:00:00+00:00,567
2025-10-07 19:15:00+00:00,567
2025-10-07 19:30:00+00:00,566
2025-10-07 19:45:00+00:00,566
2025-10-07 20:00:00+00:00,566
2025-10-07 20:15:00+00:00,565
2025-10-07 20:30:00+00:00,565
2025-10-07 20:45:00+00:00,565
2025-10-07 21:00:00+00:00,565
2025-10-07 21:15:00+00:00,565
2025-10-07 21:30:00+00:00,565
2025-10-07 21:45:00+00:00,565
2025-10-07 22:00:00+00:00,566
2025-10-07 22:15:00+00:00,566
2025-10-07 22:30:00+00:00,566
2025-10-07 22:45:00+00:00,566
2025-10-07 23:00:00+00:00,566
2025-10-07 23:15:00+00:00,566
2025-10-07 23:30:00+00:00,567
2025-10-07 23:45:00+00:00,566
2025-10-08 00:00:00+00:00,567
2025-10-08 00:15:00+00:00,567
2025-10-08 00:30:00+00:00,567
2025-10-08 00:45:00+00:00,567
2025-10-08 01:00:00+00:00,567
2025-10-08 01:15:00+00:00,567
2025-10-08 01:30:00+00:00,568
2025-10-08 01:45:00+00:00,567
2025-10-08 02:00:00+00:00,567
2025-10-08 02:15:00+00:00,567
2025-10-08 02:30:00+00:00,567
2025-10-08 02:45:00+00:00,567
2025-10-08 03:00:00+00:00,567
2025-10-08 03:15:00+00:00,567
2025-10-08 03:30:00+00:00,567
2025-10-08 03:45:00+00:00,567
2025-10-08 04:00:00+00:00,567
2025-10-08 04:15:00+00:00,567
2025-10-08 04:30:00+00:00,567
2025-10-08 04:45:00+00:00,567
2025-10-08 05:00:00+00:00,567
2025-10-08 05:15:00+00:00,567
2025-10-08 05:30:00+00:00,568
2025-10-08 05:45:00+00:00,568
2025-10-08 06:00:00+00:00,568
2025-10-08 06:15:00+00:00,569
2025-10-08 06:30:00+00:00,569
2025-10-08 06:45:00+00:00,569
2025-10-08 07:00:00+00:00,569
2025-10-08 07:15:00+00:00,570
2025-10-08 07:30:00+00:00,570
2025-10-08 07:45:00+00:00,570
2025-10-08 08:00:00+00:00,571
2025-10-08 08:15:00+00:00,571
2025-10-08 08:30:00+00:00,572
2025-10-08 08:45:00+00:00,572
2025-10-08 09:00:00+00:00,573
2025-10-08 09:15:00+00:00,573
2025-10-08 09:30:00+00:00,574
2025-10-08 09:45:00+00:00,574
2025-10-08 10:00:00+00:00,574
2025-10-08 10:15:00+00:00,574
2025-10-08 10:30:00+00:00,574
2025-10-08 10:45:00+00:00,574
2025-10-08 11:00:00+00:00,575
2025-10-08 11:15:00+00:00,575
2025-10-08 11:30:00+00:00,575
2025-10-08 11:45:00+00:00,575
2025-10-08 12:00:00+00:00,576
2025-10-08 12:15:00+00:00,576
2025-10-08 12:30:00+00:00,576
2025-10-08 12:45:00+00:00,576
2025-10-08 13:00:00+00:00,577
2025-10-08 13:15:00+00:00,577
2025-10-08 13:30:00+00:00,577
2025-10-08 13:45:00+00:00,577
2025-10-08 14:00:00+00:00,578
2025-10-08 14:15:00+00:00,577
2025-10-08 14:30:00+00:00,578
2025-10-08 14:45:00+00:00,578
2025-10-08 15:00:00+00:00,578
2025-10-08 15:15:00+00:00,578
2025-10-08 15:30:00+00:00,578
2025-10-08 15:45:00+00:00,578
2025-10-08 16:00:00+00:00,578
2025-10-08 16:15:00+00:00,578
2025-10-08 16:30:00+00:00,578
2025-10-08 16:45:00+00:00,578
2025-10-08 17:00:00+00:00,578
2025-10-08 17:15:00+00:00,577
2025-10-08 17:30:00+00:00,577
2025-10-08 17:45:00+00:00,577
2025-10-08 18:00:00+00:00,577
2025-10-08 18:15:00+00:00,577
2025-10-08 18:30:00+00:00,577
2025-10-08 18:45:00+00:00,577
2025-10-08 19:00:00+00:00,577
2025-10-08 19:15:00+00:00,576
2025-10-08 19:30:00+00:00,576
2025-10-08 19:45:00+00:00,576
2025-10-08 20:00:00+00:00,576
2025-10-08 20:15:00+00:00,576
2025-10-08 20:30:00+00:00,576
2025-10-08 20:45:00+00:00,576
2025-10-08 21:00:00+00:00,576
2025-10-08 21:15:00+00:00,576
2025-10-08 21:30:00+00:00,576
2025-10-08 21:45:00+00:00,576
2025-10-08 22:00:00+00:00,576
2025-10-08 22:15:00+00:00,575
2025-10-08 22:30:00+00:00,575
2025-10-08 22:45:00+00:00,575
2025-10-08 23:00:00+00:00,576
2025-10-08 23:15:00+00:00,576
2025-10-08 23:30:00+00:00,576
2025-10-08 23:45:00+00:00,576
2025-10-09 00:00:00+00:00,575
2025-10-09 00:15:00+00:00,575
2025-10-09 00:30:00+00:00,575
2025-10-09 00:45:00+00:00,575
2025-10-09 01:00:00+00:00,575
2025-10-09 01:15:00+00:00,574
2025-10-09 01:30:00+00:00,574
2025-10-09 01:45:00+00:00,574
2025-10-09 02:00:00+00:00,574
2025-10-09 02:15:00+00:00,573
2025-10-09 02:30:00+00:00,573
2025-10-09 02:45:00+00:00,573
2025-10-09 03:00:00+00:00,573
2025-10-09 03:15:00+00:00,572
2025-10-09 03:30:00+00:00,573
2025-10-09 03:45:00+00:00,572
2025-10-09 04:00:00+00:00,573
2025-10-09 04:15:00+00:00,573
2025-10-09 04:30:00+00:00,573
2025-10-09 04:45:00+00:00,573
2025-10-09 05:00:00+00:00,573
2025-10-09 05:15:00+00:00,573
2025-10-09 05:30:00+00:00,573
2025-10-09 05:45:00+00:00,573
2025-10-09 06:00:00+00:00,574
2025-10-09 06:15:00+00:00,574
2025-10-09 06:30:00+00:00,575
2025-10-09 06:45:00+00:00,575
2025-10-09 07:00:00+00:00,576
2025-10-09 07:15:00+00:00,576
2025-10-09 07:30:00+00:00,576
2025-10-09 07:45:00+00:00,576
2025-10-09 08:00:00+00:00,576
2025-10-09 08:15:00+00:00,577
2025-10-09 08:30:00+00:00,577
2025-10-09 08:45:00+00:00,577
2025-10-09 09:00:00+00:00,577
2025-10-09 09:15:00+00:00,578
2025-10-09 09:30:00+00:00,578
2025-10-09 09:45:00+00:00,578
2025-10-09 10:00:00+00:00,579
2025-10-09 10:15:00+00:00,579
2025-10-09 10:30:00+00:00,579
2025-10-09 10:45:00+00:00,579
2025-10-09 11:00:00+00:00,580
2025-10-09 11:15:00+00:00,580
2025-10-09 11:30:00+00:00,580
2025-10-09 11:45:00+00:00,581
2025-10-09 12:00:00+00:00,581
2025-10-09 12:15:00+00:00,581
2025-10-09 12:30:00+00:00,582
2025-10-09 12:45:00+00:00,582
2025-10-09 13:00:00+00:00,582
2025-10-09 13:15:00+00:00,583
2025-10-09 13:30:00+00:00,583
2025-10-09 13:45:00+00:00,583
2025-10-09 14:00:00+00:00,583
2025-10-09 14:15:00+00:00,583
2025-10-09 14:30:00+00:00,583
2025-10-09 14:45:00+00:00,582
2025-10-09 15:00:00+00:00,582
2025-10-09 15:15:00+00:00,582
2025-10-09 15:30:00+00:00,581
2025-10-09 15:45:00+00:00,581
2025-10-09 16:00:00+00:00,581
2025-10-09 16:15:00+00:00,581
2025-10-09 16:30:00+00:00,580
2025-10-09 16:45:00+00:00,580
2025-10-09 17:00:00+00:00,580
2025-10-09 17:15:00+00:00,579
2025-10-09 17:30:00+00:00,579
2025-10-09 17:45:00+00:00,579
2025-10-09 18:00:00+00:00,578
2025-10-09 18:15:00+00:00,578
2025-10-09 18:30:00+00:00,578
2025-10-09 18:45:00+00:00,577
2025-10-09 19:00:00+00:00,577
2025-10-09 19:15:00+00:00,577
2025-10-09 19:30:00+00:00,577
2025-10-09 19:45:00+00:00,577
2025-10-09 20:00:00+00:00,577
2025-10-09 20:15:00+00:00,576
2025-10-09 20:30:00+00:00,576
2025-10-09 20:45:00+00:00,576
2025-10-09 21:00:00+00:00,576
2025-10-09 21:15:00+00:00,576
2025-10-09 21:30:00+00:00,576
2025-10-09 21:45:00+00:00,576
2025-10-09 22:00:00+00:00,576
2025-10-09 22:15:00+00:00,576
2025-10-09 22:30:00+00:00,576
2025-10-09 22:45:00+00:00,576
2025-10-09 23:00:00+00:00,576
2025-10-09 23:15:00+00:00,576
2025-10-09 23:30:00+00:00,576
2025-10-09 23:45:00+00:00,576
2025-10-10 00:00:00+00:00,576
2025-10-10 00:15:00+00:00,576
2025-10-10 00:30:00+00:00,576
2025-10-10 00:45:00+00:00,576
2025-10-10 01:00:00+00:00,576
2025-10-10 01:15:00+00:00,576
2025-10-10 01:30:00+00:00,577
2025-10-10 01:45:00+00:00,577
2025-10-10 02:00:00+00:00,577
2025-10-10 02:15:00+00:00,577
2025-10-10 02:30:00+00:00,577
2025-10-10 02:45:00+00:00,577
2025-10-10 03:00:00+00:00,578
2025-10-10 03:15:00+00:00,578
2025-10-10 03:30:00+00:00,578
2025-10-10 03:45:00+00:00,578
2025-10-10 04:00:00+00:00,578
2025-10-10 04:15:00+00:00,578
2025-10-10 04:30:00+00:00,578
2025-10-10 04:45:00+00:00,578
2025-10-10 05:00:00+00:00,579
2025-10-10 05:15:00+00:00,579
2025-10-10 05:30:00+00:00,580
2025-10-10 05:45:00+00:00,580
2025-10-10 06:00:00+00:00,581
2025-10-10 06:15:00+00:00,581
2025-10-10 06:30:00+00:00,581
2025-10-10 06:45:00+00:00,581
2025-10-10 07:00:00+00:00,582
2025-10-10 07:15:00+00:00,582
2025-10-10 07:30:00+00:00,583
2025-10-10 07:45:00+00:00,583
2025-10-10 08:00:00+00:00,583
2025-10-10 08:15:00+00:00,584
2025-10-10 08:30:00+00:00,584
2025-10-10 08:45:00+00:00,585
2025-10-10 09:00:00+00:00,585
2025-10-10 09:15:00+00:00,586
2025-10-10 09:30:00+00:00,587
2025-10-10 09:45:00+00:00,587
2025-10-10 10:00:00+00:00,588
2025-10-10 10:15:00+00:00,589
2025-10-10 10:30:00+00:00,590
2025-10-10 10:45:00+00:00,591
2025-10-10 11:00:00+00:00,592
2025-10-10 11:15:00+00:00,593
2025-10-10 11:30:00+00:00,595
2025-10-10 11:45:00+00:00,596
2025-10-10 12:00:00+00:00,597
2025-10-10 12:15:00+00:00,598
2025-10-10 12:30:00+00:00,598
2025-10-10 12:45:00+00:00,599
2025-10-10 13:00:00+00:00,600
2025-10-10 13:15:00+00:00,600
2025-10-10 13:30:00+00:00,601
2025-10-10 13:45:00+00:00,601
2025-10-10 14:00:00+00:00,602
2025-10-10 14:15:00+00:00,602
2025-10-10 14:30:00+00:00,603
2025-10-10 14:45:00+00:00,604
2025-10-10 15:00:00+00:00,604
2025-10-10 15:15:00+00:00,605
2025-10-10 15:30:00+00:00,605
2025-10-10 15:45:00+00:00,605
2025-10-10 16:00:00+00:00,605
2025-10-10 16:15:00+00:00,606
2025-10-10 16:30:00+00:00,606
2025-10-10 16:45:00+00:00,606
2025-10-10 17:00:00+00:00,606
2025-10-10 17:15:00+00:00,606
2025-10-10 17:30:00+00:00,606
2025-10-10 17:45:00+00:00,606
2025-10-10 18:00:00+00:00,606
2025-10-10 18:15:00+00:00,606
2025-10-10 18:30:00+00:00,605
2025-10-10 18:45:00+00:00,605
2025-10-10 19:00:00+00:00,605
2025-10-10 19:15:00+00:00,606
2025-10-10 19:30:00+00:00,606
2025-10-10 19:45:00+00:00,606
2025-10-10 20:00:00+00:00,605
2025-10-10 20:15:00+00:00,605
2025-10-10 20:30:00+00:00,605
2025-10-10 20:45:00+00:00,605
2025-10-10 21:00:00+00:00,605
2025-10-10 21:15:00+00:00,605
2025-10-10 21:30:00+00:00,605
2025-10-10 21:45:00+00:00,605
2025-10-10 22:00:00+00:00,605
2025-10-10 22:15:00+00:00,606
2025-10-10 22:30:00+00:00,606
2025-10-10 22:45:00+00:00,606
2025-10-10 23:00:00+00:00,606
2025-10-10 23:15:00+00:00,607
2025-10-10 23:30:00+00:00,607
2025-10-10 23:45:00+00:00,607
2025-10-11 00:00:00+00:00,607
2025-10-11 00:15:00+00:00,607
2025-10-11 00:30:00+00:00,607
2025-10-11 00:45:00+00:00,607
2025-10-11 01:00:00+00:00,606
2025-10-11 01:15:00+00:00,605
2025-10-11 01:30:00+00:00,605
2025-10-11 01:45:00+00:00,605
2025-10-11 02:00:00+00:00,606
2025-10-11 02:15:00+00:00,606
2025-10-11 02:30:00+00:00,606
2025-10-11 02:45:00+00:00,606
2025-10-11 03:00:00+00:00,606
2025-10-11 03:15:00+00:00,606
2025-10-11 03:30:00+00:00,606
2025-10-11 03:45:00+00:00,606
2025-10-11 04:00:00+00:00,606
2025-10-11 04:15:00+00:00,606
2025-10-11 04:30:00+00:00,606
2025-10-11 04:45:00+00:00,606
2025-10-11 05:00:00+00:00,605
2025-10-11 05:15:00+00:00,605
2025-10-11 05:30:00+00:00,605
2025-10-11 05:45:00+00:00,605
2025-10-11 06:00:00+00:00,605
2025-10-11 06:15:00+00:00,605
2025-10-11 06:30:00+00:00,605
2025-10-11 06:45:00+00:00,605
2025-10-11 07:00:00+00:00,605
2025-10-11 07:15:00+00:00,605
2025-10-11 07:30:00+00:00,606
2025-10-11 07:45:00+00:00,606
2025-10-11 08:00:00+00:00,607
2025-10-11 08:15:00+00:00,607
2025-10-11 08:30:00+00:00,608
2025-10-11 08:45:00+00:00,608
2025-10-11 09:00:00+00:00,609
2025-10-11 09:15:00+00:00,610
2025-10-11 09:30:00+00:00,611
2025-10-11 09:45:00+00:00,612
2025-10-11 10:00:00+00:00,614
2025-10-11 10:15:00+00:00,615
2025-10-11 10:30:00+00:00,617
2025-10-11 10:45:00+00:00,618
2025-10-11 11:00:00+00:00,620
2025-10-11 11:15:00+00:00,622
2025-10-11 11:30:00+00:00,623
2025-10-11 11:45:00+00:00,625
2025-10-11 12:00:00+00:00,627
2025-10-11 12:15:00+00:00,628
2025-10-11 12:30:00+00:00,629
2025-10-11 12:45:00+00:00,630
2025-10-11 13:00:00+00:00,632
2025-10-11 13:15:00+00:00,633
2025-10-11 13:30:00+00:00,634
2025-10-11 13:45:00+00:00,635
2025-10-11 14:00:00+00:00,637
2025-10-11 14:15:00+00:00,638
2025-10-11 14:30:00+00:00,639
2025-10-11 14:45:00+00:00,640
2025-10-11 15:00:00+00:00,641
2025-10-11 15:15:00+00:00,643
2025-10-11 15:30:00+00:00,644
2025-10-11 15:45:00+00:00,644
2025-10-11 16:00:00+00:00,645
2025-10-11 16:15:00+00:00,645
2025-10-11 16:30:00+00:00,646
2025-10-11 16:45:00+00:00,646
2025-10-11 17:00:00+00:00,648
2025-10-11 17:15:00+00:00,648
2025-10-11 17:30:00+00:00,649
2025-10-11 17:45:00+00:00,649
2025-10-11 18:00:00+00:00,650
2025-10-11 18:15:00+00:00,651
2025-10-11 18:30:00+00:00,652
2025-10-11 18:45:00+00:00,652
2025-10-11 19:00:00+00:00,652
2025-10-11 19:15:00+00:00,653
2025-10-11 19:30:00+00:00,654
2025-10-11 19:45:00+00:00,655
2025-10-11 20:00:00+00:00,656
2025-10-11 20:15:00+00:00,657
2025-10-11 20:30:00+00:00,658
2025-10-11 20:45:00+00:00,658
2025-10-11 21:00:00+00:00,659
2025-10-11 21:15:00+00:00,659
2025-10-11 21:30:00+00:00,660
2025-10-11 21:45:00+00:00,660
2025-10-11 22:00:00+00:00,660
2025-10-11 22:15:00+00:00,661
2025-10-11 22:30:00+00:00,661
2025-10-11 22:45:00+00:00,662
2025-10-11 23:00:00+00:00,662
2025-10-11 23:15:00+00:00,662
2025-10-11 23:30:00+00:00,662
2025-10-11 23:45:00+00:00,663
2025-10-12 00:00:00+00:00,663
2025-10-12 00:15:00+00:00,663
2025-10-12 00:30:00+00:00,664
2025-10-12 00:45:00+00:00,664
2025-10-12 01:00:00+00:00,664
2025-10-12 01:15:00+00:00,664
2025-10-12 01:30:00+00:00,664
2025-10-12 01:45:00+00:00,664
2025-10-12 02:00:00+00:00,663
2025-10-12 02:15:00+00:00,663
2025-10-12 02:30:00+00:00,663
2025-10-12 02:45:00+00:00,663
2025-10-12 03:00:00+00:00,663
2025-10-12 03:15:00+00:00,663
2025-10-12 03:30:00+00:00,663
2025-10-12 03:45:00+00:00,663
2025-10-12 04:00:00+00:00,663
2025-10-12 04:15:00+00:00,662
2025-10-12 04:30:00+00:00,662
2025-10-12 04:45:00+00:00,662
2025-10-12 05:00:00+00:00,662
2025-10-12 05:15:00+00:00,662
2025-10-12 05:30:00+00:00,662
2025-10-12 05:45:00+00:00,662
2025-10-12 06:00:00+00:00,662
2025-10-12 06:15:00+00:00,662
2025-10-12 06:30:00+00:00,663
2025-10-12 06:45:00+00:00,663
2025-10-12 07:00:00+00:00,663
2025-10-12 07:15:00+00:00,663
2025-10-12 07:30:00+00:00,663
2025-10-12 07:45:00+00:00,663
2025-10-12 08:00:00+00:00,664
2025-10-12 08:15:00+00:00,664
2025-10-12 08:30:00+00:00,664
2025-10-12 08:45:00+00:00,665
2025-10-12 09:00:00+00:00,665
2025-10-12 09:15:00+00:00,666
2025-10-12 09:30:00+00:00,666
2025-10-12 09:45:00+00:00,666
2025-10-12 10:00:00+00:00,665
2025-10-12 10:15:00+00:00,665
2025-10-12 10:30:00+00:00,665
2025-10-12 10:45:00+00:00,665
2025-10-12 11:00:00+00:00,666
2025-10-12 11:15:00+00:00,666
2025-10-12 11:30:00+00:00,666
2025-10-12 11:45:00+00:00,666
2025-10-12 12:00:00+00:00,667
2025-10-12 12:15:00+00:00,667
2025-10-12 12:30:00+00:00,666
2025-10-12 12:45:00+00:00,666
2025-10-12 13:00:00+00:00,666
2025-10-12 13:15:00+00:00,666
2025-10-12 13:30:00+00:00,666
2025-10-12 13:45:00+00:00,666
2025-10-12 14:00:00+00:00,666
2025-10-12 14:15:00+00:00,666
2025-10-12 14:30:00+00:00,665
2025-10-12 14:45:00+00:00,665
2025-10-12 15:00:00+00:00,665
2025-10-12 15:15:00+00:00,664
2025-10-12 15:30:00+00:00,664
2025-10-12 15:45:00+00:00,663
2025-10-12 16:00:00+00:00,662
2025-10-12 16:15:00+00:00,662
2025-10-12 16:30:00+00:00,661
2025-10-12 16:45:00+00:00,660
2025-10-12 17:00:00+00:00,659
2025-10-12 17:15:00+00:00,659
2025-10-12 17:30:00+00:00,658
2025-10-12 17:45:00+00:00,657
2025-10-12 18:00:00+00:00,657
2025-10-12 18:15:00+00:00,656
2025-10-12 18:30:00+00:00,655
2025-10-12 18:45:00+00:00,655
2025-10-12 19:00:00+00:00,654
2025-10-12 19:15:00+00:00,654
2025-10-12 19:30:00+00:00,653
2025-10-12 19:45:00+00:00,652
2025-10-12 20:00:00+00:00,652
2025-10-12 20:15:00+00:00,651
2025-10-12 20:30:00+00:00,651
2025-10-12 20:45:00+00:00,650
2025-10-12 21:00:00+00:00,650
2025-10-12 21:15:00+00:00,649
2025-10-12 21:30:00+00:00,649
2025-10-12 21:45:00+00:00,649
2025-10-12 22:00:00+00:00,649
2025-10-12 22:15:00+00:00,649
2025-10-12 22:30:00+00:00,649
2025-10-12 22:45:00+00:00,648
2025-10-12 23:00:00+00:00,648
2025-10-12 23:15:00+00:00,648
2025-10-12 23:30:00+00:00,648
2025-10-12 23:45:00+00:00,647
2025-10-13 00:00:00+00:00,646
2025-10-13 00:15:00+00:00,646
2025-10-13 00:30:00+00:00,646
2025-10-13 00:45:00+00:00,646
2025-10-13 01:00:00+00:00,645
2025-10-13 01:15:00+00:00,645
2025-10-13 01:30:00+00:00,645
2025-10-13 01:45:00+00:00,645
2025-10-13 02:00:00+00:00,645
2025-10-13 02:15:00+00:00,645
2025-10-13 02:30:00+00:00,645
2025-10-13 02:45:00+00:00,646
2025-10-13 03:00:00+00:00,646
2025-10-13 03:15:00+00:00,647
2025-10-13 03:30:00+00:00,647
2025-10-13 03:45:00+00:00,648
2025-10-13 04:00:00+00:00,648
2025-10-13 04:15:00+00:00,648
2025-10-13 04:30:00+00:00,648
2025-10-13 04:45:00+00:00,648
2025-10-13 05:00:00+00:00,648
2025-10-13 05:15:00+00:00,648
2025-10-13 05:30:00+00:00,649
2025-10-13 05:45:00+00:00,649
2025-10-13 06:00:00+00:00,650
2025-10-13 06:15:00+00:00,650
2025-10-13 06:30:00+00:00,651
2025-10-13 06:45:00+00:00,651
2025-10-13 07:00:00+00:00,651
2025-10-13 07:15:00+00:00,651
2025-10-13 07:30:00+00:00,651
2025-10-13 07:45:00+00:00,652
2025-10-13 08:00:00+00:00,651
2025-10-13 08:15:00+00:00,652
2025-10-13 08:30:00+00:00,652
2025-10-13 08:45:00+00:00,652
2025-10-13 09:00:00+00:00,652
2025-10-13 09:15:00+00:00,653
2025-10-13 09:30:00+00:00,653
2025-10-13 09:45:00+00:00,654
2025-10-13 10:00:00+00:00,654
2025-10-13 10:15:00+00:00,655
2025-10-13 10:30:00+00:00,655
2025-10-13 10:45:00+00:00,656
2025-10-13 11:00:00+00:00,656
2025-10-13 11:15:00+00:00,657
2025-10-13 11:30:00+00:00,657
2025-10-13 11:45:00+00:00,658
2025-10-13 12:00:00+00:00,658
2025-10-13 12:15:00+00:00,659
2025-10-13 12:30:00+00:00,660
2025-10-13 12:45:00+00:00,660
2025-10-13 13:00:00+00:00,661
2025-10-13 13:15:00+00:00,662
2025-10-13 13:30:00+00:00,663
2025-10-13 13:45:00+00:00,664
2025-10-13 14:00:00+00:00,665
2025-10-13 14:15:00+00:00,666
2025-10-13 14:30:00+00:00,667
2025-10-13 14:45:00+00:00,668
2025-10-13 15:00:00+00:00,669
2025-10-13 15:15:00+00:00,670
2025-10-13 15:30:00+00:00,671
2025-10-13 15:45:00+00:00,672
2025-10-13 16:00:00+00:00,673
2025-10-13 16:15:00+00:00,674
2025-10-13 16:30:00+00:00,675
2025-10-13 16:45:00+00:00,676
2025-10-13 17:00:00+00:00,676
2025-10-13 17:15:00+00:00,677
2025-10-13 17:30:00+00:00,677
2025-10-13 17:45:00+00:00,677
2025-10-13 18:00:00+00:00,677
2025-10-13 18:15:00+00:00,678
2025-10-13 18:30:00+00:00,679
2025-10-13 18:45:00+00:00,680
2025-10-13 19:00:00+00:00,681
2025-10-13 19:15:00+00:00,682
2025-10-13 19:30:00+00:00,683
2025-10-13 19:45:00+00:00,684
2025-10-13 20:00:00+00:00,686
2025-10-13 20:15:00+00:00,687
2025-10-13 20:30:00+00:00,689
2025-10-13 20:45:00+00:00,690
2025-10-13 21:00:00+00:00,691
2025-10-13 21:15:00+00:00,693
2025-10-13 21:30:00+00:00,694
2025-10-13 21:45:00+00:00,695
2025-10-13 22:00:00+00:00,696
2025-10-13 22:15:00+00:00,697
2025-10-13 22:30:00+00:00,698
2025-10-13 22:45:00+00:00,699
2025-10-13 23:00:00+00:00,700
2025-10-13 23:15:00+00:00,700
2025-10-13 23:30:00+00:00,701
2025-10-13 23:45:00+00:00,701
2025-10-14 00:00:00+00:00,701
2025-10-14 00:15:00+00:00,701
2025-10-14 00:30:00+00:00,700
2025-10-14 00:45:00+00:00,700
2025-10-14 01:00:00+00:00,700
2025-10-14 01:15:00+00:00,699
2025-10-14 01:30:00+00:00,698
2025-10-14 01:45:00+00:00,697
2025-10-14 02:00:00+00:00,697
2025-10-14 02:15:00+00:00,696
2025-10-14 02:30:00+00:00,695
2025-10-14 02:45:00+00:00,695
2025-10-14 03:00:00+00:00,694
2025-10-14 03:15:00+00:00,693
2025-10-14 03:30:00+00:00,692
2025-10-14 03:45:00+00:00,691
2025-10-14 04:00:00+00:00,690
2025-10-14 04:15:00+00:00,689
2025-10-14 04:30:00+00:00,688
2025-10-14 04:45:00+00:00,687
2025-10-14 05:00:00+00:00,686
2025-10-14 05:15:00+00:00,684
2025-10-14 05:30:00+00:00,683
2025-10-14 05:45:00+00:00,681
2025-10-14 06:00:00+00:00,680
2025-10-14 06:15:00+00:00,679
2025-10-14 06:30:00+00:00,677
2025-10-14 06:45:00+00:00,676
2025-10-14 07:00:00+00:00,675
2025-10-14 07:15:00+00:00,673
2025-10-14 07:30:00+00:00,672
2025-10-14 07:45:00+00:00,671
2025-10-14 08:00:00+00:00,670
2025-10-14 08:15:00+00:00,668
2025-10-14 08:30:00+00:00,668
2025-10-14 08:45:00+00:00,667
2025-10-14 09:00:00+00:00,666
2025-10-14 09:15:00+00:00,665
2025-10-14 09:30:00+00:00,664
2025-10-14 09:45:00+00:00,664
2025-10-14 10:00:00+00:00,663
2025-10-14 10:15:00+00:00,663
2025-10-14 10:30:00+00:00,662
2025-10-14 10:45:00+00:00,661
2025-10-14 11:00:00+00:00,661
2025-10-14 11:15:00+00:00,661
2025-10-14 11:30:00+00:00,660
2025-10-14 11:45:00+00:00,660
2025-10-14 12:00:00+00:00,660
2025-10-14 12:15:00+00:00,659
2025-10-14 12:30:00+00:00,659
2025-10-14 12:45:00+00:00,658
2025-10-14 13:00:00+00:00,658
2025-10-14 13:15:00+00:00,657
2025-10-14 13:30:00+00:00,656
2025-10-14 13:45:00+00:00,656
2025-10-14 14:00:00+00:00,656
2025-10-14 14:15:00+00:00,655
2025-10-14 14:30:00+00:00,655
2025-10-14 14:45:00+00:00,654
2025-10-14 15:00:00+00:00,654
2025-10-14 15:15:00+00:00,653
2025-10-14 15:30:00+00:00,653
2025-10-14 15:45:00+00:00,653
2025-10-14 16:00:00+00:00,652
2025-10-14 16:15:00+00:00,652
2025-10-14 16:30:00+00:00,651
2025-10-14 16:45:00+00:00,650
2025-10-14 17:00:00+00:00,649
2025-10-14 17:15:00+00:00,649
2025-10-14 17:30:00+00:00,648
2025-10-14 17:45:00+00:00,648
2025-10-14 18:00:00+00:00,648
2025-10-14 18:15:00+00:00,647
2025-10-14 18:30:00+00:00,647
2025-10-14 18:45:00+00:00,647
2025-10-14 19:00:00+00:00,647
2025-10-14 19:15:00+00:00,648
2025-10-14 19:30:00+00:00,648
2025-10-14 19:45:00+00:00,648
2025-10-14 20:00:00+00:00,648
2025-10-14 20:15:00+00:00,649
2025-10-14 20:30:00+00:00,649
2025-10-14 20:45:00+00:00,649
2025-10-14 21:00:00+00:00,650
2025-10-14 21:15:00+00:00,651
2025-10-14 21:30:00+00:00,651
2025-10-14 21:45:00+00:00,652
2025-10-14 22:00:00+00:00,653
2025-10-14 22:15:00+00:00,653
2025-10-14 22:30:00+00:00,653
2025-10-14 22:45:00+00:00,654
2025-10-14 23:00:00+00:00,654
2025-10-14 23:15:00+00:00,655
2025-10-14 23:30:00+00:00,655
2025-10-14 23:45:00+00:00,656
2025-10-15 00:00:00+00:00,656
2025-10-15 00:15:00+00:00,657
2025-10-15 00:30:00+00:00,657
2025-10-15 00:45:00+00:00,657
2025-10-15 01:00:00+00:00,658
2025-10-15 01:15:00+00:00,658
2025-10-15 01:30:00+00:00,659
2025-10-15 01:45:00+00:00,659
2025-10-15 02:00:00+00:00,659
2025-10-15 02:15:00+00:00,660
2025-10-15 02:30:00+00:00,660
2025-10-15 02:45:00+00:00,659
2025-10-15 03:00:00+00:00,660
2025-10-15 03:15:00+00:00,660
2025-10-15 03:30:00+00:00,660
2025-10-15 03:45:00+00:00,660
2025-10-15 04:00:00+00:00,660
2025-10-15 04:15:00+00:00,660
2025-10-15 04:30:00+00:00,659
2025-10-15 04:45:00+00:00,659
2025-10-15 05:00:00+00:00,659
2025-10-15 05:15:00+00:00,659
2025-10-15 05:30:00+00:00,659
2025-10-15 05:45:00+00:00,658
2025-10-15 06:00:00+00:00,658
2025-10-15 06:15:00+00:00,658
2025-10-15 06:30:00+00:00,657
2025-10-15 06:45:00+00:00,657
2025-10-15 07:00:00+00:00,657
2025-10-15 07:15:00+00:00,656
2025-10-15 07:30:00+00:00,656
2025-10-15 07:45:00+00:00,656
2025-10-15 08:00:00+00:00,656
2025-10-15 08:15:00+00:00,655
2025-10-15 08:30:00+00:00,655
2025-10-15 08:45:00+00:00,655
2025-10-15 09:00:00+00:00,655
2025-10-15 09:15:00+00:00,655
2025-10-15 09:30:00+00:00,655
2025-10-15 09:45:00+00:00,655
2025-10-15 10:00:00+00:00,655
2025-10-15 10:15:00+00:00,654
2025-10-15 10:30:00+00:00,654
2025-10-15 10:45:00+00:00,654
2025-10-15 11:00:00+00:00,654
2025-10-15 11:15:00+00:00,654
2025-10-15 11:30:00+00:00,654
2025-10-15 11:45:00+00:00,654
2025-10-15 12:00:00+00:00,654
2025-10-15 12:15:00+00:00,654
2025-10-15 12:30:00+00:00,653
2025-10-15 12:45:00+00:00,653
2025-10-15 13:00:00+00:00,653
2025-10-15 13:15:00+00:00,652
2025-10-15 13:30:00+00:00,652
2025-10-15 13:45:00+00:00,652
2025-10-15 14:00:00+00:00,651
2025-10-15 14:15:00+00:00,651
2025-10-15 14:30:00+00:00,651
2025-10-15 14:45:00+00:00,650
2025-10-15 15:00:00+00:00,650
2025-10-15 15:15:00+00:00,650
2025-10-15 15:30:00+00:00,649
2025-10-15 15:45:00+00:00,649
2025-10-15 16:00:00+00:00,648
2025-10-15 16:15:00+00:00,648
2025-10-15 16:30:00+00:00,647
2025-10-15 16:45:00+00:00,647
2025-10-15 17:00:00+00:00,647
2025-10-15 17:15:00+00:00,647
2025-10-15 17:30:00+00:00,646
2025-10-15 17:45:00+00:00,646
2025-10-15 18:00:00+00:00,646
2025-10-15 18:15:00+00:00,646
2025-10-15 18:30:00+00:00,645
2025-10-15 18:45:00+00:00,645
2025-10-15 19:00:00+00:00,645
2025-10-15 19:15:00+00:00,644
2025-10-15 19:30:00+00:00,644
2025-10-15 19:45:00+00:00,644
2025-10-15 20:00:00+00:00,643
2025-10-15 20:15:00+00:00,644
2025-10-15 20:30:00+00:00,644
2025-10-15 20:45:00+00:00,644
2025-10-15 21:00:00+00:00,643
2025-10-15 21:15:00+00:00,643
2025-10-15 21:30:00+00:00,643
2025-10-15 21:45:00+00:00,643
2025-10-15 22:00:00+00:00,643
2025-10-15 22:15:00+00:00,643
2025-10-15 22:30:00+00:00,644
2025-10-15 22:45:00+00:00,644
2025-10-15 23:00:00+00:00,644
2025-10-15 23:15:00+00:00,645
2025-10-15 23:30:00+00:00,643
2025-10-15 23:45:00+00:00,645
2025-10-16 00:00:00+00:00,645
2025-10-16 00:15:00+00:00,645
2025-10-16 00:30:00+00:00,645
2025-10-16 00:45:00+00:00,645
2025-10-16 01:00:00+00:00,646
2025-10-16 01:15:00+00:00,646
2025-10-16 01:30:00+00:00,647
2025-10-16 01:45:00+00:00,647
2025-10-16 02:00:00+00:00,647
2025-10-16 02:15:00+00:00,647
2025-10-16 02:30:00+00:00,647
2025-10-16 02:45:00+00:00,647
2025-10-16 03:00:00+00:00,647
2025-10-16 03:15:00+00:00,648
2025-10-16 03:30:00+00:00,648
2025-10-16 03:45:00+00:00,648
2025-10-16 04:00:00+00:00,648
2025-10-16 04:15:00+00:00,648
2025-10-16 04:30:00+00:00,648
2025-10-16 04:45:00+00:00,648
2025-10-16 05:00:00+00:00,648
2025-10-16 05:15:00+00:00,648
2025-10-16 05:30:00+00:00,647
2025-10-16 05:45:00+00:00,647
2025-10-16 06:00:00+00:00,647
2025-10-16 06:15:00+00:00,647
2025-10-16 06:30:00+00:00,647
2025-10-16 06:45:00+00:00,646
2025-10-16 07:00:00+00:00,646
2025-10-16 07:15:00+00:00,646
2025-10-16 07:30:00+00:00,646
2025-10-16 07:45:00+00:00,646
2025-10-16 08:00:00+00:00,647
2025-10-16 08:15:00+00:00,647
2025-10-16 08:30:00+00:00,647
2025-10-16 08:45:00+00:00,647
2025-10-16 09:00:00+00:00,647
2025-10-16 09:15:00+00:00,647
2025-10-16 09:30:00+00:00,647
2025-10-16 09:45:00+00:00,647
2025-10-16 10:00:00+00:00,647
2025-10-16 10:15:00+00:00,647
2025-10-16 10:30:00+00:00,647
2025-10-16 10:45:00+00:00,647
2025-10-16 11:00:00+00:00,647
2025-10-16 11:15:00+00:00,647
2025-10-16 11:30:00+00:00,647
2025-10-16 11:45:00+00:00,647
2025-10-16 12:00:00+00:00,647
2025-10-16 12:15:00+00:00,647
2025-10-16 12:30:00+00:00,647
2025-10-16 12:45:00+00:00,647
2025-10-16 13:00:00+00:00,647
2025-10-16 13:15:00+00:00,648
2025-10-16 13:30:00+00:00,648
2025-10-16 13:45:00+00:00,648
2025-10-16 14:00:00+00:00,648
2025-10-16 14:15:00+00:00,648
2025-10-16 14:30:00+00:00,648
2025-10-16 14:45:00+00:00,648
2025-10-16 15:00:00+00:00,648
2025-10-16 15:15:00+00:00,648
2025-10-16 15:30:00+00:00,648
2025-10-16 15:45:00+00:00,648
2025-10-16 16:00:00+00:00,648
2025-10-16 16:15:00+00:00,648
2025-10-16 16:30:00+00:00,649
2025-10-16 16:45:00+00:00,649
2025-10-16 17:00:00+00:00,649
2025-10-16 17:15:00+00:00,649
2025-10-16 17:30:00+00:00,649
2025-10-16 17:45:00+00:00,649
2025-10-16 18:00:00+00:00,649
2025-10-16 18:15:00+00:00,650
2025-10-16 18:30:00+00:00,650
2025-10-16 18:45:00+00:00,650
2025-10-16 19:00:00+00:00,650
2025-10-16 19:15:00+00:00,650
2025-10-16 19:30:00+00:00,650
2025-10-16 19:45:00+00:00,650
2025-10-16 20:00:00+00:00,650
2025-10-16 20:15:00+00:00,651
2025-10-16 20:30:00+00:00,651
2025-10-16 20:45:00+00:00,651
2025-10-16 21:00:00+00:00,651
2025-10-16 21:15:00+00:00,652
2025-10-16 21:30:00+00:00,652
2025-10-16 21:45:00+00:00,652
2025-10-16 22:00:00+00:00,652
2025-10-16 22:15:00+00:00,652
2025-10-16 22:30:00+00:00,652
2025-10-16 22:45:00+00:00,651
2025-10-16 23:00:00+00:00,651
2025-10-16 23:15:00+00:00,651
2025-10-16 23:30:00+00:00,651
2025-10-16 23:45:00+00:00,651
2025-10-17 00:00:00+00:00,652
2025-10-17 00:15:00+00:00,651
2025-10-17 00:30:00+00:00,651
2025-10-17 00:45:00+00:00,651
2025-10-17 01:00:00+00:00,651
2025-10-17 01:15:00+00:00,651
2025-10-17 01:30:00+00:00,651
2025-10-17 01:45:00+00:00,651
2025-10-17 02:00:00+00:00,651
2025-10-17 02:15:00+00:00,651
2025-10-17 02:30:00+00:00,652
2025-10-17 02:45:00+00:00,652
2025-10-17 03:00:00+00:00,652
2025-10-17 03:15:00+00:00,652
2025-10-17 03:30:00+00:00,652
2025-10-17 03:45:00+00:00,652
2025-10-17 04:00:00+00:00,651
2025-10-17 04:15:00+00:00,651
2025-10-17 04:30:00+00:00,650
2025-10-17 04:45:00+00:00,650
2025-10-17 05:00:00+00:00,650
2025-10-17 05:15:00+00:00,650
2025-10-17 05:30:00+00:00,649
2025-10-17 05:45:00+00:00,649
2025-10-17 06:00:00+00:00,648
2025-10-17 06:15:00+00:00,648
2025-10-17 06:30:00+00:00,647
2025-10-17 06:45:00+00:00,647
2025-10-17 07:00:00+00:00,646
2025-10-17 07:15:00+00:00,646
2025-10-17 07:30:00+00:00,645
2025-10-17 07:45:00+00:00,645
2025-10-17 08:00:00+00:00,645
2025-10-17 08:15:00+00:00,645
2025-10-17 08:30:00+00:00,645
2025-10-17 08:45:00+00:00,645
2025-10-17 09:00:00+00:00,645
2025-10-17 09:15:00+00:00,645
2025-10-17 09:30:00+00:00,646
2025-10-17 09:45:00+00:00,646
2025-10-17 10:00:00+00:00,646
2025-10-17 10:15:00+00:00,647
2025-10-17 10:30:00+00:00,647
2025-10-17 10:45:00+00:00,648
2025-10-17 11:00:00+00:00,648
2025-10-17 11:15:00+00:00,649
2025-10-17 11:30:00+00:00,649
2025-10-17 11:45:00+00:00,649
2025-10-17 12:00:00+00:00,649
2025-10-17 12:15:00+00:00,650
2025-10-17 12:30:00+00:00,650
2025-10-17 12:45:00+00:00,650
2025-10-17 13:00:00+00:00,650
2025-10-17 13:15:00+00:00,650
2025-10-17 13:30:00+00:00,651
2025-10-17 13:45:00+00:00,651
2025-10-17 14:00:00+00:00,650
2025-10-17 14:15:00+00:00,650
2025-10-17 14:30:00+00:00,650
2025-10-17 14:45:00+00:00,650
2025-10-17 15:00:00+00:00,649
2025-10-17 15:15:00+00:00,648
2025-10-17 15:30:00+00:00,647
2025-10-17 15:45:00+00:00,647
2025-10-17 16:00:00+00:00,646
2025-10-17 16:15:00+00:00,645
2025-10-17 16:30:00+00:00,644
2025-10-17 16:45:00+00:00,643
2025-10-17 17:00:00+00:00,643
2025-10-17 17:15:00+00:00,642
2025-10-17 17:30:00+00:00,641
2025-10-17 17:45:00+00:00,640
2025-10-17 18:00:00+00:00,639
2025-10-17 18:15:00+00:00,639
2025-10-17 18:30:00+00:00,638
2025-10-17 18:45:00+00:00,637
2025-10-17 19:00:00+00:00,636
2025-10-17 19:15:00+00:00,636
2025-10-17 19:30:00+00:00,635
2025-10-17 19:45:00+00:00,635
2025-10-17 20:00:00+00:00,634
2025-10-17 20:15:00+00:00,634
2025-10-17 20:30:00+00:00,634
2025-10-17 20:45:00+00:00,634
2025-10-17 21:00:00+00:00,634
2025-10-17 21:15:00+00:00,634
2025-10-17 21:30:00+00:00,634
2025-10-17 21:45:00+00:00,634
2025-10-17 22:00:00+00:00,633
2025-10-17 22:15:00+00:00,633
2025-10-17 22:30:00+00:00,633
2025-10-17 22:45:00+00:00,633
2025-10-17 23:00:00+00:00,634
2025-10-17 23:15:00+00:00,634
2025-10-17 23:30:00+00:00,634
2025-10-17 23:45:00+00:00,634
2025-10-18 00:00:00+00:00,634
2025-10-18 00:15:00+00:00,634
2025-10-18 00:30:00+00:00,634
2025-10-18 00:45:00+00:00,634
2025-10-18 01:00:00+00:00,634
2025-10-18 01:15:00+00:00,634
2025-10-18 01:30:00+00:00,635
2025-10-18 01:45:00+00:00,635
2025-10-18 02:00:00+00:00,635
2025-10-18 02:15:00+00:00,635
2025-10-18 02:30:00+00:00,635
2025-10-18 02:45:00+00:00,635
2025-10-18 03:00:00+00:00,635
2025-10-18 03:15:00+00:00,635
2025-10-18 03:30:00+00:00,635
2025-10-18 03:45:00+00:00,635
2025-10-18 04:00:00+00:00,636
2025-10-18 04:15:00+00:00,636
2025-10-18 04:30:00+00:00,636
2025-10-18 04:45:00+00:00,636
2025-10-18 05:00:00+00:00,636
2025-10-18 05:15:00+00:00,637
2025-10-18 05:30:00+00:00,637
2025-10-18 05:45:00+00:00,637
2025-10-18 06:00:00+00:00,637
2025-10-18 06:15:00+00:00,637
2025-10-18 06:30:00+00:00,637
2025-10-18 06:45:00+00:00,638
2025-10-18 07:00:00+00:00,638
2025-10-18 07:15:00+00:00,638
2025-10-18 07:30:00+00:00,638
2025-10-18 07:45:00+00:00,638
2025-10-18 08:00:00+00:00,638
2025-10-18 08:15:00+00:00,638
2025-10-18 08:30:00+00:00,638
2025-10-18 08:45:00+00:00,638
2025-10-18 09:00:00+00:00,637
2025-10-18 09:15:00+00:00,637
2025-10-18 09:30:00+00:00,637
2025-10-18 09:45:00+00:00,637
2025-10-18 10:00:00+00:00,637
2025-10-18 10:15:00+00:00,637
2025-10-18 10:30:00+00:00,637
2025-10-18 10:45:00+00:00,637
2025-10-18 11:00:00+00:00,638
2025-10-18 11:15:00+00:00,638
2025-10-18 11:30:00+00:00,638
2025-10-18 11:45:00+00:00,638
2025-10-18 12:00:00+00:00,638
2025-10-18 12:15:00+00:00,638
2025-10-18 12:30:00+00:00,638
2025-10-18 12:45:00+00:00,638
2025-10-18 13:00:00+00:00,638
2025-10-18 13:15:00+00:00,638
2025-10-18 13:30:00+00:00,638
2025-10-18 13:45:00+00:00,638
2025-10-18 14:00:00+00:00,638
2025-10-18 14:15:00+00:00,638
2025-10-18 14:30:00+00:00,638
2025-10-18 14:45:00+00:00,638
2025-10-18 15:00:00+00:00,638
2025-10-18 15:15:00+00:00,637
2025-10-18 15:30:00+00:00,637
2025-10-18 15:45:00+00:00,636
2025-10-18 16:00:00+00:00,636
2025-10-18 16:15:00+00:00,635
2025-10-18 16:30:00+00:00,635
2025-10-18 16:45:00+00:00,635
2025-10-18 17:00:00+00:00,634
2025-10-18 17:15:00+00:00,634
2025-10-18 17:30:00+00:00,634
2025-10-18 17:45:00+00:00,633
2025-10-18 18:00:00+00:00,633
2025-10-18 18:15:00+00:00,633
2025-10-18 18:30:00+00:00,632
2025-10-18 18:45:00+00:00,632
2025-10-18 19:00:00+00:00,632
2025-10-18 19:15:00+00:00,632
2025-10-18 19:30:00+00:00,631
2025-10-18 19:45:00+00:00,631
2025-10-18 20:00:00+00:00,631
2025-10-18 20:15:00+00:00,631
2025-10-18 20:30:00+00:00,631
2025-10-18 20:45:00+00:00,631
2025-10-18 21:00:00+00:00,631
2025-10-18 21:15:00+00:00,631
2025-10-18 21:30:00+00:00,631
2025-10-18 21:45:00+00:00,631
2025-10-18 22:00:00+00:00,631
2025-10-18 22:15:00+00:00,631
2025-10-18 22:30:00+00:00,631
2025-10-18 22:45:00+00:00,631
2025-10-18 23:00:00+00:00,631
2025-10-18 23:15:00+00:00,631
2025-10-18 23:30:00+00:00,632
2025-10-18 23:45:00+00:00,632
2025-10-19 00:00:00+00:00,632
2025-10-19 00:15:00+00:00,632
2025-10-19 00:30:00+00:00,632
2025-10-19 00:45:00+00:00,632
2025-10-19 01:00:00+00:00,632
2025-10-19 01:15:00+00:00,632
2025-10-19 01:30:00+00:00,632
2025-10-19 01:45:00+00:00,632
2025-10-19 02:00:00+00:00,632
2025-10-19 02:15:00+00:00,632
2025-10-19 02:30:00+00:00,632
2025-10-19 02:45:00+00:00,632
2025-10-19 03:00:00+00:00,632
2025-10-19 03:15:00+00:00,632
2025-10-19 03:30:00+00:00,632
2025-10-19 03:45:00+00:00,633
2025-10-19 04:00:00+00:00,633
2025-10-19 04:15:00+00:00,633
2025-10-19 04:30:00+00:00,632
2025-10-19 04:45:00+00:00,632
2025-10-19 05:00:00+00:00,632
2025-10-19 05:15:00+00:00,631
2025-10-19 05:30:00+00:00,631
2025-10-19 05:45:00+00:00,631
2025-10-19 06:00:00+00:00,630
2025-10-19 06:15:00+00:00,630
2025-10-19 06:30:00+00:00,630
2025-10-19 06:45:00+00:00,630
2025-10-19 07:00:00+00:00,630
2025-10-19 07:15:00+00:00,630
2025-10-19 07:30:00+00:00,630
2025-10-19 07:45:00+00:00,630
2025-10-19 08:00:00+00:00,630
2025-10-19 08:15:00+00:00,629
2025-10-19 08:30:00+00:00,629
2025-10-19 08:45:00+00:00,628
2025-10-19 09:00:00+00:00,628
2025-10-19 09:15:00+00:00,628
2025-10-19 09:30:00+00:00,628
2025-10-19 09:45:00+00:00,628
2025-10-19 10:00:00+00:00,628
2025-10-19 10:15:00+00:00,628
2025-10-19 10:30:00+00:00,628
2025-10-19 10:45:00+00:00,629
2025-10-19 11:00:00+00:00,629
2025-10-19 11:15:00+00:00,630
2025-10-19 11:30:00+00:00,630
2025-10-19 11:45:00+00:00,631
2025-10-19 12:00:00+00:00,631
2025-10-19 12:15:00+00:00,632
2025-10-19 12:30:00+00:00,632
2025-10-19 12:45:00+00:00,633
2025-10-19 13:00:00+00:00,634
2025-10-19 13:15:00+00:00,635
2025-10-19 13:30:00+00:00,636
2025-10-19 13:45:00+00:00,636
2025-10-19 14:00:00+00:00,637
2025-10-19 14:15:00+00:00,638
2025-10-19 14:30:00+00:00,639
2025-10-19 14:45:00+00:00,640
2025-10-19 15:00:00+00:00,641
2025-10-19 15:15:00+00:00,642
2025-10-19 15:30:00+00:00,643
2025-10-19 15:45:00+00:00,644
2025-10-19 16:00:00+00:00,644
2025-10-19 16:15:00+00:00,645
2025-10-19 16:30:00+00:00,646
2025-10-19 16:45:00+00:00,647
2025-10-19 17:00:00+00:00,648
2025-10-19 17:15:00+00:00,649
2025-10-19 17:30:00+00:00,650
2025-10-19 17:45:00+00:00,651
2025-10-19 18:00:00+00:00,652
2025-10-19 18:15:00+00:00,653
2025-10-19 18:30:00+00:00,654
2025-10-19 18:45:00+00:00,654
2025-10-19 19:00:00+00:00,655
2025-10-19 19:15:00+00:00,656
2025-10-19 19:30:00+00:00,656
2025-10-19 19:45:00+00:00,657
2025-10-19 20:00:00+00:00,658
2025-10-19 20:15:00+00:00,658
2025-10-19 20:30:00+00:00,659
2025-10-19 20:45:00+00:00,659
2025-10-19 21:00:00+00:00,660
2025-10-19 21:15:00+00:00,660
2025-10-19 21:30:00+00:00,661
2025-10-19 21:45:00+00:00,661
2025-10-19 22:00:00+00:00,662
2025-10-19 22:15:00+00:00,662
2025-10-19 22:30:00+00:00,663
2025-10-19 22:45:00+00:00,663
2025-10-19 23:00:00+00:00,663
2025-10-19 23:15:00+00:00,664
2025-10-19 23:30:00+00:00,665
2025-10-19 23:45:00+00:00,665
2025-10-20 00:00:00+00:00,666
2025-10-20 00:15:00+00:00,666
2025-10-20 00:30:00+00:00,667
2025-10-20 00:45:00+00:00,667
2025-10-20 01:00:00+00:00,667
2025-10-20 01:15:00+00:00,668
2025-10-20 01:30:00+00:00,668
2025-10-20 01:45:00+00:00,669
2025-10-20 02:00:00+00:00,669
2025-10-20 02:15:00+00:00,670
2025-10-20 02:30:00+00:00,670
2025-10-20 02:45:00+00:00,671
2025-10-20 03:00:00+00:00,671
2025-10-20 03:15:00+00:00,672
2025-10-20 03:30:00+00:00,673
2025-10-20 03:45:00+00:00,673
2025-10-20 04:00:00+00:00,673
2025-10-20 04:15:00+00:00,674
2025-10-20 04:30:00+00:00,674
2025-10-20 04:45:00+00:00,675
2025-10-20 05:00:00+00:00,675
2025-10-20 05:15:00+00:00,676
2025-10-20 05:30:00+00:00,676
2025-10-20 05:45:00+00:00,677
2025-10-20 06:00:00+00:00,678
2025-10-20 06:15:00+00:00,678
2025-10-20 06:30:00+00:00,679
2025-10-20 06:45:00+00:00,679
2025-10-20 07:00:00+00:00,679
2025-10-20 07:15:00+00:00,679
2025-10-20 07:30:00+00:00,679
2025-10-20 07:45:00+00:00,679
2025-10-20 08:00:00+00:00,678
2025-10-20 08:15:00+00:00,678
2025-10-20 08:30:00+00:00,678
2025-10-20 08:45:00+00:00,678
2025-10-20 09:00:00+00:00,677
2025-10-20 09:15:00+00:00,677
2025-10-20 09:30:00+00:00,677
2025-10-20 09:45:00+00:00,676
2025-10-20 10:00:00+00:00,676
2025-10-20 10:15:00+00:00,676
2025-10-20 10:30:00+00:00,675
2025-10-20 10:45:00+00:00,675
2025-10-20 11:00:00+00:00,675
2025-10-20 11:15:00+00:00,675
2025-10-20 11:30:00+00:00,675
2025-10-20 11:45:00+00:00,675
2025-10-20 12:00:00+00:00,676
2025-10-20 12:15:00+00:00,676
2025-10-20 12:30:00+00:00,676
2025-10-20 12:45:00+00:00,676
2025-10-20 13:00:00+00:00,677
2025-10-20 13:15:00+00:00,677
2025-10-20 13:30:00+00:00,677
2025-10-20 13:45:00+00:00,677
2025-10-20 14:00:00+00:00,677
2025-10-20 14:15:00+00:00,678
2025-10-20 14:30:00+00:00,678
2025-10-20 14:45:00+00:00,679
2025-10-20 15:00:00+00:00,679
2025-10-20 15:15:00+00:00,679
2025-10-20 15:30:00+00:00,680
2025-10-20 15:45:00+00:00,680
2025-10-20 16:00:00+00:00,680
2025-10-20 16:15:00+00:00,680
2025-10-20 16:30:00+00:00,680
2025-10-20 16:45:00+00:00,681
2025-10-20 17:00:00+00:00,681
2025-10-20 17:15:00+00:00,681
2025-10-20 17:30:00+00:00,681
2025-10-20 17:45:00+00:00,680
2025-10-20 18:00:00+00:00,680
2025-10-20 18:15:00+00:00,680
2025-10-20 18:30:00+00:00,680
2025-10-20 18:45:00+00:00,680
2025-10-20 19:00:00+00:00,680
2025-10-20 19:15:00+00:00,679
2025-10-20 19:30:00+00:00,679
2025-10-20 19:45:00+00:00,679
2025-10-20 20:00:00+00:00,678
2025-10-20 20:15:00+00:00,678
2025-10-20 20:30:00+00:00,678
2025-10-20 20:45:00+00:00,678
2025-10-20 21:00:00+00:00,678
2025-10-20 21:15:00+00:00,678
2025-10-20 21:30:00+00:00,679
2025-10-20 21:45:00+00:00,679
2025-10-20 22:00:00+00:00,679
2025-10-20 22:15:00+00:00,679
2025-10-20 22:30:00+00:00,680
2025-10-20 22:45:00+00:00,680
2025-10-20 23:00:00+00:00,680
2025-10-20 23:15:00+00:00,681
2025-10-20 23:30:00+00:00,681
2025-10-20 23:45:00+00:00,681
2025-10-21 00:00:00+00:00,681
2025-10-21 00:15:00+00:00,681
2025-10-21 00:30:00+00:00,682
2025-10-21 00:45:00+00:00,682
2025-10-21 01:00:00+00:00,682
2025-10-21 01:15:00+00:00,682
2025-10-21 01:30:00+00:00,682
2025-10-21 01:45:00+00:00,682
2025-10-21 02:00:00+00:00,682
2025-10-21 02:15:00+00:00,683
2025-10-21 02:30:00+00:00,683
2025-10-21 02:45:00+00:00,683
2025-10-21 03:00:00+00:00,683
2025-10-21 03:15:00+00:00,683
2025-10-21 03:30:00+00:00,683
2025-10-21 03:45:00+00:00,683
2025-10-21 04:00:00+00:00,683
2025-10-21 04:15:00+00:00,683
2025-10-21 04:30:00+00:00,683
2025-10-21 04:45:00+00:00,684
2025-10-21 05:00:00+00:00,683
2025-10-21 05:15:00+00:00,683
2025-10-21 05:30:00+00:00,683
2025-10-21 05:45:00+00:00,683
2025-10-21 06:00:00+00:00,682
2025-10-21 06:15:00+00:00,682
2025-10-21 06:30:00+00:00,682
2025-10-21 06:45:00+00:00,682
2025-10-21 07:00:00+00:00,682
2025-10-21 07:15:00+00:00,682
2025-10-21 07:30:00+00:00,682
2025-10-21 07:45:00+00:00,681
2025-10-21 08:00:00+00:00,681
2025-10-21 08:15:00+00:00,681
2025-10-21 08:30:00+00:00,681
2025-10-21 08:45:00+00:00,681
2025-10-21 09:00:00+00:00,681
2025-10-21 09:15:00+00:00,682
2025-10-21 09:30:00+00:00,682
2025-10-21 09:45:00+00:00,682
2025-10-21 10:00:00+00:00,682
2025-10-21 10:15:00+00:00,683
2025-10-21 10:30:00+00:00,684
2025-10-21 10:45:00+00:00,684
2025-10-21 11:00:00+00:00,685
2025-10-21 11:15:00+00:00,686
2025-10-21 11:30:00+00:00,687
2025-10-21 11:45:00+00:00,687
2025-10-21 12:00:00+00:00,688
2025-10-21 12:15:00+00:00,689
2025-10-21 12:30:00+00:00,689
2025-10-21 12:45:00+00:00,690
2025-10-21 13:00:00+00:00,691
2025-10-21 13:15:00+00:00,691
2025-10-21 13:30:00+00:00,692
2025-10-21 13:45:00+00:00,692
2025-10-21 14:00:00+00:00,693
2025-10-21 14:15:00+00:00,693
2025-10-21 14:30:00+00:00,693
2025-10-21 14:45:00+00:00,694
2025-10-21 15:00:00+00:00,694
2025-10-21 15:15:00+00:00,693
2025-10-21 15:30:00+00:00,693
2025-10-21 15:45:00+00:00,693
2025-10-21 16:00:00+00:00,692
2025-10-21 16:15:00+00:00,692
2025-10-21 16:30:00+00:00,691
2025-10-21 16:45:00+00:00,691
2025-10-21 17:00:00+00:00,690
2025-10-21 17:15:00+00:00,690
2025-10-21 17:30:00+00:00,689
2025-10-21 17:45:00+00:00,689
2025-10-21 18:00:00+00:00,688
2025-10-21 18:15:00+00:00,688
2025-10-21 18:30:00+00:00,687
2025-10-21 18:45:00+00:00,686
2025-10-21 19:00:00+00:00,686
2025-10-21 19:15:00+00:00,685
2025-10-21 19:30:00+00:00,684
2025-10-21 19:45:00+00:00,684
2025-10-21 20:00:00+00:00,683
2025-10-21 20:15:00+00:00,683
2025-10-21 20:30:00+00:00,683
2025-10-21 20:45:00+00:00,683
2025-10-21 21:00:00+00:00,683
2025-10-21 21:15:00+00:00,683
2025-10-21 21:30:00+00:00,683
2025-10-21 21:45:00+00:00,683
2025-10-21 22:00:00+00:00,684
2025-10-21 22:15:00+00:00,684
2025-10-21 22:30:00+00:00,684
2025-10-21 22:45:00+00:00,685
2025-10-21 23:00:00+00:00,685
2025-10-21 23:15:00+00:00,685
2025-10-21 23:30:00+00:00,686
2025-10-21 23:45:00+00:00,687
2025-10-22 00:00:00+00:00,687
2025-10-22 00:15:00+00:00,687
2025-10-22 00:30:00+00:00,688
2025-10-22 00:45:00+00:00,689
2025-10-22 01:00:00+00:00,689
2025-10-22 01:15:00+00:00,690
2025-10-22 01:30:00+00:00,690
2025-10-22 01:45:00+00:00,690
2025-10-22 02:00:00+00:00,691
2025-10-22 02:15:00+00:00,691
2025-10-22 02:30:00+00:00,691
2025-10-22 02:45:00+00:00,691
2025-10-22 03:00:00+00:00,691
2025-10-22 03:15:00+00:00,692
2025-10-22 03:30:00+00:00,691
2025-10-22 03:45:00+00:00,691
2025-10-22 04:00:00+00:00,691
2025-10-22 04:15:00+00:00,690
2025-10-22 04:30:00+00:00,690
2025-10-22 04:45:00+00:00,689
2025-10-22 05:00:00+00:00,689
2025-10-22 05:15:00+00:00,688
2025-10-22 05:30:00+00:00,687
2025-10-22 05:45:00+00:00,686
2025-10-22 06:00:00+00:00,686
2025-10-22 06:15:00+00:00,685
2025-10-22 06:30:00+00:00,684
2025-10-22 06:45:00+00:00,683
2025-10-22 07:00:00+00:00,683
2025-10-22 07:15:00+00:00,682
2025-10-22 07:30:00+00:00,682
2025-10-22 07:45:00+00:00,682
2025-10-22 08:00:00+00:00,681
2025-10-22 08:15:00+00:00,681
2025-10-22 08:30:00+00:00,681
2025-10-22 08:45:00+00:00,681
2025-10-22 09:00:00+00:00,681
2025-10-22 09:15:00+00:00,681
2025-10-22 09:30:00+00:00,681
2025-10-22 09:45:00+00:00,682
2025-10-22 10:00:00+00:00,682
2025-10-22 10:15:00+00:00,682
2025-10-22 10:30:00+00:00,683
2025-10-22 10:45:00+00:00,683
2025-10-22 11:00:00+00:00,684
2025-10-22 11:15:00+00:00,684
2025-10-22 11:30:00+00:00,684
2025-10-22 11:45:00+00:00,685
2025-10-22 12:00:00+00:00,685
2025-10-22 12:15:00+00:00,685
2025-10-22 12:30:00+00:00,686
2025-10-22 12:45:00+00:00,686
2025-10-22 13:00:00+00:00,687
2025-10-22 13:15:00+00:00,687
2025-10-22 13:30:00+00:00,687
2025-10-22 13:45:00+00:00,688
2025-10-22 14:00:00+00:00,688
2025-10-22 14:15:00+00:00,688
2025-10-22 14:30:00+00:00,689
2025-10-22 14:45:00+00:00,689
2025-10-22 15:00:00+00:00,689
2025-10-22 15:15:00+00:00,689
2025-10-22 15:30:00+00:00,689
2025-10-22 15:45:00+00:00,689
2025-10-22 16:00:00+00:00,689
2025-10-22 16:15:00+00:00,690
2025-10-22 16:30:00+00:00,690
2025-10-22 16:45:00+00:00,690
2025-10-22 17:00:00+00:00,690
2025-10-22 17:15:00+00:00,690
2025-10-22 17:30:00+00:00,690
2025-10-22 17:45:00+00:00,691
2025-10-22 18:00:00+00:00,691
2025-10-22 18:15:00+00:00,691
2025-10-22 18:30:00+00:00,692
2025-10-22 18:45:00+00:00,692
2025-10-22 19:00:00+00:00,692
2025-10-22 19:15:00+00:00,693
2025-10-22 19:30:00+00:00,693
2025-10-22 19:45:00+00:00,693
2025-10-22 20:00:00+00:00,693
2025-10-22 20:15:00+00:00,694
2025-10-22 20:30:00+00:00,694
2025-10-22 20:45:00+00:00,694
2025-10-22 21:00:00+00:00,695
2025-10-22 21:15:00+00:00,695
2025-10-22 21:30:00+00:00,695
2025-10-22 21:45:00+00:00,696
2025-10-22 22:00:00+00:00,696
2025-10-22 22:15:00+00:00,697
2025-10-22 22:30:00+00:00,697
2025-10-22 22:45:00+00:00,698
2025-10-22 23:00:00+00:00,698
2025-10-22 23:15:00+00:00,699
2025-10-22 23:30:00+00:00,700
2025-10-22 23:45:00+00:00,700
2025-10-23 00:00:00+00:00,701
2025-10-23 00:15:00+00:00,702
2025-10-23 00:30:00+00:00,702
2025-10-23 00:45:00+00:00,703
2025-10-23 01:00:00+00:00,704
2025-10-23 01:15:00+00:00,704
2025-10-23 01:30:00+00:00,705
2025-10-23 01:45:00+00:00,705
2025-10-23 02:00:00+00:00,706
2025-10-23 02:15:00+00:00,706
2025-10-23 02:30:00+00:00,707
2025-10-23 02:45:00+00:00,707
2025-10-23 03:00:00+00:00,707
2025-10-23 03:15:00+00:00,707
2025-10-23 03:30:00+00:00,707
2025-10-23 03:45:00+00:00,707
2025-10-23 04:00:00+00:00,707
2025-10-23 04:15:00+00:00,707
2025-10-23 04:30:00+00:00,707
2025-10-23 04:45:00+00:00,707
2025-10-23 05:00:00+00:00,707
2025-10-23 05:15:00+00:00,706
2025-10-23 05:30:00+00:00,706
2025-10-23 05:45:00+00:00,706
2025-10-23 06:00:00+00:00,706
2025-10-23 06:15:00+00:00,705
2025-10-23 06:30:00+00:00,705
2025-10-23 06:45:00+00:00,705
2025-10-23 07:00:00+00:00,705
2025-10-23 07:15:00+00:00,705
2025-10-23 07:30:00+00:00,704
2025-10-23 07:45:00+00:00,704
2025-10-23 08:00:00+00:00,704
2025-10-23 08:15:00+00:00,704
2025-10-23 08:30:00+00:00,703
2025-10-23 08:45:00+00:00,703
2025-10-23 09:00:00+00:00,703
2025-10-23 09:15:00+00:00,703
2025-10-23 09:30:00+00:00,703
2025-10-23 09:45:00+00:00,702
2025-10-23 10:00:00+00:00,702
2025-10-23 10:15:00+00:00,702
2025-10-23 10:30:00+00:00,702
2025-10-23 10:45:00+00:00,702
2025-10-23 11:00:00+00:00,701
2025-10-23 11:15:00+00:00,701
2025-10-23 11:30:00+00:00,701
2025-10-23 11:45:00+00:00,701
2025-10-23 12:00:00+00:00,701
2025-10-23 12:15:00+00:00,701
2025-10-23 12:30:00+00:00,701
2025-10-23 12:45:00+00:00,701
2025-10-23 13:00:00+00:00,701
2025-10-23 13:15:00+00:00,701
2025-10-23 13:30:00+00:00,701
2025-10-23 13:45:00+00:00,701
2025-10-23 14:00:00+00:00,701
2025-10-23 14:15:00+00:00,702
2025-10-23 14:30:00+00:00,702
2025-10-23 14:45:00+00:00,702
2025-10-23 15:00:00+00:00,703
2025-10-23 15:15:00+00:00,703
2025-10-23 15:30:00+00:00,704
2025-10-23 15:45:00+00:00,704
2025-10-23 16:00:00+00:00,704
2025-10-23 16:15:00+00:00,705
2025-10-23 16:30:00+00:00,705
2025-10-23 16:45:00+00:00,706
2025-10-23 17:00:00+00:00,706
2025-10-23 17:15:00+00:00,706
2025-10-23 17:30:00+00:00,706
2025-10-23 17:45:00+00:00,707
2025-10-23 18:00:00+00:00,707
2025-10-23 18:15:00+00:00,708
2025-10-23 18:30:00+00:00,708
2025-10-23 18:45:00+00:00,709
2025-10-23 19:00:00+00:00,709
2025-10-23 19:15:00+00:00,709
2025-10-23 19:30:00+00:00,709
2025-10-23 19:45:00+00:00,710
2025-10-23 20:00:00+00:00,710
2025-10-23 20:15:00+00:00,710
2025-10-23 20:30:00+00:00,711
2025-10-23 20:45:00+00:00,711
2025-10-23 21:00:00+00:00,711
2025-10-23 21:15:00+00:00,711
2025-10-23 21:30:00+00:00,712
2025-10-23 21:45:00+00:00,712
2025-10-23 22:00:00+00:00,712
2025-10-23 22:15:00+00:00,713
2025-10-23 22:30:00+00:00,713
2025-10-23 22:45:00+00:00,714
2025-10-23 23:00:00+00:00,714
2025-10-23 23:15:00+00:00,715
2025-10-23 23:30:00+00:00,715
2025-10-23 23:45:00+00:00,716
2025-10-24 00:00:00+00:00,716
2025-10-24 00:15:00+00:00,716
2025-10-24 00:30:00+00:00,717
2025-10-24 00:45:00+00:00,717
2025-10-24 01:00:00+00:00,718
2025-10-24 01:15:00+00:00,719
2025-10-24 01:30:00+00:00,719
2025-10-24 01:45:00+00:00,720
2025-10-24 02:00:00+00:00,721
2025-10-24 02:15:00+00:00,721
2025-10-24 02:30:00+00:00,722
2025-10-24 02:45:00+00:00,722
2025-10-24 03:00:00+00:00,722
2025-10-24 03:15:00+00:00,723
2025-10-24 03:30:00+00:00,723
2025-10-24 03:45:00+00:00,723
2025-10-24 04:00:00+00:00,724
2025-10-24 04:15:00+00:00,724
2025-10-24 04:30:00+00:00,724
2025-10-24 04:45:00+00:00,724
2025-10-24 05:00:00+00:00,725
2025-10-24 05:15:00+00:00,725
2025-10-24 05:30:00+00:00,725
2025-10-24 05:45:00+00:00,725
2025-10-24 06:00:00+00:00,725
2025-10-24 06:15:00+00:00,725
2025-10-24 06:30:00+00:00,725
2025-10-24 06:45:00+00:00,725
2025-10-24 07:00:00+00:00,724
2025-10-24 07:15:00+00:00,725
2025-10-24 07:30:00+00:00,725
2025-10-24 07:45:00+00:00,725
2025-10-24 08:00:00+00:00,726
2025-10-24 08:15:00+00:00,726
2025-10-24 08:30:00+00:00,726
2025-10-24 08:45:00+00:00,726
2025-10-24 09:00:00+00:00,726
2025-10-24 09:15:00+00:00,726
2025-10-24 09:30:00+00:00,726
2025-10-24 09:45:00+00:00,726
2025-10-24 10:00:00+00:00,725
2025-10-24 10:15:00+00:00,725
2025-10-24 10:30:00+00:00,725
2025-10-24 10:45:00+00:00,725
2025-10-24 11:00:00+00:00,725
2025-10-24 11:15:00+00:00,725
2025-10-24 11:30:00+00:00,725
2025-10-24 11:45:00+00:00,725
2025-10-24 12:00:00+00:00,725
2025-10-24 12:15:00+00:00,725
2025-10-24 12:30:00+00:00,725
2025-10-24 12:45:00+00:00,725
2025-10-24 13:00:00+00:00,726
2025-10-24 13:15:00+00:00,726
2025-10-24 13:30:00+00:00,726
2025-10-24 13:45:00+00:00,727
2025-10-24 14:00:00+00:00,728
2025-10-24 14:15:00+00:00,728
2025-10-24 14:30:00+00:00,729
2025-10-24 14:45:00+00:00,729
2025-10-24 15:00:00+00:00,729
2025-10-24 15:15:00+00:00,730
2025-10-24 15:30:00+00:00,730
2025-10-24 15:45:00+00:00,730
2025-10-24 16:00:00+00:00,730
2025-10-24 16:15:00+00:00,730
2025-10-24 16:30:00+00:00,729
2025-10-24 16:45:00+00:00,729
2025-10-24 17:00:00+00:00,729
2025-10-24 17:15:00+00:00,729
2025-10-24 17:30:00+00:00,729
2025-10-24 17:45:00+00:00,729
2025-10-24 18:00:00+00:00,729
2025-10-24 18:15:00+00:00,729
2025-10-24 18:30:00+00:00,728
2025-10-24 18:45:00+00:00,728
2025-10-24 19:00:00+00:00,728
2025-10-24 19:15:00+00:00,728
2025-10-24 19:30:00+00:00,728
2025-10-24 19:45:00+00:00,728
2025-10-24 20:00:00+00:00,727
2025-10-24 20:15:00+00:00,727
2025-10-24 20:30:00+00:00,728
2025-10-24 20:45:00+00:00,727
2025-10-24 21:00:00+00:00,727
2025-10-24 21:15:00+00:00,727
2025-10-24 21:30:00+00:00,727
2025-10-24 21:45:00+00:00,727
2025-10-24 22:00:00+00:00,728
2025-10-24 22:15:00+00:00,728
2025-10-24 22:30:00+00:00,728
2025-10-24 22:45:00+00:00,729
2025-10-24 23:00:00+00:00,729
2025-10-24 23:15:00+00:00,729
2025-10-24 23:30:00+00:00,730
2025-10-24 23:45:00+00:00,730
2025-10-25 00:00:00+00:00,730
2025-10-25 00:15:00+00:00,731
2025-10-25 00:30:00+00:00,731
2025-10-25 00:45:00+00:00,731
2025-10-25 01:00:00+00:00,731
2025-10-25 01:15:00+00:00,731
2025-10-25 01:30:00+00:00,731
2025-10-25 01:45:00+00:00,731
2025-10-25 02:00:00+00:00,731
2025-10-25 02:15:00+00:00,731
2025-10-25 02:30:00+00:00,731
2025-10-25 02:45:00+00:00,731
2025-10-25 03:00:00+00:00,731
2025-10-25 03:15:00+00:00,731
2025-10-25 03:30:00+00:00,731
2025-10-25 03:45:00+00:00,730
2025-10-25 04:00:00+00:00,730
2025-10-25 04:15:00+00:00,730
2025-10-25 04:30:00+00:00,730
2025-10-25 04:45:00+00:00,730
2025-10-25 05:00:00+00:00,730
2025-10-25 05:15:00+00:00,730
2025-10-25 05:30:00+00:00,730
2025-10-25 05:45:00+00:00,729
2025-10-25 06:00:00+00:00,729
2025-10-25 06:15:00+00:00,729
2025-10-25 06:30:00+00:00,729
2025-10-25 06:45:00+00:00,728
2025-10-25 07:00:00+00:00,728
2025-10-25 07:15:00+00:00,728
2025-10-25 07:30:00+00:00,727
2025-10-25 07:45:00+00:00,727
2025-10-25 08:00:00+00:00,726
2025-10-25 08:15:00+00:00,725
2025-10-25 08:30:00+00:00,725
2025-10-25 08:45:00+00:00,724
2025-10-25 09:00:00+00:00,723
2025-10-25 09:15:00+00:00,722
2025-10-25 09:30:00+00:00,722
2025-10-25 09:45:00+00:00,722
2025-10-25 10:00:00+00:00,723
2025-10-25 10:15:00+00:00,723
2025-10-25 10:30:00+00:00,722
2025-10-25 10:45:00+00:00,719
2025-10-25 11:00:00+00:00,717
2025-10-25 11:15:00+00:00,717
2025-10-25 11:30:00+00:00,718
2025-10-25 11:45:00+00:00,719
2025-10-25 12:00:00+00:00,720
2025-10-25 12:15:00+00:00,720
2025-10-25 12:30:00+00:00,720
2025-10-25 12:45:00+00:00,719
2025-10-25 13:00:00+00:00,718
2025-10-25 13:15:00+00:00,716
2025-10-25 13:30:00+00:00,714
2025-10-25 13:45:00+00:00,711
2025-10-25 14:00:00+00:00,707
2025-10-25 14:15:00+00:00,703
2025-10-25 14:30:00+00:00,698
2025-10-25 14:45:00+00:00,693
2025-10-25 15:00:00+00:00,687
2025-10-25 15:15:00+00:00,681
2025-10-25 15:30:00+00:00,675
2025-10-25 15:45:00+00:00,668
2025-10-25 16:00:00+00:00,662
2025-10-25 16:15:00+00:00,655
2025-10-25 16:30:00+00:00,649
2025-10-25 16:45:00+00:00,643
2025-10-25 17:00:00+00:00,637
2025-10-25 17:15:00+00:00,631
2025-10-25 17:30:00+00:00,625
2025-10-25 17:45:00+00:00,621
2025-10-25 18:00:00+00:00,616
2025-10-25 18:15:00+00:00,611
2025-10-25 18:30:00+00:00,607
2025-10-25 18:45:00+00:00,603
2025-10-25 19:00:00+00:00,600
2025-10-25 19:15:00+00:00,597
2025-10-25 19:30:00+00:00,594
2025-10-25 19:45:00+00:00,592
2025-10-25 20:00:00+00:00,590
2025-10-25 20:15:00+00:00,588
2025-10-25 20:30:00+00:00,587
2025-10-25 20:45:00+00:00,585
2025-10-25 21:00:00+00:00,584
2025-10-25 21:15:00+00:00,583
2025-10-25 21:30:00+00:00,583
2025-10-25 21:45:00+00:00,582
2025-10-25 22:00:00+00:00,582
2025-10-25 22:15:00+00:00,581
2025-10-25 22:30:00+00:00,581
2025-10-25 22:45:00+00:00,581
2025-10-25 23:00:00+00:00,581
2025-10-25 23:15:00+00:00,581
2025-10-25 23:30:00+00:00,581
2025-10-25 23:45:00+00:00,581
2025-10-26 00:00:00+00:00,581
2025-10-26 00:15:00+00:00,582
2025-10-26 00:30:00+00:00,582
2025-10-26 00:45:00+00:00,582
2025-10-26 01:00:00+00:00,582
2025-10-26 01:15:00+00:00,582
2025-10-26 01:30:00+00:00,582
2025-10-26 01:45:00+00:00,582
2025-10-26 02:00:00+00:00,582
2025-10-26 02:15:00+00:00,582
2025-10-26 02:30:00+00:00,582
2025-10-26 02:45:00+00:00,582
2025-10-26 03:00:00+00:00,582
2025-10-26 03:15:00+00:00,582
2025-10-26 03:30:00+00:00,581
2025-10-26 03:45:00+00:00,581
2025-10-26 04:00:00+00:00,580
2025-10-26 04:15:00+00:00,580
2025-10-26 04:30:00+00:00,579
2025-10-26 04:45:00+00:00,579
2025-10-26 05:00:00+00:00,578
2025-10-26 05:15:00+00:00,577
2025-10-26 05:30:00+00:00,577
2025-10-26 05:45:00+00:00,576
2025-10-26 06:00:00+00:00,576
2025-10-26 06:15:00+00:00,575
2025-10-26 06:30:00+00:00,574
2025-10-26 06:45:00+00:00,574
2025-10-26 07:00:00+00:00,573
2025-10-26 07:15:00+00:00,572
2025-10-26 07:30:00+00:00,571
2025-10-26 07:45:00+00:00,570
2025-10-26 08:00:00+00:00,570
2025-10-26 08:15:00+00:00,569
2025-10-26 08:30:00+00:00,569
2025-10-26 08:45:00+00:00,568
2025-10-26 09:00:00+00:00,568
2025-10-26 09:15:00+00:00,567
2025-10-26 09:30:00+00:00,567
2025-10-26 09:45:00+00:00,567
2025-10-26 10:00:00+00:00,566
2025-10-26 10:15:00+00:00,566
2025-10-26 10:30:00+00:00,565
2025-10-26 10:45:00+00:00,565
2025-10-26 11:00:00+00:00,565
2025-10-26 11:15:00+00:00,565
2025-10-26 11:30:00+00:00,564
2025-10-26 11:45:00+00:00,564
2025-10-26 12:00:00+00:00,564
2025-10-26 12:15:00+00:00,564
2025-10-26 12:30:00+00:00,564
2025-10-26 12:45:00+00:00,564
2025-10-26 13:00:00+00:00,564
2025-10-26 13:15:00+00:00,565
2025-10-26 13:30:00+00:00,565
2025-10-26 13:45:00+00:00,565
2025-10-26 14:00:00+00:00,565
2025-10-26 14:15:00+00:00,565
2025-10-26 14:30:00+00:00,565
2025-10-26 14:45:00+00:00,565
2025-10-26 15:00:00+00:00,565
2025-10-26 15:15:00+00:00,566
2025-10-26 15:30:00+00:00,566
2025-10-26 15:45:00+00:00,566
2025-10-26 16:00:00+00:00,566
2025-10-26 16:15:00+00:00,566
2025-10-26 16:30:00+00:00,566
2025-10-26 16:45:00+00:00,566
2025-10-26 17:00:00+00:00,566
2025-10-26 17:15:00+00:00,566
2025-10-26 17:30:00+00:00,566
2025-10-26 17:45:00+00:00,566
2025-10-26 18:00:00+00:00,566
2025-10-26 18:15:00+00:00,566
2025-10-26 18:30:00+00:00,566
2025-10-26 18:45:00+00:00,566
2025-10-26 19:00:00+00:00,566
2025-10-26 19:15:00+00:00,566
2025-10-26 19:30:00+00:00,566
2025-10-26 19:45:00+00:00,566
2025-10-26 20:00:00+00:00,566
2025-10-26 20:15:00+00:00,566
2025-10-26 20:30:00+00:00,566
2025-10-26 20:45:00+00:00,566
2025-10-26 21:00:00+00:00,567
2025-10-26 21:15:00+00:00,567
2025-10-26 21:30:00+00:00,567
2025-10-26 21:45:00+00:00,567
2025-10-26 22:00:00+00:00,567
2025-10-26 22:15:00+00:00,567
2025-10-26 22:30:00+00:00,568
2025-10-26 22:45:00+00:00,568
2025-10-26 23:00:00+00:00,568
2025-10-26 23:15:00+00:00,569
2025-10-26 23:30:00+00:00,569
2025-10-26 23:45:00+00:00,569
2025-10-27 00:00:00+00:00,570
2025-10-27 00:15:00+00:00,570
2025-10-27 00:30:00+00:00,570
2025-10-27 00:45:00+00:00,571
2025-10-27 01:00:00+00:00,571
2025-10-27 01:15:00+00:00,571
2025-10-27 01:30:00+00:00,571
2025-10-27 01:45:00+00:00,572
2025-10-27 02:00:00+00:00,572
2025-10-27 02:15:00+00:00,572
2025-10-27 02:30:00+00:00,572
2025-10-27 02:45:00+00:00,572
2025-10-27 03:00:00+00:00,572
2025-10-27 03:15:00+00:00,572
2025-10-27 03:30:00+00:00,572
2025-10-27 03:45:00+00:00,572
2025-10-27 04:00:00+00:00,572
2025-10-27 04:15:00+00:00,572
2025-10-27 04:30:00+00:00,572
2025-10-27 04:45:00+00:00,572
2025-10-27 05:00:00+00:00,572
2025-10-27 05:15:00+00:00,573
2025-10-27 05:30:00+00:00,572
2025-10-27 05:45:00+00:00,572
2025-10-27 06:00:00+00:00,573
2025-10-27 06:15:00+00:00,573
2025-10-27 06:30:00+00:00,573
2025-10-27 06:45:00+00:00,573
2025-10-27 07:00:00+00:00,573
2025-10-27 07:15:00+00:00,573
2025-10-27 07:30:00+00:00,573
2025-10-27 07:45:00+00:00,573
2025-10-27 08:00:00+00:00,574
2025-10-27 08:15:00+00:00,574
2025-10-27 08:30:00+00:00,574
2025-10-27 08:45:00+00:00,575
2025-10-27 09:00:00+00:00,575
2025-10-27 09:15:00+00:00,575
2025-10-27 09:30:00+00:00,575
2025-10-27 09:45:00+00:00,576
2025-10-27 10:00:00+00:00,576
2025-10-27 10:15:00+00:00,576
2025-10-27 10:30:00+00:00,577
2025-10-27 10:45:00+00:00,577
2025-10-27 11:00:00+00:00,578
2025-10-27 11:15:00+00:00,578
2025-10-27 11:30:00+00:00,578
2025-10-27 11:45:00+00:00,579
2025-10-27 12:00:00+00:00,579
2025-10-27 12:15:00+00:00,579
2025-10-27 12:30:00+00:00,580
2025-10-27 12:45:00+00:00,580
2025-10-27 13:00:00+00:00,580
2025-10-27 13:15:00+00:00,580
2025-10-27 13:30:00+00:00,581
2025-10-27 13:45:00+00:00,581
2025-10-27 14:00:00+00:00,581
2025-10-27 14:15:00+00:00,581
2025-10-27 14:30:00+00:00,582
2025-10-27 14:45:00+00:00,582
2025-10-27 15:00:00+00:00,582
2025-10-27 15:15:00+00:00,582
2025-10-27 15:30:00+00:00,582
2025-10-27 15:45:00+00:00,582
2025-10-27 16:00:00+00:00,582
2025-10-27 16:15:00+00:00,582
2025-10-27 16:30:00+00:00,582
2025-10-27 16:45:00+00:00,582
2025-10-27 17:00:00+00:00,582
2025-10-27 17:15:00+00:00,582
2025-10-27 17:30:00+00:00,582
2025-10-27 17:45:00+00:00,582
2025-10-27 18:00:00+00:00,582
2025-10-27 18:15:00+00:00,583
2025-10-27 18:30:00+00:00,583
2025-10-27 18:45:00+00:00,583
2025-10-27 19:00:00+00:00,583
2025-10-27 19:15:00+00:00,583
2025-10-27 19:30:00+00:00,583
2025-10-27 19:45:00+00:00,583
2025-10-27 20:00:00+00:00,583
2025-10-27 20:15:00+00:00,583
2025-10-27 20:30:00+00:00,583
2025-10-27 20:45:00+00:00,583
2025-10-27 21:00:00+00:00,583
2025-10-27 21:15:00+00:00,584
2025-10-27 21:30:00+00:00,584
2025-10-27 21:45:00+00:00,584
2025-10-27 22:00:00+00:00,584
2025-10-27 22:15:00+00:00,584
2025-10-27 22:30:00+00:00,584
2025-10-27 22:45:00+00:00,584
2025-10-27 23:00:00+00:00,584
2025-10-27 23:15:00+00:00,584
2025-10-27 23:30:00+00:00,585
2025-10-27 23:45:00+00:00,585
2025-10-28 00:00:00+00:00,584
2025-10-28 00:15:00+00:00,585
2025-10-28 00:30:00+00:00,585
2025-10-28 00:45:00+00:00,585
2025-10-28 01:00:00+00:00,585
2025-10-28 01:15:00+00:00,585
2025-10-28 01:30:00+00:00,585
2025-10-28 01:45:00+00:00,585
2025-10-28 02:00:00+00:00,585
2025-10-28 02:15:00+00:00,585
2025-10-28 02:30:00+00:00,584
2025-10-28 02:45:00+00:00,585
2025-10-28 03:00:00+00:00,584
2025-10-28 03:15:00+00:00,585
2025-10-28 03:30:00+00:00,585
2025-10-28 03:45:00+00:00,585
2025-10-28 04:00:00+00:00,585
2025-10-28 04:15:00+00:00,585
2025-10-28 04:30:00+00:00,585
2025-10-28 04:45:00+00:00,585
2025-10-28 05:00:00+00:00,585
2025-10-28 05:15:00+00:00,584
2025-10-28 05:30:00+00:00,584
2025-10-28 05:45:00+00:00,584
2025-10-28 06:00:00+00:00,583
2025-10-28 06:15:00+00:00,583
2025-10-28 06:30:00+00:00,583
2025-10-28 06:45:00+00:00,582
2025-10-28 07:00:00+00:00,582
2025-10-28 07:15:00+00:00,581
2025-10-28 07:30:00+00:00,580
2025-10-28 07:45:00+00:00,580
2025-10-28 08:00:00+00:00,579
2025-10-28 08:15:00+00:00,578
2025-10-28 08:30:00+00:00,577
2025-10-28 08:45:00+00:00,576
2025-10-28 09:00:00+00:00,575
2025-10-28 09:15:00+00:00,574
2025-10-28 09:30:00+00:00,574
2025-10-28 09:45:00+00:00,573
2025-10-28 10:00:00+00:00,572
2025-10-28 10:15:00+00:00,571
2025-10-28 10:30:00+00:00,570
2025-10-28 10:45:00+00:00,569
2025-10-28 11:00:00+00:00,568
2025-10-28 11:15:00+00:00,567
2025-10-28 11:30:00+00:00,567
2025-10-28 11:45:00+00:00,566
2025-10-28 12:00:00+00:00,565
2025-10-28 12:15:00+00:00,564
2025-10-28 12:30:00+00:00,563
2025-10-28 12:45:00+00:00,563
2025-10-28 13:00:00+00:00,562
2025-10-28 13:15:00+00:00,561
2025-10-28 13:30:00+00:00,561
2025-10-28 13:45:00+00:00,560
2025-10-28 14:00:00+00:00,560
2025-10-28 14:15:00+00:00,559
2025-10-28 14:30:00+00:00,558
2025-10-28 14:45:00+00:00,558
2025-10-28 15:00:00+00:00,557
2025-10-28 15:15:00+00:00,557
2025-10-28 15:30:00+00:00,556
2025-10-28 15:45:00+00:00,556
2025-10-28 16:00:00+00:00,555
2025-10-28 16:15:00+00:00,554
2025-10-28 16:30:00+00:00,554
2025-10-28 16:45:00+00:00,554
2025-10-28 17:00:00+00:00,553
2025-10-28 17:15:00+00:00,553
2025-10-28 17:30:00+00:00,552
2025-10-28 17:45:00+00:00,552
2025-10-28 18:00:00+00:00,552
2025-10-28 18:15:00+00:00,552
2025-10-28 18:30:00+00:00,552
2025-10-28 18:45:00+00:00,552
2025-10-28 19:00:00+00:00,552
2025-10-28 19:15:00+00:00,552
2025-10-28 19:30:00+00:00,552
2025-10-28 19:45:00+00:00,552
2025-10-28 20:00:00+00:00,552
2025-10-28 20:15:00+00:00,552
2025-10-28 20:30:00+00:00,552
2025-10-28 20:45:00+00:00,552
2025-10-28 21:00:00+00:00,552
2025-10-28 21:15:00+00:00,553
2025-10-28 21:30:00+00:00,553
2025-10-28 21:45:00+00:00,553
2025-10-28 22:00:00+00:00,553
2025-10-28 22:15:00+00:00,553
2025-10-28 22:30:00+00:00,553
2025-10-28 22:45:00+00:00,553
2025-10-28 23:00:00+00:00,554
2025-10-28 23:15:00+00:00,554
2025-10-28 23:30:00+00:00,554
2025-10-28 23:45:00+00:00,555
2025-10-29 00:00:00+00:00,555
2025-10-29 00:15:00+00:00,555
2025-10-29 00:30:00+00:00,555
2025-10-29 00:45:00+00:00,555
2025-10-29 01:00:00+00:00,555
2025-10-29 01:15:00+00:00,555
2025-10-29 01:30:00+00:00,555
2025-10-29 01:45:00+00:00,556
2025-10-29 02:00:00+00:00,556
2025-10-29 02:15:00+00:00,556
2025-10-29 02:30:00+00:00,556
2025-10-29 02:45:00+00:00,557
2025-10-29 03:00:00+00:00,557
2025-10-29 03:15:00+00:00,557
2025-10-29 03:30:00+00:00,557
2025-10-29 03:45:00+00:00,557
2025-10-29 04:00:00+00:00,558
2025-10-29 04:15:00+00:00,558
2025-10-29 04:30:00+00:00,558
2025-10-29 04:45:00+00:00,558
2025-10-29 05:00:00+00:00,558
2025-10-29 05:15:00+00:00,559
2025-10-29 05:30:00+00:00,559
2025-10-29 05:45:00+00:00,559
2025-10-29 06:00:00+00:00,560
2025-10-29 06:15:00+00:00,560
2025-10-29 06:30:00+00:00,561
2025-10-29 06:45:00+00:00,561
2025-10-29 07:00:00+00:00,561
2025-10-29 07:15:00+00:00,562
2025-10-29 07:30:00+00:00,562
2025-10-29 07:45:00+00:00,562
2025-10-29 08:00:00+00:00,562
2025-10-29 08:15:00+00:00,562
2025-10-29 08:30:00+00:00,562
2025-10-29 08:45:00+00:00,563
2025-10-29 09:00:00+00:00,563
2025-10-29 09:15:00+00:00,564
2025-10-29 09:30:00+00:00,564
2025-10-29 09:45:00+00:00,565
2025-10-29 10:00:00+00:00,565
2025-10-29 10:15:00+00:00,565
2025-10-29 10:30:00+00:00,566
2025-10-29 10:45:00+00:00,566
2025-10-29 11:00:00+00:00,567
2025-10-29 11:15:00+00:00,568
2025-10-29 11:30:00+00:00,568
2025-10-29 11:45:00+00:00,568
2025-10-29 12:00:00+00:00,569
2025-10-29 12:15:00+00:00,569
2025-10-29 12:30:00+00:00,569
2025-10-29 12:45:00+00:00,570
2025-10-29 13:00:00+00:00,570
2025-10-29 13:15:00+00:00,570
2025-10-29 13:30:00+00:00,570
2025-10-29 13:45:00+00:00,571
2025-10-29 14:00:00+00:00,571
2025-10-29 14:15:00+00:00,571
2025-10-29 14:30:00+00:00,572
2025-10-29 14:45:00+00:00,571
2025-10-29 15:00:00+00:00,571
2025-10-29 15:15:00+00:00,570
2025-10-29 15:30:00+00:00,570
2025-10-29 15:45:00+00:00,569
2025-10-29 16:00:00+00:00,568
2025-10-29 16:15:00+00:00,569
2025-10-29 16:30:00+00:00,568
2025-10-29 16:45:00+00:00,568
2025-10-29 17:00:00+00:00,568
2025-10-29 17:15:00+00:00,567
2025-10-29 17:30:00+00:00,567
2025-10-29 17:45:00+00:00,567
2025-10-29 18:00:00+00:00,567
2025-10-29 18:15:00+00:00,567
2025-10-29 18:30:00+00:00,567
2025-10-29 18:45:00+00:00,566
2025-10-29 19:00:00+00:00,566
2025-10-29 19:15:00+00:00,566
2025-10-29 19:30:00+00:00,566
2025-10-29 19:45:00+00:00,566
2025-10-29 20:00:00+00:00,566
2025-10-29 20:15:00+00:00,566
2025-10-29 20:30:00+00:00,566
2025-10-29 20:45:00+00:00,566
2025-10-29 21:00:00+00:00,566
2025-10-29 21:15:00+00:00,566
2025-10-29 21:30:00+00:00,566
2025-10-29 21:45:00+00:00,566
2025-10-29 22:00:00+00:00,566
2025-10-29 22:15:00+00:00,566
2025-10-29 22:30:00+00:00,566
2025-10-29 22:45:00+00:00,566
2025-10-29 23:00:00+00:00,566
2025-10-29 23:15:00+00:00,566
2025-10-29 23:30:00+00:00,566
2025-10-29 23:45:00+00:00,566
2025-10-30 00:00:00+00:00,567
2025-10-30 00:15:00+00:00,567
2025-10-30 00:30:00+00:00,567
2025-10-30 00:45:00+00:00,567
2025-10-30 01:00:00+00:00,567
2025-10-30 01:15:00+00:00,567
2025-10-30 01:30:00+00:00,566
2025-10-30 01:45:00+00:00,566
2025-10-30 02:00:00+00:00,566
2025-10-30 02:15:00+00:00,566
2025-10-30 02:30:00+00:00,566
2025-10-30 02:45:00+00:00,566
2025-10-30 03:00:00+00:00,566
2025-10-30 03:15:00+00:00,566
2025-10-30 03:30:00+00:00,566
2025-10-30 03:45:00+00:00,566
2025-10-30 04:00:00+00:00,566
2025-10-30 04:15:00+00:00,566
2025-10-30 04:30:00+00:00,566
2025-10-30 04:45:00+00:00,566
2025-10-30 05:00:00+00:00,566
2025-10-30 05:15:00+00:00,566
2025-10-30 05:30:00+00:00,566
2025-10-30 05:45:00+00:00,566
2025-10-30 06:00:00+00:00,566
2025-10-30 06:15:00+00:00,567
2025-10-30 06:30:00+00:00,567
2025-10-30 06:45:00+00:00,566
2025-10-30 07:00:00+00:00,567
2025-10-30 07:15:00+00:00,567
2025-10-30 07:30:00+00:00,567
2025-10-30 07:45:00+00:00,567
2025-10-30 08:00:00+00:00,567
2025-10-30 08:15:00+00:00,567
2025-10-30 08:30:00+00:00,567
2025-10-30 08:45:00+00:00,568
2025-10-30 09:00:00+00:00,568
2025-10-30 09:15:00+00:00,568
2025-10-30 09:30:00+00:00,569
2025-10-30 09:45:00+00:00,569
2025-10-30 10:00:00+00:00,570
2025-10-30 10:15:00+00:00,571
2025-10-30 10:30:00+00:00,572
2025-10-30 10:45:00+00:00,573
2025-10-30 11:00:00+00:00,574
2025-10-30 11:15:00+00:00,575
2025-10-30 11:30:00+00:00,576
2025-10-30 11:45:00+00:00,576
2025-10-30 12:00:00+00:00,578
2025-10-30 12:15:00+00:00,579
2025-10-30 12:30:00+00:00,580
2025-10-30 12:45:00+00:00,581
2025-10-30 13:00:00+00:00,582
2025-10-30 13:15:00+00:00,583
2025-10-30 13:30:00+00:00,585
2025-10-30 13:45:00+00:00,586
2025-10-30 14:00:00+00:00,587
2025-10-30 14:15:00+00:00,588
2025-10-30 14:30:00+00:00,590
2025-10-30 14:45:00+00:00,591
2025-10-30 15:00:00+00:00,592
2025-10-30 15:15:00+00:00,594
2025-10-30 15:30:00+00:00,595
2025-10-30 15:45:00+00:00,596
2025-10-30 16:00:00+00:00,598
2025-10-30 16:15:00+00:00,599
2025-10-30 16:30:00+00:00,600
2025-10-30 16:45:00+00:00,602
2025-10-30 17:00:00+00:00,603
2025-10-30 17:15:00+00:00,605
2025-10-30 17:30:00+00:00,606
2025-10-30 17:45:00+00:00,608
2025-10-30 18:00:00+00:00,609
2025-10-30 18:15:00+00:00,611
2025-10-30 18:30:00+00:00,612
2025-10-30 18:45:00+00:00,614
2025-10-30 19:00:00+00:00,615
2025-10-30 19:15:00+00:00,616
2025-10-30 19:30:00+00:00,618
2025-10-30 19:45:00+00:00,620
2025-10-30 20:00:00+00:00,621
2025-10-30 20:15:00+00:00,623
2025-10-30 20:30:00+00:00,624
2025-10-30 20:45:00+00:00,626
2025-10-30 21:00:00+00:00,627
2025-10-30 21:15:00+00:00,629
2025-10-30 21:30:00+00:00,630
2025-10-30 21:45:00+00:00,632
2025-10-30 22:00:00+00:00,633
2025-10-30 22:15:00+00:00,634
2025-10-30 22:30:00+00:00,636
2025-10-30 22:45:00+00:00,638
2025-10-30 23:00:00+00:00,640
2025-10-30 23:15:00+00:00,642
2025-10-30 23:30:00+00:00,644
2025-10-30 23:45:00+00:00,646
2025-10-31 00:00:00+00:00,648
2025-10-31 00:15:00+00:00,650
2025-10-31 00:30:00+00:00,652
2025-10-31 00:45:00+00:00,653
2025-10-31 01:00:00+00:00,655
2025-10-31 01:15:00+00:00,657
2025-10-31 01:30:00+00:00,658
2025-10-31 01:45:00+00:00,660
2025-10-31 02:00:00+00:00,661
2025-10-31 02:15:00+00:00,662
2025-10-31 02:30:00+00:00,663
2025-10-31 02:45:00+00:00,664
2025-10-31 03:00:00+00:00,665
2025-10-31 03:15:00+00:00,666
2025-10-31 03:30:00+00:00,667
2025-10-31 03:45:00+00:00,668
2025-10-31 04:00:00+00:00,669
2025-10-31 04:15:00+00:00,669
2025-10-31 04:30:00+00:00,670
2025-10-31 04:45:00+00:00,670
2025-10-31 05:00:00+00:00,670
2025-10-31 05:15:00+00:00,671
2025-10-31 05:30:00+00:00,671
2025-10-31 05:45:00+00:00,671
2025-10-31 06:00:00+00:00,671
2025-10-31 06:15:00+00:00,671
2025-10-31 06:30:00+00:00,671
2025-10-31 06:45:00+00:00,672
2025-10-31 07:00:00+00:00,672
2025-10-31 07:15:00+00:00,672
2025-10-31 07:30:00+00:00,672
2025-10-31 07:45:00+00:00,672
2025-10-31 08:00:00+00:00,672
2025-10-31 08:15:00+00:00,672
2025-10-31 08:30:00+00:00,672
2025-10-31 08:45:00+00:00,672
2025-10-31 09:00:00+00:00,671
2025-10-31 09:15:00+00:00,671
2025-10-31 09:30:00+00:00,671
2025-10-31 09:45:00+00:00,671
2025-10-31 10:00:00+00:00,670
2025-10-31 10:15:00+00:00,670
2025-10-31 10:30:00+00:00,670
2025-10-31 10:45:00+00:00,671
2025-10-31 11:00:00+00:00,671
2025-10-31 11:15:00+00:00,671
2025-10-31 11:30:00+00:00,671
2025-10-31 11:45:00+00:00,672
2025-10-31 12:00:00+00:00,673
2025-10-31 12:15:00+00:00,673
2025-10-31 12:30:00+00:00,674
2025-10-31 12:45:00+00:00,675
2025-10-31 13:00:00+00:00,675
2025-10-31 13:15:00+00:00,676
2025-10-31 13:30:00+00:00,677
2025-10-31 13:45:00+00:00,677
2025-10-31 14:00:00+00:00,678
2025-10-31 14:15:00+00:00,678
2025-10-31 14:30:00+00:00,679
2025-10-31 14:45:00+00:00,680
2025-10-31 15:00:00+00:00,680
2025-10-31 15:15:00+00:00,681
2025-10-31 15:30:00+00:00,681
2025-10-31 15:45:00+00:00,682
2025-10-31 16:00:00+00:00,682
2025-10-31 16:15:00+00:00,683
2025-10-31 16:30:00+00:00,683
2025-10-31 16:45:00+00:00,683
2025-10-31 17:00:00+00:00,684
2025-10-31 17:15:00+00:00,684
2025-10-31 17:30:00+00:00,684
2025-10-31 17:45:00+00:00,685
2025-10-31 18:00:00+00:00,685
2025-10-31 18:15:00+00:00,685
2025-10-31 18:30:00+00:00,685
2025-10-31 18:45:00+00:00,685
2025-10-31 19:00:00+00:00,686
2025-10-31 19:15:00+00:00,686
2025-10-31 19:30:00+00:00,686
2025-10-31 19:45:00+00:00,686
2025-10-31 20:00:00+00:00,686
2025-10-31 20:15:00+00:00,687
2025-10-31 20:30:00+00:00,687
2025-10-31 20:45:00+00:00,687
2025-10-31 21:00:00+00:00,687
2025-10-31 21:15:00+00:00,687
2025-10-31 21:30:00+00:00,688
2025-10-31 21:45:00+00:00,688
2025-10-31 22:00:00+00:00,688
2025-10-31 22:15:00+00:00,688
2025-10-31 22:30:00+00:00,689
2025-10-31 22:45:00+00:00,689
2025-10-31 23:00:00+00:00,689
2025-10-31 23:15:00+00:00,690
2025-10-31 23:30:00+00:00,690
2025-10-31 23:45:00+00:00,691
2025-11-01 00:00:00+00:00,691
2025-11-01 00:15:00+00:00,692
2025-11-01 00:30:00+00:00,692
2025-11-01 00:45:00+00:00,692
2025-11-01 01:00:00+00:00,693
2025-11-01 01:15:00+00:00,693
2025-11-01 01:30:00+00:00,693
2025-11-01 01:45:00+00:00,694
2025-11-01 02:00:00+00:00,694
2025-11-01 02:15:00+00:00,694
2025-11-01 02:30:00+00:00,694
2025-11-01 02:45:00+00:00,694
2025-11-01 03:00:00+00:00,694
2025-11-01 03:15:00+00:00,694
2025-11-01 03:30:00+00:00,694
2025-11-01 03:45:00+00:00,694
2025-11-01 04:00:00+00:00,694
2025-11-01 04:15:00+00:00,694
2025-11-01 04:30:00+00:00,695
2025-11-01 04:45:00+00:00,695
2025-11-01 05:00:00+00:00,695
2025-11-01 05:15:00+00:00,695
2025-11-01 05:30:00+00:00,696
2025-11-01 05:45:00+00:00,696
2025-11-01 06:00:00+00:00,697
2025-11-01 06:15:00+00:00,697
2025-11-01 06:30:00+00:00,697
2025-11-01 06:45:00+00:00,698
2025-11-01 07:00:00+00:00,698
2025-11-01 07:15:00+00:00,698
2025-11-01 07:30:00+00:00,699
2025-11-01 07:45:00+00:00,699
2025-11-01 08:00:00+00:00,698
2025-11-01 08:15:00+00:00,698
2025-11-01 08:30:00+00:00,698
2025-11-01 08:45:00+00:00,697
2025-11-01 09:00:00+00:00,697
2025-11-01 09:15:00+00:00,697
2025-11-01 09:30:00+00:00,697
2025-11-01 09:45:00+00:00,697
2025-11-01 10:00:00+00:00,697
2025-11-01 10:15:00+00:00,697
2025-11-01 10:30:00+00:00,697
2025-11-01 10:45:00+00:00,697
2025-11-01 11:00:00+00:00,697
2025-11-01 11:15:00+00:00,697
2025-11-01 11:30:00+00:00,697
2025-11-01 11:45:00+00:00,697
2025-11-01 12:00:00+00:00,697
2025-11-01 12:15:00+00:00,697
2025-11-01 12:30:00+00:00,698
2025-11-01 12:45:00+00:00,698
2025-11-01 13:00:00+00:00,698
2025-11-01 13:15:00+00:00,699
2025-11-01 13:30:00+00:00,700
2025-11-01 13:45:00+00:00,700
2025-11-01 14:00:00+00:00,701
2025-11-01 14:15:00+00:00,701
2025-11-01 14:30:00+00:00,702
2025-11-01 14:45:00+00:00,703
2025-11-01 15:00:00+00:00,703
2025-11-01 15:15:00+00:00,703
2025-11-01 15:30:00+00:00,704
2025-11-01 15:45:00+00:00,704
2025-11-01 16:00:00+00:00,705
2025-11-01 16:15:00+00:00,705
2025-11-01 16:30:00+00:00,706
2025-11-01 16:45:00+00:00,706
2025-11-01 17:00:00+00:00,707
2025-11-01 17:15:00+00:00,708
2025-11-01 17:30:00+00:00,708
2025-11-01 17:45:00+00:00,709
2025-11-01 18:00:00+00:00,709
2025-11-01 18:15:00+00:00,710
2025-11-01 18:30:00+00:00,711
2025-11-01 18:45:00+00:00,711
2025-11-01 19:00:00+00:00,712
2025-11-01 19:15:00+00:00,712
2025-11-01 19:30:00+00:00,713
2025-11-01 19:45:00+00:00,713
2025-11-01 20:00:00+00:00,714
2025-11-01 20:15:00+00:00,714
2025-11-01 20:30:00+00:00,715
2025-11-01 20:45:00+00:00,715
2025-11-01 21:00:00+00:00,716
2025-11-01 21:15:00+00:00,716
2025-11-01 21:30:00+00:00,717
2025-11-01 21:45:00+00:00,717
2025-11-01 22:00:00+00:00,718
2025-11-01 22:15:00+00:00,718
2025-11-01 22:30:00+00:00,719
2025-11-01 22:45:00+00:00,719
2025-11-01 23:00:00+00:00,720
2025-11-01 23:15:00+00:00,721
2025-11-01 23:30:00+00:00,722
2025-11-01 23:45:00+00:00,723
2025-11-02 00:00:00+00:00,723
2025-11-02 00:15:00+00:00,724
2025-11-02 00:30:00+00:00,725
2025-11-02 00:45:00+00:00,725
2025-11-02 01:00:00+00:00,726
2025-11-02 01:15:00+00:00,727
2025-11-02 01:30:00+00:00,727
2025-11-02 01:45:00+00:00,727
2025-11-02 02:00:00+00:00,728
2025-11-02 02:15:00+00:00,728
2025-11-02 02:30:00+00:00,728
2025-11-02 02:45:00+00:00,728
2025-11-02 03:00:00+00:00,728
2025-11-02 03:15:00+00:00,729
2025-11-02 03:30:00+00:00,728
2025-11-02 03:45:00+00:00,729
2025-11-02 04:00:00+00:00,728
2025-11-02 04:15:00+00:00,728
2025-11-02 04:30:00+00:00,728
2025-11-02 04:45:00+00:00,728
2025-11-02 05:00:00+00:00,728
2025-11-02 05:15:00+00:00,728
2025-11-02 05:30:00+00:00,728
2025-11-02 05:45:00+00:00,727
2025-11-02 06:00:00+00:00,727
2025-11-02 06:15:00+00:00,727
2025-11-02 06:30:00+00:00,727
2025-11-02 06:45:00+00:00,727
2025-11-02 07:00:00+00:00,727
2025-11-02 07:15:00+00:00,727
2025-11-02 07:30:00+00:00,727
2025-11-02 07:45:00+00:00,727
2025-11-02 08:00:00+00:00,727
2025-11-02 08:15:00+00:00,726
2025-11-02 08:30:00+00:00,726
2025-11-02 08:45:00+00:00,726
2025-11-02 09:00:00+00:00,725
2025-11-02 09:15:00+00:00,724
2025-11-02 09:30:00+00:00,724
2025-11-02 09:45:00+00:00,723
2025-11-02 10:00:00+00:00,723
2025-11-02 10:15:00+00:00,722
2025-11-02 10:30:00+00:00,721
2025-11-02 10:45:00+00:00,721
2025-11-02 11:00:00+00:00,720
2025-11-02 11:15:00+00:00,720
2025-11-02 11:30:00+00:00,720
2025-11-02 11:45:00+00:00,720
2025-11-02 12:00:00+00:00,720
2025-11-02 12:15:00+00:00,720
2025-11-02 12:30:00+00:00,720
2025-11-02 12:45:00+00:00,720
2025-11-02 13:00:00+00:00,720
2025-11-02 13:15:00+00:00,720
2025-11-02 13:30:00+00:00,720
2025-11-02 13:45:00+00:00,720
2025-11-02 14:00:00+00:00,720
2025-11-02 14:15:00+00:00,720
2025-11-02 14:30:00+00:00,721
2025-11-02 14:45:00+00:00,721
2025-11-02 15:00:00+00:00,721
2025-11-02 15:15:00+00:00,721
2025-11-02 15:30:00+00:00,721
2025-11-02 15:45:00+00:00,721
2025-11-02 16:00:00+00:00,721
2025-11-02 16:15:00+00:00,721
2025-11-02 16:30:00+00:00,721
2025-11-02 16:45:00+00:00,721
2025-11-02 17:00:00+00:00,721
2025-11-02 17:15:00+00:00,721
2025-11-02 17:30:00+00:00,721
2025-11-02 17:45:00+00:00,720
2025-11-02 18:00:00+00:00,721
2025-11-02 18:15:00+00:00,720
2025-11-02 18:30:00+00:00,721
2025-11-02 18:45:00+00:00,721
2025-11-02 19:00:00+00:00,721
2025-11-02 19:15:00+00:00,721
2025-11-02 19:30:00+00:00,721
2025-11-02 19:45:00+00:00,721
2025-11-02 20:00:00+00:00,721
2025-11-02 20:15:00+00:00,722
2025-11-02 20:30:00+00:00,722
2025-11-02 20:45:00+00:00,722
2025-11-02 21:00:00+00:00,722
2025-11-02 21:15:00+00:00,722
2025-11-02 21:30:00+00:00,723
2025-11-02 21:45:00+00:00,723
2025-11-02 22:00:00+00:00,723
2025-11-02 22:15:00+00:00,723
2025-11-02 22:30:00+00:00,724
2025-11-02 22:45:00+00:00,724
2025-11-02 23:00:00+00:00,724
2025-11-02 23:15:00+00:00,725
2025-11-02 23:30:00+00:00,725
2025-11-02 23:45:00+00:00,726
2025-11-03 00:00:00+00:00,726
2025-11-03 00:15:00+00:00,727
2025-11-03 00:30:00+00:00,727
2025-11-03 00:45:00+00:00,728
2025-11-03 01:00:00+00:00,728
2025-11-03 01:15:00+00:00,729
2025-11-03 01:30:00+00:00,729
2025-11-03 01:45:00+00:00,729
2025-11-03 02:00:00+00:00,730
2025-11-03 02:15:00+00:00,730
2025-11-03 02:30:00+00:00,731
2025-11-03 02:45:00+00:00,731
2025-11-03 03:00:00+00:00,731
2025-11-03 03:15:00+00:00,732
2025-11-03 03:30:00+00:00,732
2025-11-03 03:45:00+00:00,733
2025-11-03 04:00:00+00:00,733
2025-11-03 04:15:00+00:00,733
2025-11-03 04:30:00+00:00,734
2025-11-03 04:45:00+00:00,734
2025-11-03 05:00:00+00:00,734
2025-11-03 05:15:00+00:00,735
2025-11-03 05:30:00+00:00,735
2025-11-03 05:45:00+00:00,735
2025-11-03 06:00:00+00:00,735
2025-11-03 06:15:00+00:00,735
2025-11-03 06:30:00+00:00,735
2025-11-03 06:45:00+00:00,736
2025-11-03 07:00:00+00:00,736
2025-11-03 07:15:00+00:00,736
2025-11-03 07:30:00+00:00,736
2025-11-03 07:45:00+00:00,737
2025-11-03 08:00:00+00:00,737
2025-11-03 08:15:00+00:00,737
2025-11-03 08:30:00+00:00,737
2025-11-03 08:45:00+00:00,737
2025-11-03 09:00:00+00:00,737
2025-11-03 09:15:00+00:00,737
2025-11-03 09:30:00+00:00,737
2025-11-03 09:45:00+00:00,736
2025-11-03 10:00:00+00:00,736
2025-11-03 10:15:00+00:00,736
2025-11-03 10:30:00+00:00,736
2025-11-03 10:45:00+00:00,736
2025-11-03 11:00:00+00:00,735
2025-11-03 11:15:00+00:00,735
2025-11-03 11:30:00+00:00,735
2025-11-03 11:45:00+00:00,734
2025-11-03 12:00:00+00:00,734
2025-11-03 12:15:00+00:00,734
2025-11-03 12:30:00+00:00,733
2025-11-03 12:45:00+00:00,733
2025-11-03 13:00:00+00:00,733
2025-11-03 13:15:00+00:00,733
2025-11-03 13:30:00+00:00,733
2025-11-03 13:45:00+00:00,733
2025-11-03 14:00:00+00:00,733
2025-11-03 14:15:00+00:00,733
2025-11-03 14:30:00+00:00,733
2025-11-03 14:45:00+00:00,733
2025-11-03 15:00:00+00:00,733
2025-11-03 15:15:00+00:00,732
2025-11-03 15:30:00+00:00,732
2025-11-03 15:45:00+00:00,732
2025-11-03 16:00:00+00:00,732
2025-11-03 16:15:00+00:00,731
2025-11-03 16:30:00+00:00,731
2025-11-03 16:45:00+00:00,731
2025-11-03 17:00:00+00:00,731
2025-11-03 17:15:00+00:00,731
2025-11-03 17:30:00+00:00,731
2025-11-03 17:45:00+00:00,731
2025-11-03 18:00:00+00:00,731
2025-11-03 18:15:00+00:00,731
2025-11-03 18:30:00+00:00,731
2025-11-03 18:45:00+00:00,731
2025-11-03 19:00:00+00:00,731
2025-11-03 19:15:00+00:00,731
2025-11-03 19:30:00+00:00,731
2025-11-03 19:45:00+00:00,731
2025-11-03 20:00:00+00:00,731
2025-11-03 20:15:00+00:00,731
2025-11-03 20:30:00+00:00,732
2025-11-03 20:45:00+00:00,732
2025-11-03 21:00:00+00:00,732
2025-11-03 21:15:00+00:00,733
2025-11-03 21:30:00+00:00,733
2025-11-03 21:45:00+00:00,733
2025-11-03 22:00:00+00:00,734
2025-11-03 22:15:00+00:00,735
2025-11-03 22:30:00+00:00,735
2025-11-03 22:45:00+00:00,736
2025-11-03 23:00:00+00:00,736
2025-11-03 23:15:00+00:00,737
2025-11-03 23:30:00+00:00,738
2025-11-03 23:45:00+00:00,739
2025-11-04 00:00:00+00:00,739
2025-11-04 00:15:00+00:00,740
2025-11-04 00:30:00+00:00,741
2025-11-04 00:45:00+00:00,742
2025-11-04 01:00:00+00:00,743
2025-11-04 01:15:00+00:00,744
2025-11-04 01:30:00+00:00,745
2025-11-04 01:45:00+00:00,745
2025-11-04 02:00:00+00:00,746
2025-11-04 02:15:00+00:00,747
2025-11-04 02:30:00+00:00,748
2025-11-04 02:45:00+00:00,749
2025-11-04 03:00:00+00:00,749
2025-11-04 03:15:00+00:00,750
2025-11-04 03:30:00+00:00,751
2025-11-04 03:45:00+00:00,751
2025-11-04 04:00:00+00:00,752
2025-11-04 04:15:00+00:00,752
2025-11-04 04:30:00+00:00,753
2025-11-04 04:45:00+00:00,753
2025-11-04 05:00:00+00:00,753
2025-11-04 05:15:00+00:00,754
2025-11-04 05:30:00+00:00,754
2025-11-04 05:45:00+00:00,754
2025-11-04 06:00:00+00:00,754
2025-11-04 06:15:00+00:00,754
2025-11-04 06:30:00+00:00,754
2025-11-04 06:45:00+00:00,754
2025-11-04 07:00:00+00:00,754
2025-11-04 07:15:00+00:00,754
2025-11-04 07:30:00+00:00,754
2025-11-04 07:45:00+00:00,754
2025-11-04 08:00:00+00:00,754
2025-11-04 08:15:00+00:00,754
2025-11-04 08:30:00+00:00,754
2025-11-04 08:45:00+00:00,754
2025-11-04 09:00:00+00:00,754
2025-11-04 09:15:00+00:00,754
2025-11-04 09:30:00+00:00,754
2025-11-04 09:45:00+00:00,754
2025-11-04 10:00:00+00:00,754
2025-11-04 10:15:00+00:00,754
2025-11-04 10:30:00+00:00,753
2025-11-04 10:45:00+00:00,753
2025-11-04 11:00:00+00:00,753
2025-11-04 11:15:00+00:00,753
2025-11-04 11:30:00+00:00,753
2025-11-04 11:45:00+00:00,752
2025-11-04 12:00:00+00:00,752
2025-11-04 12:15:00+00:00,752
2025-11-04 12:30:00+00:00,752
2025-11-04 12:45:00+00:00,752
2025-11-04 13:00:00+00:00,752
2025-11-04 13:15:00+00:00,752
2025-11-04 13:30:00+00:00,752
2025-11-04 13:45:00+00:00,752
2025-11-04 14:00:00+00:00,751
2025-11-04 14:15:00+00:00,751
2025-11-04 14:30:00+00:00,751
2025-11-04 14:45:00+00:00,751
2025-11-04 15:00:00+00:00,751
2025-11-04 15:15:00+00:00,751
2025-11-04 15:30:00+00:00,751
2025-11-04 15:45:00+00:00,751
2025-11-04 16:00:00+00:00,750
2025-11-04 16:15:00+00:00,750
2025-11-04 16:30:00+00:00,750
2025-11-04 16:45:00+00:00,749
2025-11-04 17:00:00+00:00,749
2025-11-04 17:15:00+00:00,748
2025-11-04 17:30:00+00:00,748
2025-11-04 17:45:00+00:00,747
2025-11-04 18:00:00+00:00,747
2025-11-04 18:15:00+00:00,747
2025-11-04 18:30:00+00:00,746
2025-11-04 18:45:00+00:00,746
2025-11-04 19:00:00+00:00,746
2025-11-04 19:15:00+00:00,745
2025-11-04 19:30:00+00:00,745
2025-11-04 19:45:00+00:00,745
2025-11-04 20:00:00+00:00,745
2025-11-04 20:15:00+00:00,745
2025-11-04 20:30:00+00:00,745
2025-11-04 20:45:00+00:00,745
2025-11-04 21:00:00+00:00,745
2025-11-04 21:15:00+00:00,745
2025-11-04 21:30:00+00:00,744
2025-11-04 21:45:00+00:00,744
2025-11-04 22:00:00+00:00,744
2025-11-04 22:15:00+00:00,744
2025-11-04 22:30:00+00:00,744
2025-11-04 22:45:00+00:00,744
2025-11-04 23:00:00+00:00,744
2025-11-04 23:15:00+00:00,744
2025-11-04 23:30:00+00:00,744
2025-11-04 23:45:00+00:00,744
2025-11-05 00:00:00+00:00,744
2025-11-05 00:15:00+00:00,744
2025-11-05 00:30:00+00:00,745
2025-11-05 00:45:00+00:00,745
2025-11-05 01:00:00+00:00,745
2025-11-05 01:15:00+00:00,745
2025-11-05 01:30:00+00:00,746
2025-11-05 01:45:00+00:00,746
2025-11-05 02:00:00+00:00,746
2025-11-05 02:15:00+00:00,747
2025-11-05 02:30:00+00:00,747
2025-11-05 02:45:00+00:00,748
2025-11-05 03:00:00+00:00,749
2025-11-05 03:15:00+00:00,749
2025-11-05 03:30:00+00:00,750
2025-11-05 03:45:00+00:00,751
2025-11-05 04:00:00+00:00,751
2025-11-05 04:15:00+00:00,752
2025-11-05 04:30:00+00:00,752
2025-11-05 04:45:00+00:00,753
2025-11-05 05:00:00+00:00,753
2025-11-05 05:15:00+00:00,754
2025-11-05 05:30:00+00:00,755
2025-11-05 05:45:00+00:00,755
2025-11-05 06:00:00+00:00,756
2025-11-05 06:15:00+00:00,756
2025-11-05 06:30:00+00:00,756
2025-11-05 06:45:00+00:00,757
2025-11-05 07:00:00+00:00,758
2025-11-05 07:15:00+00:00,758
2025-11-05 07:30:00+00:00,758
2025-11-05 07:45:00+00:00,759
2025-11-05 08:00:00+00:00,759
2025-11-05 08:15:00+00:00,759
2025-11-05 08:30:00+00:00,759
2025-11-05 08:45:00+00:00,759
2025-11-05 09:00:00+00:00,759
2025-11-05 09:15:00+00:00,759
2025-11-05 09:30:00+00:00,758
2025-11-05 09:45:00+00:00,758
2025-11-05 10:00:00+00:00,757
2025-11-05 10:15:00+00:00,757
2025-11-05 10:30:00+00:00,757
2025-11-05 10:45:00+00:00,756
2025-11-05 11:00:00+00:00,756
2025-11-05 11:15:00+00:00,755
2025-11-05 11:30:00+00:00,755
2025-11-05 11:45:00+00:00,754
2025-11-05 12:00:00+00:00,753
2025-11-05 12:15:00+00:00,753
2025-11-05 12:30:00+00:00,752
2025-11-05 12:45:00+00:00,752
2025-11-05 13:00:00+00:00,751
2025-11-05 13:15:00+00:00,751
2025-11-05 13:30:00+00:00,751
2025-11-05 13:45:00+00:00,750
2025-11-05 14:00:00+00:00,750
2025-11-05 14:15:00+00:00,750
2025-11-05 14:30:00+00:00,750
2025-11-05 14:45:00+00:00,750
2025-11-05 15:00:00+00:00,749
2025-11-05 15:15:00+00:00,749
2025-11-05 15:30:00+00:00,749
2025-11-05 15:45:00+00:00,749
2025-11-05 16:00:00+00:00,749
2025-11-05 16:15:00+00:00,749
2025-11-05 16:30:00+00:00,749
2025-11-05 16:45:00+00:00,748
2025-11-05 17:00:00+00:00,748
2025-11-05 17:15:00+00:00,748
2025-11-05 17:30:00+00:00,747
2025-11-05 17:45:00+00:00,747
2025-11-05 18:00:00+00:00,747
2025-11-05 18:15:00+00:00,746
2025-11-05 18:30:00+00:00,745
2025-11-05 18:45:00+00:00,745
2025-11-05 19:00:00+00:00,744
2025-11-05 19:15:00+00:00,744
2025-11-05 19:30:00+00:00,743
2025-11-05 19:45:00+00:00,743
2025-11-05 20:00:00+00:00,742
2025-11-05 20:15:00+00:00,742
2025-11-05 20:30:00+00:00,741
2025-11-05 20:45:00+00:00,741
2025-11-05 21:00:00+00:00,741
2025-11-05 21:15:00+00:00,740
2025-11-05 21:30:00+00:00,740
2025-11-05 21:45:00+00:00,740
2025-11-05 22:00:00+00:00,739
2025-11-05 22:15:00+00:00,739
2025-11-05 22:30:00+00:00,739
2025-11-05 22:45:00+00:00,738
2025-11-05 23:00:00+00:00,739
2025-11-05 23:15:00+00:00,738
2025-11-05 23:30:00+00:00,738
2025-11-05 23:45:00+00:00,738
2025-11-06 00:00:00+00:00,738
2025-11-06 00:15:00+00:00,738
2025-11-06 00:30:00+00:00,738
2025-11-06 00:45:00+00:00,738
2025-11-06 01:00:00+00:00,739
2025-11-06 01:15:00+00:00,739
2025-11-06 01:30:00+00:00,739
2025-11-06 01:45:00+00:00,739
2025-11-06 02:00:00+00:00,740
2025-11-06 02:15:00+00:00,740
2025-11-06 02:30:00+00:00,740
2025-11-06 02:45:00+00:00,741
2025-11-06 03:00:00+00:00,741
2025-11-06 03:15:00+00:00,742
2025-11-06 03:30:00+00:00,743
2025-11-06 03:45:00+00:00,743
2025-11-06 04:00:00+00:00,744
2025-11-06 04:15:00+00:00,744
2025-11-06 04:30:00+00:00,745
2025-11-06 04:45:00+00:00,745
2025-11-06 05:00:00+00:00,746
2025-11-06 05:15:00+00:00,746
2025-11-06 05:30:00+00:00,747
2025-11-06 05:45:00+00:00,747
2025-11-06 06:00:00+00:00,747
2025-11-06 06:15:00+00:00,748
2025-11-06 06:30:00+00:00,747
2025-11-06 06:45:00+00:00,748
2025-11-06 07:00:00+00:00,748
2025-11-06 07:15:00+00:00,748
2025-11-06 07:30:00+00:00,749
2025-11-06 07:45:00+00:00,749
2025-11-06 08:00:00+00:00,749
2025-11-06 08:15:00+00:00,749
2025-11-06 08:30:00+00:00,750
2025-11-06 08:45:00+00:00,750
2025-11-06 09:00:00+00:00,751
2025-11-06 09:15:00+00:00,752
2025-11-06 09:30:00+00:00,752
2025-11-06 09:45:00+00:00,753
2025-11-06 10:00:00+00:00,753
2025-11-06 10:15:00+00:00,754
2025-11-06 10:30:00+00:00,754
2025-11-06 10:45:00+00:00,755
2025-11-06 11:00:00+00:00,755
2025-11-06 11:15:00+00:00,755
2025-11-06 11:30:00+00:00,756
2025-11-06 11:45:00+00:00,756
2025-11-06 12:00:00+00:00,756
2025-11-06 12:15:00+00:00,756
2025-11-06 12:30:00+00:00,756
2025-11-06 12:45:00+00:00,755
2025-11-06 13:00:00+00:00,755
2025-11-06 13:15:00+00:00,755
2025-11-06 13:30:00+00:00,755
2025-11-06 13:45:00+00:00,756
2025-11-06 14:00:00+00:00,756
2025-11-06 14:15:00+00:00,756
2025-11-06 14:30:00+00:00,756
2025-11-06 14:45:00+00:00,755
2025-11-06 15:00:00+00:00,755
2025-11-06 15:15:00+00:00,755
2025-11-06 15:30:00+00:00,755
2025-11-06 15:45:00+00:00,755
2025-11-06 16:00:00+00:00,754
2025-11-06 16:15:00+00:00,754
2025-11-06 16:30:00+00:00,754
2025-11-06 16:45:00+00:00,754
2025-11-06 17:00:00+00:00,754
2025-11-06 17:15:00+00:00,753
2025-11-06 17:30:00+00:00,753
2025-11-06 17:45:00+00:00,752
2025-11-06 18:00:00+00:00,752
2025-11-06 18:15:00+00:00,752
2025-11-06 18:30:00+00:00,751
2025-11-06 18:45:00+00:00,751
2025-11-06 19:00:00+00:00,751
2025-11-06 19:15:00+00:00,750
2025-11-06 19:30:00+00:00,750
2025-11-06 19:45:00+00:00,749
2025-11-06 20:00:00+00:00,749
2025-11-06 20:15:00+00:00,749
2025-11-06 20:30:00+00:00,749
2025-11-06 20:45:00+00:00,749
2025-11-06 21:00:00+00:00,748
2025-11-06 21:15:00+00:00,748
2025-11-06 21:30:00+00:00,748
2025-11-06 21:45:00+00:00,747
2025-11-06 22:00:00+00:00,747
2025-11-06 22:15:00+00:00,747
2025-11-06 22:30:00+00:00,747
2025-11-06 22:45:00+00:00,747
2025-11-06 23:00:00+00:00,747
2025-11-06 23:15:00+00:00,747
2025-11-06 23:30:00+00:00,748
2025-11-06 23:45:00+00:00,748
2025-11-07 00:00:00+00:00,748
2025-11-07 00:15:00+00:00,749
2025-11-07 00:30:00+00:00,749
2025-11-07 00:45:00+00:00,750
2025-11-07 01:00:00+00:00,750
2025-11-07 01:15:00+00:00,751
2025-11-07 01:30:00+00:00,752
2025-11-07 01:45:00+00:00,752
2025-11-07 02:00:00+00:00,753
2025-11-07 02:15:00+00:00,755
2025-11-07 02:30:00+00:00,756
2025-11-07 02:45:00+00:00,757
2025-11-07 03:00:00+00:00,758
2025-11-07 03:15:00+00:00,760
2025-11-07 03:30:00+00:00,761
2025-11-07 03:45:00+00:00,762
2025-11-07 04:00:00+00:00,764
2025-11-07 04:15:00+00:00,765
2025-11-07 04:30:00+00:00,766
2025-11-07 04:45:00+00:00,767
2025-11-07 05:00:00+00:00,768
2025-11-07 05:15:00+00:00,769
2025-11-07 05:30:00+00:00,770
2025-11-07 05:45:00+00:00,772
2025-11-07 06:00:00+00:00,773
2025-11-07 06:15:00+00:00,774
2025-11-07 06:30:00+00:00,775
2025-11-07 06:45:00+00:00,775
2025-11-07 07:00:00+00:00,776
2025-11-07 07:15:00+00:00,777
2025-11-07 07:30:00+00:00,777
2025-11-07 07:45:00+00:00,777
2025-11-07 08:00:00+00:00,778
2025-11-07 08:15:00+00:00,777
2025-11-07 08:30:00+00:00,778
2025-11-07 08:45:00+00:00,778
2025-11-07 09:00:00+00:00,777
2025-11-07 09:15:00+00:00,777
2025-11-07 09:30:00+00:00,777
2025-11-07 09:45:00+00:00,777
2025-11-07 10:00:00+00:00,776
2025-11-07 10:15:00+00:00,776
2025-11-07 10:30:00+00:00,776
2025-11-07 10:45:00+00:00,776
2025-11-07 11:00:00+00:00,776
2025-11-07 11:15:00+00:00,776
2025-11-07 11:30:00+00:00,775
2025-11-07 11:45:00+00:00,775
2025-11-07 12:00:00+00:00,775
2025-11-07 12:15:00+00:00,775
2025-11-07 12:30:00+00:00,775
2025-11-07 12:45:00+00:00,775
2025-11-07 13:00:00+00:00,775
2025-11-07 13:15:00+00:00,775
2025-11-07 13:30:00+00:00,775
2025-11-07 13:45:00+00:00,775
2025-11-07 14:00:00+00:00,775
2025-11-07 14:15:00+00:00,775
2025-11-07 14:30:00+00:00,775
2025-11-07 14:45:00+00:00,775
2025-11-07 15:00:00+00:00,774
2025-11-07 15:15:00+00:00,774
2025-11-07 15:30:00+00:00,774
2025-11-07 15:45:00+00:00,773
2025-11-07 16:00:00+00:00,773
2025-11-07 16:15:00+00:00,772
2025-11-07 16:30:00+00:00,772
2025-11-07 16:45:00+00:00,772
2025-11-07 17:00:00+00:00,771
2025-11-07 17:15:00+00:00,771
2025-11-07 17:30:00+00:00,771
2025-11-07 17:45:00+00:00,771
2025-11-07 18:00:00+00:00,770
2025-11-07 18:15:00+00:00,770
2025-11-07 18:30:00+00:00,770
2025-11-07 18:45:00+00:00,770
2025-11-07 19:00:00+00:00,769
2025-11-07 19:15:00+00:00,769
2025-11-07 19:30:00+00:00,769
2025-11-07 19:45:00+00:00,769
2025-11-07 20:00:00+00:00,768
2025-11-07 20:15:00+00:00,769
2025-11-07 20:30:00+00:00,769
2025-11-07 20:45:00+00:00,770
2025-11-07 21:00:00+00:00,770
2025-11-07 21:15:00+00:00,770
2025-11-07 21:30:00+00:00,770
2025-11-07 21:45:00+00:00,770
2025-11-07 22:00:00+00:00,771
2025-11-07 22:15:00+00:00,771
2025-11-07 22:30:00+00:00,771
2025-11-07 22:45:00+00:00,771
2025-11-07 23:00:00+00:00,771
2025-11-07 23:15:00+00:00,771
2025-11-07 23:30:00+00:00,772
2025-11-07 23:45:00+00:00,772
2025-11-08 00:00:00+00:00,772
2025-11-08 00:15:00+00:00,772
2025-11-08 00:30:00+00:00,773
2025-11-08 00:45:00+00:00,773
2025-11-08 01:00:00+00:00,773
2025-11-08 01:15:00+00:00,774
2025-11-08 01:30:00+00:00,774
2025-11-08 01:45:00+00:00,774
2025-11-08 02:00:00+00:00,775
2025-11-08 02:15:00+00:00,775
2025-11-08 02:30:00+00:00,775
2025-11-08 02:45:00+00:00,776
2025-11-08 03:00:00+00:00,776
2025-11-08 03:15:00+00:00,776
2025-11-08 03:30:00+00:00,776
2025-11-08 03:45:00+00:00,776
2025-11-08 04:00:00+00:00,777
2025-11-08 04:15:00+00:00,777
2025-11-08 04:30:00+00:00,777
2025-11-08 04:45:00+00:00,778
2025-11-08 05:00:00+00:00,778
2025-11-08 05:15:00+00:00,778
2025-11-08 05:30:00+00:00,778
2025-11-08 05:45:00+00:00,779
2025-11-08 06:00:00+00:00,779
2025-11-08 06:15:00+00:00,779
2025-11-08 06:30:00+00:00,779
2025-11-08 06:45:00+00:00,779
2025-11-08 07:00:00+00:00,779
2025-11-08 07:15:00+00:00,779
2025-11-08 07:30:00+00:00,779
2025-11-08 07:45:00+00:00,779
2025-11-08 08:00:00+00:00,779
2025-11-08 08:15:00+00:00,779
2025-11-08 08:30:00+00:00,779
2025-11-08 08:45:00+00:00,779
2025-11-08 09:00:00+00:00,779
2025-11-08 09:15:00+00:00,779
2025-11-08 09:30:00+00:00,780
2025-11-08 09:45:00+00:00,780
2025-11-08 10:00:00+00:00,780
2025-11-08 10:15:00+00:00,781
2025-11-08 10:30:00+00:00,780
2025-11-08 10:45:00+00:00,781
2025-11-08 11:00:00+00:00,781
2025-11-08 11:15:00+00:00,782
2025-11-08 11:30:00+00:00,782
2025-11-08 11:45:00+00:00,782
2025-11-08 12:00:00+00:00,783
2025-11-08 12:15:00+00:00,783
2025-11-08 12:30:00+00:00,784
2025-11-08 12:45:00+00:00,784
2025-11-08 13:00:00+00:00,784
2025-11-08 13:15:00+00:00,785
2025-11-08 13:30:00+00:00,785
2025-11-08 13:45:00+00:00,785
2025-11-08 14:00:00+00:00,785
2025-11-08 14:15:00+00:00,785
2025-11-08 14:30:00+00:00,785
2025-11-08 14:45:00+00:00,786
2025-11-08 15:00:00+00:00,786
2025-11-08 15:15:00+00:00,786
2025-11-08 15:30:00+00:00,786
2025-11-08 15:45:00+00:00,786
2025-11-08 16:00:00+00:00,787
2025-11-08 16:15:00+00:00,786
2025-11-08 16:30:00+00:00,786
2025-11-08 16:45:00+00:00,786
2025-11-08 17:00:00+00:00,786
2025-11-08 17:15:00+00:00,786
2025-11-08 17:30:00+00:00,785
2025-11-08 17:45:00+00:00,785
2025-11-08 18:00:00+00:00,784
2025-11-08 18:15:00+00:00,784
2025-11-08 18:30:00+00:00,783
2025-11-08 18:45:00+00:00,782
2025-11-08 19:00:00+00:00,782
2025-11-08 19:15:00+00:00,781
2025-11-08 19:30:00+00:00,780
2025-11-08 19:45:00+00:00,779
2025-11-08 20:00:00+00:00,778
2025-11-08 20:15:00+00:00,778
2025-11-08 20:30:00+00:00,777
2025-11-08 20:45:00+00:00,776
2025-11-08 21:00:00+00:00,775
2025-11-08 21:15:00+00:00,775
2025-11-08 21:30:00+00:00,774
2025-11-08 21:45:00+00:00,773
2025-11-08 22:00:00+00:00,772
2025-11-08 22:15:00+00:00,772
2025-11-08 22:30:00+00:00,771
2025-11-08 22:45:00+00:00,771
2025-11-08 23:00:00+00:00,770
2025-11-08 23:15:00+00:00,770
2025-11-08 23:30:00+00:00,769
2025-11-08 23:45:00+00:00,769
2025-11-09 00:00:00+00:00,768
2025-11-09 00:15:00+00:00,768
2025-11-09 00:30:00+00:00,768
2025-11-09 00:45:00+00:00,768
2025-11-09 01:00:00+00:00,767
2025-11-09 01:15:00+00:00,767
2025-11-09 01:30:00+00:00,767
2025-11-09 01:45:00+00:00,767
2025-11-09 02:00:00+00:00,767
2025-11-09 02:15:00+00:00,767
2025-11-09 02:30:00+00:00,767
2025-11-09 02:45:00+00:00,767
2025-11-09 03:00:00+00:00,767
2025-11-09 03:15:00+00:00,767
2025-11-09 03:30:00+00:00,767
2025-11-09 03:45:00+00:00,768
2025-11-09 04:00:00+00:00,768
2025-11-09 04:15:00+00:00,768
2025-11-09 04:30:00+00:00,769
2025-11-09 04:45:00+00:00,770
2025-11-09 05:00:00+00:00,770
2025-11-09 05:15:00+00:00,771
2025-11-09 05:30:00+00:00,772
2025-11-09 05:45:00+00:00,773
2025-11-09 06:00:00+00:00,774
2025-11-09 06:15:00+00:00,775
2025-11-09 06:30:00+00:00,775
2025-11-09 06:45:00+00:00,776
2025-11-09 07:00:00+00:00,777
2025-11-09 07:15:00+00:00,777
2025-11-09 07:30:00+00:00,778
2025-11-09 07:45:00+00:00,778
2025-11-09 08:00:00+00:00,778
2025-11-09 08:15:00+00:00,779
2025-11-09 08:30:00+00:00,779
2025-11-09 08:45:00+00:00,780
2025-11-09 09:00:00+00:00,780
2025-11-09 09:15:00+00:00,780
2025-11-09 09:30:00+00:00,780
2025-11-09 09:45:00+00:00,781
2025-11-09 10:00:00+00:00,781
2025-11-09 10:15:00+00:00,781
2025-11-09 10:30:00+00:00,781
2025-11-09 10:45:00+00:00,781
2025-11-09 11:00:00+00:00,780
2025-11-09 11:15:00+00:00,780
2025-11-09 11:30:00+00:00,781
2025-11-09 11:45:00+00:00,780
2025-11-09 12:00:00+00:00,780
2025-11-09 12:15:00+00:00,780
2025-11-09 12:30:00+00:00,780
2025-11-09 12:45:00+00:00,779
2025-11-09 13:00:00+00:00,779
2025-11-09 13:15:00+00:00,779
2025-11-09 13:30:00+00:00,778
2025-11-09 13:45:00+00:00,778
2025-11-09 14:00:00+00:00,778
2025-11-09 14:15:00+00:00,778
2025-11-09 14:30:00+00:00,777
2025-11-09 14:45:00+00:00,777
2025-11-09 15:00:00+00:00,777
2025-11-09 15:15:00+00:00,777
2025-11-09 15:30:00+00:00,776
2025-11-09 15:45:00+00:00,776
2025-11-09 16:00:00+00:00,776
2025-11-09 16:15:00+00:00,775
2025-11-09 16:30:00+00:00,775
2025-11-09 16:45:00+00:00,775
2025-11-09 17:00:00+00:00,775
2025-11-09 17:15:00+00:00,775
2025-11-09 17:30:00+00:00,775
2025-11-09 17:45:00+00:00,775
2025-11-09 18:00:00+00:00,774
2025-11-09 18:15:00+00:00,774
2025-11-09 18:30:00+00:00,774
2025-11-09 18:45:00+00:00,773
2025-11-09 19:00:00+00:00,773
2025-11-09 19:15:00+00:00,772
2025-11-09 19:30:00+00:00,772
2025-11-09 19:45:00+00:00,772
2025-11-09 20:00:00+00:00,772
2025-11-09 20:15:00+00:00,771
2025-11-09 20:30:00+00:00,772
2025-11-09 20:45:00+00:00,772
2025-11-09 21:00:00+00:00,771
2025-11-09 21:15:00+00:00,772
2025-11-09 21:30:00+00:00,772
2025-11-09 21:45:00+00:00,772
2025-11-09 22:00:00+00:00,772
2025-11-09 22:15:00+00:00,772
2025-11-09 22:30:00+00:00,772
2025-11-09 22:45:00+00:00,771
2025-11-09 23:00:00+00:00,772
2025-11-09 23:15:00+00:00,772
2025-11-09 23:30:00+00:00,772
2025-11-09 23:45:00+00:00,772
2025-11-10 00:00:00+00:00,773
2025-11-10 00:15:00+00:00,773
2025-11-10 00:30:00+00:00,774
2025-11-10 00:45:00+00:00,774
2025-11-10 01:00:00+00:00,775
2025-11-10 01:15:00+00:00,775
2025-11-10 01:30:00+00:00,776
2025-11-10 01:45:00+00:00,776
2025-11-10 02:00:00+00:00,777
2025-11-10 02:15:00+00:00,777
2025-11-10 02:30:00+00:00,778
2025-11-10 02:45:00+00:00,778
2025-11-10 03:00:00+00:00,779
2025-11-10 03:15:00+00:00,780
2025-11-10 03:30:00+00:00,780
2025-11-10 03:45:00+00:00,781
2025-11-10 04:00:00+00:00,781
2025-11-10 04:15:00+00:00,782
2025-11-10 04:30:00+00:00,783
2025-11-10 04:45:00+00:00,783
2025-11-10 05:00:00+00:00,784
2025-11-10 05:15:00+00:00,785
2025-11-10 05:30:00+00:00,786
2025-11-10 05:45:00+00:00,786
2025-11-10 06:00:00+00:00,787
2025-11-10 06:15:00+00:00,787
2025-11-10 06:30:00+00:00,788
2025-11-10 06:45:00+00:00,788
2025-11-10 07:00:00+00:00,788
2025-11-10 07:15:00+00:00,789
2025-11-10 07:30:00+00:00,789
2025-11-10 07:45:00+00:00,789
2025-11-10 08:00:00+00:00,790
2025-11-10 08:15:00+00:00,790
2025-11-10 08:30:00+00:00,790
2025-11-10 08:45:00+00:00,791
2025-11-10 09:00:00+00:00,792
2025-11-10 09:15:00+00:00,792
2025-11-10 09:30:00+00:00,793
2025-11-10 09:45:00+00:00,793
2025-11-10 10:00:00+00:00,794
2025-11-10 10:15:00+00:00,795
2025-11-10 10:30:00+00:00,795
2025-11-10 10:45:00+00:00,796
2025-11-10 11:00:00+00:00,797
2025-11-10 11:15:00+00:00,797
2025-11-10 11:30:00+00:00,798
2025-11-10 11:45:00+00:00,799
2025-11-10 12:00:00+00:00,800
2025-11-10 12:15:00+00:00,800
2025-11-10 12:30:00+00:00,801
2025-11-10 12:45:00+00:00,802
2025-11-10 13:00:00+00:00,802
2025-11-10 13:15:00+00:00,803
2025-11-10 13:30:00+00:00,803
2025-11-10 13:45:00+00:00,803
2025-11-10 14:00:00+00:00,804
2025-11-10 14:15:00+00:00,804
2025-11-10 14:30:00+00:00,804
2025-11-10 14:45:00+00:00,804
2025-11-10 15:00:00+00:00,805
2025-11-10 15:15:00+00:00,805
2025-11-10 15:30:00+00:00,805
2025-11-10 15:45:00+00:00,805
2025-11-10 16:00:00+00:00,805
2025-11-10 16:15:00+00:00,805
2025-11-10 16:30:00+00:00,806
2025-11-10 16:45:00+00:00,806
2025-11-10 17:00:00+00:00,806
2025-11-10 17:15:00+00:00,806
2025-11-10 17:30:00+00:00,805
2025-11-10 17:45:00+00:00,805
2025-11-10 18:00:00+00:00,805
2025-11-10 18:15:00+00:00,805
2025-11-10 18:30:00+00:00,805
2025-11-10 18:45:00+00:00,804
2025-11-10 19:00:00+00:00,804
2025-11-10 19:15:00+00:00,804
2025-11-10 19:30:00+00:00,803
2025-11-10 19:45:00+00:00,803
2025-11-10 20:00:00+00:00,802
2025-11-10 20:15:00+00:00,802
2025-11-10 20:30:00+00:00,802
2025-11-10 20:45:00+00:00,801
2025-11-10 21:00:00+00:00,801
2025-11-10 21:15:00+00:00,801
2025-11-10 21:30:00+00:00,801
2025-11-10 21:45:00+00:00,801
2025-11-10 22:00:00+00:00,801
2025-11-10 22:15:00+00:00,801
2025-11-10 22:30:00+00:00,800
2025-11-10 22:45:00+00:00,800
2025-11-10 23:00:00+00:00,800
2025-11-10 23:15:00+00:00,800
2025-11-10 23:30:00+00:00,800
2025-11-10 23:45:00+00:00,800
2025-11-11 00:00:00+00:00,800
2025-11-11 00:15:00+00:00,800
2025-11-11 00:30:00+00:00,800
2025-11-11 00:45:00+00:00,800
2025-11-11 01:00:00+00:00,800
2025-11-11 01:15:00+00:00,800
2025-11-11 01:30:00+00:00,800
2025-11-11 01:45:00+00:00,800
2025-11-11 02:00:00+00:00,800
2025-11-11 02:15:00+00:00,800
2025-11-11 02:30:00+00:00,800
2025-11-11 02:45:00+00:00,800
2025-11-11 03:00:00+00:00,800
2025-11-11 03:15:00+00:00,801
2025-11-11 03:30:00+00:00,801
2025-11-11 03:45:00+00:00,801
2025-11-11 04:00:00+00:00,801
2025-11-11 04:15:00+00:00,801
2025-11-11 04:30:00+00:00,802
2025-11-11 04:45:00+00:00,802
2025-11-11 05:00:00+00:00,802
2025-11-11 05:15:00+00:00,802
2025-11-11 05:30:00+00:00,803
2025-11-11 05:45:00+00:00,803
2025-11-11 06:00:00+00:00,803
2025-11-11 06:15:00+00:00,804
2025-11-11 06:30:00+00:00,804
2025-11-11 06:45:00+00:00,804
2025-11-11 07:00:00+00:00,804
2025-11-11 07:15:00+00:00,805
2025-11-11 07:30:00+00:00,805
2025-11-11 07:45:00+00:00,805
2025-11-11 08:00:00+00:00,805
2025-11-11 08:15:00+00:00,806
2025-11-11 08:30:00+00:00,806
2025-11-11 08:45:00+00:00,806
2025-11-11 09:00:00+00:00,806
2025-11-11 09:15:00+00:00,806
2025-11-11 09:30:00+00:00,806
2025-11-11 09:45:00+00:00,806
2025-11-11 10:00:00+00:00,807
2025-11-11 10:15:00+00:00,807
2025-11-11 10:30:00+00:00,807
2025-11-11 10:45:00+00:00,806
2025-11-11 11:00:00+00:00,806
2025-11-11 11:15:00+00:00,807
2025-11-11 11:30:00+00:00,807
2025-11-11 11:45:00+00:00,806
2025-11-11 12:00:00+00:00,807
2025-11-11 12:15:00+00:00,807
2025-11-11 12:30:00+00:00,807
2025-11-11 12:45:00+00:00,807
2025-11-11 13:00:00+00:00,807
2025-11-11 13:15:00+00:00,808
2025-11-11 13:30:00+00:00,808
2025-11-11 13:45:00+00:00,809
2025-11-11 14:00:00+00:00,809
2025-11-11 14:15:00+00:00,809
2025-11-11 14:30:00+00:00,809
2025-11-11 14:45:00+00:00,810
2025-11-11 15:00:00+00:00,810
2025-11-11 15:15:00+00:00,810
2025-11-11 15:30:00+00:00,809
2025-11-11 15:45:00+00:00,809
2025-11-11 16:00:00+00:00,808
2025-11-11 16:15:00+00:00,808
2025-11-11 16:30:00+00:00,808
2025-11-11 16:45:00+00:00,807
2025-11-11 17:00:00+00:00,807
2025-11-11 17:15:00+00:00,807
2025-11-11 17:30:00+00:00,806
2025-11-11 17:45:00+00:00,806
2025-11-11 18:00:00+00:00,805
2025-11-11 18:15:00+00:00,805
2025-11-11 18:30:00+00:00,804
2025-11-11 18:45:00+00:00,804
2025-11-11 19:00:00+00:00,804
2025-11-11 19:15:00+00:00,803
2025-11-11 19:30:00+00:00,803
2025-11-11 19:45:00+00:00,803
2025-11-11 20:00:00+00:00,803
2025-11-11 20:15:00+00:00,802
2025-11-11 20:30:00+00:00,802
2025-11-11 20:45:00+00:00,802
2025-11-11 21:00:00+00:00,801
2025-11-11 21:15:00+00:00,801
2025-11-11 21:30:00+00:00,801
2025-11-11 21:45:00+00:00,800
2025-11-11 22:00:00+00:00,800
2025-11-11 22:15:00+00:00,800
2025-11-11 22:30:00+00:00,800
2025-11-11 22:45:00+00:00,800
2025-11-11 23:00:00+00:00,800
2025-11-11 23:15:00+00:00,800
2025-11-11 23:30:00+00:00,800
2025-11-11 23:45:00+00:00,800
2025-11-12 00:00:00+00:00,800
2025-11-12 00:15:00+00:00,800
2025-11-12 00:30:00+00:00,800
2025-11-12 00:45:00+00:00,801
2025-11-12 01:00:00+00:00,801
2025-11-12 01:15:00+00:00,801
2025-11-12 01:30:00+00:00,801
2025-11-12 01:45:00+00:00,802
2025-11-12 02:00:00+00:00,802
2025-11-12 02:15:00+00:00,802
2025-11-12 02:30:00+00:00,802
2025-11-12 02:45:00+00:00,803
2025-11-12 03:00:00+00:00,803
2025-11-12 03:15:00+00:00,803
2025-11-12 03:30:00+00:00,803
2025-11-12 03:45:00+00:00,804
2025-11-12 04:00:00+00:00,804
2025-11-12 04:15:00+00:00,804
2025-11-12 04:30:00+00:00,804
2025-11-12 04:45:00+00:00,804
2025-11-12 05:00:00+00:00,804
2025-11-12 05:15:00+00:00,804
2025-11-12 05:30:00+00:00,804
2025-11-12 05:45:00+00:00,805
2025-11-12 06:00:00+00:00,805
2025-11-12 06:15:00+00:00,805
2025-11-12 06:30:00+00:00,805
2025-11-12 06:45:00+00:00,805
2025-11-12 07:00:00+00:00,806
2025-11-12 07:15:00+00:00,806
2025-11-12 07:30:00+00:00,806
2025-11-12 07:45:00+00:00,807
2025-11-12 08:00:00+00:00,807
2025-11-12 08:15:00+00:00,807
2025-11-12 08:30:00+00:00,808
2025-11-12 08:45:00+00:00,809
2025-11-12 09:00:00+00:00,809
2025-11-12 09:15:00+00:00,810
2025-11-12 09:30:00+00:00,810
2025-11-12 09:45:00+00:00,810
2025-11-12 10:00:00+00:00,811
2025-11-12 10:15:00+00:00,811
2025-11-12 10:30:00+00:00,811
2025-11-12 10:45:00+00:00,811
2025-11-12 11:00:00+00:00,811
2025-11-12 11:15:00+00:00,811
2025-11-12 11:30:00+00:00,810
2025-11-12 11:45:00+00:00,810
2025-11-12 12:00:00+00:00,810
2025-11-12 12:15:00+00:00,810
2025-11-12 12:30:00+00:00,809
2025-11-12 12:45:00+00:00,809
2025-11-12 13:00:00+00:00,809
2025-11-12 13:15:00+00:00,809
2025-11-12 13:30:00+00:00,809
2025-11-12 13:45:00+00:00,809
2025-11-12 14:00:00+00:00,809
2025-11-12 14:15:00+00:00,809
2025-11-12 14:30:00+00:00,809
2025-11-12 14:45:00+00:00,809
2025-11-12 15:00:00+00:00,809
2025-11-12 15:15:00+00:00,809
2025-11-12 15:30:00+00:00,809
2025-11-12 15:45:00+00:00,810
2025-11-12 16:00:00+00:00,810
2025-11-12 16:15:00+00:00,810
2025-11-12 16:30:00+00:00,811
2025-11-12 16:45:00+00:00,811
2025-11-12 17:00:00+00:00,811
2025-11-12 17:15:00+00:00,812
2025-11-12 17:30:00+00:00,813
2025-11-12 17:45:00+00:00,813
2025-11-12 18:00:00+00:00,814
2025-11-12 18:15:00+00:00,814
2025-11-12 18:30:00+00:00,815
2025-11-12 18:45:00+00:00,815
2025-11-12 19:00:00+00:00,816
2025-11-12 19:15:00+00:00,816
2025-11-12 19:30:00+00:00,816
2025-11-12 19:45:00+00:00,817
2025-11-12 20:00:00+00:00,817
2025-11-12 20:15:00+00:00,817
2025-11-12 20:30:00+00:00,817
2025-11-12 20:45:00+00:00,818
2025-11-12 21:00:00+00:00,818
2025-11-12 21:15:00+00:00,818
2025-11-12 21:30:00+00:00,818
2025-11-12 21:45:00+00:00,818
2025-11-12 22:00:00+00:00,818
2025-11-12 22:15:00+00:00,819
2025-11-12 22:30:00+00:00,819
2025-11-12 22:45:00+00:00,819
2025-11-12 23:00:00+00:00,820
2025-11-12 23:15:00+00:00,820
2025-11-12 23:30:00+00:00,821
2025-11-12 23:45:00+00:00,821
2025-11-13 00:00:00+00:00,821
2025-11-13 00:15:00+00:00,822
2025-11-13 00:30:00+00:00,822
2025-11-13 00:45:00+00:00,822
2025-11-13 01:00:00+00:00,822
2025-11-13 01:15:00+00:00,822
2025-11-13 01:30:00+00:00,823
2025-11-13 01:45:00+00:00,823
2025-11-13 02:00:00+00:00,822
2025-11-13 02:15:00+00:00,822
2025-11-13 02:30:00+00:00,822
2025-11-13 02:45:00+00:00,822
2025-11-13 03:00:00+00:00,822
2025-11-13 03:15:00+00:00,822
2025-11-13 03:30:00+00:00,822
2025-11-13 03:45:00+00:00,822
2025-11-13 04:00:00+00:00,821
2025-11-13 04:15:00+00:00,821
2025-11-13 04:30:00+00:00,821
2025-11-13 04:45:00+00:00,821
2025-11-13 05:00:00+00:00,821
2025-11-13 05:15:00+00:00,821
2025-11-13 05:30:00+00:00,821
2025-11-13 05:45:00+00:00,821
2025-11-13 06:00:00+00:00,820
2025-11-13 06:15:00+00:00,820
2025-11-13 06:30:00+00:00,820
2025-11-13 06:45:00+00:00,820
2025-11-13 07:00:00+00:00,820
2025-11-13 07:15:00+00:00,820
2025-11-13 07:30:00+00:00,819
2025-11-13 07:45:00+00:00,819
2025-11-13 08:00:00+00:00,819
2025-11-13 08:15:00+00:00,819
2025-11-13 08:30:00+00:00,819
2025-11-13 08:45:00+00:00,818
2025-11-13 09:00:00+00:00,818
2025-11-13 09:15:00+00:00,818
2025-11-13 09:30:00+00:00,818
2025-11-13 09:45:00+00:00,818
2025-11-13 10:00:00+00:00,818
2025-11-13 10:15:00+00:00,818
2025-11-13 10:30:00+00:00,817
2025-11-13 10:45:00+00:00,817
2025-11-13 11:00:00+00:00,817
2025-11-13 11:15:00+00:00,817
2025-11-13 11:30:00+00:00,816
2025-11-13 11:45:00+00:00,816
2025-11-13 12:00:00+00:00,816
2025-11-13 12:15:00+00:00,815
2025-11-13 12:30:00+00:00,815
2025-11-13 12:45:00+00:00,815
2025-11-13 13:00:00+00:00,814
2025-11-13 13:15:00+00:00,814
2025-11-13 13:30:00+00:00,814
2025-11-13 13:45:00+00:00,813
2025-11-13 14:00:00+00:00,813
2025-11-13 14:15:00+00:00,812
2025-11-13 14:30:00+00:00,812
2025-11-13 14:45:00+00:00,811
2025-11-13 15:00:00+00:00,811
2025-11-13 15:15:00+00:00,810
2025-11-13 15:30:00+00:00,810
2025-11-13 15:45:00+00:00,809
2025-11-13 16:00:00+00:00,809
2025-11-13 16:15:00+00:00,808
2025-11-13 16:30:00+00:00,808
2025-11-13 16:45:00+00:00,807
2025-11-13 17:00:00+00:00,806
2025-11-13 17:15:00+00:00,806
2025-11-13 17:30:00+00:00,805
2025-11-13 17:45:00+00:00,805
2025-11-13 18:00:00+00:00,805
2025-11-13 18:15:00+00:00,805
2025-11-13 18:30:00+00:00,805
2025-11-13 18:45:00+00:00,805
2025-11-13 19:00:00+00:00,805
2025-11-13 19:15:00+00:00,806
2025-11-13 19:30:00+00:00,806
2025-11-13 19:45:00+00:00,807
2025-11-13 20:00:00+00:00,807
2025-11-13 20:15:00+00:00,808
2025-11-13 20:30:00+00:00,808
2025-11-13 20:45:00+00:00,809
2025-11-13 21:00:00+00:00,809
2025-11-13 21:15:00+00:00,810
2025-11-13 21:30:00+00:00,810
2025-11-13 21:45:00+00:00,811
2025-11-13 22:00:00+00:00,811
2025-11-13 22:15:00+00:00,811
2025-11-13 22:30:00+00:00,812
2025-11-13 22:45:00+00:00,812
2025-11-13 23:00:00+00:00,812
2025-11-13 23:15:00+00:00,812
2025-11-13 23:30:00+00:00,812
2025-11-13 23:45:00+00:00,812
2025-11-14 00:00:00+00:00,812
2025-11-14 00:15:00+00:00,812
2025-11-14 00:30:00+00:00,812
2025-11-14 00:45:00+00:00,812
2025-11-14 01:00:00+00:00,812
2025-11-14 01:15:00+00:00,812
2025-11-14 01:30:00+00:00,812
2025-11-14 01:45:00+00:00,812
2025-11-14 02:00:00+00:00,811
2025-11-14 02:15:00+00:00,811
2025-11-14 02:30:00+00:00,811
2025-11-14 02:45:00+00:00,810
2025-11-14 03:00:00+00:00,810
2025-11-14 03:15:00+00:00,810
2025-11-14 03:30:00+00:00,810
2025-11-14 03:45:00+00:00,809
2025-11-14 04:00:00+00:00,809
2025-11-14 04:15:00+00:00,809
2025-11-14 04:30:00+00:00,809
2025-11-14 04:45:00+00:00,809
2025-11-14 05:00:00+00:00,809
2025-11-14 05:15:00+00:00,809
2025-11-14 05:30:00+00:00,810
2025-11-14 05:45:00+00:00,810
2025-11-14 06:00:00+00:00,810
2025-11-14 06:15:00+00:00,810
2025-11-14 06:30:00+00:00,811
2025-11-14 06:45:00+00:00,811
2025-11-14 07:00:00+00:00,811
2025-11-14 07:15:00+00:00,811
2025-11-14 07:30:00+00:00,811
2025-11-14 07:45:00+00:00,811
2025-11-14 08:00:00+00:00,811
2025-11-14 08:15:00+00:00,810
2025-11-14 08:30:00+00:00,810
2025-11-14 08:45:00+00:00,810
2025-11-14 09:00:00+00:00,810
2025-11-14 09:15:00+00:00,810
2025-11-14 09:30:00+00:00,810
2025-11-14 09:45:00+00:00,810
2025-11-14 10:00:00+00:00,810
2025-11-14 10:15:00+00:00,810
2025-11-14 10:30:00+00:00,810
2025-11-14 10:45:00+00:00,810
2025-11-14 11:00:00+00:00,811
2025-11-14 11:15:00+00:00,811
2025-11-14 11:30:00+00:00,811
2025-11-14 11:45:00+00:00,811
2025-11-14 12:00:00+00:00,811
2025-11-14 12:15:00+00:00,811
2025-11-14 12:30:00+00:00,811
2025-11-14 12:45:00+00:00,810
2025-11-14 13:00:00+00:00,810
2025-11-14 13:15:00+00:00,810
2025-11-14 13:30:00+00:00,810
2025-11-14 13:45:00+00:00,809
2025-11-14 14:00:00+00:00,809
2025-11-14 14:15:00+00:00,809
2025-11-14 14:30:00+00:00,808
2025-11-14 14:45:00+00:00,808
2025-11-14 15:00:00+00:00,808
2025-11-14 15:15:00+00:00,808
2025-11-14 15:30:00+00:00,808
2025-11-14 15:45:00+00:00,808
2025-11-14 16:00:00+00:00,808
2025-11-14 16:15:00+00:00,807
2025-11-14 16:30:00+00:00,807
2025-11-14 16:45:00+00:00,807
2025-11-14 17:00:00+00:00,807
2025-11-14 17:15:00+00:00,806
2025-11-14 17:30:00+00:00,806
2025-11-14 17:45:00+00:00,806
2025-11-14 18:00:00+00:00,806
2025-11-14 18:15:00+00:00,806
2025-11-14 18:30:00+00:00,805
2025-11-14 18:45:00+00:00,805
2025-11-14 19:00:00+00:00,805
2025-11-14 19:15:00+00:00,805
2025-11-14 19:30:00+00:00,805
2025-11-14 19:45:00+00:00,805
2025-11-14 20:00:00+00:00,805
2025-11-14 20:15:00+00:00,804
2025-11-14 20:30:00+00:00,804
2025-11-14 20:45:00+00:00,804
2025-11-14 21:00:00+00:00,804
2025-11-14 21:15:00+00:00,804
2025-11-14 21:30:00+00:00,803
2025-11-14 21:45:00+00:00,803
2025-11-14 22:00:00+00:00,803
2025-11-14 22:15:00+00:00,803
2025-11-14 22:30:00+00:00,802
2025-11-14 22:45:00+00:00,802
2025-11-14 23:00:00+00:00,802
2025-11-14 23:15:00+00:00,802
2025-11-14 23:30:00+00:00,802
2025-11-14 23:45:00+00:00,802
2025-11-15 00:00:00+00:00,802
2025-11-15 00:15:00+00:00,802
2025-11-15 00:30:00+00:00,802
2025-11-15 00:45:00+00:00,802
2025-11-15 01:00:00+00:00,802
2025-11-15 01:15:00+00:00,802
2025-11-15 01:30:00+00:00,802
2025-11-15 01:45:00+00:00,802
2025-11-15 02:00:00+00:00,802
2025-11-15 02:15:00+00:00,802
2025-11-15 02:30:00+00:00,802
2025-11-15 02:45:00+00:00,802
2025-11-15 03:00:00+00:00,802
2025-11-15 03:15:00+00:00,802
2025-11-15 03:30:00+00:00,803
2025-11-15 03:45:00+00:00,803
2025-11-15 04:00:00+00:00,803
2025-11-15 04:15:00+00:00,803
2025-11-15 04:30:00+00:00,803
2025-11-15 04:45:00+00:00,804
2025-11-15 05:00:00+00:00,804
2025-11-15 05:15:00+00:00,804
2025-11-15 05:30:00+00:00,805
2025-11-15 05:45:00+00:00,805
2025-11-15 06:00:00+00:00,805
2025-11-15 06:15:00+00:00,806
2025-11-15 06:30:00+00:00,806
2025-11-15 06:45:00+00:00,806
2025-11-15 07:00:00+00:00,806
2025-11-15 07:15:00+00:00,807
2025-11-15 07:30:00+00:00,807
2025-11-15 07:45:00+00:00,807
2025-11-15 08:00:00+00:00,807
2025-11-15 08:15:00+00:00,807
2025-11-15 08:30:00+00:00,806
2025-11-15 08:45:00+00:00,806
2025-11-15 09:00:00+00:00,806
2025-11-15 09:15:00+00:00,806
2025-11-15 09:30:00+00:00,806
2025-11-15 09:45:00+00:00,807
2025-11-15 10:00:00+00:00,807
2025-11-15 10:15:00+00:00,807
2025-11-15 10:30:00+00:00,807
2025-11-15 10:45:00+00:00,808
2025-11-15 11:00:00+00:00,808
2025-11-15 11:15:00+00:00,808
2025-11-15 11:30:00+00:00,809
2025-11-15 11:45:00+00:00,809
2025-11-15 12:00:00+00:00,809
2025-11-15 12:15:00+00:00,809
2025-11-15 12:30:00+00:00,809
2025-11-15 12:45:00+00:00,809
2025-11-15 13:00:00+00:00,809
2025-11-15 13:15:00+00:00,810
2025-11-15 13:30:00+00:00,810
2025-11-15 13:45:00+00:00,809
2025-11-15 14:00:00+00:00,809
2025-11-15 14:15:00+00:00,809
2025-11-15 14:30:00+00:00,809
2025-11-15 14:45:00+00:00,809
2025-11-15 15:00:00+00:00,809
2025-11-15 15:15:00+00:00,809
2025-11-15 15:30:00+00:00,809
2025-11-15 15:45:00+00:00,809
2025-11-15 16:00:00+00:00,808
2025-11-15 16:15:00+00:00,808
2025-11-15 16:30:00+00:00,808
2025-11-15 16:45:00+00:00,808
2025-11-15 17:00:00+00:00,808
2025-11-15 17:15:00+00:00,808
2025-11-15 17:30:00+00:00,808
2025-11-15 17:45:00+00:00,808
2025-11-15 18:00:00+00:00,808
2025-11-15 18:15:00+00:00,808
2025-11-15 18:30:00+00:00,809
2025-11-15 18:45:00+00:00,809
2025-11-15 19:00:00+00:00,809
2025-11-15 19:15:00+00:00,809
2025-11-15 19:30:00+00:00,809
2025-11-15 19:45:00+00:00,808
2025-11-15 20:00:00+00:00,809
2025-11-15 20:15:00+00:00,809
2025-11-15 20:30:00+00:00,809
2025-11-15 20:45:00+00:00,809
2025-11-15 21:00:00+00:00,809
2025-11-15 21:15:00+00:00,809
2025-11-15 21:30:00+00:00,809
2025-11-15 21:45:00+00:00,809
2025-11-15 22:00:00+00:00,808
2025-11-15 22:15:00+00:00,808
2025-11-15 22:30:00+00:00,808
2025-11-15 22:45:00+00:00,808
2025-11-15 23:00:00+00:00,808
2025-11-15 23:15:00+00:00,807
2025-11-15 23:30:00+00:00,807
2025-11-15 23:45:00+00:00,807
2025-11-16 00:00:00+00:00,807
2025-11-16 00:15:00+00:00,807
2025-11-16 00:30:00+00:00,806
2025-11-16 00:45:00+00:00,806
2025-11-16 01:00:00+00:00,806
2025-11-16 01:15:00+00:00,806
2025-11-16 01:30:00+00:00,805
2025-11-16 01:45:00+00:00,805
2025-11-16 02:00:00+00:00,804
2025-11-16 02:15:00+00:00,804
2025-11-16 02:30:00+00:00,804
2025-11-16 02:45:00+00:00,803
2025-11-16 03:00:00+00:00,803
2025-11-16 03:15:00+00:00,803
2025-11-16 03:30:00+00:00,802
2025-11-16 03:45:00+00:00,802
2025-11-16 04:00:00+00:00,802
2025-11-16 04:15:00+00:00,802
2025-11-16 04:30:00+00:00,801
2025-11-16 04:45:00+00:00,801
2025-11-16 05:00:00+00:00,801
2025-11-16 05:15:00+00:00,801
2025-11-16 05:30:00+00:00,801
2025-11-16 05:45:00+00:00,801
2025-11-16 06:00:00+00:00,801
2025-11-16 06:15:00+00:00,801
2025-11-16 06:30:00+00:00,801
2025-11-16 06:45:00+00:00,801
2025-11-16 07:00:00+00:00,801
2025-11-16 07:15:00+00:00,800
2025-11-16 07:30:00+00:00,800
2025-11-16 07:45:00+00:00,800
2025-11-16 08:00:00+00:00,800
2025-11-16 08:15:00+00:00,800
2025-11-16 08:30:00+00:00,800
2025-11-16 08:45:00+00:00,799
2025-11-16 09:00:00+00:00,799
2025-11-16 09:15:00+00:00,799
2025-11-16 09:30:00+00:00,798
2025-11-16 09:45:00+00:00,799
2025-11-16 10:00:00+00:00,799
2025-11-16 10:15:00+00:00,799
2025-11-16 10:30:00+00:00,799
2025-11-16 10:45:00+00:00,799
2025-11-16 11:00:00+00:00,799
2025-11-16 11:15:00+00:00,799
2025-11-16 11:30:00+00:00,799
2025-11-16 11:45:00+00:00,800
2025-11-16 12:00:00+00:00,800
2025-11-16 12:15:00+00:00,799
2025-11-16 12:30:00+00:00,800
2025-11-16 12:45:00+00:00,800
2025-11-16 13:00:00+00:00,800
2025-11-16 13:15:00+00:00,800
2025-11-16 13:30:00+00:00,800
2025-11-16 13:45:00+00:00,800
2025-11-16 14:00:00+00:00,800
2025-11-16 14:15:00+00:00,800
2025-11-16 14:30:00+00:00,800
2025-11-16 14:45:00+00:00,800
2025-11-16 15:00:00+00:00,800
2025-11-16 15:15:00+00:00,800
2025-11-16 15:30:00+00:00,799
2025-11-16 15:45:00+00:00,799
2025-11-16 16:00:00+00:00,799
2025-11-16 16:15:00+00:00,798
2025-11-16 16:30:00+00:00,798
2025-11-16 16:45:00+00:00,798
2025-11-16 17:00:00+00:00,797
2025-11-16 17:15:00+00:00,797
2025-11-16 17:30:00+00:00,796
2025-11-16 17:45:00+00:00,795
2025-11-16 18:00:00+00:00,795
2025-11-16 18:15:00+00:00,794
2025-11-16 18:30:00+00:00,794
2025-11-16 18:45:00+00:00,793
2025-11-16 19:00:00+00:00,792
2025-11-16 19:15:00+00:00,792
2025-11-16 19:30:00+00:00,791
2025-11-16 19:45:00+00:00,790
2025-11-16 20:00:00+00:00,790
2025-11-16 20:15:00+00:00,790
2025-11-16 20:30:00+00:00,789
2025-11-16 20:45:00+00:00,788
2025-11-16 21:00:00+00:00,788
2025-11-16 21:15:00+00:00,787
2025-11-16 21:30:00+00:00,787
2025-11-16 21:45:00+00:00,786
2025-11-16 22:00:00+00:00,786
2025-11-16 22:15:00+00:00,786
2025-11-16 22:30:00+00:00,785
2025-11-16 22:45:00+00:00,785
2025-11-16 23:00:00+00:00,784
2025-11-16 23:15:00+00:00,784
2025-11-16 23:30:00+00:00,784
2025-11-16 23:45:00+00:00,784
2025-11-17 00:00:00+00:00,784
2025-11-17 00:15:00+00:00,784
2025-11-17 00:30:00+00:00,784
2025-11-17 00:45:00+00:00,784
2025-11-17 01:00:00+00:00,783
2025-11-17 01:15:00+00:00,782
2025-11-17 01:30:00+00:00,780
2025-11-17 01:45:00+00:00,779
2025-11-17 02:00:00+00:00,777
2025-11-17 02:15:00+00:00,775
2025-11-17 02:30:00+00:00,773
2025-11-17 02:45:00+00:00,773
2025-11-17 03:00:00+00:00,774
2025-11-17 03:15:00+00:00,774
2025-11-17 03:30:00+00:00,775
2025-11-17 03:45:00+00:00,775
2025-11-17 04:00:00+00:00,776
2025-11-17 04:15:00+00:00,778
2025-11-17 04:30:00+00:00,779
2025-11-17 04:45:00+00:00,781
2025-11-17 05:00:00+00:00,781
2025-11-17 05:15:00+00:00,782
2025-11-17 05:30:00+00:00,782
2025-11-17 05:45:00+00:00,782
2025-11-17 06:00:00+00:00,782
2025-11-17 06:15:00+00:00,782
2025-11-17 06:30:00+00:00,783
2025-11-17 06:45:00+00:00,783
2025-11-17 07:00:00+00:00,784
2025-11-17 07:15:00+00:00,784
2025-11-17 07:30:00+00:00,783
2025-11-17 07:45:00+00:00,783
2025-11-17 08:00:00+00:00,784
2025-11-17 08:15:00+00:00,784
2025-11-17 08:30:00+00:00,784
2025-11-17 08:45:00+00:00,784
2025-11-17 09:00:00+00:00,784
2025-11-17 09:15:00+00:00,785
2025-11-17 09:30:00+00:00,785
2025-11-17 09:45:00+00:00,785
2025-11-17 10:00:00+00:00,786
2025-11-17 10:15:00+00:00,786
2025-11-17 10:30:00+00:00,787
2025-11-17 10:45:00+00:00,787
2025-11-17 11:00:00+00:00,787
2025-11-17 11:15:00+00:00,788
2025-11-17 11:30:00+00:00,788
2025-11-17 11:45:00+00:00,788
2025-11-17 12:00:00+00:00,788
2025-11-17 12:15:00+00:00,788
2025-11-17 12:30:00+00:00,788
2025-11-17 12:45:00+00:00,789
2025-11-17 13:00:00+00:00,789
2025-11-17 13:15:00+00:00,790
2025-11-17 13:30:00+00:00,790
2025-11-17 13:45:00+00:00,791
2025-11-17 14:00:00+00:00,791
2025-11-17 14:15:00+00:00,791
2025-11-17 14:30:00+00:00,792
2025-11-17 14:45:00+00:00,792
2025-11-17 15:00:00+00:00,792
2025-11-17 15:15:00+00:00,792
2025-11-17 15:30:00+00:00,792
2025-11-17 15:45:00+00:00,792
2025-11-17 16:00:00+00:00,791
2025-11-17 16:15:00+00:00,791
2025-11-17 16:30:00+00:00,790
2025-11-17 16:45:00+00:00,790
2025-11-17 17:00:00+00:00,790
2025-11-17 17:15:00+00:00,789
2025-11-17 17:30:00+00:00,789
2025-11-17 17:45:00+00:00,788
2025-11-17 18:00:00+00:00,788
2025-11-17 18:15:00+00:00,787
2025-11-17 18:30:00+00:00,786
2025-11-17 18:45:00+00:00,785
2025-11-17 19:00:00+00:00,785
2025-11-17 19:15:00+00:00,784
2025-11-17 19:30:00+00:00,783
2025-11-17 19:45:00+00:00,783
2025-11-17 20:00:00+00:00,783
2025-11-17 20:15:00+00:00,783
2025-11-17 20:30:00+00:00,783
2025-11-17 20:45:00+00:00,782
2025-11-17 21:00:00+00:00,782
2025-11-17 21:15:00+00:00,782
2025-11-17 21:30:00+00:00,782
2025-11-17 21:45:00+00:00,782
2025-11-17 22:00:00+00:00,783
2025-11-17 22:15:00+00:00,783
2025-11-17 22:30:00+00:00,782
2025-11-17 22:45:00+00:00,782
2025-11-17 23:00:00+00:00,782
2025-11-17 23:15:00+00:00,782
2025-11-17 23:30:00+00:00,782
2025-11-17 23:45:00+00:00,782
2025-11-18 00:00:00+00:00,781
2025-11-18 00:15:00+00:00,781
2025-11-18 00:30:00+00:00,780
2025-11-18 00:45:00+00:00,780
2025-11-18 01:00:00+00:00,779
2025-11-18 01:15:00+00:00,778
2025-11-18 01:30:00+00:00,778
2025-11-18 01:45:00+00:00,777
2025-11-18 02:00:00+00:00,777
2025-11-18 02:15:00+00:00,777
2025-11-18 02:30:00+00:00,776
2025-11-18 02:45:00+00:00,776
2025-11-18 03:00:00+00:00,776
2025-11-18 03:15:00+00:00,775
2025-11-18 03:30:00+00:00,775
2025-11-18 03:45:00+00:00,775
2025-11-18 04:00:00+00:00,775
2025-11-18 04:15:00+00:00,775
2025-11-18 04:30:00+00:00,775
2025-11-18 04:45:00+00:00,775
2025-11-18 05:00:00+00:00,775
2025-11-18 05:15:00+00:00,775
2025-11-18 05:30:00+00:00,774
2025-11-18 05:45:00+00:00,774
2025-11-18 06:00:00+00:00,774
2025-11-18 06:15:00+00:00,775
2025-11-18 06:30:00+00:00,774
2025-11-18 06:45:00+00:00,775
2025-11-18 07:00:00+00:00,775
2025-11-18 07:15:00+00:00,775
2025-11-18 07:30:00+00:00,775
2025-11-18 07:45:00+00:00,775
2025-11-18 08:00:00+00:00,775
2025-11-18 08:15:00+00:00,775
2025-11-18 08:30:00+00:00,774
2025-11-18 08:45:00+00:00,774
2025-11-18 09:00:00+00:00,774
2025-11-18 09:15:00+00:00,774
2025-11-18 09:30:00+00:00,773
2025-11-18 09:45:00+00:00,773
2025-11-18 10:00:00+00:00,772
2025-11-18 10:15:00+00:00,772
2025-11-18 10:30:00+00:00,772
2025-11-18 10:45:00+00:00,771
2025-11-18 11:00:00+00:00,771
2025-11-18 11:15:00+00:00,770
2025-11-18 11:30:00+00:00,770
2025-11-18 11:45:00+00:00,770
2025-11-18 12:00:00+00:00,770
2025-11-18 12:15:00+00:00,769
2025-11-18 12:30:00+00:00,769
2025-11-18 12:45:00+00:00,769
2025-11-18 13:00:00+00:00,769
2025-11-18 13:15:00+00:00,769
2025-11-18 13:30:00+00:00,768
2025-11-18 13:45:00+00:00,769
2025-11-18 14:00:00+00:00,768
2025-11-18 14:15:00+00:00,768
2025-11-18 14:30:00+00:00,768
2025-11-18 14:45:00+00:00,768
2025-11-18 15:00:00+00:00,768
2025-11-18 15:15:00+00:00,767
2025-11-18 15:30:00+00:00,767
2025-11-18 15:45:00+00:00,767
2025-11-18 16:00:00+00:00,767
2025-11-18 16:15:00+00:00,767
2025-11-18 16:30:00+00:00,766
2025-11-18 16:45:00+00:00,766
2025-11-18 17:00:00+00:00,766
2025-11-18 17:15:00+00:00,766
2025-11-18 17:30:00+00:00,766
2025-11-18 17:45:00+00:00,766
2025-11-18 18:00:00+00:00,766
2025-11-18 18:15:00+00:00,766
2025-11-18 18:30:00+00:00,766
2025-11-18 18:45:00+00:00,765
2025-11-18 19:00:00+00:00,765
2025-11-18 19:15:00+00:00,765
2025-11-18 19:30:00+00:00,764
2025-11-18 19:45:00+00:00,764
2025-11-18 20:00:00+00:00,763
2025-11-18 20:15:00+00:00,763
2025-11-18 20:30:00+00:00,762
2025-11-18 20:45:00+00:00,761
2025-11-18 21:00:00+00:00,760
2025-11-18 21:15:00+00:00,759
2025-11-18 21:30:00+00:00,758
2025-11-18 21:45:00+00:00,757
2025-11-18 22:00:00+00:00,755
2025-11-18 22:15:00+00:00,754
2025-11-18 22:30:00+00:00,753
2025-11-18 22:45:00+00:00,752
2025-11-18 23:00:00+00:00,752
2025-11-18 23:15:00+00:00,751
2025-11-18 23:30:00+00:00,751
2025-11-18 23:45:00+00:00,750
2025-11-19 00:00:00+00:00,750
2025-11-19 00:15:00+00:00,750
2025-11-19 00:30:00+00:00,749
2025-11-19 00:45:00+00:00,749
2025-11-19 01:00:00+00:00,749
2025-11-19 01:15:00+00:00,749
2025-11-19 01:30:00+00:00,749
2025-11-19 01:45:00+00:00,749
2025-11-19 02:00:00+00:00,749
2025-11-19 02:15:00+00:00,749
2025-11-19 02:30:00+00:00,749
2025-11-19 02:45:00+00:00,749
2025-11-19 03:00:00+00:00,749
2025-11-19 03:15:00+00:00,750
2025-11-19 03:30:00+00:00,750
2025-11-19 03:45:00+00:00,749
2025-11-19 04:00:00+00:00,750
2025-11-19 04:15:00+00:00,750
2025-11-19 04:30:00+00:00,750
2025-11-19 04:45:00+00:00,750
2025-11-19 05:00:00+00:00,750
2025-11-19 05:15:00+00:00,750
2025-11-19 05:30:00+00:00,750
2025-11-19 05:45:00+00:00,750
2025-11-19 06:00:00+00:00,751
2025-11-19 06:15:00+00:00,751
2025-11-19 06:30:00+00:00,751
2025-11-19 06:45:00+00:00,751
2025-11-19 07:00:00+00:00,751
2025-11-19 07:15:00+00:00,751
2025-11-19 07:30:00+00:00,751
2025-11-19 07:45:00+00:00,751
2025-11-19 08:00:00+00:00,751
2025-11-19 08:15:00+00:00,751
2025-11-19 08:30:00+00:00,752
2025-11-19 08:45:00+00:00,752
2025-11-19 09:00:00+00:00,752
2025-11-19 09:15:00+00:00,753
2025-11-19 09:30:00+00:00,752
2025-11-19 09:45:00+00:00,753
2025-11-19 10:00:00+00:00,753
2025-11-19 10:15:00+00:00,753
2025-11-19 10:30:00+00:00,754
2025-11-19 10:45:00+00:00,754
2025-11-19 11:00:00+00:00,754
2025-11-19 11:15:00+00:00,754
2025-11-19 11:30:00+00:00,755
2025-11-19 11:45:00+00:00,755
2025-11-19 12:00:00+00:00,755
2025-11-19 12:15:00+00:00,756
2025-11-19 12:30:00+00:00,756
2025-11-19 12:45:00+00:00,756
2025-11-19 13:00:00+00:00,756
2025-11-19 13:15:00+00:00,757
2025-11-19 13:30:00+00:00,757
2025-11-19 13:45:00+00:00,757
2025-11-19 14:00:00+00:00,757
2025-11-19 14:15:00+00:00,757
2025-11-19 14:30:00+00:00,758
2025-11-19 14:45:00+00:00,758
2025-11-19 15:00:00+00:00,758
2025-11-19 15:15:00+00:00,758
2025-11-19 15:30:00+00:00,758
2025-11-19 15:45:00+00:00,759
2025-11-19 16:00:00+00:00,759
2025-11-19 16:15:00+00:00,759
2025-11-19 16:30:00+00:00,759
2025-11-19 16:45:00+00:00,759
2025-11-19 17:00:00+00:00,759
2025-11-19 17:15:00+00:00,759
2025-11-19 17:30:00+00:00,758
2025-11-19 17:45:00+00:00,758
2025-11-19 18:00:00+00:00,758
2025-11-19 18:15:00+00:00,757
2025-11-19 18:30:00+00:00,757
2025-11-19 19:30:00+00:00,755
2025-11-19 19:45:00+00:00,754
2025-11-19 20:00:00+00:00,754
2025-11-19 20:15:00+00:00,753
2025-11-19 20:30:00+00:00,752
2025-11-19 20:45:00+00:00,752
2025-11-19 21:00:00+00:00,750
2025-11-19 21:15:00+00:00,750
2025-11-19 21:30:00+00:00,748
2025-11-19 21:45:00+00:00,747
2025-11-19 22:00:00+00:00,746
2025-11-19 22:15:00+00:00,745
2025-11-19 22:30:00+00:00,743
2025-11-19 22:45:00+00:00,742
2025-11-19 23:00:00+00:00,741
2025-11-19 23:15:00+00:00,740
2025-11-19 23:30:00+00:00,739
2025-11-19 23:45:00+00:00,739
2025-11-20 00:00:00+00:00,738
2025-11-20 00:15:00+00:00,737
2025-11-20 00:30:00+00:00,736
2025-11-20 00:45:00+00:00,735
2025-11-20 01:00:00+00:00,734
2025-11-20 01:15:00+00:00,734
2025-11-20 01:30:00+00:00,733
2025-11-20 01:45:00+00:00,733
2025-11-20 02:00:00+00:00,732
2025-11-20 02:15:00+00:00,732
2025-11-20 02:30:00+00:00,731
2025-11-20 02:45:00+00:00,731
2025-11-20 03:00:00+00:00,731
2025-11-20 03:15:00+00:00,731
2025-11-20 03:30:00+00:00,730
2025-11-20 03:45:00+00:00,730
2025-11-20 04:00:00+00:00,730
2025-11-20 04:15:00+00:00,730
2025-11-20 04:30:00+00:00,730
2025-11-20 04:45:00+00:00,730
2025-11-20 05:00:00+00:00,731
2025-11-20 05:15:00+00:00,731
2025-11-20 05:30:00+00:00,731
2025-11-20 05:45:00+00:00,731
2025-11-20 06:00:00+00:00,731
2025-11-20 06:15:00+00:00,731
2025-11-20 06:30:00+00:00,731
2025-11-20 06:45:00+00:00,731
2025-11-20 07:00:00+00:00,731
2025-11-20 07:15:00+00:00,731
2025-11-20 07:30:00+00:00,731
2025-11-20 07:45:00+00:00,731
2025-11-20 08:00:00+00:00,731
2025-11-20 08:15:00+00:00,731
2025-11-20 08:30:00+00:00,730
2025-11-20 08:45:00+00:00,730
2025-11-20 09:00:00+00:00,730
2025-11-20 09:15:00+00:00,730
2025-11-20 09:30:00+00:00,729
2025-11-20 09:45:00+00:00,729
2025-11-20 10:00:00+00:00,729
2025-11-20 10:15:00+00:00,729
2025-11-20 10:30:00+00:00,729
2025-11-20 10:45:00+00:00,729
2025-11-20 11:00:00+00:00,729
2025-11-20 11:15:00+00:00,729
2025-11-20 11:30:00+00:00,729
2025-11-20 11:45:00+00:00,728
2025-11-20 12:00:00+00:00,728
2025-11-20 12:15:00+00:00,728
2025-11-20 12:30:00+00:00,727
2025-11-20 12:45:00+00:00,727
2025-11-20 13:00:00+00:00,727
2025-11-20 13:15:00+00:00,726
2025-11-20 13:30:00+00:00,726
2025-11-20 13:45:00+00:00,726
2025-11-20 14:00:00+00:00,725
2025-11-20 14:15:00+00:00,725
2025-11-20 14:30:00+00:00,725
2025-11-20 14:45:00+00:00,725
2025-11-20 15:00:00+00:00,725
2025-11-20 15:15:00+00:00,725
2025-11-20 15:30:00+00:00,725
2025-11-20 15:45:00+00:00,725
2025-11-20 16:00:00+00:00,725
2025-11-20 16:15:00+00:00,725
2025-11-20 16:30:00+00:00,725
2025-11-20 16:45:00+00:00,725
2025-11-20 17:00:00+00:00,725
2025-11-20 17:15:00+00:00,725
2025-11-20 17:30:00+00:00,725
2025-11-20 17:45:00+00:00,725
2025-11-20 18:00:00+00:00,725
2025-11-20 18:15:00+00:00,725
2025-11-20 18:30:00+00:00,725
2025-11-20 18:45:00+00:00,725
2025-11-20 19:00:00+00:00,725
2025-11-20 19:15:00+00:00,725
2025-11-20 19:30:00+00:00,725
2025-11-20 19:45:00+00:00,726
2025-11-20 20:00:00+00:00,726
2025-11-20 20:15:00+00:00,726
2025-11-20 20:30:00+00:00,726
2025-11-20 20:45:00+00:00,726
2025-11-20 21:00:00+00:00,726
2025-11-20 21:15:00+00:00,726
2025-11-20 21:30:00+00:00,726
2025-11-20 21:45:00+00:00,726
2025-11-20 22:00:00+00:00,726
2025-11-20 22:15:00+00:00,727
2025-11-20 22:30:00+00:00,727
2025-11-20 22:45:00+00:00,727
2025-11-20 23:00:00+00:00,727
2025-11-20 23:15:00+00:00,728
2025-11-20 23:30:00+00:00,728
2025-11-20 23:45:00+00:00,728
2025-11-21 00:00:00+00:00,729
2025-11-21 00:15:00+00:00,729
2025-11-21 00:30:00+00:00,729
2025-11-21 00:45:00+00:00,730
2025-11-21 01:00:00+00:00,730
2025-11-21 01:15:00+00:00,730
2025-11-21 01:30:00+00:00,730
2025-11-21 01:45:00+00:00,731
2025-11-21 02:00:00+00:00,731
2025-11-21 02:15:00+00:00,731
2025-11-21 02:30:00+00:00,731
2025-11-21 02:45:00+00:00,732
2025-11-21 03:00:00+00:00,732
2025-11-21 03:15:00+00:00,732
2025-11-21 03:30:00+00:00,733
2025-11-21 03:45:00+00:00,733
2025-11-21 04:00:00+00:00,734
2025-11-21 04:15:00+00:00,734
2025-11-21 04:30:00+00:00,734
2025-11-21 04:45:00+00:00,735
2025-11-21 05:00:00+00:00,735
2025-11-21 05:15:00+00:00,735
2025-11-21 05:30:00+00:00,736
2025-11-21 05:45:00+00:00,736
2025-11-21 06:00:00+00:00,736
2025-11-21 06:15:00+00:00,736
2025-11-21 06:30:00+00:00,736
2025-11-21 06:45:00+00:00,736
2025-11-21 07:00:00+00:00,737
2025-11-21 07:15:00+00:00,737
2025-11-21 07:30:00+00:00,736
2025-11-21 07:45:00+00:00,736
2025-11-21 08:00:00+00:00,736
2025-11-21 08:15:00+00:00,736
2025-11-21 08:30:00+00:00,736
2025-11-21 08:45:00+00:00,736
2025-11-21 09:00:00+00:00,735
2025-11-21 09:15:00+00:00,735
2025-11-21 09:30:00+00:00,735
2025-11-21 09:45:00+00:00,735
2025-11-21 10:00:00+00:00,734
2025-11-21 10:15:00+00:00,734
2025-11-21 10:30:00+00:00,734
2025-11-21 10:45:00+00:00,734
2025-11-21 11:00:00+00:00,734
2025-11-21 11:15:00+00:00,734
2025-11-21 11:30:00+00:00,734
2025-11-21 11:45:00+00:00,734
2025-11-21 12:00:00+00:00,734
2025-11-21 12:15:00+00:00,734
2025-11-21 12:30:00+00:00,734
2025-11-21 12:45:00+00:00,735
2025-11-21 13:00:00+00:00,735
2025-11-21 13:15:00+00:00,735
2025-11-21 13:30:00+00:00,735
2025-11-21 13:45:00+00:00,735
2025-11-21 14:00:00+00:00,735
2025-11-21 14:15:00+00:00,736
2025-11-21 14:30:00+00:00,736
2025-11-21 14:45:00+00:00,736
2025-11-21 15:00:00+00:00,737
2025-11-21 15:15:00+00:00,737
2025-11-21 15:30:00+00:00,737
2025-11-21 15:45:00+00:00,737
2025-11-21 16:00:00+00:00,737
2025-11-21 16:15:00+00:00,738
2025-11-21 16:30:00+00:00,738
2025-11-21 16:45:00+00:00,739
2025-11-21 17:00:00+00:00,739
2025-11-21 17:15:00+00:00,740
2025-11-21 17:30:00+00:00,741
2025-11-21 17:45:00+00:00,741
2025-11-21 18:00:00+00:00,742
2025-11-21 18:15:00+00:00,743
2025-11-21 18:30:00+00:00,744
2025-11-21 18:45:00+00:00,744
2025-11-21 19:00:00+00:00,745
2025-11-21 19:15:00+00:00,745
2025-11-21 19:30:00+00:00,746
2025-11-21 19:45:00+00:00,746
2025-11-21 20:00:00+00:00,746
2025-11-21 20:15:00+00:00,747
2025-11-21 20:30:00+00:00,747
2025-11-21 20:45:00+00:00,747
2025-11-21 21:00:00+00:00,748
2025-11-21 21:15:00+00:00,748
2025-11-21 21:30:00+00:00,748
2025-11-21 21:45:00+00:00,748
2025-11-21 22:00:00+00:00,749
2025-11-21 22:15:00+00:00,749
2025-11-21 22:30:00+00:00,750
2025-11-21 22:45:00+00:00,750
2025-11-21 23:00:00+00:00,751
2025-11-21 23:15:00+00:00,751
2025-11-21 23:30:00+00:00,752
2025-11-21 23:45:00+00:00,752
2025-11-22 00:00:00+00:00,753
2025-11-22 00:15:00+00:00,753
2025-11-22 00:30:00+00:00,754
2025-11-22 00:45:00+00:00,754
2025-11-22 01:00:00+00:00,754
2025-11-22 01:15:00+00:00,755
2025-11-22 01:30:00+00:00,755
2025-11-22 01:45:00+00:00,755
2025-11-22 02:00:00+00:00,756
2025-11-22 02:15:00+00:00,756
2025-11-22 02:30:00+00:00,757
2025-11-22 02:45:00+00:00,757
2025-11-22 03:00:00+00:00,758
2025-11-22 03:15:00+00:00,758
2025-11-22 03:30:00+00:00,758
2025-11-22 03:45:00+00:00,759
2025-11-22 04:00:00+00:00,759
2025-11-22 04:15:00+00:00,759
2025-11-22 04:30:00+00:00,760
2025-11-22 04:45:00+00:00,760
2025-11-22 05:00:00+00:00,760
2025-11-22 05:15:00+00:00,760
2025-11-22 05:30:00+00:00,761
2025-11-22 05:45:00+00:00,761
2025-11-22 06:00:00+00:00,761
2025-11-22 06:15:00+00:00,761
2025-11-22 06:30:00+00:00,761
2025-11-22 06:45:00+00:00,762
2025-11-22 07:00:00+00:00,762
2025-11-22 07:15:00+00:00,762
2025-11-22 07:30:00+00:00,762
2025-11-22 07:45:00+00:00,762
2025-11-22 08:00:00+00:00,762
2025-11-22 08:15:00+00:00,762
2025-11-22 08:30:00+00:00,762
2025-11-22 08:45:00+00:00,761
2025-11-22 09:00:00+00:00,761
2025-11-22 09:15:00+00:00,761
2025-11-22 09:30:00+00:00,760
2025-11-22 09:45:00+00:00,760
2025-11-22 10:00:00+00:00,760
2025-11-22 10:15:00+00:00,760
2025-11-22 10:30:00+00:00,759
2025-11-22 10:45:00+00:00,759
2025-11-22 11:00:00+00:00,759
2025-11-22 11:15:00+00:00,759
2025-11-22 11:30:00+00:00,759
2025-11-22 11:45:00+00:00,759
2025-11-22 12:00:00+00:00,759
2025-11-22 12:15:00+00:00,758
2025-11-22 12:30:00+00:00,758
2025-11-22 12:45:00+00:00,758
2025-11-22 13:00:00+00:00,759
2025-11-22 13:15:00+00:00,758
2025-11-22 13:30:00+00:00,758
2025-11-22 13:45:00+00:00,758
2025-11-22 14:00:00+00:00,758
2025-11-22 14:15:00+00:00,758
2025-11-22 14:30:00+00:00,758
2025-11-22 14:45:00+00:00,758
2025-11-22 15:00:00+00:00,758
2025-11-22 15:15:00+00:00,758
2025-11-22 15:30:00+00:00,759
2025-11-22 15:45:00+00:00,759
2025-11-22 16:00:00+00:00,759
2025-11-22 16:15:00+00:00,759
2025-11-22 16:30:00+00:00,758
2025-11-22 16:45:00+00:00,758
2025-11-22 17:00:00+00:00,758
2025-11-22 17:15:00+00:00,758
2025-11-22 17:30:00+00:00,758
2025-11-22 17:45:00+00:00,758
2025-11-22 18:00:00+00:00,758
2025-11-22 18:15:00+00:00,758
2025-11-22 18:30:00+00:00,757
2025-11-22 18:45:00+00:00,757
2025-11-22 19:00:00+00:00,757
2025-11-22 19:15:00+00:00,757
2025-11-22 19:30:00+00:00,756
2025-11-22 19:45:00+00:00,756
2025-11-22 20:00:00+00:00,756
2025-11-22 20:15:00+00:00,756
2025-11-22 20:30:00+00:00,755
2025-11-22 20:45:00+00:00,755
2025-11-22 21:00:00+00:00,755
2025-11-22 21:15:00+00:00,756
2025-11-22 21:30:00+00:00,756
2025-11-22 21:45:00+00:00,756
2025-11-22 22:00:00+00:00,756
2025-11-22 22:15:00+00:00,757
2025-11-22 22:30:00+00:00,757
2025-11-22 22:45:00+00:00,757
2025-11-22 23:00:00+00:00,758
2025-11-22 23:15:00+00:00,758
2025-11-22 23:30:00+00:00,758
2025-11-22 23:45:00+00:00,758
2025-11-23 00:00:00+00:00,759
2025-11-23 00:15:00+00:00,759
2025-11-23 00:30:00+00:00,759
2025-11-23 00:45:00+00:00,759
2025-11-23 01:00:00+00:00,759
2025-11-23 01:15:00+00:00,759
2025-11-23 01:30:00+00:00,758
2025-11-23 01:45:00+00:00,758
2025-11-23 02:00:00+00:00,758
2025-11-23 02:15:00+00:00,758
2025-11-23 02:30:00+00:00,758
2025-11-23 02:45:00+00:00,757
2025-11-23 03:00:00+00:00,757
2025-11-23 03:15:00+00:00,757
2025-11-23 03:30:00+00:00,757
2025-11-23 03:45:00+00:00,757
2025-11-23 04:00:00+00:00,757
2025-11-23 04:15:00+00:00,757
2025-11-23 04:30:00+00:00,757
2025-11-23 04:45:00+00:00,757
2025-11-23 05:00:00+00:00,758
2025-11-23 05:15:00+00:00,758
2025-11-23 05:30:00+00:00,758
2025-11-23 05:45:00+00:00,758
2025-11-23 06:00:00+00:00,758
2025-11-23 06:15:00+00:00,759
2025-11-23 06:30:00+00:00,759
2025-11-23 06:45:00+00:00,759
2025-11-23 07:00:00+00:00,760
2025-11-23 07:15:00+00:00,760
2025-11-23 07:30:00+00:00,760
2025-11-23 07:45:00+00:00,761
2025-11-23 08:00:00+00:00,761
2025-11-23 08:15:00+00:00,762
2025-11-23 08:30:00+00:00,762
2025-11-23 08:45:00+00:00,763
2025-11-23 09:00:00+00:00,763
2025-11-23 09:15:00+00:00,763
2025-11-23 09:30:00+00:00,764
2025-11-23 09:45:00+00:00,764
2025-11-23 10:00:00+00:00,764
2025-11-23 10:15:00+00:00,765
2025-11-23 10:30:00+00:00,765
2025-11-23 10:45:00+00:00,765
2025-11-23 11:00:00+00:00,765
2025-11-23 11:15:00+00:00,765
2025-11-23 11:30:00+00:00,766
2025-11-23 11:45:00+00:00,766
2025-11-23 12:00:00+00:00,766
2025-11-23 12:15:00+00:00,766
2025-11-23 12:30:00+00:00,766
2025-11-23 12:45:00+00:00,766
2025-11-23 13:00:00+00:00,766
2025-11-23 13:15:00+00:00,766
2025-11-23 13:30:00+00:00,766
2025-11-23 13:45:00+00:00,766
2025-11-23 14:00:00+00:00,767
2025-11-23 14:15:00+00:00,767
2025-11-23 14:30:00+00:00,767
2025-11-23 14:45:00+00:00,767
2025-11-23 15:00:00+00:00,767
2025-11-23 15:15:00+00:00,768
2025-11-23 15:30:00+00:00,768
2025-11-23 15:45:00+00:00,768
2025-11-23 16:00:00+00:00,768
2025-11-23 16:15:00+00:00,768
2025-11-23 16:30:00+00:00,768
2025-11-23 16:45:00+00:00,768
2025-11-23 17:00:00+00:00,768
2025-11-23 17:15:00+00:00,768
2025-11-23 17:30:00+00:00,768
2025-11-23 17:45:00+00:00,768
2025-11-23 18:00:00+00:00,768
2025-11-23 18:15:00+00:00,768
2025-11-23 18:30:00+00:00,768
2025-11-23 18:45:00+00:00,767
2025-11-23 19:00:00+00:00,767
2025-11-23 19:15:00+00:00,767
2025-11-23 19:30:00+00:00,767
2025-11-23 19:45:00+00:00,767
2025-11-23 20:00:00+00:00,767
2025-11-23 20:15:00+00:00,766
2025-11-23 20:30:00+00:00,766
2025-11-23 20:45:00+00:00,766
2025-11-23 21:00:00+00:00,766
2025-11-23 21:15:00+00:00,766
2025-11-23 21:30:00+00:00,766
2025-11-23 21:45:00+00:00,765
2025-11-23 22:00:00+00:00,765
2025-11-23 22:15:00+00:00,765
2025-11-23 22:30:00+00:00,765
2025-11-23 22:45:00+00:00,765
2025-11-23 23:00:00+00:00,764
2025-11-23 23:15:00+00:00,764
2025-11-23 23:30:00+00:00,764
2025-11-23 23:45:00+00:00,764
2025-11-24 00:00:00+00:00,764
2025-11-24 00:15:00+00:00,764
2025-11-24 00:30:00+00:00,764
2025-11-24 00:45:00+00:00,764
2025-11-24 01:00:00+00:00,764
2025-11-24 01:15:00+00:00,764
2025-11-24 01:30:00+00:00,763
2025-11-24 01:45:00+00:00,763
2025-11-24 02:00:00+00:00,764
2025-11-24 02:15:00+00:00,764
2025-11-24 02:30:00+00:00,764
2025-11-24 02:45:00+00:00,764
2025-11-24 03:00:00+00:00,764
2025-11-24 03:15:00+00:00,765
2025-11-24 03:30:00+00:00,765
2025-11-24 03:45:00+00:00,766
2025-11-24 04:00:00+00:00,767
2025-11-24 04:15:00+00:00,767
2025-11-24 04:30:00+00:00,768
2025-11-24 04:45:00+00:00,769
2025-11-24 05:00:00+00:00,769
2025-11-24 05:15:00+00:00,770
2025-11-24 05:30:00+00:00,771
2025-11-24 05:45:00+00:00,772
2025-11-24 06:00:00+00:00,772
2025-11-24 06:15:00+00:00,773
2025-11-24 06:30:00+00:00,774
2025-11-24 06:45:00+00:00,774
2025-11-24 07:00:00+00:00,775
2025-11-24 07:15:00+00:00,775
2025-11-24 07:30:00+00:00,776
2025-11-24 07:45:00+00:00,777
2025-11-24 08:00:00+00:00,777
2025-11-24 08:15:00+00:00,778
2025-11-24 08:30:00+00:00,778
2025-11-24 08:45:00+00:00,779
2025-11-24 09:00:00+00:00,779
2025-11-24 09:15:00+00:00,780
2025-11-24 09:30:00+00:00,780
2025-11-24 09:45:00+00:00,781
2025-11-24 10:00:00+00:00,781
2025-11-24 10:15:00+00:00,781
2025-11-24 10:30:00+00:00,781
2025-11-24 10:45:00+00:00,782
2025-11-24 11:00:00+00:00,782
2025-11-24 11:15:00+00:00,782
2025-11-24 11:30:00+00:00,783
2025-11-24 11:45:00+00:00,783
2025-11-24 12:00:00+00:00,783
2025-11-24 12:15:00+00:00,784
2025-11-24 12:30:00+00:00,784
2025-11-24 12:45:00+00:00,784
2025-11-24 13:00:00+00:00,785
2025-11-24 13:15:00+00:00,785
2025-11-24 13:30:00+00:00,785
2025-11-24 13:45:00+00:00,786
2025-11-24 14:00:00+00:00,786
2025-11-24 14:15:00+00:00,786
2025-11-24 14:30:00+00:00,786
2025-11-24 14:45:00+00:00,786
2025-11-24 15:00:00+00:00,787
2025-11-24 15:15:00+00:00,787
2025-11-24 15:30:00+00:00,787
2025-11-24 15:45:00+00:00,786
2025-11-24 16:00:00+00:00,786
2025-11-24 16:15:00+00:00,786
2025-11-24 16:30:00+00:00,786
2025-11-24 16:45:00+00:00,786
2025-11-24 17:00:00+00:00,786
2025-11-24 17:15:00+00:00,786
2025-11-24 17:30:00+00:00,786
2025-11-24 17:45:00+00:00,785
2025-11-24 18:00:00+00:00,785
2025-11-24 18:15:00+00:00,785
2025-11-24 18:30:00+00:00,785
2025-11-24 18:45:00+00:00,785
2025-11-24 19:00:00+00:00,786
2025-11-24 19:15:00+00:00,786
2025-11-24 19:30:00+00:00,786
2025-11-24 19:45:00+00:00,786
2025-11-24 20:00:00+00:00,786
2025-11-24 20:15:00+00:00,786
2025-11-24 20:30:00+00:00,786
2025-11-24 20:45:00+00:00,786
2025-11-24 21:00:00+00:00,786
2025-11-24 21:15:00+00:00,786
2025-11-24 21:30:00+00:00,786
2025-11-24 21:45:00+00:00,786
2025-11-24 22:00:00+00:00,785
2025-11-24 22:15:00+00:00,785
2025-11-24 22:30:00+00:00,785
2025-11-24 22:45:00+00:00,785
2025-11-24 23:00:00+00:00,785
2025-11-24 23:15:00+00:00,785
2025-11-24 23:30:00+00:00,784
2025-11-24 23:45:00+00:00,784
2025-11-25 00:00:00+00:00,784
2025-11-25 00:15:00+00:00,784
2025-11-25 00:30:00+00:00,784
2025-11-25 00:45:00+00:00,784
2025-11-25 01:00:00+00:00,783
2025-11-25 01:15:00+00:00,783
2025-11-25 01:30:00+00:00,783
2025-11-25 01:45:00+00:00,783
2025-11-25 02:00:00+00:00,783
2025-11-25 02:15:00+00:00,783
2025-11-25 02:30:00+00:00,783
2025-11-25 02:45:00+00:00,782
2025-11-25 03:00:00+00:00,782
2025-11-25 03:15:00+00:00,782
2025-11-25 03:30:00+00:00,782
2025-11-25 03:45:00+00:00,783
2025-11-25 04:00:00+00:00,783
2025-11-25 04:15:00+00:00,783
2025-11-25 04:30:00+00:00,783
2025-11-25 04:45:00+00:00,783
2025-11-25 05:00:00+00:00,784
2025-11-25 05:15:00+00:00,784
2025-11-25 05:30:00+00:00,784
2025-11-25 05:45:00+00:00,784
2025-11-25 06:00:00+00:00,785
2025-11-25 06:15:00+00:00,785
2025-11-25 06:30:00+00:00,786
2025-11-25 06:45:00+00:00,786
2025-11-25 07:00:00+00:00,787
2025-11-25 07:15:00+00:00,787
2025-11-25 07:30:00+00:00,788
2025-11-25 07:45:00+00:00,788
2025-11-25 08:00:00+00:00,789
2025-11-25 08:15:00+00:00,789
2025-11-25 08:30:00+00:00,790
2025-11-25 08:45:00+00:00,791
2025-11-25 09:00:00+00:00,792
2025-11-25 09:15:00+00:00,792
2025-11-25 09:30:00+00:00,792
2025-11-25 09:45:00+00:00,792
2025-11-25 10:00:00+00:00,793
2025-11-25 10:15:00+00:00,793
2025-11-25 10:30:00+00:00,793
2025-11-25 10:45:00+00:00,793
2025-11-25 11:00:00+00:00,793
2025-11-25 11:15:00+00:00,793
2025-11-25 11:30:00+00:00,793
2025-11-25 11:45:00+00:00,793
2025-11-25 12:00:00+00:00,794
2025-11-25 12:15:00+00:00,794
2025-11-25 12:30:00+00:00,794
2025-11-25 12:45:00+00:00,794
2025-11-25 13:00:00+00:00,794
2025-11-25 13:15:00+00:00,795
2025-11-25 13:30:00+00:00,795
2025-11-25 13:45:00+00:00,795
2025-11-25 14:00:00+00:00,795
2025-11-25 14:15:00+00:00,796
2025-11-25 14:30:00+00:00,796
2025-11-25 14:45:00+00:00,796
2025-11-25 15:00:00+00:00,797
2025-11-25 15:15:00+00:00,797
2025-11-25 15:30:00+00:00,797
2025-11-25 15:45:00+00:00,797
2025-11-25 16:00:00+00:00,797
2025-11-25 16:15:00+00:00,797
2025-11-25 16:30:00+00:00,796
2025-11-25 16:45:00+00:00,796
2025-11-25 17:00:00+00:00,796
2025-11-25 17:15:00+00:00,796
2025-11-25 17:30:00+00:00,796
2025-11-25 17:45:00+00:00,796
2025-11-25 18:00:00+00:00,796
2025-11-25 18:15:00+00:00,795
2025-11-25 18:30:00+00:00,795
2025-11-25 18:45:00+00:00,795
2025-11-25 19:00:00+00:00,795
2025-11-25 19:15:00+00:00,795
2025-11-25 19:30:00+00:00,794
2025-11-25 19:45:00+00:00,794
2025-11-25 20:00:00+00:00,794
2025-11-25 20:15:00+00:00,793
2025-11-25 20:30:00+00:00,793
2025-11-25 20:45:00+00:00,792
2025-11-25 21:00:00+00:00,792
2025-11-25 21:15:00+00:00,792
2025-11-25 21:30:00+00:00,792
2025-11-25 21:45:00+00:00,791
2025-11-25 22:00:00+00:00,792
2025-11-25 22:15:00+00:00,792
2025-11-25 22:30:00+00:00,792
2025-11-25 22:45:00+00:00,792
2025-11-25 23:00:00+00:00,792
2025-11-25 23:15:00+00:00,792
2025-11-25 23:30:00+00:00,791
2025-11-25 23:45:00+00:00,791
2025-11-26 00:00:00+00:00,791
2025-11-26 00:15:00+00:00,791
2025-11-26 00:30:00+00:00,791
2025-11-26 00:45:00+00:00,791
2025-11-26 01:00:00+00:00,791
2025-11-26 01:15:00+00:00,791
2025-11-26 01:30:00+00:00,791
2025-11-26 01:45:00+00:00,791
2025-11-26 02:00:00+00:00,791
2025-11-26 02:15:00+00:00,791
2025-11-26 02:30:00+00:00,791
2025-11-26 02:45:00+00:00,791
2025-11-26 03:00:00+00:00,791
2025-11-26 03:15:00+00:00,791
2025-11-26 03:30:00+00:00,791
2025-11-26 03:45:00+00:00,791
2025-11-26 04:00:00+00:00,791
2025-11-26 04:15:00+00:00,791
2025-11-26 04:30:00+00:00,792
2025-11-26 04:45:00+00:00,792
2025-11-26 05:00:00+00:00,792
2025-11-26 05:15:00+00:00,793
2025-11-26 05:30:00+00:00,794
2025-11-26 05:45:00+00:00,794
2025-11-26 06:00:00+00:00,795
2025-11-26 06:15:00+00:00,795
2025-11-26 06:30:00+00:00,796
2025-11-26 06:45:00+00:00,797
2025-11-26 07:00:00+00:00,797
2025-11-26 07:15:00+00:00,798
2025-11-26 07:30:00+00:00,798
2025-11-26 07:45:00+00:00,799
2025-11-26 08:00:00+00:00,799
2025-11-26 08:15:00+00:00,800
2025-11-26 08:30:00+00:00,801
2025-11-26 08:45:00+00:00,801
2025-11-26 09:00:00+00:00,801
2025-11-26 09:15:00+00:00,802
2025-11-26 09:30:00+00:00,803
2025-11-26 09:45:00+00:00,803
2025-11-26 10:00:00+00:00,804
2025-11-26 10:15:00+00:00,804
2025-11-26 10:30:00+00:00,805
2025-11-26 10:45:00+00:00,805
2025-11-26 11:00:00+00:00,805
2025-11-26 11:15:00+00:00,806
2025-11-26 11:30:00+00:00,806
2025-11-26 11:45:00+00:00,806
2025-11-26 12:00:00+00:00,806
2025-11-26 12:15:00+00:00,807
2025-11-26 12:30:00+00:00,807
2025-11-26 12:45:00+00:00,807
2025-11-26 13:00:00+00:00,807
2025-11-26 13:15:00+00:00,808
2025-11-26 13:30:00+00:00,808
2025-11-26 13:45:00+00:00,808
2025-11-26 14:00:00+00:00,809
2025-11-26 14:15:00+00:00,809
2025-11-26 14:30:00+00:00,809
2025-11-26 14:45:00+00:00,809
2025-11-26 15:00:00+00:00,809
2025-11-26 15:15:00+00:00,810
2025-11-26 15:30:00+00:00,809
2025-11-26 15:45:00+00:00,809
2025-11-26 16:00:00+00:00,809
2025-11-26 16:15:00+00:00,809
2025-11-26 16:30:00+00:00,809
2025-11-26 16:45:00+00:00,809
2025-11-26 17:00:00+00:00,809
2025-11-26 17:15:00+00:00,809
2025-11-26 17:30:00+00:00,809
2025-11-26 17:45:00+00:00,809
2025-11-26 18:00:00+00:00,809
2025-11-26 18:15:00+00:00,809
2025-11-26 18:30:00+00:00,809
2025-11-26 18:45:00+00:00,809
2025-11-26 19:00:00+00:00,809
2025-11-26 19:15:00+00:00,809
2025-11-26 19:30:00+00:00,809
2025-11-26 19:45:00+00:00,809
2025-11-26 20:00:00+00:00,809
2025-11-26 20:15:00+00:00,809
2025-11-26 20:30:00+00:00,808
2025-11-26 20:45:00+00:00,808
2025-11-26 21:00:00+00:00,808
2025-11-26 21:15:00+00:00,808
2025-11-26 21:30:00+00:00,808
2025-11-26 21:45:00+00:00,807
2025-11-26 22:00:00+00:00,807
2025-11-26 22:15:00+00:00,807
2025-11-26 22:30:00+00:00,807
2025-11-26 22:45:00+00:00,807
2025-11-26 23:00:00+00:00,807
2025-11-26 23:15:00+00:00,808
2025-11-26 23:30:00+00:00,808
2025-11-26 23:45:00+00:00,808
2025-11-27 00:00:00+00:00,808
2025-11-27 00:15:00+00:00,808
2025-11-27 00:30:00+00:00,808
2025-11-27 00:45:00+00:00,808
2025-11-27 01:00:00+00:00,808
2025-11-27 01:15:00+00:00,807
2025-11-27 01:30:00+00:00,807
2025-11-27 01:45:00+00:00,807
2025-11-27 02:00:00+00:00,807
2025-11-27 02:15:00+00:00,807
2025-11-27 02:30:00+00:00,806
2025-11-27 02:45:00+00:00,806
2025-11-27 03:00:00+00:00,806
2025-11-27 03:15:00+00:00,806
2025-11-27 03:30:00+00:00,806
2025-11-27 03:45:00+00:00,805
2025-11-27 04:00:00+00:00,805
2025-11-27 04:15:00+00:00,805
2025-11-27 04:30:00+00:00,805
2025-11-27 04:45:00+00:00,805
2025-11-27 05:00:00+00:00,806
2025-11-27 05:15:00+00:00,806
2025-11-27 05:30:00+00:00,806
2025-11-27 05:45:00+00:00,806
2025-11-27 06:00:00+00:00,807
2025-11-27 06:15:00+00:00,807
2025-11-27 06:30:00+00:00,807
2025-11-27 06:45:00+00:00,808
2025-11-27 07:00:00+00:00,808
2025-11-27 07:15:00+00:00,809
2025-11-27 07:30:00+00:00,810
2025-11-27 07:45:00+00:00,811
2025-11-27 08:00:00+00:00,811
2025-11-27 08:15:00+00:00,812
2025-11-27 08:30:00+00:00,813
2025-11-27 08:45:00+00:00,815
2025-11-27 09:00:00+00:00,815
2025-11-27 09:15:00+00:00,816
2025-11-27 09:30:00+00:00,817
2025-11-27 09:45:00+00:00,818
2025-11-27 10:00:00+00:00,819
2025-11-27 10:15:00+00:00,819
2025-11-27 10:30:00+00:00,820
2025-11-27 10:45:00+00:00,820
2025-11-27 11:00:00+00:00,821
2025-11-27 11:15:00+00:00,821
2025-11-27 11:30:00+00:00,821
2025-11-27 11:45:00+00:00,822
2025-11-27 12:00:00+00:00,822
2025-11-27 12:15:00+00:00,822
2025-11-27 12:30:00+00:00,822
2025-11-27 12:45:00+00:00,822
2025-11-27 13:00:00+00:00,822
2025-11-27 13:15:00+00:00,822
2025-11-27 13:30:00+00:00,822
2025-11-27 13:45:00+00:00,822
2025-11-27 14:00:00+00:00,822
2025-11-27 14:15:00+00:00,823
2025-11-27 14:30:00+00:00,823
2025-11-27 14:45:00+00:00,823
2025-11-27 15:00:00+00:00,823
2025-11-27 15:15:00+00:00,823
2025-11-27 15:30:00+00:00,823
2025-11-27 15:45:00+00:00,823
2025-11-27 16:00:00+00:00,823
2025-11-27 16:15:00+00:00,823
2025-11-27 16:30:00+00:00,823
2025-11-27 16:45:00+00:00,822
2025-11-27 17:00:00+00:00,822
2025-11-27 17:15:00+00:00,822
2025-11-27 17:30:00+00:00,822
2025-11-27 17:45:00+00:00,823
2025-11-27 18:00:00+00:00,823
2025-11-27 18:15:00+00:00,823
2025-11-27 18:30:00+00:00,823
2025-11-27 18:45:00+00:00,823
2025-11-27 19:00:00+00:00,824
2025-11-27 19:15:00+00:00,824
2025-11-27 19:30:00+00:00,824
2025-11-27 19:45:00+00:00,824
2025-11-27 20:00:00+00:00,825
2025-11-27 20:15:00+00:00,825
2025-11-27 20:30:00+00:00,825
2025-11-27 20:45:00+00:00,825
2025-11-27 21:00:00+00:00,825
2025-11-27 21:15:00+00:00,825
2025-11-27 21:30:00+00:00,826
2025-11-27 21:45:00+00:00,826
2025-11-27 22:00:00+00:00,826
2025-11-27 22:15:00+00:00,826
2025-11-27 22:30:00+00:00,827
2025-11-27 22:45:00+00:00,827
2025-11-27 23:00:00+00:00,828
2025-11-27 23:15:00+00:00,828
2025-11-27 23:30:00+00:00,829
2025-11-27 23:45:00+00:00,829
2025-11-28 00:00:00+00:00,830
2025-11-28 00:15:00+00:00,830
2025-11-28 00:30:00+00:00,831
2025-11-28 00:45:00+00:00,831
2025-11-28 01:00:00+00:00,831
2025-11-28 01:15:00+00:00,832
2025-11-28 01:30:00+00:00,832
2025-11-28 01:45:00+00:00,833
2025-11-28 02:00:00+00:00,833
2025-11-28 02:15:00+00:00,833
2025-11-28 02:30:00+00:00,833
2025-11-28 02:45:00+00:00,833
2025-11-28 03:00:00+00:00,834
2025-11-28 03:15:00+00:00,834
2025-11-28 03:30:00+00:00,834
2025-11-28 03:45:00+00:00,834
2025-11-28 04:00:00+00:00,834
2025-11-28 04:15:00+00:00,835
2025-11-28 04:30:00+00:00,835
2025-11-28 04:45:00+00:00,835
2025-11-28 05:00:00+00:00,836
2025-11-28 05:15:00+00:00,836
2025-11-28 05:30:00+00:00,837
2025-11-28 05:45:00+00:00,837
2025-11-28 06:00:00+00:00,838
2025-11-28 06:15:00+00:00,838
2025-11-28 06:30:00+00:00,839
2025-11-28 06:45:00+00:00,839
2025-11-28 07:00:00+00:00,839
2025-11-28 07:15:00+00:00,840
2025-11-28 07:30:00+00:00,840
2025-11-28 07:45:00+00:00,841
2025-11-28 08:00:00+00:00,841
2025-11-28 08:15:00+00:00,842
2025-11-28 08:30:00+00:00,842
2025-11-28 08:45:00+00:00,842
2025-11-28 09:00:00+00:00,842
2025-11-28 09:15:00+00:00,843
2025-11-28 09:30:00+00:00,843
2025-11-28 09:45:00+00:00,843
2025-11-28 10:00:00+00:00,843
2025-11-28 10:15:00+00:00,843
2025-11-28 10:30:00+00:00,843
2025-11-28 10:45:00+00:00,844
2025-11-28 11:00:00+00:00,844
2025-11-28 11:15:00+00:00,844
2025-11-28 11:30:00+00:00,844
2025-11-28 11:45:00+00:00,845
2025-11-28 12:00:00+00:00,845
2025-11-28 12:15:00+00:00,846
2025-11-28 12:30:00+00:00,846
2025-11-28 12:45:00+00:00,846
2025-11-28 13:00:00+00:00,847
2025-11-28 13:15:00+00:00,847
2025-11-28 13:30:00+00:00,848
2025-11-28 13:45:00+00:00,848
2025-11-28 14:00:00+00:00,849
2025-11-28 14:15:00+00:00,849
2025-11-28 14:30:00+00:00,849
2025-11-28 14:45:00+00:00,850
2025-11-28 15:00:00+00:00,850
2025-11-28 15:15:00+00:00,850
2025-11-28 15:30:00+00:00,851
2025-11-28 15:45:00+00:00,851
2025-11-28 16:00:00+00:00,851
2025-11-28 16:15:00+00:00,851
2025-11-28 16:30:00+00:00,851
2025-11-28 16:45:00+00:00,851
2025-11-28 17:00:00+00:00,852
2025-11-28 17:15:00+00:00,852
2025-11-28 17:30:00+00:00,852
2025-11-28 17:45:00+00:00,852
2025-11-28 18:00:00+00:00,851
2025-11-28 18:15:00+00:00,851
2025-11-28 18:30:00+00:00,851
2025-11-28 18:45:00+00:00,851
2025-11-28 19:00:00+00:00,850
2025-11-28 19:15:00+00:00,850
2025-11-28 19:30:00+00:00,850
2025-11-28 19:45:00+00:00,850
2025-11-28 20:00:00+00:00,850
2025-11-28 20:15:00+00:00,850
2025-11-28 20:30:00+00:00,850
2025-11-28 20:45:00+00:00,850
2025-11-28 21:00:00+00:00,850
2025-11-28 21:15:00+00:00,849
2025-11-28 21:30:00+00:00,849
2025-11-28 21:45:00+00:00,849
2025-11-28 22:00:00+00:00,848
2025-11-28 22:15:00+00:00,848
2025-11-28 22:30:00+00:00,848
2025-11-28 22:45:00+00:00,848
2025-11-28 23:00:00+00:00,848
2025-11-28 23:15:00+00:00,848
2025-11-28 23:30:00+00:00,848
2025-11-28 23:45:00+00:00,848
2025-11-29 00:00:00+00:00,849
2025-11-29 00:15:00+00:00,848
2025-11-29 00:30:00+00:00,848
2025-11-29 00:45:00+00:00,848
2025-11-29 01:00:00+00:00,847
2025-11-29 01:15:00+00:00,847
2025-11-29 01:30:00+00:00,846
2025-11-29 01:45:00+00:00,846
2025-11-29 02:00:00+00:00,845
2025-11-29 02:15:00+00:00,844
2025-11-29 02:30:00+00:00,844
2025-11-29 02:45:00+00:00,843
2025-11-29 03:00:00+00:00,842
2025-11-29 03:15:00+00:00,842
2025-11-29 03:30:00+00:00,841
2025-11-29 03:45:00+00:00,841
2025-11-29 04:00:00+00:00,840
2025-11-29 04:15:00+00:00,839
2025-11-29 04:30:00+00:00,838
2025-11-29 04:45:00+00:00,838
2025-11-29 05:00:00+00:00,837
2025-11-29 05:15:00+00:00,836
2025-11-29 05:30:00+00:00,836
2025-11-29 05:45:00+00:00,835
2025-11-29 06:00:00+00:00,835
2025-11-29 06:15:00+00:00,835
2025-11-29 06:30:00+00:00,834
2025-11-29 06:45:00+00:00,834
2025-11-29 07:00:00+00:00,834
2025-11-29 07:15:00+00:00,834
2025-11-29 07:30:00+00:00,834
2025-11-29 07:45:00+00:00,834
2025-11-29 08:00:00+00:00,834
2025-11-29 08:15:00+00:00,834
2025-11-29 08:30:00+00:00,834
2025-11-29 08:45:00+00:00,834
2025-11-29 09:00:00+00:00,834
2025-11-29 09:15:00+00:00,835
2025-11-29 09:30:00+00:00,835
2025-11-29 09:45:00+00:00,835
2025-11-29 10:00:00+00:00,836
2025-11-29 10:15:00+00:00,836
2025-11-29 10:30:00+00:00,837
2025-11-29 10:45:00+00:00,838
2025-11-29 11:00:00+00:00,838
2025-11-29 11:15:00+00:00,839
2025-11-29 11:30:00+00:00,840
2025-11-29 11:45:00+00:00,840
2025-11-29 12:00:00+00:00,841
2025-11-29 12:15:00+00:00,842
2025-11-29 12:30:00+00:00,842
2025-11-29 12:45:00+00:00,843
2025-11-29 13:00:00+00:00,843
2025-11-29 13:15:00+00:00,844
2025-11-29 13:30:00+00:00,844
2025-11-29 13:45:00+00:00,844
2025-11-29 14:00:00+00:00,845
2025-11-29 14:15:00+00:00,845
2025-11-29 14:30:00+00:00,845
2025-11-29 14:45:00+00:00,846
2025-11-29 15:00:00+00:00,846
2025-11-29 15:15:00+00:00,847
2025-11-29 15:30:00+00:00,847
2025-11-29 15:45:00+00:00,847
2025-11-29 16:00:00+00:00,847
2025-11-29 16:15:00+00:00,847
2025-11-29 16:30:00+00:00,847
2025-11-29 16:45:00+00:00,847
2025-11-29 17:00:00+00:00,847
2025-11-29 17:15:00+00:00,847
2025-11-29 17:30:00+00:00,847
2025-11-29 17:45:00+00:00,847
2025-11-29 18:00:00+00:00,847
2025-11-29 18:15:00+00:00,846
2025-11-29 18:30:00+00:00,846
2025-11-29 18:45:00+00:00,846
2025-11-29 19:00:00+00:00,846
2025-11-29 19:15:00+00:00,846
2025-11-29 19:30:00+00:00,846
2025-11-29 19:45:00+00:00,846
2025-11-29 20:00:00+00:00,846
2025-11-29 20:15:00+00:00,846
2025-11-29 20:30:00+00:00,846
2025-11-29 20:45:00+00:00,846
2025-11-29 21:00:00+00:00,846
2025-11-29 21:15:00+00:00,846
2025-11-29 21:30:00+00:00,846
2025-11-29 21:45:00+00:00,846
2025-11-29 22:00:00+00:00,846
2025-11-29 22:15:00+00:00,846
2025-11-29 22:30:00+00:00,846
2025-11-29 22:45:00+00:00,846
2025-11-29 23:00:00+00:00,847
2025-11-29 23:15:00+00:00,847
2025-11-29 23:30:00+00:00,847
2025-11-29 23:45:00+00:00,847
2025-11-30 00:00:00+00:00,847
2025-11-30 00:15:00+00:00,848
2025-11-30 00:30:00+00:00,848
2025-11-30 00:45:00+00:00,848
2025-11-30 01:00:00+00:00,848
2025-11-30 01:15:00+00:00,849
2025-11-30 01:30:00+00:00,849
2025-11-30 01:45:00+00:00,849
2025-11-30 02:00:00+00:00,849
2025-11-30 02:15:00+00:00,849
2025-11-30 02:30:00+00:00,849
2025-11-30 02:45:00+00:00,849
2025-11-30 03:00:00+00:00,849
2025-11-30 03:15:00+00:00,849
2025-11-30 03:30:00+00:00,849
2025-11-30 03:45:00+00:00,849
2025-11-30 04:00:00+00:00,849
2025-11-30 04:15:00+00:00,849
2025-11-30 04:30:00+00:00,849
2025-11-30 04:45:00+00:00,849
2025-11-30 05:00:00+00:00,849
2025-11-30 05:15:00+00:00,849
2025-11-30 05:30:00+00:00,849
2025-11-30 05:45:00+00:00,849
2025-11-30 06:00:00+00:00,849
2025-11-30 06:15:00+00:00,849
2025-11-30 06:30:00+00:00,849
2025-11-30 06:45:00+00:00,849
2025-11-30 07:00:00+00:00,849
2025-11-30 07:15:00+00:00,849
2025-11-30 07:30:00+00:00,849
2025-11-30 07:45:00+00:00,849
2025-11-30 08:00:00+00:00,849
2025-11-30 08:15:00+00:00,850
2025-11-30 08:30:00+00:00,850
2025-11-30 08:45:00+00:00,850
2025-11-30 09:00:00+00:00,850
2025-11-30 09:15:00+00:00,850
2025-11-30 09:30:00+00:00,851
2025-11-30 09:45:00+00:00,851
2025-11-30 10:00:00+00:00,851
2025-11-30 10:15:00+00:00,851
2025-11-30 10:30:00+00:00,851
2025-11-30 10:45:00+00:00,851
2025-11-30 11:00:00+00:00,851
2025-11-30 11:15:00+00:00,850
2025-11-30 11:30:00+00:00,850
2025-11-30 11:45:00+00:00,850
2025-11-30 12:00:00+00:00,849
2025-11-30 12:15:00+00:00,848
2025-11-30 12:30:00+00:00,848
2025-11-30 12:45:00+00:00,847
2025-11-30 13:00:00+00:00,846
2025-11-30 13:15:00+00:00,846
2025-11-30 13:30:00+00:00,845
2025-11-30 13:45:00+00:00,845
2025-11-30 14:00:00+00:00,844
2025-11-30 14:15:00+00:00,843
2025-11-30 14:30:00+00:00,843
2025-11-30 14:45:00+00:00,842
2025-11-30 15:00:00+00:00,841
2025-11-30 15:15:00+00:00,841
2025-11-30 15:30:00+00:00,840
2025-11-30 15:45:00+00:00,840
2025-11-30 16:00:00+00:00,840
2025-11-30 16:15:00+00:00,839
2025-11-30 16:30:00+00:00,839
2025-11-30 16:45:00+00:00,838
2025-11-30 17:00:00+00:00,838
2025-11-30 17:15:00+00:00,838
2025-11-30 17:30:00+00:00,837
2025-11-30 17:45:00+00:00,837
2025-11-30 18:00:00+00:00,836
2025-11-30 18:15:00+00:00,836
2025-11-30 18:30:00+00:00,836
2025-11-30 18:45:00+00:00,835
2025-11-30 19:00:00+00:00,835
2025-11-30 19:15:00+00:00,835
2025-11-30 19:30:00+00:00,835
2025-11-30 19:45:00+00:00,834
2025-11-30 20:00:00+00:00,834
2025-11-30 20:15:00+00:00,834
2025-11-30 20:30:00+00:00,834
2025-11-30 20:45:00+00:00,834
2025-11-30 21:00:00+00:00,835
2025-11-30 21:15:00+00:00,835
2025-11-30 21:30:00+00:00,835
2025-11-30 21:45:00+00:00,836
2025-11-30 22:00:00+00:00,836
2025-11-30 22:15:00+00:00,837
2025-11-30 22:30:00+00:00,837
2025-11-30 22:45:00+00:00,838
2025-11-30 23:00:00+00:00,838
2025-11-30 23:15:00+00:00,839
2025-11-30 23:30:00+00:00,840
2025-11-30 23:45:00+00:00,840
2025-12-01 00:00:00+00:00,841
2025-12-01 00:15:00+00:00,842
2025-12-01 00:30:00+00:00,842
2025-12-01 00:45:00+00:00,842
2025-12-01 01:00:00+00:00,842
2025-12-01 01:15:00+00:00,842
2025-12-01 01:30:00+00:00,842
2025-12-01 01:45:00+00:00,842
2025-12-01 02:00:00+00:00,842
2025-12-01 02:15:00+00:00,841
2025-12-01 02:30:00+00:00,841
2025-12-01 02:45:00+00:00,841
2025-12-01 03:00:00+00:00,841
2025-12-01 03:15:00+00:00,840
2025-12-01 03:30:00+00:00,841
2025-12-01 03:45:00+00:00,841
2025-12-01 04:00:00+00:00,841
2025-12-01 04:15:00+00:00,841
2025-12-01 04:30:00+00:00,841
2025-12-01 04:45:00+00:00,841
2025-12-01 05:00:00+00:00,841
2025-12-01 05:15:00+00:00,841
2025-12-01 05:30:00+00:00,843
2025-12-01 05:45:00+00:00,844
2025-12-01 06:00:00+00:00,844
2025-12-01 06:15:00+00:00,845
2025-12-01 06:30:00+00:00,845
2025-12-01 06:45:00+00:00,846
2025-12-01 07:00:00+00:00,846
2025-12-01 07:15:00+00:00,847
2025-12-01 07:30:00+00:00,848
2025-12-01 07:45:00+00:00,848
2025-12-01 08:00:00+00:00,848
2025-12-01 08:15:00+00:00,849
2025-12-01 08:30:00+00:00,849
2025-12-01 08:45:00+00:00,849
2025-12-01 09:00:00+00:00,849
2025-12-01 09:15:00+00:00,850
2025-12-01 09:30:00+00:00,850
2025-12-01 09:45:00+00:00,850
2025-12-01 10:00:00+00:00,850
2025-12-01 10:15:00+00:00,851
2025-12-01 10:30:00+00:00,851
2025-12-01 10:45:00+00:00,851
2025-12-01 11:00:00+00:00,851
2025-12-01 11:15:00+00:00,851
2025-12-01 11:30:00+00:00,851
2025-12-01 11:45:00+00:00,851
2025-12-01 12:00:00+00:00,851
2025-12-01 12:15:00+00:00,851
2025-12-01 12:30:00+00:00,851
2025-12-01 12:45:00+00:00,851
2025-12-01 13:00:00+00:00,851
2025-12-01 13:15:00+00:00,851
2025-12-01 13:30:00+00:00,851
2025-12-01 13:45:00+00:00,851
2025-12-01 14:00:00+00:00,852
2025-12-01 14:15:00+00:00,852
2025-12-01 14:30:00+00:00,852
2025-12-01 14:45:00+00:00,853
2025-12-01 15:00:00+00:00,853
2025-12-01 15:15:00+00:00,854
2025-12-01 15:30:00+00:00,854
2025-12-01 15:45:00+00:00,854
2025-12-01 16:00:00+00:00,855
2025-12-01 16:15:00+00:00,856
2025-12-01 16:30:00+00:00,856
2025-12-01 16:45:00+00:00,856
2025-12-01 17:00:00+00:00,856
2025-12-01 17:15:00+00:00,858
2025-12-01 17:30:00+00:00,857
2025-12-01 17:45:00+00:00,858
2025-12-01 18:00:00+00:00,858
2025-12-01 18:15:00+00:00,859
2025-12-01 18:30:00+00:00,859
2025-12-01 18:45:00+00:00,859
2025-12-01 19:00:00+00:00,859
2025-12-01 19:15:00+00:00,859
2025-12-01 19:30:00+00:00,860
2025-12-01 19:45:00+00:00,860
2025-12-01 20:00:00+00:00,860
2025-12-01 20:15:00+00:00,860
2025-12-01 20:30:00+00:00,860
2025-12-01 20:45:00+00:00,860
2025-12-01 21:00:00+00:00,860
2025-12-01 21:15:00+00:00,860
2025-12-01 21:30:00+00:00,860
2025-12-01 21:45:00+00:00,860
2025-12-01 22:00:00+00:00,860
2025-12-01 22:15:00+00:00,861
2025-12-01 22:30:00+00:00,861
2025-12-01 22:45:00+00:00,861
2025-12-01 23:00:00+00:00,862
2025-12-01 23:15:00+00:00,862
2025-12-01 23:30:00+00:00,862
2025-12-01 23:45:00+00:00,863
2025-12-02 00:00:00+00:00,864
2025-12-02 00:15:00+00:00,864
2025-12-02 00:30:00+00:00,865
2025-12-02 00:45:00+00:00,865
2025-12-02 01:00:00+00:00,866
2025-12-02 01:15:00+00:00,866
2025-12-02 01:30:00+00:00,866
2025-12-02 01:45:00+00:00,867
2025-12-02 02:00:00+00:00,867
2025-12-02 02:15:00+00:00,867
2025-12-02 02:30:00+00:00,867
2025-12-02 02:45:00+00:00,866
2025-12-02 03:00:00+00:00,866
2025-12-02 03:15:00+00:00,866
2025-12-02 03:30:00+00:00,866
2025-12-02 03:45:00+00:00,866
2025-12-02 04:00:00+00:00,865
2025-12-02 04:15:00+00:00,865
2025-12-02 04:30:00+00:00,865
2025-12-02 04:45:00+00:00,865
2025-12-02 05:00:00+00:00,865
2025-12-02 05:15:00+00:00,865
2025-12-02 05:30:00+00:00,865
2025-12-02 05:45:00+00:00,866
2025-12-02 06:00:00+00:00,866
2025-12-02 06:15:00+00:00,866
2025-12-02 06:30:00+00:00,867
2025-12-02 06:45:00+00:00,868
2025-12-02 07:00:00+00:00,869
2025-12-02 07:15:00+00:00,870
2025-12-02 07:30:00+00:00,871
2025-12-02 07:45:00+00:00,873
2025-12-02 08:00:00+00:00,874
2025-12-02 08:15:00+00:00,876
2025-12-02 08:30:00+00:00,877
2025-12-02 08:45:00+00:00,879
2025-12-02 09:00:00+00:00,880
2025-12-02 09:15:00+00:00,882
2025-12-02 09:30:00+00:00,884
2025-12-02 09:45:00+00:00,886
2025-12-02 10:00:00+00:00,888
2025-12-02 10:15:00+00:00,890
2025-12-02 10:30:00+00:00,892
2025-12-02 10:45:00+00:00,894
2025-12-02 11:00:00+00:00,896
2025-12-02 11:15:00+00:00,897
2025-12-02 11:30:00+00:00,899
2025-12-02 11:45:00+00:00,900
2025-12-02 12:00:00+00:00,901
2025-12-02 12:15:00+00:00,902
2025-12-02 12:30:00+00:00,902
2025-12-02 12:45:00+00:00,902
2025-12-02 13:00:00+00:00,902
2025-12-02 13:15:00+00:00,902
2025-12-02 13:30:00+00:00,902
2025-12-02 13:45:00+00:00,901
2025-12-02 14:00:00+00:00,901
2025-12-02 14:15:00+00:00,900
2025-12-02 14:30:00+00:00,899
2025-12-02 14:45:00+00:00,899
2025-12-02 15:00:00+00:00,898
2025-12-02 15:15:00+00:00,898
2025-12-02 15:30:00+00:00,897
2025-12-02 15:45:00+00:00,896
2025-12-02 16:00:00+00:00,896
2025-12-02 16:15:00+00:00,895
2025-12-02 16:30:00+00:00,895
2025-12-02 16:45:00+00:00,895
2025-12-02 17:00:00+00:00,896
2025-12-02 17:15:00+00:00,897
2025-12-02 17:30:00+00:00,898
2025-12-02 17:45:00+00:00,899
2025-12-02 18:00:00+00:00,900
2025-12-02 18:15:00+00:00,902
2025-12-02 18:30:00+00:00,903
2025-12-02 18:45:00+00:00,905
2025-12-02 19:00:00+00:00,907
2025-12-02 19:15:00+00:00,909
2025-12-02 19:30:00+00:00,911
2025-12-02 19:45:00+00:00,912
2025-12-02 20:00:00+00:00,914
2025-12-02 20:15:00+00:00,915
2025-12-02 20:30:00+00:00,916
2025-12-02 20:45:00+00:00,916
2025-12-02 21:00:00+00:00,917
2025-12-02 21:15:00+00:00,917
2025-12-02 21:30:00+00:00,917
2025-12-02 21:45:00+00:00,916
2025-12-02 22:00:00+00:00,915
2025-12-02 22:15:00+00:00,914
2025-12-02 22:30:00+00:00,913
2025-12-02 22:45:00+00:00,912
2025-12-02 23:00:00+00:00,910
2025-12-02 23:15:00+00:00,908
2025-12-02 23:30:00+00:00,907
2025-12-02 23:45:00+00:00,905
2025-12-03 00:00:00+00:00,904
2025-12-03 00:15:00+00:00,902
2025-12-03 00:30:00+00:00,900
2025-12-03 00:45:00+00:00,899
2025-12-03 01:00:00+00:00,897
2025-12-03 01:15:00+00:00,895
2025-12-03 01:30:00+00:00,894
2025-12-03 01:45:00+00:00,894
2025-12-03 02:00:00+00:00,893
2025-12-03 02:15:00+00:00,892
2025-12-03 02:30:00+00:00,892
2025-12-03 02:45:00+00:00,893
2025-12-03 03:00:00+00:00,893
2025-12-03 03:15:00+00:00,895
2025-12-03 03:30:00+00:00,897
2025-12-03 03:45:00+00:00,899
2025-12-03 04:00:00+00:00,902
2025-12-03 04:15:00+00:00,905
2025-12-03 04:30:00+00:00,907
2025-12-03 04:45:00+00:00,911
2025-12-03 05:00:00+00:00,914
2025-12-03 05:15:00+00:00,918
2025-12-03 05:30:00+00:00,923
2025-12-03 05:45:00+00:00,927
2025-12-03 06:00:00+00:00,932
2025-12-03 06:15:00+00:00,936
2025-12-03 06:30:00+00:00,941
2025-12-03 06:45:00+00:00,946
2025-12-03 07:00:00+00:00,951
2025-12-03 07:15:00+00:00,956
2025-12-03 07:30:00+00:00,962
2025-12-03 07:45:00+00:00,966
2025-12-03 08:00:00+00:00,971
2025-12-03 08:15:00+00:00,974
2025-12-03 08:30:00+00:00,978
2025-12-03 08:45:00+00:00,980
2025-12-03 09:00:00+00:00,982
2025-12-03 09:15:00+00:00,983
2025-12-03 09:30:00+00:00,984
2025-12-03 09:45:00+00:00,984
2025-12-03 10:00:00+00:00,985
2025-12-03 10:15:00+00:00,985
2025-12-03 10:30:00+00:00,984
2025-12-03 10:45:00+00:00,983
2025-12-03 11:00:00+00:00,983
2025-12-03 11:15:00+00:00,982
2025-12-03 11:30:00+00:00,980
2025-12-03 11:45:00+00:00,979
2025-12-03 12:00:00+00:00,977
2025-12-03 12:15:00+00:00,975
2025-12-03 12:30:00+00:00,973
2025-12-03 12:45:00+00:00,971
2025-12-03 13:00:00+00:00,969
2025-12-03 13:15:00+00:00,967
2025-12-03 13:30:00+00:00,965
2025-12-03 13:45:00+00:00,963
2025-12-03 14:00:00+00:00,961
2025-12-03 14:15:00+00:00,960
2025-12-03 14:30:00+00:00,958
2025-12-03 14:45:00+00:00,955
2025-12-03 15:00:00+00:00,953
2025-12-03 15:15:00+00:00,950
2025-12-03 15:30:00+00:00,947
2025-12-03 15:45:00+00:00,945
2025-12-03 16:00:00+00:00,942
2025-12-03 16:15:00+00:00,940
2025-12-03 16:30:00+00:00,937
2025-12-03 16:45:00+00:00,934
2025-12-03 17:00:00+00:00,931
2025-12-03 17:15:00+00:00,928
2025-12-03 17:30:00+00:00,923
2025-12-03 17:45:00+00:00,920
2025-12-03 18:00:00+00:00,917
2025-12-03 18:15:00+00:00,915
2025-12-03 18:30:00+00:00,913
2025-12-03 18:45:00+00:00,911
2025-12-03 19:00:00+00:00,909
2025-12-03 19:15:00+00:00,907
2025-12-03 19:30:00+00:00,905
2025-12-03 19:45:00+00:00,904
2025-12-03 20:00:00+00:00,903
2025-12-03 20:15:00+00:00,904
2025-12-03 20:30:00+00:00,906
2025-12-03 20:45:00+00:00,908
2025-12-03 21:00:00+00:00,910
2025-12-03 21:15:00+00:00,912
2025-12-03 21:30:00+00:00,913
2025-12-03 21:45:00+00:00,914
2025-12-03 22:00:00+00:00,914
2025-12-03 22:15:00+00:00,914
2025-12-03 22:30:00+00:00,913
2025-12-03 22:45:00+00:00,913
2025-12-03 23:00:00+00:00,913
2025-12-03 23:15:00+00:00,913
2025-12-03 23:30:00+00:00,913
2025-12-03 23:45:00+00:00,912
2025-12-04 00:00:00+00:00,912
2025-12-04 00:15:00+00:00,912
2025-12-04 00:30:00+00:00,912
2025-12-04 00:45:00+00:00,913
2025-12-04 01:00:00+00:00,912
2025-12-04 01:15:00+00:00,912
2025-12-04 01:30:00+00:00,912
2025-12-04 01:45:00+00:00,912
2025-12-04 02:00:00+00:00,912
2025-12-04 02:15:00+00:00,911
2025-12-04 02:30:00+00:00,911
2025-12-04 02:45:00+00:00,910
2025-12-04 03:00:00+00:00,910
2025-12-04 03:15:00+00:00,909
2025-12-04 03:30:00+00:00,907
2025-12-04 03:45:00+00:00,906
2025-12-04 04:00:00+00:00,903
2025-12-04 04:15:00+00:00,901
2025-12-04 04:30:00+00:00,898
2025-12-04 04:45:00+00:00,895
2025-12-04 05:00:00+00:00,892
2025-12-04 05:15:00+00:00,888
2025-12-04 05:30:00+00:00,885
2025-12-04 05:45:00+00:00,882
2025-12-04 06:00:00+00:00,878
2025-12-04 06:15:00+00:00,875
2025-12-04 06:30:00+00:00,871
2025-12-04 06:45:00+00:00,868
2025-12-04 07:00:00+00:00,864
2025-12-04 07:15:00+00:00,860
2025-12-04 07:30:00+00:00,857
2025-12-04 07:45:00+00:00,853
2025-12-04 08:00:00+00:00,849
2025-12-04 08:15:00+00:00,846
2025-12-04 08:30:00+00:00,843
2025-12-04 08:45:00+00:00,840
2025-12-04 09:00:00+00:00,838
2025-12-04 09:15:00+00:00,836
2025-12-04 09:30:00+00:00,833
2025-12-04 09:45:00+00:00,831
2025-12-04 10:00:00+00:00,830
2025-12-04 10:15:00+00:00,829
2025-12-04 10:30:00+00:00,827
2025-12-04 10:45:00+00:00,827
2025-12-04 11:00:00+00:00,826
2025-12-04 11:15:00+00:00,826
2025-12-04 11:30:00+00:00,825
2025-12-04 11:45:00+00:00,825
2025-12-04 12:00:00+00:00,825
2025-12-04 12:15:00+00:00,825
2025-12-04 12:30:00+00:00,825
2025-12-04 12:45:00+00:00,825
2025-12-04 13:00:00+00:00,825
2025-12-04 13:15:00+00:00,826
2025-12-04 13:30:00+00:00,826
2025-12-04 13:45:00+00:00,827
2025-12-04 14:00:00+00:00,829
2025-12-04 14:15:00+00:00,830
2025-12-04 14:30:00+00:00,831
2025-12-04 14:45:00+00:00,831
2025-12-04 15:00:00+00:00,833
2025-12-04 15:15:00+00:00,834
2025-12-04 15:30:00+00:00,835
2025-12-04 15:45:00+00:00,837
2025-12-04 16:00:00+00:00,839
2025-12-04 16:15:00+00:00,840
2025-12-04 16:30:00+00:00,841
2025-12-04 16:45:00+00:00,842
2025-12-04 17:00:00+00:00,843
2025-12-04 17:15:00+00:00,843
2025-12-04 17:30:00+00:00,844
2025-12-04 17:45:00+00:00,845
2025-12-04 18:00:00+00:00,845
2025-12-04 18:15:00+00:00,846
2025-12-04 18:30:00+00:00,846
2025-12-04 18:45:00+00:00,846
2025-12-04 19:00:00+00:00,847
2025-12-04 19:15:00+00:00,847
2025-12-04 19:30:00+00:00,848
2025-12-04 19:45:00+00:00,848
2025-12-04 20:00:00+00:00,848
2025-12-04 20:15:00+00:00,848
2025-12-04 20:30:00+00:00,848
2025-12-04 20:45:00+00:00,848
2025-12-04 21:00:00+00:00,848
2025-12-04 21:15:00+00:00,848
2025-12-04 21:30:00+00:00,848
2025-12-04 21:45:00+00:00,847
2025-12-04 22:00:00+00:00,848
2025-12-04 22:15:00+00:00,847
2025-12-04 22:30:00+00:00,847
2025-12-04 22:45:00+00:00,847
2025-12-04 23:00:00+00:00,847
2025-12-04 23:15:00+00:00,847
2025-12-04 23:30:00+00:00,847
2025-12-04 23:45:00+00:00,847
2025-12-05 00:00:00+00:00,847
2025-12-05 00:15:00+00:00,847
2025-12-05 00:30:00+00:00,847
2025-12-05 00:45:00+00:00,848
2025-12-05 01:00:00+00:00,849
2025-12-05 01:15:00+00:00,850
2025-12-05 01:30:00+00:00,851
2025-12-05 01:45:00+00:00,852
2025-12-05 02:00:00+00:00,854
2025-12-05 02:15:00+00:00,855
2025-12-05 02:30:00+00:00,857
2025-12-05 02:45:00+00:00,861
2025-12-05 03:00:00+00:00,864
2025-12-05 03:15:00+00:00,867
2025-12-05 03:30:00+00:00,870
2025-12-05 03:45:00+00:00,873
2025-12-05 04:00:00+00:00,876
2025-12-05 04:15:00+00:00,878
2025-12-05 04:30:00+00:00,881
2025-12-05 04:45:00+00:00,884
2025-12-05 05:00:00+00:00,887
2025-12-05 05:15:00+00:00,889
2025-12-05 05:30:00+00:00,892
2025-12-05 05:45:00+00:00,896
2025-12-05 06:00:00+00:00,898
2025-12-05 06:15:00+00:00,901
2025-12-05 06:30:00+00:00,903
2025-12-05 06:45:00+00:00,906
2025-12-05 07:00:00+00:00,908
2025-12-05 07:15:00+00:00,910
2025-12-05 07:30:00+00:00,913
2025-12-05 07:45:00+00:00,915
2025-12-05 08:00:00+00:00,917
2025-12-05 08:15:00+00:00,919
2025-12-05 08:30:00+00:00,920
2025-12-05 08:45:00+00:00,922
2025-12-05 09:00:00+00:00,923
2025-12-05 09:15:00+00:00,925
2025-12-05 09:30:00+00:00,926
2025-12-05 09:45:00+00:00,927
2025-12-05 10:00:00+00:00,929
2025-12-05 10:15:00+00:00,930
2025-12-05 10:30:00+00:00,932
2025-12-05 10:45:00+00:00,933
2025-12-05 11:00:00+00:00,935
2025-12-05 11:15:00+00:00,936
2025-12-05 11:30:00+00:00,938
2025-12-05 11:45:00+00:00,939
2025-12-05 12:00:00+00:00,940
2025-12-05 12:15:00+00:00,940
2025-12-05 12:30:00+00:00,941
2025-12-05 12:45:00+00:00,941
2025-12-05 13:00:00+00:00,940
2025-12-05 13:15:00+00:00,939
2025-12-05 13:30:00+00:00,938
2025-12-05 13:45:00+00:00,937
2025-12-05 14:00:00+00:00,935
2025-12-05 14:15:00+00:00,933
2025-12-05 14:30:00+00:00,931
2025-12-05 14:45:00+00:00,929
2025-12-05 15:00:00+00:00,926
2025-12-05 15:15:00+00:00,923
2025-12-05 15:30:00+00:00,920
2025-12-05 15:45:00+00:00,917
2025-12-05 16:00:00+00:00,913
2025-12-05 16:15:00+00:00,910
2025-12-05 16:30:00+00:00,907
2025-12-05 16:45:00+00:00,904
2025-12-05 17:00:00+00:00,900
2025-12-05 17:15:00+00:00,897
2025-12-05 17:30:00+00:00,895
2025-12-05 17:45:00+00:00,892
2025-12-05 18:00:00+00:00,889
2025-12-05 18:15:00+00:00,887
2025-12-05 18:30:00+00:00,885
2025-12-05 18:45:00+00:00,882
2025-12-05 19:00:00+00:00,879
2025-12-05 19:15:00+00:00,877
2025-12-05 19:30:00+00:00,874
2025-12-05 19:45:00+00:00,871
2025-12-05 20:00:00+00:00,868
2025-12-05 20:15:00+00:00,865
2025-12-05 20:30:00+00:00,862
2025-12-05 20:45:00+00:00,860
2025-12-05 21:00:00+00:00,858
2025-12-05 21:15:00+00:00,856
2025-12-05 21:30:00+00:00,854
2025-12-05 21:45:00+00:00,853
2025-12-05 22:00:00+00:00,852
2025-12-05 22:15:00+00:00,851
2025-12-05 22:30:00+00:00,850
2025-12-05 22:45:00+00:00,850
2025-12-05 23:00:00+00:00,850
2025-12-05 23:15:00+00:00,850
2025-12-05 23:30:00+00:00,849
2025-12-05 23:45:00+00:00,849
2025-12-06 00:00:00+00:00,849
2025-12-06 00:15:00+00:00,849
2025-12-06 00:30:00+00:00,849
2025-12-06 00:45:00+00:00,849
2025-12-06 01:00:00+00:00,849
2025-12-06 01:15:00+00:00,849
2025-12-06 01:30:00+00:00,849
2025-12-06 01:45:00+00:00,850
2025-12-06 02:00:00+00:00,851
2025-12-06 02:15:00+00:00,852
2025-12-06 02:30:00+00:00,854
2025-12-06 02:45:00+00:00,856
2025-12-06 03:00:00+00:00,858
2025-12-06 03:15:00+00:00,861
2025-12-06 03:30:00+00:00,863
2025-12-06 03:45:00+00:00,867
2025-12-06 04:00:00+00:00,870
2025-12-06 04:15:00+00:00,873
2025-12-06 04:30:00+00:00,877
2025-12-06 04:45:00+00:00,881
2025-12-06 05:00:00+00:00,884
2025-12-06 05:15:00+00:00,888
2025-12-06 05:30:00+00:00,891
2025-12-06 05:45:00+00:00,894
2025-12-06 06:00:00+00:00,897
2025-12-06 06:15:00+00:00,900
2025-12-06 06:30:00+00:00,902
2025-12-06 06:45:00+00:00,905
2025-12-06 07:00:00+00:00,907
2025-12-06 07:15:00+00:00,909
2025-12-06 07:30:00+00:00,912
2025-12-06 07:45:00+00:00,913
2025-12-06 08:00:00+00:00,916
2025-12-06 08:15:00+00:00,918
2025-12-06 08:30:00+00:00,919
2025-12-06 08:45:00+00:00,921
2025-12-06 09:00:00+00:00,923
2025-12-06 09:15:00+00:00,924
2025-12-06 09:30:00+00:00,926
2025-12-06 09:45:00+00:00,927
2025-12-06 10:00:00+00:00,929
2025-12-06 10:15:00+00:00,931
2025-12-06 10:30:00+00:00,933
2025-12-06 10:45:00+00:00,934
2025-12-06 11:00:00+00:00,935
2025-12-06 11:15:00+00:00,936
2025-12-06 11:30:00+00:00,937
2025-12-06 11:45:00+00:00,937
2025-12-06 12:00:00+00:00,937
2025-12-06 12:15:00+00:00,936
2025-12-06 12:30:00+00:00,935
2025-12-06 12:45:00+00:00,933
2025-12-06 13:00:00+00:00,931
2025-12-06 13:15:00+00:00,927
2025-12-06 13:30:00+00:00,924
2025-12-06 13:45:00+00:00,920
2025-12-06 14:00:00+00:00,917
2025-12-06 14:15:00+00:00,913
2025-12-06 14:30:00+00:00,910
2025-12-06 14:45:00+00:00,906
2025-12-06 15:00:00+00:00,903
2025-12-06 15:15:00+00:00,899
2025-12-06 15:30:00+00:00,895
2025-12-06 15:45:00+00:00,891
2025-12-06 16:00:00+00:00,888
2025-12-06 16:15:00+00:00,884
2025-12-06 16:30:00+00:00,881
2025-12-06 16:45:00+00:00,878
2025-12-06 17:00:00+00:00,876
2025-12-06 17:15:00+00:00,874
2025-12-06 17:30:00+00:00,874
2025-12-06 17:45:00+00:00,873
2025-12-06 18:00:00+00:00,873
2025-12-06 18:15:00+00:00,873
2025-12-06 18:30:00+00:00,874
2025-12-06 18:45:00+00:00,875
2025-12-06 19:00:00+00:00,876
2025-12-06 19:15:00+00:00,877
2025-12-06 19:30:00+00:00,879
2025-12-06 19:45:00+00:00,879
2025-12-06 20:00:00+00:00,879
2025-12-06 20:15:00+00:00,877
2025-12-06 20:30:00+00:00,876
2025-12-06 20:45:00+00:00,874
2025-12-06 21:00:00+00:00,871
2025-12-06 21:15:00+00:00,869
2025-12-06 21:30:00+00:00,865
2025-12-06 21:45:00+00:00,862
2025-12-06 22:00:00+00:00,859
2025-12-06 22:15:00+00:00,857
2025-12-06 22:30:00+00:00,855
2025-12-06 22:45:00+00:00,854
2025-12-06 23:00:00+00:00,853
2025-12-06 23:15:00+00:00,852
2025-12-06 23:30:00+00:00,851
2025-12-06 23:45:00+00:00,851
2025-12-07 00:00:00+00:00,850
2025-12-07 00:15:00+00:00,849
2025-12-07 00:30:00+00:00,847
2025-12-07 00:45:00+00:00,845
2025-12-07 01:00:00+00:00,843
2025-12-07 01:15:00+00:00,841
2025-12-07 01:30:00+00:00,840
2025-12-07 01:45:00+00:00,839
2025-12-07 02:00:00+00:00,837
2025-12-07 02:15:00+00:00,836
2025-12-07 02:30:00+00:00,834
2025-12-07 02:45:00+00:00,833
2025-12-07 03:00:00+00:00,832
2025-12-07 03:15:00+00:00,831
2025-12-07 03:30:00+00:00,830
2025-12-07 03:45:00+00:00,828
2025-12-07 04:00:00+00:00,827
2025-12-07 04:15:00+00:00,825
2025-12-07 04:30:00+00:00,823
2025-12-07 04:45:00+00:00,822
2025-12-07 05:00:00+00:00,820
2025-12-07 05:15:00+00:00,817
2025-12-07 05:30:00+00:00,815
2025-12-07 05:45:00+00:00,813
2025-12-07 06:00:00+00:00,812
2025-12-07 06:15:00+00:00,810
2025-12-07 06:30:00+00:00,808
2025-12-07 06:45:00+00:00,807
2025-12-07 07:00:00+00:00,806
2025-12-07 07:15:00+00:00,804
2025-12-07 07:30:00+00:00,803
2025-12-07 07:45:00+00:00,802
2025-12-07 08:00:00+00:00,801
2025-12-07 08:15:00+00:00,801
2025-12-07 08:30:00+00:00,800
2025-12-07 08:45:00+00:00,800
2025-12-07 09:00:00+00:00,800
2025-12-07 09:15:00+00:00,800
2025-12-07 09:30:00+00:00,800
2025-12-07 09:45:00+00:00,801
2025-12-07 10:00:00+00:00,801
2025-12-07 10:15:00+00:00,801
2025-12-07 10:30:00+00:00,802
2025-12-07 10:45:00+00:00,803
2025-12-07 11:00:00+00:00,804
2025-12-07 11:15:00+00:00,805
2025-12-07 11:30:00+00:00,806
2025-12-07 11:45:00+00:00,807
2025-12-07 12:00:00+00:00,808
2025-12-07 12:15:00+00:00,810
2025-12-07 12:30:00+00:00,811
2025-12-07 12:45:00+00:00,813
2025-12-07 13:00:00+00:00,814
2025-12-07 13:15:00+00:00,816
2025-12-07 13:30:00+00:00,818
2025-12-07 13:45:00+00:00,819
2025-12-07 14:00:00+00:00,821
2025-12-07 14:15:00+00:00,822
2025-12-07 14:30:00+00:00,824
2025-12-07 14:45:00+00:00,825
2025-12-07 15:00:00+00:00,827
2025-12-07 15:15:00+00:00,829
2025-12-07 15:30:00+00:00,830
2025-12-07 15:45:00+00:00,832
2025-12-07 16:00:00+00:00,833
2025-12-07 16:15:00+00:00,834
2025-12-07 16:30:00+00:00,836
2025-12-07 16:45:00+00:00,836
2025-12-07 17:00:00+00:00,838
2025-12-07 17:15:00+00:00,839
2025-12-07 17:30:00+00:00,839
2025-12-07 17:45:00+00:00,841
2025-12-07 18:00:00+00:00,842
2025-12-07 18:15:00+00:00,842
2025-12-07 18:30:00+00:00,843
2025-12-07 18:45:00+00:00,844
2025-12-07 19:00:00+00:00,844
2025-12-07 19:15:00+00:00,845
2025-12-07 19:30:00+00:00,845
2025-12-07 19:45:00+00:00,846
2025-12-07 20:00:00+00:00,847
2025-12-07 20:15:00+00:00,847
2025-12-07 20:30:00+00:00,847
2025-12-07 20:45:00+00:00,847
2025-12-07 21:00:00+00:00,847
2025-12-07 21:15:00+00:00,847
2025-12-07 21:30:00+00:00,847
2025-12-07 21:45:00+00:00,847
2025-12-07 22:00:00+00:00,847
2025-12-07 22:15:00+00:00,847
2025-12-07 22:30:00+00:00,847
2025-12-07 22:45:00+00:00,847
2025-12-07 23:00:00+00:00,847
2025-12-07 23:15:00+00:00,848
2025-12-07 23:30:00+00:00,848
2025-12-07 23:45:00+00:00,848
2025-12-08 00:00:00+00:00,848
2025-12-08 00:15:00+00:00,849
2025-12-08 00:30:00+00:00,849
2025-12-08 00:45:00+00:00,850
2025-12-08 01:00:00+00:00,850
2025-12-08 01:15:00+00:00,851
2025-12-08 01:30:00+00:00,852
2025-12-08 01:45:00+00:00,853
2025-12-08 02:00:00+00:00,854
2025-12-08 02:15:00+00:00,856
2025-12-08 02:30:00+00:00,858
2025-12-08 02:45:00+00:00,859
2025-12-08 03:00:00+00:00,861
2025-12-08 03:15:00+00:00,862
2025-12-08 03:30:00+00:00,864
2025-12-08 03:45:00+00:00,865
2025-12-08 04:00:00+00:00,866
2025-12-08 04:15:00+00:00,868
2025-12-08 04:30:00+00:00,869
2025-12-08 04:45:00+00:00,871
2025-12-08 05:00:00+00:00,872
2025-12-08 05:15:00+00:00,874
2025-12-08 05:30:00+00:00,875
2025-12-08 05:45:00+00:00,876
2025-12-08 06:00:00+00:00,878
2025-12-08 06:15:00+00:00,879
2025-12-08 06:30:00+00:00,881
2025-12-08 06:45:00+00:00,882
2025-12-08 07:00:00+00:00,884
2025-12-08 07:15:00+00:00,885
2025-12-08 07:30:00+00:00,887
2025-12-08 07:45:00+00:00,889
2025-12-08 08:00:00+00:00,890
2025-12-08 08:15:00+00:00,892
2025-12-08 08:30:00+00:00,893
2025-12-08 08:45:00+00:00,895
2025-12-08 09:00:00+00:00,896
2025-12-08 09:15:00+00:00,898
2025-12-08 09:30:00+00:00,900
2025-12-08 09:45:00+00:00,902
2025-12-08 10:00:00+00:00,904
2025-12-08 10:15:00+00:00,905
2025-12-08 10:30:00+00:00,907
2025-12-08 10:45:00+00:00,908
2025-12-08 11:00:00+00:00,910
2025-12-08 11:15:00+00:00,912
2025-12-08 11:30:00+00:00,914
2025-12-08 11:45:00+00:00,915
2025-12-08 12:00:00+00:00,916
2025-12-08 12:15:00+00:00,917
2025-12-08 12:30:00+00:00,917
2025-12-08 12:45:00+00:00,917
2025-12-08 13:00:00+00:00,917
2025-12-08 13:15:00+00:00,917
2025-12-08 13:30:00+00:00,916
2025-12-08 13:45:00+00:00,915
2025-12-08 14:00:00+00:00,914
2025-12-08 14:15:00+00:00,913
2025-12-08 14:30:00+00:00,911
2025-12-08 14:45:00+00:00,910
2025-12-08 15:00:00+00:00,908
2025-12-08 15:15:00+00:00,907
2025-12-08 15:30:00+00:00,905
2025-12-08 15:45:00+00:00,904
2025-12-08 16:00:00+00:00,903
2025-12-08 16:15:00+00:00,902
2025-12-08 16:30:00+00:00,901
2025-12-08 16:45:00+00:00,900
2025-12-08 17:00:00+00:00,899
2025-12-08 17:15:00+00:00,898
2025-12-08 17:30:00+00:00,897
2025-12-08 17:45:00+00:00,896
2025-12-08 18:00:00+00:00,893
2025-12-08 18:15:00+00:00,889
2025-12-08 19:15:00+00:00,885
2025-12-08 19:30:00+00:00,888
2025-12-08 19:45:00+00:00,885
2025-12-08 20:00:00+00:00,884
2025-12-08 20:15:00+00:00,875
2025-12-08 20:30:00+00:00,869
2025-12-08 20:45:00+00:00,874
2025-12-08 21:00:00+00:00,882
2025-12-08 21:15:00+00:00,887
2025-12-08 21:30:00+00:00,888
2025-12-08 21:45:00+00:00,886
2025-12-08 22:00:00+00:00,885
2025-12-08 22:15:00+00:00,883
2025-12-08 22:30:00+00:00,881
2025-12-08 22:45:00+00:00,879
2025-12-08 23:00:00+00:00,877
2025-12-08 23:15:00+00:00,874
2025-12-08 23:30:00+00:00,872
2025-12-08 23:45:00+00:00,871
2025-12-09 00:00:00+00:00,870
2025-12-09 00:15:00+00:00,869
2025-12-09 00:30:00+00:00,868
2025-12-09 00:45:00+00:00,868
2025-12-09 01:00:00+00:00,868
2025-12-09 01:15:00+00:00,868
2025-12-09 01:30:00+00:00,868
2025-12-09 01:45:00+00:00,868
2025-12-09 02:00:00+00:00,868
2025-12-09 02:15:00+00:00,868
2025-12-09 02:30:00+00:00,868
2025-12-09 02:45:00+00:00,868
2025-12-09 03:00:00+00:00,868
2025-12-09 03:15:00+00:00,868
2025-12-09 03:30:00+00:00,869
2025-12-09 03:45:00+00:00,869
2025-12-09 04:00:00+00:00,870
2025-12-09 04:15:00+00:00,871
2025-12-09 04:30:00+00:00,871
2025-12-09 04:45:00+00:00,872
2025-12-09 05:00:00+00:00,872
2025-12-09 05:15:00+00:00,873
2025-12-09 05:30:00+00:00,873
2025-12-09 05:45:00+00:00,874
2025-12-09 06:00:00+00:00,874
2025-12-09 06:15:00+00:00,875
2025-12-09 06:30:00+00:00,875
2025-12-09 06:45:00+00:00,875
2025-12-09 07:00:00+00:00,876
2025-12-09 07:15:00+00:00,876
2025-12-09 07:30:00+00:00,876
2025-12-09 07:45:00+00:00,876
2025-12-09 08:00:00+00:00,876
2025-12-09 08:15:00+00:00,877
2025-12-09 08:30:00+00:00,877
2025-12-09 08:45:00+00:00,877
2025-12-09 09:00:00+00:00,878
2025-12-09 09:15:00+00:00,879
2025-12-09 09:30:00+00:00,880
2025-12-09 09:45:00+00:00,881
2025-12-09 10:00:00+00:00,883
2025-12-09 10:15:00+00:00,884
2025-12-09 10:30:00+00:00,886
2025-12-09 10:45:00+00:00,888
2025-12-09 11:00:00+00:00,890
2025-12-09 11:15:00+00:00,893
2025-12-09 11:30:00+00:00,894
2025-12-09 11:45:00+00:00,897
2025-12-09 12:00:00+00:00,899
2025-12-09 12:15:00+00:00,901
2025-12-09 12:30:00+00:00,903
2025-12-09 12:45:00+00:00,904
2025-12-09 13:00:00+00:00,905
2025-12-09 13:15:00+00:00,906
2025-12-09 13:30:00+00:00,906
2025-12-09 13:45:00+00:00,906
2025-12-09 14:00:00+00:00,906
2025-12-09 14:15:00+00:00,906
2025-12-09 14:30:00+00:00,905
2025-12-09 14:45:00+00:00,904
2025-12-09 15:00:00+00:00,903
2025-12-09 15:15:00+00:00,902
2025-12-09 15:30:00+00:00,901
2025-12-09 15:45:00+00:00,899
2025-12-09 16:00:00+00:00,898
2025-12-09 16:15:00+00:00,897
2025-12-09 16:30:00+00:00,896
2025-12-09 16:45:00+00:00,894
2025-12-09 17:00:00+00:00,893
2025-12-09 17:15:00+00:00,892
2025-12-09 17:30:00+00:00,891
2025-12-09 17:45:00+00:00,889
2025-12-09 18:00:00+00:00,887
2025-12-09 18:15:00+00:00,885
2025-12-09 18:30:00+00:00,882
2025-12-09 18:45:00+00:00,880
2025-12-09 19:00:00+00:00,877
2025-12-09 19:15:00+00:00,874
2025-12-09 19:30:00+00:00,871
2025-12-09 19:45:00+00:00,868
2025-12-09 20:00:00+00:00,865
2025-12-09 20:15:00+00:00,862
2025-12-09 20:30:00+00:00,859
2025-12-09 20:45:00+00:00,856
2025-12-09 21:00:00+00:00,853
2025-12-09 21:15:00+00:00,849
2025-12-09 21:30:00+00:00,846
2025-12-09 21:45:00+00:00,842
2025-12-09 22:00:00+00:00,839
2025-12-09 22:15:00+00:00,836
2025-12-09 22:30:00+00:00,833
2025-12-09 22:45:00+00:00,830
2025-12-09 23:00:00+00:00,827
2025-12-09 23:15:00+00:00,824
2025-12-09 23:30:00+00:00,822
2025-12-09 23:45:00+00:00,820
2025-12-10 00:00:00+00:00,818
2025-12-10 00:15:00+00:00,816
2025-12-10 00:30:00+00:00,814
2025-12-10 00:45:00+00:00,813
2025-12-10 01:00:00+00:00,812
2025-12-10 01:15:00+00:00,811
2025-12-10 01:30:00+00:00,809
2025-12-10 01:45:00+00:00,808
2025-12-10 02:00:00+00:00,808
2025-12-10 02:15:00+00:00,808
2025-12-10 02:30:00+00:00,808
2025-12-10 02:45:00+00:00,808
2025-12-10 03:00:00+00:00,809
2025-12-10 03:15:00+00:00,809
2025-12-10 03:30:00+00:00,810
2025-12-10 03:45:00+00:00,811
2025-12-10 04:00:00+00:00,812
2025-12-10 04:15:00+00:00,814
2025-12-10 04:30:00+00:00,815
2025-12-10 04:45:00+00:00,817
2025-12-10 05:00:00+00:00,819
2025-12-10 05:15:00+00:00,820
2025-12-10 05:30:00+00:00,822
2025-12-10 05:45:00+00:00,824
2025-12-10 06:00:00+00:00,826
2025-12-10 06:15:00+00:00,828
2025-12-10 06:30:00+00:00,830
2025-12-10 06:45:00+00:00,831
2025-12-10 07:00:00+00:00,834
2025-12-10 07:15:00+00:00,836
2025-12-10 07:30:00+00:00,838
2025-12-10 07:45:00+00:00,841
2025-12-10 08:00:00+00:00,843
2025-12-10 08:15:00+00:00,845
2025-12-10 08:30:00+00:00,847
2025-12-10 08:45:00+00:00,850
2025-12-10 09:00:00+00:00,852
2025-12-10 09:15:00+00:00,854
2025-12-10 09:30:00+00:00,856
2025-12-10 09:45:00+00:00,858
2025-12-10 10:00:00+00:00,859
2025-12-10 10:15:00+00:00,861
2025-12-10 10:30:00+00:00,862
2025-12-10 10:45:00+00:00,863
2025-12-10 11:00:00+00:00,864
2025-12-10 11:15:00+00:00,865
2025-12-10 11:30:00+00:00,866
2025-12-10 11:45:00+00:00,866
2025-12-10 12:00:00+00:00,867
2025-12-10 12:15:00+00:00,867
2025-12-10 12:30:00+00:00,867
2025-12-10 12:45:00+00:00,867
2025-12-10 13:00:00+00:00,867
2025-12-10 13:15:00+00:00,867
2025-12-10 13:30:00+00:00,866
2025-12-10 13:45:00+00:00,865
2025-12-10 14:00:00+00:00,864
2025-12-10 14:15:00+00:00,863
2025-12-10 14:30:00+00:00,862
2025-12-10 14:45:00+00:00,861
2025-12-10 15:00:00+00:00,860
2025-12-10 15:15:00+00:00,859
2025-12-10 15:30:00+00:00,858
2025-12-10 15:45:00+00:00,857
2025-12-10 16:00:00+00:00,856
2025-12-10 16:15:00+00:00,855
2025-12-10 16:30:00+00:00,854
2025-12-10 16:45:00+00:00,854
2025-12-10 17:00:00+00:00,853
2025-12-10 17:15:00+00:00,853
2025-12-10 17:30:00+00:00,852
2025-12-10 17:45:00+00:00,852
2025-12-10 18:00:00+00:00,852
2025-12-10 18:15:00+00:00,851
2025-12-10 18:30:00+00:00,851
2025-12-10 18:45:00+00:00,851
2025-12-10 19:00:00+00:00,850
2025-12-10 19:15:00+00:00,850
2025-12-10 19:30:00+00:00,850
2025-12-10 19:45:00+00:00,850
2025-12-10 20:00:00+00:00,849
2025-12-10 20:15:00+00:00,849
2025-12-10 20:30:00+00:00,848
2025-12-10 20:45:00+00:00,847
2025-12-10 21:00:00+00:00,844
2025-12-10 21:30:00+00:00,845
2025-12-10 21:45:00+00:00,847
2025-12-10 22:00:00+00:00,843
2025-12-10 22:15:00+00:00,843
2025-12-10 22:30:00+00:00,840
2025-12-10 22:45:00+00:00,834
2025-12-10 23:00:00+00:00,831
2025-12-10 23:15:00+00:00,834
2025-12-10 23:30:00+00:00,837
2025-12-10 23:45:00+00:00,840
2025-12-11 00:00:00+00:00,842
2025-12-11 00:15:00+00:00,842
2025-12-11 00:30:00+00:00,841
2025-12-11 00:45:00+00:00,839
2025-12-11 01:00:00+00:00,838
2025-12-11 01:15:00+00:00,837
2025-12-11 01:30:00+00:00,835
2025-12-11 01:45:00+00:00,834
2025-12-11 02:00:00+00:00,832
2025-12-11 02:15:00+00:00,831
2025-12-11 02:30:00+00:00,829
2025-12-11 02:45:00+00:00,828
2025-12-11 03:00:00+00:00,827
2025-12-11 03:15:00+00:00,826
2025-12-11 03:30:00+00:00,825
2025-12-11 03:45:00+00:00,824
2025-12-11 04:00:00+00:00,823
2025-12-11 04:15:00+00:00,823
2025-12-11 04:30:00+00:00,823
2025-12-11 04:45:00+00:00,823
2025-12-11 05:00:00+00:00,823
2025-12-11 05:15:00+00:00,823
2025-12-11 05:30:00+00:00,824
2025-12-11 05:45:00+00:00,824
2025-12-11 06:00:00+00:00,825
2025-12-11 06:15:00+00:00,825
2025-12-11 06:30:00+00:00,826
2025-12-11 06:45:00+00:00,827
2025-12-11 07:00:00+00:00,828
2025-12-11 07:15:00+00:00,829
2025-12-11 07:30:00+00:00,830
2025-12-11 07:45:00+00:00,831
2025-12-11 08:00:00+00:00,832
2025-12-11 08:15:00+00:00,833
2025-12-11 08:30:00+00:00,834
2025-12-11 08:45:00+00:00,835
2025-12-11 09:00:00+00:00,836
2025-12-11 09:15:00+00:00,837
2025-12-11 09:30:00+00:00,838
2025-12-11 09:45:00+00:00,839
2025-12-11 10:00:00+00:00,840
2025-12-11 10:15:00+00:00,841
2025-12-11 10:30:00+00:00,842
2025-12-11 10:45:00+00:00,842
2025-12-11 11:00:00+00:00,843
2025-12-11 11:15:00+00:00,844
2025-12-11 11:30:00+00:00,844
2025-12-11 11:45:00+00:00,845
2025-12-11 12:00:00+00:00,846
2025-12-11 12:15:00+00:00,847
2025-12-11 12:30:00+00:00,847
2025-12-11 12:45:00+00:00,848
2025-12-11 13:00:00+00:00,849
2025-12-11 13:15:00+00:00,849
2025-12-11 13:30:00+00:00,850
2025-12-11 13:45:00+00:00,851
2025-12-11 14:00:00+00:00,851
2025-12-11 14:15:00+00:00,852
2025-12-11 14:30:00+00:00,853
2025-12-11 14:45:00+00:00,853
2025-12-11 15:00:00+00:00,854
2025-12-11 15:15:00+00:00,854
2025-12-11 15:30:00+00:00,854
2025-12-11 15:45:00+00:00,855
2025-12-11 16:00:00+00:00,855
2025-12-11 16:15:00+00:00,856
2025-12-11 16:30:00+00:00,856
2025-12-11 16:45:00+00:00,856
2025-12-11 17:00:00+00:00,856
2025-12-11 17:15:00+00:00,856
2025-12-11 17:30:00+00:00,856
2025-12-11 17:45:00+00:00,857
2025-12-11 18:00:00+00:00,857
2025-12-11 18:15:00+00:00,857
2025-12-11 18:30:00+00:00,857
2025-12-11 18:45:00+00:00,857
2025-12-11 19:00:00+00:00,857
2025-12-11 19:15:00+00:00,857
2025-12-11 19:30:00+00:00,857
2025-12-11 19:45:00+00:00,857
2025-12-11 20:00:00+00:00,857
2025-12-11 20:15:00+00:00,857
2025-12-11 20:30:00+00:00,856
2025-12-11 20:45:00+00:00,856
2025-12-11 21:00:00+00:00,856
2025-12-11 21:15:00+00:00,856
2025-12-11 21:30:00+00:00,856
2025-12-11 21:45:00+00:00,856
2025-12-11 22:00:00+00:00,855
2025-12-11 22:15:00+00:00,855
2025-12-11 22:30:00+00:00,855
2025-12-11 22:45:00+00:00,855
2025-12-11 23:00:00+00:00,854
2025-12-11 23:15:00+00:00,854
2025-12-11 23:30:00+00:00,853
2025-12-11 23:45:00+00:00,854
2025-12-12 00:00:00+00:00,853
2025-12-12 00:15:00+00:00,853
2025-12-12 00:30:00+00:00,853
2025-12-12 00:45:00+00:00,854
2025-12-12 01:00:00+00:00,854
2025-12-12 01:15:00+00:00,855
2025-12-12 01:30:00+00:00,855
2025-12-12 01:45:00+00:00,854
2025-12-12 02:00:00+00:00,854
2025-12-12 02:15:00+00:00,854
2025-12-12 02:30:00+00:00,854
2025-12-12 02:45:00+00:00,854
2025-12-12 03:00:00+00:00,854
2025-12-12 03:15:00+00:00,853
2025-12-12 03:30:00+00:00,854
2025-12-12 03:45:00+00:00,853
2025-12-12 04:00:00+00:00,854
2025-12-12 04:15:00+00:00,854
2025-12-12 04:30:00+00:00,853
2025-12-12 04:45:00+00:00,853
2025-12-12 05:00:00+00:00,853
2025-12-12 05:15:00+00:00,852
2025-12-12 05:30:00+00:00,852
2025-12-12 05:45:00+00:00,851
2025-12-12 06:00:00+00:00,851
2025-12-12 06:15:00+00:00,850
2025-12-12 06:30:00+00:00,850
2025-12-12 06:45:00+00:00,849
2025-12-12 07:00:00+00:00,849
2025-12-12 07:15:00+00:00,848
2025-12-12 07:30:00+00:00,848
2025-12-12 07:45:00+00:00,847
2025-12-12 08:00:00+00:00,847
2025-12-12 08:15:00+00:00,846
2025-12-12 08:30:00+00:00,846
2025-12-12 08:45:00+00:00,846
2025-12-12 09:00:00+00:00,845
2025-12-12 09:15:00+00:00,845
2025-12-12 09:30:00+00:00,845
2025-12-12 09:45:00+00:00,845
2025-12-12 10:00:00+00:00,845
2025-12-12 10:15:00+00:00,845
2025-12-12 10:30:00+00:00,845
2025-12-12 10:45:00+00:00,845
2025-12-12 11:00:00+00:00,845
2025-12-12 11:15:00+00:00,845
2025-12-12 11:30:00+00:00,845
2025-12-12 11:45:00+00:00,845
2025-12-12 12:00:00+00:00,845
2025-12-12 12:15:00+00:00,845
2025-12-12 12:30:00+00:00,845
2025-12-12 12:45:00+00:00,844
2025-12-12 13:00:00+00:00,844
2025-12-12 13:15:00+00:00,844
2025-12-12 13:30:00+00:00,844
2025-12-12 13:45:00+00:00,844
2025-12-12 14:00:00+00:00,843
2025-12-12 14:15:00+00:00,843
2025-12-12 14:30:00+00:00,843
2025-12-12 14:45:00+00:00,843
2025-12-12 15:00:00+00:00,843
2025-12-12 15:15:00+00:00,843
2025-12-12 15:30:00+00:00,843
2025-12-12 15:45:00+00:00,843
2025-12-12 16:00:00+00:00,844
2025-12-12 16:15:00+00:00,844
2025-12-12 16:30:00+00:00,845
2025-12-12 16:45:00+00:00,845
2025-12-12 17:00:00+00:00,845
2025-12-12 17:15:00+00:00,845
2025-12-12 17:30:00+00:00,846
2025-12-12 17:45:00+00:00,846
2025-12-12 18:00:00+00:00,846
2025-12-12 18:15:00+00:00,847
2025-12-12 18:30:00+00:00,847
2025-12-12 18:45:00+00:00,848
2025-12-12 19:00:00+00:00,848
2025-12-12 19:15:00+00:00,849
2025-12-12 19:30:00+00:00,849
2025-12-12 19:45:00+00:00,850
2025-12-12 20:00:00+00:00,850
2025-12-12 20:15:00+00:00,850
2025-12-12 20:30:00+00:00,850
2025-12-12 20:45:00+00:00,851
2025-12-12 21:00:00+00:00,851
2025-12-12 21:15:00+00:00,851
2025-12-12 21:30:00+00:00,851
2025-12-12 21:45:00+00:00,851
2025-12-12 22:00:00+00:00,851
2025-12-12 22:15:00+00:00,851
2025-12-12 22:30:00+00:00,851
2025-12-12 22:45:00+00:00,851
2025-12-12 23:00:00+00:00,851
2025-12-12 23:15:00+00:00,851
2025-12-12 23:30:00+00:00,850
2025-12-12 23:45:00+00:00,850
2025-12-13 00:00:00+00:00,850
2025-12-13 00:15:00+00:00,849
2025-12-13 00:30:00+00:00,849
2025-12-13 00:45:00+00:00,849
2025-12-13 01:00:00+00:00,849
2025-12-13 01:15:00+00:00,848
2025-12-13 01:30:00+00:00,848
2025-12-13 01:45:00+00:00,847
2025-12-13 02:00:00+00:00,847
2025-12-13 02:15:00+00:00,846
2025-12-13 02:30:00+00:00,846
2025-12-13 02:45:00+00:00,845
2025-12-13 03:00:00+00:00,845
2025-12-13 03:15:00+00:00,844
2025-12-13 03:30:00+00:00,843
2025-12-13 03:45:00+00:00,843
2025-12-13 04:00:00+00:00,842
2025-12-13 04:15:00+00:00,841
2025-12-13 04:30:00+00:00,840
2025-12-13 04:45:00+00:00,839
2025-12-13 05:00:00+00:00,838
2025-12-13 05:15:00+00:00,838
2025-12-13 05:30:00+00:00,837
2025-12-13 05:45:00+00:00,836
2025-12-13 06:00:00+00:00,835
2025-12-13 06:15:00+00:00,834
2025-12-13 06:30:00+00:00,834
2025-12-13 06:45:00+00:00,833
2025-12-13 07:00:00+00:00,832
2025-12-13 07:15:00+00:00,831
2025-12-13 07:30:00+00:00,831
2025-12-13 07:45:00+00:00,830
2025-12-13 08:00:00+00:00,829
2025-12-13 08:15:00+00:00,829
2025-12-13 08:30:00+00:00,828
2025-12-13 08:45:00+00:00,827
2025-12-13 09:00:00+00:00,827
2025-12-13 09:15:00+00:00,826
2025-12-13 09:30:00+00:00,826
2025-12-13 09:45:00+00:00,825
2025-12-13 10:00:00+00:00,825
2025-12-13 10:15:00+00:00,824
2025-12-13 10:30:00+00:00,824
2025-12-13 10:45:00+00:00,823
2025-12-13 11:00:00+00:00,823
2025-12-13 11:15:00+00:00,823
2025-12-13 11:30:00+00:00,822
2025-12-13 11:45:00+00:00,822
2025-12-13 12:00:00+00:00,822
2025-12-13 12:15:00+00:00,822
2025-12-13 12:30:00+00:00,822
2025-12-13 12:45:00+00:00,822
2025-12-13 13:00:00+00:00,822
2025-12-13 13:15:00+00:00,822
2025-12-13 13:30:00+00:00,822
2025-12-13 13:45:00+00:00,822
2025-12-13 14:00:00+00:00,823
2025-12-13 14:15:00+00:00,823
2025-12-13 14:30:00+00:00,823
2025-12-13 14:45:00+00:00,823
2025-12-13 15:00:00+00:00,823
2025-12-13 15:15:00+00:00,823
2025-12-13 15:30:00+00:00,823
2025-12-13 15:45:00+00:00,823
2025-12-13 16:00:00+00:00,823
2025-12-13 16:15:00+00:00,823
2025-12-13 16:30:00+00:00,823
2025-12-13 16:45:00+00:00,823
2025-12-13 17:00:00+00:00,823
2025-12-13 17:15:00+00:00,823
2025-12-13 17:30:00+00:00,823
2025-12-13 17:45:00+00:00,823
2025-12-13 18:00:00+00:00,823
2025-12-13 18:15:00+00:00,823
2025-12-13 18:30:00+00:00,824
2025-12-13 18:45:00+00:00,824
2025-12-13 19:00:00+00:00,824
2025-12-13 19:15:00+00:00,824
2025-12-13 19:30:00+00:00,825
2025-12-13 19:45:00+00:00,825
2025-12-13 20:00:00+00:00,826
2025-12-13 20:15:00+00:00,826
2025-12-13 20:30:00+00:00,826
2025-12-13 20:45:00+00:00,827
2025-12-13 21:00:00+00:00,827
2025-12-13 21:15:00+00:00,827
2025-12-13 21:30:00+00:00,827
2025-12-13 21:45:00+00:00,828
2025-12-13 22:00:00+00:00,828
2025-12-13 22:15:00+00:00,828
2025-12-13 22:30:00+00:00,828
2025-12-13 22:45:00+00:00,828
2025-12-13 23:00:00+00:00,828
2025-12-13 23:15:00+00:00,828
2025-12-13 23:30:00+00:00,827
2025-12-13 23:45:00+00:00,827
2025-12-14 00:00:00+00:00,826
2025-12-14 00:15:00+00:00,826
2025-12-14 00:30:00+00:00,825
2025-12-14 00:45:00+00:00,824
2025-12-14 01:00:00+00:00,824
2025-12-14 01:15:00+00:00,823
2025-12-14 01:30:00+00:00,823
2025-12-14 01:45:00+00:00,822
2025-12-14 02:00:00+00:00,821
2025-12-14 02:15:00+00:00,821
2025-12-14 02:30:00+00:00,820
2025-12-14 02:45:00+00:00,820
2025-12-14 03:00:00+00:00,819
2025-12-14 03:15:00+00:00,818
2025-12-14 03:30:00+00:00,817
2025-12-14 03:45:00+00:00,816
2025-12-14 04:00:00+00:00,816
2025-12-14 04:15:00+00:00,815
2025-12-14 04:30:00+00:00,814
2025-12-14 04:45:00+00:00,814
2025-12-14 05:00:00+00:00,813
2025-12-14 05:15:00+00:00,813
2025-12-14 05:30:00+00:00,812
2025-12-14 05:45:00+00:00,812
2025-12-14 06:00:00+00:00,811
2025-12-14 06:15:00+00:00,810
2025-12-14 06:30:00+00:00,810
2025-12-14 06:45:00+00:00,809
2025-12-14 07:00:00+00:00,809
2025-12-14 07:15:00+00:00,808
2025-12-14 07:30:00+00:00,808
2025-12-14 07:45:00+00:00,808
2025-12-14 08:00:00+00:00,807
2025-12-14 08:15:00+00:00,807
2025-12-14 08:30:00+00:00,806
2025-12-14 08:45:00+00:00,806
2025-12-14 09:00:00+00:00,806
2025-12-14 09:15:00+00:00,806
2025-12-14 09:30:00+00:00,806
2025-12-14 09:45:00+00:00,806
2025-12-14 10:00:00+00:00,806
2025-12-14 10:15:00+00:00,807
2025-12-14 10:30:00+00:00,807
2025-12-14 10:45:00+00:00,807
2025-12-14 11:00:00+00:00,807
2025-12-14 11:15:00+00:00,807
2025-12-14 11:30:00+00:00,807
2025-12-14 11:45:00+00:00,807
2025-12-14 12:00:00+00:00,807
2025-12-14 12:15:00+00:00,807
2025-12-14 12:30:00+00:00,807
2025-12-14 12:45:00+00:00,806
2025-12-14 13:00:00+00:00,806
2025-12-14 13:15:00+00:00,806
2025-12-14 13:30:00+00:00,806
2025-12-14 13:45:00+00:00,806
2025-12-14 14:00:00+00:00,806
2025-12-14 14:15:00+00:00,806
2025-12-14 14:30:00+00:00,807
2025-12-14 14:45:00+00:00,807
2025-12-14 15:00:00+00:00,807
2025-12-14 15:15:00+00:00,808
2025-12-14 15:30:00+00:00,809
2025-12-14 15:45:00+00:00,810
2025-12-14 16:00:00+00:00,811
2025-12-14 16:15:00+00:00,813
2025-12-14 16:30:00+00:00,814
2025-12-14 16:45:00+00:00,815
2025-12-14 17:00:00+00:00,816
2025-12-14 17:15:00+00:00,817
2025-12-14 17:30:00+00:00,818
2025-12-14 17:45:00+00:00,819
2025-12-14 18:00:00+00:00,820
2025-12-14 18:15:00+00:00,821
2025-12-14 18:30:00+00:00,822
2025-12-14 18:45:00+00:00,823
2025-12-14 19:00:00+00:00,824
2025-12-14 19:15:00+00:00,824
2025-12-14 19:30:00+00:00,825
2025-12-14 19:45:00+00:00,825
2025-12-14 20:00:00+00:00,825
2025-12-14 20:15:00+00:00,825
2025-12-14 20:30:00+00:00,825
2025-12-14 20:45:00+00:00,825
2025-12-14 21:00:00+00:00,825
2025-12-14 21:15:00+00:00,825
2025-12-14 21:30:00+00:00,825
2025-12-14 21:45:00+00:00,825
2025-12-14 22:00:00+00:00,825
2025-12-14 22:15:00+00:00,826
2025-12-14 22:30:00+00:00,826
2025-12-14 22:45:00+00:00,827
2025-12-14 23:00:00+00:00,827
2025-12-14 23:15:00+00:00,828
2025-12-14 23:30:00+00:00,828
2025-12-14 23:45:00+00:00,828
2025-12-15 00:00:00+00:00,829
2025-12-15 00:15:00+00:00,830
2025-12-15 00:30:00+00:00,831
2025-12-15 00:45:00+00:00,832
2025-12-15 01:00:00+00:00,832
2025-12-15 01:15:00+00:00,833
2025-12-15 01:30:00+00:00,833
2025-12-15 01:45:00+00:00,834
2025-12-15 02:00:00+00:00,834
2025-12-15 02:15:00+00:00,835
2025-12-15 02:30:00+00:00,835
2025-12-15 02:45:00+00:00,835
2025-12-15 03:00:00+00:00,835
2025-12-15 03:15:00+00:00,834
2025-12-15 03:30:00+00:00,834
2025-12-15 03:45:00+00:00,834
2025-12-15 04:00:00+00:00,833
2025-12-15 04:15:00+00:00,832
2025-12-15 04:30:00+00:00,832
2025-12-15 04:45:00+00:00,831
2025-12-15 05:00:00+00:00,830
2025-12-15 05:15:00+00:00,829
2025-12-15 05:30:00+00:00,827
2025-12-15 05:45:00+00:00,826
2025-12-15 06:00:00+00:00,825
2025-12-15 06:15:00+00:00,824
2025-12-15 06:30:00+00:00,823
2025-12-15 06:45:00+00:00,823
2025-12-15 07:00:00+00:00,822
2025-12-15 07:15:00+00:00,821
2025-12-15 07:30:00+00:00,821
2025-12-15 07:45:00+00:00,820
2025-12-15 08:00:00+00:00,820
2025-12-15 08:15:00+00:00,819
2025-12-15 08:30:00+00:00,819
2025-12-15 08:45:00+00:00,819
2025-12-15 09:00:00+00:00,819
2025-12-15 09:15:00+00:00,819
2025-12-15 09:30:00+00:00,819
2025-12-15 09:45:00+00:00,819
2025-12-15 10:00:00+00:00,819
2025-12-15 10:15:00+00:00,819
2025-12-15 10:30:00+00:00,819
2025-12-15 10:45:00+00:00,819
2025-12-15 11:00:00+00:00,819
2025-12-15 11:15:00+00:00,819
2025-12-15 11:30:00+00:00,818
2025-12-15 11:45:00+00:00,818
2025-12-15 12:00:00+00:00,817
2025-12-15 12:15:00+00:00,817
2025-12-15 12:30:00+00:00,817
2025-12-15 12:45:00+00:00,817
2025-12-15 13:00:00+00:00,817
2025-12-15 13:15:00+00:00,817
2025-12-15 13:30:00+00:00,817
2025-12-15 13:45:00+00:00,817
2025-12-15 14:00:00+00:00,817
2025-12-15 14:15:00+00:00,818
2025-12-15 14:30:00+00:00,818
2025-12-15 14:45:00+00:00,819
2025-12-15 15:00:00+00:00,820
2025-12-15 15:15:00+00:00,821
2025-12-15 15:30:00+00:00,822
2025-12-15 15:45:00+00:00,823
2025-12-15 16:00:00+00:00,825
2025-12-15 16:15:00+00:00,826
2025-12-15 16:30:00+00:00,828
2025-12-15 16:45:00+00:00,830
2025-12-15 17:00:00+00:00,831
2025-12-15 17:15:00+00:00,832
2025-12-15 17:30:00+00:00,833
2025-12-15 17:45:00+00:00,835
2025-12-15 18:00:00+00:00,836
2025-12-15 18:15:00+00:00,837
2025-12-15 18:30:00+00:00,837
2025-12-15 18:45:00+00:00,838
2025-12-15 19:00:00+00:00,839
2025-12-15 19:15:00+00:00,839
2025-12-15 19:30:00+00:00,840
2025-12-15 19:45:00+00:00,840
2025-12-15 20:00:00+00:00,841
2025-12-15 20:15:00+00:00,841
2025-12-15 20:30:00+00:00,841
2025-12-15 20:45:00+00:00,841
2025-12-15 21:00:00+00:00,841
2025-12-15 21:15:00+00:00,842
2025-12-15 21:30:00+00:00,843
2025-12-15 21:45:00+00:00,843
2025-12-15 22:00:00+00:00,844
2025-12-15 22:15:00+00:00,844
2025-12-15 22:30:00+00:00,845
2025-12-15 22:45:00+00:00,845
2025-12-15 23:00:00+00:00,846
2025-12-15 23:15:00+00:00,846
2025-12-15 23:30:00+00:00,847
2025-12-15 23:45:00+00:00,847
2025-12-16 00:00:00+00:00,847
2025-12-16 00:15:00+00:00,848
2025-12-16 00:30:00+00:00,848
2025-12-16 00:45:00+00:00,848
2025-12-16 01:00:00+00:00,849
2025-12-16 01:15:00+00:00,849
2025-12-16 01:30:00+00:00,849
2025-12-16 01:45:00+00:00,850
2025-12-16 02:00:00+00:00,850
2025-12-16 02:15:00+00:00,851
2025-12-16 02:30:00+00:00,851
2025-12-16 02:45:00+00:00,851
2025-12-16 03:00:00+00:00,852
2025-12-16 03:15:00+00:00,852
2025-12-16 03:30:00+00:00,852
2025-12-16 03:45:00+00:00,852
2025-12-16 04:00:00+00:00,853
2025-12-16 04:15:00+00:00,853
2025-12-16 04:30:00+00:00,854
2025-12-16 04:45:00+00:00,854
2025-12-16 05:00:00+00:00,854
2025-12-16 05:15:00+00:00,855
2025-12-16 05:30:00+00:00,856
2025-12-16 05:45:00+00:00,856
2025-12-16 06:00:00+00:00,856
2025-12-16 06:15:00+00:00,856
2025-12-16 06:30:00+00:00,857
2025-12-16 06:45:00+00:00,857
2025-12-16 07:00:00+00:00,858
2025-12-16 07:15:00+00:00,858
2025-12-16 07:30:00+00:00,858
2025-12-16 07:45:00+00:00,860
2025-12-16 08:00:00+00:00,860
2025-12-16 08:15:00+00:00,860
2025-12-16 08:30:00+00:00,861
2025-12-16 08:45:00+00:00,862
2025-12-16 09:00:00+00:00,862
2025-12-16 09:15:00+00:00,863
2025-12-16 09:30:00+00:00,863
2025-12-16 09:45:00+00:00,864
2025-12-16 10:00:00+00:00,864
2025-12-16 10:15:00+00:00,865
2025-12-16 10:30:00+00:00,864
2025-12-16 10:45:00+00:00,864
2025-12-16 11:00:00+00:00,864
2025-12-16 11:15:00+00:00,863
2025-12-16 11:30:00+00:00,862
2025-12-16 11:45:00+00:00,861
2025-12-16 12:00:00+00:00,860
2025-12-16 12:15:00+00:00,858
2025-12-16 12:30:00+00:00,856
2025-12-16 12:45:00+00:00,855
2025-12-16 13:00:00+00:00,852
2025-12-16 13:15:00+00:00,850
2025-12-16 13:30:00+00:00,847
2025-12-16 13:45:00+00:00,845
2025-12-16 14:00:00+00:00,843
2025-12-16 14:15:00+00:00,841
2025-12-16 14:30:00+00:00,839
2025-12-16 14:45:00+00:00,838
2025-12-16 15:00:00+00:00,836
2025-12-16 15:15:00+00:00,836
2025-12-16 15:30:00+00:00,835
2025-12-16 15:45:00+00:00,835
2025-12-16 16:00:00+00:00,835
2025-12-16 16:15:00+00:00,836
2025-12-16 16:30:00+00:00,837
2025-12-16 16:45:00+00:00,839
2025-12-16 17:00:00+00:00,840
2025-12-16 17:15:00+00:00,842
2025-12-16 17:30:00+00:00,844
2025-12-16 17:45:00+00:00,845
2025-12-16 18:00:00+00:00,845
2025-12-16 18:15:00+00:00,844
2025-12-16 18:30:00+00:00,842
2025-12-16 21:00:00+00:00,840
2025-12-16 21:15:00+00:00,842
2025-12-16 21:30:00+00:00,855
2025-12-16 21:45:00+00:00,862
2025-12-16 22:00:00+00:00,865
2025-12-16 22:15:00+00:00,865
2025-12-16 22:30:00+00:00,863
2025-12-16 22:45:00+00:00,862
2025-12-16 23:00:00+00:00,860
2025-12-16 23:15:00+00:00,860
2025-12-16 23:30:00+00:00,860
2025-12-16 23:45:00+00:00,861
2025-12-17 00:00:00+00:00,862
2025-12-17 00:15:00+00:00,862
2025-12-17 00:30:00+00:00,862
2025-12-17 00:45:00+00:00,862
2025-12-17 01:00:00+00:00,862
2025-12-17 01:15:00+00:00,861
2025-12-17 01:30:00+00:00,860
2025-12-17 01:45:00+00:00,859
2025-12-17 02:00:00+00:00,859
2025-12-17 02:15:00+00:00,859
2025-12-17 02:30:00+00:00,858
2025-12-17 02:45:00+00:00,859
2025-12-17 03:00:00+00:00,859
2025-12-17 03:15:00+00:00,860
2025-12-17 03:30:00+00:00,861
2025-12-17 03:45:00+00:00,863
2025-12-17 04:00:00+00:00,865
2025-12-17 04:15:00+00:00,867
2025-12-17 04:30:00+00:00,869
2025-12-17 04:45:00+00:00,872
2025-12-17 05:00:00+00:00,874
2025-12-17 05:15:00+00:00,877
2025-12-17 05:30:00+00:00,880
2025-12-17 05:45:00+00:00,882
2025-12-17 06:00:00+00:00,885
2025-12-17 06:15:00+00:00,888
2025-12-17 06:30:00+00:00,891
2025-12-17 06:45:00+00:00,893
2025-12-17 07:00:00+00:00,896
2025-12-17 07:15:00+00:00,898
2025-12-17 07:30:00+00:00,900
2025-12-17 07:45:00+00:00,901
2025-12-17 08:00:00+00:00,902
2025-12-17 08:15:00+00:00,903
2025-12-17 08:30:00+00:00,904
2025-12-17 08:45:00+00:00,905
2025-12-17 09:00:00+00:00,905
2025-12-17 09:15:00+00:00,905
2025-12-17 09:30:00+00:00,905
2025-12-17 09:45:00+00:00,904
2025-12-17 10:00:00+00:00,904
2025-12-17 10:15:00+00:00,903
2025-12-17 10:30:00+00:00,902
2025-12-17 10:45:00+00:00,901
2025-12-17 11:00:00+00:00,900
2025-12-17 11:15:00+00:00,899
2025-12-17 11:30:00+00:00,898
2025-12-17 11:45:00+00:00,897
2025-12-17 12:00:00+00:00,896
2025-12-17 12:15:00+00:00,895
2025-12-17 12:30:00+00:00,894
2025-12-17 12:45:00+00:00,893
2025-12-17 13:00:00+00:00,891
2025-12-17 13:15:00+00:00,889
2025-12-17 13:30:00+00:00,888
2025-12-17 13:45:00+00:00,886
2025-12-17 14:00:00+00:00,885
2025-12-17 14:15:00+00:00,883
2025-12-17 14:30:00+00:00,882
2025-12-17 14:45:00+00:00,880
2025-12-17 15:00:00+00:00,878
2025-12-17 15:15:00+00:00,877
2025-12-17 15:30:00+00:00,876
2025-12-17 15:45:00+00:00,874
2025-12-17 16:00:00+00:00,873
2025-12-17 16:15:00+00:00,872
2025-12-17 16:30:00+00:00,871
2025-12-17 16:45:00+00:00,871
2025-12-17 17:00:00+00:00,871
2025-12-17 17:15:00+00:00,871
2025-12-17 17:30:00+00:00,871
2025-12-17 17:45:00+00:00,871
2025-12-17 18:00:00+00:00,872
2025-12-17 18:15:00+00:00,873
2025-12-17 18:30:00+00:00,874
2025-12-17 18:45:00+00:00,875
2025-12-17 19:00:00+00:00,876
2025-12-17 19:15:00+00:00,878
2025-12-17 19:30:00+00:00,879
2025-12-17 19:45:00+00:00,881
2025-12-17 20:00:00+00:00,882
2025-12-17 20:15:00+00:00,883
2025-12-17 20:30:00+00:00,884
2025-12-17 20:45:00+00:00,885
2025-12-17 21:00:00+00:00,885
2025-12-17 21:15:00+00:00,886
2025-12-17 21:30:00+00:00,886
2025-12-17 21:45:00+00:00,886
2025-12-17 22:00:00+00:00,885
2025-12-17 22:15:00+00:00,885
2025-12-17 22:30:00+00:00,884
2025-12-17 22:45:00+00:00,883
2025-12-17 23:00:00+00:00,882
2025-12-17 23:15:00+00:00,881
2025-12-17 23:30:00+00:00,879
2025-12-17 23:45:00+00:00,877
2025-12-18 00:00:00+00:00,876
2025-12-18 00:15:00+00:00,876
2025-12-18 00:30:00+00:00,874
2025-12-18 00:45:00+00:00,872
2025-12-18 01:00:00+00:00,871
2025-12-18 01:15:00+00:00,871
2025-12-18 01:30:00+00:00,872
2025-12-18 01:45:00+00:00,871
2025-12-18 02:00:00+00:00,871
2025-12-18 02:15:00+00:00,871
2025-12-18 02:30:00+00:00,871
2025-12-18 02:45:00+00:00,872
2025-12-18 03:00:00+00:00,873
2025-12-18 03:15:00+00:00,875
2025-12-18 03:30:00+00:00,877
2025-12-18 03:45:00+00:00,880
2025-12-18 04:00:00+00:00,882
2025-12-18 04:15:00+00:00,885
2025-12-18 04:30:00+00:00,888
2025-12-18 04:45:00+00:00,892
2025-12-18 05:00:00+00:00,895
2025-12-18 05:15:00+00:00,899
2025-12-18 05:30:00+00:00,903
2025-12-18 05:45:00+00:00,907
2025-12-18 06:00:00+00:00,911
2025-12-18 06:15:00+00:00,915
2025-12-18 06:30:00+00:00,918
2025-12-18 06:45:00+00:00,920
2025-12-18 07:00:00+00:00,923
2025-12-18 07:15:00+00:00,925
2025-12-18 07:30:00+00:00,927
2025-12-18 07:45:00+00:00,928
2025-12-18 08:00:00+00:00,929
2025-12-18 08:15:00+00:00,929
2025-12-18 08:30:00+00:00,930
2025-12-18 08:45:00+00:00,929
2025-12-18 09:00:00+00:00,928
2025-12-18 09:15:00+00:00,927
2025-12-18 09:30:00+00:00,926
2025-12-18 09:45:00+00:00,924
2025-12-18 10:00:00+00:00,923
2025-12-18 10:15:00+00:00,921
2025-12-18 10:30:00+00:00,919
2025-12-18 10:45:00+00:00,918
2025-12-18 11:00:00+00:00,918
2025-12-18 11:15:00+00:00,916
2025-12-18 11:30:00+00:00,916
2025-12-18 11:45:00+00:00,916
2025-12-18 12:00:00+00:00,916
2025-12-18 12:15:00+00:00,916
2025-12-18 12:30:00+00:00,917
2025-12-18 12:45:00+00:00,917
2025-12-18 13:00:00+00:00,917
2025-12-18 13:15:00+00:00,917
2025-12-18 13:30:00+00:00,918
2025-12-18 13:45:00+00:00,918
2025-12-18 14:00:00+00:00,918
2025-12-18 14:15:00+00:00,918
2025-12-18 14:30:00+00:00,917
2025-12-18 14:45:00+00:00,917
2025-12-18 15:00:00+00:00,916
2025-12-18 15:15:00+00:00,915
2025-12-18 15:30:00+00:00,914
2025-12-18 15:45:00+00:00,912
2025-12-18 16:00:00+00:00,909
2025-12-18 16:15:00+00:00,907
2025-12-18 16:30:00+00:00,904
2025-12-18 16:45:00+00:00,901
2025-12-18 17:00:00+00:00,898
2025-12-18 17:15:00+00:00,894
2025-12-18 17:30:00+00:00,890
2025-12-18 17:45:00+00:00,886
2025-12-18 18:00:00+00:00,882
2025-12-18 18:15:00+00:00,877
2025-12-18 18:30:00+00:00,873
2025-12-18 18:45:00+00:00,868
2025-12-18 19:00:00+00:00,864
2025-12-18 19:15:00+00:00,860
2025-12-18 19:30:00+00:00,856
2025-12-18 19:45:00+00:00,852
2025-12-18 20:00:00+00:00,848
2025-12-18 20:15:00+00:00,845
2025-12-18 20:30:00+00:00,842
2025-12-18 20:45:00+00:00,839
2025-12-18 21:00:00+00:00,837
2025-12-18 21:15:00+00:00,834
2025-12-18 21:30:00+00:00,833
2025-12-18 21:45:00+00:00,833
2025-12-18 22:00:00+00:00,832
2025-12-18 22:15:00+00:00,832
2025-12-18 22:30:00+00:00,832
2025-12-18 22:45:00+00:00,832
2025-12-18 23:00:00+00:00,833
2025-12-18 23:15:00+00:00,833
2025-12-18 23:30:00+00:00,834
2025-12-18 23:45:00+00:00,834
2025-12-19 00:00:00+00:00,835
2025-12-19 00:15:00+00:00,836
2025-12-19 00:30:00+00:00,837
2025-12-19 00:45:00+00:00,838
2025-12-19 01:00:00+00:00,839
2025-12-19 01:15:00+00:00,839
2025-12-19 01:30:00+00:00,841
2025-12-19 01:45:00+00:00,841
2025-12-19 02:00:00+00:00,842
2025-12-19 02:15:00+00:00,843
2025-12-19 02:30:00+00:00,843
2025-12-19 02:45:00+00:00,844
2025-12-19 03:00:00+00:00,844
2025-12-19 03:15:00+00:00,844
2025-12-19 03:30:00+00:00,845
2025-12-19 03:45:00+00:00,845
2025-12-19 04:00:00+00:00,845
2025-12-19 04:15:00+00:00,845
2025-12-19 04:30:00+00:00,845
2025-12-19 04:45:00+00:00,846
2025-12-19 05:00:00+00:00,846
2025-12-19 05:15:00+00:00,846
2025-12-19 05:30:00+00:00,847
2025-12-19 05:45:00+00:00,848
2025-12-19 06:00:00+00:00,849
2025-12-19 06:15:00+00:00,850
2025-12-19 06:30:00+00:00,851
2025-12-19 06:45:00+00:00,853
2025-12-19 07:00:00+00:00,854
2025-12-19 07:15:00+00:00,857
2025-12-19 07:30:00+00:00,859
2025-12-19 07:45:00+00:00,861
2025-12-19 08:00:00+00:00,863
2025-12-19 08:15:00+00:00,866
2025-12-19 08:30:00+00:00,868
2025-12-19 08:45:00+00:00,870
2025-12-19 09:00:00+00:00,872
2025-12-19 09:15:00+00:00,874
2025-12-19 09:30:00+00:00,876
2025-12-19 09:45:00+00:00,878
2025-12-19 10:00:00+00:00,880
2025-12-19 10:15:00+00:00,881
2025-12-19 10:30:00+00:00,882
2025-12-19 10:45:00+00:00,883
2025-12-19 11:00:00+00:00,884
2025-12-19 11:15:00+00:00,884
2025-12-19 11:30:00+00:00,883
2025-12-19 11:45:00+00:00,883
2025-12-19 12:00:00+00:00,882
2025-12-19 12:15:00+00:00,880
2025-12-19 12:30:00+00:00,878
2025-12-19 12:45:00+00:00,876
2025-12-19 13:00:00+00:00,873
2025-12-19 13:15:00+00:00,871
2025-12-19 13:30:00+00:00,868
2025-12-19 13:45:00+00:00,866
2025-12-19 14:00:00+00:00,863
2025-12-19 14:15:00+00:00,861
2025-12-19 14:30:00+00:00,858
2025-12-19 14:45:00+00:00,856
2025-12-19 15:00:00+00:00,854
2025-12-19 15:15:00+00:00,852
2025-12-19 15:30:00+00:00,850
2025-12-19 15:45:00+00:00,849
2025-12-19 16:00:00+00:00,848
2025-12-19 16:15:00+00:00,847
2025-12-19 16:30:00+00:00,847
2025-12-19 16:45:00+00:00,847
2025-12-19 17:00:00+00:00,847
2025-12-19 17:15:00+00:00,847
2025-12-19 17:30:00+00:00,848
2025-12-19 17:45:00+00:00,848
2025-12-19 18:00:00+00:00,849
2025-12-19 18:15:00+00:00,850
2025-12-19 18:30:00+00:00,851
2025-12-19 18:45:00+00:00,851
2025-12-19 19:00:00+00:00,852
2025-12-19 19:15:00+00:00,852
2025-12-19 19:30:00+00:00,852
2025-12-19 19:45:00+00:00,853
2025-12-19 20:00:00+00:00,852
2025-12-19 20:15:00+00:00,852
2025-12-19 20:30:00+00:00,852
2025-12-19 20:45:00+00:00,852
2025-12-19 21:00:00+00:00,852
2025-12-19 21:15:00+00:00,851
2025-12-19 21:30:00+00:00,852
2025-12-19 21:45:00+00:00,852
2025-12-19 22:00:00+00:00,852
2025-12-19 22:15:00+00:00,852
2025-12-19 22:30:00+00:00,852
2025-12-19 22:45:00+00:00,852
2025-12-19 23:00:00+00:00,853
2025-12-19 23:15:00+00:00,853
2025-12-19 23:30:00+00:00,853
2025-12-19 23:45:00+00:00,853
2025-12-20 00:00:00+00:00,853
2025-12-20 00:15:00+00:00,853
2025-12-20 00:30:00+00:00,853
2025-12-20 00:45:00+00:00,853
2025-12-20 01:00:00+00:00,853
2025-12-20 01:15:00+00:00,854
2025-12-20 01:30:00+00:00,854
2025-12-20 01:45:00+00:00,855
2025-12-20 02:00:00+00:00,855
2025-12-20 02:15:00+00:00,856
2025-12-20 02:30:00+00:00,857
2025-12-20 02:45:00+00:00,857
2025-12-20 03:00:00+00:00,858
2025-12-20 03:15:00+00:00,859
2025-12-20 03:30:00+00:00,860
2025-12-20 03:45:00+00:00,861
2025-12-20 04:00:00+00:00,862
2025-12-20 04:15:00+00:00,862
2025-12-20 04:30:00+00:00,863
2025-12-20 04:45:00+00:00,863
2025-12-20 05:00:00+00:00,864
2025-12-20 05:15:00+00:00,864
2025-12-20 05:30:00+00:00,864
2025-12-20 05:45:00+00:00,864
2025-12-20 06:00:00+00:00,864
2025-12-20 06:15:00+00:00,864
2025-12-20 06:30:00+00:00,863
2025-12-20 06:45:00+00:00,863
2025-12-20 07:00:00+00:00,863
2025-12-20 07:15:00+00:00,863
2025-12-20 07:30:00+00:00,862
2025-12-20 07:45:00+00:00,862
2025-12-20 08:00:00+00:00,861
2025-12-20 08:15:00+00:00,861
2025-12-20 08:30:00+00:00,861
2025-12-20 08:45:00+00:00,861
2025-12-20 09:00:00+00:00,860
2025-12-20 09:15:00+00:00,860
2025-12-20 09:30:00+00:00,860
2025-12-20 09:45:00+00:00,861
2025-12-20 10:00:00+00:00,861
2025-12-20 10:15:00+00:00,861
2025-12-20 10:30:00+00:00,861
2025-12-20 10:45:00+00:00,861
2025-12-20 11:00:00+00:00,862
2025-12-20 11:15:00+00:00,861
2025-12-20 11:30:00+00:00,861
2025-12-20 11:45:00+00:00,861
2025-12-20 12:00:00+00:00,860
2025-12-20 12:15:00+00:00,859
2025-12-20 12:30:00+00:00,858
2025-12-20 12:45:00+00:00,857
2025-12-20 13:00:00+00:00,855
2025-12-20 13:15:00+00:00,854
2025-12-20 13:30:00+00:00,853
2025-12-20 13:45:00+00:00,852
2025-12-20 14:00:00+00:00,851
2025-12-20 14:15:00+00:00,851
2025-12-20 14:30:00+00:00,851
2025-12-20 14:45:00+00:00,852
2025-12-20 15:00:00+00:00,853
2025-12-20 15:15:00+00:00,854
2025-12-20 15:30:00+00:00,855
2025-12-20 15:45:00+00:00,856
2025-12-20 16:00:00+00:00,857
2025-12-20 16:15:00+00:00,857
2025-12-20 16:30:00+00:00,858
2025-12-20 16:45:00+00:00,858
2025-12-20 17:00:00+00:00,858
2025-12-20 17:15:00+00:00,858
2025-12-20 17:30:00+00:00,857
2025-12-20 17:45:00+00:00,856
2025-12-20 18:00:00+00:00,855
2025-12-20 18:15:00+00:00,853
2025-12-20 18:30:00+00:00,852
2025-12-20 18:45:00+00:00,850
2025-12-20 19:00:00+00:00,847
2025-12-20 19:15:00+00:00,845
2025-12-20 19:30:00+00:00,842
2025-12-20 19:45:00+00:00,840
2025-12-20 20:00:00+00:00,837
2025-12-20 20:15:00+00:00,835
2025-12-20 20:30:00+00:00,832
2025-12-20 20:45:00+00:00,829
2025-12-20 21:00:00+00:00,826
2025-12-20 21:15:00+00:00,824
2025-12-20 21:30:00+00:00,822
2025-12-20 21:45:00+00:00,819
2025-12-20 22:00:00+00:00,817
2025-12-20 22:15:00+00:00,816
2025-12-20 22:30:00+00:00,814
2025-12-20 22:45:00+00:00,812
2025-12-20 23:00:00+00:00,811
2025-12-20 23:15:00+00:00,810
2025-12-20 23:30:00+00:00,809
2025-12-20 23:45:00+00:00,808
2025-12-21 00:00:00+00:00,808
2025-12-21 00:15:00+00:00,808
2025-12-21 00:30:00+00:00,807
2025-12-21 00:45:00+00:00,807
2025-12-21 01:00:00+00:00,807
2025-12-21 01:15:00+00:00,807
2025-12-21 01:30:00+00:00,807
2025-12-21 01:45:00+00:00,806
2025-12-21 02:00:00+00:00,806
2025-12-21 02:15:00+00:00,806
2025-12-21 02:30:00+00:00,805
2025-12-21 02:45:00+00:00,805
2025-12-21 03:00:00+00:00,804
2025-12-21 03:15:00+00:00,804
2025-12-21 03:30:00+00:00,803
2025-12-21 03:45:00+00:00,803
2025-12-21 04:00:00+00:00,803
2025-12-21 04:15:00+00:00,802
2025-12-21 04:30:00+00:00,802
2025-12-21 04:45:00+00:00,802
2025-12-21 05:00:00+00:00,802
2025-12-21 05:15:00+00:00,802
2025-12-21 05:30:00+00:00,802
2025-12-21 05:45:00+00:00,802
2025-12-21 06:00:00+00:00,803
2025-12-21 06:15:00+00:00,803
2025-12-21 06:30:00+00:00,804
2025-12-21 06:45:00+00:00,804
2025-12-21 07:00:00+00:00,805
2025-12-21 07:15:00+00:00,806
2025-12-21 07:30:00+00:00,807
2025-12-21 07:45:00+00:00,807
2025-12-21 08:00:00+00:00,808
2025-12-21 08:15:00+00:00,808
2025-12-21 08:30:00+00:00,809
2025-12-21 08:45:00+00:00,810
2025-12-21 09:00:00+00:00,810
2025-12-21 09:15:00+00:00,811
2025-12-21 09:30:00+00:00,811
2025-12-21 09:45:00+00:00,811
2025-12-21 10:00:00+00:00,811
2025-12-21 10:15:00+00:00,810
2025-12-21 10:30:00+00:00,810
2025-12-21 10:45:00+00:00,809
2025-12-21 11:00:00+00:00,808
2025-12-21 11:15:00+00:00,807
2025-12-21 11:30:00+00:00,805
2025-12-21 11:45:00+00:00,804
2025-12-21 12:00:00+00:00,802
2025-12-21 12:15:00+00:00,800
2025-12-21 12:30:00+00:00,798
2025-12-21 12:45:00+00:00,796
2025-12-21 13:00:00+00:00,794
2025-12-21 13:15:00+00:00,792
2025-12-21 13:30:00+00:00,790
2025-12-21 13:45:00+00:00,787
2025-12-21 14:00:00+00:00,785
2025-12-21 14:15:00+00:00,783
2025-12-21 14:30:00+00:00,782
2025-12-21 14:45:00+00:00,780
2025-12-21 15:00:00+00:00,779
2025-12-21 15:15:00+00:00,777
2025-12-21 15:30:00+00:00,776
2025-12-21 15:45:00+00:00,775
2025-12-21 16:00:00+00:00,775
2025-12-21 16:15:00+00:00,774
2025-12-21 16:30:00+00:00,774
2025-12-21 16:45:00+00:00,773
2025-12-21 17:00:00+00:00,773
2025-12-21 17:15:00+00:00,774
2025-12-21 17:30:00+00:00,774
2025-12-21 17:45:00+00:00,774
2025-12-21 18:00:00+00:00,775
2025-12-21 18:15:00+00:00,775
2025-12-21 18:30:00+00:00,776
2025-12-21 18:45:00+00:00,776
2025-12-21 19:00:00+00:00,777
2025-12-21 19:15:00+00:00,777
2025-12-21 19:30:00+00:00,778
2025-12-21 19:45:00+00:00,779
2025-12-21 20:00:00+00:00,780
2025-12-21 20:15:00+00:00,781
2025-12-21 20:30:00+00:00,782
2025-12-21 20:45:00+00:00,783
2025-12-21 21:00:00+00:00,784
2025-12-21 21:15:00+00:00,785
2025-12-21 21:30:00+00:00,786
2025-12-21 21:45:00+00:00,787
2025-12-21 22:00:00+00:00,788
2025-12-21 22:15:00+00:00,789
2025-12-21 22:30:00+00:00,790
2025-12-21 22:45:00+00:00,791
2025-12-21 23:00:00+00:00,792
2025-12-21 23:15:00+00:00,793
2025-12-21 23:30:00+00:00,794
2025-12-21 23:45:00+00:00,795
2025-12-22 00:00:00+00:00,796
2025-12-22 00:15:00+00:00,797
2025-12-22 00:30:00+00:00,798
2025-12-22 00:45:00+00:00,799
2025-12-22 01:00:00+00:00,800
2025-12-22 01:15:00+00:00,801
2025-12-22 01:30:00+00:00,802
2025-12-22 01:45:00+00:00,803
2025-12-22 02:00:00+00:00,804
2025-12-22 02:15:00+00:00,804
2025-12-22 02:30:00+00:00,805
2025-12-22 02:45:00+00:00,806
2025-12-22 03:00:00+00:00,807
2025-12-22 03:15:00+00:00,807
2025-12-22 03:30:00+00:00,808
2025-12-22 03:45:00+00:00,809
2025-12-22 04:00:00+00:00,810
2025-12-22 04:15:00+00:00,810
2025-12-22 04:30:00+00:00,811
2025-12-22 04:45:00+00:00,812
2025-12-22 05:00:00+00:00,812
2025-12-22 05:15:00+00:00,813
2025-12-22 05:30:00+00:00,813
2025-12-22 05:45:00+00:00,814
2025-12-22 06:00:00+00:00,814
2025-12-22 06:15:00+00:00,814
2025-12-22 06:30:00+00:00,815
2025-12-22 06:45:00+00:00,815
2025-12-22 07:00:00+00:00,815
2025-12-22 07:15:00+00:00,815
2025-12-22 07:30:00+00:00,815
2025-12-22 07:45:00+00:00,815
2025-12-22 08:00:00+00:00,814
2025-12-22 08:15:00+00:00,814
2025-12-22 08:30:00+00:00,814
2025-12-22 08:45:00+00:00,813
2025-12-22 09:00:00+00:00,813
2025-12-22 09:15:00+00:00,812
2025-12-22 09:30:00+00:00,812
2025-12-22 09:45:00+00:00,812
2025-12-22 10:00:00+00:00,811
2025-12-22 10:15:00+00:00,811
2025-12-22 10:30:00+00:00,811
2025-12-22 10:45:00+00:00,810
2025-12-22 11:00:00+00:00,810
2025-12-22 11:15:00+00:00,810
2025-12-22 11:30:00+00:00,813
2025-12-22 11:45:00+00:00,810
2025-12-22 12:00:00+00:00,812
2025-12-22 12:15:00+00:00,811
2025-12-22 12:30:00+00:00,811
2025-12-22 12:45:00+00:00,811
2025-12-22 13:00:00+00:00,812
2025-12-22 13:15:00+00:00,812
2025-12-22 13:30:00+00:00,812
2025-12-22 13:45:00+00:00,813
2025-12-22 14:00:00+00:00,814
2025-12-22 14:15:00+00:00,814
2025-12-22 14:30:00+00:00,815
2025-12-22 14:45:00+00:00,815
2025-12-22 15:00:00+00:00,816
2025-12-22 15:15:00+00:00,816
2025-12-22 15:30:00+00:00,817
2025-12-22 15:45:00+00:00,818
2025-12-22 16:00:00+00:00,818
2025-12-22 16:15:00+00:00,818
2025-12-22 16:30:00+00:00,819
2025-12-22 16:45:00+00:00,820
2025-12-22 17:00:00+00:00,820
2025-12-22 17:15:00+00:00,821
2025-12-22 17:30:00+00:00,821
2025-12-22 17:45:00+00:00,821
2025-12-22 18:00:00+00:00,822
2025-12-22 18:15:00+00:00,823
2025-12-22 18:30:00+00:00,823
2025-12-22 18:45:00+00:00,824
2025-12-22 19:00:00+00:00,824
2025-12-22 19:15:00+00:00,825
2025-12-22 19:30:00+00:00,825
2025-12-22 19:45:00+00:00,825
2025-12-22 20:00:00+00:00,826
2025-12-22 20:15:00+00:00,826
2025-12-22 20:30:00+00:00,827
2025-12-22 20:45:00+00:00,827
2025-12-22 21:00:00+00:00,828
2025-12-22 21:15:00+00:00,828
2025-12-22 21:30:00+00:00,829
2025-12-22 21:45:00+00:00,829
2025-12-22 22:00:00+00:00,829
2025-12-22 22:15:00+00:00,830
2025-12-22 22:30:00+00:00,830
2025-12-22 22:45:00+00:00,830
2025-12-22 23:00:00+00:00,830
2025-12-22 23:15:00+00:00,830
2025-12-22 23:30:00+00:00,831
2025-12-22 23:45:00+00:00,830
2025-12-23 00:00:00+00:00,830
2025-12-23 00:15:00+00:00,831
2025-12-23 00:30:00+00:00,830
2025-12-23 00:45:00+00:00,830
2025-12-23 01:00:00+00:00,830
2025-12-23 01:15:00+00:00,830
2025-12-23 01:30:00+00:00,830
2025-12-23 01:45:00+00:00,829
2025-12-23 02:00:00+00:00,829
2025-12-23 02:15:00+00:00,829
2025-12-23 02:30:00+00:00,829
2025-12-23 02:45:00+00:00,829
2025-12-23 03:00:00+00:00,828
2025-12-23 03:15:00+00:00,828
2025-12-23 03:30:00+00:00,828
2025-12-23 03:45:00+00:00,827
2025-12-23 04:00:00+00:00,827
2025-12-23 04:15:00+00:00,826
2025-12-23 04:30:00+00:00,826
2025-12-23 04:45:00+00:00,826
2025-12-23 05:00:00+00:00,825
2025-12-23 05:15:00+00:00,825
2025-12-23 05:30:00+00:00,825
2025-12-23 05:45:00+00:00,825
2025-12-23 06:00:00+00:00,824
2025-12-23 06:15:00+00:00,824
2025-12-23 06:30:00+00:00,824
2025-12-23 06:45:00+00:00,824
2025-12-23 07:00:00+00:00,824
2025-12-23 07:15:00+00:00,824
2025-12-23 07:30:00+00:00,824
2025-12-23 07:45:00+00:00,823
2025-12-23 08:00:00+00:00,823
2025-12-23 08:15:00+00:00,823
2025-12-23 08:30:00+00:00,823
2025-12-23 08:45:00+00:00,823
2025-12-23 09:00:00+00:00,823
2025-12-23 09:15:00+00:00,823
2025-12-23 09:30:00+00:00,823
2025-12-23 09:45:00+00:00,823
2025-12-23 10:00:00+00:00,823
2025-12-23 10:15:00+00:00,823
2025-12-23 10:30:00+00:00,823
2025-12-23 10:45:00+00:00,823
2025-12-23 11:00:00+00:00,823
2025-12-23 11:15:00+00:00,823
2025-12-23 11:30:00+00:00,823
2025-12-23 11:45:00+00:00,822
2025-12-23 12:00:00+00:00,822
2025-12-23 12:15:00+00:00,822
2025-12-23 12:30:00+00:00,822
2025-12-23 12:45:00+00:00,822
2025-12-23 13:00:00+00:00,822
2025-12-23 13:15:00+00:00,822
2025-12-23 13:30:00+00:00,822
2025-12-23 13:45:00+00:00,823
2025-12-23 14:00:00+00:00,823
2025-12-23 14:15:00+00:00,823
2025-12-23 14:30:00+00:00,823
2025-12-23 14:45:00+00:00,824
2025-12-23 15:00:00+00:00,825
2025-12-23 15:15:00+00:00,825
2025-12-23 15:30:00+00:00,825
2025-12-23 15:45:00+00:00,826
2025-12-23 16:00:00+00:00,826
2025-12-23 16:15:00+00:00,827
2025-12-23 16:30:00+00:00,827
2025-12-23 16:45:00+00:00,827
2025-12-23 17:00:00+00:00,827
2025-12-23 17:15:00+00:00,828
2025-12-23 17:30:00+00:00,828
2025-12-23 17:45:00+00:00,828
2025-12-23 18:00:00+00:00,829
2025-12-23 18:15:00+00:00,829
2025-12-23 18:30:00+00:00,829
2025-12-23 18:45:00+00:00,830
2025-12-23 19:00:00+00:00,829
2025-12-23 19:15:00+00:00,830
2025-12-23 19:30:00+00:00,830
2025-12-23 19:45:00+00:00,831
2025-12-23 20:00:00+00:00,831
2025-12-23 20:15:00+00:00,831
2025-12-23 20:30:00+00:00,831
2025-12-23 20:45:00+00:00,831
2025-12-23 21:00:00+00:00,831
2025-12-23 21:15:00+00:00,831
2025-12-23 21:30:00+00:00,831
2025-12-23 21:45:00+00:00,831
2025-12-23 22:00:00+00:00,832
2025-12-23 22:15:00+00:00,832
2025-12-23 22:30:00+00:00,832
2025-12-23 22:45:00+00:00,832
2025-12-23 23:00:00+00:00,832
2025-12-23 23:15:00+00:00,832
2025-12-23 23:30:00+00:00,832
2025-12-23 23:45:00+00:00,833
2025-12-24 00:00:00+00:00,833
2025-12-24 00:15:00+00:00,833
2025-12-24 00:30:00+00:00,833
2025-12-24 00:45:00+00:00,833
2025-12-24 01:00:00+00:00,833
2025-12-24 01:15:00+00:00,833
2025-12-24 01:30:00+00:00,834
2025-12-24 01:45:00+00:00,834
2025-12-24 02:00:00+00:00,834
2025-12-24 02:15:00+00:00,834
2025-12-24 02:30:00+00:00,834
2025-12-24 02:45:00+00:00,834
2025-12-24 03:00:00+00:00,834
2025-12-24 03:15:00+00:00,834
2025-12-24 03:30:00+00:00,834
2025-12-24 03:45:00+00:00,834
2025-12-24 04:00:00+00:00,833
2025-12-24 04:15:00+00:00,833
2025-12-24 04:30:00+00:00,833
2025-12-24 04:45:00+00:00,833
2025-12-24 05:00:00+00:00,832
2025-12-24 05:15:00+00:00,832
2025-12-24 05:30:00+00:00,832
2025-12-24 05:45:00+00:00,832
2025-12-24 06:00:00+00:00,832
2025-12-24 06:15:00+00:00,831
2025-12-24 06:30:00+00:00,832
2025-12-24 06:45:00+00:00,831
2025-12-24 07:00:00+00:00,831
2025-12-24 07:15:00+00:00,832
2025-12-24 07:30:00+00:00,832
2025-12-24 07:45:00+00:00,831
2025-12-24 08:00:00+00:00,832
2025-12-24 08:15:00+00:00,832
2025-12-24 08:30:00+00:00,832
2025-12-24 08:45:00+00:00,832
2025-12-24 09:00:00+00:00,832
2025-12-24 09:15:00+00:00,832
2025-12-24 09:30:00+00:00,832
2025-12-24 09:45:00+00:00,833
2025-12-24 10:00:00+00:00,833
2025-12-24 10:15:00+00:00,833
2025-12-24 10:30:00+00:00,833
2025-12-24 10:45:00+00:00,834
2025-12-24 11:00:00+00:00,834
2025-12-24 11:15:00+00:00,834
2025-12-24 11:30:00+00:00,834
2025-12-24 11:45:00+00:00,834
2025-12-24 12:00:00+00:00,834
2025-12-24 12:15:00+00:00,834
2025-12-24 12:30:00+00:00,834
2025-12-24 12:45:00+00:00,834
2025-12-24 13:00:00+00:00,834
2025-12-24 13:15:00+00:00,835
2025-12-24 13:30:00+00:00,835
2025-12-24 13:45:00+00:00,835
2025-12-24 14:00:00+00:00,835
2025-12-24 14:15:00+00:00,835
2025-12-24 14:30:00+00:00,836
2025-12-24 14:45:00+00:00,836
2025-12-24 15:00:00+00:00,837
2025-12-24 15:15:00+00:00,837
2025-12-24 15:30:00+00:00,837
2025-12-24 15:45:00+00:00,838
2025-12-24 16:00:00+00:00,838
2025-12-24 16:15:00+00:00,839
2025-12-24 16:30:00+00:00,839
2025-12-24 16:45:00+00:00,839
2025-12-24 17:00:00+00:00,840
2025-12-24 17:15:00+00:00,840
2025-12-24 17:30:00+00:00,840
2025-12-24 17:45:00+00:00,840
2025-12-24 18:00:00+00:00,840
2025-12-24 18:15:00+00:00,840
2025-12-24 18:30:00+00:00,840
2025-12-24 18:45:00+00:00,840
2025-12-24 19:00:00+00:00,840
2025-12-24 19:15:00+00:00,841
2025-12-24 19:30:00+00:00,842
2025-12-24 19:45:00+00:00,842
2025-12-24 20:00:00+00:00,842
2025-12-24 20:15:00+00:00,842
2025-12-24 20:30:00+00:00,843
2025-12-24 20:45:00+00:00,843
2025-12-24 21:00:00+00:00,843
2025-12-24 21:15:00+00:00,843
2025-12-24 21:30:00+00:00,843
2025-12-24 21:45:00+00:00,843
2025-12-24 22:00:00+00:00,843
2025-12-24 22:15:00+00:00,843
2025-12-24 22:30:00+00:00,843
2025-12-24 22:45:00+00:00,843
2025-12-24 23:00:00+00:00,843
2025-12-24 23:15:00+00:00,844
2025-12-24 23:30:00+00:00,844
2025-12-24 23:45:00+00:00,845
2025-12-25 00:00:00+00:00,845
2025-12-25 00:15:00+00:00,845
2025-12-25 00:30:00+00:00,845
2025-12-25 00:45:00+00:00,846
2025-12-25 01:00:00+00:00,846
2025-12-25 01:15:00+00:00,847
2025-12-25 01:30:00+00:00,847
2025-12-25 01:45:00+00:00,847
2025-12-25 02:00:00+00:00,847
2025-12-25 02:15:00+00:00,847
2025-12-25 02:30:00+00:00,847
2025-12-25 02:45:00+00:00,848
2025-12-25 03:00:00+00:00,848
2025-12-25 03:15:00+00:00,848
2025-12-25 03:30:00+00:00,848
2025-12-25 03:45:00+00:00,849
2025-12-25 04:00:00+00:00,849
2025-12-25 04:15:00+00:00,849
2025-12-25 04:30:00+00:00,849
2025-12-25 04:45:00+00:00,848
2025-12-25 05:00:00+00:00,848
2025-12-25 05:15:00+00:00,848
2025-12-25 05:30:00+00:00,848
2025-12-25 05:45:00+00:00,848
2025-12-25 06:00:00+00:00,847
2025-12-25 06:15:00+00:00,847
2025-12-25 06:30:00+00:00,847
2025-12-25 06:45:00+00:00,846
2025-12-25 07:00:00+00:00,846
2025-12-25 07:15:00+00:00,846
2025-12-25 07:30:00+00:00,845
2025-12-25 07:45:00+00:00,845
2025-12-25 08:00:00+00:00,844
2025-12-25 08:15:00+00:00,844
2025-12-25 08:30:00+00:00,843
2025-12-25 08:45:00+00:00,843
2025-12-25 09:00:00+00:00,842
2025-12-25 09:15:00+00:00,842
2025-12-25 09:30:00+00:00,841
2025-12-25 09:45:00+00:00,841
2025-12-25 10:00:00+00:00,840
2025-12-25 10:15:00+00:00,840
2025-12-25 10:30:00+00:00,840
2025-12-25 10:45:00+00:00,839
2025-12-25 11:00:00+00:00,839
2025-12-25 11:15:00+00:00,839
2025-12-25 11:30:00+00:00,839
2025-12-25 11:45:00+00:00,839
2025-12-25 12:00:00+00:00,839
2025-12-25 12:15:00+00:00,839
2025-12-25 12:30:00+00:00,839
2025-12-25 12:45:00+00:00,840
2025-12-25 13:00:00+00:00,840
2025-12-25 13:15:00+00:00,841
2025-12-25 13:30:00+00:00,841
2025-12-25 13:45:00+00:00,841
2025-12-25 14:00:00+00:00,842
2025-12-25 14:15:00+00:00,842
2025-12-25 14:30:00+00:00,842
2025-12-25 14:45:00+00:00,843
2025-12-25 15:00:00+00:00,843
2025-12-25 15:15:00+00:00,844
2025-12-25 15:30:00+00:00,844
2025-12-25 15:45:00+00:00,845
2025-12-25 16:00:00+00:00,846
2025-12-25 16:15:00+00:00,846
2025-12-25 16:30:00+00:00,847
2025-12-25 16:45:00+00:00,848
2025-12-25 17:00:00+00:00,848
2025-12-25 17:15:00+00:00,849
2025-12-25 17:30:00+00:00,849
2025-12-25 17:45:00+00:00,850
2025-12-25 18:00:00+00:00,850
2025-12-25 18:15:00+00:00,852
2025-12-25 18:30:00+00:00,853
2025-12-25 18:45:00+00:00,853
2025-12-25 19:00:00+00:00,853
2025-12-25 19:15:00+00:00,853
2025-12-25 19:30:00+00:00,853
2025-12-25 19:45:00+00:00,853
2025-12-25 20:00:00+00:00,854
2025-12-25 20:15:00+00:00,854
2025-12-25 20:30:00+00:00,854
2025-12-25 20:45:00+00:00,854
2025-12-25 21:00:00+00:00,854
2025-12-25 21:15:00+00:00,855
2025-12-25 21:30:00+00:00,855
2025-12-25 21:45:00+00:00,854
2025-12-25 22:00:00+00:00,854
2025-12-25 22:15:00+00:00,854
2025-12-25 22:30:00+00:00,854
2025-12-25 22:45:00+00:00,853
2025-12-25 23:00:00+00:00,852
2025-12-25 23:15:00+00:00,852
2025-12-25 23:30:00+00:00,851
2025-12-25 23:45:00+00:00,850
2025-12-26 00:00:00+00:00,850
2025-12-26 00:15:00+00:00,850
2025-12-26 00:30:00+00:00,850
2025-12-26 00:45:00+00:00,849
2025-12-26 01:00:00+00:00,849
2025-12-26 01:15:00+00:00,848
2025-12-26 01:30:00+00:00,848
2025-12-26 01:45:00+00:00,847
2025-12-26 02:00:00+00:00,847
2025-12-26 02:15:00+00:00,846
2025-12-26 02:30:00+00:00,846
2025-12-26 02:45:00+00:00,845
2025-12-26 03:00:00+00:00,844
2025-12-26 03:15:00+00:00,844
2025-12-26 03:30:00+00:00,843
2025-12-26 03:45:00+00:00,843
2025-12-26 04:00:00+00:00,842
2025-12-26 04:15:00+00:00,841
2025-12-26 04:30:00+00:00,841
2025-12-26 04:45:00+00:00,840
2025-12-26 05:00:00+00:00,840
2025-12-26 05:15:00+00:00,839
2025-12-26 05:30:00+00:00,839
2025-12-26 05:45:00+00:00,838
2025-12-26 06:00:00+00:00,838
2025-12-26 06:15:00+00:00,837
2025-12-26 06:30:00+00:00,837
2025-12-26 06:45:00+00:00,836
2025-12-26 07:00:00+00:00,836
2025-12-26 07:15:00+00:00,835
2025-12-26 07:30:00+00:00,835
2025-12-26 07:45:00+00:00,835
2025-12-26 08:00:00+00:00,834
2025-12-26 08:15:00+00:00,834
2025-12-26 08:30:00+00:00,834
2025-12-26 08:45:00+00:00,834
2025-12-26 09:00:00+00:00,834
2025-12-26 09:15:00+00:00,834
2025-12-26 09:30:00+00:00,834
2025-12-26 09:45:00+00:00,834
2025-12-26 10:00:00+00:00,834
2025-12-26 10:15:00+00:00,834
2025-12-26 10:30:00+00:00,834
2025-12-26 10:45:00+00:00,834
2025-12-26 11:00:00+00:00,835
2025-12-26 11:15:00+00:00,835
2025-12-26 11:30:00+00:00,835
2025-12-26 11:45:00+00:00,835
2025-12-26 12:00:00+00:00,835
2025-12-26 12:15:00+00:00,835
2025-12-26 12:30:00+00:00,836
2025-12-26 12:45:00+00:00,836
2025-12-26 13:00:00+00:00,836
2025-12-26 13:15:00+00:00,837
2025-12-26 13:30:00+00:00,837
2025-12-26 13:45:00+00:00,837
2025-12-26 14:00:00+00:00,837
2025-12-26 14:15:00+00:00,838
2025-12-26 14:30:00+00:00,838
2025-12-26 14:45:00+00:00,839
2025-12-26 15:00:00+00:00,839
2025-12-26 15:15:00+00:00,840
2025-12-26 15:30:00+00:00,840
2025-12-26 15:45:00+00:00,841
2025-12-26 16:00:00+00:00,841
2025-12-26 16:15:00+00:00,842
2025-12-26 16:30:00+00:00,843
2025-12-26 16:45:00+00:00,844
2025-12-26 17:00:00+00:00,844
2025-12-26 17:15:00+00:00,845
2025-12-26 17:30:00+00:00,845
2025-12-26 17:45:00+00:00,845
2025-12-26 18:00:00+00:00,846
2025-12-26 18:15:00+00:00,846
2025-12-26 18:30:00+00:00,847
2025-12-26 18:45:00+00:00,847
2025-12-26 19:00:00+00:00,847
2025-12-26 19:15:00+00:00,847
2025-12-26 19:30:00+00:00,847
2025-12-26 19:45:00+00:00,847
2025-12-26 20:00:00+00:00,847
2025-12-26 20:15:00+00:00,847
2025-12-26 20:30:00+00:00,847
2025-12-26 20:45:00+00:00,847
2025-12-26 21:00:00+00:00,847
2025-12-26 21:15:00+00:00,847
2025-12-26 21:30:00+00:00,847
2025-12-26 21:45:00+00:00,847
2025-12-26 22:00:00+00:00,847
2025-12-26 22:15:00+00:00,847
2025-12-26 22:30:00+00:00,847
2025-12-26 22:45:00+00:00,847
2025-12-26 23:00:00+00:00,847
2025-12-26 23:15:00+00:00,846
2025-12-26 23:30:00+00:00,846
2025-12-26 23:45:00+00:00,846
2025-12-27 00:00:00+00:00,846
2025-12-27 00:15:00+00:00,845
2025-12-27 00:30:00+00:00,845
2025-12-27 00:45:00+00:00,845
2025-12-27 01:00:00+00:00,845
2025-12-27 01:15:00+00:00,844
2025-12-27 01:30:00+00:00,844
2025-12-27 01:45:00+00:00,843
2025-12-27 02:00:00+00:00,843
2025-12-27 02:15:00+00:00,842
2025-12-27 02:30:00+00:00,842
2025-12-27 02:45:00+00:00,841
2025-12-27 03:00:00+00:00,841
2025-12-27 03:15:00+00:00,840
2025-12-27 03:30:00+00:00,840
2025-12-27 03:45:00+00:00,839
2025-12-27 04:00:00+00:00,839
2025-12-27 04:15:00+00:00,839
2025-12-27 04:30:00+00:00,838
2025-12-27 04:45:00+00:00,837
2025-12-27 05:00:00+00:00,837
2025-12-27 05:15:00+00:00,837
2025-12-27 05:30:00+00:00,837
2025-12-27 05:45:00+00:00,837
2025-12-27 06:00:00+00:00,836
2025-12-27 06:15:00+00:00,836
2025-12-27 06:30:00+00:00,836
2025-12-27 06:45:00+00:00,836
2025-12-27 07:00:00+00:00,836
2025-12-27 07:15:00+00:00,837
2025-12-27 07:30:00+00:00,837
2025-12-27 07:45:00+00:00,836
2025-12-27 08:00:00+00:00,836
2025-12-27 08:15:00+00:00,836
2025-12-27 08:30:00+00:00,836
2025-12-27 08:45:00+00:00,835
2025-12-27 09:00:00+00:00,835
2025-12-27 09:15:00+00:00,834
2025-12-27 09:30:00+00:00,834
2025-12-27 09:45:00+00:00,833
2025-12-27 10:00:00+00:00,833
2025-12-27 10:15:00+00:00,832
2025-12-27 10:30:00+00:00,831
2025-12-27 10:45:00+00:00,830
2025-12-27 11:00:00+00:00,830
2025-12-27 11:15:00+00:00,829
2025-12-27 11:30:00+00:00,829
2025-12-27 11:45:00+00:00,828
2025-12-27 12:00:00+00:00,828
2025-12-27 12:15:00+00:00,827
2025-12-27 12:30:00+00:00,827
2025-12-27 12:45:00+00:00,827
2025-12-27 13:00:00+00:00,828
2025-12-27 13:15:00+00:00,828
2025-12-27 13:30:00+00:00,828
2025-12-27 13:45:00+00:00,828
2025-12-27 14:00:00+00:00,829
2025-12-27 14:15:00+00:00,829
2025-12-27 14:30:00+00:00,830
2025-12-27 14:45:00+00:00,830
2025-12-27 15:00:00+00:00,831
2025-12-27 15:15:00+00:00,831
2025-12-27 15:30:00+00:00,832
2025-12-27 15:45:00+00:00,833
2025-12-27 16:00:00+00:00,833
2025-12-27 16:15:00+00:00,834
2025-12-27 16:30:00+00:00,834
2025-12-27 16:45:00+00:00,835
2025-12-27 17:00:00+00:00,835
2025-12-27 17:15:00+00:00,836
2025-12-27 17:30:00+00:00,836
2025-12-27 17:45:00+00:00,837
2025-12-27 18:00:00+00:00,837
2025-12-27 18:15:00+00:00,837
2025-12-27 18:30:00+00:00,838
2025-12-27 18:45:00+00:00,838
2025-12-27 19:00:00+00:00,838
2025-12-27 19:15:00+00:00,839
2025-12-27 19:30:00+00:00,839
2025-12-27 19:45:00+00:00,839
2025-12-27 20:00:00+00:00,838
2025-12-27 20:15:00+00:00,838
2025-12-27 20:30:00+00:00,838
2025-12-27 20:45:00+00:00,837
2025-12-27 21:00:00+00:00,837
2025-12-27 21:15:00+00:00,836
2025-12-27 21:30:00+00:00,836
2025-12-27 21:45:00+00:00,835
2025-12-27 22:00:00+00:00,835
2025-12-27 22:15:00+00:00,835
2025-12-27 22:30:00+00:00,834
2025-12-27 22:45:00+00:00,834
2025-12-27 23:00:00+00:00,833
2025-12-27 23:15:00+00:00,833
2025-12-27 23:30:00+00:00,833
2025-12-27 23:45:00+00:00,834
2025-12-28 00:00:00+00:00,833
2025-12-28 00:15:00+00:00,834
2025-12-28 00:30:00+00:00,834
2025-12-28 00:45:00+00:00,834
2025-12-28 01:00:00+00:00,834
2025-12-28 01:15:00+00:00,835
2025-12-28 01:30:00+00:00,835
2025-12-28 01:45:00+00:00,836
2025-12-28 02:00:00+00:00,836
2025-12-28 02:15:00+00:00,836
2025-12-28 02:30:00+00:00,836
2025-12-28 02:45:00+00:00,836
2025-12-28 03:00:00+00:00,836
2025-12-28 03:15:00+00:00,835
2025-12-28 03:30:00+00:00,835
2025-12-28 03:45:00+00:00,835
2025-12-28 04:00:00+00:00,834
2025-12-28 04:15:00+00:00,834
2025-12-28 04:30:00+00:00,834
2025-12-28 04:45:00+00:00,834
2025-12-28 05:00:00+00:00,833
2025-12-28 05:15:00+00:00,833
2025-12-28 05:30:00+00:00,833
2025-12-28 05:45:00+00:00,831
2025-12-28 06:00:00+00:00,829
2025-12-28 06:15:00+00:00,829
2025-12-28 06:30:00+00:00,829
2025-12-28 06:45:00+00:00,828
2025-12-28 07:00:00+00:00,827
2025-12-28 07:15:00+00:00,827
2025-12-28 07:30:00+00:00,827
2025-12-28 07:45:00+00:00,827
2025-12-28 08:00:00+00:00,828
2025-12-28 08:15:00+00:00,828
2025-12-28 08:30:00+00:00,829
2025-12-28 08:45:00+00:00,830
2025-12-28 09:00:00+00:00,831
2025-12-28 09:15:00+00:00,833
2025-12-28 09:30:00+00:00,833
2025-12-28 09:45:00+00:00,834
2025-12-28 10:00:00+00:00,835
2025-12-28 10:15:00+00:00,835
2025-12-28 10:30:00+00:00,835
2025-12-28 10:45:00+00:00,835
2025-12-28 11:00:00+00:00,835
2025-12-28 11:15:00+00:00,835
2025-12-28 11:30:00+00:00,835
2025-12-28 11:45:00+00:00,835
2025-12-28 12:00:00+00:00,836
2025-12-28 12:15:00+00:00,836
2025-12-28 12:30:00+00:00,836
2025-12-28 12:45:00+00:00,837
2025-12-28 13:00:00+00:00,837
2025-12-28 13:15:00+00:00,837
2025-12-28 13:30:00+00:00,838
2025-12-28 13:45:00+00:00,838
2025-12-28 14:00:00+00:00,838
2025-12-28 14:15:00+00:00,838
2025-12-28 14:30:00+00:00,838
2025-12-28 14:45:00+00:00,838
2025-12-28 15:00:00+00:00,838
2025-12-28 15:15:00+00:00,838
2025-12-28 15:30:00+00:00,838
2025-12-28 15:45:00+00:00,838
2025-12-28 16:00:00+00:00,838
2025-12-28 16:15:00+00:00,838
2025-12-28 16:30:00+00:00,838
2025-12-28 16:45:00+00:00,838
2025-12-28 17:00:00+00:00,838
2025-12-28 17:15:00+00:00,837
2025-12-28 17:30:00+00:00,837
2025-12-28 17:45:00+00:00,836
2025-12-28 18:00:00+00:00,836
2025-12-28 18:15:00+00:00,835
2025-12-28 18:30:00+00:00,835
2025-12-28 18:45:00+00:00,835
2025-12-28 19:00:00+00:00,834
2025-12-28 19:15:00+00:00,834
2025-12-28 19:30:00+00:00,835
2025-12-28 19:45:00+00:00,834
2025-12-28 20:00:00+00:00,834
2025-12-28 20:15:00+00:00,834
2025-12-28 20:30:00+00:00,834
2025-12-28 20:45:00+00:00,834
2025-12-28 21:00:00+00:00,834
2025-12-28 21:15:00+00:00,834
2025-12-28 21:30:00+00:00,834
2025-12-28 21:45:00+00:00,834
2025-12-28 22:00:00+00:00,834
2025-12-28 22:15:00+00:00,833
2025-12-28 22:30:00+00:00,834
2025-12-28 22:45:00+00:00,834
2025-12-28 23:00:00+00:00,834
2025-12-28 23:15:00+00:00,834
2025-12-28 23:30:00+00:00,834
2025-12-28 23:45:00+00:00,834
2025-12-29 00:00:00+00:00,834
2025-12-29 00:15:00+00:00,834
2025-12-29 00:30:00+00:00,834
2025-12-29 00:45:00+00:00,834
2025-12-29 01:00:00+00:00,834
2025-12-29 01:15:00+00:00,834
2025-12-29 01:30:00+00:00,834
2025-12-29 01:45:00+00:00,834
2025-12-29 02:00:00+00:00,834
2025-12-29 02:15:00+00:00,833
2025-12-29 02:30:00+00:00,833
2025-12-29 02:45:00+00:00,833
2025-12-29 03:00:00+00:00,833
2025-12-29 03:15:00+00:00,833
2025-12-29 03:30:00+00:00,833
2025-12-29 03:45:00+00:00,833
2025-12-29 04:00:00+00:00,833
2025-12-29 04:15:00+00:00,834
2025-12-29 04:30:00+00:00,834
2025-12-29 04:45:00+00:00,834
2025-12-29 05:00:00+00:00,834
2025-12-29 05:15:00+00:00,834
2025-12-29 05:30:00+00:00,834
2025-12-29 05:45:00+00:00,834
2025-12-29 06:00:00+00:00,834
2025-12-29 06:15:00+00:00,834
2025-12-29 06:30:00+00:00,834
2025-12-29 06:45:00+00:00,834
2025-12-29 07:00:00+00:00,834
2025-12-29 07:15:00+00:00,834
2025-12-29 07:30:00+00:00,834
2025-12-29 07:45:00+00:00,835
2025-12-29 08:00:00+00:00,835
2025-12-29 08:15:00+00:00,835
2025-12-29 08:30:00+00:00,836
2025-12-29 08:45:00+00:00,836
2025-12-29 09:00:00+00:00,837
2025-12-29 09:15:00+00:00,837
2025-12-29 09:30:00+00:00,837
2025-12-29 09:45:00+00:00,838
2025-12-29 10:00:00+00:00,838
2025-12-29 10:15:00+00:00,838
2025-12-29 10:30:00+00:00,839
2025-12-29 10:45:00+00:00,839
2025-12-29 11:00:00+00:00,839
2025-12-29 11:15:00+00:00,840
2025-12-29 11:30:00+00:00,840
2025-12-29 11:45:00+00:00,841
2025-12-29 12:00:00+00:00,841
2025-12-29 12:15:00+00:00,842
2025-12-29 12:30:00+00:00,842
2025-12-29 12:45:00+00:00,843
2025-12-29 13:00:00+00:00,843
2025-12-29 13:15:00+00:00,844
2025-12-29 13:30:00+00:00,844
2025-12-29 13:45:00+00:00,845
2025-12-29 14:00:00+00:00,845
2025-12-29 14:15:00+00:00,846
2025-12-29 14:30:00+00:00,847
2025-12-29 14:45:00+00:00,847
2025-12-29 15:00:00+00:00,848
2025-12-29 15:15:00+00:00,848
2025-12-29 15:30:00+00:00,849
2025-12-29 15:45:00+00:00,850
2025-12-29 16:00:00+00:00,850
2025-12-29 16:15:00+00:00,851
2025-12-29 16:30:00+00:00,851
2025-12-29 16:45:00+00:00,852
2025-12-29 17:00:00+00:00,852
2025-12-29 17:15:00+00:00,852
2025-12-29 17:30:00+00:00,853
2025-12-29 17:45:00+00:00,853
2025-12-29 18:00:00+00:00,853
2025-12-29 18:15:00+00:00,853
2025-12-29 18:30:00+00:00,854
2025-12-29 18:45:00+00:00,854
2025-12-29 19:00:00+00:00,854
2025-12-29 19:15:00+00:00,854
2025-12-29 19:30:00+00:00,854
2025-12-29 19:45:00+00:00,854
2025-12-29 20:00:00+00:00,854
2025-12-29 20:15:00+00:00,854
2025-12-29 20:30:00+00:00,854
2025-12-29 20:45:00+00:00,854
2025-12-29 21:00:00+00:00,855
2025-12-29 21:15:00+00:00,855
2025-12-29 21:30:00+00:00,855
2025-12-29 21:45:00+00:00,855
2025-12-29 22:00:00+00:00,854
2025-12-29 22:15:00+00:00,854
2025-12-29 22:30:00+00:00,855
2025-12-29 22:45:00+00:00,855
2025-12-29 23:00:00+00:00,855
2025-12-29 23:15:00+00:00,855
2025-12-29 23:30:00+00:00,854
2025-12-29 23:45:00+00:00,854
2025-12-30 00:00:00+00:00,854
2025-12-30 00:15:00+00:00,854
2025-12-30 00:30:00+00:00,854
2025-12-30 00:45:00+00:00,855
2025-12-30 01:00:00+00:00,855
2025-12-30 01:15:00+00:00,855
2025-12-30 01:30:00+00:00,855
2025-12-30 01:45:00+00:00,856
2025-12-30 02:00:00+00:00,857
2025-12-30 02:15:00+00:00,858
2025-12-30 02:30:00+00:00,859
2025-12-30 02:45:00+00:00,859
2025-12-30 03:00:00+00:00,860
2025-12-30 03:15:00+00:00,861
2025-12-30 03:30:00+00:00,862
2025-12-30 03:45:00+00:00,863
2025-12-30 04:00:00+00:00,865
2025-12-30 04:15:00+00:00,866
2025-12-30 04:30:00+00:00,867
2025-12-30 04:45:00+00:00,869
2025-12-30 05:00:00+00:00,871
2025-12-30 05:15:00+00:00,873
2025-12-30 05:30:00+00:00,875
2025-12-30 05:45:00+00:00,878
2025-12-30 06:00:00+00:00,880
2025-12-30 06:15:00+00:00,883
2025-12-30 06:30:00+00:00,885
2025-12-30 06:45:00+00:00,889
2025-12-30 07:00:00+00:00,893
2025-12-30 07:15:00+00:00,896
2025-12-30 07:30:00+00:00,901
2025-12-30 07:45:00+00:00,906
2025-12-30 08:00:00+00:00,910
2025-12-30 08:15:00+00:00,915
2025-12-30 08:30:00+00:00,919
2025-12-30 08:45:00+00:00,924
2025-12-30 09:00:00+00:00,928
2025-12-30 09:15:00+00:00,932
2025-12-30 09:30:00+00:00,935
2025-12-30 09:45:00+00:00,939
2025-12-30 10:00:00+00:00,942
2025-12-30 10:15:00+00:00,945
2025-12-30 10:30:00+00:00,947
2025-12-30 10:45:00+00:00,949
2025-12-30 11:00:00+00:00,950
2025-12-30 11:15:00+00:00,952
2025-12-30 11:30:00+00:00,953
2025-12-30 11:45:00+00:00,954
2025-12-30 12:00:00+00:00,954
2025-12-30 12:15:00+00:00,955
2025-12-30 12:30:00+00:00,955
2025-12-30 12:45:00+00:00,956
2025-12-30 13:00:00+00:00,956
2025-12-30 13:15:00+00:00,956
2025-12-30 13:30:00+00:00,955
2025-12-30 13:45:00+00:00,954
2025-12-30 14:00:00+00:00,953
2025-12-30 14:15:00+00:00,952
2025-12-30 14:30:00+00:00,952
2025-12-30 14:45:00+00:00,951
2025-12-30 15:00:00+00:00,950
2025-12-30 15:15:00+00:00,950
2025-12-30 15:30:00+00:00,950
2025-12-30 15:45:00+00:00,950
2025-12-30 16:00:00+00:00,950
2025-12-30 16:15:00+00:00,949
2025-12-30 16:30:00+00:00,949
2025-12-30 16:45:00+00:00,948
2025-12-30 17:00:00+00:00,949
2025-12-30 17:15:00+00:00,946
2025-12-30 17:30:00+00:00,945
2025-12-30 17:45:00+00:00,945
2025-12-30 18:00:00+00:00,944
2025-12-30 18:15:00+00:00,943
2025-12-30 18:30:00+00:00,943
2025-12-30 18:45:00+00:00,943
2025-12-30 19:00:00+00:00,944
2025-12-30 19:15:00+00:00,944
2025-12-30 19:30:00+00:00,945
2025-12-30 19:45:00+00:00,945
2025-12-30 20:00:00+00:00,945
2025-12-30 20:15:00+00:00,945
2025-12-30 20:30:00+00:00,945
2025-12-30 20:45:00+00:00,946
2025-12-30 21:00:00+00:00,946
2025-12-30 21:15:00+00:00,947
2025-12-30 21:30:00+00:00,948
2025-12-30 21:45:00+00:00,949
2025-12-30 22:00:00+00:00,950
2025-12-30 22:15:00+00:00,952
2025-12-30 22:30:00+00:00,953
2025-12-30 22:45:00+00:00,954
2025-12-30 23:00:00+00:00,956
2025-12-30 23:15:00+00:00,957
2025-12-30 23:30:00+00:00,959
2025-12-30 23:45:00+00:00,961
2025-12-31 00:00:00+00:00,962
2025-12-31 00:15:00+00:00,963
2025-12-31 00:30:00+00:00,966
2025-12-31 00:45:00+00:00,968
2025-12-31 01:00:00+00:00,970
2025-12-31 01:15:00+00:00,973
2025-12-31 01:30:00+00:00,976
2025-12-31 01:45:00+00:00,978
2025-12-31 02:00:00+00:00,981
2025-12-31 02:15:00+00:00,984
2025-12-31 02:30:00+00:00,986
2025-12-31 02:45:00+00:00,989
2025-12-31 03:00:00+00:00,992
2025-12-31 03:15:00+00:00,995
2025-12-31 03:30:00+00:00,999
2025-12-31 03:45:00+00:00,1000
2025-12-31 04:00:00+00:00,1000
2025-12-31 04:15:00+00:00,1010
2025-12-31 04:30:00+00:00,1010
2025-12-31 04:45:00+00:00,1020
2025-12-31 05:00:00+00:00,1020
2025-12-31 05:15:00+00:00,1020
2025-12-31 05:30:00+00:00,1030
2025-12-31 05:45:00+00:00,1040
2025-12-31 06:00:00+00:00,1040
2025-12-31 06:15:00+00:00,1050
2025-12-31 06:30:00+00:00,1050
2025-12-31 06:45:00+00:00,1060
2025-12-31 07:00:00+00:00,1060
2025-12-31 07:15:00+00:00,1070
2025-12-31 07:30:00+00:00,1080
2025-12-31 07:45:00+00:00,1080
2025-12-31 08:00:00+00:00,1090
2025-12-31 08:15:00+00:00,1100
2025-12-31 08:30:00+00:00,1100
2025-12-31 08:45:00+00:00,1110
2025-12-31 09:00:00+00:00,1120
2025-12-31 09:15:00+00:00,1120
2025-12-31 09:30:00+00:00,1130
2025-12-31 09:45:00+00:00,1140
2025-12-31 10:00:00+00:00,1140
2025-12-31 10:15:00+00:00,1150
2025-12-31 10:30:00+00:00,1150
2025-12-31 10:45:00+00:00,1160
2025-12-31 11:00:00+00:00,1170
2025-12-31 11:15:00+00:00,1170
2025-12-31 11:30:00+00:00,1180
2025-12-31 11:45:00+00:00,1180
2025-12-31 12:00:00+00:00,1190
2025-12-31 12:15:00+00:00,1190
2025-12-31 12:30:00+00:00,1190
2025-12-31 12:45:00+00:00,1200
2025-12-31 13:00:00+00:00,1200
2025-12-31 13:15:00+00:00,1200
2025-12-31 13:30:00+00:00,1200
2025-12-31 13:45:00+00:00,1210
2025-12-31 14:00:00+00:00,1210
2025-12-31 14:15:00+00:00,1220
2025-12-31 14:30:00+00:00,1220
2025-12-31 14:45:00+00:00,1220
2025-12-31 15:00:00+00:00,1230
2025-12-31 15:15:00+00:00,1230
2025-12-31 15:30:00+00:00,1230
2025-12-31 15:45:00+00:00,1230
2025-12-31 16:00:00+00:00,1230
2025-12-31 16:15:00+00:00,1230
2025-12-31 16:30:00+00:00,1230
2025-12-31 16:45:00+00:00,1230
2025-12-31 17:00:00+00:00,1220
2025-12-31 17:15:00+00:00,1220
2025-12-31 17:30:00+00:00,1210
2025-12-31 17:45:00+00:00,1210
2025-12-31 18:00:00+00:00,1200
2025-12-31 18:15:00+00:00,1200
2025-12-31 18:30:00+00:00,1190
2025-12-31 18:45:00+00:00,1190
2025-12-31 19:00:00+00:00,1180
2025-12-31 19:15:00+00:00,1180
2025-12-31 19:30:00+00:00,1180
2025-12-31 19:45:00+00:00,1170
2025-12-31 20:00:00+00:00,1170
2025-12-31 20:15:00+00:00,1170
2025-12-31 20:30:00+00:00,1170
2025-12-31 20:45:00+00:00,1170
2025-12-31 21:00:00+00:00,1170
2025-12-31 21:15:00+00:00,1170
2025-12-31 21:30:00+00:00,1170
2025-12-31 21:45:00+00:00,1170
2025-12-31 22:00:00+00:00,1170
2025-12-31 22:15:00+00:00,1180
2025-12-31 22:30:00+00:00,1180
2025-12-31 22:45:00+00:00,1180
2025-12-31 23:00:00+00:00,1180
2025-12-31 23:15:00+00:00,1180
2025-12-31 23:30:00+00:00,1180
2025-12-31 23:45:00+00:00,1180
2026-01-01 00:00:00+00:00,1180
2026-01-01 00:15:00+00:00,1190
2026-01-01 00:30:00+00:00,1190
2026-01-01 00:45:00+00:00,1190
2026-01-01 01:00:00+00:00,1190
2026-01-01 01:15:00+00:00,1190
2026-01-01 01:30:00+00:00,1190
2026-01-01 01:45:00+00:00,1180
2026-01-01 02:00:00+00:00,1180
2026-01-01 02:15:00+00:00,1180
2026-01-01 02:30:00+00:00,1180
2026-01-01 02:45:00+00:00,1180
2026-01-01 03:00:00+00:00,1180
2026-01-01 03:15:00+00:00,1180
2026-01-01 03:30:00+00:00,1180
2026-01-01 03:45:00+00:00,1180
2026-01-01 04:00:00+00:00,1180
2026-01-01 04:15:00+00:00,1180
2026-01-01 04:30:00+00:00,1180
2026-01-01 04:45:00+00:00,1180
2026-01-01 05:00:00+00:00,1180
2026-01-01 05:15:00+00:00,1190
2026-01-01 05:30:00+00:00,1190
2026-01-01 05:45:00+00:00,1190
2026-01-01 06:00:00+00:00,1190
2026-01-01 06:15:00+00:00,1190
2026-01-01 06:30:00+00:00,1190
2026-01-01 06:45:00+00:00,1190
2026-01-01 07:00:00+00:00,1190
2026-01-01 07:15:00+00:00,1180
2026-01-01 07:30:00+00:00,1180
2026-01-01 07:45:00+00:00,1180
2026-01-01 08:00:00+00:00,1180
2026-01-01 08:15:00+00:00,1170
2026-01-01 08:30:00+00:00,1170
2026-01-01 08:45:00+00:00,1160
2026-01-01 09:00:00+00:00,1160
2026-01-01 09:15:00+00:00,1150
2026-01-01 09:30:00+00:00,1150
2026-01-01 09:45:00+00:00,1140
2026-01-01 10:00:00+00:00,1140
2026-01-01 10:15:00+00:00,1130
2026-01-01 10:30:00+00:00,1120
2026-01-01 10:45:00+00:00,1120
2026-01-01 11:00:00+00:00,1110
2026-01-01 11:15:00+00:00,1110
2026-01-01 11:30:00+00:00,1100
2026-01-01 11:45:00+00:00,1090
2026-01-01 12:00:00+00:00,1090
2026-01-01 12:15:00+00:00,1080
2026-01-01 12:30:00+00:00,1070
2026-01-01 12:45:00+00:00,1060
2026-01-01 13:00:00+00:00,1060
2026-01-01 13:15:00+00:00,1050
2026-01-01 13:30:00+00:00,1050
2026-01-01 13:45:00+00:00,1040
2026-01-01 14:00:00+00:00,1040
2026-01-01 14:15:00+00:00,1040
2026-01-01 14:30:00+00:00,1030
2026-01-01 14:45:00+00:00,1030
2026-01-01 15:00:00+00:00,1030
2026-01-01 15:15:00+00:00,1030
2026-01-01 15:30:00+00:00,1030
2026-01-01 15:45:00+00:00,1030
2026-01-01 16:00:00+00:00,1020
2026-01-01 16:15:00+00:00,1030
2026-01-01 16:30:00+00:00,1030
2026-01-01 16:45:00+00:00,1020
2026-01-01 17:00:00+00:00,1020
2026-01-01 17:15:00+00:00,1020
2026-01-01 17:30:00+00:00,1020
2026-01-01 17:45:00+00:00,1020
2026-01-01 18:00:00+00:00,1020
2026-01-01 18:15:00+00:00,1020
2026-01-01 18:30:00+00:00,1020
2026-01-01 18:45:00+00:00,1020
2026-01-01 19:00:00+00:00,1020
2026-01-01 19:15:00+00:00,1010
2026-01-01 19:30:00+00:00,1010
2026-01-01 19:45:00+00:00,1010
2026-01-01 20:00:00+00:00,1010
2026-01-01 20:15:00+00:00,1000
2026-01-01 20:30:00+00:00,1000
2026-01-01 20:45:00+00:00,1000
2026-01-01 21:00:00+00:00,998
2026-01-01 21:15:00+00:00,995
2026-01-01 21:30:00+00:00,993
2026-01-01 21:45:00+00:00,991
2026-01-01 22:00:00+00:00,989
2026-01-01 22:15:00+00:00,987
2026-01-01 22:30:00+00:00,986
2026-01-01 22:45:00+00:00,984
2026-01-01 23:00:00+00:00,984
2026-01-01 23:15:00+00:00,985
2026-01-01 23:30:00+00:00,987
2026-01-01 23:45:00+00:00,988
2026-01-02 00:00:00+00:00,990
2026-01-02 00:15:00+00:00,994
2026-01-02 00:30:00+00:00,997
2026-01-02 00:45:00+00:00,1000
2026-01-02 01:00:00+00:00,1000
2026-01-02 01:15:00+00:00,1010
2026-01-02 01:30:00+00:00,1010
2026-01-02 01:45:00+00:00,1010
2026-01-02 02:00:00+00:00,1020
2026-01-02 02:15:00+00:00,1020
2026-01-02 02:30:00+00:00,1020
2026-01-02 02:45:00+00:00,1030
2026-01-02 03:00:00+00:00,1030
2026-01-02 03:15:00+00:00,1030
2026-01-02 03:30:00+00:00,1040
2026-01-02 03:45:00+00:00,1040
2026-01-02 04:00:00+00:00,1040
2026-01-02 04:15:00+00:00,1040
2026-01-02 04:30:00+00:00,1040
2026-01-02 04:45:00+00:00,1040
2026-01-02 05:00:00+00:00,1040
2026-01-02 05:15:00+00:00,1040
2026-01-02 05:30:00+00:00,1040
2026-01-02 05:45:00+00:00,1040
2026-01-02 06:00:00+00:00,1040
2026-01-02 06:15:00+00:00,1040
2026-01-02 06:30:00+00:00,1040
2026-01-02 06:45:00+00:00,1040
2026-01-02 07:00:00+00:00,1040
2026-01-02 07:15:00+00:00,1040
2026-01-02 07:30:00+00:00,1040
2026-01-02 07:45:00+00:00,1040
2026-01-02 08:00:00+00:00,1040
2026-01-02 08:15:00+00:00,1030
2026-01-02 08:30:00+00:00,1030
2026-01-02 08:45:00+00:00,1030
2026-01-02 09:00:00+00:00,1030
2026-01-02 09:15:00+00:00,1030
2026-01-02 09:30:00+00:00,1020
2026-01-02 09:45:00+00:00,1020
2026-01-02 10:00:00+00:00,1020
2026-01-02 10:15:00+00:00,1010
2026-01-02 10:30:00+00:00,1010
2026-01-02 10:45:00+00:00,1010
2026-01-02 11:00:00+00:00,1010
2026-01-02 11:15:00+00:00,1000
2026-01-02 11:30:00+00:00,1000
2026-01-02 11:45:00+00:00,1000
2026-01-02 12:00:00+00:00,1000
2026-01-02 12:15:00+00:00,1000
2026-01-02 12:30:00+00:00,1000
2026-01-02 12:45:00+00:00,1010
2026-01-02 13:00:00+00:00,1010
2026-01-02 13:15:00+00:00,1010
2026-01-02 13:30:00+00:00,1010
2026-01-02 13:45:00+00:00,1010
2026-01-02 14:00:00+00:00,1010
2026-01-02 14:15:00+00:00,1020
2026-01-02 14:30:00+00:00,1020
2026-01-02 14:45:00+00:00,1020
2026-01-02 15:00:00+00:00,1020
2026-01-02 15:15:00+00:00,1020
2026-01-02 15:30:00+00:00,1020
2026-01-02 15:45:00+00:00,1030
2026-01-02 16:00:00+00:00,1030
2026-01-02 16:15:00+00:00,1030
2026-01-02 16:30:00+00:00,1030
2026-01-02 16:45:00+00:00,1030
2026-01-02 17:00:00+00:00,1020
2026-01-02 17:15:00+00:00,1020
2026-01-02 17:30:00+00:00,1020
2026-01-02 17:45:00+00:00,1020
2026-01-02 18:00:00+00:00,1020
2026-01-02 18:15:00+00:00,1020
2026-01-02 18:30:00+00:00,1010
2026-01-02 18:45:00+00:00,1010
2026-01-02 19:00:00+00:00,1010
2026-01-02 19:15:00+00:00,1000
2026-01-02 19:30:00+00:00,999
2026-01-02 19:45:00+00:00,995
2026-01-02 20:00:00+00:00,990
2026-01-02 20:15:00+00:00,986
2026-01-02 20:30:00+00:00,982
2026-01-02 20:45:00+00:00,978
2026-01-02 21:00:00+00:00,974
2026-01-02 21:15:00+00:00,972
2026-01-02 21:30:00+00:00,969
2026-01-02 21:45:00+00:00,967
2026-01-02 22:00:00+00:00,965
2026-01-02 22:15:00+00:00,963
2026-01-02 22:30:00+00:00,961
2026-01-02 22:45:00+00:00,960
2026-01-02 23:00:00+00:00,959
2026-01-02 23:15:00+00:00,958
2026-01-02 23:30:00+00:00,958
2026-01-02 23:45:00+00:00,957
2026-01-03 00:00:00+00:00,956
2026-01-03 00:15:00+00:00,956
2026-01-03 00:30:00+00:00,955
2026-01-03 00:45:00+00:00,954
2026-01-03 01:00:00+00:00,953
2026-01-03 01:15:00+00:00,952
2026-01-03 01:30:00+00:00,951
2026-01-03 01:45:00+00:00,950
2026-01-03 02:00:00+00:00,948
2026-01-03 02:15:00+00:00,947
2026-01-03 02:30:00+00:00,945
2026-01-03 02:45:00+00:00,943
2026-01-03 03:00:00+00:00,942
2026-01-03 03:15:00+00:00,939
2026-01-03 03:30:00+00:00,937
2026-01-03 03:45:00+00:00,935
2026-01-03 04:00:00+00:00,933
2026-01-03 04:15:00+00:00,930
2026-01-03 04:30:00+00:00,928
2026-01-03 04:45:00+00:00,925
2026-01-03 05:00:00+00:00,923
2026-01-03 05:15:00+00:00,920
2026-01-03 05:30:00+00:00,917
2026-01-03 05:45:00+00:00,915
2026-01-03 06:00:00+00:00,913
2026-01-03 06:15:00+00:00,910
2026-01-03 06:30:00+00:00,907
2026-01-03 06:45:00+00:00,904
2026-01-03 07:00:00+00:00,901
2026-01-03 07:15:00+00:00,899
2026-01-03 07:30:00+00:00,896
2026-01-03 07:45:00+00:00,894
2026-01-03 08:00:00+00:00,891
2026-01-03 08:15:00+00:00,889
2026-01-03 08:30:00+00:00,888
2026-01-03 08:45:00+00:00,886
2026-01-03 09:00:00+00:00,884
2026-01-03 09:15:00+00:00,883
2026-01-03 09:30:00+00:00,882
2026-01-03 09:45:00+00:00,881
2026-01-03 10:00:00+00:00,880
2026-01-03 10:15:00+00:00,880
2026-01-03 10:30:00+00:00,879
2026-01-03 10:45:00+00:00,879
2026-01-03 11:00:00+00:00,879
2026-01-03 11:15:00+00:00,879
2026-01-03 11:30:00+00:00,880
2026-01-03 11:45:00+00:00,880
2026-01-03 12:00:00+00:00,880
2026-01-03 12:15:00+00:00,881
2026-01-03 12:30:00+00:00,881
2026-01-03 12:45:00+00:00,881
2026-01-03 13:00:00+00:00,881
2026-01-03 13:15:00+00:00,882
2026-01-03 13:30:00+00:00,882
2026-01-03 13:45:00+00:00,881
2026-01-03 14:00:00+00:00,881
2026-01-03 14:15:00+00:00,881
2026-01-03 14:30:00+00:00,880
2026-01-03 14:45:00+00:00,879
2026-01-03 15:00:00+00:00,878
2026-01-03 15:15:00+00:00,877
2026-01-03 15:30:00+00:00,876
2026-01-03 15:45:00+00:00,875
2026-01-03 16:00:00+00:00,873
2026-01-03 16:15:00+00:00,872
2026-01-03 16:30:00+00:00,870
2026-01-03 16:45:00+00:00,869
2026-01-03 17:00:00+00:00,867
2026-01-03 17:15:00+00:00,865
2026-01-03 17:30:00+00:00,864
2026-01-03 17:45:00+00:00,862
2026-01-03 18:00:00+00:00,861
2026-01-03 18:15:00+00:00,860
2026-01-03 18:30:00+00:00,859
2026-01-03 18:45:00+00:00,857
2026-01-03 19:00:00+00:00,856
2026-01-03 19:15:00+00:00,855
2026-01-03 19:30:00+00:00,853
2026-01-03 19:45:00+00:00,852
2026-01-03 20:00:00+00:00,851
2026-01-03 20:15:00+00:00,850
2026-01-03 20:30:00+00:00,848
2026-01-03 20:45:00+00:00,847
2026-01-03 21:00:00+00:00,845
2026-01-03 21:15:00+00:00,843
2026-01-03 21:30:00+00:00,842
2026-01-03 21:45:00+00:00,840
2026-01-03 22:00:00+00:00,839
2026-01-03 22:15:00+00:00,837
2026-01-03 22:30:00+00:00,836
2026-01-03 22:45:00+00:00,835
2026-01-03 23:00:00+00:00,833
2026-01-03 23:15:00+00:00,832
2026-01-03 23:30:00+00:00,831
2026-01-03 23:45:00+00:00,830
2026-01-04 00:00:00+00:00,830
2026-01-04 00:15:00+00:00,829
2026-01-04 00:30:00+00:00,829
2026-01-04 00:45:00+00:00,829
2026-01-04 01:00:00+00:00,829
2026-01-04 01:15:00+00:00,828
2026-01-04 01:30:00+00:00,828
2026-01-04 01:45:00+00:00,828
2026-01-04 02:00:00+00:00,829
2026-01-04 02:15:00+00:00,829
2026-01-04 02:30:00+00:00,829
2026-01-04 02:45:00+00:00,829
2026-01-04 03:00:00+00:00,830
2026-01-04 03:15:00+00:00,830
2026-01-04 03:30:00+00:00,831
2026-01-04 03:45:00+00:00,832
2026-01-04 04:00:00+00:00,832
2026-01-04 04:15:00+00:00,833
2026-01-04 04:30:00+00:00,834
2026-01-04 04:45:00+00:00,835
2026-01-04 05:00:00+00:00,836
2026-01-04 05:15:00+00:00,837
2026-01-04 05:30:00+00:00,838
2026-01-04 05:45:00+00:00,838
2026-01-04 06:00:00+00:00,839
2026-01-04 06:15:00+00:00,840
2026-01-04 06:30:00+00:00,841
2026-01-04 06:45:00+00:00,841
2026-01-04 07:00:00+00:00,843
2026-01-04 07:15:00+00:00,843
2026-01-04 07:30:00+00:00,844
2026-01-04 07:45:00+00:00,845
2026-01-04 08:00:00+00:00,845
2026-01-04 08:15:00+00:00,846
2026-01-04 08:30:00+00:00,847
2026-01-04 08:45:00+00:00,847
2026-01-04 09:00:00+00:00,848
2026-01-04 09:15:00+00:00,848
2026-01-04 09:30:00+00:00,849
2026-01-04 09:45:00+00:00,849
2026-01-04 10:00:00+00:00,850
2026-01-04 10:15:00+00:00,850
2026-01-04 10:30:00+00:00,851
2026-01-04 10:45:00+00:00,851
2026-01-04 11:00:00+00:00,851
2026-01-04 11:15:00+00:00,852
2026-01-04 11:30:00+00:00,852
2026-01-04 11:45:00+00:00,852
2026-01-04 12:00:00+00:00,852
2026-01-04 12:15:00+00:00,852
2026-01-04 12:30:00+00:00,852
2026-01-04 12:45:00+00:00,852
2026-01-04 13:00:00+00:00,851
2026-01-04 13:15:00+00:00,851
2026-01-04 13:30:00+00:00,850
2026-01-04 13:45:00+00:00,849
2026-01-04 14:00:00+00:00,849
2026-01-04 14:15:00+00:00,848
2026-01-04 14:30:00+00:00,848
2026-01-04 14:45:00+00:00,846
2026-01-04 15:00:00+00:00,846
2026-01-04 15:15:00+00:00,845
2026-01-04 15:30:00+00:00,845
2026-01-04 15:45:00+00:00,844
2026-01-04 16:00:00+00:00,844
2026-01-04 16:15:00+00:00,844
2026-01-04 16:30:00+00:00,844
2026-01-04 16:45:00+00:00,844
2026-01-04 17:00:00+00:00,844
2026-01-04 17:15:00+00:00,844
2026-01-04 17:30:00+00:00,844
2026-01-04 17:45:00+00:00,844
2026-01-04 18:00:00+00:00,844
2026-01-04 18:15:00+00:00,844
2026-01-04 18:30:00+00:00,844
2026-01-04 18:45:00+00:00,844
2026-01-04 19:00:00+00:00,844
2026-01-04 19:15:00+00:00,844
2026-01-04 19:30:00+00:00,843
2026-01-04 19:45:00+00:00,843
2026-01-04 20:00:00+00:00,842
2026-01-04 20:15:00+00:00,841
2026-01-04 20:30:00+00:00,840
2026-01-04 20:45:00+00:00,839
2026-01-04 21:00:00+00:00,838
2026-01-04 21:15:00+00:00,836
2026-01-04 21:30:00+00:00,835
2026-01-04 21:45:00+00:00,833
2026-01-04 22:00:00+00:00,832
2026-01-04 22:15:00+00:00,831
2026-01-04 22:30:00+00:00,829
2026-01-04 22:45:00+00:00,828
2026-01-04 23:00:00+00:00,827
2026-01-04 23:15:00+00:00,826
2026-01-04 23:30:00+00:00,825
2026-01-04 23:45:00+00:00,824
2026-01-05 00:00:00+00:00,824
2026-01-05 00:15:00+00:00,824
2026-01-05 00:30:00+00:00,823
2026-01-05 00:45:00+00:00,823
2026-01-05 01:00:00+00:00,823
2026-01-05 01:15:00+00:00,823
2026-01-05 01:30:00+00:00,823
2026-01-05 01:45:00+00:00,823
2026-01-05 02:00:00+00:00,823
2026-01-05 02:15:00+00:00,823
2026-01-05 02:30:00+00:00,823
2026-01-05 02:45:00+00:00,823
2026-01-05 03:00:00+00:00,823
2026-01-05 03:15:00+00:00,823
2026-01-05 03:30:00+00:00,822
2026-01-05 03:45:00+00:00,822
2026-01-05 04:00:00+00:00,821
2026-01-05 04:15:00+00:00,821
2026-01-05 04:30:00+00:00,820
2026-01-05 04:45:00+00:00,819
2026-01-05 05:00:00+00:00,819
2026-01-05 05:15:00+00:00,818
2026-01-05 05:30:00+00:00,817
2026-01-05 05:45:00+00:00,817
2026-01-05 06:00:00+00:00,816
2026-01-05 06:15:00+00:00,815
2026-01-05 06:30:00+00:00,815
2026-01-05 06:45:00+00:00,815
2026-01-05 07:00:00+00:00,815
2026-01-05 07:15:00+00:00,815
2026-01-05 07:30:00+00:00,815
2026-01-05 07:45:00+00:00,815
2026-01-05 08:00:00+00:00,815
2026-01-05 08:15:00+00:00,816
2026-01-05 08:30:00+00:00,817
2026-01-05 08:45:00+00:00,817
2026-01-05 09:00:00+00:00,818
2026-01-05 09:15:00+00:00,818
2026-01-05 09:30:00+00:00,819
2026-01-05 09:45:00+00:00,818
2026-01-05 10:00:00+00:00,819
2026-01-05 10:15:00+00:00,819
2026-01-05 10:30:00+00:00,818
2026-01-05 10:45:00+00:00,818
2026-01-05 11:00:00+00:00,817
2026-01-05 11:15:00+00:00,816
2026-01-05 11:30:00+00:00,815
2026-01-05 11:45:00+00:00,814
2026-01-05 12:00:00+00:00,812
2026-01-05 12:15:00+00:00,811
2026-01-05 12:30:00+00:00,809
2026-01-05 12:45:00+00:00,808
2026-01-05 13:00:00+00:00,806
2026-01-05 13:15:00+00:00,804
2026-01-05 13:30:00+00:00,802
2026-01-05 13:45:00+00:00,800
2026-01-05 14:00:00+00:00,798
2026-01-05 14:15:00+00:00,797
2026-01-05 14:30:00+00:00,796
2026-01-05 14:45:00+00:00,795
2026-01-05 15:00:00+00:00,794
2026-01-05 15:15:00+00:00,793
2026-01-05 15:30:00+00:00,791
2026-01-05 15:45:00+00:00,791
2026-01-05 16:00:00+00:00,790
2026-01-05 16:15:00+00:00,790
2026-01-05 16:30:00+00:00,790
2026-01-05 16:45:00+00:00,790
2026-01-05 17:00:00+00:00,790
2026-01-05 17:15:00+00:00,791
2026-01-05 17:30:00+00:00,791
2026-01-05 17:45:00+00:00,791
2026-01-05 18:00:00+00:00,793
2026-01-05 18:15:00+00:00,793
2026-01-05 18:30:00+00:00,794
2026-01-05 18:45:00+00:00,794
2026-01-05 19:00:00+00:00,794
2026-01-05 19:15:00+00:00,794
2026-01-05 19:30:00+00:00,793
2026-01-05 19:45:00+00:00,793
2026-01-05 20:00:00+00:00,793
2026-01-05 20:15:00+00:00,792
2026-01-05 20:30:00+00:00,791
2026-01-05 20:45:00+00:00,790
2026-01-05 21:00:00+00:00,788
2026-01-05 21:15:00+00:00,786
2026-01-05 21:30:00+00:00,784
2026-01-05 21:45:00+00:00,783
2026-01-05 22:00:00+00:00,781
2026-01-05 22:15:00+00:00,780
2026-01-05 22:30:00+00:00,779
2026-01-05 22:45:00+00:00,778
2026-01-05 23:00:00+00:00,778
2026-01-05 23:15:00+00:00,778
2026-01-05 23:30:00+00:00,778
2026-01-05 23:45:00+00:00,779
2026-01-06 00:00:00+00:00,779
2026-01-06 00:15:00+00:00,779
2026-01-06 00:30:00+00:00,780
2026-01-06 00:45:00+00:00,781
2026-01-06 01:00:00+00:00,781
2026-01-06 01:15:00+00:00,782
2026-01-06 01:30:00+00:00,783
2026-01-06 01:45:00+00:00,784
2026-01-06 02:00:00+00:00,785
2026-01-06 02:15:00+00:00,785
2026-01-06 02:30:00+00:00,785
2026-01-06 02:45:00+00:00,785
2026-01-06 03:00:00+00:00,785
2026-01-06 03:15:00+00:00,786
2026-01-06 03:30:00+00:00,786
2026-01-06 03:45:00+00:00,786
2026-01-06 04:00:00+00:00,786
2026-01-06 04:15:00+00:00,786
2026-01-06 04:30:00+00:00,786
2026-01-06 04:45:00+00:00,785
2026-01-06 05:00:00+00:00,785
2026-01-06 05:15:00+00:00,785
2026-01-06 05:30:00+00:00,784
2026-01-06 05:45:00+00:00,785
2026-01-06 06:00:00+00:00,785
2026-01-06 06:15:00+00:00,785
2026-01-06 06:30:00+00:00,785
2026-01-06 06:45:00+00:00,785
2026-01-06 07:00:00+00:00,785
2026-01-06 07:15:00+00:00,785
2026-01-06 07:30:00+00:00,786
2026-01-06 07:45:00+00:00,786
2026-01-06 08:00:00+00:00,787
2026-01-06 08:15:00+00:00,787
2026-01-06 08:30:00+00:00,788
2026-01-06 08:45:00+00:00,788
2026-01-06 09:00:00+00:00,789
2026-01-06 09:15:00+00:00,790
2026-01-06 09:30:00+00:00,791
2026-01-06 09:45:00+00:00,792
2026-01-06 10:00:00+00:00,793
2026-01-06 10:15:00+00:00,794
2026-01-06 10:30:00+00:00,794
2026-01-06 10:45:00+00:00,795
2026-01-06 11:00:00+00:00,797
2026-01-06 11:15:00+00:00,798
2026-01-06 11:30:00+00:00,799
2026-01-06 11:45:00+00:00,800
2026-01-06 12:00:00+00:00,802
2026-01-06 12:15:00+00:00,803
2026-01-06 12:30:00+00:00,804
2026-01-06 12:45:00+00:00,806
2026-01-06 13:00:00+00:00,807
2026-01-06 13:15:00+00:00,808
2026-01-06 13:30:00+00:00,809
2026-01-06 13:45:00+00:00,810
2026-01-06 14:00:00+00:00,811
2026-01-06 14:15:00+00:00,812
2026-01-06 14:30:00+00:00,813
2026-01-06 14:45:00+00:00,814
2026-01-06 15:00:00+00:00,816
2026-01-06 15:15:00+00:00,817
2026-01-06 15:30:00+00:00,818
2026-01-06 15:45:00+00:00,819
2026-01-06 16:00:00+00:00,820
2026-01-06 16:15:00+00:00,820
2026-01-06 16:30:00+00:00,821
2026-01-06 16:45:00+00:00,822
2026-01-06 17:00:00+00:00,822
2026-01-06 17:15:00+00:00,822
2026-01-06 17:30:00+00:00,822
2026-01-06 17:45:00+00:00,822
2026-01-06 18:00:00+00:00,822
2026-01-06 18:15:00+00:00,822
2026-01-06 18:30:00+00:00,822
2026-01-06 18:45:00+00:00,822
2026-01-06 19:00:00+00:00,822
2026-01-06 19:15:00+00:00,822
2026-01-06 19:30:00+00:00,821
2026-01-06 19:45:00+00:00,821
2026-01-06 20:00:00+00:00,820
2026-01-06 20:15:00+00:00,820
2026-01-06 20:30:00+00:00,819
2026-01-06 20:45:00+00:00,819
2026-01-06 21:00:00+00:00,818
2026-01-06 21:15:00+00:00,818
2026-01-06 21:30:00+00:00,817
2026-01-06 21:45:00+00:00,817
2026-01-06 22:00:00+00:00,817
2026-01-06 22:15:00+00:00,816
2026-01-06 22:30:00+00:00,815
2026-01-06 22:45:00+00:00,815
2026-01-06 23:00:00+00:00,814
2026-01-06 23:15:00+00:00,813
2026-01-06 23:30:00+00:00,812
2026-01-06 23:45:00+00:00,812
2026-01-07 00:00:00+00:00,811
2026-01-07 00:15:00+00:00,811
2026-01-07 00:30:00+00:00,810
2026-01-07 00:45:00+00:00,809
2026-01-07 01:00:00+00:00,808
2026-01-07 01:15:00+00:00,808
2026-01-07 01:30:00+00:00,807
2026-01-07 01:45:00+00:00,807
2026-01-07 02:00:00+00:00,806
2026-01-07 02:15:00+00:00,806
2026-01-07 02:30:00+00:00,806
2026-01-07 02:45:00+00:00,806
2026-01-07 03:00:00+00:00,805
2026-01-07 03:15:00+00:00,806
2026-01-07 03:30:00+00:00,806
2026-01-07 03:45:00+00:00,806
2026-01-07 04:00:00+00:00,806
2026-01-07 04:15:00+00:00,807
2026-01-07 04:30:00+00:00,807
2026-01-07 04:45:00+00:00,808
2026-01-07 05:00:00+00:00,808
2026-01-07 05:15:00+00:00,809
2026-01-07 05:30:00+00:00,810
2026-01-07 05:45:00+00:00,811
2026-01-07 06:00:00+00:00,811
2026-01-07 06:15:00+00:00,812
2026-01-07 06:30:00+00:00,814
2026-01-07 06:45:00+00:00,815
2026-01-07 07:00:00+00:00,816
2026-01-07 07:15:00+00:00,817
2026-01-07 07:30:00+00:00,819
2026-01-07 07:45:00+00:00,820
2026-01-07 08:00:00+00:00,821
2026-01-07 08:15:00+00:00,822
2026-01-07 08:30:00+00:00,823
2026-01-07 08:45:00+00:00,824
2026-01-07 09:00:00+00:00,825
2026-01-07 09:15:00+00:00,826
2026-01-07 09:30:00+00:00,827
2026-01-07 09:45:00+00:00,828
2026-01-07 10:00:00+00:00,829
2026-01-07 10:15:00+00:00,830
2026-01-07 10:30:00+00:00,830
2026-01-07 10:45:00+00:00,831
2026-01-07 11:00:00+00:00,831
2026-01-07 11:15:00+00:00,830
2026-01-07 11:30:00+00:00,830
2026-01-07 11:45:00+00:00,829
2026-01-07 12:00:00+00:00,828
2026-01-07 12:15:00+00:00,827
2026-01-07 12:30:00+00:00,826
2026-01-07 12:45:00+00:00,825
2026-01-07 13:00:00+00:00,823
2026-01-07 13:15:00+00:00,821
2026-01-07 13:30:00+00:00,820
2026-01-07 13:45:00+00:00,819
2026-01-07 14:00:00+00:00,818
2026-01-07 14:15:00+00:00,817
2026-01-07 14:30:00+00:00,815
2026-01-07 14:45:00+00:00,814
2026-01-07 15:00:00+00:00,814
2026-01-07 15:15:00+00:00,815
2026-01-07 15:30:00+00:00,815
2026-01-07 15:45:00+00:00,816
2026-01-07 16:00:00+00:00,817
2026-01-07 16:15:00+00:00,819
2026-01-07 16:30:00+00:00,821
2026-01-07 16:45:00+00:00,823
2026-01-07 17:00:00+00:00,825
2026-01-07 17:15:00+00:00,827
2026-01-07 17:30:00+00:00,830
2026-01-07 17:45:00+00:00,831
2026-01-07 18:00:00+00:00,833
2026-01-07 18:15:00+00:00,835
2026-01-07 18:30:00+00:00,837
2026-01-07 18:45:00+00:00,838
2026-01-07 19:00:00+00:00,839
2026-01-07 19:15:00+00:00,840
2026-01-07 19:30:00+00:00,841
2026-01-07 19:45:00+00:00,841
2026-01-07 20:00:00+00:00,841
2026-01-07 20:15:00+00:00,841
2026-01-07 20:30:00+00:00,841
2026-01-07 20:45:00+00:00,841
2026-01-07 21:00:00+00:00,841
2026-01-07 21:15:00+00:00,841
2026-01-07 21:30:00+00:00,840
2026-01-07 21:45:00+00:00,839
2026-01-07 22:00:00+00:00,838
2026-01-07 22:15:00+00:00,836
2026-01-07 22:30:00+00:00,835
2026-01-07 22:45:00+00:00,834
2026-01-07 23:00:00+00:00,832
2026-01-07 23:15:00+00:00,830
2026-01-07 23:30:00+00:00,829
2026-01-07 23:45:00+00:00,827
2026-01-08 00:00:00+00:00,826
2026-01-08 00:15:00+00:00,824
2026-01-08 00:30:00+00:00,823
2026-01-08 00:45:00+00:00,823
2026-01-08 01:00:00+00:00,822
2026-01-08 01:15:00+00:00,821
2026-01-08 01:30:00+00:00,820
2026-01-08 01:45:00+00:00,819
2026-01-08 02:00:00+00:00,819
2026-01-08 02:15:00+00:00,819
2026-01-08 02:30:00+00:00,819
2026-01-08 02:45:00+00:00,819
2026-01-08 03:00:00+00:00,819
2026-01-08 03:15:00+00:00,820
2026-01-08 03:30:00+00:00,821
2026-01-08 03:45:00+00:00,822
2026-01-08 04:00:00+00:00,824
2026-01-08 04:15:00+00:00,825
2026-01-08 04:30:00+00:00,827
2026-01-08 04:45:00+00:00,829
2026-01-08 05:00:00+00:00,832
2026-01-08 05:15:00+00:00,834
2026-01-08 05:30:00+00:00,837
2026-01-08 05:45:00+00:00,839
2026-01-08 06:00:00+00:00,842
2026-01-08 06:15:00+00:00,844
2026-01-08 06:30:00+00:00,847
2026-01-08 06:45:00+00:00,850
2026-01-08 07:00:00+00:00,853
2026-01-08 07:15:00+00:00,855
2026-01-08 07:30:00+00:00,858
2026-01-08 07:45:00+00:00,860
2026-01-08 08:00:00+00:00,862
2026-01-08 08:15:00+00:00,864
2026-01-08 08:30:00+00:00,866
2026-01-08 08:45:00+00:00,868
2026-01-08 09:00:00+00:00,870
2026-01-08 09:15:00+00:00,871
2026-01-08 09:30:00+00:00,873
2026-01-08 09:45:00+00:00,875
2026-01-08 10:00:00+00:00,876
2026-01-08 10:15:00+00:00,878
2026-01-08 10:30:00+00:00,879
2026-01-08 10:45:00+00:00,880
2026-01-08 11:00:00+00:00,881
2026-01-08 11:15:00+00:00,883
2026-01-08 11:30:00+00:00,884
2026-01-08 11:45:00+00:00,885
2026-01-08 12:00:00+00:00,885
2026-01-08 12:15:00+00:00,885
2026-01-08 12:30:00+00:00,885
2026-01-08 12:45:00+00:00,885
2026-01-08 13:00:00+00:00,885
2026-01-08 13:15:00+00:00,884
2026-01-08 13:30:00+00:00,884
2026-01-08 13:45:00+00:00,882
2026-01-08 14:00:00+00:00,882
2026-01-08 14:15:00+00:00,881
2026-01-08 14:30:00+00:00,880
2026-01-08 14:45:00+00:00,879
2026-01-08 15:00:00+00:00,877
2026-01-08 15:15:00+00:00,876
2026-01-08 15:30:00+00:00,875
2026-01-08 15:45:00+00:00,874
2026-01-08 16:00:00+00:00,874
2026-01-08 16:15:00+00:00,874
2026-01-08 16:30:00+00:00,874
2026-01-08 16:45:00+00:00,874
2026-01-08 17:00:00+00:00,875
2026-01-08 17:15:00+00:00,874
2026-01-08 17:30:00+00:00,873
2026-01-08 17:45:00+00:00,873
2026-01-08 18:00:00+00:00,873
2026-01-08 18:15:00+00:00,873
2026-01-08 18:30:00+00:00,872
2026-01-08 18:45:00+00:00,871
2026-01-08 19:00:00+00:00,871
2026-01-08 19:15:00+00:00,870
2026-01-08 19:30:00+00:00,868
2026-01-08 19:45:00+00:00,868
2026-01-08 20:00:00+00:00,869
2026-01-08 20:15:00+00:00,867
2026-01-08 20:30:00+00:00,865
2026-01-08 20:45:00+00:00,863
2026-01-08 21:00:00+00:00,860
2026-01-08 21:15:00+00:00,858
2026-01-08 21:30:00+00:00,856
2026-01-08 21:45:00+00:00,855
2026-01-08 22:00:00+00:00,854
2026-01-08 22:15:00+00:00,852
2026-01-08 22:30:00+00:00,851
2026-01-08 22:45:00+00:00,850
2026-01-08 23:00:00+00:00,848
2026-01-08 23:15:00+00:00,847
2026-01-08 23:30:00+00:00,846
2026-01-08 23:45:00+00:00,844
2026-01-09 00:00:00+00:00,843
2026-01-09 00:15:00+00:00,842
2026-01-09 00:30:00+00:00,841
2026-01-09 00:45:00+00:00,839
2026-01-09 01:00:00+00:00,838
2026-01-09 01:15:00+00:00,836
2026-01-09 01:30:00+00:00,834
2026-01-09 01:45:00+00:00,833
2026-01-09 02:00:00+00:00,831
2026-01-09 02:15:00+00:00,830
2026-01-09 02:30:00+00:00,829
2026-01-09 02:45:00+00:00,827
2026-01-09 03:00:00+00:00,826
2026-01-09 03:15:00+00:00,824
2026-01-09 03:30:00+00:00,823
2026-01-09 03:45:00+00:00,821
2026-01-09 04:00:00+00:00,820
2026-01-09 04:15:00+00:00,818
2026-01-09 04:30:00+00:00,817
2026-01-09 04:45:00+00:00,816
2026-01-09 05:00:00+00:00,816
2026-01-09 05:15:00+00:00,816
2026-01-09 05:30:00+00:00,815
2026-01-09 05:45:00+00:00,814
2026-01-09 06:00:00+00:00,814
2026-01-09 06:15:00+00:00,813
2026-01-09 06:30:00+00:00,813
2026-01-09 06:45:00+00:00,813
2026-01-09 07:00:00+00:00,813
2026-01-09 07:15:00+00:00,814
2026-01-09 07:30:00+00:00,814
2026-01-09 07:45:00+00:00,815
2026-01-09 08:00:00+00:00,816
2026-01-09 08:15:00+00:00,817
2026-01-09 08:30:00+00:00,819
2026-01-09 08:45:00+00:00,821
2026-01-09 09:00:00+00:00,823
2026-01-09 09:15:00+00:00,824
2026-01-09 09:30:00+00:00,826
2026-01-09 09:45:00+00:00,828
2026-01-09 10:00:00+00:00,830
2026-01-09 10:15:00+00:00,833
2026-01-09 10:30:00+00:00,834
2026-01-09 10:45:00+00:00,837
2026-01-09 11:00:00+00:00,839
2026-01-09 11:15:00+00:00,840
2026-01-09 11:30:00+00:00,842
2026-01-09 11:45:00+00:00,844
2026-01-09 12:00:00+00:00,845
2026-01-09 12:15:00+00:00,847
2026-01-09 12:30:00+00:00,848
2026-01-09 12:45:00+00:00,849
2026-01-09 13:00:00+00:00,850
2026-01-09 13:15:00+00:00,850
2026-01-09 13:30:00+00:00,851
2026-01-09 13:45:00+00:00,851
2026-01-09 14:00:00+00:00,851
2026-01-09 14:15:00+00:00,852
2026-01-09 14:30:00+00:00,852
2026-01-09 14:45:00+00:00,852
2026-01-09 15:00:00+00:00,851
2026-01-09 15:15:00+00:00,851
2026-01-09 15:30:00+00:00,851
2026-01-09 15:45:00+00:00,850
2026-01-09 16:00:00+00:00,849
2026-01-09 16:15:00+00:00,848
2026-01-09 16:30:00+00:00,847
2026-01-09 16:45:00+00:00,846
2026-01-09 17:00:00+00:00,844
2026-01-09 17:15:00+00:00,842
2026-01-09 17:30:00+00:00,839
2026-01-09 17:45:00+00:00,837
2026-01-09 18:00:00+00:00,834
2026-01-09 18:15:00+00:00,832
2026-01-09 18:30:00+00:00,829
2026-01-09 18:45:00+00:00,827
2026-01-09 19:00:00+00:00,824
2026-01-09 19:15:00+00:00,821
2026-01-09 19:30:00+00:00,818
2026-01-09 19:45:00+00:00,815
2026-01-09 20:00:00+00:00,813
2026-01-09 20:15:00+00:00,810
2026-01-09 20:30:00+00:00,808
2026-01-09 20:45:00+00:00,806
2026-01-09 21:00:00+00:00,805
2026-01-09 21:15:00+00:00,803
2026-01-09 21:30:00+00:00,801
2026-01-09 21:45:00+00:00,800
2026-01-09 22:00:00+00:00,799
2026-01-09 22:15:00+00:00,798
2026-01-09 22:30:00+00:00,797
2026-01-09 22:45:00+00:00,798
2026-01-09 23:00:00+00:00,797
2026-01-09 23:15:00+00:00,797
2026-01-09 23:30:00+00:00,797
2026-01-09 23:45:00+00:00,797
2026-01-10 00:00:00+00:00,798
2026-01-10 00:15:00+00:00,798
2026-01-10 00:30:00+00:00,799
2026-01-10 00:45:00+00:00,799
2026-01-10 01:00:00+00:00,800
2026-01-10 01:15:00+00:00,801
2026-01-10 01:30:00+00:00,802
2026-01-10 01:45:00+00:00,803
2026-01-10 02:00:00+00:00,804
2026-01-10 02:15:00+00:00,805
2026-01-10 02:30:00+00:00,806
2026-01-10 02:45:00+00:00,807
2026-01-10 03:00:00+00:00,809
2026-01-10 03:15:00+00:00,810
2026-01-10 03:30:00+00:00,812
2026-01-10 03:45:00+00:00,813
2026-01-10 04:00:00+00:00,815
2026-01-10 04:15:00+00:00,817
2026-01-10 04:30:00+00:00,819
2026-01-10 04:45:00+00:00,821
2026-01-10 05:00:00+00:00,823
2026-01-10 05:15:00+00:00,826
2026-01-10 05:30:00+00:00,828
2026-01-10 05:45:00+00:00,831
2026-01-10 06:00:00+00:00,834
2026-01-10 06:15:00+00:00,836
2026-01-10 06:30:00+00:00,839
2026-01-10 06:45:00+00:00,841
2026-01-10 07:00:00+00:00,844
2026-01-10 07:15:00+00:00,847
2026-01-10 07:30:00+00:00,849
2026-01-10 07:45:00+00:00,851
2026-01-10 08:00:00+00:00,853
2026-01-10 08:15:00+00:00,855
2026-01-10 08:30:00+00:00,857
2026-01-10 08:45:00+00:00,859
2026-01-10 09:00:00+00:00,860
2026-01-10 09:15:00+00:00,862
2026-01-10 09:30:00+00:00,863
2026-01-10 09:45:00+00:00,864
2026-01-10 10:00:00+00:00,864
2026-01-10 10:15:00+00:00,865
2026-01-10 10:30:00+00:00,865
2026-01-10 10:45:00+00:00,865
2026-01-10 11:00:00+00:00,866
2026-01-10 11:15:00+00:00,866
2026-01-10 11:30:00+00:00,866
2026-01-10 11:45:00+00:00,865
2026-01-10 12:00:00+00:00,865
2026-01-10 12:15:00+00:00,864
2026-01-10 12:30:00+00:00,864
2026-01-10 12:45:00+00:00,863
2026-01-10 13:00:00+00:00,862
2026-01-10 13:15:00+00:00,861
2026-01-10 13:30:00+00:00,860
2026-01-10 13:45:00+00:00,859
2026-01-10 14:00:00+00:00,858
2026-01-10 14:15:00+00:00,857
2026-01-10 14:30:00+00:00,856
2026-01-10 14:45:00+00:00,855
2026-01-10 15:00:00+00:00,854
2026-01-10 15:15:00+00:00,854
2026-01-10 15:30:00+00:00,853
2026-01-10 15:45:00+00:00,853
2026-01-10 16:00:00+00:00,852
2026-01-10 16:15:00+00:00,851
2026-01-10 16:30:00+00:00,851
2026-01-10 16:45:00+00:00,850
2026-01-10 17:00:00+00:00,849
2026-01-10 17:15:00+00:00,849
2026-01-10 17:30:00+00:00,849
2026-01-10 17:45:00+00:00,848
2026-01-10 18:00:00+00:00,848
2026-01-10 18:15:00+00:00,849
2026-01-10 18:30:00+00:00,850
2026-01-10 18:45:00+00:00,850
2026-01-10 19:00:00+00:00,850
2026-01-10 19:15:00+00:00,850
2026-01-10 19:30:00+00:00,849
2026-01-10 19:45:00+00:00,849
2026-01-10 20:00:00+00:00,849
2026-01-10 20:15:00+00:00,848
2026-01-10 20:30:00+00:00,847
2026-01-10 20:45:00+00:00,847
2026-01-10 21:00:00+00:00,847
2026-01-10 21:15:00+00:00,847
2026-01-10 21:30:00+00:00,847
2026-01-10 21:45:00+00:00,848
2026-01-10 22:00:00+00:00,849
2026-01-10 22:15:00+00:00,850
2026-01-10 22:30:00+00:00,851
2026-01-10 22:45:00+00:00,853
2026-01-10 23:00:00+00:00,855
2026-01-10 23:15:00+00:00,856
2026-01-10 23:30:00+00:00,858
2026-01-10 23:45:00+00:00,859
2026-01-11 00:00:00+00:00,862
2026-01-11 00:15:00+00:00,863
2026-01-11 00:30:00+00:00,865
2026-01-11 00:45:00+00:00,867
2026-01-11 01:00:00+00:00,869
2026-01-11 01:15:00+00:00,872
2026-01-11 01:30:00+00:00,874
2026-01-11 01:45:00+00:00,876
2026-01-11 02:00:00+00:00,878
2026-01-11 02:15:00+00:00,880
2026-01-11 02:30:00+00:00,879
2026-01-11 02:45:00+00:00,881
2026-01-11 03:00:00+00:00,885
2026-01-11 03:15:00+00:00,889
2026-01-11 03:30:00+00:00,892
2026-01-11 03:45:00+00:00,894
2026-01-11 04:00:00+00:00,896
2026-01-11 04:15:00+00:00,898
2026-01-11 04:30:00+00:00,899
2026-01-11 04:45:00+00:00,901
2026-01-11 05:00:00+00:00,904
2026-01-11 05:15:00+00:00,906
2026-01-11 05:30:00+00:00,907
2026-01-11 05:45:00+00:00,910
2026-01-11 06:00:00+00:00,912
2026-01-11 06:15:00+00:00,915
2026-01-11 06:30:00+00:00,917
2026-01-11 06:45:00+00:00,920
2026-01-11 07:00:00+00:00,921
2026-01-11 07:15:00+00:00,923
2026-01-11 07:30:00+00:00,925
2026-01-11 07:45:00+00:00,927
2026-01-11 08:00:00+00:00,928
2026-01-11 08:15:00+00:00,930
2026-01-11 08:30:00+00:00,932
2026-01-11 08:45:00+00:00,934
2026-01-11 09:00:00+00:00,936
2026-01-11 09:15:00+00:00,938
2026-01-11 09:30:00+00:00,941
2026-01-11 09:45:00+00:00,945
2026-01-11 10:00:00+00:00,947
2026-01-11 10:15:00+00:00,952
2026-01-11 10:30:00+00:00,955
2026-01-11 10:45:00+00:00,959
2026-01-11 11:00:00+00:00,963
2026-01-11 11:15:00+00:00,966
2026-01-11 11:30:00+00:00,969
2026-01-11 11:45:00+00:00,971
2026-01-11 12:00:00+00:00,973
2026-01-11 12:15:00+00:00,974
2026-01-11 12:30:00+00:00,975
2026-01-11 12:45:00+00:00,975
2026-01-11 13:00:00+00:00,975
2026-01-11 13:15:00+00:00,975
2026-01-11 13:30:00+00:00,974
2026-01-11 13:45:00+00:00,973
2026-01-11 14:00:00+00:00,973
2026-01-11 14:15:00+00:00,972
2026-01-11 14:30:00+00:00,972
2026-01-11 14:45:00+00:00,971
2026-01-11 15:00:00+00:00,970
2026-01-11 15:15:00+00:00,970
2026-01-11 15:30:00+00:00,969
2026-01-11 15:45:00+00:00,969
2026-01-11 16:00:00+00:00,968
2026-01-11 16:30:00+00:00,968
2026-01-11 16:45:00+00:00,969
2026-01-11 17:00:00+00:00,968
2026-01-11 17:30:00+00:00,968
2026-01-11 18:15:00+00:00,971
2026-01-11 18:30:00+00:00,971
2026-01-11 18:45:00+00:00,972
2026-01-11 19:00:00+00:00,973
2026-01-11 19:15:00+00:00,974
2026-01-11 19:30:00+00:00,974
2026-01-11 19:45:00+00:00,974
2026-01-11 20:00:00+00:00,973
2026-01-11 20:15:00+00:00,974
2026-01-11 20:30:00+00:00,974
2026-01-11 20:45:00+00:00,975
2026-01-11 21:00:00+00:00,975
2026-01-11 21:15:00+00:00,975
2026-01-11 21:30:00+00:00,976
2026-01-11 21:45:00+00:00,976
2026-01-11 22:00:00+00:00,977
2026-01-11 22:15:00+00:00,977
2026-01-11 22:30:00+00:00,978
2026-01-11 22:45:00+00:00,978
2026-01-11 23:00:00+00:00,981
2026-01-11 23:30:00+00:00,983
2026-01-11 23:45:00+00:00,985
2026-01-12 00:00:00+00:00,987
2026-01-12 00:15:00+00:00,990
2026-01-12 00:30:00+00:00,993
2026-01-12 00:45:00+00:00,997
2026-01-12 01:00:00+00:00,1000
2026-01-12 01:15:00+00:00,1010
2026-01-12 01:30:00+00:00,1010
2026-01-12 01:45:00+00:00,1020
2026-01-12 02:00:00+00:00,1020
2026-01-12 02:15:00+00:00,1030
2026-01-12 02:30:00+00:00,1040
2026-01-12 02:45:00+00:00,1040
2026-01-12 03:00:00+00:00,1040
2026-01-12 03:15:00+00:00,1050
2026-01-12 03:30:00+00:00,1060
2026-01-12 03:45:00+00:00,1060
2026-01-12 04:00:00+00:00,1070
2026-01-12 04:15:00+00:00,1080
2026-01-12 04:30:00+00:00,1080
2026-01-12 04:45:00+00:00,1090
2026-01-12 05:00:00+00:00,1090
2026-01-12 05:15:00+00:00,1100
2026-01-12 05:30:00+00:00,1100
2026-01-12 05:45:00+00:00,1100
2026-01-12 06:00:00+00:00,1100
2026-01-12 06:15:00+00:00,1100
2026-01-12 06:30:00+00:00,1110
2026-01-12 06:45:00+00:00,1110
2026-01-12 07:00:00+00:00,1110
2026-01-12 07:15:00+00:00,1110
2026-01-12 07:30:00+00:00,1110
2026-01-12 07:45:00+00:00,1110
2026-01-12 08:00:00+00:00,1100
2026-01-12 08:15:00+00:00,1100
2026-01-12 08:30:00+00:00,1100
2026-01-12 08:45:00+00:00,1100
2026-01-12 09:00:00+00:00,1100
2026-01-12 09:15:00+00:00,1090
2026-01-12 09:30:00+00:00,1100
2026-01-12 09:45:00+00:00,1100
2026-01-12 10:00:00+00:00,1100
2026-01-12 10:15:00+00:00,1100
2026-01-12 10:30:00+00:00,1090
2026-01-12 10:45:00+00:00,1090
2026-01-12 11:00:00+00:00,1090
2026-01-12 11:15:00+00:00,1090
2026-01-12 11:30:00+00:00,1080
2026-01-12 11:45:00+00:00,1080
2026-01-12 12:00:00+00:00,1080
2026-01-12 12:15:00+00:00,1070
2026-01-12 12:30:00+00:00,1070
2026-01-12 12:45:00+00:00,1060
2026-01-12 13:00:00+00:00,1060
2026-01-12 13:15:00+00:00,1050
2026-01-12 13:30:00+00:00,1050
2026-01-12 13:45:00+00:00,1040
2026-01-12 14:00:00+00:00,1030
2026-01-12 14:15:00+00:00,1030
2026-01-12 14:30:00+00:00,1020
2026-01-12 14:45:00+00:00,1020
2026-01-12 15:00:00+00:00,1020
2026-01-12 15:15:00+00:00,1010
2026-01-12 15:30:00+00:00,1010
2026-01-12 15:45:00+00:00,1010
2026-01-12 16:00:00+00:00,1010
2026-01-12 16:15:00+00:00,1010
2026-01-12 16:30:00+00:00,1020
2026-01-12 16:45:00+00:00,1020
2026-01-12 17:00:00+00:00,1020
2026-01-12 17:15:00+00:00,1020
2026-01-12 17:30:00+00:00,1030
2026-01-12 17:45:00+00:00,1030
2026-01-12 18:00:00+00:00,1040
2026-01-12 18:15:00+00:00,1040
2026-01-12 18:30:00+00:00,1050
2026-01-12 18:45:00+00:00,1060
2026-01-12 19:00:00+00:00,1060
2026-01-12 19:15:00+00:00,1070
2026-01-12 19:30:00+00:00,1070
2026-01-12 19:45:00+00:00,1080
2026-01-12 20:00:00+00:00,1080
2026-01-12 20:15:00+00:00,1090
2026-01-12 20:30:00+00:00,1090
2026-01-12 20:45:00+00:00,1090
2026-01-12 21:00:00+00:00,1090
2026-01-12 21:15:00+00:00,1090
2026-01-12 21:30:00+00:00,1090
2026-01-12 21:45:00+00:00,1090
2026-01-12 22:00:00+00:00,1090
2026-01-12 22:15:00+00:00,1090
2026-01-12 22:30:00+00:00,1080
2026-01-12 22:45:00+00:00,1080
2026-01-12 23:00:00+00:00,1080
2026-01-12 23:15:00+00:00,1070
2026-01-12 23:30:00+00:00,1070
2026-01-12 23:45:00+00:00,1060
2026-01-13 00:00:00+00:00,1060
2026-01-13 00:15:00+00:00,1050
2026-01-13 00:30:00+00:00,1050
2026-01-13 00:45:00+00:00,1040
2026-01-13 01:00:00+00:00,1040
2026-01-13 01:15:00+00:00,1030
2026-01-13 01:30:00+00:00,1030
2026-01-13 01:45:00+00:00,1020
2026-01-13 02:00:00+00:00,1020
2026-01-13 02:15:00+00:00,1010
2026-01-13 02:30:00+00:00,1010
2026-01-13 02:45:00+00:00,1000
2026-01-13 03:00:00+00:00,998
2026-01-13 03:15:00+00:00,995
2026-01-13 03:30:00+00:00,992
2026-01-13 03:45:00+00:00,989
2026-01-13 04:00:00+00:00,986
2026-01-13 04:15:00+00:00,983
2026-01-13 04:30:00+00:00,980
2026-01-13 04:45:00+00:00,977
2026-01-13 05:00:00+00:00,975
2026-01-13 05:15:00+00:00,972
2026-01-13 05:30:00+00:00,969
2026-01-13 05:45:00+00:00,967
2026-01-13 06:00:00+00:00,964
2026-01-13 06:15:00+00:00,961
2026-01-13 06:30:00+00:00,958
2026-01-13 06:45:00+00:00,956
2026-01-13 07:00:00+00:00,954
2026-01-13 07:15:00+00:00,951
2026-01-13 07:30:00+00:00,949
2026-01-13 07:45:00+00:00,947
2026-01-13 08:00:00+00:00,944
2026-01-13 08:15:00+00:00,942
2026-01-13 08:30:00+00:00,939
2026-01-13 08:45:00+00:00,937
2026-01-13 09:00:00+00:00,934
2026-01-13 09:15:00+00:00,931
2026-01-13 09:30:00+00:00,928
2026-01-13 09:45:00+00:00,925
2026-01-13 10:00:00+00:00,921
2026-01-13 10:15:00+00:00,917
2026-01-13 10:30:00+00:00,914
2026-01-13 10:45:00+00:00,909
2026-01-13 11:00:00+00:00,905
2026-01-13 11:15:00+00:00,901
2026-01-13 11:30:00+00:00,897
2026-01-13 11:45:00+00:00,893
2026-01-13 12:00:00+00:00,890
2026-01-13 12:15:00+00:00,888
2026-01-13 12:30:00+00:00,887
2026-01-13 12:45:00+00:00,886
2026-01-13 13:00:00+00:00,886
2026-01-13 13:15:00+00:00,887
2026-01-13 13:30:00+00:00,888
2026-01-13 13:45:00+00:00,890
2026-01-13 14:00:00+00:00,892
2026-01-13 14:15:00+00:00,894
2026-01-13 14:30:00+00:00,897
2026-01-13 14:45:00+00:00,900
2026-01-13 15:00:00+00:00,903
2026-01-13 15:15:00+00:00,908
2026-01-13 15:30:00+00:00,912
2026-01-13 15:45:00+00:00,917
2026-01-13 16:00:00+00:00,922
2026-01-13 16:15:00+00:00,927
2026-01-13 16:30:00+00:00,933
2026-01-13 16:45:00+00:00,937
2026-01-13 17:00:00+00:00,943
2026-01-13 17:15:00+00:00,947
2026-01-13 17:30:00+00:00,952
2026-01-13 17:45:00+00:00,956
2026-01-13 18:00:00+00:00,959
2026-01-13 18:15:00+00:00,963
2026-01-13 18:30:00+00:00,965
2026-01-13 18:45:00+00:00,968
2026-01-13 19:00:00+00:00,970
2026-01-13 19:15:00+00:00,973
2026-01-13 19:30:00+00:00,975
2026-01-13 19:45:00+00:00,977
2026-01-13 20:00:00+00:00,978
2026-01-13 20:15:00+00:00,979
2026-01-13 20:30:00+00:00,980
2026-01-13 20:45:00+00:00,980
2026-01-13 21:00:00+00:00,981
2026-01-13 21:15:00+00:00,983
2026-01-13 21:30:00+00:00,984
2026-01-13 21:45:00+00:00,984
2026-01-13 22:00:00+00:00,986
2026-01-13 22:15:00+00:00,988
2026-01-13 22:30:00+00:00,989
2026-01-13 22:45:00+00:00,991
2026-01-13 23:00:00+00:00,993
2026-01-13 23:15:00+00:00,994
2026-01-13 23:30:00+00:00,996
2026-01-13 23:45:00+00:00,998
2026-01-14 00:00:00+00:00,999
2026-01-14 00:15:00+00:00,1000
2026-01-14 00:30:00+00:00,1000
2026-01-14 00:45:00+00:00,1000
2026-01-14 01:00:00+00:00,1010
2026-01-14 01:15:00+00:00,1010
2026-01-14 01:30:00+00:00,1010
2026-01-14 01:45:00+00:00,1010
2026-01-14 02:00:00+00:00,1010
2026-01-14 02:15:00+00:00,1010
2026-01-14 02:30:00+00:00,1010
2026-01-14 02:45:00+00:00,1010
2026-01-14 03:00:00+00:00,1010
2026-01-14 03:15:00+00:00,1010
2026-01-14 03:30:00+00:00,1020
2026-01-14 03:45:00+00:00,1020
2026-01-14 04:00:00+00:00,1010
2026-01-14 04:15:00+00:00,1010
2026-01-14 04:30:00+00:00,1010
2026-01-14 04:45:00+00:00,1010
2026-01-14 05:00:00+00:00,1010
2026-01-14 05:15:00+00:00,1010
2026-01-14 05:30:00+00:00,1010
2026-01-14 05:45:00+00:00,1010
2026-01-14 06:00:00+00:00,1010
2026-01-14 06:15:00+00:00,1000
2026-01-14 06:30:00+00:00,1000
2026-01-14 06:45:00+00:00,1000
2026-01-14 07:00:00+00:00,1000
2026-01-14 07:15:00+00:00,1000
2026-01-14 07:30:00+00:00,998
2026-01-14 07:45:00+00:00,997
2026-01-14 08:00:00+00:00,995
2026-01-14 08:15:00+00:00,993
2026-01-14 08:30:00+00:00,991
2026-01-14 08:45:00+00:00,988
2026-01-14 09:00:00+00:00,985
2026-01-14 09:15:00+00:00,982
2026-01-14 09:30:00+00:00,979
2026-01-14 09:45:00+00:00,974
2026-01-14 10:00:00+00:00,969
2026-01-14 10:15:00+00:00,963
2026-01-14 10:30:00+00:00,957
2026-01-14 10:45:00+00:00,952
2026-01-14 11:00:00+00:00,946
2026-01-14 11:15:00+00:00,942
2026-01-14 11:30:00+00:00,938
2026-01-14 11:45:00+00:00,936
2026-01-14 12:00:00+00:00,935
2026-01-14 12:15:00+00:00,935
2026-01-14 12:30:00+00:00,936
2026-01-14 12:45:00+00:00,939
2026-01-14 13:00:00+00:00,940
2026-01-14 13:15:00+00:00,944
2026-01-14 13:30:00+00:00,947
2026-01-14 13:45:00+00:00,950
2026-01-14 14:00:00+00:00,954
2026-01-14 14:15:00+00:00,957
2026-01-14 14:30:00+00:00,959
2026-01-14 14:45:00+00:00,961
2026-01-14 15:00:00+00:00,963
2026-01-14 15:15:00+00:00,964
2026-01-14 15:30:00+00:00,965
2026-01-14 15:45:00+00:00,965
2026-01-14 16:00:00+00:00,964
2026-01-14 16:15:00+00:00,964
2026-01-14 16:30:00+00:00,963
2026-01-14 16:45:00+00:00,961
2026-01-14 17:00:00+00:00,959
2026-01-14 17:15:00+00:00,956
2026-01-14 17:30:00+00:00,954
2026-01-14 17:45:00+00:00,951
2026-01-14 18:00:00+00:00,948
2026-01-14 18:15:00+00:00,945
2026-01-14 18:30:00+00:00,942
2026-01-14 18:45:00+00:00,938
2026-01-14 19:00:00+00:00,935
2026-01-14 19:15:00+00:00,931
2026-01-14 19:30:00+00:00,928
2026-01-14 19:45:00+00:00,925
2026-01-14 20:00:00+00:00,921
2026-01-14 20:15:00+00:00,918
2026-01-14 20:30:00+00:00,916
2026-01-14 20:45:00+00:00,914
2026-01-14 21:00:00+00:00,912
2026-01-14 21:15:00+00:00,910
2026-01-14 21:30:00+00:00,909
2026-01-14 21:45:00+00:00,909
2026-01-14 22:00:00+00:00,908
2026-01-14 22:15:00+00:00,909
2026-01-14 22:30:00+00:00,909
2026-01-14 22:45:00+00:00,911
2026-01-14 23:00:00+00:00,912
2026-01-14 23:15:00+00:00,914
2026-01-14 23:30:00+00:00,916
2026-01-14 23:45:00+00:00,918
2026-01-15 00:00:00+00:00,921
2026-01-15 00:15:00+00:00,924
2026-01-15 00:30:00+00:00,926
2026-01-15 00:45:00+00:00,929
2026-01-15 01:00:00+00:00,931
2026-01-15 01:15:00+00:00,934
2026-01-15 01:30:00+00:00,936
2026-01-15 01:45:00+00:00,938
2026-01-15 02:00:00+00:00,939
2026-01-15 02:15:00+00:00,941
2026-01-15 02:30:00+00:00,941
2026-01-15 02:45:00+00:00,941
2026-01-15 03:00:00+00:00,942
2026-01-15 03:15:00+00:00,941
2026-01-15 03:30:00+00:00,941
2026-01-15 03:45:00+00:00,940
2026-01-15 04:00:00+00:00,939
2026-01-15 04:15:00+00:00,938
2026-01-15 04:30:00+00:00,936
2026-01-15 04:45:00+00:00,935
2026-01-15 05:00:00+00:00,933
2026-01-15 05:15:00+00:00,931
2026-01-15 05:30:00+00:00,929
2026-01-15 05:45:00+00:00,927
2026-01-15 06:00:00+00:00,925
2026-01-15 06:15:00+00:00,923
2026-01-15 06:30:00+00:00,921
2026-01-15 06:45:00+00:00,918
2026-01-15 07:00:00+00:00,916
2026-01-15 07:15:00+00:00,913
2026-01-15 07:30:00+00:00,910
2026-01-15 07:45:00+00:00,907
2026-01-15 08:00:00+00:00,904
2026-01-15 08:15:00+00:00,900
2026-01-15 08:30:00+00:00,896
2026-01-15 08:45:00+00:00,891
2026-01-15 09:00:00+00:00,887
2026-01-15 09:15:00+00:00,883
2026-01-15 09:30:00+00:00,879
2026-01-15 09:45:00+00:00,875
2026-01-15 10:00:00+00:00,873
2026-01-15 10:15:00+00:00,871
2026-01-15 10:30:00+00:00,869
2026-01-15 10:45:00+00:00,869
2026-01-15 11:00:00+00:00,869
2026-01-15 11:15:00+00:00,870
2026-01-15 11:30:00+00:00,871
2026-01-15 11:45:00+00:00,873
2026-01-15 12:00:00+00:00,875
2026-01-15 12:15:00+00:00,877
2026-01-15 12:30:00+00:00,879
2026-01-15 12:45:00+00:00,881
2026-01-15 13:00:00+00:00,884
2026-01-15 13:15:00+00:00,886
2026-01-15 13:30:00+00:00,888
2026-01-15 13:45:00+00:00,889
2026-01-15 14:00:00+00:00,890
2026-01-15 14:15:00+00:00,891
2026-01-15 14:30:00+00:00,891
2026-01-15 14:45:00+00:00,891
2026-01-15 15:00:00+00:00,891
2026-01-15 15:15:00+00:00,890
2026-01-15 15:30:00+00:00,889
2026-01-15 15:45:00+00:00,888
2026-01-15 16:00:00+00:00,886
2026-01-15 16:15:00+00:00,884
2026-01-15 16:30:00+00:00,883
2026-01-15 16:45:00+00:00,881
2026-01-15 17:00:00+00:00,879
2026-01-15 17:15:00+00:00,877
2026-01-15 17:30:00+00:00,876
2026-01-15 17:45:00+00:00,875
2026-01-15 18:00:00+00:00,874
2026-01-15 18:15:00+00:00,874
2026-01-15 18:30:00+00:00,874
2026-01-15 18:45:00+00:00,873
2026-01-15 19:00:00+00:00,874
2026-01-15 19:15:00+00:00,874
2026-01-15 19:30:00+00:00,875
2026-01-15 19:45:00+00:00,875
2026-01-15 20:00:00+00:00,876
2026-01-15 20:15:00+00:00,877
2026-01-15 20:30:00+00:00,878
2026-01-15 20:45:00+00:00,879
2026-01-15 21:00:00+00:00,881
2026-01-15 21:15:00+00:00,883
2026-01-15 21:30:00+00:00,885
2026-01-15 21:45:00+00:00,887
2026-01-15 22:00:00+00:00,889
2026-01-15 22:15:00+00:00,892
2026-01-15 22:30:00+00:00,894
2026-01-15 22:45:00+00:00,897
2026-01-15 23:00:00+00:00,900
2026-01-15 23:15:00+00:00,903
2026-01-15 23:30:00+00:00,905
2026-01-15 23:45:00+00:00,908
2026-01-16 00:00:00+00:00,910
2026-01-16 00:15:00+00:00,913
2026-01-16 00:30:00+00:00,916
2026-01-16 00:45:00+00:00,918
2026-01-16 01:00:00+00:00,920
2026-01-16 01:15:00+00:00,922
2026-01-16 01:30:00+00:00,923
2026-01-16 01:45:00+00:00,924
2026-01-16 02:00:00+00:00,925
2026-01-16 02:15:00+00:00,925
2026-01-16 02:30:00+00:00,925
2026-01-16 02:45:00+00:00,926
2026-01-16 03:00:00+00:00,925
2026-01-16 03:15:00+00:00,926
2026-01-16 03:30:00+00:00,926
2026-01-16 03:45:00+00:00,926
2026-01-16 04:00:00+00:00,926
2026-01-16 04:15:00+00:00,926
2026-01-16 04:30:00+00:00,927
2026-01-16 04:45:00+00:00,927
2026-01-16 05:00:00+00:00,928
2026-01-16 05:15:00+00:00,928
2026-01-16 05:30:00+00:00,929
2026-01-16 05:45:00+00:00,929
2026-01-16 06:00:00+00:00,929
2026-01-16 06:15:00+00:00,929
2026-01-16 06:30:00+00:00,928
2026-01-16 06:45:00+00:00,927
2026-01-16 07:00:00+00:00,925
2026-01-16 07:15:00+00:00,922
2026-01-16 07:30:00+00:00,919
2026-01-16 07:45:00+00:00,915
2026-01-16 08:00:00+00:00,910
2026-01-16 08:15:00+00:00,906
2026-01-16 08:30:00+00:00,900
2026-01-16 08:45:00+00:00,895
2026-01-16 09:00:00+00:00,889
2026-01-16 09:15:00+00:00,883
2026-01-16 09:30:00+00:00,878
2026-01-16 09:45:00+00:00,873
2026-01-16 10:00:00+00:00,868
2026-01-16 10:15:00+00:00,866
2026-01-16 10:30:00+00:00,863
2026-01-16 10:45:00+00:00,862
2026-01-16 11:00:00+00:00,860
2026-01-16 11:15:00+00:00,860
2026-01-16 11:30:00+00:00,859
2026-01-16 11:45:00+00:00,859
2026-01-16 12:00:00+00:00,860
2026-01-16 12:15:00+00:00,860
2026-01-16 12:30:00+00:00,862
2026-01-16 12:45:00+00:00,861
2026-01-16 13:00:00+00:00,862
2026-01-16 13:15:00+00:00,863
2026-01-16 13:30:00+00:00,862
2026-01-16 13:45:00+00:00,862
2026-01-16 14:00:00+00:00,862
2026-01-16 14:15:00+00:00,861
2026-01-16 14:30:00+00:00,860
2026-01-16 14:45:00+00:00,859
2026-01-16 15:00:00+00:00,858
2026-01-16 15:15:00+00:00,856
2026-01-16 15:30:00+00:00,855
2026-01-16 15:45:00+00:00,853
2026-01-16 16:00:00+00:00,852
2026-01-16 16:15:00+00:00,850
2026-01-16 16:30:00+00:00,849
2026-01-16 16:45:00+00:00,848
2026-01-16 17:00:00+00:00,846
2026-01-16 17:15:00+00:00,846
2026-01-16 17:30:00+00:00,845
2026-01-16 17:45:00+00:00,845
2026-01-16 18:00:00+00:00,845
2026-01-16 18:15:00+00:00,846
2026-01-16 18:30:00+00:00,847
2026-01-16 18:45:00+00:00,848
2026-01-16 19:00:00+00:00,850
2026-01-16 19:15:00+00:00,853
2026-01-16 19:30:00+00:00,855
2026-01-16 19:45:00+00:00,858
2026-01-16 20:00:00+00:00,861
2026-01-16 20:15:00+00:00,864
2026-01-16 20:30:00+00:00,866
2026-01-16 20:45:00+00:00,869
2026-01-16 21:00:00+00:00,872
2026-01-16 21:15:00+00:00,874
2026-01-16 21:30:00+00:00,877
2026-01-16 21:45:00+00:00,880
2026-01-16 22:00:00+00:00,882
2026-01-16 22:15:00+00:00,885
2026-01-16 22:30:00+00:00,888
2026-01-16 22:45:00+00:00,890
2026-01-16 23:00:00+00:00,893
2026-01-16 23:15:00+00:00,895
2026-01-16 23:30:00+00:00,897
2026-01-16 23:45:00+00:00,899
2026-01-17 00:00:00+00:00,901
2026-01-17 00:15:00+00:00,903
2026-01-17 00:30:00+00:00,905
2026-01-17 00:45:00+00:00,907
2026-01-17 01:00:00+00:00,908
2026-01-17 01:15:00+00:00,909
2026-01-17 01:30:00+00:00,910
2026-01-17 01:45:00+00:00,911
2026-01-17 02:00:00+00:00,911
2026-01-17 02:15:00+00:00,911
2026-01-17 02:30:00+00:00,911
2026-01-17 02:45:00+00:00,911
2026-01-17 03:00:00+00:00,911
2026-01-17 03:15:00+00:00,911
2026-01-17 03:30:00+00:00,911
2026-01-17 03:45:00+00:00,911
2026-01-17 04:00:00+00:00,912
2026-01-17 04:15:00+00:00,912
2026-01-17 04:30:00+00:00,914
2026-01-17 04:45:00+00:00,914
2026-01-17 05:00:00+00:00,915
2026-01-17 05:15:00+00:00,917
2026-01-17 05:30:00+00:00,918
2026-01-17 05:45:00+00:00,920
2026-01-17 06:00:00+00:00,921
2026-01-17 06:15:00+00:00,921
2026-01-17 06:30:00+00:00,922
2026-01-17 06:45:00+00:00,922
2026-01-17 07:00:00+00:00,922
2026-01-17 07:15:00+00:00,921
2026-01-17 07:30:00+00:00,919
2026-01-17 07:45:00+00:00,916
2026-01-17 08:00:00+00:00,913
2026-01-17 08:15:00+00:00,910
2026-01-17 08:30:00+00:00,906
2026-01-17 08:45:00+00:00,902
2026-01-17 09:00:00+00:00,897
2026-01-17 09:15:00+00:00,892
2026-01-17 09:30:00+00:00,887
2026-01-17 09:45:00+00:00,881
2026-01-17 10:00:00+00:00,874
2026-01-17 10:15:00+00:00,868
2026-01-17 10:30:00+00:00,863
2026-01-17 10:45:00+00:00,858
2026-01-17 11:00:00+00:00,854
2026-01-17 11:15:00+00:00,851
2026-01-17 11:30:00+00:00,849
2026-01-17 11:45:00+00:00,847
2026-01-17 12:00:00+00:00,847
2026-01-17 12:15:00+00:00,846
2026-01-17 12:30:00+00:00,847
2026-01-17 12:45:00+00:00,847
2026-01-17 13:00:00+00:00,847
2026-01-17 13:15:00+00:00,848
2026-01-17 13:30:00+00:00,849
2026-01-17 13:45:00+00:00,849
2026-01-17 14:00:00+00:00,850
2026-01-17 14:15:00+00:00,851
2026-01-17 14:30:00+00:00,852
2026-01-17 14:45:00+00:00,853
2026-01-17 15:00:00+00:00,853
2026-01-17 15:15:00+00:00,853
2026-01-17 15:30:00+00:00,853
2026-01-17 15:45:00+00:00,854
2026-01-17 16:00:00+00:00,854
2026-01-17 16:15:00+00:00,854
2026-01-17 16:30:00+00:00,853
2026-01-17 16:45:00+00:00,853
2026-01-17 17:00:00+00:00,852
2026-01-17 17:15:00+00:00,851
2026-01-17 17:30:00+00:00,850
2026-01-17 17:45:00+00:00,850
2026-01-17 18:00:00+00:00,850
2026-01-17 18:15:00+00:00,850
2026-01-17 18:30:00+00:00,850
2026-01-17 18:45:00+00:00,851
2026-01-17 19:00:00+00:00,851
2026-01-17 19:15:00+00:00,853
2026-01-17 19:30:00+00:00,854
2026-01-17 19:45:00+00:00,856
2026-01-17 20:00:00+00:00,859
2026-01-17 20:15:00+00:00,862
2026-01-17 20:30:00+00:00,865
2026-01-17 20:45:00+00:00,868
2026-01-17 21:00:00+00:00,872
2026-01-17 21:15:00+00:00,876
2026-01-17 21:30:00+00:00,880
2026-01-17 21:45:00+00:00,884
2026-01-17 22:00:00+00:00,888
2026-01-17 22:15:00+00:00,893
2026-01-17 22:30:00+00:00,898
2026-01-17 22:45:00+00:00,903
2026-01-17 23:00:00+00:00,908
2026-01-17 23:15:00+00:00,914
2026-01-17 23:30:00+00:00,919
2026-01-17 23:45:00+00:00,925
2026-01-18 00:00:00+00:00,930
2026-01-18 00:15:00+00:00,936
2026-01-18 00:30:00+00:00,941
2026-01-18 00:45:00+00:00,946
2026-01-18 01:00:00+00:00,950
2026-01-18 01:15:00+00:00,954
2026-01-18 01:30:00+00:00,958
2026-01-18 01:45:00+00:00,959
2026-01-18 02:00:00+00:00,961
2026-01-18 02:15:00+00:00,963
2026-01-18 02:30:00+00:00,963
2026-01-18 02:45:00+00:00,963
2026-01-18 03:00:00+00:00,962
2026-01-18 03:15:00+00:00,961
2026-01-18 03:30:00+00:00,960
2026-01-18 03:45:00+00:00,958
2026-01-18 04:00:00+00:00,957
2026-01-18 04:15:00+00:00,955
2026-01-18 04:30:00+00:00,953
2026-01-18 04:45:00+00:00,952
2026-01-18 05:00:00+00:00,951
2026-01-18 05:15:00+00:00,950
2026-01-18 05:30:00+00:00,950
2026-01-18 05:45:00+00:00,949
2026-01-18 06:00:00+00:00,949
2026-01-18 06:15:00+00:00,949
2026-01-18 06:30:00+00:00,949
2026-01-18 06:45:00+00:00,949
2026-01-18 07:00:00+00:00,948
2026-01-18 07:15:00+00:00,948
2026-01-18 07:30:00+00:00,947
2026-01-18 07:45:00+00:00,945
2026-01-18 08:00:00+00:00,943
2026-01-18 08:15:00+00:00,941
2026-01-18 08:30:00+00:00,938
2026-01-18 08:45:00+00:00,934
2026-01-18 09:00:00+00:00,931
2026-01-18 09:15:00+00:00,927
2026-01-18 09:30:00+00:00,922
2026-01-18 09:45:00+00:00,918
2026-01-18 10:00:00+00:00,912
2026-01-18 10:15:00+00:00,908
2026-01-18 10:30:00+00:00,904
2026-01-18 10:45:00+00:00,901
2026-01-18 11:00:00+00:00,898
2026-01-18 11:15:00+00:00,897
2026-01-18 11:30:00+00:00,896
2026-01-18 11:45:00+00:00,896
2026-01-18 12:00:00+00:00,897
2026-01-18 12:15:00+00:00,898
2026-01-18 12:30:00+00:00,899
2026-01-18 12:45:00+00:00,900
2026-01-18 13:00:00+00:00,901
2026-01-18 13:15:00+00:00,902
2026-01-18 13:30:00+00:00,904
2026-01-18 13:45:00+00:00,905
2026-01-18 14:00:00+00:00,906
2026-01-18 14:15:00+00:00,907
2026-01-18 14:30:00+00:00,908
2026-01-18 14:45:00+00:00,908
2026-01-18 15:00:00+00:00,909
2026-01-18 15:15:00+00:00,908
2026-01-18 15:30:00+00:00,908
2026-01-18 15:45:00+00:00,907
2026-01-18 16:00:00+00:00,906
2026-01-18 16:15:00+00:00,905
2026-01-18 16:30:00+00:00,904
2026-01-18 16:45:00+00:00,902
2026-01-18 17:00:00+00:00,900
2026-01-18 17:15:00+00:00,898
2026-01-18 17:30:00+00:00,896
2026-01-18 17:45:00+00:00,894
2026-01-18 18:00:00+00:00,892
2026-01-18 18:15:00+00:00,890
2026-01-18 18:30:00+00:00,889
2026-01-18 18:45:00+00:00,887
2026-01-18 19:00:00+00:00,886
2026-01-18 19:15:00+00:00,886
2026-01-18 19:30:00+00:00,886
2026-01-18 19:45:00+00:00,886
2026-01-18 20:00:00+00:00,886
2026-01-18 20:15:00+00:00,886
2026-01-18 20:30:00+00:00,875
2026-01-18 21:15:00+00:00,886
2026-01-18 21:30:00+00:00,893
2026-01-18 21:45:00+00:00,894
2026-01-18 22:00:00+00:00,898
2026-01-18 22:15:00+00:00,901
2026-01-18 22:30:00+00:00,906
2026-01-18 22:45:00+00:00,912
2026-01-18 23:00:00+00:00,918
2026-01-18 23:15:00+00:00,923
2026-01-18 23:30:00+00:00,927
2026-01-18 23:45:00+00:00,930
2026-01-19 00:00:00+00:00,934
2026-01-19 00:15:00+00:00,937
2026-01-19 00:30:00+00:00,940
2026-01-19 00:45:00+00:00,944
2026-01-19 01:00:00+00:00,948
2026-01-19 01:15:00+00:00,952
2026-01-19 01:30:00+00:00,956
2026-01-19 01:45:00+00:00,960
2026-01-19 02:00:00+00:00,964
2026-01-19 02:15:00+00:00,968
2026-01-19 02:30:00+00:00,971
2026-01-19 02:45:00+00:00,973
2026-01-19 03:00:00+00:00,976
2026-01-19 03:15:00+00:00,979
2026-01-19 03:30:00+00:00,982
2026-01-19 03:45:00+00:00,984
2026-01-19 04:00:00+00:00,986
2026-01-19 04:15:00+00:00,988
2026-01-19 04:30:00+00:00,989
2026-01-19 04:45:00+00:00,990
2026-01-19 05:00:00+00:00,991
2026-01-19 05:15:00+00:00,991
2026-01-19 05:30:00+00:00,990
2026-01-19 05:45:00+00:00,992
2026-01-19 06:15:00+00:00,992
2026-01-19 06:30:00+00:00,992
2026-01-19 06:45:00+00:00,992
2026-01-19 07:00:00+00:00,993
2026-01-19 07:15:00+00:00,993
2026-01-19 07:30:00+00:00,995
2026-01-19 07:45:00+00:00,996
2026-01-19 08:00:00+00:00,998
2026-01-19 08:15:00+00:00,999
2026-01-19 08:30:00+00:00,1000
2026-01-19 08:45:00+00:00,1000
2026-01-19 09:00:00+00:00,1000
2026-01-19 09:15:00+00:00,1010
2026-01-19 09:30:00+00:00,1010
2026-01-19 09:45:00+00:00,1010
2026-01-19 10:00:00+00:00,1010
2026-01-19 10:15:00+00:00,1010
2026-01-19 10:30:00+00:00,1010
2026-01-19 11:00:00+00:00,1010
2026-01-19 11:15:00+00:00,1000
2026-01-19 11:30:00+00:00,1000
2026-01-19 11:45:00+00:00,998
2026-01-19 12:00:00+00:00,995
2026-01-19 12:15:00+00:00,990
2026-01-19 12:30:00+00:00,980
2026-01-19 12:45:00+00:00,983
2026-01-19 13:00:00+00:00,980
2026-01-19 13:15:00+00:00,978
2026-01-19 13:30:00+00:00,975
2026-01-19 13:45:00+00:00,974
2026-01-19 14:00:00+00:00,973
2026-01-19 14:15:00+00:00,972
2026-01-19 14:30:00+00:00,973
2026-01-19 14:45:00+00:00,974
2026-01-19 15:00:00+00:00,975
2026-01-19 15:15:00+00:00,976
2026-01-19 15:30:00+00:00,978
2026-01-19 15:45:00+00:00,979
2026-01-19 16:00:00+00:00,981
2026-01-19 16:15:00+00:00,983
2026-01-19 16:30:00+00:00,984
2026-01-19 16:45:00+00:00,985
2026-01-19 17:00:00+00:00,985
2026-01-19 17:15:00+00:00,985
2026-01-19 17:30:00+00:00,984
2026-01-19 17:45:00+00:00,984
2026-01-19 18:00:00+00:00,982
2026-01-19 18:15:00+00:00,981
2026-01-19 18:30:00+00:00,978
2026-01-19 18:45:00+00:00,976
2026-01-19 19:00:00+00:00,974
2026-01-19 19:15:00+00:00,971
2026-01-19 19:30:00+00:00,968
2026-01-19 19:45:00+00:00,965
2026-01-19 20:00:00+00:00,962
2026-01-19 20:15:00+00:00,959
2026-01-19 20:30:00+00:00,955
2026-01-19 20:45:00+00:00,952
2026-01-19 21:00:00+00:00,949
2026-01-19 21:15:00+00:00,946
2026-01-19 21:30:00+00:00,944
2026-01-19 21:45:00+00:00,942
2026-01-19 22:00:00+00:00,941
2026-01-19 22:15:00+00:00,941
2026-01-19 22:30:00+00:00,941
2026-01-19 22:45:00+00:00,942
2026-01-19 23:00:00+00:00,943
2026-01-19 23:15:00+00:00,945
2026-01-19 23:30:00+00:00,947
2026-01-19 23:45:00+00:00,950
2026-01-20 00:00:00+00:00,952
2026-01-20 00:15:00+00:00,955
2026-01-20 00:30:00+00:00,958
2026-01-20 00:45:00+00:00,961
2026-01-20 01:00:00+00:00,964
2026-01-20 01:15:00+00:00,967
2026-01-20 01:30:00+00:00,969
2026-01-20 01:45:00+00:00,972
2026-01-20 02:00:00+00:00,973
2026-01-20 02:15:00+00:00,975
2026-01-20 02:30:00+00:00,976
2026-01-20 02:45:00+00:00,977
2026-01-20 03:00:00+00:00,978
2026-01-20 03:15:00+00:00,978
2026-01-20 03:30:00+00:00,977
2026-01-20 03:45:00+00:00,977
2026-01-20 04:00:00+00:00,976
2026-01-20 04:15:00+00:00,975
2026-01-20 04:30:00+00:00,974
2026-01-20 04:45:00+00:00,973
2026-01-20 05:00:00+00:00,972
2026-01-20 05:15:00+00:00,970
2026-01-20 05:30:00+00:00,968
2026-01-20 05:45:00+00:00,966
2026-01-20 06:00:00+00:00,965
2026-01-20 06:15:00+00:00,964
2026-01-20 06:30:00+00:00,963
2026-01-20 06:45:00+00:00,962
2026-01-20 07:00:00+00:00,961
2026-01-20 07:15:00+00:00,960
2026-01-20 07:30:00+00:00,960
2026-01-20 07:45:00+00:00,959
2026-01-20 08:00:00+00:00,959
2026-01-20 08:15:00+00:00,959
2026-01-20 08:30:00+00:00,959
2026-01-20 08:45:00+00:00,959
2026-01-20 09:00:00+00:00,958
2026-01-20 09:15:00+00:00,958
2026-01-20 09:30:00+00:00,957
2026-01-20 09:45:00+00:00,957
2026-01-20 10:00:00+00:00,955
2026-01-20 10:15:00+00:00,954
2026-01-20 10:30:00+00:00,953
2026-01-20 10:45:00+00:00,951
2026-01-20 11:00:00+00:00,950
2026-01-20 11:15:00+00:00,948
2026-01-20 11:30:00+00:00,947
2026-01-20 11:45:00+00:00,947
2026-01-20 12:00:00+00:00,947
2026-01-20 12:15:00+00:00,947
2026-01-20 12:30:00+00:00,947
2026-01-20 12:45:00+00:00,947
2026-01-20 13:00:00+00:00,948
2026-01-20 13:15:00+00:00,949
2026-01-20 13:30:00+00:00,949
2026-01-20 13:45:00+00:00,950
2026-01-20 14:00:00+00:00,951
2026-01-20 14:15:00+00:00,952
2026-01-20 14:30:00+00:00,952
2026-01-20 14:45:00+00:00,952
2026-01-20 15:00:00+00:00,952
2026-01-20 15:15:00+00:00,951
2026-01-20 15:30:00+00:00,950
2026-01-20 15:45:00+00:00,948
2026-01-20 16:00:00+00:00,947
2026-01-20 16:15:00+00:00,945
2026-01-20 16:30:00+00:00,942
2026-01-20 16:45:00+00:00,939
2026-01-20 17:00:00+00:00,936
2026-01-20 17:15:00+00:00,933
2026-01-20 17:30:00+00:00,930
2026-01-20 17:45:00+00:00,926
2026-01-20 18:00:00+00:00,924
2026-01-20 18:15:00+00:00,921
2026-01-20 18:30:00+00:00,917
2026-01-20 18:45:00+00:00,914
2026-01-20 19:00:00+00:00,911
2026-01-20 19:15:00+00:00,908
2026-01-20 19:30:00+00:00,906
2026-01-20 19:45:00+00:00,903
2026-01-20 20:00:00+00:00,902
2026-01-20 20:15:00+00:00,900
2026-01-20 20:30:00+00:00,898
2026-01-20 20:45:00+00:00,897
2026-01-20 21:00:00+00:00,896
2026-01-20 21:15:00+00:00,896
2026-01-20 21:30:00+00:00,895
2026-01-20 21:45:00+00:00,895
2026-01-20 22:00:00+00:00,895
2026-01-20 22:15:00+00:00,896
2026-01-20 22:30:00+00:00,897
2026-01-20 22:45:00+00:00,898
2026-01-20 23:00:00+00:00,900
2026-01-20 23:15:00+00:00,901
2026-01-20 23:30:00+00:00,904
2026-01-20 23:45:00+00:00,906
2026-01-21 00:00:00+00:00,909
2026-01-21 00:15:00+00:00,912
2026-01-21 00:30:00+00:00,915
2026-01-21 00:45:00+00:00,918
2026-01-21 01:00:00+00:00,921
2026-01-21 01:15:00+00:00,924
2026-01-21 01:30:00+00:00,926
2026-01-21 01:45:00+00:00,929
2026-01-21 02:00:00+00:00,932
2026-01-21 02:15:00+00:00,933
2026-01-21 02:30:00+00:00,935
2026-01-21 02:45:00+00:00,937
2026-01-21 03:00:00+00:00,938
2026-01-21 03:15:00+00:00,939
2026-01-21 03:30:00+00:00,940
2026-01-21 03:45:00+00:00,941
2026-01-21 04:00:00+00:00,942
2026-01-21 04:15:00+00:00,944
2026-01-21 04:30:00+00:00,946
2026-01-21 04:45:00+00:00,948
2026-01-21 05:00:00+00:00,949
2026-01-21 05:15:00+00:00,951
2026-01-21 05:30:00+00:00,953
2026-01-21 05:45:00+00:00,955
2026-01-21 06:00:00+00:00,958
2026-01-21 06:15:00+00:00,960
2026-01-21 06:30:00+00:00,962
2026-01-21 06:45:00+00:00,965
2026-01-21 07:00:00+00:00,967
2026-01-21 07:15:00+00:00,970
2026-01-21 07:30:00+00:00,972
2026-01-21 07:45:00+00:00,974
2026-01-21 08:00:00+00:00,976
2026-01-21 08:15:00+00:00,978
2026-01-21 08:30:00+00:00,979
2026-01-21 08:45:00+00:00,981
2026-01-21 09:00:00+00:00,981
2026-01-21 09:15:00+00:00,982
2026-01-21 09:30:00+00:00,982
2026-01-21 09:45:00+00:00,981
2026-01-21 10:00:00+00:00,980
2026-01-21 10:15:00+00:00,978
2026-01-21 10:30:00+00:00,975
2026-01-21 10:45:00+00:00,972
2026-01-21 11:00:00+00:00,969
2026-01-21 11:15:00+00:00,965
2026-01-21 11:30:00+00:00,962
2026-01-21 11:45:00+00:00,958
2026-01-21 12:00:00+00:00,956
2026-01-21 12:15:00+00:00,953
2026-01-21 12:30:00+00:00,951
2026-01-21 12:45:00+00:00,949
2026-01-21 13:00:00+00:00,948
2026-01-21 13:15:00+00:00,948
2026-01-21 13:30:00+00:00,948
2026-01-21 13:45:00+00:00,948
2026-01-21 14:00:00+00:00,948
2026-01-21 14:15:00+00:00,949
2026-01-21 14:30:00+00:00,950
2026-01-21 14:45:00+00:00,952
2026-01-21 15:00:00+00:00,953
2026-01-21 15:15:00+00:00,954
2026-01-21 15:30:00+00:00,955
2026-01-21 15:45:00+00:00,957
2026-01-21 16:00:00+00:00,958
2026-01-21 16:15:00+00:00,958
2026-01-21 16:30:00+00:00,958
2026-01-21 16:45:00+00:00,958
2026-01-21 17:00:00+00:00,956
2026-01-21 17:15:00+00:00,955
2026-01-21 17:30:00+00:00,954
2026-01-21 17:45:00+00:00,953
2026-01-21 18:00:00+00:00,952
2026-01-21 18:15:00+00:00,950
2026-01-21 18:30:00+00:00,947
2026-01-21 18:45:00+00:00,945
2026-01-21 19:00:00+00:00,944
2026-01-21 19:15:00+00:00,943
2026-01-21 19:30:00+00:00,940
2026-01-21 19:45:00+00:00,938
2026-01-21 20:00:00+00:00,936
2026-01-21 20:15:00+00:00,934
2026-01-21 20:30:00+00:00,931
2026-01-21 20:45:00+00:00,928
2026-01-21 21:00:00+00:00,927
2026-01-21 21:15:00+00:00,924
2026-01-21 21:30:00+00:00,921
2026-01-21 21:45:00+00:00,919
2026-01-21 22:00:00+00:00,917
2026-01-21 22:15:00+00:00,916
2026-01-21 22:30:00+00:00,915
2026-01-21 22:45:00+00:00,915
2026-01-21 23:00:00+00:00,915
2026-01-21 23:15:00+00:00,917
2026-01-21 23:30:00+00:00,919
2026-01-21 23:45:00+00:00,923
2026-01-22 00:00:00+00:00,928
2026-01-22 00:15:00+00:00,933
2026-01-22 00:30:00+00:00,938
2026-01-22 00:45:00+00:00,943
2026-01-22 01:00:00+00:00,950
2026-01-22 01:15:00+00:00,956
2026-01-22 01:30:00+00:00,963
2026-01-22 01:45:00+00:00,970
2026-01-22 02:00:00+00:00,978
2026-01-22 02:15:00+00:00,985
2026-01-22 02:30:00+00:00,993
2026-01-22 02:45:00+00:00,1000
2026-01-22 03:00:00+00:00,1010
2026-01-22 03:15:00+00:00,1010
2026-01-22 03:30:00+00:00,1020
2026-01-22 03:45:00+00:00,1020
2026-01-22 04:00:00+00:00,1020
2026-01-22 04:15:00+00:00,1030
2026-01-22 04:30:00+00:00,1030
2026-01-22 04:45:00+00:00,1020
2026-01-22 05:00:00+00:00,1030
2026-01-22 05:15:00+00:00,1030
2026-01-22 05:30:00+00:00,1030
2026-01-22 05:45:00+00:00,1030
2026-01-22 06:00:00+00:00,1030
2026-01-22 06:15:00+00:00,1030
2026-01-22 06:30:00+00:00,1030
2026-01-22 06:45:00+00:00,1020
2026-01-22 07:00:00+00:00,1020
2026-01-22 07:15:00+00:00,1020
2026-01-22 07:30:00+00:00,1020
2026-01-22 07:45:00+00:00,1020
2026-01-22 08:00:00+00:00,1020
2026-01-22 08:15:00+00:00,1010
2026-01-22 08:30:00+00:00,1010
2026-01-22 08:45:00+00:00,1000
2026-01-22 09:00:00+00:00,1000
2026-01-22 09:15:00+00:00,998
2026-01-22 09:30:00+00:00,994
2026-01-22 09:45:00+00:00,989
2026-01-22 10:00:00+00:00,983
2026-01-22 10:15:00+00:00,978
2026-01-22 10:30:00+00:00,972
2026-01-22 10:45:00+00:00,966
2026-01-22 11:00:00+00:00,959
2026-01-22 11:15:00+00:00,951
2026-01-22 11:30:00+00:00,943
2026-01-22 11:45:00+00:00,937
2026-01-22 12:00:00+00:00,930
2026-01-22 12:15:00+00:00,923
2026-01-22 12:30:00+00:00,918
2026-01-22 12:45:00+00:00,914
2026-01-22 13:00:00+00:00,912
2026-01-22 13:15:00+00:00,910
2026-01-22 13:30:00+00:00,909
2026-01-22 13:45:00+00:00,909
2026-01-22 14:00:00+00:00,910
2026-01-22 14:15:00+00:00,911
2026-01-22 14:30:00+00:00,912
2026-01-22 15:00:00+00:00,916
2026-01-22 15:30:00+00:00,918
2026-01-22 15:45:00+00:00,919
2026-01-22 16:00:00+00:00,918
2026-01-22 16:15:00+00:00,925
2026-01-22 16:30:00+00:00,926
2026-01-22 16:45:00+00:00,929
2026-01-22 17:00:00+00:00,930
2026-01-22 17:15:00+00:00,933
2026-01-22 17:30:00+00:00,935
2026-01-22 17:45:00+00:00,935
2026-01-22 18:00:00+00:00,936
2026-01-22 18:15:00+00:00,935
2026-01-22 18:30:00+00:00,936
2026-01-22 18:45:00+00:00,937
2026-01-22 19:00:00+00:00,938
2026-01-22 19:15:00+00:00,938
2026-01-22 19:30:00+00:00,939
2026-01-22 19:45:00+00:00,938
2026-01-22 20:00:00+00:00,937
2026-01-22 20:15:00+00:00,937
2026-01-22 20:30:00+00:00,937
2026-01-22 20:45:00+00:00,936
2026-01-22 21:00:00+00:00,936
2026-01-22 21:15:00+00:00,935
2026-01-22 21:30:00+00:00,935
2026-01-22 21:45:00+00:00,935
2026-01-22 22:00:00+00:00,935
2026-01-22 22:15:00+00:00,935
2026-01-22 22:30:00+00:00,935
2026-01-22 22:45:00+00:00,936
2026-01-22 23:00:00+00:00,937
2026-01-22 23:15:00+00:00,939
2026-01-22 23:30:00+00:00,940
2026-01-22 23:45:00+00:00,942
2026-01-23 00:00:00+00:00,945
2026-01-23 00:15:00+00:00,948
2026-01-23 00:30:00+00:00,953
2026-01-23 00:45:00+00:00,959
2026-01-23 01:00:00+00:00,964
2026-01-23 01:15:00+00:00,969
2026-01-23 01:30:00+00:00,975
2026-01-23 01:45:00+00:00,981
2026-01-23 02:00:00+00:00,987
2026-01-23 02:15:00+00:00,995
2026-01-23 02:30:00+00:00,1000
2026-01-23 02:45:00+00:00,1010
2026-01-23 03:00:00+00:00,1010
2026-01-23 03:15:00+00:00,1020
2026-01-23 03:30:00+00:00,1020
2026-01-23 03:45:00+00:00,1030
2026-01-23 04:00:00+00:00,1030
2026-01-23 04:15:00+00:00,1030
2026-01-23 04:30:00+00:00,1040
2026-01-23 04:45:00+00:00,1040
2026-01-23 05:00:00+00:00,1040
2026-01-23 05:15:00+00:00,1040
2026-01-23 05:30:00+00:00,1040
2026-01-23 05:45:00+00:00,1040
2026-01-23 06:00:00+00:00,1040
2026-01-23 06:15:00+00:00,1040
2026-01-23 06:30:00+00:00,1040
2026-01-23 06:45:00+00:00,1030
2026-01-23 07:00:00+00:00,1030
2026-01-23 07:15:00+00:00,1030
2026-01-23 07:30:00+00:00,1030
2026-01-23 07:45:00+00:00,1030
2026-01-23 08:00:00+00:00,1030
2026-01-23 08:15:00+00:00,1030
2026-01-23 08:30:00+00:00,1030
2026-01-23 08:45:00+00:00,1020
2026-01-23 09:00:00+00:00,1020
2026-01-23 09:15:00+00:00,1020
2026-01-23 09:30:00+00:00,1020
2026-01-23 09:45:00+00:00,1010
2026-01-23 10:00:00+00:00,1010
2026-01-23 10:15:00+00:00,1010
2026-01-23 10:30:00+00:00,1000
2026-01-23 10:45:00+00:00,997
2026-01-23 11:00:00+00:00,993
2026-01-23 11:15:00+00:00,988
2026-01-23 11:30:00+00:00,984
2026-01-23 11:45:00+00:00,979
2026-01-23 12:00:00+00:00,974
2026-01-23 12:15:00+00:00,970
2026-01-23 12:30:00+00:00,966
2026-01-23 12:45:00+00:00,965
2026-01-23 13:00:00+00:00,962
2026-01-23 13:15:00+00:00,961
2026-01-23 13:30:00+00:00,961
2026-01-23 13:45:00+00:00,961
2026-01-23 14:00:00+00:00,963
2026-01-23 14:15:00+00:00,964
2026-01-23 14:30:00+00:00,966
2026-01-23 14:45:00+00:00,968
2026-01-23 15:00:00+00:00,971
2026-01-23 15:15:00+00:00,973
2026-01-23 15:30:00+00:00,976
2026-01-23 15:45:00+00:00,978
2026-01-23 16:00:00+00:00,981
2026-01-23 16:15:00+00:00,984
2026-01-23 16:30:00+00:00,986
2026-01-23 16:45:00+00:00,988
2026-01-23 17:00:00+00:00,990
2026-01-23 17:15:00+00:00,992
2026-01-23 17:30:00+00:00,993
2026-01-23 17:45:00+00:00,994
2026-01-23 18:00:00+00:00,995
2026-01-23 18:15:00+00:00,994
2026-01-23 18:30:00+00:00,994
2026-01-23 18:45:00+00:00,993
2026-01-23 19:00:00+00:00,992
2026-01-23 19:15:00+00:00,991
2026-01-23 19:30:00+00:00,991
2026-01-23 19:45:00+00:00,989
2026-01-23 20:00:00+00:00,987
2026-01-23 20:15:00+00:00,985
2026-01-23 20:30:00+00:00,984
2026-01-23 20:45:00+00:00,983
2026-01-23 21:00:00+00:00,983
2026-01-23 21:15:00+00:00,981
2026-01-23 21:30:00+00:00,979
2026-01-23 21:45:00+00:00,978
2026-01-23 22:00:00+00:00,977
2026-01-23 22:15:00+00:00,978
2026-01-23 22:30:00+00:00,978
2026-01-23 22:45:00+00:00,979
2026-01-23 23:00:00+00:00,980
2026-01-23 23:15:00+00:00,981
2026-01-23 23:30:00+00:00,984
2026-01-23 23:45:00+00:00,987
2026-01-24 00:00:00+00:00,990
2026-01-24 00:15:00+00:00,994
2026-01-24 00:30:00+00:00,999
2026-01-24 00:45:00+00:00,1000
2026-01-24 01:00:00+00:00,1010
2026-01-24 01:15:00+00:00,1010
2026-01-24 01:30:00+00:00,1010
2026-01-24 01:45:00+00:00,1020
2026-01-24 02:00:00+00:00,1020
2026-01-24 02:15:00+00:00,1020
2026-01-24 02:30:00+00:00,1030
2026-01-24 02:45:00+00:00,1030
2026-01-24 03:00:00+00:00,1030
2026-01-24 03:15:00+00:00,1030
2026-01-24 03:30:00+00:00,1040
2026-01-24 03:45:00+00:00,1040
2026-01-24 04:00:00+00:00,1040
2026-01-24 04:15:00+00:00,1040
2026-01-24 04:30:00+00:00,1040
2026-01-24 04:45:00+00:00,1040
2026-01-24 05:00:00+00:00,1040
2026-01-24 05:15:00+00:00,1040
2026-01-24 05:30:00+00:00,1040
2026-01-24 05:45:00+00:00,1040
2026-01-24 06:00:00+00:00,1040
2026-01-24 06:15:00+00:00,1040
2026-01-24 06:30:00+00:00,1030
2026-01-24 06:45:00+00:00,1030
2026-01-24 07:00:00+00:00,1030
2026-01-24 07:15:00+00:00,1030
2026-01-24 07:30:00+00:00,1030
2026-01-24 07:45:00+00:00,1020
2026-01-24 08:00:00+00:00,1020
2026-01-24 08:15:00+00:00,1020
2026-01-24 08:30:00+00:00,1020
2026-01-24 08:45:00+00:00,1020
2026-01-24 09:00:00+00:00,1010
2026-01-24 09:15:00+00:00,1010
2026-01-24 09:30:00+00:00,1010
2026-01-24 09:45:00+00:00,1000
2026-01-24 10:00:00+00:00,998
2026-01-24 10:15:00+00:00,994
2026-01-24 10:30:00+00:00,990
2026-01-24 10:45:00+00:00,984
2026-01-24 11:00:00+00:00,978
2026-01-24 11:15:00+00:00,972
2026-01-24 11:30:00+00:00,967
2026-01-24 11:45:00+00:00,960
2026-01-24 12:00:00+00:00,954
2026-01-24 12:15:00+00:00,948
2026-01-24 12:30:00+00:00,942
2026-01-24 12:45:00+00:00,937
2026-01-24 13:00:00+00:00,933
2026-01-24 13:15:00+00:00,929
2026-01-24 13:30:00+00:00,928
2026-01-24 13:45:00+00:00,927
2026-01-24 14:00:00+00:00,927
2026-01-24 14:15:00+00:00,929
2026-01-24 14:30:00+00:00,931
2026-01-24 14:45:00+00:00,934
2026-01-24 15:00:00+00:00,938
2026-01-24 15:15:00+00:00,942
2026-01-24 15:30:00+00:00,947
2026-01-24 15:45:00+00:00,951
2026-01-24 16:00:00+00:00,956
2026-01-24 16:15:00+00:00,961
2026-01-24 16:30:00+00:00,966
2026-01-24 16:45:00+00:00,970
2026-01-24 17:00:00+00:00,974
2026-01-24 17:15:00+00:00,978
2026-01-24 17:30:00+00:00,979
2026-01-24 17:45:00+00:00,981
2026-01-24 18:00:00+00:00,981
2026-01-24 18:15:00+00:00,981
2026-01-24 18:30:00+00:00,981
2026-01-24 18:45:00+00:00,980
2026-01-24 19:00:00+00:00,979
2026-01-24 19:15:00+00:00,978
2026-01-24 19:30:00+00:00,977
2026-01-24 19:45:00+00:00,976
2026-01-24 20:00:00+00:00,975
2026-01-24 20:15:00+00:00,972
2026-01-24 20:30:00+00:00,970
2026-01-24 20:45:00+00:00,967
2026-01-24 21:00:00+00:00,965
2026-01-24 21:15:00+00:00,963
2026-01-24 21:30:00+00:00,961
2026-01-24 21:45:00+00:00,959
2026-01-24 22:00:00+00:00,957
2026-01-24 22:15:00+00:00,956
2026-01-24 22:30:00+00:00,956
2026-01-24 22:45:00+00:00,956
2026-01-24 23:00:00+00:00,957
2026-01-24 23:15:00+00:00,958
2026-01-24 23:30:00+00:00,959
2026-01-24 23:45:00+00:00,960
2026-01-25 00:00:00+00:00,961
2026-01-25 00:15:00+00:00,962
2026-01-25 00:30:00+00:00,963
2026-01-25 00:45:00+00:00,963
2026-01-25 01:00:00+00:00,964
2026-01-25 01:15:00+00:00,964
2026-01-25 01:30:00+00:00,963
2026-01-25 01:45:00+00:00,963
2026-01-25 02:00:00+00:00,961
2026-01-25 02:15:00+00:00,960
2026-01-25 02:30:00+00:00,958
2026-01-25 02:45:00+00:00,956
2026-01-25 03:00:00+00:00,953
2026-01-25 03:15:00+00:00,950
2026-01-25 03:30:00+00:00,947
2026-01-25 03:45:00+00:00,944
2026-01-25 04:00:00+00:00,941
2026-01-25 04:15:00+00:00,937
2026-01-25 04:30:00+00:00,933
2026-01-25 04:45:00+00:00,929
2026-01-25 05:00:00+00:00,926
2026-01-25 05:15:00+00:00,922
2026-01-25 05:30:00+00:00,919
2026-01-25 05:45:00+00:00,915
2026-01-25 06:00:00+00:00,913
2026-01-25 06:15:00+00:00,908
2026-01-25 06:30:00+00:00,905
2026-01-25 06:45:00+00:00,903
2026-01-25 07:00:00+00:00,901
2026-01-25 07:15:00+00:00,899
2026-01-25 07:30:00+00:00,900
2026-01-25 07:45:00+00:00,900
2026-01-25 08:00:00+00:00,899
2026-01-25 08:15:00+00:00,899
2026-01-25 08:30:00+00:00,899
2026-01-25 08:45:00+00:00,899
2026-01-25 09:00:00+00:00,900
2026-01-25 09:15:00+00:00,901
2026-01-25 09:30:00+00:00,902
2026-01-25 09:45:00+00:00,904
2026-01-25 10:00:00+00:00,905
2026-01-25 10:15:00+00:00,907
2026-01-25 10:30:00+00:00,908
2026-01-25 10:45:00+00:00,910
2026-01-25 11:00:00+00:00,912
2026-01-25 11:15:00+00:00,914
2026-01-25 11:30:00+00:00,916
2026-01-25 11:45:00+00:00,917
2026-01-25 12:00:00+00:00,919
2026-01-25 12:15:00+00:00,920
2026-01-25 12:30:00+00:00,921
2026-01-25 12:45:00+00:00,922
2026-01-25 13:00:00+00:00,923
2026-01-25 13:15:00+00:00,923
2026-01-25 13:30:00+00:00,923
2026-01-25 13:45:00+00:00,923
2026-01-25 14:00:00+00:00,923
2026-01-25 14:15:00+00:00,922
2026-01-25 14:30:00+00:00,921
2026-01-25 14:45:00+00:00,919
2026-01-25 15:00:00+00:00,918
2026-01-25 15:15:00+00:00,916
2026-01-25 15:30:00+00:00,915
2026-01-25 15:45:00+00:00,913
2026-01-25 16:00:00+00:00,911
2026-01-25 16:15:00+00:00,909
2026-01-25 16:30:00+00:00,907
2026-01-25 16:45:00+00:00,905
2026-01-25 17:00:00+00:00,903
2026-01-25 17:15:00+00:00,901
2026-01-25 17:30:00+00:00,899
2026-01-25 17:45:00+00:00,897
2026-01-25 18:00:00+00:00,895
2026-01-25 18:15:00+00:00,893
2026-01-25 18:30:00+00:00,892
2026-01-25 18:45:00+00:00,891
2026-01-25 19:00:00+00:00,890
2026-01-25 19:15:00+00:00,888
2026-01-25 19:30:00+00:00,886
2026-01-25 19:45:00+00:00,885
2026-01-25 20:00:00+00:00,885
2026-01-25 20:15:00+00:00,884
2026-01-25 20:30:00+00:00,884
2026-01-25 20:45:00+00:00,883
2026-01-25 21:00:00+00:00,883
2026-01-25 21:15:00+00:00,882
2026-01-25 21:30:00+00:00,883
2026-01-25 21:45:00+00:00,884
2026-01-25 22:00:00+00:00,884
2026-01-25 22:15:00+00:00,886
2026-01-25 22:30:00+00:00,888
2026-01-25 22:45:00+00:00,889
2026-01-25 23:00:00+00:00,891
2026-01-25 23:15:00+00:00,894
2026-01-25 23:30:00+00:00,897
2026-01-25 23:45:00+00:00,901
2026-01-26 00:00:00+00:00,904
2026-01-26 00:15:00+00:00,908
2026-01-26 00:30:00+00:00,913
2026-01-26 00:45:00+00:00,916
2026-01-26 01:00:00+00:00,918
2026-01-26 01:15:00+00:00,920
2026-01-26 01:30:00+00:00,922
2026-01-26 01:45:00+00:00,928
2026-01-26 02:00:00+00:00,930
2026-01-26 02:15:00+00:00,933
2026-01-26 02:30:00+00:00,936
2026-01-26 02:45:00+00:00,940
2026-01-26 03:00:00+00:00,942
2026-01-26 03:15:00+00:00,944
2026-01-26 03:30:00+00:00,945
2026-01-26 03:45:00+00:00,947
2026-01-26 04:00:00+00:00,948
2026-01-26 04:15:00+00:00,949
2026-01-26 04:30:00+00:00,950
2026-01-26 04:45:00+00:00,951
2026-01-26 05:00:00+00:00,953
2026-01-26 05:15:00+00:00,954
2026-01-26 05:30:00+00:00,955
2026-01-26 05:45:00+00:00,957
2026-01-26 06:00:00+00:00,959
2026-01-26 06:15:00+00:00,961
2026-01-26 06:30:00+00:00,963
2026-01-26 06:45:00+00:00,966
2026-01-26 07:00:00+00:00,968
2026-01-26 07:15:00+00:00,970
2026-01-26 07:30:00+00:00,973
2026-01-26 07:45:00+00:00,975
2026-01-26 08:00:00+00:00,978
2026-01-26 08:15:00+00:00,980
2026-01-26 08:30:00+00:00,983
2026-01-26 08:45:00+00:00,985
2026-01-26 09:00:00+00:00,988
2026-01-26 09:15:00+00:00,991
2026-01-26 09:30:00+00:00,993
2026-01-26 09:45:00+00:00,996
2026-01-26 10:00:00+00:00,998
2026-01-26 10:15:00+00:00,1000
2026-01-26 10:30:00+00:00,1000
2026-01-26 10:45:00+00:00,1000
2026-01-26 11:00:00+00:00,1000
2026-01-26 11:15:00+00:00,1010
2026-01-26 11:30:00+00:00,1010
2026-01-26 11:45:00+00:00,1010
2026-01-26 12:00:00+00:00,1010
2026-01-26 12:15:00+00:00,1010
2026-01-26 12:30:00+00:00,1000
2026-01-26 12:45:00+00:00,1000
2026-01-26 13:00:00+00:00,1000
2026-01-26 13:15:00+00:00,1000
2026-01-26 13:30:00+00:00,999
2026-01-26 13:45:00+00:00,997
2026-01-26 14:00:00+00:00,995
2026-01-26 14:15:00+00:00,993
2026-01-26 14:30:00+00:00,991
2026-01-26 14:45:00+00:00,990
2026-01-26 15:00:00+00:00,989
2026-01-26 15:15:00+00:00,988
2026-01-26 15:30:00+00:00,988
2026-01-26 15:45:00+00:00,987
2026-01-26 16:00:00+00:00,986
2026-01-26 16:15:00+00:00,986
2026-01-26 16:30:00+00:00,985
2026-01-26 16:45:00+00:00,984
2026-01-26 17:00:00+00:00,981
2026-01-26 17:15:00+00:00,980
2026-01-26 17:30:00+00:00,980
2026-01-26 17:45:00+00:00,977
2026-01-26 18:00:00+00:00,980
2026-01-26 18:15:00+00:00,979
2026-01-26 18:30:00+00:00,979
2026-01-26 18:45:00+00:00,981
2026-01-26 19:00:00+00:00,980
2026-01-26 19:15:00+00:00,981
2026-01-26 19:30:00+00:00,981
2026-01-26 19:45:00+00:00,982
2026-01-26 20:15:00+00:00,983
2026-01-26 20:30:00+00:00,984
2026-01-26 20:45:00+00:00,985
2026-01-26 21:00:00+00:00,982
2026-01-26 21:15:00+00:00,986
2026-01-26 21:30:00+00:00,987
2026-01-26 21:45:00+00:00,988
2026-01-26 22:00:00+00:00,991
2026-01-26 22:15:00+00:00,993
2026-01-26 22:30:00+00:00,994
2026-01-26 22:45:00+00:00,996
2026-01-26 23:00:00+00:00,998
2026-01-26 23:15:00+00:00,1000
2026-01-26 23:30:00+00:00,1000
2026-01-26 23:45:00+00:00,1000
2026-01-27 00:00:00+00:00,1010
2026-01-27 00:15:00+00:00,1010
2026-01-27 00:30:00+00:00,1010
2026-01-27 00:45:00+00:00,1010
2026-01-27 01:15:00+00:00,1020
2026-01-27 01:30:00+00:00,1020
2026-01-27 01:45:00+00:00,1020
2026-01-27 02:00:00+00:00,1020
2026-01-27 02:15:00+00:00,1030
2026-01-27 02:30:00+00:00,1030
2026-01-27 02:45:00+00:00,1030
2026-01-27 03:00:00+00:00,1040
2026-01-27 03:15:00+00:00,1040
2026-01-27 03:45:00+00:00,1040
2026-01-27 04:00:00+00:00,1050
2026-01-27 04:15:00+00:00,1050
2026-01-27 04:30:00+00:00,1060
2026-01-27 04:45:00+00:00,1060
2026-01-27 05:00:00+00:00,1060
2026-01-27 05:15:00+00:00,1060
2026-01-27 05:30:00+00:00,1070
2026-01-27 05:45:00+00:00,1070
2026-01-27 06:00:00+00:00,1070
2026-01-27 06:15:00+00:00,1080
2026-01-27 06:30:00+00:00,1080
2026-01-27 06:45:00+00:00,1080
2026-01-27 07:00:00+00:00,1090
2026-01-27 07:15:00+00:00,1100
2026-01-27 07:30:00+00:00,1100
2026-01-27 07:45:00+00:00,1110
2026-01-27 08:00:00+00:00,1110
2026-01-27 08:15:00+00:00,1130
2026-01-27 08:30:00+00:00,1130
2026-01-27 08:45:00+00:00,1140
2026-01-27 09:00:00+00:00,1150
2026-01-27 09:15:00+00:00,1160
2026-01-27 09:30:00+00:00,1160
2026-01-27 09:45:00+00:00,1170
2026-01-27 10:00:00+00:00,1180
2026-01-27 10:15:00+00:00,1190
2026-01-27 10:30:00+00:00,1200
2026-01-27 10:45:00+00:00,1210
2026-01-27 11:00:00+00:00,1220
2026-01-27 11:15:00+00:00,1220
2026-01-27 11:30:00+00:00,1230
2026-01-27 11:45:00+00:00,1240
2026-01-27 12:00:00+00:00,1240
2026-01-27 12:15:00+00:00,1250
2026-01-27 12:30:00+00:00,1250
2026-01-27 12:45:00+00:00,1250
2026-01-27 13:00:00+00:00,1250
2026-01-27 13:15:00+00:00,1260
2026-01-27 13:30:00+00:00,1260
2026-01-27 13:45:00+00:00,1260
2026-01-27 14:00:00+00:00,1260
2026-01-27 14:15:00+00:00,1260
2026-01-27 14:30:00+00:00,1260
2026-01-27 16:30:00+00:00,1250
2026-01-27 16:45:00+00:00,1250
2026-01-27 17:00:00+00:00,1250
2026-01-27 17:15:00+00:00,1240
2026-01-27 17:30:00+00:00,1230
2026-01-27 17:45:00+00:00,1230
2026-01-27 18:00:00+00:00,1220
2026-01-27 18:15:00+00:00,1210
2026-01-27 18:30:00+00:00,1210
2026-01-27 18:45:00+00:00,1210
2026-01-27 19:00:00+00:00,1210
2026-01-27 19:15:00+00:00,1200
2026-01-27 19:30:00+00:00,1200
2026-01-27 19:45:00+00:00,1200
2026-01-27 20:00:00+00:00,1190
2026-01-27 20:15:00+00:00,1190
2026-01-27 20:30:00+00:00,1190
2026-01-27 20:45:00+00:00,1180
2026-01-27 21:00:00+00:00,1180
2026-01-27 21:15:00+00:00,1180
2026-01-27 21:30:00+00:00,1170
2026-01-27 21:45:00+00:00,1170
2026-01-27 22:00:00+00:00,1160
2026-01-27 22:15:00+00:00,1160
2026-01-27 22:30:00+00:00,1160
2026-01-27 22:45:00+00:00,1150
2026-01-27 23:00:00+00:00,1150
2026-01-27 23:15:00+00:00,1140
2026-01-27 23:30:00+00:00,1140
2026-01-27 23:45:00+00:00,1140
2026-01-28 00:00:00+00:00,1140
2026-01-28 00:15:00+00:00,1140
2026-01-28 00:30:00+00:00,1140
2026-01-28 00:45:00+00:00,1140
2026-01-28 01:00:00+00:00,1150
2026-01-28 01:15:00+00:00,1150
2026-01-28 01:30:00+00:00,1150
2026-01-28 01:45:00+00:00,1160
2026-01-28 02:00:00+00:00,1160
2026-01-28 02:15:00+00:00,1160
2026-01-28 02:30:00+00:00,1160
2026-01-28 02:45:00+00:00,1170
2026-01-28 03:00:00+00:00,1180
2026-01-28 03:15:00+00:00,1190
2026-01-28 03:30:00+00:00,1200
2026-01-28 03:45:00+00:00,1210
2026-01-28 04:00:00+00:00,1220
2026-01-28 04:15:00+00:00,1230
2026-01-28 04:30:00+00:00,1230
2026-01-28 04:45:00+00:00,1240
2026-01-28 05:00:00+00:00,1240
2026-01-28 05:15:00+00:00,1250
2026-01-28 05:30:00+00:00,1260
2026-01-28 05:45:00+00:00,1260
2026-01-28 06:00:00+00:00,1270
2026-01-28 06:15:00+00:00,1270
2026-01-28 06:30:00+00:00,1280
2026-01-28 06:45:00+00:00,1280
2026-01-28 07:00:00+00:00,1280
2026-01-28 07:15:00+00:00,1290
2026-01-28 07:30:00+00:00,1290
2026-01-28 07:45:00+00:00,1290
2026-01-28 08:00:00+00:00,1300
2026-01-28 08:15:00+00:00,1300
2026-01-28 08:30:00+00:00,1300
2026-01-28 08:45:00+00:00,1300
2026-01-28 09:00:00+00:00,1300
2026-01-28 09:15:00+00:00,1300
2026-01-28 09:30:00+00:00,1300
2026-01-28 09:45:00+00:00,1300
2026-01-28 10:00:00+00:00,1300
2026-01-28 10:15:00+00:00,1290
2026-01-28 10:30:00+00:00,1290
2026-01-28 10:45:00+00:00,1290
2026-01-28 11:00:00+00:00,1280
2026-01-28 11:15:00+00:00,1280
2026-01-28 11:30:00+00:00,1280
2026-01-28 11:45:00+00:00,1270
2026-01-28 12:00:00+00:00,1260
2026-01-28 12:15:00+00:00,1260
2026-01-28 12:30:00+00:00,1250
2026-01-28 12:45:00+00:00,1240
2026-01-28 13:00:00+00:00,1230
2026-01-28 13:15:00+00:00,1220
2026-01-28 13:30:00+00:00,1220
2026-01-28 13:45:00+00:00,1210
2026-01-28 14:00:00+00:00,1200
2026-01-28 14:15:00+00:00,1180
2026-01-28 14:30:00+00:00,1170
2026-01-28 14:45:00+00:00,1160
2026-01-28 15:00:00+00:00,1150
2026-01-28 15:15:00+00:00,1140
2026-01-28 15:30:00+00:00,1130
2026-01-28 15:45:00+00:00,1120
2026-01-28 16:00:00+00:00,1120
2026-01-28 16:15:00+00:00,1110
2026-01-28 16:30:00+00:00,1100
2026-01-28 16:45:00+00:00,1100
2026-01-28 17:00:00+00:00,1090
2026-01-28 17:15:00+00:00,1080
2026-01-28 17:30:00+00:00,1080
2026-01-28 17:45:00+00:00,1070
2026-01-28 18:00:00+00:00,1070
2026-01-28 18:15:00+00:00,1070
2026-01-28 18:30:00+00:00,1060
2026-01-28 18:45:00+00:00,1060
2026-01-28 19:00:00+00:00,1060
2026-01-28 19:15:00+00:00,1050
2026-01-28 19:30:00+00:00,1050
2026-01-28 19:45:00+00:00,1050
2026-01-28 20:00:00+00:00,1040
2026-01-28 20:15:00+00:00,1040
2026-01-28 20:30:00+00:00,1040
2026-01-28 20:45:00+00:00,1040
2026-01-28 21:00:00+00:00,1040
2026-01-28 21:15:00+00:00,1040
2026-01-28 21:30:00+00:00,1030
2026-01-28 21:45:00+00:00,1030
2026-01-28 22:00:00+00:00,1030
2026-01-28 22:15:00+00:00,1030
2026-01-28 22:30:00+00:00,1030
2026-01-28 22:45:00+00:00,1030
2026-01-28 23:00:00+00:00,1030
2026-01-28 23:15:00+00:00,1030
2026-01-28 23:30:00+00:00,1030
2026-01-28 23:45:00+00:00,1030
2026-01-29 00:00:00+00:00,1030
2026-01-29 00:15:00+00:00,1040
2026-01-29 00:30:00+00:00,1040
2026-01-29 00:45:00+00:00,1040
2026-01-29 01:00:00+00:00,1050
2026-01-29 01:15:00+00:00,1050
2026-01-29 01:30:00+00:00,1060
2026-01-29 01:45:00+00:00,1060
2026-01-29 02:00:00+00:00,1060
2026-01-29 02:15:00+00:00,1070
2026-01-29 02:30:00+00:00,1080
2026-01-29 02:45:00+00:00,1080
2026-01-29 03:00:00+00:00,1090
2026-01-29 03:15:00+00:00,1090
2026-01-29 03:30:00+00:00,1100
2026-01-29 03:45:00+00:00,1100
2026-01-29 04:00:00+00:00,1110
2026-01-29 04:15:00+00:00,1120
2026-01-29 04:30:00+00:00,1120
2026-01-29 04:45:00+00:00,1130
2026-01-29 05:00:00+00:00,1130
2026-01-29 05:15:00+00:00,1130
2026-01-29 05:30:00+00:00,1140
2026-01-29 05:45:00+00:00,1140
2026-01-29 06:00:00+00:00,1140
2026-01-29 06:15:00+00:00,1140
2026-01-29 06:30:00+00:00,1140
2026-01-29 06:45:00+00:00,1140
2026-01-29 07:00:00+00:00,1140
2026-01-29 07:15:00+00:00,1140
2026-01-29 07:30:00+00:00,1130
2026-01-29 07:45:00+00:00,1130
2026-01-29 08:00:00+00:00,1130
2026-01-29 08:15:00+00:00,1120
2026-01-29 08:30:00+00:00,1120
2026-01-29 08:45:00+00:00,1120
2026-01-29 09:00:00+00:00,1110
2026-01-29 09:15:00+00:00,1100
2026-01-29 09:30:00+00:00,1100
2026-01-29 09:45:00+00:00,1090
2026-01-29 10:00:00+00:00,1090
2026-01-29 10:15:00+00:00,1080
2026-01-29 10:30:00+00:00,1070
2026-01-29 10:45:00+00:00,1060
2026-01-29 11:00:00+00:00,1050
2026-01-29 11:15:00+00:00,1040
2026-01-29 11:30:00+00:00,1040
2026-01-29 11:45:00+00:00,1020
2026-01-29 12:00:00+00:00,1020
2026-01-29 12:15:00+00:00,1010
2026-01-29 12:30:00+00:00,997
2026-01-29 12:45:00+00:00,989
2026-01-29 13:00:00+00:00,982
2026-01-29 13:15:00+00:00,976
2026-01-29 13:30:00+00:00,970
2026-01-29 13:45:00+00:00,966
2026-01-29 14:00:00+00:00,963
2026-01-29 14:15:00+00:00,960
2026-01-29 14:30:00+00:00,958
2026-01-29 14:45:00+00:00,957
2026-01-29 15:00:00+00:00,956
2026-01-29 15:15:00+00:00,956
2026-01-29 15:30:00+00:00,956
2026-01-29 15:45:00+00:00,956
2026-01-29 16:00:00+00:00,957
2026-01-29 16:15:00+00:00,959
2026-01-29 16:30:00+00:00,960
2026-01-29 16:45:00+00:00,961
2026-01-29 17:00:00+00:00,962
2026-01-29 17:15:00+00:00,964
2026-01-29 17:30:00+00:00,965
2026-01-29 17:45:00+00:00,967
2026-01-29 18:00:00+00:00,968
2026-01-29 18:15:00+00:00,970
2026-01-29 18:30:00+00:00,971
2026-01-29 18:45:00+00:00,972
2026-01-29 19:00:00+00:00,973
2026-01-29 19:15:00+00:00,974
2026-01-29 19:30:00+00:00,975
2026-01-29 19:45:00+00:00,976
2026-01-29 20:00:00+00:00,977
2026-01-29 20:15:00+00:00,978
2026-01-29 20:30:00+00:00,980
2026-01-29 20:45:00+00:00,982
2026-01-29 21:00:00+00:00,985
2026-01-29 21:15:00+00:00,988
2026-01-29 21:30:00+00:00,991
2026-01-29 21:45:00+00:00,994
2026-01-29 22:00:00+00:00,998
2026-01-29 22:15:00+00:00,1000
2026-01-29 22:30:00+00:00,1010
2026-01-29 22:45:00+00:00,1010
2026-01-29 23:00:00+00:00,1020
2026-01-29 23:15:00+00:00,1020
2026-01-29 23:30:00+00:00,1030
2026-01-29 23:45:00+00:00,1040
2026-01-30 00:00:00+00:00,1040
2026-01-30 00:15:00+00:00,1050
2026-01-30 00:30:00+00:00,1060
2026-01-30 00:45:00+00:00,1060
2026-01-30 01:00:00+00:00,1060
2026-01-30 01:15:00+00:00,1060
2026-01-30 01:30:00+00:00,1070
2026-01-30 01:45:00+00:00,1070
2026-01-30 02:00:00+00:00,1070
2026-01-30 02:15:00+00:00,1070
2026-01-30 02:30:00+00:00,1060
2026-01-30 02:45:00+00:00,1060
2026-01-30 03:00:00+00:00,1060
2026-01-30 03:15:00+00:00,1060
2026-01-30 03:30:00+00:00,1060
2026-01-30 03:45:00+00:00,1060
2026-01-30 04:00:00+00:00,1050
2026-01-30 04:15:00+00:00,1050
2026-01-30 04:30:00+00:00,1040
2026-01-30 04:45:00+00:00,1040
2026-01-30 05:00:00+00:00,1030
2026-01-30 05:15:00+00:00,1030
2026-01-30 05:30:00+00:00,1020
2026-01-30 05:45:00+00:00,1020
2026-01-30 06:00:00+00:00,1010
2026-01-30 06:15:00+00:00,1010
2026-01-30 06:30:00+00:00,1000
2026-01-30 06:45:00+00:00,997
2026-01-30 07:00:00+00:00,992
2026-01-30 07:15:00+00:00,986
2026-01-30 07:30:00+00:00,981
2026-01-30 07:45:00+00:00,975
2026-01-30 08:00:00+00:00,970
2026-01-30 08:15:00+00:00,964
2026-01-30 08:30:00+00:00,960
2026-01-30 08:45:00+00:00,954
2026-01-30 09:00:00+00:00,949
2026-01-30 09:15:00+00:00,944
2026-01-30 09:30:00+00:00,940
2026-01-30 09:45:00+00:00,936
2026-01-30 10:00:00+00:00,933
2026-01-30 10:15:00+00:00,930
2026-01-30 10:30:00+00:00,929
2026-01-30 10:45:00+00:00,928
2026-01-30 11:00:00+00:00,928
2026-01-30 11:15:00+00:00,928
2026-01-30 11:30:00+00:00,928
2026-01-30 11:45:00+00:00,929
2026-01-30 12:00:00+00:00,930
2026-01-30 12:15:00+00:00,932
2026-01-30 12:30:00+00:00,933
2026-01-30 12:45:00+00:00,934
2026-01-30 13:00:00+00:00,935
2026-01-30 13:15:00+00:00,935
2026-01-30 13:30:00+00:00,936
2026-01-30 13:45:00+00:00,936
2026-01-30 14:00:00+00:00,935
2026-01-30 14:15:00+00:00,934
2026-01-30 14:30:00+00:00,933
2026-01-30 14:45:00+00:00,932
2026-01-30 15:00:00+00:00,931
2026-01-30 15:15:00+00:00,930
2026-01-30 15:30:00+00:00,928
2026-01-30 15:45:00+00:00,926
2026-01-30 16:00:00+00:00,925
2026-01-30 16:15:00+00:00,923
2026-01-30 16:30:00+00:00,921
2026-01-30 16:45:00+00:00,919
2026-01-30 17:00:00+00:00,918
2026-01-30 17:15:00+00:00,916
2026-01-30 17:30:00+00:00,915
2026-01-30 17:45:00+00:00,913
2026-01-30 18:00:00+00:00,912
2026-01-30 18:15:00+00:00,911
2026-01-30 18:30:00+00:00,910
2026-01-30 18:45:00+00:00,910
2026-01-30 19:00:00+00:00,909
2026-01-30 19:15:00+00:00,909
2026-01-30 19:30:00+00:00,908
2026-01-30 19:45:00+00:00,908
2026-01-30 20:00:00+00:00,908
2026-01-30 20:30:00+00:00,909
2026-01-30 20:45:00+00:00,910
2026-01-30 21:00:00+00:00,910
2026-01-30 21:15:00+00:00,911
2026-01-30 21:30:00+00:00,913
2026-01-30 21:45:00+00:00,915
2026-01-30 22:00:00+00:00,917
2026-01-30 22:15:00+00:00,919
2026-01-30 22:30:00+00:00,922
2026-01-30 22:45:00+00:00,924
2026-01-30 23:00:00+00:00,926
2026-01-30 23:15:00+00:00,928
2026-01-30 23:30:00+00:00,931
2026-01-30 23:45:00+00:00,933
2026-01-31 00:00:00+00:00,935
2026-01-31 00:15:00+00:00,937
2026-01-31 00:30:00+00:00,938
2026-01-31 00:45:00+00:00,939
2026-01-31 01:00:00+00:00,940
2026-01-31 01:15:00+00:00,941
2026-01-31 01:30:00+00:00,942
2026-01-31 01:45:00+00:00,942
2026-01-31 02:00:00+00:00,942
2026-01-31 02:15:00+00:00,942
2026-01-31 02:30:00+00:00,941
2026-01-31 02:45:00+00:00,940
2026-01-31 03:00:00+00:00,939
2026-01-31 03:15:00+00:00,938
2026-01-31 03:30:00+00:00,936
2026-01-31 03:45:00+00:00,935
2026-01-31 04:00:00+00:00,933
2026-01-31 04:15:00+00:00,932
2026-01-31 04:30:00+00:00,930
2026-01-31 04:45:00+00:00,929
2026-01-31 05:00:00+00:00,927
2026-01-31 05:15:00+00:00,926
2026-01-31 05:30:00+00:00,925
2026-01-31 05:45:00+00:00,924
2026-01-31 06:00:00+00:00,922
2026-01-31 06:15:00+00:00,919
2026-01-31 06:30:00+00:00,916
2026-01-31 06:45:00+00:00,914
2026-01-31 07:00:00+00:00,912
2026-01-31 07:15:00+00:00,908
2026-01-31 07:30:00+00:00,904
2026-01-31 07:45:00+00:00,899
2026-01-31 08:00:00+00:00,894
2026-01-31 08:15:00+00:00,889
2026-01-31 08:30:00+00:00,883
2026-01-31 08:45:00+00:00,878
2026-01-31 09:00:00+00:00,873
2026-01-31 09:15:00+00:00,868
2026-01-31 09:30:00+00:00,864
2026-01-31 09:45:00+00:00,861
2026-01-31 10:00:00+00:00,859
2026-01-31 10:15:00+00:00,858
2026-01-31 10:30:00+00:00,858
2026-01-31 10:45:00+00:00,859
2026-01-31 11:00:00+00:00,860
2026-01-31 11:15:00+00:00,863
2026-01-31 11:30:00+00:00,865
2026-01-31 11:45:00+00:00,867
2026-01-31 12:00:00+00:00,870
2026-01-31 12:15:00+00:00,872
2026-01-31 12:30:00+00:00,875
2026-01-31 12:45:00+00:00,877
2026-01-31 13:00:00+00:00,878
2026-01-31 13:15:00+00:00,879
2026-01-31 13:30:00+00:00,880
2026-01-31 13:45:00+00:00,881
2026-01-31 14:00:00+00:00,881
2026-01-31 14:15:00+00:00,881
2026-01-31 14:30:00+00:00,881
2026-01-31 14:45:00+00:00,880
2026-01-31 15:00:00+00:00,879
2026-01-31 15:15:00+00:00,878
2026-01-31 15:30:00+00:00,878
2026-01-31 15:45:00+00:00,877
2026-01-31 16:00:00+00:00,876
2026-01-31 16:15:00+00:00,875
2026-01-31 16:30:00+00:00,874
2026-01-31 16:45:00+00:00,873
2026-01-31 17:00:00+00:00,873
2026-01-31 17:15:00+00:00,873
2026-01-31 17:30:00+00:00,873
2026-01-31 17:45:00+00:00,873
2026-01-31 18:00:00+00:00,874
2026-01-31 18:15:00+00:00,875
2026-01-31 18:30:00+00:00,876
2026-01-31 18:45:00+00:00,877
2026-01-31 19:00:00+00:00,878
2026-01-31 19:15:00+00:00,880
2026-01-31 19:30:00+00:00,881
2026-01-31 19:45:00+00:00,883
2026-01-31 20:00:00+00:00,884
2026-01-31 20:15:00+00:00,885
2026-01-31 20:30:00+00:00,886
2026-01-31 20:45:00+00:00,888
2026-01-31 21:00:00+00:00,888
2026-01-31 21:15:00+00:00,889
2026-01-31 21:30:00+00:00,890
2026-01-31 21:45:00+00:00,891
2026-01-31 22:00:00+00:00,892
2026-01-31 22:15:00+00:00,892
2026-01-31 22:30:00+00:00,893
2026-01-31 22:45:00+00:00,893
2026-01-31 23:00:00+00:00,893
2026-01-31 23:15:00+00:00,893
2026-01-31 23:30:00+00:00,893
2026-01-31 23:45:00+00:00,893
2026-02-01 00:00:00+00:00,893
2026-02-01 00:15:00+00:00,892
2026-02-01 00:30:00+00:00,892
2026-02-01 00:45:00+00:00,891
2026-02-01 01:00:00+00:00,890
2026-02-01 01:15:00+00:00,890
2026-02-01 01:30:00+00:00,889
2026-02-01 01:45:00+00:00,888
2026-02-01 02:00:00+00:00,887
2026-02-01 02:15:00+00:00,886
2026-02-01 02:30:00+00:00,885
2026-02-01 02:45:00+00:00,884
2026-02-01 03:00:00+00:00,883
2026-02-01 03:15:00+00:00,883
2026-02-01 03:30:00+00:00,882
2026-02-01 03:45:00+00:00,881
2026-02-01 04:00:00+00:00,880
2026-02-01 04:15:00+00:00,879
2026-02-01 04:30:00+00:00,879
2026-02-01 04:45:00+00:00,878
2026-02-01 05:00:00+00:00,878
2026-02-01 05:15:00+00:00,877
2026-02-01 05:30:00+00:00,877
2026-02-01 05:45:00+00:00,876
2026-02-01 06:00:00+00:00,875
2026-02-01 06:15:00+00:00,875
2026-02-01 06:30:00+00:00,874
2026-02-01 06:45:00+00:00,874
2026-02-01 07:00:00+00:00,874
2026-02-01 07:15:00+00:00,873
2026-02-01 07:30:00+00:00,873
2026-02-01 07:45:00+00:00,872
2026-02-01 08:00:00+00:00,873
2026-02-01 08:15:00+00:00,873
2026-02-01 08:30:00+00:00,873
2026-02-01 08:45:00+00:00,873
2026-02-01 09:00:00+00:00,873
2026-02-01 09:15:00+00:00,873
2026-02-01 09:30:00+00:00,874
2026-02-01 09:45:00+00:00,874
2026-02-01 10:00:00+00:00,875
2026-02-01 10:15:00+00:00,875
2026-02-01 10:30:00+00:00,875
2026-02-01 10:45:00+00:00,874
2026-02-01 11:00:00+00:00,873
2026-02-01 11:15:00+00:00,872
2026-02-01 11:30:00+00:00,870
2026-02-01 11:45:00+00:00,867
2026-02-01 12:00:00+00:00,865
2026-02-01 12:15:00+00:00,862
2026-02-01 12:30:00+00:00,859
2026-02-01 12:45:00+00:00,856
2026-02-01 13:00:00+00:00,853
2026-02-01 13:15:00+00:00,850
2026-02-01 13:30:00+00:00,847
2026-02-01 13:45:00+00:00,844
2026-02-01 14:00:00+00:00,841
2026-02-01 14:15:00+00:00,838
2026-02-01 14:30:00+00:00,836
2026-02-01 14:45:00+00:00,834
2026-02-01 15:00:00+00:00,831
2026-02-01 15:15:00+00:00,829
2026-02-01 15:30:00+00:00,827
2026-02-01 15:45:00+00:00,825
2026-02-01 16:00:00+00:00,824
2026-02-01 16:15:00+00:00,822
2026-02-01 16:30:00+00:00,821
2026-02-01 16:45:00+00:00,820
2026-02-01 17:00:00+00:00,819
2026-02-01 17:15:00+00:00,818
2026-02-01 17:30:00+00:00,818
2026-02-01 17:45:00+00:00,818
2026-02-01 18:00:00+00:00,818
2026-02-01 18:15:00+00:00,818
2026-02-01 18:30:00+00:00,818
2026-02-01 18:45:00+00:00,818
2026-02-01 19:00:00+00:00,818
2026-02-01 19:15:00+00:00,818
2026-02-01 19:30:00+00:00,819
2026-02-01 19:45:00+00:00,819
2026-02-01 20:00:00+00:00,820
2026-02-01 20:15:00+00:00,821
2026-02-01 20:30:00+00:00,822
2026-02-01 20:45:00+00:00,823
2026-02-01 21:00:00+00:00,824
2026-02-01 21:15:00+00:00,825
2026-02-01 21:30:00+00:00,826
2026-02-01 21:45:00+00:00,828
2026-02-01 22:00:00+00:00,829
2026-02-01 22:15:00+00:00,831
2026-02-01 22:30:00+00:00,833
2026-02-01 22:45:00+00:00,835
2026-02-01 23:00:00+00:00,837
2026-02-01 23:15:00+00:00,839
2026-02-01 23:30:00+00:00,842
2026-02-01 23:45:00+00:00,844
2026-02-02 00:00:00+00:00,846
2026-02-02 00:15:00+00:00,848
2026-02-02 00:30:00+00:00,851
2026-02-02 00:45:00+00:00,854
2026-02-02 01:00:00+00:00,856
2026-02-02 01:15:00+00:00,858
2026-02-02 01:30:00+00:00,861
2026-02-02 01:45:00+00:00,864
2026-02-02 02:00:00+00:00,866
2026-02-02 02:15:00+00:00,869
2026-02-02 02:30:00+00:00,870
2026-02-02 02:45:00+00:00,873
2026-02-02 03:00:00+00:00,875
2026-02-02 03:15:00+00:00,877
2026-02-02 03:30:00+00:00,879
2026-02-02 03:45:00+00:00,880
2026-02-02 04:00:00+00:00,882
2026-02-02 04:15:00+00:00,884
2026-02-02 04:30:00+00:00,886
2026-02-02 04:45:00+00:00,888
2026-02-02 05:00:00+00:00,890
2026-02-02 05:15:00+00:00,892
2026-02-02 05:30:00+00:00,894
2026-02-02 05:45:00+00:00,896
2026-02-02 06:00:00+00:00,898
2026-02-02 06:15:00+00:00,899
2026-02-02 06:30:00+00:00,900
2026-02-02 06:45:00+00:00,900
2026-02-02 07:00:00+00:00,900
2026-02-02 07:15:00+00:00,900
2026-02-02 07:30:00+00:00,898
2026-02-02 07:45:00+00:00,896
2026-02-02 08:00:00+00:00,893
2026-02-02 08:15:00+00:00,890
2026-02-02 08:30:00+00:00,887
2026-02-02 08:45:00+00:00,883
2026-02-02 09:00:00+00:00,880
2026-02-02 09:15:00+00:00,878
2026-02-02 09:30:00+00:00,875
2026-02-02 09:45:00+00:00,873
2026-02-02 10:00:00+00:00,872
2026-02-02 10:15:00+00:00,871
2026-02-02 10:30:00+00:00,870
2026-02-02 10:45:00+00:00,870
2026-02-02 11:00:00+00:00,869
2026-02-02 11:15:00+00:00,869
2026-02-02 11:30:00+00:00,869
2026-02-02 11:45:00+00:00,869
2026-02-02 12:00:00+00:00,868
2026-02-02 12:15:00+00:00,868
2026-02-02 12:30:00+00:00,867
2026-02-02 12:45:00+00:00,866
2026-02-02 13:00:00+00:00,865
2026-02-02 13:15:00+00:00,864
2026-02-02 13:30:00+00:00,862
2026-02-02 13:45:00+00:00,861
2026-02-02 14:00:00+00:00,859
2026-02-02 14:15:00+00:00,857
2026-02-02 14:30:00+00:00,855
2026-02-02 14:45:00+00:00,852
2026-02-02 15:00:00+00:00,850
2026-02-02 15:15:00+00:00,848
2026-02-02 15:30:00+00:00,845
2026-02-02 15:45:00+00:00,843
2026-02-02 16:00:00+00:00,841
2026-02-02 16:15:00+00:00,839
2026-02-02 16:30:00+00:00,836
2026-02-02 16:45:00+00:00,835
2026-02-02 17:00:00+00:00,833
2026-02-02 17:15:00+00:00,833
2026-02-02 17:30:00+00:00,832
2026-02-02 17:45:00+00:00,832
2026-02-02 18:00:00+00:00,832
2026-02-02 18:15:00+00:00,833
2026-02-02 18:30:00+00:00,834
2026-02-02 18:45:00+00:00,836
2026-02-02 19:00:00+00:00,838
2026-02-02 19:15:00+00:00,839
2026-02-02 19:30:00+00:00,841
2026-02-02 19:45:00+00:00,844
2026-02-02 20:00:00+00:00,846
2026-02-02 20:15:00+00:00,849
2026-02-02 20:30:00+00:00,851
2026-02-02 20:45:00+00:00,853
2026-02-02 21:00:00+00:00,856
2026-02-02 21:15:00+00:00,857
2026-02-02 21:30:00+00:00,859
2026-02-02 21:45:00+00:00,861
2026-02-02 22:00:00+00:00,863
2026-02-02 22:15:00+00:00,865
2026-02-02 22:30:00+00:00,867
2026-02-02 22:45:00+00:00,868
2026-02-02 23:00:00+00:00,869
2026-02-02 23:15:00+00:00,871
2026-02-02 23:30:00+00:00,872
2026-02-02 23:45:00+00:00,873
2026-02-03 00:00:00+00:00,874
2026-02-03 00:15:00+00:00,875
2026-02-03 00:30:00+00:00,875
2026-02-03 00:45:00+00:00,875
2026-02-03 01:00:00+00:00,875
2026-02-03 01:15:00+00:00,875
2026-02-03 01:30:00+00:00,875
2026-02-03 01:45:00+00:00,874
2026-02-03 02:00:00+00:00,874
2026-02-03 02:15:00+00:00,873
2026-02-03 02:30:00+00:00,873
2026-02-03 02:45:00+00:00,872
2026-02-03 03:00:00+00:00,872
2026-02-03 03:15:00+00:00,872
2026-02-03 03:30:00+00:00,872
2026-02-03 03:45:00+00:00,872
2026-02-03 04:00:00+00:00,873
2026-02-03 04:15:00+00:00,873
2026-02-03 04:30:00+00:00,874
2026-02-03 04:45:00+00:00,876
2026-02-03 05:00:00+00:00,877
2026-02-03 05:15:00+00:00,879
2026-02-03 05:30:00+00:00,881
2026-02-03 05:45:00+00:00,884
2026-02-03 06:00:00+00:00,886
2026-02-03 06:15:00+00:00,889
2026-02-03 06:30:00+00:00,890
2026-02-03 06:45:00+00:00,892
2026-02-03 07:00:00+00:00,893
2026-02-03 07:15:00+00:00,893
2026-02-03 07:30:00+00:00,893
2026-02-03 07:45:00+00:00,892
2026-02-03 08:00:00+00:00,891
2026-02-03 08:15:00+00:00,890
2026-02-03 08:30:00+00:00,889
2026-02-03 08:45:00+00:00,887
2026-02-03 09:00:00+00:00,886
2026-02-03 09:15:00+00:00,885
2026-02-03 09:30:00+00:00,884
2026-02-03 09:45:00+00:00,884
2026-02-03 10:00:00+00:00,884
2026-02-03 10:15:00+00:00,883
2026-02-03 10:30:00+00:00,883
2026-02-03 10:45:00+00:00,882
2026-02-03 11:00:00+00:00,881
2026-02-03 11:15:00+00:00,880
2026-02-03 11:30:00+00:00,879
2026-02-03 11:45:00+00:00,877
2026-02-03 12:00:00+00:00,875
2026-02-03 12:15:00+00:00,873
2026-02-03 12:30:00+00:00,871
2026-02-03 12:45:00+00:00,868
2026-02-03 13:00:00+00:00,866
2026-02-03 13:15:00+00:00,862
2026-02-03 13:30:00+00:00,860
2026-02-03 13:45:00+00:00,856
2026-02-03 14:00:00+00:00,853
2026-02-03 14:15:00+00:00,850
2026-02-03 14:30:00+00:00,846
2026-02-03 14:45:00+00:00,843
2026-02-03 15:00:00+00:00,840
2026-02-03 15:15:00+00:00,836
2026-02-03 15:30:00+00:00,833
2026-02-03 15:45:00+00:00,830
2026-02-03 16:00:00+00:00,828
2026-02-03 16:15:00+00:00,825
2026-02-03 16:30:00+00:00,823
2026-02-03 16:45:00+00:00,820
2026-02-03 17:00:00+00:00,818
2026-02-03 17:15:00+00:00,817
2026-02-03 17:30:00+00:00,816
2026-02-03 17:45:00+00:00,815
2026-02-03 18:00:00+00:00,815
2026-02-03 18:15:00+00:00,816
2026-02-03 18:30:00+00:00,818
2026-02-03 18:45:00+00:00,820
2026-02-03 19:00:00+00:00,823
2026-02-03 19:15:00+00:00,826
2026-02-03 19:30:00+00:00,829
2026-02-03 19:45:00+00:00,832
2026-02-03 20:00:00+00:00,836
2026-02-03 20:15:00+00:00,840
2026-02-03 20:30:00+00:00,844
2026-02-03 20:45:00+00:00,848
2026-02-03 21:00:00+00:00,852
2026-02-03 21:15:00+00:00,856
2026-02-03 21:30:00+00:00,860
2026-02-03 21:45:00+00:00,864
2026-02-03 22:00:00+00:00,868
2026-02-03 22:15:00+00:00,872
2026-02-03 22:30:00+00:00,875
2026-02-03 22:45:00+00:00,878
2026-02-03 23:00:00+00:00,880
2026-02-03 23:15:00+00:00,882
2026-02-03 23:30:00+00:00,885
2026-02-03 23:45:00+00:00,886
2026-02-04 00:00:00+00:00,888
2026-02-04 00:15:00+00:00,889
2026-02-04 00:30:00+00:00,890
2026-02-04 00:45:00+00:00,890
2026-02-04 01:00:00+00:00,890
2026-02-04 01:15:00+00:00,891
2026-02-04 01:30:00+00:00,891
2026-02-04 01:45:00+00:00,890
2026-02-04 02:00:00+00:00,890
2026-02-04 02:15:00+00:00,889
2026-02-04 02:30:00+00:00,889
2026-02-04 02:45:00+00:00,888
2026-02-04 03:00:00+00:00,888
2026-02-04 03:15:00+00:00,888
2026-02-04 03:30:00+00:00,888
2026-02-04 03:45:00+00:00,887
2026-02-04 04:00:00+00:00,887
2026-02-04 04:15:00+00:00,887
2026-02-04 04:30:00+00:00,888
2026-02-04 04:45:00+00:00,888
2026-02-04 05:00:00+00:00,889
2026-02-04 05:15:00+00:00,889
2026-02-04 05:30:00+00:00,890
2026-02-04 05:45:00+00:00,890
2026-02-04 06:00:00+00:00,891
2026-02-04 06:15:00+00:00,891
2026-02-04 06:30:00+00:00,892
2026-02-04 06:45:00+00:00,892
2026-02-04 07:00:00+00:00,891
2026-02-04 07:15:00+00:00,890
2026-02-04 07:30:00+00:00,889
2026-02-04 07:45:00+00:00,887
2026-02-04 08:00:00+00:00,885
2026-02-04 08:15:00+00:00,883
2026-02-04 08:30:00+00:00,880
2026-02-04 08:45:00+00:00,878
2026-02-04 09:00:00+00:00,875
2026-02-04 09:15:00+00:00,873
2026-02-04 09:30:00+00:00,871
2026-02-04 09:45:00+00:00,869
2026-02-04 10:00:00+00:00,868
2026-02-04 10:15:00+00:00,868
2026-02-04 10:30:00+00:00,867
2026-02-04 10:45:00+00:00,866
2026-02-04 11:00:00+00:00,865
2026-02-04 11:15:00+00:00,865
2026-02-04 11:30:00+00:00,864
2026-02-04 11:45:00+00:00,862
2026-02-04 12:00:00+00:00,861
2026-02-04 12:15:00+00:00,859
2026-02-04 12:30:00+00:00,857
2026-02-04 12:45:00+00:00,855
2026-02-04 13:00:00+00:00,852
2026-02-04 13:15:00+00:00,850
2026-02-04 13:30:00+00:00,847
2026-02-04 13:45:00+00:00,844
2026-02-04 14:00:00+00:00,842
2026-02-04 14:15:00+00:00,839
2026-02-04 14:30:00+00:00,836
2026-02-04 14:45:00+00:00,834
2026-02-04 15:00:00+00:00,832
2026-02-04 15:15:00+00:00,830
2026-02-04 15:30:00+00:00,828
2026-02-04 15:45:00+00:00,826
2026-02-04 16:00:00+00:00,824
2026-02-04 16:15:00+00:00,822
2026-02-04 16:30:00+00:00,821
2026-02-04 16:45:00+00:00,820
2026-02-04 17:00:00+00:00,819
2026-02-04 17:15:00+00:00,818
2026-02-04 17:30:00+00:00,818
2026-02-04 17:45:00+00:00,818
2026-02-04 18:00:00+00:00,819
2026-02-04 18:15:00+00:00,820
2026-02-04 18:30:00+00:00,821
2026-02-04 18:45:00+00:00,823
2026-02-04 19:00:00+00:00,826
2026-02-04 19:15:00+00:00,829
2026-02-04 19:30:00+00:00,832
2026-02-04 19:45:00+00:00,835
2026-02-04 20:00:00+00:00,839
2026-02-04 20:15:00+00:00,843
2026-02-04 20:30:00+00:00,846
2026-02-04 20:45:00+00:00,851
2026-02-04 21:00:00+00:00,855
2026-02-04 21:15:00+00:00,858
2026-02-04 21:30:00+00:00,862
2026-02-04 21:45:00+00:00,865
2026-02-04 22:00:00+00:00,869
2026-02-04 22:15:00+00:00,872
2026-02-04 22:30:00+00:00,875
2026-02-04 22:45:00+00:00,877
2026-02-04 23:00:00+00:00,880
2026-02-04 23:15:00+00:00,881
2026-02-04 23:30:00+00:00,883
2026-02-04 23:45:00+00:00,885
2026-02-05 00:00:00+00:00,886
2026-02-05 00:15:00+00:00,886
2026-02-05 00:30:00+00:00,886
2026-02-05 00:45:00+00:00,886
2026-02-05 01:00:00+00:00,886
2026-02-05 01:15:00+00:00,885
2026-02-05 01:30:00+00:00,885
2026-02-05 01:45:00+00:00,884
2026-02-05 02:00:00+00:00,882
2026-02-05 02:15:00+00:00,881
2026-02-05 02:30:00+00:00,880
2026-02-05 02:45:00+00:00,879
2026-02-05 03:00:00+00:00,877
2026-02-05 03:15:00+00:00,876
2026-02-05 03:30:00+00:00,876
2026-02-05 03:45:00+00:00,875
2026-02-05 04:00:00+00:00,875
2026-02-05 04:15:00+00:00,875
2026-02-05 04:30:00+00:00,875
2026-02-05 04:45:00+00:00,876
2026-02-05 05:00:00+00:00,877
2026-02-05 05:15:00+00:00,878
2026-02-05 05:30:00+00:00,879
2026-02-05 05:45:00+00:00,881
2026-02-05 06:00:00+00:00,882
2026-02-05 06:15:00+00:00,884
2026-02-05 06:30:00+00:00,885
2026-02-05 06:45:00+00:00,886
2026-02-05 07:00:00+00:00,887
2026-02-05 07:15:00+00:00,887
2026-02-05 07:30:00+00:00,887
2026-02-05 07:45:00+00:00,886
2026-02-05 08:00:00+00:00,886
2026-02-05 08:15:00+00:00,884
2026-02-05 08:30:00+00:00,883
2026-02-05 08:45:00+00:00,882
2026-02-05 09:00:00+00:00,880
2026-02-05 09:15:00+00:00,879
2026-02-05 09:30:00+00:00,878
2026-02-05 09:45:00+00:00,878
2026-02-05 10:00:00+00:00,877
2026-02-05 10:15:00+00:00,876
2026-02-05 10:30:00+00:00,875
2026-02-05 10:45:00+00:00,874
2026-02-05 11:00:00+00:00,873
2026-02-05 11:15:00+00:00,871
2026-02-05 11:30:00+00:00,869
2026-02-05 11:45:00+00:00,867
2026-02-05 12:00:00+00:00,864
2026-02-05 12:15:00+00:00,861
2026-02-05 12:30:00+00:00,858
2026-02-05 12:45:00+00:00,855
2026-02-05 13:00:00+00:00,851
2026-02-05 13:15:00+00:00,847
2026-02-05 13:30:00+00:00,844
2026-02-05 13:45:00+00:00,840
2026-02-05 14:00:00+00:00,837
2026-02-05 14:15:00+00:00,833
2026-02-05 14:30:00+00:00,830
2026-02-05 14:45:00+00:00,827
2026-02-05 15:00:00+00:00,824
2026-02-05 15:15:00+00:00,821
2026-02-05 15:30:00+00:00,819
2026-02-05 15:45:00+00:00,816
2026-02-05 16:00:00+00:00,814
2026-02-05 16:15:00+00:00,813
2026-02-05 16:30:00+00:00,811
2026-02-05 16:45:00+00:00,810
2026-02-05 17:00:00+00:00,810
2026-02-05 17:15:00+00:00,810
2026-02-05 17:30:00+00:00,811
2026-02-05 17:45:00+00:00,813
2026-02-05 18:00:00+00:00,814
2026-02-05 18:15:00+00:00,817
2026-02-05 18:30:00+00:00,820
2026-02-05 18:45:00+00:00,823
2026-02-05 19:00:00+00:00,826
2026-02-05 19:15:00+00:00,829
2026-02-05 19:30:00+00:00,833
2026-02-05 19:45:00+00:00,836
2026-02-05 20:00:00+00:00,840
2026-02-05 20:15:00+00:00,843
2026-02-05 20:30:00+00:00,845
2026-02-05 20:45:00+00:00,848
2026-02-05 21:00:00+00:00,850
2026-02-05 21:15:00+00:00,853
2026-02-05 21:30:00+00:00,855
2026-02-05 21:45:00+00:00,857
2026-02-05 22:00:00+00:00,858
2026-02-05 22:15:00+00:00,860
2026-02-05 22:30:00+00:00,861
2026-02-05 22:45:00+00:00,863
2026-02-05 23:00:00+00:00,864
2026-02-05 23:15:00+00:00,864
2026-02-05 23:30:00+00:00,865
2026-02-05 23:45:00+00:00,866
2026-02-06 00:00:00+00:00,867
2026-02-06 00:15:00+00:00,868
2026-02-06 00:30:00+00:00,868
2026-02-06 00:45:00+00:00,869
2026-02-06 01:00:00+00:00,869
2026-02-06 01:15:00+00:00,870
2026-02-06 01:30:00+00:00,871
2026-02-06 01:45:00+00:00,871
2026-02-06 02:00:00+00:00,872
2026-02-06 02:15:00+00:00,873
2026-02-06 02:30:00+00:00,874
2026-02-06 02:45:00+00:00,875
2026-02-06 03:00:00+00:00,876
2026-02-06 03:15:00+00:00,878
2026-02-06 03:30:00+00:00,879
2026-02-06 03:45:00+00:00,880
2026-02-06 04:00:00+00:00,882
2026-02-06 04:15:00+00:00,884
2026-02-06 04:30:00+00:00,885
2026-02-06 04:45:00+00:00,887
2026-02-06 05:00:00+00:00,889
2026-02-06 05:15:00+00:00,892
2026-02-06 05:30:00+00:00,895
2026-02-06 05:45:00+00:00,897
2026-02-06 06:00:00+00:00,900
2026-02-06 06:15:00+00:00,903
2026-02-06 06:30:00+00:00,906
2026-02-06 06:45:00+00:00,909
2026-02-06 07:00:00+00:00,911
2026-02-06 07:15:00+00:00,914
2026-02-06 07:30:00+00:00,915
2026-02-06 07:45:00+00:00,916
2026-02-06 08:00:00+00:00,917
2026-02-06 08:15:00+00:00,917
2026-02-06 08:30:00+00:00,917
2026-02-06 08:45:00+00:00,916
2026-02-06 09:00:00+00:00,916
2026-02-06 09:15:00+00:00,915
2026-02-06 09:30:00+00:00,915
2026-02-06 09:45:00+00:00,914
2026-02-06 10:00:00+00:00,914
2026-02-06 10:15:00+00:00,913
2026-02-06 10:30:00+00:00,913
2026-02-06 10:45:00+00:00,912
2026-02-06 11:00:00+00:00,912
2026-02-06 11:15:00+00:00,911
2026-02-06 11:30:00+00:00,909
2026-02-06 11:45:00+00:00,906
2026-02-06 12:00:00+00:00,904
2026-02-06 12:15:00+00:00,901
2026-02-06 12:30:00+00:00,898
2026-02-06 12:45:00+00:00,894
2026-02-06 13:00:00+00:00,889
2026-02-06 13:15:00+00:00,885
2026-02-06 13:30:00+00:00,880
2026-02-06 13:45:00+00:00,875
2026-02-06 14:00:00+00:00,870
2026-02-06 14:15:00+00:00,865
2026-02-06 14:30:00+00:00,861
2026-02-06 14:45:00+00:00,856
2026-02-06 15:00:00+00:00,852
2026-02-06 15:15:00+00:00,847
2026-02-06 15:30:00+00:00,843
2026-02-06 15:45:00+00:00,840
2026-02-06 16:00:00+00:00,836
2026-02-06 16:15:00+00:00,833
2026-02-06 16:30:00+00:00,830
2026-02-06 16:45:00+00:00,828
2026-02-06 17:00:00+00:00,827
2026-02-06 17:15:00+00:00,826
2026-02-06 17:30:00+00:00,825
2026-02-06 17:45:00+00:00,825
2026-02-06 18:00:00+00:00,826
2026-02-06 18:15:00+00:00,827
2026-02-06 18:30:00+00:00,829
2026-02-06 18:45:00+00:00,831
2026-02-06 19:00:00+00:00,833
2026-02-06 19:15:00+00:00,835
2026-02-06 19:30:00+00:00,838
2026-02-06 19:45:00+00:00,841
2026-02-06 20:00:00+00:00,844
2026-02-06 20:15:00+00:00,847
2026-02-06 20:30:00+00:00,849
2026-02-06 20:45:00+00:00,852
2026-02-06 21:00:00+00:00,854
2026-02-06 21:15:00+00:00,855
2026-02-06 21:30:00+00:00,857
2026-02-06 21:45:00+00:00,858
2026-02-06 22:00:00+00:00,860
2026-02-06 22:15:00+00:00,861
2026-02-06 22:30:00+00:00,861
2026-02-06 22:45:00+00:00,862
2026-02-06 23:00:00+00:00,862
2026-02-06 23:15:00+00:00,862
2026-02-06 23:30:00+00:00,862
2026-02-06 23:45:00+00:00,861
2026-02-07 00:00:00+00:00,861
2026-02-07 00:15:00+00:00,860
2026-02-07 00:30:00+00:00,859
2026-02-07 00:45:00+00:00,858
2026-02-07 01:00:00+00:00,857
2026-02-07 01:15:00+00:00,856
2026-02-07 01:30:00+00:00,855
2026-02-07 01:45:00+00:00,854
2026-02-07 02:00:00+00:00,852
2026-02-07 02:15:00+00:00,850
2026-02-07 02:30:00+00:00,849
2026-02-07 02:45:00+00:00,847
2026-02-07 03:00:00+00:00,846
2026-02-07 03:15:00+00:00,845
2026-02-07 03:30:00+00:00,844
2026-02-07 03:45:00+00:00,844
2026-02-07 04:00:00+00:00,843
2026-02-07 04:15:00+00:00,843
2026-02-07 04:30:00+00:00,843
2026-02-07 04:45:00+00:00,844
2026-02-07 05:00:00+00:00,844
2026-02-07 05:15:00+00:00,845
2026-02-07 05:30:00+00:00,845
2026-02-07 05:45:00+00:00,846
2026-02-07 06:00:00+00:00,848
2026-02-07 06:15:00+00:00,849
2026-02-07 06:30:00+00:00,851
2026-02-07 06:45:00+00:00,853
2026-02-07 07:00:00+00:00,855
2026-02-07 07:15:00+00:00,857
2026-02-07 07:30:00+00:00,859
2026-02-07 07:45:00+00:00,861
2026-02-07 08:00:00+00:00,863
2026-02-07 08:15:00+00:00,864
2026-02-07 08:30:00+00:00,865
2026-02-07 08:45:00+00:00,866
2026-02-07 09:00:00+00:00,868
2026-02-07 09:15:00+00:00,869
2026-02-07 09:30:00+00:00,870
2026-02-07 09:45:00+00:00,871
2026-02-07 10:00:00+00:00,871
2026-02-07 10:15:00+00:00,872
2026-02-07 10:30:00+00:00,871
2026-02-07 10:45:00+00:00,871
2026-02-07 11:00:00+00:00,870
2026-02-07 11:15:00+00:00,868
2026-02-07 11:30:00+00:00,865
2026-02-07 11:45:00+00:00,863
2026-02-07 12:00:00+00:00,860
2026-02-07 12:15:00+00:00,856
2026-02-07 12:30:00+00:00,852
2026-02-07 12:45:00+00:00,848
2026-02-07 13:00:00+00:00,844
2026-02-07 13:15:00+00:00,840
2026-02-07 13:30:00+00:00,836
2026-02-07 13:45:00+00:00,832
2026-02-07 14:00:00+00:00,829
2026-02-07 14:15:00+00:00,825
2026-02-07 14:30:00+00:00,821
2026-02-07 14:45:00+00:00,819
2026-02-07 15:00:00+00:00,816
2026-02-07 15:15:00+00:00,813
2026-02-07 15:30:00+00:00,811
2026-02-07 15:45:00+00:00,808
2026-02-07 16:00:00+00:00,807
2026-02-07 16:15:00+00:00,805
2026-02-07 16:30:00+00:00,805
2026-02-07 16:45:00+00:00,805
2026-02-07 17:00:00+00:00,806
2026-02-07 17:15:00+00:00,807
2026-02-07 17:30:00+00:00,810
2026-02-07 17:45:00+00:00,812
2026-02-07 18:00:00+00:00,815
2026-02-07 18:15:00+00:00,819
2026-02-07 18:30:00+00:00,822
2026-02-07 18:45:00+00:00,825
2026-02-07 19:00:00+00:00,828
2026-02-07 19:15:00+00:00,831
2026-02-07 19:30:00+00:00,834
2026-02-07 19:45:00+00:00,836
2026-02-07 20:00:00+00:00,839
2026-02-07 20:15:00+00:00,841
2026-02-07 20:30:00+00:00,842
2026-02-07 20:45:00+00:00,843
2026-02-07 21:00:00+00:00,844
2026-02-07 21:15:00+00:00,844
2026-02-07 21:30:00+00:00,845
2026-02-07 21:45:00+00:00,845
2026-02-07 22:00:00+00:00,844
2026-02-07 22:15:00+00:00,843
2026-02-07 22:30:00+00:00,842
2026-02-07 22:45:00+00:00,841
2026-02-07 23:00:00+00:00,839
2026-02-07 23:15:00+00:00,837
2026-02-07 23:30:00+00:00,836
2026-02-07 23:45:00+00:00,834
2026-02-08 00:00:00+00:00,831
2026-02-08 00:15:00+00:00,829
2026-02-08 00:30:00+00:00,827
2026-02-08 00:45:00+00:00,824
2026-02-08 01:00:00+00:00,822
2026-02-08 01:15:00+00:00,820
2026-02-08 01:30:00+00:00,818
2026-02-08 01:45:00+00:00,816
2026-02-08 02:00:00+00:00,815
2026-02-08 02:15:00+00:00,813
2026-02-08 02:30:00+00:00,812
2026-02-08 02:45:00+00:00,811
2026-02-08 03:00:00+00:00,810
2026-02-08 03:15:00+00:00,810
2026-02-08 03:30:00+00:00,809
2026-02-08 03:45:00+00:00,809
2026-02-08 04:00:00+00:00,810
2026-02-08 04:15:00+00:00,810
2026-02-08 04:30:00+00:00,811
2026-02-08 04:45:00+00:00,812
2026-02-08 05:00:00+00:00,813
2026-02-08 05:15:00+00:00,814
2026-02-08 05:30:00+00:00,816
2026-02-08 05:45:00+00:00,818
2026-02-08 06:00:00+00:00,820
2026-02-08 06:15:00+00:00,822
2026-02-08 06:30:00+00:00,825
2026-02-08 06:45:00+00:00,827
2026-02-08 07:00:00+00:00,830
2026-02-08 07:15:00+00:00,833
2026-02-08 07:30:00+00:00,836
2026-02-08 07:45:00+00:00,839
2026-02-08 08:00:00+00:00,842
2026-02-08 08:15:00+00:00,846
2026-02-08 08:30:00+00:00,849
2026-02-08 08:45:00+00:00,853
2026-02-08 09:00:00+00:00,856
2026-02-08 09:15:00+00:00,859
2026-02-08 09:30:00+00:00,862
2026-02-08 09:45:00+00:00,865
2026-02-08 10:00:00+00:00,868
2026-02-08 10:15:00+00:00,870
2026-02-08 10:30:00+00:00,872
2026-02-08 10:45:00+00:00,873
2026-02-08 11:00:00+00:00,874
2026-02-08 11:15:00+00:00,874
2026-02-08 11:30:00+00:00,873
2026-02-08 11:45:00+00:00,872
2026-02-08 12:00:00+00:00,870
2026-02-08 12:15:00+00:00,868
2026-02-08 12:30:00+00:00,865
2026-02-08 12:45:00+00:00,863
2026-02-08 13:00:00+00:00,859
2026-02-08 13:15:00+00:00,856
2026-02-08 13:30:00+00:00,852
2026-02-08 13:45:00+00:00,848
2026-02-08 14:00:00+00:00,844
2026-02-08 14:15:00+00:00,840
2026-02-08 14:30:00+00:00,837
2026-02-08 14:45:00+00:00,833
2026-02-08 15:00:00+00:00,830
2026-02-08 15:15:00+00:00,827
2026-02-08 15:30:00+00:00,824
2026-02-08 15:45:00+00:00,822
2026-02-08 16:00:00+00:00,821
2026-02-08 16:15:00+00:00,820
2026-02-08 16:30:00+00:00,819
2026-02-08 16:45:00+00:00,819
2026-02-08 17:00:00+00:00,819
2026-02-08 17:15:00+00:00,820
2026-02-08 17:30:00+00:00,821
2026-02-08 17:45:00+00:00,822
2026-02-08 18:00:00+00:00,824
2026-02-08 18:15:00+00:00,825
2026-02-08 18:30:00+00:00,826
2026-02-08 18:45:00+00:00,827
2026-02-08 19:00:00+00:00,828
2026-02-08 19:15:00+00:00,828
2026-02-08 19:30:00+00:00,829
2026-02-08 19:45:00+00:00,829
2026-02-08 20:00:00+00:00,829
2026-02-08 20:15:00+00:00,829
2026-02-08 20:30:00+00:00,829
2026-02-08 20:45:00+00:00,828
2026-02-08 21:00:00+00:00,828
2026-02-08 21:15:00+00:00,827
2026-02-08 21:30:00+00:00,826
2026-02-08 21:45:00+00:00,825
2026-02-08 22:00:00+00:00,824
2026-02-08 22:15:00+00:00,823
2026-02-08 22:30:00+00:00,821
2026-02-08 22:45:00+00:00,820
2026-02-08 23:00:00+00:00,818
2026-02-08 23:15:00+00:00,817
2026-02-08 23:30:00+00:00,815
2026-02-08 23:45:00+00:00,813
2026-02-09 00:00:00+00:00,812
2026-02-09 00:15:00+00:00,810
2026-02-09 00:30:00+00:00,809
2026-02-09 00:45:00+00:00,807
2026-02-09 01:00:00+00:00,806
2026-02-09 01:15:00+00:00,805
2026-02-09 01:30:00+00:00,804
2026-02-09 01:45:00+00:00,804
2026-02-09 02:00:00+00:00,804
2026-02-09 02:15:00+00:00,803
2026-02-09 02:30:00+00:00,804
2026-02-09 02:45:00+00:00,804
2026-02-09 03:00:00+00:00,805
2026-02-09 03:15:00+00:00,805
2026-02-09 03:30:00+00:00,806
2026-02-09 03:45:00+00:00,807
2026-02-09 04:00:00+00:00,809
2026-02-09 04:15:00+00:00,810
2026-02-09 04:30:00+00:00,811
2026-02-09 04:45:00+00:00,813
2026-02-09 05:00:00+00:00,814
2026-02-09 05:15:00+00:00,816
2026-02-09 05:30:00+00:00,818
2026-02-09 05:45:00+00:00,820
2026-02-09 06:00:00+00:00,822
2026-02-09 06:15:00+00:00,824
2026-02-09 06:30:00+00:00,826
2026-02-09 06:45:00+00:00,828
2026-02-09 07:00:00+00:00,831
2026-02-09 07:15:00+00:00,833
2026-02-09 07:30:00+00:00,835
2026-02-09 07:45:00+00:00,838
2026-02-09 08:00:00+00:00,840
2026-02-09 08:15:00+00:00,842
2026-02-09 08:30:00+00:00,844
2026-02-09 08:45:00+00:00,846
2026-02-09 09:00:00+00:00,849
2026-02-09 09:15:00+00:00,851
2026-02-09 09:30:00+00:00,852
2026-02-09 09:45:00+00:00,854
2026-02-09 10:00:00+00:00,856
2026-02-09 10:15:00+00:00,857
2026-02-09 10:30:00+00:00,858
2026-02-09 10:45:00+00:00,859
2026-02-09 11:00:00+00:00,859
2026-02-09 11:15:00+00:00,859
2026-02-09 11:30:00+00:00,859
2026-02-09 11:45:00+00:00,859
2026-02-09 12:00:00+00:00,858
2026-02-09 12:15:00+00:00,857
2026-02-09 12:30:00+00:00,855
2026-02-09 12:45:00+00:00,853
2026-02-09 13:00:00+00:00,851
2026-02-09 13:15:00+00:00,849
2026-02-09 13:30:00+00:00,847
2026-02-09 13:45:00+00:00,845
2026-02-09 14:00:00+00:00,842
2026-02-09 14:15:00+00:00,839
2026-02-09 14:30:00+00:00,837
2026-02-09 14:45:00+00:00,834
2026-02-09 15:00:00+00:00,832
2026-02-09 15:15:00+00:00,830
2026-02-09 15:30:00+00:00,828
2026-02-09 15:45:00+00:00,827
2026-02-09 16:00:00+00:00,826
2026-02-09 16:15:00+00:00,825
2026-02-09 16:30:00+00:00,824
2026-02-09 16:45:00+00:00,824
2026-02-09 17:00:00+00:00,825
2026-02-09 17:15:00+00:00,825
2026-02-09 17:30:00+00:00,826
2026-02-09 17:45:00+00:00,826
2026-02-09 18:00:00+00:00,827
2026-02-09 18:15:00+00:00,828
2026-02-09 18:30:00+00:00,828
2026-02-09 18:45:00+00:00,829
2026-02-09 19:00:00+00:00,829
2026-02-09 19:15:00+00:00,829
2026-02-09 19:30:00+00:00,829
2026-02-09 19:45:00+00:00,829
2026-02-09 20:00:00+00:00,829
2026-02-09 20:15:00+00:00,828
2026-02-09 20:30:00+00:00,827
2026-02-09 20:45:00+00:00,826
2026-02-09 21:00:00+00:00,825
2026-02-09 21:15:00+00:00,824
2026-02-09 21:30:00+00:00,823
2026-02-09 21:45:00+00:00,821
2026-02-09 22:00:00+00:00,819
2026-02-09 22:15:00+00:00,817
2026-02-09 22:30:00+00:00,814
2026-02-09 22:45:00+00:00,812
2026-02-09 23:00:00+00:00,810
2026-02-09 23:15:00+00:00,808
2026-02-09 23:30:00+00:00,806
2026-02-09 23:45:00+00:00,804
2026-02-10 00:00:00+00:00,802
2026-02-10 00:15:00+00:00,801
2026-02-10 00:30:00+00:00,799
2026-02-10 00:45:00+00:00,798
2026-02-10 01:00:00+00:00,797
2026-02-10 01:15:00+00:00,796
2026-02-10 01:30:00+00:00,795
2026-02-10 01:45:00+00:00,795
2026-02-10 02:00:00+00:00,795
2026-02-10 02:15:00+00:00,795
2026-02-10 02:30:00+00:00,796
2026-02-10 02:45:00+00:00,797
2026-02-10 03:00:00+00:00,798
2026-02-10 03:15:00+00:00,799
2026-02-10 03:30:00+00:00,801
2026-02-10 03:45:00+00:00,802
2026-02-10 04:00:00+00:00,804
2026-02-10 04:15:00+00:00,805
2026-02-10 04:30:00+00:00,807
2026-02-10 04:45:00+00:00,809
2026-02-10 05:00:00+00:00,811
2026-02-10 05:15:00+00:00,813
2026-02-10 05:30:00+00:00,815
2026-02-10 05:45:00+00:00,817
2026-02-10 06:00:00+00:00,820
2026-02-10 06:15:00+00:00,823
2026-02-10 06:30:00+00:00,826
2026-02-10 06:45:00+00:00,828
2026-02-10 07:00:00+00:00,831
2026-02-10 07:15:00+00:00,834
2026-02-10 07:30:00+00:00,838
2026-02-10 07:45:00+00:00,841
2026-02-10 08:00:00+00:00,844
2026-02-10 08:15:00+00:00,848
2026-02-10 08:30:00+00:00,851
2026-02-10 08:45:00+00:00,855
2026-02-10 09:00:00+00:00,858
2026-02-10 09:15:00+00:00,861
2026-02-10 09:30:00+00:00,864
2026-02-10 09:45:00+00:00,866
2026-02-10 10:00:00+00:00,869
2026-02-10 10:15:00+00:00,870
2026-02-10 10:30:00+00:00,871
2026-02-10 10:45:00+00:00,872
2026-02-10 11:00:00+00:00,872
2026-02-10 11:15:00+00:00,872
2026-02-10 11:30:00+00:00,871
2026-02-10 11:45:00+00:00,869
2026-02-10 12:00:00+00:00,867
2026-02-10 12:15:00+00:00,865
2026-02-10 12:30:00+00:00,862
2026-02-10 12:45:00+00:00,858
2026-02-10 13:00:00+00:00,855
2026-02-10 13:15:00+00:00,851
2026-02-10 13:30:00+00:00,847
2026-02-10 13:45:00+00:00,843
2026-02-10 14:00:00+00:00,840
2026-02-10 14:15:00+00:00,836
2026-02-10 14:30:00+00:00,832
2026-02-10 14:45:00+00:00,827
2026-02-10 15:00:00+00:00,823
2026-02-10 15:15:00+00:00,819
2026-02-10 15:30:00+00:00,816
2026-02-10 15:45:00+00:00,813
2026-02-10 16:00:00+00:00,810
2026-02-10 16:15:00+00:00,809
2026-02-10 16:30:00+00:00,808
2026-02-10 16:45:00+00:00,808
2026-02-10 17:00:00+00:00,808
2026-02-10 17:15:00+00:00,809
2026-02-10 17:30:00+00:00,810
2026-02-10 17:45:00+00:00,811
2026-02-10 18:00:00+00:00,812
2026-02-10 18:15:00+00:00,814
2026-02-10 18:30:00+00:00,815
2026-02-10 18:45:00+00:00,815
2026-02-10 19:00:00+00:00,816
2026-02-10 19:15:00+00:00,816
2026-02-10 19:30:00+00:00,816
2026-02-10 19:45:00+00:00,815
2026-02-10 20:00:00+00:00,814
2026-02-10 20:15:00+00:00,813
2026-02-10 20:30:00+00:00,812
2026-02-10 20:45:00+00:00,810
2026-02-10 21:00:00+00:00,808
2026-02-10 21:15:00+00:00,807
2026-02-10 21:30:00+00:00,804
2026-02-10 21:45:00+00:00,802
2026-02-10 22:00:00+00:00,799
2026-02-10 22:15:00+00:00,797
2026-02-10 22:30:00+00:00,794
2026-02-10 22:45:00+00:00,791
2026-02-10 23:00:00+00:00,788
2026-02-10 23:15:00+00:00,785
2026-02-10 23:30:00+00:00,782
2026-02-10 23:45:00+00:00,779
2026-02-11 00:00:00+00:00,777
2026-02-11 00:15:00+00:00,774
2026-02-11 00:30:00+00:00,771
2026-02-11 00:45:00+00:00,769
2026-02-11 01:00:00+00:00,767
2026-02-11 01:15:00+00:00,766
2026-02-11 01:30:00+00:00,764
2026-02-11 01:45:00+00:00,763
2026-02-11 02:00:00+00:00,763
2026-02-11 02:15:00+00:00,762
2026-02-11 02:30:00+00:00,762
2026-02-11 02:45:00+00:00,762
2026-02-11 03:00:00+00:00,762
2026-02-11 03:15:00+00:00,762
2026-02-11 03:30:00+00:00,762
2026-02-11 03:45:00+00:00,763
2026-02-11 04:00:00+00:00,763
2026-02-11 04:15:00+00:00,764
2026-02-11 04:30:00+00:00,765
2026-02-11 04:45:00+00:00,766
2026-02-11 05:00:00+00:00,767
2026-02-11 05:15:00+00:00,769
2026-02-11 05:30:00+00:00,770
2026-02-11 05:45:00+00:00,771
2026-02-11 06:00:00+00:00,773
2026-02-11 06:15:00+00:00,775
2026-02-11 06:30:00+00:00,777
2026-02-11 06:45:00+00:00,778
2026-02-11 07:00:00+00:00,780
2026-02-11 07:15:00+00:00,782
2026-02-11 07:30:00+00:00,784
2026-02-11 07:45:00+00:00,786
2026-02-11 08:00:00+00:00,789
2026-02-11 08:15:00+00:00,791
2026-02-11 08:30:00+00:00,793
2026-02-11 08:45:00+00:00,795
2026-02-11 09:00:00+00:00,797
2026-02-11 09:15:00+00:00,799
2026-02-11 09:30:00+00:00,800
2026-02-11 09:45:00+00:00,802
2026-02-11 10:00:00+00:00,804
2026-02-11 10:15:00+00:00,805
2026-02-11 10:30:00+00:00,806
2026-02-11 10:45:00+00:00,808
2026-02-11 11:00:00+00:00,809
2026-02-11 11:15:00+00:00,809
2026-02-11 11:30:00+00:00,810
2026-02-11 11:45:00+00:00,811
2026-02-11 12:00:00+00:00,812
2026-02-11 12:15:00+00:00,812
2026-02-11 12:30:00+00:00,813
2026-02-11 12:45:00+00:00,813
2026-02-11 13:00:00+00:00,813
2026-02-11 13:15:00+00:00,814
2026-02-11 13:30:00+00:00,814
2026-02-11 13:45:00+00:00,815
2026-02-11 14:00:00+00:00,816
2026-02-11 14:15:00+00:00,816
2026-02-11 14:30:00+00:00,817
2026-02-11 14:45:00+00:00,818
2026-02-11 15:00:00+00:00,819
2026-02-11 15:15:00+00:00,819
2026-02-11 15:30:00+00:00,820
2026-02-11 15:45:00+00:00,821
2026-02-11 16:00:00+00:00,821
2026-02-11 16:15:00+00:00,822
2026-02-11 16:30:00+00:00,822
2026-02-11 16:45:00+00:00,821
2026-02-11 17:00:00+00:00,821
2026-02-11 17:15:00+00:00,820
2026-02-11 17:30:00+00:00,819
2026-02-11 17:45:00+00:00,818
2026-02-11 18:00:00+00:00,817
2026-02-11 18:15:00+00:00,816
2026-02-11 18:30:00+00:00,815
2026-02-11 18:45:00+00:00,813
2026-02-11 19:00:00+00:00,812
2026-02-11 19:15:00+00:00,812
2026-02-11 19:30:00+00:00,811
2026-02-11 19:45:00+00:00,810
2026-02-11 20:00:00+00:00,809
2026-02-11 20:15:00+00:00,808
2026-02-11 20:30:00+00:00,807
2026-02-11 20:45:00+00:00,807
2026-02-11 21:00:00+00:00,806
2026-02-11 21:15:00+00:00,806
2026-02-11 21:30:00+00:00,805
2026-02-11 21:45:00+00:00,805
2026-02-11 22:00:00+00:00,804
2026-02-11 22:15:00+00:00,804
2026-02-11 22:30:00+00:00,804
2026-02-11 22:45:00+00:00,804
2026-02-11 23:00:00+00:00,803
2026-02-11 23:15:00+00:00,803
2026-02-11 23:30:00+00:00,803
2026-02-11 23:45:00+00:00,804
2026-02-12 00:00:00+00:00,804
2026-02-12 00:15:00+00:00,805
2026-02-12 00:30:00+00:00,805
2026-02-12 00:45:00+00:00,806
2026-02-12 01:00:00+00:00,807
2026-02-12 01:15:00+00:00,808
2026-02-12 01:30:00+00:00,809
2026-02-12 01:45:00+00:00,809
2026-02-12 02:00:00+00:00,810
2026-02-12 02:15:00+00:00,811
2026-02-12 02:30:00+00:00,812
2026-02-12 02:45:00+00:00,813
2026-02-12 03:00:00+00:00,814
2026-02-12 03:15:00+00:00,815
2026-02-12 03:30:00+00:00,816
2026-02-12 03:45:00+00:00,817
2026-02-12 04:00:00+00:00,818
2026-02-12 04:15:00+00:00,819
2026-02-12 04:30:00+00:00,820
2026-02-12 04:45:00+00:00,821
2026-02-12 05:00:00+00:00,823
2026-02-12 05:15:00+00:00,824
2026-02-12 05:30:00+00:00,825
2026-02-12 05:45:00+00:00,826
2026-02-12 06:00:00+00:00,827
2026-02-12 06:15:00+00:00,828
2026-02-12 06:30:00+00:00,829
2026-02-12 06:45:00+00:00,830
2026-02-12 07:00:00+00:00,830
2026-02-12 07:15:00+00:00,831
2026-02-12 07:30:00+00:00,832
2026-02-12 07:45:00+00:00,833
2026-02-12 08:00:00+00:00,836
2026-02-12 08:15:00+00:00,837
2026-02-12 08:30:00+00:00,837
2026-02-12 08:45:00+00:00,837
2026-02-12 09:00:00+00:00,837
2026-02-12 09:15:00+00:00,839
2026-02-12 09:30:00+00:00,840
2026-02-12 09:45:00+00:00,840
2026-02-12 10:00:00+00:00,841
2026-02-12 10:15:00+00:00,841
2026-02-12 10:30:00+00:00,841
2026-02-12 10:45:00+00:00,842
2026-02-12 11:00:00+00:00,842
2026-02-12 11:15:00+00:00,842
2026-02-12 11:30:00+00:00,841
2026-02-12 11:45:00+00:00,841
2026-02-12 12:00:00+00:00,841
2026-02-12 12:15:00+00:00,841
2026-02-12 12:30:00+00:00,840
2026-02-12 12:45:00+00:00,840
2026-02-12 13:00:00+00:00,840
2026-02-12 13:15:00+00:00,840
2026-02-12 13:30:00+00:00,839
2026-02-12 13:45:00+00:00,839
2026-02-12 14:00:00+00:00,839
2026-02-12 14:15:00+00:00,839
2026-02-12 14:30:00+00:00,839
2026-02-12 14:45:00+00:00,839
2026-02-12 15:00:00+00:00,839
2026-02-12 15:15:00+00:00,839
2026-02-12 15:30:00+00:00,840
2026-02-12 15:45:00+00:00,840
2026-02-12 16:00:00+00:00,840
2026-02-12 16:15:00+00:00,840
2026-02-12 16:30:00+00:00,841
2026-02-12 16:45:00+00:00,841
2026-02-12 17:00:00+00:00,842
2026-02-12 17:15:00+00:00,842
2026-02-12 17:30:00+00:00,842
2026-02-12 17:45:00+00:00,842
2026-02-12 18:00:00+00:00,843
2026-02-12 18:15:00+00:00,843
2026-02-12 18:30:00+00:00,844
2026-02-12 18:45:00+00:00,844
2026-02-12 19:00:00+00:00,844
2026-02-12 19:15:00+00:00,845
2026-02-12 19:30:00+00:00,846
2026-02-12 19:45:00+00:00,847
2026-02-12 20:00:00+00:00,847
2026-02-12 20:15:00+00:00,848
2026-02-12 20:30:00+00:00,848
2026-02-12 20:45:00+00:00,849
2026-02-12 21:00:00+00:00,849
2026-02-12 21:15:00+00:00,849
2026-02-12 21:30:00+00:00,849
2026-02-12 21:45:00+00:00,848
2026-02-12 22:00:00+00:00,848
2026-02-12 22:15:00+00:00,847
2026-02-12 22:30:00+00:00,846
2026-02-12 22:45:00+00:00,845
2026-02-12 23:00:00+00:00,844
2026-02-12 23:15:00+00:00,843
2026-02-12 23:30:00+00:00,842
2026-02-12 23:45:00+00:00,840
2026-02-13 00:00:00+00:00,839
2026-02-13 00:15:00+00:00,838
2026-02-13 00:30:00+00:00,838
2026-02-13 00:45:00+00:00,837
2026-02-13 01:00:00+00:00,835
2026-02-13 01:15:00+00:00,834
2026-02-13 01:30:00+00:00,832
2026-02-13 01:45:00+00:00,832
2026-02-13 02:00:00+00:00,831
2026-02-13 02:15:00+00:00,830
2026-02-13 02:30:00+00:00,829
2026-02-13 02:45:00+00:00,829
2026-02-13 03:00:00+00:00,828
2026-02-13 03:15:00+00:00,827
2026-02-13 03:30:00+00:00,826
2026-02-13 03:45:00+00:00,825
2026-02-13 04:00:00+00:00,825
2026-02-13 04:15:00+00:00,824
2026-02-13 04:30:00+00:00,824
2026-02-13 04:45:00+00:00,824
2026-02-13 05:00:00+00:00,824
2026-02-13 05:15:00+00:00,824
2026-02-13 05:30:00+00:00,824
2026-02-13 05:45:00+00:00,824
2026-02-13 06:00:00+00:00,824
2026-02-13 06:15:00+00:00,825
2026-02-13 06:30:00+00:00,825
2026-02-13 06:45:00+00:00,825
2026-02-13 07:00:00+00:00,826
2026-02-13 07:15:00+00:00,827
2026-02-13 07:30:00+00:00,827
2026-02-13 07:45:00+00:00,827
2026-02-13 08:00:00+00:00,827
2026-02-13 08:15:00+00:00,826
2026-02-13 08:30:00+00:00,827
2026-02-13 08:45:00+00:00,828
2026-02-13 09:00:00+00:00,829
2026-02-13 09:15:00+00:00,829
2026-02-13 09:30:00+00:00,829
2026-02-13 09:45:00+00:00,830
2026-02-13 10:00:00+00:00,831
2026-02-13 10:15:00+00:00,832
2026-02-13 10:30:00+00:00,834
2026-02-13 10:45:00+00:00,835
2026-02-13 11:00:00+00:00,835
2026-02-13 11:15:00+00:00,836
2026-02-13 11:30:00+00:00,837
2026-02-13 11:45:00+00:00,837
2026-02-13 12:00:00+00:00,838
2026-02-13 12:15:00+00:00,838
2026-02-13 12:30:00+00:00,839
2026-02-13 12:45:00+00:00,839
2026-02-13 13:00:00+00:00,839
2026-02-13 13:15:00+00:00,840
2026-02-13 13:30:00+00:00,840
2026-02-13 13:45:00+00:00,840
2026-02-13 14:00:00+00:00,840
2026-02-13 14:15:00+00:00,839
2026-02-13 14:30:00+00:00,839
2026-02-13 14:45:00+00:00,839
2026-02-13 15:00:00+00:00,838
2026-02-13 15:15:00+00:00,838
2026-02-13 15:30:00+00:00,837
2026-02-13 15:45:00+00:00,836
2026-02-13 16:00:00+00:00,835
2026-02-13 16:15:00+00:00,834
2026-02-13 16:30:00+00:00,833
2026-02-13 16:45:00+00:00,832
2026-02-13 17:00:00+00:00,831
2026-02-13 17:15:00+00:00,829
2026-02-13 17:30:00+00:00,828
2026-02-13 17:45:00+00:00,827
2026-02-13 18:00:00+00:00,827
2026-02-13 18:15:00+00:00,826
2026-02-13 18:30:00+00:00,825
2026-02-13 18:45:00+00:00,825
2026-02-13 19:00:00+00:00,824
2026-02-13 19:15:00+00:00,824
2026-02-13 19:30:00+00:00,824
2026-02-13 19:45:00+00:00,824
2026-02-13 20:00:00+00:00,823
2026-02-13 20:15:00+00:00,824
2026-02-13 20:30:00+00:00,824
2026-02-13 20:45:00+00:00,823
2026-02-13 21:00:00+00:00,823
2026-02-13 21:15:00+00:00,823
2026-02-13 21:30:00+00:00,823
2026-02-13 21:45:00+00:00,823
2026-02-13 22:00:00+00:00,823
2026-02-13 22:15:00+00:00,823
2026-02-13 22:30:00+00:00,823
2026-02-13 22:45:00+00:00,823
2026-02-13 23:00:00+00:00,823
2026-02-13 23:15:00+00:00,823
2026-02-13 23:30:00+00:00,823
2026-02-13 23:45:00+00:00,823
2026-02-14 00:00:00+00:00,823
2026-02-14 00:15:00+00:00,823
2026-02-14 00:30:00+00:00,823
2026-02-14 00:45:00+00:00,824
2026-02-14 01:00:00+00:00,824
2026-02-14 01:15:00+00:00,824
2026-02-14 01:30:00+00:00,825
2026-02-14 01:45:00+00:00,825
2026-02-14 02:00:00+00:00,825
2026-02-14 02:15:00+00:00,825
2026-02-14 02:30:00+00:00,826
2026-02-14 02:45:00+00:00,826
2026-02-14 03:00:00+00:00,826
2026-02-14 03:15:00+00:00,827
2026-02-14 03:30:00+00:00,827
2026-02-14 03:45:00+00:00,827
2026-02-14 04:00:00+00:00,828
2026-02-14 04:15:00+00:00,828
2026-02-14 04:30:00+00:00,828
2026-02-14 04:45:00+00:00,829
2026-02-14 05:00:00+00:00,829
2026-02-14 05:15:00+00:00,829
2026-02-14 05:30:00+00:00,830
2026-02-14 05:45:00+00:00,830
2026-02-14 06:00:00+00:00,830
2026-02-14 06:15:00+00:00,830
2026-02-14 06:30:00+00:00,831
2026-02-14 06:45:00+00:00,831
2026-02-14 07:00:00+00:00,831
2026-02-14 07:15:00+00:00,832
2026-02-14 07:30:00+00:00,832
2026-02-14 07:45:00+00:00,832
2026-02-14 08:00:00+00:00,832
2026-02-14 08:15:00+00:00,832
2026-02-14 08:30:00+00:00,833
2026-02-14 08:45:00+00:00,833
2026-02-14 09:00:00+00:00,833
2026-02-14 09:15:00+00:00,833
2026-02-14 09:30:00+00:00,833
2026-02-14 09:45:00+00:00,833
2026-02-14 10:00:00+00:00,833
2026-02-14 10:15:00+00:00,833
2026-02-14 10:30:00+00:00,833
2026-02-14 10:45:00+00:00,833
2026-02-14 11:00:00+00:00,833
2026-02-14 11:15:00+00:00,833
2026-02-14 11:30:00+00:00,833
2026-02-14 11:45:00+00:00,832
2026-02-14 12:00:00+00:00,832
2026-02-14 12:15:00+00:00,832
2026-02-14 12:30:00+00:00,832
2026-02-14 12:45:00+00:00,832
2026-02-14 13:00:00+00:00,832
2026-02-14 13:15:00+00:00,832
2026-02-14 13:30:00+00:00,832
2026-02-14 13:45:00+00:00,832
2026-02-14 14:00:00+00:00,831
2026-02-14 14:15:00+00:00,831
2026-02-14 14:30:00+00:00,831
2026-02-14 14:45:00+00:00,831
2026-02-14 15:00:00+00:00,831
2026-02-14 15:15:00+00:00,831
2026-02-14 15:30:00+00:00,831
2026-02-14 15:45:00+00:00,831
2026-02-14 16:00:00+00:00,830
2026-02-14 16:15:00+00:00,830
2026-02-14 16:30:00+00:00,829
2026-02-14 16:45:00+00:00,829
2026-02-14 17:00:00+00:00,829
2026-02-14 17:15:00+00:00,829
2026-02-14 17:30:00+00:00,829
2026-02-14 17:45:00+00:00,829
2026-02-14 18:00:00+00:00,829
2026-02-14 18:15:00+00:00,830
2026-02-14 18:30:00+00:00,830
2026-02-14 18:45:00+00:00,830
2026-02-14 19:00:00+00:00,830
2026-02-14 19:15:00+00:00,829
2026-02-14 19:30:00+00:00,829
2026-02-14 19:45:00+00:00,829
2026-02-14 20:00:00+00:00,829
2026-02-14 20:15:00+00:00,829
2026-02-14 20:30:00+00:00,830
2026-02-14 20:45:00+00:00,830
2026-02-14 21:00:00+00:00,830
2026-02-14 21:15:00+00:00,831
2026-02-14 21:30:00+00:00,831
2026-02-14 21:45:00+00:00,832
2026-02-14 22:00:00+00:00,832
2026-02-14 22:15:00+00:00,833
2026-02-14 22:30:00+00:00,833
2026-02-14 22:45:00+00:00,834
2026-02-14 23:00:00+00:00,834
2026-02-14 23:15:00+00:00,835
2026-02-14 23:30:00+00:00,835
2026-02-14 23:45:00+00:00,836
2026-02-15 00:00:00+00:00,836
2026-02-15 00:15:00+00:00,837
2026-02-15 00:30:00+00:00,837
2026-02-15 00:45:00+00:00,837
2026-02-15 01:00:00+00:00,838
2026-02-15 01:15:00+00:00,838
2026-02-15 01:30:00+00:00,838
2026-02-15 01:45:00+00:00,838
2026-02-15 02:00:00+00:00,838
2026-02-15 02:15:00+00:00,838
2026-02-15 02:30:00+00:00,838
2026-02-15 02:45:00+00:00,838
2026-02-15 03:00:00+00:00,838
2026-02-15 03:15:00+00:00,838
2026-02-15 03:30:00+00:00,838
2026-02-15 03:45:00+00:00,838
2026-02-15 04:00:00+00:00,837
2026-02-15 04:15:00+00:00,837
2026-02-15 04:30:00+00:00,837
2026-02-15 04:45:00+00:00,837
2026-02-15 05:00:00+00:00,837
2026-02-15 05:15:00+00:00,837
2026-02-15 05:30:00+00:00,837
2026-02-15 05:45:00+00:00,837
2026-02-15 06:00:00+00:00,837
2026-02-15 06:15:00+00:00,837
2026-02-15 06:30:00+00:00,837
2026-02-15 06:45:00+00:00,837
2026-02-15 07:00:00+00:00,837
2026-02-15 07:15:00+00:00,837
2026-02-15 07:30:00+00:00,837
2026-02-15 07:45:00+00:00,838
2026-02-15 08:00:00+00:00,838
2026-02-15 08:15:00+00:00,838
2026-02-15 08:30:00+00:00,838
2026-02-15 08:45:00+00:00,838
2026-02-15 09:00:00+00:00,838
2026-02-15 09:15:00+00:00,838
2026-02-15 09:30:00+00:00,839
2026-02-15 09:45:00+00:00,839
2026-02-15 10:00:00+00:00,839
2026-02-15 10:15:00+00:00,839
2026-02-15 10:30:00+00:00,839
2026-02-15 10:45:00+00:00,839
2026-02-15 11:00:00+00:00,839
2026-02-15 11:15:00+00:00,839
2026-02-15 11:30:00+00:00,839
2026-02-15 11:45:00+00:00,839
2026-02-15 12:00:00+00:00,839
2026-02-15 12:15:00+00:00,839
2026-02-15 12:30:00+00:00,839
2026-02-15 12:45:00+00:00,839
2026-02-15 13:00:00+00:00,839
2026-02-15 13:15:00+00:00,838
2026-02-15 13:30:00+00:00,838
2026-02-15 13:45:00+00:00,838
2026-02-15 14:00:00+00:00,837
2026-02-15 14:15:00+00:00,837
2026-02-15 14:30:00+00:00,837
2026-02-15 14:45:00+00:00,836
2026-02-15 15:00:00+00:00,836
2026-02-15 15:15:00+00:00,835
2026-02-15 15:30:00+00:00,835
2026-02-15 15:45:00+00:00,834
2026-02-15 16:00:00+00:00,834
2026-02-15 16:15:00+00:00,833
2026-02-15 16:30:00+00:00,833
2026-02-15 16:45:00+00:00,833
2026-02-15 17:00:00+00:00,832
2026-02-15 17:15:00+00:00,832
2026-02-15 17:30:00+00:00,832
2026-02-15 17:45:00+00:00,832
2026-02-15 18:00:00+00:00,832
2026-02-15 18:15:00+00:00,832
2026-02-15 18:30:00+00:00,832
2026-02-15 18:45:00+00:00,832
2026-02-15 19:00:00+00:00,832
2026-02-15 19:15:00+00:00,833
2026-02-15 19:30:00+00:00,833
2026-02-15 19:45:00+00:00,833
2026-02-15 20:00:00+00:00,833
2026-02-15 20:15:00+00:00,833
2026-02-15 20:30:00+00:00,833
2026-02-15 20:45:00+00:00,834
2026-02-15 21:00:00+00:00,834
2026-02-15 21:15:00+00:00,835
2026-02-15 21:30:00+00:00,835
2026-02-15 21:45:00+00:00,835
2026-02-15 22:00:00+00:00,835
2026-02-15 22:15:00+00:00,836
2026-02-15 22:30:00+00:00,836
2026-02-15 22:45:00+00:00,837
2026-02-15 23:00:00+00:00,837
2026-02-15 23:15:00+00:00,837
2026-02-15 23:30:00+00:00,838
2026-02-15 23:45:00+00:00,838
2026-02-16 00:00:00+00:00,839
2026-02-16 00:15:00+00:00,839
2026-02-16 00:30:00+00:00,840
2026-02-16 00:45:00+00:00,840
2026-02-16 01:00:00+00:00,841
2026-02-16 01:15:00+00:00,841
2026-02-16 01:30:00+00:00,841
2026-02-16 01:45:00+00:00,841
2026-02-16 02:00:00+00:00,841
2026-02-16 02:15:00+00:00,841
2026-02-16 02:30:00+00:00,841
2026-02-16 02:45:00+00:00,841
2026-02-16 03:00:00+00:00,840
2026-02-16 03:15:00+00:00,840
2026-02-16 03:30:00+00:00,840
2026-02-16 03:45:00+00:00,840
2026-02-16 04:00:00+00:00,840
2026-02-16 04:15:00+00:00,840
2026-02-16 04:30:00+00:00,839
2026-02-16 04:45:00+00:00,839
2026-02-16 05:00:00+00:00,839
2026-02-16 05:15:00+00:00,839
2026-02-16 05:30:00+00:00,839
2026-02-16 05:45:00+00:00,839
2026-02-16 06:00:00+00:00,839
2026-02-16 06:15:00+00:00,838
2026-02-16 06:30:00+00:00,838
2026-02-16 06:45:00+00:00,838
2026-02-16 07:00:00+00:00,838
2026-02-16 07:15:00+00:00,838
2026-02-16 07:30:00+00:00,838
2026-02-16 07:45:00+00:00,838
2026-02-16 08:00:00+00:00,838
2026-02-16 08:15:00+00:00,838
2026-02-16 08:30:00+00:00,839
2026-02-16 08:45:00+00:00,839
2026-02-16 09:00:00+00:00,839
2026-02-16 09:15:00+00:00,839
2026-02-16 09:30:00+00:00,839
2026-02-16 09:45:00+00:00,839
2026-02-16 10:00:00+00:00,840
2026-02-16 10:15:00+00:00,840
2026-02-16 10:30:00+00:00,840
2026-02-16 10:45:00+00:00,840
2026-02-16 11:00:00+00:00,840
2026-02-16 11:15:00+00:00,840
2026-02-16 11:30:00+00:00,840
2026-02-16 11:45:00+00:00,840
2026-02-16 12:00:00+00:00,840
2026-02-16 12:15:00+00:00,840
2026-02-16 12:30:00+00:00,840
2026-02-16 12:45:00+00:00,840
2026-02-16 13:00:00+00:00,840
2026-02-16 13:15:00+00:00,841
2026-02-16 13:30:00+00:00,841
2026-02-16 13:45:00+00:00,841
2026-02-16 14:00:00+00:00,842
2026-02-16 14:15:00+00:00,842
2026-02-16 14:30:00+00:00,842
2026-02-16 14:45:00+00:00,842
2026-02-16 15:00:00+00:00,842
2026-02-16 15:15:00+00:00,842
2026-02-16 15:30:00+00:00,842
2026-02-16 15:45:00+00:00,842
2026-02-16 16:00:00+00:00,842
2026-02-16 16:15:00+00:00,841
2026-02-16 16:30:00+00:00,841
2026-02-16 16:45:00+00:00,841
2026-02-16 17:00:00+00:00,841
2026-02-16 17:15:00+00:00,841
2026-02-16 17:30:00+00:00,841
2026-02-16 17:45:00+00:00,841
2026-02-16 18:00:00+00:00,842
2026-02-16 18:15:00+00:00,842
2026-02-16 18:30:00+00:00,843
2026-02-16 18:45:00+00:00,843
2026-02-16 19:00:00+00:00,844
2026-02-16 19:15:00+00:00,844
2026-02-16 19:30:00+00:00,845
2026-02-16 19:45:00+00:00,845
2026-02-16 20:00:00+00:00,846
2026-02-16 20:15:00+00:00,847
2026-02-16 20:30:00+00:00,847
2026-02-16 20:45:00+00:00,848
2026-02-16 21:00:00+00:00,848
2026-02-16 21:15:00+00:00,848
2026-02-16 21:30:00+00:00,849
2026-02-16 21:45:00+00:00,849
2026-02-16 22:00:00+00:00,850
2026-02-16 22:15:00+00:00,850
2026-02-16 22:30:00+00:00,851
2026-02-16 22:45:00+00:00,851
2026-02-16 23:00:00+00:00,852
2026-02-16 23:15:00+00:00,852
2026-02-16 23:30:00+00:00,852
2026-02-16 23:45:00+00:00,853
2026-02-17 00:00:00+00:00,853
2026-02-17 00:15:00+00:00,854
2026-02-17 00:30:00+00:00,854
2026-02-17 00:45:00+00:00,854
2026-02-17 01:00:00+00:00,855
2026-02-17 01:15:00+00:00,855
2026-02-17 01:30:00+00:00,855
2026-02-17 01:45:00+00:00,855
2026-02-17 02:00:00+00:00,856
2026-02-17 02:15:00+00:00,856
2026-02-17 02:30:00+00:00,856
2026-02-17 02:45:00+00:00,856
2026-02-17 03:00:00+00:00,856
2026-02-17 03:15:00+00:00,856
2026-02-17 03:30:00+00:00,856
2026-02-17 03:45:00+00:00,856
2026-02-17 04:00:00+00:00,855
2026-02-17 04:15:00+00:00,855
2026-02-17 04:30:00+00:00,855
2026-02-17 04:45:00+00:00,855
2026-02-17 05:00:00+00:00,855
2026-02-17 05:15:00+00:00,855
2026-02-17 05:30:00+00:00,855
2026-02-17 05:45:00+00:00,855
2026-02-17 06:00:00+00:00,855
2026-02-17 06:15:00+00:00,854
2026-02-17 06:30:00+00:00,854
2026-02-17 06:45:00+00:00,854
2026-02-17 07:00:00+00:00,854
2026-02-17 07:15:00+00:00,854
2026-02-17 07:30:00+00:00,854
2026-02-17 07:45:00+00:00,854
2026-02-17 08:00:00+00:00,854
2026-02-17 08:15:00+00:00,854
2026-02-17 08:30:00+00:00,854
2026-02-17 08:45:00+00:00,854
2026-02-17 09:00:00+00:00,854
2026-02-17 09:15:00+00:00,854
2026-02-17 09:30:00+00:00,854
2026-02-17 09:45:00+00:00,855
2026-02-17 10:00:00+00:00,855
2026-02-17 10:15:00+00:00,855
2026-02-17 10:30:00+00:00,856
2026-02-17 10:45:00+00:00,856
2026-02-17 11:00:00+00:00,857
2026-02-17 11:15:00+00:00,857
2026-02-17 11:30:00+00:00,858
2026-02-17 11:45:00+00:00,858
2026-02-17 12:00:00+00:00,858
2026-02-17 12:15:00+00:00,859
2026-02-17 12:30:00+00:00,858
2026-02-17 12:45:00+00:00,857
2026-02-17 13:00:00+00:00,858
2026-02-17 13:15:00+00:00,860
2026-02-17 13:30:00+00:00,860
2026-02-17 13:45:00+00:00,860
2026-02-17 14:00:00+00:00,860
2026-02-17 14:15:00+00:00,861
2026-02-17 14:30:00+00:00,862
2026-02-17 14:45:00+00:00,863
2026-02-17 15:00:00+00:00,864
2026-02-17 15:15:00+00:00,865
2026-02-17 15:30:00+00:00,866
2026-02-17 15:45:00+00:00,867
2026-02-17 16:00:00+00:00,866
2026-02-17 16:15:00+00:00,866
2026-02-17 16:30:00+00:00,865
2026-02-17 16:45:00+00:00,865
2026-02-17 17:00:00+00:00,865
2026-02-17 17:15:00+00:00,865
2026-02-17 17:30:00+00:00,865
2026-02-17 17:45:00+00:00,866
2026-02-17 18:00:00+00:00,866
2026-02-17 18:15:00+00:00,867
2026-02-17 18:30:00+00:00,867
2026-02-17 18:45:00+00:00,868
2026-02-17 19:00:00+00:00,868
2026-02-17 19:15:00+00:00,868
2026-02-17 19:30:00+00:00,868
2026-02-17 19:45:00+00:00,868
2026-02-17 20:00:00+00:00,868
2026-02-17 20:15:00+00:00,867
2026-02-17 20:30:00+00:00,867
2026-02-17 20:45:00+00:00,866
2026-02-17 21:00:00+00:00,865
2026-02-17 21:15:00+00:00,864
2026-02-17 21:30:00+00:00,864
2026-02-17 21:45:00+00:00,863
2026-02-17 22:00:00+00:00,863
2026-02-17 22:15:00+00:00,863
2026-02-17 22:30:00+00:00,864
2026-02-17 22:45:00+00:00,865
2026-02-17 23:00:00+00:00,865
2026-02-17 23:15:00+00:00,865
2026-02-17 23:30:00+00:00,866
2026-02-17 23:45:00+00:00,867
2026-02-18 00:00:00+00:00,867
2026-02-18 00:15:00+00:00,868
2026-02-18 00:30:00+00:00,868
2026-02-18 00:45:00+00:00,869
2026-02-18 01:00:00+00:00,869
2026-02-18 01:15:00+00:00,870
2026-02-18 01:30:00+00:00,870
2026-02-18 01:45:00+00:00,870
2026-02-18 02:00:00+00:00,870
2026-02-18 02:15:00+00:00,870
2026-02-18 02:30:00+00:00,870
2026-02-18 02:45:00+00:00,870
2026-02-18 03:00:00+00:00,870
2026-02-18 03:15:00+00:00,869
2026-02-18 03:30:00+00:00,868
2026-02-18 03:45:00+00:00,867
2026-02-18 04:00:00+00:00,867
2026-02-18 04:15:00+00:00,866
2026-02-18 04:30:00+00:00,865
2026-02-18 04:45:00+00:00,865
2026-02-18 05:00:00+00:00,864
2026-02-18 05:15:00+00:00,863
2026-02-18 05:30:00+00:00,862
2026-02-18 05:45:00+00:00,862
2026-02-18 06:00:00+00:00,861
2026-02-18 06:15:00+00:00,860
2026-02-18 06:30:00+00:00,860
2026-02-18 06:45:00+00:00,859
2026-02-18 07:00:00+00:00,859
2026-02-18 07:15:00+00:00,859
2026-02-18 07:30:00+00:00,859
2026-02-18 07:45:00+00:00,859
2026-02-18 08:00:00+00:00,859
2026-02-18 08:15:00+00:00,859
2026-02-18 08:30:00+00:00,859
2026-02-18 08:45:00+00:00,859
2026-02-18 09:00:00+00:00,859
2026-02-18 09:15:00+00:00,859
2026-02-18 09:30:00+00:00,858
2026-02-18 09:45:00+00:00,858
2026-02-18 10:00:00+00:00,858
2026-02-18 10:15:00+00:00,857
2026-02-18 10:30:00+00:00,857
2026-02-18 10:45:00+00:00,856
2026-02-18 11:00:00+00:00,856
2026-02-18 11:15:00+00:00,856
2026-02-18 11:30:00+00:00,855
2026-02-18 11:45:00+00:00,855
2026-02-18 12:00:00+00:00,855
2026-02-18 12:15:00+00:00,855
2026-02-18 12:30:00+00:00,855
2026-02-18 12:45:00+00:00,854
2026-02-18 13:00:00+00:00,854
2026-02-18 13:15:00+00:00,854
2026-02-18 13:30:00+00:00,854
2026-02-18 13:45:00+00:00,855
2026-02-18 14:00:00+00:00,854
2026-02-18 14:15:00+00:00,854
2026-02-18 14:30:00+00:00,855
2026-02-18 14:45:00+00:00,855
2026-02-18 15:00:00+00:00,855
2026-02-18 15:15:00+00:00,855
2026-02-18 15:30:00+00:00,855
2026-02-18 15:45:00+00:00,856
2026-02-18 16:00:00+00:00,856
2026-02-18 16:15:00+00:00,856
2026-02-18 16:30:00+00:00,857
2026-02-18 16:45:00+00:00,857
2026-02-18 17:00:00+00:00,857
2026-02-18 17:15:00+00:00,858
2026-02-18 18:30:00+00:00,859
2026-02-18 18:45:00+00:00,860
2026-02-18 19:00:00+00:00,860
2026-02-18 19:15:00+00:00,860
2026-02-18 19:30:00+00:00,861
2026-02-18 19:45:00+00:00,861
2026-02-18 20:00:00+00:00,862
2026-02-18 20:15:00+00:00,862
2026-02-18 20:30:00+00:00,862
2026-02-18 20:45:00+00:00,863
2026-02-18 21:00:00+00:00,863
2026-02-18 21:15:00+00:00,864
2026-02-18 21:30:00+00:00,864
2026-02-18 21:45:00+00:00,864
2026-02-18 22:00:00+00:00,864
2026-02-18 22:15:00+00:00,865
2026-02-18 22:30:00+00:00,866
2026-02-18 22:45:00+00:00,866
2026-02-18 23:00:00+00:00,865
2026-02-18 23:15:00+00:00,865
2026-02-18 23:30:00+00:00,866
2026-02-18 23:45:00+00:00,866
2026-02-19 00:00:00+00:00,866
2026-02-19 00:15:00+00:00,867
2026-02-19 00:30:00+00:00,870
2026-02-19 00:45:00+00:00,871
2026-02-19 01:00:00+00:00,871
2026-02-19 01:15:00+00:00,870
2026-02-19 01:30:00+00:00,870
2026-02-19 01:45:00+00:00,871
2026-02-19 02:00:00+00:00,872
2026-02-19 02:15:00+00:00,872
2026-02-19 02:30:00+00:00,872
2026-02-19 02:45:00+00:00,872
2026-02-19 03:00:00+00:00,872
2026-02-19 03:15:00+00:00,871
2026-02-19 03:30:00+00:00,870
2026-02-19 03:45:00+00:00,869
2026-02-19 04:00:00+00:00,869
2026-02-19 04:15:00+00:00,868
2026-02-19 04:30:00+00:00,868
2026-02-19 04:45:00+00:00,867
2026-02-19 05:00:00+00:00,866
2026-02-19 05:15:00+00:00,866
2026-02-19 05:30:00+00:00,866
2026-02-19 05:45:00+00:00,865
2026-02-19 06:00:00+00:00,865
2026-02-19 06:15:00+00:00,865
2026-02-19 06:30:00+00:00,865
2026-02-19 06:45:00+00:00,865
2026-02-19 07:00:00+00:00,866
2026-02-19 07:15:00+00:00,866
2026-02-19 07:30:00+00:00,866
2026-02-19 07:45:00+00:00,866
2026-02-19 08:00:00+00:00,867
2026-02-19 08:15:00+00:00,867
2026-02-19 08:30:00+00:00,867
2026-02-19 08:45:00+00:00,866
2026-02-19 09:00:00+00:00,867
2026-02-19 09:15:00+00:00,867
2026-02-19 09:30:00+00:00,867
2026-02-19 09:45:00+00:00,867
2026-02-19 10:00:00+00:00,866
2026-02-19 10:15:00+00:00,866
2026-02-19 10:30:00+00:00,866
2026-02-19 10:45:00+00:00,865
2026-02-19 11:00:00+00:00,865
2026-02-19 11:15:00+00:00,865
2026-02-19 11:30:00+00:00,865
2026-02-19 11:45:00+00:00,864
2026-02-19 12:00:00+00:00,864
2026-02-19 12:15:00+00:00,864
2026-02-19 12:30:00+00:00,864
2026-02-19 12:45:00+00:00,864
2026-02-19 13:00:00+00:00,864
2026-02-19 13:15:00+00:00,864
2026-02-19 13:30:00+00:00,863
2026-02-19 13:45:00+00:00,864
2026-02-19 14:00:00+00:00,864
2026-02-19 14:15:00+00:00,864
2026-02-19 14:30:00+00:00,864
2026-02-19 14:45:00+00:00,864
2026-02-19 15:00:00+00:00,864
2026-02-19 15:15:00+00:00,864
2026-02-19 15:30:00+00:00,864
2026-02-19 15:45:00+00:00,864
2026-02-19 16:00:00+00:00,864
2026-02-19 16:15:00+00:00,864
2026-02-19 16:30:00+00:00,864
2026-02-19 16:45:00+00:00,864
2026-02-19 17:00:00+00:00,863
2026-02-19 17:15:00+00:00,864
2026-02-19 17:30:00+00:00,864
2026-02-19 17:45:00+00:00,864
2026-02-19 18:00:00+00:00,864
2026-02-19 18:15:00+00:00,863
2026-02-19 18:30:00+00:00,863
2026-02-19 18:45:00+00:00,864
2026-02-19 19:00:00+00:00,867
2026-02-19 19:15:00+00:00,867
2026-02-19 19:30:00+00:00,867
2026-02-19 19:45:00+00:00,869
2026-02-19 20:00:00+00:00,869
2026-02-19 20:15:00+00:00,869
2026-02-19 20:30:00+00:00,868
2026-02-19 20:45:00+00:00,868
2026-02-19 21:00:00+00:00,868
2026-02-19 21:15:00+00:00,867
2026-02-19 21:30:00+00:00,867
2026-02-19 21:45:00+00:00,867
2026-02-19 22:00:00+00:00,866
2026-02-19 22:15:00+00:00,866
2026-02-19 22:30:00+00:00,865
2026-02-19 22:45:00+00:00,865
2026-02-19 23:00:00+00:00,865
2026-02-19 23:15:00+00:00,865
2026-02-19 23:30:00+00:00,865
2026-02-19 23:45:00+00:00,866
2026-02-20 00:00:00+00:00,866
2026-02-20 00:15:00+00:00,866
2026-02-20 00:30:00+00:00,867
2026-02-20 00:45:00+00:00,867
2026-02-20 01:00:00+00:00,867
2026-02-20 01:15:00+00:00,868
2026-02-20 01:30:00+00:00,868
2026-02-20 01:45:00+00:00,869
2026-02-20 02:00:00+00:00,869
2026-02-20 02:15:00+00:00,869
2026-02-20 02:30:00+00:00,870
2026-02-20 02:45:00+00:00,870
2026-02-20 03:00:00+00:00,870
2026-02-20 03:15:00+00:00,870
2026-02-20 03:30:00+00:00,870
2026-02-20 03:45:00+00:00,870
2026-02-20 04:00:00+00:00,870
2026-02-20 04:15:00+00:00,869
2026-02-20 04:30:00+00:00,869
2026-02-20 04:45:00+00:00,869
2026-02-20 05:00:00+00:00,869
2026-02-20 05:15:00+00:00,868
2026-02-20 05:30:00+00:00,868
2026-02-20 05:45:00+00:00,868
2026-02-20 06:00:00+00:00,868
2026-02-20 06:15:00+00:00,867
2026-02-20 06:30:00+00:00,867
2026-02-20 06:45:00+00:00,867
2026-02-20 07:00:00+00:00,868
2026-02-20 07:15:00+00:00,868
2026-02-20 07:30:00+00:00,868
2026-02-20 07:45:00+00:00,868
2026-02-20 08:00:00+00:00,869
2026-02-20 08:15:00+00:00,869
2026-02-20 08:30:00+00:00,870
2026-02-20 08:45:00+00:00,871
2026-02-20 09:00:00+00:00,872
2026-02-20 09:15:00+00:00,873
2026-02-20 09:30:00+00:00,874
2026-02-20 09:45:00+00:00,876
2026-02-20 10:00:00+00:00,877
2026-02-20 10:15:00+00:00,878
2026-02-20 10:30:00+00:00,880
2026-02-20 10:45:00+00:00,881
2026-02-20 11:00:00+00:00,882
2026-02-20 11:15:00+00:00,882
2026-02-20 11:30:00+00:00,883
2026-02-20 11:45:00+00:00,883
2026-02-20 12:00:00+00:00,883
2026-02-20 12:15:00+00:00,883
2026-02-20 12:30:00+00:00,883
2026-02-20 12:45:00+00:00,883
2026-02-20 13:00:00+00:00,883
2026-02-20 13:15:00+00:00,883
2026-02-20 13:30:00+00:00,883
2026-02-20 13:45:00+00:00,883
2026-02-20 14:00:00+00:00,882
2026-02-20 14:15:00+00:00,882
2026-02-20 14:30:00+00:00,882
2026-02-20 14:45:00+00:00,882
2026-02-20 15:00:00+00:00,882
2026-02-20 15:15:00+00:00,882
2026-02-20 15:30:00+00:00,883
2026-02-20 15:45:00+00:00,883
2026-02-20 16:00:00+00:00,883
2026-02-20 16:15:00+00:00,883
2026-02-20 16:30:00+00:00,884
2026-02-20 16:45:00+00:00,884
2026-02-20 17:00:00+00:00,885
2026-02-20 17:15:00+00:00,885
2026-02-20 17:30:00+00:00,886
2026-02-20 17:45:00+00:00,887
2026-02-20 18:00:00+00:00,887
2026-02-20 18:15:00+00:00,888
2026-02-20 18:30:00+00:00,889
2026-02-20 18:45:00+00:00,889
2026-02-20 19:00:00+00:00,890
2026-02-20 19:15:00+00:00,890
2026-02-20 19:30:00+00:00,890
2026-02-20 19:45:00+00:00,890
2026-02-20 20:00:00+00:00,890
2026-02-20 20:15:00+00:00,891
2026-02-20 20:30:00+00:00,891
2026-02-20 20:45:00+00:00,891
2026-02-20 21:00:00+00:00,890
2026-02-20 21:15:00+00:00,889
2026-02-20 21:30:00+00:00,889
2026-02-20 21:45:00+00:00,888
2026-02-20 22:00:00+00:00,887
2026-02-20 22:15:00+00:00,886
2026-02-20 22:30:00+00:00,886
2026-02-20 22:45:00+00:00,885
2026-02-20 23:00:00+00:00,884
2026-02-20 23:15:00+00:00,884
2026-02-20 23:30:00+00:00,882
2026-02-20 23:45:00+00:00,882
2026-02-21 00:00:00+00:00,881
2026-02-21 00:15:00+00:00,881
2026-02-21 00:30:00+00:00,882
2026-02-21 00:45:00+00:00,882
2026-02-21 01:00:00+00:00,882
2026-02-21 01:15:00+00:00,882
2026-02-21 01:30:00+00:00,883
2026-02-21 01:45:00+00:00,883
2026-02-21 02:00:00+00:00,884
2026-02-21 02:15:00+00:00,885
2026-02-21 02:30:00+00:00,886
2026-02-21 02:45:00+00:00,887
2026-02-21 03:00:00+00:00,888
2026-02-21 03:15:00+00:00,889
2026-02-21 03:30:00+00:00,890
2026-02-21 03:45:00+00:00,891
2026-02-21 04:00:00+00:00,892
2026-02-21 04:15:00+00:00,893
2026-02-21 04:30:00+00:00,895
2026-02-21 04:45:00+00:00,896
2026-02-21 05:00:00+00:00,897
2026-02-21 05:15:00+00:00,898
2026-02-21 05:30:00+00:00,900
2026-02-21 05:45:00+00:00,901
2026-02-21 06:00:00+00:00,902
2026-02-21 06:15:00+00:00,904
2026-02-21 06:30:00+00:00,905
2026-02-21 06:45:00+00:00,906
2026-02-21 07:00:00+00:00,908
2026-02-21 07:15:00+00:00,909
2026-02-21 07:30:00+00:00,911
2026-02-21 07:45:00+00:00,912
2026-02-21 08:00:00+00:00,913
2026-02-21 08:15:00+00:00,914
2026-02-21 08:30:00+00:00,915
2026-02-21 08:45:00+00:00,916
2026-02-21 09:00:00+00:00,917
2026-02-21 09:15:00+00:00,917
2026-02-21 09:30:00+00:00,918
2026-02-21 09:45:00+00:00,918
2026-02-21 10:00:00+00:00,918
2026-02-21 10:15:00+00:00,918
2026-02-21 10:30:00+00:00,919
2026-02-21 10:45:00+00:00,919
2026-02-21 11:00:00+00:00,920
2026-02-21 11:15:00+00:00,920
2026-02-21 11:30:00+00:00,921
2026-02-21 11:45:00+00:00,921
2026-02-21 12:00:00+00:00,922
2026-02-21 12:15:00+00:00,922
2026-02-21 12:30:00+00:00,923
2026-02-21 12:45:00+00:00,924
2026-02-21 13:00:00+00:00,925
2026-02-21 13:15:00+00:00,926
2026-02-21 13:30:00+00:00,927
2026-02-21 13:45:00+00:00,928
2026-02-21 14:00:00+00:00,929
2026-02-21 14:15:00+00:00,930
2026-02-21 14:30:00+00:00,931
2026-02-21 14:45:00+00:00,933
2026-02-21 15:00:00+00:00,934
2026-02-21 15:15:00+00:00,935
2026-02-21 15:30:00+00:00,936
2026-02-21 15:45:00+00:00,937
2026-02-21 16:00:00+00:00,937
2026-02-21 16:15:00+00:00,936
2026-02-21 16:30:00+00:00,935
2026-02-21 16:45:00+00:00,936
2026-02-21 17:00:00+00:00,938
2026-02-21 17:15:00+00:00,939
2026-02-21 17:30:00+00:00,939
2026-02-21 17:45:00+00:00,940
2026-02-21 18:00:00+00:00,940
2026-02-21 18:15:00+00:00,941
2026-02-21 18:30:00+00:00,943
2026-02-21 18:45:00+00:00,945
2026-02-21 19:00:00+00:00,947
2026-02-21 19:15:00+00:00,948
2026-02-21 19:30:00+00:00,948
2026-02-21 19:45:00+00:00,948
2026-02-21 20:00:00+00:00,949
2026-02-21 20:15:00+00:00,954
2026-02-21 20:30:00+00:00,958
2026-02-21 20:45:00+00:00,961
2026-02-21 21:00:00+00:00,963
2026-02-21 21:15:00+00:00,963
2026-02-21 21:30:00+00:00,964
2026-02-21 21:45:00+00:00,966
2026-02-21 22:00:00+00:00,968
2026-02-21 22:15:00+00:00,970
2026-02-21 22:30:00+00:00,972
2026-02-21 22:45:00+00:00,975
2026-02-21 23:00:00+00:00,981
2026-02-21 23:15:00+00:00,984
2026-02-21 23:30:00+00:00,986
2026-02-21 23:45:00+00:00,988
2026-02-22 00:00:00+00:00,992
2026-02-22 00:15:00+00:00,996
2026-02-22 00:30:00+00:00,1000
2026-02-22 00:45:00+00:00,1000
2026-02-22 01:00:00+00:00,1010
2026-02-22 01:15:00+00:00,1010
2026-02-22 01:30:00+00:00,1020
2026-02-22 01:45:00+00:00,1020
2026-02-22 02:00:00+00:00,1020
2026-02-22 02:15:00+00:00,1030
2026-02-22 02:30:00+00:00,1030
2026-02-22 02:45:00+00:00,1040
2026-02-22 03:00:00+00:00,1040
2026-02-22 03:15:00+00:00,1040
2026-02-22 03:30:00+00:00,1050
2026-02-22 03:45:00+00:00,1050
2026-02-22 04:00:00+00:00,1050
2026-02-22 04:15:00+00:00,1060
2026-02-22 04:30:00+00:00,1060
2026-02-22 04:45:00+00:00,1060
2026-02-22 05:00:00+00:00,1060
2026-02-22 05:15:00+00:00,1070
2026-02-22 05:30:00+00:00,1060
2026-02-22 05:45:00+00:00,1070
2026-02-22 06:00:00+00:00,1070
2026-02-22 06:15:00+00:00,1070
2026-02-22 06:30:00+00:00,1070
2026-02-22 06:45:00+00:00,1070
2026-02-22 07:00:00+00:00,1070
2026-02-22 07:15:00+00:00,1060
2026-02-22 07:30:00+00:00,1060
2026-02-22 08:45:00+00:00,1050
2026-02-22 09:00:00+00:00,1050
2026-02-22 09:15:00+00:00,1050
2026-02-22 09:30:00+00:00,1050
2026-02-22 09:45:00+00:00,1040
2026-02-22 10:00:00+00:00,1040
2026-02-22 10:15:00+00:00,1030
2026-02-22 10:30:00+00:00,1040
2026-02-22 10:45:00+00:00,1030
2026-02-22 11:00:00+00:00,1030
2026-02-22 11:15:00+00:00,1030
2026-02-22 11:30:00+00:00,1030
2026-02-22 11:45:00+00:00,1020
2026-02-22 12:15:00+00:00,1020
2026-02-22 12:30:00+00:00,1010
2026-02-22 12:45:00+00:00,1010
2026-02-22 13:00:00+00:00,997
2026-02-22 13:15:00+00:00,995
2026-02-22 13:30:00+00:00,989
2026-02-22 13:45:00+00:00,986
2026-02-22 14:15:00+00:00,985
2026-02-22 14:30:00+00:00,990
2026-02-22 14:45:00+00:00,995
2026-02-22 15:00:00+00:00,999
2026-02-22 15:15:00+00:00,1000
2026-02-22 15:30:00+00:00,1010
2026-02-22 15:45:00+00:00,1010
2026-02-22 16:00:00+00:00,1010
2026-02-22 16:15:00+00:00,1020
2026-02-22 16:30:00+00:00,1020
2026-02-22 16:45:00+00:00,1020
2026-02-22 17:00:00+00:00,1020
2026-02-22 17:15:00+00:00,1020
2026-02-22 17:30:00+00:00,1020
2026-02-22 17:45:00+00:00,1020
2026-02-22 18:00:00+00:00,1020
2026-02-22 18:15:00+00:00,1020
2026-02-22 18:30:00+00:00,1020
2026-02-22 18:45:00+00:00,1020
2026-02-22 19:00:00+00:00,1020
2026-02-22 19:15:00+00:00,1020
2026-02-22 19:30:00+00:00,1010
2026-02-22 19:45:00+00:00,1010
2026-02-22 20:00:00+00:00,1010
2026-02-22 20:15:00+00:00,1010
2026-02-22 20:30:00+00:00,1000
2026-02-22 20:45:00+00:00,1000
2026-02-22 21:00:00+00:00,998
2026-02-22 21:15:00+00:00,995
2026-02-22 21:30:00+00:00,992
2026-02-22 21:45:00+00:00,990
2026-02-22 22:00:00+00:00,987
2026-02-22 22:15:00+00:00,984
2026-02-22 22:30:00+00:00,983
2026-02-22 22:45:00+00:00,982
2026-02-22 23:00:00+00:00,981
2026-02-22 23:15:00+00:00,981
2026-02-22 23:30:00+00:00,981
2026-02-22 23:45:00+00:00,982
2026-02-23 00:00:00+00:00,982
2026-02-23 00:15:00+00:00,983
2026-02-23 00:30:00+00:00,984
2026-02-23 00:45:00+00:00,986
2026-02-23 01:00:00+00:00,987
2026-02-23 01:15:00+00:00,989
2026-02-23 01:30:00+00:00,990
2026-02-23 01:45:00+00:00,991
2026-02-23 02:00:00+00:00,992
2026-02-23 02:15:00+00:00,993
2026-02-23 02:30:00+00:00,994
2026-02-23 02:45:00+00:00,995
2026-02-23 03:00:00+00:00,995
2026-02-23 03:15:00+00:00,996
2026-02-23 03:30:00+00:00,996
2026-02-23 03:45:00+00:00,996
2026-02-23 04:00:00+00:00,995
2026-02-23 04:15:00+00:00,995
2026-02-23 04:30:00+00:00,995
2026-02-23 04:45:00+00:00,995
2026-02-23 05:00:00+00:00,995
2026-02-23 05:15:00+00:00,995
2026-02-23 05:30:00+00:00,995
2026-02-23 05:45:00+00:00,995
2026-02-23 06:00:00+00:00,996
2026-02-23 06:15:00+00:00,997
2026-02-23 06:30:00+00:00,998
2026-02-23 06:45:00+00:00,999
2026-02-23 07:00:00+00:00,1000
2026-02-23 07:15:00+00:00,1000
2026-02-23 07:30:00+00:00,1000
2026-02-23 07:45:00+00:00,1000
2026-02-23 08:00:00+00:00,1010
2026-02-23 08:15:00+00:00,1010
2026-02-23 08:30:00+00:00,1010
2026-02-23 08:45:00+00:00,1020
2026-02-23 09:00:00+00:00,1020
2026-02-23 09:15:00+00:00,1020
2026-02-23 09:30:00+00:00,1020
2026-02-23 09:45:00+00:00,1030
2026-02-23 10:00:00+00:00,1030
2026-02-23 10:15:00+00:00,1030
2026-02-23 10:30:00+00:00,1030
2026-02-23 10:45:00+00:00,1030
2026-02-23 11:00:00+00:00,1030
2026-02-23 11:15:00+00:00,1020
2026-02-23 11:30:00+00:00,1020
2026-02-23 11:45:00+00:00,1020
2026-02-23 12:00:00+00:00,1020
2026-02-23 12:15:00+00:00,1030
2026-02-23 12:30:00+00:00,1030
2026-02-23 12:45:00+00:00,1030
2026-02-23 13:00:00+00:00,1030
2026-02-23 13:15:00+00:00,1030
2026-02-23 13:30:00+00:00,1030
2026-02-23 13:45:00+00:00,1030
2026-02-23 14:00:00+00:00,1030
2026-02-23 14:15:00+00:00,1030
2026-02-23 14:30:00+00:00,1030
2026-02-23 14:45:00+00:00,1030
2026-02-23 15:00:00+00:00,1030
2026-02-23 15:15:00+00:00,1030
2026-02-23 15:30:00+00:00,1030
2026-02-23 15:45:00+00:00,1020
2026-02-23 16:00:00+00:00,1020
2026-02-23 16:15:00+00:00,1010
2026-02-23 16:30:00+00:00,1000
2026-02-23 16:45:00+00:00,998
2026-02-23 17:00:00+00:00,991
2026-02-23 17:15:00+00:00,984
2026-02-23 17:30:00+00:00,976
2026-02-23 17:45:00+00:00,968
2026-02-23 18:00:00+00:00,959
2026-02-23 18:15:00+00:00,949
2026-02-23 18:30:00+00:00,939
2026-02-23 18:45:00+00:00,929
2026-02-23 19:00:00+00:00,921
2026-02-23 19:15:00+00:00,911
2026-02-23 19:30:00+00:00,903
2026-02-23 19:45:00+00:00,895
2026-02-23 20:00:00+00:00,888
2026-02-23 20:15:00+00:00,881
2026-02-23 20:30:00+00:00,874
2026-02-23 20:45:00+00:00,870
2026-02-23 21:00:00+00:00,864
2026-02-23 21:15:00+00:00,860
2026-02-23 21:30:00+00:00,856
2026-02-23 21:45:00+00:00,852
2026-02-23 22:00:00+00:00,849
2026-02-23 22:15:00+00:00,847
2026-02-23 22:30:00+00:00,844
2026-02-23 22:45:00+00:00,842
2026-02-23 23:00:00+00:00,841
2026-02-23 23:15:00+00:00,839
2026-02-23 23:30:00+00:00,838
2026-02-23 23:45:00+00:00,837
2026-02-24 00:00:00+00:00,837
2026-02-24 00:15:00+00:00,837
2026-02-24 00:30:00+00:00,838
2026-02-24 00:45:00+00:00,839
2026-02-24 01:00:00+00:00,840
2026-02-24 01:15:00+00:00,842
2026-02-24 01:30:00+00:00,844
2026-02-24 01:45:00+00:00,847
2026-02-24 02:00:00+00:00,850
2026-02-24 02:15:00+00:00,853
2026-02-24 02:30:00+00:00,855
2026-02-24 02:45:00+00:00,858
2026-02-24 03:00:00+00:00,862
2026-02-24 03:15:00+00:00,865
2026-02-24 03:30:00+00:00,868
2026-02-24 03:45:00+00:00,871
2026-02-24 04:00:00+00:00,875
2026-02-24 04:15:00+00:00,879
2026-02-24 04:30:00+00:00,883
2026-02-24 04:45:00+00:00,887
2026-02-24 05:00:00+00:00,891
2026-02-24 05:15:00+00:00,895
2026-02-24 05:30:00+00:00,899
2026-02-24 05:45:00+00:00,903
2026-02-24 06:00:00+00:00,908
2026-02-24 06:15:00+00:00,913
2026-02-24 06:30:00+00:00,918
2026-02-24 06:45:00+00:00,922
2026-02-24 07:00:00+00:00,926
2026-02-24 07:15:00+00:00,930
2026-02-24 07:30:00+00:00,933
2026-02-24 07:45:00+00:00,936
2026-02-24 08:00:00+00:00,937
2026-02-24 08:15:00+00:00,938
2026-02-24 08:30:00+00:00,937
2026-02-24 08:45:00+00:00,936
2026-02-24 09:00:00+00:00,934
2026-02-24 09:15:00+00:00,932
2026-02-24 09:30:00+00:00,929
2026-02-24 09:45:00+00:00,927
2026-02-24 10:00:00+00:00,924
2026-02-24 10:15:00+00:00,923
2026-02-24 10:30:00+00:00,921
2026-02-24 10:45:00+00:00,920
2026-02-24 11:00:00+00:00,920
2026-02-24 11:15:00+00:00,921
2026-02-24 11:30:00+00:00,922
2026-02-24 11:45:00+00:00,923
2026-02-24 12:00:00+00:00,925
2026-02-24 12:15:00+00:00,927
2026-02-24 12:30:00+00:00,928
2026-02-24 12:45:00+00:00,928
2026-02-24 13:00:00+00:00,928
2026-02-24 13:15:00+00:00,927
2026-02-24 13:30:00+00:00,923
2026-02-24 13:45:00+00:00,918
2026-02-24 14:00:00+00:00,912
2026-02-24 14:15:00+00:00,906
2026-02-24 14:30:00+00:00,899
2026-02-24 14:45:00+00:00,893
2026-02-24 15:00:00+00:00,888
2026-02-24 15:15:00+00:00,883
2026-02-24 15:30:00+00:00,880
2026-02-24 15:45:00+00:00,876
2026-02-24 16:00:00+00:00,871
2026-02-24 16:15:00+00:00,868
2026-02-24 16:30:00+00:00,863
2026-02-24 16:45:00+00:00,860
2026-02-24 17:00:00+00:00,856
2026-02-24 17:15:00+00:00,853
2026-02-24 17:30:00+00:00,849
2026-02-24 17:45:00+00:00,847
2026-02-24 18:00:00+00:00,844
2026-02-24 18:15:00+00:00,843
2026-02-24 18:30:00+00:00,841
2026-02-24 18:45:00+00:00,840
2026-02-24 19:00:00+00:00,839
2026-02-24 19:15:00+00:00,837
2026-02-24 19:30:00+00:00,836
2026-02-24 19:45:00+00:00,835
2026-02-24 20:00:00+00:00,834
2026-02-24 20:15:00+00:00,834
2026-02-24 20:30:00+00:00,833
2026-02-24 20:45:00+00:00,833
2026-02-24 21:00:00+00:00,833
2026-02-24 21:15:00+00:00,832
2026-02-24 21:30:00+00:00,831
2026-02-24 21:45:00+00:00,830
2026-02-24 22:00:00+00:00,829
2026-02-24 22:15:00+00:00,828
2026-02-24 22:30:00+00:00,827
2026-02-24 22:45:00+00:00,826
2026-02-24 23:00:00+00:00,824
2026-02-24 23:15:00+00:00,823
2026-02-24 23:30:00+00:00,822
2026-02-24 23:45:00+00:00,821
2026-02-25 00:00:00+00:00,820
2026-02-25 00:15:00+00:00,820
2026-02-25 00:30:00+00:00,819
2026-02-25 00:45:00+00:00,819
2026-02-25 01:00:00+00:00,818
2026-02-25 01:15:00+00:00,817
2026-02-25 01:30:00+00:00,817
2026-02-25 01:45:00+00:00,817
2026-02-25 02:00:00+00:00,817
2026-02-25 02:15:00+00:00,817
2026-02-25 02:30:00+00:00,817
2026-02-25 02:45:00+00:00,817
2026-02-25 03:00:00+00:00,818
2026-02-25 03:15:00+00:00,819
2026-02-25 03:30:00+00:00,820
2026-02-25 03:45:00+00:00,821
2026-02-25 04:00:00+00:00,822
2026-02-25 04:15:00+00:00,824
2026-02-25 04:30:00+00:00,826
2026-02-25 04:45:00+00:00,828
2026-02-25 05:00:00+00:00,830
2026-02-25 05:15:00+00:00,832
2026-02-25 05:30:00+00:00,835
2026-02-25 05:45:00+00:00,838
2026-02-25 06:00:00+00:00,841
2026-02-25 06:15:00+00:00,844
2026-02-25 06:30:00+00:00,848
2026-02-25 06:45:00+00:00,851
2026-02-25 07:00:00+00:00,855
2026-02-25 07:15:00+00:00,860
2026-02-25 07:30:00+00:00,864
2026-02-25 07:45:00+00:00,868
2026-02-25 08:00:00+00:00,871
2026-02-25 08:15:00+00:00,875
2026-02-25 08:30:00+00:00,878
2026-02-25 08:45:00+00:00,881
2026-02-25 09:00:00+00:00,884
2026-02-25 09:15:00+00:00,888
2026-02-25 09:30:00+00:00,891
2026-02-25 09:45:00+00:00,892
2026-02-25 10:00:00+00:00,892
2026-02-25 10:15:00+00:00,891
2026-02-25 10:30:00+00:00,891
2026-02-25 10:45:00+00:00,889
2026-02-25 11:00:00+00:00,888
2026-02-25 11:15:00+00:00,886
2026-02-25 11:30:00+00:00,883
2026-02-25 11:45:00+00:00,879
2026-02-25 12:00:00+00:00,875
2026-02-25 12:15:00+00:00,871
2026-02-25 12:30:00+00:00,867
2026-02-25 12:45:00+00:00,862
2026-02-25 13:00:00+00:00,858
2026-02-25 13:15:00+00:00,854
2026-02-25 13:30:00+00:00,849
2026-02-25 13:45:00+00:00,845
2026-02-25 14:00:00+00:00,840
2026-02-25 14:15:00+00:00,836
2026-02-25 14:30:00+00:00,832
2026-02-25 14:45:00+00:00,828
2026-02-25 15:00:00+00:00,824
2026-02-25 15:15:00+00:00,820
2026-02-25 15:30:00+00:00,817
2026-02-25 15:45:00+00:00,814
2026-02-25 16:00:00+00:00,812
2026-02-25 16:15:00+00:00,810
2026-02-25 16:30:00+00:00,808
2026-02-25 16:45:00+00:00,807
2026-02-25 17:00:00+00:00,806
2026-02-25 17:15:00+00:00,806
2026-02-25 17:30:00+00:00,806
2026-02-25 17:45:00+00:00,806
2026-02-25 18:00:00+00:00,807
2026-02-25 18:15:00+00:00,808
2026-02-25 18:30:00+00:00,810
2026-02-25 18:45:00+00:00,812
2026-02-25 19:00:00+00:00,814
2026-02-25 19:15:00+00:00,817
2026-02-25 19:30:00+00:00,820
2026-02-25 19:45:00+00:00,822
2026-02-25 20:00:00+00:00,825
2026-02-25 20:15:00+00:00,827
2026-02-25 20:30:00+00:00,830
2026-02-25 20:45:00+00:00,832
2026-02-25 21:00:00+00:00,834
2026-02-25 21:15:00+00:00,837
2026-02-25 21:30:00+00:00,839
2026-02-25 21:45:00+00:00,840
2026-02-25 22:00:00+00:00,842
2026-02-25 22:15:00+00:00,842
2026-02-25 22:30:00+00:00,843
2026-02-25 22:45:00+00:00,843
2026-02-25 23:00:00+00:00,843
2026-02-25 23:15:00+00:00,843
2026-02-25 23:30:00+00:00,842
2026-02-25 23:45:00+00:00,841
2026-02-26 00:00:00+00:00,841
2026-02-26 00:15:00+00:00,839
2026-02-26 00:30:00+00:00,838
2026-02-26 00:45:00+00:00,837
2026-02-26 01:00:00+00:00,835
2026-02-26 01:15:00+00:00,834
2026-02-26 01:30:00+00:00,832
2026-02-26 01:45:00+00:00,831
2026-02-26 02:00:00+00:00,829
2026-02-26 02:15:00+00:00,828
2026-02-26 02:30:00+00:00,826
2026-02-26 02:45:00+00:00,825
2026-02-26 03:00:00+00:00,823
2026-02-26 03:15:00+00:00,822
2026-02-26 03:30:00+00:00,821
2026-02-26 03:45:00+00:00,820
2026-02-26 04:00:00+00:00,819
2026-02-26 04:15:00+00:00,818
2026-02-26 04:30:00+00:00,817
2026-02-26 04:45:00+00:00,816
2026-02-26 05:00:00+00:00,815
2026-02-26 05:15:00+00:00,814
2026-02-26 05:30:00+00:00,814
2026-02-26 05:45:00+00:00,813
2026-02-26 06:00:00+00:00,812
2026-02-26 06:15:00+00:00,811
2026-02-26 06:30:00+00:00,811
2026-02-26 06:45:00+00:00,811
2026-02-26 07:00:00+00:00,810
2026-02-26 07:15:00+00:00,810
2026-02-26 07:30:00+00:00,810
2026-02-26 07:45:00+00:00,810
2026-02-26 08:00:00+00:00,810
2026-02-26 08:15:00+00:00,810
2026-02-26 08:30:00+00:00,810
2026-02-26 08:45:00+00:00,810
2026-02-26 09:00:00+00:00,810
2026-02-26 09:15:00+00:00,811
2026-02-26 09:30:00+00:00,811
2026-02-26 09:45:00+00:00,811
2026-02-26 10:00:00+00:00,812
2026-02-26 10:15:00+00:00,813
2026-02-26 10:30:00+00:00,813
2026-02-26 10:45:00+00:00,814
2026-02-26 11:00:00+00:00,814
2026-02-26 11:15:00+00:00,815
2026-02-26 11:30:00+00:00,815
2026-02-26 11:45:00+00:00,816
2026-02-26 12:00:00+00:00,817
2026-02-26 12:15:00+00:00,817
2026-02-26 12:30:00+00:00,818
2026-02-26 12:45:00+00:00,818
2026-02-26 13:00:00+00:00,819
2026-02-26 13:15:00+00:00,820
2026-02-26 13:30:00+00:00,821
2026-02-26 13:45:00+00:00,821
2026-02-26 14:00:00+00:00,822
2026-02-26 14:15:00+00:00,823
2026-02-26 14:30:00+00:00,824
2026-02-26 14:45:00+00:00,824
2026-02-26 15:00:00+00:00,825
2026-02-26 15:15:00+00:00,825
2026-02-26 15:30:00+00:00,825
2026-02-26 15:45:00+00:00,825
2026-02-26 16:00:00+00:00,825
2026-02-26 16:15:00+00:00,825
2026-02-26 16:30:00+00:00,825
2026-02-26 16:45:00+00:00,825
2026-02-26 17:00:00+00:00,824
2026-02-26 17:15:00+00:00,824
2026-02-26 17:30:00+00:00,823
2026-02-26 17:45:00+00:00,823
2026-02-26 18:00:00+00:00,823
2026-02-26 18:15:00+00:00,823
2026-02-26 18:30:00+00:00,822
2026-02-26 18:45:00+00:00,822
2026-02-26 19:00:00+00:00,822
2026-02-26 19:15:00+00:00,822
2026-02-26 19:30:00+00:00,822
2026-02-26 19:45:00+00:00,822
2026-02-26 20:00:00+00:00,822
2026-02-26 20:15:00+00:00,821
2026-02-26 20:30:00+00:00,821
2026-02-26 20:45:00+00:00,821
2026-02-26 21:00:00+00:00,821
2026-02-26 21:15:00+00:00,821
2026-02-26 21:30:00+00:00,821
2026-02-26 21:45:00+00:00,820
2026-02-26 22:00:00+00:00,820
2026-02-26 22:15:00+00:00,820
2026-02-26 22:30:00+00:00,820
2026-02-26 22:45:00+00:00,821
2026-02-26 23:00:00+00:00,821
2026-02-26 23:15:00+00:00,822
2026-02-26 23:30:00+00:00,822
2026-02-26 23:45:00+00:00,823
2026-02-27 00:00:00+00:00,823
2026-02-27 00:15:00+00:00,824
2026-02-27 00:30:00+00:00,825
2026-02-27 00:45:00+00:00,825
2026-02-27 01:00:00+00:00,826
2026-02-27 01:15:00+00:00,826
2026-02-27 01:30:00+00:00,826
2026-02-27 01:45:00+00:00,827
2026-02-27 02:00:00+00:00,827
2026-02-27 02:15:00+00:00,827
2026-02-27 02:30:00+00:00,827
2026-02-27 02:45:00+00:00,828
2026-02-27 03:00:00+00:00,828
2026-02-27 03:15:00+00:00,828
2026-02-27 03:30:00+00:00,828
2026-02-27 03:45:00+00:00,828
2026-02-27 04:00:00+00:00,828
2026-02-27 04:15:00+00:00,829
2026-02-27 04:30:00+00:00,829
2026-02-27 04:45:00+00:00,829
2026-02-27 05:00:00+00:00,829
2026-02-27 05:15:00+00:00,829
2026-02-27 05:30:00+00:00,830
2026-02-27 05:45:00+00:00,830
2026-02-27 06:00:00+00:00,831
2026-02-27 06:15:00+00:00,831
2026-02-27 06:30:00+00:00,832
2026-02-27 06:45:00+00:00,833
2026-02-27 07:00:00+00:00,833
2026-02-27 07:15:00+00:00,834
2026-02-27 07:30:00+00:00,834
2026-02-27 07:45:00+00:00,835
2026-02-27 08:00:00+00:00,835
2026-02-27 08:15:00+00:00,835
2026-02-27 08:30:00+00:00,835
2026-02-27 08:45:00+00:00,835
2026-02-27 09:00:00+00:00,835
2026-02-27 09:15:00+00:00,835
2026-02-27 09:30:00+00:00,835
2026-02-27 09:45:00+00:00,835
2026-02-27 10:00:00+00:00,835
2026-02-27 10:15:00+00:00,835
2026-02-27 10:30:00+00:00,835
2026-02-27 10:45:00+00:00,835
2026-02-27 11:00:00+00:00,835
2026-02-27 11:15:00+00:00,835
2026-02-27 11:30:00+00:00,835
2026-02-27 11:45:00+00:00,835
2026-02-27 12:00:00+00:00,835
2026-02-27 12:15:00+00:00,835
2026-02-27 12:30:00+00:00,834
2026-02-27 12:45:00+00:00,834
2026-02-27 13:00:00+00:00,834
2026-02-27 13:15:00+00:00,834
2026-02-27 13:30:00+00:00,834
2026-02-27 13:45:00+00:00,833
2026-02-27 14:00:00+00:00,833
2026-02-27 14:15:00+00:00,833
2026-02-27 14:30:00+00:00,833
2026-02-27 14:45:00+00:00,833
2026-02-27 15:00:00+00:00,833
2026-02-27 15:15:00+00:00,833
2026-02-27 15:30:00+00:00,833
2026-02-27 15:45:00+00:00,833
2026-02-27 16:00:00+00:00,833
2026-02-27 16:15:00+00:00,833
2026-02-27 16:30:00+00:00,833
2026-02-27 16:45:00+00:00,833
2026-02-27 17:00:00+00:00,833
2026-02-27 17:15:00+00:00,833
2026-02-27 17:30:00+00:00,833
2026-02-27 17:45:00+00:00,834
2026-02-27 18:00:00+00:00,834
2026-02-27 18:15:00+00:00,834
2026-02-27 18:30:00+00:00,835
2026-02-27 18:45:00+00:00,835
2026-02-27 19:00:00+00:00,835
2026-02-27 19:15:00+00:00,835
2026-02-27 19:30:00+00:00,836
2026-02-27 19:45:00+00:00,836
2026-02-27 20:00:00+00:00,836
2026-02-27 20:15:00+00:00,836
2026-02-27 20:30:00+00:00,836
2026-02-27 20:45:00+00:00,836
2026-02-27 21:00:00+00:00,836
2026-02-27 21:15:00+00:00,837
2026-02-27 21:30:00+00:00,837
2026-02-27 21:45:00+00:00,836
2026-02-27 22:00:00+00:00,836
2026-02-27 22:15:00+00:00,836
2026-02-27 22:30:00+00:00,836
2026-02-27 22:45:00+00:00,836
2026-02-27 23:00:00+00:00,835
2026-02-27 23:15:00+00:00,835
2026-02-27 23:30:00+00:00,834
2026-02-27 23:45:00+00:00,834
2026-02-28 00:00:00+00:00,833
2026-02-28 00:15:00+00:00,832
2026-02-28 00:30:00+00:00,831
2026-02-28 00:45:00+00:00,831
2026-02-28 01:00:00+00:00,830
2026-02-28 01:15:00+00:00,829
2026-02-28 01:30:00+00:00,828
2026-02-28 01:45:00+00:00,826
2026-02-28 02:00:00+00:00,825
2026-02-28 02:15:00+00:00,824
2026-02-28 02:30:00+00:00,823
2026-02-28 02:45:00+00:00,821
2026-02-28 03:00:00+00:00,820
2026-02-28 03:15:00+00:00,818
2026-02-28 03:30:00+00:00,817
2026-02-28 03:45:00+00:00,815
2026-02-28 04:00:00+00:00,814
2026-02-28 04:15:00+00:00,813
2026-02-28 04:30:00+00:00,811
2026-02-28 04:45:00+00:00,810
2026-02-28 05:00:00+00:00,809
2026-02-28 05:15:00+00:00,807
2026-02-28 05:30:00+00:00,806
2026-02-28 05:45:00+00:00,805
2026-02-28 06:00:00+00:00,804
2026-02-28 06:15:00+00:00,803
2026-02-28 06:30:00+00:00,802
2026-02-28 06:45:00+00:00,801
2026-02-28 07:00:00+00:00,800
2026-02-28 07:15:00+00:00,799
2026-02-28 07:30:00+00:00,798
2026-02-28 07:45:00+00:00,797
2026-02-28 08:00:00+00:00,796
2026-02-28 08:15:00+00:00,796
2026-02-28 08:30:00+00:00,795
2026-02-28 08:45:00+00:00,794
2026-02-28 09:00:00+00:00,794
2026-02-28 09:15:00+00:00,793
2026-02-28 09:30:00+00:00,793
2026-02-28 09:45:00+00:00,792
2026-02-28 10:00:00+00:00,792
2026-02-28 10:15:00+00:00,792
2026-02-28 10:30:00+00:00,791
2026-02-28 10:45:00+00:00,791
2026-02-28 11:00:00+00:00,791
2026-02-28 11:15:00+00:00,790
2026-02-28 11:30:00+00:00,790
2026-02-28 11:45:00+00:00,790
2026-02-28 12:00:00+00:00,789
2026-02-28 12:15:00+00:00,788
2026-02-28 12:30:00+00:00,787
2026-02-28 12:45:00+00:00,787
2026-02-28 13:00:00+00:00,786
2026-02-28 13:15:00+00:00,785
2026-02-28 13:30:00+00:00,785
2026-02-28 13:45:00+00:00,784
2026-02-28 14:00:00+00:00,784
2026-02-28 14:15:00+00:00,783
2026-02-28 14:30:00+00:00,783
2026-02-28 14:45:00+00:00,782
2026-02-28 15:00:00+00:00,782
2026-02-28 15:15:00+00:00,781
2026-02-28 15:30:00+00:00,781
2026-02-28 15:45:00+00:00,780
2026-02-28 16:00:00+00:00,779
2026-02-28 16:15:00+00:00,779
2026-02-28 16:30:00+00:00,778
2026-02-28 16:45:00+00:00,778
2026-02-28 17:00:00+00:00,778
2026-02-28 17:15:00+00:00,778
2026-02-28 17:30:00+00:00,778
2026-02-28 17:45:00+00:00,778
2026-02-28 18:00:00+00:00,777
2026-02-28 18:15:00+00:00,777
2026-02-28 18:30:00+00:00,777
2026-02-28 18:45:00+00:00,777
2026-02-28 19:00:00+00:00,777
2026-02-28 19:15:00+00:00,777
2026-02-28 19:30:00+00:00,777
2026-02-28 19:45:00+00:00,776
2026-02-28 20:00:00+00:00,776
2026-02-28 20:15:00+00:00,776
2026-02-28 20:30:00+00:00,775
2026-02-28 20:45:00+00:00,775
2026-02-28 21:00:00+00:00,775
2026-02-28 21:15:00+00:00,775
2026-02-28 21:30:00+00:00,775
2026-02-28 21:45:00+00:00,774
2026-02-28 22:00:00+00:00,774
2026-02-28 22:15:00+00:00,773
2026-02-28 22:30:00+00:00,773
2026-02-28 22:45:00+00:00,773
2026-02-28 23:00:00+00:00,773
2026-02-28 23:15:00+00:00,772
2026-02-28 23:30:00+00:00,772
2026-02-28 23:45:00+00:00,773
2026-03-01 00:00:00+00:00,772
2026-03-01 00:15:00+00:00,771
2026-03-01 00:30:00+00:00,770
2026-03-01 01:15:00+00:00,773
2026-03-01 01:30:00+00:00,771
2026-03-01 01:45:00+00:00,771
2026-03-01 02:00:00+00:00,775
2026-03-01 02:15:00+00:00,778
2026-03-01 02:30:00+00:00,777
2026-03-01 02:45:00+00:00,775
2026-03-01 03:00:00+00:00,774
2026-03-01 03:15:00+00:00,774
2026-03-01 03:30:00+00:00,774
2026-03-01 03:45:00+00:00,774
2026-03-01 04:00:00+00:00,773
2026-03-01 04:15:00+00:00,773
2026-03-01 04:30:00+00:00,772
2026-03-01 04:45:00+00:00,772
2026-03-01 05:00:00+00:00,771
2026-03-01 05:15:00+00:00,770
2026-03-01 05:30:00+00:00,760
2026-03-01 05:45:00+00:00,771
2026-03-01 06:00:00+00:00,770
2026-03-01 06:15:00+00:00,769
2026-03-01 06:30:00+00:00,770
2026-03-01 06:45:00+00:00,773
2026-03-01 07:00:00+00:00,773
2026-03-01 07:15:00+00:00,773
2026-03-01 07:30:00+00:00,773
2026-03-01 07:45:00+00:00,773
2026-03-01 08:00:00+00:00,772
2026-03-01 08:15:00+00:00,772
2026-03-01 08:30:00+00:00,771
2026-03-01 08:45:00+00:00,770
2026-03-01 09:15:00+00:00,771
2026-03-01 09:30:00+00:00,771
2026-03-01 09:45:00+00:00,771
2026-03-01 10:00:00+00:00,773
2026-03-01 10:15:00+00:00,775
2026-03-01 10:30:00+00:00,777
2026-03-01 10:45:00+00:00,777
2026-03-01 11:00:00+00:00,778
2026-03-01 11:15:00+00:00,779
2026-03-01 11:30:00+00:00,780
2026-03-01 11:45:00+00:00,781
2026-03-01 12:00:00+00:00,782
2026-03-01 12:15:00+00:00,783
2026-03-01 12:30:00+00:00,784
2026-03-01 12:45:00+00:00,783
2026-03-01 13:00:00+00:00,784
2026-03-01 13:15:00+00:00,784
2026-03-01 13:30:00+00:00,785
2026-03-01 13:45:00+00:00,786
2026-03-01 14:00:00+00:00,787
2026-03-01 14:15:00+00:00,788
2026-03-01 14:30:00+00:00,789
2026-03-01 14:45:00+00:00,789
2026-03-01 15:00:00+00:00,790
2026-03-01 15:15:00+00:00,790
2026-03-01 15:30:00+00:00,791
2026-03-01 15:45:00+00:00,790
2026-03-01 16:00:00+00:00,790
2026-03-01 16:15:00+00:00,790
2026-03-01 16:30:00+00:00,790
2026-03-01 16:45:00+00:00,789
2026-03-01 17:00:00+00:00,789
2026-03-01 17:15:00+00:00,789
2026-03-01 17:30:00+00:00,788
2026-03-01 17:45:00+00:00,788
2026-03-01 18:00:00+00:00,788
2026-03-01 18:15:00+00:00,788
2026-03-01 18:30:00+00:00,788
2026-03-01 18:45:00+00:00,788
2026-03-01 19:00:00+00:00,788
2026-03-01 19:15:00+00:00,788
2026-03-01 19:30:00+00:00,788
2026-03-01 19:45:00+00:00,788
2026-03-01 20:00:00+00:00,789
2026-03-01 20:15:00+00:00,789
2026-03-01 20:30:00+00:00,789
2026-03-01 20:45:00+00:00,790
2026-03-01 21:00:00+00:00,790
2026-03-01 21:15:00+00:00,790
2026-03-01 21:30:00+00:00,790
2026-03-01 21:45:00+00:00,791
2026-03-01 22:00:00+00:00,791
2026-03-01 22:15:00+00:00,791
2026-03-01 22:30:00+00:00,792
2026-03-01 22:45:00+00:00,792
2026-03-01 23:00:00+00:00,792
2026-03-01 23:15:00+00:00,792
2026-03-01 23:30:00+00:00,792
2026-03-01 23:45:00+00:00,791
2026-03-02 00:00:00+00:00,791
2026-03-02 00:15:00+00:00,791
2026-03-02 00:30:00+00:00,791
2026-03-02 00:45:00+00:00,791
2026-03-02 01:00:00+00:00,790
2026-03-02 01:15:00+00:00,790
2026-03-02 01:30:00+00:00,790
2026-03-02 01:45:00+00:00,790
2026-03-02 02:00:00+00:00,790
2026-03-02 02:15:00+00:00,789
2026-03-02 02:30:00+00:00,789
2026-03-02 02:45:00+00:00,788
2026-03-02 03:00:00+00:00,788
2026-03-02 03:15:00+00:00,787
2026-03-02 03:30:00+00:00,786
2026-03-02 03:45:00+00:00,786
2026-03-02 04:00:00+00:00,785
2026-03-02 04:15:00+00:00,785
2026-03-02 04:30:00+00:00,784
2026-03-02 04:45:00+00:00,784
2026-03-02 05:00:00+00:00,783
2026-03-02 05:15:00+00:00,783
2026-03-02 05:30:00+00:00,782
2026-03-02 05:45:00+00:00,782
2026-03-02 06:00:00+00:00,781
2026-03-02 06:15:00+00:00,781
2026-03-02 06:30:00+00:00,781
2026-03-02 06:45:00+00:00,781
2026-03-02 07:00:00+00:00,780
2026-03-02 07:15:00+00:00,780
2026-03-02 07:30:00+00:00,780
2026-03-02 07:45:00+00:00,781
2026-03-02 08:00:00+00:00,781
2026-03-02 08:15:00+00:00,781
2026-03-02 08:30:00+00:00,781
2026-03-02 08:45:00+00:00,781
2026-03-02 09:00:00+00:00,781
2026-03-02 09:15:00+00:00,781
2026-03-02 09:30:00+00:00,781
2026-03-02 09:45:00+00:00,782
2026-03-02 10:00:00+00:00,782
2026-03-02 10:15:00+00:00,783
2026-03-02 10:30:00+00:00,783
2026-03-02 10:45:00+00:00,784
2026-03-02 11:00:00+00:00,784
2026-03-02 11:15:00+00:00,785
2026-03-02 11:30:00+00:00,785
2026-03-02 11:45:00+00:00,785
2026-03-02 12:00:00+00:00,786
2026-03-02 12:15:00+00:00,786
2026-03-02 12:30:00+00:00,786
2026-03-02 12:45:00+00:00,786
2026-03-02 13:00:00+00:00,786
2026-03-02 13:15:00+00:00,786
2026-03-02 13:30:00+00:00,786
2026-03-02 13:45:00+00:00,786
2026-03-02 14:00:00+00:00,786
2026-03-02 14:15:00+00:00,786
2026-03-02 14:30:00+00:00,786
2026-03-02 14:45:00+00:00,787
2026-03-02 15:00:00+00:00,787
2026-03-02 15:15:00+00:00,787
2026-03-02 15:30:00+00:00,787
2026-03-02 15:45:00+00:00,787
2026-03-02 16:00:00+00:00,787
2026-03-02 16:15:00+00:00,787
2026-03-02 16:30:00+00:00,787
2026-03-02 16:45:00+00:00,787
2026-03-02 17:00:00+00:00,787
2026-03-02 17:15:00+00:00,786
2026-03-02 17:30:00+00:00,787
2026-03-02 17:45:00+00:00,787
2026-03-02 18:00:00+00:00,787
2026-03-02 18:15:00+00:00,787
2026-03-02 18:30:00+00:00,787
2026-03-02 18:45:00+00:00,787
2026-03-02 19:00:00+00:00,787
2026-03-02 19:15:00+00:00,788
2026-03-02 19:30:00+00:00,788
2026-03-02 19:45:00+00:00,789
2026-03-02 20:00:00+00:00,789
2026-03-02 20:15:00+00:00,789
2026-03-02 20:30:00+00:00,789
2026-03-02 20:45:00+00:00,790
2026-03-02 21:00:00+00:00,790
2026-03-02 21:15:00+00:00,790
2026-03-02 21:30:00+00:00,790
2026-03-02 21:45:00+00:00,790
2026-03-02 22:00:00+00:00,791
2026-03-02 22:15:00+00:00,791
2026-03-02 22:30:00+00:00,792
2026-03-02 22:45:00+00:00,792
2026-03-02 23:00:00+00:00,793
2026-03-02 23:15:00+00:00,793
2026-03-02 23:30:00+00:00,793
2026-03-02 23:45:00+00:00,794
2026-03-03 00:00:00+00:00,794
2026-03-03 00:15:00+00:00,794
2026-03-03 00:30:00+00:00,794
2026-03-03 00:45:00+00:00,794
2026-03-03 01:00:00+00:00,794
2026-03-03 01:15:00+00:00,794
2026-03-03 01:30:00+00:00,794
2026-03-03 01:45:00+00:00,793
2026-03-03 02:00:00+00:00,793
2026-03-03 02:15:00+00:00,793
2026-03-03 02:30:00+00:00,792
2026-03-03 02:45:00+00:00,792
2026-03-03 03:00:00+00:00,791
2026-03-03 03:15:00+00:00,791
2026-03-03 03:30:00+00:00,790
2026-03-03 03:45:00+00:00,790
2026-03-03 04:00:00+00:00,789
2026-03-03 04:15:00+00:00,789
2026-03-03 04:30:00+00:00,789
2026-03-03 04:45:00+00:00,788
2026-03-03 05:00:00+00:00,788
2026-03-03 05:15:00+00:00,788
2026-03-03 05:30:00+00:00,787
2026-03-03 05:45:00+00:00,787
2026-03-03 06:00:00+00:00,787
2026-03-03 06:15:00+00:00,787
2026-03-03 06:30:00+00:00,787
2026-03-03 06:45:00+00:00,787
2026-03-03 07:00:00+00:00,787
2026-03-03 07:15:00+00:00,787
2026-03-03 07:30:00+00:00,787
2026-03-03 07:45:00+00:00,787
2026-03-03 08:00:00+00:00,787
2026-03-03 08:15:00+00:00,787
2026-03-03 08:30:00+00:00,787
2026-03-03 08:45:00+00:00,787
2026-03-03 09:00:00+00:00,787
2026-03-03 09:15:00+00:00,787
2026-03-03 09:30:00+00:00,787
2026-03-03 09:45:00+00:00,787
2026-03-03 10:00:00+00:00,788
2026-03-03 10:15:00+00:00,788
2026-03-03 10:30:00+00:00,788
2026-03-03 10:45:00+00:00,789
2026-03-03 11:00:00+00:00,789
2026-03-03 11:15:00+00:00,790
2026-03-03 11:30:00+00:00,790
2026-03-03 11:45:00+00:00,791
2026-03-03 12:00:00+00:00,791
2026-03-03 12:15:00+00:00,792
2026-03-03 12:30:00+00:00,792
2026-03-03 12:45:00+00:00,792
2026-03-03 13:00:00+00:00,793
2026-03-03 13:15:00+00:00,793
2026-03-03 13:30:00+00:00,793
2026-03-03 13:45:00+00:00,793
2026-03-03 14:00:00+00:00,793
2026-03-03 14:15:00+00:00,793
2026-03-03 14:30:00+00:00,794
2026-03-03 14:45:00+00:00,794
2026-03-03 15:00:00+00:00,794
2026-03-03 15:15:00+00:00,794
2026-03-03 15:30:00+00:00,794
2026-03-03 15:45:00+00:00,794
2026-03-03 16:00:00+00:00,794
2026-03-03 16:15:00+00:00,794
2026-03-03 16:30:00+00:00,794
2026-03-03 16:45:00+00:00,794
2026-03-03 17:00:00+00:00,795
2026-03-03 17:15:00+00:00,795
2026-03-03 17:30:00+00:00,795
2026-03-03 17:45:00+00:00,796
2026-03-03 18:00:00+00:00,796
2026-03-03 18:15:00+00:00,796
2026-03-03 18:30:00+00:00,796
2026-03-03 18:45:00+00:00,797
2026-03-03 19:00:00+00:00,797
2026-03-03 19:15:00+00:00,797
2026-03-03 19:30:00+00:00,798
2026-03-03 19:45:00+00:00,798
2026-03-03 20:00:00+00:00,798
2026-03-03 20:15:00+00:00,798
2026-03-03 20:30:00+00:00,798
2026-03-03 20:45:00+00:00,798
2026-03-03 21:00:00+00:00,799
2026-03-03 21:15:00+00:00,799
2026-03-03 21:30:00+00:00,799
2026-03-03 21:45:00+00:00,799
2026-03-03 22:00:00+00:00,799
2026-03-03 22:15:00+00:00,799
2026-03-03 22:30:00+00:00,798
2026-03-03 22:45:00+00:00,798
2026-03-03 23:00:00+00:00,798
2026-03-03 23:15:00+00:00,798
2026-03-03 23:30:00+00:00,798
2026-03-03 23:45:00+00:00,798
2026-03-04 00:00:00+00:00,798
2026-03-04 00:15:00+00:00,798
2026-03-04 00:30:00+00:00,798
2026-03-04 00:45:00+00:00,798
2026-03-04 01:00:00+00:00,797
2026-03-04 01:15:00+00:00,797
2026-03-04 01:30:00+00:00,797
2026-03-04 01:45:00+00:00,797
2026-03-04 02:00:00+00:00,797
2026-03-04 02:15:00+00:00,796
2026-03-04 02:30:00+00:00,796
2026-03-04 02:45:00+00:00,795
2026-03-04 03:00:00+00:00,795
2026-03-04 03:15:00+00:00,794
2026-03-04 03:30:00+00:00,794
2026-03-04 03:45:00+00:00,793
2026-03-04 04:00:00+00:00,793
2026-03-04 04:15:00+00:00,792
2026-03-04 04:30:00+00:00,792
2026-03-04 04:45:00+00:00,791
2026-03-04 05:00:00+00:00,791
2026-03-04 05:15:00+00:00,791
2026-03-04 05:30:00+00:00,790
2026-03-04 05:45:00+00:00,790
2026-03-04 06:00:00+00:00,789
2026-03-04 06:15:00+00:00,789
2026-03-04 06:30:00+00:00,789
2026-03-04 06:45:00+00:00,789
2026-03-04 07:00:00+00:00,788
2026-03-04 07:15:00+00:00,788
2026-03-04 07:30:00+00:00,788
2026-03-04 07:45:00+00:00,788
2026-03-04 08:00:00+00:00,788
2026-03-04 08:15:00+00:00,788
2026-03-04 08:30:00+00:00,788
2026-03-04 08:45:00+00:00,788
2026-03-04 09:00:00+00:00,788
2026-03-04 09:15:00+00:00,788
2026-03-04 09:30:00+00:00,788
2026-03-04 09:45:00+00:00,788
2026-03-04 10:00:00+00:00,787
2026-03-04 10:15:00+00:00,787
2026-03-04 10:30:00+00:00,787
2026-03-04 10:45:00+00:00,787
2026-03-04 11:00:00+00:00,786
2026-03-04 11:15:00+00:00,786
2026-03-04 11:30:00+00:00,786
2026-03-04 11:45:00+00:00,786
2026-03-04 12:00:00+00:00,785
2026-03-04 12:15:00+00:00,785
2026-03-04 12:30:00+00:00,785
2026-03-04 12:45:00+00:00,785
2026-03-04 13:00:00+00:00,785
2026-03-04 13:15:00+00:00,784
2026-03-04 13:30:00+00:00,784
2026-03-04 13:45:00+00:00,784
2026-03-04 14:00:00+00:00,784
2026-03-04 14:15:00+00:00,784
2026-03-04 14:30:00+00:00,785
2026-03-04 14:45:00+00:00,785
2026-03-04 15:00:00+00:00,785
2026-03-04 15:15:00+00:00,785
2026-03-04 15:30:00+00:00,784
2026-03-04 15:45:00+00:00,784
2026-03-04 16:00:00+00:00,784
2026-03-04 16:15:00+00:00,783
2026-03-04 16:30:00+00:00,783
2026-03-04 16:45:00+00:00,783
2026-03-04 17:00:00+00:00,782
2026-03-04 17:15:00+00:00,782
2026-03-04 17:30:00+00:00,781
2026-03-04 17:45:00+00:00,781
2026-03-04 18:00:00+00:00,781
2026-03-04 18:15:00+00:00,781
2026-03-04 18:30:00+00:00,780
2026-03-04 18:45:00+00:00,780
2026-03-04 19:00:00+00:00,780
2026-03-04 19:15:00+00:00,780
2026-03-04 19:30:00+00:00,780
2026-03-04 19:45:00+00:00,780
2026-03-04 20:00:00+00:00,780
2026-03-04 20:15:00+00:00,780
2026-03-04 20:30:00+00:00,780
2026-03-04 20:45:00+00:00,780
2026-03-04 21:00:00+00:00,780
2026-03-04 21:15:00+00:00,780
2026-03-04 21:30:00+00:00,780
2026-03-04 21:45:00+00:00,780
2026-03-04 22:00:00+00:00,780
2026-03-04 22:15:00+00:00,780
2026-03-04 22:30:00+00:00,780
2026-03-04 22:45:00+00:00,780
2026-03-04 23:00:00+00:00,780
2026-03-04 23:15:00+00:00,781
2026-03-04 23:30:00+00:00,781
2026-03-04 23:45:00+00:00,781
2026-03-05 00:00:00+00:00,781
2026-03-05 00:15:00+00:00,781
2026-03-05 00:30:00+00:00,781
2026-03-05 00:45:00+00:00,780
2026-03-05 01:00:00+00:00,780
2026-03-05 01:15:00+00:00,779
2026-03-05 01:30:00+00:00,779
2026-03-05 01:45:00+00:00,779
2026-03-05 02:00:00+00:00,779
2026-03-05 02:15:00+00:00,779
2026-03-05 02:30:00+00:00,778
2026-03-05 02:45:00+00:00,778
2026-03-05 03:00:00+00:00,778
2026-03-05 03:15:00+00:00,778
2026-03-05 03:30:00+00:00,777
2026-03-05 03:45:00+00:00,777
2026-03-05 04:00:00+00:00,777
2026-03-05 04:15:00+00:00,777
2026-03-05 04:30:00+00:00,776
2026-03-05 04:45:00+00:00,776
2026-03-05 05:00:00+00:00,776
2026-03-05 05:15:00+00:00,776
2026-03-05 05:30:00+00:00,776
2026-03-05 05:45:00+00:00,776
2026-03-05 06:00:00+00:00,776
2026-03-05 06:15:00+00:00,776
2026-03-05 06:30:00+00:00,776
2026-03-05 06:45:00+00:00,776
2026-03-05 07:00:00+00:00,776
2026-03-05 07:15:00+00:00,776
2026-03-05 07:30:00+00:00,777
2026-03-05 07:45:00+00:00,777
2026-03-05 08:00:00+00:00,777
2026-03-05 08:15:00+00:00,777
2026-03-05 08:30:00+00:00,777
2026-03-05 08:45:00+00:00,777
2026-03-05 09:00:00+00:00,778
2026-03-05 09:15:00+00:00,778
2026-03-05 09:30:00+00:00,778
2026-03-05 09:45:00+00:00,778
2026-03-05 10:00:00+00:00,778
2026-03-05 10:15:00+00:00,779
2026-03-05 10:30:00+00:00,779
2026-03-05 10:45:00+00:00,780
2026-03-05 11:00:00+00:00,781
2026-03-05 11:15:00+00:00,781
2026-03-05 11:30:00+00:00,782
2026-03-05 11:45:00+00:00,782
2026-03-05 12:00:00+00:00,783
2026-03-05 12:15:00+00:00,783
2026-03-05 12:30:00+00:00,784
2026-03-05 12:45:00+00:00,784
2026-03-05 13:00:00+00:00,784
2026-03-05 13:15:00+00:00,785
2026-03-05 13:30:00+00:00,785
2026-03-05 13:45:00+00:00,785
2026-03-05 14:00:00+00:00,786
2026-03-05 14:15:00+00:00,786
2026-03-05 14:30:00+00:00,786
2026-03-05 14:45:00+00:00,786
2026-03-05 15:00:00+00:00,787
2026-03-05 15:15:00+00:00,786
2026-03-05 15:30:00+00:00,786
2026-03-05 15:45:00+00:00,786
2026-03-05 16:00:00+00:00,786
2026-03-05 16:15:00+00:00,787
2026-03-05 16:30:00+00:00,787
2026-03-05 16:45:00+00:00,787
2026-03-05 17:00:00+00:00,788
2026-03-05 17:15:00+00:00,788
2026-03-05 17:30:00+00:00,788
2026-03-05 17:45:00+00:00,789
2026-03-05 18:00:00+00:00,789
2026-03-05 18:15:00+00:00,789
2026-03-05 18:30:00+00:00,789
2026-03-05 18:45:00+00:00,790
2026-03-05 19:00:00+00:00,790
2026-03-05 19:15:00+00:00,790
2026-03-05 19:30:00+00:00,790
2026-03-05 19:45:00+00:00,791
2026-03-05 20:00:00+00:00,791
2026-03-05 20:15:00+00:00,791
2026-03-05 20:30:00+00:00,791
2026-03-05 20:45:00+00:00,791
2026-03-05 21:00:00+00:00,791
2026-03-05 21:15:00+00:00,791
2026-03-05 21:30:00+00:00,791
2026-03-05 21:45:00+00:00,791
2026-03-05 22:00:00+00:00,791
2026-03-05 22:15:00+00:00,791
2026-03-05 22:30:00+00:00,790
2026-03-05 22:45:00+00:00,790
2026-03-05 23:00:00+00:00,790
2026-03-05 23:15:00+00:00,789
2026-03-05 23:30:00+00:00,789
2026-03-05 23:45:00+00:00,789
2026-03-06 00:00:00+00:00,789
2026-03-06 00:15:00+00:00,788
2026-03-06 00:30:00+00:00,788
2026-03-06 00:45:00+00:00,788
2026-03-06 01:00:00+00:00,788
2026-03-06 01:15:00+00:00,788
2026-03-06 01:30:00+00:00,788
2026-03-06 01:45:00+00:00,787
2026-03-06 02:00:00+00:00,787
2026-03-06 02:15:00+00:00,787
2026-03-06 02:30:00+00:00,786
2026-03-06 02:45:00+00:00,786
2026-03-06 03:00:00+00:00,786
2026-03-06 03:15:00+00:00,785
2026-03-06 03:30:00+00:00,785
2026-03-06 03:45:00+00:00,784
2026-03-06 04:00:00+00:00,783
2026-03-06 04:15:00+00:00,782
2026-03-06 04:30:00+00:00,781
2026-03-06 04:45:00+00:00,781
2026-03-06 05:00:00+00:00,781
2026-03-06 05:15:00+00:00,780
2026-03-06 05:30:00+00:00,780
2026-03-06 05:45:00+00:00,779
2026-03-06 06:00:00+00:00,779
2026-03-06 06:15:00+00:00,778
2026-03-06 06:30:00+00:00,778
2026-03-06 06:45:00+00:00,779
2026-03-06 07:00:00+00:00,780
2026-03-06 07:15:00+00:00,779
2026-03-06 07:30:00+00:00,779
2026-03-06 07:45:00+00:00,780
2026-03-06 08:00:00+00:00,780
2026-03-06 08:15:00+00:00,781
2026-03-06 08:30:00+00:00,782
2026-03-06 08:45:00+00:00,782
2026-03-06 09:00:00+00:00,783
2026-03-06 09:15:00+00:00,783
2026-03-06 09:30:00+00:00,783
2026-03-06 09:45:00+00:00,784
2026-03-06 10:00:00+00:00,784
2026-03-06 10:15:00+00:00,784
2026-03-06 10:30:00+00:00,784
2026-03-06 10:45:00+00:00,785
2026-03-06 11:00:00+00:00,785
2026-03-06 11:15:00+00:00,785
2026-03-06 11:30:00+00:00,785
2026-03-06 11:45:00+00:00,785
2026-03-06 12:00:00+00:00,785
2026-03-06 12:15:00+00:00,785
2026-03-06 12:30:00+00:00,784
2026-03-06 12:45:00+00:00,784
2026-03-06 13:00:00+00:00,784
2026-03-06 13:15:00+00:00,784
2026-03-06 13:30:00+00:00,783
2026-03-06 13:45:00+00:00,783
2026-03-06 14:00:00+00:00,783
2026-03-06 14:15:00+00:00,782
2026-03-06 14:30:00+00:00,782
2026-03-06 14:45:00+00:00,782
2026-03-06 15:00:00+00:00,782
2026-03-06 15:15:00+00:00,781
2026-03-06 15:30:00+00:00,781
2026-03-06 15:45:00+00:00,781
2026-03-06 16:00:00+00:00,781
2026-03-06 16:15:00+00:00,781
2026-03-06 16:30:00+00:00,781
2026-03-06 16:45:00+00:00,781
2026-03-06 17:00:00+00:00,781
2026-03-06 17:15:00+00:00,781
2026-03-06 17:30:00+00:00,781
2026-03-06 17:45:00+00:00,781
2026-03-06 18:00:00+00:00,781
2026-03-06 18:15:00+00:00,781
2026-03-06 18:30:00+00:00,781
2026-03-06 18:45:00+00:00,781
2026-03-06 19:00:00+00:00,781
2026-03-06 19:15:00+00:00,781
2026-03-06 19:30:00+00:00,781
2026-03-06 19:45:00+00:00,781
2026-03-06 20:00:00+00:00,781
2026-03-06 20:15:00+00:00,781
2026-03-06 20:30:00+00:00,781
2026-03-06 20:45:00+00:00,781
2026-03-06 21:00:00+00:00,781
2026-03-06 21:15:00+00:00,781
2026-03-06 21:30:00+00:00,781
2026-03-06 21:45:00+00:00,781
2026-03-06 22:00:00+00:00,781
2026-03-06 22:15:00+00:00,781
2026-03-06 22:30:00+00:00,782
2026-03-06 22:45:00+00:00,782
2026-03-06 23:00:00+00:00,782
2026-03-06 23:15:00+00:00,783
2026-03-06 23:30:00+00:00,783
2026-03-06 23:45:00+00:00,783
2026-03-07 00:00:00+00:00,782
2026-03-07 00:15:00+00:00,782
2026-03-07 00:30:00+00:00,782
2026-03-07 00:45:00+00:00,782
2026-03-07 01:00:00+00:00,783
2026-03-07 01:15:00+00:00,785
2026-03-07 01:30:00+00:00,785
2026-03-07 01:45:00+00:00,784
2026-03-07 02:00:00+00:00,784
2026-03-07 02:15:00+00:00,785
2026-03-07 02:30:00+00:00,783
2026-03-07 02:45:00+00:00,782
2026-03-07 03:00:00+00:00,783
2026-03-07 03:15:00+00:00,784
2026-03-07 03:30:00+00:00,785
2026-03-07 03:45:00+00:00,786
2026-03-07 04:00:00+00:00,789
2026-03-07 04:15:00+00:00,790
2026-03-07 04:30:00+00:00,789
2026-03-07 04:45:00+00:00,789
2026-03-07 05:00:00+00:00,789
2026-03-07 05:15:00+00:00,790
2026-03-07 05:30:00+00:00,789
2026-03-07 05:45:00+00:00,790
2026-03-07 06:00:00+00:00,789
2026-03-07 06:15:00+00:00,790
2026-03-07 06:30:00+00:00,790
2026-03-07 06:45:00+00:00,789
2026-03-07 07:00:00+00:00,789
2026-03-07 07:15:00+00:00,788
2026-03-07 07:30:00+00:00,788
2026-03-07 07:45:00+00:00,788
2026-03-07 08:00:00+00:00,788
2026-03-07 08:15:00+00:00,787
2026-03-07 08:30:00+00:00,787
2026-03-07 08:45:00+00:00,787
2026-03-07 09:00:00+00:00,787
2026-03-07 09:15:00+00:00,787
2026-03-07 09:30:00+00:00,787
2026-03-07 09:45:00+00:00,787
2026-03-07 10:00:00+00:00,787
2026-03-07 10:15:00+00:00,786
2026-03-07 10:30:00+00:00,786
2026-03-07 10:45:00+00:00,786
2026-03-07 11:00:00+00:00,786
2026-03-07 11:15:00+00:00,786
2026-03-07 11:30:00+00:00,787
2026-03-07 11:45:00+00:00,787
2026-03-07 12:00:00+00:00,787
2026-03-07 12:15:00+00:00,787
2026-03-07 12:30:00+00:00,788
2026-03-07 12:45:00+00:00,788
2026-03-07 13:00:00+00:00,788
2026-03-07 13:15:00+00:00,789
2026-03-07 13:30:00+00:00,789
2026-03-07 13:45:00+00:00,789
2026-03-07 14:00:00+00:00,789
2026-03-07 14:15:00+00:00,790
2026-03-07 14:30:00+00:00,790
2026-03-07 14:45:00+00:00,790
2026-03-07 15:00:00+00:00,790
2026-03-07 15:15:00+00:00,790
2026-03-07 15:30:00+00:00,790
2026-03-07 15:45:00+00:00,790
2026-03-07 16:00:00+00:00,790
2026-03-07 16:15:00+00:00,790
2026-03-07 16:30:00+00:00,790
2026-03-07 16:45:00+00:00,790
2026-03-07 17:00:00+00:00,790
2026-03-07 17:15:00+00:00,790
2026-03-07 17:30:00+00:00,790
2026-03-07 17:45:00+00:00,790
2026-03-07 18:00:00+00:00,790
2026-03-07 18:15:00+00:00,790
2026-03-07 18:30:00+00:00,790
2026-03-07 18:45:00+00:00,790
2026-03-07 19:00:00+00:00,790
2026-03-07 19:15:00+00:00,790
2026-03-07 19:30:00+00:00,790
2026-03-07 19:45:00+00:00,789
2026-03-07 20:00:00+00:00,789
2026-03-07 20:15:00+00:00,789
2026-03-07 20:30:00+00:00,789
2026-03-07 20:45:00+00:00,789
2026-03-07 21:00:00+00:00,788
2026-03-07 21:15:00+00:00,788
2026-03-07 21:30:00+00:00,788
2026-03-07 21:45:00+00:00,788
2026-03-07 22:00:00+00:00,788
2026-03-07 22:15:00+00:00,788
2026-03-07 22:30:00+00:00,789
2026-03-07 22:45:00+00:00,789
2026-03-07 23:00:00+00:00,789
2026-03-07 23:15:00+00:00,789
2026-03-07 23:30:00+00:00,789
2026-03-07 23:45:00+00:00,789
2026-03-08 00:00:00+00:00,789
2026-03-08 00:15:00+00:00,790
2026-03-08 00:30:00+00:00,790
2026-03-08 00:45:00+00:00,790
2026-03-08 01:00:00+00:00,789
2026-03-08 01:15:00+00:00,789
2026-03-08 01:30:00+00:00,789
2026-03-08 01:45:00+00:00,789
2026-03-08 02:00:00+00:00,789
2026-03-08 02:15:00+00:00,789
2026-03-08 02:30:00+00:00,789
2026-03-08 02:45:00+00:00,789
2026-03-08 03:00:00+00:00,788
2026-03-08 03:15:00+00:00,788
2026-03-08 03:30:00+00:00,788
2026-03-08 03:45:00+00:00,787
2026-03-08 04:00:00+00:00,787
2026-03-08 04:15:00+00:00,787
2026-03-08 04:30:00+00:00,786
2026-03-08 04:45:00+00:00,786
2026-03-08 05:00:00+00:00,786
2026-03-08 05:15:00+00:00,785
2026-03-08 05:30:00+00:00,785
2026-03-08 05:45:00+00:00,785
2026-03-08 06:00:00+00:00,784
2026-03-08 06:15:00+00:00,784
2026-03-08 06:30:00+00:00,784
2026-03-08 06:45:00+00:00,783
2026-03-08 07:00:00+00:00,783
2026-03-08 07:15:00+00:00,783
2026-03-08 07:30:00+00:00,783
2026-03-08 07:45:00+00:00,783
2026-03-08 08:00:00+00:00,782
2026-03-08 08:15:00+00:00,782
2026-03-08 08:30:00+00:00,782
2026-03-08 08:45:00+00:00,782
2026-03-08 09:00:00+00:00,782
2026-03-08 09:15:00+00:00,782
2026-03-08 09:30:00+00:00,781
2026-03-08 09:45:00+00:00,781
2026-03-08 10:00:00+00:00,781
2026-03-08 10:15:00+00:00,782
2026-03-08 10:30:00+00:00,782
2026-03-08 10:45:00+00:00,782
2026-03-08 11:00:00+00:00,782
2026-03-08 11:15:00+00:00,783
2026-03-08 11:30:00+00:00,783
2026-03-08 11:45:00+00:00,784
2026-03-08 12:00:00+00:00,784
2026-03-08 12:15:00+00:00,785
2026-03-08 12:30:00+00:00,785
2026-03-08 12:45:00+00:00,785
2026-03-08 13:00:00+00:00,786
2026-03-08 13:15:00+00:00,787
2026-03-08 13:30:00+00:00,787
2026-03-08 13:45:00+00:00,787
2026-03-08 14:00:00+00:00,788
2026-03-08 14:15:00+00:00,788
2026-03-08 14:30:00+00:00,789
2026-03-08 14:45:00+00:00,790
2026-03-08 15:00:00+00:00,790
2026-03-08 15:15:00+00:00,790
2026-03-08 15:30:00+00:00,791
2026-03-08 15:45:00+00:00,791
2026-03-08 16:00:00+00:00,791
2026-03-08 16:15:00+00:00,791
2026-03-08 16:30:00+00:00,792
2026-03-08 16:45:00+00:00,792
2026-03-08 17:00:00+00:00,793
2026-03-08 17:15:00+00:00,793
2026-03-08 17:30:00+00:00,794
2026-03-08 17:45:00+00:00,794
2026-03-08 18:00:00+00:00,795
2026-03-08 18:15:00+00:00,795
2026-03-08 18:30:00+00:00,795
2026-03-08 18:45:00+00:00,796
2026-03-08 19:00:00+00:00,796
2026-03-08 19:15:00+00:00,796
2026-03-08 19:30:00+00:00,796
2026-03-08 19:45:00+00:00,797
2026-03-08 20:00:00+00:00,797
2026-03-08 20:15:00+00:00,797
2026-03-08 20:30:00+00:00,796
2026-03-08 20:45:00+00:00,796
2026-03-08 21:00:00+00:00,796
2026-03-08 21:15:00+00:00,796
2026-03-08 21:30:00+00:00,796
2026-03-08 21:45:00+00:00,795
2026-03-08 22:00:00+00:00,795
2026-03-08 22:15:00+00:00,795
2026-03-08 22:30:00+00:00,795
2026-03-08 22:45:00+00:00,794
2026-03-08 23:00:00+00:00,794
2026-03-08 23:15:00+00:00,794
2026-03-08 23:30:00+00:00,794
2026-03-08 23:45:00+00:00,794
2026-03-09 00:00:00+00:00,794
2026-03-09 00:15:00+00:00,794
2026-03-09 00:30:00+00:00,794
2026-03-09 00:45:00+00:00,794
2026-03-09 01:00:00+00:00,794
2026-03-09 01:15:00+00:00,794
2026-03-09 01:30:00+00:00,794
2026-03-09 01:45:00+00:00,794
2026-03-09 02:00:00+00:00,794
2026-03-09 02:15:00+00:00,794
2026-03-09 02:30:00+00:00,794
2026-03-09 02:45:00+00:00,794
2026-03-09 03:00:00+00:00,794
2026-03-09 03:15:00+00:00,794
2026-03-09 03:30:00+00:00,793
2026-03-09 03:45:00+00:00,793
2026-03-09 04:00:00+00:00,793
2026-03-09 04:15:00+00:00,793
2026-03-09 04:30:00+00:00,793
2026-03-09 04:45:00+00:00,792
2026-03-09 05:00:00+00:00,792
2026-03-09 05:15:00+00:00,792
2026-03-09 05:30:00+00:00,792
2026-03-09 05:45:00+00:00,791
2026-03-09 06:00:00+00:00,791
2026-03-09 06:15:00+00:00,791
2026-03-09 06:30:00+00:00,790
2026-03-09 06:45:00+00:00,790
2026-03-09 07:00:00+00:00,790
2026-03-09 07:15:00+00:00,790
2026-03-09 07:30:00+00:00,789
2026-03-09 07:45:00+00:00,789
2026-03-09 08:00:00+00:00,789
2026-03-09 08:15:00+00:00,788
2026-03-09 08:30:00+00:00,788
2026-03-09 08:45:00+00:00,788
2026-03-09 09:00:00+00:00,787
2026-03-09 09:15:00+00:00,787
2026-03-09 09:30:00+00:00,787
2026-03-09 09:45:00+00:00,787
2026-03-09 10:00:00+00:00,787
2026-03-09 10:15:00+00:00,788
2026-03-09 10:30:00+00:00,788
2026-03-09 10:45:00+00:00,788
2026-03-09 11:00:00+00:00,788
2026-03-09 11:15:00+00:00,789
2026-03-09 11:30:00+00:00,789
2026-03-09 11:45:00+00:00,789
2026-03-09 12:00:00+00:00,789
2026-03-09 12:15:00+00:00,790
2026-03-09 12:30:00+00:00,790
2026-03-09 12:45:00+00:00,790
2026-03-09 13:00:00+00:00,790
2026-03-09 13:15:00+00:00,791
2026-03-09 13:30:00+00:00,791
2026-03-09 13:45:00+00:00,791
2026-03-09 14:00:00+00:00,791
2026-03-09 14:15:00+00:00,791
2026-03-09 14:30:00+00:00,791
2026-03-09 14:45:00+00:00,791
2026-03-09 15:00:00+00:00,791
2026-03-09 15:15:00+00:00,791
2026-03-09 15:30:00+00:00,790
2026-03-09 15:45:00+00:00,790
2026-03-09 16:00:00+00:00,789
2026-03-09 16:15:00+00:00,789
2026-03-09 16:30:00+00:00,788
2026-03-09 16:45:00+00:00,788
2026-03-09 17:00:00+00:00,787
2026-03-09 17:15:00+00:00,787
2026-03-09 17:30:00+00:00,786
2026-03-09 17:45:00+00:00,785
2026-03-09 18:00:00+00:00,785
2026-03-09 18:15:00+00:00,784
2026-03-09 18:30:00+00:00,783
2026-03-09 18:45:00+00:00,783
2026-03-09 19:00:00+00:00,782
2026-03-09 19:15:00+00:00,782
2026-03-09 19:30:00+00:00,781
2026-03-09 19:45:00+00:00,781
2026-03-09 20:00:00+00:00,781
2026-03-09 20:15:00+00:00,781
2026-03-09 20:30:00+00:00,781
2026-03-09 20:45:00+00:00,781
2026-03-09 21:00:00+00:00,781
2026-03-09 21:15:00+00:00,782
2026-03-09 21:30:00+00:00,782
2026-03-09 21:45:00+00:00,782
2026-03-09 22:00:00+00:00,783
2026-03-09 22:15:00+00:00,783
2026-03-09 22:30:00+00:00,783
2026-03-09 22:45:00+00:00,784
2026-03-09 23:00:00+00:00,784
2026-03-09 23:15:00+00:00,785
2026-03-09 23:30:00+00:00,785
2026-03-09 23:45:00+00:00,786
2026-03-10 00:00:00+00:00,787
2026-03-10 00:15:00+00:00,787
2026-03-10 00:30:00+00:00,788
2026-03-10 00:45:00+00:00,788
2026-03-10 01:00:00+00:00,789
2026-03-10 01:15:00+00:00,790
2026-03-10 01:30:00+00:00,790
2026-03-10 01:45:00+00:00,790
2026-03-10 02:00:00+00:00,791
2026-03-10 02:15:00+00:00,791
2026-03-10 02:30:00+00:00,791
2026-03-10 02:45:00+00:00,792
2026-03-10 03:00:00+00:00,792
2026-03-10 03:15:00+00:00,793
2026-03-10 03:30:00+00:00,793
2026-03-10 03:45:00+00:00,793
2026-03-10 04:00:00+00:00,794
2026-03-10 04:15:00+00:00,794
2026-03-10 04:30:00+00:00,794
2026-03-10 04:45:00+00:00,794
2026-03-10 05:00:00+00:00,795
2026-03-10 05:15:00+00:00,795
2026-03-10 05:30:00+00:00,794
2026-03-10 05:45:00+00:00,794
2026-03-10 06:00:00+00:00,794
2026-03-10 06:15:00+00:00,794
2026-03-10 06:30:00+00:00,793
2026-03-10 06:45:00+00:00,793
2026-03-10 07:00:00+00:00,793
2026-03-10 07:15:00+00:00,793
2026-03-10 07:30:00+00:00,793
2026-03-10 07:45:00+00:00,793
2026-03-10 08:00:00+00:00,793
2026-03-10 08:15:00+00:00,793
2026-03-10 08:30:00+00:00,793
2026-03-10 08:45:00+00:00,793
2026-03-10 09:00:00+00:00,793
2026-03-10 09:15:00+00:00,792
2026-03-10 09:30:00+00:00,792
2026-03-10 09:45:00+00:00,792
2026-03-10 10:00:00+00:00,792
2026-03-10 10:15:00+00:00,792
2026-03-10 10:30:00+00:00,792
2026-03-10 10:45:00+00:00,792
2026-03-10 11:00:00+00:00,792
2026-03-10 11:15:00+00:00,792
2026-03-10 11:30:00+00:00,793
2026-03-10 11:45:00+00:00,793
2026-03-10 12:00:00+00:00,793
2026-03-10 12:15:00+00:00,793
2026-03-10 12:30:00+00:00,794
2026-03-10 12:45:00+00:00,794
2026-03-10 13:00:00+00:00,794
2026-03-10 13:15:00+00:00,794
2026-03-10 13:30:00+00:00,795
2026-03-10 13:45:00+00:00,795
2026-03-10 14:00:00+00:00,795
2026-03-10 14:15:00+00:00,795
2026-03-10 14:30:00+00:00,794
2026-03-10 14:45:00+00:00,794
2026-03-10 15:00:00+00:00,794
2026-03-10 15:15:00+00:00,794
2026-03-10 15:30:00+00:00,793
2026-03-10 15:45:00+00:00,793
2026-03-10 16:00:00+00:00,793
2026-03-10 16:15:00+00:00,792
2026-03-10 16:30:00+00:00,792
2026-03-10 16:45:00+00:00,792
2026-03-10 17:00:00+00:00,792
2026-03-10 17:15:00+00:00,792
2026-03-10 17:45:00+00:00,791
2026-03-10 18:15:00+00:00,792
2026-03-10 18:30:00+00:00,792
2026-03-10 18:45:00+00:00,792
2026-03-10 19:00:00+00:00,792
2026-03-10 19:15:00+00:00,792
2026-03-10 19:30:00+00:00,792
2026-03-10 19:45:00+00:00,792
2026-03-10 20:00:00+00:00,793
2026-03-10 20:15:00+00:00,793
2026-03-10 20:30:00+00:00,793
2026-03-10 20:45:00+00:00,793
2026-03-10 21:00:00+00:00,793
2026-03-10 21:15:00+00:00,793
2026-03-10 21:30:00+00:00,793
2026-03-10 21:45:00+00:00,793
2026-03-10 22:00:00+00:00,793
2026-03-10 22:15:00+00:00,793
2026-03-10 22:30:00+00:00,793
2026-03-10 22:45:00+00:00,793
2026-03-10 23:00:00+00:00,793
2026-03-10 23:15:00+00:00,793
2026-03-10 23:30:00+00:00,794
2026-03-10 23:45:00+00:00,794
2026-03-11 00:00:00+00:00,794
2026-03-11 00:15:00+00:00,793
2026-03-11 00:30:00+00:00,793
2026-03-11 00:45:00+00:00,794
2026-03-11 01:00:00+00:00,794
2026-03-11 01:15:00+00:00,794
2026-03-11 01:30:00+00:00,794
2026-03-11 01:45:00+00:00,794
2026-03-11 02:00:00+00:00,793
2026-03-11 02:15:00+00:00,793
2026-03-11 02:30:00+00:00,793
2026-03-11 02:45:00+00:00,793
2026-03-11 03:00:00+00:00,793
2026-03-11 03:15:00+00:00,793
2026-03-11 03:30:00+00:00,793
2026-03-11 03:45:00+00:00,793
2026-03-11 04:00:00+00:00,793
2026-03-11 04:15:00+00:00,793
2026-03-11 04:30:00+00:00,793
2026-03-11 04:45:00+00:00,793
2026-03-11 05:00:00+00:00,793
2026-03-11 05:15:00+00:00,793
2026-03-11 05:30:00+00:00,793
2026-03-11 05:45:00+00:00,794
2026-03-11 06:00:00+00:00,794
2026-03-11 06:15:00+00:00,793
2026-03-11 06:30:00+00:00,793
2026-03-11 06:45:00+00:00,793
2026-03-11 07:00:00+00:00,794
2026-03-11 07:15:00+00:00,794
2026-03-11 07:30:00+00:00,794
2026-03-11 07:45:00+00:00,794
2026-03-11 08:00:00+00:00,794
2026-03-11 08:15:00+00:00,795
2026-03-11 08:30:00+00:00,795
2026-03-11 08:45:00+00:00,796
2026-03-11 09:00:00+00:00,796
2026-03-11 09:15:00+00:00,796
2026-03-11 09:30:00+00:00,797
2026-03-11 09:45:00+00:00,797
2026-03-11 10:00:00+00:00,797
2026-03-11 10:15:00+00:00,797
2026-03-11 10:30:00+00:00,797
2026-03-11 10:45:00+00:00,797
2026-03-11 11:00:00+00:00,796
2026-03-11 11:15:00+00:00,796
2026-03-11 11:30:00+00:00,796
2026-03-11 11:45:00+00:00,795
2026-03-11 12:00:00+00:00,795
2026-03-11 12:15:00+00:00,795
2026-03-11 12:30:00+00:00,795
2026-03-11 12:45:00+00:00,794
2026-03-11 13:00:00+00:00,794
2026-03-11 13:15:00+00:00,793
2026-03-11 13:30:00+00:00,793
2026-03-11 13:45:00+00:00,793
2026-03-11 14:00:00+00:00,792
2026-03-11 14:15:00+00:00,792
2026-03-11 14:30:00+00:00,791
2026-03-11 14:45:00+00:00,791
2026-03-11 15:00:00+00:00,791
2026-03-11 15:15:00+00:00,790
2026-03-11 15:30:00+00:00,789
2026-03-11 15:45:00+00:00,789
2026-03-11 16:00:00+00:00,788
2026-03-11 16:15:00+00:00,788
2026-03-11 16:30:00+00:00,787
2026-03-11 16:45:00+00:00,787
2026-03-11 17:00:00+00:00,786
2026-03-11 17:15:00+00:00,786
2026-03-11 17:30:00+00:00,785
2026-03-11 17:45:00+00:00,785
2026-03-11 18:00:00+00:00,785
2026-03-11 18:15:00+00:00,785
2026-03-11 18:30:00+00:00,785
2026-03-11 18:45:00+00:00,785
2026-03-11 19:00:00+00:00,785
2026-03-11 19:15:00+00:00,785
2026-03-11 19:30:00+00:00,785
2026-03-11 19:45:00+00:00,785
2026-03-11 20:00:00+00:00,785
2026-03-11 20:15:00+00:00,785
2026-03-11 20:30:00+00:00,785
2026-03-11 20:45:00+00:00,785
2026-03-11 21:00:00+00:00,785
2026-03-11 21:15:00+00:00,785
2026-03-11 21:30:00+00:00,785
2026-03-11 21:45:00+00:00,785
2026-03-11 22:00:00+00:00,786
2026-03-11 22:15:00+00:00,786
2026-03-11 22:30:00+00:00,786
2026-03-11 22:45:00+00:00,787
2026-03-11 23:00:00+00:00,788
2026-03-11 23:15:00+00:00,789
2026-03-11 23:30:00+00:00,790
2026-03-11 23:45:00+00:00,791
2026-03-12 00:00:00+00:00,791
2026-03-12 00:15:00+00:00,792
2026-03-12 00:30:00+00:00,792
2026-03-12 00:45:00+00:00,793
2026-03-12 01:00:00+00:00,793
2026-03-12 01:15:00+00:00,793
2026-03-12 01:30:00+00:00,793
2026-03-12 01:45:00+00:00,793
2026-03-12 02:00:00+00:00,793
2026-03-12 02:15:00+00:00,793
2026-03-12 02:30:00+00:00,792
2026-03-12 02:45:00+00:00,792
2026-03-12 03:00:00+00:00,792
2026-03-12 03:15:00+00:00,792
2026-03-12 03:30:00+00:00,791
2026-03-12 03:45:00+00:00,791
2026-03-12 04:00:00+00:00,791
2026-03-12 04:15:00+00:00,791
2026-03-12 04:30:00+00:00,791
2026-03-12 04:45:00+00:00,790
2026-03-12 05:00:00+00:00,790
2026-03-12 05:15:00+00:00,790
2026-03-12 05:30:00+00:00,790
2026-03-12 05:45:00+00:00,790
2026-03-12 06:00:00+00:00,790
2026-03-12 06:15:00+00:00,789
2026-03-12 06:30:00+00:00,789
2026-03-12 06:45:00+00:00,789
2026-03-12 07:00:00+00:00,790
2026-03-12 07:15:00+00:00,790
2026-03-12 07:30:00+00:00,790
2026-03-12 07:45:00+00:00,790
2026-03-12 08:00:00+00:00,790
2026-03-12 08:15:00+00:00,790
2026-03-12 08:30:00+00:00,791
2026-03-12 08:45:00+00:00,791
2026-03-12 09:00:00+00:00,791
2026-03-12 09:15:00+00:00,791
2026-03-12 09:30:00+00:00,791
2026-03-12 09:45:00+00:00,791
2026-03-12 10:00:00+00:00,791
2026-03-12 10:15:00+00:00,791
2026-03-12 10:30:00+00:00,791
2026-03-12 10:45:00+00:00,792
2026-03-12 11:00:00+00:00,792
2026-03-12 11:15:00+00:00,792
2026-03-12 11:30:00+00:00,792
2026-03-12 11:45:00+00:00,791
2026-03-12 12:00:00+00:00,791
2026-03-12 12:15:00+00:00,791
2026-03-12 12:30:00+00:00,791
2026-03-12 12:45:00+00:00,790
2026-03-12 13:00:00+00:00,790
2026-03-12 13:15:00+00:00,790
2026-03-12 13:30:00+00:00,789
2026-03-12 13:45:00+00:00,789
2026-03-12 14:00:00+00:00,789
2026-03-12 14:15:00+00:00,789
2026-03-12 14:30:00+00:00,788
2026-03-12 14:45:00+00:00,788
2026-03-12 15:00:00+00:00,787
2026-03-12 15:15:00+00:00,787
2026-03-12 15:30:00+00:00,786
2026-03-12 15:45:00+00:00,786
2026-03-12 16:00:00+00:00,785
2026-03-12 16:15:00+00:00,785
2026-03-12 16:30:00+00:00,784
2026-03-12 16:45:00+00:00,784
2026-03-12 17:00:00+00:00,784
2026-03-12 17:15:00+00:00,783
2026-03-12 17:30:00+00:00,783
2026-03-12 17:45:00+00:00,783
2026-03-12 18:00:00+00:00,783
2026-03-12 18:15:00+00:00,782
2026-03-12 18:30:00+00:00,783
2026-03-12 18:45:00+00:00,783
2026-03-12 19:00:00+00:00,783
2026-03-12 19:15:00+00:00,782
2026-03-12 19:30:00+00:00,782
2026-03-12 19:45:00+00:00,781
2026-03-12 20:00:00+00:00,779
2026-03-12 20:15:00+00:00,776
2026-03-12 21:00:00+00:00,778
2026-03-12 21:15:00+00:00,780
2026-03-12 21:30:00+00:00,789
2026-03-12 21:45:00+00:00,792
2026-03-12 22:00:00+00:00,788
2026-03-12 22:15:00+00:00,786
2026-03-12 22:30:00+00:00,786
2026-03-12 22:45:00+00:00,787
2026-03-12 23:00:00+00:00,789
2026-03-12 23:15:00+00:00,790
2026-03-12 23:30:00+00:00,791
2026-03-12 23:45:00+00:00,791
2026-03-13 00:00:00+00:00,791
2026-03-13 00:15:00+00:00,792
2026-03-13 00:30:00+00:00,792
2026-03-13 00:45:00+00:00,793
2026-03-13 01:00:00+00:00,793
2026-03-13 01:15:00+00:00,793
2026-03-13 01:30:00+00:00,793
2026-03-13 01:45:00+00:00,793
2026-03-13 02:00:00+00:00,793
2026-03-13 02:15:00+00:00,792
2026-03-13 02:30:00+00:00,792
2026-03-13 02:45:00+00:00,791
2026-03-13 03:00:00+00:00,791
2026-03-13 03:15:00+00:00,790
2026-03-13 03:30:00+00:00,790
2026-03-13 03:45:00+00:00,789
2026-03-13 04:00:00+00:00,789
2026-03-13 04:15:00+00:00,788
2026-03-13 04:30:00+00:00,788
2026-03-13 04:45:00+00:00,787
2026-03-13 05:00:00+00:00,787
2026-03-13 05:15:00+00:00,786
2026-03-13 05:30:00+00:00,786
2026-03-13 05:45:00+00:00,786
2026-03-13 06:00:00+00:00,785
2026-03-13 06:15:00+00:00,785
2026-03-13 06:30:00+00:00,785
2026-03-13 06:45:00+00:00,786
2026-03-13 07:00:00+00:00,786
2026-03-13 07:15:00+00:00,786
2026-03-13 07:30:00+00:00,786
2026-03-13 07:45:00+00:00,786
2026-03-13 08:00:00+00:00,787
2026-03-13 08:15:00+00:00,787
2026-03-13 08:30:00+00:00,787
2026-03-13 08:45:00+00:00,787
2026-03-13 09:00:00+00:00,787
2026-03-13 09:15:00+00:00,787
2026-03-13 09:30:00+00:00,787
2026-03-13 09:45:00+00:00,788
2026-03-13 10:00:00+00:00,788
2026-03-13 10:15:00+00:00,788
2026-03-13 10:30:00+00:00,788
2026-03-13 10:45:00+00:00,788
2026-03-13 11:00:00+00:00,788
2026-03-13 11:15:00+00:00,788
2026-03-13 11:30:00+00:00,788
2026-03-13 11:45:00+00:00,788
2026-03-13 12:00:00+00:00,788
2026-03-13 12:15:00+00:00,788
2026-03-13 12:30:00+00:00,788
2026-03-13 12:45:00+00:00,788
2026-03-13 13:00:00+00:00,788
2026-03-13 13:15:00+00:00,788
2026-03-13 13:30:00+00:00,789
2026-03-13 13:45:00+00:00,789
2026-03-13 14:00:00+00:00,789
2026-03-13 14:15:00+00:00,789
2026-03-13 14:30:00+00:00,790
2026-03-13 14:45:00+00:00,790
2026-03-13 15:00:00+00:00,790
2026-03-13 15:15:00+00:00,790
2026-03-13 15:30:00+00:00,790
2026-03-13 15:45:00+00:00,790
2026-03-13 16:00:00+00:00,790
2026-03-13 16:15:00+00:00,790
2026-03-13 16:30:00+00:00,790
2026-03-13 16:45:00+00:00,790
2026-03-13 17:00:00+00:00,790
2026-03-13 17:15:00+00:00,789
2026-03-13 17:30:00+00:00,789
2026-03-13 17:45:00+00:00,789
2026-03-13 18:00:00+00:00,789
2026-03-13 18:15:00+00:00,789
2026-03-13 18:30:00+00:00,789
2026-03-13 18:45:00+00:00,789
2026-03-13 19:00:00+00:00,788
2026-03-13 19:15:00+00:00,788
2026-03-13 19:30:00+00:00,787
2026-03-13 19:45:00+00:00,787
2026-03-13 20:00:00+00:00,787
2026-03-13 20:15:00+00:00,786
2026-03-13 20:30:00+00:00,786
2026-03-13 20:45:00+00:00,786
2026-03-13 21:00:00+00:00,786
2026-03-13 21:15:00+00:00,786
2026-03-13 21:30:00+00:00,786
2026-03-13 21:45:00+00:00,786
2026-03-13 22:00:00+00:00,786
2026-03-13 22:15:00+00:00,786
2026-03-13 22:30:00+00:00,786
2026-03-13 22:45:00+00:00,786
2026-03-13 23:00:00+00:00,786
2026-03-13 23:15:00+00:00,787
2026-03-13 23:30:00+00:00,788
2026-03-13 23:45:00+00:00,788
2026-03-14 00:00:00+00:00,788
2026-03-14 00:15:00+00:00,789
2026-03-14 00:30:00+00:00,789
2026-03-14 00:45:00+00:00,789
2026-03-14 01:00:00+00:00,790
2026-03-14 01:15:00+00:00,790
2026-03-14 01:30:00+00:00,790
2026-03-14 01:45:00+00:00,790
2026-03-14 02:00:00+00:00,790
2026-03-14 02:15:00+00:00,790
2026-03-14 02:30:00+00:00,790
2026-03-14 02:45:00+00:00,790
2026-03-14 03:00:00+00:00,790
2026-03-14 03:15:00+00:00,790
2026-03-14 03:30:00+00:00,789
2026-03-14 03:45:00+00:00,789
2026-03-14 04:00:00+00:00,789
2026-03-14 04:15:00+00:00,789
2026-03-14 04:30:00+00:00,788
2026-03-14 04:45:00+00:00,788
2026-03-14 05:00:00+00:00,788
2026-03-14 05:15:00+00:00,788
2026-03-14 05:30:00+00:00,788
2026-03-14 05:45:00+00:00,788
2026-03-14 06:00:00+00:00,789
2026-03-14 06:15:00+00:00,789
2026-03-14 06:30:00+00:00,789
2026-03-14 06:45:00+00:00,790
2026-03-14 07:00:00+00:00,791
2026-03-14 07:15:00+00:00,791
2026-03-14 07:30:00+00:00,792
2026-03-14 07:45:00+00:00,792
2026-03-14 08:00:00+00:00,793
2026-03-14 08:15:00+00:00,793
2026-03-14 08:30:00+00:00,794
2026-03-14 08:45:00+00:00,794
2026-03-14 09:00:00+00:00,794
2026-03-14 09:15:00+00:00,794
2026-03-14 09:30:00+00:00,795
2026-03-14 09:45:00+00:00,795
2026-03-14 10:00:00+00:00,795
2026-03-14 10:15:00+00:00,795
2026-03-14 10:30:00+00:00,796
2026-03-14 10:45:00+00:00,796
2026-03-14 11:00:00+00:00,796
2026-03-14 11:15:00+00:00,796
2026-03-14 11:30:00+00:00,796
2026-03-14 11:45:00+00:00,796
2026-03-14 12:00:00+00:00,796
2026-03-14 12:15:00+00:00,796
2026-03-14 12:30:00+00:00,796
2026-03-14 12:45:00+00:00,795
2026-03-14 13:00:00+00:00,795
2026-03-14 13:15:00+00:00,795
2026-03-14 13:30:00+00:00,795
2026-03-14 13:45:00+00:00,794
2026-03-14 14:00:00+00:00,793
2026-03-14 14:15:00+00:00,793
2026-03-14 14:30:00+00:00,792
2026-03-14 14:45:00+00:00,791
2026-03-14 15:00:00+00:00,790
2026-03-14 15:15:00+00:00,789
2026-03-14 15:30:00+00:00,789
2026-03-14 15:45:00+00:00,788
2026-03-14 16:00:00+00:00,787
2026-03-14 16:15:00+00:00,786
2026-03-14 16:30:00+00:00,785
2026-03-14 16:45:00+00:00,784
2026-03-14 17:00:00+00:00,784
2026-03-14 17:15:00+00:00,783
2026-03-14 17:30:00+00:00,783
2026-03-14 17:45:00+00:00,782
2026-03-14 18:00:00+00:00,782
2026-03-14 18:15:00+00:00,782
2026-03-14 18:30:00+00:00,783
2026-03-14 18:45:00+00:00,783
2026-03-14 19:00:00+00:00,783
2026-03-14 19:15:00+00:00,784
2026-03-14 19:30:00+00:00,785
2026-03-14 19:45:00+00:00,786
2026-03-14 20:00:00+00:00,786
2026-03-14 20:15:00+00:00,788
2026-03-14 20:30:00+00:00,788
2026-03-14 20:45:00+00:00,789
2026-03-14 21:00:00+00:00,790
2026-03-14 21:15:00+00:00,791
2026-03-14 21:30:00+00:00,792
2026-03-14 21:45:00+00:00,793
2026-03-14 22:00:00+00:00,794
2026-03-14 22:15:00+00:00,795
2026-03-14 22:30:00+00:00,796
2026-03-14 22:45:00+00:00,797
2026-03-14 23:00:00+00:00,798
2026-03-14 23:15:00+00:00,798
2026-03-14 23:30:00+00:00,799
2026-03-14 23:45:00+00:00,799
2026-03-15 00:00:00+00:00,800
2026-03-15 00:15:00+00:00,800
2026-03-15 00:30:00+00:00,800
2026-03-15 00:45:00+00:00,800
2026-03-15 01:00:00+00:00,800
2026-03-15 01:15:00+00:00,800
2026-03-15 01:30:00+00:00,800
2026-03-15 01:45:00+00:00,801
2026-03-15 02:00:00+00:00,800
2026-03-15 02:15:00+00:00,800
2026-03-15 02:30:00+00:00,800
2026-03-15 02:45:00+00:00,800
2026-03-15 03:00:00+00:00,800
2026-03-15 03:15:00+00:00,800
2026-03-15 03:30:00+00:00,800
2026-03-15 03:45:00+00:00,800
2026-03-15 04:00:00+00:00,800
2026-03-15 04:15:00+00:00,800
2026-03-15 04:30:00+00:00,800
2026-03-15 04:45:00+00:00,800
2026-03-15 05:00:00+00:00,800
2026-03-15 05:15:00+00:00,800
2026-03-15 05:30:00+00:00,800
2026-03-15 05:45:00+00:00,800
2026-03-15 06:00:00+00:00,800
2026-03-15 06:15:00+00:00,800
2026-03-15 06:30:00+00:00,800
2026-03-15 06:45:00+00:00,801
2026-03-15 07:00:00+00:00,801
2026-03-15 07:15:00+00:00,801
2026-03-15 07:30:00+00:00,801
2026-03-15 07:45:00+00:00,802
2026-03-15 08:00:00+00:00,802
2026-03-15 08:15:00+00:00,803
2026-03-15 08:30:00+00:00,803
2026-03-15 08:45:00+00:00,803
2026-03-15 09:00:00+00:00,803
2026-03-15 09:15:00+00:00,804
2026-03-15 09:30:00+00:00,804
2026-03-15 09:45:00+00:00,804
2026-03-15 10:00:00+00:00,804
2026-03-15 10:15:00+00:00,804
2026-03-15 10:30:00+00:00,805
2026-03-15 10:45:00+00:00,805
2026-03-15 11:00:00+00:00,805
2026-03-15 11:15:00+00:00,805
2026-03-15 11:30:00+00:00,805
2026-03-15 11:45:00+00:00,805
2026-03-15 12:00:00+00:00,806
2026-03-15 12:15:00+00:00,806
2026-03-15 12:30:00+00:00,806
2026-03-15 12:45:00+00:00,806
2026-03-15 13:00:00+00:00,806
2026-03-15 13:15:00+00:00,806
2026-03-15 13:30:00+00:00,806
2026-03-15 13:45:00+00:00,806
2026-03-15 14:00:00+00:00,806
2026-03-15 14:15:00+00:00,806
2026-03-15 14:30:00+00:00,806
2026-03-15 14:45:00+00:00,806
2026-03-15 15:00:00+00:00,806
2026-03-15 15:15:00+00:00,806
2026-03-15 15:30:00+00:00,806
2026-03-15 15:45:00+00:00,806
2026-03-15 16:00:00+00:00,805
2026-03-15 16:15:00+00:00,805
2026-03-15 16:30:00+00:00,805
2026-03-15 16:45:00+00:00,805
2026-03-15 17:00:00+00:00,804
2026-03-15 17:15:00+00:00,804
2026-03-15 17:30:00+00:00,804
2026-03-15 17:45:00+00:00,804
2026-03-15 18:00:00+00:00,803
2026-03-15 18:15:00+00:00,803
2026-03-15 18:30:00+00:00,803
2026-03-15 18:45:00+00:00,802
2026-03-15 19:00:00+00:00,802
2026-03-15 19:15:00+00:00,801
2026-03-15 19:30:00+00:00,800
2026-03-15 19:45:00+00:00,800
2026-03-15 20:00:00+00:00,799
2026-03-15 20:15:00+00:00,799
2026-03-15 20:30:00+00:00,799
2026-03-15 20:45:00+00:00,798
2026-03-15 21:00:00+00:00,798
2026-03-15 21:15:00+00:00,798
2026-03-15 21:30:00+00:00,797
2026-03-15 21:45:00+00:00,797
2026-03-15 22:00:00+00:00,797
2026-03-15 22:15:00+00:00,797
2026-03-15 22:30:00+00:00,797
2026-03-15 22:45:00+00:00,797
2026-03-15 23:00:00+00:00,797
2026-03-15 23:15:00+00:00,797
2026-03-15 23:30:00+00:00,798
2026-03-15 23:45:00+00:00,798
2026-03-16 00:00:00+00:00,798
2026-03-16 00:15:00+00:00,798
2026-03-16 00:30:00+00:00,798
2026-03-16 00:45:00+00:00,798
2026-03-16 01:00:00+00:00,799
2026-03-16 01:15:00+00:00,799
2026-03-16 01:30:00+00:00,799
2026-03-16 01:45:00+00:00,799
2026-03-16 02:00:00+00:00,798
2026-03-16 02:15:00+00:00,798
2026-03-16 02:30:00+00:00,798
2026-03-16 02:45:00+00:00,798
2026-03-16 03:00:00+00:00,798
2026-03-16 03:15:00+00:00,798
2026-03-16 03:30:00+00:00,798
2026-03-16 03:45:00+00:00,798
2026-03-16 04:00:00+00:00,798
2026-03-16 04:15:00+00:00,799
2026-03-16 04:30:00+00:00,799
2026-03-16 04:45:00+00:00,799
2026-03-16 05:00:00+00:00,799
2026-03-16 05:15:00+00:00,800
2026-03-16 05:30:00+00:00,800
2026-03-16 05:45:00+00:00,800
2026-03-16 06:00:00+00:00,800
2026-03-16 06:15:00+00:00,800
2026-03-16 06:30:00+00:00,800
2026-03-16 06:45:00+00:00,800
2026-03-16 07:00:00+00:00,800
2026-03-16 07:15:00+00:00,800
2026-03-16 07:30:00+00:00,800
2026-03-16 07:45:00+00:00,800
2026-03-16 08:00:00+00:00,800
2026-03-16 08:15:00+00:00,800
2026-03-16 08:30:00+00:00,800
2026-03-16 08:45:00+00:00,800
2026-03-16 09:00:00+00:00,800
2026-03-16 09:15:00+00:00,800
2026-03-16 09:30:00+00:00,800
2026-03-16 09:45:00+00:00,801
2026-03-16 10:00:00+00:00,801
2026-03-16 10:15:00+00:00,801
2026-03-16 10:30:00+00:00,801
2026-03-16 10:45:00+00:00,801
2026-03-16 11:00:00+00:00,801
2026-03-16 11:15:00+00:00,801
2026-03-16 11:30:00+00:00,801
2026-03-16 11:45:00+00:00,801
2026-03-16 12:00:00+00:00,801
2026-03-16 12:15:00+00:00,801
2026-03-16 12:30:00+00:00,801
2026-03-16 12:45:00+00:00,801
2026-03-16 13:00:00+00:00,801
2026-03-16 13:15:00+00:00,801
2026-03-16 13:30:00+00:00,801
2026-03-16 13:45:00+00:00,802
2026-03-16 14:00:00+00:00,802
2026-03-16 14:15:00+00:00,802
2026-03-16 14:30:00+00:00,802
2026-03-16 14:45:00+00:00,802
2026-03-16 15:00:00+00:00,802
2026-03-16 15:15:00+00:00,802
2026-03-16 15:30:00+00:00,802
2026-03-16 15:45:00+00:00,802
2026-03-16 16:00:00+00:00,802
2026-03-16 16:15:00+00:00,802
2026-03-16 16:30:00+00:00,802
2026-03-16 16:45:00+00:00,802
2026-03-16 17:00:00+00:00,802
2026-03-16 17:15:00+00:00,802
2026-03-16 17:30:00+00:00,802
2026-03-16 17:45:00+00:00,801
2026-03-16 18:00:00+00:00,801
2026-03-16 18:15:00+00:00,801
2026-03-16 18:30:00+00:00,801
2026-03-16 18:45:00+00:00,800
2026-03-16 19:00:00+00:00,800
2026-03-16 19:15:00+00:00,800
2026-03-16 19:30:00+00:00,799
2026-03-16 19:45:00+00:00,799
2026-03-16 20:00:00+00:00,799
2026-03-16 20:15:00+00:00,799
2026-03-16 20:30:00+00:00,798
2026-03-16 20:45:00+00:00,798
2026-03-16 21:00:00+00:00,798
2026-03-16 21:15:00+00:00,798
2026-03-16 21:30:00+00:00,798
2026-03-16 21:45:00+00:00,799
2026-03-16 22:00:00+00:00,799
2026-03-16 22:15:00+00:00,799
2026-03-16 22:30:00+00:00,799
2026-03-16 22:45:00+00:00,800
2026-03-16 23:00:00+00:00,800
2026-03-16 23:15:00+00:00,800
2026-03-16 23:30:00+00:00,801
2026-03-16 23:45:00+00:00,801
2026-03-17 00:00:00+00:00,801
2026-03-17 00:15:00+00:00,802
2026-03-17 00:30:00+00:00,802
2026-03-17 00:45:00+00:00,802
2026-03-17 01:00:00+00:00,802
2026-03-17 01:15:00+00:00,802
2026-03-17 01:30:00+00:00,802
2026-03-17 01:45:00+00:00,802
2026-03-17 02:00:00+00:00,802
2026-03-17 02:15:00+00:00,802
2026-03-17 02:30:00+00:00,802
2026-03-17 02:45:00+00:00,802
2026-03-17 03:00:00+00:00,802
2026-03-17 03:15:00+00:00,801
2026-03-17 03:30:00+00:00,801
2026-03-17 03:45:00+00:00,801
2026-03-17 04:00:00+00:00,801
2026-03-17 04:15:00+00:00,801
2026-03-17 04:30:00+00:00,801
2026-03-17 04:45:00+00:00,801
2026-03-17 05:00:00+00:00,801
2026-03-17 05:15:00+00:00,801
2026-03-17 05:30:00+00:00,801
2026-03-17 05:45:00+00:00,801
2026-03-17 06:00:00+00:00,801
2026-03-17 06:15:00+00:00,801
2026-03-17 06:30:00+00:00,802
2026-03-17 06:45:00+00:00,802
2026-03-17 07:00:00+00:00,802
2026-03-17 07:15:00+00:00,803
2026-03-17 07:30:00+00:00,803
2026-03-17 07:45:00+00:00,804
2026-03-17 08:00:00+00:00,804
2026-03-17 08:15:00+00:00,804
2026-03-17 08:30:00+00:00,805
2026-03-17 08:45:00+00:00,805
2026-03-17 09:00:00+00:00,805
2026-03-17 09:15:00+00:00,806
2026-03-17 09:30:00+00:00,806
2026-03-17 09:45:00+00:00,806
2026-03-17 10:00:00+00:00,806
2026-03-17 10:15:00+00:00,806
2026-03-17 10:30:00+00:00,806
2026-03-17 10:45:00+00:00,806
2026-03-17 11:00:00+00:00,806
2026-03-17 11:15:00+00:00,807
2026-03-17 11:30:00+00:00,807
2026-03-17 11:45:00+00:00,807
2026-03-17 12:00:00+00:00,807
2026-03-17 12:15:00+00:00,807
2026-03-17 12:30:00+00:00,807
2026-03-17 12:45:00+00:00,808
2026-03-17 13:00:00+00:00,808
2026-03-17 13:15:00+00:00,808
2026-03-17 13:30:00+00:00,808
2026-03-17 13:45:00+00:00,808
2026-03-17 14:00:00+00:00,808
2026-03-17 14:15:00+00:00,808
2026-03-17 14:30:00+00:00,808
2026-03-17 14:45:00+00:00,808
2026-03-17 15:00:00+00:00,808
2026-03-17 15:15:00+00:00,807
2026-03-17 15:30:00+00:00,807
2026-03-17 15:45:00+00:00,807
2026-03-17 16:00:00+00:00,806
2026-03-17 16:15:00+00:00,806
2026-03-17 16:30:00+00:00,805
2026-03-17 16:45:00+00:00,805
2026-03-17 17:00:00+00:00,804
2026-03-17 17:15:00+00:00,804
2026-03-17 17:30:00+00:00,804
2026-03-17 17:45:00+00:00,803
2026-03-17 18:00:00+00:00,803
2026-03-17 18:15:00+00:00,803
2026-03-17 18:30:00+00:00,803
2026-03-17 18:45:00+00:00,802
2026-03-17 19:00:00+00:00,802
2026-03-17 19:15:00+00:00,802
2026-03-17 19:30:00+00:00,802
2026-03-17 19:45:00+00:00,801
2026-03-17 20:00:00+00:00,801
2026-03-17 20:15:00+00:00,800
2026-03-17 20:30:00+00:00,800
2026-03-17 20:45:00+00:00,800
2026-03-17 21:00:00+00:00,799
2026-03-17 21:15:00+00:00,798
2026-03-17 21:30:00+00:00,798
2026-03-17 21:45:00+00:00,798
2026-03-17 22:00:00+00:00,797
2026-03-17 22:15:00+00:00,796
2026-03-17 22:30:00+00:00,796
2026-03-17 22:45:00+00:00,796
2026-03-17 23:00:00+00:00,796
2026-03-17 23:15:00+00:00,796
2026-03-17 23:30:00+00:00,797
2026-03-17 23:45:00+00:00,797
2026-03-18 00:00:00+00:00,797
2026-03-18 00:15:00+00:00,797
2026-03-18 00:30:00+00:00,797
2026-03-18 00:45:00+00:00,797
2026-03-18 01:00:00+00:00,797
2026-03-18 01:15:00+00:00,798
2026-03-18 01:30:00+00:00,798
2026-03-18 01:45:00+00:00,798
2026-03-18 02:00:00+00:00,798
2026-03-18 02:15:00+00:00,799
2026-03-18 02:30:00+00:00,799
2026-03-18 02:45:00+00:00,799
2026-03-18 03:00:00+00:00,800
2026-03-18 03:15:00+00:00,800
2026-03-18 03:30:00+00:00,800
2026-03-18 03:45:00+00:00,801
2026-03-18 04:00:00+00:00,801
2026-03-18 04:15:00+00:00,801
2026-03-18 04:30:00+00:00,802
2026-03-18 04:45:00+00:00,802
2026-03-18 05:00:00+00:00,803
2026-03-18 05:15:00+00:00,803
2026-03-18 05:30:00+00:00,804
2026-03-18 05:45:00+00:00,804
2026-03-18 06:00:00+00:00,805
2026-03-18 06:15:00+00:00,805
2026-03-18 06:30:00+00:00,806
2026-03-18 06:45:00+00:00,806
2026-03-18 07:00:00+00:00,807
2026-03-18 07:15:00+00:00,808
2026-03-18 07:30:00+00:00,809
2026-03-18 07:45:00+00:00,809
2026-03-18 08:00:00+00:00,810
2026-03-18 08:15:00+00:00,810
2026-03-18 08:30:00+00:00,811
2026-03-18 08:45:00+00:00,811
2026-03-18 09:00:00+00:00,811
2026-03-18 09:15:00+00:00,812
2026-03-18 09:30:00+00:00,812
2026-03-18 09:45:00+00:00,812
2026-03-18 10:00:00+00:00,812
2026-03-18 10:15:00+00:00,812
2026-03-18 10:30:00+00:00,812
2026-03-18 10:45:00+00:00,812
2026-03-18 11:00:00+00:00,811
2026-03-18 11:15:00+00:00,811
2026-03-18 11:30:00+00:00,810
2026-03-18 11:45:00+00:00,810
2026-03-18 12:00:00+00:00,809
2026-03-18 12:15:00+00:00,809
2026-03-18 12:30:00+00:00,808
2026-03-18 12:45:00+00:00,808
2026-03-18 13:00:00+00:00,807
2026-03-18 13:15:00+00:00,807
2026-03-18 13:30:00+00:00,806
2026-03-18 13:45:00+00:00,806
2026-03-18 14:00:00+00:00,805
2026-03-18 14:15:00+00:00,805
2026-03-18 14:30:00+00:00,804
2026-03-18 14:45:00+00:00,804
2026-03-18 15:00:00+00:00,803
2026-03-18 15:15:00+00:00,802
2026-03-18 15:30:00+00:00,801
2026-03-18 15:45:00+00:00,800
2026-03-18 16:00:00+00:00,800
2026-03-18 16:15:00+00:00,799
2026-03-18 16:30:00+00:00,798
2026-03-18 16:45:00+00:00,796
2026-03-18 17:00:00+00:00,795
2026-03-18 17:15:00+00:00,794
2026-03-18 17:30:00+00:00,794
2026-03-18 17:45:00+00:00,793
2026-03-18 18:00:00+00:00,793
2026-03-18 18:15:00+00:00,793
2026-03-18 18:30:00+00:00,792
2026-03-18 18:45:00+00:00,792
2026-03-18 19:00:00+00:00,792
2026-03-18 19:15:00+00:00,792
2026-03-18 19:30:00+00:00,793
2026-03-18 19:45:00+00:00,793
2026-03-18 20:00:00+00:00,794
2026-03-18 20:15:00+00:00,795
2026-03-18 20:30:00+00:00,796
2026-03-18 20:45:00+00:00,797
2026-03-18 21:00:00+00:00,798
2026-03-18 21:15:00+00:00,800
2026-03-18 21:30:00+00:00,801
2026-03-18 21:45:00+00:00,802
2026-03-18 22:00:00+00:00,804
2026-03-18 22:15:00+00:00,805
2026-03-18 22:30:00+00:00,807
2026-03-18 22:45:00+00:00,808
2026-03-18 23:00:00+00:00,809
2026-03-18 23:15:00+00:00,810
2026-03-18 23:30:00+00:00,811
2026-03-18 23:45:00+00:00,812
2026-03-19 00:00:00+00:00,813
2026-03-19 00:15:00+00:00,815
2026-03-19 00:30:00+00:00,816
2026-03-19 00:45:00+00:00,817
2026-03-19 01:00:00+00:00,817
2026-03-19 01:15:00+00:00,818
2026-03-19 01:30:00+00:00,818
2026-03-19 01:45:00+00:00,818
2026-03-19 02:00:00+00:00,819
2026-03-19 02:15:00+00:00,819
2026-03-19 02:30:00+00:00,818
2026-03-19 02:45:00+00:00,818
2026-03-19 03:00:00+00:00,818
2026-03-19 03:15:00+00:00,818
2026-03-19 03:30:00+00:00,818
2026-03-19 03:45:00+00:00,817
2026-03-19 04:00:00+00:00,817
2026-03-19 04:15:00+00:00,817
2026-03-19 04:30:00+00:00,816
2026-03-19 04:45:00+00:00,816
2026-03-19 05:00:00+00:00,815
2026-03-19 05:15:00+00:00,815
2026-03-19 05:30:00+00:00,814
2026-03-19 05:45:00+00:00,813
2026-03-19 06:00:00+00:00,813
2026-03-19 06:15:00+00:00,812
2026-03-19 06:30:00+00:00,812
2026-03-19 06:45:00+00:00,811
2026-03-19 07:00:00+00:00,811
2026-03-19 07:15:00+00:00,810
2026-03-19 07:30:00+00:00,809
2026-03-19 07:45:00+00:00,809
2026-03-19 08:00:00+00:00,808
2026-03-19 08:15:00+00:00,808
2026-03-19 08:30:00+00:00,808
2026-03-19 08:45:00+00:00,808
2026-03-19 09:00:00+00:00,808
2026-03-19 09:15:00+00:00,809
2026-03-19 09:30:00+00:00,809
2026-03-19 09:45:00+00:00,809
2026-03-19 10:00:00+00:00,809
2026-03-19 10:15:00+00:00,809
2026-03-19 10:30:00+00:00,810
2026-03-19 10:45:00+00:00,810
2026-03-19 11:00:00+00:00,810
2026-03-19 11:15:00+00:00,810
2026-03-19 11:30:00+00:00,811
2026-03-19 11:45:00+00:00,811
2026-03-19 12:00:00+00:00,811
2026-03-19 12:15:00+00:00,811
2026-03-19 12:30:00+00:00,811
2026-03-19 12:45:00+00:00,811
2026-03-19 13:00:00+00:00,812
2026-03-19 13:15:00+00:00,812
2026-03-19 13:30:00+00:00,812
2026-03-19 13:45:00+00:00,812
2026-03-19 14:00:00+00:00,812
2026-03-19 14:15:00+00:00,812
2026-03-19 14:30:00+00:00,812
2026-03-19 14:45:00+00:00,812
2026-03-19 15:00:00+00:00,813
2026-03-19 15:15:00+00:00,813
2026-03-19 15:30:00+00:00,813
2026-03-19 15:45:00+00:00,813
2026-03-19 16:00:00+00:00,813
2026-03-19 16:15:00+00:00,813
2026-03-19 16:30:00+00:00,813
2026-03-19 16:45:00+00:00,813
2026-03-19 17:00:00+00:00,813
2026-03-19 17:15:00+00:00,813
2026-03-19 17:30:00+00:00,813
2026-03-19 17:45:00+00:00,814
2026-03-19 18:00:00+00:00,814
2026-03-19 18:15:00+00:00,813
2026-03-19 18:30:00+00:00,813
2026-03-19 18:45:00+00:00,813
2026-03-19 19:00:00+00:00,812
2026-03-19 19:15:00+00:00,812
2026-03-19 19:30:00+00:00,812
2026-03-19 19:45:00+00:00,811
2026-03-19 20:00:00+00:00,811
2026-03-19 20:15:00+00:00,810
2026-03-19 20:30:00+00:00,810
2026-03-19 20:45:00+00:00,810
2026-03-19 21:00:00+00:00,809
2026-03-19 21:15:00+00:00,809
2026-03-19 21:30:00+00:00,808
2026-03-19 21:45:00+00:00,807
2026-03-19 22:00:00+00:00,807
2026-03-19 22:15:00+00:00,807
2026-03-19 22:30:00+00:00,806
2026-03-19 22:45:00+00:00,805
2026-03-19 23:00:00+00:00,805
2026-03-19 23:15:00+00:00,805
2026-03-19 23:30:00+00:00,804
2026-03-19 23:45:00+00:00,804
2026-03-20 00:00:00+00:00,804
2026-03-20 00:15:00+00:00,804
2026-03-20 00:30:00+00:00,804
2026-03-20 00:45:00+00:00,803
2026-03-20 01:00:00+00:00,803
2026-03-20 01:15:00+00:00,803
2026-03-20 01:30:00+00:00,802
2026-03-20 01:45:00+00:00,802
2026-03-20 02:00:00+00:00,802
2026-03-20 02:15:00+00:00,801
2026-03-20 02:30:00+00:00,800
2026-03-20 02:45:00+00:00,800
2026-03-20 03:00:00+00:00,799
2026-03-20 03:15:00+00:00,799
2026-03-20 03:30:00+00:00,798
2026-03-20 03:45:00+00:00,798
2026-03-20 04:00:00+00:00,797
2026-03-20 04:15:00+00:00,797
2026-03-20 04:30:00+00:00,797
2026-03-20 04:45:00+00:00,796
2026-03-20 05:00:00+00:00,796
2026-03-20 05:15:00+00:00,796
2026-03-20 05:30:00+00:00,795
2026-03-20 05:45:00+00:00,795
2026-03-20 06:00:00+00:00,795
2026-03-20 06:15:00+00:00,795
2026-03-20 06:30:00+00:00,795
2026-03-20 06:45:00+00:00,794
2026-03-20 07:00:00+00:00,794
2026-03-20 07:15:00+00:00,794
2026-03-20 07:30:00+00:00,794
2026-03-20 07:45:00+00:00,794
2026-03-20 08:00:00+00:00,793
2026-03-20 08:15:00+00:00,793
2026-03-20 08:30:00+00:00,793
2026-03-20 08:45:00+00:00,793
2026-03-20 09:00:00+00:00,793
2026-03-20 09:15:00+00:00,793
2026-03-20 09:30:00+00:00,793
2026-03-20 09:45:00+00:00,793
2026-03-20 10:00:00+00:00,793
2026-03-20 10:15:00+00:00,793
2026-03-20 10:30:00+00:00,792
2026-03-20 10:45:00+00:00,792
2026-03-20 11:00:00+00:00,792
2026-03-20 11:15:00+00:00,792
2026-03-20 11:30:00+00:00,791
2026-03-20 11:45:00+00:00,791
2026-03-20 12:00:00+00:00,790
2026-03-20 12:15:00+00:00,790
2026-03-20 12:30:00+00:00,789
2026-03-20 12:45:00+00:00,788
2026-03-20 13:00:00+00:00,788
2026-03-20 13:15:00+00:00,787
2026-03-20 13:30:00+00:00,786
2026-03-20 13:45:00+00:00,785
2026-03-20 14:00:00+00:00,785
2026-03-20 14:15:00+00:00,784
2026-03-20 14:30:00+00:00,783
2026-03-20 14:45:00+00:00,782
2026-03-20 15:00:00+00:00,781
2026-03-20 15:15:00+00:00,781
2026-03-20 15:30:00+00:00,780
2026-03-20 15:45:00+00:00,779
2026-03-20 16:00:00+00:00,779
2026-03-20 16:15:00+00:00,778
2026-03-20 16:30:00+00:00,777
2026-03-20 16:45:00+00:00,777
2026-03-20 17:00:00+00:00,776
2026-03-20 17:15:00+00:00,776
2026-03-20 17:30:00+00:00,776
2026-03-20 17:45:00+00:00,775
2026-03-20 18:00:00+00:00,775
2026-03-20 18:15:00+00:00,774
2026-03-20 18:30:00+00:00,773
2026-03-20 18:45:00+00:00,773
2026-03-20 19:00:00+00:00,772
2026-03-20 19:15:00+00:00,772
2026-03-20 19:30:00+00:00,771
2026-03-20 19:45:00+00:00,771
2026-03-20 20:00:00+00:00,771
2026-03-20 20:15:00+00:00,771
2026-03-20 20:30:00+00:00,771
2026-03-20 20:45:00+00:00,771
2026-03-20 21:00:00+00:00,771
2026-03-20 21:15:00+00:00,772
2026-03-20 21:30:00+00:00,772
2026-03-20 21:45:00+00:00,773
2026-03-20 22:00:00+00:00,774
2026-03-20 22:15:00+00:00,775
2026-03-20 22:30:00+00:00,776
2026-03-20 22:45:00+00:00,777
2026-03-20 23:00:00+00:00,778
2026-03-20 23:15:00+00:00,779
2026-03-20 23:30:00+00:00,780
2026-03-20 23:45:00+00:00,781
2026-03-21 00:00:00+00:00,782
2026-03-21 00:15:00+00:00,784
2026-03-21 00:30:00+00:00,785
2026-03-21 00:45:00+00:00,786
2026-03-21 01:00:00+00:00,787
2026-03-21 01:15:00+00:00,788
2026-03-21 01:30:00+00:00,790
2026-03-21 01:45:00+00:00,791
2026-03-21 02:00:00+00:00,793
2026-03-21 02:15:00+00:00,794
2026-03-21 02:30:00+00:00,795
2026-03-21 02:45:00+00:00,796
2026-03-21 03:00:00+00:00,798
2026-03-21 03:15:00+00:00,799
2026-03-21 03:30:00+00:00,800
2026-03-21 03:45:00+00:00,802
2026-03-21 04:00:00+00:00,803
2026-03-21 04:15:00+00:00,804
2026-03-21 04:30:00+00:00,805
2026-03-21 04:45:00+00:00,807
2026-03-21 05:00:00+00:00,808
2026-03-21 05:15:00+00:00,809
2026-03-21 05:30:00+00:00,810
2026-03-21 05:45:00+00:00,811
2026-03-21 06:00:00+00:00,812
2026-03-21 06:15:00+00:00,813
2026-03-21 06:30:00+00:00,814
2026-03-21 06:45:00+00:00,815
2026-03-21 07:00:00+00:00,815
2026-03-21 07:15:00+00:00,816
2026-03-21 07:30:00+00:00,817
2026-03-21 07:45:00+00:00,818
2026-03-21 08:00:00+00:00,819
2026-03-21 08:15:00+00:00,820
2026-03-21 08:30:00+00:00,820
2026-03-21 08:45:00+00:00,821
2026-03-21 09:00:00+00:00,822
2026-03-21 09:15:00+00:00,823
2026-03-21 09:30:00+00:00,824
2026-03-21 09:45:00+00:00,825
2026-03-21 10:00:00+00:00,826
2026-03-21 10:15:00+00:00,827
2026-03-21 10:30:00+00:00,827
2026-03-21 10:45:00+00:00,828
2026-03-21 11:00:00+00:00,829
2026-03-21 11:15:00+00:00,830
2026-03-21 11:30:00+00:00,830
2026-03-21 11:45:00+00:00,831
2026-03-21 12:00:00+00:00,831
2026-03-21 12:15:00+00:00,831
2026-03-21 12:30:00+00:00,831
2026-03-21 12:45:00+00:00,831
2026-03-21 13:00:00+00:00,831
2026-03-21 13:15:00+00:00,831
2026-03-21 13:30:00+00:00,831
2026-03-21 13:45:00+00:00,831
2026-03-21 14:00:00+00:00,830
2026-03-21 14:15:00+00:00,830
2026-03-21 14:30:00+00:00,830
2026-03-21 14:45:00+00:00,829
2026-03-21 15:00:00+00:00,828
2026-03-21 15:15:00+00:00,828
2026-03-21 15:30:00+00:00,827
2026-03-21 15:45:00+00:00,826
2026-03-21 16:00:00+00:00,826
2026-03-21 16:15:00+00:00,825
2026-03-21 16:30:00+00:00,825
2026-03-21 16:45:00+00:00,824
2026-03-21 17:00:00+00:00,824
2026-03-21 17:15:00+00:00,823
2026-03-21 17:30:00+00:00,823
2026-03-21 17:45:00+00:00,823
2026-03-21 18:00:00+00:00,822
2026-03-21 18:15:00+00:00,822
2026-03-21 18:30:00+00:00,822
2026-03-21 18:45:00+00:00,821
2026-03-21 19:00:00+00:00,821
2026-03-21 19:15:00+00:00,821
2026-03-21 19:30:00+00:00,821
2026-03-21 19:45:00+00:00,821
2026-03-21 20:00:00+00:00,821
2026-03-21 20:15:00+00:00,821
2026-03-21 20:30:00+00:00,821
2026-03-21 20:45:00+00:00,822
2026-03-21 21:00:00+00:00,822
2026-03-21 21:15:00+00:00,822
2026-03-21 21:30:00+00:00,822
2026-03-21 21:45:00+00:00,822
2026-03-21 22:00:00+00:00,823
2026-03-21 22:15:00+00:00,823
2026-03-21 22:30:00+00:00,823
2026-03-21 22:45:00+00:00,823
2026-03-21 23:00:00+00:00,824
2026-03-21 23:15:00+00:00,824
2026-03-21 23:30:00+00:00,824
2026-03-21 23:45:00+00:00,824
2026-03-22 00:00:00+00:00,824
2026-03-22 00:15:00+00:00,824
2026-03-22 00:30:00+00:00,824
2026-03-22 00:45:00+00:00,824
2026-03-22 01:00:00+00:00,825
2026-03-22 01:15:00+00:00,825
2026-03-22 01:30:00+00:00,826
2026-03-22 01:45:00+00:00,826
2026-03-22 02:00:00+00:00,826
2026-03-22 02:15:00+00:00,826
2026-03-22 02:30:00+00:00,826
2026-03-22 02:45:00+00:00,827
2026-03-22 03:00:00+00:00,827
2026-03-22 03:15:00+00:00,827
2026-03-22 03:30:00+00:00,827
2026-03-22 03:45:00+00:00,827
2026-03-22 04:00:00+00:00,827
2026-03-22 04:15:00+00:00,828
2026-03-22 04:30:00+00:00,828
2026-03-22 04:45:00+00:00,828
2026-03-22 05:00:00+00:00,829
2026-03-22 05:15:00+00:00,829
2026-03-22 05:30:00+00:00,830
2026-03-22 05:45:00+00:00,830
2026-03-22 06:00:00+00:00,830
2026-03-22 06:15:00+00:00,830
2026-03-22 06:30:00+00:00,830
2026-03-22 06:45:00+00:00,830
2026-03-22 07:00:00+00:00,830
2026-03-22 07:15:00+00:00,830
2026-03-22 07:30:00+00:00,830
2026-03-22 07:45:00+00:00,830
2026-03-22 08:00:00+00:00,830
2026-03-22 08:15:00+00:00,829
2026-03-22 08:30:00+00:00,829
2026-03-22 08:45:00+00:00,829
2026-03-22 09:00:00+00:00,829
2026-03-22 09:15:00+00:00,829
2026-03-22 09:30:00+00:00,829
2026-03-22 09:45:00+00:00,829
2026-03-22 10:00:00+00:00,829
2026-03-22 10:15:00+00:00,828
2026-03-22 10:30:00+00:00,828
2026-03-22 10:45:00+00:00,828
2026-03-22 11:00:00+00:00,827
2026-03-22 11:15:00+00:00,827
2026-03-22 11:30:00+00:00,826
2026-03-22 11:45:00+00:00,826
2026-03-22 12:00:00+00:00,825
2026-03-22 12:15:00+00:00,824
2026-03-22 12:30:00+00:00,823
2026-03-22 12:45:00+00:00,822
2026-03-22 13:00:00+00:00,820
2026-03-22 13:15:00+00:00,820
2026-03-22 13:30:00+00:00,818
2026-03-22 13:45:00+00:00,817
2026-03-22 14:00:00+00:00,816
2026-03-22 14:15:00+00:00,815
2026-03-22 14:30:00+00:00,813
2026-03-22 14:45:00+00:00,812
2026-03-22 15:00:00+00:00,810
2026-03-22 15:15:00+00:00,809
2026-03-22 15:30:00+00:00,808
2026-03-22 15:45:00+00:00,806
2026-03-22 16:00:00+00:00,805
2026-03-22 16:15:00+00:00,804
2026-03-22 16:30:00+00:00,804
2026-03-22 16:45:00+00:00,803
2026-03-22 17:00:00+00:00,802
2026-03-22 17:15:00+00:00,802
2026-03-22 17:30:00+00:00,802
2026-03-22 17:45:00+00:00,802
2026-03-22 18:00:00+00:00,801
2026-03-22 18:15:00+00:00,801
2026-03-22 18:30:00+00:00,801
2026-03-22 18:45:00+00:00,801
2026-03-22 19:00:00+00:00,801
2026-03-22 19:15:00+00:00,801
2026-03-22 19:30:00+00:00,801
2026-03-22 19:45:00+00:00,801
2026-03-22 20:00:00+00:00,801
2026-03-22 20:15:00+00:00,801
2026-03-22 20:30:00+00:00,802
2026-03-22 20:45:00+00:00,802
2026-03-22 21:00:00+00:00,802
2026-03-22 21:15:00+00:00,803
2026-03-22 21:30:00+00:00,803
2026-03-22 21:45:00+00:00,803
2026-03-22 22:00:00+00:00,803
2026-03-22 22:15:00+00:00,803
2026-03-22 22:30:00+00:00,804
2026-03-22 22:45:00+00:00,804
2026-03-22 23:00:00+00:00,804
2026-03-22 23:15:00+00:00,805
2026-03-22 23:30:00+00:00,806
2026-03-22 23:45:00+00:00,807
2026-03-23 00:00:00+00:00,808
2026-03-23 00:15:00+00:00,809
2026-03-23 00:30:00+00:00,809
2026-03-23 00:45:00+00:00,810
2026-03-23 01:00:00+00:00,810
2026-03-23 01:15:00+00:00,811
2026-03-23 01:30:00+00:00,812
2026-03-23 01:45:00+00:00,812
2026-03-23 02:00:00+00:00,813
2026-03-23 02:15:00+00:00,814
2026-03-23 02:30:00+00:00,814
2026-03-23 02:45:00+00:00,815
2026-03-23 03:00:00+00:00,816
2026-03-23 03:15:00+00:00,816
2026-03-23 03:30:00+00:00,817
2026-03-23 03:45:00+00:00,817
2026-03-23 04:00:00+00:00,818
2026-03-23 04:15:00+00:00,818
2026-03-23 04:30:00+00:00,819
2026-03-23 04:45:00+00:00,819
2026-03-23 05:00:00+00:00,819
2026-03-23 05:15:00+00:00,819
2026-03-23 05:30:00+00:00,819
2026-03-23 05:45:00+00:00,819
2026-03-23 06:00:00+00:00,819
2026-03-23 06:15:00+00:00,818
2026-03-23 06:30:00+00:00,818
2026-03-23 06:45:00+00:00,818
2026-03-23 07:00:00+00:00,817
2026-03-23 07:15:00+00:00,817
2026-03-23 07:30:00+00:00,816
2026-03-23 07:45:00+00:00,815
2026-03-23 08:00:00+00:00,815
2026-03-23 08:15:00+00:00,814
2026-03-23 08:30:00+00:00,813
2026-03-23 08:45:00+00:00,812
2026-03-23 09:00:00+00:00,811
2026-03-23 09:15:00+00:00,810
2026-03-23 09:30:00+00:00,809
2026-03-23 09:45:00+00:00,808
2026-03-23 10:00:00+00:00,807
2026-03-23 10:15:00+00:00,806
2026-03-23 10:30:00+00:00,805
2026-03-23 10:45:00+00:00,804
2026-03-23 11:00:00+00:00,802
2026-03-23 11:15:00+00:00,801
2026-03-23 11:30:00+00:00,799
2026-03-23 11:45:00+00:00,798
2026-03-23 12:00:00+00:00,796
2026-03-23 12:15:00+00:00,794
2026-03-23 12:30:00+00:00,792
2026-03-23 12:45:00+00:00,790
2026-03-23 13:00:00+00:00,788
2026-03-23 13:15:00+00:00,786
2026-03-23 13:30:00+00:00,784
2026-03-23 13:45:00+00:00,782
2026-03-23 14:00:00+00:00,780
2026-03-23 14:15:00+00:00,778
2026-03-23 14:30:00+00:00,776
2026-03-23 14:45:00+00:00,775
2026-03-23 15:00:00+00:00,774
2026-03-23 15:15:00+00:00,773
2026-03-23 15:30:00+00:00,772
2026-03-23 15:45:00+00:00,770
2026-03-23 16:00:00+00:00,769
2026-03-23 16:15:00+00:00,768
2026-03-23 16:30:00+00:00,767
2026-03-23 16:45:00+00:00,766
2026-03-23 17:00:00+00:00,766
2026-03-23 17:15:00+00:00,765
2026-03-23 17:30:00+00:00,764
2026-03-23 17:45:00+00:00,763
2026-03-23 18:00:00+00:00,763
2026-03-23 18:15:00+00:00,762
2026-03-23 18:30:00+00:00,762
2026-03-23 18:45:00+00:00,762
2026-03-23 19:00:00+00:00,761
2026-03-23 19:15:00+00:00,761
2026-03-23 19:30:00+00:00,761
2026-03-23 19:45:00+00:00,761
2026-03-23 20:00:00+00:00,761
2026-03-23 20:15:00+00:00,762
2026-03-23 20:30:00+00:00,762
2026-03-23 20:45:00+00:00,762
2026-03-23 21:00:00+00:00,763
2026-03-23 21:15:00+00:00,763
2026-03-23 21:30:00+00:00,763
2026-03-23 21:45:00+00:00,764
2026-03-23 22:00:00+00:00,764
2026-03-23 22:15:00+00:00,765
2026-03-23 22:30:00+00:00,766
2026-03-23 22:45:00+00:00,767
2026-03-23 23:00:00+00:00,767
2026-03-23 23:15:00+00:00,768
2026-03-23 23:30:00+00:00,769
2026-03-23 23:45:00+00:00,770
2026-03-24 00:00:00+00:00,771
2026-03-24 00:15:00+00:00,771
2026-03-24 00:30:00+00:00,772
2026-03-24 00:45:00+00:00,773
2026-03-24 01:00:00+00:00,773
2026-03-24 01:15:00+00:00,774
2026-03-24 01:30:00+00:00,775
2026-03-24 01:45:00+00:00,775
2026-03-24 02:00:00+00:00,776
2026-03-24 02:15:00+00:00,776
2026-03-24 02:30:00+00:00,777
2026-03-24 02:45:00+00:00,777
2026-03-24 03:00:00+00:00,777
2026-03-24 03:15:00+00:00,777
2026-03-24 03:30:00+00:00,777
2026-03-24 03:45:00+00:00,777
2026-03-24 04:00:00+00:00,777
2026-03-24 04:15:00+00:00,776
2026-03-24 04:30:00+00:00,776
2026-03-24 04:45:00+00:00,776
2026-03-24 05:00:00+00:00,775
2026-03-24 05:15:00+00:00,774
2026-03-24 05:30:00+00:00,774
2026-03-24 05:45:00+00:00,773
2026-03-24 06:00:00+00:00,772
2026-03-24 06:15:00+00:00,771
2026-03-24 06:30:00+00:00,769
2026-03-24 06:45:00+00:00,768
2026-03-24 07:00:00+00:00,767
2026-03-24 07:15:00+00:00,765
2026-03-24 07:30:00+00:00,764
2026-03-24 07:45:00+00:00,763
2026-03-24 08:00:00+00:00,761
2026-03-24 08:15:00+00:00,760
2026-03-24 08:30:00+00:00,759
2026-03-24 08:45:00+00:00,757
2026-03-24 09:00:00+00:00,756
2026-03-24 09:15:00+00:00,755
2026-03-24 09:30:00+00:00,754
2026-03-24 09:45:00+00:00,753
2026-03-24 10:00:00+00:00,751
2026-03-24 10:15:00+00:00,750
2026-03-24 10:30:00+00:00,749
2026-03-24 10:45:00+00:00,747
2026-03-24 11:00:00+00:00,746
2026-03-24 11:15:00+00:00,745
2026-03-24 11:30:00+00:00,744
2026-03-24 11:45:00+00:00,742
2026-03-24 12:00:00+00:00,741
2026-03-24 12:15:00+00:00,740
2026-03-24 12:30:00+00:00,738
2026-03-24 12:45:00+00:00,737
2026-03-24 13:00:00+00:00,735
2026-03-24 13:15:00+00:00,734
2026-03-24 13:30:00+00:00,732
2026-03-24 13:45:00+00:00,731
2026-03-24 14:00:00+00:00,730
2026-03-24 14:15:00+00:00,728
2026-03-24 14:30:00+00:00,727
2026-03-24 14:45:00+00:00,726
2026-03-24 15:00:00+00:00,725
2026-03-24 15:15:00+00:00,724
2026-03-24 15:30:00+00:00,724
2026-03-24 15:45:00+00:00,723
2026-03-24 16:00:00+00:00,722
2026-03-24 16:15:00+00:00,722
2026-03-24 16:30:00+00:00,722
2026-03-24 16:45:00+00:00,721
2026-03-24 17:00:00+00:00,721
2026-03-24 17:15:00+00:00,721
2026-03-24 17:30:00+00:00,720
2026-03-24 17:45:00+00:00,720
2026-03-24 18:00:00+00:00,720
2026-03-24 18:15:00+00:00,720
2026-03-24 18:30:00+00:00,719
2026-03-24 18:45:00+00:00,719
2026-03-24 19:00:00+00:00,719
2026-03-24 19:15:00+00:00,719
2026-03-24 19:30:00+00:00,718
2026-03-24 19:45:00+00:00,718
2026-03-24 20:00:00+00:00,718
2026-03-24 20:15:00+00:00,718
2026-03-24 20:30:00+00:00,718
2026-03-24 20:45:00+00:00,718
2026-03-24 21:00:00+00:00,718
2026-03-24 21:15:00+00:00,718
2026-03-24 21:30:00+00:00,718
2026-03-24 21:45:00+00:00,718
2026-03-24 22:00:00+00:00,718
2026-03-24 22:15:00+00:00,718
2026-03-24 22:30:00+00:00,718
2026-03-24 22:45:00+00:00,718
2026-03-24 23:00:00+00:00,718
2026-03-24 23:15:00+00:00,719
2026-03-24 23:30:00+00:00,719
2026-03-24 23:45:00+00:00,719
2026-03-25 00:00:00+00:00,719
2026-03-25 00:15:00+00:00,719
2026-03-25 00:30:00+00:00,719
2026-03-25 00:45:00+00:00,719
2026-03-25 01:00:00+00:00,719
2026-03-25 01:15:00+00:00,719
2026-03-25 01:30:00+00:00,719
2026-03-25 01:45:00+00:00,719
2026-03-25 02:00:00+00:00,719
2026-03-25 02:15:00+00:00,719
2026-03-25 02:30:00+00:00,718
2026-03-25 02:45:00+00:00,718
2026-03-25 03:00:00+00:00,718
2026-03-25 03:15:00+00:00,717
2026-03-25 03:30:00+00:00,717
2026-03-25 03:45:00+00:00,716
2026-03-25 04:00:00+00:00,716
2026-03-25 04:15:00+00:00,715
2026-03-25 04:30:00+00:00,715
2026-03-25 04:45:00+00:00,714
2026-03-25 05:00:00+00:00,714
2026-03-25 05:15:00+00:00,713
2026-03-25 05:30:00+00:00,712
2026-03-25 05:45:00+00:00,712
2026-03-25 06:00:00+00:00,711
2026-03-25 06:15:00+00:00,710
2026-03-25 06:30:00+00:00,710
2026-03-25 06:45:00+00:00,709
2026-03-25 07:00:00+00:00,709
2026-03-25 07:15:00+00:00,709
2026-03-25 07:30:00+00:00,708
2026-03-25 07:45:00+00:00,708
2026-03-25 08:00:00+00:00,707
2026-03-25 08:15:00+00:00,706
2026-03-25 08:30:00+00:00,706
2026-03-25 08:45:00+00:00,705
2026-03-25 09:00:00+00:00,705
2026-03-25 09:15:00+00:00,704
2026-03-25 09:30:00+00:00,704
2026-03-25 09:45:00+00:00,703
2026-03-25 10:00:00+00:00,703
2026-03-25 10:15:00+00:00,703
2026-03-25 10:30:00+00:00,703
2026-03-25 10:45:00+00:00,703
2026-03-25 11:00:00+00:00,703
2026-03-25 11:15:00+00:00,702
2026-03-25 11:30:00+00:00,702
2026-03-25 11:45:00+00:00,702
2026-03-25 12:00:00+00:00,702
2026-03-25 12:15:00+00:00,701
2026-03-25 12:30:00+00:00,701
2026-03-25 12:45:00+00:00,701
2026-03-25 13:00:00+00:00,701
2026-03-25 13:15:00+00:00,701
2026-03-25 13:30:00+00:00,701
2026-03-25 13:45:00+00:00,701
2026-03-25 14:00:00+00:00,701
2026-03-25 14:15:00+00:00,701
2026-03-25 14:30:00+00:00,701
2026-03-25 14:45:00+00:00,701
2026-03-25 15:00:00+00:00,701
2026-03-25 15:15:00+00:00,701
2026-03-25 15:30:00+00:00,701
2026-03-25 15:45:00+00:00,701
2026-03-25 16:00:00+00:00,701
2026-03-25 16:15:00+00:00,701
2026-03-25 16:30:00+00:00,701
2026-03-25 16:45:00+00:00,701
2026-03-25 17:00:00+00:00,701
2026-03-25 17:15:00+00:00,701
2026-03-25 17:30:00+00:00,702
2026-03-25 17:45:00+00:00,702
2026-03-25 18:00:00+00:00,702
2026-03-25 18:15:00+00:00,702
2026-03-25 18:30:00+00:00,702
2026-03-25 18:45:00+00:00,702
2026-03-25 19:00:00+00:00,701
2026-03-25 19:15:00+00:00,701
2026-03-25 19:30:00+00:00,701
2026-03-25 19:45:00+00:00,701
2026-03-25 20:00:00+00:00,701
2026-03-25 20:15:00+00:00,701
2026-03-25 20:30:00+00:00,701
2026-03-25 20:45:00+00:00,701
2026-03-25 21:00:00+00:00,702
2026-03-25 21:15:00+00:00,702
2026-03-25 21:30:00+00:00,702
2026-03-25 21:45:00+00:00,702
2026-03-25 22:00:00+00:00,703
2026-03-25 22:15:00+00:00,703
2026-03-25 22:30:00+00:00,703
2026-03-25 22:45:00+00:00,704
2026-03-25 23:00:00+00:00,704
2026-03-25 23:15:00+00:00,704
2026-03-25 23:30:00+00:00,705
2026-03-25 23:45:00+00:00,705
2026-03-26 00:00:00+00:00,706
2026-03-26 00:15:00+00:00,706
2026-03-26 00:30:00+00:00,707
2026-03-26 00:45:00+00:00,707
2026-03-26 01:00:00+00:00,707
2026-03-26 01:15:00+00:00,708
2026-03-26 01:30:00+00:00,708
2026-03-26 01:45:00+00:00,708
2026-03-26 02:00:00+00:00,708
2026-03-26 02:15:00+00:00,709
2026-03-26 02:30:00+00:00,709
2026-03-26 02:45:00+00:00,709
2026-03-26 03:00:00+00:00,709
2026-03-26 03:15:00+00:00,709
2026-03-26 03:30:00+00:00,708
2026-03-26 03:45:00+00:00,708
2026-03-26 04:00:00+00:00,708
2026-03-26 04:15:00+00:00,707
2026-03-26 04:30:00+00:00,707
2026-03-26 04:45:00+00:00,707
2026-03-26 05:00:00+00:00,706
2026-03-26 05:15:00+00:00,705
2026-03-26 05:30:00+00:00,704
2026-03-26 05:45:00+00:00,704
2026-03-26 06:00:00+00:00,703
2026-03-26 06:15:00+00:00,702
2026-03-26 06:30:00+00:00,701
2026-03-26 06:45:00+00:00,700
2026-03-26 07:00:00+00:00,699
2026-03-26 07:15:00+00:00,698
2026-03-26 07:30:00+00:00,697
2026-03-26 07:45:00+00:00,696
2026-03-26 08:00:00+00:00,696
2026-03-26 08:15:00+00:00,695
2026-03-26 08:30:00+00:00,694
2026-03-26 08:45:00+00:00,694
2026-03-26 09:00:00+00:00,694
2026-03-26 09:15:00+00:00,693
2026-03-26 09:30:00+00:00,693
2026-03-26 09:45:00+00:00,693
2026-03-26 10:00:00+00:00,693
2026-03-26 10:15:00+00:00,692
2026-03-26 10:30:00+00:00,692
2026-03-26 10:45:00+00:00,692
2026-03-26 11:00:00+00:00,691
2026-03-26 11:15:00+00:00,691
2026-03-26 11:30:00+00:00,691
2026-03-26 11:45:00+00:00,690
2026-03-26 12:00:00+00:00,690
2026-03-26 12:15:00+00:00,689
2026-03-26 12:30:00+00:00,688
2026-03-26 12:45:00+00:00,688
2026-03-26 13:00:00+00:00,687
2026-03-26 13:15:00+00:00,686
2026-03-26 13:30:00+00:00,686
2026-03-26 13:45:00+00:00,686
2026-03-26 14:00:00+00:00,686
2026-03-26 14:15:00+00:00,685
2026-03-26 14:30:00+00:00,685
2026-03-26 14:45:00+00:00,685
2026-03-26 15:00:00+00:00,685
2026-03-26 15:15:00+00:00,684
2026-03-26 15:30:00+00:00,684
2026-03-26 15:45:00+00:00,684
2026-03-26 16:00:00+00:00,684
2026-03-26 16:15:00+00:00,683
2026-03-26 16:30:00+00:00,683
2026-03-26 16:45:00+00:00,683
2026-03-26 17:00:00+00:00,682
2026-03-26 17:15:00+00:00,682
2026-03-26 17:30:00+00:00,682
2026-03-26 17:45:00+00:00,682
2026-03-26 18:00:00+00:00,682
2026-03-26 18:15:00+00:00,682
2026-03-26 18:30:00+00:00,682
2026-03-26 18:45:00+00:00,682
2026-03-26 19:00:00+00:00,682
2026-03-26 19:15:00+00:00,682
2026-03-26 19:30:00+00:00,682
2026-03-26 19:45:00+00:00,682
2026-03-26 20:00:00+00:00,681
2026-03-26 20:15:00+00:00,681
2026-03-26 20:30:00+00:00,681
2026-03-26 20:45:00+00:00,681
2026-03-26 21:00:00+00:00,680
2026-03-26 21:15:00+00:00,680
2026-03-26 21:30:00+00:00,679
2026-03-26 21:45:00+00:00,679
2026-03-26 22:00:00+00:00,679
2026-03-26 22:15:00+00:00,679
2026-03-26 22:30:00+00:00,678
2026-03-26 22:45:00+00:00,678
2026-03-26 23:00:00+00:00,677
2026-03-26 23:15:00+00:00,677
2026-03-26 23:30:00+00:00,676
2026-03-26 23:45:00+00:00,676
2026-03-27 00:00:00+00:00,675
2026-03-27 00:15:00+00:00,675
2026-03-27 00:30:00+00:00,674
2026-03-27 00:45:00+00:00,674
2026-03-27 01:00:00+00:00,673
2026-03-27 01:15:00+00:00,672
2026-03-27 01:30:00+00:00,671
2026-03-27 01:45:00+00:00,670
2026-03-27 02:00:00+00:00,669
2026-03-27 02:15:00+00:00,667
2026-03-27 02:30:00+00:00,666
2026-03-27 02:45:00+00:00,664
2026-03-27 03:00:00+00:00,663
2026-03-27 03:15:00+00:00,661
2026-03-27 03:30:00+00:00,659
2026-03-27 03:45:00+00:00,657
2026-03-27 04:00:00+00:00,655
2026-03-27 04:15:00+00:00,654
2026-03-27 04:30:00+00:00,652
2026-03-27 04:45:00+00:00,651
2026-03-27 05:00:00+00:00,650
2026-03-27 05:15:00+00:00,650
2026-03-27 05:30:00+00:00,649
2026-03-27 05:45:00+00:00,649
2026-03-27 06:00:00+00:00,649
2026-03-27 06:15:00+00:00,648
2026-03-27 06:30:00+00:00,648
2026-03-27 06:45:00+00:00,647
2026-03-27 07:00:00+00:00,647
2026-03-27 07:15:00+00:00,645
2026-03-27 07:30:00+00:00,643
2026-03-27 07:45:00+00:00,641
2026-03-27 08:00:00+00:00,639
2026-03-27 08:15:00+00:00,637
2026-03-27 08:30:00+00:00,635
2026-03-27 08:45:00+00:00,633
2026-03-27 09:00:00+00:00,632
2026-03-27 09:15:00+00:00,630
2026-03-27 09:30:00+00:00,629
2026-03-27 09:45:00+00:00,627
2026-03-27 10:00:00+00:00,626
2026-03-27 10:15:00+00:00,624
2026-03-27 10:30:00+00:00,623
2026-03-27 10:45:00+00:00,622
2026-03-27 11:00:00+00:00,621
2026-03-27 11:15:00+00:00,619
2026-03-27 11:30:00+00:00,618
2026-03-27 11:45:00+00:00,617
2026-03-27 12:00:00+00:00,616
2026-03-27 12:15:00+00:00,615
2026-03-27 12:30:00+00:00,614
2026-03-27 12:45:00+00:00,613
2026-03-27 13:00:00+00:00,612
2026-03-27 13:15:00+00:00,611
2026-03-27 13:30:00+00:00,610
2026-03-27 13:45:00+00:00,609
2026-03-27 14:00:00+00:00,608
2026-03-27 14:15:00+00:00,607
2026-03-27 14:30:00+00:00,606
2026-03-27 14:45:00+00:00,605
2026-03-27 15:00:00+00:00,605
2026-03-27 15:15:00+00:00,604
2026-03-27 15:30:00+00:00,602
2026-03-27 15:45:00+00:00,601
2026-03-27 16:00:00+00:00,600
2026-03-27 16:15:00+00:00,598
2026-03-27 16:30:00+00:00,596
2026-03-27 16:45:00+00:00,594
2026-03-27 17:00:00+00:00,591
2026-03-27 17:15:00+00:00,589
2026-03-27 17:30:00+00:00,586
2026-03-27 17:45:00+00:00,583
2026-03-27 18:00:00+00:00,580
2026-03-27 18:15:00+00:00,577
2026-03-27 18:30:00+00:00,573
2026-03-27 18:45:00+00:00,570
2026-03-27 19:00:00+00:00,566
2026-03-27 19:15:00+00:00,562
2026-03-27 19:30:00+00:00,558
2026-03-27 19:45:00+00:00,554
2026-03-27 20:00:00+00:00,550
2026-03-27 20:15:00+00:00,547
2026-03-27 20:30:00+00:00,543
2026-03-27 20:45:00+00:00,539
2026-03-27 21:00:00+00:00,536
2026-03-27 21:15:00+00:00,533
2026-03-27 21:30:00+00:00,530
2026-03-27 21:45:00+00:00,527
2026-03-27 22:00:00+00:00,524
2026-03-27 22:15:00+00:00,521
2026-03-27 22:30:00+00:00,518
2026-03-27 22:45:00+00:00,516
2026-03-27 23:00:00+00:00,513
2026-03-27 23:15:00+00:00,511
2026-03-27 23:30:00+00:00,509
2026-03-27 23:45:00+00:00,507
2026-03-28 00:00:00+00:00,505
2026-03-28 00:15:00+00:00,503
2026-03-28 00:30:00+00:00,502
2026-03-28 00:45:00+00:00,500
2026-03-28 01:00:00+00:00,498
2026-03-28 01:15:00+00:00,497
2026-03-28 01:30:00+00:00,495
2026-03-28 01:45:00+00:00,494
2026-03-28 02:00:00+00:00,492
2026-03-28 02:15:00+00:00,491
2026-03-28 02:30:00+00:00,490
2026-03-28 02:45:00+00:00,489
2026-03-28 03:00:00+00:00,487
2026-03-28 03:15:00+00:00,487
2026-03-28 03:30:00+00:00,485
2026-03-28 03:45:00+00:00,484
2026-03-28 04:00:00+00:00,482
2026-03-28 04:15:00+00:00,481
2026-03-28 04:30:00+00:00,480
2026-03-28 04:45:00+00:00,479
2026-03-28 05:00:00+00:00,478
2026-03-28 05:15:00+00:00,477
2026-03-28 05:30:00+00:00,476
2026-03-28 05:45:00+00:00,475
2026-03-28 06:00:00+00:00,474
2026-03-28 06:15:00+00:00,473
2026-03-28 06:30:00+00:00,472
2026-03-28 06:45:00+00:00,471
2026-03-28 07:00:00+00:00,471
2026-03-28 07:15:00+00:00,470
2026-03-28 07:30:00+00:00,469
2026-03-28 07:45:00+00:00,469
2026-03-28 08:00:00+00:00,468
2026-03-28 08:15:00+00:00,467
2026-03-28 08:30:00+00:00,467
2026-03-28 08:45:00+00:00,466
2026-03-28 09:00:00+00:00,465
2026-03-28 09:15:00+00:00,464
2026-03-28 09:30:00+00:00,464
2026-03-28 09:45:00+00:00,463
2026-03-28 10:00:00+00:00,462
2026-03-28 10:15:00+00:00,462
2026-03-28 10:30:00+00:00,461
2026-03-28 10:45:00+00:00,460
2026-03-28 11:00:00+00:00,460
2026-03-28 11:15:00+00:00,459
2026-03-28 11:30:00+00:00,459
2026-03-28 11:45:00+00:00,458
2026-03-28 12:00:00+00:00,458
2026-03-28 12:15:00+00:00,458
2026-03-28 12:30:00+00:00,457
2026-03-28 12:45:00+00:00,457
2026-03-28 13:00:00+00:00,457
2026-03-28 13:15:00+00:00,457
2026-03-28 13:30:00+00:00,457
2026-03-28 13:45:00+00:00,457
2026-03-28 14:00:00+00:00,457
2026-03-28 14:15:00+00:00,457
2026-03-28 14:30:00+00:00,457
2026-03-28 14:45:00+00:00,457
2026-03-28 15:00:00+00:00,457
2026-03-28 15:15:00+00:00,457
2026-03-28 15:30:00+00:00,457
2026-03-28 15:45:00+00:00,457
2026-03-28 16:00:00+00:00,457
2026-03-28 16:15:00+00:00,457
2026-03-28 16:30:00+00:00,457
2026-03-28 16:45:00+00:00,457
2026-03-28 17:00:00+00:00,457
2026-03-28 17:15:00+00:00,457
2026-03-28 17:30:00+00:00,457
2026-03-28 17:45:00+00:00,457
2026-03-28 18:00:00+00:00,457
2026-03-28 18:15:00+00:00,457
2026-03-28 18:30:00+00:00,457
2026-03-28 18:45:00+00:00,457
2026-03-28 19:00:00+00:00,457
2026-03-28 19:15:00+00:00,458
2026-03-28 19:30:00+00:00,458
2026-03-28 19:45:00+00:00,458
2026-03-28 20:00:00+00:00,458
2026-03-28 20:15:00+00:00,458
2026-03-28 20:30:00+00:00,458
2026-03-28 20:45:00+00:00,458
2026-03-28 21:00:00+00:00,459
2026-03-28 21:15:00+00:00,459
2026-03-28 21:30:00+00:00,459
2026-03-28 21:45:00+00:00,460
2026-03-28 22:00:00+00:00,460
2026-03-28 22:15:00+00:00,461
2026-03-28 22:30:00+00:00,461
2026-03-28 22:45:00+00:00,461
2026-03-28 23:00:00+00:00,462
2026-03-28 23:15:00+00:00,462
2026-03-28 23:30:00+00:00,463
2026-03-28 23:45:00+00:00,463
2026-03-29 00:00:00+00:00,464
2026-03-29 00:15:00+00:00,464
2026-03-29 00:30:00+00:00,465
2026-03-29 00:45:00+00:00,465
2026-03-29 01:00:00+00:00,465
2026-03-29 01:15:00+00:00,465
2026-03-29 01:30:00+00:00,465
2026-03-29 01:45:00+00:00,465
2026-03-29 02:00:00+00:00,466
2026-03-29 02:15:00+00:00,466
2026-03-29 02:30:00+00:00,466
2026-03-29 02:45:00+00:00,466
2026-03-29 03:00:00+00:00,466
2026-03-29 03:15:00+00:00,466
2026-03-29 03:30:00+00:00,466
2026-03-29 03:45:00+00:00,466
2026-03-29 04:00:00+00:00,466
2026-03-29 04:15:00+00:00,466
2026-03-29 04:30:00+00:00,466
2026-03-29 04:45:00+00:00,466
2026-03-29 05:00:00+00:00,466
2026-03-29 05:15:00+00:00,467
2026-03-29 05:30:00+00:00,467
2026-03-29 05:45:00+00:00,467
2026-03-29 06:00:00+00:00,467
2026-03-29 06:15:00+00:00,467
2026-03-29 06:30:00+00:00,467
2026-03-29 06:45:00+00:00,467
2026-03-29 07:00:00+00:00,468
2026-03-29 07:15:00+00:00,468
2026-03-29 07:30:00+00:00,468
2026-03-29 07:45:00+00:00,468
2026-03-29 08:00:00+00:00,469
2026-03-29 08:15:00+00:00,469
2026-03-29 08:30:00+00:00,469
2026-03-29 08:45:00+00:00,469
2026-03-29 09:00:00+00:00,469
2026-03-29 09:15:00+00:00,469
2026-03-29 09:30:00+00:00,470
2026-03-29 09:45:00+00:00,470
2026-03-29 10:00:00+00:00,470
2026-03-29 10:15:00+00:00,470
2026-03-29 10:30:00+00:00,471
2026-03-29 10:45:00+00:00,471
2026-03-29 11:00:00+00:00,471
2026-03-29 11:15:00+00:00,472
2026-03-29 11:30:00+00:00,472
2026-03-29 11:45:00+00:00,472
2026-03-29 12:00:00+00:00,473
2026-03-29 12:15:00+00:00,473
2026-03-29 12:30:00+00:00,473
2026-03-29 12:45:00+00:00,474
2026-03-29 13:00:00+00:00,474
2026-03-29 13:15:00+00:00,475
2026-03-29 13:30:00+00:00,475
2026-03-29 13:45:00+00:00,476
2026-03-29 14:00:00+00:00,476
2026-03-29 14:15:00+00:00,477
2026-03-29 14:30:00+00:00,477
2026-03-29 14:45:00+00:00,477
2026-03-29 15:00:00+00:00,478
2026-03-29 15:15:00+00:00,478
2026-03-29 15:30:00+00:00,478
2026-03-29 15:45:00+00:00,479
2026-03-29 16:00:00+00:00,479
2026-03-29 16:15:00+00:00,479
2026-03-29 16:30:00+00:00,480
2026-03-29 16:45:00+00:00,480
2026-03-29 17:00:00+00:00,480
2026-03-29 17:15:00+00:00,480
2026-03-29 17:30:00+00:00,481
2026-03-29 17:45:00+00:00,481
2026-03-29 18:00:00+00:00,481
2026-03-29 18:15:00+00:00,481
2026-03-29 18:30:00+00:00,482
2026-03-29 18:45:00+00:00,482
2026-03-29 19:00:00+00:00,482
2026-03-29 19:15:00+00:00,483
2026-03-29 19:30:00+00:00,483
2026-03-29 19:45:00+00:00,483
2026-03-29 20:00:00+00:00,483
2026-03-29 20:15:00+00:00,483
2026-03-29 20:30:00+00:00,484
2026-03-29 20:45:00+00:00,484
2026-03-29 21:00:00+00:00,484
2026-03-29 21:15:00+00:00,485
2026-03-29 21:30:00+00:00,485
2026-03-29 21:45:00+00:00,485
2026-03-29 22:00:00+00:00,485
2026-03-29 22:15:00+00:00,486
2026-03-29 22:30:00+00:00,486
2026-03-29 22:45:00+00:00,486
2026-03-29 23:00:00+00:00,487
2026-03-29 23:15:00+00:00,487
2026-03-29 23:30:00+00:00,487
2026-03-29 23:45:00+00:00,488
2026-03-30 00:00:00+00:00,488
2026-03-30 00:15:00+00:00,488
2026-03-30 00:30:00+00:00,489
2026-03-30 00:45:00+00:00,489
2026-03-30 01:00:00+00:00,489
2026-03-30 01:15:00+00:00,489
2026-03-30 01:30:00+00:00,489
2026-03-30 01:45:00+00:00,490
2026-03-30 02:00:00+00:00,490
2026-03-30 02:15:00+00:00,490
2026-03-30 02:30:00+00:00,490
2026-03-30 02:45:00+00:00,490
2026-03-30 03:00:00+00:00,490
2026-03-30 03:15:00+00:00,491
2026-03-30 03:30:00+00:00,491
2026-03-30 03:45:00+00:00,491
2026-03-30 04:00:00+00:00,491
2026-03-30 04:15:00+00:00,491
2026-03-30 04:30:00+00:00,492
2026-03-30 04:45:00+00:00,492
2026-03-30 05:00:00+00:00,492
2026-03-30 05:15:00+00:00,492
2026-03-30 05:30:00+00:00,492
2026-03-30 05:45:00+00:00,492
2026-03-30 06:00:00+00:00,493
2026-03-30 06:15:00+00:00,493
2026-03-30 06:30:00+00:00,493
2026-03-30 06:45:00+00:00,493
2026-03-30 07:00:00+00:00,493
2026-03-30 07:15:00+00:00,493
2026-03-30 07:30:00+00:00,493
2026-03-30 07:45:00+00:00,493
2026-03-30 08:00:00+00:00,494
2026-03-30 08:15:00+00:00,494
2026-03-30 08:30:00+00:00,494
2026-03-30 08:45:00+00:00,494
2026-03-30 09:00:00+00:00,494
2026-03-30 09:15:00+00:00,494
2026-03-30 09:30:00+00:00,494
2026-03-30 09:45:00+00:00,494
2026-03-30 10:00:00+00:00,494
2026-03-30 10:15:00+00:00,494
2026-03-30 10:30:00+00:00,494
2026-03-30 10:45:00+00:00,494
2026-03-30 11:00:00+00:00,494
2026-03-30 11:15:00+00:00,494
2026-03-30 11:30:00+00:00,494
2026-03-30 11:45:00+00:00,493
2026-03-30 12:00:00+00:00,493
2026-03-30 12:15:00+00:00,493
2026-03-30 12:30:00+00:00,493
2026-03-30 12:45:00+00:00,493
2026-03-30 13:00:00+00:00,493
2026-03-30 13:15:00+00:00,493
2026-03-30 13:30:00+00:00,493
2026-03-30 13:45:00+00:00,493
2026-03-30 14:00:00+00:00,493
2026-03-30 14:15:00+00:00,493
2026-03-30 14:30:00+00:00,493
2026-03-30 14:45:00+00:00,493
2026-03-30 15:00:00+00:00,493
2026-03-30 15:15:00+00:00,493
2026-03-30 15:30:00+00:00,493
2026-03-30 15:45:00+00:00,493
2026-03-30 16:00:00+00:00,493
2026-03-30 16:15:00+00:00,493
2026-03-30 16:30:00+00:00,494
2026-03-30 16:45:00+00:00,494
2026-03-30 17:00:00+00:00,494
2026-03-30 17:15:00+00:00,494
2026-03-30 17:30:00+00:00,494
2026-03-30 17:45:00+00:00,494
2026-03-30 18:00:00+00:00,494
2026-03-30 18:15:00+00:00,494
2026-03-30 18:30:00+00:00,495
2026-03-30 18:45:00+00:00,495
2026-03-30 19:00:00+00:00,495
2026-03-30 19:15:00+00:00,495
2026-03-30 19:30:00+00:00,495
2026-03-30 19:45:00+00:00,495
2026-03-30 20:00:00+00:00,496
2026-03-30 20:15:00+00:00,496
2026-03-30 20:30:00+00:00,496
2026-03-30 20:45:00+00:00,497
2026-03-30 21:00:00+00:00,497
2026-03-30 21:15:00+00:00,497
2026-03-30 21:30:00+00:00,497
2026-03-30 21:45:00+00:00,498
2026-03-30 22:00:00+00:00,498
2026-03-30 22:15:00+00:00,498
2026-03-30 22:30:00+00:00,499
2026-03-30 22:45:00+00:00,499
2026-03-30 23:00:00+00:00,499
2026-03-30 23:15:00+00:00,500
2026-03-30 23:30:00+00:00,500
2026-03-30 23:45:00+00:00,501
2026-03-31 00:00:00+00:00,501
2026-03-31 00:15:00+00:00,501
2026-03-31 00:30:00+00:00,502
2026-03-31 00:45:00+00:00,502
2026-03-31 01:00:00+00:00,503
2026-03-31 01:15:00+00:00,503
2026-03-31 01:30:00+00:00,503
2026-03-31 01:45:00+00:00,503
2026-03-31 02:00:00+00:00,504
2026-03-31 02:15:00+00:00,504
2026-03-31 02:30:00+00:00,504
2026-03-31 02:45:00+00:00,504
2026-03-31 03:00:00+00:00,504
2026-03-31 03:15:00+00:00,504
2026-03-31 03:30:00+00:00,504
2026-03-31 03:45:00+00:00,505
2026-03-31 04:00:00+00:00,505
2026-03-31 04:15:00+00:00,505
2026-03-31 04:30:00+00:00,505
2026-03-31 04:45:00+00:00,505
2026-03-31 05:00:00+00:00,505
2026-03-31 05:15:00+00:00,505
2026-03-31 05:30:00+00:00,505
2026-03-31 05:45:00+00:00,505
2026-03-31 06:00:00+00:00,505
2026-03-31 06:15:00+00:00,505
2026-03-31 06:30:00+00:00,505
2026-03-31 06:45:00+00:00,505
2026-03-31 07:00:00+00:00,505
2026-03-31 07:15:00+00:00,505
2026-03-31 07:30:00+00:00,505
2026-03-31 07:45:00+00:00,505
2026-03-31 08:00:00+00:00,505
2026-03-31 08:15:00+00:00,505
2026-03-31 08:30:00+00:00,505
2026-03-31 08:45:00+00:00,505
2026-03-31 09:00:00+00:00,505
2026-03-31 09:15:00+00:00,505
2026-03-31 09:30:00+00:00,505
2026-03-31 09:45:00+00:00,505
2026-03-31 10:00:00+00:00,505
2026-03-31 10:15:00+00:00,505
2026-03-31 10:30:00+00:00,505
2026-03-31 10:45:00+00:00,506
2026-03-31 11:00:00+00:00,506
2026-03-31 11:15:00+00:00,506
2026-03-31 11:30:00+00:00,506
2026-03-31 11:45:00+00:00,506
2026-03-31 12:00:00+00:00,506
2026-03-31 12:15:00+00:00,506
2026-03-31 12:30:00+00:00,506
2026-03-31 12:45:00+00:00,506
2026-03-31 13:00:00+00:00,506
2026-03-31 13:15:00+00:00,506
2026-03-31 13:30:00+00:00,507
2026-03-31 13:45:00+00:00,507
2026-03-31 14:00:00+00:00,507
2026-03-31 14:15:00+00:00,507
2026-03-31 14:30:00+00:00,507
2026-03-31 14:45:00+00:00,507
2026-03-31 15:00:00+00:00,507
2026-03-31 15:15:00+00:00,507
2026-03-31 15:30:00+00:00,507
2026-03-31 15:45:00+00:00,507
2026-03-31 16:00:00+00:00,507
2026-03-31 16:15:00+00:00,507
2026-03-31 16:30:00+00:00,507
2026-03-31 16:45:00+00:00,507
2026-03-31 17:00:00+00:00,507
2026-03-31 17:15:00+00:00,507
2026-03-31 17:30:00+00:00,508
2026-03-31 17:45:00+00:00,508
2026-03-31 18:00:00+00:00,508
2026-03-31 18:15:00+00:00,508
2026-03-31 18:30:00+00:00,508
2026-03-31 18:45:00+00:00,509
2026-03-31 19:00:00+00:00,509
2026-03-31 19:15:00+00:00,509
2026-03-31 19:30:00+00:00,510
2026-03-31 19:45:00+00:00,510
2026-03-31 20:00:00+00:00,511
2026-03-31 20:15:00+00:00,511
2026-03-31 20:30:00+00:00,512
2026-03-31 20:45:00+00:00,512
2026-03-31 21:00:00+00:00,513
2026-03-31 21:15:00+00:00,513
2026-03-31 21:30:00+00:00,514
2026-03-31 21:45:00+00:00,514
2026-03-31 22:00:00+00:00,515
2026-03-31 22:15:00+00:00,515
2026-03-31 22:30:00+00:00,515
2026-03-31 22:45:00+00:00,515
2026-03-31 23:00:00+00:00,516
2026-03-31 23:15:00+00:00,516
2026-03-31 23:30:00+00:00,516
2026-03-31 23:45:00+00:00,517
2026-04-01 00:00:00+00:00,517
2026-04-01 00:15:00+00:00,517
2026-04-01 00:30:00+00:00,517
2026-04-01 00:45:00+00:00,517
2026-04-01 01:00:00+00:00,517
2026-04-01 01:15:00+00:00,518
2026-04-01 01:30:00+00:00,518
2026-04-01 01:45:00+00:00,518
2026-04-01 02:00:00+00:00,518
2026-04-01 02:15:00+00:00,518
2026-04-01 02:30:00+00:00,518
2026-04-01 02:45:00+00:00,518
2026-04-01 03:00:00+00:00,519
2026-04-01 03:15:00+00:00,519
2026-04-01 03:30:00+00:00,519
2026-04-01 03:45:00+00:00,519
2026-04-01 04:00:00+00:00,519
2026-04-01 04:15:00+00:00,519
2026-04-01 04:30:00+00:00,519
2026-04-01 04:45:00+00:00,519
2026-04-01 05:00:00+00:00,519
2026-04-01 05:15:00+00:00,520
2026-04-01 05:30:00+00:00,520
2026-04-01 05:45:00+00:00,520
2026-04-01 06:00:00+00:00,520
2026-04-01 06:15:00+00:00,521
2026-04-01 06:30:00+00:00,521
2026-04-01 06:45:00+00:00,521
2026-04-01 07:00:00+00:00,521
2026-04-01 07:15:00+00:00,520
2026-04-01 07:30:00+00:00,521
2026-04-01 07:45:00+00:00,521
2026-04-01 08:00:00+00:00,521
2026-04-01 08:15:00+00:00,521
2026-04-01 08:30:00+00:00,521
2026-04-01 08:45:00+00:00,521
2026-04-01 09:00:00+00:00,521
2026-04-01 09:15:00+00:00,521
2026-04-01 09:30:00+00:00,522
2026-04-01 09:45:00+00:00,522
2026-04-01 10:00:00+00:00,522
2026-04-01 10:15:00+00:00,522
2026-04-01 10:30:00+00:00,522
2026-04-01 10:45:00+00:00,522
2026-04-01 11:00:00+00:00,522
2026-04-01 11:15:00+00:00,522
2026-04-01 11:30:00+00:00,522
2026-04-01 11:45:00+00:00,522
2026-04-01 12:00:00+00:00,522
2026-04-01 12:15:00+00:00,522
2026-04-01 12:30:00+00:00,522
2026-04-01 12:45:00+00:00,522
2026-04-01 13:00:00+00:00,522
2026-04-01 13:15:00+00:00,522
2026-04-01 13:30:00+00:00,523
2026-04-01 13:45:00+00:00,523
2026-04-01 14:00:00+00:00,523
2026-04-01 14:15:00+00:00,523
2026-04-01 14:30:00+00:00,524
2026-04-01 14:45:00+00:00,524
2026-04-01 15:00:00+00:00,524
2026-04-01 15:15:00+00:00,525
2026-04-01 15:30:00+00:00,525
2026-04-01 15:45:00+00:00,525
2026-04-01 16:00:00+00:00,525
2026-04-01 16:15:00+00:00,526
2026-04-01 16:30:00+00:00,526
2026-04-01 16:45:00+00:00,526
2026-04-01 17:00:00+00:00,527
2026-04-01 17:15:00+00:00,527
2026-04-01 17:30:00+00:00,528
2026-04-01 17:45:00+00:00,528
2026-04-01 18:00:00+00:00,528
2026-04-01 18:15:00+00:00,529
2026-04-01 18:30:00+00:00,529
2026-04-01 18:45:00+00:00,530
2026-04-01 19:00:00+00:00,530
2026-04-01 19:15:00+00:00,531
2026-04-01 19:30:00+00:00,531
2026-04-01 19:45:00+00:00,531
2026-04-01 20:00:00+00:00,532
2026-04-01 20:15:00+00:00,532
2026-04-01 20:30:00+00:00,533
2026-04-01 20:45:00+00:00,534
2026-04-01 21:00:00+00:00,534
2026-04-01 21:15:00+00:00,534
2026-04-01 21:30:00+00:00,534
2026-04-01 21:45:00+00:00,534
2026-04-01 22:00:00+00:00,535
2026-04-01 22:15:00+00:00,536
2026-04-01 22:30:00+00:00,537
2026-04-01 22:45:00+00:00,538
2026-04-01 23:00:00+00:00,538
2026-04-01 23:15:00+00:00,539
2026-04-01 23:30:00+00:00,540
2026-04-01 23:45:00+00:00,541
2026-04-02 00:00:00+00:00,540
2026-04-02 00:15:00+00:00,541
2026-04-02 00:30:00+00:00,541
2026-04-02 00:45:00+00:00,541
2026-04-02 01:00:00+00:00,542
2026-04-02 01:15:00+00:00,542
2026-04-02 01:30:00+00:00,543
2026-04-02 01:45:00+00:00,543
2026-04-02 02:00:00+00:00,544
2026-04-02 02:15:00+00:00,545
2026-04-02 02:30:00+00:00,546
2026-04-02 02:45:00+00:00,546
2026-04-02 03:00:00+00:00,546
2026-04-02 03:15:00+00:00,547
2026-04-02 03:30:00+00:00,547
2026-04-02 03:45:00+00:00,547
2026-04-02 04:00:00+00:00,547
2026-04-02 04:15:00+00:00,547
2026-04-02 04:30:00+00:00,547
2026-04-02 04:45:00+00:00,547
2026-04-02 05:00:00+00:00,547
2026-04-02 05:15:00+00:00,548
2026-04-02 05:30:00+00:00,548
2026-04-02 05:45:00+00:00,548
2026-04-02 06:00:00+00:00,548
2026-04-02 06:15:00+00:00,548
2026-04-02 06:30:00+00:00,549
2026-04-02 06:45:00+00:00,549
2026-04-02 07:00:00+00:00,549
2026-04-02 07:15:00+00:00,549
2026-04-02 07:30:00+00:00,549
2026-04-02 07:45:00+00:00,549
2026-04-02 08:00:00+00:00,550
2026-04-02 08:15:00+00:00,550
2026-04-02 08:30:00+00:00,550
2026-04-02 08:45:00+00:00,550
2026-04-02 09:00:00+00:00,551
2026-04-02 09:15:00+00:00,551
2026-04-02 09:30:00+00:00,552
2026-04-02 09:45:00+00:00,552
2026-04-02 10:00:00+00:00,553
2026-04-02 10:15:00+00:00,553
2026-04-02 10:30:00+00:00,554
2026-04-02 10:45:00+00:00,554
2026-04-02 11:00:00+00:00,555
2026-04-02 11:15:00+00:00,555
2026-04-02 11:30:00+00:00,556
2026-04-02 11:45:00+00:00,556
2026-04-02 12:00:00+00:00,557
2026-04-02 12:15:00+00:00,558
2026-04-02 12:30:00+00:00,558
2026-04-02 12:45:00+00:00,559
2026-04-02 13:00:00+00:00,560
2026-04-02 13:15:00+00:00,560
2026-04-02 13:30:00+00:00,561
2026-04-02 13:45:00+00:00,562
2026-04-02 14:00:00+00:00,563
2026-04-02 14:15:00+00:00,563
2026-04-02 14:30:00+00:00,564
2026-04-02 14:45:00+00:00,564
2026-04-02 15:00:00+00:00,565
2026-04-02 15:15:00+00:00,565
2026-04-02 15:30:00+00:00,566
2026-04-02 15:45:00+00:00,567
2026-04-02 16:00:00+00:00,568
2026-04-02 16:15:00+00:00,568
2026-04-02 16:30:00+00:00,569
2026-04-02 16:45:00+00:00,570
2026-04-02 17:00:00+00:00,571
2026-04-02 17:15:00+00:00,572
2026-04-02 17:30:00+00:00,573
2026-04-02 17:45:00+00:00,574
2026-04-02 18:00:00+00:00,575
2026-04-02 18:15:00+00:00,576
2026-04-02 18:30:00+00:00,577
2026-04-02 18:45:00+00:00,578
2026-04-02 19:00:00+00:00,579
2026-04-02 19:15:00+00:00,580
2026-04-02 19:30:00+00:00,581
2026-04-02 19:45:00+00:00,582
2026-04-02 20:00:00+00:00,583
2026-04-02 20:15:00+00:00,584
2026-04-02 20:30:00+00:00,585
2026-04-02 20:45:00+00:00,586
2026-04-02 21:00:00+00:00,587
2026-04-02 21:15:00+00:00,588
2026-04-02 21:30:00+00:00,589
2026-04-02 21:45:00+00:00,590
2026-04-02 22:00:00+00:00,591
2026-04-02 22:15:00+00:00,592
2026-04-02 22:30:00+00:00,594
2026-04-02 22:45:00+00:00,596
2026-04-02 23:00:00+00:00,597
2026-04-02 23:15:00+00:00,599
2026-04-02 23:30:00+00:00,600
2026-04-02 23:45:00+00:00,602
2026-04-03 00:00:00+00:00,603
2026-04-03 00:15:00+00:00,604
2026-04-03 00:30:00+00:00,606
2026-04-03 00:45:00+00:00,607
2026-04-03 01:00:00+00:00,609
2026-04-03 01:15:00+00:00,610
2026-04-03 01:30:00+00:00,611
2026-04-03 01:45:00+00:00,612
2026-04-03 02:00:00+00:00,613
2026-04-03 02:15:00+00:00,614
2026-04-03 02:30:00+00:00,615
2026-04-03 02:45:00+00:00,616
2026-04-03 03:00:00+00:00,617
2026-04-03 03:15:00+00:00,618
2026-04-03 03:30:00+00:00,618
2026-04-03 03:45:00+00:00,619
2026-04-03 04:00:00+00:00,620
2026-04-03 04:15:00+00:00,621
2026-04-03 04:30:00+00:00,622
2026-04-03 04:45:00+00:00,624
2026-04-03 05:00:00+00:00,625
2026-04-03 05:15:00+00:00,627
2026-04-03 05:30:00+00:00,628
2026-04-03 05:45:00+00:00,630
2026-04-03 06:00:00+00:00,631
2026-04-03 06:15:00+00:00,632
2026-04-03 06:30:00+00:00,633
2026-04-03 06:45:00+00:00,635
2026-04-03 07:00:00+00:00,638
2026-04-03 07:15:00+00:00,642
2026-04-03 07:30:00+00:00,647
2026-04-03 07:45:00+00:00,650
2026-04-03 08:00:00+00:00,649
2026-04-03 08:15:00+00:00,650
2026-04-03 08:30:00+00:00,651
2026-04-03 08:45:00+00:00,653
2026-04-03 09:00:00+00:00,655
2026-04-03 09:15:00+00:00,657
2026-04-03 09:30:00+00:00,656
2026-04-03 09:45:00+00:00,656
2026-04-03 10:00:00+00:00,656
2026-04-03 10:15:00+00:00,656
2026-04-03 10:30:00+00:00,657
2026-04-03 10:45:00+00:00,657
2026-04-03 11:00:00+00:00,658
2026-04-03 11:15:00+00:00,658
2026-04-03 11:30:00+00:00,659
2026-04-03 11:45:00+00:00,660
2026-04-03 12:00:00+00:00,660
2026-04-03 12:15:00+00:00,660
2026-04-03 12:30:00+00:00,661
2026-04-03 12:45:00+00:00,662
2026-04-03 13:00:00+00:00,663
2026-04-03 13:15:00+00:00,664
2026-04-03 13:30:00+00:00,665
2026-04-03 13:45:00+00:00,666
2026-04-03 14:00:00+00:00,667
2026-04-03 14:15:00+00:00,669
2026-04-03 14:30:00+00:00,670
2026-04-03 14:45:00+00:00,671
2026-04-03 15:00:00+00:00,672
2026-04-03 15:15:00+00:00,673
2026-04-03 15:30:00+00:00,673
2026-04-03 15:45:00+00:00,673
2026-04-03 16:00:00+00:00,674
2026-04-03 16:15:00+00:00,675
2026-04-03 16:30:00+00:00,675
2026-04-03 16:45:00+00:00,676
2026-04-03 17:00:00+00:00,677
2026-04-03 17:15:00+00:00,677
2026-04-03 17:30:00+00:00,678
2026-04-03 17:45:00+00:00,678
2026-04-03 18:00:00+00:00,679
2026-04-03 18:15:00+00:00,680
2026-04-03 18:30:00+00:00,680
2026-04-03 18:45:00+00:00,681
2026-04-03 19:00:00+00:00,681
2026-04-03 19:15:00+00:00,682
2026-04-03 19:30:00+00:00,683
2026-04-03 19:45:00+00:00,683
2026-04-03 20:00:00+00:00,684
2026-04-03 20:15:00+00:00,685
2026-04-03 20:30:00+00:00,685
2026-04-03 20:45:00+00:00,686
2026-04-03 21:00:00+00:00,686
2026-04-03 21:15:00+00:00,686
2026-04-03 21:30:00+00:00,686
2026-04-03 21:45:00+00:00,687
2026-04-03 22:00:00+00:00,687
2026-04-03 22:15:00+00:00,687
2026-04-03 22:30:00+00:00,688
2026-04-03 22:45:00+00:00,688
2026-04-03 23:00:00+00:00,688
2026-04-03 23:15:00+00:00,688
2026-04-03 23:30:00+00:00,689
2026-04-03 23:45:00+00:00,689
2026-04-04 00:00:00+00:00,689
2026-04-04 00:15:00+00:00,689
2026-04-04 00:30:00+00:00,689
2026-04-04 00:45:00+00:00,689
2026-04-04 01:00:00+00:00,689
2026-04-04 01:15:00+00:00,689
2026-04-04 01:30:00+00:00,690
2026-04-04 01:45:00+00:00,690
2026-04-04 02:00:00+00:00,691
2026-04-04 02:15:00+00:00,691
2026-04-04 02:30:00+00:00,692
2026-04-04 02:45:00+00:00,693
2026-04-04 03:00:00+00:00,693
2026-04-04 03:15:00+00:00,694
2026-04-04 03:30:00+00:00,694
2026-04-04 03:45:00+00:00,695
2026-04-04 04:00:00+00:00,696
2026-04-04 04:15:00+00:00,696
2026-04-04 04:30:00+00:00,697
2026-04-04 04:45:00+00:00,698
2026-04-04 05:00:00+00:00,699
2026-04-04 05:15:00+00:00,700
2026-04-04 05:30:00+00:00,701
2026-04-04 05:45:00+00:00,703
2026-04-04 06:00:00+00:00,704
2026-04-04 06:15:00+00:00,705
2026-04-04 06:30:00+00:00,706
2026-04-04 06:45:00+00:00,706
2026-04-04 07:00:00+00:00,707
2026-04-04 07:15:00+00:00,708
2026-04-04 07:30:00+00:00,709
2026-04-04 07:45:00+00:00,709
2026-04-04 08:00:00+00:00,710
2026-04-04 08:15:00+00:00,710
2026-04-04 08:30:00+00:00,711
2026-04-04 08:45:00+00:00,711
2026-04-04 09:00:00+00:00,711
2026-04-04 09:15:00+00:00,711
2026-04-04 09:30:00+00:00,711
2026-04-04 09:45:00+00:00,710
2026-04-04 10:00:00+00:00,710
2026-04-04 10:15:00+00:00,710
2026-04-04 10:30:00+00:00,710
2026-04-04 10:45:00+00:00,709
2026-04-04 11:00:00+00:00,709
2026-04-04 11:15:00+00:00,709
2026-04-04 11:30:00+00:00,708
2026-04-04 11:45:00+00:00,708
2026-04-04 12:00:00+00:00,708
2026-04-04 12:15:00+00:00,708
2026-04-04 12:30:00+00:00,708
2026-04-04 12:45:00+00:00,708
2026-04-04 13:00:00+00:00,708
2026-04-04 13:15:00+00:00,709
2026-04-04 13:30:00+00:00,709
2026-04-04 13:45:00+00:00,710
2026-04-04 14:00:00+00:00,710
2026-04-04 14:15:00+00:00,711
2026-04-04 14:30:00+00:00,712
2026-04-04 14:45:00+00:00,712
2026-04-04 15:00:00+00:00,713
2026-04-04 15:15:00+00:00,713
2026-04-04 15:30:00+00:00,714
2026-04-04 15:45:00+00:00,715
2026-04-04 16:00:00+00:00,715
2026-04-04 16:15:00+00:00,715
2026-04-04 16:30:00+00:00,716
2026-04-04 16:45:00+00:00,716
2026-04-04 17:00:00+00:00,717
2026-04-04 17:15:00+00:00,717
2026-04-04 17:30:00+00:00,718
2026-04-04 17:45:00+00:00,718
2026-04-04 18:00:00+00:00,718
2026-04-04 18:15:00+00:00,719
2026-04-04 18:30:00+00:00,719
2026-04-04 18:45:00+00:00,720
2026-04-04 19:00:00+00:00,720
2026-04-04 19:15:00+00:00,721
2026-04-04 19:30:00+00:00,722
2026-04-04 19:45:00+00:00,722
2026-04-04 20:00:00+00:00,723
2026-04-04 20:15:00+00:00,723
2026-04-04 20:30:00+00:00,724
2026-04-04 20:45:00+00:00,725
2026-04-04 21:00:00+00:00,725
2026-04-04 21:15:00+00:00,725
2026-04-04 21:30:00+00:00,726
2026-04-04 21:45:00+00:00,727
2026-04-04 22:00:00+00:00,727
2026-04-04 22:15:00+00:00,727
2026-04-04 22:30:00+00:00,727
2026-04-04 22:45:00+00:00,727
2026-04-04 23:00:00+00:00,727
2026-04-04 23:15:00+00:00,727
2026-04-04 23:30:00+00:00,728
2026-04-04 23:45:00+00:00,728
2026-04-05 00:00:00+00:00,729
2026-04-05 00:15:00+00:00,729
2026-04-05 00:30:00+00:00,729
2026-04-05 00:45:00+00:00,730
2026-04-05 01:00:00+00:00,730
2026-04-05 01:15:00+00:00,731
2026-04-05 01:30:00+00:00,732
2026-04-05 01:45:00+00:00,733
2026-04-05 02:00:00+00:00,733
2026-04-05 02:15:00+00:00,732
2026-04-05 02:30:00+00:00,732
2026-04-05 02:45:00+00:00,732
2026-04-05 03:00:00+00:00,732
2026-04-05 03:15:00+00:00,732
2026-04-05 03:30:00+00:00,732
2026-04-05 03:45:00+00:00,733
2026-04-05 04:00:00+00:00,733
2026-04-05 04:15:00+00:00,734
2026-04-05 04:30:00+00:00,735
2026-04-05 04:45:00+00:00,736
2026-04-05 05:00:00+00:00,736
2026-04-05 05:15:00+00:00,736
2026-04-05 05:30:00+00:00,736
2026-04-05 05:45:00+00:00,737
2026-04-05 06:00:00+00:00,737
2026-04-05 06:15:00+00:00,737
2026-04-05 06:30:00+00:00,737
2026-04-05 06:45:00+00:00,738
2026-04-05 07:00:00+00:00,738
2026-04-05 07:15:00+00:00,739
2026-04-05 07:30:00+00:00,739
2026-04-05 07:45:00+00:00,740
2026-04-05 08:00:00+00:00,740
2026-04-05 08:15:00+00:00,741
2026-04-05 08:30:00+00:00,741
2026-04-05 08:45:00+00:00,742
2026-04-05 09:00:00+00:00,743
2026-04-05 09:15:00+00:00,743
2026-04-05 09:30:00+00:00,744
2026-04-05 09:45:00+00:00,744
2026-04-05 10:00:00+00:00,745
2026-04-05 10:15:00+00:00,745
2026-04-05 10:30:00+00:00,746
2026-04-05 10:45:00+00:00,746
2026-04-05 11:00:00+00:00,747
2026-04-05 11:15:00+00:00,747
2026-04-05 11:30:00+00:00,748
2026-04-05 11:45:00+00:00,748
2026-04-05 12:00:00+00:00,749
2026-04-05 12:15:00+00:00,749
2026-04-05 12:30:00+00:00,749
2026-04-05 12:45:00+00:00,750
2026-04-05 13:00:00+00:00,750
2026-04-05 13:15:00+00:00,750
2026-04-05 13:30:00+00:00,750
2026-04-05 13:45:00+00:00,751
2026-04-05 14:00:00+00:00,751
2026-04-05 14:15:00+00:00,751
2026-04-05 14:30:00+00:00,751
2026-04-05 14:45:00+00:00,752
2026-04-05 15:00:00+00:00,752
2026-04-05 15:15:00+00:00,752
2026-04-05 15:30:00+00:00,752
2026-04-05 15:45:00+00:00,752
2026-04-05 16:00:00+00:00,753
2026-04-05 16:15:00+00:00,753
2026-04-05 16:30:00+00:00,753
2026-04-05 16:45:00+00:00,753
2026-04-05 17:00:00+00:00,753
2026-04-05 17:15:00+00:00,753
2026-04-05 17:30:00+00:00,753
2026-04-05 17:45:00+00:00,753
2026-04-05 18:00:00+00:00,753
2026-04-05 18:15:00+00:00,753
2026-04-05 18:30:00+00:00,753
2026-04-05 18:45:00+00:00,753
2026-04-05 19:00:00+00:00,753
2026-04-05 19:15:00+00:00,754
2026-04-05 19:30:00+00:00,754
2026-04-05 19:45:00+00:00,755
2026-04-05 20:00:00+00:00,755
2026-04-05 20:15:00+00:00,755
2026-04-05 20:30:00+00:00,756
2026-04-05 20:45:00+00:00,757
2026-04-05 21:00:00+00:00,757
2026-04-05 21:15:00+00:00,758
2026-04-05 21:30:00+00:00,758
2026-04-05 21:45:00+00:00,759
2026-04-05 22:00:00+00:00,760
2026-04-05 22:15:00+00:00,761
2026-04-05 22:30:00+00:00,761
2026-04-05 22:45:00+00:00,762
2026-04-05 23:00:00+00:00,763
2026-04-05 23:15:00+00:00,764
2026-04-05 23:30:00+00:00,765
2026-04-05 23:45:00+00:00,766
2026-04-06 00:00:00+00:00,767
2026-04-06 00:15:00+00:00,768
2026-04-06 00:30:00+00:00,769
2026-04-06 00:45:00+00:00,769
2026-04-06 01:00:00+00:00,770
2026-04-06 01:15:00+00:00,771
2026-04-06 01:30:00+00:00,772
2026-04-06 01:45:00+00:00,772
2026-04-06 02:00:00+00:00,772
2026-04-06 02:15:00+00:00,772
2026-04-06 02:30:00+00:00,773
2026-04-06 02:45:00+00:00,774
2026-04-06 03:00:00+00:00,775
2026-04-06 03:15:00+00:00,776
2026-04-06 03:30:00+00:00,777
2026-04-06 03:45:00+00:00,778
2026-04-06 04:00:00+00:00,778
2026-04-06 04:15:00+00:00,779
2026-04-06 04:30:00+00:00,779
2026-04-06 04:45:00+00:00,779
2026-04-06 05:00:00+00:00,779
2026-04-06 05:15:00+00:00,780
2026-04-06 05:30:00+00:00,780
2026-04-06 05:45:00+00:00,780
2026-04-06 06:00:00+00:00,780
2026-04-06 06:15:00+00:00,780
2026-04-06 06:30:00+00:00,779
2026-04-06 06:45:00+00:00,779
2026-04-06 07:00:00+00:00,779
2026-04-06 07:15:00+00:00,779
2026-04-06 07:30:00+00:00,779
2026-04-06 07:45:00+00:00,779
2026-04-06 08:00:00+00:00,778
2026-04-06 08:15:00+00:00,778
2026-04-06 08:30:00+00:00,778
2026-04-06 08:45:00+00:00,778
2026-04-06 09:00:00+00:00,778
2026-04-06 09:15:00+00:00,777
2026-04-06 09:30:00+00:00,777
2026-04-06 09:45:00+00:00,777
2026-04-06 10:00:00+00:00,777
2026-04-06 10:15:00+00:00,776
2026-04-06 10:30:00+00:00,777
2026-04-06 10:45:00+00:00,777
2026-04-06 11:00:00+00:00,777
2026-04-06 11:15:00+00:00,777
2026-04-06 11:30:00+00:00,778
2026-04-06 11:45:00+00:00,778
2026-04-06 12:00:00+00:00,778
2026-04-06 12:15:00+00:00,779
2026-04-06 12:30:00+00:00,779
2026-04-06 12:45:00+00:00,780
2026-04-06 13:00:00+00:00,780
2026-04-06 13:15:00+00:00,781
2026-04-06 13:30:00+00:00,781
2026-04-06 13:45:00+00:00,782
2026-04-06 14:00:00+00:00,782
2026-04-06 14:15:00+00:00,782
2026-04-06 14:30:00+00:00,783
2026-04-06 14:45:00+00:00,783
2026-04-06 15:00:00+00:00,783
2026-04-06 15:15:00+00:00,784
2026-04-06 15:30:00+00:00,784
2026-04-06 15:45:00+00:00,784
2026-04-06 16:00:00+00:00,785
2026-04-06 16:15:00+00:00,785
2026-04-06 16:30:00+00:00,785
2026-04-06 16:45:00+00:00,785
2026-04-06 17:00:00+00:00,786
2026-04-06 17:15:00+00:00,786
2026-04-06 17:30:00+00:00,786
2026-04-06 17:45:00+00:00,786
2026-04-06 18:00:00+00:00,786
2026-04-06 18:15:00+00:00,786
2026-04-06 18:30:00+00:00,786
2026-04-06 18:45:00+00:00,787
2026-04-06 19:00:00+00:00,787
2026-04-06 19:15:00+00:00,787
2026-04-06 19:30:00+00:00,788
2026-04-06 19:45:00+00:00,788
2026-04-06 20:00:00+00:00,788
2026-04-06 20:15:00+00:00,789
2026-04-06 20:30:00+00:00,790
2026-04-06 20:45:00+00:00,790
2026-04-06 21:00:00+00:00,791
2026-04-06 21:15:00+00:00,791
2026-04-06 21:30:00+00:00,792
2026-04-06 21:45:00+00:00,792
2026-04-06 22:00:00+00:00,793
2026-04-06 22:15:00+00:00,794
2026-04-06 22:30:00+00:00,794
2026-04-06 22:45:00+00:00,795
2026-04-06 23:00:00+00:00,795
2026-04-06 23:15:00+00:00,796
2026-04-06 23:30:00+00:00,797
2026-04-06 23:45:00+00:00,797
2026-04-07 00:00:00+00:00,798
2026-04-07 00:15:00+00:00,798
2026-04-07 00:30:00+00:00,798
2026-04-07 00:45:00+00:00,799
2026-04-07 01:00:00+00:00,799
2026-04-07 01:15:00+00:00,800
2026-04-07 01:30:00+00:00,800
2026-04-07 01:45:00+00:00,800
2026-04-07 02:00:00+00:00,801
2026-04-07 02:15:00+00:00,801
2026-04-07 02:30:00+00:00,801
2026-04-07 02:45:00+00:00,800
2026-04-07 03:00:00+00:00,800
2026-04-07 03:15:00+00:00,799
2026-04-07 03:30:00+00:00,799
2026-04-07 03:45:00+00:00,799
2026-04-07 04:00:00+00:00,800
2026-04-07 04:15:00+00:00,800
2026-04-07 04:30:00+00:00,800
2026-04-07 04:45:00+00:00,801
2026-04-07 05:00:00+00:00,801
2026-04-07 05:15:00+00:00,801
2026-04-07 05:30:00+00:00,801
2026-04-07 05:45:00+00:00,801
2026-04-07 06:00:00+00:00,801
2026-04-07 06:15:00+00:00,800
2026-04-07 06:30:00+00:00,800
2026-04-07 06:45:00+00:00,799
2026-04-07 07:00:00+00:00,799
2026-04-07 07:15:00+00:00,798
2026-04-07 07:30:00+00:00,797
2026-04-07 07:45:00+00:00,796
2026-04-07 08:00:00+00:00,795
2026-04-07 08:15:00+00:00,795
2026-04-07 08:30:00+00:00,794
2026-04-07 08:45:00+00:00,793
2026-04-07 09:00:00+00:00,792
2026-04-07 09:15:00+00:00,792
2026-04-07 09:30:00+00:00,792
2026-04-07 09:45:00+00:00,792
2026-04-07 10:00:00+00:00,792
2026-04-07 10:15:00+00:00,792
2026-04-07 10:30:00+00:00,792
2026-04-07 10:45:00+00:00,793
2026-04-07 11:00:00+00:00,793
2026-04-07 11:15:00+00:00,794
2026-04-07 11:30:00+00:00,794
2026-04-07 11:45:00+00:00,795
2026-04-07 12:00:00+00:00,796
2026-04-07 12:15:00+00:00,797
2026-04-07 12:30:00+00:00,797
2026-04-07 12:45:00+00:00,798
2026-04-07 13:00:00+00:00,799
2026-04-07 13:15:00+00:00,799
2026-04-07 13:30:00+00:00,800
2026-04-07 13:45:00+00:00,800
2026-04-07 14:00:00+00:00,800
2026-04-07 14:15:00+00:00,800
2026-04-07 14:30:00+00:00,800
2026-04-07 14:45:00+00:00,801
2026-04-07 15:00:00+00:00,801
2026-04-07 15:15:00+00:00,800
2026-04-07 15:30:00+00:00,800
2026-04-07 15:45:00+00:00,800
2026-04-07 16:00:00+00:00,799
2026-04-07 16:15:00+00:00,798
2026-04-07 16:30:00+00:00,798
2026-04-07 16:45:00+00:00,797
2026-04-07 17:00:00+00:00,797
2026-04-07 17:15:00+00:00,797
2026-04-07 17:30:00+00:00,796
2026-04-07 17:45:00+00:00,796
2026-04-07 18:00:00+00:00,795
2026-04-07 18:15:00+00:00,795
2026-04-07 18:30:00+00:00,795
2026-04-07 18:45:00+00:00,795
2026-04-07 19:00:00+00:00,794
2026-04-07 19:15:00+00:00,794
2026-04-07 19:30:00+00:00,795
2026-04-07 19:45:00+00:00,794
2026-04-07 20:00:00+00:00,792
2026-04-07 20:15:00+00:00,798
2026-04-07 20:30:00+00:00,803
2026-04-07 20:45:00+00:00,806
2026-04-07 21:00:00+00:00,807
2026-04-07 21:15:00+00:00,808
2026-04-07 21:30:00+00:00,809
2026-04-07 21:45:00+00:00,810
2026-04-07 22:00:00+00:00,811
2026-04-07 22:15:00+00:00,812
2026-04-07 22:30:00+00:00,812
2026-04-07 22:45:00+00:00,813
2026-04-07 23:00:00+00:00,813
2026-04-07 23:15:00+00:00,814
2026-04-07 23:30:00+00:00,814
2026-04-07 23:45:00+00:00,814
2026-04-08 00:00:00+00:00,815
2026-04-08 00:15:00+00:00,814
2026-04-08 00:30:00+00:00,815
2026-04-08 00:45:00+00:00,814
2026-04-08 01:00:00+00:00,814
2026-04-08 01:15:00+00:00,813
2026-04-08 01:30:00+00:00,812
2026-04-08 01:45:00+00:00,812
2026-04-08 02:00:00+00:00,810
2026-04-08 02:15:00+00:00,807
2026-04-08 02:30:00+00:00,806
2026-04-08 02:45:00+00:00,806
2026-04-08 03:00:00+00:00,807
2026-04-08 03:15:00+00:00,807
2026-04-08 03:30:00+00:00,807
2026-04-08 03:45:00+00:00,806
2026-04-08 04:00:00+00:00,806
2026-04-08 04:15:00+00:00,805
2026-04-08 04:30:00+00:00,804
2026-04-08 04:45:00+00:00,804
2026-04-08 05:00:00+00:00,803
2026-04-08 05:15:00+00:00,803
2026-04-08 05:30:00+00:00,803
2026-04-08 05:45:00+00:00,802
2026-04-08 06:00:00+00:00,802
2026-04-08 06:15:00+00:00,802
2026-04-08 06:30:00+00:00,802
2026-04-08 06:45:00+00:00,802
2026-04-08 07:00:00+00:00,802
2026-04-08 07:15:00+00:00,802
2026-04-08 07:30:00+00:00,802
2026-04-08 07:45:00+00:00,802
2026-04-08 08:00:00+00:00,802
2026-04-08 08:15:00+00:00,802
2026-04-08 08:30:00+00:00,802
2026-04-08 08:45:00+00:00,802
2026-04-08 09:00:00+00:00,802
2026-04-08 09:15:00+00:00,802
2026-04-08 09:30:00+00:00,803
2026-04-08 09:45:00+00:00,803
2026-04-08 10:00:00+00:00,803
2026-04-08 10:15:00+00:00,804
2026-04-08 10:30:00+00:00,805
2026-04-08 10:45:00+00:00,805
2026-04-08 11:00:00+00:00,805
2026-04-08 11:15:00+00:00,805
2026-04-08 11:30:00+00:00,805
2026-04-08 11:45:00+00:00,805
2026-04-08 12:00:00+00:00,805
2026-04-08 12:15:00+00:00,805
2026-04-08 12:30:00+00:00,805
2026-04-08 12:45:00+00:00,805
2026-04-08 13:00:00+00:00,805
2026-04-08 13:15:00+00:00,805
2026-04-08 13:30:00+00:00,806
2026-04-08 13:45:00+00:00,806
2026-04-08 14:00:00+00:00,806
2026-04-08 14:15:00+00:00,807
2026-04-08 14:30:00+00:00,807
2026-04-08 14:45:00+00:00,808
2026-04-08 15:00:00+00:00,808
2026-04-08 15:15:00+00:00,808
2026-04-08 15:30:00+00:00,808
2026-04-08 15:45:00+00:00,809
2026-04-08 16:00:00+00:00,809
2026-04-08 16:15:00+00:00,809
2026-04-08 16:30:00+00:00,809
2026-04-08 16:45:00+00:00,809
2026-04-08 17:00:00+00:00,809
2026-04-08 17:15:00+00:00,809
2026-04-08 17:30:00+00:00,809
2026-04-08 17:45:00+00:00,808
2026-04-08 18:00:00+00:00,808
2026-04-08 18:15:00+00:00,808
2026-04-08 18:30:00+00:00,808
2026-04-08 18:45:00+00:00,808
2026-04-08 19:00:00+00:00,808
2026-04-08 19:15:00+00:00,808
2026-04-08 19:30:00+00:00,808
2026-04-08 19:45:00+00:00,809
2026-04-08 20:00:00+00:00,810
2026-04-08 20:15:00+00:00,810
2026-04-08 20:30:00+00:00,811
2026-04-08 20:45:00+00:00,811
2026-04-08 21:00:00+00:00,812
2026-04-08 21:15:00+00:00,813
2026-04-08 21:30:00+00:00,813
2026-04-08 21:45:00+00:00,814
2026-04-08 22:00:00+00:00,815
2026-04-08 22:15:00+00:00,815
2026-04-08 22:30:00+00:00,816
2026-04-08 22:45:00+00:00,817
2026-04-08 23:00:00+00:00,818
2026-04-08 23:15:00+00:00,819
2026-04-08 23:30:00+00:00,819
2026-04-08 23:45:00+00:00,820
2026-04-09 00:00:00+00:00,821
2026-04-09 00:15:00+00:00,822
2026-04-09 00:30:00+00:00,823
2026-04-09 00:45:00+00:00,824
2026-04-09 01:00:00+00:00,824
2026-04-09 01:15:00+00:00,824
2026-04-09 01:30:00+00:00,825
2026-04-09 01:45:00+00:00,825
2026-04-09 02:00:00+00:00,825
2026-04-09 02:15:00+00:00,825
2026-04-09 02:30:00+00:00,825
2026-04-09 02:45:00+00:00,825
2026-04-09 03:00:00+00:00,825
2026-04-09 03:15:00+00:00,824
2026-04-09 03:30:00+00:00,824
2026-04-09 03:45:00+00:00,824
2026-04-09 04:00:00+00:00,823
2026-04-09 04:15:00+00:00,823
2026-04-09 04:30:00+00:00,823
2026-04-09 04:45:00+00:00,822
2026-04-09 05:00:00+00:00,822
2026-04-09 05:15:00+00:00,821
2026-04-09 05:30:00+00:00,821
2026-04-09 05:45:00+00:00,820
2026-04-09 06:00:00+00:00,820
2026-04-09 06:15:00+00:00,819
2026-04-09 06:30:00+00:00,819
2026-04-09 06:45:00+00:00,818
2026-04-09 07:00:00+00:00,818
2026-04-09 07:15:00+00:00,818
2026-04-09 07:30:00+00:00,818
2026-04-09 07:45:00+00:00,818
2026-04-09 08:00:00+00:00,818
2026-04-09 08:15:00+00:00,818
2026-04-09 08:30:00+00:00,818
2026-04-09 08:45:00+00:00,818
2026-04-09 09:00:00+00:00,818
2026-04-09 09:15:00+00:00,818
2026-04-09 09:30:00+00:00,818
2026-04-09 09:45:00+00:00,819
2026-04-09 10:00:00+00:00,819
2026-04-09 10:15:00+00:00,819
2026-04-09 10:30:00+00:00,819
2026-04-09 10:45:00+00:00,818
2026-04-09 11:00:00+00:00,818
2026-04-09 11:15:00+00:00,818
2026-04-09 11:30:00+00:00,818
2026-04-09 11:45:00+00:00,818
2026-04-09 12:00:00+00:00,817
2026-04-09 12:15:00+00:00,817
2026-04-09 12:30:00+00:00,817
2026-04-09 12:45:00+00:00,816
2026-04-09 13:00:00+00:00,816
2026-04-09 13:15:00+00:00,815
2026-04-09 13:30:00+00:00,815
2026-04-09 13:45:00+00:00,815
2026-04-09 14:00:00+00:00,814
2026-04-09 14:15:00+00:00,814
2026-04-09 14:30:00+00:00,814
2026-04-09 14:45:00+00:00,814
2026-04-09 15:00:00+00:00,814
2026-04-09 15:15:00+00:00,814
2026-04-09 15:30:00+00:00,814
2026-04-09 15:45:00+00:00,814
2026-04-09 16:00:00+00:00,815
2026-04-09 16:15:00+00:00,815
2026-04-09 16:30:00+00:00,815
2026-04-09 16:45:00+00:00,815
2026-04-09 17:00:00+00:00,816
2026-04-09 17:15:00+00:00,816
2026-04-09 17:30:00+00:00,817
2026-04-09 17:45:00+00:00,817
2026-04-09 18:00:00+00:00,817
2026-04-09 18:15:00+00:00,818
2026-04-09 18:30:00+00:00,818
2026-04-09 18:45:00+00:00,819
2026-04-09 19:00:00+00:00,819
2026-04-09 19:15:00+00:00,819
2026-04-09 19:30:00+00:00,820
2026-04-09 19:45:00+00:00,821
2026-04-09 20:00:00+00:00,821
2026-04-09 20:15:00+00:00,821
2026-04-09 20:30:00+00:00,822
2026-04-09 20:45:00+00:00,822
2026-04-09 21:00:00+00:00,823
2026-04-09 21:15:00+00:00,824
2026-04-09 21:30:00+00:00,825
2026-04-09 21:45:00+00:00,825
2026-04-09 22:00:00+00:00,826
2026-04-09 22:15:00+00:00,826
2026-04-09 22:30:00+00:00,827
2026-04-09 22:45:00+00:00,827
2026-04-09 23:00:00+00:00,828
2026-04-09 23:15:00+00:00,829
2026-04-09 23:30:00+00:00,829
2026-04-09 23:45:00+00:00,830
2026-04-10 00:00:00+00:00,830
2026-04-10 00:15:00+00:00,831
2026-04-10 00:30:00+00:00,832
2026-04-10 00:45:00+00:00,833
2026-04-10 01:00:00+00:00,834
2026-04-10 01:15:00+00:00,834
2026-04-10 01:30:00+00:00,835
2026-04-10 01:45:00+00:00,836
2026-04-10 02:00:00+00:00,836
2026-04-10 02:15:00+00:00,837
2026-04-10 02:30:00+00:00,837
2026-04-10 02:45:00+00:00,837
2026-04-10 03:00:00+00:00,838
2026-04-10 03:15:00+00:00,838
2026-04-10 03:30:00+00:00,839
2026-04-10 03:45:00+00:00,839
2026-04-10 04:00:00+00:00,840
2026-04-10 04:15:00+00:00,840
2026-04-10 04:30:00+00:00,841
2026-04-10 04:45:00+00:00,842
2026-04-10 05:00:00+00:00,842
2026-04-10 05:15:00+00:00,842
2026-04-10 05:30:00+00:00,843
2026-04-10 05:45:00+00:00,843
2026-04-10 06:00:00+00:00,844
2026-04-10 06:15:00+00:00,844
2026-04-10 06:30:00+00:00,845
2026-04-10 06:45:00+00:00,845
2026-04-10 07:00:00+00:00,846
2026-04-10 07:15:00+00:00,846
2026-04-10 07:30:00+00:00,846
2026-04-10 07:45:00+00:00,846
2026-04-10 08:00:00+00:00,846
2026-04-10 08:15:00+00:00,847
2026-04-10 08:30:00+00:00,847
2026-04-10 08:45:00+00:00,848
2026-04-10 09:00:00+00:00,848
2026-04-10 09:15:00+00:00,848
2026-04-10 09:30:00+00:00,849
2026-04-10 09:45:00+00:00,849
2026-04-10 10:00:00+00:00,849
2026-04-10 10:15:00+00:00,849
2026-04-10 10:30:00+00:00,849
2026-04-10 10:45:00+00:00,848
2026-04-10 11:00:00+00:00,846
2026-04-10 11:15:00+00:00,844
2026-04-10 11:30:00+00:00,842
2026-04-10 11:45:00+00:00,839
2026-04-10 12:00:00+00:00,836
2026-04-10 12:15:00+00:00,832
2026-04-10 12:30:00+00:00,829
2026-04-10 12:45:00+00:00,825
2026-04-10 13:00:00+00:00,821
2026-04-10 13:15:00+00:00,817
2026-04-10 13:30:00+00:00,813
2026-04-10 13:45:00+00:00,809
2026-04-10 14:00:00+00:00,805
2026-04-10 14:15:00+00:00,802
2026-04-10 14:30:00+00:00,798
2026-04-10 14:45:00+00:00,794
2026-04-10 15:00:00+00:00,791
2026-04-10 15:15:00+00:00,788
2026-04-10 15:30:00+00:00,785
2026-04-10 15:45:00+00:00,782
2026-04-10 16:00:00+00:00,779
2026-04-10 16:15:00+00:00,777
2026-04-10 16:30:00+00:00,775
2026-04-10 16:45:00+00:00,774
2026-04-10 17:00:00+00:00,772
2026-04-10 17:15:00+00:00,770
2026-04-10 17:30:00+00:00,768
2026-04-10 17:45:00+00:00,766
2026-04-10 18:00:00+00:00,764
2026-04-10 18:15:00+00:00,763
2026-04-10 18:30:00+00:00,762
2026-04-10 18:45:00+00:00,761
2026-04-10 19:00:00+00:00,760
2026-04-10 19:15:00+00:00,760
2026-04-10 19:30:00+00:00,759
2026-04-10 19:45:00+00:00,758
2026-04-10 20:00:00+00:00,758
2026-04-10 20:15:00+00:00,758
2026-04-10 20:30:00+00:00,758
2026-04-10 20:45:00+00:00,757
2026-04-10 21:00:00+00:00,757
2026-04-10 21:15:00+00:00,757
2026-04-10 21:30:00+00:00,756
2026-04-10 21:45:00+00:00,756
2026-04-10 22:00:00+00:00,756
2026-04-10 22:15:00+00:00,756
2026-04-10 22:30:00+00:00,756
2026-04-10 22:45:00+00:00,757
2026-04-10 23:00:00+00:00,757
2026-04-10 23:15:00+00:00,757
2026-04-10 23:30:00+00:00,758
2026-04-10 23:45:00+00:00,758
2026-04-11 00:00:00+00:00,759
2026-04-11 00:15:00+00:00,760
2026-04-11 00:30:00+00:00,761
2026-04-11 00:45:00+00:00,761
2026-04-11 01:00:00+00:00,762
2026-04-11 01:15:00+00:00,762
2026-04-11 01:30:00+00:00,763
2026-04-11 01:45:00+00:00,763
2026-04-11 02:00:00+00:00,764
2026-04-11 02:15:00+00:00,764
2026-04-11 02:30:00+00:00,764
2026-04-11 02:45:00+00:00,764
2026-04-11 03:00:00+00:00,764
2026-04-11 03:15:00+00:00,764
2026-04-11 03:30:00+00:00,764
2026-04-11 03:45:00+00:00,764
2026-04-11 04:00:00+00:00,764
2026-04-11 04:15:00+00:00,763
2026-04-11 04:30:00+00:00,763
2026-04-11 04:45:00+00:00,762
2026-04-11 05:00:00+00:00,761
2026-04-11 05:15:00+00:00,760
2026-04-11 05:30:00+00:00,760
2026-04-11 05:45:00+00:00,759
2026-04-11 06:00:00+00:00,758
2026-04-11 06:15:00+00:00,757
2026-04-11 06:30:00+00:00,756
2026-04-11 06:45:00+00:00,755
2026-04-11 07:00:00+00:00,754
2026-04-11 07:15:00+00:00,753
2026-04-11 07:30:00+00:00,752
2026-04-11 07:45:00+00:00,750
2026-04-11 08:00:00+00:00,749
2026-04-11 08:15:00+00:00,748
2026-04-11 08:30:00+00:00,747
2026-04-11 08:45:00+00:00,745
2026-04-11 09:00:00+00:00,744
2026-04-11 09:15:00+00:00,743
2026-04-11 09:30:00+00:00,742
2026-04-11 09:45:00+00:00,741
2026-04-11 10:00:00+00:00,741
2026-04-11 10:15:00+00:00,740
2026-04-11 10:30:00+00:00,739
2026-04-11 10:45:00+00:00,739
2026-04-11 11:00:00+00:00,738
2026-04-11 11:15:00+00:00,738
2026-04-11 11:30:00+00:00,737
2026-04-11 11:45:00+00:00,737
2026-04-11 12:00:00+00:00,736
2026-04-11 12:15:00+00:00,736
2026-04-11 12:30:00+00:00,735
2026-04-11 12:45:00+00:00,735
2026-04-11 13:00:00+00:00,734
2026-04-11 13:15:00+00:00,733
2026-04-11 13:30:00+00:00,733
2026-04-11 13:45:00+00:00,732
2026-04-11 14:00:00+00:00,731
2026-04-11 14:15:00+00:00,730
2026-04-11 14:30:00+00:00,729
2026-04-11 14:45:00+00:00,728
2026-04-11 15:00:00+00:00,728
2026-04-11 15:15:00+00:00,727
2026-04-11 15:30:00+00:00,727
2026-04-11 15:45:00+00:00,727
2026-04-11 16:00:00+00:00,727
2026-04-11 16:15:00+00:00,727
2026-04-11 16:30:00+00:00,728
2026-04-11 16:45:00+00:00,728
2026-04-11 17:00:00+00:00,729
2026-04-11 17:15:00+00:00,730
2026-04-11 17:30:00+00:00,730
2026-04-11 17:45:00+00:00,730
2026-04-11 18:00:00+00:00,731
2026-04-11 18:15:00+00:00,732
2026-04-11 18:30:00+00:00,731
2026-04-11 18:45:00+00:00,730
2026-04-11 19:00:00+00:00,729
2026-04-11 19:15:00+00:00,729
2026-04-11 19:30:00+00:00,728
2026-04-11 19:45:00+00:00,727
2026-04-11 20:00:00+00:00,726
2026-04-11 20:15:00+00:00,725
2026-04-11 20:30:00+00:00,723
2026-04-11 20:45:00+00:00,721
2026-04-11 21:00:00+00:00,719
2026-04-11 21:15:00+00:00,716
2026-04-11 21:30:00+00:00,713
2026-04-11 21:45:00+00:00,710
2026-04-11 22:00:00+00:00,708
2026-04-11 22:15:00+00:00,705
2026-04-11 22:30:00+00:00,702
2026-04-11 22:45:00+00:00,698
2026-04-11 23:00:00+00:00,695
2026-04-11 23:15:00+00:00,691
2026-04-11 23:30:00+00:00,688
2026-04-11 23:45:00+00:00,686
2026-04-12 00:00:00+00:00,683
2026-04-12 00:15:00+00:00,680
2026-04-12 00:30:00+00:00,678
2026-04-12 00:45:00+00:00,676
2026-04-12 01:00:00+00:00,674
2026-04-12 01:15:00+00:00,672
2026-04-12 01:30:00+00:00,670
2026-04-12 01:45:00+00:00,668
2026-04-12 02:00:00+00:00,666
2026-04-12 02:15:00+00:00,665
2026-04-12 02:30:00+00:00,664
2026-04-12 02:45:00+00:00,662
2026-04-12 03:00:00+00:00,661
2026-04-12 03:15:00+00:00,660
2026-04-12 03:30:00+00:00,659
2026-04-12 03:45:00+00:00,659
2026-04-12 04:00:00+00:00,658
2026-04-12 04:15:00+00:00,657
2026-04-12 04:30:00+00:00,656
2026-04-12 04:45:00+00:00,655
2026-04-12 05:00:00+00:00,654
2026-04-12 05:15:00+00:00,653
2026-04-12 05:30:00+00:00,652
2026-04-12 05:45:00+00:00,651
2026-04-12 06:00:00+00:00,650
2026-04-12 06:15:00+00:00,650
2026-04-12 06:30:00+00:00,649
2026-04-12 06:45:00+00:00,648
2026-04-12 07:00:00+00:00,647
2026-04-12 07:15:00+00:00,646
2026-04-12 07:30:00+00:00,645
2026-04-12 07:45:00+00:00,644
2026-04-12 08:00:00+00:00,642
2026-04-12 08:15:00+00:00,640
2026-04-12 08:30:00+00:00,638
2026-04-12 08:45:00+00:00,636
2026-04-12 09:00:00+00:00,634
2026-04-12 09:15:00+00:00,632
2026-04-12 09:30:00+00:00,630
2026-04-12 09:45:00+00:00,627
2026-04-12 10:00:00+00:00,625
2026-04-12 10:15:00+00:00,623
2026-04-12 10:30:00+00:00,620
2026-04-12 10:45:00+00:00,618
2026-04-12 11:00:00+00:00,615
2026-04-12 11:15:00+00:00,613
2026-04-12 11:30:00+00:00,611
2026-04-12 11:45:00+00:00,609
2026-04-12 12:00:00+00:00,607
2026-04-12 12:15:00+00:00,607
2026-04-12 12:30:00+00:00,606
2026-04-12 12:45:00+00:00,605
2026-04-12 13:00:00+00:00,604
2026-04-12 13:15:00+00:00,604
2026-04-12 13:30:00+00:00,603
2026-04-12 13:45:00+00:00,602
2026-04-12 14:00:00+00:00,602
2026-04-12 14:15:00+00:00,601
2026-04-12 14:30:00+00:00,600
2026-04-12 14:45:00+00:00,599
2026-04-12 15:00:00+00:00,598
2026-04-12 15:15:00+00:00,597
2026-04-12 15:30:00+00:00,596
2026-04-12 15:45:00+00:00,594
2026-04-12 16:00:00+00:00,593
2026-04-12 16:15:00+00:00,592
2026-04-12 16:30:00+00:00,591
2026-04-12 16:45:00+00:00,589
2026-04-12 17:00:00+00:00,588
2026-04-12 17:15:00+00:00,587
2026-04-12 17:30:00+00:00,587
2026-04-12 17:45:00+00:00,585
2026-04-12 18:00:00+00:00,583
2026-04-12 18:15:00+00:00,581
2026-04-12 18:30:00+00:00,580
2026-04-12 18:45:00+00:00,579
2026-04-12 19:00:00+00:00,579
2026-04-12 19:15:00+00:00,578
2026-04-12 19:30:00+00:00,577
2026-04-12 19:45:00+00:00,576
2026-04-12 20:00:00+00:00,576
2026-04-12 20:15:00+00:00,575
2026-04-12 20:30:00+00:00,575
2026-04-12 20:45:00+00:00,575
2026-04-12 21:00:00+00:00,574
2026-04-12 21:15:00+00:00,574
2026-04-12 21:30:00+00:00,574
2026-04-12 21:45:00+00:00,573
2026-04-12 22:00:00+00:00,574
2026-04-12 22:15:00+00:00,574
2026-04-12 22:30:00+00:00,574
2026-04-12 22:45:00+00:00,574
2026-04-12 23:00:00+00:00,573
2026-04-12 23:15:00+00:00,573
2026-04-12 23:30:00+00:00,573
2026-04-12 23:45:00+00:00,573
2026-04-13 00:00:00+00:00,573
2026-04-13 00:15:00+00:00,573
2026-04-13 00:30:00+00:00,573
2026-04-13 00:45:00+00:00,573
2026-04-13 01:00:00+00:00,573
2026-04-13 01:15:00+00:00,573
2026-04-13 01:30:00+00:00,573
2026-04-13 01:45:00+00:00,574
2026-04-13 02:00:00+00:00,574
2026-04-13 02:15:00+00:00,574
2026-04-13 02:30:00+00:00,575
2026-04-13 02:45:00+00:00,575
2026-04-13 03:00:00+00:00,575
2026-04-13 03:15:00+00:00,576
2026-04-13 03:30:00+00:00,576
2026-04-13 03:45:00+00:00,577
2026-04-13 04:00:00+00:00,577
2026-04-13 04:15:00+00:00,577
2026-04-13 04:30:00+00:00,577
2026-04-13 04:45:00+00:00,578
2026-04-13 05:00:00+00:00,578
2026-04-13 05:15:00+00:00,578
2026-04-13 05:30:00+00:00,578
2026-04-13 05:45:00+00:00,579
2026-04-13 06:00:00+00:00,579
2026-04-13 06:15:00+00:00,579
2026-04-13 06:30:00+00:00,579
2026-04-13 06:45:00+00:00,580
2026-04-13 07:00:00+00:00,580
2026-04-13 07:15:00+00:00,580
2026-04-13 07:30:00+00:00,580
2026-04-13 07:45:00+00:00,580
2026-04-13 08:00:00+00:00,580
2026-04-13 08:15:00+00:00,581
2026-04-13 08:30:00+00:00,581
2026-04-13 08:45:00+00:00,581
2026-04-13 09:00:00+00:00,582
2026-04-13 09:15:00+00:00,583
2026-04-13 09:30:00+00:00,583
2026-04-13 09:45:00+00:00,584
2026-04-13 10:00:00+00:00,585
2026-04-13 10:15:00+00:00,586
2026-04-13 10:30:00+00:00,587
2026-04-13 10:45:00+00:00,589
2026-04-13 11:00:00+00:00,590
2026-04-13 11:15:00+00:00,591
2026-04-13 11:30:00+00:00,593
2026-04-13 11:45:00+00:00,595
2026-04-13 12:00:00+00:00,596
2026-04-13 12:15:00+00:00,598
2026-04-13 12:30:00+00:00,600
2026-04-13 12:45:00+00:00,602
2026-04-13 13:00:00+00:00,604
2026-04-13 13:15:00+00:00,606
2026-04-13 13:30:00+00:00,608
2026-04-13 13:45:00+00:00,610
2026-04-13 14:00:00+00:00,612
2026-04-13 14:15:00+00:00,614
2026-04-13 14:30:00+00:00,616
2026-04-13 14:45:00+00:00,617
2026-04-13 15:00:00+00:00,619
2026-04-13 15:15:00+00:00,620
2026-04-13 15:30:00+00:00,621
2026-04-13 15:45:00+00:00,622
2026-04-13 16:00:00+00:00,623
2026-04-13 16:15:00+00:00,624
2026-04-13 16:30:00+00:00,624
2026-04-13 16:45:00+00:00,625
2026-04-13 17:00:00+00:00,625
2026-04-13 17:15:00+00:00,626
2026-04-13 17:30:00+00:00,626
2026-04-13 17:45:00+00:00,626
2026-04-13 18:00:00+00:00,626
2026-04-13 18:15:00+00:00,627
2026-04-13 18:30:00+00:00,627
2026-04-13 18:45:00+00:00,627
2026-04-13 19:00:00+00:00,628
2026-04-13 19:15:00+00:00,628
2026-04-13 19:30:00+00:00,628
2026-04-13 19:45:00+00:00,629
2026-04-13 20:00:00+00:00,629
2026-04-13 20:15:00+00:00,629
2026-04-13 20:30:00+00:00,630
2026-04-13 20:45:00+00:00,630
2026-04-13 21:00:00+00:00,631
2026-04-13 21:15:00+00:00,631
2026-04-13 21:30:00+00:00,631
2026-04-13 21:45:00+00:00,632
2026-04-13 22:00:00+00:00,632
2026-04-13 22:15:00+00:00,633
2026-04-13 22:30:00+00:00,633
2026-04-13 22:45:00+00:00,633
2026-04-13 23:00:00+00:00,634
2026-04-13 23:15:00+00:00,634
2026-04-13 23:30:00+00:00,634
2026-04-13 23:45:00+00:00,634
2026-04-14 00:00:00+00:00,634
2026-04-14 00:15:00+00:00,634
2026-04-14 00:30:00+00:00,635
2026-04-14 00:45:00+00:00,635
2026-04-14 01:00:00+00:00,635
2026-04-14 01:15:00+00:00,635
2026-04-14 01:30:00+00:00,636
2026-04-14 01:45:00+00:00,636
2026-04-14 02:00:00+00:00,636
2026-04-14 02:15:00+00:00,636
2026-04-14 02:30:00+00:00,636
2026-04-14 02:45:00+00:00,635
2026-04-14 03:00:00+00:00,635
2026-04-14 03:15:00+00:00,635
2026-04-14 03:30:00+00:00,635
2026-04-14 03:45:00+00:00,635
2026-04-14 04:00:00+00:00,635
2026-04-14 04:15:00+00:00,634
2026-04-14 04:30:00+00:00,634
2026-04-14 04:45:00+00:00,633
2026-04-14 05:00:00+00:00,633
2026-04-14 05:15:00+00:00,632
2026-04-14 05:30:00+00:00,632
2026-04-14 05:45:00+00:00,631
2026-04-14 06:00:00+00:00,630
2026-04-14 06:15:00+00:00,629
2026-04-14 06:30:00+00:00,629
2026-04-14 06:45:00+00:00,629
2026-04-14 07:00:00+00:00,628
2026-04-14 07:15:00+00:00,627
2026-04-14 07:30:00+00:00,627
2026-04-14 07:45:00+00:00,626
2026-04-14 08:00:00+00:00,625
2026-04-14 08:15:00+00:00,625
2026-04-14 08:30:00+00:00,625
2026-04-14 08:45:00+00:00,626
2026-04-14 09:00:00+00:00,626
2026-04-14 09:15:00+00:00,626
2026-04-14 09:30:00+00:00,626
2026-04-14 09:45:00+00:00,626
2026-04-14 10:00:00+00:00,625
2026-04-14 10:15:00+00:00,626
2026-04-14 10:30:00+00:00,626
2026-04-14 10:45:00+00:00,625
2026-04-14 11:00:00+00:00,625
2026-04-14 11:15:00+00:00,625
2026-04-14 11:30:00+00:00,626
2026-04-14 11:45:00+00:00,626
2026-04-14 12:00:00+00:00,626
2026-04-14 12:15:00+00:00,627
2026-04-14 12:30:00+00:00,627
2026-04-14 12:45:00+00:00,627
2026-04-14 13:00:00+00:00,627
2026-04-14 13:15:00+00:00,627
2026-04-14 13:30:00+00:00,626
2026-04-14 13:45:00+00:00,626
2026-04-14 14:00:00+00:00,626
2026-04-14 14:15:00+00:00,626
2026-04-14 14:30:00+00:00,625
2026-04-14 14:45:00+00:00,625
2026-04-14 15:00:00+00:00,625
2026-04-14 15:15:00+00:00,625
2026-04-14 15:30:00+00:00,625
2026-04-14 15:45:00+00:00,625
2026-04-14 16:00:00+00:00,625
2026-04-14 16:15:00+00:00,625
2026-04-14 16:30:00+00:00,624
2026-04-14 16:45:00+00:00,624
2026-04-14 17:00:00+00:00,624
2026-04-14 17:15:00+00:00,624
2026-04-14 17:30:00+00:00,624
2026-04-14 17:45:00+00:00,624
2026-04-14 18:00:00+00:00,624
2026-04-14 18:15:00+00:00,624
2026-04-14 18:30:00+00:00,624
2026-04-14 18:45:00+00:00,624
2026-04-14 19:00:00+00:00,624
2026-04-14 19:15:00+00:00,624
2026-04-14 19:30:00+00:00,624
2026-04-14 19:45:00+00:00,624
2026-04-14 20:00:00+00:00,625
2026-04-14 20:15:00+00:00,625
2026-04-14 20:30:00+00:00,625
2026-04-14 20:45:00+00:00,625
2026-04-14 21:00:00+00:00,625
2026-04-14 21:15:00+00:00,625
2026-04-14 21:30:00+00:00,625
2026-04-14 21:45:00+00:00,625
2026-04-14 22:00:00+00:00,625
2026-04-14 22:15:00+00:00,625
2026-04-14 22:30:00+00:00,625
2026-04-14 22:45:00+00:00,625
2026-04-14 23:00:00+00:00,625
2026-04-14 23:15:00+00:00,626
2026-04-14 23:30:00+00:00,626
2026-04-14 23:45:00+00:00,626
2026-04-15 00:00:00+00:00,627
2026-04-15 00:15:00+00:00,627
2026-04-15 00:30:00+00:00,627
2026-04-15 00:45:00+00:00,627
2026-04-15 01:00:00+00:00,627
2026-04-15 01:15:00+00:00,627
2026-04-15 01:30:00+00:00,628
2026-04-15 01:45:00+00:00,628
2026-04-15 02:00:00+00:00,628
2026-04-15 02:15:00+00:00,628
2026-04-15 02:30:00+00:00,628
2026-04-15 02:45:00+00:00,628
2026-04-15 03:00:00+00:00,628
2026-04-15 03:15:00+00:00,628
2026-04-15 03:30:00+00:00,628
2026-04-15 03:45:00+00:00,628
2026-04-15 04:00:00+00:00,627
2026-04-15 04:15:00+00:00,627
2026-04-15 04:30:00+00:00,627
2026-04-15 04:45:00+00:00,627
2026-04-15 05:00:00+00:00,627
2026-04-15 05:15:00+00:00,627
2026-04-15 05:30:00+00:00,627
2026-04-15 05:45:00+00:00,626
2026-04-15 06:00:00+00:00,626
2026-04-15 06:15:00+00:00,626
2026-04-15 06:30:00+00:00,625
2026-04-15 06:45:00+00:00,625
2026-04-15 07:00:00+00:00,624
2026-04-15 07:15:00+00:00,623
2026-04-15 07:30:00+00:00,623
2026-04-15 07:45:00+00:00,623
2026-04-15 08:00:00+00:00,623
2026-04-15 08:15:00+00:00,622
2026-04-15 08:30:00+00:00,622
2026-04-15 08:45:00+00:00,622
2026-04-15 09:00:00+00:00,622
2026-04-15 09:15:00+00:00,622
2026-04-15 09:30:00+00:00,622
2026-04-15 09:45:00+00:00,621
2026-04-15 10:00:00+00:00,621
2026-04-15 10:15:00+00:00,621
2026-04-15 10:30:00+00:00,620
2026-04-15 10:45:00+00:00,620
2026-04-15 11:00:00+00:00,620
2026-04-15 11:15:00+00:00,620
2026-04-15 11:30:00+00:00,620
2026-04-15 11:45:00+00:00,619
2026-04-15 12:00:00+00:00,619
2026-04-15 12:15:00+00:00,619
2026-04-15 12:30:00+00:00,619
2026-04-15 12:45:00+00:00,618
2026-04-15 13:00:00+00:00,618
2026-04-15 13:15:00+00:00,618
2026-04-15 13:30:00+00:00,618
2026-04-15 13:45:00+00:00,617
2026-04-15 14:00:00+00:00,617
2026-04-15 14:15:00+00:00,616
2026-04-15 14:30:00+00:00,616
2026-04-15 14:45:00+00:00,616
2026-04-15 15:00:00+00:00,615
2026-04-15 15:15:00+00:00,615
2026-04-15 15:30:00+00:00,614
2026-04-15 15:45:00+00:00,614
2026-04-15 16:00:00+00:00,613
2026-04-15 16:15:00+00:00,612
2026-04-15 16:30:00+00:00,612
2026-04-15 16:45:00+00:00,611
2026-04-15 17:00:00+00:00,610
2026-04-15 17:15:00+00:00,609
2026-04-15 17:30:00+00:00,609
2026-04-15 17:45:00+00:00,608
2026-04-15 18:00:00+00:00,608
2026-04-15 18:15:00+00:00,607
2026-04-15 18:30:00+00:00,607
2026-04-15 18:45:00+00:00,607
2026-04-15 19:00:00+00:00,607
2026-04-15 19:15:00+00:00,607
2026-04-15 19:30:00+00:00,606
2026-04-15 19:45:00+00:00,606
2026-04-15 20:00:00+00:00,606
2026-04-15 20:15:00+00:00,606
2026-04-15 20:30:00+00:00,606
2026-04-15 20:45:00+00:00,606
2026-04-15 21:00:00+00:00,606
2026-04-15 21:15:00+00:00,606
2026-04-15 21:30:00+00:00,606
2026-04-15 21:45:00+00:00,606
2026-04-15 22:00:00+00:00,605
2026-04-15 22:15:00+00:00,605
2026-04-15 22:30:00+00:00,605
2026-04-15 22:45:00+00:00,605
2026-04-15 23:00:00+00:00,605
2026-04-15 23:15:00+00:00,605
2026-04-15 23:30:00+00:00,605
2026-04-15 23:45:00+00:00,605
2026-04-16 00:00:00+00:00,605
2026-04-16 00:15:00+00:00,605
2026-04-16 00:30:00+00:00,605
2026-04-16 00:45:00+00:00,605
2026-04-16 01:00:00+00:00,605
2026-04-16 01:15:00+00:00,605
2026-04-16 01:30:00+00:00,605
2026-04-16 01:45:00+00:00,605
2026-04-16 02:00:00+00:00,605
2026-04-16 02:15:00+00:00,606
2026-04-16 02:30:00+00:00,606
2026-04-16 02:45:00+00:00,606
2026-04-16 03:00:00+00:00,606
2026-04-16 03:15:00+00:00,606
2026-04-16 03:30:00+00:00,606
2026-04-16 03:45:00+00:00,606
2026-04-16 04:00:00+00:00,606
2026-04-16 04:15:00+00:00,606
2026-04-16 04:30:00+00:00,605
2026-04-16 04:45:00+00:00,605
2026-04-16 05:00:00+00:00,605
2026-04-16 05:15:00+00:00,604
2026-04-16 05:30:00+00:00,603
2026-04-16 05:45:00+00:00,603
2026-04-16 06:00:00+00:00,603
2026-04-16 06:15:00+00:00,602
2026-04-16 06:30:00+00:00,602
2026-04-16 06:45:00+00:00,603
2026-04-16 07:00:00+00:00,603
2026-04-16 07:15:00+00:00,603
2026-04-16 07:30:00+00:00,603
2026-04-16 07:45:00+00:00,603
2026-04-16 08:00:00+00:00,603
2026-04-16 08:15:00+00:00,603
2026-04-16 08:30:00+00:00,603
2026-04-16 08:45:00+00:00,603
2026-04-16 09:00:00+00:00,603
2026-04-16 09:15:00+00:00,603
2026-04-16 09:30:00+00:00,602
2026-04-16 09:45:00+00:00,602
2026-04-16 10:00:00+00:00,602
2026-04-16 10:15:00+00:00,601
2026-04-16 10:30:00+00:00,601
2026-04-16 10:45:00+00:00,600
2026-04-16 11:00:00+00:00,600
2026-04-16 11:15:00+00:00,599
2026-04-16 11:30:00+00:00,599
2026-04-16 11:45:00+00:00,598
2026-04-16 12:00:00+00:00,598
2026-04-16 12:15:00+00:00,597
2026-04-16 12:30:00+00:00,596
2026-04-16 12:45:00+00:00,595
2026-04-16 13:00:00+00:00,595
2026-04-16 13:15:00+00:00,594
2026-04-16 13:30:00+00:00,593
2026-04-16 13:45:00+00:00,592
2026-04-16 14:00:00+00:00,592
2026-04-16 14:15:00+00:00,591
2026-04-16 14:30:00+00:00,590
2026-04-16 14:45:00+00:00,589
2026-04-16 15:00:00+00:00,588
2026-04-16 15:15:00+00:00,588
2026-04-16 15:30:00+00:00,587
2026-04-16 15:45:00+00:00,586
2026-04-16 16:00:00+00:00,585
2026-04-16 16:15:00+00:00,585
2026-04-16 16:30:00+00:00,584
2026-04-16 16:45:00+00:00,584
2026-04-16 17:00:00+00:00,584
2026-04-16 17:15:00+00:00,583
2026-04-16 17:30:00+00:00,583
2026-04-16 17:45:00+00:00,583
2026-04-16 18:00:00+00:00,583
2026-04-16 18:15:00+00:00,583
2026-04-16 18:30:00+00:00,583
2026-04-16 18:45:00+00:00,582
2026-04-16 19:00:00+00:00,582
2026-04-16 19:15:00+00:00,582
2026-04-16 19:30:00+00:00,581
2026-04-16 19:45:00+00:00,582
2026-04-16 20:00:00+00:00,581
2026-04-16 20:15:00+00:00,581
2026-04-16 20:30:00+00:00,581
2026-04-16 20:45:00+00:00,581
2026-04-16 21:00:00+00:00,581
2026-04-16 21:15:00+00:00,581
2026-04-16 21:30:00+00:00,581
2026-04-16 21:45:00+00:00,581
2026-04-16 22:00:00+00:00,581
2026-04-16 22:15:00+00:00,581
2026-04-16 22:30:00+00:00,581
2026-04-16 22:45:00+00:00,580
2026-04-16 23:00:00+00:00,580
2026-04-16 23:15:00+00:00,581
2026-04-16 23:30:00+00:00,581
2026-04-16 23:45:00+00:00,581
2026-04-17 00:00:00+00:00,581
2026-04-17 00:15:00+00:00,582
2026-04-17 00:30:00+00:00,582
2026-04-17 00:45:00+00:00,582
2026-04-17 01:00:00+00:00,582
2026-04-17 01:15:00+00:00,583
2026-04-17 01:30:00+00:00,583
2026-04-17 01:45:00+00:00,583
2026-04-17 02:00:00+00:00,583
2026-04-17 02:15:00+00:00,583
2026-04-17 02:30:00+00:00,583
2026-04-17 02:45:00+00:00,583
2026-04-17 03:00:00+00:00,583
2026-04-17 03:15:00+00:00,583
2026-04-17 03:30:00+00:00,584
2026-04-17 03:45:00+00:00,584
2026-04-17 04:00:00+00:00,584
2026-04-17 04:15:00+00:00,583
2026-04-17 04:30:00+00:00,583
2026-04-17 04:45:00+00:00,582
2026-04-17 05:00:00+00:00,582
2026-04-17 05:15:00+00:00,581
2026-04-17 05:30:00+00:00,580
2026-04-17 05:45:00+00:00,580
2026-04-17 06:00:00+00:00,579
2026-04-17 06:15:00+00:00,579
2026-04-17 06:30:00+00:00,579
2026-04-17 06:45:00+00:00,579
2026-04-17 07:00:00+00:00,579
2026-04-17 07:15:00+00:00,580
2026-04-17 07:30:00+00:00,580
2026-04-17 07:45:00+00:00,581
2026-04-17 08:00:00+00:00,581
2026-04-17 08:15:00+00:00,582
2026-04-17 08:30:00+00:00,582
2026-04-17 08:45:00+00:00,582
2026-04-17 09:00:00+00:00,582
2026-04-17 09:15:00+00:00,582
2026-04-17 09:30:00+00:00,583
2026-04-17 09:45:00+00:00,583
2026-04-17 10:00:00+00:00,583
2026-04-17 10:15:00+00:00,584
2026-04-17 10:30:00+00:00,584
2026-04-17 10:45:00+00:00,585
2026-04-17 11:00:00+00:00,585
2026-04-17 11:15:00+00:00,586
2026-04-17 11:30:00+00:00,587
2026-04-17 11:45:00+00:00,587
2026-04-17 12:00:00+00:00,588
2026-04-17 12:15:00+00:00,589
2026-04-17 12:30:00+00:00,590
2026-04-17 12:45:00+00:00,591
2026-04-17 13:00:00+00:00,592
2026-04-17 13:15:00+00:00,593
2026-04-17 13:30:00+00:00,594
2026-04-17 13:45:00+00:00,594
2026-04-17 14:00:00+00:00,595
2026-04-17 14:15:00+00:00,595
2026-04-17 14:30:00+00:00,595
2026-04-17 14:45:00+00:00,596
2026-04-17 15:00:00+00:00,596
2026-04-17 15:15:00+00:00,597
2026-04-17 15:30:00+00:00,598
2026-04-17 15:45:00+00:00,598
2026-04-17 16:00:00+00:00,599
2026-04-17 16:15:00+00:00,600
2026-04-17 16:30:00+00:00,601
2026-04-17 16:45:00+00:00,602
2026-04-17 17:00:00+00:00,603
2026-04-17 17:15:00+00:00,603
2026-04-17 17:30:00+00:00,604
2026-04-17 17:45:00+00:00,605
2026-04-17 18:00:00+00:00,606
2026-04-17 18:15:00+00:00,606
2026-04-17 18:30:00+00:00,607
2026-04-17 18:45:00+00:00,607
2026-04-17 19:00:00+00:00,607
2026-04-17 19:15:00+00:00,607
2026-04-17 19:30:00+00:00,607
2026-04-17 19:45:00+00:00,607
2026-04-17 20:00:00+00:00,607
2026-04-17 20:15:00+00:00,607
2026-04-17 20:30:00+00:00,607
2026-04-17 20:45:00+00:00,608
2026-04-17 21:00:00+00:00,609
2026-04-17 21:15:00+00:00,610
2026-04-17 21:30:00+00:00,610
2026-04-17 21:45:00+00:00,611
2026-04-17 22:00:00+00:00,612
2026-04-17 22:15:00+00:00,613
2026-04-17 22:30:00+00:00,614
2026-04-17 22:45:00+00:00,614
2026-04-17 23:00:00+00:00,615
2026-04-17 23:15:00+00:00,616
2026-04-17 23:30:00+00:00,616
2026-04-17 23:45:00+00:00,616
2026-04-18 00:00:00+00:00,616
2026-04-18 00:15:00+00:00,617
2026-04-18 00:30:00+00:00,617
2026-04-18 00:45:00+00:00,618
2026-04-18 01:00:00+00:00,618
2026-04-18 01:15:00+00:00,618
2026-04-18 01:30:00+00:00,618
2026-04-18 01:45:00+00:00,618
2026-04-18 02:00:00+00:00,618
2026-04-18 02:15:00+00:00,618
2026-04-18 02:30:00+00:00,618
2026-04-18 02:45:00+00:00,618
2026-04-18 03:00:00+00:00,618
2026-04-18 03:15:00+00:00,618
2026-04-18 03:30:00+00:00,617
2026-04-18 03:45:00+00:00,616
2026-04-18 04:00:00+00:00,616
2026-04-18 04:15:00+00:00,615
2026-04-18 04:30:00+00:00,614
2026-04-18 04:45:00+00:00,614
2026-04-18 05:00:00+00:00,614
2026-04-18 05:15:00+00:00,614
2026-04-18 05:30:00+00:00,614
2026-04-18 05:45:00+00:00,614
2026-04-18 06:00:00+00:00,613
2026-04-18 06:15:00+00:00,613
2026-04-18 06:30:00+00:00,613
2026-04-18 06:45:00+00:00,613
2026-04-18 07:00:00+00:00,613
2026-04-18 07:15:00+00:00,614
2026-04-18 07:30:00+00:00,614
2026-04-18 07:45:00+00:00,614
2026-04-18 08:00:00+00:00,614
2026-04-18 08:15:00+00:00,614
2026-04-18 08:30:00+00:00,614
2026-04-18 08:45:00+00:00,614
2026-04-18 09:00:00+00:00,614
2026-04-18 09:15:00+00:00,614
2026-04-18 09:30:00+00:00,614
2026-04-18 09:45:00+00:00,614
2026-04-18 10:00:00+00:00,614
2026-04-18 10:15:00+00:00,614
2026-04-18 10:30:00+00:00,615
2026-04-18 10:45:00+00:00,615
2026-04-18 11:00:00+00:00,616
2026-04-18 11:15:00+00:00,616
2026-04-18 11:30:00+00:00,616
2026-04-18 11:45:00+00:00,616
2026-04-18 12:00:00+00:00,616
2026-04-18 12:15:00+00:00,616
2026-04-18 12:30:00+00:00,616
2026-04-18 12:45:00+00:00,615
2026-04-18 13:00:00+00:00,615
2026-04-18 13:15:00+00:00,615
2026-04-18 13:30:00+00:00,614
2026-04-18 13:45:00+00:00,614
2026-04-18 14:00:00+00:00,613
2026-04-18 14:15:00+00:00,613
2026-04-18 14:30:00+00:00,613
2026-04-18 14:45:00+00:00,612
2026-04-18 15:00:00+00:00,611
2026-04-18 15:15:00+00:00,611
2026-04-18 15:30:00+00:00,610
2026-04-18 15:45:00+00:00,609
2026-04-18 16:00:00+00:00,609
2026-04-18 16:15:00+00:00,609
2026-04-18 16:30:00+00:00,608
2026-04-18 16:45:00+00:00,608
2026-04-18 17:00:00+00:00,608
2026-04-18 17:15:00+00:00,608
2026-04-18 17:30:00+00:00,608
2026-04-18 17:45:00+00:00,607
2026-04-18 18:00:00+00:00,607
2026-04-18 18:15:00+00:00,607
2026-04-18 18:30:00+00:00,607
2026-04-18 18:45:00+00:00,607
2026-04-18 19:00:00+00:00,607
2026-04-18 19:15:00+00:00,607
2026-04-18 19:30:00+00:00,608
2026-04-18 19:45:00+00:00,608
2026-04-18 20:00:00+00:00,609
2026-04-18 20:15:00+00:00,609
2026-04-18 20:30:00+00:00,610
2026-04-18 20:45:00+00:00,610
2026-04-18 21:00:00+00:00,611
2026-04-18 21:15:00+00:00,611
2026-04-18 21:30:00+00:00,612
2026-04-18 21:45:00+00:00,613
2026-04-18 22:00:00+00:00,613
2026-04-18 22:15:00+00:00,614
2026-04-18 22:30:00+00:00,614
2026-04-18 22:45:00+00:00,615
2026-04-18 23:00:00+00:00,615
2026-04-18 23:15:00+00:00,616
2026-04-18 23:30:00+00:00,616
2026-04-18 23:45:00+00:00,617
2026-04-19 00:00:00+00:00,617
2026-04-19 00:15:00+00:00,618
2026-04-19 00:30:00+00:00,618
2026-04-19 00:45:00+00:00,618
2026-04-19 01:00:00+00:00,618
2026-04-19 01:15:00+00:00,618
2026-04-19 01:30:00+00:00,618
2026-04-19 01:45:00+00:00,618
2026-04-19 02:00:00+00:00,618
2026-04-19 02:15:00+00:00,619
2026-04-19 02:30:00+00:00,619
2026-04-19 02:45:00+00:00,619
2026-04-19 03:00:00+00:00,619
2026-04-19 03:15:00+00:00,619
2026-04-19 03:30:00+00:00,619
2026-04-19 03:45:00+00:00,619
2026-04-19 04:00:00+00:00,619
2026-04-19 04:15:00+00:00,619
2026-04-19 04:30:00+00:00,619
2026-04-19 04:45:00+00:00,619
2026-04-19 05:00:00+00:00,619
2026-04-19 05:15:00+00:00,619
2026-04-19 05:30:00+00:00,619
2026-04-19 05:45:00+00:00,619
2026-04-19 06:00:00+00:00,619
2026-04-19 06:15:00+00:00,619
2026-04-19 06:30:00+00:00,619
2026-04-19 06:45:00+00:00,620
2026-04-19 07:00:00+00:00,620
2026-04-19 07:15:00+00:00,620
2026-04-19 07:30:00+00:00,621
2026-04-19 07:45:00+00:00,621
2026-04-19 08:00:00+00:00,622
2026-04-19 08:15:00+00:00,622
2026-04-19 08:30:00+00:00,622
2026-04-19 08:45:00+00:00,623
2026-04-19 09:00:00+00:00,622
2026-04-19 09:15:00+00:00,622
2026-04-19 09:30:00+00:00,622
2026-04-19 09:45:00+00:00,622
2026-04-19 10:00:00+00:00,622
2026-04-19 10:15:00+00:00,622
2026-04-19 10:30:00+00:00,623
2026-04-19 10:45:00+00:00,623
2026-04-19 11:00:00+00:00,624
2026-04-19 11:15:00+00:00,624
2026-04-19 11:30:00+00:00,625
2026-04-19 11:45:00+00:00,626
2026-04-19 12:00:00+00:00,627
2026-04-19 12:15:00+00:00,628
2026-04-19 12:30:00+00:00,629
2026-04-19 12:45:00+00:00,630
2026-04-19 13:00:00+00:00,631
2026-04-19 13:15:00+00:00,632
2026-04-19 13:30:00+00:00,633
2026-04-19 13:45:00+00:00,634
2026-04-19 14:00:00+00:00,635
2026-04-19 14:15:00+00:00,636
2026-04-19 14:30:00+00:00,638
2026-04-19 14:45:00+00:00,639
2026-04-19 15:00:00+00:00,640
2026-04-19 15:15:00+00:00,641
2026-04-19 15:30:00+00:00,643
2026-04-19 15:45:00+00:00,644
2026-04-19 16:00:00+00:00,646
2026-04-19 16:15:00+00:00,647
2026-04-19 16:30:00+00:00,649
2026-04-19 16:45:00+00:00,651
2026-04-19 17:00:00+00:00,653
2026-04-19 17:15:00+00:00,654
2026-04-19 17:30:00+00:00,657
2026-04-19 17:45:00+00:00,658
2026-04-19 18:00:00+00:00,660
2026-04-19 18:15:00+00:00,662
2026-04-19 18:30:00+00:00,664
2026-04-19 18:45:00+00:00,666
2026-04-19 19:00:00+00:00,668
2026-04-19 19:15:00+00:00,670
2026-04-19 19:30:00+00:00,672
2026-04-19 19:45:00+00:00,674
2026-04-19 20:00:00+00:00,677
2026-04-19 20:15:00+00:00,679
2026-04-19 20:30:00+00:00,681
2026-04-19 20:45:00+00:00,684
2026-04-19 21:00:00+00:00,686
2026-04-19 21:15:00+00:00,688
2026-04-19 21:30:00+00:00,690
2026-04-19 21:45:00+00:00,692
2026-04-19 22:00:00+00:00,694
2026-04-19 22:15:00+00:00,696
2026-04-19 22:30:00+00:00,699
2026-04-19 22:45:00+00:00,701
2026-04-19 23:00:00+00:00,703
2026-04-19 23:15:00+00:00,705
2026-04-19 23:30:00+00:00,708
2026-04-19 23:45:00+00:00,710
2026-04-20 00:00:00+00:00,713
2026-04-20 00:15:00+00:00,715
2026-04-20 00:30:00+00:00,718
2026-04-20 00:45:00+00:00,721
2026-04-20 01:00:00+00:00,723
2026-04-20 01:15:00+00:00,726
2026-04-20 01:30:00+00:00,728
2026-04-20 01:45:00+00:00,731
2026-04-20 02:00:00+00:00,733
2026-04-20 02:15:00+00:00,735
2026-04-20 02:30:00+00:00,737
2026-04-20 02:45:00+00:00,738
2026-04-20 03:00:00+00:00,739
2026-04-20 03:15:00+00:00,739
2026-04-20 03:30:00+00:00,739
2026-04-20 03:45:00+00:00,739
2026-04-20 04:00:00+00:00,739
2026-04-20 04:15:00+00:00,739
2026-04-20 04:30:00+00:00,740
2026-04-20 04:45:00+00:00,741
2026-04-20 05:00:00+00:00,743
2026-04-20 05:15:00+00:00,745
2026-04-20 05:30:00+00:00,746
2026-04-20 05:45:00+00:00,748
2026-04-20 06:00:00+00:00,749
2026-04-20 06:15:00+00:00,750
2026-04-20 06:30:00+00:00,751
2026-04-20 06:45:00+00:00,752
2026-04-20 07:00:00+00:00,753
2026-04-20 07:15:00+00:00,754
2026-04-20 07:30:00+00:00,754
2026-04-20 07:45:00+00:00,754
2026-04-20 08:00:00+00:00,754
2026-04-20 08:15:00+00:00,754
2026-04-20 08:30:00+00:00,754
2026-04-20 08:45:00+00:00,754
2026-04-20 09:00:00+00:00,755
2026-04-20 09:15:00+00:00,756
2026-04-20 09:30:00+00:00,757
2026-04-20 09:45:00+00:00,757
2026-04-20 10:00:00+00:00,757
2026-04-20 10:15:00+00:00,756
2026-04-20 10:30:00+00:00,757
2026-04-20 10:45:00+00:00,757
2026-04-20 11:00:00+00:00,758
2026-04-20 11:15:00+00:00,759
2026-04-20 11:30:00+00:00,759
2026-04-20 11:45:00+00:00,759
2026-04-20 12:00:00+00:00,760
2026-04-20 12:15:00+00:00,760
2026-04-20 12:30:00+00:00,762
2026-04-20 12:45:00+00:00,765
2026-04-20 13:00:00+00:00,768
2026-04-20 13:15:00+00:00,768
2026-04-20 13:30:00+00:00,770
2026-04-20 13:45:00+00:00,772
2026-04-20 14:00:00+00:00,773
2026-04-20 14:15:00+00:00,774
2026-04-20 14:30:00+00:00,774
2026-04-20 14:45:00+00:00,774
2026-04-20 15:00:00+00:00,774
2026-04-20 15:15:00+00:00,774
2026-04-20 15:30:00+00:00,774
2026-04-20 15:45:00+00:00,774
2026-04-20 16:00:00+00:00,774
2026-04-20 16:15:00+00:00,775
2026-04-20 16:30:00+00:00,776
2026-04-20 16:45:00+00:00,776
2026-04-20 17:00:00+00:00,777
2026-04-20 17:15:00+00:00,777
2026-04-20 17:30:00+00:00,778
2026-04-20 17:45:00+00:00,778
2026-04-20 18:00:00+00:00,779
2026-04-20 18:15:00+00:00,779
2026-04-20 18:30:00+00:00,780
2026-04-20 18:45:00+00:00,780
2026-04-20 19:00:00+00:00,781
2026-04-20 19:15:00+00:00,782
2026-04-20 19:30:00+00:00,783
2026-04-20 19:45:00+00:00,784
2026-04-20 20:00:00+00:00,785
2026-04-20 20:15:00+00:00,787
2026-04-20 20:30:00+00:00,788
2026-04-20 20:45:00+00:00,789
2026-04-20 21:00:00+00:00,790
2026-04-20 21:15:00+00:00,792
2026-04-20 21:30:00+00:00,793
2026-04-20 21:45:00+00:00,795
2026-04-20 22:00:00+00:00,797
2026-04-20 22:15:00+00:00,798
2026-04-20 22:30:00+00:00,799
2026-04-20 22:45:00+00:00,801
2026-04-20 23:00:00+00:00,802
2026-04-20 23:15:00+00:00,804
2026-04-20 23:30:00+00:00,806
2026-04-20 23:45:00+00:00,808
2026-04-21 00:00:00+00:00,810
2026-04-21 00:15:00+00:00,811
2026-04-21 00:30:00+00:00,812
2026-04-21 00:45:00+00:00,814
2026-04-21 01:00:00+00:00,816
2026-04-21 01:15:00+00:00,818
2026-04-21 01:30:00+00:00,820
2026-04-21 01:45:00+00:00,822
2026-04-21 02:00:00+00:00,824
2026-04-21 02:15:00+00:00,825
2026-04-21 02:30:00+00:00,827
2026-04-21 02:45:00+00:00,828
2026-04-21 03:00:00+00:00,829
2026-04-21 03:15:00+00:00,830
2026-04-21 03:30:00+00:00,831
2026-04-21 03:45:00+00:00,831
2026-04-21 04:00:00+00:00,832
2026-04-21 04:15:00+00:00,832
2026-04-21 04:30:00+00:00,832
2026-04-21 04:45:00+00:00,831
2026-04-21 05:00:00+00:00,832
2026-04-21 05:15:00+00:00,831
2026-04-21 05:30:00+00:00,831
2026-04-21 05:45:00+00:00,831
2026-04-21 06:00:00+00:00,831
2026-04-21 06:15:00+00:00,830
2026-04-21 06:30:00+00:00,830
2026-04-21 06:45:00+00:00,829
2026-04-21 07:00:00+00:00,828
2026-04-21 07:15:00+00:00,827
2026-04-21 07:30:00+00:00,826
2026-04-21 07:45:00+00:00,825
2026-04-21 08:00:00+00:00,824
2026-04-21 08:15:00+00:00,823
2026-04-21 08:30:00+00:00,822
2026-04-21 08:45:00+00:00,820
2026-04-21 09:00:00+00:00,819
2026-04-21 09:15:00+00:00,818
2026-04-21 09:30:00+00:00,817
2026-04-21 09:45:00+00:00,816
2026-04-21 10:00:00+00:00,815
2026-04-21 10:15:00+00:00,814
2026-04-21 10:30:00+00:00,812
2026-04-21 10:45:00+00:00,811
2026-04-21 11:00:00+00:00,810
2026-04-21 11:15:00+00:00,809
2026-04-21 11:30:00+00:00,808
2026-04-21 11:45:00+00:00,807
2026-04-21 12:00:00+00:00,806
2026-04-21 12:15:00+00:00,805
2026-04-21 12:30:00+00:00,805
2026-04-21 12:45:00+00:00,804
2026-04-21 13:00:00+00:00,803
2026-04-21 13:15:00+00:00,803
2026-04-21 13:30:00+00:00,802
2026-04-21 13:45:00+00:00,802
2026-04-21 14:00:00+00:00,801
2026-04-21 14:15:00+00:00,801
2026-04-21 14:30:00+00:00,801
2026-04-21 14:45:00+00:00,801
2026-04-21 15:00:00+00:00,801
2026-04-21 15:15:00+00:00,801
2026-04-21 15:30:00+00:00,802
2026-04-21 15:45:00+00:00,802
2026-04-21 16:00:00+00:00,802
2026-04-21 16:15:00+00:00,802
2026-04-21 16:30:00+00:00,802
2026-04-21 16:45:00+00:00,802
2026-04-21 17:00:00+00:00,803
2026-04-21 17:15:00+00:00,803
2026-04-21 17:30:00+00:00,803
2026-04-21 17:45:00+00:00,803
2026-04-21 18:00:00+00:00,804
2026-04-21 18:15:00+00:00,804
2026-04-21 18:30:00+00:00,804
2026-04-21 18:45:00+00:00,804
2026-04-21 19:00:00+00:00,804
2026-04-21 19:15:00+00:00,805
2026-04-21 19:30:00+00:00,805
2026-04-21 19:45:00+00:00,805
2026-04-21 20:00:00+00:00,806
2026-04-21 20:15:00+00:00,806
2026-04-21 20:30:00+00:00,806
2026-04-21 20:45:00+00:00,807
2026-04-21 21:00:00+00:00,807
2026-04-21 21:15:00+00:00,807
2026-04-21 21:30:00+00:00,807
2026-04-21 21:45:00+00:00,808
2026-04-21 22:00:00+00:00,808
2026-04-21 22:15:00+00:00,808
2026-04-21 22:30:00+00:00,808
2026-04-21 22:45:00+00:00,808
2026-04-21 23:00:00+00:00,809
2026-04-21 23:15:00+00:00,809
2026-04-21 23:30:00+00:00,810
2026-04-21 23:45:00+00:00,810
2026-04-22 00:00:00+00:00,810
2026-04-22 00:15:00+00:00,810
2026-04-22 00:30:00+00:00,810
2026-04-22 00:45:00+00:00,810
2026-04-22 01:00:00+00:00,811
2026-04-22 01:15:00+00:00,811
2026-04-22 01:30:00+00:00,811
2026-04-22 01:45:00+00:00,812
2026-04-22 02:00:00+00:00,812
2026-04-22 02:15:00+00:00,812
2026-04-22 02:30:00+00:00,813
2026-04-22 02:45:00+00:00,813
2026-04-22 03:00:00+00:00,814
2026-04-22 03:15:00+00:00,814
2026-04-22 03:30:00+00:00,815
2026-04-22 03:45:00+00:00,816
2026-04-22 04:00:00+00:00,817
2026-04-22 04:15:00+00:00,818
2026-04-22 04:30:00+00:00,818
2026-04-22 04:45:00+00:00,818
2026-04-22 05:00:00+00:00,819
2026-04-22 05:15:00+00:00,819
2026-04-22 05:30:00+00:00,819
2026-04-22 05:45:00+00:00,819
2026-04-22 06:00:00+00:00,819
2026-04-22 06:15:00+00:00,819
2026-04-22 06:30:00+00:00,819
2026-04-22 06:45:00+00:00,819
2026-04-22 07:00:00+00:00,819
2026-04-22 07:15:00+00:00,818
2026-04-22 07:30:00+00:00,818
2026-04-22 07:45:00+00:00,817
2026-04-22 08:00:00+00:00,817
2026-04-22 08:15:00+00:00,816
2026-04-22 08:30:00+00:00,816
2026-04-22 08:45:00+00:00,815
2026-04-22 09:00:00+00:00,815
2026-04-22 09:15:00+00:00,815
2026-04-22 09:30:00+00:00,814
2026-04-22 09:45:00+00:00,814
2026-04-22 10:00:00+00:00,814
2026-04-22 10:15:00+00:00,814
2026-04-22 10:30:00+00:00,814
2026-04-22 10:45:00+00:00,814
2026-04-22 11:00:00+00:00,814
2026-04-22 11:15:00+00:00,814
2026-04-22 11:30:00+00:00,814
2026-04-22 11:45:00+00:00,814
2026-04-22 12:00:00+00:00,814
2026-04-22 12:15:00+00:00,814
2026-04-22 12:30:00+00:00,814
2026-04-22 12:45:00+00:00,813
2026-04-22 13:00:00+00:00,813
2026-04-22 13:15:00+00:00,812
2026-04-22 13:30:00+00:00,812
2026-04-22 13:45:00+00:00,812
2026-04-22 14:00:00+00:00,812
2026-04-22 14:15:00+00:00,811
2026-04-22 14:30:00+00:00,810
2026-04-22 14:45:00+00:00,809
2026-04-22 15:00:00+00:00,808
2026-04-22 15:15:00+00:00,808
2026-04-22 15:30:00+00:00,808
2026-04-22 15:45:00+00:00,809
2026-04-22 16:00:00+00:00,810
2026-04-22 16:15:00+00:00,810
2026-04-22 16:30:00+00:00,810
2026-04-22 16:45:00+00:00,810
2026-04-22 17:00:00+00:00,811
2026-04-22 17:15:00+00:00,812
2026-04-22 17:30:00+00:00,812
2026-04-22 17:45:00+00:00,813
2026-04-22 18:00:00+00:00,814
2026-04-22 18:15:00+00:00,814
2026-04-22 18:30:00+00:00,815
2026-04-22 18:45:00+00:00,817
2026-04-22 19:00:00+00:00,818
2026-04-22 19:15:00+00:00,819
2026-04-22 19:30:00+00:00,821
2026-04-22 19:45:00+00:00,822
2026-04-22 20:00:00+00:00,823
2026-04-22 20:15:00+00:00,824
2026-04-22 20:30:00+00:00,825
2026-04-22 20:45:00+00:00,826
2026-04-22 21:00:00+00:00,827
2026-04-22 21:15:00+00:00,828
2026-04-22 21:30:00+00:00,829
2026-04-22 21:45:00+00:00,830
2026-04-22 22:00:00+00:00,831
2026-04-22 22:15:00+00:00,832
2026-04-22 22:30:00+00:00,834
2026-04-22 22:45:00+00:00,837
2026-04-22 23:00:00+00:00,838
2026-04-22 23:15:00+00:00,840
2026-04-22 23:30:00+00:00,842
2026-04-22 23:45:00+00:00,844
2026-04-23 00:00:00+00:00,845
2026-04-23 00:15:00+00:00,845
2026-04-23 00:30:00+00:00,846
2026-04-23 00:45:00+00:00,846
2026-04-23 01:00:00+00:00,846
2026-04-23 01:15:00+00:00,847
2026-04-23 01:30:00+00:00,847
2026-04-23 01:45:00+00:00,848
2026-04-23 02:00:00+00:00,849
2026-04-23 02:15:00+00:00,850
2026-04-23 02:30:00+00:00,850
2026-04-23 02:45:00+00:00,852
2026-04-23 03:00:00+00:00,853
2026-04-23 03:15:00+00:00,854
2026-04-23 03:30:00+00:00,855
2026-04-23 03:45:00+00:00,857
2026-04-23 04:00:00+00:00,858
2026-04-23 04:15:00+00:00,859
2026-04-23 04:30:00+00:00,859
2026-04-23 04:45:00+00:00,860
2026-04-23 05:00:00+00:00,860
2026-04-23 05:15:00+00:00,860
2026-04-23 05:30:00+00:00,860
2026-04-23 05:45:00+00:00,860
2026-04-23 06:00:00+00:00,860
2026-04-23 06:15:00+00:00,859
2026-04-23 06:30:00+00:00,859
2026-04-23 06:45:00+00:00,859
2026-04-23 07:00:00+00:00,860
2026-04-23 07:15:00+00:00,860
2026-04-23 07:30:00+00:00,860
2026-04-23 07:45:00+00:00,859
2026-04-23 08:00:00+00:00,859
2026-04-23 08:15:00+00:00,859
2026-04-23 08:30:00+00:00,859
2026-04-23 08:45:00+00:00,859
2026-04-23 09:00:00+00:00,859
2026-04-23 09:15:00+00:00,859
2026-04-23 09:30:00+00:00,859
2026-04-23 09:45:00+00:00,859
2026-04-23 10:00:00+00:00,859
2026-04-23 10:15:00+00:00,859
2026-04-23 10:30:00+00:00,859
2026-04-23 10:45:00+00:00,859
2026-04-23 11:00:00+00:00,859
2026-04-23 11:15:00+00:00,859
2026-04-23 11:30:00+00:00,859
2026-04-23 11:45:00+00:00,858
2026-04-23 12:00:00+00:00,858
2026-04-23 12:15:00+00:00,858
2026-04-23 12:30:00+00:00,857
2026-04-23 12:45:00+00:00,856
2026-04-23 13:00:00+00:00,856
2026-04-23 13:15:00+00:00,856
2026-04-23 13:30:00+00:00,856
2026-04-23 13:45:00+00:00,856
2026-04-23 14:00:00+00:00,855
2026-04-23 14:15:00+00:00,854
2026-04-23 14:30:00+00:00,853
2026-04-23 14:45:00+00:00,852
2026-04-23 15:00:00+00:00,851
2026-04-23 15:15:00+00:00,850
2026-04-23 15:30:00+00:00,850
2026-04-23 15:45:00+00:00,850
2026-04-23 16:00:00+00:00,849
2026-04-23 16:15:00+00:00,847
2026-04-23 16:30:00+00:00,846
2026-04-23 16:45:00+00:00,846
2026-04-23 17:00:00+00:00,846
2026-04-23 17:15:00+00:00,846
2026-04-23 17:30:00+00:00,846
2026-04-23 17:45:00+00:00,844
2026-04-23 18:00:00+00:00,843
2026-04-23 18:15:00+00:00,842
2026-04-23 18:30:00+00:00,841
2026-04-23 18:45:00+00:00,841
2026-04-23 19:00:00+00:00,841
2026-04-23 19:15:00+00:00,840
2026-04-23 19:30:00+00:00,840
2026-04-23 19:45:00+00:00,840
2026-04-23 20:00:00+00:00,839
2026-04-23 20:15:00+00:00,839
2026-04-23 20:30:00+00:00,838
2026-04-23 20:45:00+00:00,837
2026-04-23 21:00:00+00:00,836
2026-04-23 21:15:00+00:00,835
2026-04-23 21:30:00+00:00,834
2026-04-23 21:45:00+00:00,834
2026-04-23 22:00:00+00:00,832
2026-04-23 22:15:00+00:00,830
2026-04-23 22:30:00+00:00,829
2026-04-23 22:45:00+00:00,830
2026-04-23 23:00:00+00:00,830
2026-04-23 23:15:00+00:00,831
2026-04-23 23:30:00+00:00,831
2026-04-23 23:45:00+00:00,831
2026-04-24 00:00:00+00:00,831
2026-04-24 00:15:00+00:00,832
2026-04-24 00:30:00+00:00,833
2026-04-24 00:45:00+00:00,833
2026-04-24 01:00:00+00:00,834
2026-04-24 01:15:00+00:00,835
2026-04-24 01:30:00+00:00,835
2026-04-24 01:45:00+00:00,835
2026-04-24 02:00:00+00:00,835
2026-04-24 02:15:00+00:00,834
2026-04-24 02:30:00+00:00,833
2026-04-24 02:45:00+00:00,833
2026-04-24 03:00:00+00:00,833
2026-04-24 03:15:00+00:00,833
2026-04-24 03:30:00+00:00,833
2026-04-24 03:45:00+00:00,834
2026-04-24 04:00:00+00:00,834
2026-04-24 04:15:00+00:00,834
2026-04-24 04:30:00+00:00,834
2026-04-24 04:45:00+00:00,835
2026-04-24 05:00:00+00:00,835
2026-04-24 05:15:00+00:00,835
2026-04-24 05:30:00+00:00,836
2026-04-24 05:45:00+00:00,836
2026-04-24 06:00:00+00:00,836
2026-04-24 06:15:00+00:00,837
2026-04-24 06:30:00+00:00,837
2026-04-24 06:45:00+00:00,837
2026-04-24 07:00:00+00:00,837
2026-04-24 07:15:00+00:00,837
2026-04-24 07:30:00+00:00,836
2026-04-24 07:45:00+00:00,836
2026-04-24 08:00:00+00:00,835
2026-04-24 08:15:00+00:00,834
2026-04-24 08:30:00+00:00,834
2026-04-24 08:45:00+00:00,833
2026-04-24 09:00:00+00:00,832
2026-04-24 09:15:00+00:00,830
2026-04-24 09:30:00+00:00,829
2026-04-24 09:45:00+00:00,827
2026-04-24 10:00:00+00:00,826
2026-04-24 10:15:00+00:00,825
2026-04-24 10:30:00+00:00,824
2026-04-24 10:45:00+00:00,823
2026-04-24 11:00:00+00:00,821
2026-04-24 11:15:00+00:00,819
2026-04-24 11:30:00+00:00,818
2026-04-24 11:45:00+00:00,816
2026-04-24 12:00:00+00:00,815
2026-04-24 12:15:00+00:00,813
2026-04-24 12:30:00+00:00,812
2026-04-24 12:45:00+00:00,811
2026-04-24 13:00:00+00:00,811
2026-04-24 13:15:00+00:00,810
2026-04-24 13:30:00+00:00,809
2026-04-24 13:45:00+00:00,807
2026-04-24 14:00:00+00:00,806
2026-04-24 14:15:00+00:00,804
2026-04-24 14:30:00+00:00,802
2026-04-24 14:45:00+00:00,800
2026-04-24 15:00:00+00:00,798
2026-04-24 15:15:00+00:00,797
2026-04-24 15:30:00+00:00,795
2026-04-24 15:45:00+00:00,794
2026-04-24 16:00:00+00:00,793
2026-04-24 16:15:00+00:00,792
2026-04-24 16:30:00+00:00,790
2026-04-24 16:45:00+00:00,789
2026-04-24 17:00:00+00:00,788
2026-04-24 17:15:00+00:00,787
2026-04-24 17:30:00+00:00,786
2026-04-24 17:45:00+00:00,785
2026-04-24 18:00:00+00:00,784
2026-04-24 18:15:00+00:00,783
2026-04-24 18:30:00+00:00,782
2026-04-24 18:45:00+00:00,781
2026-04-24 19:00:00+00:00,780
2026-04-24 19:15:00+00:00,779
2026-04-24 19:30:00+00:00,779
2026-04-24 19:45:00+00:00,778
2026-04-24 20:00:00+00:00,777
2026-04-24 20:15:00+00:00,776
2026-04-24 20:30:00+00:00,774
2026-04-24 20:45:00+00:00,771
2026-04-24 21:00:00+00:00,768
2026-04-24 21:15:00+00:00,765
2026-04-24 21:30:00+00:00,762
2026-04-24 21:45:00+00:00,758
2026-04-24 22:00:00+00:00,753
2026-04-24 22:15:00+00:00,749
2026-04-24 22:30:00+00:00,745
2026-04-24 22:45:00+00:00,741
2026-04-24 23:00:00+00:00,736
2026-04-24 23:15:00+00:00,732
2026-04-24 23:30:00+00:00,728
2026-04-24 23:45:00+00:00,723
2026-04-25 00:00:00+00:00,719
2026-04-25 00:15:00+00:00,714
2026-04-25 00:30:00+00:00,711
2026-04-25 00:45:00+00:00,706
2026-04-25 01:00:00+00:00,703
2026-04-25 01:15:00+00:00,699
2026-04-25 01:30:00+00:00,696
2026-04-25 01:45:00+00:00,693
2026-04-25 02:00:00+00:00,690
2026-04-25 02:15:00+00:00,688
2026-04-25 02:30:00+00:00,685
2026-04-25 02:45:00+00:00,683
2026-04-25 03:00:00+00:00,681
2026-04-25 03:15:00+00:00,679
2026-04-25 03:30:00+00:00,677
2026-04-25 03:45:00+00:00,675
2026-04-25 04:00:00+00:00,674
2026-04-25 04:15:00+00:00,673
2026-04-25 04:30:00+00:00,672
2026-04-25 04:45:00+00:00,671
2026-04-25 05:00:00+00:00,670
2026-04-25 05:15:00+00:00,669
2026-04-25 05:30:00+00:00,668
2026-04-25 05:45:00+00:00,667
2026-04-25 06:00:00+00:00,666
2026-04-25 06:15:00+00:00,664
2026-04-25 06:30:00+00:00,663
2026-04-25 06:45:00+00:00,662
2026-04-25 07:00:00+00:00,660
2026-04-25 07:15:00+00:00,659
2026-04-25 07:30:00+00:00,657
2026-04-25 07:45:00+00:00,656
2026-04-25 08:00:00+00:00,654
2026-04-25 08:15:00+00:00,653
2026-04-25 08:30:00+00:00,652
2026-04-25 08:45:00+00:00,651
2026-04-25 09:00:00+00:00,650
2026-04-25 09:15:00+00:00,650
2026-04-25 09:30:00+00:00,649
2026-04-25 09:45:00+00:00,648
2026-04-25 10:00:00+00:00,648
2026-04-25 10:15:00+00:00,648
2026-04-25 10:30:00+00:00,647
2026-04-25 10:45:00+00:00,647
2026-04-25 11:00:00+00:00,646
2026-04-25 11:15:00+00:00,646
2026-04-25 11:30:00+00:00,646
2026-04-25 11:45:00+00:00,646
2026-04-25 12:00:00+00:00,646
2026-04-25 12:15:00+00:00,646
2026-04-25 12:30:00+00:00,646
2026-04-25 12:45:00+00:00,646
2026-04-25 13:00:00+00:00,646
2026-04-25 13:15:00+00:00,646
2026-04-25 13:30:00+00:00,647
2026-04-25 13:45:00+00:00,649
2026-04-25 14:00:00+00:00,650
2026-04-25 14:15:00+00:00,649
2026-04-25 14:30:00+00:00,647
2026-04-25 14:45:00+00:00,646
2026-04-25 15:00:00+00:00,645
2026-04-25 15:15:00+00:00,645
2026-04-25 15:30:00+00:00,646
2026-04-25 15:45:00+00:00,646
2026-04-25 16:00:00+00:00,646
2026-04-25 16:15:00+00:00,645
2026-04-25 16:30:00+00:00,645
2026-04-25 16:45:00+00:00,643
2026-04-25 17:00:00+00:00,642
2026-04-25 17:15:00+00:00,640
2026-04-25 17:30:00+00:00,639
2026-04-25 17:45:00+00:00,638
2026-04-25 18:00:00+00:00,637
2026-04-25 18:15:00+00:00,636
2026-04-25 18:30:00+00:00,635
2026-04-25 18:45:00+00:00,634
2026-04-25 19:00:00+00:00,633
2026-04-25 19:15:00+00:00,632
2026-04-25 19:30:00+00:00,630
2026-04-25 19:45:00+00:00,629
2026-04-25 20:00:00+00:00,628
2026-04-25 20:15:00+00:00,628
2026-04-25 20:30:00+00:00,627
2026-04-25 20:45:00+00:00,626
2026-04-25 21:00:00+00:00,625
2026-04-25 21:15:00+00:00,624
2026-04-25 21:30:00+00:00,624
2026-04-25 21:45:00+00:00,623
2026-04-25 22:00:00+00:00,623
2026-04-25 22:15:00+00:00,622
2026-04-25 22:30:00+00:00,622
2026-04-25 22:45:00+00:00,622
2026-04-25 23:00:00+00:00,622
2026-04-25 23:15:00+00:00,622
2026-04-25 23:30:00+00:00,622
2026-04-25 23:45:00+00:00,622
2026-04-26 00:00:00+00:00,622
2026-04-26 00:15:00+00:00,621
2026-04-26 00:30:00+00:00,621
2026-04-26 00:45:00+00:00,621
2026-04-26 01:00:00+00:00,621
2026-04-26 01:15:00+00:00,621
2026-04-26 01:30:00+00:00,621
2026-04-26 01:45:00+00:00,621
2026-04-26 02:00:00+00:00,621
2026-04-26 02:15:00+00:00,622
2026-04-26 02:30:00+00:00,621
2026-04-26 02:45:00+00:00,621
2026-04-26 03:00:00+00:00,621
2026-04-26 03:15:00+00:00,620
2026-04-26 03:30:00+00:00,619
2026-04-26 03:45:00+00:00,618
2026-04-26 04:00:00+00:00,617
2026-04-26 04:15:00+00:00,616
2026-04-26 04:30:00+00:00,615
2026-04-26 04:45:00+00:00,614
2026-04-26 05:00:00+00:00,613
2026-04-26 05:15:00+00:00,612
2026-04-26 05:30:00+00:00,611
2026-04-26 05:45:00+00:00,610
2026-04-26 06:00:00+00:00,609
2026-04-26 06:15:00+00:00,608
2026-04-26 06:30:00+00:00,607
2026-04-26 06:45:00+00:00,606
2026-04-26 07:00:00+00:00,605
2026-04-26 07:15:00+00:00,604
2026-04-26 07:30:00+00:00,603
2026-04-26 07:45:00+00:00,602
2026-04-26 08:00:00+00:00,602
2026-04-26 08:15:00+00:00,601
2026-04-26 08:30:00+00:00,601
2026-04-26 08:45:00+00:00,601
2026-04-26 09:00:00+00:00,600
2026-04-26 09:15:00+00:00,600
2026-04-26 09:30:00+00:00,599
2026-04-26 09:45:00+00:00,599
2026-04-26 10:00:00+00:00,598
2026-04-26 10:15:00+00:00,598
2026-04-26 10:30:00+00:00,597
2026-04-26 10:45:00+00:00,597
2026-04-26 11:00:00+00:00,596
2026-04-26 11:15:00+00:00,596
2026-04-26 11:30:00+00:00,596
2026-04-26 11:45:00+00:00,596
2026-04-26 12:00:00+00:00,595
2026-04-26 12:15:00+00:00,595
2026-04-26 12:30:00+00:00,595
2026-04-26 12:45:00+00:00,594
2026-04-26 13:00:00+00:00,594
2026-04-26 13:15:00+00:00,594
2026-04-26 13:30:00+00:00,594
2026-04-26 13:45:00+00:00,593
2026-04-26 14:00:00+00:00,593
2026-04-26 14:15:00+00:00,593
2026-04-26 14:30:00+00:00,593
2026-04-26 14:45:00+00:00,593
2026-04-26 15:00:00+00:00,592
2026-04-26 15:15:00+00:00,592
2026-04-26 15:30:00+00:00,592
2026-04-26 15:45:00+00:00,592
2026-04-26 16:00:00+00:00,592
2026-04-26 16:15:00+00:00,592
2026-04-26 16:30:00+00:00,592
2026-04-26 16:45:00+00:00,592
2026-04-26 17:00:00+00:00,592
2026-04-26 17:15:00+00:00,592
2026-04-26 17:30:00+00:00,592
2026-04-26 17:45:00+00:00,592
2026-04-26 18:00:00+00:00,592
2026-04-26 18:15:00+00:00,592
2026-04-26 18:30:00+00:00,592
2026-04-26 18:45:00+00:00,592
2026-04-26 19:00:00+00:00,592
2026-04-26 19:15:00+00:00,591
2026-04-26 19:30:00+00:00,591
2026-04-26 19:45:00+00:00,591
2026-04-26 20:00:00+00:00,591
2026-04-26 20:15:00+00:00,591
2026-04-26 20:30:00+00:00,590
2026-04-26 20:45:00+00:00,590
2026-04-26 21:00:00+00:00,590
2026-04-26 21:15:00+00:00,590
2026-04-26 21:30:00+00:00,589
2026-04-26 21:45:00+00:00,588
2026-04-26 22:00:00+00:00,588
2026-04-26 22:15:00+00:00,588
2026-04-26 22:30:00+00:00,587
2026-04-26 22:45:00+00:00,587
2026-04-26 23:00:00+00:00,586
2026-04-26 23:15:00+00:00,586
2026-04-26 23:30:00+00:00,586
2026-04-26 23:45:00+00:00,585
2026-04-27 00:00:00+00:00,583
2026-04-27 00:15:00+00:00,582
2026-04-27 00:30:00+00:00,581
2026-04-27 00:45:00+00:00,582
2026-04-27 01:00:00+00:00,582
2026-04-27 01:15:00+00:00,582
2026-04-27 01:30:00+00:00,581
2026-04-27 01:45:00+00:00,581
2026-04-27 02:00:00+00:00,582
2026-04-27 02:15:00+00:00,583
2026-04-27 02:30:00+00:00,583
2026-04-27 02:45:00+00:00,584
2026-04-27 03:00:00+00:00,583
2026-04-27 03:15:00+00:00,583
2026-04-27 03:30:00+00:00,583
2026-04-27 03:45:00+00:00,582
2026-04-27 04:00:00+00:00,581
2026-04-27 04:15:00+00:00,581
2026-04-27 04:30:00+00:00,581
2026-04-27 04:45:00+00:00,580
2026-04-27 05:00:00+00:00,580
2026-04-27 05:15:00+00:00,580
2026-04-27 05:30:00+00:00,580
2026-04-27 05:45:00+00:00,579
2026-04-27 06:00:00+00:00,578
2026-04-27 06:15:00+00:00,578
2026-04-27 06:30:00+00:00,578
2026-04-27 06:45:00+00:00,577
2026-04-27 07:00:00+00:00,577
2026-04-27 07:15:00+00:00,577
2026-04-27 07:30:00+00:00,577
2026-04-27 07:45:00+00:00,576
2026-04-27 08:00:00+00:00,576
2026-04-27 08:15:00+00:00,575
2026-04-27 08:30:00+00:00,575
2026-04-27 08:45:00+00:00,574
2026-04-27 09:00:00+00:00,574
2026-04-27 09:15:00+00:00,573
2026-04-27 09:30:00+00:00,573
2026-04-27 09:45:00+00:00,572
2026-04-27 10:00:00+00:00,571
2026-04-27 10:15:00+00:00,571
2026-04-27 10:30:00+00:00,570
2026-04-27 10:45:00+00:00,570
2026-04-27 11:00:00+00:00,570
2026-04-27 11:15:00+00:00,570
2026-04-27 11:30:00+00:00,569
2026-04-27 11:45:00+00:00,569
2026-04-27 12:00:00+00:00,569
2026-04-27 12:15:00+00:00,569
2026-04-27 12:30:00+00:00,569
2026-04-27 12:45:00+00:00,569
2026-04-27 13:00:00+00:00,569
2026-04-27 13:15:00+00:00,569
2026-04-27 13:30:00+00:00,569
2026-04-27 13:45:00+00:00,569
2026-04-27 14:00:00+00:00,569
2026-04-27 14:15:00+00:00,569
2026-04-27 14:30:00+00:00,568
2026-04-27 14:45:00+00:00,568
2026-04-27 15:00:00+00:00,567
2026-04-27 15:15:00+00:00,566
2026-04-27 15:30:00+00:00,566
2026-04-27 15:45:00+00:00,566
2026-04-27 16:00:00+00:00,566
2026-04-27 16:15:00+00:00,567
2026-04-27 16:30:00+00:00,567
2026-04-27 16:45:00+00:00,567
2026-04-27 17:00:00+00:00,567
2026-04-27 17:15:00+00:00,568
2026-04-27 17:30:00+00:00,568
2026-04-27 17:45:00+00:00,568
2026-04-27 18:00:00+00:00,567
2026-04-27 18:15:00+00:00,567
2026-04-27 18:30:00+00:00,567
2026-04-27 18:45:00+00:00,567
2026-04-27 19:00:00+00:00,567
2026-04-27 19:15:00+00:00,567
2026-04-27 19:30:00+00:00,567
2026-04-27 19:45:00+00:00,567
2026-04-27 20:00:00+00:00,567
2026-04-27 20:15:00+00:00,567
2026-04-27 20:30:00+00:00,567
2026-04-27 20:45:00+00:00,567
2026-04-27 21:00:00+00:00,568
2026-04-27 21:15:00+00:00,568
2026-04-27 21:30:00+00:00,568
2026-04-27 21:45:00+00:00,569
2026-04-27 22:00:00+00:00,569
2026-04-27 22:15:00+00:00,569
2026-04-27 22:30:00+00:00,570
2026-04-27 22:45:00+00:00,570
2026-04-27 23:00:00+00:00,570
2026-04-27 23:15:00+00:00,571
2026-04-27 23:30:00+00:00,571
2026-04-27 23:45:00+00:00,571
2026-04-28 00:00:00+00:00,572
2026-04-28 00:15:00+00:00,572
2026-04-28 00:30:00+00:00,573
2026-04-28 00:45:00+00:00,573
2026-04-28 01:00:00+00:00,574
2026-04-28 01:15:00+00:00,574
2026-04-28 01:30:00+00:00,574
2026-04-28 01:45:00+00:00,575
2026-04-28 02:00:00+00:00,576
2026-04-28 02:15:00+00:00,576
2026-04-28 02:30:00+00:00,577
2026-04-28 02:45:00+00:00,577
2026-04-28 03:00:00+00:00,578
2026-04-28 03:15:00+00:00,578
2026-04-28 03:30:00+00:00,578
2026-04-28 03:45:00+00:00,579
2026-04-28 04:00:00+00:00,579
2026-04-28 04:15:00+00:00,579
2026-04-28 04:30:00+00:00,579
2026-04-28 04:45:00+00:00,579
2026-04-28 05:00:00+00:00,580
2026-04-28 05:15:00+00:00,580
2026-04-28 05:30:00+00:00,580
2026-04-28 05:45:00+00:00,580
2026-04-28 06:00:00+00:00,579
2026-04-28 06:15:00+00:00,579
2026-04-28 06:30:00+00:00,579
2026-04-28 06:45:00+00:00,579
2026-04-28 07:00:00+00:00,579
2026-04-28 07:15:00+00:00,579
2026-04-28 07:30:00+00:00,578
2026-04-28 07:45:00+00:00,579
2026-04-28 08:00:00+00:00,579
2026-04-28 08:15:00+00:00,579
2026-04-28 08:30:00+00:00,579
2026-04-28 08:45:00+00:00,579
2026-04-28 09:00:00+00:00,579
2026-04-28 09:15:00+00:00,579
2026-04-28 09:30:00+00:00,579
2026-04-28 09:45:00+00:00,578
2026-04-28 10:00:00+00:00,577
2026-04-28 10:15:00+00:00,577
2026-04-28 10:30:00+00:00,576
2026-04-28 10:45:00+00:00,576
2026-04-28 11:00:00+00:00,577
2026-04-28 11:15:00+00:00,577
2026-04-28 11:30:00+00:00,577
2026-04-28 11:45:00+00:00,577
2026-04-28 12:00:00+00:00,578
2026-04-28 12:15:00+00:00,578
2026-04-28 12:30:00+00:00,579
2026-04-28 12:45:00+00:00,579
2026-04-28 13:00:00+00:00,579
2026-04-28 13:15:00+00:00,580
2026-04-28 13:30:00+00:00,580
2026-04-28 13:45:00+00:00,580
2026-04-28 14:00:00+00:00,580
2026-04-28 14:15:00+00:00,580
2026-04-28 14:30:00+00:00,580
2026-04-28 14:45:00+00:00,580
2026-04-28 15:00:00+00:00,580
2026-04-28 15:15:00+00:00,580
2026-04-28 15:30:00+00:00,580
2026-04-28 15:45:00+00:00,580
2026-04-28 16:00:00+00:00,580
2026-04-28 16:15:00+00:00,580
2026-04-28 16:30:00+00:00,580
2026-04-28 16:45:00+00:00,580
2026-04-28 17:00:00+00:00,580
2026-04-28 17:15:00+00:00,580
2026-04-28 17:30:00+00:00,580
2026-04-28 17:45:00+00:00,579
2026-04-28 18:00:00+00:00,579
2026-04-28 18:15:00+00:00,579
2026-04-28 18:30:00+00:00,579
2026-04-28 18:45:00+00:00,579
2026-04-28 19:00:00+00:00,579
2026-04-28 19:15:00+00:00,579
2026-04-28 19:30:00+00:00,580
2026-04-28 19:45:00+00:00,580
2026-04-28 20:00:00+00:00,580
2026-04-28 20:15:00+00:00,580
2026-04-28 20:30:00+00:00,580
2026-04-28 20:45:00+00:00,581
2026-04-28 21:00:00+00:00,581
2026-04-28 21:15:00+00:00,582
2026-04-28 21:30:00+00:00,583
2026-04-28 21:45:00+00:00,584
2026-04-28 22:00:00+00:00,585
2026-04-28 22:15:00+00:00,585
2026-04-28 22:30:00+00:00,586
2026-04-28 22:45:00+00:00,586
2026-04-28 23:00:00+00:00,585
2026-04-28 23:15:00+00:00,585
2026-04-28 23:30:00+00:00,584
2026-04-28 23:45:00+00:00,584
2026-04-29 00:00:00+00:00,584
2026-04-29 00:15:00+00:00,584
2026-04-29 00:30:00+00:00,584
2026-04-29 00:45:00+00:00,584
2026-04-29 01:00:00+00:00,584
2026-04-29 01:15:00+00:00,585
2026-04-29 01:30:00+00:00,585
2026-04-29 01:45:00+00:00,586
2026-04-29 02:00:00+00:00,586
2026-04-29 02:15:00+00:00,586
2026-04-29 02:30:00+00:00,586
2026-04-29 02:45:00+00:00,586
2026-04-29 03:00:00+00:00,586
2026-04-29 03:15:00+00:00,586
2026-04-29 03:30:00+00:00,586
2026-04-29 03:45:00+00:00,586
2026-04-29 04:00:00+00:00,586
2026-04-29 04:15:00+00:00,587
2026-04-29 04:30:00+00:00,587
2026-04-29 04:45:00+00:00,587
2026-04-29 05:00:00+00:00,588
2026-04-29 05:15:00+00:00,588
2026-04-29 05:30:00+00:00,588
2026-04-29 05:45:00+00:00,588
2026-04-29 06:00:00+00:00,588
2026-04-29 06:15:00+00:00,589
2026-04-29 06:30:00+00:00,589
2026-04-29 06:45:00+00:00,589
2026-04-29 07:00:00+00:00,589
2026-04-29 07:15:00+00:00,590
2026-04-29 07:30:00+00:00,590
2026-04-29 07:45:00+00:00,590
2026-04-29 08:00:00+00:00,590
2026-04-29 08:15:00+00:00,590
2026-04-29 08:30:00+00:00,591
2026-04-29 08:45:00+00:00,591
2026-04-29 09:00:00+00:00,591
2026-04-29 09:15:00+00:00,591
2026-04-29 09:30:00+00:00,592
2026-04-29 09:45:00+00:00,592
2026-04-29 10:00:00+00:00,593
2026-04-29 10:15:00+00:00,593
2026-04-29 10:30:00+00:00,594
2026-04-29 10:45:00+00:00,595
2026-04-29 11:00:00+00:00,596
2026-04-29 11:15:00+00:00,596
2026-04-29 11:30:00+00:00,597
2026-04-29 11:45:00+00:00,597
2026-04-29 12:00:00+00:00,598
2026-04-29 12:15:00+00:00,598
2026-04-29 12:30:00+00:00,598
2026-04-29 12:45:00+00:00,598
2026-04-29 13:00:00+00:00,598
2026-04-29 13:15:00+00:00,599
2026-04-29 13:30:00+00:00,599
2026-04-29 13:45:00+00:00,599
2026-04-29 14:00:00+00:00,599
2026-04-29 14:15:00+00:00,599
2026-04-29 14:30:00+00:00,599
2026-04-29 14:45:00+00:00,599
2026-04-29 15:00:00+00:00,599
2026-04-29 15:15:00+00:00,599
2026-04-29 15:30:00+00:00,599
2026-04-29 15:45:00+00:00,599
2026-04-29 16:00:00+00:00,599
2026-04-29 16:15:00+00:00,600
2026-04-29 16:30:00+00:00,600
2026-04-29 16:45:00+00:00,600
2026-04-29 17:00:00+00:00,600
2026-04-29 17:15:00+00:00,600
2026-04-29 17:30:00+00:00,600
2026-04-29 17:45:00+00:00,601
2026-04-29 18:00:00+00:00,601
2026-04-29 18:15:00+00:00,601
2026-04-29 18:30:00+00:00,601
2026-04-29 18:45:00+00:00,601
2026-04-29 19:00:00+00:00,602
2026-04-29 19:15:00+00:00,602
2026-04-29 19:30:00+00:00,602
2026-04-29 19:45:00+00:00,602
2026-04-29 20:00:00+00:00,602
2026-04-29 20:15:00+00:00,603
2026-04-29 20:30:00+00:00,603
2026-04-29 20:45:00+00:00,603
2026-04-29 21:00:00+00:00,603
2026-04-29 21:15:00+00:00,603
2026-04-29 21:30:00+00:00,604
2026-04-29 21:45:00+00:00,604
2026-04-29 22:00:00+00:00,604
2026-04-29 22:15:00+00:00,605
2026-04-29 22:30:00+00:00,606
2026-04-29 22:45:00+00:00,606
2026-04-29 23:00:00+00:00,607
2026-04-29 23:15:00+00:00,607
2026-04-29 23:30:00+00:00,607
2026-04-29 23:45:00+00:00,608
2026-04-30 00:00:00+00:00,608
2026-04-30 00:15:00+00:00,609
2026-04-30 00:30:00+00:00,609
2026-04-30 00:45:00+00:00,609
2026-04-30 01:00:00+00:00,609
2026-04-30 01:15:00+00:00,609
2026-04-30 01:30:00+00:00,609
2026-04-30 01:45:00+00:00,609
2026-04-30 02:00:00+00:00,609
2026-04-30 02:15:00+00:00,609
2026-04-30 02:30:00+00:00,608
2026-04-30 02:45:00+00:00,608
2026-04-30 03:00:00+00:00,608
2026-04-30 03:15:00+00:00,608
2026-04-30 03:30:00+00:00,607
2026-04-30 03:45:00+00:00,607
2026-04-30 04:00:00+00:00,607
2026-04-30 04:15:00+00:00,607
2026-04-30 04:30:00+00:00,607
2026-04-30 04:45:00+00:00,607
2026-04-30 05:00:00+00:00,606
2026-04-30 05:15:00+00:00,606
2026-04-30 05:30:00+00:00,606
2026-04-30 05:45:00+00:00,606
2026-04-30 06:00:00+00:00,606
2026-04-30 06:15:00+00:00,606
2026-04-30 06:30:00+00:00,606
2026-04-30 06:45:00+00:00,606
2026-04-30 07:00:00+00:00,606
2026-04-30 07:15:00+00:00,606
2026-04-30 07:30:00+00:00,606
2026-04-30 07:45:00+00:00,606
2026-04-30 08:00:00+00:00,606
2026-04-30 08:15:00+00:00,606
2026-04-30 08:30:00+00:00,606
2026-04-30 08:45:00+00:00,606
2026-04-30 09:00:00+00:00,605
2026-04-30 09:15:00+00:00,605
2026-04-30 09:30:00+00:00,605
2026-04-30 09:45:00+00:00,604
2026-04-30 10:00:00+00:00,604
2026-04-30 10:15:00+00:00,604
2026-04-30 10:30:00+00:00,604
2026-04-30 10:45:00+00:00,604
2026-04-30 11:00:00+00:00,604
2026-04-30 11:15:00+00:00,604
2026-04-30 11:30:00+00:00,604
2026-04-30 11:45:00+00:00,604
2026-04-30 12:00:00+00:00,604
2026-04-30 12:15:00+00:00,603
2026-04-30 12:30:00+00:00,603
2026-04-30 12:45:00+00:00,603
2026-04-30 13:00:00+00:00,602
2026-04-30 13:15:00+00:00,602
2026-04-30 13:30:00+00:00,602
2026-04-30 13:45:00+00:00,601
2026-04-30 14:00:00+00:00,601
2026-04-30 14:15:00+00:00,601
2026-04-30 14:30:00+00:00,600
2026-04-30 14:45:00+00:00,600
2026-04-30 15:00:00+00:00,600
2026-04-30 15:15:00+00:00,600
2026-04-30 15:30:00+00:00,600
2026-04-30 15:45:00+00:00,599
2026-04-30 16:00:00+00:00,599
2026-04-30 16:15:00+00:00,599
2026-04-30 16:30:00+00:00,599
2026-04-30 16:45:00+00:00,599
2026-04-30 17:00:00+00:00,599
2026-04-30 17:15:00+00:00,599
2026-04-30 17:30:00+00:00,599
2026-04-30 17:45:00+00:00,599
2026-04-30 18:00:00+00:00,599
2026-04-30 18:15:00+00:00,599
2026-04-30 18:30:00+00:00,600
2026-04-30 18:45:00+00:00,600
2026-04-30 19:00:00+00:00,600
2026-04-30 19:15:00+00:00,600
2026-04-30 19:30:00+00:00,600
2026-04-30 19:45:00+00:00,601
2026-04-30 20:00:00+00:00,601
2026-04-30 20:15:00+00:00,602
2026-04-30 20:30:00+00:00,602
2026-04-30 20:45:00+00:00,602
2026-04-30 21:00:00+00:00,602
2026-04-30 21:15:00+00:00,603
2026-04-30 21:30:00+00:00,603
2026-04-30 21:45:00+00:00,604
2026-04-30 22:00:00+00:00,604
2026-04-30 22:15:00+00:00,605
2026-04-30 22:30:00+00:00,605
2026-04-30 22:45:00+00:00,606
2026-04-30 23:00:00+00:00,606
2026-04-30 23:15:00+00:00,607
2026-04-30 23:30:00+00:00,607
2026-04-30 23:45:00+00:00,607
2026-05-01 00:00:00+00:00,608
2026-05-01 00:15:00+00:00,608
2026-05-01 00:30:00+00:00,608
2026-05-01 00:45:00+00:00,608
2026-05-01 01:00:00+00:00,609
2026-05-01 01:15:00+00:00,608
2026-05-01 01:30:00+00:00,608
2026-05-01 01:45:00+00:00,608
2026-05-01 02:00:00+00:00,609
2026-05-01 02:15:00+00:00,609
2026-05-01 02:30:00+00:00,609
2026-05-01 02:45:00+00:00,609
2026-05-01 03:00:00+00:00,609
2026-05-01 03:15:00+00:00,609
2026-05-01 03:30:00+00:00,609
2026-05-01 03:45:00+00:00,609
2026-05-01 04:00:00+00:00,610
2026-05-01 04:15:00+00:00,610
2026-05-01 04:30:00+00:00,610
2026-05-01 04:45:00+00:00,610
2026-05-01 05:00:00+00:00,610
2026-05-01 05:15:00+00:00,610
2026-05-01 05:30:00+00:00,610
2026-05-01 05:45:00+00:00,611
2026-05-01 06:00:00+00:00,611
2026-05-01 06:15:00+00:00,611
2026-05-01 06:30:00+00:00,611
2026-05-01 06:45:00+00:00,611
2026-05-01 07:00:00+00:00,611
2026-05-01 07:15:00+00:00,611
2026-05-01 07:30:00+00:00,611
2026-05-01 07:45:00+00:00,611
2026-05-01 08:00:00+00:00,611
2026-05-01 08:15:00+00:00,611
2026-05-01 08:30:00+00:00,611
2026-05-01 08:45:00+00:00,611
2026-05-01 09:00:00+00:00,611
2026-05-01 09:15:00+00:00,611
2026-05-01 09:30:00+00:00,611
2026-05-01 09:45:00+00:00,612
2026-05-01 10:00:00+00:00,612
2026-05-01 10:15:00+00:00,612
2026-05-01 10:30:00+00:00,613
2026-05-01 10:45:00+00:00,613
2026-05-01 11:00:00+00:00,614
2026-05-01 11:15:00+00:00,614
2026-05-01 11:30:00+00:00,614
2026-05-01 11:45:00+00:00,614
2026-05-01 12:00:00+00:00,615
2026-05-01 12:15:00+00:00,615
2026-05-01 12:30:00+00:00,615
2026-05-01 12:45:00+00:00,615
2026-05-01 13:00:00+00:00,615
2026-05-01 13:15:00+00:00,614
2026-05-01 13:30:00+00:00,614
2026-05-01 13:45:00+00:00,614
2026-05-01 14:00:00+00:00,614
2026-05-01 14:15:00+00:00,613
2026-05-01 14:30:00+00:00,613
2026-05-01 14:45:00+00:00,613
2026-05-01 15:00:00+00:00,612
2026-05-01 15:15:00+00:00,612
2026-05-01 15:30:00+00:00,611
2026-05-01 15:45:00+00:00,611
2026-05-01 16:00:00+00:00,610
2026-05-01 16:15:00+00:00,610
2026-05-01 16:30:00+00:00,610
2026-05-01 16:45:00+00:00,609
2026-05-01 17:00:00+00:00,609
2026-05-01 17:15:00+00:00,608
2026-05-01 17:30:00+00:00,608
2026-05-01 17:45:00+00:00,608
2026-05-01 18:00:00+00:00,608
2026-05-01 18:15:00+00:00,608
2026-05-01 18:30:00+00:00,608
2026-05-01 18:45:00+00:00,608
2026-05-01 19:00:00+00:00,608
2026-05-01 19:15:00+00:00,608
2026-05-01 19:30:00+00:00,608
2026-05-01 19:45:00+00:00,608
2026-05-01 20:00:00+00:00,608
2026-05-01 20:15:00+00:00,609
2026-05-01 20:30:00+00:00,609
2026-05-01 20:45:00+00:00,609
2026-05-01 21:00:00+00:00,610
2026-05-01 21:15:00+00:00,610
2026-05-01 21:30:00+00:00,611
2026-05-01 21:45:00+00:00,611
2026-05-01 22:00:00+00:00,611
2026-05-01 22:15:00+00:00,611
2026-05-01 22:30:00+00:00,612
2026-05-01 22:45:00+00:00,612
2026-05-01 23:00:00+00:00,612
2026-05-01 23:15:00+00:00,613
2026-05-01 23:30:00+00:00,613
2026-05-01 23:45:00+00:00,613
2026-05-02 00:00:00+00:00,613
2026-05-02 00:15:00+00:00,613
2026-05-02 00:30:00+00:00,613
2026-05-02 00:45:00+00:00,613
2026-05-02 01:00:00+00:00,613
2026-05-02 01:15:00+00:00,613
2026-05-02 01:30:00+00:00,613
2026-05-02 01:45:00+00:00,612
2026-05-02 02:00:00+00:00,612
2026-05-02 02:15:00+00:00,611
2026-05-02 02:30:00+00:00,611
2026-05-02 02:45:00+00:00,611
2026-05-02 03:00:00+00:00,610
2026-05-02 03:15:00+00:00,609
2026-05-02 03:30:00+00:00,609
2026-05-02 03:45:00+00:00,608
2026-05-02 04:00:00+00:00,608
2026-05-02 04:15:00+00:00,607
2026-05-02 04:30:00+00:00,607
2026-05-02 04:45:00+00:00,606
2026-05-02 05:00:00+00:00,606
2026-05-02 05:15:00+00:00,605
2026-05-02 05:30:00+00:00,605
2026-05-02 05:45:00+00:00,605
2026-05-02 06:00:00+00:00,605
2026-05-02 06:15:00+00:00,605
2026-05-02 06:30:00+00:00,605
2026-05-02 06:45:00+00:00,605
2026-05-02 07:00:00+00:00,605
2026-05-02 07:15:00+00:00,605
2026-05-02 07:30:00+00:00,605
2026-05-02 07:45:00+00:00,605
2026-05-02 08:00:00+00:00,606
2026-05-02 08:15:00+00:00,606
2026-05-02 08:30:00+00:00,606
2026-05-02 08:45:00+00:00,607
2026-05-02 09:00:00+00:00,607
2026-05-02 09:15:00+00:00,608
2026-05-02 09:30:00+00:00,608
2026-05-02 09:45:00+00:00,608
2026-05-02 10:00:00+00:00,609
2026-05-02 10:15:00+00:00,609
2026-05-02 10:30:00+00:00,609
2026-05-02 10:45:00+00:00,610
2026-05-02 11:00:00+00:00,610
2026-05-02 11:15:00+00:00,610
2026-05-02 11:30:00+00:00,611
2026-05-02 11:45:00+00:00,611
2026-05-02 12:00:00+00:00,611
2026-05-02 12:15:00+00:00,612
2026-05-02 12:30:00+00:00,612
2026-05-02 12:45:00+00:00,612
2026-05-02 13:00:00+00:00,612
2026-05-02 13:15:00+00:00,613
2026-05-02 13:30:00+00:00,613
2026-05-02 13:45:00+00:00,613
2026-05-02 14:00:00+00:00,613
2026-05-02 14:15:00+00:00,613
2026-05-02 14:30:00+00:00,613
2026-05-02 14:45:00+00:00,612
2026-05-02 15:00:00+00:00,612
2026-05-02 15:15:00+00:00,612
2026-05-02 15:30:00+00:00,612
2026-05-02 15:45:00+00:00,612
2026-05-02 16:00:00+00:00,612
2026-05-02 16:15:00+00:00,612
2026-05-02 16:30:00+00:00,612
2026-05-02 16:45:00+00:00,612
2026-05-02 17:00:00+00:00,612
2026-05-02 17:15:00+00:00,611
2026-05-02 17:30:00+00:00,611
2026-05-02 17:45:00+00:00,611
2026-05-02 18:00:00+00:00,611
2026-05-02 18:15:00+00:00,611
2026-05-02 18:30:00+00:00,611
2026-05-02 18:45:00+00:00,612
2026-05-02 19:00:00+00:00,612
2026-05-02 19:15:00+00:00,612
2026-05-02 19:30:00+00:00,613
2026-05-02 19:45:00+00:00,613
2026-05-02 20:00:00+00:00,613
2026-05-02 20:15:00+00:00,614
2026-05-02 20:30:00+00:00,614
2026-05-02 20:45:00+00:00,615
2026-05-02 21:00:00+00:00,615
2026-05-02 21:15:00+00:00,616
2026-05-02 21:30:00+00:00,616
2026-05-02 21:45:00+00:00,617
2026-05-02 22:00:00+00:00,617
2026-05-02 22:15:00+00:00,617
2026-05-02 22:30:00+00:00,618
2026-05-02 22:45:00+00:00,618
2026-05-02 23:00:00+00:00,619
2026-05-02 23:15:00+00:00,619
2026-05-02 23:30:00+00:00,619
2026-05-02 23:45:00+00:00,619
2026-05-03 00:00:00+00:00,620
2026-05-03 00:15:00+00:00,620
2026-05-03 00:30:00+00:00,620
2026-05-03 00:45:00+00:00,620
2026-05-03 01:00:00+00:00,620
2026-05-03 01:15:00+00:00,620
2026-05-03 01:30:00+00:00,620
2026-05-03 01:45:00+00:00,620
2026-05-03 02:00:00+00:00,620
2026-05-03 02:15:00+00:00,620
2026-05-03 02:30:00+00:00,619
2026-05-03 02:45:00+00:00,619
2026-05-03 03:00:00+00:00,619
2026-05-03 03:15:00+00:00,618
2026-05-03 03:30:00+00:00,618
2026-05-03 03:45:00+00:00,618
2026-05-03 04:00:00+00:00,617
2026-05-03 04:15:00+00:00,617
2026-05-03 04:30:00+00:00,617
2026-05-03 04:45:00+00:00,617
2026-05-03 05:00:00+00:00,616
2026-05-03 05:15:00+00:00,616
2026-05-03 05:30:00+00:00,616
2026-05-03 05:45:00+00:00,616
2026-05-03 06:00:00+00:00,616
2026-05-03 06:15:00+00:00,616
2026-05-03 06:30:00+00:00,616
2026-05-03 06:45:00+00:00,616
2026-05-03 07:00:00+00:00,617
2026-05-03 07:15:00+00:00,617
2026-05-03 07:30:00+00:00,617
2026-05-03 07:45:00+00:00,617
2026-05-03 08:00:00+00:00,617
2026-05-03 08:15:00+00:00,618
2026-05-03 08:30:00+00:00,618
2026-05-03 08:45:00+00:00,618
2026-05-03 09:00:00+00:00,618
2026-05-03 09:15:00+00:00,618
2026-05-03 09:30:00+00:00,619
2026-05-03 09:45:00+00:00,619
2026-05-03 10:00:00+00:00,619
2026-05-03 10:15:00+00:00,620
2026-05-03 10:30:00+00:00,620
2026-05-03 10:45:00+00:00,620
2026-05-03 11:00:00+00:00,620
2026-05-03 11:15:00+00:00,621
2026-05-03 11:30:00+00:00,621
2026-05-03 11:45:00+00:00,622
2026-05-03 12:00:00+00:00,622
2026-05-03 12:15:00+00:00,622
2026-05-03 12:30:00+00:00,623
2026-05-03 12:45:00+00:00,623
2026-05-03 13:00:00+00:00,623
2026-05-03 13:15:00+00:00,623
2026-05-03 13:30:00+00:00,623
2026-05-03 13:45:00+00:00,623
2026-05-03 14:00:00+00:00,623
2026-05-03 14:15:00+00:00,624
2026-05-03 14:30:00+00:00,624
2026-05-03 14:45:00+00:00,624
2026-05-03 15:00:00+00:00,623
2026-05-03 15:15:00+00:00,623
2026-05-03 15:30:00+00:00,623
2026-05-03 15:45:00+00:00,623
2026-05-03 16:00:00+00:00,623
2026-05-03 16:15:00+00:00,623
2026-05-03 16:30:00+00:00,622
2026-05-03 16:45:00+00:00,622
2026-05-03 17:00:00+00:00,622
2026-05-03 17:15:00+00:00,622
2026-05-03 17:30:00+00:00,622
2026-05-03 17:45:00+00:00,622
2026-05-03 18:00:00+00:00,622
2026-05-03 18:15:00+00:00,622
2026-05-03 18:30:00+00:00,622
2026-05-03 18:45:00+00:00,622
2026-05-03 19:00:00+00:00,622
2026-05-03 19:15:00+00:00,622
2026-05-03 19:30:00+00:00,622
2026-05-03 19:45:00+00:00,621
2026-05-03 20:00:00+00:00,621
2026-05-03 20:15:00+00:00,621
2026-05-03 20:30:00+00:00,621
2026-05-03 20:45:00+00:00,621
2026-05-03 21:00:00+00:00,622
2026-05-03 21:15:00+00:00,622
2026-05-03 21:30:00+00:00,622
2026-05-03 21:45:00+00:00,622
2026-05-03 22:00:00+00:00,622
2026-05-03 22:15:00+00:00,623
2026-05-03 22:30:00+00:00,623
2026-05-03 22:45:00+00:00,623
2026-05-03 23:00:00+00:00,623
2026-05-03 23:15:00+00:00,624
2026-05-03 23:30:00+00:00,624
2026-05-03 23:45:00+00:00,624
2026-05-04 00:00:00+00:00,624
2026-05-04 00:15:00+00:00,624
2026-05-04 00:30:00+00:00,624
2026-05-04 00:45:00+00:00,624
2026-05-04 01:00:00+00:00,624
2026-05-04 01:15:00+00:00,624
2026-05-04 01:30:00+00:00,624
2026-05-04 01:45:00+00:00,624
2026-05-04 02:00:00+00:00,623
2026-05-04 02:15:00+00:00,623
2026-05-04 02:30:00+00:00,622
2026-05-04 02:45:00+00:00,622
2026-05-04 03:00:00+00:00,621
2026-05-04 03:15:00+00:00,621
2026-05-04 03:30:00+00:00,621
2026-05-04 03:45:00+00:00,620
2026-05-04 04:00:00+00:00,620
2026-05-04 04:15:00+00:00,620
2026-05-04 04:30:00+00:00,620
2026-05-04 04:45:00+00:00,619
2026-05-04 05:00:00+00:00,619
2026-05-04 05:15:00+00:00,618
2026-05-04 05:30:00+00:00,618
2026-05-04 05:45:00+00:00,617
2026-05-04 06:00:00+00:00,616
2026-05-04 06:15:00+00:00,615
2026-05-04 06:30:00+00:00,615
2026-05-04 06:45:00+00:00,614
2026-05-04 07:00:00+00:00,614
2026-05-04 07:15:00+00:00,613
2026-05-04 07:30:00+00:00,613
2026-05-04 07:45:00+00:00,613
2026-05-04 08:00:00+00:00,612
2026-05-04 08:15:00+00:00,612
2026-05-04 08:30:00+00:00,612
2026-05-04 08:45:00+00:00,612
2026-05-04 09:00:00+00:00,611
2026-05-04 09:15:00+00:00,611
2026-05-04 09:30:00+00:00,612
2026-05-04 09:45:00+00:00,612
2026-05-04 10:00:00+00:00,612
2026-05-04 10:15:00+00:00,613
2026-05-04 10:30:00+00:00,613
2026-05-04 10:45:00+00:00,614
2026-05-04 11:00:00+00:00,615
2026-05-04 11:15:00+00:00,615
2026-05-04 11:30:00+00:00,616
2026-05-04 11:45:00+00:00,617
2026-05-04 12:00:00+00:00,617
2026-05-04 12:15:00+00:00,618
2026-05-04 12:30:00+00:00,618
2026-05-04 12:45:00+00:00,619
2026-05-04 13:00:00+00:00,619
2026-05-04 13:15:00+00:00,619
2026-05-04 13:30:00+00:00,619
2026-05-04 13:45:00+00:00,620
2026-05-04 14:00:00+00:00,620
2026-05-04 14:15:00+00:00,619
2026-05-04 14:30:00+00:00,619
2026-05-04 14:45:00+00:00,619
2026-05-04 15:00:00+00:00,619
2026-05-04 15:15:00+00:00,619
2026-05-04 15:30:00+00:00,619
2026-05-04 15:45:00+00:00,619
2026-05-04 16:00:00+00:00,619
2026-05-04 16:15:00+00:00,619
2026-05-04 16:30:00+00:00,618
2026-05-04 16:45:00+00:00,618
2026-05-04 17:00:00+00:00,618
2026-05-04 17:15:00+00:00,618
2026-05-04 17:30:00+00:00,618
2026-05-04 17:45:00+00:00,618
2026-05-04 18:00:00+00:00,618
2026-05-04 18:15:00+00:00,618
2026-05-04 18:30:00+00:00,614
2026-05-04 18:45:00+00:00,616
2026-05-04 19:00:00+00:00,617
2026-05-04 19:15:00+00:00,618
2026-05-04 19:30:00+00:00,619
2026-05-04 19:45:00+00:00,618
2026-05-04 20:00:00+00:00,619
2026-05-04 20:15:00+00:00,619
2026-05-04 20:30:00+00:00,620
2026-05-04 20:45:00+00:00,621
2026-05-04 21:00:00+00:00,621
2026-05-04 21:15:00+00:00,622
2026-05-04 21:30:00+00:00,623
2026-05-04 21:45:00+00:00,623
2026-05-04 22:00:00+00:00,624
2026-05-04 22:15:00+00:00,625
2026-05-04 22:30:00+00:00,625
2026-05-04 22:45:00+00:00,626
2026-05-04 23:00:00+00:00,626
2026-05-04 23:15:00+00:00,627
2026-05-04 23:30:00+00:00,627
2026-05-04 23:45:00+00:00,628
2026-05-05 00:00:00+00:00,628
2026-05-05 00:15:00+00:00,628
2026-05-05 00:30:00+00:00,628
2026-05-05 00:45:00+00:00,628
2026-05-05 01:00:00+00:00,628
2026-05-05 01:15:00+00:00,628
2026-05-05 01:30:00+00:00,628
2026-05-05 01:45:00+00:00,628
2026-05-05 02:00:00+00:00,627
2026-05-05 02:15:00+00:00,627
2026-05-05 02:30:00+00:00,626
2026-05-05 02:45:00+00:00,624
2026-05-05 03:00:00+00:00,624
2026-05-05 03:15:00+00:00,623
2026-05-05 03:30:00+00:00,622
2026-05-05 03:45:00+00:00,621
2026-05-05 04:00:00+00:00,620
2026-05-05 04:15:00+00:00,619
2026-05-05 04:30:00+00:00,618
2026-05-05 04:45:00+00:00,617
2026-05-05 05:00:00+00:00,617
2026-05-05 05:15:00+00:00,616
2026-05-05 05:30:00+00:00,616
2026-05-05 05:45:00+00:00,615
2026-05-05 06:00:00+00:00,614
2026-05-05 06:15:00+00:00,614
2026-05-05 06:30:00+00:00,614
2026-05-05 06:45:00+00:00,614
2026-05-05 07:00:00+00:00,614
2026-05-05 07:15:00+00:00,614
2026-05-05 07:30:00+00:00,614
2026-05-05 07:45:00+00:00,613
2026-05-05 08:00:00+00:00,612
2026-05-05 08:15:00+00:00,612
2026-05-05 08:30:00+00:00,612
2026-05-05 08:45:00+00:00,612
2026-05-05 09:00:00+00:00,611
2026-05-05 09:15:00+00:00,611
2026-05-05 09:30:00+00:00,611
2026-05-05 09:45:00+00:00,611
2026-05-05 10:00:00+00:00,612
2026-05-05 10:15:00+00:00,612
2026-05-05 10:30:00+00:00,612
2026-05-05 10:45:00+00:00,612
2026-05-05 11:00:00+00:00,612
2026-05-05 11:15:00+00:00,612
2026-05-05 11:30:00+00:00,611
2026-05-05 11:45:00+00:00,611
2026-05-05 12:00:00+00:00,611
2026-05-05 12:15:00+00:00,611
2026-05-05 12:30:00+00:00,611
2026-05-05 12:45:00+00:00,611
2026-05-05 13:00:00+00:00,611
2026-05-05 13:15:00+00:00,611
2026-05-05 13:30:00+00:00,611
2026-05-05 13:45:00+00:00,611
2026-05-05 14:00:00+00:00,611
2026-05-05 14:15:00+00:00,611
2026-05-05 14:30:00+00:00,611
2026-05-05 14:45:00+00:00,611
2026-05-05 15:00:00+00:00,611
2026-05-05 15:15:00+00:00,611
2026-05-05 15:30:00+00:00,611
2026-05-05 15:45:00+00:00,611
2026-05-05 16:00:00+00:00,611
2026-05-05 16:15:00+00:00,612
2026-05-05 16:30:00+00:00,612
2026-05-05 16:45:00+00:00,612
2026-05-05 17:00:00+00:00,612
2026-05-05 17:15:00+00:00,611
2026-05-05 17:30:00+00:00,611
2026-05-05 17:45:00+00:00,611
2026-05-05 18:00:00+00:00,611
2026-05-05 18:15:00+00:00,611
2026-05-05 18:30:00+00:00,611
2026-05-05 18:45:00+00:00,612
2026-05-05 19:00:00+00:00,612
2026-05-05 19:15:00+00:00,612
2026-05-05 19:30:00+00:00,612
2026-05-05 19:45:00+00:00,613
2026-05-05 20:00:00+00:00,613
2026-05-05 20:15:00+00:00,614
2026-05-05 20:30:00+00:00,614
2026-05-05 20:45:00+00:00,615
2026-05-05 21:00:00+00:00,616
2026-05-05 21:15:00+00:00,616
2026-05-05 21:30:00+00:00,616
2026-05-05 21:45:00+00:00,617
2026-05-05 22:00:00+00:00,617
2026-05-05 22:15:00+00:00,618
2026-05-05 22:30:00+00:00,618
2026-05-05 22:45:00+00:00,618
2026-05-05 23:00:00+00:00,619
2026-05-05 23:15:00+00:00,619
2026-05-05 23:30:00+00:00,619
2026-05-05 23:45:00+00:00,619
2026-05-06 00:00:00+00:00,620
2026-05-06 00:15:00+00:00,620
2026-05-06 00:30:00+00:00,620
2026-05-06 00:45:00+00:00,621
2026-05-06 01:00:00+00:00,621
2026-05-06 01:15:00+00:00,621
2026-05-06 01:30:00+00:00,621
2026-05-06 01:45:00+00:00,622
2026-05-06 02:00:00+00:00,622
2026-05-06 02:15:00+00:00,622
2026-05-06 02:30:00+00:00,622
2026-05-06 02:45:00+00:00,622
2026-05-06 03:00:00+00:00,621
2026-05-06 03:15:00+00:00,621
2026-05-06 03:30:00+00:00,621
2026-05-06 03:45:00+00:00,621
2026-05-06 04:00:00+00:00,621
2026-05-06 04:15:00+00:00,622
2026-05-06 04:30:00+00:00,621
2026-05-06 04:45:00+00:00,621
2026-05-06 05:00:00+00:00,621
2026-05-06 05:15:00+00:00,621
2026-05-06 05:30:00+00:00,620
2026-05-06 05:45:00+00:00,620
2026-05-06 06:00:00+00:00,619
2026-05-06 06:15:00+00:00,619
2026-05-06 06:30:00+00:00,618
2026-05-06 06:45:00+00:00,617
2026-05-06 07:00:00+00:00,616
2026-05-06 07:15:00+00:00,615
2026-05-06 07:30:00+00:00,614
2026-05-06 07:45:00+00:00,613
2026-05-06 08:00:00+00:00,612
2026-05-06 08:15:00+00:00,611
2026-05-06 08:30:00+00:00,610
2026-05-06 08:45:00+00:00,609
2026-05-06 09:00:00+00:00,608
2026-05-06 09:15:00+00:00,608
2026-05-06 09:30:00+00:00,607
2026-05-06 09:45:00+00:00,606
2026-05-06 10:00:00+00:00,606
2026-05-06 10:15:00+00:00,606
2026-05-06 10:30:00+00:00,606
2026-05-06 10:45:00+00:00,607
2026-05-06 11:00:00+00:00,607
2026-05-06 11:15:00+00:00,607
2026-05-06 11:30:00+00:00,607
2026-05-06 11:45:00+00:00,607
2026-05-06 12:00:00+00:00,607
2026-05-06 12:15:00+00:00,607
2026-05-06 12:30:00+00:00,607
2026-05-06 12:45:00+00:00,606
2026-05-06 13:00:00+00:00,606
2026-05-06 13:15:00+00:00,606
2026-05-06 13:30:00+00:00,605
2026-05-06 13:45:00+00:00,605
2026-05-06 14:00:00+00:00,605
2026-05-06 14:15:00+00:00,605
2026-05-06 14:30:00+00:00,604
2026-05-06 14:45:00+00:00,603
2026-05-06 15:00:00+00:00,603
2026-05-06 15:15:00+00:00,602
2026-05-06 15:30:00+00:00,601
2026-05-06 15:45:00+00:00,601
2026-05-06 16:00:00+00:00,600
2026-05-06 16:15:00+00:00,599
2026-05-06 16:30:00+00:00,598
2026-05-06 16:45:00+00:00,598
2026-05-06 17:00:00+00:00,597
2026-05-06 17:15:00+00:00,596
2026-05-06 17:30:00+00:00,595
2026-05-06 17:45:00+00:00,594
2026-05-06 18:00:00+00:00,594
2026-05-06 18:15:00+00:00,593
2026-05-06 18:30:00+00:00,593
2026-05-06 18:45:00+00:00,593
2026-05-06 19:00:00+00:00,593
2026-05-06 19:15:00+00:00,592
2026-05-06 19:30:00+00:00,590
2026-05-06 19:45:00+00:00,589
2026-05-06 20:00:00+00:00,589
2026-05-06 20:15:00+00:00,589
2026-05-06 20:30:00+00:00,589
2026-05-06 20:45:00+00:00,589
2026-05-06 21:00:00+00:00,589
2026-05-06 21:15:00+00:00,589
2026-05-06 21:30:00+00:00,589
2026-05-06 21:45:00+00:00,589
2026-05-06 22:00:00+00:00,589
2026-05-06 22:15:00+00:00,588
2026-05-06 22:30:00+00:00,588
2026-05-06 22:45:00+00:00,588
2026-05-06 23:00:00+00:00,588
2026-05-06 23:15:00+00:00,589
2026-05-06 23:30:00+00:00,589
2026-05-06 23:45:00+00:00,590
2026-05-07 00:00:00+00:00,590
2026-05-07 00:15:00+00:00,590
2026-05-07 00:30:00+00:00,589
2026-05-07 00:45:00+00:00,588
2026-05-07 01:00:00+00:00,587
2026-05-07 01:15:00+00:00,586
2026-05-07 01:30:00+00:00,584
2026-05-07 01:45:00+00:00,582
2026-05-07 02:00:00+00:00,580
2026-05-07 02:15:00+00:00,578
2026-05-07 02:30:00+00:00,576
2026-05-07 02:45:00+00:00,573
2026-05-07 03:00:00+00:00,570
2026-05-07 03:15:00+00:00,568
2026-05-07 03:30:00+00:00,565
2026-05-07 03:45:00+00:00,563
2026-05-07 04:00:00+00:00,561
2026-05-07 04:15:00+00:00,558
2026-05-07 04:30:00+00:00,555
2026-05-07 04:45:00+00:00,553
2026-05-07 05:00:00+00:00,550
2026-05-07 05:15:00+00:00,548
2026-05-07 05:30:00+00:00,545
2026-05-07 05:45:00+00:00,543
2026-05-07 06:00:00+00:00,541
2026-05-07 06:15:00+00:00,539
2026-05-07 06:30:00+00:00,537
2026-05-07 06:45:00+00:00,535
2026-05-07 07:00:00+00:00,534
2026-05-07 07:15:00+00:00,532
2026-05-07 07:30:00+00:00,531
2026-05-07 07:45:00+00:00,530
2026-05-07 08:00:00+00:00,529
2026-05-07 08:15:00+00:00,528
2026-05-07 08:30:00+00:00,527
2026-05-07 08:45:00+00:00,526
2026-05-07 09:00:00+00:00,525
2026-05-07 09:15:00+00:00,524
2026-05-07 09:30:00+00:00,524
2026-05-07 09:45:00+00:00,523
2026-05-07 10:00:00+00:00,523
2026-05-07 10:15:00+00:00,523
2026-05-07 10:30:00+00:00,523
2026-05-07 10:45:00+00:00,522
2026-05-07 11:00:00+00:00,522
2026-05-07 11:15:00+00:00,522
2026-05-07 11:30:00+00:00,521
2026-05-07 11:45:00+00:00,521
2026-05-07 12:00:00+00:00,521
2026-05-07 12:15:00+00:00,521
2026-05-07 12:30:00+00:00,520
2026-05-07 12:45:00+00:00,520
2026-05-07 13:00:00+00:00,520
2026-05-07 13:15:00+00:00,519
2026-05-07 13:30:00+00:00,519
2026-05-07 13:45:00+00:00,519
2026-05-07 14:00:00+00:00,519
2026-05-07 14:15:00+00:00,519
2026-05-07 14:30:00+00:00,519
2026-05-07 14:45:00+00:00,518
2026-05-07 15:00:00+00:00,518
2026-05-07 15:15:00+00:00,518
2026-05-07 15:30:00+00:00,518
2026-05-07 15:45:00+00:00,517
2026-05-07 16:00:00+00:00,517
2026-05-07 16:15:00+00:00,517
2026-05-07 16:30:00+00:00,517
2026-05-07 16:45:00+00:00,517
2026-05-07 17:00:00+00:00,517
2026-05-07 17:15:00+00:00,517
2026-05-07 17:30:00+00:00,517
2026-05-07 17:45:00+00:00,517
2026-05-07 18:00:00+00:00,517
2026-05-07 18:15:00+00:00,517
2026-05-07 18:30:00+00:00,517
2026-05-07 18:45:00+00:00,517
2026-05-07 19:00:00+00:00,517
2026-05-07 19:15:00+00:00,517
2026-05-07 19:30:00+00:00,517
2026-05-07 19:45:00+00:00,517
2026-05-07 20:00:00+00:00,517
2026-05-07 20:15:00+00:00,517
2026-05-07 20:30:00+00:00,517
2026-05-07 20:45:00+00:00,517
2026-05-07 21:00:00+00:00,517
2026-05-07 21:15:00+00:00,517
2026-05-07 21:30:00+00:00,517
2026-05-07 21:45:00+00:00,517
2026-05-07 22:00:00+00:00,518
2026-05-07 22:15:00+00:00,518
2026-05-07 22:30:00+00:00,518
2026-05-07 22:45:00+00:00,517
2026-05-07 23:00:00+00:00,518
2026-05-07 23:15:00+00:00,518
2026-05-07 23:30:00+00:00,518
2026-05-07 23:45:00+00:00,518
2026-05-08 00:00:00+00:00,518
2026-05-08 00:15:00+00:00,519
2026-05-08 00:30:00+00:00,519
2026-05-08 00:45:00+00:00,520
2026-05-08 01:00:00+00:00,520
2026-05-08 01:15:00+00:00,521
2026-05-08 01:30:00+00:00,522
2026-05-08 01:45:00+00:00,523
2026-05-08 02:00:00+00:00,524
2026-05-08 02:15:00+00:00,526
2026-05-08 02:30:00+00:00,527
2026-05-08 02:45:00+00:00,529
2026-05-08 03:00:00+00:00,530
2026-05-08 03:15:00+00:00,532
2026-05-08 03:30:00+00:00,533
2026-05-08 03:45:00+00:00,535
2026-05-08 04:00:00+00:00,536
2026-05-08 04:15:00+00:00,538
2026-05-08 04:30:00+00:00,539
2026-05-08 04:45:00+00:00,541
2026-05-08 05:00:00+00:00,542
2026-05-08 05:15:00+00:00,544
2026-05-08 05:30:00+00:00,545
2026-05-08 05:45:00+00:00,546
2026-05-08 06:00:00+00:00,547
2026-05-08 06:15:00+00:00,549
2026-05-08 06:30:00+00:00,550
2026-05-08 06:45:00+00:00,551
2026-05-08 07:00:00+00:00,552
2026-05-08 07:15:00+00:00,553
2026-05-08 07:30:00+00:00,554
2026-05-08 07:45:00+00:00,555
2026-05-08 08:00:00+00:00,556
2026-05-08 08:15:00+00:00,557
2026-05-08 08:30:00+00:00,558
2026-05-08 08:45:00+00:00,560
2026-05-08 09:00:00+00:00,561
2026-05-08 09:15:00+00:00,562
2026-05-08 09:30:00+00:00,563
2026-05-08 09:45:00+00:00,564
2026-05-08 10:00:00+00:00,565
2026-05-08 10:15:00+00:00,566
2026-05-08 10:30:00+00:00,568
2026-05-08 10:45:00+00:00,569
2026-05-08 11:00:00+00:00,570
2026-05-08 11:15:00+00:00,571
2026-05-08 11:30:00+00:00,572
2026-05-08 11:45:00+00:00,573
2026-05-08 12:00:00+00:00,574
2026-05-08 12:15:00+00:00,575
2026-05-08 12:30:00+00:00,576
2026-05-08 12:45:00+00:00,577
2026-05-08 13:00:00+00:00,578
2026-05-08 13:15:00+00:00,579
2026-05-08 13:30:00+00:00,580
2026-05-08 13:45:00+00:00,581
2026-05-08 14:00:00+00:00,582
2026-05-08 14:15:00+00:00,582
2026-05-08 14:30:00+00:00,583
2026-05-08 14:45:00+00:00,584
2026-05-08 15:00:00+00:00,585
2026-05-08 15:15:00+00:00,585
2026-05-08 15:30:00+00:00,586
2026-05-08 15:45:00+00:00,587
2026-05-08 16:00:00+00:00,587
2026-05-08 16:15:00+00:00,588
2026-05-08 16:30:00+00:00,588
2026-05-08 16:45:00+00:00,588
2026-05-08 17:00:00+00:00,589
2026-05-08 17:15:00+00:00,589
2026-05-08 17:30:00+00:00,589
2026-05-08 17:45:00+00:00,590
2026-05-08 18:00:00+00:00,590
2026-05-08 18:15:00+00:00,591
2026-05-08 18:30:00+00:00,591
2026-05-08 18:45:00+00:00,592
2026-05-08 19:00:00+00:00,593
2026-05-08 19:15:00+00:00,593
2026-05-08 19:30:00+00:00,593
2026-05-08 19:45:00+00:00,594
2026-05-08 20:00:00+00:00,594
2026-05-08 20:15:00+00:00,595
2026-05-08 20:30:00+00:00,595
2026-05-08 20:45:00+00:00,596
2026-05-08 21:00:00+00:00,596
2026-05-08 21:15:00+00:00,596
2026-05-08 21:30:00+00:00,597
2026-05-08 21:45:00+00:00,597
2026-05-08 22:00:00+00:00,597
2026-05-08 22:15:00+00:00,598
2026-05-08 22:30:00+00:00,598
2026-05-08 22:45:00+00:00,598
2026-05-08 23:00:00+00:00,599
2026-05-08 23:15:00+00:00,599
2026-05-08 23:30:00+00:00,599
2026-05-08 23:45:00+00:00,600
2026-05-09 00:00:00+00:00,600
2026-05-09 00:15:00+00:00,600
2026-05-09 00:30:00+00:00,600
2026-05-09 00:45:00+00:00,600
2026-05-09 01:00:00+00:00,600
2026-05-09 01:15:00+00:00,600
2026-05-09 01:30:00+00:00,600
2026-05-09 01:45:00+00:00,600
2026-05-09 02:00:00+00:00,600
2026-05-09 02:15:00+00:00,600
2026-05-09 02:30:00+00:00,600
2026-05-09 02:45:00+00:00,600
2026-05-09 03:00:00+00:00,600
2026-05-09 03:15:00+00:00,600
2026-05-09 03:30:00+00:00,600
2026-05-09 03:45:00+00:00,601
2026-05-09 04:00:00+00:00,601
2026-05-09 04:15:00+00:00,601
2026-05-09 04:30:00+00:00,601
2026-05-09 04:45:00+00:00,601
2026-05-09 05:00:00+00:00,601
2026-05-09 05:15:00+00:00,601
2026-05-09 05:30:00+00:00,601
2026-05-09 05:45:00+00:00,600
2026-05-09 06:00:00+00:00,600
2026-05-09 06:15:00+00:00,600
2026-05-09 06:30:00+00:00,600
2026-05-09 06:45:00+00:00,600
2026-05-09 07:00:00+00:00,600
2026-05-09 07:15:00+00:00,601
2026-05-09 07:30:00+00:00,601
2026-05-09 07:45:00+00:00,601
2026-05-09 08:00:00+00:00,601
2026-05-09 08:15:00+00:00,601
2026-05-09 08:30:00+00:00,601
2026-05-09 08:45:00+00:00,602
2026-05-09 09:00:00+00:00,602
2026-05-09 09:15:00+00:00,602
2026-05-09 09:30:00+00:00,602
2026-05-09 09:45:00+00:00,603
2026-05-09 10:00:00+00:00,604
2026-05-09 10:15:00+00:00,605
2026-05-09 10:30:00+00:00,606
2026-05-09 10:45:00+00:00,606
2026-05-09 11:00:00+00:00,608
2026-05-09 11:15:00+00:00,609
2026-05-09 11:30:00+00:00,610
2026-05-09 11:45:00+00:00,612
2026-05-09 12:00:00+00:00,614
2026-05-09 12:15:00+00:00,615
2026-05-09 12:30:00+00:00,617
2026-05-09 12:45:00+00:00,618
2026-05-09 13:00:00+00:00,620
2026-05-09 13:15:00+00:00,622
2026-05-09 13:30:00+00:00,623
2026-05-09 13:45:00+00:00,625
2026-05-09 14:00:00+00:00,627
2026-05-09 14:15:00+00:00,628
2026-05-09 14:30:00+00:00,630
2026-05-09 14:45:00+00:00,632
2026-05-09 15:00:00+00:00,633
2026-05-09 15:15:00+00:00,635
2026-05-09 15:30:00+00:00,636
2026-05-09 15:45:00+00:00,638
2026-05-09 16:00:00+00:00,639
2026-05-09 16:15:00+00:00,641
2026-05-09 16:30:00+00:00,643
2026-05-09 16:45:00+00:00,645
2026-05-09 17:00:00+00:00,646
2026-05-09 17:15:00+00:00,648
2026-05-09 17:30:00+00:00,650
2026-05-09 17:45:00+00:00,651
2026-05-09 18:00:00+00:00,653
2026-05-09 18:15:00+00:00,655
2026-05-09 18:30:00+00:00,656
2026-05-09 18:45:00+00:00,657
2026-05-09 19:00:00+00:00,658
2026-05-09 19:15:00+00:00,660
2026-05-09 19:30:00+00:00,661
2026-05-09 19:45:00+00:00,662
2026-05-09 20:00:00+00:00,663
2026-05-09 20:15:00+00:00,662
2026-05-09 20:30:00+00:00,662
2026-05-09 20:45:00+00:00,662
2026-05-09 21:00:00+00:00,663
2026-05-09 21:15:00+00:00,664
2026-05-09 21:30:00+00:00,665
2026-05-09 21:45:00+00:00,666
2026-05-09 22:00:00+00:00,667
2026-05-09 22:15:00+00:00,669
2026-05-09 22:30:00+00:00,670
2026-05-09 22:45:00+00:00,671
2026-05-09 23:00:00+00:00,673
2026-05-09 23:15:00+00:00,674
2026-05-09 23:30:00+00:00,676
2026-05-09 23:45:00+00:00,678
2026-05-10 00:00:00+00:00,680
2026-05-10 00:15:00+00:00,682
2026-05-10 00:30:00+00:00,683
2026-05-10 00:45:00+00:00,685
2026-05-10 01:00:00+00:00,687
2026-05-10 01:15:00+00:00,688
2026-05-10 01:30:00+00:00,690
2026-05-10 01:45:00+00:00,691
2026-05-10 02:00:00+00:00,692
2026-05-10 02:15:00+00:00,693
2026-05-10 02:30:00+00:00,694
2026-05-10 02:45:00+00:00,695
2026-05-10 03:00:00+00:00,697
2026-05-10 03:15:00+00:00,698
2026-05-10 03:30:00+00:00,699
2026-05-10 03:45:00+00:00,701
2026-05-10 04:00:00+00:00,703
2026-05-10 04:15:00+00:00,704
2026-05-10 04:30:00+00:00,705
2026-05-10 04:45:00+00:00,707
2026-05-10 05:00:00+00:00,708
2026-05-10 05:15:00+00:00,709
2026-05-10 05:30:00+00:00,709
2026-05-10 05:45:00+00:00,709
2026-05-10 06:00:00+00:00,710
2026-05-10 06:15:00+00:00,710
2026-05-10 06:30:00+00:00,710
2026-05-10 06:45:00+00:00,710
2026-05-10 07:00:00+00:00,711
2026-05-10 07:15:00+00:00,710
2026-05-10 07:30:00+00:00,711
2026-05-10 07:45:00+00:00,711
2026-05-10 08:00:00+00:00,711
2026-05-10 08:15:00+00:00,711
2026-05-10 08:30:00+00:00,711
2026-05-10 08:45:00+00:00,712
2026-05-10 09:00:00+00:00,712
2026-05-10 09:15:00+00:00,712
2026-05-10 09:30:00+00:00,712
2026-05-10 09:45:00+00:00,712
2026-05-10 10:00:00+00:00,712
2026-05-10 10:15:00+00:00,712
2026-05-10 10:30:00+00:00,712
2026-05-10 10:45:00+00:00,713
2026-05-10 11:00:00+00:00,713
2026-05-10 11:15:00+00:00,713
2026-05-10 11:30:00+00:00,713
2026-05-10 11:45:00+00:00,714
2026-05-10 12:00:00+00:00,714
2026-05-10 12:15:00+00:00,715
2026-05-10 12:30:00+00:00,716
2026-05-10 12:45:00+00:00,716
2026-05-10 13:00:00+00:00,717
2026-05-10 13:15:00+00:00,717
2026-05-10 13:30:00+00:00,718
2026-05-10 13:45:00+00:00,718
2026-05-10 14:00:00+00:00,719
2026-05-10 14:15:00+00:00,719
2026-05-10 14:30:00+00:00,720
2026-05-10 14:45:00+00:00,720
2026-05-10 15:00:00+00:00,720
2026-05-10 15:15:00+00:00,720
2026-05-10 15:30:00+00:00,721
2026-05-10 15:45:00+00:00,721
2026-05-10 16:00:00+00:00,721
2026-05-10 16:15:00+00:00,722
2026-05-10 16:30:00+00:00,722
2026-05-10 16:45:00+00:00,722
2026-05-10 17:00:00+00:00,723
2026-05-10 17:15:00+00:00,723
2026-05-10 17:30:00+00:00,723
2026-05-10 17:45:00+00:00,723
2026-05-10 18:00:00+00:00,723
2026-05-10 18:15:00+00:00,723
2026-05-10 18:30:00+00:00,724
2026-05-10 18:45:00+00:00,724
2026-05-10 19:00:00+00:00,725
2026-05-10 19:15:00+00:00,725
2026-05-10 19:30:00+00:00,726
2026-05-10 19:45:00+00:00,726
2026-05-10 20:00:00+00:00,726
2026-05-10 20:15:00+00:00,727
2026-05-10 20:30:00+00:00,727
2026-05-10 20:45:00+00:00,728
2026-05-10 21:00:00+00:00,728
2026-05-10 21:15:00+00:00,729
2026-05-10 21:30:00+00:00,729
2026-05-10 21:45:00+00:00,730
2026-05-10 22:00:00+00:00,730
2026-05-10 22:15:00+00:00,730
2026-05-10 22:30:00+00:00,731
2026-05-10 22:45:00+00:00,732
2026-05-10 23:00:00+00:00,732
2026-05-10 23:15:00+00:00,732
2026-05-10 23:30:00+00:00,732
2026-05-10 23:45:00+00:00,733
2026-05-11 00:00:00+00:00,733
2026-05-11 00:15:00+00:00,733
2026-05-11 00:30:00+00:00,733
2026-05-11 00:45:00+00:00,734
2026-05-11 01:00:00+00:00,734
2026-05-11 01:15:00+00:00,734
2026-05-11 01:30:00+00:00,733
2026-05-11 01:45:00+00:00,733
2026-05-11 02:00:00+00:00,733
2026-05-11 02:15:00+00:00,732
2026-05-11 02:30:00+00:00,732
2026-05-11 02:45:00+00:00,731
2026-05-11 03:00:00+00:00,731
2026-05-11 03:15:00+00:00,730
2026-05-11 03:30:00+00:00,730
2026-05-11 03:45:00+00:00,729
2026-05-11 04:00:00+00:00,728
2026-05-11 04:15:00+00:00,727
2026-05-11 04:30:00+00:00,726
2026-05-11 04:45:00+00:00,725
2026-05-11 05:00:00+00:00,725
2026-05-11 05:15:00+00:00,724
2026-05-11 05:30:00+00:00,723
2026-05-11 05:45:00+00:00,722
2026-05-11 06:00:00+00:00,721
2026-05-11 06:15:00+00:00,720
2026-05-11 06:30:00+00:00,719
2026-05-11 06:45:00+00:00,717
2026-05-11 07:00:00+00:00,716
2026-05-11 07:15:00+00:00,715
2026-05-11 07:30:00+00:00,714
2026-05-11 07:45:00+00:00,713
2026-05-11 08:00:00+00:00,711
2026-05-11 08:15:00+00:00,710
2026-05-11 08:30:00+00:00,709
2026-05-11 08:45:00+00:00,708
2026-05-11 09:00:00+00:00,707
2026-05-11 09:15:00+00:00,706
2026-05-11 09:30:00+00:00,706
2026-05-11 09:45:00+00:00,705
2026-05-11 10:00:00+00:00,705
2026-05-11 10:15:00+00:00,705
2026-05-11 10:30:00+00:00,704
2026-05-11 10:45:00+00:00,705
2026-05-11 11:00:00+00:00,705
2026-05-11 11:15:00+00:00,705
2026-05-11 11:30:00+00:00,705
2026-05-11 11:45:00+00:00,705
2026-05-11 12:00:00+00:00,705
2026-05-11 12:15:00+00:00,704
2026-05-11 12:30:00+00:00,704
2026-05-11 12:45:00+00:00,704
2026-05-11 13:00:00+00:00,704
2026-05-11 13:15:00+00:00,703
2026-05-11 13:30:00+00:00,703
2026-05-11 13:45:00+00:00,703
2026-05-11 14:00:00+00:00,703
2026-05-11 14:15:00+00:00,703
2026-05-11 14:30:00+00:00,703
2026-05-11 14:45:00+00:00,703
2026-05-11 15:00:00+00:00,703
2026-05-11 15:15:00+00:00,703
2026-05-11 15:30:00+00:00,704
2026-05-11 15:45:00+00:00,704
2026-05-11 16:00:00+00:00,704
2026-05-11 16:15:00+00:00,704
2026-05-11 16:30:00+00:00,704
2026-05-11 16:45:00+00:00,704
2026-05-11 17:00:00+00:00,705
2026-05-11 17:15:00+00:00,705
2026-05-11 17:30:00+00:00,705
2026-05-11 17:45:00+00:00,705
2026-05-11 18:00:00+00:00,706
2026-05-11 18:15:00+00:00,706
2026-05-11 18:30:00+00:00,707
2026-05-11 18:45:00+00:00,707
2026-05-11 19:00:00+00:00,707
2026-05-11 19:15:00+00:00,708
2026-05-11 19:30:00+00:00,708
2026-05-11 19:45:00+00:00,708
2026-05-11 20:00:00+00:00,709
2026-05-11 20:15:00+00:00,709
2026-05-11 20:30:00+00:00,709
2026-05-11 20:45:00+00:00,709
2026-05-11 21:00:00+00:00,710
2026-05-11 21:15:00+00:00,710
2026-05-11 21:30:00+00:00,710
2026-05-11 21:45:00+00:00,710
2026-05-11 22:00:00+00:00,710
2026-05-11 22:15:00+00:00,710
2026-05-11 22:30:00+00:00,711
2026-05-11 22:45:00+00:00,711
2026-05-11 23:00:00+00:00,711
2026-05-11 23:15:00+00:00,711
2026-05-11 23:30:00+00:00,711
2026-05-11 23:45:00+00:00,711
2026-05-12 00:00:00+00:00,711
2026-05-12 00:15:00+00:00,711
2026-05-12 00:30:00+00:00,711
2026-05-12 00:45:00+00:00,711
2026-05-12 01:00:00+00:00,711
2026-05-12 01:15:00+00:00,710
2026-05-12 01:30:00+00:00,710
2026-05-12 01:45:00+00:00,710
2026-05-12 02:00:00+00:00,710
2026-05-12 02:15:00+00:00,710
2026-05-12 02:30:00+00:00,709
2026-05-12 02:45:00+00:00,709
2026-05-12 03:00:00+00:00,709
2026-05-12 03:15:00+00:00,708
2026-05-12 03:30:00+00:00,708
2026-05-12 03:45:00+00:00,707
2026-05-12 04:00:00+00:00,707
2026-05-12 04:15:00+00:00,707
2026-05-12 04:30:00+00:00,706
2026-05-12 04:45:00+00:00,706
2026-05-12 05:00:00+00:00,705
2026-05-12 05:15:00+00:00,705
2026-05-12 05:30:00+00:00,705
2026-05-12 05:45:00+00:00,705
2026-05-12 06:00:00+00:00,705
2026-05-12 06:15:00+00:00,704
2026-05-12 06:30:00+00:00,705
2026-05-12 06:45:00+00:00,705
2026-05-12 07:00:00+00:00,705
2026-05-12 07:15:00+00:00,705
2026-05-12 07:30:00+00:00,705
2026-05-12 07:45:00+00:00,705
2026-05-12 08:00:00+00:00,705
2026-05-12 08:15:00+00:00,704
2026-05-12 08:30:00+00:00,704
2026-05-12 08:45:00+00:00,703
2026-05-12 09:00:00+00:00,702
2026-05-12 09:15:00+00:00,702
2026-05-12 09:30:00+00:00,701
2026-05-12 09:45:00+00:00,700
2026-05-12 10:00:00+00:00,699
2026-05-12 10:15:00+00:00,699
2026-05-12 10:30:00+00:00,698
2026-05-12 10:45:00+00:00,698
2026-05-12 11:00:00+00:00,698
2026-05-12 11:15:00+00:00,698
2026-05-12 11:30:00+00:00,698
2026-05-12 11:45:00+00:00,698
2026-05-12 12:00:00+00:00,698
2026-05-12 12:15:00+00:00,698
2026-05-12 12:30:00+00:00,698
2026-05-12 12:45:00+00:00,698
2026-05-12 13:00:00+00:00,698
2026-05-12 13:15:00+00:00,698
2026-05-12 13:30:00+00:00,699
2026-05-12 13:45:00+00:00,699
2026-05-12 14:00:00+00:00,699
2026-05-12 14:15:00+00:00,700
2026-05-12 14:30:00+00:00,700
2026-05-12 14:45:00+00:00,700
2026-05-12 15:00:00+00:00,700
2026-05-12 15:15:00+00:00,701
2026-05-12 15:30:00+00:00,701
2026-05-12 15:45:00+00:00,701
2026-05-12 16:00:00+00:00,702
2026-05-12 16:15:00+00:00,702
2026-05-12 16:30:00+00:00,702
2026-05-12 16:45:00+00:00,703
2026-05-12 17:00:00+00:00,703
2026-05-12 18:00:00+00:00,704
2026-05-12 18:15:00+00:00,704
2026-05-12 18:30:00+00:00,704
2026-05-12 18:45:00+00:00,704
2026-05-12 19:00:00+00:00,704
2026-05-12 19:15:00+00:00,704
2026-05-12 19:30:00+00:00,704
2026-05-12 19:45:00+00:00,704
2026-05-12 20:00:00+00:00,704
2026-05-12 20:15:00+00:00,705
2026-05-12 20:30:00+00:00,704
2026-05-12 20:45:00+00:00,704
2026-05-12 21:00:00+00:00,704
2026-05-12 21:15:00+00:00,704
2026-05-12 21:30:00+00:00,704
2026-05-12 21:45:00+00:00,704
2026-05-12 22:00:00+00:00,704
2026-05-12 22:15:00+00:00,704
2026-05-12 22:30:00+00:00,704
2026-05-12 22:45:00+00:00,703
2026-05-12 23:00:00+00:00,703
2026-05-12 23:15:00+00:00,703
2026-05-12 23:30:00+00:00,702
2026-05-12 23:45:00+00:00,702
2026-05-13 00:00:00+00:00,702
2026-05-13 00:15:00+00:00,702
2026-05-13 00:30:00+00:00,701
2026-05-13 00:45:00+00:00,701
2026-05-13 01:00:00+00:00,701
2026-05-13 01:15:00+00:00,700
2026-05-13 01:30:00+00:00,700
2026-05-13 01:45:00+00:00,699
2026-05-13 02:00:00+00:00,698
2026-05-13 02:15:00+00:00,697
2026-05-13 02:30:00+00:00,696
2026-05-13 02:45:00+00:00,694
2026-05-13 03:00:00+00:00,693
2026-05-13 03:15:00+00:00,692
2026-05-13 03:30:00+00:00,690
2026-05-13 03:45:00+00:00,689
2026-05-13 04:00:00+00:00,687
2026-05-13 04:15:00+00:00,685
2026-05-13 04:30:00+00:00,684
2026-05-13 04:45:00+00:00,682
2026-05-13 05:00:00+00:00,680
2026-05-13 05:15:00+00:00,679
2026-05-13 05:30:00+00:00,677
2026-05-13 05:45:00+00:00,676
2026-05-13 06:00:00+00:00,674
2026-05-13 06:15:00+00:00,672
2026-05-13 06:30:00+00:00,670
2026-05-13 06:45:00+00:00,668
2026-05-13 07:00:00+00:00,666
2026-05-13 07:15:00+00:00,665
2026-05-13 07:30:00+00:00,663
2026-05-13 07:45:00+00:00,661
2026-05-13 08:00:00+00:00,660
2026-05-13 08:15:00+00:00,660
2026-05-13 08:30:00+00:00,659
2026-05-13 08:45:00+00:00,657
2026-05-13 09:00:00+00:00,656
2026-05-13 09:15:00+00:00,654
2026-05-13 09:30:00+00:00,652
2026-05-13 09:45:00+00:00,651
2026-05-13 10:00:00+00:00,649
2026-05-13 10:15:00+00:00,648
2026-05-13 10:30:00+00:00,648
2026-05-13 10:45:00+00:00,647
2026-05-13 11:00:00+00:00,647
2026-05-13 11:15:00+00:00,647
2026-05-13 11:30:00+00:00,647
2026-05-13 11:45:00+00:00,647
2026-05-13 12:00:00+00:00,648
2026-05-13 12:15:00+00:00,651
2026-05-13 12:30:00+00:00,650
2026-05-13 12:45:00+00:00,647
2026-05-13 13:00:00+00:00,646
2026-05-13 13:15:00+00:00,646
2026-05-13 13:30:00+00:00,646
2026-05-13 13:45:00+00:00,646
2026-05-13 14:00:00+00:00,646
2026-05-13 14:15:00+00:00,647
2026-05-13 14:30:00+00:00,646
2026-05-13 14:45:00+00:00,646
2026-05-13 15:00:00+00:00,646
2026-05-13 15:15:00+00:00,646
2026-05-13 15:30:00+00:00,646
2026-05-13 15:45:00+00:00,645
2026-05-13 16:00:00+00:00,644
2026-05-13 16:15:00+00:00,643
2026-05-13 16:30:00+00:00,642
2026-05-13 16:45:00+00:00,641
2026-05-13 17:00:00+00:00,639
2026-05-13 17:15:00+00:00,638
2026-05-13 17:30:00+00:00,638
2026-05-13 17:45:00+00:00,637
2026-05-13 18:00:00+00:00,637
2026-05-13 18:15:00+00:00,636
2026-05-13 18:30:00+00:00,636
2026-05-13 18:45:00+00:00,635
2026-05-13 19:00:00+00:00,635
2026-05-13 19:15:00+00:00,635
2026-05-13 19:30:00+00:00,634
2026-05-13 19:45:00+00:00,634
2026-05-13 20:00:00+00:00,634
2026-05-13 20:15:00+00:00,634
2026-05-13 20:30:00+00:00,633
2026-05-13 20:45:00+00:00,633
2026-05-13 21:00:00+00:00,633
2026-05-13 21:15:00+00:00,632
2026-05-13 21:30:00+00:00,632
2026-05-13 21:45:00+00:00,632
2026-05-13 22:00:00+00:00,632
2026-05-13 22:15:00+00:00,632
2026-05-13 22:30:00+00:00,631
2026-05-13 22:45:00+00:00,631
2026-05-13 23:00:00+00:00,631
2026-05-13 23:15:00+00:00,631
2026-05-13 23:30:00+00:00,632
2026-05-13 23:45:00+00:00,632
2026-05-14 00:00:00+00:00,632
2026-05-14 00:15:00+00:00,631
2026-05-14 00:30:00+00:00,629
2026-05-14 00:45:00+00:00,625
2026-05-14 01:00:00+00:00,621
2026-05-14 01:15:00+00:00,621
2026-05-14 01:30:00+00:00,620
2026-05-14 01:45:00+00:00,619
2026-05-14 02:00:00+00:00,617
2026-05-14 02:15:00+00:00,615
2026-05-14 02:30:00+00:00,613
2026-05-14 02:45:00+00:00,612
2026-05-14 03:00:00+00:00,610
2026-05-14 03:15:00+00:00,608
2026-05-14 03:30:00+00:00,605
2026-05-14 03:45:00+00:00,603
2026-05-14 04:00:00+00:00,601
2026-05-14 04:15:00+00:00,599
2026-05-14 04:30:00+00:00,597
2026-05-14 04:45:00+00:00,595
2026-05-14 05:00:00+00:00,593
2026-05-14 05:15:00+00:00,591
2026-05-14 05:30:00+00:00,589
2026-05-14 05:45:00+00:00,586
2026-05-14 06:00:00+00:00,584
2026-05-14 06:15:00+00:00,583
2026-05-14 06:30:00+00:00,582
2026-05-14 06:45:00+00:00,581
2026-05-14 07:00:00+00:00,580
2026-05-14 07:15:00+00:00,579
2026-05-14 07:30:00+00:00,578
2026-05-14 07:45:00+00:00,577
2026-05-14 08:00:00+00:00,576
2026-05-14 08:15:00+00:00,576
2026-05-14 08:30:00+00:00,575
2026-05-14 08:45:00+00:00,575
2026-05-14 09:00:00+00:00,575
2026-05-14 09:15:00+00:00,575
2026-05-14 09:30:00+00:00,575
2026-05-14 09:45:00+00:00,576
2026-05-14 10:00:00+00:00,576
2026-05-14 10:15:00+00:00,576
2026-05-14 10:30:00+00:00,576
2026-05-14 10:45:00+00:00,576
2026-05-14 11:00:00+00:00,576
2026-05-14 11:15:00+00:00,576
2026-05-14 11:30:00+00:00,575
2026-05-14 11:45:00+00:00,575
2026-05-14 12:00:00+00:00,575
2026-05-14 12:15:00+00:00,575
2026-05-14 12:30:00+00:00,575
2026-05-14 12:45:00+00:00,575
2026-05-14 13:00:00+00:00,574
2026-05-14 13:15:00+00:00,574
2026-05-14 13:30:00+00:00,574
2026-05-14 13:45:00+00:00,573
2026-05-14 14:00:00+00:00,573
2026-05-14 14:15:00+00:00,572
2026-05-14 14:30:00+00:00,572
2026-05-14 14:45:00+00:00,572
2026-05-14 15:00:00+00:00,571
2026-05-14 15:15:00+00:00,571
2026-05-14 15:30:00+00:00,572
2026-05-14 15:45:00+00:00,571
2026-05-14 16:00:00+00:00,571
2026-05-14 16:15:00+00:00,570
2026-05-14 16:30:00+00:00,570
2026-05-14 16:45:00+00:00,570
2026-05-14 17:00:00+00:00,569
2026-05-14 17:15:00+00:00,568
2026-05-14 17:30:00+00:00,568
2026-05-14 17:45:00+00:00,568
2026-05-14 18:00:00+00:00,568
2026-05-14 18:15:00+00:00,567
2026-05-14 18:30:00+00:00,567
2026-05-14 18:45:00+00:00,567
2026-05-14 19:00:00+00:00,567
2026-05-14 19:15:00+00:00,566
2026-05-14 19:30:00+00:00,566
2026-05-14 19:45:00+00:00,566
2026-05-14 20:00:00+00:00,565
2026-05-14 20:15:00+00:00,565
2026-05-14 20:30:00+00:00,565
2026-05-14 20:45:00+00:00,565
2026-05-14 21:00:00+00:00,566
2026-05-14 21:15:00+00:00,566
2026-05-14 21:30:00+00:00,566
2026-05-14 21:45:00+00:00,566
2026-05-14 22:00:00+00:00,566
2026-05-14 22:15:00+00:00,565
2026-05-14 22:30:00+00:00,565
2026-05-14 22:45:00+00:00,565
2026-05-14 23:00:00+00:00,565
2026-05-14 23:15:00+00:00,565
2026-05-14 23:30:00+00:00,565
2026-05-14 23:45:00+00:00,564
2026-05-15 00:00:00+00:00,563
2026-05-15 00:15:00+00:00,562
2026-05-15 00:30:00+00:00,562
2026-05-15 00:45:00+00:00,560
2026-05-15 01:00:00+00:00,558
2026-05-15 01:15:00+00:00,556
2026-05-15 01:30:00+00:00,554
2026-05-15 01:45:00+00:00,552
2026-05-15 02:00:00+00:00,550
2026-05-15 02:15:00+00:00,548
2026-05-15 02:30:00+00:00,546
2026-05-15 02:45:00+00:00,544
2026-05-15 03:00:00+00:00,542
2026-05-15 03:15:00+00:00,539
2026-05-15 03:30:00+00:00,537
2026-05-15 03:45:00+00:00,536
2026-05-15 04:00:00+00:00,533
2026-05-15 04:15:00+00:00,532
2026-05-15 04:30:00+00:00,530
2026-05-15 04:45:00+00:00,528
2026-05-15 05:00:00+00:00,526
2026-05-15 05:15:00+00:00,525
2026-05-15 05:30:00+00:00,523
2026-05-15 05:45:00+00:00,522
2026-05-15 06:00:00+00:00,521
2026-05-15 06:15:00+00:00,520
2026-05-15 06:30:00+00:00,519
2026-05-15 06:45:00+00:00,519
2026-05-15 07:00:00+00:00,518
2026-05-15 07:15:00+00:00,518
2026-05-15 07:30:00+00:00,517
2026-05-15 07:45:00+00:00,517
2026-05-15 08:00:00+00:00,517
2026-05-15 08:15:00+00:00,516
2026-05-15 08:30:00+00:00,516
2026-05-15 08:45:00+00:00,516
2026-05-15 09:00:00+00:00,515
2026-05-15 09:15:00+00:00,516
2026-05-15 09:30:00+00:00,515
2026-05-15 09:45:00+00:00,513
2026-05-15 10:00:00+00:00,513
2026-05-15 10:15:00+00:00,513
2026-05-15 10:30:00+00:00,513
2026-05-15 10:45:00+00:00,514
2026-05-15 11:00:00+00:00,514
2026-05-15 11:15:00+00:00,514
2026-05-15 11:30:00+00:00,514
2026-05-15 11:45:00+00:00,514
2026-05-15 12:00:00+00:00,515
2026-05-15 12:15:00+00:00,515
2026-05-15 12:30:00+00:00,515
2026-05-15 12:45:00+00:00,515
2026-05-15 13:00:00+00:00,514
2026-05-15 13:15:00+00:00,514
2026-05-15 13:30:00+00:00,514
2026-05-15 13:45:00+00:00,514
2026-05-15 14:00:00+00:00,513
2026-05-15 14:15:00+00:00,513
2026-05-15 14:30:00+00:00,512
2026-05-15 14:45:00+00:00,512
2026-05-15 15:00:00+00:00,511
2026-05-15 15:15:00+00:00,510
2026-05-15 15:30:00+00:00,510
2026-05-15 15:45:00+00:00,509
2026-05-15 16:00:00+00:00,509
2026-05-15 16:15:00+00:00,509
2026-05-15 16:30:00+00:00,508
2026-05-15 16:45:00+00:00,508
2026-05-15 17:00:00+00:00,508
2026-05-15 17:15:00+00:00,508
2026-05-15 17:30:00+00:00,507
2026-05-15 17:45:00+00:00,507
2026-05-15 18:00:00+00:00,507
2026-05-15 18:15:00+00:00,507
2026-05-15 18:30:00+00:00,507
2026-05-15 18:45:00+00:00,508
2026-05-15 19:00:00+00:00,509
2026-05-15 19:15:00+00:00,510
2026-05-15 19:30:00+00:00,511
2026-05-15 19:45:00+00:00,512
2026-05-15 20:00:00+00:00,513
2026-05-15 20:15:00+00:00,514
2026-05-15 20:30:00+00:00,515
2026-05-15 20:45:00+00:00,515
2026-05-15 21:00:00+00:00,515
2026-05-15 21:15:00+00:00,514
2026-05-15 21:30:00+00:00,513
2026-05-15 21:45:00+00:00,512
2026-05-15 22:00:00+00:00,511
2026-05-15 22:15:00+00:00,509
2026-05-15 22:30:00+00:00,507
2026-05-15 22:45:00+00:00,506
2026-05-15 23:00:00+00:00,504
2026-05-15 23:15:00+00:00,502
2026-05-15 23:30:00+00:00,501
2026-05-15 23:45:00+00:00,499
2026-05-16 00:00:00+00:00,496
2026-05-16 00:15:00+00:00,495
2026-05-16 00:30:00+00:00,492
2026-05-16 00:45:00+00:00,490
2026-05-16 01:00:00+00:00,489
2026-05-16 01:15:00+00:00,487
2026-05-16 01:30:00+00:00,485
2026-05-16 01:45:00+00:00,483
2026-05-16 02:00:00+00:00,481
2026-05-16 02:15:00+00:00,479
2026-05-16 02:30:00+00:00,477
2026-05-16 02:45:00+00:00,475
2026-05-16 03:00:00+00:00,475
2026-05-16 03:15:00+00:00,474
2026-05-16 03:30:00+00:00,473
2026-05-16 03:45:00+00:00,472
2026-05-16 04:00:00+00:00,471
2026-05-16 04:15:00+00:00,469
2026-05-16 04:30:00+00:00,468
2026-05-16 04:45:00+00:00,467
2026-05-16 05:00:00+00:00,465
2026-05-16 05:15:00+00:00,464
2026-05-16 05:30:00+00:00,464
2026-05-16 05:45:00+00:00,463
2026-05-16 06:00:00+00:00,462
2026-05-16 06:15:00+00:00,462
2026-05-16 06:30:00+00:00,462
2026-05-16 06:45:00+00:00,463
2026-05-16 07:00:00+00:00,462
2026-05-16 07:15:00+00:00,462
2026-05-16 07:30:00+00:00,461
2026-05-16 07:45:00+00:00,461
2026-05-16 08:00:00+00:00,460
2026-05-16 08:15:00+00:00,460
2026-05-16 08:30:00+00:00,460
2026-05-16 08:45:00+00:00,460
2026-05-16 09:00:00+00:00,460
2026-05-16 09:15:00+00:00,459
2026-05-16 09:30:00+00:00,460
2026-05-16 09:45:00+00:00,459
2026-05-16 10:00:00+00:00,459
2026-05-16 10:15:00+00:00,459
2026-05-16 10:30:00+00:00,459
2026-05-16 10:45:00+00:00,459
2026-05-16 11:00:00+00:00,460
2026-05-16 11:15:00+00:00,460
2026-05-16 11:30:00+00:00,460
2026-05-16 11:45:00+00:00,460
2026-05-16 12:00:00+00:00,460
2026-05-16 12:15:00+00:00,460
2026-05-16 12:30:00+00:00,459
2026-05-16 12:45:00+00:00,459
2026-05-16 13:00:00+00:00,460
2026-05-16 13:15:00+00:00,459
2026-05-16 13:30:00+00:00,459
2026-05-16 13:45:00+00:00,459
2026-05-16 14:00:00+00:00,458
2026-05-16 14:15:00+00:00,458
2026-05-16 14:30:00+00:00,457
2026-05-16 14:45:00+00:00,457
2026-05-16 15:00:00+00:00,457
2026-05-16 15:15:00+00:00,457
2026-05-16 15:30:00+00:00,457
2026-05-16 15:45:00+00:00,457
2026-05-16 16:00:00+00:00,458
2026-05-16 16:15:00+00:00,458
2026-05-16 16:30:00+00:00,458
2026-05-16 16:45:00+00:00,458
2026-05-16 17:00:00+00:00,459
2026-05-16 17:15:00+00:00,459
2026-05-16 17:30:00+00:00,460
2026-05-16 17:45:00+00:00,461
2026-05-16 18:00:00+00:00,462
2026-05-16 18:15:00+00:00,463
2026-05-16 18:30:00+00:00,464
2026-05-16 18:45:00+00:00,465
2026-05-16 19:00:00+00:00,466
2026-05-16 19:15:00+00:00,467
2026-05-16 19:30:00+00:00,468
2026-05-16 19:45:00+00:00,470
2026-05-16 20:00:00+00:00,471
2026-05-16 20:15:00+00:00,472
2026-05-16 20:30:00+00:00,473
2026-05-16 20:45:00+00:00,474
2026-05-16 21:00:00+00:00,475
2026-05-16 21:15:00+00:00,475
2026-05-16 21:30:00+00:00,475
2026-05-16 21:45:00+00:00,476
2026-05-16 22:00:00+00:00,476
2026-05-16 22:15:00+00:00,476
2026-05-16 22:30:00+00:00,476
2026-05-16 22:45:00+00:00,472
2026-05-16 23:00:00+00:00,472
2026-05-16 23:15:00+00:00,474
2026-05-16 23:30:00+00:00,473
2026-05-16 23:45:00+00:00,473
2026-05-17 00:00:00+00:00,473
2026-05-17 00:15:00+00:00,472
2026-05-17 00:30:00+00:00,472
2026-05-17 00:45:00+00:00,472
2026-05-17 01:00:00+00:00,472
2026-05-17 01:15:00+00:00,472
2026-05-17 01:30:00+00:00,472
2026-05-17 01:45:00+00:00,471
2026-05-17 02:00:00+00:00,471
2026-05-17 02:15:00+00:00,471
2026-05-17 02:30:00+00:00,470
2026-05-17 02:45:00+00:00,470
2026-05-17 03:00:00+00:00,470
2026-05-17 03:15:00+00:00,470
2026-05-17 03:30:00+00:00,469
2026-05-17 03:45:00+00:00,469
2026-05-17 04:00:00+00:00,469
2026-05-17 04:15:00+00:00,469
2026-05-17 04:30:00+00:00,469
2026-05-17 04:45:00+00:00,470
2026-05-17 05:00:00+00:00,470
2026-05-17 05:15:00+00:00,469
2026-05-17 05:30:00+00:00,469
2026-05-17 05:45:00+00:00,469
2026-05-17 06:00:00+00:00,469
2026-05-17 06:15:00+00:00,469
2026-05-17 06:30:00+00:00,469
2026-05-17 06:45:00+00:00,470
2026-05-17 07:00:00+00:00,471
2026-05-17 07:15:00+00:00,473
2026-05-17 07:30:00+00:00,473
2026-05-17 07:45:00+00:00,473
2026-05-17 08:00:00+00:00,473
2026-05-17 08:15:00+00:00,474
2026-05-17 08:30:00+00:00,474
2026-05-17 08:45:00+00:00,474
2026-05-17 09:00:00+00:00,474
2026-05-17 09:15:00+00:00,474
2026-05-17 09:30:00+00:00,474
2026-05-17 09:45:00+00:00,473
2026-05-17 10:00:00+00:00,472
2026-05-17 10:15:00+00:00,472
2026-05-17 10:30:00+00:00,472
2026-05-17 10:45:00+00:00,473
2026-05-17 11:00:00+00:00,473
2026-05-17 11:15:00+00:00,473
2026-05-17 11:30:00+00:00,473
2026-05-17 11:45:00+00:00,473
2026-05-17 12:00:00+00:00,474
2026-05-17 12:15:00+00:00,474
2026-05-17 12:30:00+00:00,474
2026-05-17 12:45:00+00:00,474
2026-05-17 13:00:00+00:00,474
2026-05-17 13:15:00+00:00,474
2026-05-17 13:30:00+00:00,474
2026-05-17 13:45:00+00:00,474
2026-05-17 14:00:00+00:00,474
2026-05-17 14:15:00+00:00,476
2026-05-17 14:30:00+00:00,478
2026-05-17 14:45:00+00:00,478
2026-05-17 15:00:00+00:00,479
2026-05-17 15:15:00+00:00,479
2026-05-17 15:30:00+00:00,478
2026-05-17 15:45:00+00:00,473
2026-05-17 16:00:00+00:00,471
2026-05-17 16:15:00+00:00,474
2026-05-17 16:30:00+00:00,480
2026-05-17 16:45:00+00:00,483
2026-05-17 17:00:00+00:00,485
2026-05-17 17:15:00+00:00,487
2026-05-17 17:30:00+00:00,487
2026-05-17 17:45:00+00:00,486
2026-05-17 18:00:00+00:00,485
2026-05-17 18:15:00+00:00,485
2026-05-17 18:30:00+00:00,485
2026-05-17 18:45:00+00:00,485
2026-05-17 19:00:00+00:00,484
2026-05-17 19:15:00+00:00,483
2026-05-17 19:30:00+00:00,483
2026-05-17 19:45:00+00:00,484
2026-05-17 20:00:00+00:00,484
2026-05-17 20:15:00+00:00,484
2026-05-17 20:30:00+00:00,484
2026-05-17 20:45:00+00:00,485
2026-05-17 21:00:00+00:00,486
2026-05-17 21:15:00+00:00,486
2026-05-17 21:30:00+00:00,487
2026-05-17 21:45:00+00:00,487
2026-05-17 22:00:00+00:00,487
2026-05-17 22:15:00+00:00,488
2026-05-17 22:30:00+00:00,488
2026-05-17 22:45:00+00:00,489
2026-05-17 23:00:00+00:00,489
2026-05-17 23:15:00+00:00,489
2026-05-17 23:30:00+00:00,490
2026-05-17 23:45:00+00:00,490
2026-05-18 00:00:00+00:00,490
2026-05-18 00:15:00+00:00,490
2026-05-18 00:30:00+00:00,491
2026-05-18 00:45:00+00:00,491
2026-05-18 01:00:00+00:00,491
2026-05-18 01:15:00+00:00,491
2026-05-18 01:30:00+00:00,491
2026-05-18 01:45:00+00:00,490
2026-05-18 02:00:00+00:00,491
2026-05-18 02:15:00+00:00,491
2026-05-18 02:30:00+00:00,491
2026-05-18 02:45:00+00:00,491
2026-05-18 03:00:00+00:00,491
2026-05-18 03:15:00+00:00,491
2026-05-18 03:30:00+00:00,490
2026-05-18 03:45:00+00:00,490
2026-05-18 04:00:00+00:00,490
2026-05-18 04:15:00+00:00,489
2026-05-18 04:30:00+00:00,489
2026-05-18 04:45:00+00:00,489
2026-05-18 05:00:00+00:00,489
2026-05-18 05:15:00+00:00,489
2026-05-18 05:30:00+00:00,490
2026-05-18 05:45:00+00:00,490
2026-05-18 06:00:00+00:00,490
2026-05-18 06:15:00+00:00,490
2026-05-18 06:30:00+00:00,490
2026-05-18 06:45:00+00:00,490
2026-05-18 07:00:00+00:00,491
2026-05-18 07:15:00+00:00,491
2026-05-18 07:30:00+00:00,491
2026-05-18 07:45:00+00:00,491
2026-05-18 08:00:00+00:00,492
2026-05-18 08:15:00+00:00,492
2026-05-18 08:30:00+00:00,492
2026-05-18 08:45:00+00:00,492
2026-05-18 09:00:00+00:00,492
2026-05-18 09:15:00+00:00,492
2026-05-18 09:30:00+00:00,492
2026-05-18 09:45:00+00:00,492
2026-05-18 10:00:00+00:00,492
2026-05-18 10:15:00+00:00,492
2026-05-18 10:30:00+00:00,492
2026-05-18 10:45:00+00:00,492
2026-05-18 11:00:00+00:00,492
2026-05-18 11:15:00+00:00,492
2026-05-18 11:30:00+00:00,492
2026-05-18 11:45:00+00:00,492
2026-05-18 12:00:00+00:00,492
2026-05-18 12:15:00+00:00,493
2026-05-18 12:30:00+00:00,493
2026-05-18 12:45:00+00:00,493
2026-05-18 13:00:00+00:00,493
2026-05-18 13:15:00+00:00,493
2026-05-18 13:30:00+00:00,493
2026-05-18 13:45:00+00:00,493
2026-05-18 14:00:00+00:00,494
2026-05-18 14:15:00+00:00,494
2026-05-18 14:30:00+00:00,494
2026-05-18 14:45:00+00:00,494
2026-05-18 15:00:00+00:00,493
2026-05-18 15:15:00+00:00,493
2026-05-18 15:30:00+00:00,493
2026-05-18 15:45:00+00:00,494
2026-05-18 16:00:00+00:00,494
2026-05-18 16:15:00+00:00,494
2026-05-18 16:30:00+00:00,494
2026-05-18 16:45:00+00:00,494
2026-05-18 17:00:00+00:00,494
2026-05-18 17:15:00+00:00,494
2026-05-18 17:30:00+00:00,494
2026-05-18 17:45:00+00:00,494
2026-05-18 18:00:00+00:00,494
2026-05-18 18:15:00+00:00,494
2026-05-18 18:30:00+00:00,494
2026-05-18 18:45:00+00:00,495
2026-05-18 19:00:00+00:00,495
2026-05-18 19:15:00+00:00,496
2026-05-18 19:30:00+00:00,496
2026-05-18 19:45:00+00:00,496
2026-05-18 20:00:00+00:00,496
2026-05-18 20:15:00+00:00,496
2026-05-18 20:30:00+00:00,497
2026-05-18 20:45:00+00:00,497
2026-05-18 21:00:00+00:00,496
2026-05-18 21:15:00+00:00,496
2026-05-18 21:30:00+00:00,497
2026-05-18 21:45:00+00:00,497
2026-05-18 22:00:00+00:00,498
2026-05-18 22:15:00+00:00,499
2026-05-18 22:30:00+00:00,499
2026-05-18 22:45:00+00:00,499
2026-05-18 23:00:00+00:00,500
2026-05-18 23:15:00+00:00,500
2026-05-18 23:30:00+00:00,501
2026-05-18 23:45:00+00:00,501
2026-05-19 00:00:00+00:00,502
2026-05-19 00:15:00+00:00,503
2026-05-19 00:30:00+00:00,503
2026-05-19 00:45:00+00:00,504
2026-05-19 01:00:00+00:00,505
2026-05-19 01:15:00+00:00,506
2026-05-19 01:30:00+00:00,507
2026-05-19 01:45:00+00:00,507
2026-05-19 02:00:00+00:00,508
2026-05-19 02:15:00+00:00,509
2026-05-19 02:30:00+00:00,509
2026-05-19 02:45:00+00:00,510
2026-05-19 03:00:00+00:00,510
2026-05-19 03:15:00+00:00,510
2026-05-19 03:30:00+00:00,510
2026-05-19 03:45:00+00:00,510
2026-05-19 04:00:00+00:00,511
2026-05-19 04:15:00+00:00,511
2026-05-19 04:30:00+00:00,511
2026-05-19 04:45:00+00:00,511
2026-05-19 05:00:00+00:00,512
2026-05-19 05:15:00+00:00,512
2026-05-19 05:30:00+00:00,513
2026-05-19 05:45:00+00:00,514
2026-05-19 06:00:00+00:00,514
2026-05-19 06:15:00+00:00,514
2026-05-19 06:30:00+00:00,515
2026-05-19 06:45:00+00:00,515
2026-05-19 07:00:00+00:00,516
2026-05-19 07:15:00+00:00,516
2026-05-19 07:30:00+00:00,516
2026-05-19 07:45:00+00:00,516
2026-05-19 08:00:00+00:00,516
2026-05-19 08:15:00+00:00,516
2026-05-19 08:30:00+00:00,516
2026-05-19 08:45:00+00:00,517
2026-05-19 09:00:00+00:00,517
2026-05-19 09:15:00+00:00,517
2026-05-19 09:30:00+00:00,518
2026-05-19 09:45:00+00:00,518
2026-05-19 10:00:00+00:00,518
2026-05-19 10:15:00+00:00,519
2026-05-19 10:30:00+00:00,519
2026-05-19 10:45:00+00:00,520
2026-05-19 11:00:00+00:00,521
2026-05-19 11:15:00+00:00,522
2026-05-19 11:30:00+00:00,523
2026-05-19 11:45:00+00:00,524
2026-05-19 12:00:00+00:00,525
2026-05-19 12:15:00+00:00,525
2026-05-19 12:30:00+00:00,526
2026-05-19 12:45:00+00:00,527
2026-05-19 13:00:00+00:00,528
2026-05-19 13:15:00+00:00,528
2026-05-19 13:30:00+00:00,528
2026-05-19 13:45:00+00:00,529
2026-05-19 14:00:00+00:00,529
2026-05-19 14:15:00+00:00,529
2026-05-19 14:30:00+00:00,530
2026-05-19 14:45:00+00:00,530
2026-05-19 15:00:00+00:00,530
2026-05-19 15:15:00+00:00,530
2026-05-19 15:30:00+00:00,531
2026-05-19 15:45:00+00:00,531
2026-05-19 16:00:00+00:00,531
2026-05-19 16:15:00+00:00,531
2026-05-19 16:30:00+00:00,531
2026-05-19 16:45:00+00:00,531
2026-05-19 17:00:00+00:00,531
2026-05-19 17:15:00+00:00,532
2026-05-19 17:30:00+00:00,532
2026-05-19 17:45:00+00:00,532
2026-05-19 18:00:00+00:00,533
2026-05-19 18:15:00+00:00,533
2026-05-19 18:30:00+00:00,533
2026-05-19 18:45:00+00:00,534
2026-05-19 19:00:00+00:00,534
2026-05-19 19:15:00+00:00,535
2026-05-19 19:30:00+00:00,535
2026-05-19 19:45:00+00:00,536
2026-05-19 20:00:00+00:00,536
2026-05-19 20:15:00+00:00,536
2026-05-19 20:30:00+00:00,537
2026-05-19 20:45:00+00:00,537
2026-05-19 21:00:00+00:00,538
2026-05-19 21:15:00+00:00,538
2026-05-19 21:30:00+00:00,539
2026-05-19 21:45:00+00:00,539
2026-05-19 22:00:00+00:00,540
2026-05-19 22:15:00+00:00,540
2026-05-19 22:30:00+00:00,541
2026-05-19 22:45:00+00:00,542
2026-05-19 23:00:00+00:00,542
2026-05-19 23:15:00+00:00,543
2026-05-19 23:30:00+00:00,543
2026-05-19 23:45:00+00:00,543
2026-05-20 00:00:00+00:00,544
2026-05-20 00:15:00+00:00,544
2026-05-20 00:30:00+00:00,544
2026-05-20 00:45:00+00:00,544
2026-05-20 01:00:00+00:00,544
2026-05-20 01:15:00+00:00,544
2026-05-20 01:30:00+00:00,545
2026-05-20 01:45:00+00:00,545
2026-05-20 02:00:00+00:00,545
2026-05-20 02:15:00+00:00,545
2026-05-20 02:30:00+00:00,545
2026-05-20 02:45:00+00:00,545
2026-05-20 03:00:00+00:00,545
2026-05-20 03:15:00+00:00,545
2026-05-20 03:30:00+00:00,545
2026-05-20 03:45:00+00:00,545
2026-05-20 04:00:00+00:00,545
2026-05-20 04:15:00+00:00,545
2026-05-20 04:30:00+00:00,545
2026-05-20 04:45:00+00:00,545
2026-05-20 05:00:00+00:00,545
2026-05-20 05:15:00+00:00,545
2026-05-20 05:30:00+00:00,545
2026-05-20 05:45:00+00:00,545
2026-05-20 06:00:00+00:00,545
2026-05-20 06:15:00+00:00,545
2026-05-20 06:30:00+00:00,545
2026-05-20 06:45:00+00:00,546
2026-05-20 07:00:00+00:00,546
2026-05-20 07:15:00+00:00,547
2026-05-20 07:30:00+00:00,548
2026-05-20 07:45:00+00:00,549
2026-05-20 08:00:00+00:00,549
2026-05-20 08:15:00+00:00,550
2026-05-20 08:30:00+00:00,551
2026-05-20 08:45:00+00:00,551
2026-05-20 09:00:00+00:00,552
2026-05-20 09:15:00+00:00,552
2026-05-20 09:30:00+00:00,552
2026-05-20 09:45:00+00:00,553
2026-05-20 10:00:00+00:00,554
2026-05-20 10:15:00+00:00,554
2026-05-20 10:30:00+00:00,555
2026-05-20 10:45:00+00:00,555
2026-05-20 11:00:00+00:00,556
2026-05-20 11:15:00+00:00,556
2026-05-20 11:30:00+00:00,556
2026-05-20 11:45:00+00:00,556
2026-05-20 12:00:00+00:00,557
2026-05-20 12:15:00+00:00,557
2026-05-20 12:30:00+00:00,558
2026-05-20 12:45:00+00:00,558
2026-05-20 13:00:00+00:00,559
2026-05-20 13:15:00+00:00,559
2026-05-20 13:30:00+00:00,560
2026-05-20 13:45:00+00:00,560
2026-05-20 14:00:00+00:00,560
2026-05-20 14:15:00+00:00,561
2026-05-20 14:30:00+00:00,561
2026-05-20 14:45:00+00:00,561
2026-05-20 15:00:00+00:00,562
2026-05-20 15:15:00+00:00,562
2026-05-20 15:30:00+00:00,562
2026-05-20 15:45:00+00:00,563
2026-05-20 16:00:00+00:00,563
2026-05-20 16:15:00+00:00,563
2026-05-20 16:30:00+00:00,563
2026-05-20 16:45:00+00:00,563
2026-05-20 17:00:00+00:00,563
2026-05-20 17:15:00+00:00,564
2026-05-20 17:30:00+00:00,564
2026-05-20 17:45:00+00:00,564
2026-05-20 18:00:00+00:00,565
2026-05-20 18:15:00+00:00,565
2026-05-20 18:30:00+00:00,565
2026-05-20 18:45:00+00:00,566
2026-05-20 19:00:00+00:00,566
2026-05-20 19:15:00+00:00,566
2026-05-20 19:30:00+00:00,567
2026-05-20 19:45:00+00:00,567
2026-05-20 20:00:00+00:00,567
2026-05-20 20:15:00+00:00,568
2026-05-20 20:30:00+00:00,568
2026-05-20 20:45:00+00:00,568
2026-05-20 21:00:00+00:00,569
2026-05-20 21:15:00+00:00,569
2026-05-20 21:30:00+00:00,569
2026-05-20 21:45:00+00:00,569
2026-05-20 22:00:00+00:00,569
2026-05-20 22:15:00+00:00,569
2026-05-20 22:30:00+00:00,568
2026-05-20 22:45:00+00:00,568
2026-05-20 23:00:00+00:00,568
2026-05-20 23:15:00+00:00,569
2026-05-20 23:30:00+00:00,570
2026-05-20 23:45:00+00:00,571
2026-05-21 00:00:00+00:00,572
2026-05-21 00:15:00+00:00,572
2026-05-21 00:30:00+00:00,573
2026-05-21 00:45:00+00:00,573
2026-05-21 01:00:00+00:00,574
2026-05-21 01:15:00+00:00,574
2026-05-21 01:30:00+00:00,575
2026-05-21 01:45:00+00:00,575
2026-05-21 02:00:00+00:00,576
2026-05-21 02:15:00+00:00,576
2026-05-21 02:30:00+00:00,576
2026-05-21 02:45:00+00:00,576
2026-05-21 03:00:00+00:00,576
2026-05-21 03:15:00+00:00,576
2026-05-21 03:30:00+00:00,575
2026-05-21 03:45:00+00:00,575
2026-05-21 04:00:00+00:00,576
2026-05-21 04:15:00+00:00,577
2026-05-21 04:30:00+00:00,577
2026-05-21 04:45:00+00:00,578
2026-05-21 05:00:00+00:00,578
2026-05-21 05:15:00+00:00,579
2026-05-21 05:30:00+00:00,579
2026-05-21 05:45:00+00:00,579
2026-05-21 06:00:00+00:00,580
2026-05-21 06:15:00+00:00,580
2026-05-21 06:30:00+00:00,581
2026-05-21 06:45:00+00:00,581
2026-05-21 07:00:00+00:00,581
2026-05-21 07:15:00+00:00,581
2026-05-21 07:30:00+00:00,581
2026-05-21 07:45:00+00:00,581
2026-05-21 08:00:00+00:00,581
2026-05-21 08:15:00+00:00,581
2026-05-21 08:30:00+00:00,582
2026-05-21 08:45:00+00:00,582
2026-05-21 09:00:00+00:00,582
2026-05-21 09:15:00+00:00,582
2026-05-21 09:30:00+00:00,582
2026-05-21 09:45:00+00:00,582
2026-05-21 10:00:00+00:00,583
2026-05-21 10:15:00+00:00,583
2026-05-21 10:30:00+00:00,584
2026-05-21 10:45:00+00:00,585
2026-05-21 11:00:00+00:00,585
2026-05-21 11:15:00+00:00,586
2026-05-21 11:30:00+00:00,587
2026-05-21 11:45:00+00:00,588
2026-05-21 12:00:00+00:00,589
2026-05-21 12:15:00+00:00,590
2026-05-21 12:30:00+00:00,591
2026-05-21 12:45:00+00:00,592
2026-05-21 13:00:00+00:00,593
2026-05-21 13:15:00+00:00,594
2026-05-21 13:30:00+00:00,595
2026-05-21 13:45:00+00:00,596
2026-05-21 14:00:00+00:00,597
2026-05-21 14:15:00+00:00,597
2026-05-21 14:30:00+00:00,598
2026-05-21 14:45:00+00:00,599
2026-05-21 15:00:00+00:00,599
2026-05-21 15:15:00+00:00,599
2026-05-21 15:30:00+00:00,600
2026-05-21 15:45:00+00:00,600
2026-05-21 16:00:00+00:00,601
2026-05-21 16:15:00+00:00,602
2026-05-21 16:30:00+00:00,602
2026-05-21 16:45:00+00:00,603
2026-05-21 17:00:00+00:00,603
2026-05-21 17:15:00+00:00,604
2026-05-21 17:30:00+00:00,605
2026-05-21 17:45:00+00:00,605
2026-05-21 18:00:00+00:00,606
2026-05-21 18:15:00+00:00,606
2026-05-21 18:30:00+00:00,606
2026-05-21 18:45:00+00:00,607
2026-05-21 19:00:00+00:00,607
2026-05-21 19:15:00+00:00,608
2026-05-21 19:30:00+00:00,609
2026-05-21 19:45:00+00:00,609
2026-05-21 20:00:00+00:00,610
2026-05-21 20:15:00+00:00,611
2026-05-21 20:30:00+00:00,611
2026-05-21 20:45:00+00:00,612
2026-05-21 21:00:00+00:00,612
2026-05-21 21:15:00+00:00,613
2026-05-21 21:30:00+00:00,614
2026-05-21 21:45:00+00:00,614
2026-05-21 22:00:00+00:00,614
2026-05-21 22:15:00+00:00,615
2026-05-21 22:30:00+00:00,615
2026-05-21 22:45:00+00:00,616
2026-05-21 23:00:00+00:00,616
2026-05-21 23:15:00+00:00,617
2026-05-21 23:30:00+00:00,617
2026-05-21 23:45:00+00:00,618
2026-05-22 00:00:00+00:00,618
2026-05-22 00:15:00+00:00,619
2026-05-22 00:30:00+00:00,620
2026-05-22 00:45:00+00:00,620
2026-05-22 01:00:00+00:00,621
2026-05-22 01:15:00+00:00,621
2026-05-22 01:30:00+00:00,622
2026-05-22 01:45:00+00:00,622
2026-05-22 02:00:00+00:00,622
2026-05-22 02:15:00+00:00,623
2026-05-22 02:30:00+00:00,623
2026-05-22 02:45:00+00:00,623
2026-05-22 03:00:00+00:00,624
2026-05-22 03:15:00+00:00,624
2026-05-22 03:30:00+00:00,624
2026-05-22 03:45:00+00:00,624
2026-05-22 04:00:00+00:00,624
2026-05-22 04:15:00+00:00,624
2026-05-22 04:30:00+00:00,625
2026-05-22 04:45:00+00:00,625
2026-05-22 05:00:00+00:00,626
2026-05-22 05:15:00+00:00,627
2026-05-22 05:30:00+00:00,628
2026-05-22 05:45:00+00:00,629
2026-05-22 06:00:00+00:00,630
2026-05-22 06:15:00+00:00,631
2026-05-22 06:30:00+00:00,631
2026-05-22 06:45:00+00:00,632
2026-05-22 07:00:00+00:00,632
2026-05-22 07:15:00+00:00,632
2026-05-22 07:30:00+00:00,633
2026-05-22 07:45:00+00:00,633
2026-05-22 08:00:00+00:00,634
2026-05-22 08:15:00+00:00,634
2026-05-22 08:30:00+00:00,634
2026-05-22 08:45:00+00:00,634
2026-05-22 09:00:00+00:00,634
2026-05-22 09:15:00+00:00,634
2026-05-22 09:30:00+00:00,634
2026-05-22 09:45:00+00:00,634
2026-05-22 10:00:00+00:00,634
2026-05-22 10:15:00+00:00,634
2026-05-22 10:30:00+00:00,635
2026-05-22 10:45:00+00:00,635
2026-05-22 11:00:00+00:00,635
2026-05-22 11:15:00+00:00,635
2026-05-22 11:30:00+00:00,636
2026-05-22 11:45:00+00:00,637
2026-05-22 12:00:00+00:00,638
2026-05-22 12:15:00+00:00,639
2026-05-22 12:30:00+00:00,640
2026-05-22 12:45:00+00:00,641
2026-05-22 13:00:00+00:00,642
2026-05-22 13:15:00+00:00,643
2026-05-22 13:30:00+00:00,644
2026-05-22 13:45:00+00:00,644
2026-05-22 14:00:00+00:00,644
2026-05-22 14:15:00+00:00,643
2026-05-22 14:30:00+00:00,643
2026-05-22 14:45:00+00:00,643
2026-05-22 15:00:00+00:00,643
2026-05-22 15:15:00+00:00,642
2026-05-22 15:30:00+00:00,640
2026-05-22 15:45:00+00:00,640
2026-05-22 16:00:00+00:00,643
2026-05-22 16:15:00+00:00,645
2026-05-22 16:30:00+00:00,647
2026-05-22 16:45:00+00:00,648
2026-05-22 17:00:00+00:00,649
2026-05-22 17:15:00+00:00,650
2026-05-22 17:30:00+00:00,651
2026-05-22 17:45:00+00:00,652
2026-05-22 18:00:00+00:00,652
2026-05-22 18:15:00+00:00,653
2026-05-22 18:30:00+00:00,654
2026-05-22 18:45:00+00:00,654
2026-05-22 19:00:00+00:00,654
2026-05-22 19:15:00+00:00,654
2026-05-22 19:30:00+00:00,655
2026-05-22 19:45:00+00:00,655
2026-05-22 20:00:00+00:00,655
2026-05-22 20:15:00+00:00,656
2026-05-22 20:30:00+00:00,656
2026-05-22 20:45:00+00:00,656
2026-05-22 21:00:00+00:00,656
2026-05-22 21:15:00+00:00,657
2026-05-22 21:30:00+00:00,657
2026-05-22 21:45:00+00:00,657
2026-05-22 22:00:00+00:00,657
2026-05-22 22:15:00+00:00,657
2026-05-22 22:30:00+00:00,657
2026-05-22 22:45:00+00:00,657
2026-05-22 23:00:00+00:00,656
2026-05-22 23:15:00+00:00,657
2026-05-22 23:30:00+00:00,656
2026-05-22 23:45:00+00:00,656
2026-05-23 00:00:00+00:00,656
2026-05-23 00:15:00+00:00,656
2026-05-23 00:30:00+00:00,655
2026-05-23 00:45:00+00:00,656
2026-05-23 01:00:00+00:00,656
2026-05-23 01:15:00+00:00,656
2026-05-23 01:30:00+00:00,656
2026-05-23 01:45:00+00:00,657
2026-05-23 02:00:00+00:00,657
2026-05-23 02:15:00+00:00,657
2026-05-23 02:30:00+00:00,657
2026-05-23 02:45:00+00:00,657
2026-05-23 03:00:00+00:00,657
2026-05-23 03:15:00+00:00,657
2026-05-23 03:30:00+00:00,657
2026-05-23 03:45:00+00:00,657
2026-05-23 04:00:00+00:00,657
2026-05-23 04:15:00+00:00,657
2026-05-23 04:30:00+00:00,658
2026-05-23 04:45:00+00:00,658
2026-05-23 05:00:00+00:00,658
2026-05-23 05:15:00+00:00,659
2026-05-23 05:30:00+00:00,659
2026-05-23 05:45:00+00:00,660
2026-05-23 06:00:00+00:00,660
2026-05-23 06:15:00+00:00,661
2026-05-23 06:30:00+00:00,662
2026-05-23 06:45:00+00:00,662
2026-05-23 07:00:00+00:00,663
2026-05-23 07:15:00+00:00,664
2026-05-23 07:30:00+00:00,664
2026-05-23 07:45:00+00:00,665
2026-05-23 08:00:00+00:00,665
2026-05-23 08:15:00+00:00,666
2026-05-23 08:30:00+00:00,667
2026-05-23 08:45:00+00:00,667
2026-05-23 09:00:00+00:00,668
2026-05-23 09:15:00+00:00,669
2026-05-23 09:30:00+00:00,669
2026-05-23 09:45:00+00:00,670
2026-05-23 10:00:00+00:00,671
2026-05-23 10:15:00+00:00,671
2026-05-23 10:30:00+00:00,672
2026-05-23 10:45:00+00:00,672
2026-05-23 11:00:00+00:00,672
2026-05-23 11:15:00+00:00,673
2026-05-23 11:30:00+00:00,673
2026-05-23 11:45:00+00:00,674
2026-05-23 12:00:00+00:00,674
2026-05-23 12:15:00+00:00,675
2026-05-23 12:30:00+00:00,676
2026-05-23 12:45:00+00:00,676
2026-05-23 13:00:00+00:00,677
2026-05-23 13:15:00+00:00,677
2026-05-23 13:30:00+00:00,678
2026-05-23 13:45:00+00:00,679
2026-05-23 14:00:00+00:00,679
2026-05-23 14:15:00+00:00,680
2026-05-23 14:30:00+00:00,681
2026-05-23 14:45:00+00:00,681
2026-05-23 15:00:00+00:00,682
2026-05-23 15:15:00+00:00,682
2026-05-23 15:30:00+00:00,683
2026-05-23 15:45:00+00:00,683
2026-05-23 16:00:00+00:00,683
2026-05-23 16:15:00+00:00,684
2026-05-23 16:30:00+00:00,684
2026-05-23 16:45:00+00:00,684
2026-05-23 17:00:00+00:00,684
2026-05-23 17:15:00+00:00,684
2026-05-23 17:30:00+00:00,684
2026-05-23 17:45:00+00:00,684
2026-05-23 18:00:00+00:00,684
2026-05-23 18:15:00+00:00,684
2026-05-23 18:30:00+00:00,685
2026-05-23 18:45:00+00:00,685
2026-05-23 19:00:00+00:00,685
2026-05-23 19:15:00+00:00,686
2026-05-23 19:30:00+00:00,687
2026-05-23 19:45:00+00:00,687
2026-05-23 20:00:00+00:00,688
2026-05-23 20:15:00+00:00,688
2026-05-23 20:30:00+00:00,689
2026-05-23 20:45:00+00:00,690
2026-05-23 21:00:00+00:00,691
2026-05-23 21:15:00+00:00,692
2026-05-23 21:30:00+00:00,692
2026-05-23 21:45:00+00:00,692
2026-05-23 22:00:00+00:00,692
2026-05-23 22:15:00+00:00,692
2026-05-23 22:30:00+00:00,691
2026-05-23 22:45:00+00:00,690
2026-05-23 23:00:00+00:00,689
2026-05-23 23:15:00+00:00,688
2026-05-23 23:30:00+00:00,685
2026-05-23 23:45:00+00:00,683
2026-05-24 00:00:00+00:00,680
2026-05-24 00:15:00+00:00,677
2026-05-24 00:30:00+00:00,674
2026-05-24 00:45:00+00:00,670
2026-05-24 01:00:00+00:00,666
2026-05-24 01:15:00+00:00,662
2026-05-24 01:30:00+00:00,659
2026-05-24 01:45:00+00:00,656
2026-05-24 02:00:00+00:00,653
2026-05-24 02:15:00+00:00,650
2026-05-24 02:30:00+00:00,648
2026-05-24 02:45:00+00:00,645
2026-05-24 03:00:00+00:00,642
2026-05-24 03:15:00+00:00,639
2026-05-24 03:30:00+00:00,636
2026-05-24 03:45:00+00:00,634
2026-05-24 04:00:00+00:00,632
2026-05-24 04:15:00+00:00,630
2026-05-24 04:30:00+00:00,629
2026-05-24 04:45:00+00:00,627
2026-05-24 05:00:00+00:00,625
2026-05-24 05:15:00+00:00,624
2026-05-24 05:30:00+00:00,622
2026-05-24 05:45:00+00:00,621
2026-05-24 06:00:00+00:00,619
2026-05-24 06:15:00+00:00,618
2026-05-24 06:30:00+00:00,617
2026-05-24 06:45:00+00:00,615
2026-05-24 07:00:00+00:00,615
2026-05-24 07:15:00+00:00,614
2026-05-24 07:30:00+00:00,613
2026-05-24 07:45:00+00:00,612
2026-05-24 08:00:00+00:00,612
2026-05-24 08:15:00+00:00,611
2026-05-24 08:30:00+00:00,611
2026-05-24 08:45:00+00:00,611
2026-05-24 09:00:00+00:00,611
2026-05-24 09:15:00+00:00,611
2026-05-24 09:30:00+00:00,611
2026-05-24 09:45:00+00:00,611
2026-05-24 10:00:00+00:00,611
2026-05-24 10:15:00+00:00,611
2026-05-24 10:30:00+00:00,611
2026-05-24 10:45:00+00:00,611
2026-05-24 11:00:00+00:00,611
2026-05-24 11:15:00+00:00,610
2026-05-24 11:30:00+00:00,611
2026-05-24 11:45:00+00:00,611
2026-05-24 12:00:00+00:00,611
2026-05-24 12:15:00+00:00,612
2026-05-24 12:30:00+00:00,612
2026-05-24 12:45:00+00:00,613
2026-05-24 13:00:00+00:00,613
2026-05-24 13:15:00+00:00,613
2026-05-24 13:30:00+00:00,613
2026-05-24 13:45:00+00:00,613
2026-05-24 14:00:00+00:00,612
2026-05-24 14:15:00+00:00,612
2026-05-24 14:30:00+00:00,611
2026-05-24 14:45:00+00:00,611
2026-05-24 15:00:00+00:00,610
2026-05-24 15:15:00+00:00,609
2026-05-24 15:30:00+00:00,608
2026-05-24 15:45:00+00:00,607
2026-05-24 16:00:00+00:00,605
2026-05-24 16:15:00+00:00,604
2026-05-24 16:30:00+00:00,603
2026-05-24 16:45:00+00:00,601
2026-05-24 17:00:00+00:00,600
2026-05-24 17:15:00+00:00,599
2026-05-24 17:30:00+00:00,598
2026-05-24 17:45:00+00:00,597
2026-05-24 18:00:00+00:00,596
2026-05-24 18:15:00+00:00,595
2026-05-24 18:30:00+00:00,594
2026-05-24 18:45:00+00:00,593
2026-05-24 19:00:00+00:00,593
2026-05-24 19:15:00+00:00,592
2026-05-24 19:30:00+00:00,592
2026-05-24 19:45:00+00:00,591
2026-05-24 20:00:00+00:00,590
2026-05-24 20:15:00+00:00,590
2026-05-24 20:30:00+00:00,590
2026-05-24 20:45:00+00:00,589
2026-05-24 21:00:00+00:00,589
2026-05-24 21:15:00+00:00,589
2026-05-24 21:30:00+00:00,589
2026-05-24 21:45:00+00:00,589
2026-05-24 22:00:00+00:00,588
2026-05-24 22:15:00+00:00,588
2026-05-24 22:30:00+00:00,588
2026-05-24 22:45:00+00:00,587
2026-05-24 23:00:00+00:00,587
2026-05-24 23:15:00+00:00,587
2026-05-24 23:30:00+00:00,587
2026-05-24 23:45:00+00:00,587
2026-05-25 00:00:00+00:00,586
2026-05-25 00:15:00+00:00,586
2026-05-25 00:30:00+00:00,586
2026-05-25 00:45:00+00:00,585
2026-05-25 01:00:00+00:00,585
2026-05-25 01:15:00+00:00,584
2026-05-25 01:30:00+00:00,584
2026-05-25 01:45:00+00:00,583
2026-05-25 02:00:00+00:00,583
2026-05-25 02:15:00+00:00,582
2026-05-25 02:30:00+00:00,582
2026-05-25 02:45:00+00:00,581
2026-05-25 03:00:00+00:00,580
2026-05-25 03:15:00+00:00,580
2026-05-25 03:30:00+00:00,580
2026-05-25 03:45:00+00:00,579
2026-05-25 04:00:00+00:00,579
2026-05-25 04:15:00+00:00,579
2026-05-25 04:30:00+00:00,578
2026-05-25 04:45:00+00:00,578
2026-05-25 05:00:00+00:00,577
2026-05-25 05:15:00+00:00,576
2026-05-25 05:30:00+00:00,576
2026-05-25 05:45:00+00:00,575
2026-05-25 06:00:00+00:00,575
2026-05-25 06:15:00+00:00,575
2026-05-25 06:30:00+00:00,574
2026-05-25 06:45:00+00:00,574
2026-05-25 07:00:00+00:00,573
2026-05-25 07:15:00+00:00,573
2026-05-25 07:30:00+00:00,572
2026-05-25 07:45:00+00:00,572
2026-05-25 08:00:00+00:00,571
2026-05-25 08:15:00+00:00,571
2026-05-25 08:30:00+00:00,570
2026-05-25 08:45:00+00:00,570
2026-05-25 09:00:00+00:00,570
2026-05-25 09:15:00+00:00,570
2026-05-25 09:30:00+00:00,571
2026-05-25 09:45:00+00:00,571
2026-05-25 10:00:00+00:00,571
2026-05-25 10:15:00+00:00,571
2026-05-25 10:30:00+00:00,572
2026-05-25 10:45:00+00:00,572
2026-05-25 11:00:00+00:00,572
2026-05-25 11:15:00+00:00,572
2026-05-25 11:30:00+00:00,572
2026-05-25 11:45:00+00:00,572
2026-05-25 12:00:00+00:00,572
2026-05-25 12:15:00+00:00,571
2026-05-25 12:30:00+00:00,570
2026-05-25 12:45:00+00:00,569
2026-05-25 13:00:00+00:00,568
2026-05-25 13:15:00+00:00,567
2026-05-25 13:30:00+00:00,566
2026-05-25 13:45:00+00:00,564
2026-05-25 14:00:00+00:00,563
2026-05-25 14:15:00+00:00,561
2026-05-25 14:30:00+00:00,560
2026-05-25 14:45:00+00:00,559
2026-05-25 15:00:00+00:00,557
2026-05-25 15:15:00+00:00,556
2026-05-25 15:30:00+00:00,555
2026-05-25 15:45:00+00:00,554
2026-05-25 16:00:00+00:00,553
2026-05-25 16:15:00+00:00,552
2026-05-25 16:30:00+00:00,552
2026-05-25 16:45:00+00:00,551
2026-05-25 17:00:00+00:00,550
2026-05-25 17:15:00+00:00,550
2026-05-25 17:30:00+00:00,549
2026-05-25 17:45:00+00:00,548
2026-05-25 18:00:00+00:00,548
2026-05-25 18:15:00+00:00,547
2026-05-25 18:30:00+00:00,547
2026-05-25 18:45:00+00:00,546
2026-05-25 19:00:00+00:00,546
2026-05-25 19:15:00+00:00,546
2026-05-25 19:30:00+00:00,546
2026-05-25 19:45:00+00:00,545
2026-05-25 20:00:00+00:00,545
2026-05-25 20:15:00+00:00,544
2026-05-25 20:30:00+00:00,544
2026-05-25 20:45:00+00:00,543
2026-05-25 21:00:00+00:00,543
2026-05-25 21:15:00+00:00,543
2026-05-25 21:30:00+00:00,542
2026-05-25 21:45:00+00:00,542
2026-05-25 22:00:00+00:00,542
2026-05-25 22:15:00+00:00,542
2026-05-25 22:30:00+00:00,541
2026-05-25 22:45:00+00:00,541
2026-05-25 23:00:00+00:00,540
2026-05-25 23:15:00+00:00,540
2026-05-25 23:30:00+00:00,540
2026-05-25 23:45:00+00:00,539
2026-05-26 00:00:00+00:00,539
2026-05-26 00:15:00+00:00,538
2026-05-26 00:30:00+00:00,538
2026-05-26 00:45:00+00:00,537
2026-05-26 01:00:00+00:00,537
2026-05-26 01:15:00+00:00,537
2026-05-26 01:30:00+00:00,536
2026-05-26 01:45:00+00:00,536
2026-05-26 02:00:00+00:00,536
2026-05-26 02:15:00+00:00,535
2026-05-26 02:30:00+00:00,535
2026-05-26 02:45:00+00:00,535
2026-05-26 03:00:00+00:00,535
2026-05-26 03:15:00+00:00,534
2026-05-26 03:30:00+00:00,534
2026-05-26 03:45:00+00:00,534
2026-05-26 04:00:00+00:00,533
2026-05-26 04:15:00+00:00,533
2026-05-26 04:30:00+00:00,533
2026-05-26 04:45:00+00:00,533
2026-05-26 05:00:00+00:00,533
2026-05-26 05:15:00+00:00,533
2026-05-26 05:30:00+00:00,533
2026-05-26 05:45:00+00:00,533
2026-05-26 06:00:00+00:00,533
2026-05-26 06:15:00+00:00,534
2026-05-26 06:30:00+00:00,534
2026-05-26 06:45:00+00:00,534
2026-05-26 07:00:00+00:00,534
2026-05-26 07:15:00+00:00,534
2026-05-26 07:30:00+00:00,533
2026-05-26 07:45:00+00:00,533
2026-05-26 08:00:00+00:00,533
2026-05-26 08:15:00+00:00,533
2026-05-26 08:30:00+00:00,533
2026-05-26 08:45:00+00:00,533
2026-05-26 09:00:00+00:00,533
2026-05-26 09:15:00+00:00,533
2026-05-26 09:30:00+00:00,534
2026-05-26 09:45:00+00:00,534
2026-05-26 10:00:00+00:00,534
2026-05-26 10:15:00+00:00,534
2026-05-26 10:30:00+00:00,534
2026-05-26 10:45:00+00:00,534
2026-05-26 11:00:00+00:00,534
2026-05-26 11:15:00+00:00,534
2026-05-26 11:30:00+00:00,534
2026-05-26 11:45:00+00:00,534
2026-05-26 12:00:00+00:00,533
2026-05-26 12:15:00+00:00,533
2026-05-26 12:30:00+00:00,533
2026-05-26 12:45:00+00:00,533
2026-05-26 13:00:00+00:00,533
2026-05-26 13:15:00+00:00,533
2026-05-26 13:30:00+00:00,534
2026-05-26 13:45:00+00:00,534
2026-05-26 14:00:00+00:00,534
2026-05-26 14:15:00+00:00,534
2026-05-26 14:30:00+00:00,535
2026-05-26 14:45:00+00:00,535
2026-05-26 15:00:00+00:00,535
2026-05-26 15:15:00+00:00,536
2026-05-26 15:30:00+00:00,536
2026-05-26 15:45:00+00:00,536
2026-05-26 16:00:00+00:00,536
2026-05-26 16:15:00+00:00,536
2026-05-26 16:30:00+00:00,537
2026-05-26 16:45:00+00:00,537
2026-05-26 17:00:00+00:00,537
2026-05-26 17:15:00+00:00,537
2026-05-26 17:30:00+00:00,537
2026-05-26 17:45:00+00:00,537
2026-05-26 18:00:00+00:00,537
2026-05-26 18:15:00+00:00,537
2026-05-26 18:30:00+00:00,537
2026-05-26 18:45:00+00:00,537
2026-05-26 19:00:00+00:00,537
2026-05-26 19:15:00+00:00,537
2026-05-26 19:30:00+00:00,537
2026-05-26 19:45:00+00:00,536
2026-05-26 20:00:00+00:00,536
2026-05-26 20:15:00+00:00,536
2026-05-26 20:30:00+00:00,536
2026-05-26 20:45:00+00:00,536
2026-05-26 21:00:00+00:00,536
2026-05-26 21:15:00+00:00,536
2026-05-26 21:30:00+00:00,537
2026-05-26 21:45:00+00:00,537
2026-05-26 22:00:00+00:00,537
2026-05-26 22:15:00+00:00,537
2026-05-26 22:30:00+00:00,538
2026-05-26 22:45:00+00:00,538
2026-05-26 23:00:00+00:00,538
2026-05-26 23:15:00+00:00,538
2026-05-26 23:30:00+00:00,538
2026-05-26 23:45:00+00:00,538
2026-05-27 00:00:00+00:00,538
2026-05-27 00:15:00+00:00,538
2026-05-27 00:30:00+00:00,537
2026-05-27 00:45:00+00:00,537
2026-05-27 01:00:00+00:00,537
2026-05-27 01:15:00+00:00,537
2026-05-27 01:30:00+00:00,537
2026-05-27 01:45:00+00:00,537
2026-05-27 02:00:00+00:00,537
2026-05-27 02:15:00+00:00,537
2026-05-27 02:30:00+00:00,537
2026-05-27 02:45:00+00:00,536
2026-05-27 03:00:00+00:00,536
2026-05-27 03:15:00+00:00,536
2026-05-27 03:30:00+00:00,536
2026-05-27 03:45:00+00:00,536
2026-05-27 04:00:00+00:00,536
2026-05-27 04:15:00+00:00,535
2026-05-27 04:30:00+00:00,535
2026-05-27 04:45:00+00:00,535
2026-05-27 05:00:00+00:00,535
2026-05-27 05:15:00+00:00,535
2026-05-27 05:30:00+00:00,535
2026-05-27 05:45:00+00:00,535
2026-05-27 06:00:00+00:00,534
2026-05-27 06:15:00+00:00,534
2026-05-27 06:30:00+00:00,534
2026-05-27 06:45:00+00:00,534
2026-05-27 07:00:00+00:00,533
2026-05-27 07:15:00+00:00,533
2026-05-27 07:30:00+00:00,533
2026-05-27 07:45:00+00:00,533
2026-05-27 08:00:00+00:00,533
2026-05-27 08:15:00+00:00,533
2026-05-27 08:30:00+00:00,533
2026-05-27 08:45:00+00:00,533
2026-05-27 09:00:00+00:00,532
2026-05-27 09:15:00+00:00,532
2026-05-27 09:30:00+00:00,532
2026-05-27 09:45:00+00:00,532
2026-05-27 10:00:00+00:00,532
2026-05-27 10:15:00+00:00,531
2026-05-27 10:30:00+00:00,531
2026-05-27 10:45:00+00:00,531
2026-05-27 11:00:00+00:00,530
2026-05-27 11:15:00+00:00,530
2026-05-27 11:30:00+00:00,530
2026-05-27 11:45:00+00:00,530
2026-05-27 12:00:00+00:00,530
2026-05-27 12:15:00+00:00,530
2026-05-27 12:30:00+00:00,530
2026-05-27 12:45:00+00:00,529
2026-05-27 13:00:00+00:00,529
2026-05-27 13:15:00+00:00,529
2026-05-27 13:30:00+00:00,528
2026-05-27 13:45:00+00:00,528
2026-05-27 14:00:00+00:00,527
2026-05-27 14:15:00+00:00,527
2026-05-27 14:30:00+00:00,526
2026-05-27 14:45:00+00:00,526
2026-05-27 15:00:00+00:00,525
2026-05-27 15:15:00+00:00,524
2026-05-27 15:30:00+00:00,524
2026-05-27 15:45:00+00:00,524
2026-05-27 16:00:00+00:00,523
2026-05-27 16:15:00+00:00,522
2026-05-27 16:30:00+00:00,522
2026-05-27 16:45:00+00:00,521
2026-05-27 17:00:00+00:00,521
2026-05-27 17:15:00+00:00,520
2026-05-27 17:30:00+00:00,520
2026-05-27 17:45:00+00:00,519
2026-05-27 18:00:00+00:00,519
2026-05-27 18:15:00+00:00,518
2026-05-27 18:30:00+00:00,518
2026-05-27 18:45:00+00:00,518
2026-05-27 19:00:00+00:00,517
2026-05-27 19:15:00+00:00,517
2026-05-27 19:30:00+00:00,517
2026-05-27 19:45:00+00:00,517
2026-05-27 20:00:00+00:00,516
2026-05-27 20:15:00+00:00,516
2026-05-27 20:30:00+00:00,516
2026-05-27 20:45:00+00:00,515
2026-05-27 21:00:00+00:00,515
2026-05-27 21:15:00+00:00,515
2026-05-27 21:30:00+00:00,515
2026-05-27 21:45:00+00:00,515
2026-05-27 22:00:00+00:00,515
2026-05-27 22:15:00+00:00,515
2026-05-27 22:30:00+00:00,515
2026-05-27 22:45:00+00:00,515
2026-05-27 23:00:00+00:00,515
2026-05-27 23:15:00+00:00,515
2026-05-27 23:30:00+00:00,515
2026-05-27 23:45:00+00:00,515
2026-05-28 00:00:00+00:00,515
2026-05-28 00:15:00+00:00,515
2026-05-28 00:30:00+00:00,515
2026-05-28 00:45:00+00:00,514
2026-05-28 01:00:00+00:00,514
2026-05-28 01:15:00+00:00,515
2026-05-28 01:30:00+00:00,515
2026-05-28 01:45:00+00:00,514
2026-05-28 02:00:00+00:00,514
2026-05-28 02:15:00+00:00,514
2026-05-28 02:30:00+00:00,514
2026-05-28 02:45:00+00:00,514
2026-05-28 03:00:00+00:00,514
2026-05-28 03:15:00+00:00,514
2026-05-28 03:30:00+00:00,514
2026-05-28 03:45:00+00:00,514
2026-05-28 04:00:00+00:00,513
2026-05-28 04:15:00+00:00,513
2026-05-28 04:30:00+00:00,513
2026-05-28 04:45:00+00:00,512
2026-05-28 05:00:00+00:00,511
2026-05-28 05:15:00+00:00,511
2026-05-28 05:30:00+00:00,510
2026-05-28 05:45:00+00:00,510
2026-05-28 06:00:00+00:00,510
2026-05-28 06:15:00+00:00,510
2026-05-28 06:30:00+00:00,509
2026-05-28 06:45:00+00:00,509
2026-05-28 07:00:00+00:00,509
2026-05-28 07:15:00+00:00,509
2026-05-28 07:30:00+00:00,508
2026-05-28 07:45:00+00:00,508
2026-05-28 08:00:00+00:00,508
2026-05-28 08:15:00+00:00,507
2026-05-28 08:30:00+00:00,507
2026-05-28 08:45:00+00:00,507
2026-05-28 09:00:00+00:00,507
2026-05-28 09:15:00+00:00,507
2026-05-28 09:30:00+00:00,506
2026-05-28 09:45:00+00:00,506
2026-05-28 10:00:00+00:00,506
2026-05-28 10:15:00+00:00,506
2026-05-28 10:30:00+00:00,506
2026-05-28 10:45:00+00:00,506
2026-05-28 11:00:00+00:00,506
2026-05-28 11:15:00+00:00,506
2026-05-28 11:30:00+00:00,506
2026-05-28 11:45:00+00:00,506
2026-05-28 12:00:00+00:00,506
2026-05-28 12:15:00+00:00,506
2026-05-28 12:30:00+00:00,506
2026-05-28 12:45:00+00:00,507
2026-05-28 13:00:00+00:00,507
2026-05-28 13:15:00+00:00,507
2026-05-28 13:30:00+00:00,507
2026-05-28 13:45:00+00:00,507
2026-05-28 14:00:00+00:00,507
2026-05-28 14:15:00+00:00,507
2026-05-28 14:30:00+00:00,507
2026-05-28 14:45:00+00:00,507
2026-05-28 15:00:00+00:00,507
2026-05-28 15:15:00+00:00,507
2026-05-28 15:30:00+00:00,507
2026-05-28 15:45:00+00:00,507
2026-05-28 16:00:00+00:00,507
2026-05-28 16:15:00+00:00,507
2026-05-28 16:30:00+00:00,507
2026-05-28 16:45:00+00:00,507
2026-05-28 17:00:00+00:00,507
2026-05-28 17:15:00+00:00,506
2026-05-28 17:30:00+00:00,507
2026-05-28 17:45:00+00:00,507
2026-05-28 18:00:00+00:00,508
2026-05-28 18:15:00+00:00,508
2026-05-28 18:30:00+00:00,508
2026-05-28 18:45:00+00:00,509
2026-05-28 19:00:00+00:00,509
2026-05-28 19:15:00+00:00,509
2026-05-28 19:30:00+00:00,510
2026-05-28 19:45:00+00:00,510
2026-05-28 20:00:00+00:00,510
2026-05-28 20:15:00+00:00,510
2026-05-28 20:30:00+00:00,511
2026-05-28 20:45:00+00:00,511
2026-05-28 21:00:00+00:00,512
2026-05-28 21:15:00+00:00,512
2026-05-28 21:30:00+00:00,513
2026-05-28 21:45:00+00:00,513
2026-05-28 22:00:00+00:00,514
2026-05-28 22:15:00+00:00,515
2026-05-28 22:30:00+00:00,515
2026-05-28 22:45:00+00:00,516
2026-05-28 23:00:00+00:00,516
2026-05-28 23:15:00+00:00,516
2026-05-28 23:30:00+00:00,516
2026-05-28 23:45:00+00:00,516
2026-05-29 00:00:00+00:00,516
2026-05-29 00:15:00+00:00,516
2026-05-29 00:30:00+00:00,515
2026-05-29 00:45:00+00:00,515
2026-05-29 01:00:00+00:00,515
2026-05-29 01:15:00+00:00,514
2026-05-29 01:30:00+00:00,514
2026-05-29 01:45:00+00:00,513
2026-05-29 02:00:00+00:00,512
2026-05-29 02:15:00+00:00,512
2026-05-29 02:30:00+00:00,511
2026-05-29 02:45:00+00:00,510
2026-05-29 03:00:00+00:00,509
2026-05-29 03:15:00+00:00,508
2026-05-29 03:30:00+00:00,507
2026-05-29 03:45:00+00:00,506
2026-05-29 04:00:00+00:00,505
2026-05-29 04:15:00+00:00,504
2026-05-29 04:30:00+00:00,503
2026-05-29 04:45:00+00:00,502
2026-05-29 05:00:00+00:00,501
2026-05-29 05:15:00+00:00,500
2026-05-29 05:30:00+00:00,499
2026-05-29 05:45:00+00:00,497
2026-05-29 06:00:00+00:00,496
2026-05-29 06:15:00+00:00,495
2026-05-29 06:30:00+00:00,494
2026-05-29 06:45:00+00:00,493
2026-05-29 07:00:00+00:00,492
2026-05-29 07:15:00+00:00,491
2026-05-29 07:30:00+00:00,490
2026-05-29 07:45:00+00:00,489
2026-05-29 08:00:00+00:00,488
2026-05-29 08:15:00+00:00,488
2026-05-29 08:30:00+00:00,487
2026-05-29 08:45:00+00:00,487
2026-05-29 09:00:00+00:00,486
2026-05-29 09:15:00+00:00,486
2026-05-29 09:30:00+00:00,486
2026-05-29 09:45:00+00:00,485
2026-05-29 10:00:00+00:00,485
2026-05-29 10:15:00+00:00,484
2026-05-29 10:30:00+00:00,484
2026-05-29 10:45:00+00:00,483
2026-05-29 11:00:00+00:00,482
2026-05-29 11:15:00+00:00,482
2026-05-29 11:30:00+00:00,481
2026-05-29 11:45:00+00:00,481
2026-05-29 12:00:00+00:00,481
2026-05-29 12:15:00+00:00,480
2026-05-29 12:30:00+00:00,480
2026-05-29 12:45:00+00:00,480
2026-05-29 13:00:00+00:00,479
2026-05-29 13:15:00+00:00,479
2026-05-29 13:30:00+00:00,478
2026-05-29 13:45:00+00:00,478
2026-05-29 14:00:00+00:00,478
2026-05-29 14:15:00+00:00,477
2026-05-29 14:30:00+00:00,477
2026-05-29 14:45:00+00:00,476
2026-05-29 15:00:00+00:00,476
2026-05-29 15:15:00+00:00,476
2026-05-29 15:30:00+00:00,475
2026-05-29 15:45:00+00:00,475
2026-05-29 16:00:00+00:00,474
2026-05-29 16:15:00+00:00,474
2026-05-29 16:30:00+00:00,474
2026-05-29 16:45:00+00:00,474
2026-05-29 17:00:00+00:00,474
2026-05-29 17:15:00+00:00,474
2026-05-29 17:30:00+00:00,474
2026-05-29 17:45:00+00:00,474
2026-05-29 18:00:00+00:00,474
2026-05-29 18:15:00+00:00,475
2026-05-29 18:30:00+00:00,475
2026-05-29 18:45:00+00:00,476
2026-05-29 19:00:00+00:00,476
2026-05-29 19:15:00+00:00,477
2026-05-29 19:30:00+00:00,478
2026-05-29 19:45:00+00:00,478
2026-05-29 20:00:00+00:00,479
2026-05-29 20:15:00+00:00,479
2026-05-29 20:30:00+00:00,480
2026-05-29 20:45:00+00:00,480
2026-05-29 21:00:00+00:00,481
2026-05-29 21:15:00+00:00,481
2026-05-29 21:30:00+00:00,482
2026-05-29 21:45:00+00:00,482
2026-05-29 22:00:00+00:00,482
2026-05-29 22:15:00+00:00,483
2026-05-29 22:30:00+00:00,483
2026-05-29 22:45:00+00:00,484
2026-05-29 23:00:00+00:00,484
2026-05-29 23:15:00+00:00,483
2026-05-29 23:30:00+00:00,484
2026-05-29 23:45:00+00:00,483
2026-05-30 00:00:00+00:00,483
2026-05-30 00:15:00+00:00,483
2026-05-30 00:30:00+00:00,483
2026-05-30 00:45:00+00:00,483
2026-05-30 01:00:00+00:00,483
2026-05-30 01:15:00+00:00,482
2026-05-30 01:30:00+00:00,482
2026-05-30 01:45:00+00:00,482
2026-05-30 02:00:00+00:00,482
2026-05-30 02:15:00+00:00,482
2026-05-30 02:30:00+00:00,482
2026-05-30 02:45:00+00:00,482
2026-05-30 03:00:00+00:00,482
2026-05-30 03:15:00+00:00,482
2026-05-30 03:30:00+00:00,482
2026-05-30 03:45:00+00:00,482
2026-05-30 04:00:00+00:00,482
2026-05-30 04:15:00+00:00,482
2026-05-30 04:30:00+00:00,482
2026-05-30 04:45:00+00:00,482
2026-05-30 05:00:00+00:00,481
2026-05-30 05:15:00+00:00,481
2026-05-30 05:30:00+00:00,481
2026-05-30 05:45:00+00:00,481
2026-05-30 06:00:00+00:00,481
2026-05-30 06:15:00+00:00,481
2026-05-30 06:30:00+00:00,481
2026-05-30 06:45:00+00:00,482
2026-05-30 07:00:00+00:00,482
2026-05-30 07:15:00+00:00,482
2026-05-30 07:30:00+00:00,483
2026-05-30 07:45:00+00:00,483
2026-05-30 08:00:00+00:00,483
2026-05-30 08:15:00+00:00,483
2026-05-30 08:30:00+00:00,483
2026-05-30 08:45:00+00:00,484
2026-05-30 09:00:00+00:00,484
2026-05-30 09:15:00+00:00,484
2026-05-30 09:30:00+00:00,484
2026-05-30 09:45:00+00:00,484
2026-05-30 10:00:00+00:00,485
2026-05-30 10:15:00+00:00,485
2026-05-30 10:30:00+00:00,485
2026-05-30 10:45:00+00:00,485
2026-05-30 11:00:00+00:00,485
2026-05-30 11:15:00+00:00,485
2026-05-30 11:30:00+00:00,485
2026-05-30 11:45:00+00:00,485
2026-05-30 12:00:00+00:00,485
2026-05-30 12:15:00+00:00,485
2026-05-30 12:30:00+00:00,485
2026-05-30 12:45:00+00:00,485
2026-05-30 13:00:00+00:00,485
2026-05-30 13:15:00+00:00,485
2026-05-30 13:30:00+00:00,485
2026-05-30 13:45:00+00:00,485
2026-05-30 14:00:00+00:00,485
2026-05-30 14:15:00+00:00,485
2026-05-30 14:30:00+00:00,486
2026-05-30 14:45:00+00:00,486
2026-05-30 15:00:00+00:00,486
2026-05-30 15:15:00+00:00,486
2026-05-30 15:30:00+00:00,487
2026-05-30 15:45:00+00:00,487
2026-05-30 16:00:00+00:00,488
2026-05-30 16:15:00+00:00,489
2026-05-30 16:30:00+00:00,490
2026-05-30 16:45:00+00:00,491
2026-05-30 17:00:00+00:00,492
2026-05-30 17:15:00+00:00,492
2026-05-30 17:30:00+00:00,493
2026-05-30 17:45:00+00:00,493
2026-05-30 18:00:00+00:00,494
2026-05-30 18:15:00+00:00,494
2026-05-30 18:30:00+00:00,494
2026-05-30 18:45:00+00:00,495
2026-05-30 19:00:00+00:00,495
2026-05-30 19:15:00+00:00,496
2026-05-30 19:30:00+00:00,497
2026-05-30 19:45:00+00:00,498
2026-05-30 20:00:00+00:00,499
2026-05-30 20:15:00+00:00,500
2026-05-30 20:30:00+00:00,501
2026-05-30 20:45:00+00:00,502
2026-05-30 21:00:00+00:00,504
2026-05-30 21:15:00+00:00,504
2026-05-30 21:30:00+00:00,505
2026-05-30 21:45:00+00:00,506
2026-05-30 22:00:00+00:00,507
2026-05-30 22:15:00+00:00,507
2026-05-30 22:30:00+00:00,508
2026-05-30 22:45:00+00:00,509
2026-05-30 23:00:00+00:00,509
2026-05-30 23:15:00+00:00,509
2026-05-30 23:30:00+00:00,509
2026-05-30 23:45:00+00:00,509
2026-05-31 00:00:00+00:00,509
2026-05-31 00:15:00+00:00,509
2026-05-31 00:30:00+00:00,509
2026-05-31 00:45:00+00:00,510
2026-05-31 01:00:00+00:00,511
2026-05-31 01:15:00+00:00,511
2026-05-31 01:30:00+00:00,511
2026-05-31 01:45:00+00:00,510
2026-05-31 02:00:00+00:00,510
2026-05-31 02:15:00+00:00,509
2026-05-31 02:30:00+00:00,509
2026-05-31 02:45:00+00:00,508
2026-05-31 03:00:00+00:00,508
2026-05-31 03:15:00+00:00,508
2026-05-31 03:30:00+00:00,508
2026-05-31 03:45:00+00:00,507
2026-05-31 04:00:00+00:00,507
2026-05-31 04:15:00+00:00,507
2026-05-31 04:30:00+00:00,506
2026-05-31 04:45:00+00:00,505
2026-05-31 05:00:00+00:00,504
2026-05-31 05:15:00+00:00,503
2026-05-31 05:30:00+00:00,502
2026-05-31 05:45:00+00:00,502
2026-05-31 06:00:00+00:00,501
2026-05-31 06:15:00+00:00,501
2026-05-31 06:30:00+00:00,500
2026-05-31 06:45:00+00:00,500
2026-05-31 07:00:00+00:00,500
2026-05-31 07:15:00+00:00,500
2026-05-31 07:30:00+00:00,500
2026-05-31 07:45:00+00:00,500
2026-05-31 08:00:00+00:00,501
2026-05-31 08:15:00+00:00,501
2026-05-31 08:30:00+00:00,502
2026-05-31 08:45:00+00:00,503
2026-05-31 09:00:00+00:00,504
2026-05-31 09:15:00+00:00,504
2026-05-31 09:30:00+00:00,505
2026-05-31 09:45:00+00:00,505
2026-05-31 10:00:00+00:00,505
2026-05-31 10:15:00+00:00,505
2026-05-31 10:30:00+00:00,504
2026-05-31 10:45:00+00:00,503
2026-05-31 11:00:00+00:00,503
2026-05-31 11:15:00+00:00,503
2026-05-31 11:30:00+00:00,502
2026-05-31 11:45:00+00:00,502
2026-05-31 12:00:00+00:00,502
2026-05-31 12:15:00+00:00,502
2026-05-31 12:30:00+00:00,502
2026-05-31 12:45:00+00:00,502
2026-05-31 13:00:00+00:00,502
2026-05-31 13:15:00+00:00,501
2026-05-31 13:30:00+00:00,501
2026-05-31 13:45:00+00:00,501
2026-05-31 14:00:00+00:00,500
2026-05-31 14:15:00+00:00,500
2026-05-31 14:30:00+00:00,500
2026-05-31 14:45:00+00:00,499
2026-05-31 15:00:00+00:00,499
2026-05-31 15:15:00+00:00,499
2026-05-31 15:30:00+00:00,499
2026-05-31 15:45:00+00:00,499
2026-05-31 16:00:00+00:00,499
2026-05-31 16:15:00+00:00,500
2026-05-31 16:30:00+00:00,501
2026-05-31 16:45:00+00:00,502
2026-05-31 17:00:00+00:00,502
2026-05-31 17:15:00+00:00,502
2026-05-31 17:30:00+00:00,501
2026-05-31 17:45:00+00:00,501
2026-05-31 18:00:00+00:00,501
2026-05-31 18:15:00+00:00,501
2026-05-31 18:30:00+00:00,501
2026-05-31 18:45:00+00:00,501
2026-05-31 19:00:00+00:00,501
2026-05-31 19:15:00+00:00,501
2026-05-31 19:30:00+00:00,501
2026-05-31 19:45:00+00:00,501
2026-05-31 20:00:00+00:00,502
2026-05-31 20:15:00+00:00,503
2026-05-31 20:30:00+00:00,503
2026-05-31 20:45:00+00:00,504
2026-05-31 21:00:00+00:00,505
2026-05-31 21:15:00+00:00,505
2026-05-31 21:30:00+00:00,506
2026-05-31 21:45:00+00:00,507
2026-05-31 22:00:00+00:00,507
2026-05-31 22:15:00+00:00,508
2026-05-31 22:30:00+00:00,509
2026-05-31 22:45:00+00:00,509
2026-05-31 23:00:00+00:00,510
2026-05-31 23:15:00+00:00,511
2026-05-31 23:30:00+00:00,511
2026-05-31 23:45:00+00:00,512
2026-06-01 00:00:00+00:00,513
2026-06-01 00:15:00+00:00,513
2026-06-01 00:30:00+00:00,514
2026-06-01 00:45:00+00:00,515
2026-06-01 01:00:00+00:00,516
2026-06-01 01:15:00+00:00,516
2026-06-01 01:30:00+00:00,517
2026-06-01 01:45:00+00:00,518
2026-06-01 02:00:00+00:00,519
2026-06-01 02:15:00+00:00,520
2026-06-01 02:30:00+00:00,521
2026-06-01 02:45:00+00:00,521
2026-06-01 03:00:00+00:00,522
2026-06-01 03:15:00+00:00,522
2026-06-01 03:30:00+00:00,522
2026-06-01 03:45:00+00:00,523
2026-06-01 04:00:00+00:00,523
2026-06-01 04:15:00+00:00,523
2026-06-01 04:30:00+00:00,523
2026-06-01 04:45:00+00:00,524
2026-06-01 05:00:00+00:00,524
2026-06-01 05:15:00+00:00,525
2026-06-01 05:30:00+00:00,526
2026-06-01 05:45:00+00:00,526
2026-06-01 06:00:00+00:00,527
2026-06-01 06:15:00+00:00,528
2026-06-01 06:30:00+00:00,529
2026-06-01 06:45:00+00:00,529
2026-06-01 07:00:00+00:00,530
2026-06-01 07:15:00+00:00,531
2026-06-01 07:30:00+00:00,532
2026-06-01 07:45:00+00:00,533
2026-06-01 08:00:00+00:00,533
2026-06-01 08:15:00+00:00,534
2026-06-01 08:30:00+00:00,534
2026-06-01 08:45:00+00:00,535
2026-06-01 09:00:00+00:00,535
2026-06-01 09:15:00+00:00,536
2026-06-01 09:30:00+00:00,537
2026-06-01 09:45:00+00:00,537
2026-06-01 10:00:00+00:00,538
2026-06-01 10:15:00+00:00,538
2026-06-01 10:30:00+00:00,539
2026-06-01 10:45:00+00:00,540
2026-06-01 11:00:00+00:00,540
2026-06-01 11:15:00+00:00,541
2026-06-01 11:30:00+00:00,542
2026-06-01 11:45:00+00:00,542
2026-06-01 12:00:00+00:00,542
2026-06-01 12:15:00+00:00,543
2026-06-01 12:30:00+00:00,543
2026-06-01 12:45:00+00:00,544
2026-06-01 13:00:00+00:00,544
2026-06-01 13:15:00+00:00,544
2026-06-01 13:30:00+00:00,545
2026-06-01 13:45:00+00:00,545
2026-06-01 14:00:00+00:00,546
2026-06-01 14:15:00+00:00,546
2026-06-01 14:30:00+00:00,547
2026-06-01 14:45:00+00:00,547
2026-06-01 15:00:00+00:00,548
2026-06-01 15:15:00+00:00,548
2026-06-01 15:30:00+00:00,548
2026-06-01 15:45:00+00:00,549
2026-06-01 16:00:00+00:00,549
2026-06-01 16:15:00+00:00,549
2026-06-01 16:30:00+00:00,550
2026-06-01 16:45:00+00:00,550
2026-06-01 17:00:00+00:00,550
2026-06-01 17:15:00+00:00,551
2026-06-01 17:30:00+00:00,551
2026-06-01 17:45:00+00:00,551
2026-06-01 18:00:00+00:00,552
2026-06-01 18:15:00+00:00,552
2026-06-01 18:30:00+00:00,552
2026-06-01 18:45:00+00:00,553
2026-06-01 19:00:00+00:00,553
2026-06-01 19:15:00+00:00,554
2026-06-01 19:30:00+00:00,554
2026-06-01 19:45:00+00:00,555
2026-06-01 20:00:00+00:00,555
2026-06-01 20:15:00+00:00,556
2026-06-01 20:30:00+00:00,556
2026-06-01 20:45:00+00:00,557
2026-06-01 21:00:00+00:00,557
2026-06-01 21:15:00+00:00,558
2026-06-01 21:30:00+00:00,558
2026-06-01 21:45:00+00:00,559
2026-06-01 22:00:00+00:00,560
2026-06-01 22:15:00+00:00,560
2026-06-01 22:30:00+00:00,561
2026-06-01 22:45:00+00:00,562
2026-06-01 23:00:00+00:00,562
2026-06-01 23:15:00+00:00,563
2026-06-01 23:30:00+00:00,564
2026-06-01 23:45:00+00:00,564
2026-06-02 00:00:00+00:00,565
2026-06-02 00:15:00+00:00,566
2026-06-02 00:30:00+00:00,566
2026-06-02 00:45:00+00:00,567
2026-06-02 01:00:00+00:00,567
2026-06-02 01:15:00+00:00,568
2026-06-02 01:30:00+00:00,568
2026-06-02 01:45:00+00:00,569
2026-06-02 02:00:00+00:00,569
2026-06-02 02:15:00+00:00,569
2026-06-02 02:30:00+00:00,569
2026-06-02 02:45:00+00:00,569
2026-06-02 03:00:00+00:00,569
2026-06-02 03:15:00+00:00,569
2026-06-02 03:30:00+00:00,570
2026-06-02 03:45:00+00:00,570
2026-06-02 04:00:00+00:00,570
2026-06-02 04:15:00+00:00,570
2026-06-02 04:30:00+00:00,571
2026-06-02 04:45:00+00:00,571
2026-06-02 05:00:00+00:00,571
2026-06-02 05:15:00+00:00,572
2026-06-02 05:30:00+00:00,572
2026-06-02 05:45:00+00:00,573
2026-06-02 06:00:00+00:00,573
2026-06-02 06:15:00+00:00,573
2026-06-02 06:30:00+00:00,573
2026-06-02 06:45:00+00:00,573
2026-06-02 07:00:00+00:00,574
2026-06-02 07:15:00+00:00,574
2026-06-02 07:30:00+00:00,574
2026-06-02 07:45:00+00:00,574
2026-06-02 08:00:00+00:00,575
2026-06-02 08:15:00+00:00,575
2026-06-02 08:30:00+00:00,575
2026-06-02 08:45:00+00:00,576
2026-06-02 09:00:00+00:00,576
2026-06-02 09:15:00+00:00,576
2026-06-02 09:30:00+00:00,577
2026-06-02 09:45:00+00:00,577
2026-06-02 10:00:00+00:00,577
2026-06-02 10:15:00+00:00,578
2026-06-02 10:30:00+00:00,578
2026-06-02 10:45:00+00:00,578
2026-06-02 11:00:00+00:00,579
2026-06-02 11:15:00+00:00,579
2026-06-02 11:30:00+00:00,580
2026-06-02 11:45:00+00:00,580
2026-06-02 12:00:00+00:00,581
2026-06-02 12:15:00+00:00,581
2026-06-02 12:30:00+00:00,581
2026-06-02 12:45:00+00:00,583
2026-06-02 13:00:00+00:00,581
2026-06-02 13:15:00+00:00,582
2026-06-02 13:30:00+00:00,582
2026-06-02 13:45:00+00:00,582
2026-06-02 14:00:00+00:00,582
2026-06-02 14:15:00+00:00,582
2026-06-02 14:30:00+00:00,582
2026-06-02 14:45:00+00:00,582
2026-06-02 15:00:00+00:00,582
2026-06-02 15:15:00+00:00,581
2026-06-02 15:30:00+00:00,581
2026-06-02 15:45:00+00:00,581
2026-06-02 16:00:00+00:00,581
2026-06-02 16:15:00+00:00,581
2026-06-02 16:30:00+00:00,580
2026-06-02 16:45:00+00:00,580
2026-06-02 17:00:00+00:00,580
2026-06-02 17:15:00+00:00,580
2026-06-02 17:30:00+00:00,579
2026-06-02 17:45:00+00:00,579
2026-06-02 18:00:00+00:00,579
2026-06-02 18:15:00+00:00,579
2026-06-02 18:30:00+00:00,579
2026-06-02 18:45:00+00:00,579
2026-06-02 19:00:00+00:00,579
2026-06-02 19:15:00+00:00,579
2026-06-02 19:30:00+00:00,580
2026-06-02 19:45:00+00:00,580
2026-06-02 20:00:00+00:00,580
2026-06-02 20:15:00+00:00,580
2026-06-02 20:30:00+00:00,581
2026-06-02 20:45:00+00:00,581
2026-06-02 21:00:00+00:00,582
2026-06-02 21:15:00+00:00,582
2026-06-02 21:30:00+00:00,583
2026-06-02 21:45:00+00:00,584
2026-06-02 22:00:00+00:00,585
2026-06-02 22:15:00+00:00,585
2026-06-02 22:30:00+00:00,586
2026-06-02 22:45:00+00:00,587
2026-06-02 23:00:00+00:00,587
2026-06-02 23:15:00+00:00,588
2026-06-02 23:30:00+00:00,589
2026-06-02 23:45:00+00:00,589
2026-06-03 00:00:00+00:00,589
2026-06-03 00:15:00+00:00,589
2026-06-03 00:30:00+00:00,589
2026-06-03 00:45:00+00:00,588
2026-06-03 01:00:00+00:00,588
2026-06-03 01:15:00+00:00,587
2026-06-03 01:30:00+00:00,587
2026-06-03 01:45:00+00:00,586
2026-06-03 02:00:00+00:00,585
2026-06-03 02:15:00+00:00,584
2026-06-03 02:30:00+00:00,582
2026-06-03 02:45:00+00:00,581
2026-06-03 03:00:00+00:00,580
2026-06-03 03:15:00+00:00,578
2026-06-03 03:30:00+00:00,577
2026-06-03 03:45:00+00:00,576
2026-06-03 04:00:00+00:00,575
2026-06-03 04:15:00+00:00,575
2026-06-03 04:30:00+00:00,574
2026-06-03 04:45:00+00:00,573
2026-06-03 05:00:00+00:00,572
2026-06-03 05:15:00+00:00,571
2026-06-03 05:30:00+00:00,570
2026-06-03 05:45:00+00:00,569
2026-06-03 06:00:00+00:00,568
2026-06-03 06:15:00+00:00,567
2026-06-03 06:30:00+00:00,566
2026-06-03 06:45:00+00:00,565
2026-06-03 07:00:00+00:00,564
2026-06-03 07:15:00+00:00,563
2026-06-03 07:30:00+00:00,562
2026-06-03 07:45:00+00:00,562
2026-06-03 08:00:00+00:00,561
2026-06-03 08:15:00+00:00,561
2026-06-03 08:30:00+00:00,560
2026-06-03 08:45:00+00:00,560
2026-06-03 09:00:00+00:00,559
2026-06-03 09:15:00+00:00,559
2026-06-03 09:30:00+00:00,558
2026-06-03 09:45:00+00:00,558
2026-06-03 10:00:00+00:00,557
2026-06-03 10:15:00+00:00,557
2026-06-03 10:30:00+00:00,556
2026-06-03 10:45:00+00:00,555
2026-06-03 11:00:00+00:00,555
2026-06-03 11:15:00+00:00,555
2026-06-03 11:30:00+00:00,554
2026-06-03 11:45:00+00:00,554
2026-06-03 12:00:00+00:00,554
2026-06-03 12:15:00+00:00,553
2026-06-03 12:30:00+00:00,553
2026-06-03 12:45:00+00:00,552
2026-06-03 13:00:00+00:00,551
2026-06-03 13:15:00+00:00,550
2026-06-03 13:30:00+00:00,549
2026-06-03 13:45:00+00:00,548
2026-06-03 14:00:00+00:00,547
2026-06-03 14:15:00+00:00,546
2026-06-03 14:30:00+00:00,545
2026-06-03 14:45:00+00:00,544
2026-06-03 15:00:00+00:00,543
2026-06-03 15:15:00+00:00,542
2026-06-03 15:30:00+00:00,541
2026-06-03 15:45:00+00:00,541
2026-06-03 16:00:00+00:00,540
2026-06-03 16:15:00+00:00,539
2026-06-03 16:30:00+00:00,538
2026-06-03 16:45:00+00:00,537
2026-06-03 17:00:00+00:00,537
2026-06-03 17:15:00+00:00,536
2026-06-03 17:30:00+00:00,536
2026-06-03 17:45:00+00:00,536
2026-06-03 18:00:00+00:00,535
2026-06-03 18:15:00+00:00,535
2026-06-03 18:30:00+00:00,535
2026-06-03 18:45:00+00:00,535
2026-06-03 19:00:00+00:00,535
2026-06-03 19:15:00+00:00,534
2026-06-03 19:30:00+00:00,534
2026-06-03 19:45:00+00:00,534
2026-06-03 20:00:00+00:00,535
2026-06-03 20:15:00+00:00,535
2026-06-03 20:30:00+00:00,535
2026-06-03 20:45:00+00:00,536
2026-06-03 21:00:00+00:00,536
2026-06-03 21:15:00+00:00,536
2026-06-03 21:30:00+00:00,537
2026-06-03 21:45:00+00:00,538
2026-06-03 22:00:00+00:00,538
2026-06-03 22:15:00+00:00,539
2026-06-03 22:30:00+00:00,539
2026-06-03 22:45:00+00:00,540
2026-06-03 23:00:00+00:00,541
2026-06-03 23:15:00+00:00,542
2026-06-03 23:30:00+00:00,542
2026-06-03 23:45:00+00:00,542
2026-06-04 00:00:00+00:00,543
2026-06-04 00:15:00+00:00,543
2026-06-04 00:30:00+00:00,543
2026-06-04 00:45:00+00:00,544
2026-06-04 01:00:00+00:00,544
2026-06-04 01:15:00+00:00,544
2026-06-04 01:30:00+00:00,544
2026-06-04 01:45:00+00:00,544
2026-06-04 02:00:00+00:00,543
2026-06-04 02:15:00+00:00,543
2026-06-04 02:30:00+00:00,542
2026-06-04 02:45:00+00:00,542
2026-06-04 03:00:00+00:00,541
2026-06-04 03:15:00+00:00,540
2026-06-04 03:30:00+00:00,539
2026-06-04 03:45:00+00:00,539
2026-06-04 04:00:00+00:00,539
2026-06-04 04:15:00+00:00,539
2026-06-04 04:30:00+00:00,538
2026-06-04 04:45:00+00:00,538
2026-06-04 05:00:00+00:00,537
2026-06-04 05:15:00+00:00,536
2026-06-04 05:30:00+00:00,536
2026-06-04 05:45:00+00:00,535
2026-06-04 06:00:00+00:00,534
2026-06-04 06:15:00+00:00,534
2026-06-04 06:30:00+00:00,533
2026-06-04 06:45:00+00:00,533
2026-06-04 07:00:00+00:00,533
2026-06-04 07:15:00+00:00,533
2026-06-04 07:30:00+00:00,532
2026-06-04 07:45:00+00:00,532
2026-06-04 08:00:00+00:00,532
2026-06-04 08:15:00+00:00,532
2026-06-04 08:30:00+00:00,532
2026-06-04 08:45:00+00:00,531
2026-06-04 09:00:00+00:00,531
2026-06-04 09:15:00+00:00,531
2026-06-04 09:30:00+00:00,531
2026-06-04 09:45:00+00:00,531
2026-06-04 10:00:00+00:00,531
2026-06-04 10:15:00+00:00,530
2026-06-04 10:30:00+00:00,530
2026-06-04 10:45:00+00:00,530
2026-06-04 11:00:00+00:00,530
2026-06-04 11:15:00+00:00,530
2026-06-04 11:30:00+00:00,530
2026-06-04 11:45:00+00:00,530
2026-06-04 12:00:00+00:00,530
2026-06-04 12:15:00+00:00,531
2026-06-04 12:30:00+00:00,531
2026-06-04 12:45:00+00:00,531
2026-06-04 13:00:00+00:00,531
2026-06-04 13:15:00+00:00,530
2026-06-04 13:30:00+00:00,530
2026-06-04 13:45:00+00:00,530
2026-06-04 14:00:00+00:00,529
2026-06-04 14:15:00+00:00,529
2026-06-04 14:30:00+00:00,529
2026-06-04 14:45:00+00:00,528
2026-06-04 15:00:00+00:00,528
2026-06-04 15:15:00+00:00,528
2026-06-04 15:30:00+00:00,528
2026-06-04 15:45:00+00:00,528
2026-06-04 16:00:00+00:00,527
2026-06-04 16:15:00+00:00,527
2026-06-04 16:30:00+00:00,527
2026-06-04 16:45:00+00:00,527
2026-06-04 17:00:00+00:00,527
2026-06-04 17:15:00+00:00,527
2026-06-04 17:30:00+00:00,527
2026-06-04 17:45:00+00:00,527
2026-06-04 18:00:00+00:00,527
2026-06-04 18:15:00+00:00,527
2026-06-04 18:30:00+00:00,527
2026-06-04 18:45:00+00:00,528
2026-06-04 19:00:00+00:00,528
2026-06-04 19:15:00+00:00,528
2026-06-04 19:30:00+00:00,529
2026-06-04 19:45:00+00:00,530
2026-06-04 20:00:00+00:00,530
2026-06-04 20:15:00+00:00,531
2026-06-04 20:30:00+00:00,532
2026-06-04 20:45:00+00:00,533
2026-06-04 21:00:00+00:00,534
2026-06-04 21:15:00+00:00,535
2026-06-04 21:30:00+00:00,536
2026-06-04 21:45:00+00:00,536
2026-06-04 22:00:00+00:00,537
2026-06-04 22:15:00+00:00,538
2026-06-04 22:30:00+00:00,538
2026-06-04 22:45:00+00:00,539
2026-06-04 23:00:00+00:00,540
2026-06-04 23:15:00+00:00,541
2026-06-04 23:30:00+00:00,541
2026-06-04 23:45:00+00:00,541
2026-06-05 00:00:00+00:00,542
2026-06-05 00:15:00+00:00,542
2026-06-05 00:30:00+00:00,542
2026-06-05 00:45:00+00:00,541
2026-06-05 01:00:00+00:00,541
2026-06-05 01:15:00+00:00,541
2026-06-05 01:30:00+00:00,540
2026-06-05 01:45:00+00:00,540
2026-06-05 02:00:00+00:00,539
2026-06-05 02:15:00+00:00,539
2026-06-05 02:30:00+00:00,538
2026-06-05 02:45:00+00:00,537
2026-06-05 03:00:00+00:00,537
2026-06-05 03:15:00+00:00,537
2026-06-05 03:30:00+00:00,536
2026-06-05 03:45:00+00:00,536
2026-06-05 04:00:00+00:00,536
2026-06-05 04:15:00+00:00,535
2026-06-05 04:30:00+00:00,535
2026-06-05 04:45:00+00:00,535
2026-06-05 05:00:00+00:00,534
2026-06-05 05:15:00+00:00,533
2026-06-05 05:30:00+00:00,533
2026-06-05 05:45:00+00:00,532
2026-06-05 06:00:00+00:00,531
2026-06-05 06:15:00+00:00,530
2026-06-05 06:30:00+00:00,529
2026-06-05 06:45:00+00:00,528
2026-06-05 07:00:00+00:00,528
2026-06-05 07:15:00+00:00,527
2026-06-05 07:30:00+00:00,527
2026-06-05 07:45:00+00:00,527
2026-06-05 08:00:00+00:00,527
2026-06-05 08:15:00+00:00,527
2026-06-05 08:30:00+00:00,527
2026-06-05 08:45:00+00:00,527
2026-06-05 09:00:00+00:00,527
2026-06-05 09:15:00+00:00,527
2026-06-05 09:30:00+00:00,527
2026-06-05 09:45:00+00:00,527
2026-06-05 10:00:00+00:00,527
2026-06-05 10:15:00+00:00,528
2026-06-05 10:30:00+00:00,528
2026-06-05 10:45:00+00:00,528
2026-06-05 11:00:00+00:00,528
2026-06-05 11:15:00+00:00,528
2026-06-05 11:30:00+00:00,528
2026-06-05 11:45:00+00:00,528
2026-06-05 12:00:00+00:00,528
2026-06-05 12:15:00+00:00,528
2026-06-05 12:30:00+00:00,529
2026-06-05 12:45:00+00:00,529
2026-06-05 13:00:00+00:00,529
2026-06-05 13:15:00+00:00,529
2026-06-05 13:30:00+00:00,528
2026-06-05 13:45:00+00:00,528
2026-06-05 14:00:00+00:00,528
2026-06-05 14:15:00+00:00,528
2026-06-05 14:30:00+00:00,528
2026-06-05 14:45:00+00:00,528
2026-06-05 15:00:00+00:00,527
2026-06-05 15:15:00+00:00,527
2026-06-05 15:30:00+00:00,527
2026-06-05 15:45:00+00:00,527
2026-06-05 16:00:00+00:00,527
2026-06-05 16:15:00+00:00,527
2026-06-05 16:30:00+00:00,527
2026-06-05 16:45:00+00:00,527
2026-06-05 17:00:00+00:00,527
2026-06-05 17:15:00+00:00,527
2026-06-05 17:30:00+00:00,527
2026-06-05 17:45:00+00:00,527
2026-06-05 18:00:00+00:00,528
2026-06-05 18:15:00+00:00,528
2026-06-05 18:30:00+00:00,528
2026-06-05 18:45:00+00:00,529
2026-06-05 19:00:00+00:00,529
2026-06-05 19:15:00+00:00,529
2026-06-05 19:30:00+00:00,530
2026-06-05 19:45:00+00:00,530
2026-06-05 20:00:00+00:00,531
2026-06-05 20:15:00+00:00,532
2026-06-05 20:30:00+00:00,532
2026-06-05 20:45:00+00:00,533
2026-06-05 21:00:00+00:00,534
2026-06-05 21:15:00+00:00,535
2026-06-05 21:30:00+00:00,536
2026-06-05 21:45:00+00:00,537
2026-06-05 22:00:00+00:00,539
2026-06-05 22:15:00+00:00,540
2026-06-05 22:30:00+00:00,541
2026-06-05 22:45:00+00:00,542
2026-06-05 23:00:00+00:00,543
2026-06-05 23:15:00+00:00,544
2026-06-05 23:30:00+00:00,545
2026-06-05 23:45:00+00:00,545
2026-06-06 00:00:00+00:00,546
2026-06-06 00:15:00+00:00,546
2026-06-06 00:30:00+00:00,547
2026-06-06 00:45:00+00:00,547
2026-06-06 01:00:00+00:00,547
2026-06-06 01:15:00+00:00,547
2026-06-06 01:30:00+00:00,547
2026-06-06 01:45:00+00:00,547
2026-06-06 02:00:00+00:00,546
2026-06-06 02:15:00+00:00,546
2026-06-06 02:30:00+00:00,545
2026-06-06 02:45:00+00:00,545
2026-06-06 03:00:00+00:00,544
2026-06-06 03:15:00+00:00,544
2026-06-06 03:30:00+00:00,543
2026-06-06 03:45:00+00:00,542
2026-06-06 04:00:00+00:00,542
2026-06-06 04:15:00+00:00,542
2026-06-06 04:30:00+00:00,541
2026-06-06 04:45:00+00:00,541
2026-06-06 05:00:00+00:00,540
2026-06-06 05:15:00+00:00,540
2026-06-06 05:30:00+00:00,540
2026-06-06 05:45:00+00:00,539
2026-06-06 06:00:00+00:00,539
2026-06-06 06:15:00+00:00,538
2026-06-06 06:30:00+00:00,537
2026-06-06 06:45:00+00:00,536
2026-06-06 07:00:00+00:00,535
2026-06-06 07:15:00+00:00,534
2026-06-06 07:30:00+00:00,534
2026-06-06 07:45:00+00:00,533
2026-06-06 08:00:00+00:00,533
2026-06-06 08:15:00+00:00,532
2026-06-06 08:30:00+00:00,532
2026-06-06 08:45:00+00:00,532
2026-06-06 09:00:00+00:00,532
2026-06-06 09:15:00+00:00,533
2026-06-06 09:30:00+00:00,533
2026-06-06 09:45:00+00:00,533
2026-06-06 10:00:00+00:00,534
2026-06-06 10:15:00+00:00,534
2026-06-06 10:30:00+00:00,535
2026-06-06 10:45:00+00:00,535
2026-06-06 11:00:00+00:00,535
2026-06-06 11:15:00+00:00,536
2026-06-06 11:30:00+00:00,536
2026-06-06 11:45:00+00:00,537
2026-06-06 12:00:00+00:00,537
2026-06-06 12:15:00+00:00,538
2026-06-06 12:30:00+00:00,539
2026-06-06 12:45:00+00:00,539
2026-06-06 13:00:00+00:00,539
2026-06-06 13:15:00+00:00,539
2026-06-06 13:30:00+00:00,540
2026-06-06 13:45:00+00:00,540
2026-06-06 14:00:00+00:00,540
2026-06-06 14:15:00+00:00,540
2026-06-06 14:30:00+00:00,540
2026-06-06 14:45:00+00:00,540
2026-06-06 15:00:00+00:00,540
2026-06-06 15:15:00+00:00,540
2026-06-06 15:30:00+00:00,540
2026-06-06 15:45:00+00:00,541
2026-06-06 16:00:00+00:00,541
2026-06-06 16:15:00+00:00,541
2026-06-06 16:30:00+00:00,541
2026-06-06 16:45:00+00:00,542
2026-06-06 17:00:00+00:00,542
2026-06-06 17:15:00+00:00,543
2026-06-06 17:30:00+00:00,543
2026-06-06 17:45:00+00:00,543
2026-06-06 18:00:00+00:00,544
2026-06-06 18:15:00+00:00,544
2026-06-06 18:30:00+00:00,545
2026-06-06 18:45:00+00:00,546
2026-06-06 19:00:00+00:00,547
2026-06-06 19:15:00+00:00,547
2026-06-06 19:30:00+00:00,548
2026-06-06 19:45:00+00:00,549
2026-06-06 20:00:00+00:00,549
2026-06-06 20:15:00+00:00,550
2026-06-06 20:30:00+00:00,551
2026-06-06 20:45:00+00:00,552
2026-06-06 21:00:00+00:00,553
2026-06-06 21:15:00+00:00,553
2026-06-06 21:30:00+00:00,554
2026-06-06 21:45:00+00:00,555
2026-06-06 22:00:00+00:00,555
2026-06-06 22:15:00+00:00,556
2026-06-06 22:30:00+00:00,557
2026-06-06 22:45:00+00:00,558
2026-06-06 23:00:00+00:00,559
2026-06-06 23:15:00+00:00,560
2026-06-06 23:30:00+00:00,560
2026-06-06 23:45:00+00:00,561
2026-06-07 00:00:00+00:00,561
2026-06-07 00:15:00+00:00,561
2026-06-07 00:30:00+00:00,562
2026-06-07 00:45:00+00:00,561
2026-06-07 01:00:00+00:00,561
2026-06-07 01:15:00+00:00,561
2026-06-07 01:30:00+00:00,560
2026-06-07 01:45:00+00:00,560
2026-06-07 02:00:00+00:00,559
2026-06-07 02:15:00+00:00,558
2026-06-07 02:30:00+00:00,558
2026-06-07 02:45:00+00:00,557
2026-06-07 03:00:00+00:00,556
2026-06-07 03:15:00+00:00,555
2026-06-07 03:30:00+00:00,554
2026-06-07 03:45:00+00:00,553
2026-06-07 04:00:00+00:00,553
2026-06-07 04:15:00+00:00,552
2026-06-07 04:30:00+00:00,552
2026-06-07 04:45:00+00:00,551
2026-06-07 05:00:00+00:00,551
2026-06-07 05:15:00+00:00,551
2026-06-07 05:30:00+00:00,551
2026-06-07 05:45:00+00:00,551
2026-06-07 06:00:00+00:00,550
2026-06-07 06:15:00+00:00,550
2026-06-07 06:30:00+00:00,549
2026-06-07 06:45:00+00:00,549
2026-06-07 07:00:00+00:00,548
2026-06-07 07:15:00+00:00,548
2026-06-07 07:30:00+00:00,547
2026-06-07 07:45:00+00:00,547
2026-06-07 08:00:00+00:00,546
2026-06-07 08:15:00+00:00,546
2026-06-07 08:30:00+00:00,546
2026-06-07 08:45:00+00:00,546
2026-06-07 09:00:00+00:00,546
2026-06-07 09:15:00+00:00,545
2026-06-07 09:30:00+00:00,545
2026-06-07 09:45:00+00:00,545
2026-06-07 10:00:00+00:00,545
2026-06-07 10:15:00+00:00,545
2026-06-07 10:30:00+00:00,544
2026-06-07 10:45:00+00:00,544
2026-06-07 11:00:00+00:00,544
2026-06-07 11:15:00+00:00,544
2026-06-07 11:30:00+00:00,544
2026-06-07 11:45:00+00:00,544
2026-06-07 12:00:00+00:00,544
2026-06-07 12:15:00+00:00,544
2026-06-07 12:30:00+00:00,544
2026-06-07 12:45:00+00:00,544
2026-06-07 13:00:00+00:00,544
2026-06-07 13:15:00+00:00,544
2026-06-07 13:30:00+00:00,544
2026-06-07 13:45:00+00:00,544
2026-06-07 14:00:00+00:00,544
2026-06-07 14:15:00+00:00,544
2026-06-07 14:30:00+00:00,545
2026-06-07 14:45:00+00:00,545
2026-06-07 15:00:00+00:00,545
2026-06-07 15:15:00+00:00,545
2026-06-07 15:30:00+00:00,546
2026-06-07 15:45:00+00:00,546
2026-06-07 16:00:00+00:00,546
2026-06-07 16:15:00+00:00,546
2026-06-07 16:30:00+00:00,547
2026-06-07 16:45:00+00:00,547
2026-06-07 17:00:00+00:00,547
2026-06-07 17:15:00+00:00,547
2026-06-07 17:30:00+00:00,547
2026-06-07 17:45:00+00:00,548
2026-06-07 18:00:00+00:00,548
2026-06-07 18:15:00+00:00,548
2026-06-07 18:30:00+00:00,549
2026-06-07 18:45:00+00:00,549
2026-06-07 19:00:00+00:00,549
2026-06-07 19:15:00+00:00,550
2026-06-07 19:30:00+00:00,550
2026-06-07 19:45:00+00:00,551
2026-06-07 20:00:00+00:00,551
2026-06-07 20:15:00+00:00,551
2026-06-07 20:30:00+00:00,552
2026-06-07 20:45:00+00:00,552
2026-06-07 21:00:00+00:00,553
2026-06-07 21:15:00+00:00,553
2026-06-07 21:30:00+00:00,554
2026-06-07 21:45:00+00:00,554
2026-06-07 22:00:00+00:00,555
2026-06-07 22:15:00+00:00,555
2026-06-07 22:30:00+00:00,556
2026-06-07 22:45:00+00:00,556
2026-06-07 23:00:00+00:00,557
2026-06-07 23:15:00+00:00,557
2026-06-07 23:30:00+00:00,558
2026-06-07 23:45:00+00:00,558
2026-06-08 00:00:00+00:00,559
2026-06-08 00:15:00+00:00,559
2026-06-08 00:30:00+00:00,559
2026-06-08 00:45:00+00:00,559
2026-06-08 01:00:00+00:00,558
2026-06-08 01:15:00+00:00,558
2026-06-08 01:30:00+00:00,558
2026-06-08 01:45:00+00:00,557
2026-06-08 02:00:00+00:00,557
2026-06-08 02:15:00+00:00,557
2026-06-08 02:30:00+00:00,556
2026-06-08 02:45:00+00:00,556
2026-06-08 03:00:00+00:00,556
2026-06-08 03:15:00+00:00,555
2026-06-08 03:30:00+00:00,555
2026-06-08 03:45:00+00:00,555
2026-06-08 04:00:00+00:00,555
2026-06-08 04:15:00+00:00,555
2026-06-08 04:30:00+00:00,555
2026-06-08 04:45:00+00:00,555
2026-06-08 05:00:00+00:00,555
2026-06-08 05:15:00+00:00,555
2026-06-08 05:30:00+00:00,554
2026-06-08 05:45:00+00:00,554
2026-06-08 06:00:00+00:00,553
2026-06-08 06:15:00+00:00,553
2026-06-08 06:30:00+00:00,552
2026-06-08 06:45:00+00:00,552
2026-06-08 07:00:00+00:00,552
2026-06-08 07:15:00+00:00,551
2026-06-08 07:30:00+00:00,551
2026-06-08 07:45:00+00:00,551
2026-06-08 08:00:00+00:00,550
2026-06-08 08:15:00+00:00,550
2026-06-08 08:30:00+00:00,549
2026-06-08 08:45:00+00:00,549
2026-06-08 09:00:00+00:00,548
2026-06-08 09:15:00+00:00,548
2026-06-08 09:30:00+00:00,548
2026-06-08 09:45:00+00:00,548
2026-06-08 10:00:00+00:00,548
2026-06-08 10:15:00+00:00,548
2026-06-08 10:30:00+00:00,548
2026-06-08 10:45:00+00:00,548
2026-06-08 11:00:00+00:00,548
2026-06-08 11:15:00+00:00,548
2026-06-08 11:30:00+00:00,548
2026-06-08 11:45:00+00:00,548
2026-06-08 12:00:00+00:00,548
2026-06-08 12:15:00+00:00,549
2026-06-08 12:30:00+00:00,549
2026-06-08 12:45:00+00:00,549
2026-06-08 13:00:00+00:00,549
2026-06-08 13:15:00+00:00,549
2026-06-08 13:30:00+00:00,550
2026-06-08 13:45:00+00:00,550
2026-06-08 14:00:00+00:00,550
2026-06-08 14:15:00+00:00,550
2026-06-08 14:30:00+00:00,551
2026-06-08 14:45:00+00:00,551
2026-06-08 15:00:00+00:00,551
2026-06-08 15:15:00+00:00,552
2026-06-08 15:30:00+00:00,552
2026-06-08 15:45:00+00:00,553
2026-06-08 16:00:00+00:00,553
2026-06-08 16:15:00+00:00,553
2026-06-08 16:30:00+00:00,554
2026-06-08 16:45:00+00:00,554
2026-06-08 17:00:00+00:00,554
2026-06-08 17:15:00+00:00,555
2026-06-08 17:30:00+00:00,555
2026-06-08 17:45:00+00:00,556
2026-06-08 18:00:00+00:00,558
2026-06-08 18:15:00+00:00,560
2026-06-08 18:30:00+00:00,561
2026-06-08 18:45:00+00:00,561
2026-06-08 19:00:00+00:00,562
2026-06-08 19:15:00+00:00,563
2026-06-08 19:30:00+00:00,564
2026-06-08 19:45:00+00:00,564
2026-06-08 20:00:00+00:00,564
2026-06-08 20:15:00+00:00,564
2026-06-08 20:30:00+00:00,564
2026-06-08 20:45:00+00:00,565
2026-06-08 21:00:00+00:00,565
2026-06-08 21:15:00+00:00,567
2026-06-08 21:30:00+00:00,569
2026-06-08 21:45:00+00:00,570
2026-06-08 22:00:00+00:00,571
2026-06-08 22:15:00+00:00,572
2026-06-08 22:30:00+00:00,573
2026-06-08 22:45:00+00:00,574
2026-06-08 23:00:00+00:00,575
2026-06-08 23:15:00+00:00,576
2026-06-08 23:30:00+00:00,577
2026-06-08 23:45:00+00:00,577
2026-06-09 00:00:00+00:00,578
2026-06-09 00:15:00+00:00,579
2026-06-09 00:30:00+00:00,580
2026-06-09 00:45:00+00:00,580
2026-06-09 01:00:00+00:00,581
2026-06-09 01:15:00+00:00,582
2026-06-09 01:30:00+00:00,582
2026-06-09 01:45:00+00:00,582
2026-06-09 02:00:00+00:00,582
2026-06-09 02:15:00+00:00,581
2026-06-09 02:30:00+00:00,581
2026-06-09 02:45:00+00:00,580
2026-06-09 03:00:00+00:00,580
2026-06-09 03:15:00+00:00,579
2026-06-09 03:30:00+00:00,578
2026-06-09 03:45:00+00:00,577
2026-06-09 04:00:00+00:00,577
2026-06-09 04:15:00+00:00,576
2026-06-09 04:30:00+00:00,575
2026-06-09 04:45:00+00:00,574
2026-06-09 05:00:00+00:00,573
2026-06-09 05:15:00+00:00,572
2026-06-09 05:30:00+00:00,571
2026-06-09 05:45:00+00:00,570
2026-06-09 06:00:00+00:00,569
2026-06-09 06:15:00+00:00,569
2026-06-09 06:30:00+00:00,568
2026-06-09 06:45:00+00:00,567
2026-06-09 07:00:00+00:00,566
2026-06-09 07:15:00+00:00,565
2026-06-09 07:30:00+00:00,565
2026-06-09 07:45:00+00:00,564
2026-06-09 08:00:00+00:00,563
2026-06-09 08:15:00+00:00,563
2026-06-09 08:30:00+00:00,562
2026-06-09 08:45:00+00:00,562
2026-06-09 09:00:00+00:00,561
2026-06-09 09:15:00+00:00,561
2026-06-09 09:30:00+00:00,560
2026-06-09 09:45:00+00:00,559
2026-06-09 10:00:00+00:00,559
2026-06-09 10:15:00+00:00,558
2026-06-09 10:30:00+00:00,558
2026-06-09 10:45:00+00:00,557
2026-06-09 11:00:00+00:00,557
2026-06-09 11:15:00+00:00,556
2026-06-09 11:30:00+00:00,556
2026-06-09 11:45:00+00:00,556
2026-06-09 12:00:00+00:00,556
2026-06-09 12:15:00+00:00,555
2026-06-09 12:30:00+00:00,555
2026-06-09 12:45:00+00:00,555
2026-06-09 13:00:00+00:00,555
2026-06-09 13:15:00+00:00,555
2026-06-09 13:30:00+00:00,555
2026-06-09 13:45:00+00:00,555
2026-06-09 14:00:00+00:00,555
2026-06-09 14:15:00+00:00,555
2026-06-09 14:30:00+00:00,555
2026-06-09 14:45:00+00:00,556
2026-06-09 15:00:00+00:00,556
2026-06-09 15:15:00+00:00,556
2026-06-09 15:30:00+00:00,556
2026-06-09 15:45:00+00:00,556
2026-06-09 16:00:00+00:00,557
2026-06-09 16:15:00+00:00,557
2026-06-09 16:30:00+00:00,557
2026-06-09 16:45:00+00:00,558
2026-06-09 17:00:00+00:00,558
2026-06-09 17:15:00+00:00,558
2026-06-09 17:30:00+00:00,559
2026-06-09 17:45:00+00:00,559
2026-06-09 18:00:00+00:00,560
2026-06-09 18:15:00+00:00,560
2026-06-09 18:30:00+00:00,560
2026-06-09 18:45:00+00:00,560
2026-06-09 19:00:00+00:00,561
2026-06-09 19:15:00+00:00,561
2026-06-09 19:30:00+00:00,562
2026-06-09 19:45:00+00:00,562
2026-06-09 20:00:00+00:00,563
2026-06-09 20:15:00+00:00,563
2026-06-09 20:30:00+00:00,564
2026-06-09 20:45:00+00:00,565
2026-06-09 21:00:00+00:00,565
2026-06-09 21:15:00+00:00,565
2026-06-09 21:30:00+00:00,566
2026-06-09 21:45:00+00:00,566
2026-06-09 22:00:00+00:00,567
2026-06-09 22:15:00+00:00,567
2026-06-09 22:30:00+00:00,568
2026-06-09 22:45:00+00:00,568
2026-06-09 23:00:00+00:00,568
2026-06-09 23:15:00+00:00,569
2026-06-09 23:30:00+00:00,569
2026-06-09 23:45:00+00:00,570
2026-06-10 00:00:00+00:00,570
2026-06-10 00:15:00+00:00,571
2026-06-10 00:30:00+00:00,571
2026-06-10 00:45:00+00:00,571
2026-06-10 01:00:00+00:00,572
2026-06-10 01:15:00+00:00,572
2026-06-10 01:30:00+00:00,572
2026-06-10 01:45:00+00:00,573
2026-06-10 02:00:00+00:00,573
2026-06-10 02:15:00+00:00,573
2026-06-10 02:30:00+00:00,573
2026-06-10 02:45:00+00:00,574
2026-06-10 03:00:00+00:00,574
2026-06-10 03:15:00+00:00,574
2026-06-10 03:30:00+00:00,574
2026-06-10 03:45:00+00:00,574
2026-06-10 04:00:00+00:00,574
2026-06-10 04:15:00+00:00,573
2026-06-10 04:30:00+00:00,573
2026-06-10 04:45:00+00:00,573
2026-06-10 05:00:00+00:00,572
2026-06-10 05:15:00+00:00,572
2026-06-10 05:30:00+00:00,571
2026-06-10 05:45:00+00:00,571
2026-06-10 06:00:00+00:00,570
2026-06-10 06:15:00+00:00,569
2026-06-10 06:30:00+00:00,568
2026-06-10 06:45:00+00:00,567
2026-06-10 07:00:00+00:00,567
2026-06-10 07:15:00+00:00,566
2026-06-10 07:30:00+00:00,566
2026-06-10 07:45:00+00:00,565
2026-06-10 08:00:00+00:00,565
2026-06-10 08:15:00+00:00,565
2026-06-10 08:30:00+00:00,565
2026-06-10 08:45:00+00:00,565
2026-06-10 09:00:00+00:00,565
2026-06-10 09:15:00+00:00,566
2026-06-10 09:30:00+00:00,566
2026-06-10 09:45:00+00:00,566
2026-06-10 10:00:00+00:00,566
2026-06-10 10:15:00+00:00,567
2026-06-10 10:30:00+00:00,567
2026-06-10 10:45:00+00:00,567
2026-06-10 11:00:00+00:00,567
2026-06-10 11:15:00+00:00,567
2026-06-10 11:30:00+00:00,568
2026-06-10 11:45:00+00:00,568
2026-06-10 12:00:00+00:00,568
2026-06-10 12:15:00+00:00,568
2026-06-10 12:30:00+00:00,569
2026-06-10 12:45:00+00:00,569
2026-06-10 13:00:00+00:00,569
2026-06-10 13:15:00+00:00,569
2026-06-10 13:30:00+00:00,569
2026-06-10 13:45:00+00:00,569
2026-06-10 14:00:00+00:00,569
2026-06-10 14:15:00+00:00,569
2026-06-10 14:30:00+00:00,569
2026-06-10 14:45:00+00:00,569
2026-06-10 15:00:00+00:00,569
2026-06-10 15:15:00+00:00,569
2026-06-10 15:30:00+00:00,568
2026-06-10 15:45:00+00:00,568
2026-06-10 16:00:00+00:00,568
2026-06-10 16:15:00+00:00,567
2026-06-10 16:30:00+00:00,567
2026-06-10 16:45:00+00:00,567
2026-06-10 17:00:00+00:00,566
2026-06-10 17:15:00+00:00,565
2026-06-10 17:30:00+00:00,565
2026-06-10 17:45:00+00:00,564
2026-06-10 18:00:00+00:00,564
2026-06-10 18:15:00+00:00,563
2026-06-10 18:30:00+00:00,562
2026-06-10 18:45:00+00:00,561
2026-06-10 19:00:00+00:00,560
2026-06-10 19:15:00+00:00,560
2026-06-10 19:30:00+00:00,559
2026-06-10 19:45:00+00:00,558
2026-06-10 20:00:00+00:00,557
2026-06-10 20:15:00+00:00,557
2026-06-10 20:30:00+00:00,556
2026-06-10 20:45:00+00:00,556
2026-06-10 21:00:00+00:00,555
2026-06-10 21:15:00+00:00,555
2026-06-10 21:30:00+00:00,555
2026-06-10 21:45:00+00:00,554
2026-06-10 22:00:00+00:00,554
2026-06-10 22:15:00+00:00,554
2026-06-10 22:30:00+00:00,553
2026-06-10 22:45:00+00:00,553
2026-06-10 23:00:00+00:00,553
2026-06-10 23:15:00+00:00,553
2026-06-10 23:30:00+00:00,553
2026-06-10 23:45:00+00:00,553
2026-06-11 00:00:00+00:00,553
2026-06-11 00:15:00+00:00,553
2026-06-11 00:30:00+00:00,553
2026-06-11 00:45:00+00:00,553
2026-06-11 01:00:00+00:00,553
2026-06-11 01:15:00+00:00,553
2026-06-11 01:30:00+00:00,553
2026-06-11 01:45:00+00:00,553
2026-06-11 02:00:00+00:00,553
2026-06-11 02:15:00+00:00,553
2026-06-11 02:30:00+00:00,553
2026-06-11 02:45:00+00:00,553
2026-06-11 03:00:00+00:00,553
2026-06-11 03:15:00+00:00,553
2026-06-11 03:30:00+00:00,553
2026-06-11 03:45:00+00:00,553
2026-06-11 04:00:00+00:00,553
2026-06-11 04:15:00+00:00,553
2026-06-11 04:30:00+00:00,552
2026-06-11 04:45:00+00:00,552
2026-06-11 05:00:00+00:00,552
2026-06-11 05:15:00+00:00,552
2026-06-11 05:30:00+00:00,552
2026-06-11 05:45:00+00:00,552
2026-06-11 06:00:00+00:00,553
2026-06-11 06:15:00+00:00,553
2026-06-11 06:30:00+00:00,553
2026-06-11 06:45:00+00:00,553
2026-06-11 07:00:00+00:00,553
2026-06-11 07:15:00+00:00,553
2026-06-11 07:30:00+00:00,553
2026-06-11 07:45:00+00:00,553
2026-06-11 08:00:00+00:00,553
2026-06-11 08:15:00+00:00,553
2026-06-11 08:30:00+00:00,553
2026-06-11 08:45:00+00:00,553
2026-06-11 09:00:00+00:00,553
2026-06-11 09:15:00+00:00,554
2026-06-11 09:30:00+00:00,553
2026-06-11 09:45:00+00:00,553
2026-06-11 10:00:00+00:00,553
2026-06-11 10:15:00+00:00,553
2026-06-11 10:30:00+00:00,553
2026-06-11 10:45:00+00:00,553
2026-06-11 11:00:00+00:00,552
2026-06-11 11:15:00+00:00,552
2026-06-11 11:30:00+00:00,552
2026-06-11 11:45:00+00:00,552
2026-06-11 12:00:00+00:00,552
2026-06-11 12:15:00+00:00,552
2026-06-11 12:30:00+00:00,552
2026-06-11 12:45:00+00:00,552
2026-06-11 13:00:00+00:00,552
2026-06-11 13:15:00+00:00,552
2026-06-11 13:30:00+00:00,552
2026-06-11 13:45:00+00:00,552
2026-06-11 14:00:00+00:00,552
2026-06-11 14:15:00+00:00,552
2026-06-11 14:30:00+00:00,551
2026-06-11 14:45:00+00:00,551
2026-06-11 15:00:00+00:00,550
2026-06-11 15:15:00+00:00,549
2026-06-11 15:30:00+00:00,549
2026-06-11 15:45:00+00:00,548
2026-06-11 16:00:00+00:00,547
2026-06-11 16:15:00+00:00,547
2026-06-11 16:30:00+00:00,546
2026-06-11 16:45:00+00:00,545
2026-06-11 17:00:00+00:00,544
2026-06-11 17:15:00+00:00,544
2026-06-11 17:30:00+00:00,543
2026-06-11 17:45:00+00:00,542
2026-06-11 18:00:00+00:00,541
2026-06-11 18:15:00+00:00,540
2026-06-11 18:30:00+00:00,539
2026-06-11 18:45:00+00:00,538
2026-06-11 19:00:00+00:00,537
2026-06-11 19:15:00+00:00,536
2026-06-11 19:30:00+00:00,536
2026-06-11 19:45:00+00:00,535
2026-06-11 20:00:00+00:00,534
2026-06-11 20:15:00+00:00,534
2026-06-11 20:30:00+00:00,533
2026-06-11 20:45:00+00:00,533
2026-06-11 21:00:00+00:00,532
2026-06-11 21:15:00+00:00,532
2026-06-11 21:30:00+00:00,532
2026-06-11 21:45:00+00:00,531
2026-06-11 22:00:00+00:00,531
2026-06-11 22:15:00+00:00,531
2026-06-11 22:30:00+00:00,531
2026-06-11 22:45:00+00:00,531
2026-06-11 23:00:00+00:00,531
2026-06-11 23:15:00+00:00,531
2026-06-11 23:30:00+00:00,531
2026-06-11 23:45:00+00:00,531
2026-06-12 00:00:00+00:00,532
2026-06-12 00:15:00+00:00,532
2026-06-12 00:30:00+00:00,532
2026-06-12 00:45:00+00:00,532
2026-06-12 01:00:00+00:00,533
2026-06-12 01:15:00+00:00,533
2026-06-12 01:30:00+00:00,533
2026-06-12 01:45:00+00:00,533
2026-06-12 02:00:00+00:00,534
2026-06-12 02:15:00+00:00,534
2026-06-12 02:30:00+00:00,535
2026-06-12 02:45:00+00:00,535
2026-06-12 03:00:00+00:00,536
2026-06-12 03:15:00+00:00,537
2026-06-12 03:30:00+00:00,538
2026-06-12 03:45:00+00:00,538
2026-06-12 04:00:00+00:00,539
2026-06-12 04:15:00+00:00,539
2026-06-12 04:30:00+00:00,539
2026-06-12 04:45:00+00:00,540
2026-06-12 05:00:00+00:00,540
2026-06-12 05:15:00+00:00,540
2026-06-12 05:30:00+00:00,541
2026-06-12 05:45:00+00:00,541
2026-06-12 06:00:00+00:00,542
2026-06-12 06:15:00+00:00,543
2026-06-12 06:30:00+00:00,544
2026-06-12 06:45:00+00:00,546
2026-06-12 07:00:00+00:00,547
2026-06-12 07:15:00+00:00,547
2026-06-12 07:30:00+00:00,547
2026-06-12 07:45:00+00:00,546
2026-06-12 08:00:00+00:00,545
2026-06-12 08:15:00+00:00,545
2026-06-12 08:30:00+00:00,544
2026-06-12 08:45:00+00:00,544
2026-06-12 09:00:00+00:00,545
2026-06-12 09:15:00+00:00,545
2026-06-12 09:30:00+00:00,545
2026-06-12 09:45:00+00:00,546
2026-06-12 10:00:00+00:00,546
2026-06-12 10:15:00+00:00,546
2026-06-12 10:30:00+00:00,546
2026-06-12 10:45:00+00:00,547
2026-06-12 11:00:00+00:00,547
2026-06-12 11:15:00+00:00,547
2026-06-12 11:30:00+00:00,547
2026-06-12 11:45:00+00:00,548
2026-06-12 12:00:00+00:00,548
2026-06-12 12:15:00+00:00,548
2026-06-12 12:30:00+00:00,548
2026-06-12 12:45:00+00:00,548
2026-06-12 13:00:00+00:00,548
2026-06-12 13:15:00+00:00,548
2026-06-12 13:30:00+00:00,548
2026-06-12 13:45:00+00:00,548
2026-06-12 14:00:00+00:00,548
2026-06-12 14:15:00+00:00,548
2026-06-12 14:30:00+00:00,548
2026-06-12 14:45:00+00:00,548
2026-06-12 15:00:00+00:00,547
2026-06-12 15:15:00+00:00,547
2026-06-12 15:30:00+00:00,547
2026-06-12 15:45:00+00:00,547
2026-06-12 16:00:00+00:00,546
2026-06-12 16:15:00+00:00,546
2026-06-12 16:30:00+00:00,546
2026-06-12 16:45:00+00:00,545
2026-06-12 17:00:00+00:00,545
2026-06-12 17:15:00+00:00,545
2026-06-12 17:30:00+00:00,545
2026-06-12 17:45:00+00:00,545
2026-06-12 18:00:00+00:00,545
2026-06-12 18:15:00+00:00,545
2026-06-12 18:30:00+00:00,545
2026-06-12 18:45:00+00:00,545
2026-06-12 19:00:00+00:00,545
2026-06-12 19:15:00+00:00,545
2026-06-12 19:30:00+00:00,545
2026-06-12 19:45:00+00:00,545
2026-06-12 20:00:00+00:00,545
2026-06-12 20:15:00+00:00,545
2026-06-12 20:30:00+00:00,545
2026-06-12 20:45:00+00:00,545
2026-06-12 21:00:00+00:00,545
2026-06-12 21:15:00+00:00,545
2026-06-12 21:30:00+00:00,545
2026-06-12 21:45:00+00:00,545
2026-06-12 22:00:00+00:00,545
2026-06-12 22:15:00+00:00,545
2026-06-12 22:30:00+00:00,545
2026-06-12 22:45:00+00:00,545
2026-06-12 23:00:00+00:00,545
2026-06-12 23:15:00+00:00,546
2026-06-12 23:30:00+00:00,546
2026-06-12 23:45:00+00:00,546
2026-06-13 00:00:00+00:00,546
2026-06-13 00:15:00+00:00,546
2026-06-13 00:30:00+00:00,546
2026-06-13 00:45:00+00:00,547
2026-06-13 01:00:00+00:00,547
2026-06-13 01:15:00+00:00,547
2026-06-13 01:30:00+00:00,547
2026-06-13 01:45:00+00:00,547
2026-06-13 02:00:00+00:00,547
2026-06-13 02:15:00+00:00,548
2026-06-13 02:30:00+00:00,548
2026-06-13 02:45:00+00:00,548
2026-06-13 03:00:00+00:00,549
2026-06-13 03:15:00+00:00,549
2026-06-13 03:30:00+00:00,549
2026-06-13 03:45:00+00:00,549
2026-06-13 04:00:00+00:00,549
2026-06-13 04:15:00+00:00,549
2026-06-13 04:30:00+00:00,549
2026-06-13 04:45:00+00:00,549
2026-06-13 05:00:00+00:00,549
2026-06-13 05:15:00+00:00,549
2026-06-13 05:30:00+00:00,549
2026-06-13 05:45:00+00:00,549
2026-06-13 06:00:00+00:00,550
2026-06-13 06:15:00+00:00,550
2026-06-13 06:30:00+00:00,550
2026-06-13 06:45:00+00:00,551
2026-06-13 07:00:00+00:00,551
2026-06-13 07:15:00+00:00,551
2026-06-13 07:30:00+00:00,551
2026-06-13 07:45:00+00:00,551
2026-06-13 08:00:00+00:00,551
2026-06-13 08:15:00+00:00,552
2026-06-13 08:30:00+00:00,552
2026-06-13 08:45:00+00:00,553
2026-06-13 09:00:00+00:00,553
2026-06-13 09:15:00+00:00,554
2026-06-13 09:30:00+00:00,555
2026-06-13 09:45:00+00:00,556
2026-06-13 10:00:00+00:00,557
2026-06-13 10:15:00+00:00,558
2026-06-13 10:30:00+00:00,559
2026-06-13 10:45:00+00:00,560
2026-06-13 11:00:00+00:00,561
2026-06-13 11:15:00+00:00,562
2026-06-13 11:30:00+00:00,562
2026-06-13 11:45:00+00:00,563
2026-06-13 12:00:00+00:00,564
2026-06-13 12:15:00+00:00,565
2026-06-13 12:30:00+00:00,565
2026-06-13 12:45:00+00:00,566
2026-06-13 13:00:00+00:00,566
2026-06-13 13:15:00+00:00,567
2026-06-13 13:30:00+00:00,567
2026-06-13 13:45:00+00:00,567
2026-06-13 14:00:00+00:00,567
2026-06-13 14:15:00+00:00,567
2026-06-13 14:30:00+00:00,567
2026-06-13 14:45:00+00:00,567
2026-06-13 15:00:00+00:00,568
2026-06-13 15:15:00+00:00,568
2026-06-13 15:30:00+00:00,568
2026-06-13 15:45:00+00:00,568
2026-06-13 16:00:00+00:00,568
2026-06-13 16:15:00+00:00,568
2026-06-13 16:30:00+00:00,567
2026-06-13 16:45:00+00:00,567
2026-06-13 17:00:00+00:00,567
2026-06-13 17:15:00+00:00,567
2026-06-13 17:30:00+00:00,567
2026-06-13 17:45:00+00:00,566
2026-06-13 18:00:00+00:00,566
2026-06-13 18:15:00+00:00,566
2026-06-13 18:30:00+00:00,566
2026-06-13 18:45:00+00:00,565
2026-06-13 19:00:00+00:00,565
2026-06-13 19:15:00+00:00,565
2026-06-13 19:30:00+00:00,565
2026-06-13 19:45:00+00:00,564
2026-06-13 20:00:00+00:00,564
2026-06-13 20:15:00+00:00,564
2026-06-13 20:30:00+00:00,563
2026-06-13 20:45:00+00:00,563
2026-06-13 21:00:00+00:00,563
2026-06-13 21:15:00+00:00,563
2026-06-13 21:30:00+00:00,563
2026-06-13 21:45:00+00:00,563
2026-06-13 22:00:00+00:00,563
2026-06-13 22:15:00+00:00,563
2026-06-13 22:30:00+00:00,563
2026-06-13 22:45:00+00:00,563
2026-06-13 23:00:00+00:00,563
2026-06-13 23:15:00+00:00,564
2026-06-13 23:30:00+00:00,564
2026-06-13 23:45:00+00:00,563
2026-06-14 00:00:00+00:00,563
2026-06-14 00:15:00+00:00,563
2026-06-14 00:30:00+00:00,563
2026-06-14 00:45:00+00:00,563
2026-06-14 01:00:00+00:00,563
2026-06-14 01:15:00+00:00,563
2026-06-14 01:30:00+00:00,563
2026-06-14 01:45:00+00:00,563
2026-06-14 02:00:00+00:00,563
2026-06-14 02:15:00+00:00,562
2026-06-14 02:30:00+00:00,562
2026-06-14 02:45:00+00:00,562
2026-06-14 03:00:00+00:00,562
2026-06-14 03:15:00+00:00,562
2026-06-14 03:30:00+00:00,563
2026-06-14 03:45:00+00:00,563
2026-06-14 04:00:00+00:00,564
2026-06-14 04:15:00+00:00,564
2026-06-14 04:30:00+00:00,565
2026-06-14 04:45:00+00:00,565
2026-06-14 05:00:00+00:00,565
2026-06-14 05:15:00+00:00,565
2026-06-14 05:30:00+00:00,565
2026-06-14 05:45:00+00:00,565
2026-06-14 06:00:00+00:00,565
2026-06-14 06:15:00+00:00,565
2026-06-14 06:30:00+00:00,565
2026-06-14 06:45:00+00:00,564
2026-06-14 07:00:00+00:00,564
2026-06-14 07:15:00+00:00,564
2026-06-14 07:30:00+00:00,564
2026-06-14 07:45:00+00:00,564
2026-06-14 08:00:00+00:00,564
2026-06-14 08:15:00+00:00,565
2026-06-14 08:30:00+00:00,565
2026-06-14 08:45:00+00:00,566
2026-06-14 09:00:00+00:00,566
2026-06-14 09:15:00+00:00,567
2026-06-14 09:30:00+00:00,567
2026-06-14 09:45:00+00:00,568
2026-06-14 10:00:00+00:00,568
2026-06-14 10:15:00+00:00,569
2026-06-14 10:30:00+00:00,569
2026-06-14 10:45:00+00:00,570
2026-06-14 11:00:00+00:00,570
2026-06-14 11:15:00+00:00,571
2026-06-14 11:30:00+00:00,571
2026-06-14 11:45:00+00:00,572
2026-06-14 12:00:00+00:00,572
2026-06-14 12:15:00+00:00,572
2026-06-14 12:30:00+00:00,572
2026-06-14 12:45:00+00:00,573
2026-06-14 13:00:00+00:00,573
2026-06-14 13:15:00+00:00,573
2026-06-14 13:30:00+00:00,573
2026-06-14 13:45:00+00:00,573
2026-06-14 14:00:00+00:00,573
2026-06-14 14:15:00+00:00,574
2026-06-14 14:30:00+00:00,574
2026-06-14 14:45:00+00:00,574
2026-06-14 15:00:00+00:00,574
2026-06-14 15:15:00+00:00,574
2026-06-14 15:30:00+00:00,574
2026-06-14 15:45:00+00:00,574
2026-06-14 16:00:00+00:00,574
2026-06-14 16:15:00+00:00,574
2026-06-14 16:30:00+00:00,575
2026-06-14 16:45:00+00:00,575
2026-06-14 17:00:00+00:00,574
2026-06-14 17:15:00+00:00,574
2026-06-14 17:30:00+00:00,574
2026-06-14 17:45:00+00:00,574
2026-06-14 18:00:00+00:00,574
2026-06-14 18:15:00+00:00,574
2026-06-14 18:30:00+00:00,573
2026-06-14 18:45:00+00:00,573
2026-06-14 19:00:00+00:00,573
2026-06-14 19:15:00+00:00,573
2026-06-14 19:30:00+00:00,573
2026-06-14 19:45:00+00:00,572
2026-06-14 20:00:00+00:00,572
2026-06-14 20:15:00+00:00,572
2026-06-14 20:30:00+00:00,572
2026-06-14 20:45:00+00:00,572
2026-06-14 21:00:00+00:00,572
2026-06-14 21:15:00+00:00,572
2026-06-14 21:30:00+00:00,572
2026-06-14 21:45:00+00:00,572
2026-06-14 22:00:00+00:00,572
2026-06-14 22:15:00+00:00,572
2026-06-14 22:30:00+00:00,572
2026-06-14 22:45:00+00:00,572
2026-06-14 23:00:00+00:00,572
2026-06-14 23:15:00+00:00,571
2026-06-14 23:30:00+00:00,572
2026-06-14 23:45:00+00:00,572
2026-06-15 00:00:00+00:00,572
2026-06-15 00:15:00+00:00,572
2026-06-15 00:30:00+00:00,572
2026-06-15 00:45:00+00:00,572
2026-06-15 01:00:00+00:00,572
2026-06-15 01:15:00+00:00,572
2026-06-15 01:30:00+00:00,571
2026-06-15 01:45:00+00:00,571
2026-06-15 02:00:00+00:00,571
2026-06-15 02:15:00+00:00,570
2026-06-15 02:30:00+00:00,570
2026-06-15 02:45:00+00:00,570
2026-06-15 03:00:00+00:00,570
2026-06-15 03:15:00+00:00,570
2026-06-15 03:30:00+00:00,570
2026-06-15 03:45:00+00:00,571
2026-06-15 04:00:00+00:00,571
2026-06-15 04:15:00+00:00,571
2026-06-15 04:30:00+00:00,571
2026-06-15 04:45:00+00:00,571
2026-06-15 05:00:00+00:00,572
2026-06-15 05:15:00+00:00,571
2026-06-15 05:30:00+00:00,571
2026-06-15 05:45:00+00:00,571
2026-06-15 06:00:00+00:00,571
2026-06-15 06:15:00+00:00,571
2026-06-15 06:30:00+00:00,570
2026-06-15 06:45:00+00:00,570
2026-06-15 07:00:00+00:00,569
2026-06-15 07:15:00+00:00,569
2026-06-15 07:30:00+00:00,568
2026-06-15 07:45:00+00:00,568
2026-06-15 08:00:00+00:00,568
2026-06-15 08:15:00+00:00,568
2026-06-15 08:30:00+00:00,568
2026-06-15 08:45:00+00:00,568
2026-06-15 09:00:00+00:00,568
2026-06-15 09:15:00+00:00,569
2026-06-15 09:30:00+00:00,569
2026-06-15 09:45:00+00:00,569
2026-06-15 10:00:00+00:00,570
2026-06-15 10:15:00+00:00,570
2026-06-15 10:30:00+00:00,571
2026-06-15 10:45:00+00:00,572
2026-06-15 11:00:00+00:00,572
2026-06-15 11:15:00+00:00,573
2026-06-15 11:30:00+00:00,573
2026-06-15 11:45:00+00:00,574
2026-06-15 12:00:00+00:00,574
2026-06-15 12:15:00+00:00,574
2026-06-15 12:30:00+00:00,574
2026-06-15 12:45:00+00:00,574
2026-06-15 13:00:00+00:00,574
2026-06-15 13:15:00+00:00,574
2026-06-15 13:30:00+00:00,574
2026-06-15 13:45:00+00:00,574
2026-06-15 14:00:00+00:00,574
2026-06-15 14:15:00+00:00,573
2026-06-15 14:30:00+00:00,573
2026-06-15 14:45:00+00:00,573
2026-06-15 15:00:00+00:00,572
2026-06-15 15:15:00+00:00,571
2026-06-15 15:30:00+00:00,571
2026-06-15 15:45:00+00:00,570
2026-06-15 16:00:00+00:00,569
2026-06-15 16:15:00+00:00,569
2026-06-15 16:30:00+00:00,568
2026-06-15 16:45:00+00:00,567
2026-06-15 17:00:00+00:00,567
2026-06-15 17:15:00+00:00,566
2026-06-15 17:30:00+00:00,566
2026-06-15 17:45:00+00:00,565
2026-06-15 18:00:00+00:00,565
2026-06-15 18:15:00+00:00,564
2026-06-15 18:30:00+00:00,564
2026-06-15 18:45:00+00:00,563
2026-06-15 19:00:00+00:00,562
2026-06-15 19:15:00+00:00,562
2026-06-15 19:30:00+00:00,562
2026-06-15 19:45:00+00:00,561
2026-06-15 20:00:00+00:00,561
2026-06-15 20:15:00+00:00,560
2026-06-15 20:30:00+00:00,560
2026-06-15 20:45:00+00:00,560
2026-06-15 21:00:00+00:00,559
2026-06-15 21:15:00+00:00,559
2026-06-15 21:30:00+00:00,559
2026-06-15 21:45:00+00:00,559
2026-06-15 22:00:00+00:00,559
2026-06-15 22:15:00+00:00,558
2026-06-15 22:30:00+00:00,558
2026-06-15 22:45:00+00:00,558
2026-06-15 23:00:00+00:00,558
2026-06-15 23:15:00+00:00,558
2026-06-15 23:30:00+00:00,557
2026-06-15 23:45:00+00:00,557
2026-06-16 00:00:00+00:00,557
2026-06-16 00:15:00+00:00,557
2026-06-16 00:30:00+00:00,557
2026-06-16 00:45:00+00:00,557
2026-06-16 01:00:00+00:00,556
2026-06-16 01:15:00+00:00,556
2026-06-16 01:30:00+00:00,556
2026-06-16 01:45:00+00:00,556
2026-06-16 02:00:00+00:00,556
2026-06-16 02:15:00+00:00,557
2026-06-16 02:30:00+00:00,557
2026-06-16 02:45:00+00:00,557
2026-06-16 03:00:00+00:00,556
2026-06-16 03:15:00+00:00,556
2026-06-16 03:30:00+00:00,555
2026-06-16 03:45:00+00:00,555
2026-06-16 04:00:00+00:00,554
2026-06-16 04:15:00+00:00,554
2026-06-16 04:30:00+00:00,553
2026-06-16 04:45:00+00:00,553
2026-06-16 05:00:00+00:00,552
2026-06-16 05:15:00+00:00,552
2026-06-16 05:30:00+00:00,551
2026-06-16 05:45:00+00:00,551
2026-06-16 06:00:00+00:00,551
2026-06-16 06:15:00+00:00,551
2026-06-16 06:30:00+00:00,550
2026-06-16 06:45:00+00:00,550
2026-06-16 07:00:00+00:00,550
2026-06-16 07:15:00+00:00,550
2026-06-16 07:30:00+00:00,550
2026-06-16 07:45:00+00:00,550
2026-06-16 08:00:00+00:00,550
2026-06-16 08:15:00+00:00,550
2026-06-16 08:30:00+00:00,551
2026-06-16 08:45:00+00:00,551
2026-06-16 09:00:00+00:00,551
2026-06-16 09:15:00+00:00,552
2026-06-16 09:30:00+00:00,552
2026-06-16 09:45:00+00:00,553
2026-06-16 10:00:00+00:00,553
2026-06-16 10:15:00+00:00,554
2026-06-16 10:30:00+00:00,554
2026-06-16 10:45:00+00:00,555
2026-06-16 11:00:00+00:00,555
2026-06-16 11:15:00+00:00,556
2026-06-16 11:30:00+00:00,556
2026-06-16 11:45:00+00:00,557
2026-06-16 12:00:00+00:00,557
2026-06-16 12:15:00+00:00,558
2026-06-16 12:30:00+00:00,559
2026-06-16 12:45:00+00:00,559
2026-06-16 13:00:00+00:00,560
2026-06-16 13:15:00+00:00,560
2026-06-16 13:30:00+00:00,561
2026-06-16 13:45:00+00:00,561
2026-06-16 14:00:00+00:00,562
2026-06-16 14:15:00+00:00,562
2026-06-16 14:30:00+00:00,562
2026-06-16 14:45:00+00:00,562
2026-06-16 15:00:00+00:00,563
2026-06-16 15:15:00+00:00,563
2026-06-16 15:30:00+00:00,563
2026-06-16 15:45:00+00:00,564
2026-06-16 16:00:00+00:00,564
2026-06-16 16:15:00+00:00,564
2026-06-16 16:30:00+00:00,564
2026-06-16 16:45:00+00:00,565
2026-06-16 17:00:00+00:00,567
2026-06-16 17:15:00+00:00,567
2026-06-16 17:30:00+00:00,565
2026-06-16 17:45:00+00:00,563
2026-06-16 18:00:00+00:00,564
2026-06-16 18:15:00+00:00,565
2026-06-16 18:30:00+00:00,567
2026-06-16 18:45:00+00:00,569
2026-06-16 19:00:00+00:00,570
2026-06-16 19:15:00+00:00,570
2026-06-16 19:30:00+00:00,571
2026-06-16 19:45:00+00:00,571
2026-06-16 20:00:00+00:00,570
2026-06-16 20:15:00+00:00,570
2026-06-16 20:30:00+00:00,570
2026-06-16 20:45:00+00:00,570
2026-06-16 21:00:00+00:00,570
2026-06-16 21:15:00+00:00,569
2026-06-16 21:30:00+00:00,569
2026-06-16 21:45:00+00:00,569
2026-06-16 22:00:00+00:00,570
2026-06-16 22:15:00+00:00,568
2026-06-16 22:30:00+00:00,570
2026-06-16 22:45:00+00:00,570
2026-06-16 23:00:00+00:00,570
2026-06-16 23:15:00+00:00,570
2026-06-16 23:30:00+00:00,570
2026-06-16 23:45:00+00:00,570
2026-06-17 00:00:00+00:00,570
2026-06-17 00:15:00+00:00,570
2026-06-17 00:30:00+00:00,570
2026-06-17 00:45:00+00:00,570
2026-06-17 01:00:00+00:00,569
2026-06-17 01:15:00+00:00,569
2026-06-17 01:30:00+00:00,569
2026-06-17 01:45:00+00:00,569
2026-06-17 02:00:00+00:00,569
2026-06-17 02:15:00+00:00,569
2026-06-17 02:30:00+00:00,569
2026-06-17 02:45:00+00:00,569
2026-06-17 03:00:00+00:00,569
2026-06-17 03:15:00+00:00,569
2026-06-17 03:30:00+00:00,569
2026-06-17 03:45:00+00:00,570
2026-06-17 04:00:00+00:00,570
2026-06-17 04:15:00+00:00,570
2026-06-17 04:30:00+00:00,570
2026-06-17 04:45:00+00:00,570
2026-06-17 05:00:00+00:00,570
2026-06-17 05:15:00+00:00,570
2026-06-17 05:30:00+00:00,570
2026-06-17 05:45:00+00:00,570
2026-06-17 06:00:00+00:00,570
2026-06-17 06:15:00+00:00,569
2026-06-17 06:30:00+00:00,569
2026-06-17 06:45:00+00:00,569
2026-06-17 07:00:00+00:00,569
2026-06-17 07:15:00+00:00,568
2026-06-17 07:30:00+00:00,568
2026-06-17 07:45:00+00:00,568
2026-06-17 08:00:00+00:00,568
2026-06-17 08:15:00+00:00,568
2026-06-17 08:30:00+00:00,568
2026-06-17 08:45:00+00:00,568
2026-06-17 09:00:00+00:00,568
2026-06-17 09:15:00+00:00,568
2026-06-17 09:30:00+00:00,569
2026-06-17 09:45:00+00:00,569
2026-06-17 10:00:00+00:00,569
2026-06-17 10:15:00+00:00,570
2026-06-17 10:30:00+00:00,570
2026-06-17 10:45:00+00:00,570
2026-06-17 11:00:00+00:00,571
2026-06-17 11:15:00+00:00,571
2026-06-17 11:30:00+00:00,571
2026-06-17 11:45:00+00:00,571
2026-06-17 12:00:00+00:00,572
2026-06-17 12:15:00+00:00,572
2026-06-17 12:30:00+00:00,572
2026-06-17 12:45:00+00:00,572
2026-06-17 13:00:00+00:00,572
2026-06-17 13:15:00+00:00,571
2026-06-17 13:30:00+00:00,571
2026-06-17 13:45:00+00:00,571
2026-06-17 14:00:00+00:00,570
2026-06-17 14:15:00+00:00,570
2026-06-17 14:30:00+00:00,569
2026-06-17 14:45:00+00:00,569
2026-06-17 15:00:00+00:00,569
2026-06-17 15:15:00+00:00,569
2026-06-17 15:30:00+00:00,569
2026-06-17 15:45:00+00:00,568
2026-06-17 16:00:00+00:00,568
2026-06-17 16:15:00+00:00,568
2026-06-17 16:30:00+00:00,568
2026-06-17 16:45:00+00:00,567
2026-06-17 17:00:00+00:00,567
2026-06-17 17:15:00+00:00,567
2026-06-17 17:30:00+00:00,567
2026-06-17 17:45:00+00:00,567
2026-06-17 18:00:00+00:00,567
2026-06-17 18:15:00+00:00,567
2026-06-17 18:30:00+00:00,567
2026-06-17 18:45:00+00:00,567
2026-06-17 19:00:00+00:00,567
2026-06-17 19:15:00+00:00,567
2026-06-17 19:30:00+00:00,566
2026-06-17 19:45:00+00:00,566
2026-06-17 20:00:00+00:00,566
2026-06-17 20:15:00+00:00,566
2026-06-17 20:30:00+00:00,566
2026-06-17 20:45:00+00:00,566
2026-06-17 21:00:00+00:00,565
2026-06-17 21:15:00+00:00,565
2026-06-17 21:30:00+00:00,565
2026-06-17 21:45:00+00:00,565
2026-06-17 22:00:00+00:00,565
2026-06-17 22:15:00+00:00,565
2026-06-17 22:30:00+00:00,565
2026-06-17 22:45:00+00:00,565
2026-06-17 23:00:00+00:00,565
2026-06-17 23:15:00+00:00,565
2026-06-17 23:30:00+00:00,565
2026-06-17 23:45:00+00:00,565
2026-06-18 00:00:00+00:00,565
2026-06-18 00:15:00+00:00,565
2026-06-18 00:30:00+00:00,565
2026-06-18 00:45:00+00:00,564
2026-06-18 01:00:00+00:00,564
2026-06-18 01:15:00+00:00,564
2026-06-18 01:30:00+00:00,563
2026-06-18 01:45:00+00:00,564
2026-06-18 02:00:00+00:00,563
2026-06-18 02:15:00+00:00,563
2026-06-18 02:30:00+00:00,563
2026-06-18 02:45:00+00:00,562
2026-06-18 03:00:00+00:00,564
2026-06-18 03:15:00+00:00,564
2026-06-18 03:30:00+00:00,563
2026-06-18 03:45:00+00:00,563
2026-06-18 04:00:00+00:00,563
2026-06-18 04:15:00+00:00,563
2026-06-18 04:30:00+00:00,563
2026-06-18 04:45:00+00:00,563
2026-06-18 05:00:00+00:00,563
2026-06-18 05:15:00+00:00,564
2026-06-18 05:30:00+00:00,564
2026-06-18 05:45:00+00:00,564
2026-06-18 06:00:00+00:00,563
2026-06-18 06:15:00+00:00,563
2026-06-18 06:30:00+00:00,563
2026-06-18 06:45:00+00:00,563
2026-06-18 07:00:00+00:00,563
2026-06-18 07:15:00+00:00,563
2026-06-18 07:30:00+00:00,563
2026-06-18 07:45:00+00:00,563
2026-06-18 08:00:00+00:00,563
2026-06-18 08:15:00+00:00,563
2026-06-18 08:30:00+00:00,563
2026-06-18 08:45:00+00:00,564
2026-06-18 09:00:00+00:00,564
2026-06-18 09:15:00+00:00,564
2026-06-18 09:30:00+00:00,565
2026-06-18 09:45:00+00:00,565
2026-06-18 10:00:00+00:00,565
2026-06-18 10:15:00+00:00,566
2026-06-18 10:30:00+00:00,566
2026-06-18 10:45:00+00:00,567
2026-06-18 11:00:00+00:00,567
2026-06-18 11:15:00+00:00,567
2026-06-18 11:30:00+00:00,568
2026-06-18 11:45:00+00:00,568
2026-06-18 12:00:00+00:00,568
2026-06-18 12:15:00+00:00,569
2026-06-18 12:30:00+00:00,569
2026-06-18 12:45:00+00:00,569
2026-06-18 13:00:00+00:00,569
2026-06-18 13:15:00+00:00,569
2026-06-18 13:30:00+00:00,569
2026-06-18 13:45:00+00:00,569
2026-06-18 14:00:00+00:00,569
2026-06-18 14:15:00+00:00,569
2026-06-18 14:30:00+00:00,569
2026-06-18 14:45:00+00:00,569
2026-06-18 15:00:00+00:00,569
2026-06-18 15:15:00+00:00,569
2026-06-18 15:30:00+00:00,569
2026-06-18 15:45:00+00:00,569
2026-06-18 16:00:00+00:00,569
2026-06-18 16:15:00+00:00,569
2026-06-18 16:30:00+00:00,569
2026-06-18 16:45:00+00:00,569
2026-06-18 17:00:00+00:00,569
2026-06-18 17:15:00+00:00,569
2026-06-18 17:30:00+00:00,569
2026-06-18 17:45:00+00:00,570
2026-06-18 18:00:00+00:00,570
2026-06-18 18:15:00+00:00,570
2026-06-18 18:30:00+00:00,571
2026-06-18 18:45:00+00:00,571
2026-06-18 19:00:00+00:00,571
2026-06-18 19:15:00+00:00,572
2026-06-18 19:30:00+00:00,572
2026-06-18 19:45:00+00:00,572
2026-06-18 20:00:00+00:00,572
2026-06-18 20:15:00+00:00,572
2026-06-18 20:30:00+00:00,572
2026-06-18 20:45:00+00:00,572
2026-06-18 21:00:00+00:00,572
2026-06-18 21:15:00+00:00,572
2026-06-18 21:30:00+00:00,572
2026-06-18 21:45:00+00:00,572
2026-06-18 22:00:00+00:00,572
2026-06-18 22:15:00+00:00,572
2026-06-18 22:30:00+00:00,572
2026-06-18 22:45:00+00:00,572
2026-06-18 23:00:00+00:00,572
2026-06-18 23:15:00+00:00,572
2026-06-18 23:30:00+00:00,572
2026-06-18 23:45:00+00:00,572
2026-06-19 00:00:00+00:00,572
2026-06-19 00:15:00+00:00,572
2026-06-19 00:30:00+00:00,572
2026-06-19 00:45:00+00:00,572
2026-06-19 01:00:00+00:00,572
2026-06-19 01:15:00+00:00,572
2026-06-19 01:30:00+00:00,572
2026-06-19 01:45:00+00:00,572
2026-06-19 02:00:00+00:00,571
2026-06-19 02:15:00+00:00,571
2026-06-19 02:30:00+00:00,571
2026-06-19 02:45:00+00:00,571
2026-06-19 03:00:00+00:00,571
2026-06-19 03:15:00+00:00,571
2026-06-19 03:30:00+00:00,571
2026-06-19 03:45:00+00:00,571
2026-06-19 04:00:00+00:00,570
2026-06-19 04:15:00+00:00,570
2026-06-19 04:30:00+00:00,569
2026-06-19 04:45:00+00:00,568
2026-06-19 05:00:00+00:00,567
2026-06-19 05:15:00+00:00,565
2026-06-19 05:30:00+00:00,565
2026-06-19 05:45:00+00:00,563
2026-06-19 06:00:00+00:00,562
2026-06-19 06:15:00+00:00,560
2026-06-19 06:30:00+00:00,558
2026-06-19 06:45:00+00:00,556
2026-06-19 07:00:00+00:00,554
2026-06-19 07:15:00+00:00,552
2026-06-19 07:30:00+00:00,551
2026-06-19 07:45:00+00:00,549
2026-06-19 08:00:00+00:00,548
2026-06-19 08:15:00+00:00,547
2026-06-19 08:30:00+00:00,546
2026-06-19 08:45:00+00:00,545
2026-06-19 09:00:00+00:00,544
2026-06-19 09:15:00+00:00,543
2026-06-19 09:30:00+00:00,543
2026-06-19 09:45:00+00:00,542
2026-06-19 10:00:00+00:00,542
2026-06-19 10:15:00+00:00,541
2026-06-19 10:30:00+00:00,541
2026-06-19 10:45:00+00:00,541
2026-06-19 11:00:00+00:00,541
2026-06-19 11:15:00+00:00,541
2026-06-19 11:30:00+00:00,541
2026-06-19 11:45:00+00:00,541
2026-06-19 12:00:00+00:00,541
2026-06-19 12:15:00+00:00,541
2026-06-19 12:30:00+00:00,541
2026-06-19 12:45:00+00:00,542
2026-06-19 13:00:00+00:00,548
2026-06-19 13:15:00+00:00,552
2026-06-19 13:30:00+00:00,552
2026-06-19 13:45:00+00:00,549
2026-06-19 14:00:00+00:00,545
2026-06-19 14:15:00+00:00,543
2026-06-19 14:30:00+00:00,542
2026-06-19 14:45:00+00:00,541
2026-06-19 15:00:00+00:00,541
2026-06-19 15:15:00+00:00,541
2026-06-19 15:30:00+00:00,541
2026-06-19 15:45:00+00:00,541
2026-06-19 16:00:00+00:00,542
2026-06-19 16:15:00+00:00,542
2026-06-19 16:30:00+00:00,542
2026-06-19 16:45:00+00:00,542
2026-06-19 17:00:00+00:00,542
2026-06-19 17:15:00+00:00,543
2026-06-19 17:30:00+00:00,543
2026-06-19 17:45:00+00:00,543
2026-06-19 18:00:00+00:00,544
2026-06-19 18:15:00+00:00,544
2026-06-19 18:30:00+00:00,544
2026-06-19 18:45:00+00:00,544
2026-06-19 19:00:00+00:00,545
2026-06-19 19:15:00+00:00,545
2026-06-19 19:30:00+00:00,545
2026-06-19 19:45:00+00:00,545
2026-06-19 20:00:00+00:00,545
2026-06-19 20:15:00+00:00,545
2026-06-19 20:30:00+00:00,545
2026-06-19 20:45:00+00:00,545
2026-06-19 21:00:00+00:00,545
2026-06-19 21:15:00+00:00,545
2026-06-19 21:30:00+00:00,545
2026-06-19 21:45:00+00:00,545
2026-06-19 22:00:00+00:00,545
2026-06-19 22:15:00+00:00,545
2026-06-19 22:30:00+00:00,545
2026-06-19 22:45:00+00:00,545
2026-06-19 23:00:00+00:00,545
2026-06-19 23:15:00+00:00,545
2026-06-19 23:30:00+00:00,545
2026-06-19 23:45:00+00:00,544
2026-06-20 00:00:00+00:00,544
2026-06-20 00:15:00+00:00,544
2026-06-20 00:30:00+00:00,544
2026-06-20 00:45:00+00:00,544
2026-06-20 01:00:00+00:00,545
2026-06-20 01:15:00+00:00,545
2026-06-20 01:30:00+00:00,544
2026-06-20 01:45:00+00:00,543
2026-06-20 02:00:00+00:00,543
2026-06-20 02:15:00+00:00,543
2026-06-20 02:30:00+00:00,543
2026-06-20 02:45:00+00:00,543
2026-06-20 03:00:00+00:00,543
2026-06-20 03:15:00+00:00,542
2026-06-20 03:30:00+00:00,542
2026-06-20 03:45:00+00:00,543
2026-06-20 04:00:00+00:00,543
2026-06-20 04:15:00+00:00,543
2026-06-20 04:30:00+00:00,544
2026-06-20 04:45:00+00:00,544
2026-06-20 05:00:00+00:00,545
2026-06-20 05:15:00+00:00,545
2026-06-20 05:30:00+00:00,546
2026-06-20 05:45:00+00:00,547
2026-06-20 06:00:00+00:00,548
2026-06-20 06:15:00+00:00,549
2026-06-20 06:30:00+00:00,550
2026-06-20 06:45:00+00:00,551
2026-06-20 07:00:00+00:00,552
2026-06-20 07:15:00+00:00,553
2026-06-20 07:30:00+00:00,554
2026-06-20 07:45:00+00:00,555
2026-06-20 08:00:00+00:00,556
2026-06-20 08:15:00+00:00,557
2026-06-20 08:30:00+00:00,559
2026-06-20 08:45:00+00:00,560
2026-06-20 09:00:00+00:00,561
2026-06-20 09:15:00+00:00,563
2026-06-20 09:30:00+00:00,564
2026-06-20 09:45:00+00:00,566
2026-06-20 10:00:00+00:00,567
2026-06-20 10:15:00+00:00,569
2026-06-20 10:30:00+00:00,570
2026-06-20 10:45:00+00:00,571
2026-06-20 11:00:00+00:00,573
2026-06-20 11:15:00+00:00,574
2026-06-20 11:30:00+00:00,576
2026-06-20 11:45:00+00:00,577
2026-06-20 12:00:00+00:00,579
2026-06-20 12:15:00+00:00,580
2026-06-20 12:30:00+00:00,581
2026-06-20 12:45:00+00:00,583
2026-06-20 13:00:00+00:00,584
2026-06-20 13:15:00+00:00,584
2026-06-20 13:30:00+00:00,585
2026-06-20 13:45:00+00:00,586
2026-06-20 14:00:00+00:00,586
2026-06-20 14:15:00+00:00,587
2026-06-20 14:30:00+00:00,587
2026-06-20 14:45:00+00:00,588
2026-06-20 15:00:00+00:00,588
2026-06-20 15:15:00+00:00,588
2026-06-20 15:30:00+00:00,589
2026-06-20 15:45:00+00:00,589
2026-06-20 16:00:00+00:00,590
2026-06-20 16:15:00+00:00,590
2026-06-20 16:30:00+00:00,590
2026-06-20 16:45:00+00:00,591
2026-06-20 17:00:00+00:00,591
2026-06-20 17:15:00+00:00,591
2026-06-20 17:30:00+00:00,591
2026-06-20 17:45:00+00:00,591
2026-06-20 18:00:00+00:00,591
2026-06-20 18:15:00+00:00,592
2026-06-20 18:30:00+00:00,592
2026-06-20 18:45:00+00:00,592
2026-06-20 19:00:00+00:00,593
2026-06-20 19:15:00+00:00,593
2026-06-20 19:30:00+00:00,593
2026-06-20 19:45:00+00:00,594
2026-06-20 20:00:00+00:00,594
2026-06-20 20:15:00+00:00,594
2026-06-20 20:30:00+00:00,594
2026-06-20 20:45:00+00:00,594
2026-06-20 21:00:00+00:00,594
2026-06-20 21:15:00+00:00,594
2026-06-20 21:30:00+00:00,594
2026-06-20 21:45:00+00:00,594
2026-06-20 22:00:00+00:00,594
2026-06-20 22:15:00+00:00,594
2026-06-20 22:30:00+00:00,594
2026-06-20 22:45:00+00:00,594
2026-06-20 23:00:00+00:00,594
2026-06-20 23:15:00+00:00,593
2026-06-20 23:30:00+00:00,593
2026-06-20 23:45:00+00:00,593
2026-06-21 00:00:00+00:00,593
2026-06-21 00:15:00+00:00,592
2026-06-21 00:30:00+00:00,592
2026-06-21 00:45:00+00:00,592
2026-06-21 01:00:00+00:00,591
2026-06-21 01:15:00+00:00,591
2026-06-21 01:30:00+00:00,590
2026-06-21 01:45:00+00:00,590
2026-06-21 02:00:00+00:00,589
2026-06-21 02:15:00+00:00,589
2026-06-21 02:30:00+00:00,589
2026-06-21 02:45:00+00:00,588
2026-06-21 03:00:00+00:00,588
2026-06-21 03:15:00+00:00,588
2026-06-21 03:30:00+00:00,589
2026-06-21 03:45:00+00:00,589
2026-06-21 04:00:00+00:00,589
2026-06-21 04:15:00+00:00,590
2026-06-21 04:30:00+00:00,590
2026-06-21 04:45:00+00:00,590
2026-06-21 05:00:00+00:00,591
2026-06-21 05:15:00+00:00,591
2026-06-21 05:30:00+00:00,591
2026-06-21 05:45:00+00:00,591
2026-06-21 06:00:00+00:00,591
2026-06-21 06:15:00+00:00,591
2026-06-21 06:30:00+00:00,592
2026-06-21 06:45:00+00:00,592
2026-06-21 07:00:00+00:00,592
2026-06-21 07:15:00+00:00,592
2026-06-21 07:30:00+00:00,593
2026-06-21 07:45:00+00:00,594
2026-06-21 08:00:00+00:00,594
2026-06-21 08:15:00+00:00,595
2026-06-21 08:30:00+00:00,595
2026-06-21 08:45:00+00:00,596
2026-06-21 09:00:00+00:00,596
2026-06-21 09:15:00+00:00,597
2026-06-21 09:30:00+00:00,597
2026-06-21 09:45:00+00:00,597
2026-06-21 10:00:00+00:00,597
2026-06-21 10:15:00+00:00,598
2026-06-21 10:30:00+00:00,598
2026-06-21 10:45:00+00:00,598
2026-06-21 11:00:00+00:00,599
2026-06-21 11:15:00+00:00,599
2026-06-21 11:30:00+00:00,600
2026-06-21 11:45:00+00:00,600
2026-06-21 12:00:00+00:00,601
2026-06-21 12:15:00+00:00,601
2026-06-21 12:30:00+00:00,602
2026-06-21 12:45:00+00:00,602
2026-06-21 13:00:00+00:00,603
2026-06-21 13:15:00+00:00,603
2026-06-21 13:30:00+00:00,603
2026-06-21 13:45:00+00:00,604
2026-06-21 14:00:00+00:00,604
2026-06-21 14:15:00+00:00,604
2026-06-21 14:30:00+00:00,604
2026-06-21 14:45:00+00:00,604
2026-06-21 15:00:00+00:00,604
2026-06-21 15:15:00+00:00,604
2026-06-21 15:30:00+00:00,604
2026-06-21 15:45:00+00:00,604
2026-06-21 16:00:00+00:00,604
2026-06-21 16:15:00+00:00,604
2026-06-21 16:30:00+00:00,604
2026-06-21 16:45:00+00:00,603
2026-06-21 17:00:00+00:00,603
2026-06-21 17:15:00+00:00,603
2026-06-21 17:30:00+00:00,603
2026-06-21 17:45:00+00:00,603
2026-06-21 18:00:00+00:00,603
2026-06-21 18:15:00+00:00,603
2026-06-21 18:30:00+00:00,603
2026-06-21 18:45:00+00:00,604
2026-06-21 19:00:00+00:00,604
2026-06-21 19:15:00+00:00,604
2026-06-21 19:30:00+00:00,604
2026-06-21 19:45:00+00:00,605
2026-06-21 20:00:00+00:00,605
2026-06-21 20:15:00+00:00,605
2026-06-21 20:30:00+00:00,606
2026-06-21 20:45:00+00:00,606
2026-06-21 21:00:00+00:00,606
2026-06-21 21:15:00+00:00,606
2026-06-21 21:30:00+00:00,607
2026-06-21 21:45:00+00:00,607
2026-06-21 22:00:00+00:00,607
2026-06-21 22:15:00+00:00,607
2026-06-21 22:30:00+00:00,607
2026-06-21 22:45:00+00:00,607
2026-06-21 23:00:00+00:00,607
2026-06-21 23:15:00+00:00,607
2026-06-21 23:30:00+00:00,607
2026-06-21 23:45:00+00:00,606
2026-06-22 00:00:00+00:00,606
2026-06-22 00:15:00+00:00,605
2026-06-22 00:30:00+00:00,605
2026-06-22 00:45:00+00:00,605
2026-06-22 01:00:00+00:00,604
2026-06-22 01:15:00+00:00,603
2026-06-22 01:30:00+00:00,603
2026-06-22 01:45:00+00:00,602
2026-06-22 02:00:00+00:00,601
2026-06-22 02:15:00+00:00,600
2026-06-22 02:30:00+00:00,600
2026-06-22 02:45:00+00:00,600
2026-06-22 03:00:00+00:00,600
2026-06-22 03:15:00+00:00,599
2026-06-22 03:30:00+00:00,599
2026-06-22 03:45:00+00:00,599
2026-06-22 04:00:00+00:00,599
2026-06-22 04:15:00+00:00,599
2026-06-22 04:30:00+00:00,599
2026-06-22 04:45:00+00:00,598
2026-06-22 05:00:00+00:00,598
2026-06-22 05:15:00+00:00,597
2026-06-22 05:30:00+00:00,597
2026-06-22 05:45:00+00:00,596
2026-06-22 06:00:00+00:00,596
2026-06-22 06:15:00+00:00,596
2026-06-22 06:30:00+00:00,597
2026-06-22 06:45:00+00:00,597
2026-06-22 07:00:00+00:00,597
2026-06-22 07:15:00+00:00,597
2026-06-22 07:30:00+00:00,597
2026-06-22 07:45:00+00:00,598
2026-06-22 08:00:00+00:00,598
2026-06-22 08:15:00+00:00,599
2026-06-22 08:30:00+00:00,599
2026-06-22 08:45:00+00:00,600
2026-06-22 09:00:00+00:00,600
2026-06-22 09:15:00+00:00,600
2026-06-22 09:30:00+00:00,601
2026-06-22 09:45:00+00:00,601
2026-06-22 10:00:00+00:00,601
2026-06-22 10:15:00+00:00,602
2026-06-22 10:30:00+00:00,602
2026-06-22 10:45:00+00:00,602
2026-06-22 11:00:00+00:00,603
2026-06-22 11:15:00+00:00,603
2026-06-22 11:30:00+00:00,603
2026-06-22 11:45:00+00:00,604
2026-06-22 12:00:00+00:00,604
2026-06-22 12:15:00+00:00,604
2026-06-22 12:30:00+00:00,604
2026-06-22 12:45:00+00:00,604
2026-06-22 13:00:00+00:00,604
2026-06-22 13:15:00+00:00,604
2026-06-22 13:30:00+00:00,604
2026-06-22 13:45:00+00:00,604
2026-06-22 14:00:00+00:00,604
2026-06-22 14:15:00+00:00,603
2026-06-22 14:30:00+00:00,603
2026-06-22 14:45:00+00:00,603
2026-06-22 15:00:00+00:00,603
2026-06-22 15:15:00+00:00,602
2026-06-22 15:30:00+00:00,602
2026-06-22 15:45:00+00:00,602
2026-06-22 16:00:00+00:00,602
2026-06-22 16:15:00+00:00,602
2026-06-22 16:30:00+00:00,602
2026-06-22 16:45:00+00:00,602
2026-06-22 17:00:00+00:00,602
2026-06-22 17:15:00+00:00,602
2026-06-22 17:30:00+00:00,602
2026-06-22 17:45:00+00:00,602
2026-06-22 18:00:00+00:00,602
2026-06-22 18:15:00+00:00,601
2026-06-22 18:30:00+00:00,602
2026-06-22 18:45:00+00:00,601
2026-06-22 19:00:00+00:00,601
2026-06-22 19:15:00+00:00,601
2026-06-22 19:30:00+00:00,601
2026-06-22 19:45:00+00:00,602
2026-06-22 20:00:00+00:00,602
2026-06-22 20:15:00+00:00,602
2026-06-22 20:30:00+00:00,602
2026-06-22 20:45:00+00:00,602
2026-06-22 21:00:00+00:00,603
2026-06-22 21:15:00+00:00,603
2026-06-22 21:30:00+00:00,603
2026-06-22 21:45:00+00:00,603
2026-06-22 22:00:00+00:00,603
2026-06-22 22:15:00+00:00,604
2026-06-22 22:30:00+00:00,604
2026-06-22 22:45:00+00:00,604
2026-06-22 23:00:00+00:00,604
2026-06-22 23:15:00+00:00,604
2026-06-22 23:30:00+00:00,604
2026-06-22 23:45:00+00:00,604
2026-06-23 00:00:00+00:00,604
2026-06-23 00:15:00+00:00,604
2026-06-23 00:30:00+00:00,604
2026-06-23 00:45:00+00:00,604
2026-06-23 01:00:00+00:00,604
2026-06-23 01:15:00+00:00,603
2026-06-23 01:30:00+00:00,603
2026-06-23 01:45:00+00:00,603
2026-06-23 02:00:00+00:00,602
2026-06-23 02:15:00+00:00,601
2026-06-23 02:30:00+00:00,600
2026-06-23 02:45:00+00:00,600
2026-06-23 03:00:00+00:00,599
2026-06-23 03:15:00+00:00,598
2026-06-23 03:30:00+00:00,597
2026-06-23 03:45:00+00:00,597
2026-06-23 04:00:00+00:00,596
2026-06-23 04:15:00+00:00,596
2026-06-23 04:30:00+00:00,596
2026-06-23 04:45:00+00:00,596
2026-06-23 05:00:00+00:00,596
2026-06-23 05:15:00+00:00,596
2026-06-23 05:30:00+00:00,597
2026-06-23 05:45:00+00:00,597
2026-06-23 06:00:00+00:00,598
2026-06-23 06:15:00+00:00,598
2026-06-23 06:30:00+00:00,598
2026-06-23 06:45:00+00:00,599
2026-06-23 07:00:00+00:00,599
2026-06-23 07:15:00+00:00,599
2026-06-23 07:30:00+00:00,599
2026-06-23 07:45:00+00:00,600
2026-06-23 08:00:00+00:00,600
2026-06-23 08:15:00+00:00,601
2026-06-23 08:30:00+00:00,601
2026-06-23 08:45:00+00:00,602
2026-06-23 09:00:00+00:00,603
2026-06-23 09:15:00+00:00,603
2026-06-23 09:30:00+00:00,604
2026-06-23 09:45:00+00:00,605
2026-06-23 10:00:00+00:00,605
2026-06-23 10:15:00+00:00,606
2026-06-23 10:30:00+00:00,607
2026-06-23 10:45:00+00:00,607
2026-06-23 11:00:00+00:00,608
2026-06-23 11:15:00+00:00,608
2026-06-23 11:30:00+00:00,609
2026-06-23 11:45:00+00:00,609
2026-06-23 12:00:00+00:00,609
2026-06-23 12:15:00+00:00,609
2026-06-23 12:30:00+00:00,608
2026-06-23 12:45:00+00:00,608
2026-06-23 13:00:00+00:00,607
2026-06-23 13:15:00+00:00,606
2026-06-23 13:30:00+00:00,606
2026-06-23 13:45:00+00:00,605
2026-06-23 14:00:00+00:00,604
2026-06-23 14:15:00+00:00,603
2026-06-23 14:30:00+00:00,603
2026-06-23 14:45:00+00:00,602
2026-06-23 15:00:00+00:00,601
2026-06-23 15:15:00+00:00,600
2026-06-23 15:30:00+00:00,600
2026-06-23 15:45:00+00:00,599
2026-06-23 16:00:00+00:00,599
2026-06-23 16:15:00+00:00,598
2026-06-23 16:30:00+00:00,598
2026-06-23 16:45:00+00:00,597
2026-06-23 17:00:00+00:00,597
2026-06-23 17:15:00+00:00,596
2026-06-23 17:30:00+00:00,596
2026-06-23 17:45:00+00:00,596
2026-06-23 18:00:00+00:00,595
2026-06-23 18:15:00+00:00,595
2026-06-23 18:30:00+00:00,595
2026-06-23 18:45:00+00:00,594
2026-06-23 19:00:00+00:00,594
2026-06-23 19:15:00+00:00,594
2026-06-23 19:30:00+00:00,594
2026-06-23 19:45:00+00:00,594
2026-06-23 20:00:00+00:00,594
2026-06-23 20:15:00+00:00,594
2026-06-23 20:30:00+00:00,594
2026-06-23 20:45:00+00:00,595
2026-06-23 21:00:00+00:00,595
2026-06-23 21:15:00+00:00,595
2026-06-23 21:30:00+00:00,595
2026-06-23 21:45:00+00:00,596
2026-06-23 22:00:00+00:00,596
2026-06-23 22:15:00+00:00,596
2026-06-23 22:30:00+00:00,597
2026-06-23 22:45:00+00:00,597
2026-06-23 23:00:00+00:00,597
2026-06-23 23:15:00+00:00,597
2026-06-23 23:30:00+00:00,598
2026-06-23 23:45:00+00:00,598
2026-06-24 00:00:00+00:00,598
2026-06-24 00:15:00+00:00,597
2026-06-24 00:30:00+00:00,597
2026-06-24 00:45:00+00:00,597
2026-06-24 01:00:00+00:00,596
2026-06-24 01:15:00+00:00,596
2026-06-24 01:30:00+00:00,595
2026-06-24 01:45:00+00:00,595
2026-06-24 02:00:00+00:00,594
2026-06-24 02:15:00+00:00,594
2026-06-24 02:30:00+00:00,593
2026-06-24 02:45:00+00:00,593
2026-06-24 03:00:00+00:00,592
2026-06-24 03:15:00+00:00,592
2026-06-24 03:30:00+00:00,592
2026-06-24 03:45:00+00:00,592
2026-06-24 04:00:00+00:00,592
2026-06-24 04:15:00+00:00,592
2026-06-24 04:30:00+00:00,592
2026-06-24 04:45:00+00:00,592
2026-06-24 05:00:00+00:00,592
2026-06-24 05:15:00+00:00,592
2026-06-24 05:30:00+00:00,592
2026-06-24 05:45:00+00:00,592
2026-06-24 06:00:00+00:00,592
2026-06-24 06:15:00+00:00,592
2026-06-24 06:30:00+00:00,591
2026-06-24 06:45:00+00:00,591
2026-06-24 07:00:00+00:00,591
2026-06-24 07:15:00+00:00,591
2026-06-24 07:30:00+00:00,591
2026-06-24 07:45:00+00:00,591
2026-06-24 08:00:00+00:00,591
2026-06-24 08:15:00+00:00,592
2026-06-24 08:30:00+00:00,592
2026-06-24 08:45:00+00:00,593
2026-06-24 09:00:00+00:00,593
2026-06-24 09:15:00+00:00,594
2026-06-24 09:30:00+00:00,595
2026-06-24 09:45:00+00:00,596
2026-06-24 10:00:00+00:00,597
2026-06-24 10:15:00+00:00,597
2026-06-24 10:30:00+00:00,598
2026-06-24 10:45:00+00:00,599
2026-06-24 11:00:00+00:00,599
2026-06-24 11:15:00+00:00,600
2026-06-24 11:30:00+00:00,600
2026-06-24 11:45:00+00:00,601
2026-06-24 12:00:00+00:00,602
2026-06-24 12:15:00+00:00,602
2026-06-24 12:30:00+00:00,603
2026-06-24 12:45:00+00:00,603
2026-06-24 13:00:00+00:00,603
2026-06-24 13:15:00+00:00,604
2026-06-24 13:30:00+00:00,604
2026-06-24 13:45:00+00:00,604
2026-06-24 14:00:00+00:00,604
2026-06-24 14:15:00+00:00,604
2026-06-24 14:30:00+00:00,604
2026-06-24 14:45:00+00:00,604
2026-06-24 15:00:00+00:00,604
2026-06-24 15:15:00+00:00,603
2026-06-24 15:30:00+00:00,603
2026-06-24 15:45:00+00:00,603
2026-06-24 16:00:00+00:00,602
2026-06-24 16:15:00+00:00,602
2026-06-24 16:30:00+00:00,602
2026-06-24 16:45:00+00:00,601
2026-06-24 17:00:00+00:00,601
2026-06-24 17:15:00+00:00,600
2026-06-24 17:30:00+00:00,600
2026-06-24 17:45:00+00:00,600
2026-06-24 18:00:00+00:00,600
2026-06-24 18:15:00+00:00,599
2026-06-24 18:30:00+00:00,599
2026-06-24 18:45:00+00:00,599
2026-06-24 19:00:00+00:00,599
2026-06-24 19:15:00+00:00,599
2026-06-24 19:30:00+00:00,599
2026-06-24 19:45:00+00:00,599
2026-06-24 20:00:00+00:00,599
2026-06-24 20:15:00+00:00,599
2026-06-24 20:30:00+00:00,599
2026-06-24 20:45:00+00:00,599
2026-06-24 21:00:00+00:00,599
2026-06-24 21:15:00+00:00,600
2026-06-24 21:30:00+00:00,600
2026-06-24 21:45:00+00:00,600
2026-06-24 22:00:00+00:00,601
2026-06-24 22:15:00+00:00,601
2026-06-24 22:30:00+00:00,601
2026-06-24 22:45:00+00:00,602
2026-06-24 23:00:00+00:00,602
2026-06-24 23:15:00+00:00,602
2026-06-24 23:30:00+00:00,602
2026-06-24 23:45:00+00:00,603
2026-06-25 00:00:00+00:00,603
2026-06-25 00:15:00+00:00,603
2026-06-25 00:30:00+00:00,603
2026-06-25 00:45:00+00:00,602
2026-06-25 01:00:00+00:00,602
2026-06-25 01:15:00+00:00,602
2026-06-25 01:30:00+00:00,601
2026-06-25 01:45:00+00:00,601
2026-06-25 02:00:00+00:00,600
2026-06-25 02:15:00+00:00,599
2026-06-25 02:30:00+00:00,599
2026-06-25 02:45:00+00:00,598
2026-06-25 03:00:00+00:00,598
2026-06-25 03:15:00+00:00,597
2026-06-25 03:30:00+00:00,597
2026-06-25 03:45:00+00:00,597
2026-06-25 04:00:00+00:00,597
2026-06-25 04:15:00+00:00,596
2026-06-25 04:30:00+00:00,596
2026-06-25 04:45:00+00:00,596
2026-06-25 05:00:00+00:00,596
2026-06-25 05:15:00+00:00,596
2026-06-25 05:30:00+00:00,596
2026-06-25 05:45:00+00:00,596
2026-06-25 06:00:00+00:00,596
2026-06-25 06:15:00+00:00,595
2026-06-25 06:30:00+00:00,595
2026-06-25 06:45:00+00:00,595
2026-06-25 07:00:00+00:00,594
2026-06-25 07:15:00+00:00,594
2026-06-25 07:30:00+00:00,594
2026-06-25 07:45:00+00:00,594
2026-06-25 08:00:00+00:00,594
2026-06-25 08:15:00+00:00,594
2026-06-25 08:30:00+00:00,594
2026-06-25 08:45:00+00:00,594
2026-06-25 09:00:00+00:00,594
2026-06-25 09:15:00+00:00,594
2026-06-25 09:30:00+00:00,594
2026-06-25 09:45:00+00:00,594
2026-06-25 10:00:00+00:00,594
2026-06-25 10:15:00+00:00,595
2026-06-25 10:30:00+00:00,595
2026-06-25 10:45:00+00:00,595
2026-06-25 11:00:00+00:00,595
2026-06-25 11:15:00+00:00,596
2026-06-25 11:30:00+00:00,595
2026-06-25 11:45:00+00:00,596
2026-06-25 12:00:00+00:00,596
2026-06-25 12:15:00+00:00,596
2026-06-25 12:30:00+00:00,597
2026-06-25 12:45:00+00:00,597
2026-06-25 13:00:00+00:00,597
2026-06-25 13:15:00+00:00,597
2026-06-25 13:30:00+00:00,597
2026-06-25 13:45:00+00:00,597
2026-06-25 14:00:00+00:00,597
2026-06-25 14:15:00+00:00,597
2026-06-25 14:30:00+00:00,595
2026-06-25 14:45:00+00:00,594
2026-06-25 15:00:00+00:00,593
2026-06-25 15:15:00+00:00,592
2026-06-25 15:30:00+00:00,591
2026-06-25 15:45:00+00:00,590
2026-06-25 16:00:00+00:00,589
2026-06-25 16:15:00+00:00,588
2026-06-25 16:30:00+00:00,587
2026-06-25 17:00:00+00:00,586
2026-06-25 17:15:00+00:00,586
2026-06-25 17:30:00+00:00,585
2026-06-25 17:45:00+00:00,585
2026-06-25 18:00:00+00:00,585
2026-06-25 18:15:00+00:00,584
2026-06-25 18:30:00+00:00,584
2026-06-25 18:45:00+00:00,583
2026-06-25 19:00:00+00:00,582
2026-06-25 19:15:00+00:00,582
2026-06-25 19:30:00+00:00,581
2026-06-25 19:45:00+00:00,581
2026-06-25 20:00:00+00:00,581
2026-06-25 20:15:00+00:00,580
2026-06-25 20:30:00+00:00,580
2026-06-25 20:45:00+00:00,580
2026-06-25 21:00:00+00:00,580
2026-06-25 21:15:00+00:00,580
2026-06-25 21:30:00+00:00,580
2026-06-25 21:45:00+00:00,580
2026-06-25 22:00:00+00:00,580
2026-06-25 22:15:00+00:00,580
2026-06-25 22:30:00+00:00,580
2026-06-25 22:45:00+00:00,581
2026-06-25 23:00:00+00:00,581
2026-06-25 23:15:00+00:00,581
2026-06-25 23:30:00+00:00,580
2026-06-25 23:45:00+00:00,581
2026-06-26 00:00:00+00:00,581
2026-06-26 00:15:00+00:00,581
2026-06-26 00:30:00+00:00,581
2026-06-26 00:45:00+00:00,581
2026-06-26 01:00:00+00:00,581
2026-06-26 01:15:00+00:00,581
2026-06-26 01:30:00+00:00,581
2026-06-26 01:45:00+00:00,581
2026-06-26 02:00:00+00:00,581
2026-06-26 02:15:00+00:00,581
2026-06-26 02:30:00+00:00,582
2026-06-26 02:45:00+00:00,582
2026-06-26 03:00:00+00:00,582
2026-06-26 03:15:00+00:00,581
2026-06-26 03:30:00+00:00,581
2026-06-26 03:45:00+00:00,580
2026-06-26 04:00:00+00:00,580
2026-06-26 04:15:00+00:00,579
2026-06-26 04:30:00+00:00,578
2026-06-26 04:45:00+00:00,577
2026-06-26 05:00:00+00:00,577
2026-06-26 05:15:00+00:00,576
2026-06-26 05:30:00+00:00,576
2026-06-26 05:45:00+00:00,575
2026-06-26 06:00:00+00:00,575
2026-06-26 06:15:00+00:00,575
2026-06-26 06:30:00+00:00,575
2026-06-26 06:45:00+00:00,575
2026-06-26 07:00:00+00:00,575
2026-06-26 07:15:00+00:00,574
2026-06-26 07:30:00+00:00,574
2026-06-26 07:45:00+00:00,574
2026-06-26 08:00:00+00:00,573
2026-06-26 08:15:00+00:00,573
2026-06-26 08:30:00+00:00,572
2026-06-26 08:45:00+00:00,572
2026-06-26 09:00:00+00:00,572
2026-06-26 09:15:00+00:00,571
2026-06-26 09:30:00+00:00,571
2026-06-26 09:45:00+00:00,571
2026-06-26 10:00:00+00:00,570
2026-06-26 10:15:00+00:00,570
2026-06-26 10:30:00+00:00,570
2026-06-26 10:45:00+00:00,570
2026-06-26 11:00:00+00:00,571
2026-06-26 11:15:00+00:00,571
2026-06-26 11:30:00+00:00,572
2026-06-26 11:45:00+00:00,572
2026-06-26 12:00:00+00:00,573
2026-06-26 12:15:00+00:00,573
2026-06-26 12:30:00+00:00,573
2026-06-26 12:45:00+00:00,573
2026-06-26 13:00:00+00:00,573
2026-06-26 13:15:00+00:00,573
2026-06-26 13:30:00+00:00,573
2026-06-26 13:45:00+00:00,572
2026-06-26 14:00:00+00:00,572
2026-06-26 14:15:00+00:00,572
2026-06-26 14:30:00+00:00,572
2026-06-26 14:45:00+00:00,572
2026-06-26 15:00:00+00:00,572
2026-06-26 15:15:00+00:00,571
2026-06-26 15:30:00+00:00,571
2026-06-26 15:45:00+00:00,571
2026-06-26 16:00:00+00:00,571
2026-06-26 16:15:00+00:00,571
2026-06-26 16:30:00+00:00,570
2026-06-26 16:45:00+00:00,570
2026-06-26 17:00:00+00:00,569
2026-06-26 17:15:00+00:00,569
2026-06-26 17:30:00+00:00,569
2026-06-26 17:45:00+00:00,570
2026-06-26 18:00:00+00:00,571
2026-06-26 18:15:00+00:00,572
2026-06-26 18:30:00+00:00,572
2026-06-26 18:45:00+00:00,572
2026-06-26 19:00:00+00:00,571
2026-06-26 19:15:00+00:00,570
2026-06-26 19:30:00+00:00,569
2026-06-26 19:45:00+00:00,568
2026-06-26 20:00:00+00:00,567
2026-06-26 20:15:00+00:00,567
2026-06-26 20:30:00+00:00,568
2026-06-26 20:45:00+00:00,568
2026-06-26 21:00:00+00:00,568
2026-06-26 21:15:00+00:00,569
2026-06-26 21:30:00+00:00,569
2026-06-26 21:45:00+00:00,570
2026-06-26 22:00:00+00:00,570
2026-06-26 22:15:00+00:00,571
2026-06-26 22:30:00+00:00,571
2026-06-26 22:45:00+00:00,572
2026-06-26 23:00:00+00:00,572
2026-06-26 23:15:00+00:00,572
2026-06-26 23:30:00+00:00,572
2026-06-26 23:45:00+00:00,572
2026-06-27 00:00:00+00:00,571
2026-06-27 00:15:00+00:00,571
2026-06-27 00:30:00+00:00,570
2026-06-27 00:45:00+00:00,570
2026-06-27 01:00:00+00:00,570
2026-06-27 01:15:00+00:00,569
2026-06-27 01:30:00+00:00,569
2026-06-27 01:45:00+00:00,569
2026-06-27 02:00:00+00:00,568
2026-06-27 02:15:00+00:00,568
2026-06-27 02:30:00+00:00,568
2026-06-27 02:45:00+00:00,568
2026-06-27 03:00:00+00:00,568
2026-06-27 03:15:00+00:00,567
2026-06-27 03:30:00+00:00,567
2026-06-27 03:45:00+00:00,567
2026-06-27 04:00:00+00:00,567
2026-06-27 04:15:00+00:00,566
2026-06-27 04:30:00+00:00,566
2026-06-27 04:45:00+00:00,565
2026-06-27 05:00:00+00:00,565
2026-06-27 05:15:00+00:00,564
2026-06-27 05:30:00+00:00,564
2026-06-27 05:45:00+00:00,563
2026-06-27 06:00:00+00:00,563
2026-06-27 06:15:00+00:00,563
2026-06-27 06:30:00+00:00,563
2026-06-27 06:45:00+00:00,563
2026-06-27 07:00:00+00:00,563
2026-06-27 07:15:00+00:00,563
2026-06-27 07:30:00+00:00,563
2026-06-27 07:45:00+00:00,563
2026-06-27 08:00:00+00:00,563
2026-06-27 08:15:00+00:00,563
2026-06-27 08:30:00+00:00,564
2026-06-27 08:45:00+00:00,564
2026-06-27 09:00:00+00:00,564
2026-06-27 09:15:00+00:00,564
2026-06-27 09:30:00+00:00,564
2026-06-27 09:45:00+00:00,564
2026-06-27 10:00:00+00:00,564
2026-06-27 10:15:00+00:00,564
2026-06-27 10:30:00+00:00,564
2026-06-27 10:45:00+00:00,564
2026-06-27 11:00:00+00:00,564
2026-06-27 11:15:00+00:00,563
2026-06-27 11:30:00+00:00,563
2026-06-27 11:45:00+00:00,562
2026-06-27 12:00:00+00:00,562
2026-06-27 12:15:00+00:00,561
2026-06-27 12:30:00+00:00,560
2026-06-27 12:45:00+00:00,559
2026-06-27 13:00:00+00:00,559
2026-06-27 13:15:00+00:00,558
2026-06-27 13:30:00+00:00,557
2026-06-27 13:45:00+00:00,556
2026-06-27 14:00:00+00:00,555
2026-06-27 14:15:00+00:00,554
2026-06-27 14:30:00+00:00,553
2026-06-27 14:45:00+00:00,552
2026-06-27 15:00:00+00:00,551
2026-06-27 15:15:00+00:00,550
2026-06-27 15:30:00+00:00,550
2026-06-27 15:45:00+00:00,549
2026-06-27 16:00:00+00:00,548
2026-06-27 16:15:00+00:00,547
2026-06-27 16:30:00+00:00,546
2026-06-27 16:45:00+00:00,545
2026-06-27 17:00:00+00:00,545
2026-06-27 17:15:00+00:00,544
2026-06-27 17:30:00+00:00,543
2026-06-27 17:45:00+00:00,543
2026-06-27 18:00:00+00:00,542
2026-06-27 18:15:00+00:00,542
2026-06-27 18:30:00+00:00,542
2026-06-27 18:45:00+00:00,542
2026-06-27 19:00:00+00:00,541
2026-06-27 19:15:00+00:00,540
2026-06-27 19:30:00+00:00,539
2026-06-27 19:45:00+00:00,538
2026-06-27 20:00:00+00:00,537
2026-06-27 20:15:00+00:00,536
2026-06-27 20:30:00+00:00,536
2026-06-27 20:45:00+00:00,535
2026-06-27 21:00:00+00:00,535
2026-06-27 21:15:00+00:00,534
2026-06-27 21:30:00+00:00,534
2026-06-27 21:45:00+00:00,534
2026-06-27 22:00:00+00:00,533
2026-06-27 22:15:00+00:00,533
2026-06-27 22:30:00+00:00,532
2026-06-27 22:45:00+00:00,532
2026-06-27 23:00:00+00:00,531
2026-06-27 23:15:00+00:00,531
2026-06-27 23:30:00+00:00,531
2026-06-27 23:45:00+00:00,530
2026-06-28 00:00:00+00:00,530
2026-06-28 00:15:00+00:00,530
2026-06-28 00:30:00+00:00,530
2026-06-28 00:45:00+00:00,529
2026-06-28 01:00:00+00:00,529
2026-06-28 01:15:00+00:00,528
2026-06-28 01:30:00+00:00,528
2026-06-28 01:45:00+00:00,528
2026-06-28 02:00:00+00:00,528
2026-06-28 02:15:00+00:00,528
2026-06-28 02:30:00+00:00,528
2026-06-28 02:45:00+00:00,528
2026-06-28 03:00:00+00:00,528
2026-06-28 03:15:00+00:00,528
2026-06-28 03:30:00+00:00,528
2026-06-28 03:45:00+00:00,528
2026-06-28 04:00:00+00:00,528
2026-06-28 04:15:00+00:00,527
2026-06-28 04:30:00+00:00,527
2026-06-28 04:45:00+00:00,527
2026-06-28 05:00:00+00:00,527
2026-06-28 05:15:00+00:00,527
2026-06-28 05:30:00+00:00,528
2026-06-28 05:45:00+00:00,528
2026-06-28 06:00:00+00:00,529
2026-06-28 06:15:00+00:00,529
2026-06-28 06:30:00+00:00,530
2026-06-28 06:45:00+00:00,531
2026-06-28 07:00:00+00:00,532
2026-06-28 07:15:00+00:00,532
2026-06-28 07:30:00+00:00,533
2026-06-28 07:45:00+00:00,534
2026-06-28 08:00:00+00:00,535
2026-06-28 08:15:00+00:00,535
2026-06-28 08:30:00+00:00,536
2026-06-28 08:45:00+00:00,537
2026-06-28 09:00:00+00:00,538
2026-06-28 09:15:00+00:00,539
2026-06-28 09:30:00+00:00,539
2026-06-28 09:45:00+00:00,540
2026-06-28 10:00:00+00:00,541
2026-06-28 10:15:00+00:00,542
2026-06-28 10:30:00+00:00,542
2026-06-28 10:45:00+00:00,543
2026-06-28 11:00:00+00:00,543
2026-06-28 11:15:00+00:00,544
2026-06-28 11:30:00+00:00,544
2026-06-28 11:45:00+00:00,545
2026-06-28 12:00:00+00:00,545
2026-06-28 12:15:00+00:00,546
2026-06-28 12:30:00+00:00,546
2026-06-28 12:45:00+00:00,546
2026-06-28 13:00:00+00:00,547
2026-06-28 13:15:00+00:00,547
2026-06-28 13:30:00+00:00,548
2026-06-28 13:45:00+00:00,548
2026-06-28 14:00:00+00:00,549
2026-06-28 14:15:00+00:00,549
2026-06-28 14:30:00+00:00,550
2026-06-28 14:45:00+00:00,550
2026-06-28 15:00:00+00:00,551
2026-06-28 15:15:00+00:00,551
2026-06-28 15:30:00+00:00,551
2026-06-28 15:45:00+00:00,552
2026-06-28 16:00:00+00:00,552
2026-06-28 16:15:00+00:00,552
2026-06-28 16:30:00+00:00,553
2026-06-28 16:45:00+00:00,553
2026-06-28 17:00:00+00:00,553
2026-06-28 17:15:00+00:00,554
2026-06-28 17:30:00+00:00,554
2026-06-28 17:45:00+00:00,555
2026-06-28 18:00:00+00:00,555
2026-06-28 18:15:00+00:00,556
2026-06-28 18:30:00+00:00,557
2026-06-28 18:45:00+00:00,558
2026-06-28 19:00:00+00:00,558
2026-06-28 19:15:00+00:00,558
2026-06-28 19:30:00+00:00,558
2026-06-28 19:45:00+00:00,557
2026-06-28 20:00:00+00:00,557
2026-06-28 20:15:00+00:00,557
2026-06-28 20:30:00+00:00,557
2026-06-28 20:45:00+00:00,558
2026-06-28 21:00:00+00:00,558
2026-06-28 21:15:00+00:00,558
2026-06-28 21:30:00+00:00,559
2026-06-28 21:45:00+00:00,559
2026-06-28 22:00:00+00:00,560
2026-06-28 22:15:00+00:00,561
2026-06-28 22:30:00+00:00,561
2026-06-28 22:45:00+00:00,562
2026-06-28 23:00:00+00:00,562
2026-06-28 23:15:00+00:00,563
2026-06-28 23:30:00+00:00,564
2026-06-28 23:45:00+00:00,564
2026-06-29 00:00:00+00:00,565
2026-06-29 00:15:00+00:00,566
2026-06-29 00:30:00+00:00,566
2026-06-29 00:45:00+00:00,567
2026-06-29 01:00:00+00:00,567
2026-06-29 01:15:00+00:00,567
2026-06-29 01:30:00+00:00,568
2026-06-29 01:45:00+00:00,568
2026-06-29 02:00:00+00:00,569
2026-06-29 02:15:00+00:00,569
2026-06-29 02:30:00+00:00,569
2026-06-29 02:45:00+00:00,570
2026-06-29 03:00:00+00:00,570
2026-06-29 03:15:00+00:00,570
2026-06-29 03:30:00+00:00,570
2026-06-29 03:45:00+00:00,570
2026-06-29 04:00:00+00:00,570
2026-06-29 04:15:00+00:00,570
2026-06-29 04:30:00+00:00,570
2026-06-29 04:45:00+00:00,569
2026-06-29 05:00:00+00:00,569
2026-06-29 05:15:00+00:00,569
2026-06-29 05:30:00+00:00,569
2026-06-29 05:45:00+00:00,569
2026-06-29 06:00:00+00:00,569
2026-06-29 06:15:00+00:00,569
2026-06-29 06:30:00+00:00,569
2026-06-29 06:45:00+00:00,569
2026-06-29 07:00:00+00:00,569
2026-06-29 07:15:00+00:00,569
2026-06-29 07:30:00+00:00,570
2026-06-29 07:45:00+00:00,570
2026-06-29 08:00:00+00:00,570
2026-06-29 08:15:00+00:00,570
2026-06-29 08:30:00+00:00,570
2026-06-29 08:45:00+00:00,569
2026-06-29 09:00:00+00:00,569
2026-06-29 09:15:00+00:00,569
2026-06-29 09:30:00+00:00,569
2026-06-29 09:45:00+00:00,569
2026-06-29 10:00:00+00:00,569
2026-06-29 10:15:00+00:00,569
2026-06-29 10:30:00+00:00,568
2026-06-29 10:45:00+00:00,568
2026-06-29 11:00:00+00:00,568
2026-06-29 11:15:00+00:00,568
2026-06-29 11:30:00+00:00,568
2026-06-29 11:45:00+00:00,567
2026-06-29 12:00:00+00:00,567
2026-06-29 12:15:00+00:00,567
2026-06-29 12:30:00+00:00,567
2026-06-29 12:45:00+00:00,567
2026-06-29 13:00:00+00:00,567
2026-06-29 13:15:00+00:00,567
2026-06-29 13:30:00+00:00,567
2026-06-29 13:45:00+00:00,567
2026-06-29 14:00:00+00:00,567
2026-06-29 14:15:00+00:00,567
2026-06-29 14:30:00+00:00,567
2026-06-29 14:45:00+00:00,568
2026-06-29 15:00:00+00:00,568
2026-06-29 15:15:00+00:00,568
2026-06-29 15:30:00+00:00,568
2026-06-29 15:45:00+00:00,568
2026-06-29 16:00:00+00:00,568
2026-06-29 16:15:00+00:00,569
2026-06-29 16:30:00+00:00,569
2026-06-29 16:45:00+00:00,570
2026-06-29 17:00:00+00:00,570
2026-06-29 17:15:00+00:00,570
2026-06-29 17:30:00+00:00,570
2026-06-29 17:45:00+00:00,571
2026-06-29 18:00:00+00:00,571
2026-06-29 18:15:00+00:00,571
2026-06-29 18:30:00+00:00,572
2026-06-29 18:45:00+00:00,572
2026-06-29 19:00:00+00:00,572
2026-06-29 19:15:00+00:00,573
2026-06-29 19:30:00+00:00,573
2026-06-29 19:45:00+00:00,574
2026-06-29 20:00:00+00:00,574
2026-06-29 20:15:00+00:00,575
2026-06-29 20:30:00+00:00,575
2026-06-29 20:45:00+00:00,576
2026-06-29 21:00:00+00:00,576
2026-06-29 21:15:00+00:00,576
2026-06-29 21:30:00+00:00,576
2026-06-29 21:45:00+00:00,576
2026-06-29 22:00:00+00:00,576
2026-06-29 22:15:00+00:00,576
2026-06-29 22:30:00+00:00,576
2026-06-29 22:45:00+00:00,577
2026-06-29 23:00:00+00:00,578
2026-06-29 23:15:00+00:00,579
2026-06-29 23:30:00+00:00,580
2026-06-29 23:45:00+00:00,582
2026-06-30 00:00:00+00:00,582
2026-06-30 00:15:00+00:00,582
2026-06-30 00:30:00+00:00,582
2026-06-30 00:45:00+00:00,581
2026-06-30 01:00:00+00:00,582
2026-06-30 01:15:00+00:00,582
2026-06-30 01:30:00+00:00,583
2026-06-30 01:45:00+00:00,584
2026-06-30 02:00:00+00:00,585
2026-06-30 02:15:00+00:00,585
2026-06-30 02:30:00+00:00,586
2026-06-30 02:45:00+00:00,586
2026-06-30 03:00:00+00:00,587
2026-06-30 03:15:00+00:00,587
2026-06-30 03:30:00+00:00,587
2026-06-30 03:45:00+00:00,587
2026-06-30 04:00:00+00:00,587
2026-06-30 04:15:00+00:00,588
2026-06-30 04:30:00+00:00,588
2026-06-30 04:45:00+00:00,588
2026-06-30 05:00:00+00:00,588
2026-06-30 05:15:00+00:00,588
2026-06-30 05:30:00+00:00,588
2026-06-30 05:45:00+00:00,588
2026-06-30 06:00:00+00:00,589
2026-06-30 06:15:00+00:00,589
2026-06-30 06:30:00+00:00,589
2026-06-30 06:45:00+00:00,589
2026-06-30 07:00:00+00:00,589
2026-06-30 07:15:00+00:00,589
2026-06-30 07:30:00+00:00,589
2026-06-30 07:45:00+00:00,589
2026-06-30 08:00:00+00:00,589
2026-06-30 08:15:00+00:00,589
2026-06-30 08:30:00+00:00,588
2026-06-30 08:45:00+00:00,588
2026-06-30 09:00:00+00:00,587
2026-06-30 09:15:00+00:00,587
2026-06-30 09:30:00+00:00,587
2026-06-30 09:45:00+00:00,586
2026-06-30 10:00:00+00:00,586
2026-06-30 10:15:00+00:00,586
2026-06-30 10:30:00+00:00,586
2026-06-30 10:45:00+00:00,586
2026-06-30 11:00:00+00:00,586
2026-06-30 11:15:00+00:00,586
2026-06-30 11:30:00+00:00,586
2026-06-30 11:45:00+00:00,586
2026-06-30 12:00:00+00:00,586
2026-06-30 12:15:00+00:00,586
2026-06-30 12:30:00+00:00,586
2026-06-30 12:45:00+00:00,585
2026-06-30 13:00:00+00:00,585
2026-06-30 13:15:00+00:00,585
2026-06-30 13:30:00+00:00,585
2026-06-30 13:45:00+00:00,585
2026-06-30 14:00:00+00:00,585
2026-06-30 14:15:00+00:00,585
2026-06-30 14:30:00+00:00,585
2026-06-30 14:45:00+00:00,585
2026-06-30 15:00:00+00:00,584
2026-06-30 15:15:00+00:00,584
2026-06-30 15:30:00+00:00,584
2026-06-30 15:45:00+00:00,583
2026-06-30 16:00:00+00:00,583
2026-06-30 16:15:00+00:00,583
2026-06-30 16:30:00+00:00,582
2026-06-30 16:45:00+00:00,582
2026-06-30 17:00:00+00:00,582
2026-06-30 17:15:00+00:00,582
2026-06-30 17:30:00+00:00,582
2026-06-30 17:45:00+00:00,583
2026-06-30 18:00:00+00:00,583
2026-06-30 18:15:00+00:00,583
2026-06-30 18:30:00+00:00,583
2026-06-30 18:45:00+00:00,584
2026-06-30 19:00:00+00:00,584
2026-06-30 19:15:00+00:00,584
2026-06-30 19:30:00+00:00,585
2026-06-30 19:45:00+00:00,585
2026-06-30 20:00:00+00:00,585
2026-06-30 20:15:00+00:00,586
2026-06-30 20:30:00+00:00,586
2026-06-30 20:45:00+00:00,587
2026-06-30 21:00:00+00:00,587
2026-06-30 21:15:00+00:00,587
2026-06-30 21:30:00+00:00,587
2026-06-30 21:45:00+00:00,588
2026-06-30 22:00:00+00:00,588
2026-06-30 22:15:00+00:00,589
2026-06-30 22:30:00+00:00,589
2026-06-30 22:45:00+00:00,589
2026-06-30 23:00:00+00:00,590
2026-06-30 23:15:00+00:00,590
2026-06-30 23:30:00+00:00,591
2026-06-30 23:45:00+00:00,592
2026-07-01 00:00:00+00:00,592
2026-07-01 00:15:00+00:00,593
2026-07-01 00:30:00+00:00,594
2026-07-01 00:45:00+00:00,594
2026-07-01 01:00:00+00:00,594
2026-07-01 01:15:00+00:00,594
2026-07-01 01:30:00+00:00,595
2026-07-01 01:45:00+00:00,595
2026-07-01 02:00:00+00:00,595
2026-07-01 02:15:00+00:00,596
2026-07-01 02:30:00+00:00,596
2026-07-01 02:45:00+00:00,596
2026-07-01 03:00:00+00:00,597
2026-07-01 03:15:00+00:00,597
2026-07-01 03:30:00+00:00,597
2026-07-01 03:45:00+00:00,597
2026-07-01 04:00:00+00:00,598
2026-07-01 04:15:00+00:00,599
2026-07-01 04:30:00+00:00,599
2026-07-01 04:45:00+00:00,600
2026-07-01 05:00:00+00:00,600
2026-07-01 05:15:00+00:00,601
2026-07-01 05:30:00+00:00,601
2026-07-01 05:45:00+00:00,601
2026-07-01 06:00:00+00:00,601
2026-07-01 06:15:00+00:00,601
2026-07-01 06:30:00+00:00,601
2026-07-01 06:45:00+00:00,601
2026-07-01 07:00:00+00:00,602
2026-07-01 07:15:00+00:00,602
2026-07-01 07:30:00+00:00,602
2026-07-01 07:45:00+00:00,603
2026-07-01 08:00:00+00:00,603
2026-07-01 08:15:00+00:00,604
2026-07-01 08:30:00+00:00,604
2026-07-01 08:45:00+00:00,604
2026-07-01 09:00:00+00:00,604
2026-07-01 09:15:00+00:00,604
2026-07-01 09:30:00+00:00,604
2026-07-01 09:45:00+00:00,603
2026-07-01 10:00:00+00:00,603
2026-07-01 10:15:00+00:00,603
2026-07-01 10:30:00+00:00,603
2026-07-01 10:45:00+00:00,603
2026-07-01 11:00:00+00:00,603
2026-07-01 11:15:00+00:00,604
2026-07-01 11:30:00+00:00,604
2026-07-01 11:45:00+00:00,604
2026-07-01 12:00:00+00:00,605
2026-07-01 12:15:00+00:00,605
2026-07-01 12:30:00+00:00,605
2026-07-01 12:45:00+00:00,605
2026-07-01 13:00:00+00:00,605
2026-07-01 13:15:00+00:00,605
2026-07-01 13:30:00+00:00,605
2026-07-01 13:45:00+00:00,605
2026-07-01 14:00:00+00:00,605
2026-07-01 14:15:00+00:00,605
2026-07-01 14:30:00+00:00,604
2026-07-01 14:45:00+00:00,604
2026-07-01 15:00:00+00:00,603
2026-07-01 15:15:00+00:00,602
2026-07-01 15:30:00+00:00,602
2026-07-01 15:45:00+00:00,601
2026-07-01 16:00:00+00:00,601
2026-07-01 16:15:00+00:00,600
2026-07-01 16:30:00+00:00,599
2026-07-01 16:45:00+00:00,599
2026-07-01 17:00:00+00:00,598
2026-07-01 17:15:00+00:00,597
2026-07-01 17:30:00+00:00,597
2026-07-01 17:45:00+00:00,597
2026-07-01 18:00:00+00:00,596
2026-07-01 18:15:00+00:00,595
2026-07-01 18:30:00+00:00,595
2026-07-01 18:45:00+00:00,594
2026-07-01 19:00:00+00:00,594
2026-07-01 19:15:00+00:00,593
2026-07-01 19:30:00+00:00,593
2026-07-01 19:45:00+00:00,593
2026-07-01 20:00:00+00:00,593
2026-07-01 20:15:00+00:00,593
2026-07-01 20:30:00+00:00,593
2026-07-01 20:45:00+00:00,593
2026-07-01 21:00:00+00:00,594
2026-07-01 21:15:00+00:00,594
2026-07-01 21:30:00+00:00,593
2026-07-01 21:45:00+00:00,593
2026-07-01 22:00:00+00:00,593
2026-07-01 22:15:00+00:00,593
2026-07-01 22:30:00+00:00,593
2026-07-01 22:45:00+00:00,593
2026-07-01 23:00:00+00:00,594
2026-07-01 23:15:00+00:00,594
2026-07-01 23:30:00+00:00,594
2026-07-01 23:45:00+00:00,594
2026-07-02 00:00:00+00:00,594
2026-07-02 00:15:00+00:00,594
2026-07-02 00:30:00+00:00,594
2026-07-02 00:45:00+00:00,594
2026-07-02 01:00:00+00:00,594
2026-07-02 01:15:00+00:00,594
2026-07-02 01:30:00+00:00,594
2026-07-02 01:45:00+00:00,594
2026-07-02 02:00:00+00:00,594
2026-07-02 02:15:00+00:00,593
2026-07-02 02:30:00+00:00,593
2026-07-02 02:45:00+00:00,593
2026-07-02 03:00:00+00:00,593
2026-07-02 03:15:00+00:00,592
2026-07-02 03:30:00+00:00,592
2026-07-02 03:45:00+00:00,592
2026-07-02 04:00:00+00:00,592
2026-07-02 04:15:00+00:00,592
2026-07-02 04:30:00+00:00,592
2026-07-02 04:45:00+00:00,592
2026-07-02 05:00:00+00:00,593
2026-07-02 05:15:00+00:00,593
2026-07-02 05:30:00+00:00,593
2026-07-02 05:45:00+00:00,593
2026-07-02 06:00:00+00:00,594
2026-07-02 06:15:00+00:00,594
2026-07-02 06:30:00+00:00,594
2026-07-02 06:45:00+00:00,594
2026-07-02 07:00:00+00:00,594
2026-07-02 07:15:00+00:00,594
2026-07-02 07:30:00+00:00,595
2026-07-02 07:45:00+00:00,595
2026-07-02 08:00:00+00:00,596
2026-07-02 08:15:00+00:00,596
2026-07-02 08:30:00+00:00,597
2026-07-02 08:45:00+00:00,597
2026-07-02 09:00:00+00:00,597
2026-07-02 09:15:00+00:00,598
2026-07-02 09:30:00+00:00,598
2026-07-02 09:45:00+00:00,598
2026-07-02 10:00:00+00:00,598
2026-07-02 10:15:00+00:00,598
2026-07-02 10:30:00+00:00,599
2026-07-02 10:45:00+00:00,599
2026-07-02 11:00:00+00:00,599
2026-07-02 11:15:00+00:00,599
2026-07-02 11:30:00+00:00,599
2026-07-02 11:45:00+00:00,600
2026-07-02 12:00:00+00:00,601
2026-07-02 12:15:00+00:00,601
2026-07-02 12:30:00+00:00,602
2026-07-02 12:45:00+00:00,602
2026-07-02 13:00:00+00:00,602
2026-07-02 13:15:00+00:00,603
2026-07-02 13:30:00+00:00,603
2026-07-02 13:45:00+00:00,604
2026-07-02 14:00:00+00:00,604
2026-07-02 14:15:00+00:00,604
2026-07-02 14:30:00+00:00,604
2026-07-02 14:45:00+00:00,604
2026-07-02 15:00:00+00:00,604
2026-07-02 15:15:00+00:00,604
2026-07-02 15:30:00+00:00,604
2026-07-02 15:45:00+00:00,603
2026-07-02 16:00:00+00:00,603
2026-07-02 16:15:00+00:00,603
2026-07-02 16:30:00+00:00,603
2026-07-02 16:45:00+00:00,603
2026-07-02 17:00:00+00:00,603
2026-07-02 17:15:00+00:00,602
2026-07-02 17:30:00+00:00,602
2026-07-02 17:45:00+00:00,602
2026-07-02 18:00:00+00:00,602
2026-07-02 18:15:00+00:00,602
2026-07-02 18:30:00+00:00,602
2026-07-02 18:45:00+00:00,602
2026-07-02 19:00:00+00:00,601
2026-07-02 19:15:00+00:00,601
2026-07-02 19:30:00+00:00,601
2026-07-02 19:45:00+00:00,601
2026-07-02 20:00:00+00:00,601
2026-07-02 20:15:00+00:00,601
2026-07-02 20:30:00+00:00,600
2026-07-02 20:45:00+00:00,600
2026-07-02 21:00:00+00:00,600
2026-07-02 21:15:00+00:00,600
2026-07-02 21:30:00+00:00,599
2026-07-02 21:45:00+00:00,599
2026-07-02 22:00:00+00:00,599
2026-07-02 22:15:00+00:00,599
2026-07-02 22:30:00+00:00,599
2026-07-02 22:45:00+00:00,599
2026-07-02 23:00:00+00:00,599
2026-07-02 23:15:00+00:00,599
2026-07-02 23:30:00+00:00,600
2026-07-02 23:45:00+00:00,600
2026-07-03 00:00:00+00:00,600
2026-07-03 00:15:00+00:00,600
2026-07-03 00:30:00+00:00,599
2026-07-03 00:45:00+00:00,599
2026-07-03 01:00:00+00:00,599
2026-07-03 01:15:00+00:00,599
2026-07-03 01:30:00+00:00,599
2026-07-03 01:45:00+00:00,599
2026-07-03 02:00:00+00:00,599
2026-07-03 02:15:00+00:00,598
2026-07-03 02:30:00+00:00,598
2026-07-03 02:45:00+00:00,598
2026-07-03 03:00:00+00:00,598
2026-07-03 03:15:00+00:00,597
2026-07-03 03:30:00+00:00,597
2026-07-03 03:45:00+00:00,597
2026-07-03 04:00:00+00:00,596
2026-07-03 04:15:00+00:00,596
2026-07-03 04:30:00+00:00,596
2026-07-03 04:45:00+00:00,596
2026-07-03 05:00:00+00:00,596
2026-07-03 05:15:00+00:00,596
2026-07-03 05:30:00+00:00,597
2026-07-03 05:45:00+00:00,597
2026-07-03 06:00:00+00:00,597
2026-07-03 06:15:00+00:00,597
2026-07-03 06:30:00+00:00,598
2026-07-03 06:45:00+00:00,598
2026-07-03 07:00:00+00:00,598
2026-07-03 07:15:00+00:00,599
2026-07-03 07:30:00+00:00,599
2026-07-03 07:45:00+00:00,599
2026-07-03 08:00:00+00:00,600
2026-07-03 08:15:00+00:00,600
2026-07-03 08:30:00+00:00,600
2026-07-03 08:45:00+00:00,600
2026-07-03 09:00:00+00:00,601
2026-07-03 09:15:00+00:00,601
2026-07-03 09:30:00+00:00,601
2026-07-03 09:45:00+00:00,602
2026-07-03 10:00:00+00:00,602
2026-07-03 10:15:00+00:00,602
2026-07-03 10:30:00+00:00,601
2026-07-03 10:45:00+00:00,601
2026-07-03 11:00:00+00:00,600
2026-07-03 11:15:00+00:00,599
2026-07-03 11:30:00+00:00,598
2026-07-03 11:45:00+00:00,597
2026-07-03 12:00:00+00:00,595
2026-07-03 12:15:00+00:00,594
2026-07-03 12:30:00+00:00,592
2026-07-03 12:45:00+00:00,590
2026-07-03 13:00:00+00:00,588
2026-07-03 13:15:00+00:00,587
2026-07-03 13:30:00+00:00,585
2026-07-03 13:45:00+00:00,583
2026-07-03 14:00:00+00:00,581
2026-07-03 14:15:00+00:00,579
2026-07-03 14:30:00+00:00,577
2026-07-03 14:45:00+00:00,575
2026-07-03 15:00:00+00:00,573
2026-07-03 15:15:00+00:00,571
2026-07-03 15:30:00+00:00,569
2026-07-03 15:45:00+00:00,568
2026-07-03 16:00:00+00:00,566
2026-07-03 16:15:00+00:00,565
2026-07-03 16:30:00+00:00,563
2026-07-03 16:45:00+00:00,562
2026-07-03 17:00:00+00:00,561
2026-07-03 17:15:00+00:00,559
2026-07-03 17:30:00+00:00,558
2026-07-03 17:45:00+00:00,557
2026-07-03 18:00:00+00:00,556
2026-07-03 18:15:00+00:00,555
2026-07-03 18:30:00+00:00,554
2026-07-03 18:45:00+00:00,553
2026-07-03 19:00:00+00:00,553
2026-07-03 19:15:00+00:00,552
2026-07-03 19:30:00+00:00,552
2026-07-03 19:45:00+00:00,551
2026-07-03 20:00:00+00:00,551
2026-07-03 20:15:00+00:00,550
2026-07-03 20:30:00+00:00,550
2026-07-03 20:45:00+00:00,549
2026-07-03 21:00:00+00:00,549
2026-07-03 21:15:00+00:00,548
2026-07-03 21:30:00+00:00,548
2026-07-03 21:45:00+00:00,548
2026-07-03 22:00:00+00:00,548
2026-07-03 22:15:00+00:00,548
2026-07-03 22:30:00+00:00,548
2026-07-03 22:45:00+00:00,548
2026-07-03 23:00:00+00:00,548
2026-07-03 23:15:00+00:00,548
2026-07-03 23:30:00+00:00,548
2026-07-03 23:45:00+00:00,548
2026-07-04 00:00:00+00:00,548
2026-07-04 00:15:00+00:00,548
2026-07-04 00:30:00+00:00,548
2026-07-04 00:45:00+00:00,548
2026-07-04 01:00:00+00:00,548
2026-07-04 01:15:00+00:00,548
2026-07-04 01:30:00+00:00,547
2026-07-04 01:45:00+00:00,547
2026-07-04 02:00:00+00:00,547
2026-07-04 02:15:00+00:00,547
2026-07-04 02:30:00+00:00,547
2026-07-04 02:45:00+00:00,546
2026-07-04 03:00:00+00:00,546
2026-07-04 03:15:00+00:00,546
2026-07-04 03:30:00+00:00,545
2026-07-04 03:45:00+00:00,545
2026-07-04 04:00:00+00:00,544
2026-07-04 04:15:00+00:00,543
2026-07-04 04:30:00+00:00,543
2026-07-04 04:45:00+00:00,543
2026-07-04 05:00:00+00:00,543
2026-07-04 05:15:00+00:00,542
2026-07-04 05:30:00+00:00,542
2026-07-04 05:45:00+00:00,542
2026-07-04 06:00:00+00:00,541
2026-07-04 06:15:00+00:00,541
2026-07-04 06:30:00+00:00,540
2026-07-04 06:45:00+00:00,540
2026-07-04 07:00:00+00:00,539
2026-07-04 07:15:00+00:00,539
2026-07-04 07:30:00+00:00,538
2026-07-04 07:45:00+00:00,538
2026-07-04 08:00:00+00:00,537
2026-07-04 08:15:00+00:00,537
2026-07-04 08:30:00+00:00,537
2026-07-04 08:45:00+00:00,536
2026-07-04 09:00:00+00:00,536
2026-07-04 09:15:00+00:00,536
2026-07-04 09:30:00+00:00,536
2026-07-04 09:45:00+00:00,536
2026-07-04 10:00:00+00:00,536
2026-07-04 10:15:00+00:00,536
2026-07-04 10:30:00+00:00,536
2026-07-04 10:45:00+00:00,537
2026-07-04 11:00:00+00:00,537
2026-07-04 11:15:00+00:00,537
2026-07-04 11:30:00+00:00,538
2026-07-04 11:45:00+00:00,538
2026-07-04 12:00:00+00:00,538
2026-07-04 12:15:00+00:00,539
2026-07-04 12:30:00+00:00,539
2026-07-04 12:45:00+00:00,539
2026-07-04 13:00:00+00:00,539
2026-07-04 13:15:00+00:00,539
2026-07-04 13:30:00+00:00,540
2026-07-04 13:45:00+00:00,540
2026-07-04 14:00:00+00:00,540
2026-07-04 14:15:00+00:00,540
2026-07-04 14:30:00+00:00,540
2026-07-04 14:45:00+00:00,540
2026-07-04 15:00:00+00:00,540
2026-07-04 15:15:00+00:00,540
2026-07-04 15:30:00+00:00,540
2026-07-04 15:45:00+00:00,540
2026-07-04 16:00:00+00:00,540
2026-07-04 16:15:00+00:00,540
2026-07-04 16:30:00+00:00,540
2026-07-04 16:45:00+00:00,540
2026-07-04 17:00:00+00:00,540
2026-07-04 17:15:00+00:00,540
2026-07-04 17:30:00+00:00,540
2026-07-04 17:45:00+00:00,539
2026-07-04 18:00:00+00:00,539
2026-07-04 18:15:00+00:00,539
2026-07-04 18:30:00+00:00,539
2026-07-04 18:45:00+00:00,539
2026-07-04 19:00:00+00:00,539
2026-07-04 19:15:00+00:00,539
2026-07-04 19:30:00+00:00,539
2026-07-04 19:45:00+00:00,539
2026-07-04 20:00:00+00:00,539
2026-07-04 20:15:00+00:00,539
2026-07-04 20:30:00+00:00,539
2026-07-04 20:45:00+00:00,539
2026-07-04 21:00:00+00:00,539
2026-07-04 21:15:00+00:00,539
2026-07-04 21:30:00+00:00,539
2026-07-04 21:45:00+00:00,538
2026-07-04 22:00:00+00:00,539
2026-07-04 22:15:00+00:00,539
2026-07-04 22:30:00+00:00,539
2026-07-04 22:45:00+00:00,539
2026-07-04 23:00:00+00:00,539
2026-07-04 23:15:00+00:00,539
2026-07-04 23:30:00+00:00,539
2026-07-04 23:45:00+00:00,539
2026-07-05 00:00:00+00:00,539
2026-07-05 00:15:00+00:00,540
2026-07-05 00:30:00+00:00,540
2026-07-05 00:45:00+00:00,540
2026-07-05 01:00:00+00:00,540
2026-07-05 01:15:00+00:00,540
2026-07-05 01:30:00+00:00,540
2026-07-05 01:45:00+00:00,540
2026-07-05 02:00:00+00:00,540
2026-07-05 02:15:00+00:00,540
2026-07-05 02:30:00+00:00,541
2026-07-05 02:45:00+00:00,541
2026-07-05 03:00:00+00:00,541
2026-07-05 03:15:00+00:00,542
2026-07-05 03:30:00+00:00,542
2026-07-05 03:45:00+00:00,543
2026-07-05 04:00:00+00:00,543
2026-07-05 04:15:00+00:00,544
2026-07-05 04:30:00+00:00,544
2026-07-05 04:45:00+00:00,545
2026-07-05 05:00:00+00:00,546
2026-07-05 05:15:00+00:00,547
2026-07-05 05:30:00+00:00,548
2026-07-05 05:45:00+00:00,549
2026-07-05 06:00:00+00:00,549
2026-07-05 06:15:00+00:00,550
2026-07-05 06:30:00+00:00,551
2026-07-05 06:45:00+00:00,552
2026-07-05 07:00:00+00:00,552
2026-07-05 07:15:00+00:00,553
2026-07-05 07:30:00+00:00,553
2026-07-05 07:45:00+00:00,553
2026-07-05 08:00:00+00:00,553
2026-07-05 08:15:00+00:00,553
2026-07-05 08:30:00+00:00,553
2026-07-05 08:45:00+00:00,553
2026-07-05 09:00:00+00:00,553
2026-07-05 09:15:00+00:00,552
2026-07-05 09:30:00+00:00,552
2026-07-05 09:45:00+00:00,552
2026-07-05 10:00:00+00:00,551
2026-07-05 10:15:00+00:00,551
2026-07-05 10:30:00+00:00,550
2026-07-05 10:45:00+00:00,550
2026-07-05 11:00:00+00:00,549
2026-07-05 11:15:00+00:00,549
2026-07-05 11:30:00+00:00,548
2026-07-05 11:45:00+00:00,547
2026-07-05 12:00:00+00:00,547
2026-07-05 12:15:00+00:00,546
2026-07-05 12:30:00+00:00,546
2026-07-05 12:45:00+00:00,545
2026-07-05 13:00:00+00:00,545
2026-07-05 13:15:00+00:00,544
2026-07-05 13:30:00+00:00,544
2026-07-05 13:45:00+00:00,544
2026-07-05 14:00:00+00:00,543
2026-07-05 14:15:00+00:00,543
2026-07-05 14:30:00+00:00,542
2026-07-05 14:45:00+00:00,542
2026-07-05 15:00:00+00:00,542
2026-07-05 15:15:00+00:00,541
2026-07-05 15:30:00+00:00,541
2026-07-05 15:45:00+00:00,541
2026-07-05 16:00:00+00:00,540
2026-07-05 16:15:00+00:00,540
2026-07-05 16:30:00+00:00,540
2026-07-05 16:45:00+00:00,539
2026-07-05 17:00:00+00:00,539
2026-07-05 17:15:00+00:00,539
2026-07-05 17:30:00+00:00,538
2026-07-05 17:45:00+00:00,538
2026-07-05 18:00:00+00:00,538
2026-07-05 18:15:00+00:00,537
2026-07-05 18:30:00+00:00,537
2026-07-05 18:45:00+00:00,537
2026-07-05 19:00:00+00:00,536
2026-07-05 19:15:00+00:00,536
2026-07-05 19:30:00+00:00,536
2026-07-05 19:45:00+00:00,536
2026-07-05 20:00:00+00:00,535
2026-07-05 20:15:00+00:00,535
2026-07-05 20:30:00+00:00,535
2026-07-05 20:45:00+00:00,535
2026-07-05 21:00:00+00:00,534
2026-07-05 21:15:00+00:00,534
2026-07-05 21:30:00+00:00,534
2026-07-05 21:45:00+00:00,534
2026-07-05 22:00:00+00:00,534
2026-07-05 22:15:00+00:00,534
2026-07-05 22:30:00+00:00,534
2026-07-05 22:45:00+00:00,533
2026-07-05 23:00:00+00:00,533
2026-07-05 23:15:00+00:00,533
2026-07-05 23:30:00+00:00,533
2026-07-05 23:45:00+00:00,533
2026-07-06 00:00:00+00:00,533
2026-07-06 00:15:00+00:00,532
2026-07-06 00:30:00+00:00,532
2026-07-06 00:45:00+00:00,532
2026-07-06 01:00:00+00:00,532
2026-07-06 01:15:00+00:00,532
2026-07-06 01:30:00+00:00,531
2026-07-06 01:45:00+00:00,531
2026-07-06 02:00:00+00:00,531
2026-07-06 02:15:00+00:00,531
2026-07-06 02:30:00+00:00,531
2026-07-06 02:45:00+00:00,530
2026-07-06 03:00:00+00:00,530
2026-07-06 03:15:00+00:00,530
2026-07-06 03:30:00+00:00,530
2026-07-06 03:45:00+00:00,530
2026-07-06 04:00:00+00:00,530
2026-07-06 04:15:00+00:00,530
2026-07-06 04:30:00+00:00,529
2026-07-06 04:45:00+00:00,529
2026-07-06 05:00:00+00:00,529
2026-07-06 05:15:00+00:00,529
2026-07-06 05:30:00+00:00,529
2026-07-06 05:45:00+00:00,528
2026-07-06 06:00:00+00:00,528
2026-07-06 06:15:00+00:00,528
2026-07-06 06:30:00+00:00,528
2026-07-06 06:45:00+00:00,529
2026-07-06 07:00:00+00:00,529
2026-07-06 07:15:00+00:00,529
2026-07-06 07:30:00+00:00,529
2026-07-06 07:45:00+00:00,529
2026-07-06 08:00:00+00:00,529
2026-07-06 08:15:00+00:00,529
2026-07-06 08:30:00+00:00,530
2026-07-06 08:45:00+00:00,530
2026-07-06 09:00:00+00:00,530
2026-07-06 09:15:00+00:00,530
2026-07-06 09:30:00+00:00,530
2026-07-06 09:45:00+00:00,530
2026-07-06 10:00:00+00:00,530
2026-07-06 10:15:00+00:00,530
2026-07-06 10:30:00+00:00,530
2026-07-06 10:45:00+00:00,530
2026-07-06 11:00:00+00:00,530
2026-07-06 11:15:00+00:00,530
2026-07-06 11:30:00+00:00,530
2026-07-06 11:45:00+00:00,530
2026-07-06 12:00:00+00:00,530
2026-07-06 12:15:00+00:00,529
2026-07-06 12:30:00+00:00,529
2026-07-06 12:45:00+00:00,528
2026-07-06 13:00:00+00:00,528
2026-07-06 13:15:00+00:00,527
2026-07-06 13:30:00+00:00,526
2026-07-06 13:45:00+00:00,526
2026-07-06 14:00:00+00:00,525
2026-07-06 14:15:00+00:00,525
2026-07-06 14:30:00+00:00,524
2026-07-06 14:45:00+00:00,524
2026-07-06 15:00:00+00:00,523
2026-07-06 15:15:00+00:00,523
2026-07-06 15:30:00+00:00,522
2026-07-06 15:45:00+00:00,522
2026-07-06 16:00:00+00:00,521
2026-07-06 16:15:00+00:00,520
2026-07-06 16:30:00+00:00,520
2026-07-06 16:45:00+00:00,519
2026-07-06 17:00:00+00:00,518
2026-07-06 17:15:00+00:00,517
2026-07-06 17:30:00+00:00,517
2026-07-06 17:45:00+00:00,516
2026-07-06 18:00:00+00:00,515
2026-07-06 18:15:00+00:00,515
2026-07-06 18:30:00+00:00,514
2026-07-06 18:45:00+00:00,513
2026-07-06 19:00:00+00:00,513
2026-07-06 19:15:00+00:00,512
2026-07-06 19:30:00+00:00,511
2026-07-06 19:45:00+00:00,510
2026-07-06 20:00:00+00:00,510
2026-07-06 20:15:00+00:00,509
2026-07-06 20:30:00+00:00,509
2026-07-06 20:45:00+00:00,508
2026-07-06 21:00:00+00:00,508
2026-07-06 21:15:00+00:00,508
2026-07-06 21:30:00+00:00,507
2026-07-06 21:45:00+00:00,507
2026-07-06 22:00:00+00:00,507
2026-07-06 22:15:00+00:00,507
2026-07-06 22:30:00+00:00,507
2026-07-06 22:45:00+00:00,507
2026-07-06 23:00:00+00:00,507
2026-07-06 23:15:00+00:00,507
2026-07-06 23:30:00+00:00,506
2026-07-06 23:45:00+00:00,506
2026-07-07 00:00:00+00:00,506
2026-07-07 00:15:00+00:00,506
2026-07-07 00:30:00+00:00,506
2026-07-07 00:45:00+00:00,506
2026-07-07 01:00:00+00:00,506
2026-07-07 01:15:00+00:00,506
2026-07-07 01:30:00+00:00,506
2026-07-07 01:45:00+00:00,506
2026-07-07 02:00:00+00:00,505
2026-07-07 02:15:00+00:00,505
2026-07-07 02:30:00+00:00,505
2026-07-07 02:45:00+00:00,505
2026-07-07 03:00:00+00:00,505
2026-07-07 03:15:00+00:00,505
2026-07-07 03:30:00+00:00,505
2026-07-07 03:45:00+00:00,505
2026-07-07 04:00:00+00:00,505
2026-07-07 04:15:00+00:00,505
2026-07-07 04:30:00+00:00,505
2026-07-07 04:45:00+00:00,505
2026-07-07 05:00:00+00:00,505
2026-07-07 05:15:00+00:00,505
2026-07-07 05:30:00+00:00,506
2026-07-07 05:45:00+00:00,506
2026-07-07 06:00:00+00:00,506
2026-07-07 06:15:00+00:00,506
2026-07-07 06:30:00+00:00,506
2026-07-07 06:45:00+00:00,506
2026-07-07 07:00:00+00:00,506
2026-07-07 07:15:00+00:00,506
2026-07-07 07:30:00+00:00,506
2026-07-07 07:45:00+00:00,506
2026-07-07 08:00:00+00:00,506
2026-07-07 08:15:00+00:00,506
2026-07-07 08:30:00+00:00,506
2026-07-07 08:45:00+00:00,506
2026-07-07 09:00:00+00:00,506
2026-07-07 09:15:00+00:00,506
2026-07-07 09:30:00+00:00,506
2026-07-07 09:45:00+00:00,506
2026-07-07 10:00:00+00:00,505
2026-07-07 10:15:00+00:00,505
2026-07-07 10:30:00+00:00,505
2026-07-07 10:45:00+00:00,505
2026-07-07 11:00:00+00:00,505
2026-07-07 11:15:00+00:00,505
2026-07-07 11:30:00+00:00,504
2026-07-07 11:45:00+00:00,504
2026-07-07 12:00:00+00:00,504
2026-07-07 12:15:00+00:00,504
2026-07-07 12:30:00+00:00,504
2026-07-07 12:45:00+00:00,504
2026-07-07 13:00:00+00:00,503
2026-07-07 13:15:00+00:00,503
2026-07-07 13:30:00+00:00,503
2026-07-07 13:45:00+00:00,502
2026-07-07 14:00:00+00:00,502
2026-07-07 14:15:00+00:00,501
2026-07-07 14:30:00+00:00,501
2026-07-07 14:45:00+00:00,501
2026-07-07 15:00:00+00:00,500
2026-07-07 15:15:00+00:00,500
2026-07-07 15:30:00+00:00,500
2026-07-07 15:45:00+00:00,499
2026-07-07 16:00:00+00:00,499
2026-07-07 16:15:00+00:00,499
2026-07-07 16:30:00+00:00,498
2026-07-07 16:45:00+00:00,498
2026-07-07 17:00:00+00:00,497
2026-07-07 17:15:00+00:00,497
2026-07-07 17:30:00+00:00,496
2026-07-07 17:45:00+00:00,496
2026-07-07 18:00:00+00:00,495
2026-07-07 18:15:00+00:00,495
2026-07-07 18:30:00+00:00,494
2026-07-07 18:45:00+00:00,494
2026-07-07 19:00:00+00:00,494
2026-07-07 19:15:00+00:00,493
2026-07-07 19:30:00+00:00,493
2026-07-07 19:45:00+00:00,493
2026-07-07 20:00:00+00:00,492
2026-07-07 20:15:00+00:00,492
2026-07-07 20:30:00+00:00,492
2026-07-07 20:45:00+00:00,491
2026-07-07 21:00:00+00:00,491
2026-07-07 21:15:00+00:00,491
2026-07-07 21:30:00+00:00,491
2026-07-07 21:45:00+00:00,491
2026-07-07 22:00:00+00:00,491
2026-07-07 22:15:00+00:00,491
2026-07-07 22:30:00+00:00,491
2026-07-07 22:45:00+00:00,491
2026-07-07 23:00:00+00:00,491
2026-07-07 23:15:00+00:00,491
2026-07-07 23:30:00+00:00,491
2026-07-07 23:45:00+00:00,491
2026-07-08 00:00:00+00:00,491
2026-07-08 00:15:00+00:00,492
2026-07-08 00:30:00+00:00,491
2026-07-08 00:45:00+00:00,491
2026-07-08 01:00:00+00:00,491
2026-07-08 01:15:00+00:00,491
2026-07-08 01:30:00+00:00,491
2026-07-08 01:45:00+00:00,491
2026-07-08 02:00:00+00:00,491
2026-07-08 02:15:00+00:00,491
2026-07-08 02:30:00+00:00,491
2026-07-08 02:45:00+00:00,492
2026-07-08 03:00:00+00:00,492
2026-07-08 03:15:00+00:00,492
2026-07-08 03:30:00+00:00,492
2026-07-08 03:45:00+00:00,492
2026-07-08 04:00:00+00:00,492
2026-07-08 04:15:00+00:00,492
2026-07-08 04:30:00+00:00,493
2026-07-08 04:45:00+00:00,493
2026-07-08 05:00:00+00:00,494
2026-07-08 05:15:00+00:00,494
2026-07-08 05:30:00+00:00,494
2026-07-08 05:45:00+00:00,495
2026-07-08 06:00:00+00:00,495
2026-07-08 06:15:00+00:00,495
2026-07-08 06:30:00+00:00,496
2026-07-08 06:45:00+00:00,497
2026-07-08 07:00:00+00:00,497
2026-07-08 07:15:00+00:00,498
2026-07-08 07:30:00+00:00,500
2026-07-08 07:45:00+00:00,501
2026-07-08 08:00:00+00:00,502
2026-07-08 08:15:00+00:00,503
2026-07-08 08:30:00+00:00,504
2026-07-08 08:45:00+00:00,506
2026-07-08 09:00:00+00:00,507
2026-07-08 09:15:00+00:00,508
2026-07-08 09:30:00+00:00,509
2026-07-08 09:45:00+00:00,511
2026-07-08 10:00:00+00:00,512
2026-07-08 10:15:00+00:00,514
2026-07-08 10:30:00+00:00,516
2026-07-08 10:45:00+00:00,518
2026-07-08 11:00:00+00:00,520
2026-07-08 11:15:00+00:00,522
2026-07-08 11:30:00+00:00,523
2026-07-08 11:45:00+00:00,525
2026-07-08 12:00:00+00:00,526
2026-07-08 12:15:00+00:00,528
2026-07-08 12:30:00+00:00,529
2026-07-08 12:45:00+00:00,530
2026-07-08 13:00:00+00:00,532
2026-07-08 13:15:00+00:00,533
2026-07-08 13:30:00+00:00,534
2026-07-08 13:45:00+00:00,535
2026-07-08 14:00:00+00:00,536
2026-07-08 14:15:00+00:00,537
2026-07-08 14:30:00+00:00,538
2026-07-08 14:45:00+00:00,539
2026-07-08 15:00:00+00:00,540
2026-07-08 15:15:00+00:00,541
2026-07-08 15:30:00+00:00,542
2026-07-08 15:45:00+00:00,542
2026-07-08 16:00:00+00:00,543
2026-07-08 16:15:00+00:00,544
2026-07-08 16:30:00+00:00,544
2026-07-08 16:45:00+00:00,544
2026-07-08 17:00:00+00:00,545
2026-07-08 17:15:00+00:00,545
2026-07-08 17:30:00+00:00,545
2026-07-08 17:45:00+00:00,545
2026-07-08 18:00:00+00:00,545
2026-07-08 18:15:00+00:00,545
2026-07-08 18:30:00+00:00,545
2026-07-08 18:45:00+00:00,546
2026-07-08 19:00:00+00:00,546
2026-07-08 19:15:00+00:00,546
2026-07-08 19:30:00+00:00,546
2026-07-08 19:45:00+00:00,547
2026-07-08 20:00:00+00:00,547
2026-07-08 20:15:00+00:00,547
2026-07-08 20:30:00+00:00,547
2026-07-08 20:45:00+00:00,547
2026-07-08 21:00:00+00:00,547
2026-07-08 21:15:00+00:00,547
2026-07-08 21:30:00+00:00,546
2026-07-08 21:45:00+00:00,546
2026-07-08 22:00:00+00:00,546
2026-07-08 22:15:00+00:00,546
2026-07-08 22:30:00+00:00,546
2026-07-08 22:45:00+00:00,545
2026-07-08 23:00:00+00:00,545
2026-07-08 23:15:00+00:00,544
2026-07-08 23:30:00+00:00,544
2026-07-08 23:45:00+00:00,544
2026-07-09 00:00:00+00:00,544
2026-07-09 00:15:00+00:00,544
2026-07-09 00:30:00+00:00,544
2026-07-09 00:45:00+00:00,544
2026-07-09 01:00:00+00:00,544
2026-07-09 01:15:00+00:00,544
2026-07-09 01:30:00+00:00,544
2026-07-09 01:45:00+00:00,545
2026-07-09 02:00:00+00:00,545
2026-07-09 02:15:00+00:00,545
2026-07-09 02:30:00+00:00,545
2026-07-09 02:45:00+00:00,545
2026-07-09 03:00:00+00:00,545
2026-07-09 03:15:00+00:00,545
2026-07-09 03:30:00+00:00,545
2026-07-09 03:45:00+00:00,545
2026-07-09 04:00:00+00:00,545
2026-07-09 04:15:00+00:00,546
2026-07-09 04:30:00+00:00,546
2026-07-09 04:45:00+00:00,547
2026-07-09 05:00:00+00:00,547
2026-07-09 05:15:00+00:00,547
2026-07-09 05:30:00+00:00,548
2026-07-09 05:45:00+00:00,548
2026-07-09 06:00:00+00:00,548
2026-07-09 06:15:00+00:00,548
2026-07-09 06:30:00+00:00,548
2026-07-09 06:45:00+00:00,548
2026-07-09 07:00:00+00:00,548
2026-07-09 07:15:00+00:00,548
2026-07-09 07:30:00+00:00,548
2026-07-09 07:45:00+00:00,548
2026-07-09 08:00:00+00:00,548
2026-07-09 08:15:00+00:00,549
2026-07-09 08:30:00+00:00,549
2026-07-09 08:45:00+00:00,550
2026-07-09 09:00:00+00:00,550
2026-07-09 09:15:00+00:00,550
2026-07-09 09:30:00+00:00,550
2026-07-09 09:45:00+00:00,550
2026-07-09 10:00:00+00:00,549
2026-07-09 10:15:00+00:00,549
2026-07-09 10:30:00+00:00,548
2026-07-09 10:45:00+00:00,548
2026-07-09 11:00:00+00:00,548
2026-07-09 11:15:00+00:00,548
2026-07-09 11:30:00+00:00,548
2026-07-09 11:45:00+00:00,548
2026-07-09 12:00:00+00:00,548
2026-07-09 12:15:00+00:00,548
2026-07-09 12:30:00+00:00,548
2026-07-09 12:45:00+00:00,548
2026-07-09 13:00:00+00:00,548
2026-07-09 13:15:00+00:00,548
2026-07-09 13:30:00+00:00,548
2026-07-09 13:45:00+00:00,547
2026-07-09 14:00:00+00:00,547
2026-07-09 14:15:00+00:00,547
2026-07-09 14:30:00+00:00,547
2026-07-09 14:45:00+00:00,546
2026-07-09 15:00:00+00:00,546
2026-07-09 15:15:00+00:00,545
2026-07-09 15:30:00+00:00,545
2026-07-09 15:45:00+00:00,544
2026-07-09 16:00:00+00:00,543
2026-07-09 16:15:00+00:00,543
2026-07-09 16:30:00+00:00,542
2026-07-09 16:45:00+00:00,542
2026-07-09 17:00:00+00:00,542
2026-07-09 17:15:00+00:00,541
2026-07-09 17:30:00+00:00,541
2026-07-09 17:45:00+00:00,541
2026-07-09 18:00:00+00:00,540
2026-07-09 18:15:00+00:00,540
2026-07-09 18:30:00+00:00,540
2026-07-09 18:45:00+00:00,540
2026-07-09 19:00:00+00:00,540
2026-07-09 19:15:00+00:00,539
2026-07-09 19:30:00+00:00,539
2026-07-09 19:45:00+00:00,540
2026-07-09 20:00:00+00:00,540
2026-07-09 20:15:00+00:00,540
2026-07-09 20:30:00+00:00,541
2026-07-09 20:45:00+00:00,541
2026-07-09 21:00:00+00:00,541
2026-07-09 21:15:00+00:00,541
2026-07-09 21:30:00+00:00,541
2026-07-09 21:45:00+00:00,540
2026-07-09 22:00:00+00:00,540
2026-07-09 22:15:00+00:00,541
2026-07-09 22:30:00+00:00,541
2026-07-09 22:45:00+00:00,541
2026-07-09 23:00:00+00:00,542
2026-07-09 23:15:00+00:00,542
2026-07-09 23:30:00+00:00,542
2026-07-09 23:45:00+00:00,542
2026-07-10 00:00:00+00:00,543
2026-07-10 00:15:00+00:00,543
2026-07-10 00:30:00+00:00,543
2026-07-10 00:45:00+00:00,543
2026-07-10 01:00:00+00:00,543
2026-07-10 01:15:00+00:00,544
2026-07-10 01:30:00+00:00,544
2026-07-10 01:45:00+00:00,544
2026-07-10 02:00:00+00:00,544
2026-07-10 02:15:00+00:00,544
2026-07-10 02:30:00+00:00,544
2026-07-10 02:45:00+00:00,544
2026-07-10 03:00:00+00:00,545
2026-07-10 03:15:00+00:00,545
2026-07-10 03:30:00+00:00,546
2026-07-10 03:45:00+00:00,546
2026-07-10 04:00:00+00:00,545
2026-07-10 04:15:00+00:00,545
2026-07-10 04:30:00+00:00,545
2026-07-10 04:45:00+00:00,545
2026-07-10 05:00:00+00:00,545
2026-07-10 05:15:00+00:00,545
2026-07-10 05:30:00+00:00,545
2026-07-10 05:45:00+00:00,546
2026-07-10 06:00:00+00:00,546
2026-07-10 06:15:00+00:00,546
2026-07-10 06:30:00+00:00,547
2026-07-10 06:45:00+00:00,547
2026-07-10 07:00:00+00:00,547
2026-07-10 07:15:00+00:00,547
2026-07-10 07:30:00+00:00,547
2026-07-10 07:45:00+00:00,547
2026-07-10 08:00:00+00:00,547
2026-07-10 08:15:00+00:00,547
2026-07-10 08:30:00+00:00,546
2026-07-10 08:45:00+00:00,546
2026-07-10 09:00:00+00:00,546
2026-07-10 09:15:00+00:00,545
2026-07-10 09:30:00+00:00,544
2026-07-10 09:45:00+00:00,544
2026-07-10 10:00:00+00:00,543
2026-07-10 10:15:00+00:00,542
2026-07-10 10:30:00+00:00,541
2026-07-10 10:45:00+00:00,540
2026-07-10 11:00:00+00:00,539
2026-07-10 11:15:00+00:00,538
2026-07-10 11:30:00+00:00,537
2026-07-10 11:45:00+00:00,536
2026-07-10 12:00:00+00:00,535
2026-07-10 12:15:00+00:00,534
2026-07-10 12:30:00+00:00,533
2026-07-10 12:45:00+00:00,532
2026-07-10 13:00:00+00:00,531
2026-07-10 13:15:00+00:00,530
2026-07-10 13:30:00+00:00,529
2026-07-10 13:45:00+00:00,528
2026-07-10 14:00:00+00:00,527
2026-07-10 14:15:00+00:00,526
2026-07-10 14:30:00+00:00,525
2026-07-10 14:45:00+00:00,525
2026-07-10 15:00:00+00:00,524
2026-07-10 15:15:00+00:00,524
2026-07-10 15:30:00+00:00,523
2026-07-10 15:45:00+00:00,523
2026-07-10 16:00:00+00:00,522
2026-07-10 16:15:00+00:00,522
2026-07-10 16:30:00+00:00,521
2026-07-10 16:45:00+00:00,521
2026-07-10 17:00:00+00:00,521
2026-07-10 17:15:00+00:00,521
2026-07-10 17:30:00+00:00,521
2026-07-10 17:45:00+00:00,521
2026-07-10 18:00:00+00:00,521
2026-07-10 18:15:00+00:00,520
2026-07-10 18:30:00+00:00,520
2026-07-10 18:45:00+00:00,520
2026-07-10 19:00:00+00:00,520
2026-07-10 19:15:00+00:00,520
2026-07-10 19:30:00+00:00,520
2026-07-10 19:45:00+00:00,520
2026-07-10 20:00:00+00:00,520
2026-07-10 20:15:00+00:00,520
2026-07-10 20:30:00+00:00,520
2026-07-10 20:45:00+00:00,520
2026-07-10 21:00:00+00:00,520
2026-07-10 21:15:00+00:00,520
2026-07-10 21:30:00+00:00,521
2026-07-10 21:45:00+00:00,521
2026-07-10 22:00:00+00:00,521
2026-07-10 22:15:00+00:00,521
2026-07-10 22:30:00+00:00,522
2026-07-10 22:45:00+00:00,522
2026-07-10 23:00:00+00:00,523
2026-07-10 23:15:00+00:00,523
2026-07-10 23:30:00+00:00,523
2026-07-10 23:45:00+00:00,524
2026-07-11 00:00:00+00:00,524
2026-07-11 00:15:00+00:00,524
2026-07-11 00:30:00+00:00,524
2026-07-11 00:45:00+00:00,525
2026-07-11 01:00:00+00:00,525
2026-07-11 01:15:00+00:00,525
2026-07-11 01:30:00+00:00,524
2026-07-11 01:45:00+00:00,524
2026-07-11 02:00:00+00:00,524
2026-07-11 02:15:00+00:00,523
2026-07-11 02:30:00+00:00,523
2026-07-11 02:45:00+00:00,523
2026-07-11 03:00:00+00:00,524
2026-07-11 03:15:00+00:00,524
2026-07-11 03:30:00+00:00,524
2026-07-11 03:45:00+00:00,524
2026-07-11 04:00:00+00:00,524
2026-07-11 04:15:00+00:00,525
2026-07-11 04:30:00+00:00,525
2026-07-11 04:45:00+00:00,525
2026-07-11 05:00:00+00:00,526
2026-07-11 05:15:00+00:00,526
2026-07-11 05:30:00+00:00,526
2026-07-11 05:45:00+00:00,527
2026-07-11 06:00:00+00:00,527
2026-07-11 06:15:00+00:00,527
2026-07-11 06:30:00+00:00,528
2026-07-11 06:45:00+00:00,528
2026-07-11 07:00:00+00:00,529
2026-07-11 07:15:00+00:00,529
2026-07-11 07:30:00+00:00,529
2026-07-11 07:45:00+00:00,530
2026-07-11 08:00:00+00:00,530
2026-07-11 08:15:00+00:00,531
2026-07-11 08:30:00+00:00,531
2026-07-11 08:45:00+00:00,532
2026-07-11 09:00:00+00:00,532
2026-07-11 09:15:00+00:00,533
2026-07-11 09:30:00+00:00,534
2026-07-11 09:45:00+00:00,534
2026-07-11 10:00:00+00:00,535
2026-07-11 10:15:00+00:00,535
2026-07-11 10:30:00+00:00,536
2026-07-11 10:45:00+00:00,537
2026-07-11 11:00:00+00:00,537
2026-07-11 11:15:00+00:00,538
2026-07-11 11:30:00+00:00,538
2026-07-11 11:45:00+00:00,538
2026-07-11 12:00:00+00:00,539
2026-07-11 12:15:00+00:00,539
2026-07-11 12:30:00+00:00,539
2026-07-11 12:45:00+00:00,539
2026-07-11 13:00:00+00:00,539
2026-07-11 13:15:00+00:00,539
2026-07-11 13:30:00+00:00,539
2026-07-11 13:45:00+00:00,539
2026-07-11 14:00:00+00:00,538
2026-07-11 14:15:00+00:00,538
2026-07-11 14:30:00+00:00,538
2026-07-11 14:45:00+00:00,537
2026-07-11 15:00:00+00:00,536
2026-07-11 15:15:00+00:00,535
2026-07-11 15:30:00+00:00,535
2026-07-11 15:45:00+00:00,534
2026-07-11 16:00:00+00:00,533
2026-07-11 16:15:00+00:00,532
2026-07-11 16:30:00+00:00,531
2026-07-11 16:45:00+00:00,530
2026-07-11 17:00:00+00:00,529
2026-07-11 17:15:00+00:00,528
2026-07-11 17:30:00+00:00,527
2026-07-11 17:45:00+00:00,526
2026-07-11 18:00:00+00:00,525
2026-07-11 18:15:00+00:00,524
2026-07-11 18:30:00+00:00,524
2026-07-11 18:45:00+00:00,523
2026-07-11 19:00:00+00:00,522
2026-07-11 19:15:00+00:00,522
2026-07-11 19:30:00+00:00,521
2026-07-11 19:45:00+00:00,520
2026-07-11 20:00:00+00:00,520
2026-07-11 20:15:00+00:00,519
2026-07-11 20:30:00+00:00,519
2026-07-11 20:45:00+00:00,519
2026-07-11 21:00:00+00:00,518
2026-07-11 21:15:00+00:00,518
2026-07-11 21:30:00+00:00,517
2026-07-11 21:45:00+00:00,517
2026-07-11 22:00:00+00:00,516
2026-07-11 22:15:00+00:00,516
2026-07-11 22:30:00+00:00,516
2026-07-11 22:45:00+00:00,515
2026-07-11 23:00:00+00:00,515
2026-07-11 23:15:00+00:00,515
2026-07-11 23:30:00+00:00,514
2026-07-11 23:45:00+00:00,514
2026-07-12 00:00:00+00:00,514
2026-07-12 00:15:00+00:00,513
2026-07-12 00:30:00+00:00,513
2026-07-12 00:45:00+00:00,513
2026-07-12 01:00:00+00:00,513
2026-07-12 01:15:00+00:00,512
2026-07-12 01:30:00+00:00,512
2026-07-12 01:45:00+00:00,512
2026-07-12 02:00:00+00:00,512
2026-07-12 02:15:00+00:00,512
2026-07-12 02:30:00+00:00,512
2026-07-12 02:45:00+00:00,512
2026-07-12 03:00:00+00:00,512
2026-07-12 03:15:00+00:00,512
2026-07-12 03:30:00+00:00,513
2026-07-12 03:45:00+00:00,513
2026-07-12 04:00:00+00:00,513
2026-07-12 04:15:00+00:00,513
2026-07-12 04:30:00+00:00,514
2026-07-12 04:45:00+00:00,514
2026-07-12 05:00:00+00:00,514
2026-07-12 05:15:00+00:00,515
2026-07-12 05:30:00+00:00,515
2026-07-12 05:45:00+00:00,515
2026-07-12 06:00:00+00:00,516
2026-07-12 06:15:00+00:00,517
2026-07-12 06:30:00+00:00,517
2026-07-12 06:45:00+00:00,518
2026-07-12 07:00:00+00:00,519
2026-07-12 07:15:00+00:00,519
2026-07-12 07:30:00+00:00,520
2026-07-12 07:45:00+00:00,521
2026-07-12 08:00:00+00:00,521
2026-07-12 08:15:00+00:00,522
2026-07-12 08:30:00+00:00,522
2026-07-12 08:45:00+00:00,522
2026-07-12 09:00:00+00:00,523
2026-07-12 09:15:00+00:00,523
2026-07-12 09:30:00+00:00,523
2026-07-12 09:45:00+00:00,523
2026-07-12 10:00:00+00:00,523
2026-07-12 10:15:00+00:00,523
2026-07-12 10:30:00+00:00,523
2026-07-12 10:45:00+00:00,523
2026-07-12 11:00:00+00:00,523
2026-07-12 11:15:00+00:00,523
2026-07-12 11:30:00+00:00,523
2026-07-12 11:45:00+00:00,523
2026-07-12 12:00:00+00:00,522
2026-07-12 12:15:00+00:00,522
2026-07-12 12:30:00+00:00,522
2026-07-12 12:45:00+00:00,522
2026-07-12 13:00:00+00:00,522
2026-07-12 13:15:00+00:00,521
2026-07-12 13:30:00+00:00,521
2026-07-12 13:45:00+00:00,521
2026-07-12 14:00:00+00:00,520
2026-07-12 14:15:00+00:00,520
2026-07-12 14:30:00+00:00,520
2026-07-12 14:45:00+00:00,519
2026-07-12 15:00:00+00:00,519
2026-07-12 15:15:00+00:00,519
2026-07-12 15:30:00+00:00,519
2026-07-12 15:45:00+00:00,518
2026-07-12 16:00:00+00:00,518
2026-07-12 16:15:00+00:00,518
2026-07-12 16:30:00+00:00,518
2026-07-12 16:45:00+00:00,518
2026-07-12 17:00:00+00:00,518
2026-07-12 17:15:00+00:00,518
2026-07-12 17:30:00+00:00,518
2026-07-12 17:45:00+00:00,518
2026-07-12 18:00:00+00:00,517
2026-07-12 18:15:00+00:00,517
2026-07-12 18:30:00+00:00,517
2026-07-12 18:45:00+00:00,517
2026-07-12 19:00:00+00:00,516
2026-07-12 19:15:00+00:00,516
2026-07-12 19:30:00+00:00,516
2026-07-12 19:45:00+00:00,516
2026-07-12 20:00:00+00:00,515
2026-07-12 20:15:00+00:00,515
2026-07-12 20:30:00+00:00,515
2026-07-12 20:45:00+00:00,515
2026-07-12 21:00:00+00:00,515
2026-07-12 21:15:00+00:00,515
2026-07-12 21:30:00+00:00,514
2026-07-12 21:45:00+00:00,514
2026-07-12 22:00:00+00:00,514
2026-07-12 22:15:00+00:00,514
2026-07-12 22:30:00+00:00,514
2026-07-12 22:45:00+00:00,514
2026-07-12 23:00:00+00:00,513
2026-07-12 23:15:00+00:00,513
2026-07-12 23:30:00+00:00,513
2026-07-12 23:45:00+00:00,513
2026-07-13 00:00:00+00:00,513
2026-07-13 00:15:00+00:00,513
2026-07-13 00:30:00+00:00,513
2026-07-13 00:45:00+00:00,513
2026-07-13 01:00:00+00:00,513
2026-07-13 01:15:00+00:00,513
2026-07-13 01:30:00+00:00,513
2026-07-13 01:45:00+00:00,513
2026-07-13 02:00:00+00:00,512
2026-07-13 02:15:00+00:00,512
2026-07-13 02:30:00+00:00,512
2026-07-13 02:45:00+00:00,512
2026-07-13 03:00:00+00:00,512
2026-07-13 03:15:00+00:00,512
2026-07-13 03:30:00+00:00,512
2026-07-13 03:45:00+00:00,512
2026-07-13 04:00:00+00:00,512
2026-07-13 04:15:00+00:00,512
2026-07-13 04:30:00+00:00,512
2026-07-13 04:45:00+00:00,512
2026-07-13 05:00:00+00:00,512
2026-07-13 05:15:00+00:00,512
2026-07-13 05:30:00+00:00,512
2026-07-13 05:45:00+00:00,512
2026-07-13 06:00:00+00:00,512
2026-07-13 06:15:00+00:00,513
2026-07-13 06:30:00+00:00,513
2026-07-13 06:45:00+00:00,514
2026-07-13 07:00:00+00:00,514
2026-07-13 07:15:00+00:00,514
2026-07-13 07:30:00+00:00,515
2026-07-13 07:45:00+00:00,515
2026-07-13 08:00:00+00:00,515
2026-07-13 08:15:00+00:00,515
2026-07-13 08:30:00+00:00,516
2026-07-13 08:45:00+00:00,516
2026-07-13 09:00:00+00:00,516
2026-07-13 09:15:00+00:00,517
2026-07-13 09:30:00+00:00,517
2026-07-13 09:45:00+00:00,517
2026-07-13 10:00:00+00:00,518
2026-07-13 10:15:00+00:00,518
2026-07-13 10:30:00+00:00,518
2026-07-13 10:45:00+00:00,518
2026-07-13 11:00:00+00:00,518
2026-07-13 11:15:00+00:00,519
2026-07-13 11:30:00+00:00,519
2026-07-13 11:45:00+00:00,520
2026-07-13 12:00:00+00:00,520
2026-07-13 12:15:00+00:00,520
2026-07-13 12:30:00+00:00,521
2026-07-13 12:45:00+00:00,521
2026-07-13 13:00:00+00:00,521
2026-07-13 13:15:00+00:00,521
2026-07-13 13:30:00+00:00,521
2026-07-13 13:45:00+00:00,522
2026-07-13 14:00:00+00:00,522
2026-07-13 14:15:00+00:00,522
2026-07-13 14:30:00+00:00,522
2026-07-13 14:45:00+00:00,522
2026-07-13 15:00:00+00:00,522
2026-07-13 15:15:00+00:00,522
2026-07-13 15:30:00+00:00,522
2026-07-13 15:45:00+00:00,523
2026-07-13 16:00:00+00:00,523
2026-07-13 16:15:00+00:00,523
2026-07-13 16:30:00+00:00,523
2026-07-13 16:45:00+00:00,523
2026-07-13 17:00:00+00:00,523
2026-07-13 17:15:00+00:00,524
2026-07-13 17:30:00+00:00,524
2026-07-13 17:45:00+00:00,524
2026-07-13 18:00:00+00:00,525
2026-07-13 18:15:00+00:00,525
2026-07-13 18:30:00+00:00,525
2026-07-13 18:45:00+00:00,525
2026-07-13 19:00:00+00:00,525
2026-07-13 19:15:00+00:00,525
2026-07-13 19:30:00+00:00,526
2026-07-13 19:45:00+00:00,526
2026-07-13 20:00:00+00:00,526
2026-07-13 20:15:00+00:00,526
2026-07-13 20:30:00+00:00,527
2026-07-13 20:45:00+00:00,527
2026-07-13 21:00:00+00:00,527
2026-07-13 21:15:00+00:00,528
2026-07-13 21:30:00+00:00,528
2026-07-13 21:45:00+00:00,528
2026-07-13 22:00:00+00:00,528
2026-07-13 22:15:00+00:00,528
2026-07-13 22:30:00+00:00,528
2026-07-13 22:45:00+00:00,529
2026-07-13 23:00:00+00:00,529
2026-07-13 23:15:00+00:00,528
2026-07-13 23:30:00+00:00,529
2026-07-13 23:45:00+00:00,529
2026-07-14 00:00:00+00:00,529
2026-07-14 00:15:00+00:00,529
2026-07-14 00:30:00+00:00,529
2026-07-14 00:45:00+00:00,529
2026-07-14 01:00:00+00:00,529
2026-07-14 01:15:00+00:00,529
2026-07-14 01:30:00+00:00,529
2026-07-14 01:45:00+00:00,529
2026-07-14 02:00:00+00:00,529
2026-07-14 02:15:00+00:00,529
2026-07-14 02:30:00+00:00,530
2026-07-14 02:45:00+00:00,530
2026-07-14 03:00:00+00:00,530
2026-07-14 03:15:00+00:00,530
2026-07-14 03:30:00+00:00,530
2026-07-14 03:45:00+00:00,530
2026-07-14 04:00:00+00:00,530
2026-07-14 04:15:00+00:00,530
2026-07-14 04:30:00+00:00,530
2026-07-14 04:45:00+00:00,531
2026-07-14 05:00:00+00:00,531
2026-07-14 05:15:00+00:00,531
2026-07-14 05:30:00+00:00,532
2026-07-14 05:45:00+00:00,532
2026-07-14 06:00:00+00:00,532
2026-07-14 06:15:00+00:00,532
2026-07-14 06:30:00+00:00,532
2026-07-14 06:45:00+00:00,532
2026-07-14 07:00:00+00:00,532
2026-07-14 07:15:00+00:00,532
2026-07-14 07:30:00+00:00,532
2026-07-14 07:45:00+00:00,532
2026-07-14 08:00:00+00:00,531
2026-07-14 08:15:00+00:00,531
2026-07-14 08:30:00+00:00,531
2026-07-14 08:45:00+00:00,531
2026-07-14 09:00:00+00:00,531
2026-07-14 09:15:00+00:00,531
2026-07-14 09:30:00+00:00,531
2026-07-14 09:45:00+00:00,531
2026-07-14 10:00:00+00:00,530
2026-07-14 10:15:00+00:00,530
2026-07-14 10:30:00+00:00,530
2026-07-14 10:45:00+00:00,530
2026-07-14 11:00:00+00:00,530
2026-07-14 11:15:00+00:00,530
2026-07-14 11:30:00+00:00,530
2026-07-14 11:45:00+00:00,530
2026-07-14 12:00:00+00:00,530
2026-07-14 12:15:00+00:00,530
2026-07-14 12:30:00+00:00,530
2026-07-14 12:45:00+00:00,529
2026-07-14 13:00:00+00:00,529
2026-07-14 13:15:00+00:00,529
2026-07-14 13:30:00+00:00,529
2026-07-14 13:45:00+00:00,529
2026-07-14 14:00:00+00:00,528
2026-07-14 14:15:00+00:00,528
2026-07-14 14:30:00+00:00,528
2026-07-14 14:45:00+00:00,527
2026-07-14 15:00:00+00:00,527
2026-07-14 15:15:00+00:00,527
2026-07-14 15:30:00+00:00,526
2026-07-14 15:45:00+00:00,526
2026-07-14 16:00:00+00:00,526
2026-07-14 16:15:00+00:00,525
2026-07-14 16:30:00+00:00,525
2026-07-14 16:45:00+00:00,524
2026-07-14 17:00:00+00:00,524
2026-07-14 17:15:00+00:00,524
2026-07-14 17:30:00+00:00,523
2026-07-14 17:45:00+00:00,523
2026-07-14 18:00:00+00:00,523
2026-07-14 18:15:00+00:00,523
2026-07-14 18:30:00+00:00,522
2026-07-14 18:45:00+00:00,522
2026-07-14 19:00:00+00:00,522
2026-07-14 19:15:00+00:00,521
2026-07-14 19:30:00+00:00,521
2026-07-14 19:45:00+00:00,521
2026-07-14 20:00:00+00:00,520
2026-07-14 20:15:00+00:00,520
2026-07-14 20:30:00+00:00,520
2026-07-14 20:45:00+00:00,520
2026-07-14 21:00:00+00:00,519
2026-07-14 21:15:00+00:00,519
2026-07-14 21:30:00+00:00,519
2026-07-14 21:45:00+00:00,519
2026-07-14 22:00:00+00:00,519
2026-07-14 22:15:00+00:00,519
2026-07-14 22:30:00+00:00,519
2026-07-14 22:45:00+00:00,519
2026-07-14 23:00:00+00:00,519
2026-07-14 23:15:00+00:00,519
2026-07-14 23:30:00+00:00,519
2026-07-14 23:45:00+00:00,519
2026-07-15 00:00:00+00:00,519
2026-07-15 00:15:00+00:00,519
2026-07-15 00:30:00+00:00,519
2026-07-15 00:45:00+00:00,519
2026-07-15 01:00:00+00:00,519
2026-07-15 01:15:00+00:00,519
2026-07-15 01:30:00+00:00,519
2026-07-15 01:45:00+00:00,519
2026-07-15 02:00:00+00:00,519
2026-07-15 02:15:00+00:00,518
2026-07-15 02:30:00+00:00,518
2026-07-15 02:45:00+00:00,518
2026-07-15 03:00:00+00:00,518
2026-07-15 03:15:00+00:00,518
2026-07-15 03:30:00+00:00,518
2026-07-15 03:45:00+00:00,517
2026-07-15 04:00:00+00:00,517
2026-07-15 04:15:00+00:00,517
2026-07-15 04:30:00+00:00,517
2026-07-15 04:45:00+00:00,517
2026-07-15 05:00:00+00:00,517
2026-07-15 05:15:00+00:00,517
2026-07-15 05:30:00+00:00,517
2026-07-15 05:45:00+00:00,517
2026-07-15 06:00:00+00:00,517
2026-07-15 06:15:00+00:00,517
2026-07-15 06:30:00+00:00,518
2026-07-15 06:45:00+00:00,518
2026-07-15 07:00:00+00:00,518
2026-07-15 07:15:00+00:00,518
2026-07-15 07:30:00+00:00,518
2026-07-15 07:45:00+00:00,518
2026-07-15 08:00:00+00:00,518
2026-07-15 08:15:00+00:00,518
2026-07-15 08:30:00+00:00,519
2026-07-15 08:45:00+00:00,519
2026-07-15 09:00:00+00:00,519
2026-07-15 09:15:00+00:00,519
2026-07-15 09:30:00+00:00,520
2026-07-15 09:45:00+00:00,520
2026-07-15 10:00:00+00:00,520
2026-07-15 10:15:00+00:00,520
2026-07-15 10:30:00+00:00,520
2026-07-15 10:45:00+00:00,519
2026-07-15 11:00:00+00:00,519
2026-07-15 11:15:00+00:00,519
2026-07-15 11:30:00+00:00,519
2026-07-15 11:45:00+00:00,519
2026-07-15 12:00:00+00:00,519
2026-07-15 12:15:00+00:00,519
2026-07-15 12:30:00+00:00,519
2026-07-15 12:45:00+00:00,519
2026-07-15 13:00:00+00:00,518
2026-07-15 13:15:00+00:00,519
2026-07-15 13:30:00+00:00,519
2026-07-15 13:45:00+00:00,519
2026-07-15 14:00:00+00:00,519
2026-07-15 14:15:00+00:00,519
2026-07-15 14:30:00+00:00,518
2026-07-15 14:45:00+00:00,518
2026-07-15 15:00:00+00:00,518
2026-07-15 15:15:00+00:00,518
2026-07-15 15:30:00+00:00,517
2026-07-15 15:45:00+00:00,517
2026-07-15 16:00:00+00:00,517
2026-07-15 16:15:00+00:00,517
2026-07-15 16:30:00+00:00,516
2026-07-15 16:45:00+00:00,516
2026-07-15 17:00:00+00:00,516
2026-07-15 17:15:00+00:00,516
2026-07-15 17:30:00+00:00,516
2026-07-15 17:45:00+00:00,516
2026-07-15 18:00:00+00:00,515
2026-07-15 18:15:00+00:00,515
2026-07-15 18:30:00+00:00,515
2026-07-15 18:45:00+00:00,515
2026-07-15 19:00:00+00:00,515
2026-07-15 19:15:00+00:00,514
2026-07-15 19:30:00+00:00,514
2026-07-15 19:45:00+00:00,514
2026-07-15 20:00:00+00:00,514
2026-07-15 20:15:00+00:00,513
2026-07-15 20:30:00+00:00,513
2026-07-15 20:45:00+00:00,513
2026-07-15 21:00:00+00:00,513
2026-07-15 21:15:00+00:00,513
2026-07-15 21:30:00+00:00,513
2026-07-15 21:45:00+00:00,513
2026-07-15 22:00:00+00:00,513
2026-07-15 22:15:00+00:00,512
2026-07-15 22:30:00+00:00,512
2026-07-15 22:45:00+00:00,512
2026-07-15 23:00:00+00:00,512
2026-07-15 23:15:00+00:00,512
2026-07-15 23:30:00+00:00,512
2026-07-15 23:45:00+00:00,512
2026-07-16 00:00:00+00:00,512
2026-07-16 00:15:00+00:00,512
2026-07-16 00:30:00+00:00,512
2026-07-16 00:45:00+00:00,511
2026-07-16 01:00:00+00:00,511
2026-07-16 01:15:00+00:00,511
2026-07-16 01:30:00+00:00,511
2026-07-16 01:45:00+00:00,511
2026-07-16 02:00:00+00:00,511
2026-07-16 02:15:00+00:00,511
2026-07-16 02:30:00+00:00,511
2026-07-16 02:45:00+00:00,511
2026-07-16 03:00:00+00:00,511
2026-07-16 03:15:00+00:00,512
2026-07-16 03:30:00+00:00,512
2026-07-16 03:45:00+00:00,512
2026-07-16 04:00:00+00:00,512
2026-07-16 04:15:00+00:00,512
2026-07-16 04:30:00+00:00,512
2026-07-16 04:45:00+00:00,513
2026-07-16 05:00:00+00:00,513
2026-07-16 05:15:00+00:00,513
2026-07-16 05:30:00+00:00,514
2026-07-16 05:45:00+00:00,514
2026-07-16 06:00:00+00:00,514
2026-07-16 06:15:00+00:00,515
2026-07-16 06:30:00+00:00,516
2026-07-16 06:45:00+00:00,516
2026-07-16 07:00:00+00:00,517
2026-07-16 07:15:00+00:00,518
2026-07-16 07:30:00+00:00,518
2026-07-16 07:45:00+00:00,519
2026-07-16 08:00:00+00:00,519
2026-07-16 08:15:00+00:00,520
2026-07-16 08:30:00+00:00,520
2026-07-16 08:45:00+00:00,521
2026-07-16 09:00:00+00:00,521
2026-07-16 09:15:00+00:00,522
2026-07-16 09:30:00+00:00,523
2026-07-16 09:45:00+00:00,524
2026-07-16 10:00:00+00:00,525
2026-07-16 10:15:00+00:00,525
2026-07-16 10:30:00+00:00,525
2026-07-16 10:45:00+00:00,525
2026-07-16 11:00:00+00:00,526
2026-07-16 11:15:00+00:00,526
2026-07-16 11:30:00+00:00,526
2026-07-16 11:45:00+00:00,526
2026-07-16 12:00:00+00:00,527
2026-07-16 12:15:00+00:00,527
2026-07-16 12:30:00+00:00,527
2026-07-16 12:45:00+00:00,527
2026-07-16 13:00:00+00:00,527
2026-07-16 13:15:00+00:00,527
2026-07-16 13:30:00+00:00,527
2026-07-16 13:45:00+00:00,527
2026-07-16 14:00:00+00:00,527
2026-07-16 14:15:00+00:00,527
2026-07-16 14:30:00+00:00,527
2026-07-16 14:45:00+00:00,527
2026-07-16 15:00:00+00:00,527
2026-07-16 15:15:00+00:00,527
2026-07-16 15:30:00+00:00,528
2026-07-16 15:45:00+00:00,527
2026-07-16 16:00:00+00:00,528
2026-07-16 16:15:00+00:00,527
2026-07-16 16:30:00+00:00,527
2026-07-16 16:45:00+00:00,527
2026-07-16 17:00:00+00:00,528
2026-07-16 17:15:00+00:00,528
2026-07-16 17:30:00+00:00,528
2026-07-16 17:45:00+00:00,528
2026-07-16 18:00:00+00:00,528
2026-07-16 18:15:00+00:00,528
2026-07-16 18:30:00+00:00,528
2026-07-16 18:45:00+00:00,528
2026-07-16 19:00:00+00:00,528
2026-07-16 19:15:00+00:00,528
2026-07-16 19:30:00+00:00,529
2026-07-16 19:45:00+00:00,529
2026-07-16 20:00:00+00:00,529
2026-07-16 20:15:00+00:00,529
2026-07-16 20:30:00+00:00,529
2026-07-16 20:45:00+00:00,529
2026-07-16 21:00:00+00:00,528
2026-07-16 21:15:00+00:00,528
2026-07-16 21:30:00+00:00,528
2026-07-16 21:45:00+00:00,527
2026-07-16 22:00:00+00:00,527
2026-07-16 22:15:00+00:00,527
2026-07-16 22:30:00+00:00,527
2026-07-16 22:45:00+00:00,527
2026-07-16 23:00:00+00:00,528
2026-07-16 23:15:00+00:00,527
2026-07-16 23:30:00+00:00,528
2026-07-16 23:45:00+00:00,528
2026-07-17 00:00:00+00:00,527
2026-07-17 00:15:00+00:00,527
2026-07-17 00:30:00+00:00,527
2026-07-17 00:45:00+00:00,527
2026-07-17 01:00:00+00:00,526
2026-07-17 01:15:00+00:00,526
2026-07-17 01:30:00+00:00,526
2026-07-17 01:45:00+00:00,526
2026-07-17 02:00:00+00:00,526
2026-07-17 02:15:00+00:00,525
2026-07-17 02:30:00+00:00,526
2026-07-17 02:45:00+00:00,526
2026-07-17 03:00:00+00:00,525
2026-07-17 03:15:00+00:00,525
2026-07-17 03:30:00+00:00,525
2026-07-17 03:45:00+00:00,525
2026-07-17 04:00:00+00:00,525
2026-07-17 04:15:00+00:00,524
2026-07-17 04:30:00+00:00,524
2026-07-17 04:45:00+00:00,524
2026-07-17 05:00:00+00:00,524
2026-07-17 05:15:00+00:00,524
2026-07-17 05:30:00+00:00,524
2026-07-17 05:45:00+00:00,524
2026-07-17 06:00:00+00:00,524
2026-07-17 06:15:00+00:00,524
2026-07-17 06:30:00+00:00,525
2026-07-17 06:45:00+00:00,525
2026-07-17 07:00:00+00:00,526
2026-07-17 07:15:00+00:00,526
2026-07-17 07:30:00+00:00,527
2026-07-17 07:45:00+00:00,527
2026-07-17 08:00:00+00:00,528
2026-07-17 08:15:00+00:00,529
2026-07-17 08:30:00+00:00,530
2026-07-17 08:45:00+00:00,531
2026-07-17 09:00:00+00:00,532
2026-07-17 09:15:00+00:00,533
2026-07-17 09:30:00+00:00,534
2026-07-17 09:45:00+00:00,535
2026-07-17 10:00:00+00:00,536
2026-07-17 10:15:00+00:00,537
2026-07-17 10:30:00+00:00,538
2026-07-17 10:45:00+00:00,538
2026-07-17 11:00:00+00:00,539
2026-07-17 11:15:00+00:00,540
2026-07-17 11:30:00+00:00,541
2026-07-17 11:45:00+00:00,541
2026-07-17 12:00:00+00:00,542
2026-07-17 12:15:00+00:00,542
2026-07-17 12:30:00+00:00,543
2026-07-17 12:45:00+00:00,543
2026-07-17 13:00:00+00:00,544
2026-07-17 13:15:00+00:00,544
2026-07-17 13:30:00+00:00,544
2026-07-17 13:45:00+00:00,545
2026-07-17 14:00:00+00:00,545
2026-07-17 14:15:00+00:00,545
2026-07-17 14:30:00+00:00,545
2026-07-17 14:45:00+00:00,545
2026-07-17 15:00:00+00:00,546
2026-07-17 15:15:00+00:00,546
2026-07-17 15:30:00+00:00,546
2026-07-17 15:45:00+00:00,546
2026-07-17 16:00:00+00:00,546
2026-07-17 16:15:00+00:00,546
2026-07-17 16:30:00+00:00,546
2026-07-17 16:45:00+00:00,546
2026-07-17 17:00:00+00:00,545
2026-07-17 17:15:00+00:00,545
2026-07-17 17:30:00+00:00,545
2026-07-17 17:45:00+00:00,545
2026-07-17 18:00:00+00:00,545
2026-07-17 18:15:00+00:00,545
2026-07-17 18:30:00+00:00,544
2026-07-17 18:45:00+00:00,544
2026-07-17 19:00:00+00:00,544
2026-07-17 19:15:00+00:00,543
2026-07-17 19:30:00+00:00,543
2026-07-17 19:45:00+00:00,543
2026-07-17 20:00:00+00:00,543
2026-07-17 20:15:00+00:00,543
2026-07-17 20:30:00+00:00,543
2026-07-17 20:45:00+00:00,543
2026-07-17 21:00:00+00:00,542
2026-07-17 21:15:00+00:00,543
2026-07-17 21:30:00+00:00,543
2026-07-17 21:45:00+00:00,543
2026-07-17 22:00:00+00:00,542
2026-07-17 22:15:00+00:00,542
2026-07-17 22:30:00+00:00,542
2026-07-17 22:45:00+00:00,542
2026-07-17 23:00:00+00:00,541
2026-07-17 23:15:00+00:00,541
2026-07-17 23:30:00+00:00,541
2026-07-17 23:45:00+00:00,540
2026-07-18 00:00:00+00:00,540
2026-07-18 00:15:00+00:00,540
2026-07-18 00:30:00+00:00,539
2026-07-18 00:45:00+00:00,539
2026-07-18 01:00:00+00:00,539
2026-07-18 01:15:00+00:00,539
2026-07-18 01:30:00+00:00,539
2026-07-18 01:45:00+00:00,539
2026-07-18 02:00:00+00:00,538
2026-07-18 02:15:00+00:00,538
2026-07-18 02:30:00+00:00,538
2026-07-18 02:45:00+00:00,537
2026-07-18 03:00:00+00:00,537
2026-07-18 03:15:00+00:00,537
2026-07-18 03:30:00+00:00,537
2026-07-18 03:45:00+00:00,537
2026-07-18 04:00:00+00:00,537
2026-07-18 04:15:00+00:00,537
2026-07-18 04:30:00+00:00,537
2026-07-18 04:45:00+00:00,537
2026-07-18 05:00:00+00:00,537
2026-07-18 05:15:00+00:00,537
2026-07-18 05:30:00+00:00,537
2026-07-18 05:45:00+00:00,538
2026-07-18 06:00:00+00:00,538
2026-07-18 06:15:00+00:00,538
2026-07-18 06:30:00+00:00,538
2026-07-18 06:45:00+00:00,539
2026-07-18 07:00:00+00:00,539
2026-07-18 07:15:00+00:00,539
2026-07-18 07:30:00+00:00,539
2026-07-18 07:45:00+00:00,539
2026-07-18 08:00:00+00:00,539
2026-07-18 08:15:00+00:00,539
2026-07-18 08:30:00+00:00,539
2026-07-18 08:45:00+00:00,539
2026-07-18 09:00:00+00:00,540
2026-07-18 09:15:00+00:00,540
2026-07-18 09:30:00+00:00,540
2026-07-18 09:45:00+00:00,540
2026-07-18 10:00:00+00:00,541
2026-07-18 10:15:00+00:00,541
2026-07-18 10:30:00+00:00,541
2026-07-18 10:45:00+00:00,541
2026-07-18 11:00:00+00:00,542
2026-07-18 11:15:00+00:00,542
2026-07-18 11:30:00+00:00,542
2026-07-18 11:45:00+00:00,543
2026-07-18 12:00:00+00:00,543
2026-07-18 12:15:00+00:00,544
2026-07-18 12:30:00+00:00,544
2026-07-18 12:45:00+00:00,545
2026-07-18 13:00:00+00:00,546
2026-07-18 13:15:00+00:00,546
2026-07-18 13:30:00+00:00,547
2026-07-18 13:45:00+00:00,548
2026-07-18 14:00:00+00:00,548
2026-07-18 14:15:00+00:00,549
2026-07-18 14:30:00+00:00,550
2026-07-18 14:45:00+00:00,550
2026-07-18 15:00:00+00:00,551
2026-07-18 15:15:00+00:00,552
2026-07-18 15:30:00+00:00,552
2026-07-18 15:45:00+00:00,553
2026-07-18 16:00:00+00:00,554
2026-07-18 16:15:00+00:00,555
2026-07-18 16:30:00+00:00,555
2026-07-18 16:45:00+00:00,556
2026-07-18 17:00:00+00:00,557
2026-07-18 17:15:00+00:00,558
2026-07-18 17:30:00+00:00,559
2026-07-18 17:45:00+00:00,559
2026-07-18 18:00:00+00:00,560
2026-07-18 18:15:00+00:00,561
2026-07-18 18:30:00+00:00,561
2026-07-18 18:45:00+00:00,562
2026-07-18 19:00:00+00:00,562
2026-07-18 19:15:00+00:00,563
2026-07-18 19:30:00+00:00,564
2026-07-18 19:45:00+00:00,564
2026-07-18 20:00:00+00:00,565
2026-07-18 20:15:00+00:00,565
2026-07-18 20:30:00+00:00,566
2026-07-18 20:45:00+00:00,566
2026-07-18 21:00:00+00:00,567
2026-07-18 21:15:00+00:00,567
2026-07-18 21:30:00+00:00,567
2026-07-18 21:45:00+00:00,568
2026-07-18 22:00:00+00:00,568
2026-07-18 22:15:00+00:00,568
2026-07-18 22:30:00+00:00,568
2026-07-18 22:45:00+00:00,568
2026-07-18 23:00:00+00:00,569
2026-07-18 23:15:00+00:00,569
2026-07-18 23:30:00+00:00,569
2026-07-18 23:45:00+00:00,569
2026-07-19 00:00:00+00:00,569
2026-07-19 00:15:00+00:00,570
2026-07-19 00:30:00+00:00,570
2026-07-19 00:45:00+00:00,570
2026-07-19 01:00:00+00:00,570
2026-07-19 01:15:00+00:00,570
2026-07-19 01:30:00+00:00,569
2026-07-19 01:45:00+00:00,569
2026-07-19 02:00:00+00:00,569
2026-07-19 02:15:00+00:00,569
2026-07-19 02:30:00+00:00,568
2026-07-19 02:45:00+00:00,568
2026-07-19 03:00:00+00:00,568
2026-07-19 03:15:00+00:00,567
2026-07-19 03:30:00+00:00,567
2026-07-19 03:45:00+00:00,567
2026-07-19 04:00:00+00:00,566
2026-07-19 04:15:00+00:00,566
2026-07-19 04:30:00+00:00,566
2026-07-19 04:45:00+00:00,565
2026-07-19 05:00:00+00:00,565
2026-07-19 05:15:00+00:00,564
2026-07-19 05:30:00+00:00,564
2026-07-19 05:45:00+00:00,563
2026-07-19 06:00:00+00:00,563
2026-07-19 06:15:00+00:00,562
2026-07-19 06:30:00+00:00,562
2026-07-19 06:45:00+00:00,562
2026-07-19 07:00:00+00:00,561
2026-07-19 07:15:00+00:00,561
2026-07-19 07:30:00+00:00,561
2026-07-19 07:45:00+00:00,561
2026-07-19 08:00:00+00:00,560
2026-07-19 08:15:00+00:00,560
2026-07-19 08:30:00+00:00,561
2026-07-19 08:45:00+00:00,561
2026-07-19 09:00:00+00:00,561
2026-07-19 09:15:00+00:00,562
2026-07-19 09:30:00+00:00,562
2026-07-19 09:45:00+00:00,563
2026-07-19 10:00:00+00:00,563
2026-07-19 10:15:00+00:00,563
2026-07-19 10:30:00+00:00,564
2026-07-19 10:45:00+00:00,564
2026-07-19 11:00:00+00:00,564
2026-07-19 11:15:00+00:00,565
2026-07-19 11:30:00+00:00,565
2026-07-19 11:45:00+00:00,566
2026-07-19 12:00:00+00:00,567
2026-07-19 12:15:00+00:00,567
2026-07-19 12:30:00+00:00,568
2026-07-19 12:45:00+00:00,569
2026-07-19 13:00:00+00:00,569
2026-07-19 13:15:00+00:00,570
2026-07-19 13:30:00+00:00,571
2026-07-19 13:45:00+00:00,572
2026-07-19 14:00:00+00:00,572
2026-07-19 14:15:00+00:00,573
2026-07-19 14:30:00+00:00,574
2026-07-19 14:45:00+00:00,574
2026-07-19 15:00:00+00:00,575
2026-07-19 15:15:00+00:00,575
2026-07-19 15:30:00+00:00,576
2026-07-19 15:45:00+00:00,576
2026-07-19 16:00:00+00:00,577
2026-07-19 16:15:00+00:00,577
2026-07-19 16:30:00+00:00,578
2026-07-19 16:45:00+00:00,578
2026-07-19 17:00:00+00:00,579
2026-07-19 17:15:00+00:00,579
2026-07-19 17:30:00+00:00,580
2026-07-19 17:45:00+00:00,580
2026-07-19 18:00:00+00:00,581
2026-07-19 18:15:00+00:00,582
2026-07-19 18:30:00+00:00,582
2026-07-19 18:45:00+00:00,583
2026-07-19 19:00:00+00:00,584
2026-07-19 19:15:00+00:00,584
2026-07-19 19:30:00+00:00,585
2026-07-19 19:45:00+00:00,585
2026-07-19 20:00:00+00:00,585
2026-07-19 20:15:00+00:00,586
2026-07-19 20:30:00+00:00,586
2026-07-19 20:45:00+00:00,586
2026-07-19 21:00:00+00:00,587
2026-07-19 21:15:00+00:00,587
2026-07-19 21:30:00+00:00,588
2026-07-19 21:45:00+00:00,588
2026-07-19 22:00:00+00:00,588
2026-07-19 22:15:00+00:00,589
2026-07-19 22:30:00+00:00,589
2026-07-19 22:45:00+00:00,590
2026-07-19 23:00:00+00:00,591
2026-07-19 23:15:00+00:00,591
2026-07-19 23:30:00+00:00,592
2026-07-19 23:45:00+00:00,592
2026-07-20 00:00:00+00:00,592
2026-07-20 00:15:00+00:00,592
2026-07-20 00:30:00+00:00,592
2026-07-20 00:45:00+00:00,592
2026-07-20 01:00:00+00:00,592
2026-07-20 01:15:00+00:00,592
2026-07-20 01:30:00+00:00,592
2026-07-20 01:45:00+00:00,592
2026-07-20 02:00:00+00:00,592
2026-07-20 02:15:00+00:00,592
2026-07-20 02:30:00+00:00,592
2026-07-20 02:45:00+00:00,591
2026-07-20 03:00:00+00:00,591
2026-07-20 03:15:00+00:00,591
2026-07-20 03:30:00+00:00,591
2026-07-20 03:45:00+00:00,591
2026-07-20 04:00:00+00:00,591
2026-07-20 04:15:00+00:00,591
2026-07-20 04:30:00+00:00,591
2026-07-20 04:45:00+00:00,591
2026-07-20 05:00:00+00:00,591
2026-07-20 05:15:00+00:00,592
2026-07-20 05:30:00+00:00,592
2026-07-20 05:45:00+00:00,592
2026-07-20 06:00:00+00:00,591
2026-07-20 06:15:00+00:00,591
2026-07-20 06:30:00+00:00,591
2026-07-20 06:45:00+00:00,591
2026-07-20 07:00:00+00:00,592
2026-07-20 07:15:00+00:00,592
2026-07-20 07:30:00+00:00,592
2026-07-20 07:45:00+00:00,592
2026-07-20 08:00:00+00:00,593
2026-07-20 08:15:00+00:00,593
2026-07-20 08:30:00+00:00,593
2026-07-20 08:45:00+00:00,593
2026-07-20 09:00:00+00:00,593
2026-07-20 09:15:00+00:00,594
2026-07-20 09:30:00+00:00,594
2026-07-20 09:45:00+00:00,594
2026-07-20 10:00:00+00:00,594
2026-07-20 10:15:00+00:00,594
2026-07-20 10:30:00+00:00,595
2026-07-20 10:45:00+00:00,595
2026-07-20 11:00:00+00:00,596
2026-07-20 11:15:00+00:00,596
2026-07-20 11:30:00+00:00,597
2026-07-20 11:45:00+00:00,598
2026-07-20 12:00:00+00:00,599
2026-07-20 12:15:00+00:00,599
2026-07-20 12:30:00+00:00,600
2026-07-20 12:45:00+00:00,600
2026-07-20 13:00:00+00:00,601
2026-07-20 13:15:00+00:00,601
2026-07-20 13:30:00+00:00,601
2026-07-20 13:45:00+00:00,602
2026-07-20 14:00:00+00:00,602
2026-07-20 14:15:00+00:00,603
2026-07-20 14:30:00+00:00,603
2026-07-20 14:45:00+00:00,603
2026-07-20 15:00:00+00:00,604
2026-07-20 15:15:00+00:00,604
2026-07-20 15:30:00+00:00,605
2026-07-20 15:45:00+00:00,605
2026-07-20 16:00:00+00:00,606
2026-07-20 16:15:00+00:00,606
2026-07-20 16:30:00+00:00,606
2026-07-20 16:45:00+00:00,606
2026-07-20 17:00:00+00:00,607
2026-07-20 17:15:00+00:00,607
2026-07-20 17:30:00+00:00,607
2026-07-20 17:45:00+00:00,607
2026-07-20 18:00:00+00:00,607
2026-07-20 18:15:00+00:00,608
2026-07-20 18:30:00+00:00,608
2026-07-20 18:45:00+00:00,608
2026-07-20 19:00:00+00:00,608
2026-07-20 19:15:00+00:00,608
2026-07-20 19:30:00+00:00,609
2026-07-20 19:45:00+00:00,609
2026-07-20 20:00:00+00:00,609
2026-07-20 20:15:00+00:00,609
2026-07-20 20:30:00+00:00,609
2026-07-20 20:45:00+00:00,609
2026-07-20 21:00:00+00:00,609
2026-07-20 21:15:00+00:00,609
2026-07-20 21:30:00+00:00,610
2026-07-20 21:45:00+00:00,610
2026-07-20 22:00:00+00:00,610
2026-07-20 22:15:00+00:00,610
2026-07-20 22:30:00+00:00,611
2026-07-20 22:45:00+00:00,611
2026-07-20 23:00:00+00:00,611
2026-07-20 23:15:00+00:00,612
2026-07-20 23:30:00+00:00,610
2026-07-20 23:45:00+00:00,610
2026-07-21 00:00:00+00:00,611
2026-07-21 00:15:00+00:00,611
2026-07-21 00:30:00+00:00,610
2026-07-21 00:45:00+00:00,609
2026-07-21 01:00:00+00:00,609
2026-07-21 01:15:00+00:00,609
2026-07-21 01:30:00+00:00,609
2026-07-21 01:45:00+00:00,609
2026-07-21 02:00:00+00:00,609
2026-07-21 02:15:00+00:00,609
2026-07-21 02:30:00+00:00,609
2026-07-21 02:45:00+00:00,608
2026-07-21 03:00:00+00:00,608
2026-07-21 03:15:00+00:00,608
2026-07-21 03:30:00+00:00,607
2026-07-21 03:45:00+00:00,607
2026-07-21 04:00:00+00:00,607
2026-07-21 04:15:00+00:00,606
2026-07-21 04:30:00+00:00,606
2026-07-21 04:45:00+00:00,606
2026-07-21 05:00:00+00:00,606
2026-07-21 05:15:00+00:00,606
2026-07-21 05:30:00+00:00,606
2026-07-21 05:45:00+00:00,606
2026-07-21 06:00:00+00:00,607
2026-07-21 06:15:00+00:00,607
2026-07-21 06:30:00+00:00,607
2026-07-21 06:45:00+00:00,608
2026-07-21 07:00:00+00:00,608
2026-07-21 07:15:00+00:00,608
2026-07-21 07:30:00+00:00,609
2026-07-21 07:45:00+00:00,609
2026-07-21 08:00:00+00:00,609
2026-07-21 08:15:00+00:00,610
2026-07-21 08:30:00+00:00,610
2026-07-21 08:45:00+00:00,611
2026-07-21 09:00:00+00:00,611
2026-07-21 09:15:00+00:00,612
2026-07-21 09:30:00+00:00,612
2026-07-21 09:45:00+00:00,612
2026-07-21 10:00:00+00:00,613
2026-07-21 10:15:00+00:00,613
2026-07-21 10:30:00+00:00,613
2026-07-21 10:45:00+00:00,613
2026-07-21 11:00:00+00:00,613
2026-07-21 11:15:00+00:00,613
2026-07-21 11:30:00+00:00,613
2026-07-21 11:45:00+00:00,612
2026-07-21 12:00:00+00:00,612
2026-07-21 12:15:00+00:00,611
2026-07-21 12:30:00+00:00,611
2026-07-21 12:45:00+00:00,611
2026-07-21 13:00:00+00:00,611
2026-07-21 13:15:00+00:00,611
2026-07-21 13:30:00+00:00,611
2026-07-21 13:45:00+00:00,611
2026-07-21 14:00:00+00:00,611
2026-07-21 14:15:00+00:00,611
2026-07-21 14:30:00+00:00,611
2026-07-21 14:45:00+00:00,611
2026-07-21 15:00:00+00:00,611
2026-07-21 15:15:00+00:00,611
2026-07-21 15:30:00+00:00,610
2026-07-21 15:45:00+00:00,609
2026-07-21 16:00:00+00:00,608
2026-07-21 16:15:00+00:00,607
2026-07-21 16:30:00+00:00,605
2026-07-21 16:45:00+00:00,603
2026-07-21 17:00:00+00:00,601
2026-07-21 17:15:00+00:00,600
2026-07-21 17:30:00+00:00,599
2026-07-21 17:45:00+00:00,599
2026-07-21 18:00:00+00:00,599
2026-07-21 18:15:00+00:00,599
2026-07-21 18:30:00+00:00,599
2026-07-21 18:45:00+00:00,599
2026-07-21 19:00:00+00:00,599
2026-07-21 19:15:00+00:00,599
2026-07-21 19:30:00+00:00,600
2026-07-21 19:45:00+00:00,600
2026-07-21 20:00:00+00:00,601
2026-07-21 20:15:00+00:00,601
2026-07-21 20:30:00+00:00,602
2026-07-21 20:45:00+00:00,603
2026-07-21 21:00:00+00:00,604
2026-07-21 21:15:00+00:00,605
2026-07-21 21:30:00+00:00,606
2026-07-21 21:45:00+00:00,607
2026-07-21 22:00:00+00:00,608
2026-07-21 22:15:00+00:00,608
2026-07-21 22:30:00+00:00,610
2026-07-21 22:45:00+00:00,612
2026-07-21 23:00:00+00:00,615
2026-07-21 23:15:00+00:00,620
2026-07-21 23:30:00+00:00,625
2026-07-21 23:45:00+00:00,630
2026-07-22 00:00:00+00:00,634
2026-07-22 00:15:00+00:00,637
2026-07-22 00:30:00+00:00,640
2026-07-22 00:45:00+00:00,641
2026-07-22 01:00:00+00:00,642
2026-07-22 01:15:00+00:00,641
2026-07-22 01:30:00+00:00,641
2026-07-22 01:45:00+00:00,640
2026-07-22 02:00:00+00:00,639
2026-07-22 02:15:00+00:00,637
2026-07-22 02:30:00+00:00,635
2026-07-22 02:45:00+00:00,633
2026-07-22 03:00:00+00:00,631
2026-07-22 03:15:00+00:00,630
2026-07-22 03:30:00+00:00,628
2026-07-22 03:45:00+00:00,626
2026-07-22 04:00:00+00:00,624
2026-07-22 04:15:00+00:00,621
2026-07-22 04:30:00+00:00,619
2026-07-22 04:45:00+00:00,617
2026-07-22 05:00:00+00:00,615
2026-07-22 05:15:00+00:00,613
2026-07-22 05:30:00+00:00,611
2026-07-22 05:45:00+00:00,611
2026-07-22 06:00:00+00:00,610
2026-07-22 06:15:00+00:00,610
2026-07-22 06:30:00+00:00,610
2026-07-22 06:45:00+00:00,610
2026-07-22 07:00:00+00:00,610
2026-07-22 07:15:00+00:00,610
2026-07-22 07:30:00+00:00,610
2026-07-22 07:45:00+00:00,610
2026-07-22 08:00:00+00:00,609
2026-07-22 08:15:00+00:00,609
2026-07-22 08:30:00+00:00,609
2026-07-22 08:45:00+00:00,609
2026-07-22 09:00:00+00:00,609
2026-07-22 09:15:00+00:00,609
2026-07-22 09:30:00+00:00,609
2026-07-22 09:45:00+00:00,610
2026-07-22 10:00:00+00:00,610
2026-07-22 10:15:00+00:00,610
2026-07-22 10:30:00+00:00,610
2026-07-22 10:45:00+00:00,610
2026-07-22 11:00:00+00:00,610
2026-07-22 11:15:00+00:00,610
2026-07-22 11:30:00+00:00,610
2026-07-22 11:45:00+00:00,610
2026-07-22 12:00:00+00:00,610
2026-07-22 12:15:00+00:00,610
2026-07-22 12:30:00+00:00,610
2026-07-22 12:45:00+00:00,610
2026-07-22 13:00:00+00:00,610
2026-07-22 13:15:00+00:00,610
2026-07-22 13:30:00+00:00,610
2026-07-22 13:45:00+00:00,610
2026-07-22 14:00:00+00:00,610
2026-07-22 14:15:00+00:00,610
2026-07-22 14:30:00+00:00,610
2026-07-22 14:45:00+00:00,611
2026-07-22 15:00:00+00:00,611
2026-07-22 15:15:00+00:00,611
2026-07-22 15:30:00+00:00,610
2026-07-22 15:45:00+00:00,610
2026-07-22 16:00:00+00:00,610
2026-07-22 16:15:00+00:00,610
2026-07-22 16:30:00+00:00,610
2026-07-22 16:45:00+00:00,609
2026-07-22 17:00:00+00:00,609
2026-07-22 17:15:00+00:00,609
2026-07-22 17:30:00+00:00,609
2026-07-22 17:45:00+00:00,609
2026-07-22 18:00:00+00:00,609
2026-07-22 18:15:00+00:00,609
2026-07-22 18:30:00+00:00,608
2026-07-22 18:45:00+00:00,608
2026-07-22 19:00:00+00:00,608
2026-07-22 19:15:00+00:00,608
2026-07-22 19:30:00+00:00,608
2026-07-22 19:45:00+00:00,608
2026-07-22 20:00:00+00:00,608
2026-07-22 20:15:00+00:00,608
2026-07-22 20:30:00+00:00,607
2026-07-22 20:45:00+00:00,607
2026-07-22 21:00:00+00:00,607
2026-07-22 21:15:00+00:00,607
2026-07-22 21:30:00+00:00,606
2026-07-22 21:45:00+00:00,606
2026-07-22 22:00:00+00:00,605
2026-07-22 22:15:00+00:00,604
2026-07-22 22:30:00+00:00,604
2026-07-22 22:45:00+00:00,604
2026-07-22 23:00:00+00:00,604
2026-07-22 23:15:00+00:00,604
2026-07-22 23:30:00+00:00,604
2026-07-22 23:45:00+00:00,603
2026-07-23 00:00:00+00:00,603
2026-07-23 00:15:00+00:00,602
2026-07-23 00:30:00+00:00,602
2026-07-23 00:45:00+00:00,601
2026-07-23 01:00:00+00:00,601
2026-07-23 01:15:00+00:00,600
2026-07-23 01:30:00+00:00,600
2026-07-23 01:45:00+00:00,600
2026-07-23 02:00:00+00:00,600
2026-07-23 02:15:00+00:00,601
2026-07-23 02:30:00+00:00,601
2026-07-23 02:45:00+00:00,600
2026-07-23 03:00:00+00:00,600
2026-07-23 03:15:00+00:00,600
2026-07-23 03:30:00+00:00,599
2026-07-23 03:45:00+00:00,599
2026-07-23 04:00:00+00:00,599
2026-07-23 04:15:00+00:00,598
2026-07-23 04:30:00+00:00,598
2026-07-23 04:45:00+00:00,597
2026-07-23 05:00:00+00:00,597
2026-07-23 05:15:00+00:00,594
2026-07-23 05:30:00+00:00,593
2026-07-23 05:45:00+00:00,590
2026-07-23 06:00:00+00:00,588
2026-07-23 06:15:00+00:00,588
2026-07-23 06:30:00+00:00,588
2026-07-23 06:45:00+00:00,588
2026-07-23 07:00:00+00:00,588
2026-07-23 07:15:00+00:00,590
2026-07-23 07:30:00+00:00,591
2026-07-23 07:45:00+00:00,591
2026-07-23 08:00:00+00:00,591
2026-07-23 08:15:00+00:00,592
2026-07-23 08:30:00+00:00,591
2026-07-23 08:45:00+00:00,592
2026-07-23 09:00:00+00:00,592
2026-07-23 09:15:00+00:00,593
2026-07-23 09:30:00+00:00,594
2026-07-23 09:45:00+00:00,595
2026-07-23 10:00:00+00:00,596
2026-07-23 10:15:00+00:00,597
2026-07-23 10:30:00+00:00,598
2026-07-23 10:45:00+00:00,599
2026-07-23 11:00:00+00:00,600
2026-07-23 11:15:00+00:00,600
2026-07-23 11:30:00+00:00,600
2026-07-23 11:45:00+00:00,600
2026-07-23 12:00:00+00:00,600
2026-07-23 12:15:00+00:00,600
2026-07-23 12:30:00+00:00,600
2026-07-23 12:45:00+00:00,600
2026-07-23 13:00:00+00:00,600
2026-07-23 13:15:00+00:00,600
2026-07-23 13:30:00+00:00,600
2026-07-23 13:45:00+00:00,600
2026-07-23 14:00:00+00:00,601
2026-07-23 14:15:00+00:00,601
2026-07-23 14:30:00+00:00,601
2026-07-23 14:45:00+00:00,602
2026-07-23 15:00:00+00:00,602
2026-07-23 15:15:00+00:00,602
2026-07-23 15:30:00+00:00,601
2026-07-23 15:45:00+00:00,601
2026-07-23 16:00:00+00:00,601
2026-07-23 16:15:00+00:00,601
2026-07-23 16:30:00+00:00,601
2026-07-23 16:45:00+00:00,601
2026-07-23 17:00:00+00:00,601
2026-07-23 17:15:00+00:00,601
2026-07-23 17:30:00+00:00,601
2026-07-23 17:45:00+00:00,601
2026-07-23 18:00:00+00:00,600
2026-07-23 18:15:00+00:00,600
2026-07-23 18:30:00+00:00,600
2026-07-23 18:45:00+00:00,599
2026-07-23 19:00:00+00:00,599
2026-07-23 19:15:00+00:00,598
2026-07-23 19:30:00+00:00,598
2026-07-23 19:45:00+00:00,597
2026-07-23 20:00:00+00:00,597
2026-07-23 20:15:00+00:00,596
2026-07-23 20:30:00+00:00,596
2026-07-23 20:45:00+00:00,595
2026-07-23 21:00:00+00:00,595
2026-07-23 21:15:00+00:00,595
2026-07-23 21:30:00+00:00,594
2026-07-23 21:45:00+00:00,594
2026-07-23 22:00:00+00:00,594
2026-07-23 22:15:00+00:00,594
2026-07-23 22:30:00+00:00,594
2026-07-23 22:45:00+00:00,594
2026-07-23 23:00:00+00:00,594
2026-07-23 23:15:00+00:00,593
2026-07-23 23:30:00+00:00,594
2026-07-23 23:45:00+00:00,594
2026-07-24 00:00:00+00:00,594
2026-07-24 00:15:00+00:00,594
2026-07-24 00:30:00+00:00,593
2026-07-24 00:45:00+00:00,593
2026-07-24 01:00:00+00:00,594
2026-07-24 01:15:00+00:00,593
2026-07-24 01:30:00+00:00,593
2026-07-24 01:45:00+00:00,593
2026-07-24 02:00:00+00:00,593
2026-07-24 02:15:00+00:00,593
2026-07-24 02:30:00+00:00,593
2026-07-24 02:45:00+00:00,593
2026-07-24 03:00:00+00:00,592
2026-07-24 03:15:00+00:00,592
2026-07-24 03:30:00+00:00,592
2026-07-24 03:45:00+00:00,592
2026-07-24 04:00:00+00:00,592
2026-07-24 04:15:00+00:00,592
2026-07-24 04:30:00+00:00,592
2026-07-24 04:45:00+00:00,592
2026-07-24 05:00:00+00:00,592
2026-07-24 05:15:00+00:00,592
2026-07-24 05:30:00+00:00,591
2026-07-24 05:45:00+00:00,591
2026-07-24 06:00:00+00:00,591
2026-07-24 06:15:00+00:00,591
2026-07-24 06:30:00+00:00,592
2026-07-24 06:45:00+00:00,592
2026-07-24 07:00:00+00:00,592
2026-07-24 07:15:00+00:00,592
2026-07-24 07:30:00+00:00,592
2026-07-24 07:45:00+00:00,592
2026-07-24 08:00:00+00:00,592
2026-07-24 08:15:00+00:00,592
2026-07-24 08:30:00+00:00,592
2026-07-24 08:45:00+00:00,592
2026-07-24 09:00:00+00:00,592
2026-07-24 09:15:00+00:00,592
2026-07-24 09:30:00+00:00,593
2026-07-24 09:45:00+00:00,593
2026-07-24 10:00:00+00:00,593
2026-07-24 10:15:00+00:00,593
2026-07-24 10:30:00+00:00,594
2026-07-24 10:45:00+00:00,594
2026-07-24 11:00:00+00:00,594
2026-07-24 11:15:00+00:00,595
2026-07-24 11:30:00+00:00,595
2026-07-24 11:45:00+00:00,596
2026-07-24 12:00:00+00:00,596
2026-07-24 12:15:00+00:00,596
2026-07-24 12:30:00+00:00,596
2026-07-24 12:45:00+00:00,597
2026-07-24 13:00:00+00:00,597
2026-07-24 13:15:00+00:00,597
2026-07-24 13:30:00+00:00,597
2026-07-24 13:45:00+00:00,597
2026-07-24 14:00:00+00:00,597
2026-07-24 14:15:00+00:00,597
2026-07-24 14:30:00+00:00,597
2026-07-24 14:45:00+00:00,597
2026-07-24 15:00:00+00:00,597
2026-07-24 15:15:00+00:00,597
2026-07-24 15:30:00+00:00,597
2026-07-24 15:45:00+00:00,597
2026-07-24 16:00:00+00:00,597
2026-07-24 16:15:00+00:00,597
2026-07-24 16:30:00+00:00,597
2026-07-24 16:45:00+00:00,597
2026-07-24 17:00:00+00:00,597
2026-07-24 17:15:00+00:00,597
2026-07-24 17:30:00+00:00,597
2026-07-24 17:45:00+00:00,597
2026-07-24 18:00:00+00:00,596
2026-07-24 18:15:00+00:00,596
2026-07-24 18:30:00+00:00,596
2026-07-24 18:45:00+00:00,597
2026-07-24 19:00:00+00:00,597
2026-07-24 19:15:00+00:00,597
2026-07-24 19:30:00+00:00,596
2026-07-24 19:45:00+00:00,596
2026-07-24 20:00:00+00:00,596
2026-07-24 20:15:00+00:00,596
2026-07-24 20:30:00+00:00,596
2026-07-24 20:45:00+00:00,595
2026-07-24 21:00:00+00:00,595
2026-07-24 21:15:00+00:00,595
2026-07-24 21:30:00+00:00,595
2026-07-24 21:45:00+00:00,595
2026-07-24 22:00:00+00:00,594
2026-07-24 22:15:00+00:00,594
2026-07-24 22:30:00+00:00,594
2026-07-24 22:45:00+00:00,594
2026-07-24 23:00:00+00:00,594
2026-07-24 23:15:00+00:00,594
2026-07-24 23:30:00+00:00,593
2026-07-24 23:45:00+00:00,593
2026-07-25 00:00:00+00:00,593
2026-07-25 00:15:00+00:00,593
2026-07-25 00:30:00+00:00,593
2026-07-25 00:45:00+00:00,592
2026-07-25 01:00:00+00:00,592
2026-07-25 01:15:00+00:00,592
2026-07-25 01:30:00+00:00,592
2026-07-25 01:45:00+00:00,591
2026-07-25 02:00:00+00:00,591
2026-07-25 02:15:00+00:00,591
2026-07-25 02:30:00+00:00,590
2026-07-25 02:45:00+00:00,590
2026-07-25 03:00:00+00:00,590
2026-07-25 03:15:00+00:00,589
2026-07-25 03:30:00+00:00,589
2026-07-25 03:45:00+00:00,589
2026-07-25 04:00:00+00:00,589
2026-07-25 04:15:00+00:00,588
2026-07-25 04:30:00+00:00,588
2026-07-25 04:45:00+00:00,588
2026-07-25 05:00:00+00:00,588
2026-07-25 05:15:00+00:00,588
2026-07-25 05:30:00+00:00,588
2026-07-25 05:45:00+00:00,589
2026-07-25 06:00:00+00:00,589
2026-07-25 06:15:00+00:00,589
2026-07-25 06:30:00+00:00,590
2026-07-25 06:45:00+00:00,590
2026-07-25 07:00:00+00:00,589
2026-07-25 07:15:00+00:00,589
2026-07-25 07:30:00+00:00,589
2026-07-25 07:45:00+00:00,589
2026-07-25 08:00:00+00:00,589
2026-07-25 08:15:00+00:00,589
2026-07-25 08:30:00+00:00,589
2026-07-25 08:45:00+00:00,589
2026-07-25 09:00:00+00:00,589
2026-07-25 09:15:00+00:00,589
2026-07-25 09:30:00+00:00,589
2026-07-25 09:45:00+00:00,589
2026-07-25 10:00:00+00:00,589
2026-07-25 10:15:00+00:00,590
2026-07-25 10:30:00+00:00,590
2026-07-25 10:45:00+00:00,590
2026-07-25 11:00:00+00:00,590
2026-07-25 11:15:00+00:00,591
2026-07-25 11:30:00+00:00,591
2026-07-25 11:45:00+00:00,591
2026-07-25 12:00:00+00:00,592
2026-07-25 12:15:00+00:00,592
2026-07-25 12:30:00+00:00,593
2026-07-25 12:45:00+00:00,593
2026-07-25 13:00:00+00:00,594
2026-07-25 13:15:00+00:00,594
2026-07-25 13:30:00+00:00,595
2026-07-25 13:45:00+00:00,595
2026-07-25 14:00:00+00:00,596
2026-07-25 14:15:00+00:00,596
2026-07-25 14:30:00+00:00,596
2026-07-25 14:45:00+00:00,597
2026-07-25 15:00:00+00:00,597
2026-07-25 15:15:00+00:00,597
2026-07-25 15:30:00+00:00,597
2026-07-25 15:45:00+00:00,598
2026-07-25 16:00:00+00:00,598
2026-07-25 16:15:00+00:00,598
2026-07-25 16:30:00+00:00,598
2026-07-25 16:45:00+00:00,598
2026-07-25 17:00:00+00:00,598
2026-07-25 17:15:00+00:00,598
2026-07-25 17:30:00+00:00,598
2026-07-25 17:45:00+00:00,599
2026-07-25 18:00:00+00:00,599
2026-07-25 18:15:00+00:00,599
2026-07-25 18:30:00+00:00,599
2026-07-25 18:45:00+00:00,599
2026-07-25 19:00:00+00:00,599
2026-07-25 19:15:00+00:00,599
2026-07-25 19:30:00+00:00,600
2026-07-25 19:45:00+00:00,600
2026-07-25 20:00:00+00:00,600
2026-07-25 20:15:00+00:00,600
2026-07-25 20:30:00+00:00,600
2026-07-25 20:45:00+00:00,600
2026-07-25 21:00:00+00:00,600
2026-07-25 21:15:00+00:00,600
2026-07-25 21:30:00+00:00,599
2026-07-25 21:45:00+00:00,599
2026-07-25 22:00:00+00:00,599
2026-07-25 22:15:00+00:00,599
2026-07-25 22:30:00+00:00,599
2026-07-25 22:45:00+00:00,599
2026-07-25 23:00:00+00:00,599
2026-07-25 23:15:00+00:00,598
2026-07-25 23:30:00+00:00,598
2026-07-25 23:45:00+00:00,598
2026-07-26 00:00:00+00:00,598
2026-07-26 00:15:00+00:00,597
2026-07-26 00:30:00+00:00,597
2026-07-26 00:45:00+00:00,597
2026-07-26 01:00:00+00:00,596
2026-07-26 01:15:00+00:00,596
2026-07-26 01:30:00+00:00,596
2026-07-26 01:45:00+00:00,596
2026-07-26 02:00:00+00:00,595
2026-07-26 02:15:00+00:00,595
2026-07-26 02:30:00+00:00,595
2026-07-26 02:45:00+00:00,594
2026-07-26 03:00:00+00:00,594
2026-07-26 03:15:00+00:00,594
2026-07-26 03:30:00+00:00,594
2026-07-26 03:45:00+00:00,593
2026-07-26 04:00:00+00:00,593
2026-07-26 04:15:00+00:00,593
2026-07-26 04:30:00+00:00,593
2026-07-26 04:45:00+00:00,593
2026-07-26 05:00:00+00:00,593
2026-07-26 05:15:00+00:00,593
2026-07-26 05:30:00+00:00,593
2026-07-26 05:45:00+00:00,593
2026-07-26 06:00:00+00:00,593
2026-07-26 06:15:00+00:00,593
2026-07-26 06:30:00+00:00,594
2026-07-26 06:45:00+00:00,594
2026-07-26 07:00:00+00:00,594
2026-07-26 07:15:00+00:00,595
2026-07-26 07:30:00+00:00,595
2026-07-26 07:45:00+00:00,595
2026-07-26 08:00:00+00:00,595
2026-07-26 08:15:00+00:00,595
2026-07-26 08:30:00+00:00,595
2026-07-26 08:45:00+00:00,595
2026-07-26 09:00:00+00:00,595
2026-07-26 09:15:00+00:00,596
2026-07-26 09:30:00+00:00,596
2026-07-26 09:45:00+00:00,596
2026-07-26 10:00:00+00:00,597
2026-07-26 10:15:00+00:00,597
2026-07-26 10:30:00+00:00,597
2026-07-26 10:45:00+00:00,597
2026-07-26 11:00:00+00:00,598
2026-07-26 11:15:00+00:00,598
2026-07-26 11:30:00+00:00,599
2026-07-26 11:45:00+00:00,599
2026-07-26 12:00:00+00:00,599
2026-07-26 12:15:00+00:00,600
2026-07-26 12:30:00+00:00,600
2026-07-26 12:45:00+00:00,601
2026-07-26 13:00:00+00:00,601
2026-07-26 13:15:00+00:00,602
2026-07-26 13:30:00+00:00,602
2026-07-26 13:45:00+00:00,603
2026-07-26 14:00:00+00:00,603
2026-07-26 14:15:00+00:00,604
2026-07-26 14:30:00+00:00,604
2026-07-26 14:45:00+00:00,605
2026-07-26 15:00:00+00:00,606
2026-07-26 15:15:00+00:00,606
2026-07-26 15:30:00+00:00,607
2026-07-26 15:45:00+00:00,607
2026-07-26 16:00:00+00:00,608
2026-07-26 16:15:00+00:00,608
2026-07-26 16:30:00+00:00,609
2026-07-26 16:45:00+00:00,609
2026-07-26 17:00:00+00:00,610
2026-07-26 17:15:00+00:00,610
2026-07-26 17:30:00+00:00,611
2026-07-26 17:45:00+00:00,612
2026-07-26 18:00:00+00:00,612
2026-07-26 18:15:00+00:00,613
2026-07-26 18:30:00+00:00,613
2026-07-26 18:45:00+00:00,614
2026-07-26 19:00:00+00:00,614
2026-07-26 19:15:00+00:00,615
2026-07-26 19:30:00+00:00,615
2026-07-26 19:45:00+00:00,616
2026-07-26 20:00:00+00:00,616
2026-07-26 20:15:00+00:00,617
2026-07-26 20:30:00+00:00,617
2026-07-26 20:45:00+00:00,617
2026-07-26 21:00:00+00:00,618
2026-07-26 21:15:00+00:00,618
2026-07-26 21:30:00+00:00,618
2026-07-26 21:45:00+00:00,618
2026-07-26 22:00:00+00:00,619
2026-07-26 22:15:00+00:00,619
2026-07-26 22:30:00+00:00,619
2026-07-26 22:45:00+00:00,619
2026-07-26 23:00:00+00:00,618
2026-07-26 23:15:00+00:00,618
2026-07-26 23:30:00+00:00,618
2026-07-26 23:45:00+00:00,618
2026-07-27 00:00:00+00:00,618
2026-07-27 00:15:00+00:00,617
2026-07-27 00:30:00+00:00,616
2026-07-27 00:45:00+00:00,616
2026-07-27 01:00:00+00:00,616
2026-07-27 01:15:00+00:00,616
2026-07-27 01:30:00+00:00,617
2026-07-27 01:45:00+00:00,617
2026-07-27 02:00:00+00:00,617
2026-07-27 02:15:00+00:00,617
2026-07-27 02:30:00+00:00,617
2026-07-27 02:45:00+00:00,617
2026-07-27 03:00:00+00:00,617
2026-07-27 03:15:00+00:00,617
2026-07-27 03:30:00+00:00,617
2026-07-27 03:45:00+00:00,616
2026-07-27 04:00:00+00:00,616
2026-07-27 04:15:00+00:00,616
2026-07-27 04:30:00+00:00,616
2026-07-27 04:45:00+00:00,616
2026-07-27 05:00:00+00:00,615
2026-07-27 05:15:00+00:00,615
2026-07-27 05:30:00+00:00,615
2026-07-27 05:45:00+00:00,615
2026-07-27 06:00:00+00:00,615
2026-07-27 06:15:00+00:00,615
2026-07-27 06:30:00+00:00,615
2026-07-27 06:45:00+00:00,615
2026-07-27 07:00:00+00:00,615
2026-07-27 07:15:00+00:00,615
2026-07-27 07:30:00+00:00,615
2026-07-27 07:45:00+00:00,615
2026-07-27 08:00:00+00:00,615
2026-07-27 08:15:00+00:00,616
2026-07-27 08:30:00+00:00,616
2026-07-27 08:45:00+00:00,616
2026-07-27 09:00:00+00:00,616
2026-07-27 09:15:00+00:00,617
2026-07-27 09:30:00+00:00,617
2026-07-27 09:45:00+00:00,617
2026-07-27 10:00:00+00:00,617
2026-07-27 10:15:00+00:00,617
2026-07-27 10:30:00+00:00,617
2026-07-27 10:45:00+00:00,617
2026-07-27 11:00:00+00:00,617
2026-07-27 11:15:00+00:00,617
2026-07-27 11:30:00+00:00,617
2026-07-27 11:45:00+00:00,617
2026-07-27 12:00:00+00:00,617
2026-07-27 12:15:00+00:00,617
2026-07-27 12:30:00+00:00,617
2026-07-27 12:45:00+00:00,617
2026-07-27 13:00:00+00:00,616
2026-07-27 13:15:00+00:00,616
2026-07-27 13:30:00+00:00,616
2026-07-27 13:45:00+00:00,616
2026-07-27 14:00:00+00:00,615
2026-07-27 14:15:00+00:00,615
2026-07-27 14:30:00+00:00,615
2026-07-27 14:45:00+00:00,615
2026-07-27 15:00:00+00:00,615
2026-07-27 15:15:00+00:00,614
2026-07-27 15:30:00+00:00,614
2026-07-27 15:45:00+00:00,614
2026-07-27 16:00:00+00:00,614
2026-07-27 16:15:00+00:00,614
2026-07-27 16:30:00+00:00,614
2026-07-27 16:45:00+00:00,614
2026-07-27 17:00:00+00:00,614
2026-07-27 17:15:00+00:00,614
2026-07-27 17:30:00+00:00,614
2026-07-27 17:45:00+00:00,614
2026-07-27 18:00:00+00:00,614
2026-07-27 18:15:00+00:00,614
2026-07-27 18:30:00+00:00,614
2026-07-27 18:45:00+00:00,614
2026-07-27 19:00:00+00:00,614
2026-07-27 19:15:00+00:00,614
2026-07-27 19:30:00+00:00,614
2026-07-27 19:45:00+00:00,615
2026-07-27 20:00:00+00:00,615
2026-07-27 20:15:00+00:00,615
2026-07-27 20:30:00+00:00,615
2026-07-27 20:45:00+00:00,616
2026-07-27 21:00:00+00:00,616
2026-07-27 21:15:00+00:00,616
2026-07-27 21:30:00+00:00,616
2026-07-27 21:45:00+00:00,616
2026-07-27 22:00:00+00:00,616
2026-07-27 22:15:00+00:00,616
2026-07-27 22:30:00+00:00,616
2026-07-27 22:45:00+00:00,616
2026-07-27 23:00:00+00:00,616
2026-07-27 23:15:00+00:00,616
2026-07-27 23:30:00+00:00,616
2026-07-27 23:45:00+00:00,616
2026-07-28 00:00:00+00:00,616
2026-07-28 00:15:00+00:00,616
2026-07-28 00:30:00+00:00,615
2026-07-28 00:45:00+00:00,615
2026-07-28 01:00:00+00:00,615
2026-07-28 01:15:00+00:00,615
2026-07-28 01:30:00+00:00,614
2026-07-28 01:45:00+00:00,614
2026-07-28 02:00:00+00:00,614
2026-07-28 02:15:00+00:00,614
2026-07-28 02:30:00+00:00,613
2026-07-28 02:45:00+00:00,613
2026-07-28 03:00:00+00:00,613
2026-07-28 03:15:00+00:00,613
2026-07-28 03:30:00+00:00,612
2026-07-28 03:45:00+00:00,612
2026-07-28 04:00:00+00:00,612
2026-07-28 04:15:00+00:00,612
2026-07-28 04:30:00+00:00,612
2026-07-28 04:45:00+00:00,612
2026-07-28 05:00:00+00:00,612
2026-07-28 05:15:00+00:00,611
2026-07-28 05:30:00+00:00,611
2026-07-28 05:45:00+00:00,612
2026-07-28 06:00:00+00:00,612
2026-07-28 06:15:00+00:00,612
2026-07-28 06:30:00+00:00,612
2026-07-28 06:45:00+00:00,613
2026-07-28 07:00:00+00:00,613
2026-07-28 07:15:00+00:00,613
2026-07-28 07:30:00+00:00,614
2026-07-28 07:45:00+00:00,614
2026-07-28 08:00:00+00:00,614
2026-07-28 08:15:00+00:00,615
2026-07-28 08:30:00+00:00,615
2026-07-28 08:45:00+00:00,615
2026-07-28 09:00:00+00:00,616
2026-07-28 09:15:00+00:00,616
2026-07-28 09:30:00+00:00,616
2026-07-28 09:45:00+00:00,616
2026-07-28 10:00:00+00:00,616
2026-07-28 10:15:00+00:00,617
2026-07-28 10:30:00+00:00,617
2026-07-28 10:45:00+00:00,617
2026-07-28 11:00:00+00:00,618
2026-07-28 11:15:00+00:00,618
2026-07-28 11:30:00+00:00,618
2026-07-28 11:45:00+00:00,618
2026-07-28 12:00:00+00:00,618
2026-07-28 12:15:00+00:00,618
2026-07-28 12:30:00+00:00,618
2026-07-28 12:45:00+00:00,618
2026-07-28 13:00:00+00:00,618
2026-07-28 13:15:00+00:00,618
2026-07-28 13:30:00+00:00,619
2026-07-28 13:45:00+00:00,619
2026-07-28 14:00:00+00:00,619
2026-07-28 14:15:00+00:00,619
2026-07-28 14:30:00+00:00,619
2026-07-28 14:45:00+00:00,619
2026-07-28 15:00:00+00:00,619
2026-07-28 15:15:00+00:00,619
2026-07-28 15:30:00+00:00,619
2026-07-28 15:45:00+00:00,619
2026-07-28 16:00:00+00:00,619
2026-07-28 16:15:00+00:00,619
2026-07-28 16:30:00+00:00,619
2026-07-28 16:45:00+00:00,619
2026-07-28 17:00:00+00:00,619
2026-07-28 17:15:00+00:00,619
2026-07-28 17:30:00+00:00,619
2026-07-28 17:45:00+00:00,619
2026-07-28 18:00:00+00:00,618
2026-07-28 18:15:00+00:00,618
2026-07-28 18:30:00+00:00,618
2026-07-28 18:45:00+00:00,618
2026-07-28 19:00:00+00:00,617
2026-07-28 19:15:00+00:00,617
2026-07-28 19:30:00+00:00,616
2026-07-28 19:45:00+00:00,616
2026-07-28 20:00:00+00:00,616
2026-07-28 20:15:00+00:00,615
2026-07-28 20:30:00+00:00,615
2026-07-28 20:45:00+00:00,615
2026-07-28 21:00:00+00:00,614
2026-07-28 21:15:00+00:00,614
2026-07-28 21:30:00+00:00,614
2026-07-28 21:45:00+00:00,613
2026-07-28 22:00:00+00:00,613
2026-07-28 22:15:00+00:00,612
2026-07-28 22:30:00+00:00,612
2026-07-28 22:45:00+00:00,612
2026-07-28 23:00:00+00:00,612
2026-07-28 23:15:00+00:00,612
2026-07-28 23:30:00+00:00,611
2026-07-28 23:45:00+00:00,611
2026-07-29 00:00:00+00:00,611
2026-07-29 00:15:00+00:00,611
2026-07-29 00:30:00+00:00,611
2026-07-29 00:45:00+00:00,611
2026-07-29 01:00:00+00:00,611
2026-07-29 01:15:00+00:00,610
2026-07-29 01:30:00+00:00,610
2026-07-29 01:45:00+00:00,610
2026-07-29 02:00:00+00:00,610
2026-07-29 02:15:00+00:00,611
2026-07-29 02:30:00+00:00,611
2026-07-29 02:45:00+00:00,611
2026-07-29 03:00:00+00:00,611
2026-07-29 03:15:00+00:00,611
2026-07-29 03:30:00+00:00,611
2026-07-29 03:45:00+00:00,611
2026-07-29 04:00:00+00:00,611
2026-07-29 04:15:00+00:00,611
2026-07-29 04:30:00+00:00,611
2026-07-29 04:45:00+00:00,611
2026-07-29 05:00:00+00:00,611
2026-07-29 05:15:00+00:00,611
2026-07-29 05:30:00+00:00,611
2026-07-29 05:45:00+00:00,612
2026-07-29 06:00:00+00:00,612
2026-07-29 06:15:00+00:00,612
2026-07-29 06:30:00+00:00,613
2026-07-29 06:45:00+00:00,613
2026-07-29 07:00:00+00:00,613
2026-07-29 07:15:00+00:00,613
2026-07-29 07:30:00+00:00,613
2026-07-29 07:45:00+00:00,613
2026-07-29 08:00:00+00:00,613
2026-07-29 08:15:00+00:00,612
2026-07-29 08:30:00+00:00,612
2026-07-29 08:45:00+00:00,612
2026-07-29 09:00:00+00:00,612
2026-07-29 09:15:00+00:00,612
2026-07-29 09:30:00+00:00,612
2026-07-29 09:45:00+00:00,612
2026-07-29 10:00:00+00:00,612
2026-07-29 10:15:00+00:00,613
2026-07-29 10:30:00+00:00,613
2026-07-29 10:45:00+00:00,614
2026-07-29 11:00:00+00:00,614
2026-07-29 11:15:00+00:00,614
2026-07-29 11:30:00+00:00,614
2026-07-29 11:45:00+00:00,614
2026-07-29 12:00:00+00:00,615
2026-07-29 12:15:00+00:00,615
2026-07-29 12:30:00+00:00,615
2026-07-29 12:45:00+00:00,615
2026-07-29 13:00:00+00:00,615
2026-07-29 13:15:00+00:00,615
2026-07-29 13:30:00+00:00,615
2026-07-29 13:45:00+00:00,615
2026-07-29 14:00:00+00:00,616
2026-07-29 14:15:00+00:00,616
2026-07-29 14:30:00+00:00,616
2026-07-29 14:45:00+00:00,616
2026-07-29 15:00:00+00:00,616
2026-07-29 15:15:00+00:00,616
2026-07-29 15:30:00+00:00,616
2026-07-29 15:45:00+00:00,616
2026-07-29 16:00:00+00:00,616
2026-07-29 16:15:00+00:00,616
2026-07-29 16:30:00+00:00,616
2026-07-29 16:45:00+00:00,616
2026-07-29 17:00:00+00:00,616
2026-07-29 17:15:00+00:00,616
2026-07-29 17:30:00+00:00,616
2026-07-29 17:45:00+00:00,617
2026-07-29 18:00:00+00:00,617
2026-07-29 18:15:00+00:00,616
2026-07-29 18:30:00+00:00,616
2026-07-29 18:45:00+00:00,615
2026-07-29 19:00:00+00:00,614
2026-07-29 19:15:00+00:00,614
2026-07-29 19:30:00+00:00,614
2026-07-29 19:45:00+00:00,614
2026-07-29 20:00:00+00:00,613
2026-07-29 20:15:00+00:00,613
2026-07-29 20:30:00+00:00,613
2026-07-29 20:45:00+00:00,613
2026-07-29 21:00:00+00:00,613
2026-07-29 21:15:00+00:00,612
2026-07-29 21:30:00+00:00,612
2026-07-29 21:45:00+00:00,612
2026-07-29 22:00:00+00:00,611
2026-07-29 22:15:00+00:00,611
2026-07-29 22:30:00+00:00,611
2026-07-29 22:45:00+00:00,611
2026-07-29 23:00:00+00:00,610
2026-07-29 23:15:00+00:00,610
2026-07-29 23:30:00+00:00,610
2026-07-29 23:45:00+00:00,610
2026-07-30 00:00:00+00:00,610
2026-07-30 00:15:00+00:00,610
2026-07-30 00:30:00+00:00,609
2026-07-30 00:45:00+00:00,609
2026-07-30 01:00:00+00:00,609
2026-07-30 01:15:00+00:00,609
2026-07-30 01:30:00+00:00,608
2026-07-30 01:45:00+00:00,608
2026-07-30 02:00:00+00:00,608
2026-07-30 02:15:00+00:00,607
2026-07-30 02:30:00+00:00,607
2026-07-30 02:45:00+00:00,607
2026-07-30 03:00:00+00:00,607
2026-07-30 03:15:00+00:00,606
2026-07-30 03:30:00+00:00,606
2026-07-30 03:45:00+00:00,605
2026-07-30 04:00:00+00:00,605
2026-07-30 04:15:00+00:00,605
2026-07-30 04:30:00+00:00,605
2026-07-30 04:45:00+00:00,605
2026-07-30 05:00:00+00:00,605
2026-07-30 05:15:00+00:00,605
2026-07-30 05:30:00+00:00,605
2026-07-30 05:45:00+00:00,604
2026-07-30 06:00:00+00:00,604
2026-07-30 06:15:00+00:00,604
2026-07-30 06:30:00+00:00,604
2026-07-30 06:45:00+00:00,603
2026-07-30 07:00:00+00:00,602
2026-07-30 07:15:00+00:00,602
2026-07-30 07:30:00+00:00,601
2026-07-30 07:45:00+00:00,601
2026-07-30 08:00:00+00:00,601
2026-07-30 08:15:00+00:00,600
2026-07-30 08:30:00+00:00,600
2026-07-30 08:45:00+00:00,600
2026-07-30 09:00:00+00:00,600
2026-07-30 09:15:00+00:00,600
2026-07-30 09:30:00+00:00,600
2026-07-30 09:45:00+00:00,600
2026-07-30 10:00:00+00:00,600
2026-07-30 10:15:00+00:00,600
2026-07-30 10:30:00+00:00,600
2026-07-30 10:45:00+00:00,600
2026-07-30 11:00:00+00:00,601
2026-07-30 11:15:00+00:00,601
2026-07-30 11:30:00+00:00,601
2026-07-30 11:45:00+00:00,601
2026-07-30 12:00:00+00:00,601
2026-07-30 12:15:00+00:00,601
2026-07-30 12:30:00+00:00,601
2026-07-30 12:45:00+00:00,601
2026-07-30 13:00:00+00:00,600
2026-07-30 13:15:00+00:00,600
2026-07-30 13:30:00+00:00,600
2026-07-30 13:45:00+00:00,600
2026-07-30 14:00:00+00:00,600
2026-07-30 14:15:00+00:00,600
2026-07-30 14:30:00+00:00,599
2026-07-30 14:45:00+00:00,599
2026-07-30 15:00:00+00:00,599
2026-07-30 15:15:00+00:00,598
2026-07-30 15:30:00+00:00,598
2026-07-30 15:45:00+00:00,598
2026-07-30 16:00:00+00:00,597
2026-07-30 16:15:00+00:00,597
2026-07-30 16:30:00+00:00,596
2026-07-30 16:45:00+00:00,596
2026-07-30 17:00:00+00:00,595
2026-07-30 17:15:00+00:00,595
2026-07-30 17:30:00+00:00,595
2026-07-30 17:45:00+00:00,594
2026-07-30 18:00:00+00:00,594
2026-07-30 18:15:00+00:00,594
2026-07-30 18:30:00+00:00,593
2026-07-30 18:45:00+00:00,593
2026-07-30 19:00:00+00:00,593
2026-07-30 19:15:00+00:00,592
2026-07-30 19:30:00+00:00,592
2026-07-30 19:45:00+00:00,591
2026-07-30 20:00:00+00:00,591
2026-07-30 20:15:00+00:00,590
2026-07-30 20:30:00+00:00,590
2026-07-30 20:45:00+00:00,589
2026-07-30 21:00:00+00:00,589
2026-07-30 21:15:00+00:00,588
2026-07-30 21:30:00+00:00,588
2026-07-30 21:45:00+00:00,588
2026-07-30 22:00:00+00:00,587
2026-07-30 22:15:00+00:00,587
2026-07-30 22:30:00+00:00,587
2026-07-30 22:45:00+00:00,587
2026-07-30 23:00:00+00:00,587
2026-07-30 23:15:00+00:00,586
2026-07-30 23:30:00+00:00,586
2026-07-30 23:45:00+00:00,586
2026-07-31 00:00:00+00:00,586
2026-07-31 00:15:00+00:00,586
2026-07-31 00:30:00+00:00,586
2026-07-31 00:45:00+00:00,586
2026-07-31 01:00:00+00:00,586
2026-07-31 01:15:00+00:00,587
2026-07-31 01:30:00+00:00,587
2026-07-31 01:45:00+00:00,587
2026-07-31 02:00:00+00:00,587
2026-07-31 02:15:00+00:00,588
2026-07-31 02:30:00+00:00,588
2026-07-31 02:45:00+00:00,588
2026-07-31 03:00:00+00:00,589
2026-07-31 03:15:00+00:00,589
2026-07-31 03:30:00+00:00,589
2026-07-31 03:45:00+00:00,589
2026-07-31 04:00:00+00:00,589
2026-07-31 04:15:00+00:00,590
2026-07-31 04:30:00+00:00,590
2026-07-31 04:45:00+00:00,590
2026-07-31 05:00:00+00:00,590
2026-07-31 05:15:00+00:00,590
2026-07-31 05:30:00+00:00,589
2026-07-31 05:45:00+00:00,589
2026-07-31 06:00:00+00:00,589
2026-07-31 06:15:00+00:00,589
2026-07-31 06:30:00+00:00,589
2026-07-31 06:45:00+00:00,589
2026-07-31 07:00:00+00:00,589
2026-07-31 07:15:00+00:00,589
2026-07-31 07:30:00+00:00,589
2026-07-31 07:45:00+00:00,589
2026-07-31 08:00:00+00:00,589
2026-07-31 08:15:00+00:00,589
2026-07-31 08:30:00+00:00,589
2026-07-31 08:45:00+00:00,588
2026-07-31 09:00:00+00:00,588
2026-07-31 09:15:00+00:00,588
2026-07-31 09:30:00+00:00,587
2026-07-31 09:45:00+00:00,587
2026-07-31 10:00:00+00:00,587
2026-07-31 10:15:00+00:00,587
2026-07-31 10:30:00+00:00,587
2026-07-31 10:45:00+00:00,587
2026-07-31 11:00:00+00:00,588
2026-07-31 11:15:00+00:00,588
2026-07-31 11:30:00+00:00,588
2026-07-31 11:45:00+00:00,589
2026-07-31 12:00:00+00:00,589
2026-07-31 12:15:00+00:00,589
2026-07-31 12:30:00+00:00,589
2026-07-31 12:45:00+00:00,589
2026-07-31 13:00:00+00:00,590
2026-07-31 13:15:00+00:00,590
2026-07-31 13:30:00+00:00,590
2026-07-31 13:45:00+00:00,590
2026-07-31 14:00:00+00:00,590
2026-07-31 14:15:00+00:00,590
2026-07-31 14:30:00+00:00,590
2026-07-31 14:45:00+00:00,590
2026-07-31 15:00:00+00:00,590
2026-07-31 15:15:00+00:00,590
2026-07-31 15:30:00+00:00,590
2026-07-31 15:45:00+00:00,590
2026-07-31 16:00:00+00:00,590
2026-07-31 16:15:00+00:00,591
2026-07-31 16:30:00+00:00,591
2026-07-31 16:45:00+00:00,591
2026-07-31 17:00:00+00:00,592
2026-07-31 17:15:00+00:00,592
2026-07-31 17:30:00+00:00,592
2026-07-31 17:45:00+00:00,593
2026-07-31 18:00:00+00:00,593
2026-07-31 18:15:00+00:00,593
2026-07-31 18:30:00+00:00,593
2026-07-31 18:45:00+00:00,594
2026-07-31 19:00:00+00:00,594
2026-07-31 19:15:00+00:00,594
2026-07-31 19:30:00+00:00,595
2026-07-31 19:45:00+00:00,596
2026-07-31 20:00:00+00:00,598
2026-07-31 20:15:00+00:00,599
2026-07-31 20:30:00+00:00,599
2026-07-31 20:45:00+00:00,599
2026-07-31 21:00:00+00:00,599
2026-07-31 21:15:00+00:00,599
2026-07-31 21:30:00+00:00,599
2026-07-31 21:45:00+00:00,599
2026-07-31 22:00:00+00:00,600
2026-07-31 22:15:00+00:00,600
2026-07-31 22:30:00+00:00,600
2026-07-31 22:45:00+00:00,600
2026-07-31 23:00:00+00:00,600
2026-07-31 23:15:00+00:00,600
2026-07-31 23:30:00+00:00,600
2026-07-31 23:45:00+00:00,600
2026-08-01 00:00:00+00:00,600
2026-08-01 00:15:00+00:00,599
2026-08-01 00:30:00+00:00,599
2026-08-01 00:45:00+00:00,599
2026-08-01 01:00:00+00:00,598
2026-08-01 01:15:00+00:00,598
2026-08-01 01:30:00+00:00,598
2026-08-01 01:45:00+00:00,597
2026-08-01 02:00:00+00:00,597
2026-08-01 02:15:00+00:00,596
2026-08-01 02:30:00+00:00,596
2026-08-01 02:45:00+00:00,595
2026-08-01 03:00:00+00:00,595
2026-08-01 03:15:00+00:00,595
2026-08-01 03:30:00+00:00,595
2026-08-01 03:45:00+00:00,595
2026-08-01 04:00:00+00:00,594
2026-08-01 04:15:00+00:00,594
2026-08-01 04:30:00+00:00,593
2026-08-01 04:45:00+00:00,593
2026-08-01 05:00:00+00:00,593
2026-08-01 05:15:00+00:00,592
2026-08-01 05:30:00+00:00,592
2026-08-01 05:45:00+00:00,592
2026-08-01 06:00:00+00:00,592
2026-08-01 06:15:00+00:00,592
2026-08-01 06:30:00+00:00,592
2026-08-01 06:45:00+00:00,592
2026-08-01 07:00:00+00:00,591
2026-08-01 07:15:00+00:00,591
2026-08-01 07:30:00+00:00,591
2026-08-01 07:45:00+00:00,591
2026-08-01 08:00:00+00:00,590
2026-08-01 08:15:00+00:00,590
2026-08-01 08:30:00+00:00,590
2026-08-01 08:45:00+00:00,590
2026-08-01 09:00:00+00:00,590
2026-08-01 09:15:00+00:00,589
2026-08-01 09:30:00+00:00,589
2026-08-01 09:45:00+00:00,589
2026-08-01 10:00:00+00:00,590
2026-08-01 10:15:00+00:00,590
2026-08-01 10:30:00+00:00,590
2026-08-01 10:45:00+00:00,591
2026-08-01 11:00:00+00:00,591
2026-08-01 11:15:00+00:00,591
2026-08-01 11:30:00+00:00,592
2026-08-01 11:45:00+00:00,592
2026-08-01 12:00:00+00:00,593
2026-08-01 12:15:00+00:00,593
2026-08-01 12:30:00+00:00,594
2026-08-01 12:45:00+00:00,594
2026-08-01 13:00:00+00:00,595
2026-08-01 13:15:00+00:00,596
2026-08-01 13:30:00+00:00,597
2026-08-01 13:45:00+00:00,597
2026-08-01 14:00:00+00:00,599
2026-08-01 14:15:00+00:00,599
2026-08-01 14:30:00+00:00,600
2026-08-01 14:45:00+00:00,601
2026-08-01 15:00:00+00:00,602
2026-08-01 15:15:00+00:00,603
2026-08-01 15:30:00+00:00,604
2026-08-01 15:45:00+00:00,605
2026-08-01 16:00:00+00:00,606
2026-08-01 16:15:00+00:00,607
2026-08-01 16:30:00+00:00,608
2026-08-01 16:45:00+00:00,609
2026-08-01 17:00:00+00:00,611
2026-08-01 17:15:00+00:00,612
2026-08-01 17:30:00+00:00,613
2026-08-01 17:45:00+00:00,614
2026-08-01 18:00:00+00:00,614
2026-08-01 18:15:00+00:00,615
2026-08-01 18:30:00+00:00,616
2026-08-01 18:45:00+00:00,617
2026-08-01 19:00:00+00:00,618
2026-08-01 19:15:00+00:00,619
2026-08-01 19:30:00+00:00,620
2026-08-01 19:45:00+00:00,621
2026-08-01 20:00:00+00:00,622
2026-08-01 20:15:00+00:00,622
2026-08-01 20:30:00+00:00,623
2026-08-01 20:45:00+00:00,624
2026-08-01 21:00:00+00:00,625
2026-08-01 21:15:00+00:00,626
2026-08-01 21:30:00+00:00,627
2026-08-01 21:45:00+00:00,628
2026-08-01 22:00:00+00:00,629
2026-08-01 22:15:00+00:00,629
2026-08-01 22:30:00+00:00,630
2026-08-01 22:45:00+00:00,630
2026-08-01 23:00:00+00:00,631
2026-08-01 23:15:00+00:00,631
2026-08-01 23:30:00+00:00,631
2026-08-01 23:45:00+00:00,631
2026-08-02 00:00:00+00:00,631
2026-08-02 00:15:00+00:00,631
2026-08-02 00:30:00+00:00,632
2026-08-02 00:45:00+00:00,632
2026-08-02 01:00:00+00:00,632
2026-08-02 01:15:00+00:00,632
2026-08-02 01:30:00+00:00,632
2026-08-02 01:45:00+00:00,632
2026-08-02 02:00:00+00:00,632
2026-08-02 02:15:00+00:00,632
2026-08-02 02:30:00+00:00,632
2026-08-02 02:45:00+00:00,632
2026-08-02 03:00:00+00:00,631
2026-08-02 03:15:00+00:00,631
2026-08-02 03:30:00+00:00,631
2026-08-02 03:45:00+00:00,631
2026-08-02 04:00:00+00:00,631
2026-08-02 04:15:00+00:00,631
2026-08-02 04:30:00+00:00,632
2026-08-02 04:45:00+00:00,632
2026-08-02 05:00:00+00:00,632
2026-08-02 05:15:00+00:00,632
2026-08-02 05:30:00+00:00,632
2026-08-02 05:45:00+00:00,632
2026-08-02 06:00:00+00:00,632
2026-08-02 06:15:00+00:00,632
2026-08-02 06:30:00+00:00,632
2026-08-02 06:45:00+00:00,632
2026-08-02 07:00:00+00:00,632
2026-08-02 07:15:00+00:00,633
2026-08-02 07:30:00+00:00,633
2026-08-02 07:45:00+00:00,633
2026-08-02 08:00:00+00:00,634
2026-08-02 08:15:00+00:00,634
2026-08-02 08:30:00+00:00,634
2026-08-02 08:45:00+00:00,634
2026-08-02 09:00:00+00:00,634
2026-08-02 09:15:00+00:00,635
2026-08-02 09:30:00+00:00,635
2026-08-02 09:45:00+00:00,635
2026-08-02 10:00:00+00:00,635
2026-08-02 10:15:00+00:00,635
2026-08-02 10:30:00+00:00,635
2026-08-02 10:45:00+00:00,635
2026-08-02 11:00:00+00:00,636
2026-08-02 11:15:00+00:00,636
2026-08-02 11:30:00+00:00,636
2026-08-02 11:45:00+00:00,636
2026-08-02 12:00:00+00:00,636
2026-08-02 12:15:00+00:00,636
2026-08-02 12:30:00+00:00,635
2026-08-02 12:45:00+00:00,635
2026-08-02 13:00:00+00:00,635
2026-08-02 13:15:00+00:00,635
2026-08-02 13:30:00+00:00,635
2026-08-02 13:45:00+00:00,635
2026-08-02 14:00:00+00:00,635
2026-08-02 14:15:00+00:00,635
2026-08-02 14:30:00+00:00,635
2026-08-02 14:45:00+00:00,635
2026-08-02 15:00:00+00:00,636
2026-08-02 15:15:00+00:00,636
2026-08-02 15:30:00+00:00,636
2026-08-02 15:45:00+00:00,636
2026-08-02 16:00:00+00:00,636
2026-08-02 16:15:00+00:00,636
2026-08-02 16:30:00+00:00,636
2026-08-02 16:45:00+00:00,635
2026-08-02 17:00:00+00:00,635
2026-08-02 17:15:00+00:00,635
2026-08-02 17:30:00+00:00,635
2026-08-02 17:45:00+00:00,635
2026-08-02 18:00:00+00:00,634
2026-08-02 18:15:00+00:00,634
2026-08-02 18:30:00+00:00,634
2026-08-02 18:45:00+00:00,634
2026-08-02 19:00:00+00:00,633
2026-08-02 19:15:00+00:00,633
2026-08-02 19:30:00+00:00,633
2026-08-02 19:45:00+00:00,632
2026-08-02 20:00:00+00:00,631
2026-08-02 20:15:00+00:00,631
2026-08-02 20:30:00+00:00,630
2026-08-02 20:45:00+00:00,629
2026-08-02 21:00:00+00:00,629
2026-08-02 21:15:00+00:00,628
2026-08-02 21:30:00+00:00,628
2026-08-02 21:45:00+00:00,627
2026-08-02 22:00:00+00:00,626
2026-08-02 22:15:00+00:00,626
2026-08-02 22:30:00+00:00,625
2026-08-02 22:45:00+00:00,624
2026-08-02 23:00:00+00:00,624
2026-08-02 23:15:00+00:00,623
2026-08-02 23:30:00+00:00,622
2026-08-02 23:45:00+00:00,621
2026-08-03 00:00:00+00:00,620
2026-08-03 00:15:00+00:00,619
2026-08-03 00:30:00+00:00,619
2026-08-03 00:45:00+00:00,618
2026-08-03 01:00:00+00:00,617
2026-08-03 01:15:00+00:00,616
2026-08-03 01:30:00+00:00,616
2026-08-03 01:45:00+00:00,615
2026-08-03 02:00:00+00:00,614
2026-08-03 02:15:00+00:00,614
2026-08-03 02:30:00+00:00,613
2026-08-03 02:45:00+00:00,612
2026-08-03 03:00:00+00:00,612
2026-08-03 03:15:00+00:00,612
2026-08-03 03:30:00+00:00,612
2026-08-03 03:45:00+00:00,612
2026-08-03 04:00:00+00:00,612
2026-08-03 04:15:00+00:00,612
2026-08-03 04:30:00+00:00,611
2026-08-03 04:45:00+00:00,611
2026-08-03 05:00:00+00:00,611
2026-08-03 05:15:00+00:00,610
2026-08-03 05:30:00+00:00,609
2026-08-03 05:45:00+00:00,609
2026-08-03 06:00:00+00:00,608
2026-08-03 06:15:00+00:00,607
2026-08-03 06:30:00+00:00,607
2026-08-03 06:45:00+00:00,607
2026-08-03 07:00:00+00:00,607
2026-08-03 07:15:00+00:00,607
2026-08-03 07:30:00+00:00,607
2026-08-03 07:45:00+00:00,607
2026-08-03 08:00:00+00:00,607
2026-08-03 08:15:00+00:00,608
2026-08-03 08:30:00+00:00,608
2026-08-03 08:45:00+00:00,608
2026-08-03 09:00:00+00:00,609
2026-08-03 09:15:00+00:00,609
2026-08-03 09:30:00+00:00,610
2026-08-03 09:45:00+00:00,610
2026-08-03 10:00:00+00:00,611
2026-08-03 10:15:00+00:00,611
2026-08-03 10:30:00+00:00,612
2026-08-03 10:45:00+00:00,612
2026-08-03 11:00:00+00:00,613
2026-08-03 11:15:00+00:00,613
2026-08-03 11:30:00+00:00,614
2026-08-03 11:45:00+00:00,614
2026-08-03 12:00:00+00:00,614
2026-08-03 12:15:00+00:00,615
2026-08-03 12:30:00+00:00,615
2026-08-03 12:45:00+00:00,615
2026-08-03 13:00:00+00:00,616
2026-08-03 13:15:00+00:00,616
2026-08-03 13:30:00+00:00,616
2026-08-03 13:45:00+00:00,617
2026-08-03 14:00:00+00:00,617
2026-08-03 14:15:00+00:00,617
2026-08-03 14:30:00+00:00,618
2026-08-03 14:45:00+00:00,618
2026-08-03 15:00:00+00:00,619
2026-08-03 15:15:00+00:00,619
2026-08-03 15:30:00+00:00,620
2026-08-03 15:45:00+00:00,621
2026-08-03 16:00:00+00:00,621
2026-08-03 16:15:00+00:00,621
2026-08-03 16:30:00+00:00,622
2026-08-03 16:45:00+00:00,622
2026-08-03 17:00:00+00:00,622
2026-08-03 17:15:00+00:00,622
2026-08-03 17:30:00+00:00,623
2026-08-03 17:45:00+00:00,623
2026-08-03 18:00:00+00:00,623
2026-08-03 18:15:00+00:00,623
2026-08-03 18:30:00+00:00,623
2026-08-03 18:45:00+00:00,623
2026-08-03 19:00:00+00:00,624
2026-08-03 19:15:00+00:00,624
2026-08-03 19:30:00+00:00,623
2026-08-03 19:45:00+00:00,623
2026-08-03 20:00:00+00:00,623
2026-08-03 20:15:00+00:00,623
2026-08-03 20:30:00+00:00,623
2026-08-03 20:45:00+00:00,623
2026-08-03 21:00:00+00:00,623
2026-08-03 21:15:00+00:00,623
2026-08-03 21:30:00+00:00,623
2026-08-03 21:45:00+00:00,623
2026-08-03 22:00:00+00:00,623
2026-08-03 22:15:00+00:00,622
2026-08-03 22:30:00+00:00,622
2026-08-03 22:45:00+00:00,622
2026-08-03 23:00:00+00:00,621
2026-08-03 23:15:00+00:00,621
2026-08-03 23:30:00+00:00,621
2026-08-03 23:45:00+00:00,620
2026-08-04 00:00:00+00:00,620
2026-08-04 00:15:00+00:00,619
2026-08-04 00:30:00+00:00,619
2026-08-04 00:45:00+00:00,618
2026-08-04 01:00:00+00:00,618
2026-08-04 01:15:00+00:00,617
2026-08-04 01:30:00+00:00,617
2026-08-04 01:45:00+00:00,616
2026-08-04 02:00:00+00:00,616
2026-08-04 02:15:00+00:00,615
2026-08-04 02:30:00+00:00,615
2026-08-04 02:45:00+00:00,615
2026-08-04 03:00:00+00:00,614
2026-08-04 03:15:00+00:00,614
2026-08-04 03:30:00+00:00,615
2026-08-04 03:45:00+00:00,615
2026-08-04 04:00:00+00:00,615
2026-08-04 04:15:00+00:00,615
2026-08-04 04:30:00+00:00,615
2026-08-04 04:45:00+00:00,615
2026-08-04 05:00:00+00:00,615
2026-08-04 05:15:00+00:00,615
2026-08-04 05:30:00+00:00,615
2026-08-04 05:45:00+00:00,615
2026-08-04 06:00:00+00:00,615
2026-08-04 06:15:00+00:00,615
2026-08-04 06:30:00+00:00,615
2026-08-04 06:45:00+00:00,615
2026-08-04 07:00:00+00:00,614
2026-08-04 07:15:00+00:00,615
2026-08-04 07:30:00+00:00,615
2026-08-04 07:45:00+00:00,615
2026-08-04 08:00:00+00:00,615
2026-08-04 08:15:00+00:00,616
2026-08-04 08:30:00+00:00,616
2026-08-04 08:45:00+00:00,617
2026-08-04 09:00:00+00:00,617
2026-08-04 09:15:00+00:00,617
2026-08-04 09:30:00+00:00,617
2026-08-04 09:45:00+00:00,618
2026-08-04 10:00:00+00:00,618
2026-08-04 10:15:00+00:00,618
2026-08-04 10:30:00+00:00,619
2026-08-04 10:45:00+00:00,619
2026-08-04 11:00:00+00:00,619
2026-08-04 11:15:00+00:00,619
2026-08-04 11:30:00+00:00,619
2026-08-04 11:45:00+00:00,618
2026-08-04 12:00:00+00:00,618
2026-08-04 12:15:00+00:00,618
2026-08-04 12:30:00+00:00,617
2026-08-04 12:45:00+00:00,617
2026-08-04 13:00:00+00:00,617
2026-08-04 13:15:00+00:00,616
2026-08-04 13:30:00+00:00,616
2026-08-04 13:45:00+00:00,615
2026-08-04 14:00:00+00:00,615
2026-08-04 14:15:00+00:00,614
2026-08-04 14:30:00+00:00,614
2026-08-04 14:45:00+00:00,614
2026-08-04 15:00:00+00:00,613
2026-08-04 15:15:00+00:00,612
2026-08-04 15:30:00+00:00,612
2026-08-04 15:45:00+00:00,611
2026-08-04 16:00:00+00:00,610
2026-08-04 16:15:00+00:00,609
2026-08-04 16:30:00+00:00,609
2026-08-04 16:45:00+00:00,608
2026-08-04 17:00:00+00:00,608
2026-08-04 17:15:00+00:00,607
2026-08-04 17:30:00+00:00,606
2026-08-04 17:45:00+00:00,606
2026-08-04 18:00:00+00:00,605
2026-08-04 18:15:00+00:00,605
2026-08-04 18:30:00+00:00,604
2026-08-04 18:45:00+00:00,604
2026-08-04 19:00:00+00:00,603
2026-08-04 19:15:00+00:00,603
2026-08-04 19:30:00+00:00,603
2026-08-04 19:45:00+00:00,602
2026-08-04 20:00:00+00:00,602
2026-08-04 20:15:00+00:00,602
2026-08-04 20:30:00+00:00,601
2026-08-04 20:45:00+00:00,601
2026-08-04 21:00:00+00:00,600
2026-08-04 21:15:00+00:00,600
2026-08-04 21:30:00+00:00,600
2026-08-04 21:45:00+00:00,599
2026-08-04 22:00:00+00:00,599
2026-08-04 22:15:00+00:00,599
2026-08-04 22:30:00+00:00,598
2026-08-04 22:45:00+00:00,598
2026-08-04 23:00:00+00:00,597
2026-08-04 23:15:00+00:00,597
2026-08-04 23:30:00+00:00,596
2026-08-04 23:45:00+00:00,596
2026-08-05 00:00:00+00:00,595
2026-08-05 00:15:00+00:00,595
2026-08-05 00:30:00+00:00,595
2026-08-05 00:45:00+00:00,594
2026-08-05 01:00:00+00:00,594
2026-08-05 01:15:00+00:00,594
2026-08-05 01:30:00+00:00,593
2026-08-05 01:45:00+00:00,593
2026-08-05 02:00:00+00:00,593
2026-08-05 02:15:00+00:00,592
2026-08-05 02:30:00+00:00,592
2026-08-05 02:45:00+00:00,591
2026-08-05 03:00:00+00:00,591
2026-08-05 03:15:00+00:00,591
2026-08-05 03:30:00+00:00,591
2026-08-05 03:45:00+00:00,591
2026-08-05 04:00:00+00:00,592
2026-08-05 04:15:00+00:00,592
2026-08-05 04:30:00+00:00,592
2026-08-05 04:45:00+00:00,591
2026-08-05 05:00:00+00:00,591
2026-08-05 05:15:00+00:00,591
2026-08-05 05:30:00+00:00,591
2026-08-05 05:45:00+00:00,591
2026-08-05 06:00:00+00:00,591
2026-08-05 06:15:00+00:00,591
2026-08-05 06:30:00+00:00,591
2026-08-05 06:45:00+00:00,591
2026-08-05 07:00:00+00:00,591
2026-08-05 07:15:00+00:00,590
2026-08-05 07:30:00+00:00,590
2026-08-05 07:45:00+00:00,590
2026-08-05 08:00:00+00:00,589
2026-08-05 08:15:00+00:00,589
2026-08-05 08:30:00+00:00,590
2026-08-05 08:45:00+00:00,590
2026-08-05 09:00:00+00:00,590
2026-08-05 09:15:00+00:00,591
2026-08-05 09:30:00+00:00,591
2026-08-05 09:45:00+00:00,591
2026-08-05 10:00:00+00:00,592
2026-08-05 10:15:00+00:00,592
2026-08-05 10:30:00+00:00,592
2026-08-05 10:45:00+00:00,592
2026-08-05 11:00:00+00:00,592
2026-08-05 11:15:00+00:00,592
2026-08-05 11:30:00+00:00,592
2026-08-05 11:45:00+00:00,592
2026-08-05 12:00:00+00:00,592
2026-08-05 12:15:00+00:00,592
2026-08-05 12:30:00+00:00,591
2026-08-05 12:45:00+00:00,591
2026-08-05 13:00:00+00:00,591
2026-08-05 13:15:00+00:00,591
2026-08-05 13:30:00+00:00,591
